sample	coverage_primary
AV243_2	8
AV243_2	6
AV243_2	6
AV243_2	41
AV243_2	3
AV243_2	26
AV243_2	41
AV243_2	18
AV243_2	6
AV243_2	12
AV243_2	5
AV243_2	3
AV243_2	25
AV243_2	5
AV243_2	35
AV243_2	10
AV243_2	14
AV243_2	12
AV243_2	14
AV243_2	10
AV243_2	3
AV243_2	14
AV243_2	27
AV243_2	4
AV243_2	17
AV243_2	16
AV243_2	390
AV243_2	515
AV243_2	5
AV243_2	13
AV243_2	4
AV243_2	4
AV243_2	3
AV243_2	7
AV243_2	13
AV243_2	5
AV243_2	31
AV243_2	6
AV243_2	6
AV243_2	5
AV243_2	9
AV243_2	10
AV243_2	3
AV243_2	27
AV243_2	11
AV243_2	13
AV243_2	7
AV243_2	3
AV243_2	36
AV243_2	12
AV243_2	15
AV243_2	26
AV243_2	3
AV243_2	5
AV243_2	56
AV243_2	25
AV243_2	10
AV243_2	14
AV243_2	12
AV243_2	13
AV243_2	16
AV243_2	42
AV243_2	7
AV243_2	11
AV243_2	3
AV243_2	16
AV243_2	3
AV243_2	3
AV243_2	11
AV243_2	8
AV243_2	10
AV243_2	15
AV243_2	19
AV243_2	3
AV243_2	3
AV243_2	7
AV243_2	13
AV243_2	22
AV243_2	57
AV243_2	7
AV243_2	26
AV243_2	11
AV243_2	24
AV243_2	5
AV243_2	23
AV243_2	5
AV243_2	4
AV243_2	23
AV243_2	7
AV243_2	25
AV243_2	16
AV243_2	26
AV243_2	13
AV243_2	33
AV243_2	29
AV243_2	22
AV243_2	3
AV243_2	3
AV243_2	11
AV243_2	14
AV243_2	23
AV243_2	30
AV243_2	90
AV243_2	3
AV243_2	16
AV243_2	41
AV243_2	4
AV243_2	12
AV243_2	27
AV243_2	8
AV243_2	41
AV243_2	12
AV243_2	3
AV243_2	5
AV243_2	25
AV243_2	33
AV243_2	35
AV243_2	11
AV243_2	29
AV243_2	15
AV243_2	5
AV243_2	12
AV243_2	7
AV243_2	6
AV243_2	15
AV243_2	30
AV243_2	9
AV243_2	16
AV243_2	14
AV243_2	3
AV243_2	13
AV243_2	27
AV243_2	5
AV243_2	30
AV243_2	11
AV243_2	6
AV243_2	24
AV243_2	11
AV243_2	7
AV243_2	22
AV243_2	21
AV243_2	12
AV243_2	24
AV243_2	3
AV243_2	7
AV243_2	4
AV243_2	10
AV243_2	175
AV243_2	4
AV243_2	5
AV243_2	15
AV243_2	10
AV243_2	8
AV243_2	27
AV243_2	259
AV243_2	20
AV243_2	9
AV243_2	32
AV243_2	8
AV243_2	10
AV243_2	14
AV243_2	13
AV243_2	4
AV243_2	10
AV243_2	16
AV243_2	10
AV243_2	4
AV243_2	4
AV243_2	12
AV243_2	12
AV243_2	17
AV243_2	4
AV243_2	47
AV243_2	12
AV243_2	4
AV243_2	4
AV243_2	26
AV243_2	43
AV243_2	9
AV243_2	9
AV243_2	5
AV243_2	18
AV243_2	27
AV243_2	9
AV243_2	31
AV243_2	3
AV243_2	16
AV243_2	34
AV243_2	19
AV243_2	34
AV243_2	6
AV243_2	5
AV243_2	38
AV243_2	18
AV243_2	10
AV243_2	19
AV243_2	7
AV243_2	3
AV243_2	25
AV243_2	15
AV243_2	28
AV243_2	9
AV243_2	11
AV243_2	17
AV243_2	32
AV243_2	5
AV243_2	19
AV243_2	25
AV243_2	15
AV243_2	7
AV243_2	12
AV243_2	19
AV243_2	9
AV243_2	21
AV243_2	17
AV243_2	3
AV243_2	6
AV243_2	7
AV243_2	19
AV243_2	17
AV243_2	10
AV243_2	11
AV243_2	6
AV243_2	7
AV243_2	4
AV243_2	6
AV243_2	17
AV243_2	42
AV243_2	14
AV243_2	17
AV243_2	5
AV243_2	10
AV243_2	11
AV243_2	100
AV243_2	7
AV243_2	3
AV243_2	10
AV243_2	10
AV243_2	4
AV243_2	8
AV243_2	16
AV243_2	12
AV243_2	8
AV243_2	23
AV243_2	33
AV243_2	6
AV243_2	6
AV243_2	14
AV243_2	392
AV243_2	442
AV243_2	13
AV243_2	9
AV243_2	8
AV243_2	24
AV243_2	23
AV243_2	21
AV243_2	26
AV243_2	15
AV243_2	3
AV243_2	4
AV243_2	31
AV243_2	25
AV243_2	4
AV243_2	28
AV243_2	24
AV243_2	19
AV243_2	22
AV243_2	6
AV243_2	4
AV243_2	32
AV243_2	20
AV243_2	17
AV243_2	24
AV243_2	3
AV243_2	6
AV243_2	15
AV243_2	36
AV243_2	5
AV243_2	35
AV243_2	31
AV243_2	12
AV243_2	3
AV243_2	11
AV243_2	7
AV243_2	18
AV243_2	6
AV243_2	35
AV243_2	20
AV243_2	37
AV243_2	5
AV243_2	29
AV243_2	11
AV243_2	3
AV243_2	7
AV243_2	9
AV243_2	32
AV243_2	14
AV243_2	16
AV243_2	9
AV243_2	3
AV243_2	42
AV243_2	52
AV243_2	14
AV243_2	26
AV243_2	34
AV243_2	3
AV243_2	17
AV243_2	19
AV243_2	15
AV243_2	21
AV243_2	10
AV243_2	9
AV243_2	51
AV243_2	4
AV243_2	6
AV243_2	4
AV243_2	22
AV243_2	32
AV243_2	22
AV243_2	9
AV243_2	16
AV243_2	19
AV243_2	10
AV243_2	5
AV243_2	17
AV243_2	310
AV243_2	13
AV243_2	6
AV243_2	19
AV243_2	14
AV243_2	5
AV243_2	12
AV243_2	4
AV243_2	19
AV243_2	4
AV243_2	35
AV243_2	10
AV243_2	4
AV243_2	11
AV243_2	15
AV243_2	9
AV243_2	34
AV243_2	3
AV243_2	30
AV243_2	4
AV243_2	18
AV243_2	10
AV243_2	25
AV243_2	14
AV243_2	3
AV243_2	31
AV243_2	4
AV243_2	5
AV243_2	5
AV243_2	28
AV243_2	59
AV243_2	5
AV243_2	36
AV243_2	51
AV243_2	9
AV243_2	26
AV243_2	17
AV243_2	7
AV243_2	32
AV243_2	11
AV243_2	29
AV243_2	11
AV243_2	32
AV243_2	5
AV243_2	4
AV243_2	13
AV243_2	45
AV243_2	6
AV243_2	14
AV243_2	14
AV243_2	23
AV243_2	3
AV243_2	31
AV243_2	19
AV243_2	10
AV243_2	25
AV243_2	6
AV243_2	68
AV243_2	26
AV243_2	4
AV243_2	18
AV243_2	8
AV243_2	24
AV243_2	11
AV243_2	20
AV243_2	5
AV243_2	15
AV243_2	21
AV243_2	6
AV243_2	7
AV243_2	12
AV243_2	9
AV243_2	11
AV243_2	16
AV243_2	11
AV243_2	8
AV243_2	11
AV243_2	36
AV243_2	5
AV243_2	49
AV243_2	16
AV243_2	10
AV243_2	3
AV243_2	15
AV243_2	12
AV243_2	16
AV243_2	16
AV243_2	19
AV243_2	28
AV243_2	11
AV243_2	6
AV243_2	8
AV243_2	3
AV243_2	6
AV243_2	47
AV243_2	21
AV243_2	11
AV243_2	7
AV243_2	13
AV243_2	26
AV243_2	7
AV243_2	14
AV243_2	63
AV243_2	5
AV243_2	6
AV243_2	7
AV243_2	13
AV243_2	3
AV243_2	9
AV243_2	8
AV243_2	16
AV243_2	4
AV243_2	49
AV243_2	8
AV243_2	26
AV243_2	3
AV243_2	6
AV243_2	3
AV243_2	6
AV243_2	3
AV243_2	10
AV243_2	6
AV243_2	7
AV243_2	25
AV243_2	10
AV243_2	80
AV243_2	10
AV243_2	18
AV243_2	20
AV243_2	5
AV243_2	34
AV243_2	9
AV243_2	9
AV243_2	17
AV243_2	25
AV243_2	28
AV243_2	6
AV243_2	1405
AV243_2	16
AV243_2	11
AV243_2	6
AV243_2	10
AV243_2	3
AV243_2	12
AV243_2	15
AV243_2	8
AV243_2	35
AV243_2	40
AV243_2	15
AV243_2	22
AV243_2	11
AV243_2	24
AV243_2	21
AV243_2	40
AV243_2	35
AV243_2	16
AV243_2	9
AV243_2	19
AV243_2	5
AV243_2	19
AV243_2	21
AV243_2	3
AV243_2	7
AV243_2	4
AV243_2	21
AV243_2	3
AV243_2	7
AV243_2	58
AV243_2	14
AV243_2	17
AV243_2	41
AV243_2	5
AV243_2	56
AV243_2	13
AV243_2	94
AV243_2	10
AV243_2	6
AV243_2	4
AV243_2	20
AV243_2	26
AV243_2	27
AV243_2	21
AV243_2	8
AV243_2	10
AV243_2	36
AV243_2	11
AV243_2	15
AV243_2	9
AV243_2	3
AV243_2	10
AV243_2	8
AV243_2	30
AV243_2	4
AV243_2	19
AV243_2	5
AV243_2	9
AV243_2	16
AV243_2	14
AV243_2	5
AV243_2	7
AV243_2	3
AV243_2	29
AV243_2	29
AV243_2	11
AV243_2	15
AV243_2	3
AV243_2	7
AV243_2	58
AV243_2	5
AV243_2	45
AV243_2	31
AV243_2	48
AV243_2	10
AV243_2	3
AV243_2	20
AV243_2	25
AV243_2	7
AV243_2	15
AV243_2	10
AV243_2	9
AV243_2	21
AV243_2	24
AV243_2	12
AV243_2	14
AV243_2	4
AV243_2	3
AV243_2	12
AV243_2	3
AV243_2	9
AV243_2	15
AV243_2	29
AV243_2	50
AV243_2	20
AV243_2	4
AV243_2	12
AV243_2	3
AV243_2	3
AV243_2	15
AV243_2	21
AV243_2	7
AV243_2	15
AV243_2	19
AV243_2	14
AV243_2	47
AV243_2	3
AV243_2	9
AV243_2	14
AV243_2	8
AV243_2	16
AV243_2	33
AV243_2	4
AV243_2	38
AV243_2	8
AV243_2	7
AV243_2	30
AV243_2	17
AV243_2	6
AV243_2	15
AV243_2	16
AV243_2	3
AV243_2	21
AV243_2	14
AV243_2	8
AV243_2	3
AV243_2	24
AV243_2	14
AV243_2	10
AV243_2	22
AV243_2	15
AV243_2	20
AV243_2	18
AV243_2	9
AV243_2	20
AV243_2	13
AV243_2	10
AV243_2	28
AV243_2	21
AV243_2	4
AV243_2	27
AV243_2	13
AV243_2	6
AV243_2	12
AV243_2	38
AV243_2	3
AV243_2	3
AV243_2	5
AV243_2	12
AV243_2	3
AV243_2	9
AV243_2	29
AV243_2	26
AV243_2	15
AV243_2	16
AV243_2	3
AV243_2	25
AV243_2	3
AV243_2	17
AV243_2	14
AV243_2	8
AV243_2	27
AV243_2	29
AV243_2	20
AV243_2	3
AV243_2	3
AV243_2	14
AV243_2	13
AV243_2	4
AV243_2	17
AV243_2	27
AV243_2	42
AV243_2	6
AV243_2	4
AV243_2	27
AV243_2	23
AV243_2	31
AV243_2	31
AV243_2	26
AV243_2	37
AV243_2	4
AV243_2	16
AV243_2	20
AV243_2	10
AV243_2	23
AV243_2	5
AV243_2	3
AV243_2	6
AV243_2	70
AV243_2	4
AV243_2	19
AV243_2	11
AV243_2	22
AV243_2	10
AV243_2	19
AV243_2	4
AV243_2	22
AV243_2	8
AV243_2	17
AV243_2	14
AV243_2	4
AV243_2	12
AV243_2	22
AV243_2	10
AV243_2	12
AV243_2	6
AV243_2	13
AV243_2	124
AV243_2	23
AV243_2	571
AV243_2	23
AV243_2	15
AV243_2	4
AV243_2	8
AV243_2	16
AV243_2	6
AV243_2	47
AV243_2	29
AV243_2	3
AV243_2	4
AV243_2	3
AV243_2	13
AV243_2	8
AV243_2	5
AV243_2	21
AV243_2	14
AV243_2	4
AV243_2	15
AV243_2	29
AV243_2	34
AV243_2	25
AV243_2	30
AV243_2	3
AV243_2	15
AV243_2	27
AV243_2	15
AV243_2	5
AV243_2	9
AV243_2	13
AV243_2	48
AV243_2	6
AV243_2	6
AV243_2	21
AV243_2	8
AV243_2	14
AV243_2	38
AV243_2	37
AV243_2	39
AV243_2	11
AV243_2	25
AV243_2	28
AV243_2	23
AV243_2	8
AV243_2	4
AV243_2	10
AV243_2	19
AV243_2	8
AV243_2	7
AV243_2	9
AV243_2	7
AV243_2	29
AV243_2	4
AV243_2	6
AV253_2	23
AV253_2	8
AV253_2	12
AV253_2	7
AV253_2	14
AV253_2	22
AV253_2	5
AV253_2	10
AV253_2	4
AV253_2	3
AV253_2	8
AV253_2	22
AV253_2	8
AV253_2	22
AV253_2	4
AV253_2	20
AV253_2	16
AV253_2	11
AV253_2	6
AV253_2	19
AV253_2	5
AV253_2	3
AV253_2	3
AV253_2	17
AV253_2	3
AV253_2	8
AV253_2	12
AV253_2	9
AV253_2	3
AV253_2	26
AV253_2	51
AV253_2	4
AV253_2	4
AV253_2	7
AV253_2	22
AV253_2	10
AV253_2	18
AV253_2	4
AV253_2	21
AV253_2	14
AV253_2	3
AV253_2	13
AV253_2	5
AV253_2	27
AV253_2	3
AV253_2	4
AV253_2	5
AV253_2	7
AV253_2	7
AV253_2	8
AV253_2	21
AV253_2	19
AV253_2	7
AV253_2	16
AV253_2	8
AV253_2	8
AV253_2	9
AV253_2	6
AV253_2	5
AV253_2	33
AV253_2	21
AV253_2	25
AV253_2	3
AV253_2	8
AV253_2	5
AV253_2	5
AV253_2	14
AV253_2	5
AV253_2	4
AV253_2	5
AV253_2	3
AV253_2	14
AV253_2	4
AV253_2	5
AV253_2	9
AV253_2	8
AV253_2	8
AV253_2	9
AV253_2	5
AV253_2	11
AV253_2	51
AV253_2	19
AV253_2	12
AV253_2	4
AV253_2	12
AV253_2	3
AV253_2	18
AV253_2	25
AV253_2	5
AV253_2	22
AV253_2	3
AV253_2	6
AV253_2	11
AV253_2	4
AV253_2	9
AV253_2	9
AV253_2	8
AV253_2	23
AV253_2	10
AV253_2	13
AV253_2	10
AV253_2	3
AV253_2	16
AV253_2	4
AV253_2	5
AV253_2	10
AV253_2	3
AV253_2	15
AV253_2	11
AV253_2	7
AV253_2	14
AV253_2	3
AV253_2	7
AV253_2	15
AV253_2	31
AV253_2	8
AV253_2	11
AV253_2	3
AV253_2	12
AV253_2	12
AV253_2	3
AV253_2	7
AV253_2	5
AV253_2	6
AV253_2	12
AV253_2	4
AV253_2	12
AV253_2	8
AV253_2	9
AV253_2	3
AV253_2	12
AV253_2	4
AV253_2	9
AV253_2	3
AV253_2	5
AV253_2	13
AV253_2	7
AV253_2	11
AV253_2	7
AV253_2	3
AV253_2	10
AV253_2	11
AV253_2	9
AV253_2	7
AV253_2	5
AV253_2	3
AV253_2	6
AV253_2	81
AV253_2	7
AV253_2	5
AV253_2	7
AV253_2	8
AV253_2	13
AV253_2	14
AV253_2	24
AV253_2	5
AV253_2	5
AV253_2	6
AV253_2	11
AV253_2	10
AV253_2	37
AV253_2	4
AV253_2	3
AV253_2	25
AV253_2	11
AV253_2	5
AV253_2	3
AV253_2	12
AV253_2	9
AV253_2	13
AV253_2	16
AV253_2	14
AV253_2	11
AV253_2	7
AV253_2	19
AV253_2	53
AV253_2	8
AV253_2	5
AV253_2	6
AV253_2	6
AV253_2	3
AV253_2	4
AV253_2	14
AV253_2	11
AV253_2	10
AV253_2	24
AV253_2	17
AV253_2	3
AV253_2	7
AV253_2	4
AV253_2	26
AV253_2	7
AV253_2	7
AV253_2	10
AV253_2	13
AV253_2	8
AV253_2	19
AV253_2	12
AV253_2	8
AV253_2	32
AV253_2	19
AV253_2	17
AV253_2	9
AV253_2	6
AV253_2	6
AV253_2	8
AV253_2	23
AV253_2	14
AV253_2	26
AV253_2	3
AV253_2	9
AV253_2	9
AV253_2	5
AV253_2	12
AV253_2	3
AV253_2	5
AV253_2	6
AV253_2	12
AV253_2	14
AV253_2	17
AV253_2	12
AV253_2	3
AV253_2	6
AV253_2	15
AV253_2	4
AV253_2	7
AV253_2	14
AV253_2	5
AV253_2	19
AV253_2	13
AV253_2	8
AV253_2	14
AV253_2	10
AV253_2	3
AV253_2	15
AV253_2	3
AV253_2	20
AV253_2	7
AV253_2	12
AV253_2	14
AV253_2	11
AV253_2	10
AV253_2	6
AV253_2	6
AV253_2	3
AV253_2	10
AV253_2	8
AV253_2	20
AV253_2	12
AV253_2	7
AV253_2	9
AV253_2	10
AV253_2	3
AV253_2	11
AV253_2	3
AV253_2	13
AV253_2	8
AV253_2	17
AV253_2	13
AV253_2	11
AV253_2	6
AV253_2	39
AV253_2	3
AV253_2	6
AV253_2	10
AV253_2	17
AV253_2	8
AV253_2	7
AV253_2	3
AV253_2	3
AV253_2	17
AV253_2	9
AV253_2	8
AV253_2	24
AV253_2	18
AV253_2	18
AV253_2	15
AV253_2	5
AV253_2	10
AV253_2	12
AV253_2	5
AV253_2	15
AV253_2	12
AV253_2	3
AV253_2	12
AV253_2	8
AV253_2	10
AV253_2	20
AV253_2	14
AV253_2	10
AV253_2	5
AV253_2	9
AV253_2	31
AV253_2	20
AV253_2	12
AV253_2	10
AV253_2	4
AV253_2	8
AV253_2	12
AV253_2	14
AV253_2	10
AV253_2	8
AV253_2	3
AV253_2	17
AV253_2	4
AV253_2	15
AV253_2	11
AV253_2	6
AV253_2	3
AV253_2	4
AV253_2	4
AV253_2	4
AV253_2	6
AV253_2	14
AV253_2	20
AV253_2	3
AV253_2	7
AV253_2	25
AV253_2	3
AV253_2	7
AV253_2	9
AV253_2	19
AV253_2	14
AV253_2	3
AV253_2	4
AV253_2	6
AV253_2	6
AV253_2	4
AV253_2	12
AV253_2	4
AV253_2	29
AV253_2	4
AV253_2	11
AV253_2	6
AV253_2	16
AV253_2	11
AV253_2	14
AV253_2	18
AV253_2	68
AV253_2	27
AV253_2	4
AV253_2	13
AV253_2	12
AV253_2	8
AV253_2	5
AV253_2	10
AV253_2	15
AV253_2	3
AV253_2	11
AV253_2	7
AV253_2	8
AV253_2	9
AV253_2	4
AV253_2	9
AV253_2	3
AV253_2	5
AV253_2	10
AV253_2	15
AV253_2	14
AV253_2	12
AV253_2	12
AV253_2	5
AV253_2	5
AV253_2	18
AV253_2	3
AV253_2	3
AV253_2	3
AV253_2	9
AV253_2	4
AV253_2	12
AV253_2	14
AV253_2	7
AV253_2	3
AV253_2	21
AV253_2	19
AV253_2	6
AV253_2	14
AV253_2	14
AV253_2	9
AV253_2	11
AV253_2	6
AV253_2	6
AV253_2	35
AV253_2	3
AV253_2	3
AV253_2	6
AV253_2	13
AV253_2	9
AV253_2	3
AV253_2	8
AV253_2	3
AV253_2	15
AV253_2	6
AV253_2	14
AV253_2	5
AV253_2	5
AV253_2	4
AV253_2	16
AV253_2	12
AV253_2	8
AV253_2	4
AV253_2	11
AV253_2	41
AV253_2	4
AV253_2	11
AV253_2	12
AV253_2	17
AV253_2	17
AV253_2	9
AV253_2	9
AV253_2	3
AV253_2	5
AV253_2	4
AV253_2	7
AV253_2	5
AV253_2	4
AV253_2	19
AV253_2	3
AV253_2	5
AV253_2	15
AV253_2	3
AV253_2	11
AV253_2	15
AV253_2	4
AV253_2	11
AV253_2	16
AV253_2	7
AV253_2	5
AV253_2	12
AV253_2	7
AV253_2	10
AV253_2	13
AV253_2	3
AV253_2	5
AV253_2	11
AV253_2	9
AV253_2	7
AV253_2	3
AV253_2	20
AV253_2	24
AV253_2	5
AV253_2	10
AV253_2	8
AV253_2	20
AV253_2	33
AV253_2	4
AV253_2	17
AV253_2	6
AV253_2	5
AV253_2	15
AV253_2	11
AV253_2	31
AV253_2	6
AV253_2	8
AV253_2	5
AV253_2	15
AV253_2	7
AV253_2	10
AV253_2	4
AV253_2	8
AV253_2	3
AV253_2	18
AV253_2	10
AV253_2	6
AV253_2	10
AV253_2	8
AV253_2	18
AV253_2	4
AV253_2	7
AV253_2	3
AV253_2	6
AV253_2	20
AV253_2	8
AV253_2	30
AV253_2	10
AV253_2	14
AV253_2	13
AV253_2	13
AV253_2	22
AV253_2	14
AV253_2	3
AV253_2	37
AV253_2	29
AV253_2	15
AV253_2	5
AV253_2	13
AV253_2	11
AV253_2	9
AV253_2	10
AV253_2	6
AV253_2	10
AV253_2	6
AV253_2	9
AV253_2	7
AV253_2	18
AV253_2	13
AV253_2	18
AV253_2	3
AV253_2	11
AV253_2	16
AV253_2	15
AV253_2	3
AV253_2	3
AV253_2	12
AV253_2	5
AV253_2	8
AV253_2	4
AV253_2	7
AV253_2	21
AV253_2	4
AV253_2	6
AV253_2	19
AV253_2	5
AV253_2	6
AV253_2	10
AV253_2	7
AV253_2	8
AV253_2	13
AV253_2	18
AV253_2	4
AV253_2	8
AV253_2	21
AV253_2	44
AV253_2	10
AV253_2	4
AV253_2	5
AV253_2	3
AV253_2	18
AV253_2	5
AV253_2	8
AV253_2	19
AV253_2	16
AV253_2	35
AV253_2	3
AV253_2	22
AV253_2	15
AV253_2	73
AV253_2	11
AV253_2	7
AV253_2	18
AV253_2	21
AV253_2	5
AV253_2	21
AV253_2	4
AV253_2	24
AV253_2	21
AV253_2	9
AV253_2	18
AV253_2	5
AV253_2	3
AV253_2	10
AV253_2	19
AV253_2	21
AV253_2	9
AV253_2	3
AV253_2	7
AV253_2	13
AV253_2	7
AV253_2	12
AV253_2	9
AV253_2	5
AV253_2	17
AV253_2	7
AV253_2	4
AV253_2	8
AV253_2	3
AV253_2	12
AV253_2	20
AV253_2	4
AV253_2	5
AV253_2	12
AV253_2	3
AV253_2	9
AV253_2	19
AV253_2	7
AV253_2	4
AV253_2	7
AV253_2	24
AV253_2	15
AV253_2	9
AV253_2	9
AV253_2	12
AV253_2	62
AV253_2	18
AV253_2	17
AV253_2	6
AV253_2	23
AV253_2	5
AV253_2	34
AV253_2	5
AV253_2	23
AV253_2	3
AV253_2	10
AV253_2	4
AV253_2	3
AV253_2	7
AV253_2	3
AV253_2	3
AV253_2	3
AV253_2	10
AV253_2	4
AV253_2	25
AV253_2	15
AV253_2	8
AV253_2	18
AV253_2	3
AV253_2	7
AV253_2	3
AV253_2	10
AV253_2	44
AV253_2	22
AV253_2	16
AV253_2	13
AV253_2	16
AV253_2	14
AV253_2	7
AV253_2	17
AV253_2	11
AV253_2	10
AV253_2	13
AV253_2	5
AV253_2	3
AV253_2	5
AV253_2	3
AV253_2	6
AV253_2	6
AV253_2	11
AV253_2	27
AV253_2	37
AV253_2	15
AV253_2	18
AV253_2	14
AV253_2	13
AV253_2	13
AV253_2	8
AV253_2	6
AV253_2	7
AV253_2	4
AV253_2	5
AV253_2	5
AV253_2	7
AV253_2	9
AV253_2	11
AV253_2	12
AV253_2	10
AV253_2	3
AV253_2	10
AV253_2	5
AV253_2	12
AV253_2	12
AV253_2	3
AV253_2	11
AV253_2	16
AV253_2	6
AV253_2	9
AV253_2	7
AV253_2	4
AV253_2	11
AV253_2	4
AV253_2	6
AV253_2	3
AV253_2	3
AV253_2	13
AV253_2	3
AV253_2	13
AV253_2	10
AV253_2	3
AV253_2	8
AV253_2	10
AV253_2	7
AV253_2	9
AV253_2	5
AV253_2	36
AV253_2	18
AV253_2	14
AV253_2	13
AV253_2	15
AV253_2	9
AV253_2	4
AV253_2	5
AV253_2	3
AV253_2	14
AV253_2	22
AV253_2	4
AV253_2	9
AV253_2	9
AV253_2	10
AV253_2	15
AV253_2	17
AV253_2	6
AV253_2	7
AV253_2	6
AV253_2	4
AV253_2	15
AV253_2	9
AV253_2	5
AV253_2	20
AV253_2	7
AV253_2	8
AV253_2	13
AV253_2	4
AV253_2	5
AV253_2	4
AV253_2	9
AV253_2	8
AV253_2	5
AV253_2	3
AV253_2	3
AV253_2	3
AV253_2	3
AV253_2	8
AV253_2	5
AV253_2	11
AV253_2	7
AV253_2	4
AV253_2	3
AV253_2	6
AV253_2	7
AV253_2	19
AV253_2	3
AV253_2	4
AV253_2	7
AV253_2	4
AV253_2	3
AV253_2	6
AV253_2	16
AV253_2	7
AV253_2	3
AV253_2	19
AV253_2	19
AV253_2	11
AV253_2	35
AV253_2	4
AV253_2	26
AV253_2	15
AV253_2	3
AV253_2	6
AV253_2	3
AV253_2	13
AV253_2	4
AV253_2	12
AV253_2	26
AV253_2	12
AV253_2	33
AV253_2	8
AV253_2	14
AV253_2	32
AV253_2	6
AV253_2	8
AV253_2	3
AV253_2	9
AV253_2	4
AV253_2	14
AV253_2	4
AV253_2	4
AV253_2	16
AV253_2	9
AV253_2	15
AV253_2	13
AV253_2	15
AV253_2	3
AV253_2	7
AV253_2	8
AV253_2	3
AV253_2	7
AV253_2	33
AV253_2	8
AV253_2	22
AV253_2	6
AV253_2	34
AV253_2	3
AV253_2	7
AV253_2	27
AV253_2	5
AV253_2	10
AV253_2	4
AV253_2	35
AV253_2	3
AV253_2	8
AV253_2	4
AV253_2	7
AV253_2	3
AV253_2	5
AV253_2	5
AV253_2	14
AV253_2	21
AV253_2	3
AV253_2	9
AV253_2	7
AV253_2	23
AV253_2	4
AV253_2	5
AV253_2	43
AV253_2	27
AV253_2	5
AV253_2	23
AV253_2	7
AV253_2	9
AV253_2	17
AV253_2	24
AV253_2	13
AV253_2	29
AV253_2	11
AV253_2	3
AV253_2	7
AV253_2	4
AV253_2	3
AV253_2	12
AV253_2	4
AV253_2	4
AV253_2	3
AV253_2	6
AV253_2	3
AV253_2	9
AV253_2	4
AV253_2	7
AV253_2	3
AV253_2	18
AV253_2	9
AV253_2	3
AV253_2	6
AV253_2	14
AV253_2	5
AV253_2	3
AV253_2	3
AV253_2	11
AV253_2	8
AV253_2	15
AV253_2	21
AV253_2	10
AV253_2	15
AV253_2	3
AV253_2	14
AV253_2	10
AV253_2	14
AV253_2	11
AV253_2	10
AV253_2	3
AV253_2	13
AV253_2	5
AV253_2	3
AV253_2	12
AV253_2	11
AV253_2	22
AV253_2	17
AV253_2	8
AV253_2	18
AV253_2	11
AV253_2	7
AV253_2	7
AV253_2	11
AV253_2	14
AV253_2	9
AV253_2	6
AV253_2	3
AV253_2	5
AV253_2	5
AV253_2	4
AV253_2	10
AV253_2	18
AV253_2	17
AV253_2	18
AV253_2	16
AV253_2	10
AV253_2	6
AV253_2	7
AV253_2	4
AV253_2	3
AV253_2	8
AV253_2	46
AV253_2	3
AV253_2	21
AV253_2	17
AV253_2	4
AV253_2	16
AV253_2	17
AV253_2	5
AV253_2	12
AV253_2	3
AV253_2	10
AV253_2	11
AV253_2	16
AV253_2	6
AV253_2	9
AV253_2	3
AV253_2	16
AV253_2	14
AV253_2	11
AV253_2	10
AV253_2	10
AV253_2	28
AV253_2	6
AV253_2	3
AV253_2	3
AV253_2	3
AV253_2	3
AV253_2	157
AV253_2	7
AV253_2	6
AV253_2	3
AV253_2	5
AV253_2	7
AV253_2	10
AV253_2	15
AV253_2	13
AV253_2	5
AV253_2	7
AV253_2	9
AV253_2	3
AV253_2	3
AV253_2	9
AV253_2	27
AV253_2	3
AV253_2	3
AV253_2	3
AV253_2	8
AV253_2	7
AV253_2	8
AV253_2	11
AV253_2	5
AV253_2	7
AV253_2	5
AV253_2	8
AV253_2	3
AV253_2	15
AV253_2	3
AV253_2	9
AV253_2	11
AV253_2	12
AV253_2	12
AV253_2	10
AV253_2	11
AV253_2	3
AV253_2	12
AV253_2	5
AV253_2	11
AV253_2	5
AV253_2	9
AV253_2	24
AV253_2	5
AV253_2	4
AV253_2	30
AV253_2	8
AV253_2	8
AV253_2	9
AV253_2	3
AV253_2	5
AV253_2	4
AV253_2	12
AV253_2	4
AV253_2	16
AV253_2	5
AV253_2	5
AV253_2	3
AV253_2	5
AV253_2	3
AV253_2	12
AV253_2	3
AV253_2	4
AV253_2	4
AV253_2	3
AV253_2	4
AV253_2	17
AV253_2	14
AV253_2	4
AV253_2	19
AV253_2	5
AV253_2	4
AV253_2	16
AV253_2	3
AV253_2	6
AV253_2	10
AV253_2	4
AV253_2	6
AV253_2	5
AV253_2	10
AV253_2	3
AV253_2	17
AV253_2	5
AV253_2	4
AV253_2	16
AV253_2	6
AV253_2	7
AV253_2	7
AV253_2	3
AV253_2	4
AV253_2	4
AV253_2	16
AV253_2	6
AV253_2	3
AV253_2	4
AV253_2	3
AV253_2	3
AV253_2	5
AV253_2	3
AV253_2	13
AV253_2	10
AV253_2	7
AV253_2	6
AV253_2	29
AV253_2	10
AV253_2	12
AV253_2	8
AV253_2	9
AV253_2	10
AV253_2	35
AV253_2	18
AV253_2	3
AV253_2	3
AV253_2	8
AV253_2	3
AV253_2	11
AV253_2	12
AV253_2	14
AV253_2	7
AV253_2	5
AV253_2	14
AV253_2	6
AV253_2	11
AV253_2	4
AV253_2	3
AV253_2	3
AV253_2	10
AV253_2	5
AV253_2	21
AV253_2	9
AV253_2	9
AV253_2	8
AV253_2	4
AV253_2	3
AV253_2	5
AV253_2	19
AV253_2	16
AV253_2	7
AV253_2	3
AV253_2	14
AV253_2	21
AV253_2	5
AV253_2	5
AV253_2	13
AV253_2	6
AV253_2	11
AV253_2	3
AV253_2	7
AV253_2	25
AV253_2	21
AV253_2	5
AV253_2	13
AV253_2	18
AV253_2	4
AV253_2	11
AV253_2	5
AV253_2	15
AV253_2	96
AV253_2	3
AV253_2	21
AV253_2	5
AV253_2	19
AV253_2	23
AV253_2	6
AV253_2	3
AV253_2	7
AV253_2	4
AV253_2	8
AV253_2	9
AV253_2	6
AV253_2	8
AV253_2	24
AV253_2	6
AV253_2	16
AV253_2	29
AV253_2	22
AV253_2	9
AV253_2	6
AV253_2	14
AV253_2	4
AV253_2	27
AV253_2	3
AV253_2	7
AV253_2	7
AV253_2	11
AV253_2	3
AV253_2	21
AV253_2	14
AV253_2	4
AV253_2	8
AV253_2	6
AV253_2	3
AV253_2	8
AV253_2	9
AV253_2	10
AV253_2	9
AV253_2	10
AV253_2	8
AV253_2	3
AV253_2	20
AV253_2	8
AV253_2	5
AV253_2	7
AV253_2	21
AV253_2	10
AV253_2	7
AV253_2	4
AV253_2	3
AV253_2	31
AV253_2	12
AV253_2	5
AV253_2	8
AV253_2	7
AV253_2	8
AV253_2	7
AV253_2	6
AV253_2	3
AV253_2	17
AV253_2	4
AV253_2	3
AV253_2	10
AV253_2	20
AV253_2	20
AV253_2	10
AV253_2	4
AV253_2	4
AV253_2	11
AV253_2	14
AV253_2	7
AV253_2	12
AV253_2	4
AV253_2	3
AV253_2	10
AV253_2	30
AV253_2	4
AV253_2	4
AV253_2	8
AV253_2	3
AV253_2	17
AV253_2	4
AV253_2	7
AV253_2	14
AV253_2	3
AV253_2	5
AV253_2	14
AV253_2	9
AV253_2	7
AV253_2	5
AV253_2	4
AV253_2	13
AV253_2	14
AV253_2	21
AV253_2	7
AV253_2	7
AV253_2	4
AV253_2	9
AV253_2	9
AV253_2	6
AV253_2	5
AV253_2	28
AV253_2	3
AV253_2	4
AV253_2	20
AV253_2	10
AV253_2	3
AV253_2	14
AV253_2	12
AV253_2	29
AV253_2	12
AV253_2	3
AV253_2	14
AV253_2	15
AV253_2	3
AV253_2	4
AV253_2	3
AV253_2	3
AV253_2	4
AV253_2	8
AV253_2	3
AV253_2	5
AV253_2	4
AV253_2	10
AV253_2	22
AV253_2	5
AV253_2	5
AV253_2	4
AV253_2	16
AV253_2	30
AV253_2	12
AV253_2	3
AV253_2	5
AV253_2	5
AV253_2	3
AV253_2	8
AV253_2	10
AV253_2	13
AV253_2	6
AV253_2	7
AV253_2	7
AV253_2	3
AV253_2	12
AV253_2	6
AV253_2	7
AV253_2	3
AV253_2	21
AV253_2	5
AV253_2	7
AV253_2	13
AV253_2	17
AV253_2	25
AV253_2	5
AV253_2	3
AV253_2	6
AV253_2	10
AV253_2	29
AV253_2	8
AV253_2	14
AV253_2	22
AV253_2	6
AV253_2	31
AV253_2	3
AV253_2	6
AV253_2	5
AV253_2	5
AV253_2	4
AV253_2	8
AV253_2	7
AV253_2	8
AV253_2	18
AV253_2	3
AV253_2	7
AV253_2	7
AV253_2	19
AV253_2	9
AV253_2	7
AV253_2	5
AV253_2	5
AV253_2	7
AV253_2	4
AV253_2	11
AV253_2	58
AV253_2	16
AV253_2	9
AV253_2	20
AV253_2	26
AV253_2	3
AV253_2	23
AV253_2	4
AV253_2	26
AV253_2	5
AV253_2	3
AV253_2	3
AV253_2	7
AV253_2	10
AV253_2	22
AV253_2	4
AV253_2	4
AV253_2	3
AV253_2	4
AV253_2	15
AV253_2	4
AV253_2	31
AV253_2	4
AV253_2	7
AV253_2	6
AV253_2	4
AV253_2	3
AV253_2	3
AV253_2	3
AV253_2	11
AV253_2	5
AV253_2	18
AV253_2	3
AV253_2	8
AV253_2	3
AV253_2	9
AV253_2	18
AV253_2	7
AV253_2	4
AV253_2	16
AV253_2	3
AV253_2	14
AV253_2	11
AV253_2	3
AV253_2	14
AV253_2	3
AV253_2	31
AV253_2	3
AV253_2	6
AV253_2	17
AV253_2	5
AV253_2	9
AV253_2	16
AV253_2	6
AV253_2	5
AV253_2	7
AV253_2	7
AV253_2	15
AV253_2	3
AV253_2	5
AV253_2	9
AV253_2	7
AV253_2	7
AV253_2	10
AV253_2	5
AV253_2	3
AV253_2	13
AV253_2	4
AV253_2	23
AV253_2	4
AV253_2	18
AV253_2	5
AV253_2	20
AV253_2	7
AV253_2	13
AV253_2	14
AV253_2	12
AV253_2	8
AV253_2	5
AV253_2	4
AV253_2	6
AV253_2	3
AV253_2	27
AV253_2	9
AV253_2	20
AV253_2	3
AV253_2	18
AV253_2	23
AV253_2	6
AV253_2	5
AV253_2	14
AV253_2	8
AV253_2	19
AV253_2	32
AV253_2	12
AV253_2	6
AV253_2	3
AV253_2	6
AV253_2	16
AV253_2	6
AV253_2	4
AV253_2	5
AV253_2	4
AV253_2	11
AV253_2	16
AV253_2	3
AV253_2	7
AV253_2	12
AV253_2	15
AV253_2	7
AV253_2	15
AV253_2	3
AV253_2	6
AV253_2	12
AV253_2	4
AV253_2	4
AV253_2	4
AV253_2	10
AV253_2	6
AV253_2	12
AV253_2	20
AV253_2	13
AV253_2	14
AV253_2	6
AV253_2	5
AV253_2	7
AV253_2	3
AV253_2	5
AV253_2	4
AV253_2	25
AV253_2	8
AV253_2	24
AV253_2	6
AV253_2	5
AV253_2	3
AV253_2	7
AV253_2	19
AV253_2	10
AV253_2	7
AV253_2	23
AV253_2	12
AV253_2	5
AV253_2	6
AV253_2	7
AV253_2	7
AV253_2	13
AV253_2	9
AV253_2	4
AV253_2	6
AV253_2	3
AV253_2	10
AV253_2	17
AV253_2	8
AV253_2	17
AV253_2	5
AV253_2	11
AV253_2	5
AV253_2	5
AV253_2	20
AV253_2	20
AV253_2	6
AV253_2	3
AV253_2	8
AV253_2	5
AV253_2	10
AV253_2	3
AV253_2	3
AV253_2	12
AV253_2	12
AV253_2	5
AV253_2	7
AV253_2	5
AV253_2	7
AV253_2	11
AV253_2	12
AV253_2	7
AV253_2	3
AV253_2	3
AV253_2	4
AV253_2	5
AV253_2	3
AV253_2	15
AV253_2	12
AV253_2	27
AV253_2	11
AV253_2	7
AV253_2	3
AV253_2	11
AV253_2	3
AV253_2	10
AV253_2	3
AV253_2	8
AV253_2	4
AV253_2	9
AV253_2	11
AV253_2	7
AV253_2	7
AV253_2	4
AV253_2	18
AV253_2	22
AV253_2	53
AV253_2	9
AV253_2	5
AV253_2	3
AV253_2	4
AV253_2	16
AV253_2	10
AV253_2	9
AV253_2	9
AV253_2	9
AV253_2	3
AV253_2	10
AV253_2	13
AV253_2	12
AV253_2	14
AV253_2	5
AV253_2	3
AV253_2	8
AV253_2	18
AV253_2	12
AV253_2	8
AV253_2	8
AV253_2	7
AV253_2	13
AV253_2	10
AV253_2	8
AV253_2	16
AV253_2	6
AV253_2	6
AV253_2	29
AV253_2	8
AV253_2	10
AV253_2	5
AV253_2	37
AV253_2	9
AV253_2	4
AV253_2	9
AV253_2	4
AV253_2	11
AV253_2	3
AV253_2	8
AV253_2	9
AV253_2	8
AV253_2	6
AV253_2	6
AV253_2	6
AV253_2	10
AV253_2	15
AV253_2	9
AV253_2	11
AV253_2	16
AV253_2	10
AV253_2	7
AV253_2	11
AV253_2	3
AV253_2	10
AV253_2	10
AV253_2	11
AV253_2	3
AV253_2	5
AV253_2	3
AV253_2	7
AV253_2	3
AV253_2	5
AV253_2	10
AV253_2	6
AV253_2	4
AV253_2	20
AV253_2	26
AV253_2	4
AV253_2	7
AV253_2	3
AV253_2	6
AV253_2	14
AV253_2	3
AV253_2	7
AV253_2	12
AV253_2	21
AV253_2	3
AV253_2	11
AV253_2	10
AV253_2	4
AV253_2	11
AV253_2	3
AV253_2	18
AV253_2	14
AV253_2	30
AV253_2	3
AV253_2	4
AV253_2	24
AV253_2	5
AV253_2	5
AV253_2	5
AV253_2	6
AV253_2	3
AV253_2	8
AV253_2	25
AV253_2	8
AV253_2	3
AV253_2	13
AV253_2	15
AV253_2	4
AV253_2	5
AV253_2	24
AV253_2	20
AV253_2	12
AV253_2	4
AV253_2	3
AV253_2	5
AV253_2	8
AV253_2	3
AV253_2	7
AV253_2	7
AV253_2	10
AV253_2	3
AV253_2	8
AV253_2	7
AV253_2	19
AV253_2	5
AV253_2	24
AV253_2	10
AV253_2	3
AV253_2	11
AV253_2	13
AV253_2	21
AV253_2	8
AV253_2	8
AV253_2	4
AV253_2	4
AV253_2	8
AV253_2	4
AV253_2	5
AV253_2	5
AV253_2	5
AV253_2	5
AV253_2	9
AV253_2	15
AV253_2	16
AV253_2	9
AV253_2	3
AV253_2	6
AV253_2	5
AV253_2	7
AV253_2	4
AV253_2	3
AV253_2	4
AV253_2	6
AV253_2	10
AV253_2	5
AV253_2	13
AV253_2	6
AV253_2	4
AV253_2	17
AV253_2	4
AV253_2	10
AV253_2	7
AV253_2	4
AV253_2	5
AV253_2	24
AV253_2	4
AV253_2	19
AV253_2	4
AV253_2	16
AV253_2	5
AV253_2	3
AV253_2	10
AV253_2	9
AV253_2	36
AV253_2	32
AV253_2	27
AV253_2	10
AV253_2	3
AV253_2	4
AV253_2	3
AV253_2	11
AV253_2	13
AV253_2	23
AV253_2	4
AV253_2	4
AV253_2	8
AV253_2	7
AV253_2	15
AV253_2	15
AV253_2	14
AV253_2	4
AV253_2	10
AV253_2	5
AV253_2	9
AV253_2	3
AV253_2	3
AV253_2	8
AV253_2	18
AV253_2	6
AV253_2	7
AV253_2	6
AV253_2	6
AV253_2	4
AV253_2	3
AV253_2	5
AV253_2	22
AV253_2	11
AV253_2	59
AV253_2	9
AV253_2	4
AV253_2	9
AV253_2	6
AV253_2	7
AV253_2	3
AV253_2	3
AV253_2	5
AV253_2	12
AV253_2	16
AV253_2	10
AV253_2	4
AV253_2	12
AV253_2	6
AV253_2	16
AV253_2	3
AV253_2	13
AV253_2	3
AV253_2	6
AV253_2	8
AV253_2	9
AV253_2	25
AV253_2	4
AV253_2	3
AV253_2	13
AV253_2	7
AV253_2	3
AV253_2	10
AV253_2	5
AV253_2	3
AV253_2	12
AV253_2	24
AV253_2	11
AV253_2	13
AV253_2	7
AV253_2	39
AV253_2	34
AV253_2	11
AV253_2	27
AV253_2	18
AV253_2	14
AV253_2	22
AV253_2	7
AV253_2	3
AV253_2	10
AV253_2	15
AV253_2	12
AV253_2	4
AV253_2	15
AV253_2	14
AV253_2	5
AV253_2	5
AV253_2	15
AV253_2	12
AV253_2	14
AV253_2	4
AV253_2	27
AV253_2	10
AV253_2	16
AV253_2	7
AV253_2	7
AV253_2	6
AV253_2	19
AV253_2	4
AV253_2	9
AV253_2	5
AV253_2	4
AV253_2	3
AV253_2	27
AV253_2	6
AV253_2	9
AV253_2	12
AV253_2	15
AV253_2	29
AV253_2	5
AV253_2	13
AV253_2	4
AV253_2	17
AV253_2	7
AV253_2	18
AV253_2	4
AV253_2	5
AV253_2	7
AV253_2	30
AV253_2	19
AV253_2	4
AV253_2	10
AV253_2	3
AV253_2	4
AV253_2	3
AV253_2	11
AV253_2	5
AV253_2	6
AV253_2	8
AV253_2	22
AV253_2	9
AV253_2	3
AV253_2	18
AV253_2	7
AV253_2	12
AV253_2	7
AV253_2	19
AV253_2	16
AV253_2	5
AV253_2	13
AV253_2	44
AV253_2	8
AV253_2	4
AV253_2	8
AV253_2	6
AV253_2	5
AV253_2	8
AV253_2	3
AV253_2	4
AV253_2	4
AV253_2	18
AV253_2	9
AV253_2	5
AV253_2	10
AV253_2	8
AV253_2	9
AV253_2	5
AV253_2	14
AV253_2	10
AV253_2	24
AV253_2	6
AV253_2	17
AV253_2	9
AV253_2	11
AV253_2	7
AV253_2	3
AV253_2	3
AV253_2	22
AV253_2	31
AV253_2	6
AV253_2	12
AV253_2	8
AV253_2	14
AV253_2	6
AV253_2	4
AV253_2	5
AV253_2	11
AV253_2	15
AV253_2	23
AV253_2	3
AV253_2	10
AV253_2	21
AV253_2	11
AV253_2	9
AV253_2	14
AV253_2	10
AV253_2	6
AV253_2	18
AV253_2	4
AV253_2	12
AV253_2	8
AV253_2	22
AV253_2	4
AV253_2	3
AV253_2	15
AV253_2	27
AV253_2	21
AV253_2	21
AV253_2	4
AV253_2	5
AV253_2	3
AV253_2	6
AV253_2	15
AV253_2	10
AV253_2	14
AV253_2	5
AV253_2	9
AV253_2	11
AV253_2	15
AV253_2	5
AV253_2	15
AV253_2	13
AV253_2	6
AV253_2	9
AV253_2	3
AV253_2	4
AV253_2	5
AV253_2	7
AV253_2	18
AV253_2	5
AV253_2	10
AV253_2	37
AV253_2	32
AV253_2	13
AV253_2	8
AV253_2	16
AV253_2	3
AV253_2	4
AV253_2	5
AV253_2	11
AV253_2	6
AV253_2	5
AV253_2	16
AV253_2	4
AV253_2	13
AV253_2	6
AV253_2	3
AV253_2	11
AV253_2	4
AV253_2	4
AV253_2	22
AV253_2	11
AV253_2	15
AV253_2	18
AV253_2	23
AV253_2	32
AV253_2	10
AV253_2	4
AV253_2	17
AV253_2	13
AV253_2	8
AV253_2	3
AV253_2	17
AV253_2	3
AV253_2	3
AV253_2	4
AV253_2	6
AV253_2	7
AV253_2	8
AV253_2	7
AV253_2	9
AV253_2	22
AV253_2	8
AV253_2	4
AV253_2	35
AV253_2	21
AV253_2	6
AV253_2	17
AV253_2	18
AV253_2	3
AV253_2	3
AV253_2	3
AV253_2	4
AV253_2	12
AV253_2	4
AV253_2	6
AV253_2	28
AV253_2	26
AV253_2	8
AV253_2	6
AV253_2	26
AV253_2	19
AV253_2	87
AV253_2	11
AV253_2	15
AV253_2	4
AV253_2	11
AV253_2	10
AV253_2	8
AV253_2	12
AV253_2	4
AV253_2	7
AV253_2	13
AV253_2	11
AV253_2	15
AV253_2	8
AV253_2	7
AV253_2	4
AV253_2	12
AV253_2	4
AV253_2	6
AV253_2	12
AV253_2	6
AV253_2	7
AV253_2	3
AV253_2	15
AV253_2	4
AV253_2	8
AV253_2	25
AV253_2	9
AV253_2	3
AV253_2	16
AV253_2	7
AV253_2	8
AV253_2	11
AV253_2	3
AV253_2	3
AV253_2	3
AV253_2	37
AV253_2	6
AV253_2	4
AV253_2	18
AV253_2	3
AV253_2	5
AV253_2	4
AV253_2	18
AV253_2	3
AV253_2	27
AV253_2	35
AV253_2	4
AV253_2	3
AV253_2	4
AV253_2	3
AV253_2	13
AV253_2	4
AV253_2	5
AV253_2	11
AV253_2	11
AV253_2	15
AV253_2	5
AV253_2	10
AV253_2	19
AV253_2	10
AV253_2	3
AV253_2	16
AV253_2	43
AV253_2	10
AV253_2	27
AV253_2	11
AV253_2	15
AV253_2	8
AV253_2	14
AV253_2	6
AV253_2	4
AV253_2	5
AV253_2	11
AV253_2	14
AV253_2	11
AV253_2	6
AV253_2	3
AV253_2	23
AV253_2	30
AV253_2	13
AV253_2	3
AV253_2	6
AV253_2	6
AV253_2	3
AV253_2	5
AV253_2	8
AV253_2	7
AV253_2	4
AV253_2	3
AV253_2	4
AV253_2	22
AV253_2	4
AV253_2	3
AV253_2	13
AV253_2	6
AV253_2	3
AV253_2	6
AV253_2	10
AV253_2	7
AV253_2	3
AV253_2	3
AV253_2	3
AV253_2	13
AV253_2	7
AV253_2	3
AV253_2	6
AV253_2	3
AV253_2	5
AV253_2	16
AV253_2	6
AV253_2	17
AV253_2	15
AV253_2	3
AV253_2	11
AV253_2	3
AV253_2	13
AV253_2	3
AV253_2	12
AV253_2	6
AV253_2	4
AV253_2	10
AV253_2	11
AV253_2	19
AV253_2	14
AV253_2	6
AV253_2	6
AV253_2	36
AV253_2	14
AV253_2	6
AV253_2	8
AV253_2	7
AV253_2	4
AV253_2	6
AV253_2	4
AV253_2	9
AV253_2	11
AV253_2	6
AV253_2	17
AV253_2	3
AV253_2	8
AV253_2	11
AV253_2	6
AV253_2	15
AV253_2	15
AV253_2	3
AV253_2	24
AV253_2	3
AV253_2	21
AV253_2	22
AV253_2	3
AV253_2	14
AV253_2	9
AV253_2	8
AV253_2	6
AV253_2	7
AV253_2	25
AV253_2	5
AV253_2	15
AV253_2	3
AV253_2	6
AV253_2	8
AV253_2	12
AV253_2	6
AV253_2	9
AV253_2	29
AV253_2	16
AV253_2	9
AV253_2	5
AV253_2	3
AV253_2	9
AV253_2	9
AV253_2	3
AV253_2	9
AV253_2	3
AV253_2	31
AV253_2	6
AV253_2	5
AV253_2	8
AV253_2	17
AV253_2	5
AV253_2	5
AV253_2	9
AV253_2	17
AV253_2	3
AV253_2	3
AV253_2	4
AV253_2	20
AV253_2	6
AV253_2	18
AV253_2	12
AV253_2	31
AV253_2	22
AV253_2	15
AV253_2	4
AV253_2	18
AV253_2	24
AV253_2	9
AV253_2	3
AV253_2	14
AV253_2	12
AV253_2	7
AV253_2	8
AV253_2	12
AV253_2	16
AV253_2	27
AV253_2	8
AV253_2	21
AV253_2	4
AV253_2	3
AV253_2	7
AV253_2	7
AV253_2	45
AV253_2	5
AV253_2	17
AV253_2	14
AV253_2	28
AV253_2	6
AV253_2	11
AV253_2	5
AV253_2	3
AV253_2	3
AV253_2	11
AV253_2	3
AV253_2	8
AV253_2	14
AV253_2	16
AV253_2	3
AV253_2	3
AV253_2	8
AV253_2	4
AV253_2	22
AV253_2	10
AV253_2	8
AV253_2	9
AV253_2	8
AV253_2	5
AV253_2	7
AV253_2	12
AV253_2	35
AV253_2	3
AV253_2	6
AV253_2	8
AV253_2	7
AV253_2	9
AV253_2	12
AV253_2	8
AV253_2	3
AV253_2	6
AV253_2	7
AV253_2	24
AV253_2	3
AV253_2	6
AV253_2	7
AV253_2	7
AV253_2	12
AV253_2	3
AV253_2	10
AV253_2	9
AV253_2	3
AV253_2	5
AV253_2	3
AV253_2	41
AV253_2	9
AV253_2	11
AV253_2	5
AV253_2	13
AV253_2	16
AV253_2	12
AV253_2	4
AV253_2	11
AV253_2	13
AV253_2	6
AV253_2	11
AV253_2	13
AV253_2	4
AV253_2	6
AV253_2	3
AV253_2	6
AV253_2	11
AV253_2	18
AV253_2	15
AV253_2	7
AV253_2	5
AV253_2	4
AV253_2	8
AV253_2	4
AV253_2	3
AV253_2	37
AV253_2	4
AV253_2	9
AV253_2	4
AV253_2	17
AV253_2	3
AV253_2	6
AV253_2	4
AV253_2	15
AV253_2	13
AV253_2	7
AV253_2	4
AV253_2	9
AV253_2	14
AV253_2	11
AV253_2	9
AV253_2	31
AV253_2	3
AV253_2	6
AV253_2	16
AV253_2	17
AV253_2	9
AV253_2	10
AV253_2	27
AV253_2	3
AV253_2	9
AV253_2	3
AV253_2	3
AV253_2	13
AV253_2	7
AV253_2	7
AV253_2	8
AV253_2	3
AV253_2	10
AV253_2	18
AV253_2	12
AV253_2	6
AV253_2	7
AV253_2	4
AV253_2	9
AV253_2	21
AV253_2	5
AV253_2	42
AV253_2	3
AV253_2	20
AV253_2	3
AV253_2	7
AV253_2	12
AV253_2	4
AV253_2	8
AV253_2	4
AV253_2	4
AV253_2	4
AV253_2	4
AV253_2	3
AV253_2	4
AV253_2	7
AV253_2	10
AV253_2	4
AV253_2	19
AV253_2	16
AV253_2	7
AV253_2	15
AV253_2	4
AV253_2	8
AV253_2	9
AV253_2	8
AV253_2	12
AV253_2	5
AV253_2	3
AV253_2	6
AV253_2	8
AV253_2	12
AV253_2	9
AV253_2	9
AV253_2	6
AV253_2	17
AV253_2	11
AV253_2	4
AV253_2	3
AV253_2	7
AV253_2	3
AV253_2	4
AV253_2	12
AV253_2	3
AV253_2	8
AV253_2	8
AV253_2	10
AV253_2	8
AV253_2	11
AV253_2	5
AV253_2	6
AV253_2	11
AV253_2	10
AV253_2	10
AV253_2	12
AV253_2	3
AV253_2	22
AV253_2	18
AV253_2	19
AV253_2	13
AV253_2	9
AV253_2	15
AV253_2	19
AV253_2	15
AV253_2	8
AV253_2	15
AV253_2	8
AV253_2	6
AV253_2	18
AV253_2	6
AV253_2	5
AV253_2	6
AV253_2	9
AV253_2	12
AV253_2	30
AV253_2	3
AV253_2	4
AV253_2	12
AV253_2	5
AV253_2	12
AV253_2	5
AV253_2	3
AV253_2	7
AV253_2	23
AV253_2	3
AV253_2	5
AV253_2	4
AV253_2	15
AV253_2	5
AV253_2	5
AV253_2	6
AV253_2	18
AV253_2	4
AV253_2	11
AV253_2	6
AV253_2	10
AV253_2	14
AV253_2	19
AV253_2	12
AV253_2	15
AV253_2	18
AV253_2	4
AV253_2	5
AV253_2	20
AV253_2	10
AV253_2	3
AV253_2	7
AV253_2	20
AV253_2	16
AV253_2	7
AV253_2	19
AV253_2	3
AV253_2	7
AV253_2	21
AV253_2	3
AV253_2	10
AV253_2	8
AV253_2	4
AV253_2	17
AV253_2	9
AV253_2	9
AV253_2	3
AV253_2	9
AV253_2	10
AV253_2	3
AV253_2	23
AV253_2	13
AV253_2	4
AV253_2	5
AV253_2	3
AV253_2	4
AV253_2	4
AV253_2	5
AV253_2	13
AV253_2	17
AV253_2	4
AV253_2	7
AV253_2	3
AV253_2	18
AV253_2	4
AV253_2	6
AV253_2	5
AV253_2	9
AV253_2	12
AV253_2	9
AV253_2	3
AV253_2	7
AV253_2	4
AV253_2	4
AV253_2	9
AV253_2	9
AV253_2	12
AV253_2	3
AV253_2	3
AV253_2	11
AV253_2	4
AV253_2	15
AV253_2	23
AV253_2	3
AV253_2	10
AV253_2	15
AV253_2	3
AV253_2	6
AV253_2	8
AV253_2	21
AV253_2	4
AV253_2	7
AV253_2	18
AV253_2	7
AV253_2	3
AV253_2	6
AV253_2	3
AV253_2	3
AV253_2	14
AV253_2	12
AV253_2	10
AV253_2	3
AV253_2	3
AV253_2	13
AV253_2	5
AV253_2	12
AV253_2	3
AV253_2	13
AV253_2	6
AV253_2	7
AV253_2	4
AV253_2	11
AV253_2	14
AV253_2	21
AV253_2	14
AV253_2	29
AV253_2	18
AV253_2	3
AV253_2	10
AV253_2	4
AV253_2	3
AV253_2	12
AV253_2	18
AV253_2	8
AV253_2	3
AV253_2	7
AV253_2	8
AV253_2	4
AV253_2	9
AV253_2	3
AV253_2	9
AV253_2	20
AV253_2	32
AV253_2	3
AV253_2	4
AV253_2	3
AV253_2	28
AV253_2	27
AV253_2	6
AV253_2	21
AV253_2	12
AV253_2	15
AV253_2	3
AV253_2	4
AV253_2	19
AV253_2	3
AV253_2	13
AV253_2	13
AV253_2	17
AV253_2	5
AV253_2	6
AV253_2	4
AV253_2	7
AV253_2	3
AV253_2	3
AV253_2	8
AV253_2	4
AV253_2	16
AV253_2	5
AV253_2	5
AV253_2	7
AV253_2	4
AV253_2	4
AV253_2	16
AV253_2	22
AV253_2	6
AV253_2	4
AV253_2	12
AV253_2	4
AV253_2	3
AV253_2	10
AV253_2	16
AV253_2	3
AV253_2	12
AV253_2	9
AV253_2	28
AV253_2	3
AV253_2	16
AV253_2	3
AV253_2	3
AV253_2	24
AV253_2	8
AV253_2	11
AV253_2	3
AV253_2	3
AV253_2	8
AV253_2	10
AV253_2	9
AV253_2	4
AV253_2	12
AV253_2	3
AV253_2	11
AV253_2	3
AV253_2	5
AV253_2	22
AV253_2	11
AV253_2	13
AV253_2	7
AV253_2	7
AV253_2	5
AV253_2	8
AV253_2	19
AV253_2	6
AV253_2	9
AV253_2	3
AV253_2	6
AV253_2	5
AV253_2	6
AV253_2	6
AV253_2	7
AV253_2	27
AV253_2	7
AV253_2	8
AV253_2	9
AV253_2	6
AV253_2	17
AV253_2	9
AV253_2	26
AV253_2	19
AV253_2	6
AV253_2	11
AV253_2	3
AV253_2	23
AV253_2	13
AV253_2	22
AV253_2	7
AV253_2	11
AV253_2	3
AV253_2	4
AV253_2	6
AV253_2	24
AV253_2	6
AV253_2	16
AV253_2	4
AV253_2	8
AV253_2	5
AV253_2	4
AV253_2	3
AV253_2	19
AV253_2	31
AV253_2	13
AV253_2	4
AV253_2	13
AV253_2	7
AV253_2	10
AV253_2	15
AV253_2	20
AV253_2	7
AV253_2	9
AV253_2	9
AV253_2	8
AV253_2	4
AV253_2	5
AV253_2	13
AV253_2	3
AV253_2	4
AV253_2	6
AV253_2	6
AV253_2	4
AV253_2	4
AV253_2	3
AV253_2	8
AV253_2	16
AV253_2	23
AV253_2	12
AV253_2	4
AV253_2	4
AV253_2	3
AV253_2	5
AV253_2	10
AV253_2	26
AV253_2	19
AV253_2	4
AV253_2	20
AV253_2	7
AV253_2	28
AV253_2	18
AV253_2	3
AV253_2	10
AV253_2	22
AV253_2	10
AV253_2	4
AV253_2	11
AV253_2	6
AV253_2	7
AV253_2	10
AV253_2	5
AV253_2	13
AV253_2	20
AV253_2	15
AV253_2	4
AV253_2	3
AV253_2	4
AV253_2	7
AV253_2	5
AV253_2	6
AV253_2	3
AV253_2	9
AV253_2	51
AV253_2	8
AV253_2	10
AV253_2	29
AV253_2	7
AV253_2	6
AV253_2	8
AV253_2	9
AV253_2	25
AV253_2	6
AV253_2	15
AV253_2	8
AV253_2	3
AV253_2	9
AV253_2	10
AV253_2	11
AV253_2	13
AV253_2	9
AV253_2	6
AV253_2	17
AV253_2	5
AV253_2	8
AV253_2	4
AV253_2	4
AV253_2	12
AV253_2	12
AV253_2	7
AV253_2	3
AV253_2	3
AV253_2	9
AV253_2	9
AV253_2	3
AV253_2	3
AV253_2	6
AV253_2	6
AV253_2	26
AV253_2	10
AV253_2	11
AV253_2	16
AV253_2	18
AV253_2	14
AV253_2	9
AV253_2	3
AV253_2	4
AV253_2	10
AV253_2	3
AV253_2	12
AV253_2	21
AV253_2	6
AV253_2	15
AV253_2	9
AV253_2	24
AV253_2	14
AV253_2	4
AV253_2	4
AV253_2	4
AV253_2	7
AV253_2	4
AV253_2	3
AV253_2	6
AV253_2	12
AV253_2	6
AV253_2	4
AV253_2	4
AV253_2	277
AV253_2	7
AV253_2	13
AV253_2	13
AV253_2	13
AV253_2	10
AV253_2	8
AV253_2	6
AV253_2	5
AV253_2	16
AV253_2	6
AV253_2	4
AV253_2	3
AV253_2	8
AV253_2	5
AV253_2	3
AV253_2	14
AV253_2	4
AV253_2	8
AV253_2	3
AV253_2	5
AV253_2	4
AV253_2	25
AV253_2	13
AV253_2	9
AV253_2	11
AV253_2	27
AV253_2	3
AV253_2	6
AV253_2	5
AV253_2	8
AV253_2	3
AV253_2	13
AV253_2	11
AV253_2	4
AV253_2	13
AV253_2	3
AV253_2	11
AV253_2	12
AV253_2	11
AV253_2	3
AV253_2	6
AV253_2	14
AV253_2	7
AV253_2	17
AV253_2	14
AV253_2	16
AV253_2	4
AV253_2	29
AV253_2	5
AV253_2	10
AV253_2	7
AV253_2	3
AV253_2	14
AV253_2	6
AV253_2	12
AV253_2	23
AV253_2	3
AV253_2	14
AV253_2	8
AV253_2	13
AV253_2	5
AV253_2	9
AV253_2	24
AV253_2	242
AV253_2	4
AV253_2	14
AV253_2	4
AV253_2	13
AV253_2	19
AV253_2	12
AV253_2	5
AV253_2	10
AV253_2	11
AV253_2	11
AV253_2	3
AV253_2	25
AV253_2	9
AV253_2	3
AV253_2	8
AV253_2	13
AV253_2	3
AV253_2	7
AV253_2	8
AV253_2	12
AV253_2	8
AV253_2	6
AV253_2	12
AV253_2	13
AV253_2	27
AV253_2	4
AV253_2	11
AV253_2	7
AV253_2	7
AV253_2	5
AV253_2	6
AV253_2	3
AV253_2	9
AV253_2	19
AV253_2	12
AV253_2	5
AV253_2	13
AV253_2	6
AV253_2	9
AV253_2	6
AV253_2	5
AV253_2	5
AV253_2	7
AV253_2	7
AV253_2	12
AV253_2	36
AV253_2	12
AV253_2	14
AV253_2	5
AV253_2	8
AV253_2	23
AV253_2	6
AV253_2	4
AV253_2	11
AV253_2	3
AV253_2	8
AV253_2	5
AV253_2	14
AV253_2	19
AV253_2	4
AV253_2	11
AV253_2	13
AV253_2	3
AV253_2	21
AV253_2	5
AV253_2	12
AV253_2	8
AV253_2	7
AV253_2	5
AV253_2	13
AV253_2	6
AV253_2	5
AV253_2	14
AV253_2	7
AV253_2	3
AV253_2	7
AV253_2	7
AV253_2	17
AV253_2	7
AV253_2	5
AV253_2	11
AV253_2	10
AV253_2	5
AV253_2	8
AV253_2	19
AV253_2	16
AV253_2	6
AV253_2	7
AV253_2	5
AV253_2	3
AV253_2	12
AV253_2	4
AV253_2	5
AV253_2	28
AV253_2	3
AV253_2	16
AV253_2	4
AV253_2	6
AV253_2	3
AV253_2	8
AV253_2	4
AV253_2	9
AV253_2	7
AV253_2	3
AV253_2	13
AV253_2	4
AV253_2	3
AV253_2	13
AV253_2	16
AV253_2	3
AV253_2	34
AV253_2	4
AV253_2	8
AV253_2	11
AV253_2	3
AV253_2	13
AV253_2	16
AV253_2	3
AV253_2	6
AV253_2	13
AV253_2	13
AV253_2	3
AV253_2	3
AV253_2	3
AV253_2	8
AV253_2	6
AV253_2	5
AV253_2	3
AV253_2	7
AV253_2	38
AV253_2	9
AV253_2	5
AV253_2	3
AV253_2	6
AV253_2	13
AV253_2	4
AV253_2	4
AV253_2	15
AV253_2	3
AV253_2	8
AV253_2	3
AV253_2	3
AV253_2	4
AV253_2	19
AV253_2	10
AV253_2	9
AV253_2	27
AV253_2	8
AV253_2	5
AV253_2	10
AV253_2	14
AV253_2	4
AV253_2	6
AV253_2	4
AV253_2	4
AV253_2	5
AV253_2	13
AV253_2	4
AV253_2	7
AV253_2	15
AV253_2	6
AV253_2	25
AV253_2	3
AV253_2	7
AV253_2	16
AV253_2	19
AV253_2	17
AV253_2	22
AV253_2	4
AV253_2	3
AV253_2	32
AV253_2	4
AV253_2	3
AV253_2	6
AV253_2	7
AV253_2	35
AV253_2	19
AV253_2	5
AV253_2	28
AV253_2	13
AV253_2	12
AV253_2	5
AV253_2	13
AV253_2	23
AV253_2	9
AV253_2	6
AV253_2	18
AV253_2	5
AV253_2	16
AV253_2	4
AV253_2	5
AV253_2	14
AV253_2	14
AV253_2	15
AV253_2	4
AV253_2	20
AV253_2	19
AV253_2	43
AV253_2	6
AV253_2	18
AV253_2	10
AV253_2	11
AV253_2	15
AV253_2	6
AV253_2	13
AV253_2	5
AV253_2	10
AV253_2	12
AV253_2	5
AV253_2	6
AV253_2	13
AV253_2	3
AV253_2	20
AV253_2	5
AV253_2	8
AV253_2	4
AV253_2	4
AV253_2	13
AV253_2	14
AV253_2	5
AV253_2	5
AV253_2	10
AV253_2	25
AV253_2	7
AV253_2	3
AV253_2	4
AV253_2	3
AV253_2	6
AV253_2	6
AV253_2	8
AV253_2	3
AV253_2	9
AV253_2	6
AV253_2	6
AV253_2	18
AV253_2	12
AV253_2	22
AV253_2	8
AV253_2	14
AV253_2	4
AV253_2	4
AV253_2	5
AV253_2	30
AV253_2	6
AV253_2	9
AV253_2	6
AV253_2	4
AV253_2	16
AV253_2	15
AV253_2	26
AV253_2	16
AV253_2	7
AV253_2	8
AV253_2	5
AV253_2	3
AV253_2	8
AV253_2	3
AV253_2	6
AV253_2	9
AV253_2	20
AV253_2	13
AV253_2	11
AV253_2	6
AV253_2	36
AV253_2	8
AV253_2	15
AV253_2	24
AV253_2	4
AV253_2	16
AV253_2	3
AV253_2	5
AV253_2	19
AV253_2	6
AV253_2	9
AV253_2	10
AV253_2	4
AV253_2	3
AV253_2	7
AV253_2	13
AV253_2	6
AV253_2	3
AV253_2	3
AV253_2	7
AV253_2	5
AV253_2	3
AV253_2	9
AV253_2	5
AV253_2	4
AV253_2	3
AV253_2	23
AV253_2	30
AV253_2	23
AV253_2	12
AV253_2	7
AV253_2	3
AV253_2	4
AV253_2	4
AV253_2	8
AV253_2	20
AV253_2	4
AV253_2	8
AV253_2	17
AV253_2	3
AV253_2	3
AV253_2	19
AV253_2	11
AV253_2	4
AV253_2	4
AV253_2	9
AV253_2	44
AV253_2	5
AV253_2	20
AV253_2	32
AV253_2	3
AV253_2	13
AV253_2	22
AV253_2	18
AV253_2	9
AV253_2	35
AV253_2	11
AV253_2	14
AV253_2	4
AV253_2	3
AV253_2	11
AV253_2	11
AV253_2	10
AV253_2	17
AV253_2	15
AV253_2	5
AV253_2	9
AV253_2	18
AV253_2	6
AV253_2	7
AV253_2	7
AV253_2	14
AV253_2	3
AV253_2	21
AV253_2	11
AV253_2	39
AV253_2	11
AV253_2	15
AV253_2	21
AV253_2	13
AV253_2	4
AV253_2	9
AV253_2	13
AV253_2	6
AV253_2	13
AV253_2	4
AV253_2	14
AV253_2	17
AV253_2	9
AV253_2	4
AV253_2	18
AV253_2	8
AV253_2	8
AV253_2	5
AV253_2	3
AV253_2	16
AV253_2	3
AV253_2	8
AV253_2	7
AV253_2	13
AV253_2	4
AV253_2	18
AV253_2	16
AV253_2	7
AV253_2	4
AV253_2	3
AV253_2	3
AV253_2	8
AV253_2	14
AV253_2	34
AV253_2	10
AV253_2	13
AV253_2	28
AV253_2	15
AV253_2	3
AV253_2	7
AV253_2	6
AV253_2	13
AV253_2	4
AV253_2	14
AV253_2	13
AV253_2	5
AV253_2	6
AV253_2	3
AV253_2	8
AV253_2	15
AV253_2	6
AV253_2	14
AV253_2	24
AV253_2	5
AV253_2	3
AV253_2	22
AV253_2	4
AV253_2	5
AV253_2	44
AV253_2	3
AV253_2	3
AV253_2	6
AV253_2	5
AV253_2	3
AV253_2	5
AV253_2	9
AV253_2	4
AV253_2	7
AV253_2	3
AV253_2	13
AV253_2	3
AV253_2	9
AV253_2	3
AV253_2	7
AV253_2	6
AV253_2	5
AV253_2	10
AV253_2	11
AV253_2	8
AV253_2	14
AV253_2	21
AV253_2	7
AV253_2	5
AV253_2	18
AV253_2	4
AV253_2	8
AV253_2	21
AV253_2	3
AV253_2	25
AV253_2	8
AV253_2	3
AV253_2	9
AV253_2	11
AV253_2	16
AV253_2	8
AV253_2	3
AV253_2	10
AV253_2	9
AV253_2	12
AV253_2	164
AV253_2	5
AV253_2	12
AV253_2	3
AV253_2	8
AV253_2	14
AV253_2	9
AV253_2	5
AV253_2	3
AV253_2	6
AV253_2	13
AV253_2	3
AV253_2	3
AV253_2	14
AV253_2	9
AV253_2	15
AV253_2	7
AV253_2	23
AV253_2	12
AV253_2	3
AV253_2	3
AV253_2	6
AV253_2	5
AV253_2	5
AV253_2	36
AV253_2	5
AV253_2	9
AV253_2	12
AV253_2	3
AV253_2	7
AV253_2	16
AV253_2	6
AV253_2	3
AV253_2	4
AV253_2	6
AV253_2	13
AV253_2	10
AV253_2	7
AV253_2	14
AV253_2	25
AV253_2	13
AV253_2	5
AV253_2	4
AV253_2	6
AV253_2	6
AV253_2	9
AV253_2	6
AV253_2	7
AV253_2	3
AV253_2	18
AV253_2	7
AV253_2	7
AV253_2	3
AV253_2	5
AV253_2	12
AV253_2	22
AV253_2	4
AV253_2	8
AV253_2	19
AV253_2	9
AV253_2	24
AV253_2	9
AV253_2	4
AV253_2	4
AV253_2	14
AV253_2	7
AV253_2	3
AV253_2	13
AV253_2	12
AV253_2	3
AV253_2	6
AV253_2	4
AV253_2	12
AV253_2	6
AV253_2	9
AV253_2	29
AV253_2	8
AV253_2	3
AV253_2	11
AV253_2	7
AV253_2	3
AV253_2	9
AV253_2	7
AV253_2	7
AV253_2	34
AV253_2	22
AV253_2	6
AV253_2	13
AV253_2	19
AV253_2	4
AV253_2	11
AV253_2	15
AV253_2	13
AV253_2	6
AV253_2	3
AV253_2	5
AV253_2	4
AV253_2	14
AV253_2	3
AV253_2	9
AV253_2	6
AV253_2	9
AV253_2	12
AV253_2	4
AV253_2	8
AV253_2	5
AV253_2	19
AV253_2	72
AV253_2	4
AV253_2	3
AV253_2	4
AV253_2	3
AV253_2	8
AV253_2	5
AV253_2	14
AV253_2	21
AV253_2	8
AV253_2	7
AV253_2	14
AV253_2	4
AV253_2	3
AV253_2	8
AV253_2	12
AV253_2	3
AV253_2	5
AV253_2	16
AV253_2	3
AV253_2	9
AV253_2	6
AV253_2	9
AV253_2	40
AV253_2	11
AV253_2	4
AV253_2	9
AV253_2	10
AV253_2	14
AV253_2	6
AV253_2	5
AV253_2	15
AV253_2	6
AV253_2	3
AV253_2	18
AV253_2	5
AV253_2	15
AV253_2	18
AV253_2	8
AV253_2	8
AV253_2	24
AV253_2	14
AV253_2	3
AV253_2	7
AV253_2	4
AV253_2	6
AV253_2	20
AV253_2	9
AV253_2	4
AV253_2	17
AV253_2	7
AV253_2	11
AV253_2	14
AV253_2	11
AV253_2	3
AV253_2	13
AV253_2	7
AV253_2	4
AV253_2	11
AV253_2	9
AV253_2	7
AV253_2	5
AV253_2	15
AV253_2	5
AV253_2	4
AV253_2	6
AV253_2	32
AV253_2	3
AV253_2	16
AV253_2	7
AV253_2	9
AV253_2	23
AV253_2	11
AV253_2	9
AV253_2	21
AV253_2	3
AV253_2	15
AV253_2	4
AV253_2	19
AV253_2	13
AV253_2	12
AV253_2	8
AV253_2	8
AV253_2	11
AV253_2	5
AV253_2	7
AV253_2	19
AV253_2	3
AV253_2	25
AV253_2	10
AV253_2	22
AV253_2	8
AV253_2	7
AV253_2	5
AV253_2	3
AV253_2	21
AV253_2	22
AV253_2	5
AV253_2	5
AV253_2	25
AV253_2	12
AV253_2	27
AV253_2	13
AV253_2	23
AV253_2	5
AV253_2	18
AV253_2	4
AV253_2	11
AV253_2	4
AV253_2	11
AV253_2	36
AV253_2	6
AV253_2	9
AV253_2	8
AV253_2	9
AV253_2	3
AV253_2	6
AV253_2	3
AV253_2	4
AV253_2	7
AV253_2	16
AV253_2	3
AV253_2	4
AV253_2	4
AV253_2	12
AV253_2	3
AV253_2	11
AV253_2	9
AV253_2	15
AV253_2	3
AV253_2	9
AV253_2	14
AV253_2	7
AV253_2	4
AV253_2	3
AV253_2	21
AV253_2	8
AV253_2	6
AV253_2	4
AV253_2	6
AV253_2	7
AV253_2	3
AV253_2	4
AV253_2	3
AV253_2	5
AV253_2	5
AV253_2	9
AV253_2	10
AV253_2	3
AV253_2	20
AV253_2	9
AV253_2	8
AV253_2	12
AV253_2	15
AV253_2	6
AV253_2	5
AV253_2	6
AV253_2	10
AV253_2	12
AV253_2	9
AV253_2	3
AV253_2	16
AV253_2	10
AV253_2	3
AV253_2	3
AV253_2	4
AV253_2	6
AV253_2	3
AV253_2	22
AV253_2	8
AV253_2	4
AV253_2	5
AV253_2	11
AV253_2	19
AV253_2	4
AV253_2	16
AV253_2	27
AV253_2	3
AV253_2	325
AV253_2	10
AV253_2	10
AV253_2	6
AV253_2	11
AV253_2	19
AV253_2	5
AV253_2	7
AV253_2	10
AV253_2	11
AV253_2	8
AV253_2	13
AV253_2	3
AV253_2	3
AV253_2	21
AV253_2	19
AV253_2	3
AV253_2	3
AV253_2	21
AV253_2	10
AV253_2	12
AV253_2	3
AV253_2	4
AV253_2	12
AV253_2	19
AV253_2	7
AV253_2	5
AV253_2	8
AV253_2	4
AV253_2	8
AV253_2	3
AV253_2	3
AV253_2	4
AV253_2	23
AV253_2	3
AV253_2	4
AV253_2	5
AV253_2	3
AV253_2	5
AV253_2	3
AV253_2	7
AV253_2	11
AV253_2	5
AV253_2	10
AV253_2	38
AV253_2	27
AV253_2	3
AV253_2	4
AV253_2	22
AV253_2	5
AV253_2	3
AV253_2	3
AV253_2	11
AV253_2	20
AV253_2	7
AV253_2	24
AV253_2	4
AV253_2	7
AV253_2	6
AV253_2	5
AV253_2	11
AV253_2	15
AV253_2	3
AV253_2	14
AV253_2	3
AV253_2	7
AV253_2	6
AV253_2	7
AV253_2	4
AV253_2	7
AV253_2	16
AV253_2	4
AV253_2	7
AV253_2	4
AV253_2	9
AV253_2	19
AV253_2	3
AV253_2	5
AV253_2	3
AV253_2	22
AV253_2	4
AV253_2	19
AV253_2	4
AV253_2	7
AV253_2	10
AV253_2	26
AV253_2	14
AV253_2	12
AV253_2	4
AV253_2	4
AV253_2	3
AV253_2	3
AV253_2	17
AV253_2	11
AV253_2	27
AV253_2	7
AV253_2	5
AV253_2	7
AV253_2	4
AV253_2	15
AV253_2	10
AV253_2	13
AV253_2	7
AV253_2	9
AV253_2	13
AV253_2	16
AV253_2	6
AV253_2	15
AV253_2	3
AV253_2	5
AV253_2	9
AV253_2	6
AV253_2	5
AV253_2	7
AV253_2	6
AV253_2	26
AV253_2	6
AV253_2	20
AV253_2	11
AV253_2	12
AV253_2	4
AV253_2	7
AV253_2	8
AV253_2	9
AV253_2	18
AV253_2	10
AV253_2	19
AV253_2	3
AV253_2	7
AV253_2	4
AV253_2	4
AV253_2	6
AV253_2	4
AV253_2	5
AV253_2	10
AV253_2	14
AV253_2	3
AV253_2	13
AV253_2	8
AV253_2	10
AV253_2	20
AV253_2	5
AV253_2	11
AV253_2	4
AV253_2	3
AV253_2	3
AV253_2	14
AV253_2	16
AV253_2	11
AV253_2	3
AV253_2	5
AV253_2	4
AV253_2	17
AV253_2	7
AV253_2	3
AV253_2	13
AV253_2	7
AV253_2	9
AV253_2	7
AV253_2	13
AV253_2	8
AV253_2	12
AV253_2	7
AV253_2	12
AV253_2	5
AV253_2	7
AV253_2	13
AV253_2	4
AV253_2	22
AV253_2	63
AV253_2	3
AV253_2	4
AV253_2	8
AV253_2	8
AV253_2	8
AV253_2	22
AV253_2	21
AV253_2	14
AV253_2	7
AV253_2	3
AV253_2	16
AV253_2	7
AV253_2	19
AV253_2	28
AV253_2	11
AV253_2	3
AV253_2	19
AV253_2	13
AV253_2	19
AV253_2	4
AV253_2	3
AV253_2	10
AV253_2	23
AV253_2	5
AV253_2	10
AV253_2	4
AV253_2	3
AV253_2	29
AV253_2	13
AV253_2	8
AV253_2	3
AV253_2	12
AV253_2	4
AV253_2	3
AV253_2	3
AV253_2	10
AV253_2	19
AV253_2	9
AV253_2	22
AV253_2	10
AV253_2	6
AV253_2	18
AV253_2	11
AV253_2	13
AV253_2	7
AV253_2	16
AV253_2	20
AV253_2	6
AV253_2	5
AV253_2	33
AV253_2	7
AV253_2	3
AV253_2	4
AV253_2	23
AV253_2	6
AV253_2	7
AV253_2	26
AV253_2	7
AV253_2	11
AV253_2	14
AV253_2	19
AV253_2	21
AV253_2	3
AV253_2	5
AV253_2	14
AV253_2	4
AV253_2	3
AV253_2	6
AV253_2	8
AV253_2	16
AV253_2	3
AV253_2	7
AV253_2	27
AV253_2	19
AV253_2	7
AV253_2	27
AV253_2	6
AV253_2	16
AV253_2	6
AV253_2	15
AV253_2	18
AV253_2	8
AV253_2	3
AV253_2	4
AV253_2	3
AV253_2	3
AV253_2	12
AV253_2	11
AV253_2	12
AV253_2	7
AV253_2	9
AV253_2	18
AV253_2	4
AV253_2	10
AV253_2	3
AV253_2	7
AV253_2	4
AV253_2	11
AV253_2	20
AV253_2	5
AV253_2	12
AV253_2	14
AV253_2	4
AV253_2	4
AV253_2	10
AV253_2	6
AV253_2	11
AV253_2	12
AV253_2	17
AV253_2	3
AV253_2	8
AV253_2	9
AV253_2	26
AV253_2	10
AV253_2	10
AV253_2	7
AV253_2	7
AV253_2	4
AV253_2	4
AV253_2	6
AV253_2	4
AV253_2	12
AV253_2	17
AV253_2	21
AV253_2	5
AV253_2	25
AV253_2	26
AV253_2	4
AV253_2	19
AV253_2	16
AV253_2	6
AV253_2	5
AV253_2	30
AV253_2	7
AV253_2	29
AV253_2	76
AV253_2	10
AV253_2	4
AV253_2	3
AV253_2	10
AV253_2	6
AV253_2	4
AV253_2	5
AV253_2	4
AV253_2	22
AV253_2	17
AV253_2	3
AV253_2	3
AV253_2	6
AV253_2	7
AV253_2	7
AV253_2	4
AV253_2	8
AV253_2	12
AV253_2	7
AV253_2	6
AV253_2	9
AV253_2	9
AV253_2	4
AV253_2	10
AV253_2	9
AV253_2	3
AV253_2	9
AV253_2	3
AV253_2	3
AV253_2	13
AV253_2	28
AV253_2	20
AV253_2	12
AV253_2	6
AV253_2	5
AV253_2	15
AV253_2	30
AV253_2	8
AV253_2	3
AV253_2	15
AV253_2	4
AV253_2	13
AV253_2	11
AV253_2	5
AV253_2	12
AV253_2	18
AV253_2	10
AV253_2	25
AV253_2	5
AV253_2	15
AV253_2	7
AV253_2	15
AV253_2	18
AV253_2	4
AV253_2	4
AV253_2	5
AV253_2	8
AV253_2	3
AV253_2	8
AV253_2	11
AV253_2	8
AV253_2	3
AV253_2	10
AV253_2	3
AV253_2	5
AV253_2	5
AV253_2	4
AV253_2	12
AV253_2	8
AV253_2	8
AV253_2	4
AV253_2	21
AV253_2	10
AV253_2	5
AV253_2	25
AV253_2	8
AV253_2	6
AV253_2	3
AV253_2	3
AV253_2	8
AV253_2	4
AV253_2	5
AV253_2	29
AV253_2	3
AV253_2	26
AV253_2	13
AV253_2	7
AV253_2	16
AV253_2	3
AV253_2	6
AV253_2	13
AV253_2	7
AV253_2	5
AV253_2	13
AV253_2	8
AV253_2	5
AV253_2	3
AV253_2	4
AV253_2	7
AV253_2	14
AV253_2	10
AV253_2	4
AV253_2	7
AV253_2	23
AV253_2	5
AV253_2	16
AV253_2	3
AV253_2	7
AV253_2	12
AV253_2	10
AV253_2	9
AV253_2	3
AV253_2	12
AV253_2	11
AV253_2	9
AV253_2	9
AV253_2	7
AV253_2	7
AV253_2	9
AV253_2	5
AV253_2	8
AV253_2	19
AV253_2	3
AV253_2	4
AV253_2	9
AV253_2	3
AV253_2	6
AV253_2	4
AV253_2	13
AV253_2	9
AV253_2	4
AV253_2	6
AV253_2	9
AV253_2	8
AV253_2	4
AV253_2	16
AV253_2	5
AV253_2	4
AV253_2	9
AV253_2	24
AV253_2	6
AV253_2	13
AV253_2	4
AV253_2	4
AV253_2	624
AV253_2	5
AV253_2	19
AV253_2	31
AV253_2	14
AV253_2	6
AV253_2	10
AV253_2	3
AV253_2	4
AV253_2	7
AV253_2	4
AV253_2	8
AV253_2	5
AV253_2	27
AV253_2	6
AV253_2	5
AV253_2	11
AV253_2	24
AV253_2	3
AV253_2	16
AV253_2	9
AV253_2	3
AV253_2	5
AV253_2	3
AV253_2	7
AV253_2	12
AV253_2	22
AV253_2	9
AV253_2	4
AV253_2	5
AV253_2	25
AV253_2	3
AV253_2	8
AV253_2	6
AV253_2	13
AV253_2	25
AV253_2	6
AV253_2	4
AV253_2	12
AV253_2	10
AV253_2	3
AV253_2	3
AV253_2	10
AV253_2	6
AV253_2	18
AV253_2	32
AV253_2	6
AV253_2	3
AV253_2	4
AV253_2	7
AV253_2	15
AV253_2	14
AV253_2	11
AV253_2	3
AV253_2	12
AV253_2	12
AV253_2	52
AV253_2	15
AV253_2	3
AV253_2	12
AV253_2	7
AV253_2	35
AV253_2	8
AV253_2	27
AV253_2	4
AV253_2	18
AV253_2	3
AV253_2	15
AV253_2	8
AV253_2	7
AV253_2	12
AV253_2	3
AV253_2	7
AV253_2	7
AV253_2	6
AV253_2	4
AV253_2	5
AV253_2	7
AV253_2	6
AV253_2	11
AV253_2	7
AV253_2	7
AV253_2	14
AV253_2	16
AV253_2	7
AV253_2	4
AV253_2	7
AV253_2	20
AV253_2	16
AV253_2	13
AV253_2	7
AV253_2	8
AV253_2	8
AV253_2	3
AV253_2	26
AV253_2	8
AV253_2	11
AV253_2	4
AV253_2	7
AV253_2	16
AV253_2	20
AV253_2	5
AV253_2	11
AV253_2	18
AV253_2	4
AV253_2	8
AV253_2	23
AV253_2	5
AV253_2	26
AV253_2	3
AV253_2	6
AV253_2	15
AV253_2	6
AV253_2	22
AV253_2	6
AV253_2	3
AV253_2	25
AV253_2	68
AV253_2	15
AV253_2	18
AV253_2	3
AV253_2	3
AV253_2	12
AV253_2	8
AV253_2	3
AV253_2	13
AV253_2	3
AV253_2	3
AV253_2	5
AV253_2	7
AV253_2	7
AV253_2	29
AV253_2	16
AV253_2	5
AV253_2	3
AV253_2	3
AV253_2	15
AV253_2	4
AV253_2	9
AV253_2	10
AV253_2	4
AV253_2	7
AV253_2	15
AV253_2	6
AV253_2	3
AV253_2	41
AV253_2	7
AV253_2	5
AV253_2	4
AV253_2	19
AV253_2	7
AV253_2	7
AV253_2	9
AV253_2	6
AV253_2	9
AV253_2	6
AV253_2	3
AV253_2	3
AV253_2	11
AV253_2	4
AV253_2	19
AV253_2	3
AV253_2	11
AV253_2	3
AV253_2	3
AV253_2	26
AV253_2	5
AV253_2	7
AV253_2	26
AV253_2	7
AV253_2	12
AV253_2	25
AV253_2	4
AV253_2	10
AV253_2	15
AV253_2	11
AV253_2	3
AV253_2	16
AV253_2	8
AV253_2	6
AV253_2	4
AV253_2	6
AV253_2	17
AV253_2	4
AV253_2	16
AV253_2	7
AV253_2	5
AV253_2	4
AV253_2	5
AV253_2	4
AV253_2	11
AV253_2	7
AV253_2	14
AV253_2	6
AV253_2	15
AV253_2	8
AV253_2	7
AV253_2	9
AV253_2	3
AV253_2	3
AV253_2	4
AV253_2	27
AV253_2	6
AV253_2	34
AV253_2	10
AV253_2	7
AV253_2	9
AV253_2	3
AV253_2	16
AV253_2	11
AV253_2	6
AV253_2	18
AV253_2	4
AV253_2	10
AV253_2	23
AV253_2	11
AV253_2	3
AV253_2	5
AV253_2	8
AV253_2	5
AV253_2	15
AV253_2	21
AV253_2	7
AV253_2	3
AV253_2	23
AV253_2	9
AV253_2	3
AV253_2	4
AV253_2	36
AV253_2	3
AV253_2	8
AV253_2	6
AV253_2	14
AV253_2	4
AV253_2	5
AV253_2	6
AV253_2	19
AV253_2	6
AV253_2	4
AV253_2	9
AV253_2	6
AV253_2	17
AV253_2	5
AV253_2	3
AV253_2	7
AV253_2	7
AV253_2	18
AV253_2	7
AV253_2	4
AV253_2	4
AV253_2	3
AV253_2	26
AV253_2	6
AV253_2	6
AV253_2	3
AV253_2	5
AV253_2	17
AV253_2	9
AV253_2	21
AV253_2	9
AV253_2	6
AV253_2	4
AV253_2	4
AV253_2	17
AV253_2	15
AV253_2	22
AV253_2	3
AV253_2	4
AV253_2	3
AV253_2	5
AV253_2	10
AV253_2	3
AV253_2	22
AV253_2	4
AV253_2	3
AV253_2	6
AV253_2	4
AV253_2	8
AV253_2	18
AV253_2	3
AV253_2	4
AV253_2	5
AV253_2	13
AV253_2	13
AV253_2	4
AV253_2	3
AV253_2	5
AV253_2	24
AV253_2	3
AV253_2	10
AV253_2	24
AV253_2	20
AV253_2	3
AV253_2	14
AV253_2	4
AV253_2	13
AV253_2	7
AV253_2	7
AV253_2	3
AV253_2	39
AV253_2	9
AV253_2	22
AV253_2	15
AV253_2	25
AV253_2	8
AV253_2	17
AV253_2	7
AV253_2	5
AV253_2	3
AV253_2	14
AV253_2	18
AV253_2	7
AV253_2	8
AV253_2	6
AV253_2	4
AV253_2	5
AV253_2	14
AV253_2	4
AV253_2	14
AV253_2	12
AV253_2	3
AV253_2	3
AV253_2	12
AV253_2	4
AV253_2	6
AV253_2	7
AV253_2	28
AV253_2	4
AV253_2	13
AV253_2	11
AV253_2	18
AV253_2	5
AV253_2	10
AV253_2	4
AV253_2	8
AV253_2	6
AV253_2	12
AV253_2	12
AV253_2	6
AV253_2	6
AV253_2	5
AV253_2	3
AV253_2	7
AV253_2	14
AV253_2	22
AV253_2	4
AV253_2	13
AV253_2	17
AV253_2	3
AV253_2	23
AV253_2	9
AV253_2	4
AV253_2	20
AV253_2	14
AV253_2	8
AV253_2	4
AV253_2	10
AV253_2	3
AV253_2	15
AV253_2	9
AV253_2	15
AV253_2	5
AV253_2	3
AV253_2	18
AV253_2	26
AV253_2	5
AV253_2	4
AV253_2	26
AV253_2	41
AV253_2	11
AV253_2	17
AV253_2	17
AV253_2	16
AV253_2	5
AV253_2	10
AV253_2	12
AV253_2	4
AV253_2	3
AV253_2	7
AV253_2	7
AV253_2	6
AV253_2	6
AV253_2	9
AV253_2	15
AV253_2	7
AV253_2	18
AV253_2	3
AV253_2	14
AV253_2	3
AV253_2	3
AV253_2	22
AV253_2	23
AV253_2	22
AV253_2	15
AV253_2	10
AV253_2	7
AV253_2	4
AV253_2	20
AV253_2	6
AV253_2	18
AV253_2	5
AV253_2	6
AV253_2	26
AV253_2	17
AV253_2	23
AV253_2	244
AV253_2	6
AV253_2	8
AV253_2	13
AV253_2	14
AV253_2	7
AV253_2	6
AV253_2	11
AV253_2	4
AV253_2	13
AV253_2	9
AV253_2	4
AV253_2	13
AV253_2	9
AV253_2	5
AV253_2	15
AV253_2	18
AV253_2	11
AV253_2	7
AV253_2	6
AV253_2	11
AV253_2	12
AV253_2	3
AV253_2	8
AV253_2	16
AV253_2	8
AV253_2	3
AV253_2	3
AV253_2	11
AV253_2	10
AV253_2	10
AV253_2	8
AV253_2	10
AV253_2	3
AV253_2	3
AV253_2	7
AV253_2	6
AV253_2	7
AV253_2	16
AV253_2	6
AV253_2	11
AV253_2	6
AV253_2	16
AV253_2	3
AV253_2	19
AV253_2	43
AV253_2	8
AV253_2	19
AV253_2	3
AV253_2	12
AV253_2	5
AV253_2	9
AV253_2	24
AV253_2	4
AV253_2	11
AV253_2	6
AV253_2	3
AV253_2	3
AV253_2	8
AV253_2	6
AV253_2	10
AV253_2	3
AV253_2	4
AV253_2	6
AV253_2	3
AV253_2	3
AV253_2	23
AV253_2	9
AV253_2	8
AV253_2	12
AV253_2	6
AV253_2	3
AV253_2	18
AV253_2	6
AV253_2	9
AV253_2	8
AV253_2	7
AV253_2	16
AV253_2	14
AV253_2	6
AV253_2	14
AV253_2	5
AV253_2	4
AV253_2	6
AV253_2	4
AV253_2	16
AV253_2	3
AV253_2	10
AV253_2	23
AV253_2	3
AV253_2	8
AV253_2	35
AV253_2	27
AV253_2	5
AV253_2	3
AV253_2	8
AV253_2	16
AV253_2	10
AV253_2	8
AV253_2	3
AV253_2	6
AV253_2	9
AV253_2	13
AV253_2	14
AV253_2	9
AV253_2	8
AV253_2	6
AV253_2	7
AV253_2	13
AV253_2	4
AV253_2	30
AV253_2	6
AV253_2	29
AV253_2	5
AV253_2	4
AV253_2	8
AV253_2	8
AV253_2	4
AV253_2	15
AV253_2	18
AV253_2	5
AV253_2	6
AV253_2	3
AV253_2	4
AV253_2	10
AV253_2	11
AV253_2	14
AV253_2	23
AV253_2	9
AV253_2	4
AV253_2	6
AV253_2	8
AV253_2	27
AV253_2	16
AV253_2	6
AV253_2	16
AV253_2	19
AV253_2	3
AV253_2	6
AV253_2	20
AV253_2	15
AV253_2	54
AV253_2	7
AV253_2	4
AV253_2	6
AV253_2	11
AV253_2	17
AV253_2	13
AV253_2	34
AV253_2	6
AV253_2	3
AV253_2	19
AV253_2	12
AV253_2	11
AV253_2	19
AV253_2	20
AV253_2	4
AV253_2	7
AV253_2	3
AV253_2	20
AV253_2	10
AV253_2	18
AV253_2	3
AV253_2	23
AV253_2	14
AV253_2	5
AV253_2	4
AV253_2	8
AV253_2	4
AV253_2	9
AV253_2	81
AV253_2	29
AV253_2	8
AV253_2	4
AV253_2	4
AV253_2	3
AV253_2	21
AV253_2	10
AV253_2	20
AV253_2	20
AV253_2	21
AV253_2	18
AV253_2	10
AV253_2	18
AV253_2	3
AV253_2	4
AV253_2	10
AV253_2	8
AV253_2	11
AV253_2	16
AV253_2	16
AV253_2	10
AV253_2	3
AV253_2	3
AV253_2	3
AV253_2	3
AV253_2	8
AV253_2	8
AV253_2	30
AV253_2	3
AV253_2	9
AV253_2	3
AV253_2	4
AV253_2	6
AV253_2	6
AV253_2	16
AV253_2	3
AV253_2	13
AV253_2	4
AV253_2	6
AV253_2	17
AV253_2	3
AV253_2	7
AV253_2	14
AV253_2	8
AV253_2	4
AV253_2	12
AV253_2	5
AV253_2	3
AV253_2	23
AV253_2	22
AV253_2	5
AV253_2	32
AV253_2	10
AV253_2	7
AV253_2	3
AV253_2	5
AV253_2	8
AV253_2	18
AV253_2	7
AV253_2	9
AV253_2	39
AV253_2	9
AV253_2	18
AV253_2	15
AV253_2	8
AV253_2	12
AV253_2	8
AV253_2	14
AV253_2	25
AV253_2	7
AV253_2	11
AV253_2	8
AV253_2	5
AV253_2	3
AV253_2	3
AV253_2	17
AV253_2	23
AV253_2	3
AV253_2	11
AV253_2	4
AV253_2	11
AV253_2	23
AV253_2	16
AV253_2	16
AV253_2	3
AV253_2	6
AV253_2	6
AV253_2	11
AV253_2	3
AV253_2	4
AV253_2	28
AV253_2	3
AV253_2	6
AV253_2	3
AV253_2	9
AV253_2	17
AV253_2	8
AV253_2	3
AV253_2	8
AV253_2	3
AV253_2	3
AV253_2	3
AV253_2	12
AV253_2	3
AV253_2	3
AV253_2	7
AV253_2	8
AV253_2	4
AV253_2	19
AV253_2	7
AV253_2	3
AV253_2	7
AV253_2	14
AV253_2	11
AV253_2	7
AV253_2	4
AV253_2	3
AV253_2	3
AV253_2	3
AV253_2	3
AV253_2	7
AV253_2	6
AV253_2	12
AV253_2	4
AV253_2	4
AV253_2	35
AV253_2	13
AV253_2	7
AV253_2	5
AV253_2	25
AV253_2	4
AV253_2	3
AV253_2	12
AV253_2	4
AV253_2	10
AV253_2	15
AV253_2	8
AV253_2	4
AV253_2	4
AV253_2	12
AV253_2	3
AV253_2	8
AV253_2	7
AV253_2	21
AV253_2	40
AV253_2	3
AV253_2	6
AV253_2	5
AV253_2	11
AV253_2	18
AV253_2	24
AV253_2	6
AV253_2	17
AV253_2	17
AV253_2	7
AV253_2	21
AV253_2	11
AV253_2	3
AV253_2	22
AV253_2	30
AV253_2	5
AV253_2	4
AV253_2	4
AV253_2	3
AV253_2	8
AV253_2	3
AV253_2	3
AV253_2	6
AV253_2	27
AV253_2	3
AV253_2	6
AV253_2	6
AV253_2	38
AV253_2	7
AV253_2	17
AV253_2	9
AV253_2	20
AV253_2	4
AV253_2	15
AV253_2	20
AV253_2	9
AV253_2	5
AV253_2	18
AV253_2	4
AV253_2	7
AV253_2	6
AV253_2	3
AV253_2	7
AV253_2	11
AV253_2	7
AV253_2	3
AV253_2	3
AV253_2	8
AV253_2	7
AV253_2	26
AV253_2	12
AV253_2	3
AV253_2	4
AV253_2	6
AV253_2	13
AV253_2	3
AV253_2	5
AV253_2	10
AV253_2	4
AV253_2	7
AV253_2	4
AV253_2	3
AV253_2	4
AV253_2	7
AV253_2	5
AV253_2	8
AV253_2	3
AV253_2	4
AV253_2	6
AV253_2	4
AV253_2	4
AV253_2	7
AV253_2	5
AV253_2	28
AV253_2	14
AV253_2	5
AV253_2	10
AV253_2	15
AV253_2	17
AV253_2	11
AV253_2	15
AV253_2	3
AV253_2	10
AV253_2	5
AV253_2	8
AV253_2	18
AV253_2	11
AV253_2	9
AV253_2	8
AV253_2	3
AV253_2	3
AV253_2	17
AV253_2	4
AV253_2	11
AV253_2	20
AV253_2	3
AV253_2	8
AV253_2	12
AV253_2	3
AV253_2	3
AV253_2	11
AV253_2	6
AV253_2	18
AV253_2	4
AV253_2	4
AV253_2	12
AV253_2	6
AV253_2	4
AV253_2	5
AV253_2	4
AV253_2	32
AV253_2	9
AV253_2	32
AV253_2	10
AV253_2	5
AV253_2	13
AV253_2	7
AV253_2	8
AV253_2	35
AV253_2	28
AV253_2	4
AV253_2	3
AV253_2	9
AV253_2	3
AV253_2	10
AV253_2	4
AV253_2	8
AV253_2	16
AV253_2	8
AV253_2	3
AV253_2	7
AV253_2	11
AV253_2	13
AV253_2	12
AV253_2	23
AV253_2	3
AV253_2	33
AV253_2	6
AV253_2	15
AV253_2	31
AV253_2	4
AV253_2	4
AV253_2	7
AV253_2	20
AV253_2	8
AV253_2	21
AV253_2	6
AV253_2	3
AV253_2	4
AV253_2	3
AV253_2	11
AV253_2	10
AV253_2	3
AV253_2	25
AV253_2	8
AV253_2	5
AV253_2	9
AV253_2	4
AV253_2	23
AV253_2	3
AV253_2	3
AV253_2	5
AV253_2	9
AV253_2	15
AV253_2	11
AV253_2	4
AV253_2	16
AV253_2	3
AV253_2	8
AV253_2	5
AV253_2	4
AV253_2	6
AV253_2	19
AV253_2	8
AV253_2	22
AV253_2	4
AV253_2	4
AV253_2	7
AV253_2	6
AV253_2	7
AV253_2	6
AV253_2	6
AV253_2	3
AV253_2	17
AV253_2	5
AV253_2	5
AV253_2	22
AV253_2	23
AV253_2	10
AV253_2	8
AV253_2	3
AV253_2	6
AV253_2	11
AV253_2	6
AV253_2	22
AV253_2	6
AV253_2	3
AV253_2	3
AV253_2	17
AV253_2	9
AV253_2	6
AV253_2	8
AV253_2	8
AV253_2	4
AV253_2	13
AV253_2	14
AV253_2	6
AV253_2	11
AV253_2	12
AV253_2	3
AV253_2	3
AV253_2	3
AV253_2	4
AV253_2	3
AV253_2	14
AV253_2	16
AV253_2	3
AV253_2	5
AV253_2	5
AV253_2	16
AV253_2	17
AV253_2	14
AV253_2	6
AV253_2	3
AV253_2	14
AV253_2	7
AV253_2	7
AV253_2	9
AV253_2	5
AV253_2	11
AV253_2	7
AV253_2	7
AV253_2	3
AV253_2	24
AV253_2	7
AV253_2	25
AV253_2	20
AV253_2	7
AV253_2	3
AV253_2	3
AV253_2	3
AV253_2	11
AV253_2	8
AV253_2	4
AV253_2	5
AV253_2	3
AV253_2	14
AV253_2	83
AV253_2	8
AV253_2	14
AV253_2	7
AV253_2	11
AV253_2	16
AV253_2	8
AV253_2	6
AV253_2	10
AV253_2	7
AV253_2	15
AV253_2	4
AV253_2	3
AV253_2	18
AV253_2	5
AV253_2	11
AV253_2	3
AV253_2	9
AV253_2	3
AV253_2	7
AV253_2	3
AV253_2	13
AV253_2	5
AV253_2	8
AV253_2	19
AV253_2	5
AV253_2	23
AV253_2	7
AV253_2	4
AV253_2	5
AV253_2	11
AV253_2	5
AV253_2	22
AV253_2	18
AV253_2	7
AV253_2	4
AV253_2	18
AV253_2	7
AV253_2	32
AV253_2	16
AV253_2	9
AV253_2	12
AV253_2	8
AV253_2	13
AV253_2	3
AV253_2	17
AV253_2	3
AV253_2	25
AV253_2	5
AV253_2	3
AV253_2	9
AV253_2	12
AV253_2	7
AV253_2	9
AV253_2	5
AV253_2	8
AV253_2	3
AV253_2	9
AV253_2	4
AV253_2	31
AV253_2	6
AV253_2	868
AV253_2	17
AV253_2	11
AV253_2	5
AV253_2	12
AV253_2	13
AV253_2	3
AV253_2	24
AV253_2	11
AV253_2	21
AV253_2	14
AV253_2	8
AV253_2	5
AV253_2	4
AV253_2	3
AV253_2	6
AV253_2	9
AV253_2	11
AV253_2	12
AV253_2	6
AV253_2	3
AV253_2	4
AV253_2	11
AV253_2	17
AV253_2	18
AV253_2	26
AV253_2	3
AV253_2	13
AV253_2	10
AV253_2	25
AV253_2	4
AV253_2	10
AV253_2	16
AV253_2	26
AV253_2	8
AV253_2	6
AV253_2	3
AV253_2	18
AV253_2	3
AV253_2	16
AV253_2	9
AV253_2	27
AV253_2	4
AV253_2	4
AV253_2	14
AV253_2	3
AV253_2	9
AV253_2	10
AV253_2	17
AV253_2	4
AV253_2	19
AV253_2	16
AV253_2	10
AV253_2	35
AV253_2	19
AV253_2	5
AV253_2	11
AV253_2	24
AV253_2	7
AV253_2	7
AV253_2	14
AV253_2	3
AV253_2	8
AV253_2	5
AV253_2	19
AV253_2	6
AV253_2	15
AV253_2	13
AV253_2	7
AV253_2	4
AV253_2	3
AV253_2	3
AV253_2	7
AV253_2	5
AV253_2	6
AV253_2	5
AV253_2	19
AV253_2	27
AV253_2	10
AV253_2	9
AV253_2	10
AV253_2	3
AV253_2	5
AV253_2	9
AV253_2	5
AV253_2	19
AV253_2	13
AV253_2	16
AV253_2	9
AV253_2	15
AV253_2	12
AV253_2	10
AV253_2	13
AV253_2	6
AV253_2	18
AV253_2	9
AV253_2	5
AV253_2	8
AV253_2	9
AV253_2	13
AV253_2	5
AV253_2	4
AV253_2	20
AV253_2	15
AV253_2	7
AV253_2	7
AV253_2	10
AV253_2	8
AV253_2	12
AV253_2	30
AV253_2	11
AV253_2	3
AV253_2	18
AV253_2	3
AV253_2	12
AV253_2	9
AV253_2	22
AV253_2	3
AV253_2	7
AV253_2	4
AV253_2	8
AV253_2	11
AV253_2	3
AV253_2	6
AV253_2	16
AV253_2	21
AV253_2	10
AV253_2	4
AV253_2	3
AV253_2	22
AV253_2	11
AV253_2	14
AV253_2	6
AV253_2	18
AV253_2	7
AV253_2	6
AV253_2	3
AV253_2	37
AV253_2	12
AV253_2	12
AV253_2	4
AV253_2	24
AV253_2	5
AV253_2	6
AV253_2	10
AV253_2	13
AV253_2	11
AV253_2	32
AV253_2	14
AV253_2	6
AV253_2	12
AV253_2	26
AV253_2	19
AV253_2	5
AV253_2	10
AV253_2	19
AV253_2	134
AV253_2	18
AV253_2	12
AV253_2	5
AV253_2	19
AV253_2	17
AV253_2	6
AV253_2	3
AV253_2	5
AV253_2	6
AV253_2	4
AV253_2	8
AV253_2	12
AV253_2	18
AV253_2	12
AV253_2	4
AV253_2	11
AV253_2	12
AV253_2	5
AV253_2	3
AV253_2	3
AV253_2	3
AV253_2	49
AV253_2	8
AV253_2	4
AV253_2	24
AV253_2	7
AV253_2	13
AV253_2	5
AV253_2	6
AV253_2	8
AV253_2	7
AV253_2	14
AV253_2	11
AV253_2	3
AV253_2	14
AV253_2	30
AV253_2	19
AV253_2	12
AV253_2	26
AV253_2	4
AV253_2	8
AV253_2	5
AV253_2	5
AV253_2	11
AV253_2	11
AV253_2	18
AV253_2	18
AV253_2	5
AV253_2	6
AV253_2	3
AV253_2	7
AV253_2	3
AV253_2	7
AV253_2	12
AV253_2	11
AV253_2	16
AV253_2	5
AV253_2	3
AV253_2	3
AV253_2	8
AV253_2	7
AV253_2	19
AV253_2	5
AV253_2	5
AV253_2	11
AV253_2	12
AV253_2	3
AV253_2	4
AV253_2	8
AV253_2	13
AV253_2	7
AV253_2	12
AV253_2	12
AV253_2	6
AV253_2	5
AV253_2	8
AV253_2	9
AV253_2	3
AV253_2	9
AV253_2	21
AV253_2	7
AV253_2	6
AV253_2	18
AV253_2	26
AV253_2	15
AV253_2	7
AV253_2	5
AV253_2	5
AV253_2	3
AV253_2	17
AV253_2	3
AV253_2	7
AV253_2	38
AV253_2	11
AV253_2	29
AV253_2	11
AV253_2	34
AV253_2	20
AV253_2	21
AV253_2	11
AV253_2	5
AV253_2	12
AV253_2	26
AV253_2	8
AV253_2	18
AV253_2	3
AV253_2	33
AV253_2	19
AV253_2	13
AV253_2	3
AV253_2	10
AV253_2	31
AV253_2	4
AV253_2	10
AV253_2	3
AV253_2	22
AV253_2	3
AV253_2	10
AV253_2	17
AV253_2	16
AV253_2	6
AV253_2	15
AV253_2	15
AV253_2	5
AV253_2	20
AV253_2	11
AV253_2	50
AV253_2	11
AV253_2	6
AV253_2	3
AV253_2	14
AV253_2	16
AV253_2	11
AV253_2	31
AV253_2	6
AV253_2	22
AV253_2	3
AV253_2	4
AV253_2	9
AV253_2	9
AV253_2	4
AV253_2	4
AV253_2	3
AV253_2	5
AV253_2	13
AV253_2	8
AV253_2	16
AV253_2	4
AV253_2	4
AV253_2	3
AV253_2	21
AV253_2	13
AV253_2	20
AV253_2	3
AV253_2	22
AV253_2	8
AV253_2	12
AV253_2	7
AV253_2	9
AV253_2	24
AV253_2	4
AV253_2	8
AV253_2	3
AV253_2	5
AV253_2	4
AV253_2	25
AV253_2	3
AV253_2	12
AV253_2	10
AV253_2	3
AV253_2	6
AV253_2	10
AV253_2	6
AV253_2	17
AV253_2	9
AV253_2	8
AV253_2	6
AV253_2	19
AV253_2	8
AV253_2	22
AV253_2	13
AV253_2	8
AV253_2	5
AV253_2	7
AV253_2	8
AV253_2	8
AV253_2	11
AV253_2	10
AV253_2	13
AV253_2	10
AV253_2	3
AV253_2	8
AV253_2	5
AV253_2	24
AV253_2	14
AV253_2	8
AV253_2	10
AV253_2	3
AV253_2	3
AV253_2	6
AV253_2	5
AV253_2	8
AV253_2	6
AV253_2	5
AV253_2	7
AV253_2	9
AV253_2	16
AV253_2	17
AV253_2	3
AV253_2	6
AV253_2	5
AV253_2	5
AV253_2	20
AV253_2	18
AV253_2	3
AV253_2	3
AV253_2	3
AV253_2	7
AV253_2	11
AV253_2	5
AV253_2	12
AV253_2	3
AV253_2	4
AV253_2	4
AV253_2	10
AV253_2	4
AV253_2	14
AV253_2	16
AV253_2	9
AV253_2	9
AV253_2	5
AV253_2	24
AV253_2	3
AV253_2	10
AV253_2	10
AV253_2	6
AV253_2	16
AV253_2	5
AV253_2	7
AV253_2	17
AV253_2	9
AV253_2	4
AV253_2	5
AV253_2	11
AV253_2	5
AV253_2	3
AV253_2	7
AV253_2	6
AV253_2	3
AV253_2	35
AV253_2	23
AV253_2	6
AV253_2	16
AV253_2	8
AV253_2	3
AV253_2	3
AV253_2	37
AV253_2	13
AV253_2	7
AV253_2	14
AV253_2	8
AV253_2	4
AV253_2	8
AV253_2	13
AV253_2	4
AV253_2	15
AV253_2	31
AV253_2	12
AV253_2	3
AV253_2	7
AV253_2	5
AV253_2	38
AV253_2	9
AV253_2	3
AV253_2	7
AV253_2	9
AV253_2	3
AV253_2	4
AV253_2	4
AV253_2	6
AV253_2	3
AV253_2	9
AV253_2	6
AV253_2	25
AV253_2	14
AV253_2	4
AV253_2	11
AV253_2	7
AV253_2	4
AV253_2	15
AV253_2	4
AV253_2	12
AV253_2	15
AV253_2	6
AV253_2	16
AV253_2	11
AV253_2	3
AV253_2	3
AV253_2	10
AV253_2	3
AV253_2	6
AV253_2	3
AV253_2	5
AV253_2	3
AV253_2	18
AV253_2	7
AV253_2	6
AV253_2	5
AV253_2	3
AV253_2	7
AV253_2	4
AV253_2	3
AV253_2	5
AV253_2	13
AV253_2	13
AV253_2	11
AV253_2	8
AV253_2	11
AV253_2	5
AV253_2	5
AV253_2	12
AV253_2	32
AV253_2	6
AV253_2	3
AV253_2	7
AV253_2	15
AV253_2	6
AV253_2	4
AV253_2	6
AV253_2	9
AV253_2	23
AV253_2	3
AV253_2	3
AV253_2	3
AV253_2	5
AV253_2	7
AV253_2	15
AV253_2	5
AV253_2	3
AV253_2	4
AV253_2	3
AV253_2	3
AV253_2	6
AV253_2	21
AV253_2	6
AV253_2	3
AV253_2	15
AV253_2	17
AV253_2	7
AV253_2	4
AV253_2	10
AV253_2	7
AV253_2	16
AV253_2	11
AV253_2	7
AV253_2	17
AV253_2	7
AV253_2	5
AV253_2	23
AV253_2	3
AV253_2	3
AV253_2	7
AV253_2	16
AV253_2	4
AV253_2	5
AV253_2	3
AV253_2	5
AV253_2	8
AV253_2	3
AV253_2	8
AV253_2	7
AV253_2	9
AV253_2	4
AV253_2	7
AV253_2	19
AV253_2	18
AV253_2	12
AV253_2	5
AV253_2	11
AV253_2	3
AV253_2	12
AV253_2	22
AV253_2	10
AV253_2	6
AV253_2	7
AV253_2	19
AV253_2	10
AV253_2	7
AV253_2	13
AV253_2	3
AV253_2	6
AV253_2	31
AV253_2	4
AV253_2	5
AV253_2	6
AV253_2	11
AV253_2	15
AV253_2	29
AV253_2	5
AV253_2	26
AV253_2	9
AV253_2	5
AV253_2	5
AV253_2	19
AV253_2	5
AV253_2	4
AV253_2	3
AV253_2	36
AV253_2	4
AV253_2	9
AV253_2	4
AV253_2	3
AV253_2	12
AV253_2	14
AV253_2	10
AV253_2	3
AV253_2	12
AV253_2	3
AV253_2	11
AV253_2	12
AV253_2	15
AV253_2	29
AV253_2	4
AV253_2	3
AV253_2	12
AV253_2	5
AV253_2	12
AV253_2	5
AV253_2	5
AV253_2	3
AV253_2	17
AV253_2	3
AV253_2	17
AV253_2	18
AV253_2	5
AV253_2	3
AV253_2	4
AV253_2	12
AV253_2	9
AV253_2	18
AV253_2	5
AV253_2	14
AV253_2	4
AV253_2	9
AV253_2	25
AV253_2	6
AV253_2	17
AV253_2	6
AV253_2	9
AV253_2	5
AV253_2	17
AV253_2	5
AV253_2	12
AV253_2	3
AV253_2	12
AV253_2	5
AV253_2	31
AV253_2	9
AV253_2	7
AV253_2	16
AV253_2	25
AV253_2	3
AV253_2	11
AV253_2	26
AV253_2	3
AV253_2	7
AV253_2	9
AV253_2	4
AV253_2	5
AV253_2	7
AV253_2	25
AV253_2	25
AV253_2	8
AV253_2	17
AV253_2	10
AV253_2	25
AV253_2	5
AV253_2	5
AV253_2	6
AV253_2	39
AV253_2	9
AV253_2	17
AV253_2	19
AV253_2	7
AV253_2	16
AV253_2	5
AV253_2	4
AV253_2	7
AV253_2	6
AV253_2	9
AV253_2	15
AV253_2	9
AV253_2	14
AV253_2	5
AV253_2	5
AV253_2	14
AV253_2	21
AV253_2	15
AV253_2	6
AV253_2	19
AV253_2	23
AV253_2	21
AV253_2	10
AV253_2	4
AV253_2	14
AV253_2	10
AV253_2	15
AV253_2	3
AV253_2	22
AV253_2	3
AV253_2	18
AV253_2	10
AV253_2	4
AV253_2	7
AV253_2	4
AV253_2	7
AV253_2	10
AV253_2	4
AV253_2	19
AV253_2	8
AV253_2	7
AV253_2	3
AV253_2	6
AV253_2	3
AV253_2	15
AV253_2	8
AV253_2	25
AV253_2	8
AV253_2	17
AV253_2	3
AV253_2	5
AV253_2	8
AV253_2	5
AV253_2	3
AV253_2	21
AV253_2	14
AV253_2	3
AV253_2	14
AV253_2	5
AV253_2	4
AV253_2	4
AV253_2	12
AV253_2	14
AV253_2	5
AV253_2	4
AV253_2	41
AV253_2	14
AV253_2	8
AV253_2	20
AV253_2	19
AV253_2	23
AV253_2	17
AV253_2	3
AV253_2	11
AV253_2	7
AV253_2	7
AV253_2	10
AV253_2	6
AV253_2	8
AV253_2	3
AV253_2	3
AV253_2	15
AV253_2	9
AV253_2	6
AV253_2	23
AV253_2	4
AV253_2	10
AV253_2	15
AV253_2	10
AV253_2	13
AV253_2	18
AV253_2	14
AV253_2	5
AV253_2	4
AV253_2	9
AV253_2	4
AV253_2	3
AV253_2	3
AV253_2	20
AV253_2	3
AV253_2	17
AV253_2	7
AV253_2	6
AV253_2	15
AV253_2	5
AV253_2	10
AV253_2	3
AV253_2	14
AV253_2	6
AV253_2	4
AV253_2	6
AV253_2	14
AV253_2	10
AV253_2	25
AV253_2	4
AV253_2	3
AV253_2	10
AV253_2	3
AV253_2	3
AV253_2	11
AV253_2	10
AV253_2	3
AV253_2	11
AV253_2	3
AV253_2	10
AV253_2	12
AV253_2	5
AV253_2	3
AV253_2	6
AV253_2	14
AV253_2	7
AV253_2	7
AV253_2	36
AV253_2	24
AV253_2	4
AV253_2	3
AV253_2	9
AV253_2	4
AV253_2	3
AV253_2	5
AV253_2	5
AV253_2	5
AV253_2	12
AV253_2	21
AV253_2	4
AV253_2	12
AV253_2	8
AV253_2	5
AV253_2	45
AV253_2	13
AV253_2	31
AV253_2	6
AV253_2	18
AV253_2	6
AV253_2	3
AV253_2	5
AV253_2	7
AV253_2	25
AV253_2	3
AV253_2	7
AV253_2	4
AV253_2	3
AV253_2	12
AV253_2	10
AV253_2	3
AV253_2	9
AV253_2	3
AV253_2	4
AV253_2	3
AV253_2	21
AV253_2	9
AV253_2	5
AV253_2	4
AV253_2	3
AV253_2	3
AV253_2	6
AV253_2	4
AV253_2	7
AV253_2	5
AV253_2	8
AV253_2	16
AV253_2	8
AV253_2	3
AV253_2	7
AV253_2	12
AV253_2	4
AV253_2	6
AV253_2	19
AV253_2	34
AV253_2	4
AV253_2	3
AV253_2	14
AV253_2	4
AV253_2	3
AV253_2	13
AV253_2	18
AV253_2	7
AV253_2	9
AV253_2	9
AV253_2	9
AV253_2	8
AV253_2	3
AV253_2	4
AV253_2	21
AV253_2	30
AV253_2	10
AV253_2	23
AV253_2	4
AV253_2	5
AV253_2	8
AV253_2	11
AV253_2	3
AV253_2	4
AV253_2	3
AV253_2	8
AV253_2	5
AV253_2	6
AV253_2	8
AV253_2	12
AV253_2	11
AV253_2	33
AV253_2	6
AV253_2	21
AV253_2	4
AV253_2	15
AV253_2	21
AV253_2	11
AV253_2	9
AV253_2	17
AV253_2	11
AV253_2	6
AV253_2	30
AV253_2	7
AV253_2	28
AV253_2	21
AV253_2	7
AV253_2	6
AV253_2	8
AV253_2	13
AV253_2	5
AV253_2	27
AV253_2	18
AV253_2	35
AV253_2	6
AV253_2	6
AV253_2	19
AV253_2	7
AV253_2	6
AV253_2	4
AV253_2	9
AV253_2	3
AV253_2	8
AV253_2	5
AV253_2	5
AV253_2	11
AV253_2	18
AV253_2	12
AV253_2	18
AV253_2	17
AV253_2	4
AV253_2	27
AV253_2	4
AV253_2	4
AV253_2	3
AV253_2	13
AV253_2	23
AV253_2	9
AV253_2	6
AV253_2	18
AV253_2	12
AV253_2	6
AV253_2	19
AV253_2	28
AV253_2	5
AV253_2	4
AV253_2	3
AV253_2	3
AV253_2	11
AV253_2	3
AV253_2	15
AV253_2	35
AV253_2	5
AV253_2	8
AV253_2	8
AV253_2	19
AV253_2	4
AV253_2	15
AV253_2	14
AV253_2	8
AV253_2	12
AV253_2	5
AV253_2	3
AV253_2	5
AV253_2	8
AV253_2	18
AV253_2	9
AV253_2	3
AV253_2	9
AV253_2	4
AV253_2	20
AV253_2	7
AV253_2	5
AV253_2	4
AV253_2	12
AV253_2	21
AV253_2	5
AV253_2	28
AV253_2	22
AV253_2	7
AV253_2	11
AV253_2	11
AV253_2	18
AV253_2	4
AV253_2	3
AV253_2	6
AV253_2	10
AV253_2	5
AV253_2	16
AV253_2	6
AV253_2	4
AV253_2	8
AV253_2	6
AV253_2	4
AV253_2	8
AV253_2	5
AV253_2	3
AV253_2	31
AV253_2	6
AV253_2	13
AV253_2	23
AV253_2	24
AV253_2	36
AV253_2	4
AV253_2	14
AV253_2	14
AV253_2	3
AV253_2	9
AV253_2	13
AV253_2	6
AV253_2	4
AV253_2	14
AV253_2	3
AV253_2	21
AV253_2	4
AV253_2	14
AV253_2	31
AV253_2	4
AV253_2	12
AV253_2	16
AV253_2	12
AV253_2	22
AV253_2	5
AV253_2	5
AV253_2	8
AV253_2	37
AV253_2	13
AV253_2	5
AV253_2	8
AV253_2	8
AV253_2	3
AV253_2	14
AV253_2	10
AV253_2	27
AV253_2	11
AV253_2	14
AV253_2	4
AV253_2	16
AV253_2	18
AV253_2	10
AV253_2	7
AV253_2	3
AV253_2	10
AV253_2	13
AV253_2	3
AV253_2	13
AV253_2	5
AV253_2	6
AV253_2	9
AV253_2	6
AV253_2	9
AV253_2	3
AV253_2	11
AV253_2	4
AV253_2	4
AV253_2	6
AV253_2	3
AV253_2	7
AV253_2	5
AV253_2	11
AV253_2	8
AV253_2	5
AV253_2	8
AV253_2	13
AV253_2	4
AV253_2	3
AV253_2	5
AV253_2	18
AV253_2	3
AV253_2	4
AV253_2	10
AV253_2	14
AV253_2	11
AV253_2	22
AV253_2	6
AV253_2	9
AV253_2	9
AV253_2	4
AV253_2	14
AV253_2	5
AV253_2	3
AV253_2	3
AV253_2	17
AV253_2	18
AV253_2	8
AV253_2	19
AV253_2	13
AV253_2	21
AV253_2	7
AV253_2	31
AV253_2	13
AV253_2	3
AV253_2	3
AV253_2	4
AV253_2	10
AV253_2	5
AV253_2	3
AV253_2	18
AV253_2	6
AV253_2	13
AV253_2	3
AV253_2	18
AV253_2	5
AV253_2	7
AV253_2	9
AV253_2	25
AV253_2	3
AV253_2	11
AV253_2	6
AV253_2	22
AV253_2	7
AV253_2	16
AV253_2	35
AV253_2	24
AV253_2	30
AV253_2	8
AV253_2	3
AV253_2	9
AV253_2	3
AV253_2	5
AV253_2	4
AV253_2	14
AV253_2	14
AV253_2	3
AV253_2	12
AV253_2	18
AV253_2	16
AV253_2	5
AV253_2	6
AV253_2	8
AV253_2	8
AV253_2	7
AV253_2	40
AV253_2	29
AV253_2	6
AV253_2	5
AV253_2	14
AV253_2	15
AV253_2	26
AV253_2	9
AV253_2	9
AV253_2	10
AV253_2	5
AV253_2	5
AV253_2	5
AV253_2	5
AV253_2	6
AV253_2	4
AV253_2	5
AV253_2	18
AV253_2	6
AV253_2	6
AV253_2	6
AV253_2	19
AV253_2	13
AV253_2	7
AV253_2	6
AV253_2	77
AV253_2	4
AV253_2	7
AV253_2	5
AV253_2	12
AV253_2	12
AV253_2	22
AV253_2	11
AV253_2	9
AV253_2	3
AV253_2	6
AV253_2	3
AV253_2	12
AV253_2	5
AV253_2	8
AV253_2	7
AV253_2	22
AV253_2	8
AV253_2	11
AV253_2	17
AV253_2	3
AV253_2	11
AV253_2	9
AV253_2	5
AV253_2	13
AV253_2	4
AV253_2	10
AV253_2	4
AV253_2	11
AV253_2	11
AV253_2	9
AV253_2	3
AV253_2	26
AV253_2	14
AV253_2	5
AV253_2	3
AV253_2	19
AV253_2	3
AV253_2	6
AV253_2	12
AV253_2	11
AV253_2	3
AV253_2	4
AV253_2	14
AV253_2	13
AV253_2	5
AV253_2	24
AV253_2	7
AV253_2	5
AV253_2	6
AV253_2	5
AV253_2	4
AV253_2	3
AV253_2	10
AV253_2	5
AV253_2	5
AV253_2	3
AV253_2	22
AV253_2	10
AV253_2	3
AV253_2	4
AV253_2	5
AV253_2	13
AV253_2	3
AV253_2	3
AV253_2	5
AV253_2	5
AV253_2	20
AV253_2	6
AV253_2	18
AV253_2	3
AV253_2	4
AV253_2	11
AV253_2	3
AV253_2	10
AV253_2	17
AV253_2	11
AV253_2	4
AV253_2	4
AV253_2	11
AV253_2	5
AV253_2	13
AV253_2	16
AV253_2	4
AV253_2	9
AV253_2	19
AV253_2	17
AV253_2	13
AV253_2	3
AV253_2	3
AV253_2	5
AV253_2	7
AV253_2	6
AV253_2	26
AV253_2	4
AV253_2	25
AV253_2	8
AV253_2	5
AV253_2	7
AV253_2	4
AV253_2	10
AV253_2	33
AV253_2	3
AV253_2	3
AV253_2	5
AV253_2	17
AV253_2	18
AV253_2	6
AV253_2	9
AV253_2	9
AV253_2	12
AV253_2	23
AV253_2	6
AV253_2	5
AV253_2	3
AV253_2	6
AV253_2	18
AV253_2	4
AV253_2	25
AV253_2	14
AV253_2	9
AV253_2	3
AV253_2	20
AV253_2	3
AV253_2	3
AV253_2	26
AV253_2	20
AV253_2	10
AV253_2	6
AV253_2	3
AV253_2	15
AV253_2	4
AV253_2	11
AV253_2	5
AV253_2	21
AV253_2	6
AV253_2	6
AV253_2	3
AV253_2	38
AV253_2	5
AV253_2	3
AV253_2	7
AV253_2	3
AV253_2	8
AV253_2	27
AV253_2	5
AV253_2	8
AV253_2	5
AV253_2	3
AV253_2	4
AV253_2	25
AV253_2	10
AV253_2	5
AV253_2	11
AV253_2	3
AV253_2	11
AV253_2	6
AV253_2	11
AV253_2	4
AV253_2	4
AV253_2	24
AV253_2	31
AV253_2	6
AV253_2	29
AV253_2	12
AV253_2	82
AV253_2	11
AV253_2	14
AV253_2	31
AV253_2	5
AV253_2	3
AV253_2	23
AV253_2	10
AV253_2	10
AV253_2	14
AV253_2	3
AV253_2	11
AV253_2	4
AV253_2	9
AV253_2	30
AV253_2	8
AV253_2	14
AV253_2	5
AV253_2	4
AV253_2	12
AV253_2	3
AV253_2	3
AV253_2	17
AV253_2	17
AV253_2	6
AV253_2	13
AV253_2	3
AV253_2	14
AV253_2	12
AV253_2	8
AV253_2	9
AV253_2	9
AV253_2	22
AV253_2	3
AV253_2	12
AV253_2	13
AV253_2	16
AV253_2	6
AV253_2	21
AV253_2	30
AV253_2	14
AV253_2	7
AV253_2	3
AV253_2	4
AV253_2	3
AV253_2	45
AV253_2	7
AV253_2	7
AV253_2	10
AV253_2	19
AV253_2	9
AV253_2	3
AV253_2	13
AV253_2	6
AV253_2	4
AV253_2	6
AV253_2	16
AV253_2	9
AV253_2	30
AV253_2	22
AV253_2	5
AV253_2	5
AV253_2	8
AV253_2	28
AV253_2	21
AV253_2	15
AV253_2	4
AV253_2	344
AV253_2	12
AV253_2	19
AV253_2	22
AV253_2	4
AV253_2	10
AV253_2	21
AV253_2	26
AV253_2	8
AV253_2	3
AV253_2	4
AV253_2	20
AV253_2	3
AV253_2	22
AV253_2	4
AV253_2	4
AV253_2	10
AV253_2	13
AV253_2	4
AV253_2	5
AV253_2	15
AV253_2	12
AV253_2	14
AV253_2	9
AV253_2	11
AV253_2	26
AV253_2	5
AV253_2	3
AV253_2	3
AV253_2	12
AV253_2	4
AV253_2	10
AV253_2	19
AV253_2	24
AV253_2	10
AV253_2	17
AV253_2	9
AV253_2	17
AV253_2	6
AV253_2	18
AV253_2	13
AV253_2	18
AV253_2	4
AV253_2	5
AV253_2	11
AV253_2	6
AV253_2	4
AV253_2	10
AV253_2	5
AV253_2	7
AV253_2	10
AV253_2	15
AV253_2	11
AV253_2	7
AV253_2	8
AV253_2	7
AV253_2	11
AV253_2	11
AV253_2	12
AV253_2	7
AV253_2	14
AV253_2	5
AV253_2	26
AV253_2	6
AV253_2	14
AV253_2	6
AV253_2	7
AV253_2	27
AV253_2	13
AV253_2	6
AV253_2	6
AV253_2	12
AV253_2	5
AV253_2	218
AV253_2	5
AV253_2	17
AV253_2	14
AV253_2	3
AV253_2	6
AV253_2	11
AV253_2	4
AV253_2	9
AV253_2	13
AV253_2	13
AV253_2	4
AV253_2	5
AV253_2	18
AV253_2	12
AV253_2	4
AV253_2	12
AV253_2	8
AV253_2	23
AV253_2	22
AV253_2	3
AV253_2	17
AV253_2	18
AV253_2	7
AV253_2	4
AV253_2	5
AV253_2	4
AV253_2	12
AV253_2	8
AV253_2	18
AV280_2	11
AV280_2	14
AV280_2	19
AV280_2	11
AV280_2	6
AV280_2	3
AV280_2	3
AV280_2	17
AV280_2	4
AV280_2	7
AV280_2	6
AV280_2	8
AV280_2	4
AV280_2	12
AV280_2	3
AV280_2	6
AV280_2	8
AV280_2	14
AV280_2	3
AV280_2	3
AV280_2	18
AV280_2	3
AV280_2	3
AV280_2	3
AV280_2	4
AV280_2	5
AV280_2	7
AV280_2	3
AV280_2	7
AV280_2	23
AV280_2	5
AV280_2	6
AV280_2	3
AV280_2	16
AV280_2	6
AV280_2	12
AV280_2	3
AV280_2	3
AV280_2	9
AV280_2	11
AV280_2	3
AV280_2	38
AV280_2	23
AV280_2	9
AV280_2	34
AV280_2	5
AV280_2	4
AV280_2	3
AV280_2	13
AV280_2	14
AV280_2	15
AV280_2	3
AV280_2	6
AV280_2	3
AV280_2	5
AV280_2	16
AV280_2	11
AV280_2	4
AV280_2	10
AV280_2	8
AV280_2	20
AV280_2	4
AV280_2	3
AV280_2	5
AV280_2	10
AV280_2	5
AV280_2	12
AV280_2	3
AV280_2	5
AV280_2	7
AV280_2	4
AV280_2	3
AV280_2	28
AV280_2	38
AV280_2	16
AV280_2	7
AV280_2	3
AV280_2	4
AV280_2	33
AV280_2	3
AV280_2	16
AV280_2	22
AV280_2	4
AV280_2	27
AV280_2	15
AV280_2	5
AV280_2	5
AV280_2	23
AV280_2	4
AV280_2	15
AV280_2	3
AV280_2	3
AV280_2	15
AV280_2	40
AV280_2	52
AV280_2	5
AV280_2	4
AV280_2	7
AV280_2	6
AV280_2	10
AV280_2	18
AV280_2	10
AV280_2	16
AV280_2	13
AV280_2	20
AV280_2	24
AV280_2	8
AV280_2	3
AV280_2	8
AV280_2	4
AV280_2	9
AV280_2	13
AV280_2	4
AV280_2	3
AV280_2	20
AV280_2	24
AV280_2	5
AV280_2	27
AV280_2	14
AV280_2	5
AV280_2	3
AV280_2	4
AV280_2	3
AV280_2	13
AV280_2	7
AV280_2	16
AV280_2	13
AV280_2	32
AV280_2	4
AV280_2	6
AV280_2	17
AV280_2	3
AV280_2	16
AV280_2	12
AV280_2	7
AV280_2	24
AV280_2	3
AV280_2	12
AV280_2	3
AV280_2	27
AV280_2	11
AV280_2	4
AV280_2	21
AV280_2	3
AV280_2	3
AV280_2	6
AV280_2	36
AV280_2	6
AV280_2	3
AV280_2	3
AV280_2	11
AV280_2	4
AV280_2	3
AV280_2	4
AV280_2	3
AV280_2	3
AV280_2	4
AV280_2	7
AV280_2	4
AV280_2	15
AV280_2	3
AV280_2	6
AV280_2	23
AV280_2	23
AV280_2	10
AV280_2	28
AV280_2	12
AV280_2	7
AV280_2	5
AV280_2	12
AV280_2	16
AV280_2	5
AV280_2	10
AV280_2	8
AV280_2	5
AV280_2	3
AV280_2	9
AV280_2	17
AV280_2	12
AV280_2	18
AV280_2	16
AV280_2	16
AV280_2	15
AV280_2	24
AV280_2	12
AV280_2	31
AV280_2	6
AV280_2	3
AV280_2	11
AV280_2	5
AV280_2	11
AV280_2	7
AV280_2	7
AV280_2	11
AV280_2	43
AV280_2	6
AV280_2	10
AV280_2	21
AV280_2	3
AV280_2	3
AV280_2	18
AV280_2	4
AV280_2	5
AV280_2	13
AV280_2	13
AV280_2	12
AV280_2	6
AV280_2	25
AV280_2	22
AV280_2	3
AV280_2	11
AV280_2	22
AV280_2	3
AV280_2	6
AV280_2	8
AV280_2	3
AV280_2	16
AV280_2	18
AV280_2	3
AV280_2	13
AV280_2	4
AV280_2	10
AV280_2	18
AV280_2	6
AV280_2	18
AV280_2	5
AV280_2	3
AV280_2	8
AV280_2	3
AV280_2	14
AV280_2	9
AV280_2	8
AV280_2	6
AV280_2	3
AV280_2	24
AV280_2	9
AV280_2	10
AV280_2	35
AV280_2	5
AV280_2	16
AV280_2	12
AV280_2	18
AV280_2	14
AV280_2	4
AV280_2	8
AV280_2	5
AV280_2	6
AV280_2	4
AV280_2	18
AV280_2	5
AV280_2	7
AV280_2	9
AV280_2	3
AV280_2	8
AV280_2	8
AV280_2	15
AV280_2	6
AV280_2	3
AV280_2	3
AV280_2	4
AV280_2	16
AV280_2	7
AV280_2	28
AV280_2	6
AV280_2	3
AV280_2	18
AV280_2	7
AV280_2	18
AV280_2	3
AV280_2	3
AV280_2	5
AV280_2	4
AV280_2	13
AV280_2	16
AV280_2	14
AV280_2	3
AV280_2	17
AV280_2	3
AV280_2	9
AV280_2	7
AV280_2	3
AV280_2	3
AV280_2	3
AV280_2	10
AV280_2	4
AV280_2	32
AV280_2	12
AV280_2	7
AV280_2	5
AV280_2	13
AV280_2	5
AV280_2	7
AV280_2	5
AV280_2	4
AV280_2	7
AV280_2	21
AV280_2	11
AV280_2	26
AV280_2	3
AV280_2	8
AV280_2	20
AV280_2	7
AV280_2	3
AV280_2	3
AV280_2	10
AV280_2	4
AV280_2	5
AV280_2	27
AV280_2	30
AV280_2	3
AV280_2	8
AV280_2	16
AV280_2	14
AV280_2	9
AV280_2	3
AV280_2	11
AV280_2	6
AV280_2	5
AV280_2	10
AV280_2	10
AV280_2	3
AV280_2	4
AV280_2	4
AV280_2	5
AV280_2	20
AV280_2	3
AV280_2	9
AV280_2	9
AV280_2	16
AV280_2	18
AV280_2	5
AV280_2	9
AV280_2	36
AV280_2	3
AV280_2	4
AV280_2	20
AV280_2	4
AV280_2	8
AV280_2	16
AV280_2	28
AV280_2	27
AV280_2	9
AV280_2	6
AV280_2	7
AV280_2	6
AV280_2	4
AV280_2	14
AV280_2	7
AV280_2	11
AV280_2	4
AV280_2	21
AV280_2	28
AV280_2	7
AV280_2	11
AV280_2	33
AV280_2	3
AV280_2	18
AV280_2	31
AV280_2	26
AV280_2	9
AV280_2	15
AV280_2	4
AV280_2	10
AV280_2	9
AV280_2	6
AV280_2	20
AV280_2	9
AV280_2	3
AV280_2	9
AV280_2	3
AV280_2	14
AV280_2	3
AV280_2	5
AV280_2	4
AV280_2	23
AV280_2	4
AV280_2	3
AV280_2	7
AV280_2	5
AV280_2	29
AV280_2	26
AV280_2	3
AV280_2	13
AV280_2	4
AV280_2	4
AV280_2	4
AV280_2	4
AV280_2	3
AV280_2	12
AV280_2	4
AV280_2	3
AV280_2	3
AV280_2	3
AV280_2	3
AV280_2	4
AV280_2	16
AV280_2	5
AV280_2	3
AV280_2	12
AV280_2	11
AV280_2	13
AV280_2	31
AV280_2	17
AV280_2	30
AV280_2	9
AV280_2	3
AV280_2	7
AV280_2	9
AV280_2	4
AV280_2	12
AV280_2	5
AV280_2	28
AV280_2	10
AV280_2	20
AV280_2	4
AV280_2	23
AV280_2	5
AV280_2	4
AV280_2	3
AV280_2	4
AV280_2	13
AV280_2	11
AV280_2	7
AV280_2	3
AV280_2	4
AV280_2	5
AV280_2	3
AV280_2	8
AV280_2	45
AV280_2	3
AV280_2	72
AV280_2	3
AV280_2	3
AV280_2	3
AV280_2	7
AV280_2	4
AV280_2	7
AV280_2	6
AV280_2	20
AV280_2	26
AV280_2	38
AV280_2	8
AV280_2	9
AV280_2	3
AV280_2	17
AV280_2	3
AV280_2	4
AV280_2	3
AV280_2	28
AV280_2	9
AV280_2	4
AV280_2	9
AV280_2	27
AV280_2	27
AV280_2	5
AV280_2	5
AV280_2	3
AV280_2	25
AV280_2	7
AV280_2	13
AV280_2	17
AV280_2	3
AV280_2	8
AV280_2	10
AV280_2	3
AV280_2	14
AV280_2	13
AV280_2	9
AV280_2	5
AV280_2	3
AV280_2	5
AV280_2	4
AV280_2	4
AV280_2	34
AV280_2	7
AV280_2	23
AV280_2	9
AV280_2	3
AV280_2	5
AV280_2	4
AV280_2	5
AV280_2	3
AV280_2	3
AV280_2	16
AV280_2	10
AV280_2	11
AV280_2	9
AV280_2	17
AV280_2	22
AV280_2	15
AV280_2	15
AV280_2	4
AV280_2	16
AV280_2	14
AV280_2	17
AV280_2	3
AV280_2	14
AV280_2	38
AV280_2	5
AV280_2	4
AV280_2	20
AV280_2	7
AV280_2	12
AV280_2	17
AV280_2	11
AV280_2	4
AV280_2	22
AV280_2	6
AV280_2	4
AV280_2	3
AV280_2	5
AV280_2	8
AV280_2	10
AV280_2	7
AV280_2	14
AV280_2	10
AV280_2	8
AV280_2	3
AV280_2	7
AV280_2	26
AV280_2	4
AV280_2	5
AV280_2	11
AV280_2	12
AV280_2	20
AV280_2	5
AV280_2	12
AV280_2	6
AV280_2	12
AV280_2	18
AV280_2	18
AV280_2	3
AV280_2	9
AV280_2	19
AV280_2	27
AV280_2	33
AV280_2	3
AV280_2	3
AV280_2	8
AV280_2	9
AV280_2	24
AV280_2	16
AV280_2	3
AV280_2	8
AV280_2	7
AV280_2	3
AV280_2	18
AV280_2	6
AV280_2	8
AV280_2	14
AV280_2	13
AV280_2	7
AV280_2	4
AV280_2	14
AV280_2	10
AV280_2	5
AV280_2	64
AV280_2	5
AV280_2	6
AV280_2	5
AV280_2	15
AV280_2	18
AV280_2	10
AV280_2	8
AV280_2	3
AV280_2	9
AV280_2	5
AV280_2	3
AV280_2	10
AV280_2	4
AV280_2	3
AV280_2	34
AV280_2	23
AV280_2	3
AV280_2	6
AV280_2	8
AV280_2	3
AV280_2	3
AV280_2	4
AV280_2	6
AV280_2	12
AV280_2	8
AV280_2	4
AV280_2	8
AV280_2	23
AV280_2	3
AV280_2	17
AV280_2	3
AV280_2	4
AV280_2	3
AV280_2	20
AV280_2	13
AV280_2	24
AV280_2	16
AV280_2	19
AV280_2	45
AV280_2	4
AV280_2	10
AV280_2	4
AV280_2	11
AV280_2	18
AV280_2	6
AV280_2	4
AV280_2	4
AV280_2	13
AV280_2	12
AV280_2	24
AV280_2	12
AV280_2	41
AV280_2	10
AV280_2	3
AV280_2	4
AV280_2	4
AV280_2	3
AV280_2	22
AV280_2	3
AV280_2	3
AV280_2	10
AV280_2	11
AV280_2	6
AV280_2	3
AV280_2	9
AV280_2	8
AV280_2	8
AV280_2	3
AV280_2	9
AV280_2	3
AV280_2	4
AV280_2	9
AV280_2	18
AV280_2	9
AV280_2	10
AV280_2	3
AV280_2	7
AV280_2	4
AV280_2	16
AV280_2	9
AV280_2	3
AV280_2	4
AV280_2	30
AV280_2	9
AV280_2	13
AV280_2	4
AV280_2	4
AV280_2	19
AV280_2	3
AV280_2	8
AV280_2	17
AV280_2	13
AV280_2	15
AV280_2	6
AV280_2	13
AV280_2	22
AV280_2	4
AV280_2	5
AV280_2	6
AV280_2	6
AV280_2	21
AV280_2	3
AV280_2	14
AV280_2	3
AV280_2	3
AV280_2	26
AV280_2	4
AV280_2	16
AV280_2	3
AV280_2	4
AV280_2	17
AV280_2	3
AV280_2	38
AV280_2	3
AV280_2	5
AV280_2	9
AV280_2	6
AV280_2	16
AV280_2	5
AV280_2	5
AV280_2	12
AV280_2	16
AV280_2	17
AV280_2	3
AV280_2	4
AV280_2	8
AV280_2	21
AV280_2	10
AV280_2	4
AV280_2	4
AV280_2	7
AV280_2	36
AV280_2	12
AV280_2	7
AV280_2	21
AV280_2	6
AV280_2	4
AV280_2	13
AV280_2	23
AV280_2	11
AV280_2	6
AV280_2	3
AV280_2	11
AV280_2	5
AV280_2	7
AV280_2	3
AV280_2	25
AV280_2	3
AV280_2	37
AV280_2	18
AV280_2	3
AV280_2	4
AV280_2	4
AV280_2	11
AV280_2	5
AV280_2	8
AV280_2	3
AV280_2	7
AV280_2	7
AV280_2	3
AV280_2	6
AV280_2	3
AV280_2	3
AV280_2	3
AV280_2	3
AV280_2	5
AV280_2	13
AV280_2	29
AV280_2	4
AV280_2	3
AV280_2	23
AV280_2	20
AV280_2	59
AV280_2	10
AV280_2	8
AV280_2	12
AV280_2	5
AV280_2	6
AV280_2	9
AV280_2	18
AV280_2	12
AV280_2	11
AV280_2	6
AV280_2	13
AV280_2	8
AV280_2	8
AV280_2	16
AV280_2	18
AV280_2	17
AV280_2	10
AV280_2	8
AV280_2	3
AV280_2	21
AV280_2	4
AV280_2	3
AV280_2	3
AV280_2	3
AV280_2	14
AV280_2	3
AV280_2	8
AV280_2	5
AV280_2	15
AV280_2	7
AV280_2	5
AV280_2	4
AV280_2	4
AV280_2	9
AV280_2	3
AV280_2	18
AV280_2	19
AV280_2	8
AV280_2	7
AV280_2	3
AV280_2	5
AV280_2	14
AV280_2	12
AV280_2	3
AV280_2	3
AV280_2	11
AV280_2	4
AV280_2	27
AV280_2	3
AV280_2	3
AV280_2	4
AV280_2	3
AV280_2	19
AV280_2	9
AV280_2	15
AV280_2	8
AV280_2	6
AV280_2	10
AV280_2	3
AV280_2	9
AV280_2	8
AV280_2	3
AV280_2	3
AV280_2	6
AV280_2	13
AV280_2	3
AV280_2	17
AV280_2	12
AV280_2	16
AV280_2	3
AV280_2	4
AV280_2	19
AV280_2	7
AV280_2	10
AV280_2	12
AV280_2	5
AV280_2	11
AV280_2	4
AV280_2	3
AV280_2	4
AV280_2	15
AV280_2	28
AV280_2	15
AV280_2	10
AV280_2	3
AV280_2	3
AV280_2	5
AV280_2	10
AV280_2	5
AV280_2	6
AV280_2	5
AV280_2	11
AV280_2	4
AV280_2	5
AV280_2	16
AV280_2	4
AV280_2	7
AV280_2	26
AV280_2	3
AV280_2	3
AV280_2	4
AV280_2	7
AV280_2	9
AV280_2	5
AV280_2	46
AV280_2	5
AV280_2	36
AV280_2	4
AV280_2	8
AV280_2	6
AV280_2	7
AV280_2	12
AV280_2	3
AV280_2	6
AV280_2	3
AV280_2	10
AV280_2	14
AV280_2	7
AV280_2	3
AV280_2	16
AV280_2	21
AV280_2	8
AV280_2	13
AV280_2	4
AV280_2	8
AV280_2	11
AV280_2	8
AV280_2	21
AV280_2	15
AV280_2	3
AV280_2	13
AV280_2	30
AV280_2	5
AV280_2	3
AV280_2	3
AV280_2	15
AV280_2	3
AV280_2	4
AV280_2	14
AV280_2	3
AV280_2	29
AV280_2	5
AV280_2	17
AV280_2	23
AV280_2	23
AV280_2	3
AV280_2	10
AV280_2	5
AV280_2	8
AV280_2	7
AV280_2	3
AV280_2	5
AV280_2	4
AV280_2	27
AV280_2	28
AV280_2	5
AV280_2	4
AV280_2	8
AV280_2	17
AV280_2	3
AV280_2	20
AV280_2	18
AV280_2	32
AV280_2	3
AV280_2	8
AV280_2	6
AV280_2	4
AV280_2	19
AV280_2	9
AV280_2	3
AV280_2	21
AV280_2	3
AV280_2	15
AV280_2	12
AV280_2	3
AV280_2	20
AV280_2	3
AV280_2	15
AV280_2	4
AV280_2	29
AV280_2	3
AV280_2	24
AV280_2	7
AV280_2	21
AV280_2	4
AV280_2	12
AV280_2	3
AV280_2	9
AV280_2	4
AV280_2	18
AV280_2	9
AV280_2	4
AV280_2	9
AV280_2	3
AV280_2	3
AV280_2	4
AV280_2	7
AV280_2	6
AV280_2	3
AV280_2	8
AV280_2	31
AV280_2	5
AV280_2	7
AV280_2	16
AV280_2	3
AV280_2	29
AV280_2	3
AV280_2	3
AV280_2	6
AV280_2	11
AV280_2	5
AV280_2	3
AV280_2	11
AV280_2	4
AV280_2	4
AV280_2	3
AV280_2	7
AV280_2	5
AV280_2	6
AV280_2	3
AV280_2	9
AV280_2	19
AV280_2	6
AV280_2	3
AV280_2	19
AV280_2	7
AV280_2	3
AV280_2	4
AV280_2	9
AV280_2	22
AV280_2	18
AV280_2	20
AV280_2	3
AV280_2	19
AV280_2	3
AV280_2	6
AV280_2	4
AV280_2	28
AV280_2	3
AV280_2	10
AV280_2	7
AV280_2	4
AV280_2	9
AV280_2	20
AV280_2	3
AV280_2	13
AV280_2	5
AV280_2	4
AV280_2	3
AV280_2	6
AV280_2	5
AV280_2	3
AV280_2	4
AV280_2	10
AV280_2	12
AV280_2	3
AV280_2	5
AV280_2	25
AV280_2	15
AV280_2	9
AV280_2	3
AV280_2	5
AV280_2	4
AV280_2	12
AV280_2	5
AV280_2	49
AV280_2	5
AV280_2	6
AV280_2	31
AV280_2	3
AV280_2	14
AV280_2	17
AV280_2	16
AV280_2	31
AV280_2	12
AV280_2	3
AV280_2	4
AV280_2	4
AV280_2	8
AV280_2	3
AV280_2	13
AV280_2	3
AV280_2	8
AV280_2	15
AV280_2	8
AV280_2	4
AV280_2	10
AV280_2	5
AV280_2	6
AV280_2	6
AV280_2	12
AV280_2	6
AV280_2	4
AV280_2	9
AV280_2	15
AV280_2	4
AV280_2	14
AV280_2	7
AV280_2	24
AV280_2	4
AV280_2	5
AV280_2	10
AV280_2	4
AV280_2	10
AV280_2	24
AV280_2	8
AV280_2	6
AV280_2	10
AV280_2	3
AV280_2	17
AV280_2	6
AV280_2	7
AV280_2	4
AV280_2	3
AV280_2	8
AV280_2	12
AV280_2	8
AV280_2	9
AV280_2	4
AV280_2	6
AV280_2	9
AV280_2	10
AV280_2	13
AV280_2	30
AV280_2	3
AV280_2	5
AV280_2	5
AV280_2	12
AV280_2	5
AV280_2	24
AV280_2	6
AV280_2	25
AV280_2	31
AV280_2	30
AV280_2	5
AV280_2	9
AV280_2	18
AV280_2	9
AV280_2	16
AV280_2	5
AV280_2	8
AV280_2	16
AV280_2	8
AV280_2	3
AV280_2	11
AV280_2	35
AV280_2	5
AV280_2	3
AV280_2	27
AV280_2	10
AV280_2	4
AV280_2	27
AV280_2	3
AV280_2	18
AV280_2	16
AV280_2	7
AV280_2	7
AV280_2	5
AV280_2	8
AV280_2	8
AV280_2	18
AV280_2	3
AV280_2	13
AV280_2	3
AV280_2	11
AV280_2	9
AV280_2	4
AV280_2	8
AV280_2	8
AV280_2	4
AV280_2	3
AV280_2	8
AV280_2	8
AV280_2	11
AV280_2	3
AV280_2	8
AV280_2	3
AV280_2	39
AV280_2	42
AV280_2	13
AV280_2	3
AV280_2	4
AV280_2	11
AV280_2	3
AV280_2	6
AV280_2	15
AV280_2	8
AV280_2	3
AV280_2	5
AV280_2	11
AV280_2	17
AV280_2	8
AV280_2	3
AV280_2	5
AV280_2	22
AV280_2	4
AV280_2	3
AV280_2	6
AV280_2	11
AV280_2	6
AV280_2	15
AV280_2	8
AV280_2	17
AV280_2	8
AV280_2	5
AV280_2	3
AV280_2	4
AV280_2	13
AV280_2	19
AV280_2	4
AV280_2	21
AV280_2	5
AV280_2	16
AV280_2	3
AV280_2	6
AV280_2	3
AV280_2	4
AV280_2	14
AV280_2	4
AV280_2	10
AV280_2	3
AV280_2	3
AV280_2	36
AV280_2	9
AV280_2	8
AV280_2	24
AV280_2	4
AV280_2	7
AV280_2	5
AV280_2	5
AV280_2	5
AV280_2	15
AV280_2	15
AV280_2	21
AV280_2	16
AV280_2	15
AV280_2	4
AV280_2	8
AV280_2	18
AV280_2	5
AV280_2	7
AV280_2	24
AV280_2	6
AV280_2	11
AV280_2	11
AV280_2	13
AV280_2	3
AV280_2	5
AV280_2	26
AV280_2	27
AV280_2	6
AV280_2	6
AV280_2	7
AV280_2	14
AV280_2	22
AV280_2	18
AV280_2	4
AV280_2	3
AV280_2	15
AV280_2	4
AV280_2	11
AV280_2	3
AV280_2	4
AV280_2	3
AV280_2	7
AV280_2	24
AV280_2	4
AV280_2	13
AV280_2	13
AV280_2	3
AV280_2	9
AV280_2	10
AV280_2	4
AV280_2	9
AV280_2	4
AV280_2	14
AV280_2	10
AV280_2	3
AV280_2	7
AV280_2	22
AV280_2	11
AV280_2	7
AV280_2	4
AV280_2	9
AV280_2	3
AV280_2	11
AV280_2	4
AV280_2	16
AV280_2	14
AV280_2	7
AV280_2	3
AV280_2	8
AV280_2	14
AV280_2	4
AV280_2	3
AV280_2	3
AV280_2	12
AV280_2	4
AV280_2	13
AV280_2	3
AV280_2	9
AV280_2	4
AV280_2	13
AV280_2	3
AV280_2	8
AV280_2	4
AV280_2	6
AV280_2	23
AV280_2	4
AV280_2	13
AV280_2	5
AV280_2	3
AV280_2	15
AV280_2	33
AV280_2	5
AV280_2	14
AV280_2	12
AV280_2	4
AV280_2	17
AV280_2	8
AV280_2	5
AV280_2	15
AV280_2	13
AV280_2	4
AV280_2	3
AV280_2	5
AV280_2	3
AV280_2	14
AV280_2	11
AV280_2	15
AV280_2	26
AV280_2	19
AV280_2	3
AV280_2	10
AV280_2	5
AV280_2	3
AV280_2	10
AV280_2	3
AV280_2	6
AV280_2	12
AV280_2	27
AV280_2	3
AV280_2	17
AV280_2	3
AV280_2	6
AV280_2	14
AV280_2	11
AV280_2	18
AV280_2	4
AV280_2	6
AV280_2	13
AV280_2	10
AV280_2	7
AV280_2	3
AV280_2	8
AV280_2	11
AV280_2	9
AV280_2	3
AV280_2	4
AV280_2	5
AV280_2	5
AV280_2	6
AV280_2	4
AV280_2	10
AV280_2	6
AV280_2	10
AV280_2	11
AV280_2	7
AV280_2	3
AV280_2	6
AV280_2	7
AV280_2	11
AV280_2	4
AV280_2	9
AV280_2	18
AV280_2	5
AV280_2	11
AV280_2	13
AV280_2	12
AV280_2	7
AV280_2	3
AV280_2	7
AV280_2	3
AV280_2	3
AV280_2	5
AV280_2	17
AV280_2	4
AV280_2	14
AV280_2	3
AV280_2	3
AV280_2	6
AV280_2	6
AV280_2	3
AV280_2	8
AV280_2	4
AV280_2	4
AV280_2	17
AV280_2	33
AV280_2	4
AV280_2	6
AV280_2	6
AV280_2	9
AV280_2	16
AV280_2	20
AV280_2	19
AV280_2	21
AV280_2	12
AV280_2	3
AV280_2	14
AV280_2	3
AV280_2	8
AV280_2	9
AV280_2	20
AV280_2	4
AV280_2	3
AV280_2	6
AV280_2	11
AV280_2	3
AV280_2	19
AV280_2	8
AV280_2	34
AV280_2	11
AV280_2	5
AV280_2	4
AV280_2	44
AV280_2	3
AV280_2	14
AV280_2	3
AV280_2	17
AV280_2	3
AV280_2	8
AV280_2	12
AV280_2	3
AV280_2	7
AV280_2	5
AV280_2	3
AV280_2	13
AV280_2	10
AV280_2	14
AV280_2	3
AV280_2	4
AV280_2	5
AV280_2	40
AV280_2	79
AV280_2	13
AV280_2	19
AV280_2	5
AV280_2	17
AV280_2	19
AV280_2	3
AV280_2	13
AV280_2	3
AV280_2	11
AV280_2	5
AV280_2	7
AV280_2	3
AV280_2	6
AV280_2	10
AV280_2	17
AV280_2	16
AV280_2	4
AV280_2	4
AV280_2	6
AV280_2	4
AV280_2	17
AV280_2	11
AV280_2	4
AV280_2	34
AV280_2	15
AV280_2	20
AV280_2	6
AV280_2	4
AV280_2	3
AV280_2	12
AV280_2	5
AV280_2	21
AV280_2	3
AV280_2	7
AV280_2	4
AV280_2	9
AV280_2	5
AV280_2	6
AV280_2	6
AV280_2	7
AV280_2	3
AV280_2	6
AV280_2	9
AV280_2	27
AV280_2	8
AV280_2	3
AV280_2	9
AV280_2	4
AV280_2	10
AV280_2	4
AV280_2	13
AV280_2	3
AV280_2	10
AV280_2	3
AV280_2	19
AV280_2	5
AV280_2	10
AV280_2	4
AV280_2	5
AV280_2	4
AV280_2	14
AV280_2	17
AV280_2	5
AV280_2	16
AV280_2	28
AV280_2	6
AV280_2	6
AV280_2	9
AV280_2	5
AV280_2	11
AV280_2	6
AV280_2	18
AV280_2	3
AV280_2	12
AV280_2	35
AV280_2	4
AV280_2	9
AV280_2	9
AV280_2	8
AV280_2	4
AV280_2	5
AV280_2	4
AV280_2	11
AV280_2	6
AV280_2	6
AV280_2	11
AV280_2	6
AV280_2	4
AV280_2	3
AV280_2	7
AV280_2	15
AV280_2	5
AV280_2	17
AV280_2	6
AV280_2	42
AV280_2	43
AV280_2	15
AV280_2	38
AV280_2	4
AV280_2	12
AV280_2	27
AV280_2	13
AV280_2	17
AV280_2	18
AV280_2	3
AV280_2	5
AV280_2	15
AV280_2	8
AV280_2	3
AV280_2	3
AV280_2	10
AV280_2	5
AV280_2	4
AV280_2	3
AV280_2	4
AV280_2	7
AV280_2	7
AV280_2	8
AV280_2	3
AV280_2	5
AV280_2	3
AV280_2	6
AV280_2	3
AV280_2	6
AV280_2	8
AV280_2	17
AV280_2	7
AV280_2	6
AV280_2	4
AV280_2	3
AV280_2	5
AV280_2	4
AV280_2	14
AV280_2	3
AV280_2	13
AV280_2	14
AV280_2	3
AV280_2	4
AV280_2	9
AV280_2	8
AV280_2	11
AV280_2	8
AV280_2	7
AV280_2	14
AV280_2	6
AV280_2	10
AV280_2	5
AV280_2	5
AV280_2	10
AV280_2	7
AV280_2	19
AV280_2	3
AV280_2	10
AV280_2	5
AV280_2	7
AV280_2	14
AV280_2	24
AV280_2	16
AV280_2	4
AV280_2	11
AV280_2	18
AV280_2	5
AV280_2	13
AV280_2	10
AV280_2	3
AV280_2	10
AV280_2	18
AV280_2	4
AV280_2	13
AV280_2	7
AV280_2	15
AV280_2	3
AV280_2	3
AV280_2	14
AV280_2	12
AV280_2	14
AV280_2	5
AV280_2	4
AV280_2	33
AV280_2	7
AV280_2	5
AV280_2	29
AV280_2	4
AV280_2	16
AV280_2	3
AV280_2	7
AV280_2	3
AV280_2	5
AV280_2	6
AV280_2	4
AV280_2	5
AV280_2	3
AV280_2	16
AV280_2	7
AV280_2	5
AV280_2	8
AV280_2	29
AV280_2	3
AV280_2	5
AV280_2	19
AV280_2	13
AV280_2	5
AV280_2	16
AV280_2	3
AV280_2	14
AV280_2	10
AV280_2	15
AV280_2	6
AV280_2	14
AV280_2	18
AV280_2	3
AV280_2	9
AV280_2	6
AV280_2	6
AV280_2	7
AV280_2	5
AV280_2	10
AV280_2	9
AV280_2	3
AV280_2	8
AV280_2	15
AV280_2	5
AV280_2	3
AV280_2	10
AV280_2	3
AV280_2	14
AV280_2	12
AV280_2	10
AV280_2	3
AV280_2	17
AV280_2	13
AV280_2	7
AV280_2	21
AV280_2	4
AV280_2	41
AV280_2	14
AV280_2	4
AV280_2	17
AV280_2	19
AV280_2	7
AV280_2	3
AV280_2	3
AV280_2	3
AV280_2	4
AV280_2	10
AV280_2	8
AV280_2	23
AV280_2	16
AV280_2	17
AV280_2	10
AV280_2	25
AV280_2	19
AV280_2	5
AV280_2	12
AV280_2	3
AV280_2	4
AV280_2	30
AV280_2	7
AV280_2	8
AV280_2	3
AV280_2	9
AV280_2	5
AV280_2	3
AV280_2	13
AV280_2	18
AV280_2	20
AV280_2	28
AV280_2	12
AV280_2	11
AV280_2	5
AV280_2	5
AV280_2	20
AV280_2	19
AV280_2	3
AV280_2	11
AV280_2	10
AV280_2	3
AV280_2	14
AV280_2	8
AV280_2	12
AV280_2	15
AV280_2	17
AV280_2	9
AV280_2	15
AV280_2	7
AV280_2	6
AV280_2	3
AV280_2	15
AV280_2	13
AV280_2	9
AV280_2	24
AV280_2	4
AV280_2	19
AV280_2	3
AV280_2	15
AV280_2	24
AV280_2	4
AV280_2	7
AV280_2	14
AV280_2	3
AV280_2	5
AV280_2	20
AV280_2	3
AV280_2	10
AV280_2	12
AV280_2	6
AV280_2	14
AV280_2	11
AV280_2	4
AV280_2	4
AV280_2	6
AV280_2	5
AV280_2	9
AV280_2	16
AV280_2	11
AV280_2	14
AV280_2	7
AV280_2	3
AV280_2	15
AV280_2	4
AV280_2	3
AV280_2	10
AV280_2	4
AV280_2	6
AV280_2	7
AV280_2	4
AV280_2	4
AV280_2	19
AV280_2	11
AV280_2	3
AV280_2	4
AV280_2	14
AV280_2	17
AV280_2	8
AV280_2	3
AV280_2	17
AV280_2	3
AV280_2	12
AV280_2	14
AV280_2	24
AV280_2	23
AV280_2	3
AV280_2	6
AV280_2	11
AV280_2	10
AV280_2	3
AV280_2	12
AV280_2	42
AV280_2	4
AV280_2	3
AV280_2	21
AV280_2	9
AV280_2	15
AV280_2	21
AV280_2	7
AV280_2	12
AV280_2	3
AV280_2	3
AV280_2	14
AV280_2	23
AV280_2	11
AV280_2	8
AV280_2	7
AV280_2	7
AV280_2	8
AV280_2	17
AV280_2	8
AV280_2	6
AV280_2	3
AV280_2	3
AV280_2	7
AV280_2	15
AV280_2	8
AV280_2	4
AV280_2	10
AV280_2	3
AV280_2	6
AV280_2	5
AV280_2	4
AV280_2	6
AV280_2	17
AV280_2	7
AV280_2	3
AV280_2	10
AV280_2	3
AV280_2	13
AV280_2	9
AV280_2	6
AV280_2	5
AV280_2	11
AV280_2	34
AV280_2	8
AV280_2	11
AV280_2	5
AV280_2	24
AV280_2	3
AV280_2	3
AV280_2	10
AV280_2	18
AV280_2	19
AV280_2	16
AV280_2	12
AV280_2	6
AV280_2	14
AV280_2	8
AV280_2	13
AV280_2	4
AV280_2	8
AV280_2	3
AV280_2	19
AV280_2	11
AV280_2	9
AV280_2	6
AV280_2	18
AV280_2	3
AV280_2	14
AV280_2	12
AV280_2	3
AV280_2	3
AV280_2	19
AV280_2	13
AV280_2	3
AV280_2	7
AV280_2	3
AV280_2	12
AV280_2	4
AV280_2	13
AV280_2	5
AV280_2	11
AV280_2	6
AV280_2	3
AV280_2	12
AV280_2	3
AV280_2	5
AV280_2	6
AV280_2	10
AV280_2	27
AV280_2	12
AV280_2	11
AV280_2	4
AV280_2	15
AV280_2	13
AV280_2	6
AV280_2	12
AV280_2	18
AV280_2	6
AV280_2	3
AV280_2	15
AV280_2	4
AV280_2	3
AV280_2	3
AV280_2	19
AV280_2	4
AV280_2	3
AV280_2	22
AV280_2	5
AV280_2	18
AV280_2	21
AV280_2	3
AV280_2	3
AV280_2	7
AV280_2	4
AV280_2	25
AV280_2	5
AV280_2	11
AV280_2	12
AV280_2	18
AV280_2	3
AV280_2	4
AV280_2	3
AV280_2	4
AV280_2	15
AV280_2	35
AV280_2	8
AV280_2	3
AV280_2	4
AV280_2	5
AV280_2	5
AV280_2	5
AV280_2	6
AV280_2	3
AV280_2	7
AV280_2	8
AV280_2	13
AV280_2	11
AV280_2	12
AV280_2	12
AV280_2	10
AV280_2	3
AV280_2	7
AV280_2	17
AV280_2	19
AV280_2	6
AV280_2	32
AV280_2	48
AV280_2	12
AV280_2	17
AV280_2	10
AV280_2	5
AV280_2	10
AV280_2	5
AV280_2	4
AV280_2	9
AV280_2	17
AV280_2	4
AV280_2	7
AV280_2	3
AV280_2	6
AV280_2	32
AV280_2	3
AV280_2	49
AV280_2	25
AV280_2	8
AV280_2	17
AV280_2	5
AV280_2	10
AV280_2	6
AV280_2	28
AV280_2	4
AV280_2	18
AV280_2	13
AV280_2	15
AV280_2	4
AV280_2	10
AV280_2	8
AV280_2	23
AV280_2	19
AV280_2	5
AV280_2	9
AV280_2	4
AV280_2	14
AV280_2	4
AV280_2	8
AV280_2	16
AV280_2	10
AV280_2	18
AV280_2	4
AV280_2	4
AV280_2	3
AV280_2	3
AV280_2	32
AV280_2	3
AV280_2	3
AV280_2	11
AV280_2	23
AV280_2	3
AV280_2	17
AV280_2	3
AV280_2	5
AV280_2	32
AV280_2	6
AV280_2	8
AV280_2	21
AV280_2	10
AV280_2	8
AV280_2	4
AV280_2	5
AV280_2	26
AV280_2	4
AV280_2	14
AV280_2	4
AV280_2	14
AV280_2	3
AV280_2	22
AV280_2	16
AV280_2	9
AV280_2	12
AV280_2	8
AV280_2	17
AV280_2	8
AV280_2	4
AV280_2	6
AV280_2	5
AV280_2	5
AV280_2	15
AV280_2	5
AV280_2	5
AV280_2	8
AV280_2	22
AV280_2	12
AV280_2	5
AV280_2	7
AV280_2	6
AV280_2	25
AV280_2	5
AV280_2	4
AV280_2	15
AV280_2	3
AV280_2	3
AV280_2	12
AV280_2	5
AV280_2	8
AV280_2	26
AV280_2	5
AV280_2	36
AV280_2	12
AV280_2	28
AV280_2	3
AV280_2	21
AV280_2	6
AV280_2	11
AV280_2	8
AV280_2	6
AV280_2	23
AV280_2	6
AV280_2	10
AV280_2	9
AV280_2	4
AV280_2	4
AV280_2	20
AV280_2	4
AV280_2	6
AV280_2	23
AV280_2	25
AV280_2	9
AV280_2	3
AV280_2	5
AV280_2	3
AV280_2	22
AV280_2	6
AV280_2	14
AV280_2	13
AV280_2	7
AV280_2	30
AV280_2	13
AV280_2	4
AV280_2	3
AV280_2	9
AV280_2	3
AV280_2	15
AV280_2	6
AV280_2	3
AV280_2	7
AV280_2	3
AV280_2	43
AV280_2	15
AV280_2	21
AV280_2	33
AV280_2	5
AV280_2	21
AV280_2	7
AV280_2	3
AV280_2	14
AV280_2	11
AV280_2	8
AV280_2	8
AV280_2	28
AV280_2	3
AV280_2	9
AV280_2	14
AV280_2	15
AV280_2	9
AV280_2	3
AV280_2	6
AV280_2	21
AV280_2	17
AV280_2	21
AV280_2	10
AV280_2	7
AV280_2	4
AV280_2	25
AV280_2	3
AV280_2	7
AV280_2	5
AV280_2	15
AV280_2	3
AV280_2	3
AV280_2	6
AV280_2	18
AV280_2	8
AV280_2	9
AV280_2	11
AV280_2	17
AV280_2	3
AV280_2	14
AV280_2	10
AV280_2	8
AV280_2	7
AV280_2	4
AV280_2	17
AV280_2	9
AV280_2	3
AV280_2	4
AV280_2	4
AV280_2	11
AV280_2	31
AV280_2	30
AV280_2	21
AV280_2	14
AV280_2	25
AV280_2	3
AV280_2	4
AV280_2	3
AV280_2	8
AV280_2	10
AV280_2	3
AV280_2	27
AV280_2	5
AV280_2	3
AV280_2	15
AV280_2	15
AV280_2	5
AV280_2	24
AV280_2	7
AV280_2	8
AV280_2	4
AV280_2	3
AV280_2	4
AV280_2	21
AV280_2	4
AV280_2	5
AV280_2	3
AV280_2	17
AV280_2	3
AV280_2	4
AV280_2	5
AV280_2	3
AV280_2	3
AV280_2	10
AV280_2	7
AV280_2	3
AV280_2	9
AV280_2	4
AV280_2	3
AV280_2	4
AV280_2	16
AV280_2	3
AV280_2	4
AV280_2	10
AV280_2	4
AV280_2	3
AV280_2	4
AV280_2	8
AV280_2	9
AV280_2	16
AV280_2	5
AV280_2	20
AV280_2	3
AV280_2	3
AV280_2	5
AV280_2	3
AV280_2	3
AV280_2	38
AV280_2	3
AV280_2	11
AV280_2	3
AV280_2	7
AV280_2	4
AV280_2	4
AV280_2	4
AV280_2	12
AV280_2	3
AV280_2	10
AV280_2	3
AV280_2	7
AV280_2	6
AV280_2	16
AV280_2	11
AV280_2	5
AV280_2	20
AV280_2	3
AV280_2	12
AV280_2	4
AV280_2	17
AV280_2	7
AV280_2	12
AV280_2	18
AV280_2	8
AV280_2	4
AV280_2	7
AV280_2	3
AV280_2	10
AV280_2	3
AV280_2	11
AV280_2	8
AV280_2	10
AV280_2	8
AV280_2	17
AV280_2	3
AV280_2	3
AV280_2	9
AV280_2	11
AV280_2	11
AV280_2	5
AV280_2	24
AV280_2	6
AV280_2	18
AV280_2	7
AV280_2	17
AV280_2	10
AV280_2	11
AV280_2	22
AV280_2	4
AV280_2	4
AV280_2	13
AV280_2	3
AV280_2	3
AV280_2	21
AV280_2	3
AV280_2	3
AV280_2	5
AV280_2	4
AV280_2	4
AV280_2	12
AV280_2	5
AV280_2	10
AV280_2	4
AV280_2	5
AV280_2	18
AV280_2	3
AV280_2	8
AV280_2	8
AV280_2	6
AV280_2	10
AV280_2	13
AV280_2	4
AV280_2	25
AV280_2	33
AV280_2	13
AV280_2	16
AV280_2	7
AV280_2	3
AV280_2	3
AV280_2	7
AV280_2	24
AV280_2	19
AV280_2	4
AV280_2	9
AV280_2	21
AV280_2	13
AV280_2	6
AV280_2	10
AV280_2	3
AV280_2	10
AV280_2	3
AV280_2	4
AV280_2	6
AV280_2	15
AV280_2	6
AV280_2	3
AV280_2	7
AV280_2	6
AV280_2	3
AV280_2	14
AV280_2	9
AV280_2	16
AV280_2	29
AV280_2	3
AV280_2	6
AV280_2	22
AV280_2	7
AV280_2	7
AV280_2	3
AV280_2	8
AV280_2	14
AV280_2	4
AV280_2	20
AV280_2	9
AV280_2	18
AV280_2	3
AV280_2	3
AV280_2	26
AV280_2	7
AV280_2	14
AV280_2	27
AV280_2	34
AV280_2	11
AV280_2	16
AV280_2	4
AV280_2	4
AV280_2	4
AV280_2	4
AV280_2	7
AV280_2	14
AV280_2	9
AV280_2	3
AV280_2	21
AV280_2	10
AV280_2	6
AV280_2	3
AV280_2	3
AV280_2	19
AV280_2	3
AV280_2	5
AV280_2	16
AV280_2	3
AV280_2	5
AV280_2	7
AV280_2	115
AV280_2	5
AV280_2	4
AV280_2	3
AV280_2	3
AV280_2	6
AV280_2	50
AV280_2	8
AV280_2	7
AV280_2	15
AV280_2	8
AV280_2	13
AV280_2	4
AV280_2	14
AV280_2	17
AV280_2	5
AV280_2	9
AV280_2	18
AV280_2	4
AV280_2	3
AV280_2	17
AV280_2	4
AV280_2	7
AV280_2	6
AV280_2	11
AV280_2	11
AV280_2	3
AV280_2	6
AV280_2	4
AV280_2	3
AV280_2	12
AV280_2	3
AV280_2	6
AV280_2	5
AV280_2	20
AV280_2	9
AV280_2	7
AV280_2	6
AV280_2	6
AV280_2	7
AV280_2	12
AV280_2	3
AV280_2	5
AV280_2	4
AV280_2	3
AV280_2	9
AV280_2	13
AV280_2	6
AV280_2	15
AV280_2	3
AV280_2	6
AV280_2	3
AV280_2	8
AV280_2	8
AV280_2	8
AV280_2	5
AV280_2	3
AV280_2	15
AV280_2	3
AV280_2	7
AV280_2	23
AV280_2	6
AV280_2	30
AV280_2	3
AV280_2	6
AV280_2	4
AV280_2	4
AV280_2	3
AV280_2	4
AV280_2	13
AV280_2	3
AV280_2	3
AV280_2	20
AV280_2	3
AV280_2	14
AV280_2	3
AV280_2	17
AV280_2	18
AV280_2	8
AV280_2	3
AV280_2	6
AV280_2	13
AV280_2	16
AV280_2	7
AV280_2	9
AV280_2	3
AV280_2	4
AV280_2	15
AV280_2	3
AV280_2	7
AV280_2	5
AV280_2	35
AV280_2	25
AV280_2	19
AV280_2	3
AV280_2	10
AV280_2	12
AV280_2	4
AV280_2	3
AV280_2	5
AV280_2	4
AV280_2	3
AV280_2	5
AV280_2	3
AV280_2	3
AV280_2	7
AV280_2	6
AV280_2	6
AV280_2	13
AV280_2	3
AV280_2	17
AV280_2	25
AV280_2	9
AV280_2	4
AV280_2	6
AV280_2	4
AV280_2	3
AV280_2	8
AV280_2	7
AV280_2	11
AV280_2	40
AV280_2	12
AV280_2	27
AV280_2	16
AV280_2	21
AV280_2	9
AV280_2	6
AV280_2	19
AV280_2	6
AV280_2	18
AV280_2	13
AV280_2	4
AV280_2	9
AV280_2	5
AV280_2	4
AV280_2	4
AV280_2	12
AV280_2	6
AV280_2	3
AV280_2	7
AV280_2	5
AV280_2	19
AV280_2	10
AV280_2	17
AV280_2	3
AV280_2	10
AV280_2	4
AV280_2	8
AV280_2	6
AV280_2	7
AV280_2	3
AV280_2	7
AV280_2	4
AV280_2	9
AV280_2	6
AV280_2	4
AV280_2	5
AV280_2	20
AV280_2	5
AV280_2	3
AV280_2	10
AV280_2	10
AV280_2	4
AV280_2	10
AV280_2	10
AV280_2	8
AV280_2	4
AV280_2	3
AV280_2	6
AV280_2	4
AV280_2	12
AV280_2	4
AV280_2	21
AV280_2	4
AV280_2	25
AV280_2	3
AV280_2	9
AV280_2	15
AV280_2	5
AV280_2	8
AV280_2	29
AV280_2	21
AV280_2	4
AV280_2	7
AV280_2	3
AV280_2	4
AV280_2	9
AV280_2	8
AV280_2	12
AV280_2	17
AV280_2	3
AV280_2	17
AV280_2	5
AV280_2	4
AV280_2	22
AV280_2	10
AV280_2	24
AV280_2	16
AV280_2	6
AV280_2	3
AV280_2	10
AV280_2	9
AV280_2	9
AV280_2	3
AV280_2	9
AV280_2	12
AV280_2	3
AV280_2	15
AV280_2	3
AV280_2	3
AV280_2	3
AV280_2	15
AV280_2	16
AV280_2	9
AV280_2	9
AV280_2	3
AV280_2	10
AV280_2	3
AV280_2	18
AV280_2	3
AV280_2	58
AV280_2	22
AV280_2	12
AV280_2	8
AV280_2	16
AV280_2	13
AV280_2	6
AV280_2	5
AV280_2	21
AV280_2	10
AV280_2	3
AV280_2	3
AV280_2	3
AV280_2	5
AV280_2	12
AV280_2	8
AV280_2	4
AV280_2	18
AV280_2	9
AV280_2	4
AV280_2	4
AV280_2	3
AV280_2	4
AV280_2	10
AV280_2	3
AV280_2	37
AV280_2	5
AV280_2	12
AV280_2	19
AV280_2	3
AV280_2	3
AV280_2	44
AV280_2	3
AV280_2	3
AV280_2	9
AV280_2	3
AV280_2	5
AV280_2	10
AV280_2	8
AV280_2	4
AV280_2	4
AV280_2	8
AV280_2	5
AV280_2	17
AV280_2	8
AV280_2	3
AV280_2	15
AV280_2	5
AV280_2	3
AV280_2	9
AV280_2	12
AV280_2	10
AV280_2	17
AV280_2	8
AV280_2	23
AV280_2	17
AV280_2	22
AV280_2	11
AV280_2	11
AV280_2	14
AV280_2	4
AV280_2	3
AV280_2	7
AV280_2	12
AV280_2	11
AV280_2	4
AV280_2	16
AV280_2	5
AV280_2	3
AV280_2	3
AV280_2	4
AV280_2	14
AV280_2	8
AV280_2	6
AV280_2	13
AV280_2	3
AV280_2	11
AV280_2	8
AV280_2	15
AV280_2	6
AV280_2	19
AV280_2	27
AV280_2	8
AV280_2	4
AV280_2	3
AV280_2	5
AV280_2	9
AV280_2	3
AV280_2	21
AV280_2	5
AV280_2	25
AV280_2	3
AV280_2	6
AV280_2	6
AV280_2	4
AV280_2	12
AV280_2	7
AV280_2	5
AV280_2	3
AV280_2	16
AV280_2	12
AV280_2	7
AV280_2	3
AV280_2	12
AV280_2	22
AV280_2	20
AV280_2	15
AV280_2	12
AV280_2	4
AV280_2	25
AV280_2	3
AV280_2	12
AV280_2	15
AV280_2	63
AV280_2	4
AV280_2	4
AV280_2	18
AV280_2	10
AV280_2	21
AV280_2	4
AV280_2	3
AV280_2	8
AV280_2	3
AV280_2	13
AV280_2	25
AV280_2	11
AV280_2	3
AV280_2	9
AV280_2	12
AV280_2	14
AV280_2	8
AV280_2	6
AV280_2	5
AV280_2	10
AV280_2	14
AV280_2	3
AV280_2	7
AV280_2	6
AV280_2	4
AV280_2	15
AV280_2	10
AV280_2	24
AV280_2	3
AV280_2	5
AV280_2	8
AV280_2	3
AV280_2	4
AV280_2	7
AV280_2	3
AV280_2	34
AV280_2	17
AV280_2	5
AV280_2	10
AV280_2	3
AV280_2	9
AV280_2	6
AV280_2	6
AV280_2	7
AV280_2	16
AV280_2	6
AV280_2	6
AV280_2	10
AV280_2	3
AV280_2	9
AV280_2	6
AV280_2	11
AV280_2	3
AV280_2	4
AV280_2	20
AV280_2	14
AV280_2	57
AV280_2	3
AV280_2	6
AV280_2	13
AV280_2	15
AV280_2	4
AV280_2	3
AV280_2	7
AV280_2	5
AV280_2	16
AV280_2	5
AV280_2	25
AV280_2	10
AV280_2	7
AV280_2	9
AV280_2	14
AV280_2	10
AV280_2	7
AV280_2	3
AV280_2	26
AV280_2	5
AV280_2	6
AV280_2	7
AV280_2	5
AV280_2	3
AV280_2	23
AV280_2	20
AV280_2	6
AV280_2	14
AV280_2	7
AV280_2	14
AV280_2	17
AV280_2	11
AV280_2	11
AV280_2	5
AV280_2	12
AV280_2	3
AV280_2	10
AV280_2	15
AV280_2	4
AV280_2	25
AV280_2	3
AV280_2	12
AV280_2	19
AV280_2	23
AV280_2	9
AV280_2	5
AV280_2	10
AV280_2	4
AV280_2	3
AV280_2	9
AV280_2	6
AV280_2	7
AV280_2	7
AV280_2	11
AV280_2	4
AV280_2	3
AV280_2	16
AV280_2	13
AV280_2	4
AV280_2	4
AV280_2	27
AV280_2	15
AV280_2	3
AV280_2	3
AV280_2	5
AV280_2	9
AV280_2	8
AV280_2	15
AV280_2	23
AV280_2	3
AV280_2	20
AV280_2	3
AV280_2	3
AV280_2	4
AV280_2	4
AV280_2	16
AV280_2	11
AV280_2	6
AV280_2	16
AV280_2	35
AV280_2	4
AV280_2	7
AV280_2	11
AV280_2	5
AV280_2	3
AV280_2	13
AV280_2	8
AV280_2	7
AV280_2	5
AV280_2	17
AV280_2	3
AV280_2	4
AV280_2	4
AV280_2	3
AV280_2	10
AV280_2	8
AV280_2	9
AV280_2	9
AV280_2	6
AV280_2	39
AV280_2	43
AV280_2	24
AV280_2	4
AV280_2	3
AV280_2	20
AV280_2	3
AV280_2	16
AV280_2	3
AV280_2	15
AV280_2	24
AV280_2	3
AV280_2	4
AV280_2	14
AV280_2	22
AV280_2	44
AV280_2	11
AV280_2	7
AV280_2	3
AV280_2	4
AV280_2	3
AV280_2	7
AV280_2	20
AV280_2	8
AV280_2	9
AV280_2	14
AV280_2	11
AV280_2	8
AV280_2	4
AV280_2	6
AV280_2	8
AV280_2	28
AV280_2	15
AV280_2	3
AV280_2	5
AV280_2	4
AV280_2	5
AV280_2	16
AV280_2	30
AV280_2	8
AV280_2	4
AV280_2	4
AV280_2	3
AV280_2	4
AV280_2	24
AV280_2	3
AV280_2	3
AV280_2	9
AV280_2	34
AV280_2	12
AV280_2	4
AV280_2	3
AV280_2	15
AV280_2	7
AV280_2	4
AV280_2	7
AV280_2	11
AV280_2	8
AV280_2	3
AV280_2	14
AV280_2	6
AV280_2	10
AV280_2	14
AV280_2	8
AV280_2	5
AV280_2	8
AV280_2	4
AV280_2	36
AV280_2	4
AV280_2	6
AV280_2	7
AV280_2	5
AV280_2	8
AV280_2	3
AV280_2	26
AV280_2	25
AV280_2	4
AV280_2	19
AV280_2	8
AV280_2	7
AV280_2	8
AV280_2	7
AV280_2	3
AV280_2	12
AV280_2	3
AV280_2	4
AV280_2	4
AV280_2	4
AV280_2	6
AV280_2	5
AV280_2	8
AV280_2	6
AV280_2	7
AV280_2	6
AV280_2	18
AV280_2	17
AV280_2	7
AV280_2	7
AV280_2	4
AV280_2	3
AV280_2	3
AV280_2	3
AV280_2	16
AV280_2	3
AV280_2	27
AV280_2	8
AV280_2	16
AV280_2	24
AV280_2	9
AV280_2	33
AV280_2	7
AV280_2	5
AV280_2	13
AV280_2	3
AV280_2	3
AV280_2	10
AV280_2	6
AV280_2	11
AV280_2	7
AV280_2	9
AV280_2	3
AV280_2	4
AV280_2	9
AV280_2	9
AV280_2	11
AV280_2	3
AV280_2	13
AV280_2	11
AV280_2	8
AV280_2	14
AV280_2	13
AV280_2	3
AV280_2	3
AV280_2	18
AV280_2	10
AV280_2	11
AV280_2	3
AV280_2	37
AV280_2	11
AV280_2	32
AV280_2	10
AV280_2	15
AV280_2	3
AV280_2	11
AV280_2	4
AV280_2	3
AV280_2	4
AV280_2	6
AV280_2	11
AV280_2	7
AV280_2	7
AV280_2	4
AV280_2	11
AV280_2	6
AV280_2	7
AV280_2	29
AV280_2	7
AV280_2	6
AV280_2	9
AV280_2	10
AV280_2	8
AV280_2	3
AV280_2	8
AV280_2	17
AV280_2	10
AV280_2	8
AV280_2	4
AV280_2	5
AV280_2	5
AV280_2	4
AV280_2	3
AV280_2	6
AV280_2	8
AV280_2	19
AV280_2	5
AV280_2	3
AV280_2	9
AV280_2	3
AV280_2	9
AV280_2	25
AV280_2	25
AV280_2	19
AV280_2	8
AV280_2	6
AV280_2	23
AV280_2	12
AV280_2	12
AV280_2	4
AV280_2	4
AV280_2	10
AV280_2	15
AV280_2	6
AV280_2	3
AV280_2	27
AV280_2	4
AV280_2	4
AV280_2	11
AV280_2	3
AV280_2	5
AV280_2	5
AV280_2	6
AV280_2	22
AV280_2	13
AV280_2	10
AV280_2	18
AV280_2	12
AV280_2	6
AV280_2	10
AV280_2	4
AV280_2	16
AV280_2	13
AV280_2	13
AV280_2	3
AV280_2	5
AV280_2	5
AV280_2	3
AV280_2	3
AV280_2	12
AV280_2	6
AV280_2	4
AV280_2	17
AV280_2	4
AV280_2	16
AV280_2	16
AV280_2	6
AV280_2	11
AV280_2	29
AV280_2	4
AV280_2	7
AV280_2	15
AV280_2	16
AV280_2	7
AV280_2	14
AV280_2	12
AV280_2	7
AV280_2	3
AV280_2	8
AV280_2	9
AV280_2	13
AV280_2	18
AV280_2	3
AV280_2	127
AV280_2	6
AV280_2	10
AV280_2	5
AV280_2	4
AV280_2	8
AV280_2	3
AV280_2	3
AV280_2	8
AV280_2	21
AV280_2	3
AV280_2	39
AV280_2	4
AV280_2	20
AV280_2	9
AV280_2	4
AV280_2	14
AV280_2	25
AV280_2	3
AV280_2	8
AV280_2	15
AV280_2	3
AV280_2	13
AV280_2	3
AV280_2	24
AV280_2	10
AV280_2	5
AV280_2	3
AV280_2	6
AV280_2	9
AV280_2	9
AV280_2	3
AV280_2	8
AV280_2	16
AV280_2	3
AV280_2	3
AV280_2	4
AV280_2	3
AV280_2	6
AV280_2	16
AV280_2	12
AV280_2	21
AV280_2	6
AV280_2	6
AV280_2	3
AV280_2	3
AV280_2	6
AV280_2	8
AV280_2	9
AV280_2	21
AV280_2	5
AV280_2	13
AV280_2	13
AV280_2	10
AV280_2	12
AV280_2	8
AV280_2	6
AV280_2	9
AV280_2	3
AV280_2	3
AV280_2	6
AV280_2	3
AV280_2	13
AV280_2	14
AV280_2	12
AV280_2	24
AV280_2	20
AV280_2	3
AV280_2	6
AV280_2	6
AV280_2	21
AV280_2	13
AV280_2	7
AV280_2	28
AV280_2	3
AV280_2	9
AV280_2	3
AV280_2	6
AV280_2	3
AV280_2	12
AV280_2	3
AV280_2	5
AV280_2	21
AV280_2	14
AV280_2	17
AV280_2	14
AV280_2	3
AV280_2	7
AV280_2	3
AV280_2	4
AV280_2	4
AV280_2	11
AV280_2	7
AV280_2	18
AV280_2	3
AV280_2	10
AV280_2	8
AV280_2	7
AV280_2	29
AV280_2	3
AV280_2	7
AV280_2	5
AV280_2	3
AV280_2	10
AV280_2	3
AV280_2	6
AV280_2	7
AV280_2	6
AV280_2	4
AV280_2	9
AV280_2	3
AV280_2	10
AV280_2	13
AV280_2	11
AV280_2	5
AV280_2	5
AV280_2	17
AV280_2	21
AV280_2	5
AV280_2	16
AV280_2	5
AV280_2	4
AV280_2	11
AV280_2	10
AV280_2	3
AV280_2	8
AV280_2	10
AV280_2	3
AV280_2	3
AV280_2	3
AV280_2	4
AV280_2	7
AV280_2	4
AV280_2	17
AV280_2	24
AV280_2	5
AV280_2	39
AV280_2	3
AV280_2	4
AV280_2	11
AV280_2	6
AV280_2	3
AV280_2	3
AV280_2	7
AV280_2	3
AV280_2	6
AV280_2	7
AV280_2	8
AV280_2	10
AV280_2	16
AV280_2	6
AV280_2	3
AV280_2	8
AV280_2	4
AV280_2	11
AV280_2	7
AV280_2	9
AV280_2	6
AV280_2	3
AV280_2	3
AV280_2	3
AV280_2	6
AV280_2	9
AV280_2	3
AV280_2	22
AV280_2	5
AV280_2	45
AV280_2	7
AV280_2	15
AV280_2	13
AV280_2	12
AV280_2	3
AV280_2	5
AV280_2	4
AV280_2	11
AV280_2	8
AV280_2	86
AV280_2	32
AV280_2	4
AV280_2	11
AV280_2	18
AV280_2	9
AV280_2	4
AV280_2	10
AV280_2	5
AV280_2	6
AV280_2	6
AV280_2	21
AV280_2	11
AV280_2	5
AV280_2	3
AV280_2	32
AV280_2	14
AV280_2	15
AV280_2	25
AV280_2	18
AV280_2	3
AV280_2	30
AV280_2	3
AV280_2	3
AV280_2	5
AV280_2	18
AV280_2	5
AV280_2	8
AV280_2	4
AV280_2	15
AV280_2	10
AV280_2	10
AV280_2	21
AV280_2	3
AV280_2	5
AV280_2	8
AV280_2	8
AV280_2	4
AV280_2	3
AV280_2	27
AV280_2	6
AV280_2	15
AV280_2	21
AV280_2	4
AV280_2	5
AV280_2	33
AV280_2	26
AV280_2	20
AV280_2	3
AV280_2	6
AV280_2	13
AV280_2	31
AV280_2	5
AV280_2	6
AV280_2	8
AV280_2	8
AV280_2	21
AV280_2	8
AV280_2	9
AV280_2	5
AV280_2	7
AV280_2	12
AV280_2	4
AV280_2	4
AV280_2	6
AV280_2	11
AV280_2	5
AV280_2	3
AV280_2	5
AV280_2	35
AV280_2	8
AV280_2	36
AV280_2	6
AV280_2	6
AV280_2	21
AV280_2	7
AV280_2	15
AV280_2	3
AV280_2	3
AV280_2	5
AV280_2	4
AV280_2	26
AV280_2	3
AV280_2	21
AV280_2	15
AV280_2	5
AV280_2	10
AV280_2	11
AV280_2	17
AV280_2	9
AV280_2	5
AV280_2	7
AV280_2	6
AV280_2	8
AV280_2	16
AV280_2	13
AV280_2	23
AV280_2	9
AV280_2	9
AV280_2	6
AV280_2	3
AV280_2	6
AV280_2	13
AV280_2	5
AV280_2	14
AV280_2	5
AV280_2	19
AV280_2	40
AV280_2	7
AV280_2	14
AV280_2	23
AV280_2	4
AV280_2	5
AV280_2	4
AV280_2	5
AV280_2	4
AV280_2	4
AV280_2	11
AV280_2	3
AV280_2	18
AV280_2	7
AV280_2	12
AV280_2	9
AV280_2	11
AV280_2	4
AV280_2	3
AV280_2	5
AV280_2	3
AV280_2	5
AV280_2	27
AV280_2	7
AV280_2	4
AV280_2	8
AV280_2	4
AV280_2	10
AV280_2	3
AV280_2	13
AV280_2	10
AV280_2	3
AV280_2	19
AV280_2	23
AV280_2	9
AV280_2	19
AV280_2	3
AV280_2	21
AV280_2	6
AV280_2	7
AV280_2	32
AV280_2	9
AV280_2	27
AV280_2	3
AV280_2	8
AV280_2	26
AV280_2	12
AV280_2	3
AV280_2	4
AV280_2	11
AV280_2	9
AV280_2	5
AV280_2	3
AV280_2	4
AV280_2	6
AV280_2	22
AV280_2	5
AV280_2	4
AV280_2	17
AV280_2	3
AV280_2	32
AV280_2	3
AV280_2	6
AV280_2	22
AV280_2	10
AV280_2	10
AV280_2	4
AV280_2	5
AV280_2	4
AV280_2	9
AV280_2	24
AV280_2	7
AV280_2	5
AV280_2	3
AV280_2	19
AV280_2	15
AV280_2	16
AV280_2	3
AV280_2	13
AV280_2	14
AV280_2	21
AV280_2	4
AV280_2	4
AV280_2	6
AV280_2	21
AV280_2	6
AV280_2	15
AV280_2	5
AV280_2	8
AV280_2	26
AV280_2	75
AV280_2	10
AV280_2	9
AV280_2	14
AV280_2	9
AV280_2	3
AV280_2	8
AV280_2	12
AV280_2	23
AV280_2	3
AV280_2	6
AV280_2	10
AV280_2	8
AV280_2	3
AV280_2	9
AV280_2	10
AV280_2	4
AV280_2	10
AV280_2	11
AV280_2	9
AV280_2	11
AV280_2	9
AV280_2	14
AV280_2	3
AV280_2	13
AV280_2	5
AV280_2	5
AV280_2	3
AV280_2	38
AV280_2	4
AV280_2	3
AV280_2	13
AV280_2	10
AV280_2	4
AV280_2	6
AV280_2	6
AV280_2	6
AV280_2	3
AV280_2	36
AV280_2	18
AV280_2	7
AV280_2	20
AV280_2	14
AV280_2	4
AV280_2	20
AV280_2	3
AV280_2	11
AV280_2	4
AV280_2	10
AV280_2	3
AV280_2	3
AV280_2	6
AV280_2	9
AV280_2	3
AV280_2	3
AV280_2	6
AV280_2	30
AV280_2	4
AV280_2	4
AV280_2	21
AV280_2	4
AV280_2	9
AV280_2	3
AV280_2	21
AV280_2	21
AV280_2	8
AV280_2	6
AV280_2	15
AV280_2	20
AV280_2	4
AV280_2	15
AV280_2	9
AV280_2	11
AV280_2	4
AV280_2	20
AV280_2	15
AV280_2	4
AV280_2	4
AV280_2	5
AV280_2	6
AV280_2	7
AV280_2	26
AV280_2	3
AV280_2	3
AV280_2	4
AV280_2	3
AV280_2	5
AV280_2	6
AV280_2	18
AV280_2	19
AV280_2	4
AV280_2	12
AV280_2	10
AV280_2	6
AV280_2	3
AV280_2	13
AV280_2	12
AV280_2	33
AV280_2	3
AV280_2	4
AV280_2	21
AV280_2	6
AV280_2	7
AV280_2	3
AV280_2	5
AV280_2	3
AV280_2	4
AV280_2	8
AV280_2	12
AV280_2	7
AV280_2	19
AV280_2	3
AV280_2	4
AV280_2	8
AV280_2	30
AV280_2	4
AV280_2	16
AV280_2	11
AV280_2	3
AV280_2	5
AV280_2	3
AV280_2	5
AV280_2	11
AV280_2	3
AV280_2	15
AV280_2	4
AV280_2	29
AV280_2	4
AV280_2	3
AV280_2	21
AV280_2	3
AV280_2	3
AV280_2	4
AV280_2	3
AV280_2	12
AV280_2	3
AV280_2	15
AV280_2	4
AV280_2	27
AV280_2	3
AV280_2	7
AV280_2	3
AV280_2	8
AV280_2	13
AV280_2	5
AV280_2	20
AV280_2	9
AV280_2	34
AV280_2	11
AV280_2	3
AV280_2	11
AV280_2	5
AV280_2	17
AV280_2	8
AV280_2	23
AV280_2	37
AV280_2	16
AV280_2	5
AV280_2	3
AV280_2	3
AV280_2	22
AV280_2	8
AV280_2	3
AV280_2	5
AV280_2	6
AV280_2	8
AV280_2	3
AV280_2	8
AV280_2	13
AV280_2	5
AV280_2	4
AV280_2	6
AV280_2	3
AV280_2	3
AV280_2	12
AV280_2	14
AV280_2	91
AV280_2	11
AV280_2	3
AV280_2	11
AV280_2	15
AV280_2	6
AV280_2	9
AV280_2	18
AV280_2	13
AV280_2	12
AV280_2	8
AV280_2	5
AV280_2	6
AV280_2	9
AV280_2	7
AV280_2	4
AV280_2	10
AV280_2	19
AV280_2	14
AV280_2	3
AV280_2	10
AV280_2	5
AV280_2	3
AV280_2	6
AV280_2	4
AV280_2	3
AV280_2	21
AV280_2	19
AV280_2	11
AV280_2	22
AV280_2	9
AV280_2	26
AV280_2	29
AV280_2	25
AV280_2	3
AV280_2	16
AV280_2	20
AV280_2	14
AV280_2	3
AV280_2	7
AV280_2	4
AV280_2	3
AV280_2	28
AV280_2	7
AV280_2	4
AV280_2	32
AV280_2	5
AV280_2	3
AV280_2	19
AV280_2	11
AV280_2	12
AV280_2	3
AV280_2	23
AV280_2	3
AV280_2	26
AV280_2	6
AV280_2	5
AV280_2	9
AV280_2	32
AV280_2	6
AV280_2	17
AV280_2	18
AV280_2	9
AV280_2	3
AV280_2	10
AV280_2	14
AV280_2	9
AV280_2	3
AV280_2	6
AV280_2	8
AV280_2	4
AV280_2	3
AV280_2	5
AV280_2	6
AV280_2	18
AV280_2	10
AV280_2	13
AV280_2	4
AV280_2	18
AV280_2	11
AV280_2	3
AV280_2	11
AV280_2	3
AV280_2	4
AV280_2	6
AV280_2	35
AV280_2	19
AV280_2	13
AV280_2	7
AV280_2	8
AV280_2	4
AV280_2	13
AV280_2	3
AV280_2	3
AV280_2	9
AV280_2	6
AV280_2	6
AV280_2	10
AV280_2	32
AV280_2	9
AV280_2	17
AV280_2	28
AV280_2	27
AV280_2	4
AV280_2	3
AV280_2	30
AV280_2	8
AV280_2	6
AV280_2	3
AV280_2	13
AV280_2	6
AV280_2	9
AV280_2	39
AV280_2	6
AV280_2	3
AV280_2	3
AV280_2	4
AV280_2	11
AV280_2	12
AV280_2	10
AV280_2	4
AV280_2	21
AV280_2	5
AV280_2	4
AV280_2	7
AV280_2	7
AV280_2	13
AV280_2	9
AV280_2	4
AV280_2	21
AV280_2	15
AV280_2	11
AV280_2	5
AV280_2	5
AV280_2	4
AV280_2	5
AV280_2	9
AV280_2	14
AV280_2	21
AV280_2	27
AV280_2	4
AV280_2	4
AV280_2	3
AV280_2	7
AV280_2	24
AV280_2	8
AV280_2	21
AV280_2	9
AV280_2	17
AV280_2	3
AV280_2	18
AV280_2	3
AV280_2	4
AV280_2	9
AV280_2	10
AV280_2	12
AV280_2	18
AV280_2	6
AV280_2	8
AV280_2	11
AV280_2	4
AV280_2	6
AV280_2	6
AV280_2	12
AV280_2	23
AV280_2	16
AV280_2	3
AV280_2	11
AV280_2	8
AV280_2	8
AV280_2	5
AV280_2	3
AV280_2	3
AV280_2	3
AV280_2	20
AV280_2	28
AV280_2	18
AV280_2	17
AV280_2	8
AV280_2	6
AV280_2	8
AV280_2	18
AV280_2	22
AV280_2	13
AV280_2	3
AV280_2	3
AV280_2	18
AV280_2	17
AV280_2	9
AV280_2	12
AV280_2	8
AV280_2	4
AV280_2	12
AV280_2	3
AV280_2	7
AV280_2	10
AV280_2	6
AV280_2	27
AV280_2	4
AV280_2	8
AV280_2	8
AV280_2	3
AV280_2	4
AV280_2	4
AV280_2	12
AV280_2	3
AV280_2	3
AV280_2	4
AV280_2	4
AV280_2	19
AV280_2	12
AV280_2	12
AV280_2	7
AV280_2	15
AV280_2	7
AV280_2	3
AV280_2	6
AV280_2	3
AV280_2	55
AV280_2	16
AV280_2	14
AV280_2	3
AV280_2	11
AV280_2	20
AV280_2	7
AV280_2	8
AV280_2	4
AV280_2	4
AV280_2	4
AV280_2	8
AV280_2	10
AV280_2	9
AV280_2	9
AV280_2	7
AV280_2	18
AV280_2	4
AV280_2	12
AV280_2	15
AV280_2	4
AV280_2	9
AV280_2	3
AV280_2	5
AV280_2	11
AV280_2	12
AV280_2	37
AV280_2	4
AV280_2	8
AV280_2	5
AV280_2	4
AV280_2	3
AV280_2	7
AV280_2	10
AV280_2	3
AV280_2	18
AV280_2	9
AV280_2	28
AV280_2	3
AV280_2	7
AV280_2	11
AV280_2	21
AV280_2	4
AV280_2	4
AV280_2	16
AV280_2	5
AV280_2	12
AV280_2	5
AV280_2	13
AV280_2	9
AV280_2	8
AV280_2	20
AV280_2	12
AV280_2	6
AV280_2	9
AV280_2	8
AV280_2	27
AV280_2	8
AV280_2	14
AV280_2	3
AV280_2	3
AV280_2	11
AV280_2	19
AV280_2	6
AV280_2	16
AV280_2	6
AV280_2	21
AV280_2	7
AV280_2	4
AV280_2	4
AV280_2	3
AV280_2	3
AV280_2	4
AV280_2	14
AV280_2	21
AV280_2	8
AV280_2	5
AV280_2	18
AV280_2	11
AV280_2	4
AV280_2	11
AV280_2	11
AV280_2	3
AV280_2	9
AV280_2	3
AV280_2	3
AV280_2	6
AV280_2	9
AV280_2	15
AV280_2	11
AV280_2	6
AV280_2	15
AV280_2	22
AV280_2	21
AV280_2	7
AV280_2	9
AV280_2	8
AV280_2	12
AV280_2	14
AV280_2	10
AV280_2	3
AV280_2	4
AV280_2	5
AV280_2	5
AV280_2	6
AV280_2	13
AV280_2	3
AV280_2	7
AV280_2	6
AV280_2	4
AV280_2	3
AV280_2	8
AV280_2	23
AV280_2	13
AV280_2	12
AV280_2	23
AV280_2	21
AV280_2	60
AV280_2	3
AV280_2	6
AV280_2	6
AV280_2	8
AV280_2	19
AV280_2	4
AV280_2	3
AV280_2	27
AV280_2	6
AV280_2	3
AV280_2	3
AV280_2	3
AV280_2	5
AV280_2	4
AV280_2	7
AV280_2	7
AV280_2	4
AV280_2	3
AV280_2	10
AV280_2	15
AV280_2	3
AV280_2	19
AV280_2	6
AV280_2	3
AV280_2	7
AV280_2	3
AV280_2	11
AV280_2	5
AV280_2	9
AV280_2	8
AV280_2	18
AV280_2	5
AV280_2	14
AV280_2	5
AV280_2	16
AV280_2	9
AV280_2	6
AV280_2	7
AV280_2	11
AV280_2	11
AV280_2	3
AV280_2	6
AV280_2	4
AV280_2	15
AV280_2	34
AV280_2	5
AV280_2	9
AV280_2	20
AV280_2	6
AV280_2	4
AV280_2	5
AV280_2	3
AV280_2	3
AV280_2	3
AV280_2	15
AV280_2	7
AV280_2	6
AV280_2	17
AV280_2	6
AV280_2	3
AV280_2	11
AV280_2	13
AV280_2	3
AV280_2	4
AV280_2	31
AV280_2	100
AV280_2	8
AV280_2	23
AV280_2	3
AV280_2	16
AV280_2	11
AV280_2	7
AV280_2	29
AV280_2	18
AV280_2	3
AV280_2	10
AV280_2	18
AV280_2	12
AV280_2	4
AV280_2	9
AV280_2	17
AV280_2	19
AV280_2	7
AV280_2	11
AV280_2	3
AV280_2	16
AV280_2	6
AV280_2	17
AV280_2	15
AV280_2	11
AV280_2	7
AV280_2	18
AV280_2	28
AV280_2	8
AV280_2	8
AV280_2	5
AV280_2	5
AV280_2	10
AV280_2	11
AV280_2	6
AV280_2	8
AV280_2	6
AV280_2	4
AV280_2	18
AV280_2	10
AV280_2	4
AV280_2	16
AV280_2	17
AV280_2	4
AV280_2	13
AV280_2	7
AV280_2	5
AV280_2	26
AV280_2	12
AV280_2	19
AV280_2	8
AV280_2	13
AV280_2	9
AV280_2	10
AV280_2	6
AV280_2	8
AV280_2	3
AV280_2	12
AV280_2	5
AV280_2	8
AV280_2	11
AV280_2	22
AV280_2	7
AV280_2	6
AV280_2	4
AV280_2	5
AV280_2	21
AV280_2	3
AV280_2	7
AV280_2	23
AV280_2	18
AV280_2	17
AV280_2	6
AV280_2	7
AV280_2	15
AV280_2	10
AV280_2	7
AV280_2	18
AV280_2	3
AV280_2	9
AV280_2	4
AV280_2	3
AV280_2	7
AV280_2	35
AV280_2	20
AV280_2	5
AV280_2	3
AV280_2	3
AV280_2	16
AV280_2	8
AV280_2	20
AV280_2	15
AV280_2	6
AV280_2	17
AV280_2	12
AV280_2	4
AV280_2	12
AV280_2	8
AV280_2	7
AV280_2	4
AV280_2	12
AV280_2	4
AV280_2	21
AV280_2	15
AV280_2	9
AV280_2	15
AV280_2	45
AV280_2	20
AV280_2	4
AV280_2	22
AV280_2	22
AV280_2	3
AV280_2	15
AV280_2	3
AV280_2	4
AV280_2	5
AV280_2	3
AV280_2	19
AV280_2	14
AV280_2	4
AV280_2	41
AV280_2	8
AV280_2	3
AV280_2	25
AV280_2	4
AV280_2	4
AV280_2	7
AV280_2	6
AV280_2	4
AV280_2	4
AV280_2	3
AV280_2	4
AV280_2	33
AV280_2	10
AV280_2	3
AV280_2	4
AV280_2	4
AV280_2	6
AV280_2	20
AV280_2	30
AV280_2	20
AV280_2	5
AV280_2	10
AV280_2	4
AV280_2	8
AV280_2	12
AV280_2	3
AV280_2	11
AV280_2	24
AV280_2	6
AV280_2	27
AV280_2	9
AV280_2	17
AV280_2	8
AV280_2	8
AV280_2	3
AV280_2	3
AV280_2	12
AV280_2	7
AV280_2	9
AV280_2	6
AV280_2	12
AV280_2	3
AV280_2	12
AV280_2	7
AV280_2	8
AV280_2	13
AV280_2	9
AV280_2	9
AV280_2	6
AV280_2	3
AV280_2	4
AV280_2	3
AV280_2	6
AV280_2	4
AV280_2	15
AV280_2	3
AV280_2	6
AV280_2	4
AV280_2	7
AV280_2	10
AV280_2	3
AV280_2	6
AV280_2	11
AV280_2	14
AV280_2	3
AV280_2	9
AV280_2	3
AV280_2	21
AV280_2	3
AV280_2	10
AV280_2	16
AV280_2	12
AV280_2	6
AV280_2	25
AV280_2	12
AV280_2	7
AV280_2	6
AV280_2	3
AV280_2	26
AV280_2	5
AV280_2	24
AV280_2	4
AV280_2	11
AV280_2	22
AV280_2	5
AV280_2	4
AV280_2	25
AV280_2	17
AV280_2	3
AV280_2	7
AV280_2	3
AV280_2	3
AV280_2	28
AV280_2	3
AV280_2	5
AV280_2	6
AV280_2	3
AV280_2	3
AV280_2	31
AV280_2	8
AV280_2	16
AV280_2	4
AV280_2	15
AV280_2	12
AV280_2	10
AV280_2	12
AV280_2	3
AV280_2	20
AV280_2	17
AV280_2	3
AV280_2	7
AV280_2	4
AV280_2	8
AV280_2	3
AV280_2	4
AV280_2	5
AV280_2	3
AV280_2	13
AV280_2	5
AV280_2	37
AV280_2	9
AV280_2	24
AV280_2	17
AV280_2	7
AV280_2	23
AV280_2	3
AV280_2	11
AV280_2	5
AV280_2	3
AV280_2	8
AV280_2	3
AV280_2	7
AV280_2	5
AV280_2	4
AV280_2	6
AV280_2	10
AV280_2	11
AV280_2	3
AV280_2	17
AV280_2	11
AV280_2	6
AV280_2	6
AV280_2	4
AV280_2	11
AV280_2	10
AV280_2	16
AV280_2	7
AV280_2	4
AV280_2	13
AV280_2	6
AV280_2	6
AV280_2	3
AV280_2	14
AV280_2	20
AV280_2	9
AV280_2	11
AV280_2	26
AV280_2	30
AV280_2	5
AV280_2	3
AV280_2	5
AV280_2	4
AV280_2	7
AV280_2	16
AV280_2	9
AV280_2	3
AV280_2	4
AV280_2	15
AV280_2	28
AV280_2	5
AV280_2	17
AV280_2	9
AV280_2	6
AV280_2	9
AV280_2	21
AV280_2	15
AV280_2	11
AV280_2	14
AV280_2	5
AV280_2	6
AV280_2	3
AV280_2	17
AV280_2	9
AV280_2	6
AV280_2	27
AV280_2	24
AV280_2	14
AV280_2	3
AV280_2	3
AV280_2	8
AV280_2	14
AV280_2	17
AV280_2	16
AV280_2	31
AV280_2	3
AV280_2	4
AV280_2	22
AV280_2	15
AV280_2	12
AV280_2	19
AV280_2	9
AV280_2	13
AV280_2	27
AV280_2	9
AV280_2	24
AV280_2	5
AV280_2	20
AV280_2	3
AV280_2	8
AV280_2	9
AV280_2	3
AV280_2	16
AV280_2	3
AV280_2	7
AV280_2	21
AV280_2	6
AV280_2	5
AV280_2	24
AV280_2	10
AV280_2	20
AV280_2	8
AV280_2	6
AV280_2	4
AV280_2	29
AV280_2	8
AV280_2	3
AV280_2	30
AV280_2	7
AV280_2	4
AV280_2	5
AV280_2	330
AV280_2	39
AV280_2	5
AV280_2	12
AV280_2	6
AV280_2	11
AV280_2	3
AV280_2	3
AV280_2	18
AV280_2	5
AV280_2	3
AV280_2	7
AV280_2	3
AV280_2	6
AV280_2	7
AV280_2	28
AV280_2	9
AV280_2	4
AV280_2	15
AV280_2	8
AV280_2	22
AV280_2	10
AV280_2	9
AV280_2	15
AV280_2	4
AV280_2	3
AV280_2	5
AV280_2	5
AV280_2	6
AV280_2	7
AV280_2	6
AV280_2	4
AV280_2	29
AV280_2	7
AV280_2	3
AV280_2	5
AV280_2	5
AV280_2	4
AV280_2	14
AV280_2	9
AV280_2	4
AV280_2	6
AV280_2	3
AV280_2	3
AV280_2	4
AV280_2	3
AV280_2	4
AV280_2	10
AV280_2	3
AV280_2	8
AV280_2	30
AV280_2	31
AV280_2	11
AV280_2	11
AV280_2	7
AV280_2	9
AV280_2	4
AV280_2	23
AV280_2	19
AV280_2	3
AV280_2	12
AV280_2	26
AV280_2	35
AV280_2	5
AV280_2	6
AV280_2	3
AV280_2	3
AV280_2	14
AV280_2	4
AV280_2	7
AV280_2	14
AV280_2	3
AV280_2	19
AV280_2	9
AV280_2	4
AV280_2	10
AV280_2	3
AV280_2	19
AV280_2	8
AV280_2	4
AV280_2	3
AV280_2	14
AV280_2	9
AV280_2	14
AV280_2	13
AV280_2	9
AV280_2	3
AV280_2	9
AV280_2	18
AV280_2	11
AV280_2	12
AV280_2	6
AV280_2	3
AV280_2	12
AV280_2	3
AV280_2	17
AV280_2	7
AV280_2	22
AV280_2	9
AV280_2	7
AV280_2	6
AV280_2	10
AV280_2	12
AV280_2	6
AV280_2	3
AV280_2	11
AV280_2	3
AV280_2	5
AV280_2	7
AV280_2	4
AV280_2	5
AV280_2	5
AV280_2	11
AV280_2	3
AV280_2	4
AV280_2	4
AV280_2	3
AV280_2	3
AV280_2	4
AV280_2	8
AV280_2	31
AV280_2	3
AV280_2	35
AV280_2	12
AV280_2	4
AV280_2	6
AV280_2	11
AV280_2	6
AV280_2	6
AV280_2	23
AV280_2	3
AV280_2	8
AV280_2	3
AV280_2	3
AV280_2	3
AV280_2	198
AV280_2	8
AV280_2	3
AV280_2	10
AV280_2	15
AV280_2	3
AV280_2	12
AV280_2	4
AV280_2	6
AV280_2	7
AV280_2	6
AV280_2	22
AV280_2	4
AV280_2	10
AV280_2	12
AV280_2	14
AV280_2	41
AV280_2	48
AV280_2	10
AV280_2	4
AV280_2	18
AV280_2	3
AV280_2	20
AV280_2	9
AV280_2	12
AV280_2	5
AV280_2	9
AV280_2	5
AV280_2	3
AV280_2	4
AV280_2	11
AV280_2	12
AV280_2	23
AV280_2	10
AV280_2	3
AV280_2	23
AV280_2	9
AV280_2	16
AV280_2	7
AV280_2	12
AV280_2	13
AV280_2	5
AV280_2	7
AV280_2	6
AV280_2	7
AV280_2	4
AV280_2	3
AV280_2	18
AV280_2	24
AV280_2	5
AV280_2	3
AV280_2	4
AV280_2	22
AV280_2	29
AV280_2	4
AV280_2	3
AV280_2	23
AV280_2	10
AV280_2	14
AV280_2	5
AV280_2	13
AV280_2	10
AV280_2	3
AV280_2	4
AV280_2	5
AV280_2	12
AV280_2	5
AV280_2	5
AV280_2	6
AV280_2	13
AV280_2	19
AV280_2	4
AV280_2	15
AV280_2	4
AV280_2	23
AV280_2	5
AV280_2	7
AV280_2	14
AV280_2	5
AV280_2	16
AV280_2	7
AV280_2	12
AV280_2	10
AV280_2	6
AV280_2	3
AV280_2	5
AV280_2	4
AV280_2	12
AV280_2	16
AV280_2	4
AV280_2	13
AV280_2	4
AV280_2	3
AV280_2	21
AV280_2	3
AV280_2	35
AV280_2	14
AV280_2	11
AV280_2	6
AV280_2	33
AV280_2	8
AV280_2	23
AV280_2	8
AV280_2	5
AV280_2	23
AV280_2	26
AV280_2	3
AV280_2	15
AV280_2	15
AV280_2	3
AV280_2	20
AV280_2	8
AV280_2	3
AV280_2	3
AV280_2	3
AV280_2	5
AV280_2	3
AV280_2	5
AV280_2	3
AV280_2	14
AV280_2	21
AV280_2	13
AV280_2	4
AV280_2	24
AV280_2	30
AV280_2	6
AV280_2	8
AV280_2	3
AV280_2	4
AV280_2	10
AV280_2	9
AV280_2	8
AV280_2	7
AV280_2	40
AV280_2	4
AV280_2	13
AV280_2	27
AV280_2	12
AV280_2	25
AV280_2	3
AV280_2	5
AV280_2	9
AV280_2	7
AV280_2	7
AV280_2	3
AV280_2	3
AV280_2	7
AV280_2	19
AV280_2	3
AV280_2	3
AV280_2	29
AV280_2	23
AV280_2	13
AV280_2	4
AV280_2	13
AV280_2	7
AV280_2	17
AV280_2	6
AV280_2	22
AV280_2	23
AV280_2	21
AV280_2	17
AV280_2	4
AV280_2	10
AV280_2	18
AV280_2	6
AV280_2	10
AV280_2	5
AV280_2	3
AV280_2	26
AV280_2	14
AV280_2	17
AV280_2	15
AV280_2	5
AV280_2	5
AV280_2	5
AV280_2	9
AV280_2	9
AV280_2	26
AV280_2	8
AV280_2	17
AV280_2	11
AV280_2	6
AV280_2	8
AV280_2	18
AV280_2	28
AV280_2	4
AV280_2	13
AV280_2	16
AV280_2	19
AV280_2	3
AV280_2	16
AV280_2	8
AV280_2	3
AV280_2	4
AV280_2	19
AV280_2	3
AV280_2	3
AV280_2	6
AV280_2	4
AV280_2	8
AV280_2	12
AV280_2	33
AV280_2	4
AV280_2	6
AV280_2	11
AV280_2	12
AV280_2	14
AV280_2	4
AV280_2	18
AV280_2	9
AV280_2	12
AV280_2	6
AV280_2	3
AV280_2	26
AV280_2	6
AV280_2	6
AV280_2	10
AV280_2	4
AV280_2	4
AV280_2	14
AV280_2	3
AV280_2	7
AV280_2	16
AV280_2	3
AV280_2	7
AV280_2	9
AV280_2	6
AV280_2	5
AV280_2	4
AV280_2	13
AV280_2	15
AV280_2	3
AV280_2	10
AV280_2	4
AV280_2	9
AV280_2	3
AV280_2	51
AV280_2	7
AV280_2	5
AV280_2	7
AV280_2	27
AV280_2	9
AV280_2	3
AV280_2	4
AV280_2	11
AV280_2	3
AV280_2	4
AV280_2	4
AV280_2	8
AV280_2	4
AV280_2	11
AV280_2	3
AV280_2	14
AV280_2	7
AV280_2	7
AV280_2	5
AV280_2	18
AV280_2	4
AV280_2	40
AV280_2	16
AV280_2	6
AV280_2	3
AV280_2	23
AV280_2	6
AV280_2	10
AV280_2	22
AV280_2	17
AV280_2	3
AV280_2	9
AV280_2	10
AV280_2	17
AV280_2	7
AV280_2	4
AV280_2	21
AV280_2	4
AV280_2	19
AV280_2	3
AV280_2	6
AV280_2	9
AV280_2	11
AV280_2	3
AV280_2	24
AV280_2	8
AV280_2	3
AV280_2	10
AV280_2	6
AV280_2	14
AV280_2	5
AV280_2	10
AV280_2	7
AV280_2	21
AV280_2	16
AV280_2	7
AV280_2	7
AV280_2	3
AV280_2	7
AV280_2	3
AV280_2	5
AV280_2	10
AV280_2	7
AV280_2	4
AV280_2	5
AV280_2	14
AV280_2	10
AV280_2	4
AV280_2	3
AV280_2	10
AV280_2	5
AV280_2	6
AV280_2	6
AV280_2	7
AV280_2	9
AV280_2	3
AV280_2	5
AV280_2	7
AV280_2	6
AV280_2	14
AV280_2	6
AV280_2	8
AV280_2	4
AV280_2	7
AV280_2	3
AV280_2	4
AV280_2	8
AV280_2	9
AV280_2	14
AV280_2	15
AV280_2	4
AV280_2	12
AV280_2	16
AV280_2	6
AV280_2	3
AV280_2	11
AV280_2	3
AV280_2	8
AV280_2	3
AV280_2	5
AV280_2	3
AV280_2	12
AV280_2	3
AV280_2	6
AV280_2	7
AV280_2	15
AV280_2	8
AV280_2	22
AV280_2	5
AV280_2	18
AV280_2	12
AV280_2	11
AV280_2	4
AV280_2	42
AV280_2	16
AV280_2	12
AV280_2	3
AV280_2	8
AV280_2	18
AV280_2	15
AV280_2	11
AV280_2	3
AV280_2	4
AV280_2	29
AV280_2	7
AV280_2	14
AV280_2	13
AV280_2	25
AV280_2	10
AV280_2	3
AV280_2	4
AV280_2	4
AV280_2	3
AV280_2	10
AV280_2	3
AV280_2	3
AV280_2	3
AV280_2	9
AV280_2	4
AV280_2	7
AV280_2	34
AV280_2	6
AV280_2	13
AV280_2	9
AV280_2	3
AV280_2	6
AV280_2	3
AV280_2	20
AV280_2	30
AV280_2	16
AV280_2	3
AV280_2	33
AV280_2	12
AV280_2	5
AV280_2	3
AV280_2	5
AV280_2	9
AV280_2	4
AV280_2	9
AV280_2	9
AV280_2	54
AV280_2	6
AV280_2	5
AV280_2	9
AV280_2	10
AV280_2	4
AV280_2	30
AV280_2	4
AV280_2	7
AV280_2	6
AV280_2	4
AV280_2	5
AV280_2	19
AV280_2	8
AV280_2	14
AV280_2	3
AV280_2	13
AV280_2	13
AV280_2	14
AV280_2	6
AV280_2	9
AV280_2	8
AV280_2	12
AV280_2	5
AV280_2	3
AV280_2	21
AV280_2	10
AV280_2	3
AV280_2	3
AV280_2	10
AV280_2	16
AV280_2	12
AV280_2	24
AV280_2	4
AV280_2	14
AV280_2	17
AV280_2	5
AV280_2	7
AV280_2	6
AV280_2	31
AV280_2	4
AV280_2	6
AV280_2	5
AV280_2	11
AV280_2	3
AV280_2	11
AV280_2	3
AV280_2	5
AV280_2	4
AV280_2	11
AV280_2	9
AV280_2	5
AV280_2	7
AV280_2	6
AV280_2	18
AV280_2	5
AV280_2	6
AV280_2	4
AV280_2	15
AV280_2	6
AV280_2	30
AV280_2	3
AV280_2	5
AV280_2	7
AV280_2	25
AV280_2	3
AV280_2	15
AV280_2	3
AV280_2	8
AV280_2	7
AV280_2	9
AV280_2	15
AV280_2	4
AV280_2	3
AV280_2	6
AV280_2	16
AV280_2	15
AV280_2	4
AV280_2	5
AV280_2	11
AV280_2	35
AV280_2	6
AV280_2	8
AV280_2	3
AV280_2	5
AV280_2	11
AV280_2	23
AV280_2	13
AV280_2	5
AV280_2	4
AV280_2	15
AV280_2	4
AV280_2	7
AV280_2	6
AV280_2	5
AV280_2	4
AV280_2	17
AV280_2	6
AV280_2	6
AV280_2	12
AV280_2	3
AV280_2	7
AV280_2	3
AV280_2	3
AV280_2	5
AV280_2	3
AV280_2	4
AV280_2	14
AV280_2	10
AV280_2	18
AV280_2	13
AV280_2	49
AV280_2	3
AV280_2	16
AV280_2	8
AV280_2	8
AV280_2	22
AV280_2	14
AV280_2	8
AV280_2	9
AV280_2	22
AV280_2	3
AV280_2	5
AV280_2	4
AV280_2	17
AV280_2	4
AV280_2	17
AV280_2	8
AV280_2	4
AV280_2	5
AV280_2	27
AV280_2	6
AV280_2	3
AV280_2	15
AV280_2	4
AV280_2	4
AV280_2	3
AV280_2	4
AV280_2	4
AV280_2	8
AV280_2	4
AV280_2	13
AV280_2	6
AV280_2	8
AV280_2	3
AV280_2	5
AV280_2	12
AV280_2	5
AV280_2	11
AV280_2	4
AV280_2	4
AV280_2	24
AV280_2	24
AV280_2	12
AV280_2	20
AV280_2	14
AV280_2	4
AV280_2	5
AV280_2	5
AV280_2	14
AV280_2	12
AV280_2	5
AV280_2	3
AV280_2	7
AV280_2	23
AV280_2	4
AV280_2	8
AV280_2	6
AV280_2	6
AV280_2	4
AV280_2	6
AV280_2	11
AV280_2	5
AV280_2	6
AV280_2	22
AV280_2	10
AV280_2	5
AV280_2	7
AV280_2	4
AV280_2	21
AV280_2	7
AV280_2	4
AV280_2	17
AV280_2	3
AV280_2	13
AV280_2	10
AV280_2	8
AV280_2	11
AV280_2	8
AV280_2	14
AV280_2	5
AV280_2	3
AV280_2	17
AV280_2	12
AV280_2	9
AV280_2	12
AV280_2	3
AV280_2	7
AV280_2	16
AV280_2	25
AV280_2	5
AV280_2	22
AV280_2	5
AV280_2	13
AV280_2	4
AV280_2	9
AV280_2	12
AV280_2	7
AV280_2	8
AV280_2	3
AV280_2	12
AV280_2	17
AV280_2	5
AV280_2	3
AV280_2	6
AV280_2	3
AV280_2	3
AV280_2	16
AV280_2	3
AV280_2	7
AV280_2	11
AV280_2	16
AV280_2	5
AV280_2	3
AV280_2	3
AV280_2	9
AV280_2	7
AV280_2	3
AV280_2	4
AV280_2	4
AV280_2	11
AV280_2	8
AV280_2	11
AV280_2	17
AV280_2	7
AV280_2	22
AV280_2	5
AV280_2	5
AV280_2	16
AV280_2	3
AV280_2	4
AV280_2	13
AV280_2	11
AV280_2	17
AV280_2	12
AV280_2	11
AV280_2	4
AV280_2	9
AV280_2	3
AV280_2	36
AV280_2	5
AV280_2	24
AV280_2	6
AV280_2	3
AV280_2	3
AV280_2	11
AV280_2	6
AV280_2	3
AV280_2	13
AV280_2	22
AV280_2	13
AV280_2	3
AV280_2	23
AV280_2	11
AV280_2	3
AV280_2	8
AV280_2	8
AV280_2	3
AV280_2	6
AV280_2	27
AV280_2	3
AV280_2	18
AV280_2	19
AV280_2	21
AV280_2	7
AV280_2	28
AV280_2	5
AV280_2	9
AV280_2	21
AV280_2	7
AV280_2	3
AV280_2	9
AV280_2	3
AV280_2	5
AV280_2	5
AV280_2	12
AV280_2	15
AV280_2	9
AV280_2	6
AV280_2	3
AV280_2	9
AV280_2	7
AV280_2	3
AV280_2	3
AV280_2	3
AV280_2	3
AV280_2	8
AV280_2	28
AV280_2	20
AV280_2	12
AV280_2	4
AV280_2	8
AV280_2	7
AV280_2	5
AV280_2	17
AV280_2	3
AV280_2	3
AV280_2	10
AV280_2	19
AV280_2	6
AV280_2	4
AV280_2	8
AV280_2	9
AV280_2	8
AV280_2	3
AV280_2	3
AV280_2	8
AV280_2	3
AV280_2	5
AV280_2	4
AV280_2	8
AV280_2	11
AV280_2	4
AV280_2	5
AV280_2	7
AV280_2	3
AV280_2	18
AV280_2	30
AV280_2	13
AV280_2	4
AV280_2	8
AV280_2	5
AV280_2	4
AV280_2	6
AV280_2	3
AV280_2	14
AV280_2	13
AV280_2	21
AV280_2	5
AV280_2	22
AV280_2	3
AV280_2	70
AV280_2	6
AV280_2	4
AV280_2	5
AV280_2	31
AV280_2	3
AV280_2	13
AV280_2	3
AV280_2	13
AV280_2	4
AV280_2	5
AV280_2	3
AV280_2	7
AV280_2	3
AV280_2	10
AV280_2	5
AV280_2	4
AV280_2	20
AV280_2	7
AV280_2	3
AV280_2	3
AV280_2	23
AV280_2	12
AV280_2	8
AV280_2	14
AV280_2	6
AV280_2	8
AV280_2	3
AV280_2	3
AV280_2	20
AV280_2	19
AV280_2	20
AV280_2	10
AV280_2	19
AV280_2	5
AV280_2	6
AV280_2	22
AV280_2	9
AV280_2	12
AV280_2	3
AV280_2	3
AV280_2	4
AV280_2	3
AV280_2	13
AV280_2	34
AV280_2	26
AV280_2	7
AV280_2	7
AV280_2	15
AV280_2	5
AV280_2	12
AV280_2	4
AV280_2	4
AV280_2	3
AV280_2	12
AV280_2	12
AV280_2	10
AV280_2	3
AV280_2	18
AV280_2	17
AV280_2	5
AV280_2	21
AV280_2	10
AV280_2	7
AV280_2	3
AV280_2	3
AV280_2	4
AV280_2	12
AV280_2	4
AV280_2	10
AV280_2	9
AV280_2	23
AV280_2	16
AV280_2	3
AV280_2	13
AV280_2	15
AV280_2	6
AV280_2	5
AV280_2	10
AV280_2	9
AV280_2	8
AV280_2	3
AV280_2	7
AV280_2	11
AV280_2	8
AV280_2	12
AV280_2	7
AV280_2	18
AV280_2	4
AV280_2	19
AV280_2	15
AV280_2	4
AV280_2	3
AV280_2	6
AV280_2	3
AV280_2	3
AV280_2	5
AV280_2	13
AV280_2	3
AV280_2	689
AV280_2	12
AV280_2	3
AV280_2	4
AV280_2	3
AV280_2	4
AV280_2	5
AV280_2	5
AV280_2	25
AV280_2	9
AV280_2	7
AV280_2	3
AV280_2	7
AV280_2	3
AV280_2	14
AV280_2	15
AV280_2	15
AV280_2	12
AV280_2	8
AV280_2	20
AV280_2	7
AV280_2	6
AV280_2	6
AV280_2	23
AV280_2	13
AV280_2	10
AV280_2	7
AV280_2	7
AV280_2	5
AV280_2	3
AV280_2	8
AV280_2	4
AV280_2	8
AV280_2	18
AV280_2	3
AV280_2	7
AV280_2	9
AV280_2	4
AV280_2	7
AV280_2	6
AV280_2	5
AV280_2	5
AV280_2	8
AV280_2	6
AV280_2	3
AV280_2	3
AV280_2	3
AV280_2	35
AV280_2	12
AV280_2	4
AV280_2	5
AV280_2	13
AV280_2	3
AV280_2	6
AV280_2	7
AV280_2	4
AV280_2	109
AV280_2	26
AV280_2	9
AV280_2	5
AV280_2	15
AV280_2	16
AV280_2	5
AV280_2	3
AV280_2	3
AV280_2	3
AV280_2	36
AV280_2	10
AV280_2	3
AV280_2	3
AV280_2	15
AV280_2	3
AV280_2	7
AV280_2	48
AV280_2	17
AV280_2	3
AV280_2	18
AV280_2	35
AV280_2	10
AV280_2	25
AV280_2	4
AV280_2	12
AV280_2	4
AV280_2	6
AV280_2	8
AV280_2	8
AV280_2	40
AV280_2	4
AV280_2	31
AV280_2	12
AV280_2	7
AV280_2	4
AV280_2	7
AV280_2	28
AV280_2	5
AV280_2	5
AV280_2	11
AV280_2	4
AV280_2	4
AV280_2	3
AV280_2	9
AV280_2	23
AV280_2	11
AV280_2	6
AV280_2	17
AV280_2	4
AV280_2	26
AV280_2	8
AV280_2	24
AV280_2	12
AV280_2	18
AV280_2	5
AV280_2	6
AV280_2	4
AV280_2	3
AV280_2	11
AV280_2	10
AV280_2	26
AV280_2	3
AV280_2	19
AV280_2	26
AV280_2	14
AV280_2	6
AV280_2	3
AV280_2	3
AV280_2	3
AV280_2	21
AV280_2	7
AV280_2	4
AV280_2	6
AV280_2	9
AV280_2	8
AV280_2	9
AV280_2	10
AV280_2	4
AV280_2	18
AV280_2	6
AV280_2	5
AV280_2	16
AV280_2	11
AV280_2	24
AV280_2	10
AV280_2	5
AV280_2	9
AV280_2	5
AV280_2	7
AV280_2	3
AV280_2	5
AV280_2	31
AV280_2	7
AV280_2	3
AV280_2	15
AV280_2	3
AV280_2	18
AV280_2	4
AV280_2	10
AV280_2	17
AV280_2	11
AV280_2	23
AV280_2	3
AV280_2	13
AV280_2	5
AV280_2	16
AV280_2	11
AV280_2	9
AV280_2	8
AV280_2	36
AV280_2	33
AV280_2	13
AV280_2	3
AV280_2	24
AV280_2	3
AV280_2	13
AV280_2	6
AV280_2	7
AV280_2	6
AV280_2	23
AV280_2	27
AV280_2	8
AV280_2	10
AV280_2	12
AV280_2	8
AV280_2	3
AV280_2	7
AV280_2	6
AV280_2	7
AV280_2	7
AV280_2	18
AV280_2	15
AV280_2	5
AV280_2	3
AV280_2	11
AV280_2	15
AV280_2	15
AV280_2	5
AV280_2	4
AV280_2	9
AV280_2	3
AV280_2	4
AV280_2	10
AV280_2	7
AV280_2	4
AV280_2	5
AV280_2	14
AV280_2	8
AV280_2	37
AV280_2	3
AV280_2	3
AV280_2	3
AV280_2	5
AV280_2	31
AV280_2	14
AV280_2	16
AV280_2	3
AV280_2	3
AV280_2	16
AV280_2	4
AV280_2	26
AV280_2	17
AV280_2	6
AV280_2	21
AV280_2	3
AV280_2	5
AV280_2	3
AV280_2	3
AV280_2	11
AV280_2	33
AV280_2	3
AV280_2	24
AV280_2	8
AV280_2	11
AV280_2	5
AV280_2	15
AV280_2	20
AV280_2	8
AV280_2	3
AV280_2	10
AV280_2	14
AV280_2	16
AV280_2	11
AV280_2	11
AV280_2	3
AV280_2	10
AV280_2	3
AV280_2	8
AV280_2	11
AV280_2	17
AV280_2	7
AV280_2	3
AV280_2	6
AV280_2	3
AV280_2	26
AV280_2	11
AV280_2	3
AV280_2	17
AV280_2	25
AV280_2	3
AV280_2	15
AV280_2	5
AV280_2	5
AV280_2	3
AV280_2	9
AV280_2	4
AV280_2	16
AV280_2	3
AV280_2	16
AV280_2	16
AV280_2	6
AV280_2	5
AV280_2	18
AV280_2	7
AV280_2	9
AV280_2	5
AV280_2	7
AV280_2	9
AV280_2	17
AV280_2	9
AV280_2	10
AV280_2	4
AV280_2	9
AV280_2	10
AV280_2	12
AV280_2	6
AV280_2	3
AV280_2	5
AV280_2	3
AV280_2	11
AV280_2	27
AV280_2	4
AV280_2	25
AV280_2	3
AV280_2	3
AV280_2	19
AV280_2	7
AV280_2	7
AV280_2	21
AV280_2	11
AV280_2	3
AV280_2	16
AV280_2	3
AV280_2	16
AV280_2	10
AV280_2	28
AV280_2	8
AV280_2	19
AV280_2	12
AV280_2	13
AV280_2	9
AV280_2	8
AV280_2	18
AV280_2	6
AV280_2	20
AV280_2	3
AV280_2	41
AV280_2	5
AV280_2	22
AV280_2	7
AV280_2	12
AV280_2	3
AV280_2	15
AV280_2	26
AV280_2	6
AV280_2	13
AV280_2	11
AV280_2	19
AV280_2	17
AV280_2	18
AV280_2	13
AV280_2	3
AV280_2	5
AV280_2	19
AV280_2	13
AV280_2	4
AV280_2	12
AV280_2	6
AV280_2	7
AV280_2	13
AV280_2	3
AV280_2	24
AV280_2	20
AV280_2	8
AV280_2	7
AV280_2	4
AV280_2	12
AV280_2	3
AV280_2	17
AV280_2	11
AV280_2	3
AV280_2	5
AV280_2	14
AV280_2	4
AV280_2	10
AV280_2	5
AV280_2	27
AV280_2	8
AV280_2	7
AV280_2	6
AV280_2	3
AV280_2	6
AV280_2	4
AV280_2	3
AV280_2	4
AV280_2	3
AV280_2	10
AV280_2	10
AV280_2	6
AV280_2	4
AV280_2	11
AV280_2	3
AV280_2	5
AV280_2	21
AV280_2	3
AV280_2	70
AV280_2	3
AV280_2	4
AV280_2	8
AV280_2	18
AV280_2	23
AV280_2	22
AV280_2	5
AV280_2	23
AV280_2	8
AV280_2	4
AV280_2	22
AV280_2	9
AV280_2	3
AV280_2	17
AV280_2	13
AV280_2	4
AV280_2	13
AV280_2	4
AV280_2	12
AV280_2	13
AV280_2	6
AV280_2	4
AV280_2	7
AV280_2	4
AV280_2	11
AV280_2	12
AV280_2	3
AV280_2	11
AV280_2	7
AV280_2	8
AV280_2	19
AV280_2	14
AV280_2	5
AV280_2	10
AV280_2	5
AV280_2	4
AV280_2	22
AV280_2	29
AV280_2	4
AV280_2	3
AV280_2	3
AV280_2	10
AV280_2	5
AV280_2	4
AV280_2	26
AV280_2	3
AV280_2	10
AV280_2	3
AV280_2	5
AV280_2	7
AV280_2	5
AV280_2	3
AV280_2	14
AV280_2	4
AV280_2	9
AV280_2	3
AV280_2	7
AV280_2	18
AV280_2	5
AV280_2	18
AV280_2	17
AV280_2	8
AV280_2	10
AV280_2	7
AV280_2	8
AV280_2	3
AV280_2	7
AV280_2	17
AV280_2	5
AV280_2	9
AV280_2	4
AV280_2	7
AV280_2	9
AV280_2	4
AV280_2	11
AV280_2	18
AV280_2	3
AV280_2	4
AV280_2	13
AV280_2	3
AV280_2	3
AV280_2	4
AV280_2	23
AV280_2	6
AV280_2	8
AV280_2	6
AV280_2	19
AV280_2	17
AV280_2	5
AV280_2	5
AV280_2	7
AV280_2	4
AV280_2	12
AV280_2	13
AV280_2	12
AV280_2	47
AV280_2	47
AV280_2	4
AV280_2	12
AV280_2	3
AV280_2	5
AV280_2	4
AV280_2	14
AV280_2	3
AV280_2	5
AV280_2	7
AV280_2	5
AV280_2	4
AV280_2	10
AV280_2	4
AV280_2	22
AV280_2	17
AV280_2	9
AV280_2	8
AV280_2	6
AV280_2	15
AV280_2	6
AV280_2	3
AV280_2	27
AV280_2	15
AV280_2	3
AV280_2	10
AV280_2	4
AV280_2	18
AV280_2	11
AV280_2	15
AV280_2	16
AV280_2	4
AV280_2	3
AV280_2	6
AV280_2	16
AV280_2	3
AV280_2	15
AV280_2	3
AV280_2	22
AV280_2	6
AV280_2	6
AV280_2	10
AV280_2	6
AV280_2	4
AV280_2	3
AV280_2	3
AV280_2	3
AV280_2	4
AV280_2	44
AV280_2	6
AV280_2	8
AV280_2	6
AV280_2	18
AV280_2	20
AV280_2	3
AV280_2	3
AV280_2	7
AV280_2	14
AV280_2	11
AV280_2	10
AV280_2	23
AV280_2	4
AV280_2	3
AV280_2	7
AV280_2	4
AV280_2	7
AV280_2	15
AV280_2	3
AV280_2	4
AV280_2	3
AV280_2	3
AV280_2	17
AV280_2	20
AV280_2	39
AV280_2	5
AV280_2	11
AV280_2	3
AV280_2	24
AV280_2	7
AV280_2	3
AV280_2	4
AV280_2	4
AV280_2	3
AV280_2	11
AV280_2	10
AV280_2	5
AV280_2	9
AV280_2	3
AV280_2	10
AV280_2	5
AV280_2	3
AV280_2	3
AV280_2	8
AV280_2	3
AV280_2	21
AV280_2	27
AV280_2	26
AV280_2	4
AV280_2	3
AV280_2	8
AV280_2	4
AV280_2	17
AV280_2	8
AV280_2	9
AV280_2	3
AV280_2	4
AV280_2	8
AV280_2	3
AV280_2	11
AV280_2	15
AV280_2	16
AV280_2	17
AV280_2	42
AV280_2	43
AV280_2	3
AV280_2	3
AV280_2	3
AV280_2	13
AV280_2	21
AV280_2	15
AV280_2	3
AV280_2	5
AV280_2	3
AV280_2	4
AV280_2	5
AV280_2	8
AV280_2	10
AV280_2	7
AV280_2	21
AV280_2	12
AV280_2	17
AV280_2	8
AV280_2	5
AV280_2	17
AV280_2	3
AV280_2	15
AV280_2	11
AV280_2	9
AV280_2	19
AV280_2	7
AV280_2	13
AV280_2	9
AV280_2	3
AV280_2	20
AV280_2	4
AV280_2	3
AV280_2	22
AV280_2	3
AV280_2	9
AV280_2	14
AV280_2	23
AV280_2	3
AV280_2	9
AV280_2	6
AV280_2	4
AV280_2	9
AV280_2	5
AV280_2	15
AV280_2	3
AV280_2	3
AV280_2	3
AV280_2	6
AV280_2	4
AV280_2	24
AV280_2	8
AV280_2	4
AV280_2	12
AV280_2	3
AV280_2	10
AV280_2	4
AV280_2	4
AV280_2	20
AV280_2	3
AV280_2	19
AV280_2	10
AV280_2	5
AV280_2	5
AV280_2	4
AV280_2	9
AV280_2	23
AV280_2	3
AV280_2	14
AV280_2	6
AV280_2	4
AV280_2	3
AV280_2	13
AV280_2	7
AV280_2	13
AV280_2	3
AV280_2	20
AV280_2	3
AV280_2	9
AV280_2	4
AV280_2	3
AV280_2	8
AV280_2	3
AV280_2	10
AV280_2	5
AV280_2	52
AV280_2	6
AV280_2	13
AV280_2	18
AV280_2	31
AV280_2	6
AV280_2	4
AV280_2	8
AV280_2	4
AV280_2	30
AV280_2	15
AV280_2	8
AV280_2	4
AV280_2	6
AV280_2	9
AV280_2	3
AV280_2	6
AV280_2	7
AV280_2	7
AV280_2	6
AV280_2	18
AV280_2	6
AV280_2	17
AV280_2	12
AV280_2	13
AV280_2	28
AV280_2	5
AV280_2	3
AV280_2	5
AV280_2	5
AV280_2	19
AV280_2	27
AV280_2	4
AV280_2	4
AV280_2	14
AV280_2	8
AV280_2	4
AV280_2	7
AV280_2	3
AV280_2	5
AV280_2	6
AV280_2	6
AV280_2	3
AV280_2	18
AV280_2	31
AV280_2	34
AV280_2	6
AV280_2	14
AV280_2	8
AV280_2	9
AV280_2	4
AV280_2	5
AV280_2	10
AV280_2	4
AV280_2	19
AV280_2	18
AV280_2	4
AV280_2	15
AV280_2	9
AV280_2	7
AV280_2	15
AV280_2	13
AV280_2	8
AV280_2	5
AV280_2	9
AV280_2	5
AV280_2	6
AV280_2	9
AV280_2	7
AV280_2	19
AV280_2	7
AV280_2	4
AV280_2	6
AV280_2	5
AV280_2	12
AV280_2	8
AV280_2	7
AV280_2	25
AV280_2	6
AV280_2	3
AV280_2	16
AV280_2	3
AV280_2	10
AV280_2	13
AV280_2	9
AV280_2	5
AV280_2	3
AV280_2	4
AV280_2	4
AV282_2	3
AV282_2	7
AV282_2	8
AV282_2	6
AV282_2	42
AV282_2	10
AV282_2	15
AV282_2	10
AV282_2	32
AV282_2	3
AV282_2	5
AV282_2	3
AV282_2	47
AV282_2	4
AV282_2	13
AV282_2	6
AV282_2	4
AV282_2	6
AV282_2	3
AV282_2	4
AV282_2	4
AV282_2	49
AV282_2	3
AV282_2	3
AV282_2	9
AV282_2	3
AV282_2	5
AV282_2	3
AV282_2	10
AV282_2	5
AV282_2	3
AV282_2	4
AV282_2	15
AV282_2	8
AV282_2	4
AV282_2	7
AV282_2	10
AV282_2	3
AV282_2	7
AV282_2	4
AV282_2	10
AV282_2	45
AV282_2	6
AV282_2	8
AV282_2	10
AV282_2	37
AV282_2	12
AV282_2	5
AV282_2	4
AV282_2	4
AV282_2	8
AV282_2	13
AV282_2	6
AV282_2	6
AV282_2	3
AV282_2	3
AV282_2	9
AV282_2	5
AV282_2	3
AV282_2	6
AV282_2	16
AV282_2	3
AV282_2	3
AV282_2	20
AV282_2	3
AV282_2	46
AV282_2	21
AV282_2	24
AV282_2	3
AV282_2	5
AV282_2	12
AV282_2	4
AV282_2	42
AV282_2	25
AV296_2	14
AV296_2	3
AV296_2	140
AV296_2	7
AV296_2	7
AV296_2	5
AV296_2	10
AV296_2	7
AV296_2	13
AV296_2	15
AV296_2	28
AV296_2	14
AV296_2	21
AV296_2	4
AV296_2	18
AV296_2	9
AV296_2	9
AV296_2	3
AV296_2	33
AV296_2	9
AV296_2	11
AV296_2	16
AV296_2	4
AV296_2	16
AV296_2	3
AV296_2	7
AV296_2	13
AV296_2	5
AV296_2	5
AV296_2	12
AV296_2	4
AV296_2	6
AV296_2	15
AV296_2	17
AV296_2	10
AV296_2	15
AV296_2	3
AV296_2	20
AV296_2	8
AV296_2	13
AV296_2	22
AV296_2	10
AV296_2	13
AV296_2	4
AV296_2	3
AV296_2	4
AV296_2	12
AV296_2	10
AV296_2	15
AV296_2	5
AV296_2	10
AV296_2	8
AV296_2	5
AV296_2	8
AV296_2	24
AV296_2	7
AV296_2	67
AV296_2	18
AV296_2	20
AV296_2	3
AV296_2	13
AV296_2	3
AV296_2	136
AV296_2	14
AV296_2	4
AV296_2	17
AV296_2	32
AV296_2	4
AV296_2	9
AV296_2	8
AV296_2	3
AV296_2	3
AV296_2	24
AV296_2	8
AV296_2	7
AV296_2	6
AV296_2	20
AV296_2	15
AV296_2	12
AV296_2	4
AV296_2	3
AV296_2	3
AV296_2	6
AV296_2	17
AV296_2	7
AV296_2	3
AV296_2	13
AV296_2	18
AV296_2	7
AV296_2	16
AV296_2	7
AV296_2	10
AV296_2	10
AV296_2	28
AV296_2	6
AV296_2	6
AV296_2	23
AV296_2	5
AV296_2	9
AV296_2	7
AV296_2	13
AV296_2	3
AV296_2	10
AV296_2	4
AV296_2	7
AV296_2	19
AV296_2	4
AV296_2	9
AV296_2	11
AV296_2	3
AV296_2	7
AV296_2	3
AV296_2	4
AV296_2	23
AV296_2	4
AV296_2	15
AV296_2	11
AV296_2	3
AV296_2	6
AV296_2	29
AV296_2	16
AV296_2	9
AV296_2	9
AV296_2	4
AV296_2	10
AV296_2	8
AV296_2	14
AV296_2	28
AV296_2	3
AV296_2	4
AV296_2	6
AV296_2	5
AV296_2	4
AV296_2	3
AV296_2	9
AV296_2	7
AV296_2	4
AV296_2	8
AV296_2	9
AV296_2	32
AV296_2	40
AV296_2	49
AV296_2	32
AV296_2	13
AV296_2	12
AV296_2	4
AV296_2	3
AV296_2	7
AV296_2	3
AV296_2	6
AV296_2	3
AV296_2	10
AV296_2	18
AV296_2	3
AV296_2	13
AV296_2	3
AV296_2	34
AV296_2	3
AV296_2	11
AV296_2	24
AV296_2	5
AV296_2	65
AV296_2	22
AV296_2	3
AV296_2	4
AV296_2	8
AV296_2	3
AV296_2	3
AV296_2	5
AV296_2	51
AV296_2	6
AV296_2	27
AV296_2	16
AV296_2	12
AV296_2	8
AV296_2	18
AV296_2	5
AV296_2	29
AV296_2	5
AV296_2	5
AV296_2	9
AV296_2	17
AV296_2	21
AV296_2	20
AV296_2	3
AV296_2	48
AV296_2	10
AV296_2	6
AV296_2	10
AV296_2	10
AV296_2	6
AV296_2	8
AV296_2	14
AV296_2	6
AV296_2	19
AV296_2	3
AV296_2	3
AV296_2	16
AV296_2	3
AV296_2	6
AV296_2	16
AV296_2	22
AV296_2	19
AV296_2	8
AV296_2	4
AV296_2	20
AV296_2	4
AV296_2	9
AV296_2	39
AV296_2	3
AV296_2	3
AV296_2	12
AV296_2	21
AV296_2	16
AV296_2	7
AV296_2	8
AV296_2	3
AV296_2	11
AV296_2	4
AV296_2	8
AV296_2	39
AV296_2	6
AV296_2	21
AV296_2	14
AV296_2	7
AV296_2	9
AV296_2	9
AV296_2	5
AV296_2	6
AV296_2	6
AV296_2	10
AV296_2	25
AV296_2	17
AV296_2	44
AV296_2	27
AV296_2	3
AV296_2	3
AV296_2	3
AV296_2	12
AV296_2	3
AV296_2	1323
AV296_2	5
AV296_2	6
AV296_2	24
AV296_2	3
AV296_2	13
AV296_2	4
AV296_2	4
AV296_2	5
AV296_2	3
AV296_2	8
AV296_2	3
AV296_2	4
AV296_2	6
AV296_2	9
AV296_2	3
AV296_2	12
AV296_2	10
AV296_2	13
AV296_2	17
AV296_2	8
AV296_2	8
AV296_2	17
AV296_2	4
AV296_2	11
AV296_2	3
AV296_2	41
AV296_2	3
AV296_2	7
AV296_2	6
AV296_2	12
AV296_2	11
AV296_2	7
AV296_2	3
AV296_2	8
AV296_2	3
AV296_2	44
AV296_2	3
AV296_2	19
AV296_2	6
AV296_2	9
AV296_2	19
AV296_2	8
AV296_2	9
AV296_2	10
AV296_2	6
AV296_2	7
AV296_2	4
AV296_2	24
AV296_2	5
AV296_2	4
AV296_2	4
AV296_2	3
AV296_2	3
AV296_2	17
AV296_2	4
AV296_2	8
AV296_2	3
AV296_2	19
AV296_2	29
AV296_2	6
AV296_2	10
AV296_2	7
AV296_2	8
AV296_2	3
AV296_2	29
AV296_2	15
AV296_2	24
AV296_2	12
AV296_2	3
AV296_2	34
AV296_2	3
AV296_2	31
AV296_2	4
AV296_2	22
AV296_2	6
AV296_2	18
AV296_2	3
AV296_2	13
AV296_2	12
AV296_2	8
AV296_2	6
AV296_2	3
AV296_2	3
AV296_2	27
AV296_2	8
AV296_2	7
AV296_2	3
AV296_2	3
AV296_2	14
AV296_2	7
AV296_2	21
AV296_2	4
AV296_2	6
AV296_2	11
AV296_2	7
AV296_2	3
AV296_2	5
AV296_2	3
AV296_2	13
AV296_2	16
AV296_2	13
AV296_2	20
AV296_2	7
AV296_2	27
AV296_2	14
AV296_2	5
AV296_2	28
AV296_2	7
AV296_2	11
AV296_2	3
AV296_2	3
AV296_2	18
AV296_2	3
AV296_2	5
AV296_2	3
AV296_2	8
AV296_2	16
AV296_2	19
AV296_2	19
AV296_2	15
AV296_2	6
AV296_2	9
AV296_2	9
AV296_2	4
AV296_2	13
AV296_2	18
AV296_2	4
AV296_2	15
AV296_2	4
AV296_2	4
AV296_2	16
AV296_2	32
AV296_2	17
AV296_2	24
AV296_2	16
AV296_2	6
AV296_2	41
AV296_2	15
AV296_2	9
AV296_2	3
AV296_2	4
AV296_2	14
AV296_2	3
AV296_2	31
AV296_2	9
AV296_2	5
AV296_2	9
AV296_2	3
AV296_2	31
AV296_2	20
AV296_2	7
AV296_2	3
AV296_2	12
AV296_2	6
AV296_2	13
AV296_2	17
AV296_2	16
AV296_2	9
AV296_2	25
AV296_2	20
AV296_2	4
AV296_2	8
AV296_2	51
AV296_2	10
AV296_2	8
AV296_2	20
AV296_2	16
AV296_2	10
AV296_2	8
AV296_2	33
AV296_2	7
AV296_2	3
AV296_2	5
AV296_2	16
AV296_2	5
AV296_2	12
AV296_2	15
AV296_2	9
AV296_2	3
AV296_2	35
AV296_2	17
AV296_2	4
AV296_2	4
AV296_2	23
AV296_2	11
AV296_2	14
AV296_2	5
AV296_2	20
AV296_2	12
AV296_2	26
AV296_2	30
AV296_2	9
AV296_2	41
AV296_2	6
AV296_2	3
AV296_2	16
AV296_2	3
AV296_2	4
AV296_2	6
AV296_2	18
AV296_2	3
AV296_2	12
AV296_2	29
AV296_2	25
AV296_2	10
AV296_2	4
AV296_2	15
AV296_2	10
AV296_2	49
AV296_2	7
AV296_2	14
AV296_2	6
AV296_2	18
AV296_2	8
AV296_2	16
AV296_2	18
AV296_2	6
AV296_2	33
AV296_2	12
AV296_2	9
AV296_2	67
AV296_2	8
AV296_2	13
AV296_2	25
AV296_2	5
AV296_2	3
AV296_2	6
AV296_2	20
AV296_2	17
AV296_2	9
AV296_2	8
AV296_2	3
AV296_2	3
AV296_2	23
AV296_2	9
AV296_2	14
AV296_2	12
AV296_2	19
AV296_2	5
AV296_2	10
AV296_2	19
AV296_2	7
AV296_2	20
AV296_2	12
AV296_2	3
AV296_2	7
AV296_2	3
AV296_2	7
AV296_2	3
AV296_2	7
AV296_2	6
AV296_2	10
AV296_2	5
AV296_2	16
AV296_2	13
AV296_2	24
AV296_2	12
AV296_2	12
AV296_2	4
AV296_2	3
AV296_2	7
AV296_2	28
AV296_2	16
AV296_2	25
AV296_2	10
AV296_2	21
AV296_2	21
AV296_2	11
AV296_2	17
AV296_2	16
AV296_2	23
AV296_2	3
AV296_2	4
AV296_2	5
AV296_2	15
AV296_2	10
AV296_2	5
AV296_2	15
AV296_2	4
AV296_2	3
AV296_2	445
AV296_2	3
AV296_2	4
AV296_2	4
AV296_2	18
AV296_2	3
AV296_2	35
AV296_2	19
AV296_2	50
AV296_2	8
AV296_2	27
AV296_2	16
AV296_2	3
AV296_2	13
AV296_2	3
AV296_2	9
AV296_2	3
AV296_2	21
AV296_2	18
AV296_2	29
AV296_2	20
AV296_2	3
AV296_2	7
AV296_2	3
AV296_2	9
AV296_2	4
AV296_2	10
AV296_2	5
AV296_2	7
AV296_2	3
AV296_2	30
AV296_2	5
AV296_2	24
AV296_2	22
AV296_2	9
AV296_2	11
AV296_2	14
AV296_2	5
AV296_2	7
AV296_2	22
AV296_2	18
AV296_2	4
AV296_2	4
AV296_2	6
AV296_2	19
AV296_2	3
AV296_2	11
AV296_2	14
AV296_2	3
AV296_2	3
AV296_2	10
AV296_2	12
AV296_2	4
AV296_2	4
AV296_2	7
AV296_2	8
AV296_2	7
AV296_2	10
AV296_2	3
AV296_2	52
AV296_2	7
AV296_2	14
AV296_2	13
AV296_2	3
AV296_2	6
AV296_2	13
AV296_2	10
AV296_2	11
AV296_2	19
AV296_2	11
AV296_2	6
AV296_2	3
AV296_2	3
AV296_2	12
AV296_2	52
AV296_2	3
AV296_2	4
AV296_2	19
AV296_2	21
AV296_2	5
AV296_2	10
AV296_2	16
AV296_2	23
AV296_2	5
AV296_2	5
AV296_2	33
AV296_2	13
AV296_2	52
AV296_2	18
AV296_2	23
AV296_2	3
AV296_2	4
AV296_2	23
AV296_2	3
AV296_2	6
AV296_2	5
AV296_2	3
AV296_2	8
AV296_2	15
AV296_2	24
AV296_2	8
AV296_2	7
AV296_2	3
AV296_2	5
AV296_2	4
AV296_2	14
AV296_2	9
AV296_2	20
AV296_2	10
AV296_2	23
AV296_2	28
AV296_2	17
AV296_2	12
AV296_2	13
AV296_2	13
AV296_2	10
AV296_2	20
AV296_2	4
AV296_2	3
AV296_2	5
AV296_2	6
AV296_2	8
AV296_2	16
AV296_2	3
AV296_2	27
AV296_2	18
AV296_2	10
AV296_2	3
AV296_2	14
AV296_2	7
AV296_2	3
AV296_2	19
AV296_2	3
AV296_2	14
AV296_2	234
AV296_2	17
AV296_2	12
AV296_2	14
AV296_2	20
AV296_2	4
AV296_2	8
AV296_2	3
AV296_2	33
AV296_2	3
AV296_2	3
AV296_2	3
AV296_2	3
AV296_2	12
AV296_2	12
AV296_2	10
AV296_2	3
AV296_2	50
AV296_2	9
AV296_2	24
AV296_2	3
AV296_2	43
AV296_2	6
AV296_2	3
AV296_2	35
AV296_2	3
AV296_2	3
AV296_2	34
AV296_2	10
AV296_2	14
AV296_2	35
AV296_2	3
AV296_2	9
AV296_2	3
AV296_2	25
AV296_2	27
AV296_2	57
AV296_2	5
AV296_2	3
AV296_2	6
AV296_2	12
AV296_2	4
AV296_2	17
AV296_2	6
AV296_2	8
AV296_2	6
AV296_2	4
AV296_2	4
AV296_2	3
AV296_2	6
AV296_2	15
AV296_2	4
AV296_2	3
AV296_2	5
AV296_2	24
AV296_2	33
AV296_2	37
AV296_2	5
AV296_2	3
AV296_2	26
AV296_2	5
AV296_2	3
AV296_2	9
AV296_2	7
AV296_2	3
AV296_2	6
AV296_2	25
AV296_2	16
AV296_2	17
AV296_2	6
AV296_2	17
AV296_2	14
AV296_2	27
AV296_2	20
AV296_2	17
AV296_2	20
AV296_2	5
AV296_2	4
AV296_2	4
AV296_2	5
AV296_2	9
AV296_2	8
AV296_2	3
AV296_2	4
AV296_2	7
AV296_2	3
AV296_2	5
AV296_2	9
AV296_2	9
AV296_2	11
AV296_2	18
AV296_2	6
AV296_2	3
AV296_2	14
AV296_2	3
AV296_2	3
AV296_2	3
AV296_2	19
AV296_2	39
AV296_2	3
AV296_2	11
AV296_2	3
AV296_2	14
AV296_2	10
AV296_2	12
AV296_2	12
AV296_2	12
AV296_2	6
AV296_2	11
AV296_2	24
AV296_2	10
AV296_2	31
AV296_2	11
AV296_2	13
AV296_2	3
AV296_2	4
AV296_2	17
AV296_2	3
AV296_2	24
AV296_2	5
AV296_2	5
AV296_2	3
AV296_2	10
AV296_2	12
AV296_2	5
AV296_2	3
AV296_2	6
AV296_2	6
AV296_2	9
AV296_2	37
AV296_2	21
AV296_2	3
AV296_2	6
AV296_2	11
AV296_2	6
AV296_2	3
AV296_2	9
AV296_2	19
AV296_2	4
AV296_2	4
AV296_2	3
AV296_2	17
AV296_2	4
AV296_2	3
AV296_2	6
AV296_2	12
AV296_2	8
AV296_2	4
AV296_2	13
AV296_2	13
AV296_2	15
AV296_2	7
AV296_2	26
AV296_2	7
AV296_2	23
AV296_2	11
AV296_2	4
AV296_2	17
AV296_2	19
AV296_2	17
AV296_2	18
AV296_2	3
AV296_2	11
AV296_2	4
AV296_2	7
AV296_2	4
AV296_2	14
AV296_2	25
AV296_2	7
AV296_2	6
AV296_2	5
AV296_2	17
AV296_2	8
AV296_2	8
AV296_2	10
AV296_2	17
AV296_2	6
AV296_2	8
AV296_2	3
AV296_2	11
AV296_2	14
AV296_2	3
AV296_2	48
AV296_2	11
AV296_2	6
AV296_2	3
AV296_2	19
AV296_2	11
AV296_2	21
AV296_2	4
AV296_2	8
AV296_2	9
AV296_2	17
AV296_2	5
AV296_2	20
AV296_2	9
AV296_2	10
AV296_2	3
AV296_2	3
AV296_2	11
AV296_2	13
AV296_2	3
AV296_2	3
AV296_2	20
AV296_2	4
AV296_2	12
AV296_2	9
AV296_2	13
AV296_2	3
AV296_2	6
AV296_2	7
AV296_2	11
AV296_2	3
AV296_2	7
AV296_2	20
AV296_2	3
AV296_2	17
AV296_2	11
AV296_2	15
AV296_2	3
AV296_2	18
AV296_2	26
AV296_2	7
AV296_2	6
AV296_2	3
AV296_2	3
AV296_2	6
AV296_2	13
AV296_2	4
AV296_2	11
AV296_2	4
AV296_2	6
AV296_2	24
AV296_2	11
AV296_2	7
AV296_2	12
AV296_2	6
AV296_2	3
AV296_2	19
AV296_2	9
AV296_2	10
AV296_2	13
AV296_2	16
AV296_2	18
AV296_2	25
AV296_2	6
AV296_2	4
AV296_2	14
AV296_2	10
AV296_2	3
AV296_2	3
AV296_2	3
AV296_2	16
AV296_2	3
AV296_2	11
AV296_2	13
AV296_2	10
AV296_2	5
AV296_2	21
AV296_2	11
AV296_2	7
AV296_2	15
AV296_2	3
AV296_2	8
AV296_2	5
AV296_2	33
AV296_2	10
AV296_2	28
AV296_2	5
AV296_2	3
AV296_2	10
AV296_2	4
AV296_2	4
AV296_2	10
AV296_2	4
AV296_2	3
AV296_2	8
AV296_2	13
AV296_2	9
AV296_2	10
AV296_2	18
AV296_2	7
AV296_2	3
AV296_2	3
AV296_2	6
AV296_2	11
AV296_2	18
AV296_2	27
AV296_2	12
AV296_2	14
AV296_2	13
AV296_2	21
AV296_2	169
AV296_2	6
AV296_2	6
AV296_2	7
AV296_2	9
AV296_2	35
AV296_2	11
AV296_2	20
AV296_2	5
AV296_2	6
AV296_2	7
AV296_2	3
AV296_2	6
AV296_2	5
AV296_2	3
AV296_2	4
AV296_2	11
AV296_2	8
AV296_2	14
AV296_2	3
AV296_2	5
AV296_2	7
AV296_2	14
AV296_2	3
AV296_2	3
AV296_2	15
AV296_2	6
AV296_2	4
AV296_2	4
AV296_2	3
AV296_2	3
AV296_2	4
AV296_2	24
AV296_2	10
AV296_2	19
AV296_2	40
AV296_2	6
AV296_2	4
AV296_2	34
AV296_2	11
AV296_2	8
AV296_2	15
AV296_2	3
AV296_2	3
AV296_2	17
AV296_2	15
AV296_2	4
AV296_2	5
AV296_2	7
AV296_2	17
AV296_2	5
AV296_2	5
AV296_2	11
AV296_2	9
AV296_2	4
AV296_2	5
AV296_2	8
AV296_2	20
AV296_2	3
AV296_2	7
AV296_2	46
AV296_2	6
AV296_2	5
AV296_2	8
AV296_2	100
AV296_2	4
AV296_2	17
AV296_2	19
AV296_2	33
AV296_2	25
AV296_2	3
AV296_2	21
AV296_2	7
AV296_2	5
AV296_2	4
AV296_2	15
AV296_2	21
AV296_2	6
AV296_2	214
AV296_2	4
AV296_2	23
AV296_2	8
AV296_2	8
AV296_2	15
AV296_2	11
AV296_2	20
AV296_2	3
AV296_2	3
AV296_2	4
AV296_2	9
AV296_2	3
AV296_2	11
AV296_2	4
AV296_2	4
AV296_2	12
AV296_2	6
AV296_2	17
AV296_2	5
AV296_2	12
AV296_2	8
AV296_2	14
AV296_2	4
AV296_2	12
AV296_2	21
AV296_2	3
AV296_2	11
AV296_2	5
AV296_2	16
AV296_2	3
AV296_2	5
AV296_2	3
AV296_2	3
AV296_2	3
AV296_2	5
AV296_2	10
AV296_2	12
AV296_2	3
AV296_2	12
AV296_2	44
AV296_2	5
AV296_2	8
AV296_2	15
AV296_2	26
AV296_2	3
AV296_2	3
AV296_2	3
AV296_2	6
AV296_2	30
AV296_2	45
AV296_2	8
AV296_2	8
AV296_2	7
AV296_2	8
AV296_2	19
AV296_2	8
AV296_2	3
AV296_2	29
AV296_2	20
AV296_2	11
AV296_2	22
AV296_2	11
AV296_2	37
AV296_2	4
AV296_2	5
AV296_2	35
AV296_2	3
AV296_2	14
AV296_2	6
AV296_2	22
AV296_2	4
AV296_2	9
AV296_2	23
AV296_2	5
AV296_2	19
AV296_2	4
AV296_2	11
AV296_2	3
AV296_2	32
AV296_2	13
AV296_2	5
AV296_2	36
AV296_2	32
AV296_2	5
AV296_2	4
AV296_2	9
AV296_2	20
AV296_2	16
AV296_2	24
AV296_2	22
AV296_2	13
AV296_2	20
AV296_2	9
AV296_2	6
AV296_2	3
AV296_2	3
AV296_2	22
AV296_2	14
AV296_2	6
AV296_2	13
AV296_2	6
AV296_2	31
AV296_2	37
AV296_2	10
AV296_2	24
AV296_2	14
AV296_2	8
AV296_2	3
AV296_2	9
AV296_2	3
AV296_2	21
AV296_2	9
AV296_2	21
AV296_2	12
AV296_2	6
AV296_2	12
AV296_2	44
AV296_2	6
AV296_2	3
AV296_2	3
AV296_2	13
AV296_2	18
AV296_2	3
AV296_2	15
AV296_2	7
AV296_2	5
AV296_2	3
AV296_2	5
AV296_2	24
AV296_2	5
AV296_2	3
AV296_2	3
AV296_2	13
AV296_2	4
AV296_2	34
AV296_2	22
AV296_2	12
AV296_2	21
AV296_2	5
AV296_2	8
AV296_2	7
AV296_2	21
AV296_2	38
AV296_2	6
AV296_2	4
AV296_2	3
AV296_2	3
AV296_2	9
AV296_2	17
AV296_2	53
AV296_2	21
AV296_2	9
AV296_2	21
AV296_2	3
AV296_2	3
AV296_2	8
AV296_2	9
AV296_2	3
AV296_2	22
AV296_2	4
AV296_2	4
AV296_2	26
AV296_2	14
AV296_2	3
AV296_2	6
AV296_2	12
AV296_2	14
AV296_2	3
AV296_2	10
AV296_2	7
AV296_2	3
AV296_2	8
AV296_2	4
AV296_2	20
AV296_2	13
AV296_2	6
AV296_2	4
AV296_2	8
AV296_2	19
AV296_2	9
AV296_2	10
AV296_2	13
AV296_2	8
AV296_2	4
AV296_2	17
AV296_2	19
AV296_2	12
AV296_2	3
AV296_2	3
AV296_2	30
AV296_2	14
AV296_2	10
AV296_2	3
AV296_2	3
AV296_2	17
AV296_2	10
AV296_2	17
AV296_2	3
AV296_2	5
AV296_2	52
AV296_2	15
AV296_2	4
AV296_2	16
AV296_2	3
AV296_2	51
AV296_2	3
AV296_2	3
AV296_2	5
AV296_2	3
AV296_2	5
AV296_2	3
AV296_2	29
AV296_2	26
AV296_2	8
AV296_2	8
AV296_2	3
AV296_2	4
AV296_2	3
AV296_2	17
AV296_2	16
AV296_2	33
AV296_2	5
AV296_2	20
AV296_2	7
AV296_2	29
AV296_2	7
AV296_2	27
AV296_2	6
AV296_2	7
AV296_2	8
AV296_2	30
AV296_2	3
AV296_2	26
AV296_2	4
AV296_2	11
AV296_2	11
AV296_2	350
AV296_2	15
AV296_2	3
AV296_2	30
AV296_2	3
AV296_2	27
AV296_2	23
AV296_2	16
AV296_2	9
AV296_2	33
AV296_2	5
AV296_2	7
AV296_2	6
AV296_2	7
AV296_2	4
AV296_2	3
AV296_2	3
AV296_2	23
AV296_2	5
AV296_2	18
AV296_2	3
AV296_2	3
AV296_2	763
AV296_2	5
AV296_2	3
AV296_2	9
AV296_2	8
AV296_2	27
AV296_2	7
AV296_2	6
AV296_2	16
AV296_2	3
AV296_2	15
AV296_2	14
AV296_2	8
AV296_2	6
AV296_2	26
AV296_2	9
AV296_2	21
AV296_2	17
AV296_2	3
AV296_2	7
AV296_2	4
AV296_2	13
AV296_2	3
AV296_2	13
AV296_2	5
AV296_2	10
AV296_2	29
AV296_2	8
AV296_2	9
AV296_2	6
AV296_2	10
AV296_2	8
AV296_2	11
AV296_2	8
AV296_2	3
AV296_2	5
AV296_2	3
AV296_2	3
AV296_2	4
AV296_2	16
AV296_2	4
AV296_2	20
AV296_2	5
AV296_2	4
AV296_2	10
AV296_2	6
AV296_2	15
AV296_2	5
AV296_2	31
AV296_2	8
AV296_2	3
AV296_2	3
AV296_2	58
AV296_2	22
AV296_2	19
AV296_2	6
AV296_2	3
AV296_2	18
AV296_2	4
AV296_2	10
AV296_2	13
AV296_2	5
AV296_2	4
AV296_2	4
AV296_2	3
AV296_2	4
AV296_2	11
AV296_2	14
AV296_2	10
AV296_2	5
AV296_2	4
AV296_2	8
AV296_2	16
AV296_2	6
AV296_2	4
AV296_2	5
AV296_2	26
AV296_2	14
AV296_2	4
AV296_2	3
AV296_2	26
AV296_2	41
AV296_2	8
AV296_2	20
AV296_2	12
AV296_2	26
AV296_2	25
AV296_2	3
AV296_2	3
AV296_2	7
AV296_2	4
AV296_2	3
AV296_2	3
AV296_2	3
AV296_2	5
AV296_2	3
AV296_2	22
AV296_2	6
AV296_2	15
AV296_2	29
AV296_2	4
AV296_2	24
AV296_2	33
AV296_2	4
AV296_2	21
AV296_2	16
AV296_2	25
AV296_2	3
AV296_2	7
AV296_2	8
AV296_2	43
AV296_2	10
AV296_2	3
AV296_2	5
AV296_2	20
AV296_2	40
AV296_2	12
AV296_2	3
AV296_2	3
AV296_2	6
AV296_2	9
AV296_2	10
AV296_2	8
AV296_2	27
AV296_2	7
AV296_2	7
AV296_2	3
AV296_2	7
AV296_2	10
AV296_2	8
AV296_2	3
AV296_2	4
AV296_2	3
AV296_2	11
AV296_2	7
AV296_2	24
AV296_2	29
AV296_2	3
AV296_2	6
AV296_2	6
AV296_2	6
AV296_2	27
AV296_2	13
AV296_2	56
AV296_2	9
AV296_2	3
AV296_2	9
AV296_2	5
AV296_2	22
AV296_2	14
AV296_2	3
AV296_2	6
AV296_2	14
AV296_2	12
AV296_2	4
AV296_2	4
AV296_2	10
AV296_2	14
AV296_2	6
AV296_2	5
AV296_2	42
AV296_2	6
AV296_2	81
AV296_2	9
AV296_2	4
AV296_2	4
AV296_2	4
AV296_2	4
AV296_2	9
AV296_2	11
AV296_2	19
AV296_2	3
AV296_2	11
AV296_2	12
AV296_2	32
AV296_2	6
AV296_2	4
AV296_2	3
AV296_2	10
AV296_2	26
AV296_2	3
AV296_2	3
AV296_2	19
AV296_2	32
AV296_2	11
AV296_2	10
AV296_2	14
AV296_2	29
AV296_2	15
AV296_2	3
AV296_2	3
AV296_2	12
AV296_2	5
AV296_2	24
AV296_2	3
AV296_2	3
AV296_2	10
AV296_2	293
AV296_2	13
AV296_2	23
AV296_2	5
AV296_2	9
AV296_2	3
AV296_2	8
AV296_2	67
AV296_2	3
AV296_2	3
AV296_2	4
AV296_2	9
AV296_2	23
AV296_2	15
AV296_2	26
AV296_2	23
AV296_2	4
AV296_2	3
AV296_2	3
AV296_2	7
AV296_2	5
AV296_2	17
AV296_2	3
AV296_2	26
AV296_2	3
AV296_2	11
AV296_2	18
AV296_2	8
AV296_2	6
AV296_2	4
AV296_2	51
AV296_2	9
AV296_2	3
AV296_2	3
AV296_2	4
AV296_2	3
AV296_2	20
AV296_2	11
AV296_2	9
AV296_2	6
AV296_2	33
AV296_2	13
AV296_2	8
AV296_2	12
AV296_2	3
AV296_2	4
AV296_2	13
AV296_2	15
AV296_2	3
AV296_2	7
AV296_2	3
AV296_2	17
AV296_2	6
AV296_2	21
AV296_2	14
AV296_2	4
AV296_2	14
AV296_2	15
AV296_2	14
AV296_2	7
AV296_2	5
AV296_2	20
AV296_2	10
AV296_2	21
AV296_2	20
AV296_2	3
AV296_2	4
AV296_2	53
AV296_2	15
AV296_2	34
AV296_2	4
AV296_2	3
AV296_2	7
AV296_2	9
AV296_2	4
AV296_2	5
AV296_2	22
AV296_2	9
AV296_2	3
AV296_2	8
AV296_2	3
AV296_2	3
AV296_2	19
AV296_2	15
AV296_2	3
AV296_2	50
AV296_2	4
AV296_2	27
AV296_2	10
AV296_2	7
AV296_2	17
AV296_2	5
AV296_2	23
AV296_2	9
AV296_2	15
AV296_2	26
AV296_2	11
AV296_2	3
AV296_2	3
AV296_2	3
AV296_2	17
AV296_2	8
AV296_2	8
AV296_2	20
AV296_2	9
AV296_2	20
AV296_2	44
AV296_2	5
AV296_2	3
AV296_2	21
AV296_2	39
AV296_2	18
AV296_2	4
AV296_2	14
AV296_2	12
AV296_2	18
AV296_2	5
AV296_2	7
AV296_2	3
AV296_2	18
AV296_2	9
AV296_2	3
AV296_2	3
AV296_2	11
AV296_2	14
AV296_2	24
AV296_2	11
AV296_2	24
AV296_2	3
AV296_2	26
AV296_2	3
AV296_2	41
AV296_2	23
AV296_2	23
AV296_2	5
AV296_2	12
AV296_2	5
AV296_2	21
AV296_2	16
AV296_2	11
AV296_2	5
AV296_2	3
AV296_2	22
AV296_2	8
AV296_2	30
AV296_2	9
AV296_2	3
AV296_2	7
AV296_2	56
AV296_2	33
AV296_2	31
AV296_2	9
AV296_2	12
AV296_2	15
AV296_2	4
AV296_2	8
AV296_2	23
AV296_2	3
AV296_2	3
AV296_2	3
AV296_2	5
AV296_2	4
AV296_2	5
AV296_2	3
AV296_2	25
AV296_2	5
AV296_2	5
AV296_2	6
AV296_2	3
AV296_2	13
AV296_2	1582
AV296_2	3
AV296_2	18
AV296_2	23
AV296_2	4
AV296_2	3
AV296_2	22
AV296_2	8
AV296_2	3
AV296_2	4
AV296_2	44
AV296_2	12
AV296_2	8
AV296_2	9
AV296_2	6
AV296_2	19
AV296_2	4
AV296_2	11
AV296_2	3
AV296_2	28
AV296_2	3
AV296_2	11
AV296_2	4
AV296_2	13
AV296_2	12
AV296_2	3
AV296_2	3
AV296_2	13
AV296_2	13
AV296_2	17
AV296_2	9
AV296_2	7
AV296_2	19
AV296_2	3
AV296_2	4
AV296_2	4
AV296_2	19
AV296_2	5
AV296_2	9
AV296_2	7
AV296_2	16
AV296_2	20
AV296_2	15
AV296_2	11
AV296_2	17
AV296_2	3
AV296_2	4
AV296_2	7
AV296_2	4
AV296_2	8
AV296_2	3
AV296_2	10
AV296_2	5
AV296_2	9
AV296_2	8
AV296_2	28
AV296_2	26
AV296_2	20
AV296_2	83
AV296_2	5
AV296_2	3
AV296_2	15
AV296_2	3
AV296_2	46
AV296_2	3
AV296_2	3
AV296_2	7
AV296_2	23
AV296_2	9
AV296_2	4
AV296_2	6
AV296_2	11
AV296_2	11
AV296_2	14
AV296_2	10
AV296_2	10
AV296_2	10
AV296_2	13
AV296_2	10
AV296_2	23
AV296_2	8
AV296_2	3
AV296_2	3
AV296_2	3
AV296_2	4
AV296_2	38
AV296_2	3
AV296_2	5
AV296_2	3
AV296_2	11
AV296_2	4
AV296_2	23
AV296_2	3
AV296_2	8
AV296_2	11
AV296_2	22
AV296_2	7
AV296_2	24
AV296_2	13
AV296_2	9
AV296_2	11
AV296_2	3
AV296_2	9
AV296_2	20
AV296_2	13
AV296_2	21
AV296_2	5
AV296_2	11
AV296_2	3
AV296_2	85
AV296_2	22
AV296_2	3
AV296_2	3
AV296_2	21
AV296_2	25
AV296_2	3
AV296_2	24
AV296_2	22
AV296_2	10
AV296_2	4
AV296_2	9
AV296_2	18
AV296_2	6
AV296_2	10
AV296_2	12
AV296_2	14
AV296_2	10
AV296_2	4
AV296_2	3
AV296_2	9
AV296_2	13
AV296_2	13
AV296_2	4
AV296_2	9
AV296_2	9
AV296_2	41
AV296_2	3
AV296_2	7
AV296_2	8
AV296_2	3
AV296_2	48
AV296_2	3
AV296_2	33
AV296_2	7
AV296_2	8
AV296_2	7
AV296_2	5
AV296_2	6
AV296_2	9
AV296_2	35
AV296_2	4
AV296_2	20
AV296_2	25
AV296_2	11
AV296_2	13
AV296_2	4
AV296_2	3
AV296_2	4
AV296_2	11
AV296_2	36
AV296_2	17
AV296_2	10
AV296_2	3
AV296_2	16
AV296_2	46
AV296_2	7
AV296_2	5
AV296_2	22
AV296_2	3
AV296_2	20
AV296_2	3
AV296_2	5
AV296_2	6
AV296_2	9
AV296_2	5
AV296_2	10
AV296_2	5
AV296_2	11
AV296_2	7
AV296_2	15
AV296_2	12
AV296_2	3
AV296_2	14
AV296_2	18
AV296_2	15
AV296_2	6
AV296_2	5
AV296_2	19
AV296_2	5
AV296_2	4
AV296_2	3
AV296_2	13
AV296_2	17
AV296_2	4
AV296_2	3
AV296_2	3
AV296_2	9
AV296_2	76
AV296_2	12
AV296_2	32
AV296_2	3
AV296_2	11
AV296_2	9
AV296_2	3
AV296_2	7
AV296_2	15
AV296_2	5
AV296_2	6
AV296_2	4
AV296_2	4
AV296_2	11
AV296_2	11
AV296_2	9
AV296_2	18
AV296_2	12
AV296_2	17
AV296_2	3
AV296_2	3
AV296_2	20
AV296_2	3
AV296_2	5
AV296_2	39
AV296_2	3
AV296_2	3
AV296_2	30
AV296_2	12
AV296_2	8
AV296_2	7
AV296_2	58
AV296_2	3
AV296_2	18
AV296_2	32
AV296_2	11
AV296_2	15
AV296_2	3
AV296_2	8
AV296_2	3
AV296_2	24
AV296_2	3
AV296_2	7
AV296_2	5
AV296_2	25
AV296_2	5
AV296_2	12
AV296_2	3
AV296_2	31
AV296_2	20
AV296_2	15
AV296_2	28
AV296_2	26
AV296_2	3
AV296_2	13
AV296_2	4
AV296_2	13
AV296_2	21
AV296_2	19
AV296_2	9
AV296_2	3
AV296_2	12
AV296_2	13
AV296_2	4
AV296_2	3
AV296_2	25
AV296_2	3
AV296_2	35
AV296_2	12
AV296_2	4
AV296_2	3
AV296_2	28
AV296_2	21
AV296_2	22
AV296_2	10
AV296_2	15
AV296_2	4
AV296_2	6
AV296_2	14
AV296_2	28
AV296_2	17
AV296_2	22
AV296_2	32
AV296_2	25
AV296_2	4
AV296_2	27
AV296_2	403
AV296_2	4
AV296_2	8
AV296_2	3
AV296_2	3
AV296_2	4
AV296_2	3
AV296_2	3
AV296_2	3
AV296_2	5
AV296_2	9
AV296_2	4
AV296_2	12
AV296_2	6
AV296_2	4
AV296_2	6
AV296_2	5
AV296_2	6
AV296_2	4
AV296_2	27
AV296_2	3
AV296_2	4
AV296_2	8
AV296_2	32
AV296_2	16
AV296_2	11
AV296_2	3
AV296_2	14
AV296_2	3
AV296_2	25
AV296_2	3
AV296_2	4
AV296_2	3
AV296_2	5
AV296_2	27
AV296_2	3
AV296_2	4
AV296_2	16
AV296_2	4
AV296_2	17
AV296_2	15
AV296_2	3
AV296_2	10
AV296_2	3
AV296_2	29
AV296_2	3
AV296_2	5
AV296_2	8
AV296_2	5
AV296_2	9
AV296_2	7
AV296_2	12
AV296_2	3
AV296_2	29
AV296_2	26
AV296_2	19
AV296_2	3
AV296_2	22
AV296_2	3
AV296_2	3
AV296_2	15
AV296_2	23
AV296_2	7
AV296_2	3
AV296_2	22
AV296_2	10
AV296_2	13
AV296_2	9
AV296_2	11
AV296_2	5
AV296_2	26
AV296_2	10
AV296_2	4
AV296_2	32
AV296_2	3
AV296_2	12
AV296_2	4
AV296_2	6
AV296_2	5
AV296_2	15
AV296_2	7
AV296_2	13
AV296_2	4
AV296_2	6
AV296_2	11
AV296_2	3
AV296_2	3
AV296_2	9
AV296_2	3
AV296_2	25
AV296_2	18
AV296_2	4
AV296_2	3
AV296_2	3
AV296_2	14
AV296_2	3
AV296_2	4
AV296_2	3
AV296_2	7
AV296_2	20
AV296_2	19
AV296_2	6
AV296_2	6
AV296_2	4
AV296_2	3
AV296_2	8
AV296_2	3
AV296_2	29
AV296_2	7
AV296_2	8
AV296_2	3
AV296_2	9
AV296_2	9
AV296_2	13
AV296_2	4
AV296_2	4
AV296_2	8
AV296_2	5
AV296_2	4
AV296_2	14
AV296_2	16
AV296_2	6
AV296_2	9
AV296_2	3
AV296_2	7
AV296_2	4
AV296_2	5
AV296_2	9
AV296_2	24
AV296_2	26
AV296_2	27
AV296_2	5
AV296_2	5
AV296_2	15
AV296_2	28
AV296_2	13
AV296_2	18
AV296_2	3
AV296_2	4
AV296_2	13
AV296_2	6
AV296_2	5
AV296_2	137
AV296_2	6
AV296_2	41
AV296_2	4
AV296_2	17
AV296_2	43
AV296_2	17
AV296_2	3
AV296_2	10
AV296_2	5
AV296_2	12
AV296_2	3
AV296_2	17
AV296_2	20
AV296_2	19
AV296_2	3
AV296_2	15
AV296_2	4
AV296_2	29
AV296_2	9
AV296_2	8
AV296_2	8
AV296_2	5
AV296_2	6
AV296_2	18
AV296_2	3
AV296_2	3
AV296_2	17
AV296_2	3
AV296_2	15
AV296_2	24
AV296_2	4
AV296_2	5
AV296_2	13
AV296_2	4
AV296_2	4
AV296_2	8
AV296_2	5
AV296_2	9
AV296_2	3
AV296_2	3
AV296_2	3
AV296_2	15
AV296_2	21
AV296_2	4
AV296_2	20
AV296_2	18
AV296_2	38
AV296_2	8
AV296_2	3
AV296_2	9
AV296_2	5
AV296_2	12
AV296_2	3
AV296_2	33
AV296_2	4
AV296_2	16
AV296_2	10
AV296_2	6
AV296_2	10
AV296_2	15
AV296_2	16
AV296_2	11
AV296_2	6
AV296_2	4
AV296_2	6
AV296_2	11
AV296_2	10
AV296_2	15
AV296_2	7
AV296_2	4
AV296_2	5
AV296_2	31
AV296_2	3
AV296_2	5
AV296_2	9
AV296_2	31
AV296_2	8
AV296_2	9
AV296_2	4
AV296_2	9
AV296_2	16
AV296_2	9
AV296_2	8
AV296_2	13
AV296_2	47
AV296_2	3
AV296_2	3
AV296_2	116
AV296_2	6
AV296_2	3
AV296_2	3
AV296_2	3
AV296_2	7
AV296_2	3
AV296_2	15
AV296_2	3
AV296_2	13
AV296_2	8
AV296_2	8
AV296_2	17
AV296_2	4
AV296_2	26
AV296_2	3
AV296_2	10
AV296_2	23
AV296_2	4
AV296_2	6
AV296_2	6
AV296_2	5
AV296_2	7
AV296_2	3
AV296_2	3
AV296_2	8
AV296_2	3
AV296_2	9
AV296_2	3
AV296_2	14
AV296_2	32
AV296_2	5
AV296_2	20
AV296_2	18
AV296_2	6
AV296_2	3
AV296_2	4
AV296_2	23
AV296_2	6
AV296_2	11
AV296_2	3
AV296_2	5
AV296_2	5
AV296_2	10
AV296_2	5
AV296_2	8
AV296_2	37
AV296_2	3
AV296_2	15
AV296_2	3
AV296_2	22
AV296_2	17
AV296_2	8
AV296_2	5
AV296_2	4
AV296_2	31
AV296_2	4
AV296_2	4
AV296_2	14
AV296_2	3
AV296_2	13
AV296_2	65
AV296_2	14
AV296_2	15
AV296_2	5
AV296_2	11
AV296_2	13
AV296_2	3
AV296_2	3
AV296_2	14
AV296_2	7
AV296_2	25
AV296_2	10
AV296_2	11
AV296_2	12
AV296_2	6
AV296_2	12
AV296_2	9
AV296_2	5
AV296_2	56
AV296_2	3
AV296_2	15
AV296_2	4
AV296_2	3
AV296_2	20
AV296_2	3
AV296_2	12
AV296_2	38
AV296_2	19
AV296_2	22
AV296_2	9
AV296_2	6
AV296_2	7
AV296_2	20
AV296_2	25
AV296_2	28
AV296_2	10
AV296_2	8
AV296_2	3
AV296_2	22
AV296_2	7
AV296_2	13
AV296_2	15
AV296_2	12
AV296_2	3
AV296_2	5
AV296_2	8
AV296_2	18
AV296_2	6
AV296_2	17
AV296_2	11
AV296_2	3
AV296_2	7
AV296_2	4
AV296_2	10
AV296_2	20
AV296_2	3
AV296_2	4
AV296_2	6
AV296_2	14
AV296_2	5
AV296_2	8
AV296_2	4
AV296_2	5
AV296_2	19
AV296_2	12
AV296_2	3
AV296_2	9
AV296_2	3
AV296_2	7
AV296_2	12
AV296_2	7
AV296_2	4
AV296_2	4
AV296_2	28
AV296_2	4
AV296_2	3
AV296_2	17
AV296_2	19
AV296_2	5
AV296_2	25
AV296_2	17
AV296_2	3
AV296_2	3
AV296_2	3
AV296_2	4
AV296_2	14
AV296_2	3
AV296_2	3
AV296_2	3
AV296_2	17
AV296_2	3
AV296_2	11
AV296_2	13
AV296_2	4
AV296_2	4
AV296_2	11
AV296_2	14
AV296_2	8
AV296_2	22
AV296_2	15
AV296_2	5
AV296_2	8
AV296_2	25
AV296_2	3
AV296_2	4
AV296_2	17
AV296_2	8
AV296_2	7
AV296_2	13
AV296_2	4
AV296_2	3
AV296_2	498
AV296_2	5
AV296_2	8
AV296_2	8
AV296_2	17
AV296_2	3
AV296_2	6
AV296_2	6
AV296_2	27
AV296_2	6
AV296_2	9
AV296_2	3
AV296_2	3
AV296_2	12
AV296_2	5
AV296_2	7
AV296_2	3
AV296_2	9
AV296_2	7
AV296_2	17
AV296_2	16
AV296_2	13
AV296_2	14
AV296_2	17
AV296_2	8
AV296_2	9
AV296_2	14
AV296_2	22
AV296_2	5
AV296_2	3
AV296_2	3
AV296_2	4
AV296_2	9
AV296_2	3
AV296_2	19
AV296_2	8
AV296_2	29
AV296_2	3
AV296_2	8
AV296_2	4
AV296_2	21
AV296_2	9
AV296_2	3
AV296_2	3
AV296_2	3
AV296_2	13
AV296_2	24
AV296_2	25
AV296_2	14
AV296_2	14
AV296_2	7
AV296_2	30
AV296_2	32
AV296_2	3
AV296_2	8
AV296_2	37
AV296_2	13
AV296_2	30
AV296_2	8
AV296_2	18
AV296_2	8
AV296_2	6
AV296_2	17
AV296_2	3
AV296_2	13
AV296_2	6
AV296_2	8
AV296_2	6
AV296_2	8
AV296_2	3
AV296_2	7
AV296_2	5
AV296_2	7
AV296_2	3
AV296_2	6
AV296_2	6
AV296_2	15
AV296_2	19
AV296_2	3
AV296_2	6
AV296_2	13
AV296_2	15
AV296_2	15
AV296_2	7
AV296_2	6
AV296_2	3
AV296_2	6
AV296_2	20
AV296_2	19
AV296_2	12
AV296_2	13
AV296_2	16
AV296_2	22
AV296_2	3
AV296_2	21
AV296_2	7
AV296_2	30
AV296_2	3
AV296_2	211
AV296_2	4
AV296_2	7
AV296_2	25
AV296_2	3
AV296_2	57
AV296_2	25
AV296_2	28
AV296_2	18
AV296_2	10
AV296_2	16
AV296_2	3
AV296_2	4
AV296_2	3
AV296_2	12
AV296_2	33
AV296_2	10
AV296_2	14
AV296_2	4
AV296_2	26
AV296_2	6
AV296_2	11
AV296_2	9
AV296_2	64
AV297_2	6
AV297_2	16
AV297_2	8
AV297_2	12
AV297_2	15
AV297_2	6
AV297_2	11
AV297_2	3
AV297_2	10
AV297_2	6
AV297_2	3
AV297_2	4
AV297_2	8
AV297_2	30
AV297_2	23
AV297_2	10
AV297_2	34
AV297_2	16
AV297_2	12
AV297_2	5
AV297_2	11
AV297_2	15
AV297_2	27
AV297_2	3
AV297_2	15
AV297_2	5
AV297_2	3
AV297_2	6
AV297_2	5
AV297_2	28
AV297_2	44
AV297_2	6
AV297_2	14
AV297_2	4
AV297_2	10
AV297_2	37
AV297_2	12
AV297_2	7
AV297_2	3
AV297_2	3
AV297_2	6
AV297_2	9
AV297_2	5
AV297_2	9
AV297_2	15
AV297_2	4
AV297_2	4
AV297_2	4
AV297_2	3
AV297_2	3
AV297_2	9
AV297_2	17
AV297_2	9
AV297_2	12
AV297_2	20
AV297_2	30
AV297_2	3
AV297_2	28
AV297_2	19
AV297_2	37
AV297_2	17
AV297_2	11
AV297_2	17
AV297_2	7
AV297_2	8
AV297_2	117
AV297_2	4
AV297_2	27
AV297_2	4
AV297_2	5
AV297_2	6
AV297_2	4
AV297_2	22
AV297_2	3
AV297_2	6
AV297_2	8
AV297_2	7
AV297_2	6
AV297_2	4
AV297_2	6
AV297_2	11
AV297_2	23
AV297_2	18
AV297_2	6
AV297_2	12
AV297_2	14
AV297_2	13
AV297_2	20
AV297_2	10
AV297_2	14
AV297_2	6
AV297_2	12
AV297_2	5
AV297_2	4
AV297_2	3
AV297_2	33
AV297_2	6
AV297_2	7
AV297_2	13
AV297_2	20
AV297_2	3
AV297_2	4
AV297_2	17
AV297_2	16
AV297_2	17
AV297_2	9
AV297_2	22
AV297_2	25
AV297_2	19
AV297_2	4
AV297_2	4
AV297_2	95
AV297_2	4
AV297_2	15
AV297_2	8
AV297_2	15
AV297_2	3
AV297_2	15
AV297_2	3
AV297_2	11
AV297_2	15
AV297_2	7
AV297_2	3
AV297_2	9
AV297_2	9
AV297_2	6
AV297_2	12
AV297_2	6
AV297_2	13
AV297_2	11
AV297_2	4
AV297_2	7
AV297_2	17
AV297_2	7
AV297_2	8
AV297_2	16
AV297_2	28
AV297_2	7
AV297_2	3
AV297_2	61
AV297_2	21
AV297_2	13
AV297_2	4
AV297_2	6
AV297_2	3
AV297_2	8
AV297_2	9
AV297_2	5
AV297_2	20
AV297_2	6
AV297_2	12
AV297_2	7
AV297_2	5
AV297_2	18
AV297_2	9
AV297_2	12
AV297_2	30
AV297_2	9
AV297_2	47
AV297_2	5
AV297_2	6
AV297_2	6
AV297_2	15
AV297_2	3
AV297_2	6
AV297_2	15
AV297_2	3
AV297_2	4
AV297_2	11
AV297_2	3
AV297_2	3
AV297_2	10
AV297_2	33
AV297_2	16
AV297_2	13
AV297_2	4
AV297_2	24
AV297_2	13
AV297_2	4
AV297_2	33
AV297_2	10
AV297_2	19
AV297_2	7
AV297_2	9
AV297_2	3
AV297_2	6
AV297_2	11
AV297_2	8
AV297_2	15
AV297_2	5
AV297_2	10
AV297_2	4
AV297_2	4
AV297_2	9
AV297_2	3
AV297_2	13
AV297_2	8
AV297_2	27
AV297_2	8
AV297_2	9
AV297_2	3
AV297_2	3
AV297_2	12
AV297_2	4
AV297_2	7
AV297_2	17
AV297_2	13
AV297_2	8
AV297_2	26
AV297_2	9
AV297_2	6
AV297_2	24
AV297_2	3
AV297_2	16
AV297_2	11
AV297_2	3
AV297_2	5
AV297_2	17
AV297_2	3
AV297_2	29
AV297_2	38
AV297_2	5
AV297_2	5
AV297_2	15
AV297_2	3
AV297_2	7
AV297_2	16
AV297_2	20
AV297_2	8
AV297_2	30
AV297_2	4
AV297_2	9
AV297_2	6
AV297_2	6
AV297_2	8
AV297_2	25
AV297_2	11
AV297_2	3
AV297_2	9
AV297_2	4
AV297_2	7
AV297_2	13
AV297_2	8
AV297_2	3
AV297_2	3
AV297_2	10
AV297_2	12
AV297_2	6
AV297_2	5
AV297_2	9
AV297_2	3
AV297_2	14
AV297_2	10
AV297_2	13
AV297_2	24
AV297_2	8
AV297_2	12
AV297_2	11
AV297_2	3
AV297_2	4
AV297_2	4
AV297_2	6
AV297_2	4
AV297_2	31
AV297_2	39
AV297_2	16
AV297_2	12
AV297_2	32
AV297_2	4
AV297_2	24
AV297_2	4
AV297_2	8
AV297_2	13
AV297_2	9
AV297_2	5
AV297_2	27
AV297_2	33
AV297_2	4
AV297_2	56
AV297_2	29
AV297_2	3
AV297_2	5
AV297_2	4
AV297_2	9
AV297_2	15
AV297_2	12
AV297_2	8
AV297_2	4
AV297_2	4
AV297_2	3
AV297_2	15
AV297_2	16
AV297_2	5
AV297_2	8
AV297_2	5
AV297_2	14
AV297_2	3
AV297_2	4
AV297_2	9
AV297_2	30
AV297_2	8
AV297_2	29
AV297_2	5
AV297_2	3
AV297_2	20
AV297_2	11
AV297_2	40
AV297_2	4
AV297_2	20
AV297_2	12
AV297_2	11
AV297_2	5
AV297_2	11
AV297_2	11
AV297_2	5
AV297_2	32
AV297_2	4
AV297_2	3
AV297_2	11
AV297_2	9
AV297_2	7
AV297_2	6
AV297_2	3
AV297_2	8
AV297_2	3
AV297_2	10
AV297_2	8
AV297_2	15
AV297_2	11
AV297_2	6
AV297_2	8
AV297_2	5
AV297_2	8
AV297_2	3
AV297_2	6
AV297_2	7
AV297_2	7
AV297_2	6
AV297_2	13
AV297_2	9
AV297_2	9
AV297_2	12
AV297_2	6
AV297_2	20
AV297_2	126
AV297_2	8
AV297_2	3
AV297_2	9
AV297_2	7
AV297_2	10
AV297_2	4
AV297_2	11
AV297_2	3
AV297_2	8
AV297_2	8
AV297_2	5
AV297_2	30
AV297_2	83
AV297_2	13
AV297_2	9
AV297_2	5
AV297_2	3
AV297_2	12
AV297_2	27
AV297_2	6
AV297_2	9
AV297_2	4
AV297_2	5
AV297_2	3
AV297_2	22
AV297_2	3
AV297_2	3
AV297_2	31
AV297_2	4
AV297_2	20
AV297_2	107
AV297_2	12
AV297_2	3
AV297_2	17
AV297_2	36
AV297_2	5
AV297_2	6
AV297_2	12
AV297_2	17
AV297_2	21
AV297_2	3
AV297_2	23
AV297_2	11
AV297_2	11
AV297_2	12
AV297_2	5
AV297_2	5
AV297_2	4
AV297_2	8
AV297_2	8
AV297_2	3
AV297_2	6
AV297_2	51
AV297_2	4
AV297_2	3
AV297_2	28
AV297_2	10
AV297_2	12
AV297_2	11
AV297_2	12
AV297_2	21
AV297_2	36
AV297_2	7
AV297_2	4
AV297_2	5
AV297_2	4
AV297_2	5
AV297_2	7
AV297_2	8
AV297_2	10
