72_8_1496_23003_21409/1	gi|3048443377|emb|OZ306171.1|	100.000	136	0	0	2	137	103326	103191	3.40e-62	252	481118	N/A
72_8_1496_23003_21409/1	gi|3048443377|emb|OZ306171.1|	100.000	136	0	0	2	137	130415	130550	3.40e-62	252	481118	N/A
72_8_1496_23003_21409/1	gi|3048443334|emb|OZ306286.1|	100.000	136	0	0	2	137	66578334	66578199	3.40e-62	252	78511	N/A
72_8_1496_23003_21409/1	gi|3048264046|emb|OZ297787.1|	100.000	136	0	0	2	137	107704	107569	3.40e-62	252	55318	N/A
72_8_1496_23003_21409/1	gi|3048264046|emb|OZ297787.1|	100.000	136	0	0	2	137	136097	136232	3.40e-62	252	55318	N/A
72_8_1496_23003_21409/1	gi|3048228106|emb|OZ297184.1|	100.000	136	0	0	2	137	108404	108269	3.40e-62	252	397083	N/A
72_8_1496_23003_21409/1	gi|3048228106|emb|OZ297184.1|	100.000	136	0	0	2	137	136875	137010	3.40e-62	252	397083	N/A
72_8_1496_23003_21409/1	gi|3048195103|emb|OZ297140.1|	100.000	136	0	0	2	137	105960	105825	3.40e-62	252	59297	N/A
72_8_1496_23003_21409/1	gi|3048195103|emb|OZ297140.1|	100.000	136	0	0	2	137	132604	132739	3.40e-62	252	59297	N/A
72_8_1471_40652_17865/1	gi|3045811490|gb|PX133153.1|	100.000	136	0	0	2	137	61802	61937	3.40e-62	252	691774	N/A
72_8_1471_40652_17865/1	gi|3045811376|gb|PX133145.1|	100.000	136	0	0	2	137	51472	51337	3.40e-62	252	41911	N/A
72_8_1471_40652_17865/1	gi|3045267147|gb|PX049138.1|	100.000	136	0	0	2	137	83614	83749	3.40e-62	252	3454936	N/A
72_8_1471_40652_17865/1	gi|3045267147|gb|PX049138.1|	100.000	136	0	0	2	137	151820	151685	3.40e-62	252	3454936	N/A
72_8_1471_40652_17865/1	gi|3045267060|gb|PX049137.1|	100.000	136	0	0	2	137	83610	83745	3.40e-62	252	165317	N/A
72_8_1471_40652_17865/1	gi|3045267060|gb|PX049137.1|	100.000	136	0	0	2	137	151807	151672	3.40e-62	252	165317	N/A
72_8_1471_40652_17865/1	gi|3032662616|gb|PQ231106.1|	100.000	136	0	0	2	137	83270	83405	3.40e-62	252	694377	N/A
72_8_1471_40652_17865/1	gi|3032662616|gb|PQ231106.1|	100.000	136	0	0	2	137	151233	151098	3.40e-62	252	694377	N/A
72_8_2119_22177_1266/1	gi|3018305410|emb|OZ276474.1|	83.704	135	22	0	3	137	33201432	33201298	5.98e-25	128	165317	N/A
72_8_2119_22177_1266/1	gi|3018305410|emb|OZ276474.1|	83.704	135	22	0	3	137	33394149	33394015	5.98e-25	128	165317	N/A
72_8_2119_22177_1266/1	gi|3018305410|emb|OZ276474.1|	84.000	125	17	3	14	137	32769919	32769797	1.30e-21	117	165317	N/A
72_8_2119_22177_1266/1	gi|3017666099|emb|OZ274278.1|	82.963	135	23	0	3	137	34840992	34840858	2.78e-23	122	165317	N/A
72_8_2119_22177_1266/1	gi|2523335075|emb|OX940730.1|	84.000	75	9	3	55	128	16041966	16042038	3.68e-07	69.4	1053395	N/A
72_8_2119_22177_1266/1	gi|2523335075|emb|OX940730.1|	91.111	45	4	0	84	128	9623457	9623501	6.15e-05	62.1	1053395	N/A
72_8_2119_22177_1266/1	gi|2523335081|emb|OX940736.1|	89.091	55	4	2	84	137	2772118	2772065	1.32e-06	67.6	1053395	N/A
72_8_2119_22177_1266/1	gi|2306609160|emb|OX335784.1|	88.889	54	4	2	85	137	12847847	12847795	4.76e-06	65.8	53169	N/A
72_8_1308_3436_21157/1	gi|2935345607|emb|OZ243345.1|	100.000	136	0	0	2	137	25769635	25769770	3.40e-62	252	174664	N/A
72_8_1308_3436_21157/1	gi|2927221458|emb|OZ240802.1|	100.000	136	0	0	2	137	35695408	35695273	3.40e-62	252	195138	N/A
72_8_1308_3436_21157/1	gi|2927221458|emb|OZ240802.1|	98.529	136	2	0	2	137	35877195	35877330	7.37e-59	241	195138	N/A
72_8_1308_3436_21157/1	gi|2927221458|emb|OZ240802.1|	97.794	136	3	0	2	137	35730675	35730810	3.43e-57	235	195138	N/A
72_8_1308_3436_21157/1	gi|2754673918|emb|OZ078319.1|	100.000	136	0	0	2	137	37553494	37553629	3.40e-62	252	203760	N/A
72_8_1308_3436_21157/1	gi|2754673918|emb|OZ078319.1|	99.265	136	1	0	2	137	35873184	35873049	1.58e-60	246	203760	N/A
72_8_1308_3436_21157/1	gi|2754673918|emb|OZ078319.1|	97.794	136	2	1	2	137	37606891	37606757	1.23e-56	233	203760	N/A
72_8_1308_3436_21157/1	gi|2754673918|emb|OZ078319.1|	94.737	57	3	0	40	96	29618290	29618346	2.82e-13	89.8	203760	N/A
72_8_1308_3436_21157/1	gi|2302096203|emb|OX327007.1|	100.000	136	0	0	2	137	46027533	46027398	3.40e-62	252	57919	N/A
72_8_1308_3436_21157/1	gi|2302096203|emb|OX327007.1|	99.265	136	1	0	2	137	46118712	46118577	1.58e-60	246	57919	N/A
72_8_1308_3436_21157/1	gi|2302096203|emb|OX327007.1|	92.537	67	4	1	71	136	30203015	30202949	6.07e-15	95.3	57919	N/A
72_8_1308_3436_21157/1	gi|3048443377|emb|OZ306171.1|	99.265	136	1	0	2	137	103326	103191	1.58e-60	246	481118	N/A
72_8_1308_3436_21157/1	gi|3048443377|emb|OZ306171.1|	99.265	136	1	0	2	137	130415	130550	1.58e-60	246	481118	N/A
72_8_2222_33604_2751/1	gi|2050190534|gb|MW877562.1|	100.000	129	0	0	2	130	100016	100144	2.65e-58	239	193564	N/A
72_8_2222_33604_2751/1	gi|2050190534|gb|MW877562.1|	100.000	129	0	0	2	130	132135	132007	2.65e-58	239	193564	N/A
72_8_2222_33604_2751/1	gi|2050190441|gb|MW877561.1|	100.000	129	0	0	2	130	100050	100178	2.65e-58	239	193561	N/A
72_8_2222_33604_2751/1	gi|2050190441|gb|MW877561.1|	100.000	129	0	0	2	130	132170	132042	2.65e-58	239	193561	N/A
72_8_2222_33604_2751/1	gi|3045811270|gb|PX132750.1|	99.225	129	1	0	2	130	22569	22441	1.23e-56	233	290216	N/A
72_8_2222_33604_2751/1	gi|3033170602|gb|PX023271.1|	99.225	129	1	0	2	130	103556	103684	1.23e-56	233	3452696	N/A
72_8_2222_33604_2751/1	gi|3033170602|gb|PX023271.1|	99.225	129	1	0	2	130	134925	134797	1.23e-56	233	3452696	N/A
72_8_2222_33604_2751/1	gi|3035298211|emb|OZ295834.1|	99.225	129	1	0	2	130	34022670	34022798	1.23e-56	233	35896	N/A
72_8_2336_38410_25696/1	gi|2958118535|emb|OZ252515.1|	86.667	120	16	0	2	121	2666337	2666456	1.29e-26	134	38596	N/A
72_8_2336_38410_25696/1	gi|2850723188|emb|OZ202112.1|	88.660	97	11	0	41	137	84890816	84890720	3.60e-22	119	337392	N/A
72_8_2336_38410_25696/1	gi|2060373276|ref|XM_042149420.1|	84.167	120	19	0	2	121	887	768	1.30e-21	117	180675	N/A
72_8_2336_38410_25696/1	gi|2888687769|emb|OZ218179.1|	83.333	120	20	0	2	121	26360938	26360819	6.03e-20	111	457147	N/A
72_8_2336_38410_25696/1	gi|3018854227|emb|OZ277754.1|	82.031	128	23	0	8	135	11972845	11972718	2.17e-19	110	49628	N/A
72_8_2197_41251_28063/1	gi|1585087548|gb|CP036401.1|	97.794	136	3	0	2	137	560241	560106	3.43e-57	235	321983	N/A
72_8_2197_41251_28063/1	gi|2428150170|gb|CP115554.1|	97.794	136	3	0	2	137	6776525	6776660	3.43e-57	235	2995154	N/A
72_8_1348_27300_16549/1	gi|2701784733|gb|OR911481.1|	100.000	136	0	0	2	137	33013	32878	3.40e-62	252	39414	N/A
72_8_1348_27300_16549/1	gi|2328376401|ref|NC_068049.1|	100.000	136	0	0	2	137	32999	32864	3.40e-62	252	39414	N/A
72_8_1348_27300_16549/1	gi|2288448399|gb|ON641301.1|	100.000	136	0	0	2	137	33215	33080	3.40e-62	252	185001	N/A
72_8_1348_27300_16549/1	gi|2050192475|gb|MW877582.1|	100.000	136	0	0	2	137	33012	32877	3.40e-62	252	39414	N/A
72_8_1348_27300_16549/1	gi|2050192381|gb|MW877581.1|	100.000	136	0	0	2	137	33141	33006	3.40e-62	252	185001	N/A
72_8_2329_25018_10497/1	gi|3045267147|gb|PX049138.1|	99.265	136	1	0	2	137	104034	103899	1.58e-60	246	3454936	N/A
72_8_2329_25018_10497/1	gi|3045267147|gb|PX049138.1|	99.265	136	1	0	2	137	131400	131535	1.58e-60	246	3454936	N/A
72_8_2329_25018_10497/1	gi|3045267060|gb|PX049137.1|	99.265	136	1	0	2	137	104024	103889	1.58e-60	246	165317	N/A
72_8_2329_25018_10497/1	gi|3045267060|gb|PX049137.1|	99.265	136	1	0	2	137	131393	131528	1.58e-60	246	165317	N/A
72_8_2329_25018_10497/1	gi|3032662704|gb|PQ231107.1|	99.265	136	1	0	2	137	104286	104151	1.58e-60	246	572118	N/A
72_8_2329_25018_10497/1	gi|3032662704|gb|PQ231107.1|	99.265	136	1	0	2	137	131206	131341	1.58e-60	246	572118	N/A
72_8_2329_25018_10497/1	gi|3032662616|gb|PQ231106.1|	99.265	136	1	0	2	137	103803	103668	1.58e-60	246	694377	N/A
72_8_2329_25018_10497/1	gi|3032662616|gb|PQ231106.1|	99.265	136	1	0	2	137	130700	130835	1.58e-60	246	694377	N/A
72_8_2329_25018_10497/1	gi|3032662528|gb|PQ231105.1|	99.265	136	1	0	2	137	103821	103686	1.58e-60	246	694377	N/A
72_8_2329_25018_10497/1	gi|3032662528|gb|PQ231105.1|	99.265	136	1	0	2	137	130716	130851	1.58e-60	246	694377	N/A
72_8_2134_7822_9531/1	gi|3048433544|emb|OZ304845.1|	100.000	28	0	0	101	128	16654527	16654554	0.037	52.8	127479	N/A
72_8_2105_40676_18776/1	gi|2576136421|gb|CP133762.1|	100.000	28	0	0	30	57	6459173	6459146	0.037	52.8	2508722	N/A
72_8_2291_22088_3661/1	gi|3062913529|gb|PX316413.1|	100.000	136	0	0	2	137	119074	118939	3.40e-62	252	3996	N/A
72_8_2291_22088_3661/1	gi|3062913529|gb|PX316413.1|	100.000	136	0	0	2	137	148635	148770	3.40e-62	252	3996	N/A
72_8_2291_22088_3661/1	gi|2519771655|ref|NC_079790.1|	100.000	136	0	0	2	137	105099	104964	3.40e-62	252	93283	N/A
72_8_2291_22088_3661/1	gi|2519771655|ref|NC_079790.1|	100.000	136	0	0	2	137	132588	132723	3.40e-62	252	93283	N/A
72_8_2291_22088_3661/1	gi|1967016029|gb|MW023058.1|	100.000	136	0	0	2	137	119641	119506	3.40e-62	252	180498	N/A
72_8_2291_22088_3661/1	gi|1967016029|gb|MW023058.1|	100.000	136	0	0	2	137	149656	149791	3.40e-62	252	180498	N/A
72_8_2291_22088_3661/1	gi|225544104|ref|NC_012224.1|	100.000	136	0	0	2	137	112810	112675	3.40e-62	252	180498	N/A
72_8_2291_22088_3661/1	gi|225544104|ref|NC_012224.1|	100.000	136	0	0	2	137	142778	142913	3.40e-62	252	180498	N/A
72_8_2291_22088_3661/1	gi|3048443377|emb|OZ306171.1|	99.265	136	1	0	2	137	103326	103191	1.58e-60	246	481118	N/A
72_8_2291_22088_3661/1	gi|3048443377|emb|OZ306171.1|	99.265	136	1	0	2	137	130415	130550	1.58e-60	246	481118	N/A
72_8_1225_44941_23216/1	gi|3048443377|emb|OZ306171.1|	100.000	136	0	0	2	137	103326	103191	3.40e-62	252	481118	N/A
72_8_1225_44941_23216/1	gi|3048443377|emb|OZ306171.1|	100.000	136	0	0	2	137	130415	130550	3.40e-62	252	481118	N/A
72_8_1225_44941_23216/1	gi|3048443334|emb|OZ306286.1|	100.000	136	0	0	2	137	66578334	66578199	3.40e-62	252	78511	N/A
72_8_1225_44941_23216/1	gi|3048264046|emb|OZ297787.1|	100.000	136	0	0	2	137	107704	107569	3.40e-62	252	55318	N/A
72_8_1225_44941_23216/1	gi|3048264046|emb|OZ297787.1|	100.000	136	0	0	2	137	136097	136232	3.40e-62	252	55318	N/A
72_8_1225_44941_23216/1	gi|3048228106|emb|OZ297184.1|	100.000	136	0	0	2	137	108404	108269	3.40e-62	252	397083	N/A
72_8_1225_44941_23216/1	gi|3048228106|emb|OZ297184.1|	100.000	136	0	0	2	137	136875	137010	3.40e-62	252	397083	N/A
72_8_1225_44941_23216/1	gi|3048195103|emb|OZ297140.1|	100.000	136	0	0	2	137	105960	105825	3.40e-62	252	59297	N/A
72_8_1225_44941_23216/1	gi|3048195103|emb|OZ297140.1|	100.000	136	0	0	2	137	132604	132739	3.40e-62	252	59297	N/A
72_8_2340_29266_14742/1	gi|2288448399|gb|ON641301.1|	99.259	135	1	0	2	136	70872	70738	5.69e-60	244	185001	N/A
72_8_2340_29266_14742/1	gi|1610617358|ref|NC_041420.1|	98.519	135	2	0	2	136	70763	70629	2.65e-58	239	185001	N/A
72_8_2340_29266_14742/1	gi|2050192381|gb|MW877581.1|	98.519	135	2	0	2	136	70766	70632	2.65e-58	239	185001	N/A
72_8_2340_29266_14742/1	gi|2701784733|gb|OR911481.1|	97.778	135	3	0	2	136	70585	70451	1.23e-56	233	39414	N/A
72_8_2340_29266_14742/1	gi|2328376401|ref|NC_068049.1|	97.778	135	3	0	2	136	70589	70455	1.23e-56	233	39414	N/A
72_8_1469_39276_20807/1	gi|3048443377|emb|OZ306171.1|	100.000	136	0	0	2	137	103326	103191	3.40e-62	252	481118	N/A
72_8_1469_39276_20807/1	gi|3048443377|emb|OZ306171.1|	100.000	136	0	0	2	137	130415	130550	3.40e-62	252	481118	N/A
72_8_1469_39276_20807/1	gi|3048443334|emb|OZ306286.1|	100.000	136	0	0	2	137	66578334	66578199	3.40e-62	252	78511	N/A
72_8_1469_39276_20807/1	gi|3048264046|emb|OZ297787.1|	100.000	136	0	0	2	137	107704	107569	3.40e-62	252	55318	N/A
72_8_1469_39276_20807/1	gi|3048264046|emb|OZ297787.1|	100.000	136	0	0	2	137	136097	136232	3.40e-62	252	55318	N/A
72_8_1469_39276_20807/1	gi|3048228106|emb|OZ297184.1|	100.000	136	0	0	2	137	108404	108269	3.40e-62	252	397083	N/A
72_8_1469_39276_20807/1	gi|3048228106|emb|OZ297184.1|	100.000	136	0	0	2	137	136875	137010	3.40e-62	252	397083	N/A
72_8_1469_39276_20807/1	gi|3048195103|emb|OZ297140.1|	100.000	136	0	0	2	137	105960	105825	3.40e-62	252	59297	N/A
72_8_1469_39276_20807/1	gi|3048195103|emb|OZ297140.1|	100.000	136	0	0	2	137	132604	132739	3.40e-62	252	59297	N/A
72_8_1451_9780_24155/1	gi|2165834303|emb|OV196009.1|	95.652	46	2	0	77	122	115	70	7.91e-09	75.0	2697049	N/A
72_8_1451_9780_24155/1	gi|2165834303|emb|OV196009.1|	100.000	40	0	0	77	116	29912	29951	7.91e-09	75.0	2697049	N/A
72_8_1451_9780_24155/1	gi|2560271642|emb|OY714418.1|	100.000	38	0	0	73	110	6747	6784	1.02e-07	71.3	2697049	N/A
72_8_1451_9780_24155/1	gi|2560271083|emb|OY714119.1|	90.741	54	4	1	69	122	4294	4346	1.02e-07	71.3	2697049	N/A
72_8_1451_9780_24155/1	gi|2560250289|emb|OY708460.1|	100.000	38	0	0	73	110	6486	6523	1.02e-07	71.3	2697049	N/A
72_8_1451_9780_24155/1	gi|2557654546|emb|OY684713.1|	95.556	45	1	1	70	113	21728	21772	1.02e-07	71.3	2697049	N/A
72_8_1448_49659_11660/1	gi|3045267147|gb|PX049138.1|	100.000	136	0	0	2	137	104034	103899	3.40e-62	252	3454936	N/A
72_8_1448_49659_11660/1	gi|3045267147|gb|PX049138.1|	100.000	136	0	0	2	137	131400	131535	3.40e-62	252	3454936	N/A
72_8_1448_49659_11660/1	gi|3045267060|gb|PX049137.1|	100.000	136	0	0	2	137	104024	103889	3.40e-62	252	165317	N/A
72_8_1448_49659_11660/1	gi|3045267060|gb|PX049137.1|	100.000	136	0	0	2	137	131393	131528	3.40e-62	252	165317	N/A
72_8_1448_49659_11660/1	gi|3032662704|gb|PQ231107.1|	100.000	136	0	0	2	137	104286	104151	3.40e-62	252	572118	N/A
72_8_1448_49659_11660/1	gi|3032662704|gb|PQ231107.1|	100.000	136	0	0	2	137	131206	131341	3.40e-62	252	572118	N/A
72_8_1448_49659_11660/1	gi|3032662616|gb|PQ231106.1|	100.000	136	0	0	2	137	103803	103668	3.40e-62	252	694377	N/A
72_8_1448_49659_11660/1	gi|3032662616|gb|PQ231106.1|	100.000	136	0	0	2	137	130700	130835	3.40e-62	252	694377	N/A
72_8_1448_49659_11660/1	gi|3032662528|gb|PQ231105.1|	100.000	136	0	0	2	137	103821	103686	3.40e-62	252	694377	N/A
72_8_1448_49659_11660/1	gi|3032662528|gb|PQ231105.1|	100.000	136	0	0	2	137	130716	130851	3.40e-62	252	694377	N/A
72_8_1215_6422_28511/1	gi|2805792360|gb|PQ124709.1|	100.000	60	0	0	2	61	12991	12932	6.03e-20	111	113209	N/A
72_8_1215_6422_28511/1	gi|2805792263|gb|PQ124708.1|	100.000	60	0	0	2	61	12990	12931	6.03e-20	111	197811	N/A
72_8_1215_6422_28511/1	gi|2805792167|gb|PQ124707.1|	100.000	60	0	0	2	61	12990	12931	6.03e-20	111	29818	N/A
72_8_1215_6422_28511/1	gi|2805792070|gb|PQ124706.1|	100.000	60	0	0	2	61	13030	12971	6.03e-20	111	197796	N/A
72_8_1215_6422_28511/1	gi|2724828596|ref|NC_088481.1|	100.000	60	0	0	2	61	12996	12937	6.03e-20	111	113209	N/A
72_8_1255_4075_26690/1	gi|3045811490|gb|PX133153.1|	99.265	136	1	0	2	137	61802	61937	1.58e-60	246	691774	N/A
72_8_1255_4075_26690/1	gi|3045811376|gb|PX133145.1|	99.265	136	1	0	2	137	51472	51337	1.58e-60	246	41911	N/A
72_8_1255_4075_26690/1	gi|3045267147|gb|PX049138.1|	99.265	136	1	0	2	137	83614	83749	1.58e-60	246	3454936	N/A
72_8_1255_4075_26690/1	gi|3045267147|gb|PX049138.1|	99.265	136	1	0	2	137	151820	151685	1.58e-60	246	3454936	N/A
72_8_1255_4075_26690/1	gi|3045267060|gb|PX049137.1|	99.265	136	1	0	2	137	83610	83745	1.58e-60	246	165317	N/A
72_8_1255_4075_26690/1	gi|3045267060|gb|PX049137.1|	99.265	136	1	0	2	137	151807	151672	1.58e-60	246	165317	N/A
72_8_1255_4075_26690/1	gi|3032662616|gb|PQ231106.1|	99.265	136	1	0	2	137	83270	83405	1.58e-60	246	694377	N/A
72_8_1255_4075_26690/1	gi|3032662616|gb|PQ231106.1|	99.265	136	1	0	2	137	151233	151098	1.58e-60	246	694377	N/A
72_8_2145_27801_21367/1	gi|3048443377|emb|OZ306171.1|	100.000	136	0	0	2	137	103326	103191	3.40e-62	252	481118	N/A
72_8_2145_27801_21367/1	gi|3048443377|emb|OZ306171.1|	100.000	136	0	0	2	137	130415	130550	3.40e-62	252	481118	N/A
72_8_2145_27801_21367/1	gi|3048443334|emb|OZ306286.1|	100.000	136	0	0	2	137	66578334	66578199	3.40e-62	252	78511	N/A
72_8_2145_27801_21367/1	gi|3048264046|emb|OZ297787.1|	100.000	136	0	0	2	137	107704	107569	3.40e-62	252	55318	N/A
72_8_2145_27801_21367/1	gi|3048264046|emb|OZ297787.1|	100.000	136	0	0	2	137	136097	136232	3.40e-62	252	55318	N/A
72_8_2145_27801_21367/1	gi|3048228106|emb|OZ297184.1|	100.000	136	0	0	2	137	108404	108269	3.40e-62	252	397083	N/A
72_8_2145_27801_21367/1	gi|3048228106|emb|OZ297184.1|	100.000	136	0	0	2	137	136875	137010	3.40e-62	252	397083	N/A
72_8_2145_27801_21367/1	gi|3048195103|emb|OZ297140.1|	100.000	136	0	0	2	137	105960	105825	3.40e-62	252	59297	N/A
72_8_2145_27801_21367/1	gi|3048195103|emb|OZ297140.1|	100.000	136	0	0	2	137	132604	132739	3.40e-62	252	59297	N/A
72_8_1353_28352_15764/1	gi|3045267147|gb|PX049138.1|	100.000	136	0	0	2	137	104034	103899	3.40e-62	252	3454936	N/A
72_8_1353_28352_15764/1	gi|3045267147|gb|PX049138.1|	100.000	136	0	0	2	137	131400	131535	3.40e-62	252	3454936	N/A
72_8_1353_28352_15764/1	gi|3045267060|gb|PX049137.1|	100.000	136	0	0	2	137	104024	103889	3.40e-62	252	165317	N/A
72_8_1353_28352_15764/1	gi|3045267060|gb|PX049137.1|	100.000	136	0	0	2	137	131393	131528	3.40e-62	252	165317	N/A
72_8_1353_28352_15764/1	gi|3032662704|gb|PQ231107.1|	100.000	136	0	0	2	137	104286	104151	3.40e-62	252	572118	N/A
72_8_1353_28352_15764/1	gi|3032662704|gb|PQ231107.1|	100.000	136	0	0	2	137	131206	131341	3.40e-62	252	572118	N/A
72_8_1353_28352_15764/1	gi|3032662616|gb|PQ231106.1|	100.000	136	0	0	2	137	103803	103668	3.40e-62	252	694377	N/A
72_8_1353_28352_15764/1	gi|3032662616|gb|PQ231106.1|	100.000	136	0	0	2	137	130700	130835	3.40e-62	252	694377	N/A
72_8_1353_28352_15764/1	gi|3032662528|gb|PQ231105.1|	100.000	136	0	0	2	137	103821	103686	3.40e-62	252	694377	N/A
72_8_1353_28352_15764/1	gi|3032662528|gb|PQ231105.1|	100.000	136	0	0	2	137	130716	130851	3.40e-62	252	694377	N/A
72_8_2156_50792_2891/1	gi|2913438782|emb|OZ224105.1|	88.889	81	8	1	2	81	87848	87928	4.69e-16	99.0	34270	N/A
72_8_2156_50792_2891/1	gi|2302101380|emb|OX326952.1|	86.022	93	12	1	2	93	17467230	17467322	4.69e-16	99.0	102599	N/A
72_8_2156_50792_2891/1	gi|2621712017|emb|OY770105.1|	89.474	76	6	2	2	76	22211972	22211898	6.07e-15	95.3	39388	N/A
72_8_2156_50792_2891/1	gi|2745680495|emb|OZ076752.1|	89.041	73	8	0	2	74	36860	36932	7.85e-14	91.6	195143	N/A
72_8_2156_50792_2891/1	gi|2739942708|emb|OZ060781.1|	89.041	73	8	0	2	74	24333618	24333546	7.85e-14	91.6	53160	N/A
72_8_1240_7692_13285/1	gi|2888687429|emb|OZ218176.1|	82.576	132	23	0	6	137	23943319	23943188	1.30e-21	117	457147	N/A
72_8_2258_17597_15610/1	gi|3045267147|gb|PX049138.1|	100.000	136	0	0	2	137	104034	103899	3.40e-62	252	3454936	N/A
72_8_2258_17597_15610/1	gi|3045267147|gb|PX049138.1|	100.000	136	0	0	2	137	131400	131535	3.40e-62	252	3454936	N/A
72_8_2258_17597_15610/1	gi|3045267060|gb|PX049137.1|	100.000	136	0	0	2	137	104024	103889	3.40e-62	252	165317	N/A
72_8_2258_17597_15610/1	gi|3045267060|gb|PX049137.1|	100.000	136	0	0	2	137	131393	131528	3.40e-62	252	165317	N/A
72_8_2258_17597_15610/1	gi|3032662704|gb|PQ231107.1|	100.000	136	0	0	2	137	104286	104151	3.40e-62	252	572118	N/A
72_8_2258_17597_15610/1	gi|3032662704|gb|PQ231107.1|	100.000	136	0	0	2	137	131206	131341	3.40e-62	252	572118	N/A
72_8_2258_17597_15610/1	gi|3032662616|gb|PQ231106.1|	100.000	136	0	0	2	137	103803	103668	3.40e-62	252	694377	N/A
72_8_2258_17597_15610/1	gi|3032662616|gb|PQ231106.1|	100.000	136	0	0	2	137	130700	130835	3.40e-62	252	694377	N/A
72_8_2258_17597_15610/1	gi|3032662528|gb|PQ231105.1|	100.000	136	0	0	2	137	103821	103686	3.40e-62	252	694377	N/A
72_8_2258_17597_15610/1	gi|3032662528|gb|PQ231105.1|	100.000	136	0	0	2	137	130716	130851	3.40e-62	252	694377	N/A
72_8_2253_7004_25738/1	gi|3048443377|emb|OZ306171.1|	100.000	136	0	0	2	137	103326	103191	3.40e-62	252	481118	N/A
72_8_2253_7004_25738/1	gi|3048443377|emb|OZ306171.1|	100.000	136	0	0	2	137	130415	130550	3.40e-62	252	481118	N/A
72_8_2253_7004_25738/1	gi|3048443334|emb|OZ306286.1|	100.000	136	0	0	2	137	66578334	66578199	3.40e-62	252	78511	N/A
72_8_2253_7004_25738/1	gi|3048264046|emb|OZ297787.1|	100.000	136	0	0	2	137	107704	107569	3.40e-62	252	55318	N/A
72_8_2253_7004_25738/1	gi|3048264046|emb|OZ297787.1|	100.000	136	0	0	2	137	136097	136232	3.40e-62	252	55318	N/A
72_8_2253_7004_25738/1	gi|3048228106|emb|OZ297184.1|	100.000	136	0	0	2	137	108404	108269	3.40e-62	252	397083	N/A
72_8_2253_7004_25738/1	gi|3048228106|emb|OZ297184.1|	100.000	136	0	0	2	137	136875	137010	3.40e-62	252	397083	N/A
72_8_2253_7004_25738/1	gi|3048195103|emb|OZ297140.1|	100.000	136	0	0	2	137	105960	105825	3.40e-62	252	59297	N/A
72_8_2253_7004_25738/1	gi|3048195103|emb|OZ297140.1|	100.000	136	0	0	2	137	132604	132739	3.40e-62	252	59297	N/A
72_8_1266_27356_17991/1	gi|3048443377|emb|OZ306171.1|	100.000	136	0	0	2	137	103326	103191	3.40e-62	252	481118	N/A
72_8_1266_27356_17991/1	gi|3048443377|emb|OZ306171.1|	100.000	136	0	0	2	137	130415	130550	3.40e-62	252	481118	N/A
72_8_1266_27356_17991/1	gi|3048443334|emb|OZ306286.1|	100.000	136	0	0	2	137	66578334	66578199	3.40e-62	252	78511	N/A
72_8_1266_27356_17991/1	gi|3048264046|emb|OZ297787.1|	100.000	136	0	0	2	137	107704	107569	3.40e-62	252	55318	N/A
72_8_1266_27356_17991/1	gi|3048264046|emb|OZ297787.1|	100.000	136	0	0	2	137	136097	136232	3.40e-62	252	55318	N/A
72_8_1266_27356_17991/1	gi|3048228106|emb|OZ297184.1|	100.000	136	0	0	2	137	108404	108269	3.40e-62	252	397083	N/A
72_8_1266_27356_17991/1	gi|3048228106|emb|OZ297184.1|	100.000	136	0	0	2	137	136875	137010	3.40e-62	252	397083	N/A
72_8_1266_27356_17991/1	gi|3048195103|emb|OZ297140.1|	100.000	136	0	0	2	137	105960	105825	3.40e-62	252	59297	N/A
72_8_1266_27356_17991/1	gi|3048195103|emb|OZ297140.1|	100.000	136	0	0	2	137	132604	132739	3.40e-62	252	59297	N/A
72_8_2341_38119_18328/1	gi|2701785471|gb|OR911489.1|	100.000	136	0	0	2	137	1006	871	3.40e-62	252	185002	N/A
72_8_2341_38119_18328/1	gi|2701784733|gb|OR911481.1|	100.000	136	0	0	2	137	950	815	3.40e-62	252	39414	N/A
72_8_2341_38119_18328/1	gi|2288448399|gb|ON641301.1|	100.000	136	0	0	2	137	961	826	3.40e-62	252	185001	N/A
72_8_2341_38119_18328/1	gi|2050192570|gb|MW877583.1|	100.000	136	0	0	2	137	1007	872	3.40e-62	252	185002	N/A
72_8_2341_38119_18328/1	gi|2050192475|gb|MW877582.1|	100.000	136	0	0	2	137	950	815	3.40e-62	252	39414	N/A
72_8_2144_22258_4180/1	gi|2701784733|gb|OR911481.1|	100.000	136	0	0	2	137	33013	32878	3.40e-62	252	39414	N/A
72_8_2144_22258_4180/1	gi|2328376401|ref|NC_068049.1|	100.000	136	0	0	2	137	32999	32864	3.40e-62	252	39414	N/A
72_8_2144_22258_4180/1	gi|2288448399|gb|ON641301.1|	100.000	136	0	0	2	137	33215	33080	3.40e-62	252	185001	N/A
72_8_2144_22258_4180/1	gi|2050192475|gb|MW877582.1|	100.000	136	0	0	2	137	33012	32877	3.40e-62	252	39414	N/A
72_8_2144_22258_4180/1	gi|2050192381|gb|MW877581.1|	100.000	136	0	0	2	137	33141	33006	3.40e-62	252	185001	N/A
72_8_2455_39827_24981/1	gi|3045267147|gb|PX049138.1|	100.000	136	0	0	2	137	104034	103899	3.40e-62	252	3454936	N/A
72_8_2455_39827_24981/1	gi|3045267147|gb|PX049138.1|	100.000	136	0	0	2	137	131400	131535	3.40e-62	252	3454936	N/A
72_8_2455_39827_24981/1	gi|3045267060|gb|PX049137.1|	100.000	136	0	0	2	137	104024	103889	3.40e-62	252	165317	N/A
72_8_2455_39827_24981/1	gi|3045267060|gb|PX049137.1|	100.000	136	0	0	2	137	131393	131528	3.40e-62	252	165317	N/A
72_8_2455_39827_24981/1	gi|3032662704|gb|PQ231107.1|	100.000	136	0	0	2	137	104286	104151	3.40e-62	252	572118	N/A
72_8_2455_39827_24981/1	gi|3032662704|gb|PQ231107.1|	100.000	136	0	0	2	137	131206	131341	3.40e-62	252	572118	N/A
72_8_2455_39827_24981/1	gi|3032662616|gb|PQ231106.1|	100.000	136	0	0	2	137	103803	103668	3.40e-62	252	694377	N/A
72_8_2455_39827_24981/1	gi|3032662616|gb|PQ231106.1|	100.000	136	0	0	2	137	130700	130835	3.40e-62	252	694377	N/A
72_8_2455_39827_24981/1	gi|3032662528|gb|PQ231105.1|	100.000	136	0	0	2	137	103821	103686	3.40e-62	252	694377	N/A
72_8_2455_39827_24981/1	gi|3032662528|gb|PQ231105.1|	100.000	136	0	0	2	137	130716	130851	3.40e-62	252	694377	N/A
72_8_1403_20923_3886/1	gi|2082398024|ref|XM_043116163.1|	92.063	63	5	0	4	66	1794	1856	2.82e-13	89.8	32201	N/A
72_8_1403_20923_3886/1	gi|2082398020|ref|XM_043116162.1|	92.063	63	5	0	4	66	1914	1976	2.82e-13	89.8	32201	N/A
72_8_1403_20923_3886/1	gi|2082398016|ref|XM_043116161.1|	92.063	63	5	0	4	66	1819	1881	2.82e-13	89.8	32201	N/A
72_8_1403_20923_3886/1	gi|2082398012|ref|XM_043116160.1|	92.063	63	5	0	4	66	1909	1971	2.82e-13	89.8	32201	N/A
72_8_1403_20923_3886/1	gi|2082398008|ref|XM_043116159.1|	92.063	63	5	0	4	66	1813	1875	2.82e-13	89.8	32201	N/A
72_8_1418_48008_11464/1	gi|3045811490|gb|PX133153.1|	100.000	136	0	0	2	137	61802	61937	3.40e-62	252	691774	N/A
72_8_1418_48008_11464/1	gi|3045811376|gb|PX133145.1|	100.000	136	0	0	2	137	51472	51337	3.40e-62	252	41911	N/A
72_8_1418_48008_11464/1	gi|3045267147|gb|PX049138.1|	100.000	136	0	0	2	137	83614	83749	3.40e-62	252	3454936	N/A
72_8_1418_48008_11464/1	gi|3045267147|gb|PX049138.1|	100.000	136	0	0	2	137	151820	151685	3.40e-62	252	3454936	N/A
72_8_1418_48008_11464/1	gi|3045267060|gb|PX049137.1|	100.000	136	0	0	2	137	83610	83745	3.40e-62	252	165317	N/A
72_8_1418_48008_11464/1	gi|3045267060|gb|PX049137.1|	100.000	136	0	0	2	137	151807	151672	3.40e-62	252	165317	N/A
72_8_1418_48008_11464/1	gi|3032662616|gb|PQ231106.1|	100.000	136	0	0	2	137	83270	83405	3.40e-62	252	694377	N/A
72_8_1418_48008_11464/1	gi|3032662616|gb|PQ231106.1|	100.000	136	0	0	2	137	151233	151098	3.40e-62	252	694377	N/A
72_8_2406_8501_15358/1	gi|3017672485|emb|OZ274282.1|	91.837	49	4	0	2	50	27143114	27143066	3.68e-07	69.4	165317	N/A
72_8_2406_8501_15358/1	gi|2927221867|emb|OZ240906.1|	91.837	49	4	0	2	50	1767089	1767041	3.68e-07	69.4	74693	N/A
72_8_2101_13090_16044/1	gi|3045267147|gb|PX049138.1|	100.000	136	0	0	2	137	104034	103899	3.40e-62	252	3454936	N/A
72_8_2101_13090_16044/1	gi|3045267147|gb|PX049138.1|	100.000	136	0	0	2	137	131400	131535	3.40e-62	252	3454936	N/A
72_8_2101_13090_16044/1	gi|3045267060|gb|PX049137.1|	100.000	136	0	0	2	137	104024	103889	3.40e-62	252	165317	N/A
72_8_2101_13090_16044/1	gi|3045267060|gb|PX049137.1|	100.000	136	0	0	2	137	131393	131528	3.40e-62	252	165317	N/A
72_8_2101_13090_16044/1	gi|3032662704|gb|PQ231107.1|	100.000	136	0	0	2	137	104286	104151	3.40e-62	252	572118	N/A
72_8_2101_13090_16044/1	gi|3032662704|gb|PQ231107.1|	100.000	136	0	0	2	137	131206	131341	3.40e-62	252	572118	N/A
72_8_2101_13090_16044/1	gi|3032662616|gb|PQ231106.1|	100.000	136	0	0	2	137	103803	103668	3.40e-62	252	694377	N/A
72_8_2101_13090_16044/1	gi|3032662616|gb|PQ231106.1|	100.000	136	0	0	2	137	130700	130835	3.40e-62	252	694377	N/A
72_8_2101_13090_16044/1	gi|3032662528|gb|PQ231105.1|	100.000	136	0	0	2	137	103821	103686	3.40e-62	252	694377	N/A
72_8_2101_13090_16044/1	gi|3032662528|gb|PQ231105.1|	100.000	136	0	0	2	137	130716	130851	3.40e-62	252	694377	N/A
72_8_1465_33498_28063/1	gi|3048443377|emb|OZ306171.1|	100.000	136	0	0	2	137	103326	103191	3.40e-62	252	481118	N/A
72_8_1465_33498_28063/1	gi|3048443377|emb|OZ306171.1|	100.000	136	0	0	2	137	130415	130550	3.40e-62	252	481118	N/A
72_8_1465_33498_28063/1	gi|3048443334|emb|OZ306286.1|	100.000	136	0	0	2	137	66578334	66578199	3.40e-62	252	78511	N/A
72_8_1465_33498_28063/1	gi|3048264046|emb|OZ297787.1|	100.000	136	0	0	2	137	107704	107569	3.40e-62	252	55318	N/A
72_8_1465_33498_28063/1	gi|3048264046|emb|OZ297787.1|	100.000	136	0	0	2	137	136097	136232	3.40e-62	252	55318	N/A
72_8_1465_33498_28063/1	gi|3048228106|emb|OZ297184.1|	100.000	136	0	0	2	137	108404	108269	3.40e-62	252	397083	N/A
72_8_1465_33498_28063/1	gi|3048228106|emb|OZ297184.1|	100.000	136	0	0	2	137	136875	137010	3.40e-62	252	397083	N/A
72_8_1465_33498_28063/1	gi|3048195103|emb|OZ297140.1|	100.000	136	0	0	2	137	105960	105825	3.40e-62	252	59297	N/A
72_8_1465_33498_28063/1	gi|3048195103|emb|OZ297140.1|	100.000	136	0	0	2	137	132604	132739	3.40e-62	252	59297	N/A
72_8_1204_22121_22740/1	gi|1957986408|gb|CP068046.1|	93.284	134	9	0	2	135	3196469	3196602	4.50e-46	198	2774137	N/A
72_8_1204_22121_22740/1	gi|2953332672|gb|CP186479.1|	89.552	134	14	0	2	135	3093858	3093725	9.80e-38	171	3400909	N/A
72_8_1204_22121_22740/1	gi|2320782024|gb|CP075529.1|	89.552	134	14	0	2	135	2521627	2521494	9.80e-38	171	1871048	N/A
72_8_1204_22121_22740/1	gi|2697368529|gb|CP146608.1|	88.596	114	13	0	22	135	3539443	3539330	2.76e-28	139	3126689	N/A
72_8_1204_22121_22740/1	gi|2077962770|gb|CP080590.1|	89.720	107	11	0	29	135	4041791	4041685	9.94e-28	137	2860336	N/A
72_8_2243_47935_24001/1	gi|2626224309|emb|OY804555.1|	98.529	136	2	0	2	137	18294513	18294378	7.37e-59	241	191669	N/A
72_8_2243_47935_24001/1	gi|2578657831|emb|OY734955.1|	98.529	136	2	0	2	137	17310753	17310618	7.37e-59	241	1053398	N/A
72_8_2243_47935_24001/1	gi|2961682685|dbj|AP038531.1|	98.529	136	1	1	2	137	8551	8685	2.65e-58	239	3485	N/A
72_8_2243_47935_24001/1	gi|3048443377|emb|OZ306171.1|	97.794	136	3	0	2	137	103326	103191	3.43e-57	235	481118	N/A
72_8_2243_47935_24001/1	gi|3048443377|emb|OZ306171.1|	97.794	136	3	0	2	137	130415	130550	3.43e-57	235	481118	N/A
72_8_2243_47935_24001/1	gi|3048443334|emb|OZ306286.1|	97.794	136	3	0	2	137	66578334	66578199	3.43e-57	235	78511	N/A
72_8_2211_50605_2121/1	gi|685042160|emb|LN590685.1|	93.878	49	1	2	47	93	16867634	16867586	2.84e-08	73.1	7962	N/A
72_8_2211_50605_2121/1	gi|2957941122|dbj|AP039009.1|	97.222	36	1	0	51	86	1260870	1260835	6.15e-05	62.1	84557	N/A
72_8_1402_15404_11198/1	gi|2805792360|gb|PQ124709.1|	100.000	129	0	0	2	130	97766	97638	2.65e-58	239	113209	N/A
72_8_1402_15404_11198/1	gi|2805792360|gb|PQ124709.1|	100.000	129	0	0	2	130	149968	150096	2.65e-58	239	113209	N/A
72_8_1402_15404_11198/1	gi|2805792263|gb|PQ124708.1|	100.000	129	0	0	2	130	97884	97756	2.65e-58	239	197811	N/A
72_8_1402_15404_11198/1	gi|2805792263|gb|PQ124708.1|	100.000	129	0	0	2	130	150122	150250	2.65e-58	239	197811	N/A
72_8_1402_15404_11198/1	gi|2805792167|gb|PQ124707.1|	100.000	129	0	0	2	130	97884	97756	2.65e-58	239	29818	N/A
72_8_1402_15404_11198/1	gi|2805792167|gb|PQ124707.1|	100.000	129	0	0	2	130	150122	150250	2.65e-58	239	29818	N/A
72_8_1402_15404_11198/1	gi|2805792070|gb|PQ124706.1|	100.000	129	0	0	2	130	97909	97781	2.65e-58	239	197796	N/A
72_8_1402_15404_11198/1	gi|2805792070|gb|PQ124706.1|	100.000	129	0	0	2	130	150056	150184	2.65e-58	239	197796	N/A
72_8_1402_15404_11198/1	gi|2724828596|ref|NC_088481.1|	100.000	129	0	0	2	130	97750	97622	2.65e-58	239	113209	N/A
72_8_1402_15404_11198/1	gi|2724828596|ref|NC_088481.1|	100.000	129	0	0	2	130	149957	150085	2.65e-58	239	113209	N/A
72_8_1304_47692_6995/1	gi|2701784733|gb|OR911481.1|	100.000	72	0	0	2	73	16587	16658	1.29e-26	134	39414	N/A
72_8_1304_47692_6995/1	gi|2328376401|ref|NC_068049.1|	100.000	72	0	0	2	73	16578	16649	1.29e-26	134	39414	N/A
72_8_1304_47692_6995/1	gi|2288448399|gb|ON641301.1|	100.000	72	0	0	2	73	16595	16666	1.29e-26	134	185001	N/A
72_8_1304_47692_6995/1	gi|2050192475|gb|MW877582.1|	100.000	72	0	0	2	73	16586	16657	1.29e-26	134	39414	N/A
72_8_1304_47692_6995/1	gi|2050192381|gb|MW877581.1|	100.000	72	0	0	2	73	16528	16599	1.29e-26	134	185001	N/A
72_8_2492_45175_22110/1	gi|2961944968|emb|OZ253756.1|	90.226	133	13	0	2	134	5854448	5854580	7.58e-39	174	39353	N/A
72_8_2492_45175_22110/1	gi|2961944855|emb|OZ253699.1|	90.226	133	13	0	2	134	5776883	5777015	7.58e-39	174	39353	N/A
72_8_2492_45175_22110/1	gi|2531950660|emb|OY282507.1|	88.722	133	15	0	2	134	15389897	15390029	1.64e-35	163	49984	N/A
72_8_2492_45175_22110/1	gi|2978820507|emb|OZ258496.1|	87.692	130	16	0	2	131	6193781	6193910	3.55e-32	152	28509	N/A
72_8_2492_45175_22110/1	gi|2936649482|emb|OZ244435.1|	86.765	136	18	0	2	137	31817046	31816911	3.55e-32	152	694383	N/A
72_8_1397_29833_14518/1	gi|2031301282|gb|CP073648.1|	89.524	105	11	0	2	106	15185216	15185112	1.29e-26	134	660624	N/A
72_8_1397_29833_14518/1	gi|2935273633|emb|OZ243215.1|	81.905	105	19	0	2	106	19474026	19473922	2.82e-13	89.8	109058	N/A
72_8_1397_29833_14518/1	gi|2907549939|emb|OZ222496.1|	81.905	105	19	0	2	106	20569637	20569533	2.82e-13	89.8	3516	N/A
72_8_1397_29833_14518/1	gi|2649023510|ref|XM_062320971.1|	80.952	105	20	0	2	106	1059	1163	1.31e-11	84.2	3517	N/A
72_8_1397_29833_14518/1	gi|2548425028|emb|OY340908.1|	80.952	105	20	0	2	106	18341474	18341370	1.31e-11	84.2	3517	N/A
72_8_2228_7312_16717/1	gi|1384998881|gb|CP012640.2|	88.732	71	8	0	50	120	2191111	2191041	1.02e-12	87.9	1707785	N/A
72_8_2308_35878_16409/1	gi|2261004685|gb|CP099619.1|	83.761	117	17	2	8	123	2744605	2744720	2.17e-19	110	2952888	N/A
72_8_1156_30796_19126/1	gi|3048443377|emb|OZ306171.1|	100.000	136	0	0	2	137	103326	103191	3.40e-62	252	481118	N/A
72_8_1156_30796_19126/1	gi|3048443377|emb|OZ306171.1|	100.000	136	0	0	2	137	130415	130550	3.40e-62	252	481118	N/A
72_8_1156_30796_19126/1	gi|3048443334|emb|OZ306286.1|	100.000	136	0	0	2	137	66578334	66578199	3.40e-62	252	78511	N/A
72_8_1156_30796_19126/1	gi|3048264046|emb|OZ297787.1|	100.000	136	0	0	2	137	107704	107569	3.40e-62	252	55318	N/A
72_8_1156_30796_19126/1	gi|3048264046|emb|OZ297787.1|	100.000	136	0	0	2	137	136097	136232	3.40e-62	252	55318	N/A
72_8_1156_30796_19126/1	gi|3048228106|emb|OZ297184.1|	100.000	136	0	0	2	137	108404	108269	3.40e-62	252	397083	N/A
72_8_1156_30796_19126/1	gi|3048228106|emb|OZ297184.1|	100.000	136	0	0	2	137	136875	137010	3.40e-62	252	397083	N/A
72_8_1156_30796_19126/1	gi|3048195103|emb|OZ297140.1|	100.000	136	0	0	2	137	105960	105825	3.40e-62	252	59297	N/A
72_8_1156_30796_19126/1	gi|3048195103|emb|OZ297140.1|	100.000	136	0	0	2	137	132604	132739	3.40e-62	252	59297	N/A
72_8_2259_42513_9293/1	gi|1843760262|gb|CP053418.1|	93.077	130	9	0	2	131	2425055	2424926	7.52e-44	191	2732511	N/A
72_8_2259_42513_9293/1	gi|1859907373|gb|CP054840.1|	92.248	129	8	2	2	129	2390804	2390931	4.53e-41	182	2743470	N/A
72_8_2259_42513_9293/1	gi|2687941498|dbj|AP029222.1|	92.188	128	10	0	2	129	1187066	1186939	4.53e-41	182	509111	N/A
72_8_2259_42513_9293/1	gi|1199787156|gb|CP015698.1|	91.538	130	11	0	2	131	351284	351155	1.63e-40	180	1844971	N/A
72_8_2259_42513_9293/1	gi|2687953060|dbj|AP029225.1|	91.406	128	11	0	2	129	1713427	1713300	2.11e-39	176	509117	N/A
72_8_1297_34478_14265/1	gi|3045811490|gb|PX133153.1|	100.000	136	0	0	2	137	61802	61937	3.40e-62	252	691774	N/A
72_8_1297_34478_14265/1	gi|3045811376|gb|PX133145.1|	100.000	136	0	0	2	137	51472	51337	3.40e-62	252	41911	N/A
72_8_1297_34478_14265/1	gi|3045267147|gb|PX049138.1|	100.000	136	0	0	2	137	83614	83749	3.40e-62	252	3454936	N/A
72_8_1297_34478_14265/1	gi|3045267147|gb|PX049138.1|	100.000	136	0	0	2	137	151820	151685	3.40e-62	252	3454936	N/A
72_8_1297_34478_14265/1	gi|3045267060|gb|PX049137.1|	100.000	136	0	0	2	137	83610	83745	3.40e-62	252	165317	N/A
72_8_1297_34478_14265/1	gi|3045267060|gb|PX049137.1|	100.000	136	0	0	2	137	151807	151672	3.40e-62	252	165317	N/A
72_8_1297_34478_14265/1	gi|3032662616|gb|PQ231106.1|	100.000	136	0	0	2	137	83270	83405	3.40e-62	252	694377	N/A
72_8_1297_34478_14265/1	gi|3032662616|gb|PQ231106.1|	100.000	136	0	0	2	137	151233	151098	3.40e-62	252	694377	N/A
72_8_2118_44852_12276/1	gi|3045267147|gb|PX049138.1|	100.000	136	0	0	2	137	104034	103899	3.40e-62	252	3454936	N/A
72_8_2118_44852_12276/1	gi|3045267147|gb|PX049138.1|	100.000	136	0	0	2	137	131400	131535	3.40e-62	252	3454936	N/A
72_8_2118_44852_12276/1	gi|3045267060|gb|PX049137.1|	100.000	136	0	0	2	137	104024	103889	3.40e-62	252	165317	N/A
72_8_2118_44852_12276/1	gi|3045267060|gb|PX049137.1|	100.000	136	0	0	2	137	131393	131528	3.40e-62	252	165317	N/A
72_8_2118_44852_12276/1	gi|3032662704|gb|PQ231107.1|	100.000	136	0	0	2	137	104286	104151	3.40e-62	252	572118	N/A
72_8_2118_44852_12276/1	gi|3032662704|gb|PQ231107.1|	100.000	136	0	0	2	137	131206	131341	3.40e-62	252	572118	N/A
72_8_2118_44852_12276/1	gi|3032662616|gb|PQ231106.1|	100.000	136	0	0	2	137	103803	103668	3.40e-62	252	694377	N/A
72_8_2118_44852_12276/1	gi|3032662616|gb|PQ231106.1|	100.000	136	0	0	2	137	130700	130835	3.40e-62	252	694377	N/A
72_8_2118_44852_12276/1	gi|3032662528|gb|PQ231105.1|	100.000	136	0	0	2	137	103821	103686	3.40e-62	252	694377	N/A
72_8_2118_44852_12276/1	gi|3032662528|gb|PQ231105.1|	100.000	136	0	0	2	137	130716	130851	3.40e-62	252	694377	N/A
72_8_1477_11423_25514/1	gi|2724827940|ref|NC_088474.1|	100.000	136	0	0	2	137	16137	16272	3.40e-62	252	1439916	N/A
72_8_1477_11423_25514/1	gi|2701784733|gb|OR911481.1|	100.000	136	0	0	2	137	15917	16052	3.40e-62	252	39414	N/A
72_8_1477_11423_25514/1	gi|2724827759|ref|NC_088472.1|	100.000	136	0	0	2	137	16113	16248	3.40e-62	252	2675945	N/A
72_8_1477_11423_25514/1	gi|2724826836|ref|NC_088462.1|	100.000	136	0	0	2	137	16029	16164	3.40e-62	252	197793	N/A
72_8_1477_11423_25514/1	gi|2328376401|ref|NC_068049.1|	100.000	136	0	0	2	137	15908	16043	3.40e-62	252	39414	N/A
72_8_1171_47984_20191/1	gi|3020189716|emb|OZ282507.1|	99.265	136	1	0	2	137	34779830	34779965	1.58e-60	246	28540	N/A
72_8_1171_47984_20191/1	gi|2282685577|gb|OP162632.1|	99.265	136	1	0	2	137	3777	3642	1.58e-60	246	168488	N/A
72_8_1171_47984_20191/1	gi|2282685574|gb|OP162631.1|	99.265	136	1	0	2	137	3733	3598	1.58e-60	246	168488	N/A
72_8_1171_47984_20191/1	gi|2282685573|gb|OP162630.1|	99.265	136	1	0	2	137	3687	3552	1.58e-60	246	168488	N/A
72_8_1171_47984_20191/1	gi|2282685570|gb|OP162629.1|	99.265	136	1	0	2	137	3687	3552	1.58e-60	246	168488	N/A
72_8_1104_42238_25626/1	gi|685042175|emb|LN590700.1|	97.619	42	0	1	96	136	14033949	14033908	1.02e-07	71.3	7962	N/A
72_8_1104_42238_25626/1	gi|1842001608|ref|NC_047813.1|	97.436	39	0	1	99	136	60	22	4.76e-06	65.8	1958907	N/A
72_8_1104_42238_25626/1	gi|1842001608|ref|NC_047813.1|	97.436	39	0	1	99	136	18488	18526	4.76e-06	65.8	1958907	N/A
72_8_1104_42238_25626/1	gi|1549120968|gb|MK310228.1|	97.436	39	0	1	100	137	77	39	4.76e-06	65.8	2500580	N/A
72_8_1104_42238_25626/1	gi|1549120968|gb|MK310228.1|	97.436	39	0	1	100	137	25790	25828	4.76e-06	65.8	2500580	N/A
72_8_1104_42238_25626/1	gi|2319067183|gb|CP107088.1|	95.238	42	0	2	97	137	608307	608347	4.76e-06	65.8	630	N/A
72_8_1104_42238_25626/1	gi|685042157|emb|LN590682.1|	97.436	39	0	1	99	136	4473402	4473440	4.76e-06	65.8	7962	N/A
72_8_1104_42238_25626/1	gi|685042157|emb|LN590682.1|	97.368	38	0	1	100	136	992823	992786	1.71e-05	63.9	7962	N/A
72_8_1104_42238_25626/1	gi|685042157|emb|LN590682.1|	97.297	37	0	1	102	137	839204	839240	6.15e-05	62.1	7962	N/A
72_8_1104_42238_25626/1	gi|685042157|emb|LN590682.1|	97.297	37	0	1	101	136	12087806	12087770	6.15e-05	62.1	7962	N/A
72_8_1277_3322_24099/1	gi|3048443377|emb|OZ306171.1|	99.265	136	1	0	2	137	103326	103191	1.58e-60	246	481118	N/A
72_8_1277_3322_24099/1	gi|3048443377|emb|OZ306171.1|	99.265	136	1	0	2	137	130415	130550	1.58e-60	246	481118	N/A
72_8_1277_3322_24099/1	gi|3048443334|emb|OZ306286.1|	99.265	136	1	0	2	137	66578334	66578199	1.58e-60	246	78511	N/A
72_8_1277_3322_24099/1	gi|3048264046|emb|OZ297787.1|	99.265	136	1	0	2	137	107704	107569	1.58e-60	246	55318	N/A
72_8_1277_3322_24099/1	gi|3048264046|emb|OZ297787.1|	99.265	136	1	0	2	137	136097	136232	1.58e-60	246	55318	N/A
72_8_1277_3322_24099/1	gi|3048228106|emb|OZ297184.1|	99.265	136	1	0	2	137	108404	108269	1.58e-60	246	397083	N/A
72_8_1277_3322_24099/1	gi|3048228106|emb|OZ297184.1|	99.265	136	1	0	2	137	136875	137010	1.58e-60	246	397083	N/A
72_8_1277_3322_24099/1	gi|3048195103|emb|OZ297140.1|	99.265	136	1	0	2	137	105960	105825	1.58e-60	246	59297	N/A
72_8_1277_3322_24099/1	gi|3048195103|emb|OZ297140.1|	99.265	136	1	0	2	137	132604	132739	1.58e-60	246	59297	N/A
72_8_1150_36808_3423/1	gi|3045267147|gb|PX049138.1|	100.000	136	0	0	2	137	104034	103899	3.40e-62	252	3454936	N/A
72_8_1150_36808_3423/1	gi|3045267147|gb|PX049138.1|	100.000	136	0	0	2	137	131400	131535	3.40e-62	252	3454936	N/A
72_8_1150_36808_3423/1	gi|3045267060|gb|PX049137.1|	100.000	136	0	0	2	137	104024	103889	3.40e-62	252	165317	N/A
72_8_1150_36808_3423/1	gi|3045267060|gb|PX049137.1|	100.000	136	0	0	2	137	131393	131528	3.40e-62	252	165317	N/A
72_8_1150_36808_3423/1	gi|3032662704|gb|PQ231107.1|	100.000	136	0	0	2	137	104286	104151	3.40e-62	252	572118	N/A
72_8_1150_36808_3423/1	gi|3032662704|gb|PQ231107.1|	100.000	136	0	0	2	137	131206	131341	3.40e-62	252	572118	N/A
72_8_1150_36808_3423/1	gi|3032662616|gb|PQ231106.1|	100.000	136	0	0	2	137	103803	103668	3.40e-62	252	694377	N/A
72_8_1150_36808_3423/1	gi|3032662616|gb|PQ231106.1|	100.000	136	0	0	2	137	130700	130835	3.40e-62	252	694377	N/A
72_8_1150_36808_3423/1	gi|3032662528|gb|PQ231105.1|	100.000	136	0	0	2	137	103821	103686	3.40e-62	252	694377	N/A
72_8_1150_36808_3423/1	gi|3032662528|gb|PQ231105.1|	100.000	136	0	0	2	137	130716	130851	3.40e-62	252	694377	N/A
72_8_2433_44779_8872/1	gi|2542044053|gb|CP129441.1|	100.000	136	0	0	2	137	13282040	13281905	3.40e-62	252	103481	N/A
72_8_2433_44779_8872/1	gi|2542044053|gb|CP129441.1|	99.265	136	1	0	2	137	41001327	41001462	1.58e-60	246	103481	N/A
72_8_2433_44779_8872/1	gi|3048443377|emb|OZ306171.1|	99.265	136	1	0	2	137	103326	103191	1.58e-60	246	481118	N/A
72_8_2433_44779_8872/1	gi|3048443377|emb|OZ306171.1|	99.265	136	1	0	2	137	130415	130550	1.58e-60	246	481118	N/A
72_8_2433_44779_8872/1	gi|3048443334|emb|OZ306286.1|	99.265	136	1	0	2	137	66578334	66578199	1.58e-60	246	78511	N/A
72_8_2433_44779_8872/1	gi|3048264046|emb|OZ297787.1|	99.265	136	1	0	2	137	107704	107569	1.58e-60	246	55318	N/A
72_8_2433_44779_8872/1	gi|3048264046|emb|OZ297787.1|	99.265	136	1	0	2	137	136097	136232	1.58e-60	246	55318	N/A
72_8_2433_44779_8872/1	gi|3048228106|emb|OZ297184.1|	99.265	136	1	0	2	137	108404	108269	1.58e-60	246	397083	N/A
72_8_2433_44779_8872/1	gi|3048228106|emb|OZ297184.1|	99.265	136	1	0	2	137	136875	137010	1.58e-60	246	397083	N/A
72_8_1410_31686_17277/1	gi|2830983252|gb|CP170844.1|	90.000	80	6	1	60	137	4083423	4083344	3.63e-17	102	573	N/A
72_8_1410_31686_17277/1	gi|2978724457|gb|PV611058.1|	91.935	62	1	3	60	118	295784	295844	1.31e-11	84.2	3421660	N/A
72_8_1410_31686_17277/1	gi|2978724457|gb|PV611058.1|	91.667	60	1	3	60	116	295321	295379	1.70e-10	80.5	3421660	N/A
72_8_1410_31686_17277/1	gi|2557643774|emb|OY673254.1|	95.652	46	2	0	60	105	21732	21777	7.91e-09	75.0	2697049	N/A
72_8_1410_31686_17277/1	gi|2463378371|dbj|AP027461.1|	95.652	46	2	0	60	105	1299632	1299677	7.91e-09	75.0	511145	N/A
72_8_1410_31686_17277/1	gi|2463378371|dbj|AP027461.1|	95.652	46	2	0	60	105	1628404	1628359	7.91e-09	75.0	511145	N/A
72_8_1410_31686_17277/1	gi|2155043183|emb|OV015804.1|	100.000	40	0	0	57	96	29950	29911	7.91e-09	75.0	2697049	N/A
72_8_1279_49464_19448/1	gi|2701785471|gb|OR911489.1|	100.000	136	0	0	2	137	1006	871	3.40e-62	252	185002	N/A
72_8_1279_49464_19448/1	gi|2701784733|gb|OR911481.1|	100.000	136	0	0	2	137	950	815	3.40e-62	252	39414	N/A
72_8_1279_49464_19448/1	gi|2288448399|gb|ON641301.1|	100.000	136	0	0	2	137	961	826	3.40e-62	252	185001	N/A
72_8_1279_49464_19448/1	gi|2050192570|gb|MW877583.1|	100.000	136	0	0	2	137	1007	872	3.40e-62	252	185002	N/A
72_8_1279_49464_19448/1	gi|2050192475|gb|MW877582.1|	100.000	136	0	0	2	137	950	815	3.40e-62	252	39414	N/A
72_8_1194_36622_15624/1	gi|2701785471|gb|OR911489.1|	100.000	136	0	0	2	137	1006	871	3.40e-62	252	185002	N/A
72_8_1194_36622_15624/1	gi|2701784733|gb|OR911481.1|	100.000	136	0	0	2	137	950	815	3.40e-62	252	39414	N/A
72_8_1194_36622_15624/1	gi|2288448399|gb|ON641301.1|	100.000	136	0	0	2	137	961	826	3.40e-62	252	185001	N/A
72_8_1194_36622_15624/1	gi|2050192570|gb|MW877583.1|	100.000	136	0	0	2	137	1007	872	3.40e-62	252	185002	N/A
72_8_1194_36622_15624/1	gi|2050192475|gb|MW877582.1|	100.000	136	0	0	2	137	950	815	3.40e-62	252	39414	N/A
72_8_2128_14635_21802/1	gi|2701784733|gb|OR911481.1|	100.000	136	0	0	2	137	33013	32878	3.40e-62	252	39414	N/A
72_8_2128_14635_21802/1	gi|2328376401|ref|NC_068049.1|	100.000	136	0	0	2	137	32999	32864	3.40e-62	252	39414	N/A
72_8_2128_14635_21802/1	gi|2288448399|gb|ON641301.1|	100.000	136	0	0	2	137	33215	33080	3.40e-62	252	185001	N/A
72_8_2128_14635_21802/1	gi|2050192475|gb|MW877582.1|	100.000	136	0	0	2	137	33012	32877	3.40e-62	252	39414	N/A
72_8_2128_14635_21802/1	gi|2050192381|gb|MW877581.1|	100.000	136	0	0	2	137	33141	33006	3.40e-62	252	185001	N/A
72_8_2275_12361_12739/1	gi|2813171436|gb|PQ325515.1|	100.000	136	0	0	2	137	100259	100124	3.40e-62	252	254027	N/A
72_8_2275_12361_12739/1	gi|2813171436|gb|PQ325515.1|	100.000	136	0	0	2	137	137179	137314	3.40e-62	252	254027	N/A
72_8_2275_12361_12739/1	gi|2805792360|gb|PQ124709.1|	100.000	136	0	0	2	137	99842	99977	3.40e-62	252	113209	N/A
72_8_2275_12361_12739/1	gi|2805792360|gb|PQ124709.1|	100.000	136	0	0	2	137	147892	147757	3.40e-62	252	113209	N/A
72_8_2275_12361_12739/1	gi|2805792263|gb|PQ124708.1|	100.000	136	0	0	2	137	99959	100094	3.40e-62	252	197811	N/A
72_8_2275_12361_12739/1	gi|2805792263|gb|PQ124708.1|	100.000	136	0	0	2	137	148047	147912	3.40e-62	252	197811	N/A
72_8_2275_12361_12739/1	gi|2805792167|gb|PQ124707.1|	100.000	136	0	0	2	137	99959	100094	3.40e-62	252	29818	N/A
72_8_2275_12361_12739/1	gi|2805792167|gb|PQ124707.1|	100.000	136	0	0	2	137	148047	147912	3.40e-62	252	29818	N/A
72_8_2275_12361_12739/1	gi|2805792070|gb|PQ124706.1|	100.000	136	0	0	2	137	99985	100120	3.40e-62	252	197796	N/A
72_8_2275_12361_12739/1	gi|2805792070|gb|PQ124706.1|	100.000	136	0	0	2	137	147980	147845	3.40e-62	252	197796	N/A
72_8_1102_1194_1953/1	gi|2805792360|gb|PQ124709.1|	100.000	129	0	0	2	130	97766	97638	2.65e-58	239	113209	N/A
72_8_1102_1194_1953/1	gi|2805792360|gb|PQ124709.1|	100.000	129	0	0	2	130	149968	150096	2.65e-58	239	113209	N/A
72_8_1102_1194_1953/1	gi|2805792263|gb|PQ124708.1|	100.000	129	0	0	2	130	97884	97756	2.65e-58	239	197811	N/A
72_8_1102_1194_1953/1	gi|2805792263|gb|PQ124708.1|	100.000	129	0	0	2	130	150122	150250	2.65e-58	239	197811	N/A
72_8_1102_1194_1953/1	gi|2805792167|gb|PQ124707.1|	100.000	129	0	0	2	130	97884	97756	2.65e-58	239	29818	N/A
72_8_1102_1194_1953/1	gi|2805792167|gb|PQ124707.1|	100.000	129	0	0	2	130	150122	150250	2.65e-58	239	29818	N/A
72_8_1102_1194_1953/1	gi|2805792070|gb|PQ124706.1|	100.000	129	0	0	2	130	97909	97781	2.65e-58	239	197796	N/A
72_8_1102_1194_1953/1	gi|2805792070|gb|PQ124706.1|	100.000	129	0	0	2	130	150056	150184	2.65e-58	239	197796	N/A
72_8_1102_1194_1953/1	gi|2724828596|ref|NC_088481.1|	100.000	129	0	0	2	130	97750	97622	2.65e-58	239	113209	N/A
72_8_1102_1194_1953/1	gi|2724828596|ref|NC_088481.1|	100.000	129	0	0	2	130	149957	150085	2.65e-58	239	113209	N/A
72_8_2287_9877_20541/1	gi|2701785471|gb|OR911489.1|	97.059	136	4	0	2	137	1006	871	1.59e-55	230	185002	N/A
72_8_2287_9877_20541/1	gi|2701784733|gb|OR911481.1|	97.059	136	4	0	2	137	950	815	1.59e-55	230	39414	N/A
72_8_2287_9877_20541/1	gi|2288448399|gb|ON641301.1|	97.059	136	4	0	2	137	961	826	1.59e-55	230	185001	N/A
72_8_2287_9877_20541/1	gi|2050192570|gb|MW877583.1|	97.059	136	4	0	2	137	1007	872	1.59e-55	230	185002	N/A
72_8_2287_9877_20541/1	gi|2050192475|gb|MW877582.1|	97.059	136	4	0	2	137	950	815	1.59e-55	230	39414	N/A
72_8_2185_14020_15890/1	gi|2781957548|emb|OZ125083.1|	94.231	52	3	0	2	53	3161977	3162028	1.70e-10	80.5	46032	N/A
72_8_2203_11415_29282/1	gi|2701784733|gb|OR911481.1|	100.000	136	0	0	2	137	33013	32878	3.40e-62	252	39414	N/A
72_8_2203_11415_29282/1	gi|2328376401|ref|NC_068049.1|	100.000	136	0	0	2	137	32999	32864	3.40e-62	252	39414	N/A
72_8_2203_11415_29282/1	gi|2288448399|gb|ON641301.1|	100.000	136	0	0	2	137	33215	33080	3.40e-62	252	185001	N/A
72_8_2203_11415_29282/1	gi|2050192475|gb|MW877582.1|	100.000	136	0	0	2	137	33012	32877	3.40e-62	252	39414	N/A
72_8_2203_11415_29282/1	gi|2050192381|gb|MW877581.1|	100.000	136	0	0	2	137	33141	33006	3.40e-62	252	185001	N/A
72_8_2374_8121_7976/1	gi|2724827940|ref|NC_088474.1|	100.000	136	0	0	2	137	16137	16272	3.40e-62	252	1439916	N/A
72_8_2374_8121_7976/1	gi|2701784733|gb|OR911481.1|	100.000	136	0	0	2	137	15917	16052	3.40e-62	252	39414	N/A
72_8_2374_8121_7976/1	gi|2724827759|ref|NC_088472.1|	100.000	136	0	0	2	137	16113	16248	3.40e-62	252	2675945	N/A
72_8_2374_8121_7976/1	gi|2724826836|ref|NC_088462.1|	100.000	136	0	0	2	137	16029	16164	3.40e-62	252	197793	N/A
72_8_2374_8121_7976/1	gi|2328376401|ref|NC_068049.1|	100.000	136	0	0	2	137	15908	16043	3.40e-62	252	39414	N/A
72_8_1209_47207_7023/1	gi|3048443377|emb|OZ306171.1|	100.000	136	0	0	2	137	103326	103191	3.40e-62	252	481118	N/A
72_8_1209_47207_7023/1	gi|3048443377|emb|OZ306171.1|	100.000	136	0	0	2	137	130415	130550	3.40e-62	252	481118	N/A
72_8_1209_47207_7023/1	gi|3048443334|emb|OZ306286.1|	100.000	136	0	0	2	137	66578334	66578199	3.40e-62	252	78511	N/A
72_8_1209_47207_7023/1	gi|3048264046|emb|OZ297787.1|	100.000	136	0	0	2	137	107704	107569	3.40e-62	252	55318	N/A
72_8_1209_47207_7023/1	gi|3048264046|emb|OZ297787.1|	100.000	136	0	0	2	137	136097	136232	3.40e-62	252	55318	N/A
72_8_1209_47207_7023/1	gi|3048228106|emb|OZ297184.1|	100.000	136	0	0	2	137	108404	108269	3.40e-62	252	397083	N/A
72_8_1209_47207_7023/1	gi|3048228106|emb|OZ297184.1|	100.000	136	0	0	2	137	136875	137010	3.40e-62	252	397083	N/A
72_8_1209_47207_7023/1	gi|3048195103|emb|OZ297140.1|	100.000	136	0	0	2	137	105960	105825	3.40e-62	252	59297	N/A
72_8_1209_47207_7023/1	gi|3048195103|emb|OZ297140.1|	100.000	136	0	0	2	137	132604	132739	3.40e-62	252	59297	N/A
72_8_2370_46446_16717/1	gi|2978724457|gb|PV611058.1|	89.362	94	8	2	46	137	295321	295414	1.30e-21	117	3421660	N/A
72_8_2370_46446_16717/1	gi|2978724457|gb|PV611058.1|	91.667	60	3	2	46	103	295784	295843	4.72e-11	82.4	3421660	N/A
72_8_2370_46446_16717/1	gi|2830983252|gb|CP170844.1|	85.263	95	10	3	46	137	4083423	4083330	6.07e-15	95.3	573	N/A
72_8_2370_46446_16717/1	gi|2557643774|emb|OY673254.1|	95.652	46	2	0	46	91	21732	21777	7.91e-09	75.0	2697049	N/A
72_8_2370_46446_16717/1	gi|780644672|ref|XM_011690559.1|	100.000	40	0	0	44	83	1036	1075	7.91e-09	75.0	64793	N/A
72_8_2370_46446_16717/1	gi|685049067|emb|LN597579.1|	100.000	40	0	0	41	80	1397	1436	7.91e-09	75.0	7962	N/A
72_8_2133_7660_25640/1	gi|1018275532|gb|CP015235.1|	96.992	133	4	0	5	137	1667082	1666950	7.42e-54	224	1051973	N/A
72_8_2133_7660_25640/1	gi|1017211286|gb|CP015220.1|	95.588	136	6	0	2	137	1810341	1810476	3.45e-52	219	1828	N/A
72_8_2133_7660_25640/1	gi|2866371031|gb|CP174458.1|	94.815	135	7	0	3	137	1786167	1786033	5.77e-50	211	1828	N/A
72_8_2335_9901_21816/1	gi|1040760067|gb|CP016171.1|	95.276	127	6	0	2	128	3365812	3365938	3.48e-47	202	463025	N/A
72_8_2335_9901_21816/1	gi|1390249357|gb|CP029343.1|	94.488	127	7	0	2	128	2773980	2774106	1.62e-45	196	945844	N/A
72_8_2335_9901_21816/1	gi|1335770838|gb|CP026124.1|	92.913	127	9	0	2	128	2636866	2636992	3.50e-42	185	1758194	N/A
72_8_1465_21627_14574/1	gi|2781957553|emb|OZ125088.1|	85.577	104	14	1	2	105	36293546	36293648	7.79e-19	108	46032	N/A
72_8_1465_21627_14574/1	gi|2928257069|emb|OZ241259.1|	100.000	29	0	0	103	131	42253605	42253577	0.010	54.7	4166	N/A
72_8_1465_21627_14574/1	gi|2928257035|emb|OZ241225.1|	100.000	29	0	0	103	131	40315502	40315474	0.010	54.7	4166	N/A
72_8_2242_43015_19098/1	gi|3048443377|emb|OZ306171.1|	100.000	136	0	0	2	137	103326	103191	3.40e-62	252	481118	N/A
72_8_2242_43015_19098/1	gi|3048443377|emb|OZ306171.1|	100.000	136	0	0	2	137	130415	130550	3.40e-62	252	481118	N/A
72_8_2242_43015_19098/1	gi|3048443334|emb|OZ306286.1|	100.000	136	0	0	2	137	66578334	66578199	3.40e-62	252	78511	N/A
72_8_2242_43015_19098/1	gi|3048264046|emb|OZ297787.1|	100.000	136	0	0	2	137	107704	107569	3.40e-62	252	55318	N/A
72_8_2242_43015_19098/1	gi|3048264046|emb|OZ297787.1|	100.000	136	0	0	2	137	136097	136232	3.40e-62	252	55318	N/A
72_8_2242_43015_19098/1	gi|3048228106|emb|OZ297184.1|	100.000	136	0	0	2	137	108404	108269	3.40e-62	252	397083	N/A
72_8_2242_43015_19098/1	gi|3048228106|emb|OZ297184.1|	100.000	136	0	0	2	137	136875	137010	3.40e-62	252	397083	N/A
72_8_2242_43015_19098/1	gi|3048195103|emb|OZ297140.1|	100.000	136	0	0	2	137	105960	105825	3.40e-62	252	59297	N/A
72_8_2242_43015_19098/1	gi|3048195103|emb|OZ297140.1|	100.000	136	0	0	2	137	132604	132739	3.40e-62	252	59297	N/A
72_8_1216_13608_5342/1	gi|3048443377|emb|OZ306171.1|	99.265	136	1	0	2	137	103326	103191	1.58e-60	246	481118	N/A
72_8_1216_13608_5342/1	gi|3048443377|emb|OZ306171.1|	99.265	136	1	0	2	137	130415	130550	1.58e-60	246	481118	N/A
72_8_1216_13608_5342/1	gi|3048443334|emb|OZ306286.1|	99.265	136	1	0	2	137	66578334	66578199	1.58e-60	246	78511	N/A
72_8_1216_13608_5342/1	gi|3048264046|emb|OZ297787.1|	99.265	136	1	0	2	137	107704	107569	1.58e-60	246	55318	N/A
72_8_1216_13608_5342/1	gi|3048264046|emb|OZ297787.1|	99.265	136	1	0	2	137	136097	136232	1.58e-60	246	55318	N/A
72_8_1216_13608_5342/1	gi|3048228106|emb|OZ297184.1|	99.265	136	1	0	2	137	108404	108269	1.58e-60	246	397083	N/A
72_8_1216_13608_5342/1	gi|3048228106|emb|OZ297184.1|	99.265	136	1	0	2	137	136875	137010	1.58e-60	246	397083	N/A
72_8_1216_13608_5342/1	gi|3048195103|emb|OZ297140.1|	99.265	136	1	0	2	137	105960	105825	1.58e-60	246	59297	N/A
72_8_1216_13608_5342/1	gi|3048195103|emb|OZ297140.1|	99.265	136	1	0	2	137	132604	132739	1.58e-60	246	59297	N/A
72_8_1206_11916_24155/1	gi|3045811490|gb|PX133153.1|	99.265	136	1	0	2	137	61802	61937	1.58e-60	246	691774	N/A
72_8_1206_11916_24155/1	gi|3045811376|gb|PX133145.1|	99.265	136	1	0	2	137	51472	51337	1.58e-60	246	41911	N/A
72_8_1206_11916_24155/1	gi|3045267147|gb|PX049138.1|	99.265	136	1	0	2	137	83614	83749	1.58e-60	246	3454936	N/A
72_8_1206_11916_24155/1	gi|3045267147|gb|PX049138.1|	99.265	136	1	0	2	137	151820	151685	1.58e-60	246	3454936	N/A
72_8_1206_11916_24155/1	gi|3045267060|gb|PX049137.1|	99.265	136	1	0	2	137	83610	83745	1.58e-60	246	165317	N/A
72_8_1206_11916_24155/1	gi|3045267060|gb|PX049137.1|	99.265	136	1	0	2	137	151807	151672	1.58e-60	246	165317	N/A
72_8_1206_11916_24155/1	gi|3032662616|gb|PQ231106.1|	99.265	136	1	0	2	137	83270	83405	1.58e-60	246	694377	N/A
72_8_1206_11916_24155/1	gi|3032662616|gb|PQ231106.1|	99.265	136	1	0	2	137	151233	151098	1.58e-60	246	694377	N/A
72_8_1460_28247_6337/1	gi|2724827940|ref|NC_088474.1|	100.000	136	0	0	2	137	16137	16272	3.40e-62	252	1439916	N/A
72_8_1460_28247_6337/1	gi|2701784733|gb|OR911481.1|	100.000	136	0	0	2	137	15917	16052	3.40e-62	252	39414	N/A
72_8_1460_28247_6337/1	gi|2724827759|ref|NC_088472.1|	100.000	136	0	0	2	137	16113	16248	3.40e-62	252	2675945	N/A
72_8_1460_28247_6337/1	gi|2724826836|ref|NC_088462.1|	100.000	136	0	0	2	137	16029	16164	3.40e-62	252	197793	N/A
72_8_1460_28247_6337/1	gi|2328376401|ref|NC_068049.1|	100.000	136	0	0	2	137	15908	16043	3.40e-62	252	39414	N/A
72_8_2144_46268_16493/1	gi|3020189716|emb|OZ282507.1|	98.529	136	2	0	2	137	34779830	34779965	7.37e-59	241	28540	N/A
72_8_2144_46268_16493/1	gi|2565976843|emb|OY725331.1|	98.529	136	2	0	2	137	50647270	50647405	7.37e-59	241	486065	N/A
72_8_2144_46268_16493/1	gi|2565976843|emb|OY725331.1|	97.794	136	3	0	2	137	49980959	49980824	3.43e-57	235	486065	N/A
72_8_2144_46268_16493/1	gi|2565976843|emb|OY725331.1|	97.794	136	3	0	2	137	50019956	50019821	3.43e-57	235	486065	N/A
72_8_2144_46268_16493/1	gi|2565976843|emb|OY725331.1|	97.794	136	3	0	2	137	50033203	50033068	3.43e-57	235	486065	N/A
72_8_2144_46268_16493/1	gi|2565976843|emb|OY725331.1|	97.794	136	3	0	2	137	50048185	50048050	3.43e-57	235	486065	N/A
72_8_2144_46268_16493/1	gi|2565976843|emb|OY725331.1|	97.794	136	3	0	2	137	50062370	50062235	3.43e-57	235	486065	N/A
72_8_2144_46268_16493/1	gi|2565976843|emb|OY725331.1|	97.794	136	3	0	2	137	50077976	50077841	3.43e-57	235	486065	N/A
72_8_2144_46268_16493/1	gi|2565976843|emb|OY725331.1|	97.794	136	3	0	2	137	50090858	50090723	3.43e-57	235	486065	N/A
72_8_2144_46268_16493/1	gi|2565976843|emb|OY725331.1|	97.794	136	3	0	2	137	50098578	50098443	3.43e-57	235	486065	N/A
72_8_2144_46268_16493/1	gi|2565976843|emb|OY725331.1|	97.794	136	3	0	2	137	50112974	50112839	3.43e-57	235	486065	N/A
72_8_2144_46268_16493/1	gi|2565976843|emb|OY725331.1|	97.794	136	3	0	2	137	50139913	50139778	3.43e-57	235	486065	N/A
72_8_2144_46268_16493/1	gi|2565976843|emb|OY725331.1|	97.794	136	3	0	2	137	50151183	50151048	3.43e-57	235	486065	N/A
72_8_2144_46268_16493/1	gi|2565976843|emb|OY725331.1|	97.794	136	3	0	2	137	50162194	50162059	3.43e-57	235	486065	N/A
72_8_2144_46268_16493/1	gi|2565976843|emb|OY725331.1|	97.794	136	3	0	2	137	50185267	50185402	3.43e-57	235	486065	N/A
72_8_2144_46268_16493/1	gi|2565976843|emb|OY725331.1|	97.794	136	3	0	2	137	50199026	50199161	3.43e-57	235	486065	N/A
72_8_2144_46268_16493/1	gi|2565976843|emb|OY725331.1|	97.794	136	3	0	2	137	50223209	50223344	3.43e-57	235	486065	N/A
72_8_2144_46268_16493/1	gi|2565976843|emb|OY725331.1|	97.794	136	3	0	2	137	50236902	50237037	3.43e-57	235	486065	N/A
72_8_2144_46268_16493/1	gi|2565976843|emb|OY725331.1|	97.794	136	3	0	2	137	50248308	50248443	3.43e-57	235	486065	N/A
72_8_2144_46268_16493/1	gi|2565976843|emb|OY725331.1|	97.794	136	3	0	2	137	50265410	50265275	3.43e-57	235	486065	N/A
72_8_2144_46268_16493/1	gi|2565976843|emb|OY725331.1|	97.794	136	3	0	2	137	50279318	50279183	3.43e-57	235	486065	N/A
72_8_2144_46268_16493/1	gi|2565976843|emb|OY725331.1|	97.794	136	3	0	2	137	50293478	50293613	3.43e-57	235	486065	N/A
72_8_2144_46268_16493/1	gi|2565976843|emb|OY725331.1|	97.794	136	3	0	2	137	50306706	50306841	3.43e-57	235	486065	N/A
72_8_2144_46268_16493/1	gi|2565976843|emb|OY725331.1|	97.794	136	3	0	2	137	50318259	50318394	3.43e-57	235	486065	N/A
72_8_2144_46268_16493/1	gi|2565976843|emb|OY725331.1|	97.794	136	3	0	2	137	50331517	50331652	3.43e-57	235	486065	N/A
72_8_2144_46268_16493/1	gi|2565976843|emb|OY725331.1|	97.794	136	3	0	2	137	50343070	50343205	3.43e-57	235	486065	N/A
72_8_2144_46268_16493/1	gi|2565976843|emb|OY725331.1|	97.794	136	3	0	2	137	50350897	50351032	3.43e-57	235	486065	N/A
72_8_2144_46268_16493/1	gi|2565976843|emb|OY725331.1|	97.794	136	3	0	2	137	50364155	50364290	3.43e-57	235	486065	N/A
72_8_2144_46268_16493/1	gi|2565976843|emb|OY725331.1|	97.794	136	3	0	2	137	50379588	50379723	3.43e-57	235	486065	N/A
72_8_2144_46268_16493/1	gi|2565976843|emb|OY725331.1|	97.794	136	3	0	2	137	50392966	50393101	3.43e-57	235	486065	N/A
72_8_2144_46268_16493/1	gi|2565976843|emb|OY725331.1|	97.794	136	3	0	2	137	50404080	50404215	3.43e-57	235	486065	N/A
72_8_2144_46268_16493/1	gi|2565976843|emb|OY725331.1|	97.794	136	3	0	2	137	50417112	50417247	3.43e-57	235	486065	N/A
72_8_2144_46268_16493/1	gi|2565976843|emb|OY725331.1|	97.794	136	3	0	2	137	50432515	50432650	3.43e-57	235	486065	N/A
72_8_2144_46268_16493/1	gi|2565976843|emb|OY725331.1|	97.794	136	3	0	2	137	50445888	50446023	3.43e-57	235	486065	N/A
72_8_2144_46268_16493/1	gi|2565976843|emb|OY725331.1|	97.794	136	3	0	2	137	50459266	50459401	3.43e-57	235	486065	N/A
72_8_2144_46268_16493/1	gi|2565976843|emb|OY725331.1|	97.794	136	3	0	2	137	50470952	50471087	3.43e-57	235	486065	N/A
72_8_2144_46268_16493/1	gi|2565976843|emb|OY725331.1|	97.794	136	3	0	2	137	50491736	50491871	3.43e-57	235	486065	N/A
72_8_2144_46268_16493/1	gi|2565976843|emb|OY725331.1|	97.794	136	3	0	2	137	50502118	50502253	3.43e-57	235	486065	N/A
72_8_2144_46268_16493/1	gi|2565976843|emb|OY725331.1|	97.794	136	3	0	2	137	50516499	50516634	3.43e-57	235	486065	N/A
72_8_2144_46268_16493/1	gi|2565976843|emb|OY725331.1|	97.794	136	3	0	2	137	50543838	50543973	3.43e-57	235	486065	N/A
72_8_2144_46268_16493/1	gi|2565976843|emb|OY725331.1|	97.794	136	3	0	2	137	50555962	50556097	3.43e-57	235	486065	N/A
72_8_2144_46268_16493/1	gi|2565976843|emb|OY725331.1|	97.794	136	3	0	2	137	50570057	50570192	3.43e-57	235	486065	N/A
72_8_2144_46268_16493/1	gi|2565976843|emb|OY725331.1|	97.794	136	3	0	2	137	50583472	50583607	3.43e-57	235	486065	N/A
72_8_2144_46268_16493/1	gi|2565976843|emb|OY725331.1|	97.794	136	3	0	2	137	50595751	50595886	3.43e-57	235	486065	N/A
72_8_2144_46268_16493/1	gi|2565976843|emb|OY725331.1|	97.794	136	3	0	2	137	50608783	50608918	3.43e-57	235	486065	N/A
72_8_2144_46268_16493/1	gi|2565976843|emb|OY725331.1|	97.794	136	3	0	2	137	50621083	50621218	3.43e-57	235	486065	N/A
72_8_2144_46268_16493/1	gi|2565976843|emb|OY725331.1|	97.794	136	3	0	2	137	50635601	50635736	3.43e-57	235	486065	N/A
72_8_2144_46268_16493/1	gi|2565976843|emb|OY725331.1|	97.794	136	3	0	2	137	50653879	50654014	3.43e-57	235	486065	N/A
72_8_2144_46268_16493/1	gi|2565976843|emb|OY725331.1|	97.794	136	3	0	2	137	50667658	50667793	3.43e-57	235	486065	N/A
72_8_2144_46268_16493/1	gi|2565976843|emb|OY725331.1|	97.794	136	3	0	2	137	50681778	50681913	3.43e-57	235	486065	N/A
72_8_2144_46268_16493/1	gi|2565976843|emb|OY725331.1|	97.794	136	3	0	2	137	50709336	50709471	3.43e-57	235	486065	N/A
72_8_2144_46268_16493/1	gi|2565976843|emb|OY725331.1|	97.794	136	3	0	2	137	50723621	50723756	3.43e-57	235	486065	N/A
72_8_2144_46268_16493/1	gi|2565976843|emb|OY725331.1|	97.794	136	3	0	2	137	50739356	50739221	3.43e-57	235	486065	N/A
72_8_2144_46268_16493/1	gi|2565976843|emb|OY725331.1|	97.794	136	3	0	2	137	50751097	50750962	3.43e-57	235	486065	N/A
72_8_2144_46268_16493/1	gi|2565976843|emb|OY725331.1|	97.794	136	3	0	2	137	50763520	50763385	3.43e-57	235	486065	N/A
72_8_2144_46268_16493/1	gi|2565976843|emb|OY725331.1|	97.794	136	3	0	2	137	50775260	50775125	3.43e-57	235	486065	N/A
72_8_2144_46268_16493/1	gi|2565976843|emb|OY725331.1|	97.794	136	3	0	2	137	50786319	50786184	3.43e-57	235	486065	N/A
72_8_2144_46268_16493/1	gi|2565976843|emb|OY725331.1|	97.794	136	3	0	2	137	50798059	50797924	3.43e-57	235	486065	N/A
72_8_2144_46268_16493/1	gi|2565976843|emb|OY725331.1|	97.794	136	3	0	2	137	50800695	50800560	3.43e-57	235	486065	N/A
72_8_2144_46268_16493/1	gi|2565976843|emb|OY725331.1|	97.794	136	3	0	2	137	50813836	50813701	3.43e-57	235	486065	N/A
72_8_2144_46268_16493/1	gi|2565976843|emb|OY725331.1|	97.794	136	3	0	2	137	50826208	50826073	3.43e-57	235	486065	N/A
72_8_2144_46268_16493/1	gi|2565976843|emb|OY725331.1|	97.794	136	3	0	2	137	50839639	50839504	3.43e-57	235	486065	N/A
72_8_2144_46268_16493/1	gi|2565976843|emb|OY725331.1|	97.794	136	3	0	2	137	50853418	50853283	3.43e-57	235	486065	N/A
72_8_2144_46268_16493/1	gi|2565976843|emb|OY725331.1|	97.794	136	3	0	2	137	50864810	50864675	3.43e-57	235	486065	N/A
72_8_2144_46268_16493/1	gi|2565976843|emb|OY725331.1|	97.794	136	3	0	2	137	50878589	50878454	3.43e-57	235	486065	N/A
72_8_2144_46268_16493/1	gi|2565976843|emb|OY725331.1|	97.794	136	3	0	2	137	50882774	50882639	3.43e-57	235	486065	N/A
72_8_2144_46268_16493/1	gi|2565976843|emb|OY725331.1|	97.794	136	3	0	2	137	50896518	50896383	3.43e-57	235	486065	N/A
72_8_2144_46268_16493/1	gi|2565976843|emb|OY725331.1|	97.794	136	3	0	2	137	50909831	50909696	3.43e-57	235	486065	N/A
72_8_2144_46268_16493/1	gi|2565976843|emb|OY725331.1|	97.794	136	3	0	2	137	50920919	50920784	3.43e-57	235	486065	N/A
72_8_2144_46268_16493/1	gi|2565976843|emb|OY725331.1|	97.794	136	3	0	2	137	50934232	50934097	3.43e-57	235	486065	N/A
72_8_2144_46268_16493/1	gi|2565976843|emb|OY725331.1|	97.794	136	3	0	2	137	50945502	50945367	3.43e-57	235	486065	N/A
72_8_2144_46268_16493/1	gi|2565976843|emb|OY725331.1|	97.794	136	3	0	2	137	50950506	50950641	3.43e-57	235	486065	N/A
72_8_2144_46268_16493/1	gi|2565976843|emb|OY725331.1|	97.794	136	3	0	2	137	50963777	50963912	3.43e-57	235	486065	N/A
72_8_2144_46268_16493/1	gi|2565976843|emb|OY725331.1|	97.794	136	3	0	2	137	50975185	50975320	3.43e-57	235	486065	N/A
72_8_2144_46268_16493/1	gi|2565976843|emb|OY725331.1|	97.794	136	3	0	2	137	50986600	50986735	3.43e-57	235	486065	N/A
72_8_2144_46268_16493/1	gi|2565976843|emb|OY725331.1|	97.794	136	3	0	2	137	51000642	51000777	3.43e-57	235	486065	N/A
72_8_2144_46268_16493/1	gi|2565976843|emb|OY725331.1|	97.794	136	3	0	2	137	51013400	51013535	3.43e-57	235	486065	N/A
72_8_2144_46268_16493/1	gi|2565976843|emb|OY725331.1|	97.794	136	3	0	2	137	51032158	51032023	3.43e-57	235	486065	N/A
72_8_2144_46268_16493/1	gi|2565976843|emb|OY725331.1|	97.794	136	3	0	2	137	51044030	51043895	3.43e-57	235	486065	N/A
72_8_2144_46268_16493/1	gi|2565976843|emb|OY725331.1|	97.794	136	3	0	2	137	51056918	51056783	3.43e-57	235	486065	N/A
72_8_2144_46268_16493/1	gi|2565976843|emb|OY725331.1|	97.794	136	3	0	2	137	51069347	51069212	3.43e-57	235	486065	N/A
72_8_2144_46268_16493/1	gi|2565976843|emb|OY725331.1|	97.794	136	3	0	2	137	51080753	51080618	3.43e-57	235	486065	N/A
72_8_2144_46268_16493/1	gi|2565976843|emb|OY725331.1|	97.794	136	3	0	2	137	51094157	51094022	3.43e-57	235	486065	N/A
72_8_2144_46268_16493/1	gi|2565976843|emb|OY725331.1|	97.794	136	3	0	2	137	51106975	51106840	3.43e-57	235	486065	N/A
72_8_2144_46268_16493/1	gi|2565976843|emb|OY725331.1|	97.794	136	3	0	2	137	51121891	51121756	3.43e-57	235	486065	N/A
72_8_2144_46268_16493/1	gi|2565976843|emb|OY725331.1|	97.794	136	3	0	2	137	51136106	51135971	3.43e-57	235	486065	N/A
72_8_2144_46268_16493/1	gi|2565976843|emb|OY725331.1|	97.794	136	3	0	2	137	51148992	51148857	3.43e-57	235	486065	N/A
72_8_2144_46268_16493/1	gi|2565976843|emb|OY725331.1|	97.794	136	3	0	2	137	51161269	51161134	3.43e-57	235	486065	N/A
72_8_2144_46268_16493/1	gi|2565976843|emb|OY725331.1|	97.794	136	3	0	2	137	51174597	51174462	3.43e-57	235	486065	N/A
72_8_2144_46268_16493/1	gi|2565976843|emb|OY725331.1|	97.794	136	3	0	2	137	51177589	51177454	3.43e-57	235	486065	N/A
72_8_2144_46268_16493/1	gi|2565976843|emb|OY725331.1|	97.794	136	3	0	2	137	51189330	51189195	3.43e-57	235	486065	N/A
72_8_2144_46268_16493/1	gi|2565976843|emb|OY725331.1|	97.794	136	3	0	2	137	51201071	51200936	3.43e-57	235	486065	N/A
72_8_2144_46268_16493/1	gi|2565976843|emb|OY725331.1|	97.794	136	3	0	2	137	51212812	51212677	3.43e-57	235	486065	N/A
72_8_2144_46268_16493/1	gi|2565976843|emb|OY725331.1|	97.794	136	3	0	2	137	51224477	51224342	3.43e-57	235	486065	N/A
72_8_2144_46268_16493/1	gi|2565976843|emb|OY725331.1|	97.794	136	3	0	2	137	51236218	51236083	3.43e-57	235	486065	N/A
72_8_2144_46268_16493/1	gi|2565976843|emb|OY725331.1|	97.794	136	3	0	2	137	51266290	51266155	3.43e-57	235	486065	N/A
72_8_2144_46268_16493/1	gi|2565976843|emb|OY725331.1|	97.794	136	3	0	2	137	51279659	51279524	3.43e-57	235	486065	N/A
72_8_2144_46268_16493/1	gi|2565976843|emb|OY725331.1|	97.794	136	3	0	2	137	51293382	51293247	3.43e-57	235	486065	N/A
72_8_2144_46268_16493/1	gi|2565976843|emb|OY725331.1|	97.794	136	3	0	2	137	51307305	51307170	3.43e-57	235	486065	N/A
72_8_2144_46268_16493/1	gi|2565976843|emb|OY725331.1|	97.794	136	3	0	2	137	51320345	51320210	3.43e-57	235	486065	N/A
72_8_2144_46268_16493/1	gi|2565976843|emb|OY725331.1|	97.794	136	3	0	2	137	51332538	51332403	3.43e-57	235	486065	N/A
72_8_2144_46268_16493/1	gi|2565976843|emb|OY725331.1|	97.794	136	3	0	2	137	51343943	51343808	3.43e-57	235	486065	N/A
72_8_2144_46268_16493/1	gi|2565976843|emb|OY725331.1|	97.794	136	3	0	2	137	51358149	51358014	3.43e-57	235	486065	N/A
72_8_2144_46268_16493/1	gi|2565976843|emb|OY725331.1|	97.794	136	3	0	2	137	51367092	51366957	3.43e-57	235	486065	N/A
72_8_2144_46268_16493/1	gi|2565976843|emb|OY725331.1|	97.794	136	3	0	2	137	51386498	51386363	3.43e-57	235	486065	N/A
72_8_2144_46268_16493/1	gi|2565976843|emb|OY725331.1|	97.794	136	3	0	2	137	51397378	51397243	3.43e-57	235	486065	N/A
72_8_2144_46268_16493/1	gi|2565976843|emb|OY725331.1|	97.794	136	3	0	2	137	51414397	51414262	3.43e-57	235	486065	N/A
72_8_2144_46268_16493/1	gi|2565976843|emb|OY725331.1|	97.794	136	3	0	2	137	51425788	51425653	3.43e-57	235	486065	N/A
72_8_2144_46268_16493/1	gi|2565976843|emb|OY725331.1|	97.794	136	3	0	2	137	51441783	51441648	3.43e-57	235	486065	N/A
72_8_2144_46268_16493/1	gi|2565976843|emb|OY725331.1|	97.794	136	3	0	2	137	51452663	51452528	3.43e-57	235	486065	N/A
72_8_2144_46268_16493/1	gi|2565976843|emb|OY725331.1|	97.794	136	3	0	2	137	51472069	51471934	3.43e-57	235	486065	N/A
72_8_2144_46268_16493/1	gi|2565976843|emb|OY725331.1|	97.794	136	3	0	2	137	51480410	51480275	3.43e-57	235	486065	N/A
72_8_2144_46268_16493/1	gi|2565976843|emb|OY725331.1|	97.794	136	3	0	2	137	51493425	51493290	3.43e-57	235	486065	N/A
72_8_2144_46268_16493/1	gi|2565976843|emb|OY725331.1|	97.794	136	3	0	2	137	51505930	51505795	3.43e-57	235	486065	N/A
72_8_2144_46268_16493/1	gi|2565976843|emb|OY725331.1|	97.794	136	3	0	2	137	51517721	51517586	3.43e-57	235	486065	N/A
72_8_2144_46268_16493/1	gi|2565976843|emb|OY725331.1|	97.794	136	3	0	2	137	51531102	51530967	3.43e-57	235	486065	N/A
72_8_2144_46268_16493/1	gi|2565976843|emb|OY725331.1|	97.794	136	3	0	2	137	51542893	51542758	3.43e-57	235	486065	N/A
72_8_2144_46268_16493/1	gi|2565976843|emb|OY725331.1|	97.794	136	3	0	2	137	51554395	51554260	3.43e-57	235	486065	N/A
72_8_2144_46268_16493/1	gi|2565976843|emb|OY725331.1|	97.794	136	3	0	2	137	51565589	51565454	3.43e-57	235	486065	N/A
72_8_2144_46268_16493/1	gi|2565976843|emb|OY725331.1|	97.794	136	3	0	2	137	51576279	51576144	3.43e-57	235	486065	N/A
72_8_2144_46268_16493/1	gi|2565976843|emb|OY725331.1|	97.794	136	3	0	2	137	51597317	51597182	3.43e-57	235	486065	N/A
72_8_2144_46268_16493/1	gi|2565976843|emb|OY725331.1|	97.794	136	3	0	2	137	51611094	51610959	3.43e-57	235	486065	N/A
72_8_2144_46268_16493/1	gi|2565976843|emb|OY725331.1|	97.794	136	3	0	2	137	51621934	51621799	3.43e-57	235	486065	N/A
72_8_2144_46268_16493/1	gi|2565976843|emb|OY725331.1|	97.794	136	3	0	2	137	51633786	51633651	3.43e-57	235	486065	N/A
72_8_2144_46268_16493/1	gi|2565976843|emb|OY725331.1|	97.794	136	3	0	2	137	51646205	51646070	3.43e-57	235	486065	N/A
72_8_2144_46268_16493/1	gi|2565976843|emb|OY725331.1|	97.794	136	3	0	2	137	51686919	51686784	3.43e-57	235	486065	N/A
72_8_2144_46268_16493/1	gi|2565976843|emb|OY725331.1|	97.794	136	3	0	2	137	51702937	51702802	3.43e-57	235	486065	N/A
72_8_2144_46268_16493/1	gi|2565976843|emb|OY725331.1|	97.794	136	3	0	2	137	51716887	51716752	3.43e-57	235	486065	N/A
72_8_2144_46268_16493/1	gi|2565976843|emb|OY725331.1|	97.794	136	3	0	2	137	51731885	51731750	3.43e-57	235	486065	N/A
72_8_2144_46268_16493/1	gi|2565976843|emb|OY725331.1|	97.794	136	3	0	2	137	51745166	51745031	3.43e-57	235	486065	N/A
72_8_2144_46268_16493/1	gi|2565976843|emb|OY725331.1|	97.794	136	3	0	2	137	51759115	51758980	3.43e-57	235	486065	N/A
72_8_2144_46268_16493/1	gi|2565976843|emb|OY725331.1|	97.794	136	3	0	2	137	51769857	51769722	3.43e-57	235	486065	N/A
72_8_2144_46268_16493/1	gi|2565976843|emb|OY725331.1|	97.794	136	3	0	2	137	51784869	51784734	3.43e-57	235	486065	N/A
72_8_2144_46268_16493/1	gi|2565976843|emb|OY725331.1|	97.794	136	3	0	2	137	51799793	51799658	3.43e-57	235	486065	N/A
72_8_2144_46268_16493/1	gi|2565976843|emb|OY725331.1|	97.794	136	3	0	2	137	51812679	51812544	3.43e-57	235	486065	N/A
72_8_2144_46268_16493/1	gi|2565976843|emb|OY725331.1|	97.794	136	3	0	2	137	51825840	51825705	3.43e-57	235	486065	N/A
72_8_2144_46268_16493/1	gi|2565976843|emb|OY725331.1|	97.794	136	3	0	2	137	51839795	51839660	3.43e-57	235	486065	N/A
72_8_2144_46268_16493/1	gi|2565976843|emb|OY725331.1|	97.794	136	3	0	2	137	51853022	51852887	3.43e-57	235	486065	N/A
72_8_2144_46268_16493/1	gi|2565976843|emb|OY725331.1|	97.794	136	3	0	2	137	51867285	51867150	3.43e-57	235	486065	N/A
72_8_2144_46268_16493/1	gi|2565976843|emb|OY725331.1|	97.794	136	3	0	2	137	51880706	51880571	3.43e-57	235	486065	N/A
72_8_2144_46268_16493/1	gi|2565976843|emb|OY725331.1|	97.794	136	3	0	2	137	51894458	51894323	3.43e-57	235	486065	N/A
72_8_2144_46268_16493/1	gi|2565976843|emb|OY725331.1|	97.794	136	3	0	2	137	51908210	51908075	3.43e-57	235	486065	N/A
72_8_2144_46268_16493/1	gi|2565976843|emb|OY725331.1|	97.794	136	3	0	2	137	51936578	51936443	3.43e-57	235	486065	N/A
72_8_2144_46268_16493/1	gi|2565976843|emb|OY725331.1|	97.794	136	3	0	2	137	51949225	51949090	3.43e-57	235	486065	N/A
72_8_2144_46268_16493/1	gi|2565976843|emb|OY725331.1|	97.794	136	3	0	2	137	51974706	51974571	3.43e-57	235	486065	N/A
72_8_2144_46268_16493/1	gi|2565976843|emb|OY725331.1|	97.794	136	3	0	2	137	51989874	51989739	3.43e-57	235	486065	N/A
72_8_2144_46268_16493/1	gi|2565976843|emb|OY725331.1|	97.794	136	3	0	2	137	52005042	52004907	3.43e-57	235	486065	N/A
72_8_2144_46268_16493/1	gi|2565976843|emb|OY725331.1|	97.794	136	3	0	2	137	52020528	52020393	3.43e-57	235	486065	N/A
72_8_2144_46268_16493/1	gi|2565976843|emb|OY725331.1|	97.794	136	3	0	2	137	52036420	52036285	3.43e-57	235	486065	N/A
72_8_2144_46268_16493/1	gi|2565976843|emb|OY725331.1|	97.794	136	3	0	2	137	52049743	52049608	3.43e-57	235	486065	N/A
72_8_2144_46268_16493/1	gi|2565976843|emb|OY725331.1|	97.794	136	3	0	2	137	52063976	52063841	3.43e-57	235	486065	N/A
72_8_2144_46268_16493/1	gi|2565976843|emb|OY725331.1|	97.794	136	3	0	2	137	52079502	52079367	3.43e-57	235	486065	N/A
72_8_2144_46268_16493/1	gi|2565976843|emb|OY725331.1|	97.794	136	3	0	2	137	52092700	52092565	3.43e-57	235	486065	N/A
72_8_2144_46268_16493/1	gi|2565976843|emb|OY725331.1|	97.794	136	3	0	2	137	52104977	52104842	3.43e-57	235	486065	N/A
72_8_2144_46268_16493/1	gi|2565976843|emb|OY725331.1|	97.794	136	3	0	2	137	52118528	52118393	3.43e-57	235	486065	N/A
72_8_2144_46268_16493/1	gi|2565976843|emb|OY725331.1|	97.794	136	3	0	2	137	52132510	52132375	3.43e-57	235	486065	N/A
72_8_2144_46268_16493/1	gi|2565976843|emb|OY725331.1|	97.794	136	3	0	2	137	52146671	52146536	3.43e-57	235	486065	N/A
72_8_2144_46268_16493/1	gi|2565976843|emb|OY725331.1|	97.794	136	3	0	2	137	52159862	52159727	3.43e-57	235	486065	N/A
72_8_2144_46268_16493/1	gi|2565976843|emb|OY725331.1|	97.794	136	3	0	2	137	52173393	52173258	3.43e-57	235	486065	N/A
72_8_2144_46268_16493/1	gi|2565976843|emb|OY725331.1|	97.794	136	3	0	2	137	52187106	52186971	3.43e-57	235	486065	N/A
72_8_2144_46268_16493/1	gi|2565976843|emb|OY725331.1|	97.794	136	3	0	2	137	52200497	52200362	3.43e-57	235	486065	N/A
72_8_2144_46268_16493/1	gi|2565976843|emb|OY725331.1|	97.794	136	3	0	2	137	52213302	52213167	3.43e-57	235	486065	N/A
72_8_2144_46268_16493/1	gi|2565976843|emb|OY725331.1|	97.794	136	3	0	2	137	52226693	52226558	3.43e-57	235	486065	N/A
72_8_2144_46268_16493/1	gi|2565976843|emb|OY725331.1|	97.794	136	3	0	2	137	52239922	52239787	3.43e-57	235	486065	N/A
72_8_2144_46268_16493/1	gi|2565976843|emb|OY725331.1|	97.794	136	3	0	2	137	52253826	52253691	3.43e-57	235	486065	N/A
72_8_2144_46268_16493/1	gi|2565976843|emb|OY725331.1|	97.794	136	3	0	2	137	52267730	52267595	3.43e-57	235	486065	N/A
72_8_2144_46268_16493/1	gi|2565976843|emb|OY725331.1|	97.794	136	3	0	2	137	52280270	52280135	3.43e-57	235	486065	N/A
72_8_2144_46268_16493/1	gi|2565976843|emb|OY725331.1|	97.794	136	3	0	2	137	52289779	52289644	3.43e-57	235	486065	N/A
72_8_2144_46268_16493/1	gi|2565976843|emb|OY725331.1|	97.794	136	3	0	2	137	52303111	52302976	3.43e-57	235	486065	N/A
72_8_2144_46268_16493/1	gi|2565976843|emb|OY725331.1|	97.794	136	3	0	2	137	52316443	52316308	3.43e-57	235	486065	N/A
72_8_2144_46268_16493/1	gi|2565976843|emb|OY725331.1|	97.794	136	3	0	2	137	52328315	52328180	3.43e-57	235	486065	N/A
72_8_2144_46268_16493/1	gi|2565976843|emb|OY725331.1|	97.794	136	3	0	2	137	52341667	52341532	3.43e-57	235	486065	N/A
72_8_2144_46268_16493/1	gi|2565976843|emb|OY725331.1|	97.794	136	3	0	2	137	52355393	52355258	3.43e-57	235	486065	N/A
72_8_2144_46268_16493/1	gi|2565976843|emb|OY725331.1|	97.794	136	3	0	2	137	52369888	52369753	3.43e-57	235	486065	N/A
72_8_2144_46268_16493/1	gi|2565976843|emb|OY725331.1|	97.794	136	3	0	2	137	52386429	52386294	3.43e-57	235	486065	N/A
72_8_2144_46268_16493/1	gi|2565976843|emb|OY725331.1|	97.794	136	3	0	2	137	52404778	52404643	3.43e-57	235	486065	N/A
72_8_2144_46268_16493/1	gi|2565976843|emb|OY725331.1|	97.794	136	3	0	2	137	52423495	52423360	3.43e-57	235	486065	N/A
72_8_2144_46268_16493/1	gi|2565976843|emb|OY725331.1|	97.794	136	3	0	2	137	52434375	52434240	3.43e-57	235	486065	N/A
72_8_2144_46268_16493/1	gi|2565976843|emb|OY725331.1|	97.794	136	3	0	2	137	52446482	52446347	3.43e-57	235	486065	N/A
72_8_2144_46268_16493/1	gi|2565976843|emb|OY725331.1|	97.794	136	3	0	2	137	52456836	52456701	3.43e-57	235	486065	N/A
72_8_2144_46268_16493/1	gi|2565976843|emb|OY725331.1|	97.794	136	3	0	2	137	52472886	52472751	3.43e-57	235	486065	N/A
72_8_2144_46268_16493/1	gi|2565976843|emb|OY725331.1|	97.794	136	3	0	2	137	52483838	52483703	3.43e-57	235	486065	N/A
72_8_2144_46268_16493/1	gi|2565976843|emb|OY725331.1|	97.794	136	3	0	2	137	52505314	52505179	3.43e-57	235	486065	N/A
72_8_2144_46268_16493/1	gi|2565976843|emb|OY725331.1|	97.794	136	3	0	2	137	52517495	52517360	3.43e-57	235	486065	N/A
72_8_2144_46268_16493/1	gi|2565976843|emb|OY725331.1|	97.794	136	3	0	2	137	52530661	52530526	3.43e-57	235	486065	N/A
72_8_2144_46268_16493/1	gi|2565976843|emb|OY725331.1|	97.794	136	3	0	2	137	52543339	52543204	3.43e-57	235	486065	N/A
72_8_2144_46268_16493/1	gi|2565976843|emb|OY725331.1|	97.794	136	3	0	2	137	52556699	52556564	3.43e-57	235	486065	N/A
72_8_2144_46268_16493/1	gi|2565976843|emb|OY725331.1|	97.794	136	3	0	2	137	52570742	52570607	3.43e-57	235	486065	N/A
72_8_2144_46268_16493/1	gi|2565976843|emb|OY725331.1|	97.794	136	3	0	2	137	52584102	52583967	3.43e-57	235	486065	N/A
72_8_2144_46268_16493/1	gi|2565976843|emb|OY725331.1|	97.794	136	3	0	2	137	52594833	52594698	3.43e-57	235	486065	N/A
72_8_2144_46268_16493/1	gi|2565976843|emb|OY725331.1|	97.794	136	3	0	2	137	52606930	52606795	3.43e-57	235	486065	N/A
72_8_2144_46268_16493/1	gi|2565976843|emb|OY725331.1|	97.794	136	3	0	2	137	52620508	52620373	3.43e-57	235	486065	N/A
72_8_2144_46268_16493/1	gi|2565976843|emb|OY725331.1|	97.794	136	3	0	2	137	52634411	52634276	3.43e-57	235	486065	N/A
72_8_2144_46268_16493/1	gi|2565976843|emb|OY725331.1|	97.794	136	3	0	2	137	52647430	52647295	3.43e-57	235	486065	N/A
72_8_2144_46268_16493/1	gi|2565976843|emb|OY725331.1|	97.794	136	3	0	2	137	52660449	52660314	3.43e-57	235	486065	N/A
72_8_2144_46268_16493/1	gi|2565976843|emb|OY725331.1|	97.794	136	3	0	2	137	52674871	52674736	3.43e-57	235	486065	N/A
72_8_2144_46268_16493/1	gi|2565976843|emb|OY725331.1|	97.794	136	3	0	2	137	52688282	52688147	3.43e-57	235	486065	N/A
72_8_2144_46268_16493/1	gi|2565976843|emb|OY725331.1|	97.794	136	3	0	2	137	52701470	52701335	3.43e-57	235	486065	N/A
72_8_2144_46268_16493/1	gi|2565976843|emb|OY725331.1|	97.794	136	3	0	2	137	52712446	52712311	3.43e-57	235	486065	N/A
72_8_2144_46268_16493/1	gi|2565976843|emb|OY725331.1|	97.794	136	3	0	2	137	52725293	52725158	3.43e-57	235	486065	N/A
72_8_2144_46268_16493/1	gi|2565976843|emb|OY725331.1|	97.794	136	3	0	2	137	52737138	52737003	3.43e-57	235	486065	N/A
72_8_2144_46268_16493/1	gi|2565976843|emb|OY725331.1|	97.794	136	3	0	2	137	52750551	52750416	3.43e-57	235	486065	N/A
72_8_2144_46268_16493/1	gi|2565976843|emb|OY725331.1|	97.794	136	3	0	2	137	52763398	52763263	3.43e-57	235	486065	N/A
72_8_2144_46268_16493/1	gi|2565976843|emb|OY725331.1|	97.794	136	3	0	2	137	52776787	52776652	3.43e-57	235	486065	N/A
72_8_2144_46268_16493/1	gi|2565976843|emb|OY725331.1|	97.794	136	3	0	2	137	52787787	52787652	3.43e-57	235	486065	N/A
72_8_2144_46268_16493/1	gi|2565976843|emb|OY725331.1|	97.794	136	3	0	2	137	52802551	52802416	3.43e-57	235	486065	N/A
72_8_2144_46268_16493/1	gi|2565976843|emb|OY725331.1|	97.794	136	3	0	2	137	52815932	52815797	3.43e-57	235	486065	N/A
72_8_2144_46268_16493/1	gi|2565976843|emb|OY725331.1|	97.794	136	3	0	2	137	52831037	52830902	3.43e-57	235	486065	N/A
72_8_2144_46268_16493/1	gi|2565976843|emb|OY725331.1|	97.794	136	3	0	2	137	52844397	52844262	3.43e-57	235	486065	N/A
72_8_2144_46268_16493/1	gi|2565976843|emb|OY725331.1|	97.794	136	3	0	2	137	52857416	52857281	3.43e-57	235	486065	N/A
72_8_2144_46268_16493/1	gi|2565976843|emb|OY725331.1|	97.794	136	3	0	2	137	52882190	52882055	3.43e-57	235	486065	N/A
72_8_2144_46268_16493/1	gi|2565976843|emb|OY725331.1|	97.794	136	3	0	2	137	52907162	52907027	3.43e-57	235	486065	N/A
72_8_2144_46268_16493/1	gi|2565976843|emb|OY725331.1|	97.794	136	3	0	2	137	52920420	52920285	3.43e-57	235	486065	N/A
72_8_2144_46268_16493/1	gi|2565976843|emb|OY725331.1|	97.794	136	3	0	2	137	52932318	52932183	3.43e-57	235	486065	N/A
72_8_2144_46268_16493/1	gi|2565976843|emb|OY725331.1|	97.794	136	3	0	2	137	52943530	52943395	3.43e-57	235	486065	N/A
72_8_2144_46268_16493/1	gi|2565976843|emb|OY725331.1|	97.794	136	3	0	2	137	52955308	52955173	3.43e-57	235	486065	N/A
72_8_2144_46268_16493/1	gi|2565976843|emb|OY725331.1|	97.794	136	3	0	2	137	52967715	52967580	3.43e-57	235	486065	N/A
72_8_2144_46268_16493/1	gi|2565976843|emb|OY725331.1|	97.794	136	3	0	2	137	52992711	52992576	3.43e-57	235	486065	N/A
72_8_2144_46268_16493/1	gi|2565976843|emb|OY725331.1|	97.794	136	3	0	2	137	53008371	53008236	3.43e-57	235	486065	N/A
72_8_2144_46268_16493/1	gi|2565976843|emb|OY725331.1|	97.794	136	3	0	2	137	53019583	53019448	3.43e-57	235	486065	N/A
72_8_2144_46268_16493/1	gi|2565976843|emb|OY725331.1|	97.794	136	3	0	2	137	53031833	53031698	3.43e-57	235	486065	N/A
72_8_2144_46268_16493/1	gi|2565976843|emb|OY725331.1|	97.794	136	3	0	2	137	53045091	53044956	3.43e-57	235	486065	N/A
72_8_2144_46268_16493/1	gi|2565976843|emb|OY725331.1|	97.794	136	3	0	2	137	53056985	53056850	3.43e-57	235	486065	N/A
72_8_2144_46268_16493/1	gi|2565976843|emb|OY725331.1|	97.794	136	3	0	2	137	53069400	53069265	3.43e-57	235	486065	N/A
72_8_2144_46268_16493/1	gi|2565976843|emb|OY725331.1|	97.794	136	3	0	2	137	53081814	53081679	3.43e-57	235	486065	N/A
72_8_2144_46268_16493/1	gi|2565976843|emb|OY725331.1|	97.794	136	3	0	2	137	53100003	53100138	3.43e-57	235	486065	N/A
72_8_2144_46268_16493/1	gi|2565976843|emb|OY725331.1|	97.794	136	3	0	2	137	53114381	53114516	3.43e-57	235	486065	N/A
72_8_2144_46268_16493/1	gi|2565976843|emb|OY725331.1|	97.794	136	3	0	2	137	53124712	53124847	3.43e-57	235	486065	N/A
72_8_2144_46268_16493/1	gi|2565976843|emb|OY725331.1|	97.794	136	3	0	2	137	53138708	53138843	3.43e-57	235	486065	N/A
72_8_2144_46268_16493/1	gi|2565976843|emb|OY725331.1|	97.794	136	3	0	2	137	53152939	53153074	3.43e-57	235	486065	N/A
72_8_2144_46268_16493/1	gi|2565976843|emb|OY725331.1|	97.794	136	3	0	2	137	53167448	53167583	3.43e-57	235	486065	N/A
72_8_2144_46268_16493/1	gi|2565976843|emb|OY725331.1|	97.794	136	3	0	2	137	53191508	53191373	3.43e-57	235	486065	N/A
72_8_2144_46268_16493/1	gi|2565976843|emb|OY725331.1|	97.794	136	3	0	2	137	53206622	53206487	3.43e-57	235	486065	N/A
72_8_2144_46268_16493/1	gi|2565976843|emb|OY725331.1|	97.794	136	3	0	2	137	53221502	53221367	3.43e-57	235	486065	N/A
72_8_2144_46268_16493/1	gi|2565976843|emb|OY725331.1|	97.794	136	3	0	2	137	53234347	53234212	3.43e-57	235	486065	N/A
72_8_2144_46268_16493/1	gi|2565976843|emb|OY725331.1|	97.794	136	3	0	2	137	53247193	53247058	3.43e-57	235	486065	N/A
72_8_2144_46268_16493/1	gi|2565976843|emb|OY725331.1|	97.794	136	3	0	2	137	53260000	53259865	3.43e-57	235	486065	N/A
72_8_2144_46268_16493/1	gi|2565976843|emb|OY725331.1|	97.794	136	3	0	2	137	53261227	53261092	3.43e-57	235	486065	N/A
72_8_2144_46268_16493/1	gi|2565976843|emb|OY725331.1|	97.794	136	3	0	2	137	53272515	53272380	3.43e-57	235	486065	N/A
72_8_2144_46268_16493/1	gi|2565976843|emb|OY725331.1|	97.794	136	3	0	2	137	53285875	53285740	3.43e-57	235	486065	N/A
72_8_2144_46268_16493/1	gi|2565976843|emb|OY725331.1|	97.794	136	3	0	2	137	53300011	53299876	3.43e-57	235	486065	N/A
72_8_2144_46268_16493/1	gi|2565976843|emb|OY725331.1|	97.794	136	3	0	2	137	53314147	53314012	3.43e-57	235	486065	N/A
72_8_2144_46268_16493/1	gi|2565976843|emb|OY725331.1|	97.794	136	3	0	2	137	53327713	53327578	3.43e-57	235	486065	N/A
72_8_2144_46268_16493/1	gi|2565976843|emb|OY725331.1|	97.794	136	3	0	2	137	53335513	53335378	3.43e-57	235	486065	N/A
72_8_2144_46268_16493/1	gi|2565976843|emb|OY725331.1|	97.794	136	3	0	2	137	53347867	53347732	3.43e-57	235	486065	N/A
72_8_2144_46268_16493/1	gi|2565976843|emb|OY725331.1|	97.794	136	3	0	2	137	53362001	53361866	3.43e-57	235	486065	N/A
72_8_2144_46268_16493/1	gi|2565976843|emb|OY725331.1|	97.794	136	3	0	2	137	53376938	53376803	3.43e-57	235	486065	N/A
72_8_2144_46268_16493/1	gi|2565976843|emb|OY725331.1|	97.794	136	3	0	2	137	53390015	53389880	3.43e-57	235	486065	N/A
72_8_2144_46268_16493/1	gi|2565976843|emb|OY725331.1|	97.794	136	3	0	2	137	53403092	53402957	3.43e-57	235	486065	N/A
72_8_2144_46268_16493/1	gi|2565976843|emb|OY725331.1|	97.794	136	3	0	2	137	53418058	53417923	3.43e-57	235	486065	N/A
72_8_2144_46268_16493/1	gi|2565976843|emb|OY725331.1|	97.794	136	3	0	2	137	53431927	53431792	3.43e-57	235	486065	N/A
72_8_2144_46268_16493/1	gi|2565976843|emb|OY725331.1|	97.794	136	3	0	2	137	53443711	53443846	3.43e-57	235	486065	N/A
72_8_2144_46268_16493/1	gi|2565976843|emb|OY725331.1|	97.794	136	3	0	2	137	53454591	53454726	3.43e-57	235	486065	N/A
72_8_2144_46268_16493/1	gi|2565976843|emb|OY725331.1|	97.794	136	3	0	2	137	53471770	53471905	3.43e-57	235	486065	N/A
72_8_2144_46268_16493/1	gi|2565976843|emb|OY725331.1|	97.794	136	3	0	2	137	53489130	53489265	3.43e-57	235	486065	N/A
72_8_2144_46268_16493/1	gi|2565976843|emb|OY725331.1|	97.794	136	3	0	2	137	53503510	53503645	3.43e-57	235	486065	N/A
72_8_2144_46268_16493/1	gi|2565976843|emb|OY725331.1|	97.794	136	3	0	2	137	53517017	53517152	3.43e-57	235	486065	N/A
72_8_2144_46268_16493/1	gi|2565976843|emb|OY725331.1|	97.794	136	3	0	2	137	53529522	53529657	3.43e-57	235	486065	N/A
72_8_2144_46268_16493/1	gi|2565976843|emb|OY725331.1|	97.794	136	3	0	2	137	53543518	53543653	3.43e-57	235	486065	N/A
72_8_2144_46268_16493/1	gi|2565976843|emb|OY725331.1|	97.794	136	3	0	2	137	53557855	53557990	3.43e-57	235	486065	N/A
72_8_2144_46268_16493/1	gi|2565976843|emb|OY725331.1|	97.794	136	3	0	2	137	53566971	53567106	3.43e-57	235	486065	N/A
72_8_2144_46268_16493/1	gi|2565976843|emb|OY725331.1|	97.794	136	3	0	2	137	53585137	53585002	3.43e-57	235	486065	N/A
72_8_2144_46268_16493/1	gi|2565976843|emb|OY725331.1|	97.794	136	3	0	2	137	53599840	53599975	3.43e-57	235	486065	N/A
72_8_2144_46268_16493/1	gi|2565976843|emb|OY725331.1|	97.794	136	3	0	2	137	53611405	53611540	3.43e-57	235	486065	N/A
72_8_2144_46268_16493/1	gi|2565976843|emb|OY725331.1|	97.794	136	3	0	2	137	53626068	53626203	3.43e-57	235	486065	N/A
72_8_2144_46268_16493/1	gi|2565976843|emb|OY725331.1|	97.794	136	3	0	2	137	53645686	53645821	3.43e-57	235	486065	N/A
72_8_2144_46268_16493/1	gi|2565976843|emb|OY725331.1|	97.794	136	3	0	2	137	53660318	53660453	3.43e-57	235	486065	N/A
72_8_2144_46268_16493/1	gi|2565976843|emb|OY725331.1|	97.794	136	3	0	2	137	53674950	53675085	3.43e-57	235	486065	N/A
72_8_2144_46268_16493/1	gi|2565976843|emb|OY725331.1|	97.794	136	3	0	2	137	53685844	53685979	3.43e-57	235	486065	N/A
72_8_2144_46268_16493/1	gi|2565976843|emb|OY725331.1|	97.794	136	3	0	2	137	53699112	53699247	3.43e-57	235	486065	N/A
72_8_2144_46268_16493/1	gi|2565976843|emb|OY725331.1|	97.794	136	3	0	2	137	53715304	53715439	3.43e-57	235	486065	N/A
72_8_2144_46268_16493/1	gi|2565976843|emb|OY725331.1|	97.794	136	3	0	2	137	53726198	53726333	3.43e-57	235	486065	N/A
72_8_2144_46268_16493/1	gi|2565976843|emb|OY725331.1|	97.794	136	3	0	2	137	53742397	53742532	3.43e-57	235	486065	N/A
72_8_2144_46268_16493/1	gi|2565976843|emb|OY725331.1|	97.794	136	3	0	2	137	53774578	53774713	3.43e-57	235	486065	N/A
72_8_2144_46268_16493/1	gi|2565976843|emb|OY725331.1|	97.794	136	3	0	2	137	53787505	53787640	3.43e-57	235	486065	N/A
72_8_2144_46268_16493/1	gi|2565976843|emb|OY725331.1|	97.794	136	3	0	2	137	53798399	53798534	3.43e-57	235	486065	N/A
72_8_2144_46268_16493/1	gi|2565976843|emb|OY725331.1|	97.794	136	3	0	2	137	53810974	53811109	3.43e-57	235	486065	N/A
72_8_2144_46268_16493/1	gi|2565976843|emb|OY725331.1|	97.794	136	3	0	2	137	53826832	53826967	3.43e-57	235	486065	N/A
72_8_2144_46268_16493/1	gi|2565976843|emb|OY725331.1|	97.794	136	3	0	2	137	53841464	53841599	3.43e-57	235	486065	N/A
72_8_2144_46268_16493/1	gi|2565976843|emb|OY725331.1|	97.794	136	3	0	2	137	53857663	53857798	3.43e-57	235	486065	N/A
72_8_2144_46268_16493/1	gi|2565976843|emb|OY725331.1|	97.794	136	3	0	2	137	53868017	53868152	3.43e-57	235	486065	N/A
72_8_2144_46268_16493/1	gi|2565976843|emb|OY725331.1|	97.794	136	3	0	2	137	53883896	53884031	3.43e-57	235	486065	N/A
72_8_2144_46268_16493/1	gi|2565976843|emb|OY725331.1|	97.794	136	3	0	2	137	53894639	53894774	3.43e-57	235	486065	N/A
72_8_2144_46268_16493/1	gi|2565976843|emb|OY725331.1|	97.794	136	3	0	2	137	53918878	53918743	3.43e-57	235	486065	N/A
72_8_2144_46268_16493/1	gi|2565976843|emb|OY725331.1|	97.794	136	3	0	2	137	53930286	53930151	3.43e-57	235	486065	N/A
72_8_2144_46268_16493/1	gi|2565976843|emb|OY725331.1|	97.794	136	3	0	2	137	53941694	53941559	3.43e-57	235	486065	N/A
72_8_2144_46268_16493/1	gi|2565976843|emb|OY725331.1|	97.794	136	3	0	2	137	53953090	53952955	3.43e-57	235	486065	N/A
72_8_2144_46268_16493/1	gi|2565976843|emb|OY725331.1|	97.794	136	3	0	2	137	53965337	53965202	3.43e-57	235	486065	N/A
72_8_2144_46268_16493/1	gi|2565976843|emb|OY725331.1|	97.794	136	3	0	2	137	53979358	53979223	3.43e-57	235	486065	N/A
72_8_2144_46268_16493/1	gi|2565976843|emb|OY725331.1|	97.794	136	3	0	2	137	53992113	53991978	3.43e-57	235	486065	N/A
72_8_2144_46268_16493/1	gi|2565976843|emb|OY725331.1|	97.794	136	3	0	2	137	54005384	54005249	3.43e-57	235	486065	N/A
72_8_2144_46268_16493/1	gi|2565976843|emb|OY725331.1|	97.794	136	3	0	2	137	54018723	54018588	3.43e-57	235	486065	N/A
72_8_2144_46268_16493/1	gi|2565976843|emb|OY725331.1|	97.794	136	3	0	2	137	54029939	54029804	3.43e-57	235	486065	N/A
72_8_2144_46268_16493/1	gi|2565976843|emb|OY725331.1|	97.794	136	3	0	2	137	54041359	54041224	3.43e-57	235	486065	N/A
72_8_2144_46268_16493/1	gi|2565976843|emb|OY725331.1|	97.794	136	3	0	2	137	54051164	54051029	3.43e-57	235	486065	N/A
72_8_2144_46268_16493/1	gi|2565976843|emb|OY725331.1|	97.794	136	3	0	2	137	54061541	54061406	3.43e-57	235	486065	N/A
72_8_2144_46268_16493/1	gi|2565976843|emb|OY725331.1|	97.794	136	3	0	2	137	54071918	54071783	3.43e-57	235	486065	N/A
72_8_2144_46268_16493/1	gi|2565976843|emb|OY725331.1|	97.794	136	3	0	2	137	54085882	54085747	3.43e-57	235	486065	N/A
72_8_2144_46268_16493/1	gi|2565976843|emb|OY725331.1|	97.794	136	3	0	2	137	54098305	54098170	3.43e-57	235	486065	N/A
72_8_2144_46268_16493/1	gi|2565976843|emb|OY725331.1|	97.794	136	3	0	2	137	54108883	54108748	3.43e-57	235	486065	N/A
72_8_2144_46268_16493/1	gi|2565976843|emb|OY725331.1|	97.794	136	3	0	2	137	54119438	54119303	3.43e-57	235	486065	N/A
72_8_2144_46268_16493/1	gi|2565976843|emb|OY725331.1|	97.794	136	3	0	2	137	54131999	54131864	3.43e-57	235	486065	N/A
72_8_2144_46268_16493/1	gi|2565976843|emb|OY725331.1|	97.794	136	3	0	2	137	54143711	54143576	3.43e-57	235	486065	N/A
72_8_2144_46268_16493/1	gi|2565976843|emb|OY725331.1|	97.794	136	3	0	2	137	54159179	54159044	3.43e-57	235	486065	N/A
72_8_2144_46268_16493/1	gi|2565976843|emb|OY725331.1|	97.794	136	3	0	2	137	54172284	54172149	3.43e-57	235	486065	N/A
72_8_2144_46268_16493/1	gi|2565976843|emb|OY725331.1|	97.794	136	3	0	2	137	54186071	54185936	3.43e-57	235	486065	N/A
72_8_2144_46268_16493/1	gi|2565976843|emb|OY725331.1|	97.794	136	3	0	2	137	54187924	54188059	3.43e-57	235	486065	N/A
72_8_2144_46268_16493/1	gi|2565976843|emb|OY725331.1|	97.794	136	3	0	2	137	54207515	54207650	3.43e-57	235	486065	N/A
72_8_2144_46268_16493/1	gi|2565976843|emb|OY725331.1|	97.794	136	3	0	2	137	54219609	54219744	3.43e-57	235	486065	N/A
72_8_2144_46268_16493/1	gi|2565976843|emb|OY725331.1|	97.794	136	3	0	2	137	54234010	54234145	3.43e-57	235	486065	N/A
72_8_2144_46268_16493/1	gi|2565976843|emb|OY725331.1|	97.794	136	3	0	2	137	54248748	54248883	3.43e-57	235	486065	N/A
72_8_2144_46268_16493/1	gi|2565976843|emb|OY725331.1|	97.794	136	3	0	2	137	54262095	54262230	3.43e-57	235	486065	N/A
72_8_2144_46268_16493/1	gi|2565976843|emb|OY725331.1|	97.794	136	3	0	2	137	54281270	54281405	3.43e-57	235	486065	N/A
72_8_2144_46268_16493/1	gi|2565976843|emb|OY725331.1|	97.794	136	3	0	2	137	54294122	54294257	3.43e-57	235	486065	N/A
72_8_2144_46268_16493/1	gi|2565976843|emb|OY725331.1|	97.794	136	3	0	2	137	54305172	54305307	3.43e-57	235	486065	N/A
72_8_2144_46268_16493/1	gi|2565976843|emb|OY725331.1|	97.794	136	3	0	2	137	54318694	54318829	3.43e-57	235	486065	N/A
72_8_2144_46268_16493/1	gi|2565976843|emb|OY725331.1|	97.794	136	3	0	2	137	54324298	54324163	3.43e-57	235	486065	N/A
72_8_2144_46268_16493/1	gi|2565976843|emb|OY725331.1|	97.794	136	3	0	2	137	54340162	54340027	3.43e-57	235	486065	N/A
72_8_2144_46268_16493/1	gi|2565976843|emb|OY725331.1|	97.794	136	3	0	2	137	54351215	54351080	3.43e-57	235	486065	N/A
72_8_2144_46268_16493/1	gi|2565976843|emb|OY725331.1|	97.794	136	3	0	2	137	54362268	54362133	3.43e-57	235	486065	N/A
72_8_2144_46268_16493/1	gi|2565976843|emb|OY725331.1|	97.794	136	3	0	2	137	54377785	54377650	3.43e-57	235	486065	N/A
72_8_2144_46268_16493/1	gi|2565976843|emb|OY725331.1|	97.794	136	3	0	2	137	54388665	54388530	3.43e-57	235	486065	N/A
72_8_2144_46268_16493/1	gi|2565976843|emb|OY725331.1|	97.794	136	3	0	2	137	54407592	54407457	3.43e-57	235	486065	N/A
72_8_2144_46268_16493/1	gi|2565976843|emb|OY725331.1|	97.794	136	3	0	2	137	54418335	54418200	3.43e-57	235	486065	N/A
72_8_2144_46268_16493/1	gi|2565976843|emb|OY725331.1|	97.794	136	3	0	2	137	54434350	54434215	3.43e-57	235	486065	N/A
72_8_2144_46268_16493/1	gi|2565976843|emb|OY725331.1|	97.794	136	3	0	2	137	54450354	54450219	3.43e-57	235	486065	N/A
72_8_2144_46268_16493/1	gi|2565976843|emb|OY725331.1|	97.794	136	3	0	2	137	54464458	54464593	3.43e-57	235	486065	N/A
72_8_2144_46268_16493/1	gi|2565976843|emb|OY725331.1|	97.794	136	3	0	2	137	54475768	54475903	3.43e-57	235	486065	N/A
72_8_2144_46268_16493/1	gi|2565976843|emb|OY725331.1|	97.794	136	3	0	2	137	54487454	54487589	3.43e-57	235	486065	N/A
72_8_2144_46268_16493/1	gi|2565976843|emb|OY725331.1|	97.794	136	3	0	2	137	54499106	54499241	3.43e-57	235	486065	N/A
72_8_2144_46268_16493/1	gi|2565976843|emb|OY725331.1|	97.794	136	3	0	2	137	54526195	54526330	3.43e-57	235	486065	N/A
72_8_2144_46268_16493/1	gi|2565976843|emb|OY725331.1|	97.794	136	3	0	2	137	54540191	54540326	3.43e-57	235	486065	N/A
72_8_2144_46268_16493/1	gi|2565976843|emb|OY725331.1|	97.794	136	3	0	2	137	54555807	54555942	3.43e-57	235	486065	N/A
72_8_2144_46268_16493/1	gi|2565976843|emb|OY725331.1|	97.794	136	3	0	2	137	54570316	54570451	3.43e-57	235	486065	N/A
72_8_2144_46268_16493/1	gi|2565976843|emb|OY725331.1|	97.794	136	3	0	2	137	54583971	54583836	3.43e-57	235	486065	N/A
72_8_2144_46268_16493/1	gi|2565976843|emb|OY725331.1|	97.794	136	3	0	2	137	54595727	54595592	3.43e-57	235	486065	N/A
72_8_2144_46268_16493/1	gi|2565976843|emb|OY725331.1|	97.794	136	3	0	2	137	54607475	54607340	3.43e-57	235	486065	N/A
72_8_2144_46268_16493/1	gi|2565976843|emb|OY725331.1|	97.794	136	3	0	2	137	54621771	54621636	3.43e-57	235	486065	N/A
72_8_2144_46268_16493/1	gi|2565976843|emb|OY725331.1|	97.794	136	3	0	2	137	54635023	54634888	3.43e-57	235	486065	N/A
72_8_2144_46268_16493/1	gi|2565976843|emb|OY725331.1|	97.794	136	3	0	2	137	54647768	54647633	3.43e-57	235	486065	N/A
72_8_2144_46268_16493/1	gi|2565976843|emb|OY725331.1|	97.794	136	3	0	2	137	54660517	54660382	3.43e-57	235	486065	N/A
72_8_2144_46268_16493/1	gi|2565976843|emb|OY725331.1|	97.794	136	3	0	2	137	54672774	54672639	3.43e-57	235	486065	N/A
72_8_2144_46268_16493/1	gi|2565976843|emb|OY725331.1|	97.794	136	3	0	2	137	54685031	54684896	3.43e-57	235	486065	N/A
72_8_2144_46268_16493/1	gi|2565976843|emb|OY725331.1|	97.794	136	3	0	2	137	54697066	54696931	3.43e-57	235	486065	N/A
72_8_2144_46268_16493/1	gi|2565976843|emb|OY725331.1|	97.794	136	3	0	2	137	54713471	54713606	3.43e-57	235	486065	N/A
72_8_2144_46268_16493/1	gi|2565976843|emb|OY725331.1|	97.794	136	3	0	2	137	54725940	54726075	3.43e-57	235	486065	N/A
72_8_2144_46268_16493/1	gi|2565976843|emb|OY725331.1|	97.794	136	3	0	2	137	54737731	54737866	3.43e-57	235	486065	N/A
72_8_2144_46268_16493/1	gi|2565976843|emb|OY725331.1|	97.794	136	3	0	2	137	54750598	54750733	3.43e-57	235	486065	N/A
72_8_2144_46268_16493/1	gi|2565976843|emb|OY725331.1|	97.794	136	3	0	2	137	54764972	54765107	3.43e-57	235	486065	N/A
72_8_2144_46268_16493/1	gi|2565976843|emb|OY725331.1|	97.794	136	3	0	2	137	54776763	54776898	3.43e-57	235	486065	N/A
72_8_2144_46268_16493/1	gi|2565976843|emb|OY725331.1|	97.794	136	3	0	2	137	54789631	54789766	3.43e-57	235	486065	N/A
72_8_2144_46268_16493/1	gi|2565976843|emb|OY725331.1|	97.794	136	3	0	2	137	54800741	54800876	3.43e-57	235	486065	N/A
72_8_2144_46268_16493/1	gi|2565976843|emb|OY725331.1|	97.794	136	3	0	2	137	54813609	54813744	3.43e-57	235	486065	N/A
72_8_2144_46268_16493/1	gi|2565976843|emb|OY725331.1|	97.794	136	3	0	2	137	54824038	54824173	3.43e-57	235	486065	N/A
72_8_2144_46268_16493/1	gi|2565976843|emb|OY725331.1|	97.794	136	3	0	2	137	54837737	54837602	3.43e-57	235	486065	N/A
72_8_2144_46268_16493/1	gi|2565976843|emb|OY725331.1|	97.794	136	3	0	2	137	54853244	54853109	3.43e-57	235	486065	N/A
72_8_2144_46268_16493/1	gi|2565976843|emb|OY725331.1|	97.794	136	3	0	2	137	54865045	54864910	3.43e-57	235	486065	N/A
72_8_2144_46268_16493/1	gi|2565976843|emb|OY725331.1|	97.794	136	3	0	2	137	54877684	54877549	3.43e-57	235	486065	N/A
72_8_2144_46268_16493/1	gi|2565976843|emb|OY725331.1|	97.794	136	3	0	2	137	54888487	54888352	3.43e-57	235	486065	N/A
72_8_2144_46268_16493/1	gi|2565976843|emb|OY725331.1|	97.794	136	3	0	2	137	54901195	54901060	3.43e-57	235	486065	N/A
72_8_2144_46268_16493/1	gi|2565976843|emb|OY725331.1|	97.794	136	3	0	2	137	54913903	54913768	3.43e-57	235	486065	N/A
72_8_2144_46268_16493/1	gi|2565976843|emb|OY725331.1|	97.794	136	3	0	2	137	54924403	54924268	3.43e-57	235	486065	N/A
72_8_2144_46268_16493/1	gi|2565976843|emb|OY725331.1|	97.794	136	3	0	2	137	54934903	54934768	3.43e-57	235	486065	N/A
72_8_2144_46268_16493/1	gi|2565976843|emb|OY725331.1|	97.794	136	3	0	2	137	54949888	54949753	3.43e-57	235	486065	N/A
72_8_2144_46268_16493/1	gi|2565976843|emb|OY725331.1|	97.794	136	3	0	2	137	54962596	54962461	3.43e-57	235	486065	N/A
72_8_2144_46268_16493/1	gi|2565976843|emb|OY725331.1|	97.794	136	3	0	2	137	54975974	54975839	3.43e-57	235	486065	N/A
72_8_2144_46268_16493/1	gi|2565976843|emb|OY725331.1|	97.794	136	3	0	2	137	54989170	54989035	3.43e-57	235	486065	N/A
72_8_2144_46268_16493/1	gi|2565976843|emb|OY725331.1|	97.794	136	3	0	2	137	55002548	55002413	3.43e-57	235	486065	N/A
72_8_2144_46268_16493/1	gi|2565976843|emb|OY725331.1|	97.794	136	3	0	2	137	55014789	55014654	3.43e-57	235	486065	N/A
72_8_2144_46268_16493/1	gi|2565976843|emb|OY725331.1|	97.794	136	3	0	2	137	55027497	55027362	3.43e-57	235	486065	N/A
72_8_2144_46268_16493/1	gi|2565976843|emb|OY725331.1|	97.794	136	3	0	2	137	55040193	55040058	3.43e-57	235	486065	N/A
72_8_2144_46268_16493/1	gi|2565976843|emb|OY725331.1|	97.794	136	3	0	2	137	55053389	55053254	3.43e-57	235	486065	N/A
72_8_2144_46268_16493/1	gi|2565976843|emb|OY725331.1|	97.794	136	3	0	2	137	55067191	55067056	3.43e-57	235	486065	N/A
72_8_2144_46268_16493/1	gi|2565976843|emb|OY725331.1|	97.794	136	3	0	2	137	55081067	55080932	3.43e-57	235	486065	N/A
72_8_2144_46268_16493/1	gi|2565976843|emb|OY725331.1|	97.794	136	3	0	2	137	55091567	55091432	3.43e-57	235	486065	N/A
72_8_2144_46268_16493/1	gi|2565976843|emb|OY725331.1|	97.794	136	3	0	2	137	55106552	55106417	3.43e-57	235	486065	N/A
72_8_2144_46268_16493/1	gi|2565976843|emb|OY725331.1|	97.794	136	3	0	2	137	55119098	55118963	3.43e-57	235	486065	N/A
72_8_2144_46268_16493/1	gi|2565976843|emb|OY725331.1|	97.794	136	3	0	2	137	55132219	55132084	3.43e-57	235	486065	N/A
72_8_2144_46268_16493/1	gi|2565976843|emb|OY725331.1|	97.794	136	3	0	2	137	55143671	55143536	3.43e-57	235	486065	N/A
72_8_2144_46268_16493/1	gi|2565976843|emb|OY725331.1|	97.794	136	3	0	2	137	55156343	55156208	3.43e-57	235	486065	N/A
72_8_2144_46268_16493/1	gi|2565976843|emb|OY725331.1|	97.794	136	3	0	2	137	55168310	55168175	3.43e-57	235	486065	N/A
72_8_2144_46268_16493/1	gi|2565976843|emb|OY725331.1|	97.794	136	3	0	2	137	55185246	55185111	3.43e-57	235	486065	N/A
72_8_2144_46268_16493/1	gi|2565976843|emb|OY725331.1|	97.794	136	3	0	2	137	55200147	55200012	3.43e-57	235	486065	N/A
72_8_2144_46268_16493/1	gi|2565976843|emb|OY725331.1|	97.794	136	3	0	2	137	55213288	55213153	3.43e-57	235	486065	N/A
72_8_2144_46268_16493/1	gi|2565976843|emb|OY725331.1|	97.794	136	3	0	2	137	55224744	55224609	3.43e-57	235	486065	N/A
72_8_2144_46268_16493/1	gi|2565976843|emb|OY725331.1|	97.794	136	3	0	2	137	55236395	55236260	3.43e-57	235	486065	N/A
72_8_2144_46268_16493/1	gi|2565976843|emb|OY725331.1|	97.794	136	3	0	2	137	55247165	55247030	3.43e-57	235	486065	N/A
72_8_2144_46268_16493/1	gi|2565976843|emb|OY725331.1|	97.794	136	3	0	2	137	55258816	55258681	3.43e-57	235	486065	N/A
72_8_2144_46268_16493/1	gi|2565976843|emb|OY725331.1|	97.794	136	3	0	2	137	55272684	55272549	3.43e-57	235	486065	N/A
72_8_2144_46268_16493/1	gi|2565976843|emb|OY725331.1|	97.794	136	3	0	2	137	55285539	55285404	3.43e-57	235	486065	N/A
72_8_2144_46268_16493/1	gi|2565976843|emb|OY725331.1|	97.794	136	3	0	2	137	55298705	55298570	3.43e-57	235	486065	N/A
72_8_2144_46268_16493/1	gi|2565976843|emb|OY725331.1|	97.794	136	3	0	2	137	55312573	55312438	3.43e-57	235	486065	N/A
72_8_2144_46268_16493/1	gi|2565976843|emb|OY725331.1|	97.794	136	3	0	2	137	55325428	55325293	3.43e-57	235	486065	N/A
72_8_2144_46268_16493/1	gi|2565976843|emb|OY725331.1|	97.794	136	3	0	2	137	55338927	55338792	3.43e-57	235	486065	N/A
72_8_2144_46268_16493/1	gi|2565976843|emb|OY725331.1|	97.794	136	3	0	2	137	55350578	55350443	3.43e-57	235	486065	N/A
72_8_2144_46268_16493/1	gi|2565976843|emb|OY725331.1|	97.794	136	3	0	2	137	55362755	55362620	3.43e-57	235	486065	N/A
72_8_2144_46268_16493/1	gi|2565976843|emb|OY725331.1|	97.794	136	3	0	2	137	55375912	55375777	3.43e-57	235	486065	N/A
72_8_2144_46268_16493/1	gi|2565976843|emb|OY725331.1|	97.794	136	3	0	2	137	55386020	55385885	3.43e-57	235	486065	N/A
72_8_2144_46268_16493/1	gi|2565976843|emb|OY725331.1|	97.794	136	3	0	2	137	55397671	55397536	3.43e-57	235	486065	N/A
72_8_2144_46268_16493/1	gi|2565976843|emb|OY725331.1|	97.794	136	3	0	2	137	55410526	55410391	3.43e-57	235	486065	N/A
72_8_2144_46268_16493/1	gi|2565976843|emb|OY725331.1|	97.794	136	3	0	2	137	55422661	55422526	3.43e-57	235	486065	N/A
72_8_2144_46268_16493/1	gi|2565976843|emb|OY725331.1|	97.794	136	3	0	2	137	55436633	55436498	3.43e-57	235	486065	N/A
72_8_2144_46268_16493/1	gi|2565976843|emb|OY725331.1|	97.794	136	3	0	2	137	55448768	55448633	3.43e-57	235	486065	N/A
72_8_2144_46268_16493/1	gi|2565976843|emb|OY725331.1|	97.794	136	3	0	2	137	55462361	55462226	3.43e-57	235	486065	N/A
72_8_2144_46268_16493/1	gi|2565976843|emb|OY725331.1|	97.794	136	3	0	2	137	55475057	55474922	3.43e-57	235	486065	N/A
72_8_2144_46268_16493/1	gi|2565976843|emb|OY725331.1|	97.794	136	3	0	2	137	55486470	55486335	3.43e-57	235	486065	N/A
72_8_2144_46268_16493/1	gi|2565976843|emb|OY725331.1|	97.794	136	3	0	2	137	55499166	55499031	3.43e-57	235	486065	N/A
72_8_2144_46268_16493/1	gi|2565976843|emb|OY725331.1|	97.794	136	3	0	2	137	55512181	55512046	3.43e-57	235	486065	N/A
72_8_2144_46268_16493/1	gi|2565976843|emb|OY725331.1|	97.794	136	3	0	2	137	55523832	55523697	3.43e-57	235	486065	N/A
72_8_2144_46268_16493/1	gi|2565976843|emb|OY725331.1|	97.794	136	3	0	2	137	55536506	55536371	3.43e-57	235	486065	N/A
72_8_2144_46268_16493/1	gi|2565976843|emb|OY725331.1|	97.794	136	3	0	2	137	55551908	55551773	3.43e-57	235	486065	N/A
72_8_2144_46268_16493/1	gi|2565976843|emb|OY725331.1|	97.794	136	3	0	2	137	55560634	55560499	3.43e-57	235	486065	N/A
72_8_2144_46268_16493/1	gi|2565976843|emb|OY725331.1|	97.794	136	3	0	2	137	55569151	55569286	3.43e-57	235	486065	N/A
72_8_2144_46268_16493/1	gi|2565976843|emb|OY725331.1|	97.794	136	3	0	2	137	55579597	55579732	3.43e-57	235	486065	N/A
72_8_2144_46268_16493/1	gi|2565976843|emb|OY725331.1|	97.794	136	3	0	2	137	55592453	55592588	3.43e-57	235	486065	N/A
72_8_2144_46268_16493/1	gi|2565976843|emb|OY725331.1|	97.794	136	3	0	2	137	55600188	55600053	3.43e-57	235	486065	N/A
72_8_2144_46268_16493/1	gi|2565976843|emb|OY725331.1|	97.794	136	3	0	2	137	55614324	55614189	3.43e-57	235	486065	N/A
72_8_2144_46268_16493/1	gi|2565976843|emb|OY725331.1|	97.794	136	3	0	2	137	55638548	55638413	3.43e-57	235	486065	N/A
72_8_2144_46268_16493/1	gi|2565976843|emb|OY725331.1|	97.794	136	3	0	2	137	55648933	55648798	3.43e-57	235	486065	N/A
72_8_2144_46268_16493/1	gi|2565976843|emb|OY725331.1|	97.794	136	3	0	2	137	55663805	55663670	3.43e-57	235	486065	N/A
72_8_2144_46268_16493/1	gi|2565976843|emb|OY725331.1|	97.794	136	3	0	2	137	55675213	55675078	3.43e-57	235	486065	N/A
72_8_2144_46268_16493/1	gi|2565976843|emb|OY725331.1|	97.794	136	3	0	2	137	55688651	55688516	3.43e-57	235	486065	N/A
72_8_2144_46268_16493/1	gi|2565976843|emb|OY725331.1|	97.794	136	3	0	2	137	55701993	55701858	3.43e-57	235	486065	N/A
72_8_2144_46268_16493/1	gi|2565976843|emb|OY725331.1|	97.794	136	3	0	2	137	55712357	55712222	3.43e-57	235	486065	N/A
72_8_2144_46268_16493/1	gi|2565976843|emb|OY725331.1|	97.794	136	3	0	2	137	55723074	55722939	3.43e-57	235	486065	N/A
72_8_2144_46268_16493/1	gi|2565976843|emb|OY725331.1|	97.794	136	3	0	2	137	55733307	55733172	3.43e-57	235	486065	N/A
72_8_2144_46268_16493/1	gi|2565976843|emb|OY725331.1|	97.794	136	3	0	2	137	55757797	55757662	3.43e-57	235	486065	N/A
72_8_2144_46268_16493/1	gi|2565976843|emb|OY725331.1|	97.794	136	3	0	2	137	55770228	55770093	3.43e-57	235	486065	N/A
72_8_2144_46268_16493/1	gi|2565976843|emb|OY725331.1|	97.794	136	3	0	2	137	55782661	55782526	3.43e-57	235	486065	N/A
72_8_2144_46268_16493/1	gi|2565976843|emb|OY725331.1|	97.794	136	3	0	2	137	55794071	55793936	3.43e-57	235	486065	N/A
72_8_2144_46268_16493/1	gi|2565976843|emb|OY725331.1|	97.794	136	3	0	2	137	55806045	55805910	3.43e-57	235	486065	N/A
72_8_2144_46268_16493/1	gi|2565976843|emb|OY725331.1|	97.794	136	3	0	2	137	55818188	55818053	3.43e-57	235	486065	N/A
72_8_2144_46268_16493/1	gi|2565976843|emb|OY725331.1|	97.794	136	3	0	2	137	55828806	55828671	3.43e-57	235	486065	N/A
72_8_2144_46268_16493/1	gi|2565976843|emb|OY725331.1|	97.794	136	3	0	2	137	55840780	55840645	3.43e-57	235	486065	N/A
72_8_2144_46268_16493/1	gi|2565976843|emb|OY725331.1|	97.794	136	3	0	2	137	55852923	55852788	3.43e-57	235	486065	N/A
72_8_2144_46268_16493/1	gi|2565976843|emb|OY725331.1|	97.794	136	3	0	2	137	55863541	55863406	3.43e-57	235	486065	N/A
72_8_2144_46268_16493/1	gi|2565976843|emb|OY725331.1|	97.794	136	3	0	2	137	55878015	55877880	3.43e-57	235	486065	N/A
72_8_2144_46268_16493/1	gi|2565976843|emb|OY725331.1|	97.794	136	3	0	2	137	55889370	55889235	3.43e-57	235	486065	N/A
72_8_2144_46268_16493/1	gi|2565976843|emb|OY725331.1|	97.794	136	3	0	2	137	55904015	55903880	3.43e-57	235	486065	N/A
72_8_2144_46268_16493/1	gi|2565976843|emb|OY725331.1|	97.794	136	3	0	2	137	55921438	55921303	3.43e-57	235	486065	N/A
72_8_2144_46268_16493/1	gi|2565976843|emb|OY725331.1|	97.794	136	3	0	2	137	55933869	55933734	3.43e-57	235	486065	N/A
72_8_2144_46268_16493/1	gi|2565976843|emb|OY725331.1|	97.794	136	3	0	2	137	55947377	55947242	3.43e-57	235	486065	N/A
72_8_2144_46268_16493/1	gi|2565976843|emb|OY725331.1|	97.794	136	3	0	2	137	55958785	55958650	3.43e-57	235	486065	N/A
72_8_2144_46268_16493/1	gi|2565976843|emb|OY725331.1|	97.794	136	3	0	2	137	55964117	55963982	3.43e-57	235	486065	N/A
72_8_2144_46268_16493/1	gi|2565976843|emb|OY725331.1|	97.794	136	3	0	2	137	55976035	55975900	3.43e-57	235	486065	N/A
72_8_2144_46268_16493/1	gi|2565976843|emb|OY725331.1|	97.794	136	3	0	2	137	55987443	55987308	3.43e-57	235	486065	N/A
72_8_2144_46268_16493/1	gi|2565976843|emb|OY725331.1|	97.794	136	3	0	2	137	55992775	55992640	3.43e-57	235	486065	N/A
72_8_2144_46268_16493/1	gi|2565976843|emb|OY725331.1|	97.794	136	3	0	2	137	56004333	56004198	3.43e-57	235	486065	N/A
72_8_2144_46268_16493/1	gi|2565976843|emb|OY725331.1|	97.794	136	3	0	2	137	56023298	56023163	3.43e-57	235	486065	N/A
72_8_2144_46268_16493/1	gi|2565976843|emb|OY725331.1|	97.794	136	3	0	2	137	56036820	56036685	3.43e-57	235	486065	N/A
72_8_2144_46268_16493/1	gi|2565976843|emb|OY725331.1|	97.794	136	3	0	2	137	56047870	56047735	3.43e-57	235	486065	N/A
72_8_2144_46268_16493/1	gi|2565976843|emb|OY725331.1|	97.794	136	3	0	2	137	56058362	56058227	3.43e-57	235	486065	N/A
72_8_2144_46268_16493/1	gi|2565976843|emb|OY725331.1|	97.794	136	3	0	2	137	56070280	56070145	3.43e-57	235	486065	N/A
72_8_2144_46268_16493/1	gi|2565976843|emb|OY725331.1|	97.794	136	3	0	2	137	56081688	56081553	3.43e-57	235	486065	N/A
72_8_2144_46268_16493/1	gi|2565976843|emb|OY725331.1|	97.794	136	3	0	2	137	56087020	56086885	3.43e-57	235	486065	N/A
72_8_2144_46268_16493/1	gi|2565976843|emb|OY725331.1|	97.794	136	3	0	2	137	56098938	56098803	3.43e-57	235	486065	N/A
72_8_2144_46268_16493/1	gi|2565976843|emb|OY725331.1|	97.794	136	3	0	2	137	56110346	56110211	3.43e-57	235	486065	N/A
72_8_2144_46268_16493/1	gi|2565976843|emb|OY725331.1|	97.794	136	3	0	2	137	56124141	56124006	3.43e-57	235	486065	N/A
72_8_2144_46268_16493/1	gi|2565976843|emb|OY725331.1|	97.794	136	3	0	2	137	56135377	56135242	3.43e-57	235	486065	N/A
72_8_2144_46268_16493/1	gi|2565976843|emb|OY725331.1|	97.794	136	3	0	2	137	56146613	56146478	3.43e-57	235	486065	N/A
72_8_2144_46268_16493/1	gi|2565976843|emb|OY725331.1|	97.794	136	3	0	2	137	56161883	56161748	3.43e-57	235	486065	N/A
72_8_2144_46268_16493/1	gi|2565976843|emb|OY725331.1|	97.794	136	3	0	2	137	56174314	56174179	3.43e-57	235	486065	N/A
72_8_2144_46268_16493/1	gi|2565976843|emb|OY725331.1|	97.794	136	3	0	2	137	56187173	56187038	3.43e-57	235	486065	N/A
72_8_2144_46268_16493/1	gi|2565976843|emb|OY725331.1|	97.794	136	3	0	2	137	56199643	56199508	3.43e-57	235	486065	N/A
72_8_2144_46268_16493/1	gi|2565976843|emb|OY725331.1|	97.794	136	3	0	2	137	56212815	56212680	3.43e-57	235	486065	N/A
72_8_2144_46268_16493/1	gi|2565976843|emb|OY725331.1|	97.794	136	3	0	2	137	56223942	56223807	3.43e-57	235	486065	N/A
72_8_2144_46268_16493/1	gi|2565976843|emb|OY725331.1|	97.794	136	3	0	2	137	56365153	56365018	3.43e-57	235	486065	N/A
72_8_2144_46268_16493/1	gi|2565976843|emb|OY725331.1|	97.794	136	3	0	2	137	56439442	56439307	3.43e-57	235	486065	N/A
72_8_2144_46268_16493/1	gi|2565976843|emb|OY725331.1|	97.794	136	3	0	2	137	56477397	56477262	3.43e-57	235	486065	N/A
72_8_2144_46268_16493/1	gi|2565976843|emb|OY725331.1|	97.794	136	3	0	2	137	56583991	56583856	3.43e-57	235	486065	N/A
72_8_2144_46268_16493/1	gi|2565976843|emb|OY725331.1|	97.794	136	3	0	2	137	56616147	56616012	3.43e-57	235	486065	N/A
72_8_2144_46268_16493/1	gi|2565976843|emb|OY725331.1|	97.794	136	3	0	2	137	56655706	56655571	3.43e-57	235	486065	N/A
72_8_2144_46268_16493/1	gi|2565976843|emb|OY725331.1|	97.794	136	3	0	2	137	56688380	56688515	3.43e-57	235	486065	N/A
72_8_2144_46268_16493/1	gi|2565976843|emb|OY725331.1|	97.794	136	3	0	2	137	56699817	56699952	3.43e-57	235	486065	N/A
72_8_2144_46268_16493/1	gi|2565976843|emb|OY725331.1|	97.794	136	3	0	2	137	56713156	56713291	3.43e-57	235	486065	N/A
72_8_2144_46268_16493/1	gi|2565976843|emb|OY725331.1|	97.794	136	3	0	2	137	56729499	56729634	3.43e-57	235	486065	N/A
72_8_2144_46268_16493/1	gi|2565976843|emb|OY725331.1|	97.794	136	3	0	2	137	56741037	56741172	3.43e-57	235	486065	N/A
72_8_2144_46268_16493/1	gi|2565976843|emb|OY725331.1|	97.794	136	3	0	2	137	56754301	56754436	3.43e-57	235	486065	N/A
72_8_2144_46268_16493/1	gi|2565976843|emb|OY725331.1|	97.794	136	3	0	2	137	56770219	56770354	3.43e-57	235	486065	N/A
72_8_2144_46268_16493/1	gi|2565976843|emb|OY725331.1|	97.794	136	3	0	2	137	56781809	56781944	3.43e-57	235	486065	N/A
72_8_2144_46268_16493/1	gi|2565976843|emb|OY725331.1|	97.794	136	3	0	2	137	56793372	56793507	3.43e-57	235	486065	N/A
72_8_2144_46268_16493/1	gi|2565976843|emb|OY725331.1|	97.794	136	3	0	2	137	56810543	56810408	3.43e-57	235	486065	N/A
72_8_2144_46268_16493/1	gi|2565976843|emb|OY725331.1|	97.794	136	3	0	2	137	56825751	56825616	3.43e-57	235	486065	N/A
72_8_2144_46268_16493/1	gi|2565976843|emb|OY725331.1|	97.794	136	3	0	2	137	56837614	56837479	3.43e-57	235	486065	N/A
72_8_2144_46268_16493/1	gi|2565976843|emb|OY725331.1|	97.794	136	3	0	2	137	56853956	56853821	3.43e-57	235	486065	N/A
72_8_2144_46268_16493/1	gi|2565976843|emb|OY725331.1|	97.794	136	3	0	2	137	56868219	56868084	3.43e-57	235	486065	N/A
72_8_2144_46268_16493/1	gi|2565976843|emb|OY725331.1|	97.794	136	3	0	2	137	56881787	56881652	3.43e-57	235	486065	N/A
72_8_2144_46268_16493/1	gi|2565976843|emb|OY725331.1|	97.794	136	3	0	2	137	56896370	56896235	3.43e-57	235	486065	N/A
72_8_2144_46268_16493/1	gi|2565976843|emb|OY725331.1|	97.794	136	3	0	2	137	56909040	56908905	3.43e-57	235	486065	N/A
72_8_2144_46268_16493/1	gi|2565976843|emb|OY725331.1|	97.794	136	3	0	2	137	56922792	56922657	3.43e-57	235	486065	N/A
72_8_2144_46268_16493/1	gi|2565976843|emb|OY725331.1|	97.794	136	3	0	2	137	56935677	56935542	3.43e-57	235	486065	N/A
72_8_2144_46268_16493/1	gi|2565976843|emb|OY725331.1|	97.794	136	3	0	2	137	56949526	56949391	3.43e-57	235	486065	N/A
72_8_2144_46268_16493/1	gi|2565976843|emb|OY725331.1|	97.794	136	3	0	2	137	56963855	56963720	3.43e-57	235	486065	N/A
72_8_2144_46268_16493/1	gi|2565976843|emb|OY725331.1|	97.794	136	3	0	2	137	56977797	56977662	3.43e-57	235	486065	N/A
72_8_2144_46268_16493/1	gi|2565976843|emb|OY725331.1|	97.794	136	3	0	2	137	56988528	56988393	3.43e-57	235	486065	N/A
72_8_2144_46268_16493/1	gi|2565976843|emb|OY725331.1|	97.794	136	3	0	2	137	57000975	57000840	3.43e-57	235	486065	N/A
72_8_2144_46268_16493/1	gi|2565976843|emb|OY725331.1|	97.794	136	3	0	2	137	57014929	57014794	3.43e-57	235	486065	N/A
72_8_2144_46268_16493/1	gi|2565976843|emb|OY725331.1|	97.794	136	3	0	2	137	57028542	57028407	3.43e-57	235	486065	N/A
72_8_2144_46268_16493/1	gi|2565976843|emb|OY725331.1|	97.794	136	3	0	2	137	57041822	57041687	3.43e-57	235	486065	N/A
72_8_2144_46268_16493/1	gi|2565976843|emb|OY725331.1|	97.794	136	3	0	2	137	57054634	57054499	3.43e-57	235	486065	N/A
72_8_2144_46268_16493/1	gi|2565976843|emb|OY725331.1|	97.794	136	3	0	2	137	57066591	57066456	3.43e-57	235	486065	N/A
72_8_2144_46268_16493/1	gi|2565976843|emb|OY725331.1|	97.794	136	3	0	2	137	57078382	57078247	3.43e-57	235	486065	N/A
72_8_2144_46268_16493/1	gi|2565976843|emb|OY725331.1|	97.794	136	3	0	2	137	57090851	57090716	3.43e-57	235	486065	N/A
72_8_2144_46268_16493/1	gi|2565976843|emb|OY725331.1|	97.794	136	3	0	2	137	57104161	57104026	3.43e-57	235	486065	N/A
72_8_2144_46268_16493/1	gi|2565976843|emb|OY725331.1|	97.794	136	3	0	2	137	57117521	57117386	3.43e-57	235	486065	N/A
72_8_2144_46268_16493/1	gi|2565976843|emb|OY725331.1|	97.794	136	3	0	2	137	57128856	57128721	3.43e-57	235	486065	N/A
72_8_2144_46268_16493/1	gi|2565976843|emb|OY725331.1|	97.794	136	3	0	2	137	57139852	57139717	3.43e-57	235	486065	N/A
72_8_2144_46268_16493/1	gi|2565976843|emb|OY725331.1|	97.794	136	3	0	2	137	57150853	57150718	3.43e-57	235	486065	N/A
72_8_2144_46268_16493/1	gi|2565976843|emb|OY725331.1|	97.794	136	3	0	2	137	57165036	57164901	3.43e-57	235	486065	N/A
72_8_2144_46268_16493/1	gi|2565976843|emb|OY725331.1|	97.794	136	3	0	2	137	57179901	57179766	3.43e-57	235	486065	N/A
72_8_2144_46268_16493/1	gi|2565976843|emb|OY725331.1|	97.794	136	3	0	2	137	57194766	57194631	3.43e-57	235	486065	N/A
72_8_2144_46268_16493/1	gi|2565976843|emb|OY725331.1|	97.794	136	3	0	2	137	57208996	57208861	3.43e-57	235	486065	N/A
72_8_2144_46268_16493/1	gi|2565976843|emb|OY725331.1|	97.794	136	3	0	2	137	57222214	57222079	3.43e-57	235	486065	N/A
72_8_2144_46268_16493/1	gi|2565976843|emb|OY725331.1|	97.794	136	3	0	2	137	57241841	57241706	3.43e-57	235	486065	N/A
72_8_2144_46268_16493/1	gi|2565976843|emb|OY725331.1|	97.794	136	3	0	2	137	57254693	57254558	3.43e-57	235	486065	N/A
72_8_2144_46268_16493/1	gi|2565976843|emb|OY725331.1|	97.794	136	3	0	2	137	57267545	57267410	3.43e-57	235	486065	N/A
72_8_2144_46268_16493/1	gi|2565976843|emb|OY725331.1|	97.794	136	3	0	2	137	57283377	57283242	3.43e-57	235	486065	N/A
72_8_2144_46268_16493/1	gi|2565976843|emb|OY725331.1|	97.794	136	3	0	2	137	57294905	57294770	3.43e-57	235	486065	N/A
72_8_2144_46268_16493/1	gi|2565976843|emb|OY725331.1|	97.794	136	3	0	2	137	57310548	57310683	3.43e-57	235	486065	N/A
72_8_2144_46268_16493/1	gi|2565976843|emb|OY725331.1|	97.794	136	3	0	2	137	57321946	57322081	3.43e-57	235	486065	N/A
72_8_2144_46268_16493/1	gi|2565976843|emb|OY725331.1|	97.794	136	3	0	2	137	57338016	57338151	3.43e-57	235	486065	N/A
72_8_2144_46268_16493/1	gi|2565976843|emb|OY725331.1|	97.794	136	3	0	2	137	57351899	57352034	3.43e-57	235	486065	N/A
72_8_2144_46268_16493/1	gi|2565976843|emb|OY725331.1|	97.794	136	3	0	2	137	57368157	57368292	3.43e-57	235	486065	N/A
72_8_2144_46268_16493/1	gi|2565976843|emb|OY725331.1|	97.794	136	3	0	2	137	57378816	57378951	3.43e-57	235	486065	N/A
72_8_2144_46268_16493/1	gi|2565976843|emb|OY725331.1|	97.794	136	3	0	2	137	57394590	57394725	3.43e-57	235	486065	N/A
72_8_2144_46268_16493/1	gi|2565976843|emb|OY725331.1|	97.794	136	3	0	2	137	57408671	57408806	3.43e-57	235	486065	N/A
72_8_2144_46268_16493/1	gi|2565976843|emb|OY725331.1|	97.794	136	3	0	2	137	57451570	57451705	3.43e-57	235	486065	N/A
72_8_2144_46268_16493/1	gi|2565976843|emb|OY725331.1|	97.794	136	3	0	2	137	57462978	57462843	3.43e-57	235	486065	N/A
72_8_2144_46268_16493/1	gi|2565976843|emb|OY725331.1|	97.794	136	3	0	2	137	57475415	57475280	3.43e-57	235	486065	N/A
72_8_2144_46268_16493/1	gi|2565976843|emb|OY725331.1|	97.794	136	3	0	2	137	57490842	57490707	3.43e-57	235	486065	N/A
72_8_2144_46268_16493/1	gi|2565976843|emb|OY725331.1|	97.794	136	3	0	2	137	57504598	57504463	3.43e-57	235	486065	N/A
72_8_2144_46268_16493/1	gi|2565976843|emb|OY725331.1|	97.794	136	3	0	2	137	57516020	57515885	3.43e-57	235	486065	N/A
72_8_2144_46268_16493/1	gi|2565976843|emb|OY725331.1|	97.794	136	3	0	2	137	57528461	57528326	3.43e-57	235	486065	N/A
72_8_2144_46268_16493/1	gi|2565976843|emb|OY725331.1|	97.794	136	3	0	2	137	57544708	57544573	3.43e-57	235	486065	N/A
72_8_2144_46268_16493/1	gi|2565976843|emb|OY725331.1|	97.794	136	3	0	2	137	57556118	57555983	3.43e-57	235	486065	N/A
72_8_2144_46268_16493/1	gi|2565976843|emb|OY725331.1|	97.794	136	3	0	2	137	57567528	57567393	3.43e-57	235	486065	N/A
72_8_2144_46268_16493/1	gi|2565976843|emb|OY725331.1|	97.794	136	3	0	2	137	57579277	57579142	3.43e-57	235	486065	N/A
72_8_2144_46268_16493/1	gi|2565976843|emb|OY725331.1|	97.794	136	3	0	2	137	57591026	57590891	3.43e-57	235	486065	N/A
72_8_2144_46268_16493/1	gi|2565976843|emb|OY725331.1|	97.794	136	3	0	2	137	57605047	57604912	3.43e-57	235	486065	N/A
72_8_2144_46268_16493/1	gi|2565976843|emb|OY725331.1|	97.794	136	3	0	2	137	57620769	57620634	3.43e-57	235	486065	N/A
72_8_2144_46268_16493/1	gi|2565976843|emb|OY725331.1|	97.794	136	3	0	2	137	57633884	57633749	3.43e-57	235	486065	N/A
72_8_2144_46268_16493/1	gi|2565976843|emb|OY725331.1|	97.794	136	3	0	2	137	57647905	57647770	3.43e-57	235	486065	N/A
72_8_2144_46268_16493/1	gi|2565976843|emb|OY725331.1|	97.794	136	3	0	2	137	57663627	57663492	3.43e-57	235	486065	N/A
72_8_2144_46268_16493/1	gi|2565976843|emb|OY725331.1|	97.794	136	3	0	2	137	57675035	57674900	3.43e-57	235	486065	N/A
72_8_2144_46268_16493/1	gi|2565976843|emb|OY725331.1|	97.794	136	3	0	2	137	57689397	57689262	3.43e-57	235	486065	N/A
72_8_2144_46268_16493/1	gi|2565976843|emb|OY725331.1|	97.794	136	3	0	2	137	57695888	57695753	3.43e-57	235	486065	N/A
72_8_2144_46268_16493/1	gi|2565976843|emb|OY725331.1|	97.794	136	3	0	2	137	57706875	57706740	3.43e-57	235	486065	N/A
72_8_2144_46268_16493/1	gi|2565976843|emb|OY725331.1|	97.794	136	3	0	2	137	57720481	57720346	3.43e-57	235	486065	N/A
72_8_2144_46268_16493/1	gi|2565976843|emb|OY725331.1|	97.794	136	3	0	2	137	57736108	57735973	3.43e-57	235	486065	N/A
72_8_2144_46268_16493/1	gi|2565976843|emb|OY725331.1|	97.794	136	3	0	2	137	57750389	57750254	3.43e-57	235	486065	N/A
72_8_2144_46268_16493/1	gi|2565976843|emb|OY725331.1|	97.794	136	3	0	2	137	57763886	57763751	3.43e-57	235	486065	N/A
72_8_2144_46268_16493/1	gi|2565976843|emb|OY725331.1|	97.794	136	3	0	2	137	57778167	57778032	3.43e-57	235	486065	N/A
72_8_2144_46268_16493/1	gi|2565976843|emb|OY725331.1|	97.794	136	3	0	2	137	57791664	57791529	3.43e-57	235	486065	N/A
72_8_2144_46268_16493/1	gi|2565976843|emb|OY725331.1|	97.794	136	3	0	2	137	57805728	57805593	3.43e-57	235	486065	N/A
72_8_2144_46268_16493/1	gi|2565976843|emb|OY725331.1|	97.794	136	3	0	2	137	57823867	57824002	3.43e-57	235	486065	N/A
72_8_2144_46268_16493/1	gi|2565976843|emb|OY725331.1|	97.794	136	3	0	2	137	57835286	57835421	3.43e-57	235	486065	N/A
72_8_2144_46268_16493/1	gi|2565976843|emb|OY725331.1|	97.794	136	3	0	2	137	57844620	57844485	3.43e-57	235	486065	N/A
72_8_2144_46268_16493/1	gi|2565976843|emb|OY725331.1|	97.794	136	3	0	2	137	57856476	57856341	3.43e-57	235	486065	N/A
72_8_2144_46268_16493/1	gi|2565976843|emb|OY725331.1|	97.794	136	3	0	2	137	57870809	57870674	3.43e-57	235	486065	N/A
72_8_2144_46268_16493/1	gi|2565976843|emb|OY725331.1|	97.794	136	3	0	2	137	57884526	57884391	3.43e-57	235	486065	N/A
72_8_2144_46268_16493/1	gi|2565976843|emb|OY725331.1|	97.794	136	3	0	2	137	57897255	57897120	3.43e-57	235	486065	N/A
72_8_2144_46268_16493/1	gi|2565976843|emb|OY725331.1|	97.794	136	3	0	2	137	57909450	57909315	3.43e-57	235	486065	N/A
72_8_2144_46268_16493/1	gi|2565976843|emb|OY725331.1|	97.794	136	3	0	2	137	57922521	57922386	3.43e-57	235	486065	N/A
72_8_2144_46268_16493/1	gi|2565976843|emb|OY725331.1|	97.794	136	3	0	2	137	57935731	57935596	3.43e-57	235	486065	N/A
72_8_2144_46268_16493/1	gi|2565976843|emb|OY725331.1|	97.794	136	3	0	2	137	57950166	57950031	3.43e-57	235	486065	N/A
72_8_2144_46268_16493/1	gi|2565976843|emb|OY725331.1|	97.794	136	3	0	2	137	57962935	57962800	3.43e-57	235	486065	N/A
72_8_2144_46268_16493/1	gi|2565976843|emb|OY725331.1|	97.794	136	3	0	2	137	57976145	57976010	3.43e-57	235	486065	N/A
72_8_2144_46268_16493/1	gi|2565976843|emb|OY725331.1|	97.794	136	3	0	2	137	57987545	57987410	3.43e-57	235	486065	N/A
72_8_2144_46268_16493/1	gi|2565976843|emb|OY725331.1|	97.794	136	3	0	2	137	57998795	57998660	3.43e-57	235	486065	N/A
72_8_2144_46268_16493/1	gi|2565976843|emb|OY725331.1|	97.794	136	3	0	2	137	58008357	58008222	3.43e-57	235	486065	N/A
72_8_2144_46268_16493/1	gi|2565976843|emb|OY725331.1|	97.794	136	3	0	2	137	58013189	58013054	3.43e-57	235	486065	N/A
72_8_2144_46268_16493/1	gi|2565976843|emb|OY725331.1|	97.794	136	3	0	2	137	58025636	58025501	3.43e-57	235	486065	N/A
72_8_2144_46268_16493/1	gi|2565976843|emb|OY725331.1|	97.794	136	3	0	2	137	58036484	58036349	3.43e-57	235	486065	N/A
72_8_2144_46268_16493/1	gi|2565976843|emb|OY725331.1|	97.794	136	3	0	2	137	58050620	58050485	3.43e-57	235	486065	N/A
72_8_2144_46268_16493/1	gi|2565976843|emb|OY725331.1|	97.794	136	3	0	2	137	58066364	58066229	3.43e-57	235	486065	N/A
72_8_2144_46268_16493/1	gi|2565976843|emb|OY725331.1|	97.794	136	3	0	2	137	58083563	58083428	3.43e-57	235	486065	N/A
72_8_2144_46268_16493/1	gi|2565976843|emb|OY725331.1|	97.794	136	3	0	2	137	58097418	58097283	3.43e-57	235	486065	N/A
72_8_2144_46268_16493/1	gi|2565976843|emb|OY725331.1|	97.794	136	3	0	2	137	58111345	58111210	3.43e-57	235	486065	N/A
72_8_2144_46268_16493/1	gi|2565976843|emb|OY725331.1|	97.794	136	3	0	2	137	58122191	58122056	3.43e-57	235	486065	N/A
72_8_2144_46268_16493/1	gi|2565976843|emb|OY725331.1|	97.794	136	3	0	2	137	58134638	58134503	3.43e-57	235	486065	N/A
72_8_2144_46268_16493/1	gi|2565976843|emb|OY725331.1|	97.794	136	3	0	2	137	58147085	58146950	3.43e-57	235	486065	N/A
72_8_2144_46268_16493/1	gi|2565976843|emb|OY725331.1|	97.794	136	3	0	2	137	58156374	58156239	3.43e-57	235	486065	N/A
72_8_2144_46268_16493/1	gi|2565976843|emb|OY725331.1|	97.794	136	3	0	2	137	58169067	58168932	3.43e-57	235	486065	N/A
72_8_2144_46268_16493/1	gi|2565976843|emb|OY725331.1|	97.794	136	3	0	2	137	58178985	58178850	3.43e-57	235	486065	N/A
72_8_2144_46268_16493/1	gi|2565976843|emb|OY725331.1|	97.794	136	3	0	2	137	58190804	58190669	3.43e-57	235	486065	N/A
72_8_2144_46268_16493/1	gi|2565976843|emb|OY725331.1|	97.794	136	3	0	2	137	58213472	58213337	3.43e-57	235	486065	N/A
72_8_2144_46268_16493/1	gi|2565976843|emb|OY725331.1|	97.794	136	3	0	2	137	58225338	58225203	3.43e-57	235	486065	N/A
72_8_2144_46268_16493/1	gi|2565976843|emb|OY725331.1|	97.794	136	3	0	2	137	58257515	58257380	3.43e-57	235	486065	N/A
72_8_2144_46268_16493/1	gi|2565976843|emb|OY725331.1|	97.794	136	3	0	2	137	58267439	58267304	3.43e-57	235	486065	N/A
72_8_2144_46268_16493/1	gi|2565976843|emb|OY725331.1|	97.794	136	3	0	2	137	58279674	58279539	3.43e-57	235	486065	N/A
72_8_2144_46268_16493/1	gi|2565976843|emb|OY725331.1|	97.794	136	3	0	2	137	58289605	58289470	3.43e-57	235	486065	N/A
72_8_2144_46268_16493/1	gi|2565976843|emb|OY725331.1|	97.059	136	4	0	2	137	49995562	49995427	1.59e-55	230	486065	N/A
72_8_2144_46268_16493/1	gi|2565976843|emb|OY725331.1|	97.059	136	4	0	2	137	50006832	50006697	1.59e-55	230	486065	N/A
72_8_2144_46268_16493/1	gi|2565976843|emb|OY725331.1|	97.059	136	4	0	2	137	50126620	50126485	1.59e-55	230	486065	N/A
72_8_2144_46268_16493/1	gi|2565976843|emb|OY725331.1|	97.059	136	4	0	2	137	50695557	50695692	1.59e-55	230	486065	N/A
72_8_2144_46268_16493/1	gi|2565976843|emb|OY725331.1|	97.059	136	4	0	2	137	51254963	51254828	1.59e-55	230	486065	N/A
72_8_2144_46268_16493/1	gi|2565976843|emb|OY725331.1|	97.059	136	4	0	2	137	51962051	51961916	1.59e-55	230	486065	N/A
72_8_2144_46268_16493/1	gi|2565976843|emb|OY725331.1|	97.059	136	4	0	2	137	54512502	54512637	1.59e-55	230	486065	N/A
72_8_2144_46268_16493/1	gi|2565976843|emb|OY725331.1|	97.059	136	4	0	2	137	55627700	55627565	1.59e-55	230	486065	N/A
72_8_2144_46268_16493/1	gi|2565976843|emb|OY725331.1|	97.059	136	4	0	2	137	56237871	56238006	1.59e-55	230	486065	N/A
72_8_2144_46268_16493/1	gi|2565976843|emb|OY725331.1|	97.059	136	4	0	2	137	56249397	56249532	1.59e-55	230	486065	N/A
72_8_2144_46268_16493/1	gi|2565976843|emb|OY725331.1|	97.059	136	4	0	2	137	56260375	56260510	1.59e-55	230	486065	N/A
72_8_2144_46268_16493/1	gi|2565976843|emb|OY725331.1|	97.059	136	4	0	2	137	56271931	56272066	1.59e-55	230	486065	N/A
72_8_2144_46268_16493/1	gi|2565976843|emb|OY725331.1|	97.059	136	4	0	2	137	56283836	56283971	1.59e-55	230	486065	N/A
72_8_2144_46268_16493/1	gi|2565976843|emb|OY725331.1|	97.059	136	4	0	2	137	56294814	56294949	1.59e-55	230	486065	N/A
72_8_2144_46268_16493/1	gi|2565976843|emb|OY725331.1|	97.059	136	4	0	2	137	56307061	56307196	1.59e-55	230	486065	N/A
72_8_2144_46268_16493/1	gi|2565976843|emb|OY725331.1|	97.059	136	4	0	2	137	56320311	56320446	1.59e-55	230	486065	N/A
72_8_2144_46268_16493/1	gi|2565976843|emb|OY725331.1|	97.059	136	4	0	2	137	56331876	56332011	1.59e-55	230	486065	N/A
72_8_2144_46268_16493/1	gi|2565976843|emb|OY725331.1|	97.059	136	4	0	2	137	56344570	56344705	1.59e-55	230	486065	N/A
72_8_2144_46268_16493/1	gi|2565976843|emb|OY725331.1|	97.059	136	4	0	2	137	56351895	56351760	1.59e-55	230	486065	N/A
72_8_2144_46268_16493/1	gi|2565976843|emb|OY725331.1|	97.059	136	4	0	2	137	56375981	56375846	1.59e-55	230	486065	N/A
72_8_2144_46268_16493/1	gi|2565976843|emb|OY725331.1|	97.059	136	4	0	2	137	56388059	56387924	1.59e-55	230	486065	N/A
72_8_2144_46268_16493/1	gi|2565976843|emb|OY725331.1|	97.059	136	4	0	2	137	56401446	56401311	1.59e-55	230	486065	N/A
72_8_2144_46268_16493/1	gi|2565976843|emb|OY725331.1|	97.059	136	4	0	2	137	56412972	56412837	1.59e-55	230	486065	N/A
72_8_2144_46268_16493/1	gi|2565976843|emb|OY725331.1|	97.059	136	4	0	2	137	56426184	56426049	1.59e-55	230	486065	N/A
72_8_2144_46268_16493/1	gi|2565976843|emb|OY725331.1|	97.059	136	4	0	2	137	56450760	56450625	1.59e-55	230	486065	N/A
72_8_2144_46268_16493/1	gi|2565976843|emb|OY725331.1|	97.059	136	4	0	2	137	56464147	56464012	1.59e-55	230	486065	N/A
72_8_2144_46268_16493/1	gi|2565976843|emb|OY725331.1|	97.059	136	4	0	2	137	56488375	56488240	1.59e-55	230	486065	N/A
72_8_2144_46268_16493/1	gi|2565976843|emb|OY725331.1|	97.059	136	4	0	2	137	56500622	56500487	1.59e-55	230	486065	N/A
72_8_2144_46268_16493/1	gi|2565976843|emb|OY725331.1|	97.059	136	4	0	2	137	56512178	56512043	1.59e-55	230	486065	N/A
72_8_2144_46268_16493/1	gi|2565976843|emb|OY725331.1|	97.059	136	4	0	2	137	56523501	56523366	1.59e-55	230	486065	N/A
72_8_2144_46268_16493/1	gi|2565976843|emb|OY725331.1|	97.059	136	4	0	2	137	56534479	56534344	1.59e-55	230	486065	N/A
72_8_2144_46268_16493/1	gi|2565976843|emb|OY725331.1|	97.059	136	4	0	2	137	56546035	56545900	1.59e-55	230	486065	N/A
72_8_2144_46268_16493/1	gi|2565976843|emb|OY725331.1|	97.059	136	4	0	2	137	56559410	56559275	1.59e-55	230	486065	N/A
72_8_2144_46268_16493/1	gi|2565976843|emb|OY725331.1|	97.059	136	4	0	2	137	56570733	56570598	1.59e-55	230	486065	N/A
72_8_2144_46268_16493/1	gi|2565976843|emb|OY725331.1|	97.059	136	4	0	2	137	56602889	56602754	1.59e-55	230	486065	N/A
72_8_2144_46268_16493/1	gi|2565976843|emb|OY725331.1|	97.059	136	4	0	2	137	56629405	56629270	1.59e-55	230	486065	N/A
72_8_2144_46268_16493/1	gi|2565976843|emb|OY725331.1|	97.059	136	4	0	2	137	56640233	56640098	1.59e-55	230	486065	N/A
72_8_2144_46268_16493/1	gi|2565976843|emb|OY725331.1|	97.059	136	4	0	2	137	56669489	56669354	1.59e-55	230	486065	N/A
72_8_2144_46268_16493/1	gi|2565976843|emb|OY725331.1|	97.059	136	4	0	2	137	57423856	57423991	1.59e-55	230	486065	N/A
72_8_2144_46268_16493/1	gi|2565976843|emb|OY725331.1|	97.059	136	4	0	2	137	57437713	57437848	1.59e-55	230	486065	N/A
72_8_2144_46268_16493/1	gi|2565976843|emb|OY725331.1|	97.059	136	4	0	2	137	58245842	58245707	1.59e-55	230	486065	N/A
72_8_2144_46268_16493/1	gi|2565976843|emb|OY725331.1|	97.059	136	4	0	2	137	59494500	59494365	1.59e-55	230	486065	N/A
72_8_2144_46268_16493/1	gi|2565976843|emb|OY725331.1|	97.059	136	4	0	2	137	60013145	60013010	1.59e-55	230	486065	N/A
72_8_2144_46268_16493/1	gi|2565976843|emb|OY725331.1|	97.059	136	3	1	2	137	51922829	51922695	5.73e-55	228	486065	N/A
72_8_2144_46268_16493/1	gi|2565976843|emb|OY725331.1|	96.377	138	3	1	2	137	52870805	52870668	2.06e-54	226	486065	N/A
72_8_2144_46268_16493/1	gi|2565976843|emb|OY725331.1|	96.377	138	3	1	2	137	52898031	52897894	2.06e-54	226	486065	N/A
72_8_2144_46268_16493/1	gi|2565976843|emb|OY725331.1|	96.324	136	5	0	2	137	52981499	52981364	7.42e-54	224	486065	N/A
72_8_2144_46268_16493/1	gi|2565976843|emb|OY725331.1|	95.588	136	6	0	2	137	49961450	49961315	3.45e-52	219	486065	N/A
72_8_2144_46268_16493/1	gi|2565976843|emb|OY725331.1|	95.588	136	6	0	2	137	59070173	59070038	3.45e-52	219	486065	N/A
72_8_2144_46268_16493/1	gi|2565976843|emb|OY725331.1|	95.588	136	6	0	2	137	59657698	59657563	3.45e-52	219	486065	N/A
72_8_2144_46268_16493/1	gi|2565976843|emb|OY725331.1|	97.581	124	3	0	14	137	58234721	58234598	1.61e-50	213	486065	N/A
72_8_2144_46268_16493/1	gi|2565976843|emb|OY725331.1|	94.853	136	7	0	2	137	58552101	58551966	1.61e-50	213	486065	N/A
72_8_2144_46268_16493/1	gi|2565976843|emb|OY725331.1|	94.737	133	7	0	5	137	59636233	59636101	7.47e-49	207	486065	N/A
72_8_2144_46268_16493/1	gi|2565976843|emb|OY725331.1|	96.774	124	3	1	14	137	58202364	58202242	2.69e-48	206	486065	N/A
72_8_2144_46268_16493/1	gi|2565976843|emb|OY725331.1|	91.176	136	11	1	2	137	34336117	34336251	1.26e-41	183	486065	N/A
72_8_2144_46268_16493/1	gi|2565976843|emb|OY725331.1|	96.739	92	3	0	46	137	51658414	51658323	9.87e-33	154	486065	N/A
72_8_2144_46268_16493/1	gi|2565976843|emb|OY725331.1|	100.000	49	0	0	2	50	51670236	51670188	7.85e-14	91.6	486065	N/A
72_8_2144_46268_16493/1	gi|2282685577|gb|OP162632.1|	98.529	136	2	0	2	137	3777	3642	7.37e-59	241	168488	N/A
72_8_2144_46268_16493/1	gi|2282685574|gb|OP162631.1|	98.529	136	2	0	2	137	3733	3598	7.37e-59	241	168488	N/A
72_8_2144_46268_16493/1	gi|2282685573|gb|OP162630.1|	98.529	136	2	0	2	137	3687	3552	7.37e-59	241	168488	N/A
72_8_2115_6608_9391/1	gi|2701785009|gb|OR911484.1|	100.000	136	0	0	2	137	590	455	3.40e-62	252	197809	N/A
72_8_2115_6608_9391/1	gi|2724827569|ref|NC_088470.1|	100.000	136	0	0	2	137	583	448	3.40e-62	252	2550875	N/A
72_8_2115_6608_9391/1	gi|2666688421|ref|NC_085450.1|	100.000	136	0	0	2	137	538	403	3.40e-62	252	3107745	N/A
72_8_2115_6608_9391/1	gi|2288448399|gb|ON641301.1|	100.000	136	0	0	2	137	592	457	3.40e-62	252	185001	N/A
72_8_2115_6608_9391/1	gi|2050192381|gb|MW877581.1|	100.000	136	0	0	2	137	601	466	3.40e-62	252	185001	N/A
72_8_2325_28902_9545/1	gi|3048443377|emb|OZ306171.1|	100.000	136	0	0	2	137	103326	103191	3.40e-62	252	481118	N/A
72_8_2325_28902_9545/1	gi|3048443377|emb|OZ306171.1|	100.000	136	0	0	2	137	130415	130550	3.40e-62	252	481118	N/A
72_8_2325_28902_9545/1	gi|3048443334|emb|OZ306286.1|	100.000	136	0	0	2	137	66578334	66578199	3.40e-62	252	78511	N/A
72_8_2325_28902_9545/1	gi|3048264046|emb|OZ297787.1|	100.000	136	0	0	2	137	107704	107569	3.40e-62	252	55318	N/A
72_8_2325_28902_9545/1	gi|3048264046|emb|OZ297787.1|	100.000	136	0	0	2	137	136097	136232	3.40e-62	252	55318	N/A
72_8_2325_28902_9545/1	gi|3048228106|emb|OZ297184.1|	100.000	136	0	0	2	137	108404	108269	3.40e-62	252	397083	N/A
72_8_2325_28902_9545/1	gi|3048228106|emb|OZ297184.1|	100.000	136	0	0	2	137	136875	137010	3.40e-62	252	397083	N/A
72_8_2325_28902_9545/1	gi|3048195103|emb|OZ297140.1|	100.000	136	0	0	2	137	105960	105825	3.40e-62	252	59297	N/A
72_8_2325_28902_9545/1	gi|3048195103|emb|OZ297140.1|	100.000	136	0	0	2	137	132604	132739	3.40e-62	252	59297	N/A
72_8_1101_24079_2961/1	gi|2805792360|gb|PQ124709.1|	100.000	129	0	0	2	130	97766	97638	2.65e-58	239	113209	N/A
72_8_1101_24079_2961/1	gi|2805792360|gb|PQ124709.1|	100.000	129	0	0	2	130	149968	150096	2.65e-58	239	113209	N/A
72_8_1101_24079_2961/1	gi|2805792263|gb|PQ124708.1|	100.000	129	0	0	2	130	97884	97756	2.65e-58	239	197811	N/A
72_8_1101_24079_2961/1	gi|2805792263|gb|PQ124708.1|	100.000	129	0	0	2	130	150122	150250	2.65e-58	239	197811	N/A
72_8_1101_24079_2961/1	gi|2805792167|gb|PQ124707.1|	100.000	129	0	0	2	130	97884	97756	2.65e-58	239	29818	N/A
72_8_1101_24079_2961/1	gi|2805792167|gb|PQ124707.1|	100.000	129	0	0	2	130	150122	150250	2.65e-58	239	29818	N/A
72_8_1101_24079_2961/1	gi|2805792070|gb|PQ124706.1|	100.000	129	0	0	2	130	97909	97781	2.65e-58	239	197796	N/A
72_8_1101_24079_2961/1	gi|2805792070|gb|PQ124706.1|	100.000	129	0	0	2	130	150056	150184	2.65e-58	239	197796	N/A
72_8_1101_24079_2961/1	gi|2724828596|ref|NC_088481.1|	100.000	129	0	0	2	130	97750	97622	2.65e-58	239	113209	N/A
72_8_1101_24079_2961/1	gi|2724828596|ref|NC_088481.1|	100.000	129	0	0	2	130	149957	150085	2.65e-58	239	113209	N/A
72_8_2233_11706_18019/1	gi|2701784733|gb|OR911481.1|	100.000	136	0	0	2	137	33013	32878	3.40e-62	252	39414	N/A
72_8_2233_11706_18019/1	gi|2328376401|ref|NC_068049.1|	100.000	136	0	0	2	137	32999	32864	3.40e-62	252	39414	N/A
72_8_2233_11706_18019/1	gi|2288448399|gb|ON641301.1|	100.000	136	0	0	2	137	33215	33080	3.40e-62	252	185001	N/A
72_8_2233_11706_18019/1	gi|2050192475|gb|MW877582.1|	100.000	136	0	0	2	137	33012	32877	3.40e-62	252	39414	N/A
72_8_2233_11706_18019/1	gi|2050192381|gb|MW877581.1|	100.000	136	0	0	2	137	33141	33006	3.40e-62	252	185001	N/A
72_8_1211_26612_7570/1	gi|2999817470|gb|CP192038.1|	92.661	109	8	0	2	110	3518049	3518157	7.63e-34	158	3239898	N/A
72_8_1211_26612_7570/1	gi|3064095702|gb|CP199934.1|	83.810	105	17	0	6	110	1987777	1987673	1.30e-16	100	3457764	N/A
72_8_2317_23294_2891/1	gi|1133314397|gb|CP019236.1|	87.786	131	15	1	5	134	5657102	5657232	3.55e-32	152	1842727	N/A
72_8_2317_23294_2891/1	gi|2326454410|gb|CP110416.1|	88.281	128	14	1	8	134	3816305	3816178	3.55e-32	152	215580	N/A
72_8_2317_23294_2891/1	gi|2326450780|gb|CP110415.1|	88.281	128	14	1	8	134	3723561	3723434	3.55e-32	152	215580	N/A
72_8_2317_23294_2891/1	gi|1932047848|gb|CP064338.1|	88.281	128	14	1	8	134	3628457	3628330	3.55e-32	152	215580	N/A
72_8_2317_23294_2891/1	gi|1092249930|gb|CP017755.1|	86.667	135	18	0	2	136	2672931	2672797	1.28e-31	150	367825	N/A
72_8_1477_48202_27741/1	gi|3048443377|emb|OZ306171.1|	100.000	136	0	0	2	137	103326	103191	3.40e-62	252	481118	N/A
72_8_1477_48202_27741/1	gi|3048443377|emb|OZ306171.1|	100.000	136	0	0	2	137	130415	130550	3.40e-62	252	481118	N/A
72_8_1477_48202_27741/1	gi|3048443334|emb|OZ306286.1|	100.000	136	0	0	2	137	66578334	66578199	3.40e-62	252	78511	N/A
72_8_1477_48202_27741/1	gi|3048264046|emb|OZ297787.1|	100.000	136	0	0	2	137	107704	107569	3.40e-62	252	55318	N/A
72_8_1477_48202_27741/1	gi|3048264046|emb|OZ297787.1|	100.000	136	0	0	2	137	136097	136232	3.40e-62	252	55318	N/A
72_8_1477_48202_27741/1	gi|3048228106|emb|OZ297184.1|	100.000	136	0	0	2	137	108404	108269	3.40e-62	252	397083	N/A
72_8_1477_48202_27741/1	gi|3048228106|emb|OZ297184.1|	100.000	136	0	0	2	137	136875	137010	3.40e-62	252	397083	N/A
72_8_1477_48202_27741/1	gi|3048195103|emb|OZ297140.1|	100.000	136	0	0	2	137	105960	105825	3.40e-62	252	59297	N/A
72_8_1477_48202_27741/1	gi|3048195103|emb|OZ297140.1|	100.000	136	0	0	2	137	132604	132739	3.40e-62	252	59297	N/A
72_8_1452_38896_8718/1	gi|3048443377|emb|OZ306171.1|	100.000	136	0	0	2	137	103326	103191	3.40e-62	252	481118	N/A
72_8_1452_38896_8718/1	gi|3048443377|emb|OZ306171.1|	100.000	136	0	0	2	137	130415	130550	3.40e-62	252	481118	N/A
72_8_1452_38896_8718/1	gi|3048443334|emb|OZ306286.1|	100.000	136	0	0	2	137	66578334	66578199	3.40e-62	252	78511	N/A
72_8_1452_38896_8718/1	gi|3048264046|emb|OZ297787.1|	100.000	136	0	0	2	137	107704	107569	3.40e-62	252	55318	N/A
72_8_1452_38896_8718/1	gi|3048264046|emb|OZ297787.1|	100.000	136	0	0	2	137	136097	136232	3.40e-62	252	55318	N/A
72_8_1452_38896_8718/1	gi|3048228106|emb|OZ297184.1|	100.000	136	0	0	2	137	108404	108269	3.40e-62	252	397083	N/A
72_8_1452_38896_8718/1	gi|3048228106|emb|OZ297184.1|	100.000	136	0	0	2	137	136875	137010	3.40e-62	252	397083	N/A
72_8_1452_38896_8718/1	gi|3048195103|emb|OZ297140.1|	100.000	136	0	0	2	137	105960	105825	3.40e-62	252	59297	N/A
72_8_1452_38896_8718/1	gi|3048195103|emb|OZ297140.1|	100.000	136	0	0	2	137	132604	132739	3.40e-62	252	59297	N/A
72_8_1368_41421_6001/1	gi|2701784733|gb|OR911481.1|	100.000	136	0	0	2	137	33013	32878	3.40e-62	252	39414	N/A
72_8_1368_41421_6001/1	gi|2328376401|ref|NC_068049.1|	100.000	136	0	0	2	137	32999	32864	3.40e-62	252	39414	N/A
72_8_1368_41421_6001/1	gi|2288448399|gb|ON641301.1|	100.000	136	0	0	2	137	33215	33080	3.40e-62	252	185001	N/A
72_8_1368_41421_6001/1	gi|2050192475|gb|MW877582.1|	100.000	136	0	0	2	137	33012	32877	3.40e-62	252	39414	N/A
72_8_1368_41421_6001/1	gi|2050192381|gb|MW877581.1|	100.000	136	0	0	2	137	33141	33006	3.40e-62	252	185001	N/A
72_8_2173_50411_16549/1	gi|3045267147|gb|PX049138.1|	98.529	136	2	0	2	137	104034	103899	7.37e-59	241	3454936	N/A
72_8_2173_50411_16549/1	gi|3045267147|gb|PX049138.1|	98.529	136	2	0	2	137	131400	131535	7.37e-59	241	3454936	N/A
72_8_2173_50411_16549/1	gi|3045267060|gb|PX049137.1|	98.529	136	2	0	2	137	104024	103889	7.37e-59	241	165317	N/A
72_8_2173_50411_16549/1	gi|3045267060|gb|PX049137.1|	98.529	136	2	0	2	137	131393	131528	7.37e-59	241	165317	N/A
72_8_2173_50411_16549/1	gi|3032662704|gb|PQ231107.1|	98.529	136	2	0	2	137	104286	104151	7.37e-59	241	572118	N/A
72_8_2173_50411_16549/1	gi|3032662704|gb|PQ231107.1|	98.529	136	2	0	2	137	131206	131341	7.37e-59	241	572118	N/A
72_8_2173_50411_16549/1	gi|3032662616|gb|PQ231106.1|	98.529	136	2	0	2	137	103803	103668	7.37e-59	241	694377	N/A
72_8_2173_50411_16549/1	gi|3032662616|gb|PQ231106.1|	98.529	136	2	0	2	137	130700	130835	7.37e-59	241	694377	N/A
72_8_2173_50411_16549/1	gi|3032662528|gb|PQ231105.1|	98.529	136	2	0	2	137	103821	103686	7.37e-59	241	694377	N/A
72_8_2173_50411_16549/1	gi|3032662528|gb|PQ231105.1|	98.529	136	2	0	2	137	130716	130851	7.37e-59	241	694377	N/A
72_8_1288_14053_22950/1	gi|3048443377|emb|OZ306171.1|	100.000	136	0	0	2	137	103326	103191	3.40e-62	252	481118	N/A
72_8_1288_14053_22950/1	gi|3048443377|emb|OZ306171.1|	100.000	136	0	0	2	137	130415	130550	3.40e-62	252	481118	N/A
72_8_1288_14053_22950/1	gi|3048443334|emb|OZ306286.1|	100.000	136	0	0	2	137	66578334	66578199	3.40e-62	252	78511	N/A
72_8_1288_14053_22950/1	gi|3048264046|emb|OZ297787.1|	100.000	136	0	0	2	137	107704	107569	3.40e-62	252	55318	N/A
72_8_1288_14053_22950/1	gi|3048264046|emb|OZ297787.1|	100.000	136	0	0	2	137	136097	136232	3.40e-62	252	55318	N/A
72_8_1288_14053_22950/1	gi|3048228106|emb|OZ297184.1|	100.000	136	0	0	2	137	108404	108269	3.40e-62	252	397083	N/A
72_8_1288_14053_22950/1	gi|3048228106|emb|OZ297184.1|	100.000	136	0	0	2	137	136875	137010	3.40e-62	252	397083	N/A
72_8_1288_14053_22950/1	gi|3048195103|emb|OZ297140.1|	100.000	136	0	0	2	137	105960	105825	3.40e-62	252	59297	N/A
72_8_1288_14053_22950/1	gi|3048195103|emb|OZ297140.1|	100.000	136	0	0	2	137	132604	132739	3.40e-62	252	59297	N/A
72_8_1431_38062_25598/1	gi|3045267147|gb|PX049138.1|	100.000	136	0	0	2	137	104034	103899	3.40e-62	252	3454936	N/A
72_8_1431_38062_25598/1	gi|3045267147|gb|PX049138.1|	100.000	136	0	0	2	137	131400	131535	3.40e-62	252	3454936	N/A
72_8_1431_38062_25598/1	gi|3045267060|gb|PX049137.1|	100.000	136	0	0	2	137	104024	103889	3.40e-62	252	165317	N/A
72_8_1431_38062_25598/1	gi|3045267060|gb|PX049137.1|	100.000	136	0	0	2	137	131393	131528	3.40e-62	252	165317	N/A
72_8_1431_38062_25598/1	gi|3032662704|gb|PQ231107.1|	100.000	136	0	0	2	137	104286	104151	3.40e-62	252	572118	N/A
72_8_1431_38062_25598/1	gi|3032662704|gb|PQ231107.1|	100.000	136	0	0	2	137	131206	131341	3.40e-62	252	572118	N/A
72_8_1431_38062_25598/1	gi|3032662616|gb|PQ231106.1|	100.000	136	0	0	2	137	103803	103668	3.40e-62	252	694377	N/A
72_8_1431_38062_25598/1	gi|3032662616|gb|PQ231106.1|	100.000	136	0	0	2	137	130700	130835	3.40e-62	252	694377	N/A
72_8_1431_38062_25598/1	gi|3032662528|gb|PQ231105.1|	100.000	136	0	0	2	137	103821	103686	3.40e-62	252	694377	N/A
72_8_1431_38062_25598/1	gi|3032662528|gb|PQ231105.1|	100.000	136	0	0	2	137	130716	130851	3.40e-62	252	694377	N/A
72_8_2250_39519_27279/1	gi|2978724457|gb|PV611058.1|	90.769	65	1	4	76	137	295782	295844	4.72e-11	82.4	3421660	N/A
72_8_2250_39519_27279/1	gi|2978724457|gb|PV611058.1|	91.667	60	1	3	76	132	295319	295377	1.70e-10	80.5	3421660	N/A
72_8_2250_39519_27279/1	gi|2557643774|emb|OY673254.1|	94.444	54	2	1	71	123	21724	21777	4.72e-11	82.4	2697049	N/A
72_8_2250_39519_27279/1	gi|685042175|emb|LN590700.1|	94.118	51	1	2	70	118	14033949	14033899	2.20e-09	76.8	7962	N/A
72_8_2250_39519_27279/1	gi|685042175|emb|LN590700.1|	95.238	42	0	2	78	117	15778538	15778579	4.76e-06	65.8	7962	N/A
72_8_2250_39519_27279/1	gi|2560250289|emb|OY708460.1|	94.000	50	1	2	75	123	6487	6535	7.91e-09	75.0	2697049	N/A
72_8_2250_39519_27279/1	gi|2557654546|emb|OY684713.1|	97.727	44	0	1	71	113	21728	21771	7.91e-09	75.0	2697049	N/A
72_8_2185_30399_7149/1	gi|2961944971|emb|OZ253759.1|	92.481	133	10	0	2	134	17625185	17625317	7.52e-44	191	39353	N/A
72_8_2185_30399_7149/1	gi|2961944858|emb|OZ253702.1|	92.481	133	10	0	2	134	3460938	3460806	7.52e-44	191	39353	N/A
72_8_2185_30399_7149/1	gi|2958058530|ref|XM_073264346.1|	92.481	133	10	0	2	134	1552	1420	7.52e-44	191	405737	N/A
72_8_2185_30399_7149/1	gi|1279067386|ref|XM_023039914.1|	91.791	134	11	0	2	135	1470	1337	9.73e-43	187	158386	N/A
72_8_2185_30399_7149/1	gi|2302100433|emb|OX326948.1|	92.308	130	10	0	5	134	4588357	4588228	3.50e-42	185	102599	N/A
72_8_2110_3711_14630/1	gi|3048443377|emb|OZ306171.1|	100.000	136	0	0	2	137	103326	103191	3.40e-62	252	481118	N/A
72_8_2110_3711_14630/1	gi|3048443377|emb|OZ306171.1|	100.000	136	0	0	2	137	130415	130550	3.40e-62	252	481118	N/A
72_8_2110_3711_14630/1	gi|3048443334|emb|OZ306286.1|	100.000	136	0	0	2	137	66578334	66578199	3.40e-62	252	78511	N/A
72_8_2110_3711_14630/1	gi|3048264046|emb|OZ297787.1|	100.000	136	0	0	2	137	107704	107569	3.40e-62	252	55318	N/A
72_8_2110_3711_14630/1	gi|3048264046|emb|OZ297787.1|	100.000	136	0	0	2	137	136097	136232	3.40e-62	252	55318	N/A
72_8_2110_3711_14630/1	gi|3048228106|emb|OZ297184.1|	100.000	136	0	0	2	137	108404	108269	3.40e-62	252	397083	N/A
72_8_2110_3711_14630/1	gi|3048228106|emb|OZ297184.1|	100.000	136	0	0	2	137	136875	137010	3.40e-62	252	397083	N/A
72_8_2110_3711_14630/1	gi|3048195103|emb|OZ297140.1|	100.000	136	0	0	2	137	105960	105825	3.40e-62	252	59297	N/A
72_8_2110_3711_14630/1	gi|3048195103|emb|OZ297140.1|	100.000	136	0	0	2	137	132604	132739	3.40e-62	252	59297	N/A
72_8_1228_41599_3928/1	gi|3045267147|gb|PX049138.1|	100.000	136	0	0	2	137	104034	103899	3.40e-62	252	3454936	N/A
72_8_1228_41599_3928/1	gi|3045267147|gb|PX049138.1|	100.000	136	0	0	2	137	131400	131535	3.40e-62	252	3454936	N/A
72_8_1228_41599_3928/1	gi|3045267060|gb|PX049137.1|	100.000	136	0	0	2	137	104024	103889	3.40e-62	252	165317	N/A
72_8_1228_41599_3928/1	gi|3045267060|gb|PX049137.1|	100.000	136	0	0	2	137	131393	131528	3.40e-62	252	165317	N/A
72_8_1228_41599_3928/1	gi|3032662704|gb|PQ231107.1|	100.000	136	0	0	2	137	104286	104151	3.40e-62	252	572118	N/A
72_8_1228_41599_3928/1	gi|3032662704|gb|PQ231107.1|	100.000	136	0	0	2	137	131206	131341	3.40e-62	252	572118	N/A
72_8_1228_41599_3928/1	gi|3032662616|gb|PQ231106.1|	100.000	136	0	0	2	137	103803	103668	3.40e-62	252	694377	N/A
72_8_1228_41599_3928/1	gi|3032662616|gb|PQ231106.1|	100.000	136	0	0	2	137	130700	130835	3.40e-62	252	694377	N/A
72_8_1228_41599_3928/1	gi|3032662528|gb|PQ231105.1|	100.000	136	0	0	2	137	103821	103686	3.40e-62	252	694377	N/A
72_8_1228_41599_3928/1	gi|3032662528|gb|PQ231105.1|	100.000	136	0	0	2	137	130716	130851	3.40e-62	252	694377	N/A
72_8_1115_11269_5300/1	gi|2288448399|gb|ON641301.1|	100.000	135	0	0	2	136	70872	70738	1.22e-61	250	185001	N/A
72_8_1115_11269_5300/1	gi|1610617358|ref|NC_041420.1|	99.259	135	1	0	2	136	70763	70629	5.69e-60	244	185001	N/A
72_8_1115_11269_5300/1	gi|2050192381|gb|MW877581.1|	99.259	135	1	0	2	136	70766	70632	5.69e-60	244	185001	N/A
72_8_1115_11269_5300/1	gi|2701784733|gb|OR911481.1|	98.519	135	2	0	2	136	70585	70451	2.65e-58	239	39414	N/A
72_8_1115_11269_5300/1	gi|2328376401|ref|NC_068049.1|	98.519	135	2	0	2	136	70589	70455	2.65e-58	239	39414	N/A
72_8_1132_29129_17333/1	gi|1610617358|ref|NC_041420.1|	99.265	136	1	0	2	137	91350	91215	1.58e-60	246	185001	N/A
72_8_1132_29129_17333/1	gi|1610617358|ref|NC_041420.1|	99.265	136	1	0	2	137	141307	141442	1.58e-60	246	185001	N/A
72_8_1132_29129_17333/1	gi|2288448399|gb|ON641301.1|	99.265	136	1	0	2	137	91479	91344	1.58e-60	246	185001	N/A
72_8_1132_29129_17333/1	gi|2288448399|gb|ON641301.1|	99.265	136	1	0	2	137	141432	141567	1.58e-60	246	185001	N/A
72_8_1132_29129_17333/1	gi|2050192381|gb|MW877581.1|	99.265	136	1	0	2	137	91353	91218	1.58e-60	246	185001	N/A
72_8_1132_29129_17333/1	gi|2050192381|gb|MW877581.1|	99.265	136	1	0	2	137	141310	141445	1.58e-60	246	185001	N/A
72_8_1132_29129_17333/1	gi|2701785471|gb|OR911489.1|	98.540	137	1	1	2	137	91241	91105	7.37e-59	241	185002	N/A
72_8_1132_29129_17333/1	gi|2701785471|gb|OR911489.1|	98.540	137	1	1	2	137	141028	141164	7.37e-59	241	185002	N/A
72_8_1132_29129_17333/1	gi|2701784733|gb|OR911481.1|	98.529	136	2	0	2	137	91154	91019	7.37e-59	241	39414	N/A
72_8_1132_29129_17333/1	gi|2701784733|gb|OR911481.1|	98.529	136	2	0	2	137	140964	141099	7.37e-59	241	39414	N/A
72_8_2250_18520_17879/1	gi|2513929902|gb|CP126533.1|	90.299	134	13	0	2	135	1599136	1599003	2.11e-39	176	1871052	N/A
72_8_2250_18520_17879/1	gi|1537898444|gb|CP017946.1|	88.636	132	15	0	2	133	2179392	2179261	5.90e-35	161	1867715	N/A
72_8_2250_18520_17879/1	gi|1837637515|gb|CP048834.1|	88.060	134	16	0	2	135	4334374	4334507	2.12e-34	159	2709380	N/A
72_8_2250_18520_17879/1	gi|1733454846|gb|CP042331.1|	88.372	129	13	2	6	133	1959	1832	9.87e-33	154	2599640	N/A
72_8_2250_18520_17879/1	gi|2658565894|gb|CP107926.1|	92.135	89	7	0	46	134	4166349	4166437	2.15e-24	126	2976009	N/A
72_8_1274_21117_27082/1	gi|2701785471|gb|OR911489.1|	100.000	136	0	0	2	137	1006	871	3.40e-62	252	185002	N/A
72_8_1274_21117_27082/1	gi|2701784733|gb|OR911481.1|	100.000	136	0	0	2	137	950	815	3.40e-62	252	39414	N/A
72_8_1274_21117_27082/1	gi|2288448399|gb|ON641301.1|	100.000	136	0	0	2	137	961	826	3.40e-62	252	185001	N/A
72_8_1274_21117_27082/1	gi|2050192570|gb|MW877583.1|	100.000	136	0	0	2	137	1007	872	3.40e-62	252	185002	N/A
72_8_1274_21117_27082/1	gi|2050192475|gb|MW877582.1|	100.000	136	0	0	2	137	950	815	3.40e-62	252	39414	N/A
72_8_2305_5839_23805/1	gi|2288448399|gb|ON641301.1|	100.000	135	0	0	2	136	70872	70738	1.22e-61	250	185001	N/A
72_8_2305_5839_23805/1	gi|1610617358|ref|NC_041420.1|	99.259	135	1	0	2	136	70763	70629	5.69e-60	244	185001	N/A
72_8_2305_5839_23805/1	gi|2050192381|gb|MW877581.1|	99.259	135	1	0	2	136	70766	70632	5.69e-60	244	185001	N/A
72_8_2305_5839_23805/1	gi|2701784733|gb|OR911481.1|	98.519	135	2	0	2	136	70585	70451	2.65e-58	239	39414	N/A
72_8_2305_5839_23805/1	gi|2328376401|ref|NC_068049.1|	98.519	135	2	0	2	136	70589	70455	2.65e-58	239	39414	N/A
72_8_1132_51188_11422/1	gi|3045267147|gb|PX049138.1|	100.000	136	0	0	2	137	104034	103899	3.40e-62	252	3454936	N/A
72_8_1132_51188_11422/1	gi|3045267147|gb|PX049138.1|	100.000	136	0	0	2	137	131400	131535	3.40e-62	252	3454936	N/A
72_8_1132_51188_11422/1	gi|3045267060|gb|PX049137.1|	100.000	136	0	0	2	137	104024	103889	3.40e-62	252	165317	N/A
72_8_1132_51188_11422/1	gi|3045267060|gb|PX049137.1|	100.000	136	0	0	2	137	131393	131528	3.40e-62	252	165317	N/A
72_8_1132_51188_11422/1	gi|3032662704|gb|PQ231107.1|	100.000	136	0	0	2	137	104286	104151	3.40e-62	252	572118	N/A
72_8_1132_51188_11422/1	gi|3032662704|gb|PQ231107.1|	100.000	136	0	0	2	137	131206	131341	3.40e-62	252	572118	N/A
72_8_1132_51188_11422/1	gi|3032662616|gb|PQ231106.1|	100.000	136	0	0	2	137	103803	103668	3.40e-62	252	694377	N/A
72_8_1132_51188_11422/1	gi|3032662616|gb|PQ231106.1|	100.000	136	0	0	2	137	130700	130835	3.40e-62	252	694377	N/A
72_8_1132_51188_11422/1	gi|3032662528|gb|PQ231105.1|	100.000	136	0	0	2	137	103821	103686	3.40e-62	252	694377	N/A
72_8_1132_51188_11422/1	gi|3032662528|gb|PQ231105.1|	100.000	136	0	0	2	137	130716	130851	3.40e-62	252	694377	N/A
72_8_1492_27567_18776/1	gi|3045811490|gb|PX133153.1|	100.000	136	0	0	2	137	61802	61937	3.40e-62	252	691774	N/A
72_8_1492_27567_18776/1	gi|3045811376|gb|PX133145.1|	100.000	136	0	0	2	137	51472	51337	3.40e-62	252	41911	N/A
72_8_1492_27567_18776/1	gi|3045267147|gb|PX049138.1|	100.000	136	0	0	2	137	83614	83749	3.40e-62	252	3454936	N/A
72_8_1492_27567_18776/1	gi|3045267147|gb|PX049138.1|	100.000	136	0	0	2	137	151820	151685	3.40e-62	252	3454936	N/A
72_8_1492_27567_18776/1	gi|3045267060|gb|PX049137.1|	100.000	136	0	0	2	137	83610	83745	3.40e-62	252	165317	N/A
72_8_1492_27567_18776/1	gi|3045267060|gb|PX049137.1|	100.000	136	0	0	2	137	151807	151672	3.40e-62	252	165317	N/A
72_8_1492_27567_18776/1	gi|3032662616|gb|PQ231106.1|	100.000	136	0	0	2	137	83270	83405	3.40e-62	252	694377	N/A
72_8_1492_27567_18776/1	gi|3032662616|gb|PQ231106.1|	100.000	136	0	0	2	137	151233	151098	3.40e-62	252	694377	N/A
72_8_1181_41494_25794/1	gi|2701785009|gb|OR911484.1|	100.000	136	0	0	2	137	590	455	3.40e-62	252	197809	N/A
72_8_1181_41494_25794/1	gi|2724827569|ref|NC_088470.1|	100.000	136	0	0	2	137	583	448	3.40e-62	252	2550875	N/A
72_8_1181_41494_25794/1	gi|2666688421|ref|NC_085450.1|	100.000	136	0	0	2	137	538	403	3.40e-62	252	3107745	N/A
72_8_1181_41494_25794/1	gi|2288448399|gb|ON641301.1|	100.000	136	0	0	2	137	592	457	3.40e-62	252	185001	N/A
72_8_1181_41494_25794/1	gi|2050192381|gb|MW877581.1|	100.000	136	0	0	2	137	601	466	3.40e-62	252	185001	N/A
72_8_2471_36873_23819/1	gi|3048443377|emb|OZ306171.1|	100.000	136	0	0	2	137	103326	103191	3.40e-62	252	481118	N/A
72_8_2471_36873_23819/1	gi|3048443377|emb|OZ306171.1|	100.000	136	0	0	2	137	130415	130550	3.40e-62	252	481118	N/A
72_8_2471_36873_23819/1	gi|3048443334|emb|OZ306286.1|	100.000	136	0	0	2	137	66578334	66578199	3.40e-62	252	78511	N/A
72_8_2471_36873_23819/1	gi|3048264046|emb|OZ297787.1|	100.000	136	0	0	2	137	107704	107569	3.40e-62	252	55318	N/A
72_8_2471_36873_23819/1	gi|3048264046|emb|OZ297787.1|	100.000	136	0	0	2	137	136097	136232	3.40e-62	252	55318	N/A
72_8_2471_36873_23819/1	gi|3048228106|emb|OZ297184.1|	100.000	136	0	0	2	137	108404	108269	3.40e-62	252	397083	N/A
72_8_2471_36873_23819/1	gi|3048228106|emb|OZ297184.1|	100.000	136	0	0	2	137	136875	137010	3.40e-62	252	397083	N/A
72_8_2471_36873_23819/1	gi|3048195103|emb|OZ297140.1|	100.000	136	0	0	2	137	105960	105825	3.40e-62	252	59297	N/A
72_8_2471_36873_23819/1	gi|3048195103|emb|OZ297140.1|	100.000	136	0	0	2	137	132604	132739	3.40e-62	252	59297	N/A
72_8_2484_18682_2947/1	gi|2701784733|gb|OR911481.1|	100.000	136	0	0	2	137	33013	32878	3.40e-62	252	39414	N/A
72_8_2484_18682_2947/1	gi|2328376401|ref|NC_068049.1|	100.000	136	0	0	2	137	32999	32864	3.40e-62	252	39414	N/A
72_8_2484_18682_2947/1	gi|2288448399|gb|ON641301.1|	100.000	136	0	0	2	137	33215	33080	3.40e-62	252	185001	N/A
72_8_2484_18682_2947/1	gi|2050192475|gb|MW877582.1|	100.000	136	0	0	2	137	33012	32877	3.40e-62	252	39414	N/A
72_8_2484_18682_2947/1	gi|2050192381|gb|MW877581.1|	100.000	136	0	0	2	137	33141	33006	3.40e-62	252	185001	N/A
72_8_2449_4075_6183/1	gi|3048443377|emb|OZ306171.1|	100.000	136	0	0	2	137	103326	103191	3.40e-62	252	481118	N/A
72_8_2449_4075_6183/1	gi|3048443377|emb|OZ306171.1|	100.000	136	0	0	2	137	130415	130550	3.40e-62	252	481118	N/A
72_8_2449_4075_6183/1	gi|3048443334|emb|OZ306286.1|	100.000	136	0	0	2	137	66578334	66578199	3.40e-62	252	78511	N/A
72_8_2449_4075_6183/1	gi|3048264046|emb|OZ297787.1|	100.000	136	0	0	2	137	107704	107569	3.40e-62	252	55318	N/A
72_8_2449_4075_6183/1	gi|3048264046|emb|OZ297787.1|	100.000	136	0	0	2	137	136097	136232	3.40e-62	252	55318	N/A
72_8_2449_4075_6183/1	gi|3048228106|emb|OZ297184.1|	100.000	136	0	0	2	137	108404	108269	3.40e-62	252	397083	N/A
72_8_2449_4075_6183/1	gi|3048228106|emb|OZ297184.1|	100.000	136	0	0	2	137	136875	137010	3.40e-62	252	397083	N/A
72_8_2449_4075_6183/1	gi|3048195103|emb|OZ297140.1|	100.000	136	0	0	2	137	105960	105825	3.40e-62	252	59297	N/A
72_8_2449_4075_6183/1	gi|3048195103|emb|OZ297140.1|	100.000	136	0	0	2	137	132604	132739	3.40e-62	252	59297	N/A
72_8_2395_34227_21900/1	gi|2701784733|gb|OR911481.1|	100.000	111	0	0	2	112	108416	108306	2.69e-48	206	39414	N/A
72_8_2395_34227_21900/1	gi|2328376401|ref|NC_068049.1|	100.000	111	0	0	2	112	108416	108306	2.69e-48	206	39414	N/A
72_8_2395_34227_21900/1	gi|2288448399|gb|ON641301.1|	100.000	111	0	0	2	112	108818	108708	2.69e-48	206	185001	N/A
72_8_2395_34227_21900/1	gi|2050192475|gb|MW877582.1|	100.000	111	0	0	2	112	108510	108400	2.69e-48	206	39414	N/A
72_8_2395_34227_21900/1	gi|2050192381|gb|MW877581.1|	100.000	111	0	0	2	112	108694	108584	2.69e-48	206	185001	N/A
72_8_2336_31370_18440/1	gi|3001234137|gb|CP192106.1|	98.925	93	1	0	2	94	1526550	1526458	1.27e-36	167	3239895	N/A
72_8_2336_31370_18440/1	gi|3000061389|gb|CP192098.1|	97.849	93	2	0	2	94	1513902	1513810	5.90e-35	161	3239892	N/A
72_8_2336_31370_18440/1	gi|326948588|gb|CP002593.1|	97.500	40	1	0	17	56	6290397	6290358	3.68e-07	69.4	675635	N/A
72_8_2336_31370_18440/1	gi|2660023208|gb|CP109446.1|	97.143	35	1	0	15	49	7987865	7987899	2.21e-04	60.2	2903881	N/A
72_8_2247_24848_1350/1	gi|3048443377|emb|OZ306171.1|	100.000	136	0	0	2	137	103326	103191	3.40e-62	252	481118	N/A
72_8_2247_24848_1350/1	gi|3048443377|emb|OZ306171.1|	100.000	136	0	0	2	137	130415	130550	3.40e-62	252	481118	N/A
72_8_2247_24848_1350/1	gi|3048443334|emb|OZ306286.1|	100.000	136	0	0	2	137	66578334	66578199	3.40e-62	252	78511	N/A
72_8_2247_24848_1350/1	gi|3048264046|emb|OZ297787.1|	100.000	136	0	0	2	137	107704	107569	3.40e-62	252	55318	N/A
72_8_2247_24848_1350/1	gi|3048264046|emb|OZ297787.1|	100.000	136	0	0	2	137	136097	136232	3.40e-62	252	55318	N/A
72_8_2247_24848_1350/1	gi|3048228106|emb|OZ297184.1|	100.000	136	0	0	2	137	108404	108269	3.40e-62	252	397083	N/A
72_8_2247_24848_1350/1	gi|3048228106|emb|OZ297184.1|	100.000	136	0	0	2	137	136875	137010	3.40e-62	252	397083	N/A
72_8_2247_24848_1350/1	gi|3048195103|emb|OZ297140.1|	100.000	136	0	0	2	137	105960	105825	3.40e-62	252	59297	N/A
72_8_2247_24848_1350/1	gi|3048195103|emb|OZ297140.1|	100.000	136	0	0	2	137	132604	132739	3.40e-62	252	59297	N/A
72_8_1365_39187_14293/1	gi|2579357534|gb|CP117522.1|	89.552	67	7	0	1	67	6937435	6937501	3.65e-12	86.1	3026192	N/A
72_8_1365_39187_14293/1	gi|2413490837|gb|CP114036.1|	89.552	67	7	0	1	67	6709188	6709254	3.65e-12	86.1	2979468	N/A
72_8_1365_39187_14293/1	gi|2999471939|gb|CP192040.1|	85.185	81	12	0	14	94	1548616	1548536	1.31e-11	84.2	3239959	N/A
72_8_1365_39187_14293/1	gi|2999758142|gb|CP192020.1|	90.164	61	6	0	14	74	1454917	1454857	1.70e-10	80.5	3239963	N/A
72_8_1365_39187_14293/1	gi|2999661338|gb|CP192023.1|	90.164	61	6	0	14	74	1612876	1612816	1.70e-10	80.5	3239961	N/A
72_8_2223_18673_7892/1	gi|3048443377|emb|OZ306171.1|	100.000	136	0	0	2	137	103326	103191	3.40e-62	252	481118	N/A
72_8_2223_18673_7892/1	gi|3048443377|emb|OZ306171.1|	100.000	136	0	0	2	137	130415	130550	3.40e-62	252	481118	N/A
72_8_2223_18673_7892/1	gi|3048443334|emb|OZ306286.1|	100.000	136	0	0	2	137	66578334	66578199	3.40e-62	252	78511	N/A
72_8_2223_18673_7892/1	gi|3048264046|emb|OZ297787.1|	100.000	136	0	0	2	137	107704	107569	3.40e-62	252	55318	N/A
72_8_2223_18673_7892/1	gi|3048264046|emb|OZ297787.1|	100.000	136	0	0	2	137	136097	136232	3.40e-62	252	55318	N/A
72_8_2223_18673_7892/1	gi|3048228106|emb|OZ297184.1|	100.000	136	0	0	2	137	108404	108269	3.40e-62	252	397083	N/A
72_8_2223_18673_7892/1	gi|3048228106|emb|OZ297184.1|	100.000	136	0	0	2	137	136875	137010	3.40e-62	252	397083	N/A
72_8_2223_18673_7892/1	gi|3048195103|emb|OZ297140.1|	100.000	136	0	0	2	137	105960	105825	3.40e-62	252	59297	N/A
72_8_2223_18673_7892/1	gi|3048195103|emb|OZ297140.1|	100.000	136	0	0	2	137	132604	132739	3.40e-62	252	59297	N/A
72_8_2393_5087_19756/1	gi|3048443377|emb|OZ306171.1|	100.000	136	0	0	2	137	103326	103191	3.40e-62	252	481118	N/A
72_8_2393_5087_19756/1	gi|3048443377|emb|OZ306171.1|	100.000	136	0	0	2	137	130415	130550	3.40e-62	252	481118	N/A
72_8_2393_5087_19756/1	gi|3048443334|emb|OZ306286.1|	100.000	136	0	0	2	137	66578334	66578199	3.40e-62	252	78511	N/A
72_8_2393_5087_19756/1	gi|3048264046|emb|OZ297787.1|	100.000	136	0	0	2	137	107704	107569	3.40e-62	252	55318	N/A
72_8_2393_5087_19756/1	gi|3048264046|emb|OZ297787.1|	100.000	136	0	0	2	137	136097	136232	3.40e-62	252	55318	N/A
72_8_2393_5087_19756/1	gi|3048228106|emb|OZ297184.1|	100.000	136	0	0	2	137	108404	108269	3.40e-62	252	397083	N/A
72_8_2393_5087_19756/1	gi|3048228106|emb|OZ297184.1|	100.000	136	0	0	2	137	136875	137010	3.40e-62	252	397083	N/A
72_8_2393_5087_19756/1	gi|3048195103|emb|OZ297140.1|	100.000	136	0	0	2	137	105960	105825	3.40e-62	252	59297	N/A
72_8_2393_5087_19756/1	gi|3048195103|emb|OZ297140.1|	100.000	136	0	0	2	137	132604	132739	3.40e-62	252	59297	N/A
72_8_2336_7903_18272/1	gi|2560250289|emb|OY708460.1|	95.652	46	1	1	92	136	6486	6531	2.84e-08	73.1	2697049	N/A
72_8_2336_7903_18272/1	gi|685042186|emb|LN590711.1|	95.652	46	0	2	92	135	23107565	23107610	2.84e-08	73.1	7962	N/A
72_8_2336_7903_18272/1	gi|1084358385|gb|KT895861.1|	100.000	38	0	0	92	129	1643	1680	1.02e-07	71.3	29730	N/A
72_8_2336_7903_18272/1	gi|2560271642|emb|OY714418.1|	100.000	38	0	0	92	129	6747	6784	1.02e-07	71.3	2697049	N/A
72_8_2336_7903_18272/1	gi|2557638192|emb|OY694677.1|	93.750	48	1	2	88	135	4294	4339	1.02e-07	71.3	2697049	N/A
72_8_2406_17864_11142/1	gi|2701784733|gb|OR911481.1|	100.000	74	0	0	2	75	16587	16660	9.94e-28	137	39414	N/A
72_8_2406_17864_11142/1	gi|2701784733|gb|OR911481.1|	100.000	68	0	0	70	137	102349	102282	2.15e-24	126	39414	N/A
72_8_2406_17864_11142/1	gi|2701784733|gb|OR911481.1|	100.000	68	0	0	70	137	129769	129836	2.15e-24	126	39414	N/A
72_8_2406_17864_11142/1	gi|2328376401|ref|NC_068049.1|	100.000	74	0	0	2	75	16578	16651	9.94e-28	137	39414	N/A
72_8_2406_17864_11142/1	gi|2328376401|ref|NC_068049.1|	100.000	68	0	0	70	137	102318	102251	2.15e-24	126	39414	N/A
72_8_2406_17864_11142/1	gi|2328376401|ref|NC_068049.1|	100.000	68	0	0	70	137	129756	129823	2.15e-24	126	39414	N/A
72_8_2406_17864_11142/1	gi|2288448399|gb|ON641301.1|	100.000	74	0	0	2	75	16595	16668	9.94e-28	137	185001	N/A
72_8_2406_17864_11142/1	gi|2288448399|gb|ON641301.1|	100.000	68	0	0	70	137	102681	102614	2.15e-24	126	185001	N/A
72_8_2406_17864_11142/1	gi|2288448399|gb|ON641301.1|	100.000	68	0	0	70	137	130230	130297	2.15e-24	126	185001	N/A
72_8_2406_17864_11142/1	gi|2050192475|gb|MW877582.1|	100.000	74	0	0	2	75	16586	16659	9.94e-28	137	39414	N/A
72_8_2406_17864_11142/1	gi|2050192475|gb|MW877582.1|	100.000	68	0	0	70	137	102403	102336	2.15e-24	126	39414	N/A
72_8_2406_17864_11142/1	gi|2050192475|gb|MW877582.1|	100.000	68	0	0	70	137	129902	129969	2.15e-24	126	39414	N/A
72_8_2406_17864_11142/1	gi|2050192381|gb|MW877581.1|	100.000	74	0	0	2	75	16528	16601	9.94e-28	137	185001	N/A
72_8_2406_17864_11142/1	gi|2050192381|gb|MW877581.1|	100.000	68	0	0	70	137	102556	102489	2.15e-24	126	185001	N/A
72_8_2406_17864_11142/1	gi|2050192381|gb|MW877581.1|	100.000	68	0	0	70	137	130107	130174	2.15e-24	126	185001	N/A
72_8_1347_7328_18398/1	gi|3045267147|gb|PX049138.1|	100.000	136	0	0	2	137	104034	103899	3.40e-62	252	3454936	N/A
72_8_1347_7328_18398/1	gi|3045267147|gb|PX049138.1|	100.000	136	0	0	2	137	131400	131535	3.40e-62	252	3454936	N/A
72_8_1347_7328_18398/1	gi|3045267060|gb|PX049137.1|	100.000	136	0	0	2	137	104024	103889	3.40e-62	252	165317	N/A
72_8_1347_7328_18398/1	gi|3045267060|gb|PX049137.1|	100.000	136	0	0	2	137	131393	131528	3.40e-62	252	165317	N/A
72_8_1347_7328_18398/1	gi|3032662704|gb|PQ231107.1|	100.000	136	0	0	2	137	104286	104151	3.40e-62	252	572118	N/A
72_8_1347_7328_18398/1	gi|3032662704|gb|PQ231107.1|	100.000	136	0	0	2	137	131206	131341	3.40e-62	252	572118	N/A
72_8_1347_7328_18398/1	gi|3032662616|gb|PQ231106.1|	100.000	136	0	0	2	137	103803	103668	3.40e-62	252	694377	N/A
72_8_1347_7328_18398/1	gi|3032662616|gb|PQ231106.1|	100.000	136	0	0	2	137	130700	130835	3.40e-62	252	694377	N/A
72_8_1347_7328_18398/1	gi|3032662528|gb|PQ231105.1|	100.000	136	0	0	2	137	103821	103686	3.40e-62	252	694377	N/A
72_8_1347_7328_18398/1	gi|3032662528|gb|PQ231105.1|	100.000	136	0	0	2	137	130716	130851	3.40e-62	252	694377	N/A
72_8_1472_37957_17907/1	gi|2659882587|gb|CP109031.1|	84.956	113	15	2	2	113	7977403	7977514	1.68e-20	113	2903669	N/A
72_8_1472_37957_17907/1	gi|2874253978|emb|OY970303.1|	94.444	72	4	0	42	113	7129667	7129738	6.03e-20	111	412054	N/A
72_8_1472_37957_17907/1	gi|2697131811|gb|CP146837.1|	91.429	70	4	2	45	113	1002618	1002550	6.07e-15	95.3	68213	N/A
72_8_1472_37957_17907/1	gi|3004655134|gb|CP183924.1|	94.915	59	3	0	53	111	9559789	9559731	2.18e-14	93.5	83462	N/A
72_8_1472_37957_17907/1	gi|3004655134|gb|CP183924.1|	87.692	65	8	0	49	113	10107084	10107148	2.20e-09	76.8	83462	N/A
72_8_1472_37957_17907/1	gi|2658655229|gb|CP107935.1|	82.075	106	19	0	3	108	8791017	8791122	7.85e-14	91.6	2975739	N/A
72_8_2456_49133_21199/1	gi|2978724457|gb|PV611058.1|	91.525	59	1	3	69	124	295321	295378	6.11e-10	78.7	3421660	N/A
72_8_2456_49133_21199/1	gi|2978724457|gb|PV611058.1|	91.525	59	1	3	69	124	295784	295841	6.11e-10	78.7	3421660	N/A
72_8_2456_49133_21199/1	gi|2557643774|emb|OY673254.1|	95.652	46	2	0	69	114	21732	21777	7.91e-09	75.0	2697049	N/A
72_8_2456_49133_21199/1	gi|2463378371|dbj|AP027461.1|	93.878	49	3	0	66	114	1299629	1299677	7.91e-09	75.0	511145	N/A
72_8_2456_49133_21199/1	gi|2463378371|dbj|AP027461.1|	95.652	46	2	0	69	114	1628404	1628359	7.91e-09	75.0	511145	N/A
72_8_2456_49133_21199/1	gi|685049067|emb|LN597579.1|	100.000	40	0	0	64	103	1397	1436	7.91e-09	75.0	7962	N/A
72_8_2456_49133_21199/1	gi|685043901|emb|LN592426.1|	94.118	51	0	3	60	108	375099	375148	7.91e-09	75.0	7962	N/A
72_8_1465_14368_3269/1	gi|3048443377|emb|OZ306171.1|	100.000	136	0	0	2	137	103326	103191	3.40e-62	252	481118	N/A
72_8_1465_14368_3269/1	gi|3048443377|emb|OZ306171.1|	100.000	136	0	0	2	137	130415	130550	3.40e-62	252	481118	N/A
72_8_1465_14368_3269/1	gi|3048443334|emb|OZ306286.1|	100.000	136	0	0	2	137	66578334	66578199	3.40e-62	252	78511	N/A
72_8_1465_14368_3269/1	gi|3048264046|emb|OZ297787.1|	100.000	136	0	0	2	137	107704	107569	3.40e-62	252	55318	N/A
72_8_1465_14368_3269/1	gi|3048264046|emb|OZ297787.1|	100.000	136	0	0	2	137	136097	136232	3.40e-62	252	55318	N/A
72_8_1465_14368_3269/1	gi|3048228106|emb|OZ297184.1|	100.000	136	0	0	2	137	108404	108269	3.40e-62	252	397083	N/A
72_8_1465_14368_3269/1	gi|3048228106|emb|OZ297184.1|	100.000	136	0	0	2	137	136875	137010	3.40e-62	252	397083	N/A
72_8_1465_14368_3269/1	gi|3048195103|emb|OZ297140.1|	100.000	136	0	0	2	137	105960	105825	3.40e-62	252	59297	N/A
72_8_1465_14368_3269/1	gi|3048195103|emb|OZ297140.1|	100.000	136	0	0	2	137	132604	132739	3.40e-62	252	59297	N/A
72_8_2132_45111_6449/1	gi|2155043183|emb|OV015804.1|	97.500	40	0	1	50	88	29950	29911	1.32e-06	67.6	2697049	N/A
72_8_2132_45111_6449/1	gi|2524352013|emb|OY072335.1|	95.238	42	1	1	45	85	21650	21691	4.76e-06	65.8	2697049	N/A
72_8_2132_45111_6449/1	gi|685042181|emb|LN590706.1|	97.368	38	1	0	48	85	974543	974506	4.76e-06	65.8	7962	N/A
72_8_2132_45111_6449/1	gi|685042181|emb|LN590706.1|	100.000	28	0	0	52	79	10538279	10538252	0.037	52.8	7962	N/A
72_8_2132_45111_6449/1	gi|685042160|emb|LN590685.1|	91.837	49	1	3	46	91	16867634	16867586	4.76e-06	65.8	7962	N/A
72_8_2132_45111_6449/1	gi|685042160|emb|LN590685.1|	93.023	43	0	3	52	91	850808	850850	2.21e-04	60.2	7962	N/A
72_8_2132_45111_6449/1	gi|2991388636|dbj|AP040949.1|	97.368	38	0	1	51	87	3527636	3527673	1.71e-05	63.9	573	N/A
72_8_1252_43719_6393/1	gi|1678294016|gb|CP040748.1|	90.511	137	10	2	2	135	1054724	1054588	5.86e-40	178	2575440	N/A
72_8_2164_46422_6757/1	gi|3048443377|emb|OZ306171.1|	100.000	136	0	0	2	137	103326	103191	3.40e-62	252	481118	N/A
72_8_2164_46422_6757/1	gi|3048443377|emb|OZ306171.1|	100.000	136	0	0	2	137	130415	130550	3.40e-62	252	481118	N/A
72_8_2164_46422_6757/1	gi|3048443334|emb|OZ306286.1|	100.000	136	0	0	2	137	66578334	66578199	3.40e-62	252	78511	N/A
72_8_2164_46422_6757/1	gi|3048264046|emb|OZ297787.1|	100.000	136	0	0	2	137	107704	107569	3.40e-62	252	55318	N/A
72_8_2164_46422_6757/1	gi|3048264046|emb|OZ297787.1|	100.000	136	0	0	2	137	136097	136232	3.40e-62	252	55318	N/A
72_8_2164_46422_6757/1	gi|3048228106|emb|OZ297184.1|	100.000	136	0	0	2	137	108404	108269	3.40e-62	252	397083	N/A
72_8_2164_46422_6757/1	gi|3048228106|emb|OZ297184.1|	100.000	136	0	0	2	137	136875	137010	3.40e-62	252	397083	N/A
72_8_2164_46422_6757/1	gi|3048195103|emb|OZ297140.1|	100.000	136	0	0	2	137	105960	105825	3.40e-62	252	59297	N/A
72_8_2164_46422_6757/1	gi|3048195103|emb|OZ297140.1|	100.000	136	0	0	2	137	132604	132739	3.40e-62	252	59297	N/A
72_8_2443_29541_14714/1	gi|2734211018|emb|OZ059884.1|	94.286	35	1	1	5	38	17913210	17913176	0.037	52.8	988010	N/A
72_8_2443_29541_14714/1	gi|2314712887|emb|OX345647.1|	94.286	35	1	1	5	38	4132063	4132029	0.037	52.8	68564	N/A
72_8_1380_24524_23174/1	gi|2532166756|ref|XM_058125159.1|	92.683	41	1	2	4	43	256	295	7.96e-04	58.4	397392	N/A
72_8_1380_24524_23174/1	gi|2532166671|ref|XM_058124789.1|	92.683	41	1	2	4	43	169	208	7.96e-04	58.4	397392	N/A
72_8_2229_24775_27503/1	gi|3045267147|gb|PX049138.1|	100.000	136	0	0	2	137	104034	103899	3.40e-62	252	3454936	N/A
72_8_2229_24775_27503/1	gi|3045267147|gb|PX049138.1|	100.000	136	0	0	2	137	131400	131535	3.40e-62	252	3454936	N/A
72_8_2229_24775_27503/1	gi|3045267060|gb|PX049137.1|	100.000	136	0	0	2	137	104024	103889	3.40e-62	252	165317	N/A
72_8_2229_24775_27503/1	gi|3045267060|gb|PX049137.1|	100.000	136	0	0	2	137	131393	131528	3.40e-62	252	165317	N/A
72_8_2229_24775_27503/1	gi|3032662704|gb|PQ231107.1|	100.000	136	0	0	2	137	104286	104151	3.40e-62	252	572118	N/A
72_8_2229_24775_27503/1	gi|3032662704|gb|PQ231107.1|	100.000	136	0	0	2	137	131206	131341	3.40e-62	252	572118	N/A
72_8_2229_24775_27503/1	gi|3032662616|gb|PQ231106.1|	100.000	136	0	0	2	137	103803	103668	3.40e-62	252	694377	N/A
72_8_2229_24775_27503/1	gi|3032662616|gb|PQ231106.1|	100.000	136	0	0	2	137	130700	130835	3.40e-62	252	694377	N/A
72_8_2229_24775_27503/1	gi|3032662528|gb|PQ231105.1|	100.000	136	0	0	2	137	103821	103686	3.40e-62	252	694377	N/A
72_8_2229_24775_27503/1	gi|3032662528|gb|PQ231105.1|	100.000	136	0	0	2	137	130716	130851	3.40e-62	252	694377	N/A
72_8_1473_50783_6435/1	gi|2031301276|gb|CP073642.1|	95.588	68	3	0	2	69	12013101	12013034	2.17e-19	110	660624	N/A
72_8_1473_50783_6435/1	gi|2302101153|emb|OX326951.1|	95.455	66	3	0	2	67	3418400	3418465	2.80e-18	106	102599	N/A
72_8_1473_50783_6435/1	gi|2926021925|ref|XM_027213832.2|	92.063	63	5	0	2	64	468	530	2.82e-13	89.8	13443	N/A
72_8_1473_50783_6435/1	gi|2926021924|ref|XM_027213833.2|	92.063	63	5	0	2	64	524	586	2.82e-13	89.8	13443	N/A
72_8_1473_50783_6435/1	gi|2926021923|ref|XM_027213829.2|	92.063	63	5	0	2	64	474	536	2.82e-13	89.8	13443	N/A
72_8_1127_11941_28847/1	gi|2165834303|emb|OV196009.1|	95.745	47	1	1	91	137	121	76	7.91e-09	75.0	2697049	N/A
72_8_1127_11941_28847/1	gi|2165834303|emb|OV196009.1|	97.500	40	1	0	98	137	29912	29951	3.68e-07	69.4	2697049	N/A
72_8_1127_11941_28847/1	gi|2155043183|emb|OV015804.1|	100.000	40	0	0	95	134	29950	29911	7.91e-09	75.0	2697049	N/A
72_8_1127_11941_28847/1	gi|2165836832|emb|OV197136.1|	95.652	46	0	2	91	135	122	78	2.84e-08	73.1	2697049	N/A
72_8_1127_11941_28847/1	gi|2165836382|emb|OV196890.1|	97.674	43	0	1	91	133	123	82	2.84e-08	73.1	2697049	N/A
72_8_1127_11941_28847/1	gi|2165834670|emb|OV196177.1|	97.674	43	0	1	91	133	123	82	2.84e-08	73.1	2697049	N/A
72_8_1192_18026_11954/1	gi|2701784733|gb|OR911481.1|	99.265	136	1	0	2	137	33013	32878	1.58e-60	246	39414	N/A
72_8_1192_18026_11954/1	gi|2328376401|ref|NC_068049.1|	99.265	136	1	0	2	137	32999	32864	1.58e-60	246	39414	N/A
72_8_1192_18026_11954/1	gi|2288448399|gb|ON641301.1|	99.265	136	1	0	2	137	33215	33080	1.58e-60	246	185001	N/A
72_8_1192_18026_11954/1	gi|2050192475|gb|MW877582.1|	99.265	136	1	0	2	137	33012	32877	1.58e-60	246	39414	N/A
72_8_1192_18026_11954/1	gi|2050192381|gb|MW877581.1|	99.265	136	1	0	2	137	33141	33006	1.58e-60	246	185001	N/A
72_8_1181_27324_26004/1	gi|2678302889|gb|CP145296.1|	100.000	136	0	0	2	137	2752500	2752365	3.40e-62	252	29911	N/A
72_8_1181_27324_26004/1	gi|2678302884|gb|CP145293.1|	100.000	136	0	0	2	137	2757341	2757206	3.40e-62	252	29911	N/A
72_8_1181_27324_26004/1	gi|2497604268|gb|CP123354.1|	100.000	136	0	0	2	137	2766749	2766614	3.40e-62	252	5599	N/A
72_8_1181_27324_26004/1	gi|2324888001|ref|XM_051736640.1|	100.000	136	0	0	2	137	1059	924	3.40e-62	252	1187938	N/A
72_8_1181_27324_26004/1	gi|1909403002|gb|CP061875.1|	100.000	136	0	0	2	137	4023290	4023425	3.40e-62	252	5599	N/A
72_8_2243_26531_24407/1	gi|3048443377|emb|OZ306171.1|	100.000	136	0	0	2	137	103326	103191	3.40e-62	252	481118	N/A
72_8_2243_26531_24407/1	gi|3048443377|emb|OZ306171.1|	100.000	136	0	0	2	137	130415	130550	3.40e-62	252	481118	N/A
72_8_2243_26531_24407/1	gi|3048443334|emb|OZ306286.1|	100.000	136	0	0	2	137	66578334	66578199	3.40e-62	252	78511	N/A
72_8_2243_26531_24407/1	gi|3048264046|emb|OZ297787.1|	100.000	136	0	0	2	137	107704	107569	3.40e-62	252	55318	N/A
72_8_2243_26531_24407/1	gi|3048264046|emb|OZ297787.1|	100.000	136	0	0	2	137	136097	136232	3.40e-62	252	55318	N/A
72_8_2243_26531_24407/1	gi|3048228106|emb|OZ297184.1|	100.000	136	0	0	2	137	108404	108269	3.40e-62	252	397083	N/A
72_8_2243_26531_24407/1	gi|3048228106|emb|OZ297184.1|	100.000	136	0	0	2	137	136875	137010	3.40e-62	252	397083	N/A
72_8_2243_26531_24407/1	gi|3048195103|emb|OZ297140.1|	100.000	136	0	0	2	137	105960	105825	3.40e-62	252	59297	N/A
72_8_2243_26531_24407/1	gi|3048195103|emb|OZ297140.1|	100.000	136	0	0	2	137	132604	132739	3.40e-62	252	59297	N/A
72_8_1439_10314_19224/1	gi|2772236210|emb|OZ120372.1|	83.333	120	18	2	4	122	31600758	31600876	2.17e-19	110	4123	N/A
72_8_1439_10314_19224/1	gi|2925776028|emb|OZ240059.1|	81.667	120	18	4	2	119	17281763	17281646	1.69e-15	97.1	49576	N/A
72_8_1439_10314_19224/1	gi|2925776028|emb|OZ240059.1|	80.508	118	23	0	2	119	18824931	18824814	7.85e-14	91.6	49576	N/A
72_8_1439_10314_19224/1	gi|2925776028|emb|OZ240059.1|	80.000	120	20	4	2	119	11549065	11548948	3.65e-12	86.1	49576	N/A
72_8_1439_10314_19224/1	gi|2925776028|emb|OZ240059.1|	80.000	120	20	3	2	119	15112218	15112335	3.65e-12	86.1	49576	N/A
72_8_1439_10314_19224/1	gi|2925776028|emb|OZ240059.1|	80.000	120	20	4	2	119	19987822	19987705	3.65e-12	86.1	49576	N/A
72_8_1439_10314_19224/1	gi|2925776028|emb|OZ240059.1|	79.167	120	21	3	2	119	6301076	6301193	1.70e-10	80.5	49576	N/A
72_8_1439_10314_19224/1	gi|2925776028|emb|OZ240059.1|	79.167	120	21	3	2	119	15499094	15499211	1.70e-10	80.5	49576	N/A
72_8_1439_10314_19224/1	gi|2925776028|emb|OZ240059.1|	79.167	120	21	4	2	119	18447027	18446910	1.70e-10	80.5	49576	N/A
72_8_1439_10314_19224/1	gi|2925776028|emb|OZ240059.1|	77.119	118	23	4	2	117	20145928	20145813	4.76e-06	65.8	49576	N/A
72_8_1439_10314_19224/1	gi|2925776027|emb|OZ240058.1|	81.667	120	18	3	2	119	56751081	56751198	1.69e-15	97.1	49576	N/A
72_8_1439_10314_19224/1	gi|2925776027|emb|OZ240058.1|	80.833	120	19	4	2	119	21218746	21218629	7.85e-14	91.6	49576	N/A
72_8_1439_10314_19224/1	gi|2925776027|emb|OZ240058.1|	80.000	120	20	3	2	119	35505275	35505392	3.65e-12	86.1	49576	N/A
72_8_1439_10314_19224/1	gi|2925776027|emb|OZ240058.1|	80.000	120	20	4	2	119	38930669	38930552	3.65e-12	86.1	49576	N/A
72_8_1439_10314_19224/1	gi|2925776027|emb|OZ240058.1|	80.000	120	20	3	2	119	48962474	48962591	3.65e-12	86.1	49576	N/A
72_8_1439_10314_19224/1	gi|2925776027|emb|OZ240058.1|	79.661	118	20	4	2	117	57440214	57440099	4.72e-11	82.4	49576	N/A
72_8_1439_10314_19224/1	gi|2925776027|emb|OZ240058.1|	79.167	120	21	3	2	119	36880519	36880636	1.70e-10	80.5	49576	N/A
72_8_1439_10314_19224/1	gi|2925776027|emb|OZ240058.1|	79.167	120	21	3	2	119	45057469	45057586	1.70e-10	80.5	49576	N/A
72_8_1439_10314_19224/1	gi|2925776027|emb|OZ240058.1|	79.167	120	21	3	2	119	49028571	49028688	1.70e-10	80.5	49576	N/A
72_8_1439_10314_19224/1	gi|2925776027|emb|OZ240058.1|	79.167	120	21	3	2	119	50701511	50701628	1.70e-10	80.5	49576	N/A
72_8_1439_10314_19224/1	gi|2925776027|emb|OZ240058.1|	79.167	120	21	3	2	119	52004386	52004503	1.70e-10	80.5	49576	N/A
72_8_1439_10314_19224/1	gi|2925776027|emb|OZ240058.1|	79.167	120	21	4	2	119	52602315	52602198	1.70e-10	80.5	49576	N/A
72_8_1439_10314_19224/1	gi|2925776027|emb|OZ240058.1|	79.167	120	21	3	2	119	54493036	54493153	1.70e-10	80.5	49576	N/A
72_8_1439_10314_19224/1	gi|2925776027|emb|OZ240058.1|	78.333	120	22	3	2	119	40693263	40693380	7.91e-09	75.0	49576	N/A
72_8_1439_10314_19224/1	gi|2925776027|emb|OZ240058.1|	78.632	117	21	4	2	116	42453763	42453649	7.91e-09	75.0	49576	N/A
72_8_1439_10314_19224/1	gi|2925776027|emb|OZ240058.1|	77.500	120	23	4	2	119	52429974	52429857	3.68e-07	69.4	49576	N/A
72_8_1439_10314_19224/1	gi|2925776026|emb|OZ240057.1|	81.356	118	22	0	2	119	42059255	42059138	1.69e-15	97.1	49576	N/A
72_8_1439_10314_19224/1	gi|2925776026|emb|OZ240057.1|	80.833	120	19	3	2	119	40006235	40006352	7.85e-14	91.6	49576	N/A
72_8_1439_10314_19224/1	gi|2925776026|emb|OZ240057.1|	80.508	118	23	0	2	119	51115956	51115839	7.85e-14	91.6	49576	N/A
72_8_1439_10314_19224/1	gi|2925776026|emb|OZ240057.1|	80.000	120	20	3	2	119	33590820	33590937	3.65e-12	86.1	49576	N/A
72_8_1439_10314_19224/1	gi|2925776026|emb|OZ240057.1|	80.000	120	20	4	2	119	41387588	41387471	3.65e-12	86.1	49576	N/A
72_8_1439_10314_19224/1	gi|2925776026|emb|OZ240057.1|	80.000	120	20	4	2	119	50391298	50391181	3.65e-12	86.1	49576	N/A
72_8_1439_10314_19224/1	gi|2925776026|emb|OZ240057.1|	80.000	120	20	3	2	119	52044410	52044527	3.65e-12	86.1	49576	N/A
72_8_1439_10314_19224/1	gi|2925776026|emb|OZ240057.1|	80.000	120	20	4	2	119	62814483	62814366	3.65e-12	86.1	49576	N/A
72_8_1439_10314_19224/1	gi|2925776026|emb|OZ240057.1|	79.167	120	21	3	2	119	33054265	33054382	1.70e-10	80.5	49576	N/A
72_8_1439_10314_19224/1	gi|2925776026|emb|OZ240057.1|	79.167	120	21	3	2	119	34269292	34269409	1.70e-10	80.5	49576	N/A
72_8_1439_10314_19224/1	gi|2925776026|emb|OZ240057.1|	79.167	120	21	4	2	119	51699196	51699079	1.70e-10	80.5	49576	N/A
72_8_1439_10314_19224/1	gi|2925776026|emb|OZ240057.1|	79.167	120	21	4	2	119	52630932	52630815	1.70e-10	80.5	49576	N/A
72_8_1439_10314_19224/1	gi|2925776026|emb|OZ240057.1|	79.825	114	19	4	8	119	56746809	56746698	1.70e-10	80.5	49576	N/A
72_8_1439_10314_19224/1	gi|2925776026|emb|OZ240057.1|	79.167	120	21	4	2	119	65279564	65279447	1.70e-10	80.5	49576	N/A
72_8_1439_10314_19224/1	gi|2925776026|emb|OZ240057.1|	80.220	91	14	4	31	119	32306193	32306105	4.76e-06	65.8	49576	N/A
72_8_1439_10314_19224/1	gi|2925776026|emb|OZ240057.1|	79.787	94	15	3	28	119	50608323	50608414	4.76e-06	65.8	49576	N/A
72_8_1439_10314_19224/1	gi|2925776025|emb|OZ240056.1|	81.667	120	18	3	2	119	16805012	16805129	1.69e-15	97.1	49576	N/A
72_8_1439_10314_19224/1	gi|2925776025|emb|OZ240056.1|	80.992	121	17	4	2	119	24665383	24665266	7.85e-14	91.6	49576	N/A
72_8_1439_10314_19224/1	gi|2925776025|emb|OZ240056.1|	80.000	120	20	4	2	119	4460079	4459962	3.65e-12	86.1	49576	N/A
72_8_1439_10314_19224/1	gi|2925776025|emb|OZ240056.1|	80.000	120	20	4	2	119	7111666	7111549	3.65e-12	86.1	49576	N/A
72_8_1439_10314_19224/1	gi|2925776025|emb|OZ240056.1|	80.000	120	20	3	2	119	23308684	23308801	3.65e-12	86.1	49576	N/A
72_8_1439_10314_19224/1	gi|2925776025|emb|OZ240056.1|	79.661	118	20	4	4	119	78682	78567	4.72e-11	82.4	49576	N/A
72_8_1439_10314_19224/1	gi|2925776025|emb|OZ240056.1|	79.167	120	21	4	2	119	4511604	4511487	1.70e-10	80.5	49576	N/A
72_8_1439_10314_19224/1	gi|2925776025|emb|OZ240056.1|	79.167	120	21	4	2	119	9362445	9362328	1.70e-10	80.5	49576	N/A
72_8_1439_10314_19224/1	gi|2925776025|emb|OZ240056.1|	79.167	120	21	3	2	119	20221016	20221133	1.70e-10	80.5	49576	N/A
72_8_1439_10314_19224/1	gi|2925776025|emb|OZ240056.1|	79.167	120	21	3	2	119	21684304	21684421	1.70e-10	80.5	49576	N/A
72_8_1439_10314_19224/1	gi|2925776025|emb|OZ240056.1|	78.333	120	22	4	2	119	11889742	11889625	7.91e-09	75.0	49576	N/A
72_8_2314_38920_17165/1	gi|2203291034|dbj|AP025590.1|	97.794	136	3	0	2	137	1884515	1884650	3.43e-57	235	871541	N/A
72_8_2314_38920_17165/1	gi|987462575|gb|CP014232.1|	97.059	136	4	0	2	137	2390454	2390319	1.59e-55	230	544580	N/A
72_8_2314_38920_17165/1	gi|3003588433|gb|CP194891.1|	96.269	134	5	0	2	135	1826523	1826390	9.60e-53	220	544580	N/A
72_8_2314_38920_17165/1	gi|2899078649|gb|CP179721.1|	96.269	134	5	0	2	135	1455343	1455210	9.60e-53	220	1656	N/A
72_8_2314_38920_17165/1	gi|2430733898|gb|CP116224.1|	94.853	136	7	0	2	137	1845732	1845867	1.61e-50	213	544580	N/A
72_8_2354_4221_21199/1	gi|2701784733|gb|OR911481.1|	100.000	136	0	0	2	137	33013	32878	3.40e-62	252	39414	N/A
72_8_2354_4221_21199/1	gi|2328376401|ref|NC_068049.1|	100.000	136	0	0	2	137	32999	32864	3.40e-62	252	39414	N/A
72_8_2354_4221_21199/1	gi|2288448399|gb|ON641301.1|	100.000	136	0	0	2	137	33215	33080	3.40e-62	252	185001	N/A
72_8_2354_4221_21199/1	gi|2050192475|gb|MW877582.1|	100.000	136	0	0	2	137	33012	32877	3.40e-62	252	39414	N/A
72_8_2354_4221_21199/1	gi|2050192381|gb|MW877581.1|	100.000	136	0	0	2	137	33141	33006	3.40e-62	252	185001	N/A
72_8_1363_21174_7990/1	gi|1730283800|gb|CP043046.1|	91.176	136	12	0	2	137	149817	149952	3.50e-42	185	1940612	N/A
72_8_1363_21174_7990/1	gi|2971085639|gb|CP178749.1|	84.444	90	12	2	44	132	1043898	1043810	1.02e-12	87.9	463025	N/A
72_8_1363_21174_7990/1	gi|1040760067|gb|CP016171.1|	84.444	90	12	2	44	132	1249168	1249080	1.02e-12	87.9	463025	N/A
72_8_1363_21174_7990/1	gi|1040755036|gb|CP016170.1|	84.444	90	12	2	44	132	1268964	1268876	1.02e-12	87.9	463025	N/A
72_8_1363_21174_7990/1	gi|2461962085|gb|CP119573.1|	90.000	60	4	2	42	100	869487	869545	2.20e-09	76.8	3032282	N/A
72_8_2464_7530_18664/1	gi|2701784733|gb|OR911481.1|	100.000	136	0	0	2	137	33013	32878	3.40e-62	252	39414	N/A
72_8_2464_7530_18664/1	gi|2328376401|ref|NC_068049.1|	100.000	136	0	0	2	137	32999	32864	3.40e-62	252	39414	N/A
72_8_2464_7530_18664/1	gi|2288448399|gb|ON641301.1|	100.000	136	0	0	2	137	33215	33080	3.40e-62	252	185001	N/A
72_8_2464_7530_18664/1	gi|2050192475|gb|MW877582.1|	100.000	136	0	0	2	137	33012	32877	3.40e-62	252	39414	N/A
72_8_2464_7530_18664/1	gi|2050192381|gb|MW877581.1|	100.000	136	0	0	2	137	33141	33006	3.40e-62	252	185001	N/A
72_8_1406_36412_22656/1	gi|2032460714|gb|CP047289.1|	81.203	133	25	0	5	137	1071506	1071638	7.79e-19	108	2692330	N/A
72_8_1316_3096_21830/1	gi|1787147051|gb|CP046904.1|	90.667	75	7	0	2	76	1063497	1063423	1.30e-16	100	871742	N/A
72_8_1316_3096_21830/1	gi|1575585379|gb|CP035913.1|	90.667	75	7	0	2	76	5859473	5859547	1.30e-16	100	321985	N/A
72_8_1316_3096_21830/1	gi|2663942931|gb|CP143088.1|	87.671	73	9	0	3	75	6335815	6335887	3.65e-12	86.1	68219	N/A
72_8_1316_3096_21830/1	gi|3025447015|emb|OZ186899.1|	86.486	74	8	2	3	75	2766788	2766716	1.70e-10	80.5	1795815	N/A
72_8_1316_3096_21830/1	gi|2921943131|gb|CP182787.1|	86.301	73	10	0	3	75	6219138	6219210	1.70e-10	80.5	42684	N/A
72_8_1310_47822_3437/1	gi|2701784733|gb|OR911481.1|	97.794	136	3	0	2	137	33013	32878	3.43e-57	235	39414	N/A
72_8_1310_47822_3437/1	gi|2328376401|ref|NC_068049.1|	97.794	136	3	0	2	137	32999	32864	3.43e-57	235	39414	N/A
72_8_1310_47822_3437/1	gi|2288448399|gb|ON641301.1|	97.794	136	3	0	2	137	33215	33080	3.43e-57	235	185001	N/A
72_8_1310_47822_3437/1	gi|2050192475|gb|MW877582.1|	97.794	136	3	0	2	137	33012	32877	3.43e-57	235	39414	N/A
72_8_1310_47822_3437/1	gi|2050192381|gb|MW877581.1|	97.794	136	3	0	2	137	33141	33006	3.43e-57	235	185001	N/A
72_8_1401_9060_23553/1	gi|2805792360|gb|PQ124709.1|	100.000	129	0	0	2	130	97766	97638	2.65e-58	239	113209	N/A
72_8_1401_9060_23553/1	gi|2805792360|gb|PQ124709.1|	100.000	129	0	0	2	130	149968	150096	2.65e-58	239	113209	N/A
72_8_1401_9060_23553/1	gi|2805792263|gb|PQ124708.1|	100.000	129	0	0	2	130	97884	97756	2.65e-58	239	197811	N/A
72_8_1401_9060_23553/1	gi|2805792263|gb|PQ124708.1|	100.000	129	0	0	2	130	150122	150250	2.65e-58	239	197811	N/A
72_8_1401_9060_23553/1	gi|2805792167|gb|PQ124707.1|	100.000	129	0	0	2	130	97884	97756	2.65e-58	239	29818	N/A
72_8_1401_9060_23553/1	gi|2805792167|gb|PQ124707.1|	100.000	129	0	0	2	130	150122	150250	2.65e-58	239	29818	N/A
72_8_1401_9060_23553/1	gi|2805792070|gb|PQ124706.1|	100.000	129	0	0	2	130	97909	97781	2.65e-58	239	197796	N/A
72_8_1401_9060_23553/1	gi|2805792070|gb|PQ124706.1|	100.000	129	0	0	2	130	150056	150184	2.65e-58	239	197796	N/A
72_8_1401_9060_23553/1	gi|2724828596|ref|NC_088481.1|	100.000	129	0	0	2	130	97750	97622	2.65e-58	239	113209	N/A
72_8_1401_9060_23553/1	gi|2724828596|ref|NC_088481.1|	100.000	129	0	0	2	130	149957	150085	2.65e-58	239	113209	N/A
72_8_2426_51916_3493/1	gi|1888689060|gb|CP050454.1|	87.179	117	15	0	21	137	1766730	1766846	1.29e-26	134	2709302	N/A
72_8_2426_51916_3493/1	gi|1888676281|gb|CP050451.1|	87.179	117	15	0	21	137	2561587	2561703	1.29e-26	134	2709303	N/A
72_8_1222_26345_8088/1	gi|2557639802|emb|OY695838.1|	100.000	35	0	0	103	137	4716	4750	4.76e-06	65.8	2697049	N/A
72_8_1222_26345_8088/1	gi|685047575|emb|LN596087.1|	100.000	33	0	0	105	137	6215	6183	6.15e-05	62.1	7962	N/A
72_8_1222_26345_8088/1	gi|685046121|emb|LN594646.1|	100.000	33	0	0	105	137	156225	156257	6.15e-05	62.1	7962	N/A
72_8_1222_26345_8088/1	gi|2991388677|dbj|AP040990.1|	94.872	39	1	1	100	137	4842216	4842178	2.21e-04	60.2	562	N/A
72_8_1222_26345_8088/1	gi|2686256159|emb|OZ008443.1|	97.143	35	1	0	103	137	1871	1905	2.21e-04	60.2	2587225	N/A
72_8_1209_26539_23328/1	gi|3048443377|emb|OZ306171.1|	100.000	136	0	0	2	137	103326	103191	3.40e-62	252	481118	N/A
72_8_1209_26539_23328/1	gi|3048443377|emb|OZ306171.1|	100.000	136	0	0	2	137	130415	130550	3.40e-62	252	481118	N/A
72_8_1209_26539_23328/1	gi|3048443334|emb|OZ306286.1|	100.000	136	0	0	2	137	66578334	66578199	3.40e-62	252	78511	N/A
72_8_1209_26539_23328/1	gi|3048264046|emb|OZ297787.1|	100.000	136	0	0	2	137	107704	107569	3.40e-62	252	55318	N/A
72_8_1209_26539_23328/1	gi|3048264046|emb|OZ297787.1|	100.000	136	0	0	2	137	136097	136232	3.40e-62	252	55318	N/A
72_8_1209_26539_23328/1	gi|3048228106|emb|OZ297184.1|	100.000	136	0	0	2	137	108404	108269	3.40e-62	252	397083	N/A
72_8_1209_26539_23328/1	gi|3048228106|emb|OZ297184.1|	100.000	136	0	0	2	137	136875	137010	3.40e-62	252	397083	N/A
72_8_1209_26539_23328/1	gi|3048195103|emb|OZ297140.1|	100.000	136	0	0	2	137	105960	105825	3.40e-62	252	59297	N/A
72_8_1209_26539_23328/1	gi|3048195103|emb|OZ297140.1|	100.000	136	0	0	2	137	132604	132739	3.40e-62	252	59297	N/A
72_8_1349_25956_1532/1	gi|2557643774|emb|OY673254.1|	95.652	46	2	0	87	132	21732	21777	7.91e-09	75.0	2697049	N/A
72_8_1349_25956_1532/1	gi|2463378371|dbj|AP027461.1|	95.652	46	2	0	87	132	1299632	1299677	7.91e-09	75.0	511145	N/A
72_8_1349_25956_1532/1	gi|2463378371|dbj|AP027461.1|	95.652	46	2	0	87	132	1628404	1628359	7.91e-09	75.0	511145	N/A
72_8_1349_25956_1532/1	gi|685049978|emb|LN598497.1|	95.745	47	0	2	82	126	5650	5604	7.91e-09	75.0	7962	N/A
72_8_1349_25956_1532/1	gi|2524352013|emb|OY072335.1|	97.619	42	1	0	79	120	21650	21691	2.84e-08	73.1	2697049	N/A
72_8_1349_25956_1532/1	gi|2165836832|emb|OV197136.1|	93.878	49	1	2	85	132	118	71	2.84e-08	73.1	2697049	N/A
72_8_1380_36217_8396/1	gi|2701784733|gb|OR911481.1|	100.000	136	0	0	2	137	33013	32878	3.40e-62	252	39414	N/A
72_8_1380_36217_8396/1	gi|2328376401|ref|NC_068049.1|	100.000	136	0	0	2	137	32999	32864	3.40e-62	252	39414	N/A
72_8_1380_36217_8396/1	gi|2288448399|gb|ON641301.1|	100.000	136	0	0	2	137	33215	33080	3.40e-62	252	185001	N/A
72_8_1380_36217_8396/1	gi|2050192475|gb|MW877582.1|	100.000	136	0	0	2	137	33012	32877	3.40e-62	252	39414	N/A
72_8_1380_36217_8396/1	gi|2050192381|gb|MW877581.1|	100.000	136	0	0	2	137	33141	33006	3.40e-62	252	185001	N/A
72_8_2327_39729_26382/1	gi|2918369718|emb|OZ237791.1|	97.368	38	1	0	92	129	8792481	8792518	4.76e-06	65.8	311461	N/A
72_8_2327_39729_26382/1	gi|2918369718|emb|OZ237791.1|	96.970	33	1	0	92	124	8184514	8184482	0.003	56.5	311461	N/A
72_8_2327_39729_26382/1	gi|2918369718|emb|OZ237791.1|	100.000	29	0	0	95	123	980016	979988	0.010	54.7	311461	N/A
72_8_2327_39729_26382/1	gi|2918369718|emb|OZ237791.1|	100.000	28	0	0	97	124	6996035	6996008	0.037	52.8	311461	N/A
72_8_2327_39729_26382/1	gi|2589085437|emb|OY743184.1|	97.297	37	1	0	94	130	42028071	42028107	1.71e-05	63.9	13597	N/A
72_8_2327_39729_26382/1	gi|1894914078|emb|LR877223.1|	93.182	44	2	1	92	134	56416625	56416582	1.71e-05	63.9	60746	N/A
72_8_2327_39729_26382/1	gi|1894914078|emb|LR877223.1|	96.970	33	1	0	92	124	13031210	13031242	0.003	56.5	60746	N/A
72_8_2327_39729_26382/1	gi|1894914078|emb|LR877223.1|	96.970	33	1	0	92	124	56416350	56416318	0.003	56.5	60746	N/A
72_8_2327_39729_26382/1	gi|1894914078|emb|LR877223.1|	96.970	33	1	0	92	124	56416452	56416420	0.003	56.5	60746	N/A
72_8_2327_39729_26382/1	gi|1894914078|emb|LR877223.1|	96.970	33	1	0	92	124	56416782	56416750	0.003	56.5	60746	N/A
72_8_2327_39729_26382/1	gi|1894914078|emb|LR877223.1|	96.970	33	1	0	92	124	56416929	56416897	0.003	56.5	60746	N/A
72_8_2327_39729_26382/1	gi|1894914078|emb|LR877223.1|	96.970	33	1	0	92	124	56417147	56417115	0.003	56.5	60746	N/A
72_8_2327_39729_26382/1	gi|1894914078|emb|LR877223.1|	96.970	33	1	0	92	124	56417228	56417196	0.003	56.5	60746	N/A
72_8_2327_39729_26382/1	gi|1894914078|emb|LR877223.1|	100.000	29	0	0	96	124	56417009	56416981	0.010	54.7	60746	N/A
72_8_2327_39729_26382/1	gi|1894914078|emb|LR877223.1|	100.000	28	0	0	97	124	57553343	57553316	0.037	52.8	60746	N/A
72_8_2327_39729_26382/1	gi|1894914078|emb|LR877223.1|	100.000	28	0	0	97	124	57553373	57553346	0.037	52.8	60746	N/A
72_8_2327_39729_26382/1	gi|3048443253|emb|OZ306324.1|	97.222	36	1	0	92	127	12488755	12488720	6.15e-05	62.1	2744210	N/A
72_8_2327_39729_26382/1	gi|3048443253|emb|OZ306324.1|	97.222	36	1	0	92	127	12488911	12488876	6.15e-05	62.1	2744210	N/A
72_8_2327_39729_26382/1	gi|3035661342|emb|OZ296894.1|	100.000	33	0	0	92	124	30460526	30460494	6.15e-05	62.1	7671	N/A
72_8_2327_39729_26382/1	gi|3035661342|emb|OZ296894.1|	100.000	29	0	0	96	124	23143259	23143287	0.010	54.7	7671	N/A
72_8_1497_39430_17963/1	gi|2978724457|gb|PV611058.1|	89.744	78	4	4	63	137	295322	295398	1.69e-15	97.1	3421660	N/A
72_8_1497_39430_17963/1	gi|2978724457|gb|PV611058.1|	89.831	59	2	4	63	118	295785	295842	2.84e-08	73.1	3421660	N/A
72_8_1497_39430_17963/1	gi|2874254084|emb|OY970167.1|	94.000	50	3	0	2	51	2027845	2027796	2.20e-09	76.8	3039803	N/A
72_8_1497_39430_17963/1	gi|2656407597|gb|CP109390.1|	94.000	50	3	0	2	51	3558338	3558289	2.20e-09	76.8	2903577	N/A
72_8_1497_39430_17963/1	gi|2557643774|emb|OY673254.1|	91.111	45	4	0	63	107	21733	21777	6.15e-05	62.1	2697049	N/A
72_8_1497_39430_17963/1	gi|2463378371|dbj|AP027461.1|	91.111	45	4	0	63	107	1299633	1299677	6.15e-05	62.1	511145	N/A
72_8_1497_39430_17963/1	gi|2463378371|dbj|AP027461.1|	91.111	45	4	0	63	107	1628403	1628359	6.15e-05	62.1	511145	N/A
72_8_2471_42505_25275/1	gi|3045267147|gb|PX049138.1|	100.000	136	0	0	2	137	104034	103899	3.40e-62	252	3454936	N/A
72_8_2471_42505_25275/1	gi|3045267147|gb|PX049138.1|	100.000	136	0	0	2	137	131400	131535	3.40e-62	252	3454936	N/A
72_8_2471_42505_25275/1	gi|3045267060|gb|PX049137.1|	100.000	136	0	0	2	137	104024	103889	3.40e-62	252	165317	N/A
72_8_2471_42505_25275/1	gi|3045267060|gb|PX049137.1|	100.000	136	0	0	2	137	131393	131528	3.40e-62	252	165317	N/A
72_8_2471_42505_25275/1	gi|3032662704|gb|PQ231107.1|	100.000	136	0	0	2	137	104286	104151	3.40e-62	252	572118	N/A
72_8_2471_42505_25275/1	gi|3032662704|gb|PQ231107.1|	100.000	136	0	0	2	137	131206	131341	3.40e-62	252	572118	N/A
72_8_2471_42505_25275/1	gi|3032662616|gb|PQ231106.1|	100.000	136	0	0	2	137	103803	103668	3.40e-62	252	694377	N/A
72_8_2471_42505_25275/1	gi|3032662616|gb|PQ231106.1|	100.000	136	0	0	2	137	130700	130835	3.40e-62	252	694377	N/A
72_8_2471_42505_25275/1	gi|3032662528|gb|PQ231105.1|	100.000	136	0	0	2	137	103821	103686	3.40e-62	252	694377	N/A
72_8_2471_42505_25275/1	gi|3032662528|gb|PQ231105.1|	100.000	136	0	0	2	137	130716	130851	3.40e-62	252	694377	N/A
72_8_1310_7579_24827/1	gi|2701784733|gb|OR911481.1|	100.000	136	0	0	2	137	33013	32878	3.40e-62	252	39414	N/A
72_8_1310_7579_24827/1	gi|2328376401|ref|NC_068049.1|	100.000	136	0	0	2	137	32999	32864	3.40e-62	252	39414	N/A
72_8_1310_7579_24827/1	gi|2288448399|gb|ON641301.1|	100.000	136	0	0	2	137	33215	33080	3.40e-62	252	185001	N/A
72_8_1310_7579_24827/1	gi|2050192475|gb|MW877582.1|	100.000	136	0	0	2	137	33012	32877	3.40e-62	252	39414	N/A
72_8_1310_7579_24827/1	gi|2050192381|gb|MW877581.1|	100.000	136	0	0	2	137	33141	33006	3.40e-62	252	185001	N/A
72_8_1370_9634_25219/1	gi|3045267147|gb|PX049138.1|	100.000	136	0	0	2	137	104034	103899	3.40e-62	252	3454936	N/A
72_8_1370_9634_25219/1	gi|3045267147|gb|PX049138.1|	100.000	136	0	0	2	137	131400	131535	3.40e-62	252	3454936	N/A
72_8_1370_9634_25219/1	gi|3045267060|gb|PX049137.1|	100.000	136	0	0	2	137	104024	103889	3.40e-62	252	165317	N/A
72_8_1370_9634_25219/1	gi|3045267060|gb|PX049137.1|	100.000	136	0	0	2	137	131393	131528	3.40e-62	252	165317	N/A
72_8_1370_9634_25219/1	gi|3032662704|gb|PQ231107.1|	100.000	136	0	0	2	137	104286	104151	3.40e-62	252	572118	N/A
72_8_1370_9634_25219/1	gi|3032662704|gb|PQ231107.1|	100.000	136	0	0	2	137	131206	131341	3.40e-62	252	572118	N/A
72_8_1370_9634_25219/1	gi|3032662616|gb|PQ231106.1|	100.000	136	0	0	2	137	103803	103668	3.40e-62	252	694377	N/A
72_8_1370_9634_25219/1	gi|3032662616|gb|PQ231106.1|	100.000	136	0	0	2	137	130700	130835	3.40e-62	252	694377	N/A
72_8_1370_9634_25219/1	gi|3032662528|gb|PQ231105.1|	100.000	136	0	0	2	137	103821	103686	3.40e-62	252	694377	N/A
72_8_1370_9634_25219/1	gi|3032662528|gb|PQ231105.1|	100.000	136	0	0	2	137	130716	130851	3.40e-62	252	694377	N/A
72_8_1485_31629_17263/1	gi|2249528541|gb|ON685362.1|	100.000	136	0	0	2	137	2866	2731	3.40e-62	252	185001	N/A
72_8_1485_31629_17263/1	gi|2169218512|gb|OK523422.1|	100.000	136	0	0	2	137	3204	3069	3.40e-62	252	101999	N/A
72_8_1485_31629_17263/1	gi|2169218506|gb|OK523416.1|	100.000	136	0	0	2	137	3202	3067	3.40e-62	252	197809	N/A
72_8_1485_31629_17263/1	gi|2169218505|gb|OK523415.1|	100.000	136	0	0	2	137	3207	3072	3.40e-62	252	185001	N/A
72_8_1485_31629_17263/1	gi|2169218502|gb|OK523412.1|	100.000	136	0	0	2	137	3204	3069	3.40e-62	252	101996	N/A
72_8_2283_20114_18566/1	gi|3017654393|emb|OZ274272.1|	84.694	98	12	2	41	135	24375279	24375182	6.07e-15	95.3	165317	N/A
72_8_2283_20114_18566/1	gi|3018290000|emb|OZ276468.1|	83.673	98	13	2	41	135	25554056	25553959	2.82e-13	89.8	165317	N/A
72_8_2392_12661_1714/1	gi|2484477316|gb|CP121648.1|	83.212	137	21	2	2	137	7511382	7511517	7.74e-24	124	3138063	N/A
72_8_2392_12661_1714/1	gi|168192641|gb|CP000943.1|	83.212	137	21	2	2	137	7534133	7534268	7.74e-24	124	426117	N/A
72_8_2392_12661_1714/1	gi|2185976717|gb|CP063400.1|	81.618	136	23	2	2	136	4640143	4640009	6.03e-20	111	2806347	N/A
72_8_2392_12661_1714/1	gi|2952542142|gb|CP186262.1|	80.576	139	23	4	1	137	342074	341938	1.01e-17	104	3411355	N/A
72_8_2392_12661_1714/1	gi|1368667805|gb|CP027792.1|	80.435	138	23	4	2	137	465753	465618	3.63e-17	102	2116657	N/A
72_8_1340_23780_17991/1	gi|2701784733|gb|OR911481.1|	100.000	136	0	0	2	137	33013	32878	3.40e-62	252	39414	N/A
72_8_1340_23780_17991/1	gi|2328376401|ref|NC_068049.1|	100.000	136	0	0	2	137	32999	32864	3.40e-62	252	39414	N/A
72_8_1340_23780_17991/1	gi|2288448399|gb|ON641301.1|	100.000	136	0	0	2	137	33215	33080	3.40e-62	252	185001	N/A
72_8_1340_23780_17991/1	gi|2050192475|gb|MW877582.1|	100.000	136	0	0	2	137	33012	32877	3.40e-62	252	39414	N/A
72_8_1340_23780_17991/1	gi|2050192381|gb|MW877581.1|	100.000	136	0	0	2	137	33141	33006	3.40e-62	252	185001	N/A
72_8_2244_43735_7177/1	gi|2813171436|gb|PQ325515.1|	100.000	136	0	0	2	137	100259	100124	3.40e-62	252	254027	N/A
72_8_2244_43735_7177/1	gi|2813171436|gb|PQ325515.1|	100.000	136	0	0	2	137	137179	137314	3.40e-62	252	254027	N/A
72_8_2244_43735_7177/1	gi|2805792360|gb|PQ124709.1|	100.000	136	0	0	2	137	99842	99977	3.40e-62	252	113209	N/A
72_8_2244_43735_7177/1	gi|2805792360|gb|PQ124709.1|	100.000	136	0	0	2	137	147892	147757	3.40e-62	252	113209	N/A
72_8_2244_43735_7177/1	gi|2805792263|gb|PQ124708.1|	100.000	136	0	0	2	137	99959	100094	3.40e-62	252	197811	N/A
72_8_2244_43735_7177/1	gi|2805792263|gb|PQ124708.1|	100.000	136	0	0	2	137	148047	147912	3.40e-62	252	197811	N/A
72_8_2244_43735_7177/1	gi|2805792167|gb|PQ124707.1|	100.000	136	0	0	2	137	99959	100094	3.40e-62	252	29818	N/A
72_8_2244_43735_7177/1	gi|2805792167|gb|PQ124707.1|	100.000	136	0	0	2	137	148047	147912	3.40e-62	252	29818	N/A
72_8_2244_43735_7177/1	gi|2805792070|gb|PQ124706.1|	100.000	136	0	0	2	137	99985	100120	3.40e-62	252	197796	N/A
72_8_2244_43735_7177/1	gi|2805792070|gb|PQ124706.1|	100.000	136	0	0	2	137	147980	147845	3.40e-62	252	197796	N/A
72_8_1218_47627_23973/1	gi|3018944779|emb|OZ280716.1|	92.500	40	1	1	1	40	618189	618152	0.003	56.5	46056	N/A
72_8_1218_47627_23973/1	gi|3018944775|emb|OZ280712.1|	100.000	30	0	0	1	30	40375098	40375127	0.003	56.5	46056	N/A
72_8_1218_47627_23973/1	gi|2320573697|ref|XM_051273635.1|	96.875	32	0	1	1	31	606	637	0.037	52.8	175694	N/A
72_8_1218_47627_23973/1	gi|2320573695|ref|XM_051273634.1|	96.875	32	0	1	1	31	663	694	0.037	52.8	175694	N/A
72_8_1218_47627_23973/1	gi|2320573693|ref|XM_051273633.1|	96.875	32	0	1	1	31	770	801	0.037	52.8	175694	N/A
72_8_1156_32900_21535/1	gi|3048443377|emb|OZ306171.1|	100.000	136	0	0	2	137	103326	103191	3.40e-62	252	481118	N/A
72_8_1156_32900_21535/1	gi|3048443377|emb|OZ306171.1|	100.000	136	0	0	2	137	130415	130550	3.40e-62	252	481118	N/A
72_8_1156_32900_21535/1	gi|3048443334|emb|OZ306286.1|	100.000	136	0	0	2	137	66578334	66578199	3.40e-62	252	78511	N/A
72_8_1156_32900_21535/1	gi|3048264046|emb|OZ297787.1|	100.000	136	0	0	2	137	107704	107569	3.40e-62	252	55318	N/A
72_8_1156_32900_21535/1	gi|3048264046|emb|OZ297787.1|	100.000	136	0	0	2	137	136097	136232	3.40e-62	252	55318	N/A
72_8_1156_32900_21535/1	gi|3048228106|emb|OZ297184.1|	100.000	136	0	0	2	137	108404	108269	3.40e-62	252	397083	N/A
72_8_1156_32900_21535/1	gi|3048228106|emb|OZ297184.1|	100.000	136	0	0	2	137	136875	137010	3.40e-62	252	397083	N/A
72_8_1156_32900_21535/1	gi|3048195103|emb|OZ297140.1|	100.000	136	0	0	2	137	105960	105825	3.40e-62	252	59297	N/A
72_8_1156_32900_21535/1	gi|3048195103|emb|OZ297140.1|	100.000	136	0	0	2	137	132604	132739	3.40e-62	252	59297	N/A
72_8_1224_30173_8018/1	gi|3045267147|gb|PX049138.1|	100.000	136	0	0	2	137	104034	103899	3.40e-62	252	3454936	N/A
72_8_1224_30173_8018/1	gi|3045267147|gb|PX049138.1|	100.000	136	0	0	2	137	131400	131535	3.40e-62	252	3454936	N/A
72_8_1224_30173_8018/1	gi|3045267060|gb|PX049137.1|	100.000	136	0	0	2	137	104024	103889	3.40e-62	252	165317	N/A
72_8_1224_30173_8018/1	gi|3045267060|gb|PX049137.1|	100.000	136	0	0	2	137	131393	131528	3.40e-62	252	165317	N/A
72_8_1224_30173_8018/1	gi|3032662704|gb|PQ231107.1|	100.000	136	0	0	2	137	104286	104151	3.40e-62	252	572118	N/A
72_8_1224_30173_8018/1	gi|3032662704|gb|PQ231107.1|	100.000	136	0	0	2	137	131206	131341	3.40e-62	252	572118	N/A
72_8_1224_30173_8018/1	gi|3032662616|gb|PQ231106.1|	100.000	136	0	0	2	137	103803	103668	3.40e-62	252	694377	N/A
72_8_1224_30173_8018/1	gi|3032662616|gb|PQ231106.1|	100.000	136	0	0	2	137	130700	130835	3.40e-62	252	694377	N/A
72_8_1224_30173_8018/1	gi|3032662528|gb|PQ231105.1|	100.000	136	0	0	2	137	103821	103686	3.40e-62	252	694377	N/A
72_8_1224_30173_8018/1	gi|3032662528|gb|PQ231105.1|	100.000	136	0	0	2	137	130716	130851	3.40e-62	252	694377	N/A
72_8_1161_36234_7696/1	gi|2928257069|emb|OZ241259.1|	89.474	76	8	0	3	78	54391500	54391575	1.69e-15	97.1	4166	N/A
72_8_1161_36234_7696/1	gi|2928257035|emb|OZ241225.1|	89.474	76	8	0	3	78	52131612	52131687	1.69e-15	97.1	4166	N/A
72_8_1161_36234_7696/1	gi|2302100155|emb|OX326947.1|	88.158	76	7	2	2	76	46556939	46556865	2.82e-13	89.8	102599	N/A
72_8_1161_36234_7696/1	gi|2961944972|emb|OZ253760.1|	87.013	77	10	0	2	78	22061390	22061314	1.02e-12	87.9	39353	N/A
72_8_1161_36234_7696/1	gi|2961944859|emb|OZ253703.1|	87.013	77	10	0	2	78	22156957	22156881	1.02e-12	87.9	39353	N/A
72_8_2323_47255_17669/1	gi|2701784733|gb|OR911481.1|	100.000	136	0	0	2	137	33013	32878	3.40e-62	252	39414	N/A
72_8_2323_47255_17669/1	gi|2328376401|ref|NC_068049.1|	100.000	136	0	0	2	137	32999	32864	3.40e-62	252	39414	N/A
72_8_2323_47255_17669/1	gi|2288448399|gb|ON641301.1|	100.000	136	0	0	2	137	33215	33080	3.40e-62	252	185001	N/A
72_8_2323_47255_17669/1	gi|2050192475|gb|MW877582.1|	100.000	136	0	0	2	137	33012	32877	3.40e-62	252	39414	N/A
72_8_2323_47255_17669/1	gi|2050192381|gb|MW877581.1|	100.000	136	0	0	2	137	33141	33006	3.40e-62	252	185001	N/A
72_8_2166_39479_1686/1	gi|2927221458|emb|OZ240802.1|	84.956	113	13	4	22	132	14900336	14900226	6.03e-20	111	195138	N/A
72_8_2453_36298_9629/1	gi|2076438840|gb|CP075369.1|	82.836	134	23	0	4	137	197795	197662	1.00e-22	121	2021379	N/A
72_8_2453_36298_9629/1	gi|1132439291|gb|CP019044.1|	89.333	75	8	0	58	132	311056	310982	6.07e-15	95.3	2712698	N/A
72_8_2453_36298_9629/1	gi|240856645|gb|CP001622.1|	78.788	132	24	4	8	137	89720	89591	3.65e-12	86.1	395491	N/A
72_8_2453_36298_9629/1	gi|2952471235|emb|OZ248470.1|	87.879	66	8	0	72	137	297588	297653	6.11e-10	78.7	2717345	N/A
72_8_2453_36298_9629/1	gi|1850960007|gb|CP054027.1|	77.273	132	26	4	8	137	3887402	3887531	7.91e-09	75.0	1538159	N/A
72_8_2429_16335_19504/1	gi|3048443377|emb|OZ306171.1|	100.000	136	0	0	2	137	103326	103191	3.40e-62	252	481118	N/A
72_8_2429_16335_19504/1	gi|3048443377|emb|OZ306171.1|	100.000	136	0	0	2	137	130415	130550	3.40e-62	252	481118	N/A
72_8_2429_16335_19504/1	gi|3048443334|emb|OZ306286.1|	100.000	136	0	0	2	137	66578334	66578199	3.40e-62	252	78511	N/A
72_8_2429_16335_19504/1	gi|3048264046|emb|OZ297787.1|	100.000	136	0	0	2	137	107704	107569	3.40e-62	252	55318	N/A
72_8_2429_16335_19504/1	gi|3048264046|emb|OZ297787.1|	100.000	136	0	0	2	137	136097	136232	3.40e-62	252	55318	N/A
72_8_2429_16335_19504/1	gi|3048228106|emb|OZ297184.1|	100.000	136	0	0	2	137	108404	108269	3.40e-62	252	397083	N/A
72_8_2429_16335_19504/1	gi|3048228106|emb|OZ297184.1|	100.000	136	0	0	2	137	136875	137010	3.40e-62	252	397083	N/A
72_8_2429_16335_19504/1	gi|3048195103|emb|OZ297140.1|	100.000	136	0	0	2	137	105960	105825	3.40e-62	252	59297	N/A
72_8_2429_16335_19504/1	gi|3048195103|emb|OZ297140.1|	100.000	136	0	0	2	137	132604	132739	3.40e-62	252	59297	N/A
72_8_2471_24184_12753/1	gi|2724827940|ref|NC_088474.1|	99.265	136	1	0	2	137	16137	16272	1.58e-60	246	1439916	N/A
72_8_2471_24184_12753/1	gi|2701784733|gb|OR911481.1|	99.265	136	1	0	2	137	15917	16052	1.58e-60	246	39414	N/A
72_8_2471_24184_12753/1	gi|2724827759|ref|NC_088472.1|	99.265	136	1	0	2	137	16113	16248	1.58e-60	246	2675945	N/A
72_8_2471_24184_12753/1	gi|2724826836|ref|NC_088462.1|	99.265	136	1	0	2	137	16029	16164	1.58e-60	246	197793	N/A
72_8_2471_24184_12753/1	gi|2328376401|ref|NC_068049.1|	99.265	136	1	0	2	137	15908	16043	1.58e-60	246	39414	N/A
72_8_2175_24694_1420/1	gi|2805792360|gb|PQ124709.1|	100.000	136	0	0	2	137	954	1089	3.40e-62	252	113209	N/A
72_8_2175_24694_1420/1	gi|2805792263|gb|PQ124708.1|	100.000	136	0	0	2	137	946	1081	3.40e-62	252	197811	N/A
72_8_2175_24694_1420/1	gi|2805792167|gb|PQ124707.1|	100.000	136	0	0	2	137	946	1081	3.40e-62	252	29818	N/A
72_8_2175_24694_1420/1	gi|2781957557|emb|OZ125092.1|	100.000	136	0	0	2	137	1256	1391	3.40e-62	252	46032	N/A
72_8_2175_24694_1420/1	gi|2781957553|emb|OZ125088.1|	100.000	136	0	0	2	137	33808522	33808657	3.40e-62	252	46032	N/A
72_8_2175_24694_1420/1	gi|2781957553|emb|OZ125088.1|	90.840	131	12	0	1	131	11796695	11796825	2.11e-39	176	46032	N/A
72_8_2468_21457_18706/1	gi|2845988047|emb|OZ200616.1|	94.318	88	5	0	1	88	23795914	23796001	3.58e-27	135	90364	N/A
72_8_2468_21457_18706/1	gi|3018856645|emb|OZ277992.1|	94.253	87	5	0	2	88	28477651	28477565	1.29e-26	134	190902	N/A
72_8_2468_21457_18706/1	gi|3018856576|emb|OZ277987.1|	94.253	87	5	0	2	88	3702769	3702855	1.29e-26	134	190902	N/A
72_8_2468_21457_18706/1	gi|2845988053|emb|OZ200620.1|	94.253	87	5	0	2	88	2069538	2069452	1.29e-26	134	90364	N/A
72_8_2468_21457_18706/1	gi|2792407111|gb|CP159499.1|	94.253	87	5	0	2	88	4060004	4060090	1.29e-26	134	38860	N/A
72_8_2201_31475_3886/1	gi|2781957552|emb|OZ125087.1|	99.265	136	1	0	2	137	28620150	28620015	1.58e-60	246	46032	N/A
72_8_2201_31475_3886/1	gi|3045267147|gb|PX049138.1|	98.529	136	2	0	2	137	104034	103899	7.37e-59	241	3454936	N/A
72_8_2201_31475_3886/1	gi|3045267147|gb|PX049138.1|	98.529	136	2	0	2	137	131400	131535	7.37e-59	241	3454936	N/A
72_8_2201_31475_3886/1	gi|3045267060|gb|PX049137.1|	98.529	136	2	0	2	137	104024	103889	7.37e-59	241	165317	N/A
72_8_2201_31475_3886/1	gi|3045267060|gb|PX049137.1|	98.529	136	2	0	2	137	131393	131528	7.37e-59	241	165317	N/A
72_8_2201_31475_3886/1	gi|3032662704|gb|PQ231107.1|	98.529	136	2	0	2	137	104286	104151	7.37e-59	241	572118	N/A
72_8_2201_31475_3886/1	gi|3032662704|gb|PQ231107.1|	98.529	136	2	0	2	137	131206	131341	7.37e-59	241	572118	N/A
72_8_2201_31475_3886/1	gi|3032662616|gb|PQ231106.1|	98.529	136	2	0	2	137	103803	103668	7.37e-59	241	694377	N/A
72_8_2201_31475_3886/1	gi|3032662616|gb|PQ231106.1|	98.529	136	2	0	2	137	130700	130835	7.37e-59	241	694377	N/A
72_8_1266_15752_7121/1	gi|3001313739|gb|CP192118.1|	85.246	122	18	0	2	123	2722484	2722363	2.15e-24	126	47988	N/A
72_8_2390_24176_23749/1	gi|1537898444|gb|CP017946.1|	90.441	136	13	0	2	137	5219001	5219136	1.63e-40	180	1867715	N/A
72_8_2390_24176_23749/1	gi|2512670175|gb|CP126307.1|	90.441	136	13	0	2	137	2279831	2279696	1.63e-40	180	151416	N/A
72_8_2390_24176_23749/1	gi|1998505907|gb|CP071090.1|	97.059	34	1	0	102	135	1450869	1450902	7.96e-04	58.4	2813578	N/A
72_8_1369_15663_6351/1	gi|2701784733|gb|OR911481.1|	99.265	136	1	0	2	137	33013	32878	1.58e-60	246	39414	N/A
72_8_1369_15663_6351/1	gi|2328376401|ref|NC_068049.1|	99.265	136	1	0	2	137	32999	32864	1.58e-60	246	39414	N/A
72_8_1369_15663_6351/1	gi|2288448399|gb|ON641301.1|	99.265	136	1	0	2	137	33215	33080	1.58e-60	246	185001	N/A
72_8_1369_15663_6351/1	gi|2050192475|gb|MW877582.1|	99.265	136	1	0	2	137	33012	32877	1.58e-60	246	39414	N/A
72_8_1369_15663_6351/1	gi|2050192381|gb|MW877581.1|	99.265	136	1	0	2	137	33141	33006	1.58e-60	246	185001	N/A
72_8_1401_41186_18342/1	gi|3045267147|gb|PX049138.1|	100.000	136	0	0	2	137	104034	103899	3.40e-62	252	3454936	N/A
72_8_1401_41186_18342/1	gi|3045267147|gb|PX049138.1|	100.000	136	0	0	2	137	131400	131535	3.40e-62	252	3454936	N/A
72_8_1401_41186_18342/1	gi|3045267060|gb|PX049137.1|	100.000	136	0	0	2	137	104024	103889	3.40e-62	252	165317	N/A
72_8_1401_41186_18342/1	gi|3045267060|gb|PX049137.1|	100.000	136	0	0	2	137	131393	131528	3.40e-62	252	165317	N/A
72_8_1401_41186_18342/1	gi|3032662704|gb|PQ231107.1|	100.000	136	0	0	2	137	104286	104151	3.40e-62	252	572118	N/A
72_8_1401_41186_18342/1	gi|3032662704|gb|PQ231107.1|	100.000	136	0	0	2	137	131206	131341	3.40e-62	252	572118	N/A
72_8_1401_41186_18342/1	gi|3032662616|gb|PQ231106.1|	100.000	136	0	0	2	137	103803	103668	3.40e-62	252	694377	N/A
72_8_1401_41186_18342/1	gi|3032662616|gb|PQ231106.1|	100.000	136	0	0	2	137	130700	130835	3.40e-62	252	694377	N/A
72_8_1401_41186_18342/1	gi|3032662528|gb|PQ231105.1|	100.000	136	0	0	2	137	103821	103686	3.40e-62	252	694377	N/A
72_8_1401_41186_18342/1	gi|3032662528|gb|PQ231105.1|	100.000	136	0	0	2	137	130716	130851	3.40e-62	252	694377	N/A
72_8_1420_37091_7976/1	gi|2851422138|gb|CP173254.1|	86.923	130	16	1	5	134	3728018	3728146	5.94e-30	145	3234199	N/A
72_8_1420_37091_7976/1	gi|1839542537|gb|CP053021.1|	78.832	137	17	12	2	132	4323391	4323521	4.72e-11	82.4	13690	N/A
72_8_1420_37091_7976/1	gi|1498415624|gb|CP033230.1|	78.832	137	17	12	2	132	3919878	3919748	4.72e-11	82.4	13690	N/A
72_8_1420_37091_7976/1	gi|2425519786|gb|CP115456.1|	78.832	137	17	12	2	132	3918243	3918373	4.72e-11	82.4	13690	N/A
72_8_1420_37091_7976/1	gi|1034620053|gb|CP015986.1|	79.570	93	17	2	6	97	1456382	1456473	4.76e-06	65.8	1855519	N/A
72_8_2408_28327_19112/1	gi|2701784733|gb|OR911481.1|	100.000	136	0	0	2	137	70453	70318	3.40e-62	252	39414	N/A
72_8_2408_28327_19112/1	gi|2724827388|ref|NC_088468.1|	100.000	136	0	0	2	137	70453	70318	3.40e-62	252	197803	N/A
72_8_2408_28327_19112/1	gi|2328376401|ref|NC_068049.1|	100.000	136	0	0	2	137	70457	70322	3.40e-62	252	39414	N/A
72_8_2408_28327_19112/1	gi|2288448399|gb|ON641301.1|	100.000	136	0	0	2	137	70740	70605	3.40e-62	252	185001	N/A
72_8_2408_28327_19112/1	gi|2050192665|gb|MW877584.1|	100.000	136	0	0	2	137	70389	70254	3.40e-62	252	101999	N/A
72_8_2374_38791_29240/1	gi|2961944910|emb|OZ253755.1|	95.833	72	3	0	4	75	3596968	3596897	1.30e-21	117	39353	N/A
72_8_2374_38791_29240/1	gi|2961944854|emb|OZ253698.1|	95.833	72	3	0	4	75	3602288	3602217	1.30e-21	117	39353	N/A
72_8_2374_38791_29240/1	gi|2927221415|emb|OZ240801.1|	94.366	71	4	0	6	76	5133514	5133584	2.17e-19	110	195138	N/A
72_8_2374_38791_29240/1	gi|3035320753|emb|OZ295846.1|	92.000	75	6	0	1	75	17505148	17505222	2.80e-18	106	39297	N/A
72_8_2374_38791_29240/1	gi|3035320753|emb|OZ295846.1|	91.667	72	6	0	4	75	71820448	71820377	1.30e-16	100	39297	N/A
72_8_2374_38791_29240/1	gi|3035245629|emb|OZ295817.1|	92.000	75	6	0	1	75	18263296	18263370	2.80e-18	106	39297	N/A
72_8_2374_38791_29240/1	gi|3035245629|emb|OZ295817.1|	91.667	72	6	0	4	75	74615036	74614965	1.30e-16	100	39297	N/A
72_8_2139_9505_29366/1	gi|3007365026|gb|CP152289.1|	91.304	92	8	0	4	95	47112842	47112751	2.15e-24	126	3435	N/A
72_8_2139_9505_29366/1	gi|2715143798|gb|CP142462.1|	91.304	92	8	0	4	95	1904515	1904606	2.15e-24	126	1757932	N/A
72_8_2139_9505_29366/1	gi|2795781654|emb|OZ174176.1|	85.556	90	13	0	4	93	21799332	21799243	6.07e-15	95.3	254029	N/A
72_8_2139_9505_29366/1	gi|2795781653|emb|OZ174175.1|	85.556	90	13	0	4	93	23776717	23776628	6.07e-15	95.3	254029	N/A
72_8_2139_9505_29366/1	gi|2774634137|gb|CP161384.1|	84.946	93	14	0	4	96	16486629	16486537	6.07e-15	95.3	75706	N/A
72_8_1407_23585_14181/1	gi|3045267147|gb|PX049138.1|	100.000	136	0	0	2	137	104034	103899	3.40e-62	252	3454936	N/A
72_8_1407_23585_14181/1	gi|3045267147|gb|PX049138.1|	100.000	136	0	0	2	137	131400	131535	3.40e-62	252	3454936	N/A
72_8_1407_23585_14181/1	gi|3045267060|gb|PX049137.1|	100.000	136	0	0	2	137	104024	103889	3.40e-62	252	165317	N/A
72_8_1407_23585_14181/1	gi|3045267060|gb|PX049137.1|	100.000	136	0	0	2	137	131393	131528	3.40e-62	252	165317	N/A
72_8_1407_23585_14181/1	gi|3032662704|gb|PQ231107.1|	100.000	136	0	0	2	137	104286	104151	3.40e-62	252	572118	N/A
72_8_1407_23585_14181/1	gi|3032662704|gb|PQ231107.1|	100.000	136	0	0	2	137	131206	131341	3.40e-62	252	572118	N/A
72_8_1407_23585_14181/1	gi|3032662616|gb|PQ231106.1|	100.000	136	0	0	2	137	103803	103668	3.40e-62	252	694377	N/A
72_8_1407_23585_14181/1	gi|3032662616|gb|PQ231106.1|	100.000	136	0	0	2	137	130700	130835	3.40e-62	252	694377	N/A
72_8_1407_23585_14181/1	gi|3032662528|gb|PQ231105.1|	100.000	136	0	0	2	137	103821	103686	3.40e-62	252	694377	N/A
72_8_1407_23585_14181/1	gi|3032662528|gb|PQ231105.1|	100.000	136	0	0	2	137	130716	130851	3.40e-62	252	694377	N/A
72_8_2441_34105_23959/1	gi|2701785009|gb|OR911484.1|	100.000	136	0	0	2	137	590	455	3.40e-62	252	197809	N/A
72_8_2441_34105_23959/1	gi|2724827569|ref|NC_088470.1|	100.000	136	0	0	2	137	583	448	3.40e-62	252	2550875	N/A
72_8_2441_34105_23959/1	gi|2666688421|ref|NC_085450.1|	100.000	136	0	0	2	137	538	403	3.40e-62	252	3107745	N/A
72_8_2441_34105_23959/1	gi|2288448399|gb|ON641301.1|	100.000	136	0	0	2	137	592	457	3.40e-62	252	185001	N/A
72_8_2441_34105_23959/1	gi|2050192381|gb|MW877581.1|	100.000	136	0	0	2	137	601	466	3.40e-62	252	185001	N/A
72_8_1488_41785_5258/1	gi|2701784733|gb|OR911481.1|	98.529	136	2	0	2	137	33013	32878	7.37e-59	241	39414	N/A
72_8_1488_41785_5258/1	gi|2328376401|ref|NC_068049.1|	98.529	136	2	0	2	137	32999	32864	7.37e-59	241	39414	N/A
72_8_1488_41785_5258/1	gi|2288448399|gb|ON641301.1|	98.529	136	2	0	2	137	33215	33080	7.37e-59	241	185001	N/A
72_8_1488_41785_5258/1	gi|2050192475|gb|MW877582.1|	98.529	136	2	0	2	137	33012	32877	7.37e-59	241	39414	N/A
72_8_1488_41785_5258/1	gi|2050192381|gb|MW877581.1|	98.529	136	2	0	2	137	33141	33006	7.37e-59	241	185001	N/A
72_8_1226_46527_6715/1	gi|2701784733|gb|OR911481.1|	100.000	72	0	0	2	73	16587	16658	1.29e-26	134	39414	N/A
72_8_1226_46527_6715/1	gi|2328376401|ref|NC_068049.1|	100.000	72	0	0	2	73	16578	16649	1.29e-26	134	39414	N/A
72_8_1226_46527_6715/1	gi|2288448399|gb|ON641301.1|	100.000	72	0	0	2	73	16595	16666	1.29e-26	134	185001	N/A
72_8_1226_46527_6715/1	gi|2050192475|gb|MW877582.1|	100.000	72	0	0	2	73	16586	16657	1.29e-26	134	39414	N/A
72_8_1226_46527_6715/1	gi|2050192381|gb|MW877581.1|	100.000	72	0	0	2	73	16528	16599	1.29e-26	134	185001	N/A
72_8_2184_41348_14167/1	gi|2948923222|emb|OZ247539.1|	100.000	136	0	0	2	137	55976818	55976953	3.40e-62	252	203270	N/A
72_8_2184_41348_14167/1	gi|2948923222|emb|OZ247539.1|	92.647	136	10	0	2	137	15802556	15802421	1.62e-45	196	203270	N/A
72_8_2184_41348_14167/1	gi|2948923222|emb|OZ247539.1|	96.721	61	2	0	77	137	38229146	38229086	3.63e-17	102	203270	N/A
72_8_2184_41348_14167/1	gi|2948923222|emb|OZ247539.1|	96.429	56	2	0	82	137	24220306	24220361	2.18e-14	93.5	203270	N/A
72_8_2184_41348_14167/1	gi|2948923222|emb|OZ247539.1|	97.143	35	1	0	103	137	3500774	3500808	2.21e-04	60.2	203270	N/A
72_8_2184_41348_14167/1	gi|3048443377|emb|OZ306171.1|	99.265	136	1	0	2	137	103326	103191	1.58e-60	246	481118	N/A
72_8_2184_41348_14167/1	gi|3048443377|emb|OZ306171.1|	99.265	136	1	0	2	137	130415	130550	1.58e-60	246	481118	N/A
72_8_2184_41348_14167/1	gi|3048443334|emb|OZ306286.1|	99.265	136	1	0	2	137	66578334	66578199	1.58e-60	246	78511	N/A
72_8_2184_41348_14167/1	gi|3048264046|emb|OZ297787.1|	99.265	136	1	0	2	137	107704	107569	1.58e-60	246	55318	N/A
72_8_2184_41348_14167/1	gi|3048264046|emb|OZ297787.1|	99.265	136	1	0	2	137	136097	136232	1.58e-60	246	55318	N/A
72_8_2184_41348_14167/1	gi|3048228106|emb|OZ297184.1|	99.265	136	1	0	2	137	108404	108269	1.58e-60	246	397083	N/A
72_8_2184_41348_14167/1	gi|3048228106|emb|OZ297184.1|	99.265	136	1	0	2	137	136875	137010	1.58e-60	246	397083	N/A
72_8_2407_20340_20583/1	gi|3045267147|gb|PX049138.1|	99.265	136	1	0	2	137	104034	103899	1.58e-60	246	3454936	N/A
72_8_2407_20340_20583/1	gi|3045267147|gb|PX049138.1|	99.265	136	1	0	2	137	131400	131535	1.58e-60	246	3454936	N/A
72_8_2407_20340_20583/1	gi|3045267060|gb|PX049137.1|	99.265	136	1	0	2	137	104024	103889	1.58e-60	246	165317	N/A
72_8_2407_20340_20583/1	gi|3045267060|gb|PX049137.1|	99.265	136	1	0	2	137	131393	131528	1.58e-60	246	165317	N/A
72_8_2407_20340_20583/1	gi|3032662704|gb|PQ231107.1|	99.265	136	1	0	2	137	104286	104151	1.58e-60	246	572118	N/A
72_8_2407_20340_20583/1	gi|3032662704|gb|PQ231107.1|	99.265	136	1	0	2	137	131206	131341	1.58e-60	246	572118	N/A
72_8_2407_20340_20583/1	gi|3032662616|gb|PQ231106.1|	99.265	136	1	0	2	137	103803	103668	1.58e-60	246	694377	N/A
72_8_2407_20340_20583/1	gi|3032662616|gb|PQ231106.1|	99.265	136	1	0	2	137	130700	130835	1.58e-60	246	694377	N/A
72_8_2407_20340_20583/1	gi|3032662528|gb|PQ231105.1|	99.265	136	1	0	2	137	103821	103686	1.58e-60	246	694377	N/A
72_8_2407_20340_20583/1	gi|3032662528|gb|PQ231105.1|	99.265	136	1	0	2	137	130716	130851	1.58e-60	246	694377	N/A
72_8_1444_16853_14966/1	gi|2701784733|gb|OR911481.1|	100.000	111	0	0	2	112	108416	108306	2.69e-48	206	39414	N/A
72_8_1444_16853_14966/1	gi|2328376401|ref|NC_068049.1|	100.000	111	0	0	2	112	108416	108306	2.69e-48	206	39414	N/A
72_8_1444_16853_14966/1	gi|2288448399|gb|ON641301.1|	100.000	111	0	0	2	112	108818	108708	2.69e-48	206	185001	N/A
72_8_1444_16853_14966/1	gi|2050192475|gb|MW877582.1|	100.000	111	0	0	2	112	108510	108400	2.69e-48	206	39414	N/A
72_8_1444_16853_14966/1	gi|2050192381|gb|MW877581.1|	100.000	111	0	0	2	112	108694	108584	2.69e-48	206	185001	N/A
72_8_1304_10581_12234/1	gi|2978724457|gb|PV611058.1|	92.063	63	1	3	66	125	295321	295382	3.65e-12	86.1	3421660	N/A
72_8_1304_10581_12234/1	gi|2978724457|gb|PV611058.1|	91.667	60	1	3	66	122	295784	295842	1.70e-10	80.5	3421660	N/A
72_8_1304_10581_12234/1	gi|2557643774|emb|OY673254.1|	95.652	46	2	0	66	111	21732	21777	7.91e-09	75.0	2697049	N/A
72_8_1304_10581_12234/1	gi|2463378371|dbj|AP027461.1|	95.652	46	2	0	66	111	1299632	1299677	7.91e-09	75.0	511145	N/A
72_8_1304_10581_12234/1	gi|2463378371|dbj|AP027461.1|	95.652	46	2	0	66	111	1628404	1628359	7.91e-09	75.0	511145	N/A
72_8_1304_10581_12234/1	gi|685042481|emb|LN591006.1|	95.745	47	0	2	61	105	494275	494321	7.91e-09	75.0	7962	N/A
72_8_1304_10581_12234/1	gi|2830983252|gb|CP170844.1|	88.333	60	5	1	65	122	4083424	4083365	1.02e-07	71.3	573	N/A
72_8_2246_30747_14251/1	gi|2701784733|gb|OR911481.1|	100.000	136	0	0	2	137	33013	32878	3.40e-62	252	39414	N/A
72_8_2246_30747_14251/1	gi|2328376401|ref|NC_068049.1|	100.000	136	0	0	2	137	32999	32864	3.40e-62	252	39414	N/A
72_8_2246_30747_14251/1	gi|2288448399|gb|ON641301.1|	100.000	136	0	0	2	137	33215	33080	3.40e-62	252	185001	N/A
72_8_2246_30747_14251/1	gi|2050192475|gb|MW877582.1|	100.000	136	0	0	2	137	33012	32877	3.40e-62	252	39414	N/A
72_8_2246_30747_14251/1	gi|2050192381|gb|MW877581.1|	100.000	136	0	0	2	137	33141	33006	3.40e-62	252	185001	N/A
72_8_2358_49594_8382/1	gi|3048443377|emb|OZ306171.1|	99.265	136	1	0	2	137	103326	103191	1.58e-60	246	481118	N/A
72_8_2358_49594_8382/1	gi|3048443377|emb|OZ306171.1|	99.265	136	1	0	2	137	130415	130550	1.58e-60	246	481118	N/A
72_8_2358_49594_8382/1	gi|3048443334|emb|OZ306286.1|	99.265	136	1	0	2	137	66578334	66578199	1.58e-60	246	78511	N/A
72_8_2358_49594_8382/1	gi|3048264046|emb|OZ297787.1|	99.265	136	1	0	2	137	107704	107569	1.58e-60	246	55318	N/A
72_8_2358_49594_8382/1	gi|3048264046|emb|OZ297787.1|	99.265	136	1	0	2	137	136097	136232	1.58e-60	246	55318	N/A
72_8_2358_49594_8382/1	gi|3048228106|emb|OZ297184.1|	99.265	136	1	0	2	137	108404	108269	1.58e-60	246	397083	N/A
72_8_2358_49594_8382/1	gi|3048228106|emb|OZ297184.1|	99.265	136	1	0	2	137	136875	137010	1.58e-60	246	397083	N/A
72_8_2358_49594_8382/1	gi|3048195103|emb|OZ297140.1|	99.265	136	1	0	2	137	105960	105825	1.58e-60	246	59297	N/A
72_8_2358_49594_8382/1	gi|3048195103|emb|OZ297140.1|	99.265	136	1	0	2	137	132604	132739	1.58e-60	246	59297	N/A
72_8_1244_47530_5006/1	gi|3045267147|gb|PX049138.1|	100.000	136	0	0	2	137	104034	103899	3.40e-62	252	3454936	N/A
72_8_1244_47530_5006/1	gi|3045267147|gb|PX049138.1|	100.000	136	0	0	2	137	131400	131535	3.40e-62	252	3454936	N/A
72_8_1244_47530_5006/1	gi|3045267060|gb|PX049137.1|	100.000	136	0	0	2	137	104024	103889	3.40e-62	252	165317	N/A
72_8_1244_47530_5006/1	gi|3045267060|gb|PX049137.1|	100.000	136	0	0	2	137	131393	131528	3.40e-62	252	165317	N/A
72_8_1244_47530_5006/1	gi|3032662704|gb|PQ231107.1|	100.000	136	0	0	2	137	104286	104151	3.40e-62	252	572118	N/A
72_8_1244_47530_5006/1	gi|3032662704|gb|PQ231107.1|	100.000	136	0	0	2	137	131206	131341	3.40e-62	252	572118	N/A
72_8_1244_47530_5006/1	gi|3032662616|gb|PQ231106.1|	100.000	136	0	0	2	137	103803	103668	3.40e-62	252	694377	N/A
72_8_1244_47530_5006/1	gi|3032662616|gb|PQ231106.1|	100.000	136	0	0	2	137	130700	130835	3.40e-62	252	694377	N/A
72_8_1244_47530_5006/1	gi|3032662528|gb|PQ231105.1|	100.000	136	0	0	2	137	103821	103686	3.40e-62	252	694377	N/A
72_8_1244_47530_5006/1	gi|3032662528|gb|PQ231105.1|	100.000	136	0	0	2	137	130716	130851	3.40e-62	252	694377	N/A
72_8_1164_17395_15260/1	gi|685470381|ref|NC_022451.2|	100.000	136	0	0	2	137	103211	103076	3.40e-62	252	175694	N/A
72_8_1164_17395_15260/1	gi|685470381|ref|NC_022451.2|	100.000	136	0	0	2	137	129498	129633	3.40e-62	252	175694	N/A
72_8_1164_17395_15260/1	gi|2032842835|gb|MT012822.1|	100.000	136	0	0	2	137	103274	103139	3.40e-62	252	82927	N/A
72_8_1164_17395_15260/1	gi|2032842835|gb|MT012822.1|	100.000	136	0	0	2	137	129528	129663	3.40e-62	252	82927	N/A
72_8_1164_17395_15260/1	gi|3045267147|gb|PX049138.1|	99.265	136	1	0	2	137	104034	103899	1.58e-60	246	3454936	N/A
72_8_1164_17395_15260/1	gi|3045267147|gb|PX049138.1|	99.265	136	1	0	2	137	131400	131535	1.58e-60	246	3454936	N/A
72_8_1164_17395_15260/1	gi|3045267060|gb|PX049137.1|	99.265	136	1	0	2	137	104024	103889	1.58e-60	246	165317	N/A
72_8_1164_17395_15260/1	gi|3045267060|gb|PX049137.1|	99.265	136	1	0	2	137	131393	131528	1.58e-60	246	165317	N/A
72_8_1164_17395_15260/1	gi|3032662704|gb|PQ231107.1|	99.265	136	1	0	2	137	104286	104151	1.58e-60	246	572118	N/A
72_8_1164_17395_15260/1	gi|3032662704|gb|PQ231107.1|	99.265	136	1	0	2	137	131206	131341	1.58e-60	246	572118	N/A
72_8_1374_10816_24351/1	gi|3048443377|emb|OZ306171.1|	100.000	136	0	0	2	137	103326	103191	3.40e-62	252	481118	N/A
72_8_1374_10816_24351/1	gi|3048443377|emb|OZ306171.1|	100.000	136	0	0	2	137	130415	130550	3.40e-62	252	481118	N/A
72_8_1374_10816_24351/1	gi|3048443334|emb|OZ306286.1|	100.000	136	0	0	2	137	66578334	66578199	3.40e-62	252	78511	N/A
72_8_1374_10816_24351/1	gi|3048264046|emb|OZ297787.1|	100.000	136	0	0	2	137	107704	107569	3.40e-62	252	55318	N/A
72_8_1374_10816_24351/1	gi|3048264046|emb|OZ297787.1|	100.000	136	0	0	2	137	136097	136232	3.40e-62	252	55318	N/A
72_8_1374_10816_24351/1	gi|3048228106|emb|OZ297184.1|	100.000	136	0	0	2	137	108404	108269	3.40e-62	252	397083	N/A
72_8_1374_10816_24351/1	gi|3048228106|emb|OZ297184.1|	100.000	136	0	0	2	137	136875	137010	3.40e-62	252	397083	N/A
72_8_1374_10816_24351/1	gi|3048195103|emb|OZ297140.1|	100.000	136	0	0	2	137	105960	105825	3.40e-62	252	59297	N/A
72_8_1374_10816_24351/1	gi|3048195103|emb|OZ297140.1|	100.000	136	0	0	2	137	132604	132739	3.40e-62	252	59297	N/A
72_8_2214_37933_5398/1	gi|3045267147|gb|PX049138.1|	100.000	136	0	0	2	137	104034	103899	3.40e-62	252	3454936	N/A
72_8_2214_37933_5398/1	gi|3045267147|gb|PX049138.1|	100.000	136	0	0	2	137	131400	131535	3.40e-62	252	3454936	N/A
72_8_2214_37933_5398/1	gi|3045267060|gb|PX049137.1|	100.000	136	0	0	2	137	104024	103889	3.40e-62	252	165317	N/A
72_8_2214_37933_5398/1	gi|3045267060|gb|PX049137.1|	100.000	136	0	0	2	137	131393	131528	3.40e-62	252	165317	N/A
72_8_2214_37933_5398/1	gi|3032662704|gb|PQ231107.1|	100.000	136	0	0	2	137	104286	104151	3.40e-62	252	572118	N/A
72_8_2214_37933_5398/1	gi|3032662704|gb|PQ231107.1|	100.000	136	0	0	2	137	131206	131341	3.40e-62	252	572118	N/A
72_8_2214_37933_5398/1	gi|3032662616|gb|PQ231106.1|	100.000	136	0	0	2	137	103803	103668	3.40e-62	252	694377	N/A
72_8_2214_37933_5398/1	gi|3032662616|gb|PQ231106.1|	100.000	136	0	0	2	137	130700	130835	3.40e-62	252	694377	N/A
72_8_2214_37933_5398/1	gi|3032662528|gb|PQ231105.1|	100.000	136	0	0	2	137	103821	103686	3.40e-62	252	694377	N/A
72_8_2214_37933_5398/1	gi|3032662528|gb|PQ231105.1|	100.000	136	0	0	2	137	130716	130851	3.40e-62	252	694377	N/A
72_8_2265_49610_20121/1	gi|2491074821|gb|CP122438.1|	92.593	135	10	0	2	136	230713	230847	5.82e-45	195	94625	N/A
72_8_2265_49610_20121/1	gi|2922802170|gb|CP183035.1|	91.852	135	11	0	2	136	2601971	2602105	2.71e-43	189	94625	N/A
72_8_2265_49610_20121/1	gi|2744736830|gb|CP158175.1|	91.852	135	11	0	2	136	2399958	2400092	2.71e-43	189	94625	N/A
72_8_2265_49610_20121/1	gi|2558594716|gb|CP131474.1|	91.852	135	11	0	2	136	2465277	2465411	2.71e-43	189	94625	N/A
72_8_2265_49610_20121/1	gi|1899867363|gb|CP061039.1|	91.852	135	11	0	2	136	334552	334686	2.71e-43	189	94625	N/A
72_8_1176_46276_12472/1	gi|2701784733|gb|OR911481.1|	100.000	136	0	0	2	137	33013	32878	3.40e-62	252	39414	N/A
72_8_1176_46276_12472/1	gi|2328376401|ref|NC_068049.1|	100.000	136	0	0	2	137	32999	32864	3.40e-62	252	39414	N/A
72_8_1176_46276_12472/1	gi|2288448399|gb|ON641301.1|	100.000	136	0	0	2	137	33215	33080	3.40e-62	252	185001	N/A
72_8_1176_46276_12472/1	gi|2050192475|gb|MW877582.1|	100.000	136	0	0	2	137	33012	32877	3.40e-62	252	39414	N/A
72_8_1176_46276_12472/1	gi|2050192381|gb|MW877581.1|	100.000	136	0	0	2	137	33141	33006	3.40e-62	252	185001	N/A
72_8_1287_39649_17333/1	gi|3048443377|emb|OZ306171.1|	100.000	136	0	0	2	137	103326	103191	3.40e-62	252	481118	N/A
72_8_1287_39649_17333/1	gi|3048443377|emb|OZ306171.1|	100.000	136	0	0	2	137	130415	130550	3.40e-62	252	481118	N/A
72_8_1287_39649_17333/1	gi|3048443334|emb|OZ306286.1|	100.000	136	0	0	2	137	66578334	66578199	3.40e-62	252	78511	N/A
72_8_1287_39649_17333/1	gi|3048264046|emb|OZ297787.1|	100.000	136	0	0	2	137	107704	107569	3.40e-62	252	55318	N/A
72_8_1287_39649_17333/1	gi|3048264046|emb|OZ297787.1|	100.000	136	0	0	2	137	136097	136232	3.40e-62	252	55318	N/A
72_8_1287_39649_17333/1	gi|3048228106|emb|OZ297184.1|	100.000	136	0	0	2	137	108404	108269	3.40e-62	252	397083	N/A
72_8_1287_39649_17333/1	gi|3048228106|emb|OZ297184.1|	100.000	136	0	0	2	137	136875	137010	3.40e-62	252	397083	N/A
72_8_1287_39649_17333/1	gi|3048195103|emb|OZ297140.1|	100.000	136	0	0	2	137	105960	105825	3.40e-62	252	59297	N/A
72_8_1287_39649_17333/1	gi|3048195103|emb|OZ297140.1|	100.000	136	0	0	2	137	132604	132739	3.40e-62	252	59297	N/A
72_8_2456_9618_2527/1	gi|2813171436|gb|PQ325515.1|	100.000	136	0	0	2	137	100259	100124	3.40e-62	252	254027	N/A
72_8_2456_9618_2527/1	gi|2813171436|gb|PQ325515.1|	100.000	136	0	0	2	137	137179	137314	3.40e-62	252	254027	N/A
72_8_2456_9618_2527/1	gi|2805792360|gb|PQ124709.1|	100.000	136	0	0	2	137	99842	99977	3.40e-62	252	113209	N/A
72_8_2456_9618_2527/1	gi|2805792360|gb|PQ124709.1|	100.000	136	0	0	2	137	147892	147757	3.40e-62	252	113209	N/A
72_8_2456_9618_2527/1	gi|2805792263|gb|PQ124708.1|	100.000	136	0	0	2	137	99959	100094	3.40e-62	252	197811	N/A
72_8_2456_9618_2527/1	gi|2805792263|gb|PQ124708.1|	100.000	136	0	0	2	137	148047	147912	3.40e-62	252	197811	N/A
72_8_2456_9618_2527/1	gi|2805792167|gb|PQ124707.1|	100.000	136	0	0	2	137	99959	100094	3.40e-62	252	29818	N/A
72_8_2456_9618_2527/1	gi|2805792167|gb|PQ124707.1|	100.000	136	0	0	2	137	148047	147912	3.40e-62	252	29818	N/A
72_8_2456_9618_2527/1	gi|2805792070|gb|PQ124706.1|	100.000	136	0	0	2	137	99985	100120	3.40e-62	252	197796	N/A
72_8_2456_9618_2527/1	gi|2805792070|gb|PQ124706.1|	100.000	136	0	0	2	137	147980	147845	3.40e-62	252	197796	N/A
72_8_2261_33919_1420/1	gi|2665674286|gb|CP141968.1|	98.529	136	2	0	2	137	12546724	12546589	7.37e-59	241	604297	N/A
72_8_2261_33919_1420/1	gi|2665674286|gb|CP141968.1|	97.794	136	3	0	2	137	12597625	12597760	3.43e-57	235	604297	N/A
72_8_2261_33919_1420/1	gi|2665674286|gb|CP141968.1|	97.794	136	3	0	2	137	12698223	12698088	3.43e-57	235	604297	N/A
72_8_2261_33919_1420/1	gi|2665674286|gb|CP141968.1|	97.794	136	3	0	2	137	12727252	12727387	3.43e-57	235	604297	N/A
72_8_2261_33919_1420/1	gi|2627916026|ref|NC_084374.1|	98.529	136	2	0	2	137	90336	90201	7.37e-59	241	71123	N/A
72_8_2261_33919_1420/1	gi|2627916026|ref|NC_084374.1|	98.529	136	2	0	2	137	104758	104893	7.37e-59	241	71123	N/A
72_8_2261_33919_1420/1	gi|2289507902|ref|XM_050273568.1|	98.529	136	2	0	2	137	4872	4737	7.37e-59	241	3752	N/A
72_8_2261_33919_1420/1	gi|2104762494|emb|OU744968.1|	98.529	136	2	0	2	137	12889934	12889799	7.37e-59	241	3750	N/A
72_8_2261_33919_1420/1	gi|2104762494|emb|OU744968.1|	97.794	136	3	0	2	137	12940836	12940971	3.43e-57	235	3750	N/A
72_8_2261_33919_1420/1	gi|2104762494|emb|OU744968.1|	97.794	136	3	0	2	137	13041593	13041458	3.43e-57	235	3750	N/A
72_8_2261_33919_1420/1	gi|2104762494|emb|OU744968.1|	97.794	136	3	0	2	137	13070626	13070761	3.43e-57	235	3750	N/A
72_8_2261_33919_1420/1	gi|2096161394|emb|OU696518.1|	98.529	136	2	0	2	137	12548057	12547922	7.37e-59	241	3752	N/A
72_8_2261_33919_1420/1	gi|2096161394|emb|OU696518.1|	97.794	136	3	0	2	137	12598958	12599093	3.43e-57	235	3752	N/A
72_8_2261_33919_1420/1	gi|2096161394|emb|OU696518.1|	97.794	136	3	0	2	137	12699703	12699568	3.43e-57	235	3752	N/A
72_8_2261_33919_1420/1	gi|2096161394|emb|OU696518.1|	97.794	136	3	0	2	137	12728732	12728867	3.43e-57	235	3752	N/A
72_8_1407_47142_21591/1	gi|3045267147|gb|PX049138.1|	100.000	136	0	0	2	137	104034	103899	3.40e-62	252	3454936	N/A
72_8_1407_47142_21591/1	gi|3045267147|gb|PX049138.1|	100.000	136	0	0	2	137	131400	131535	3.40e-62	252	3454936	N/A
72_8_1407_47142_21591/1	gi|3045267060|gb|PX049137.1|	100.000	136	0	0	2	137	104024	103889	3.40e-62	252	165317	N/A
72_8_1407_47142_21591/1	gi|3045267060|gb|PX049137.1|	100.000	136	0	0	2	137	131393	131528	3.40e-62	252	165317	N/A
72_8_1407_47142_21591/1	gi|3032662704|gb|PQ231107.1|	100.000	136	0	0	2	137	104286	104151	3.40e-62	252	572118	N/A
72_8_1407_47142_21591/1	gi|3032662704|gb|PQ231107.1|	100.000	136	0	0	2	137	131206	131341	3.40e-62	252	572118	N/A
72_8_1407_47142_21591/1	gi|3032662616|gb|PQ231106.1|	100.000	136	0	0	2	137	103803	103668	3.40e-62	252	694377	N/A
72_8_1407_47142_21591/1	gi|3032662616|gb|PQ231106.1|	100.000	136	0	0	2	137	130700	130835	3.40e-62	252	694377	N/A
72_8_1407_47142_21591/1	gi|3032662528|gb|PQ231105.1|	100.000	136	0	0	2	137	103821	103686	3.40e-62	252	694377	N/A
72_8_1407_47142_21591/1	gi|3032662528|gb|PQ231105.1|	100.000	136	0	0	2	137	130716	130851	3.40e-62	252	694377	N/A
72_8_2233_36088_1616/1	gi|2701784733|gb|OR911481.1|	100.000	136	0	0	2	137	33013	32878	3.40e-62	252	39414	N/A
72_8_2233_36088_1616/1	gi|2328376401|ref|NC_068049.1|	100.000	136	0	0	2	137	32999	32864	3.40e-62	252	39414	N/A
72_8_2233_36088_1616/1	gi|2288448399|gb|ON641301.1|	100.000	136	0	0	2	137	33215	33080	3.40e-62	252	185001	N/A
72_8_2233_36088_1616/1	gi|2050192475|gb|MW877582.1|	100.000	136	0	0	2	137	33012	32877	3.40e-62	252	39414	N/A
72_8_2233_36088_1616/1	gi|2050192381|gb|MW877581.1|	100.000	136	0	0	2	137	33141	33006	3.40e-62	252	185001	N/A
72_8_2309_48218_1266/1	gi|2961944903|emb|OZ253748.1|	86.029	136	19	0	2	137	1151660	1151525	1.65e-30	147	39353	N/A
72_8_2309_48218_1266/1	gi|3018856473|emb|OZ277982.1|	85.926	135	17	2	2	135	1039786	1039653	2.14e-29	143	49614	N/A
72_8_2309_48218_1266/1	gi|3018856132|emb|OZ277958.1|	85.926	135	17	2	2	135	57591313	57591446	2.14e-29	143	49614	N/A
72_8_2309_48218_1266/1	gi|2961944847|emb|OZ253691.1|	85.294	136	20	0	2	137	1150892	1150757	7.68e-29	141	39353	N/A
72_8_2309_48218_1266/1	gi|2979100104|emb|OZ259477.1|	84.672	137	19	2	1	136	58428877	58429012	3.58e-27	135	121540	N/A
72_8_1319_21117_17445/1	gi|2701785471|gb|OR911489.1|	100.000	136	0	0	2	137	1006	871	3.40e-62	252	185002	N/A
72_8_1319_21117_17445/1	gi|2701784733|gb|OR911481.1|	100.000	136	0	0	2	137	950	815	3.40e-62	252	39414	N/A
72_8_1319_21117_17445/1	gi|2288448399|gb|ON641301.1|	100.000	136	0	0	2	137	961	826	3.40e-62	252	185001	N/A
72_8_1319_21117_17445/1	gi|2050192570|gb|MW877583.1|	100.000	136	0	0	2	137	1007	872	3.40e-62	252	185002	N/A
72_8_1319_21117_17445/1	gi|2050192475|gb|MW877582.1|	100.000	136	0	0	2	137	950	815	3.40e-62	252	39414	N/A
72_8_2222_25625_17431/1	gi|3045267147|gb|PX049138.1|	100.000	136	0	0	2	137	104034	103899	3.40e-62	252	3454936	N/A
72_8_2222_25625_17431/1	gi|3045267147|gb|PX049138.1|	100.000	136	0	0	2	137	131400	131535	3.40e-62	252	3454936	N/A
72_8_2222_25625_17431/1	gi|3045267060|gb|PX049137.1|	100.000	136	0	0	2	137	104024	103889	3.40e-62	252	165317	N/A
72_8_2222_25625_17431/1	gi|3045267060|gb|PX049137.1|	100.000	136	0	0	2	137	131393	131528	3.40e-62	252	165317	N/A
72_8_2222_25625_17431/1	gi|3032662704|gb|PQ231107.1|	100.000	136	0	0	2	137	104286	104151	3.40e-62	252	572118	N/A
72_8_2222_25625_17431/1	gi|3032662704|gb|PQ231107.1|	100.000	136	0	0	2	137	131206	131341	3.40e-62	252	572118	N/A
72_8_2222_25625_17431/1	gi|3032662616|gb|PQ231106.1|	100.000	136	0	0	2	137	103803	103668	3.40e-62	252	694377	N/A
72_8_2222_25625_17431/1	gi|3032662616|gb|PQ231106.1|	100.000	136	0	0	2	137	130700	130835	3.40e-62	252	694377	N/A
72_8_2222_25625_17431/1	gi|3032662528|gb|PQ231105.1|	100.000	136	0	0	2	137	103821	103686	3.40e-62	252	694377	N/A
72_8_2222_25625_17431/1	gi|3032662528|gb|PQ231105.1|	100.000	136	0	0	2	137	130716	130851	3.40e-62	252	694377	N/A
72_8_1172_27793_21241/1	gi|3045267147|gb|PX049138.1|	100.000	136	0	0	2	137	104034	103899	3.40e-62	252	3454936	N/A
72_8_1172_27793_21241/1	gi|3045267147|gb|PX049138.1|	100.000	136	0	0	2	137	131400	131535	3.40e-62	252	3454936	N/A
72_8_1172_27793_21241/1	gi|3045267060|gb|PX049137.1|	100.000	136	0	0	2	137	104024	103889	3.40e-62	252	165317	N/A
72_8_1172_27793_21241/1	gi|3045267060|gb|PX049137.1|	100.000	136	0	0	2	137	131393	131528	3.40e-62	252	165317	N/A
72_8_1172_27793_21241/1	gi|3032662704|gb|PQ231107.1|	100.000	136	0	0	2	137	104286	104151	3.40e-62	252	572118	N/A
72_8_1172_27793_21241/1	gi|3032662704|gb|PQ231107.1|	100.000	136	0	0	2	137	131206	131341	3.40e-62	252	572118	N/A
72_8_1172_27793_21241/1	gi|3032662616|gb|PQ231106.1|	100.000	136	0	0	2	137	103803	103668	3.40e-62	252	694377	N/A
72_8_1172_27793_21241/1	gi|3032662616|gb|PQ231106.1|	100.000	136	0	0	2	137	130700	130835	3.40e-62	252	694377	N/A
72_8_1172_27793_21241/1	gi|3032662528|gb|PQ231105.1|	100.000	136	0	0	2	137	103821	103686	3.40e-62	252	694377	N/A
72_8_1172_27793_21241/1	gi|3032662528|gb|PQ231105.1|	100.000	136	0	0	2	137	130716	130851	3.40e-62	252	694377	N/A
72_8_1233_42756_1672/1	gi|3045267147|gb|PX049138.1|	100.000	136	0	0	2	137	104034	103899	3.40e-62	252	3454936	N/A
72_8_1233_42756_1672/1	gi|3045267147|gb|PX049138.1|	100.000	136	0	0	2	137	131400	131535	3.40e-62	252	3454936	N/A
72_8_1233_42756_1672/1	gi|3045267060|gb|PX049137.1|	100.000	136	0	0	2	137	104024	103889	3.40e-62	252	165317	N/A
72_8_1233_42756_1672/1	gi|3045267060|gb|PX049137.1|	100.000	136	0	0	2	137	131393	131528	3.40e-62	252	165317	N/A
72_8_1233_42756_1672/1	gi|3032662704|gb|PQ231107.1|	100.000	136	0	0	2	137	104286	104151	3.40e-62	252	572118	N/A
72_8_1233_42756_1672/1	gi|3032662704|gb|PQ231107.1|	100.000	136	0	0	2	137	131206	131341	3.40e-62	252	572118	N/A
72_8_1233_42756_1672/1	gi|3032662616|gb|PQ231106.1|	100.000	136	0	0	2	137	103803	103668	3.40e-62	252	694377	N/A
72_8_1233_42756_1672/1	gi|3032662616|gb|PQ231106.1|	100.000	136	0	0	2	137	130700	130835	3.40e-62	252	694377	N/A
72_8_1233_42756_1672/1	gi|3032662528|gb|PQ231105.1|	100.000	136	0	0	2	137	103821	103686	3.40e-62	252	694377	N/A
72_8_1233_42756_1672/1	gi|3032662528|gb|PQ231105.1|	100.000	136	0	0	2	137	130716	130851	3.40e-62	252	694377	N/A
72_8_2185_7595_11520/1	gi|2701784733|gb|OR911481.1|	99.265	136	1	0	2	137	70453	70318	1.58e-60	246	39414	N/A
72_8_2185_7595_11520/1	gi|2724827388|ref|NC_088468.1|	99.265	136	1	0	2	137	70453	70318	1.58e-60	246	197803	N/A
72_8_2185_7595_11520/1	gi|2328376401|ref|NC_068049.1|	99.265	136	1	0	2	137	70457	70322	1.58e-60	246	39414	N/A
72_8_2185_7595_11520/1	gi|2288448399|gb|ON641301.1|	99.265	136	1	0	2	137	70740	70605	1.58e-60	246	185001	N/A
72_8_2185_7595_11520/1	gi|2050192665|gb|MW877584.1|	99.265	136	1	0	2	137	70389	70254	1.58e-60	246	101999	N/A
72_8_2481_13810_25780/1	gi|5929949|gb|AF179398.1|AF179398	100.000	137	0	0	1	137	498	362	9.46e-63	254	3767	N/A
72_8_2481_13810_25780/1	gi|3062965554|gb|PQ117739.1|	100.000	136	0	0	2	137	1134	999	3.40e-62	252	661342	N/A
72_8_2481_13810_25780/1	gi|3062965553|gb|PQ117738.1|	100.000	136	0	0	2	137	1135	1000	3.40e-62	252	455096	N/A
72_8_2481_13810_25780/1	gi|3062965552|gb|PQ117737.1|	100.000	136	0	0	2	137	1135	1000	3.40e-62	252	455101	N/A
72_8_2481_13810_25780/1	gi|3062965551|gb|PQ117736.1|	100.000	136	0	0	2	137	1135	1000	3.40e-62	252	193308	N/A
72_8_2391_4650_20625/1	gi|2978724457|gb|PV611058.1|	90.164	61	1	4	71	127	295321	295380	7.91e-09	75.0	3421660	N/A
72_8_2391_4650_20625/1	gi|2978724457|gb|PV611058.1|	90.000	60	2	3	71	127	295784	295842	7.91e-09	75.0	3421660	N/A
72_8_2391_4650_20625/1	gi|685043901|emb|LN592426.1|	94.118	51	0	3	62	110	375099	375148	7.91e-09	75.0	7962	N/A
72_8_2391_4650_20625/1	gi|2557643774|emb|OY673254.1|	95.556	45	2	0	71	115	21732	21776	2.84e-08	73.1	2697049	N/A
72_8_2391_4650_20625/1	gi|2463378371|dbj|AP027461.1|	95.556	45	2	0	71	115	1299632	1299676	2.84e-08	73.1	511145	N/A
72_8_2391_4650_20625/1	gi|2463378371|dbj|AP027461.1|	95.556	45	2	0	71	115	1628404	1628360	2.84e-08	73.1	511145	N/A
72_8_2391_4650_20625/1	gi|685046063|emb|LN594588.1|	95.652	46	0	2	67	110	121372	121417	2.84e-08	73.1	7962	N/A
72_8_1422_19580_2961/1	gi|2701785009|gb|OR911484.1|	100.000	136	0	0	2	137	590	455	3.40e-62	252	197809	N/A
72_8_1422_19580_2961/1	gi|2724827569|ref|NC_088470.1|	100.000	136	0	0	2	137	583	448	3.40e-62	252	2550875	N/A
72_8_1422_19580_2961/1	gi|2666688421|ref|NC_085450.1|	100.000	136	0	0	2	137	538	403	3.40e-62	252	3107745	N/A
72_8_1422_19580_2961/1	gi|2288448399|gb|ON641301.1|	100.000	136	0	0	2	137	592	457	3.40e-62	252	185001	N/A
72_8_1422_19580_2961/1	gi|2050192381|gb|MW877581.1|	100.000	136	0	0	2	137	601	466	3.40e-62	252	185001	N/A
72_8_1493_12297_22320/1	gi|2324433304|gb|CP110111.1|	88.806	134	15	0	2	135	3516092	3516225	4.56e-36	165	399176	N/A
72_8_1493_12297_22320/1	gi|1125932766|gb|CP018820.1|	86.466	133	18	0	3	135	4225896	4225764	1.65e-30	147	93064	N/A
72_8_1493_12297_22320/1	gi|2250064321|gb|CP098401.1|	87.097	124	16	0	3	126	410225	410348	7.68e-29	141	2949093	N/A
72_8_1493_12297_22320/1	gi|2973193927|emb|OZ257261.1|	86.325	117	16	0	11	127	3355751	3355635	5.98e-25	128	1908224	N/A
72_8_1493_12297_22320/1	gi|2304448117|gb|CP104207.1|	88.571	105	10	2	23	126	1428732	1428629	2.15e-24	126	2976533	N/A
72_8_2236_32867_14756/1	gi|1386683752|gb|CP025995.1|	83.333	90	13	2	3	91	3865128	3865040	4.72e-11	82.4	2072405	N/A
72_8_2236_32867_14756/1	gi|1386687671|gb|CP025996.1|	83.544	79	13	0	3	81	3444121	3444043	7.91e-09	75.0	2072406	N/A
72_8_2476_23909_12809/1	gi|2805792360|gb|PQ124709.1|	100.000	129	0	0	2	130	97766	97638	2.65e-58	239	113209	N/A
72_8_2476_23909_12809/1	gi|2805792360|gb|PQ124709.1|	100.000	129	0	0	2	130	149968	150096	2.65e-58	239	113209	N/A
72_8_2476_23909_12809/1	gi|2805792263|gb|PQ124708.1|	100.000	129	0	0	2	130	97884	97756	2.65e-58	239	197811	N/A
72_8_2476_23909_12809/1	gi|2805792263|gb|PQ124708.1|	100.000	129	0	0	2	130	150122	150250	2.65e-58	239	197811	N/A
72_8_2476_23909_12809/1	gi|2805792167|gb|PQ124707.1|	100.000	129	0	0	2	130	97884	97756	2.65e-58	239	29818	N/A
72_8_2476_23909_12809/1	gi|2805792167|gb|PQ124707.1|	100.000	129	0	0	2	130	150122	150250	2.65e-58	239	29818	N/A
72_8_2476_23909_12809/1	gi|2805792070|gb|PQ124706.1|	100.000	129	0	0	2	130	97909	97781	2.65e-58	239	197796	N/A
72_8_2476_23909_12809/1	gi|2805792070|gb|PQ124706.1|	100.000	129	0	0	2	130	150056	150184	2.65e-58	239	197796	N/A
72_8_2476_23909_12809/1	gi|2724828596|ref|NC_088481.1|	100.000	129	0	0	2	130	97750	97622	2.65e-58	239	113209	N/A
72_8_2476_23909_12809/1	gi|2724828596|ref|NC_088481.1|	100.000	129	0	0	2	130	149957	150085	2.65e-58	239	113209	N/A
72_8_1393_40183_19182/1	gi|2925775975|emb|OZ240018.1|	100.000	28	0	0	76	103	37149825	37149798	0.037	52.8	798030	N/A
72_8_2424_49254_7710/1	gi|2701785471|gb|OR911489.1|	100.000	81	0	0	2	82	715	635	1.28e-31	150	185002	N/A
72_8_2424_49254_7710/1	gi|2701784733|gb|OR911481.1|	100.000	81	0	0	2	82	659	579	1.28e-31	150	39414	N/A
72_8_2424_49254_7710/1	gi|2724826922|ref|NC_088463.1|	100.000	81	0	0	2	82	670	590	1.28e-31	150	197795	N/A
72_8_2424_49254_7710/1	gi|2328376401|ref|NC_068049.1|	100.000	81	0	0	2	82	664	584	1.28e-31	150	39414	N/A
72_8_2424_49254_7710/1	gi|2288448399|gb|ON641301.1|	100.000	81	0	0	2	82	670	590	1.28e-31	150	185001	N/A
72_8_2370_50233_10441/1	gi|2701784733|gb|OR911481.1|	98.529	136	2	0	2	137	33013	32878	7.37e-59	241	39414	N/A
72_8_2370_50233_10441/1	gi|2328376401|ref|NC_068049.1|	98.529	136	2	0	2	137	32999	32864	7.37e-59	241	39414	N/A
72_8_2370_50233_10441/1	gi|2288448399|gb|ON641301.1|	98.529	136	2	0	2	137	33215	33080	7.37e-59	241	185001	N/A
72_8_2370_50233_10441/1	gi|2050192475|gb|MW877582.1|	98.529	136	2	0	2	137	33012	32877	7.37e-59	241	39414	N/A
72_8_2370_50233_10441/1	gi|2050192381|gb|MW877581.1|	98.529	136	2	0	2	137	33141	33006	7.37e-59	241	185001	N/A
72_8_2260_17953_28273/1	gi|2724827940|ref|NC_088474.1|	100.000	57	0	0	2	58	16083	16139	2.80e-18	106	1439916	N/A
72_8_2260_17953_28273/1	gi|2701784733|gb|OR911481.1|	100.000	57	0	0	2	58	15863	15919	2.80e-18	106	39414	N/A
72_8_2260_17953_28273/1	gi|2724827759|ref|NC_088472.1|	100.000	57	0	0	2	58	16059	16115	2.80e-18	106	2675945	N/A
72_8_2260_17953_28273/1	gi|2724826836|ref|NC_088462.1|	100.000	57	0	0	2	58	15975	16031	2.80e-18	106	197793	N/A
72_8_2260_17953_28273/1	gi|2328376401|ref|NC_068049.1|	100.000	57	0	0	2	58	15854	15910	2.80e-18	106	39414	N/A
72_8_2477_35546_18720/1	gi|2999875282|gb|CP191846.1|	87.879	132	16	0	2	133	10472988	10472857	2.74e-33	156	3239906	N/A
72_8_2477_35546_18720/1	gi|2516318884|gb|CP126980.1|	86.957	138	14	3	2	137	9482654	9482519	3.55e-32	152	3040509	N/A
72_8_2477_35546_18720/1	gi|2020961180|dbj|AP023356.1|	86.957	138	14	4	2	137	4383321	4383186	3.55e-32	152	122358	N/A
72_8_2477_35546_18720/1	gi|3002170708|gb|CP191814.1|	85.294	136	20	0	2	137	9219604	9219469	7.68e-29	141	3239907	N/A
72_8_2477_35546_18720/1	gi|2999817470|gb|CP192038.1|	85.185	135	18	2	4	137	9669960	9669827	9.94e-28	137	3239898	N/A
72_8_1231_15145_25654/1	gi|2793193439|gb|CP167913.1|	78.814	118	21	4	4	119	690024	690139	2.20e-09	76.8	3159496	N/A
72_8_1231_15145_25654/1	gi|933523723|gb|CP012404.1|	78.814	118	21	4	4	119	428644	428759	2.20e-09	76.8	528244	N/A
72_8_1231_15145_25654/1	gi|1378776907|gb|CP028906.1|	80.208	96	19	0	4	99	439780	439875	2.84e-08	73.1	1226968	N/A
72_8_1231_15145_25654/1	gi|357427468|emb|FQ311872.1|	81.395	86	16	0	2	87	226661	226746	1.02e-07	71.3	862719	N/A
72_8_2240_35182_27111/1	gi|2978724457|gb|PV611058.1|	91.935	62	1	3	79	137	295784	295844	1.31e-11	84.2	3421660	N/A
72_8_2240_35182_27111/1	gi|2978724457|gb|PV611058.1|	91.667	60	1	3	79	135	295321	295379	1.70e-10	80.5	3421660	N/A
72_8_2240_35182_27111/1	gi|2830983252|gb|CP170844.1|	88.889	63	5	1	77	137	4083425	4083363	2.20e-09	76.8	573	N/A
72_8_2240_35182_27111/1	gi|2557643774|emb|OY673254.1|	95.652	46	2	0	79	124	21732	21777	7.91e-09	75.0	2697049	N/A
72_8_2240_35182_27111/1	gi|2463378371|dbj|AP027461.1|	95.652	46	2	0	79	124	1299632	1299677	7.91e-09	75.0	511145	N/A
72_8_2240_35182_27111/1	gi|2463378371|dbj|AP027461.1|	95.652	46	2	0	79	124	1628404	1628359	7.91e-09	75.0	511145	N/A
72_8_2240_35182_27111/1	gi|2165836832|emb|OV197136.1|	92.593	54	1	3	72	124	122	71	7.91e-09	75.0	2697049	N/A
72_8_2154_37844_11800/1	gi|2701784733|gb|OR911481.1|	100.000	136	0	0	2	137	33013	32878	3.40e-62	252	39414	N/A
72_8_2154_37844_11800/1	gi|2328376401|ref|NC_068049.1|	100.000	136	0	0	2	137	32999	32864	3.40e-62	252	39414	N/A
72_8_2154_37844_11800/1	gi|2288448399|gb|ON641301.1|	100.000	136	0	0	2	137	33215	33080	3.40e-62	252	185001	N/A
72_8_2154_37844_11800/1	gi|2050192475|gb|MW877582.1|	100.000	136	0	0	2	137	33012	32877	3.40e-62	252	39414	N/A
72_8_2154_37844_11800/1	gi|2050192381|gb|MW877581.1|	100.000	136	0	0	2	137	33141	33006	3.40e-62	252	185001	N/A
72_8_1309_22169_29184/1	gi|2249528541|gb|ON685362.1|	100.000	136	0	0	2	137	2866	2731	3.40e-62	252	185001	N/A
72_8_1309_22169_29184/1	gi|2169218512|gb|OK523422.1|	100.000	136	0	0	2	137	3204	3069	3.40e-62	252	101999	N/A
72_8_1309_22169_29184/1	gi|2169218506|gb|OK523416.1|	100.000	136	0	0	2	137	3202	3067	3.40e-62	252	197809	N/A
72_8_1309_22169_29184/1	gi|2169218505|gb|OK523415.1|	100.000	136	0	0	2	137	3207	3072	3.40e-62	252	185001	N/A
72_8_1309_22169_29184/1	gi|2169218502|gb|OK523412.1|	100.000	136	0	0	2	137	3204	3069	3.40e-62	252	101996	N/A
72_8_1179_9602_17459/1	gi|2701784733|gb|OR911481.1|	100.000	136	0	0	2	137	33013	32878	3.40e-62	252	39414	N/A
72_8_1179_9602_17459/1	gi|2328376401|ref|NC_068049.1|	100.000	136	0	0	2	137	32999	32864	3.40e-62	252	39414	N/A
72_8_1179_9602_17459/1	gi|2288448399|gb|ON641301.1|	100.000	136	0	0	2	137	33215	33080	3.40e-62	252	185001	N/A
72_8_1179_9602_17459/1	gi|2050192475|gb|MW877582.1|	100.000	136	0	0	2	137	33012	32877	3.40e-62	252	39414	N/A
72_8_1179_9602_17459/1	gi|2050192381|gb|MW877581.1|	100.000	136	0	0	2	137	33141	33006	3.40e-62	252	185001	N/A
72_8_1234_29525_21325/1	gi|2745680494|emb|OZ076751.1|	98.113	53	1	0	84	136	211023	211075	2.18e-14	93.5	195143	N/A
72_8_1234_29525_21325/1	gi|2915692344|emb|OZ224459.1|	89.091	55	4	2	84	137	95209807	95209754	1.32e-06	67.6	2867966	N/A
72_8_1234_29525_21325/1	gi|2546768703|emb|OY288276.1|	89.091	55	4	2	84	137	2633031	2633084	1.32e-06	67.6	2862204	N/A
72_8_1234_29525_21325/1	gi|2546769193|emb|OY288287.1|	87.273	55	5	2	84	137	72674006	72673953	6.15e-05	62.1	2862204	N/A
72_8_1207_7967_12332/1	gi|3045267147|gb|PX049138.1|	100.000	136	0	0	2	137	104034	103899	3.40e-62	252	3454936	N/A
72_8_1207_7967_12332/1	gi|3045267147|gb|PX049138.1|	100.000	136	0	0	2	137	131400	131535	3.40e-62	252	3454936	N/A
72_8_1207_7967_12332/1	gi|3045267060|gb|PX049137.1|	100.000	136	0	0	2	137	104024	103889	3.40e-62	252	165317	N/A
72_8_1207_7967_12332/1	gi|3045267060|gb|PX049137.1|	100.000	136	0	0	2	137	131393	131528	3.40e-62	252	165317	N/A
72_8_1207_7967_12332/1	gi|3032662704|gb|PQ231107.1|	100.000	136	0	0	2	137	104286	104151	3.40e-62	252	572118	N/A
72_8_1207_7967_12332/1	gi|3032662704|gb|PQ231107.1|	100.000	136	0	0	2	137	131206	131341	3.40e-62	252	572118	N/A
72_8_1207_7967_12332/1	gi|3032662616|gb|PQ231106.1|	100.000	136	0	0	2	137	103803	103668	3.40e-62	252	694377	N/A
72_8_1207_7967_12332/1	gi|3032662616|gb|PQ231106.1|	100.000	136	0	0	2	137	130700	130835	3.40e-62	252	694377	N/A
72_8_1207_7967_12332/1	gi|3032662528|gb|PQ231105.1|	100.000	136	0	0	2	137	103821	103686	3.40e-62	252	694377	N/A
72_8_1207_7967_12332/1	gi|3032662528|gb|PQ231105.1|	100.000	136	0	0	2	137	130716	130851	3.40e-62	252	694377	N/A
72_8_2251_4569_18384/1	gi|2805792360|gb|PQ124709.1|	100.000	60	0	0	2	61	12991	12932	6.03e-20	111	113209	N/A
72_8_2251_4569_18384/1	gi|2805792263|gb|PQ124708.1|	100.000	60	0	0	2	61	12990	12931	6.03e-20	111	197811	N/A
72_8_2251_4569_18384/1	gi|2805792167|gb|PQ124707.1|	100.000	60	0	0	2	61	12990	12931	6.03e-20	111	29818	N/A
72_8_2251_4569_18384/1	gi|2805792070|gb|PQ124706.1|	100.000	60	0	0	2	61	13030	12971	6.03e-20	111	197796	N/A
72_8_2251_4569_18384/1	gi|2724828596|ref|NC_088481.1|	100.000	60	0	0	2	61	12996	12937	6.03e-20	111	113209	N/A
72_8_2470_13567_12753/1	gi|3052100506|gb|PX240736.1|	96.552	116	4	0	2	117	101527	101412	2.09e-44	193	4006	N/A
72_8_2470_13567_12753/1	gi|3052100506|gb|PX240736.1|	96.552	116	4	0	2	117	137317	137432	2.09e-44	193	4006	N/A
72_8_2470_13567_12753/1	gi|3012605819|gb|PV872148.1|	96.552	116	4	0	2	117	90016	89901	2.09e-44	193	2569579	N/A
72_8_2470_13567_12753/1	gi|3011477925|gb|PV867308.1|	96.552	116	4	0	2	117	22078	22193	2.09e-44	193	44476	N/A
72_8_2470_13567_12753/1	gi|3011477925|gb|PV867308.1|	96.552	116	4	0	2	117	145523	145408	2.09e-44	193	44476	N/A
72_8_2470_13567_12753/1	gi|3016146017|emb|OZ263359.1|	96.552	116	4	0	2	117	17289410	17289295	2.09e-44	193	3983	N/A
72_8_2470_13567_12753/1	gi|3016095819|emb|OZ263249.1|	96.552	116	4	0	2	117	18354203	18354088	2.09e-44	193	3983	N/A
72_8_2360_30075_26508/1	gi|3048443377|emb|OZ306171.1|	100.000	136	0	0	2	137	103326	103191	3.40e-62	252	481118	N/A
72_8_2360_30075_26508/1	gi|3048443377|emb|OZ306171.1|	100.000	136	0	0	2	137	130415	130550	3.40e-62	252	481118	N/A
72_8_2360_30075_26508/1	gi|3048443334|emb|OZ306286.1|	100.000	136	0	0	2	137	66578334	66578199	3.40e-62	252	78511	N/A
72_8_2360_30075_26508/1	gi|3048264046|emb|OZ297787.1|	100.000	136	0	0	2	137	107704	107569	3.40e-62	252	55318	N/A
72_8_2360_30075_26508/1	gi|3048264046|emb|OZ297787.1|	100.000	136	0	0	2	137	136097	136232	3.40e-62	252	55318	N/A
72_8_2360_30075_26508/1	gi|3048228106|emb|OZ297184.1|	100.000	136	0	0	2	137	108404	108269	3.40e-62	252	397083	N/A
72_8_2360_30075_26508/1	gi|3048228106|emb|OZ297184.1|	100.000	136	0	0	2	137	136875	137010	3.40e-62	252	397083	N/A
72_8_2360_30075_26508/1	gi|3048195103|emb|OZ297140.1|	100.000	136	0	0	2	137	105960	105825	3.40e-62	252	59297	N/A
72_8_2360_30075_26508/1	gi|3048195103|emb|OZ297140.1|	100.000	136	0	0	2	137	132604	132739	3.40e-62	252	59297	N/A
72_8_2145_8218_11506/1	gi|2327757735|dbj|AP026966.1|	94.853	136	7	0	2	137	2615778	2615913	1.61e-50	213	457921	N/A
72_8_2145_8218_11506/1	gi|1888689060|gb|CP050454.1|	89.062	64	5	2	20	82	2371574	2371636	6.11e-10	78.7	2709302	N/A
72_8_2145_8218_11506/1	gi|1888676281|gb|CP050451.1|	89.062	64	5	2	20	82	3166709	3166771	6.11e-10	78.7	2709303	N/A
72_8_2350_49100_22040/1	gi|3045267147|gb|PX049138.1|	100.000	136	0	0	2	137	104034	103899	3.40e-62	252	3454936	N/A
72_8_2350_49100_22040/1	gi|3045267147|gb|PX049138.1|	100.000	136	0	0	2	137	131400	131535	3.40e-62	252	3454936	N/A
72_8_2350_49100_22040/1	gi|3045267060|gb|PX049137.1|	100.000	136	0	0	2	137	104024	103889	3.40e-62	252	165317	N/A
72_8_2350_49100_22040/1	gi|3045267060|gb|PX049137.1|	100.000	136	0	0	2	137	131393	131528	3.40e-62	252	165317	N/A
72_8_2350_49100_22040/1	gi|3032662704|gb|PQ231107.1|	100.000	136	0	0	2	137	104286	104151	3.40e-62	252	572118	N/A
72_8_2350_49100_22040/1	gi|3032662704|gb|PQ231107.1|	100.000	136	0	0	2	137	131206	131341	3.40e-62	252	572118	N/A
72_8_2350_49100_22040/1	gi|3032662616|gb|PQ231106.1|	100.000	136	0	0	2	137	103803	103668	3.40e-62	252	694377	N/A
72_8_2350_49100_22040/1	gi|3032662616|gb|PQ231106.1|	100.000	136	0	0	2	137	130700	130835	3.40e-62	252	694377	N/A
72_8_2350_49100_22040/1	gi|3032662528|gb|PQ231105.1|	100.000	136	0	0	2	137	103821	103686	3.40e-62	252	694377	N/A
72_8_2350_49100_22040/1	gi|3032662528|gb|PQ231105.1|	100.000	136	0	0	2	137	130716	130851	3.40e-62	252	694377	N/A
72_8_1320_25722_6953/1	gi|3045267147|gb|PX049138.1|	100.000	136	0	0	2	137	104034	103899	3.40e-62	252	3454936	N/A
72_8_1320_25722_6953/1	gi|3045267147|gb|PX049138.1|	100.000	136	0	0	2	137	131400	131535	3.40e-62	252	3454936	N/A
72_8_1320_25722_6953/1	gi|3045267060|gb|PX049137.1|	100.000	136	0	0	2	137	104024	103889	3.40e-62	252	165317	N/A
72_8_1320_25722_6953/1	gi|3045267060|gb|PX049137.1|	100.000	136	0	0	2	137	131393	131528	3.40e-62	252	165317	N/A
72_8_1320_25722_6953/1	gi|3032662704|gb|PQ231107.1|	100.000	136	0	0	2	137	104286	104151	3.40e-62	252	572118	N/A
72_8_1320_25722_6953/1	gi|3032662704|gb|PQ231107.1|	100.000	136	0	0	2	137	131206	131341	3.40e-62	252	572118	N/A
72_8_1320_25722_6953/1	gi|3032662616|gb|PQ231106.1|	100.000	136	0	0	2	137	103803	103668	3.40e-62	252	694377	N/A
72_8_1320_25722_6953/1	gi|3032662616|gb|PQ231106.1|	100.000	136	0	0	2	137	130700	130835	3.40e-62	252	694377	N/A
72_8_1320_25722_6953/1	gi|3032662528|gb|PQ231105.1|	100.000	136	0	0	2	137	103821	103686	3.40e-62	252	694377	N/A
72_8_1320_25722_6953/1	gi|3032662528|gb|PQ231105.1|	100.000	136	0	0	2	137	130716	130851	3.40e-62	252	694377	N/A
72_8_2196_25374_28679/1	gi|2701784733|gb|OR911481.1|	100.000	136	0	0	2	137	33013	32878	3.40e-62	252	39414	N/A
72_8_2196_25374_28679/1	gi|2328376401|ref|NC_068049.1|	100.000	136	0	0	2	137	32999	32864	3.40e-62	252	39414	N/A
72_8_2196_25374_28679/1	gi|2288448399|gb|ON641301.1|	100.000	136	0	0	2	137	33215	33080	3.40e-62	252	185001	N/A
72_8_2196_25374_28679/1	gi|2050192475|gb|MW877582.1|	100.000	136	0	0	2	137	33012	32877	3.40e-62	252	39414	N/A
72_8_2196_25374_28679/1	gi|2050192381|gb|MW877581.1|	100.000	136	0	0	2	137	33141	33006	3.40e-62	252	185001	N/A
72_8_1213_12442_24533/1	gi|685047580|emb|LN596092.1|	100.000	35	0	0	68	102	44221	44255	4.76e-06	65.8	7962	N/A
72_8_1264_5273_10385/1	gi|2546768686|emb|OY288259.1|	94.286	35	2	0	103	137	3388386	3388420	0.010	54.7	39848	N/A
72_8_2188_13956_1406/1	gi|2813171436|gb|PQ325515.1|	100.000	136	0	0	2	137	100259	100124	3.40e-62	252	254027	N/A
72_8_2188_13956_1406/1	gi|2813171436|gb|PQ325515.1|	100.000	136	0	0	2	137	137179	137314	3.40e-62	252	254027	N/A
72_8_2188_13956_1406/1	gi|2805792360|gb|PQ124709.1|	100.000	136	0	0	2	137	99842	99977	3.40e-62	252	113209	N/A
72_8_2188_13956_1406/1	gi|2805792360|gb|PQ124709.1|	100.000	136	0	0	2	137	147892	147757	3.40e-62	252	113209	N/A
72_8_2188_13956_1406/1	gi|2805792263|gb|PQ124708.1|	100.000	136	0	0	2	137	99959	100094	3.40e-62	252	197811	N/A
72_8_2188_13956_1406/1	gi|2805792263|gb|PQ124708.1|	100.000	136	0	0	2	137	148047	147912	3.40e-62	252	197811	N/A
72_8_2188_13956_1406/1	gi|2805792167|gb|PQ124707.1|	100.000	136	0	0	2	137	99959	100094	3.40e-62	252	29818	N/A
72_8_2188_13956_1406/1	gi|2805792167|gb|PQ124707.1|	100.000	136	0	0	2	137	148047	147912	3.40e-62	252	29818	N/A
72_8_2188_13956_1406/1	gi|2805792070|gb|PQ124706.1|	100.000	136	0	0	2	137	99985	100120	3.40e-62	252	197796	N/A
72_8_2188_13956_1406/1	gi|2805792070|gb|PQ124706.1|	100.000	136	0	0	2	137	147980	147845	3.40e-62	252	197796	N/A
72_8_2298_24759_7416/1	gi|3048443377|emb|OZ306171.1|	100.000	136	0	0	2	137	103326	103191	3.40e-62	252	481118	N/A
72_8_2298_24759_7416/1	gi|3048443377|emb|OZ306171.1|	100.000	136	0	0	2	137	130415	130550	3.40e-62	252	481118	N/A
72_8_2298_24759_7416/1	gi|3048443334|emb|OZ306286.1|	100.000	136	0	0	2	137	66578334	66578199	3.40e-62	252	78511	N/A
72_8_2298_24759_7416/1	gi|3048264046|emb|OZ297787.1|	100.000	136	0	0	2	137	107704	107569	3.40e-62	252	55318	N/A
72_8_2298_24759_7416/1	gi|3048264046|emb|OZ297787.1|	100.000	136	0	0	2	137	136097	136232	3.40e-62	252	55318	N/A
72_8_2298_24759_7416/1	gi|3048228106|emb|OZ297184.1|	100.000	136	0	0	2	137	108404	108269	3.40e-62	252	397083	N/A
72_8_2298_24759_7416/1	gi|3048228106|emb|OZ297184.1|	100.000	136	0	0	2	137	136875	137010	3.40e-62	252	397083	N/A
72_8_2298_24759_7416/1	gi|3048195103|emb|OZ297140.1|	100.000	136	0	0	2	137	105960	105825	3.40e-62	252	59297	N/A
72_8_2298_24759_7416/1	gi|3048195103|emb|OZ297140.1|	100.000	136	0	0	2	137	132604	132739	3.40e-62	252	59297	N/A
72_8_2124_44391_12851/1	gi|2701784733|gb|OR911481.1|	98.529	136	2	0	2	137	33013	32878	7.37e-59	241	39414	N/A
72_8_2124_44391_12851/1	gi|2328376401|ref|NC_068049.1|	98.529	136	2	0	2	137	32999	32864	7.37e-59	241	39414	N/A
72_8_2124_44391_12851/1	gi|2288448399|gb|ON641301.1|	98.529	136	2	0	2	137	33215	33080	7.37e-59	241	185001	N/A
72_8_2124_44391_12851/1	gi|2050192475|gb|MW877582.1|	98.529	136	2	0	2	137	33012	32877	7.37e-59	241	39414	N/A
72_8_2124_44391_12851/1	gi|2050192381|gb|MW877581.1|	98.529	136	2	0	2	137	33141	33006	7.37e-59	241	185001	N/A
72_8_1441_22380_20639/1	gi|2701784733|gb|OR911481.1|	100.000	136	0	0	2	137	33013	32878	3.40e-62	252	39414	N/A
72_8_1441_22380_20639/1	gi|2328376401|ref|NC_068049.1|	100.000	136	0	0	2	137	32999	32864	3.40e-62	252	39414	N/A
72_8_1441_22380_20639/1	gi|2288448399|gb|ON641301.1|	100.000	136	0	0	2	137	33215	33080	3.40e-62	252	185001	N/A
72_8_1441_22380_20639/1	gi|2050192475|gb|MW877582.1|	100.000	136	0	0	2	137	33012	32877	3.40e-62	252	39414	N/A
72_8_1441_22380_20639/1	gi|2050192381|gb|MW877581.1|	100.000	136	0	0	2	137	33141	33006	3.40e-62	252	185001	N/A
72_8_2249_38111_27671/1	gi|3055735835|gb|CP199004.1|	99.259	135	1	0	3	137	1341484	1341350	5.69e-60	244	1747	N/A
72_8_2249_38111_27671/1	gi|2790107115|gb|CP166959.1|	99.259	135	1	0	3	137	1384431	1384297	5.69e-60	244	1747	N/A
72_8_2249_38111_27671/1	gi|2613050028|gb|CP136361.1|	99.259	135	1	0	3	137	1912139	1912005	5.69e-60	244	1905725	N/A
72_8_2249_38111_27671/1	gi|2548746222|gb|CP129004.1|	99.259	135	1	0	3	137	1911853	1911719	5.69e-60	244	1747	N/A
72_8_2249_38111_27671/1	gi|2543759516|gb|CP129003.1|	99.259	135	1	0	3	137	1981249	1981115	5.69e-60	244	1747	N/A
72_8_1238_38103_3591/1	gi|2701784733|gb|OR911481.1|	100.000	136	0	0	2	137	70453	70318	3.40e-62	252	39414	N/A
72_8_1238_38103_3591/1	gi|2724827388|ref|NC_088468.1|	100.000	136	0	0	2	137	70453	70318	3.40e-62	252	197803	N/A
72_8_1238_38103_3591/1	gi|2328376401|ref|NC_068049.1|	100.000	136	0	0	2	137	70457	70322	3.40e-62	252	39414	N/A
72_8_1238_38103_3591/1	gi|2288448399|gb|ON641301.1|	100.000	136	0	0	2	137	70740	70605	3.40e-62	252	185001	N/A
72_8_1238_38103_3591/1	gi|2050192665|gb|MW877584.1|	100.000	136	0	0	2	137	70389	70254	3.40e-62	252	101999	N/A
72_8_1219_35942_13271/1	gi|3045811490|gb|PX133153.1|	100.000	136	0	0	2	137	61802	61937	3.40e-62	252	691774	N/A
72_8_1219_35942_13271/1	gi|3045811376|gb|PX133145.1|	100.000	136	0	0	2	137	51472	51337	3.40e-62	252	41911	N/A
72_8_1219_35942_13271/1	gi|3045267147|gb|PX049138.1|	100.000	136	0	0	2	137	83614	83749	3.40e-62	252	3454936	N/A
72_8_1219_35942_13271/1	gi|3045267147|gb|PX049138.1|	100.000	136	0	0	2	137	151820	151685	3.40e-62	252	3454936	N/A
72_8_1219_35942_13271/1	gi|3045267060|gb|PX049137.1|	100.000	136	0	0	2	137	83610	83745	3.40e-62	252	165317	N/A
72_8_1219_35942_13271/1	gi|3045267060|gb|PX049137.1|	100.000	136	0	0	2	137	151807	151672	3.40e-62	252	165317	N/A
72_8_1219_35942_13271/1	gi|3032662616|gb|PQ231106.1|	100.000	136	0	0	2	137	83270	83405	3.40e-62	252	694377	N/A
72_8_1219_35942_13271/1	gi|3032662616|gb|PQ231106.1|	100.000	136	0	0	2	137	151233	151098	3.40e-62	252	694377	N/A
72_8_1171_43225_23048/1	gi|685042168|emb|LN590693.1|	95.745	47	0	2	91	135	11958545	11958499	7.91e-09	75.0	7962	N/A
72_8_1171_43225_23048/1	gi|685042168|emb|LN590693.1|	95.349	43	0	2	95	135	320675	320633	1.32e-06	67.6	7962	N/A
72_8_1171_43225_23048/1	gi|685042168|emb|LN590693.1|	95.238	42	0	2	96	135	320171	320212	4.76e-06	65.8	7962	N/A
72_8_1171_43225_23048/1	gi|685042177|emb|LN590702.1|	94.000	50	0	3	89	135	6540853	6540902	2.84e-08	73.1	7962	N/A
72_8_1171_43225_23048/1	gi|685042177|emb|LN590702.1|	95.238	42	0	2	96	135	1181065	1181106	4.76e-06	65.8	7962	N/A
72_8_1171_43225_23048/1	gi|685042177|emb|LN590702.1|	95.238	42	0	2	96	135	3995989	3995948	4.76e-06	65.8	7962	N/A
72_8_1171_43225_23048/1	gi|685042177|emb|LN590702.1|	95.238	42	0	2	96	135	6762499	6762540	4.76e-06	65.8	7962	N/A
72_8_1171_43225_23048/1	gi|685042177|emb|LN590702.1|	95.238	42	0	2	96	135	6862999	6863040	4.76e-06	65.8	7962	N/A
72_8_1171_43225_23048/1	gi|685042177|emb|LN590702.1|	100.000	34	0	0	95	128	1157093	1157060	1.71e-05	63.9	7962	N/A
72_8_1171_43225_23048/1	gi|2557638192|emb|OY694677.1|	97.619	42	0	1	94	135	4299	4339	1.02e-07	71.3	2697049	N/A
72_8_1171_43225_23048/1	gi|685043277|emb|LN591802.1|	95.556	45	0	2	94	136	63563	63607	1.02e-07	71.3	7962	N/A
72_8_1171_43225_23048/1	gi|1971769499|gb|MW477480.1|	100.000	38	0	0	94	131	19395	19432	1.02e-07	71.3	2803381	N/A
72_8_1171_43225_23048/1	gi|1971769499|gb|MW477480.1|	100.000	34	0	0	96	129	34	1	1.71e-05	63.9	2803381	N/A
72_8_1373_14045_15708/1	gi|3045267147|gb|PX049138.1|	100.000	136	0	0	2	137	104034	103899	3.40e-62	252	3454936	N/A
72_8_1373_14045_15708/1	gi|3045267147|gb|PX049138.1|	100.000	136	0	0	2	137	131400	131535	3.40e-62	252	3454936	N/A
72_8_1373_14045_15708/1	gi|3045267060|gb|PX049137.1|	100.000	136	0	0	2	137	104024	103889	3.40e-62	252	165317	N/A
72_8_1373_14045_15708/1	gi|3045267060|gb|PX049137.1|	100.000	136	0	0	2	137	131393	131528	3.40e-62	252	165317	N/A
72_8_1373_14045_15708/1	gi|3032662704|gb|PQ231107.1|	100.000	136	0	0	2	137	104286	104151	3.40e-62	252	572118	N/A
72_8_1373_14045_15708/1	gi|3032662704|gb|PQ231107.1|	100.000	136	0	0	2	137	131206	131341	3.40e-62	252	572118	N/A
72_8_1373_14045_15708/1	gi|3032662616|gb|PQ231106.1|	100.000	136	0	0	2	137	103803	103668	3.40e-62	252	694377	N/A
72_8_1373_14045_15708/1	gi|3032662616|gb|PQ231106.1|	100.000	136	0	0	2	137	130700	130835	3.40e-62	252	694377	N/A
72_8_1373_14045_15708/1	gi|3032662528|gb|PQ231105.1|	100.000	136	0	0	2	137	103821	103686	3.40e-62	252	694377	N/A
72_8_1373_14045_15708/1	gi|3032662528|gb|PQ231105.1|	100.000	136	0	0	2	137	130716	130851	3.40e-62	252	694377	N/A
72_8_2383_16230_11366/1	gi|3035234455|emb|OZ294523.1|	100.000	28	0	0	21	48	80907848	80907821	0.037	52.8	333459	N/A
72_8_2383_16230_11366/1	gi|2560328863|emb|OY720312.1|	100.000	28	0	0	22	49	19338038	19338065	0.037	52.8	878362	N/A
72_8_1333_39875_19686/1	gi|2249528541|gb|ON685362.1|	100.000	136	0	0	2	137	2866	2731	3.40e-62	252	185001	N/A
72_8_1333_39875_19686/1	gi|2169218512|gb|OK523422.1|	100.000	136	0	0	2	137	3204	3069	3.40e-62	252	101999	N/A
72_8_1333_39875_19686/1	gi|2169218506|gb|OK523416.1|	100.000	136	0	0	2	137	3202	3067	3.40e-62	252	197809	N/A
72_8_1333_39875_19686/1	gi|2169218505|gb|OK523415.1|	100.000	136	0	0	2	137	3207	3072	3.40e-62	252	185001	N/A
72_8_1333_39875_19686/1	gi|2169218502|gb|OK523412.1|	100.000	136	0	0	2	137	3204	3069	3.40e-62	252	101996	N/A
72_8_1179_41477_1728/1	gi|3020189716|emb|OZ282507.1|	100.000	136	0	0	2	137	34779830	34779965	3.40e-62	252	28540	N/A
72_8_1179_41477_1728/1	gi|2282685577|gb|OP162632.1|	100.000	136	0	0	2	137	3777	3642	3.40e-62	252	168488	N/A
72_8_1179_41477_1728/1	gi|2282685574|gb|OP162631.1|	100.000	136	0	0	2	137	3733	3598	3.40e-62	252	168488	N/A
72_8_1179_41477_1728/1	gi|2282685573|gb|OP162630.1|	100.000	136	0	0	2	137	3687	3552	3.40e-62	252	168488	N/A
72_8_1179_41477_1728/1	gi|2282685570|gb|OP162629.1|	100.000	136	0	0	2	137	3687	3552	3.40e-62	252	168488	N/A
72_8_1488_42699_17347/1	gi|2288448399|gb|ON641301.1|	100.000	135	0	0	2	136	70872	70738	1.22e-61	250	185001	N/A
72_8_1488_42699_17347/1	gi|1610617358|ref|NC_041420.1|	99.259	135	1	0	2	136	70763	70629	5.69e-60	244	185001	N/A
72_8_1488_42699_17347/1	gi|2050192381|gb|MW877581.1|	99.259	135	1	0	2	136	70766	70632	5.69e-60	244	185001	N/A
72_8_1488_42699_17347/1	gi|2701784733|gb|OR911481.1|	98.519	135	2	0	2	136	70585	70451	2.65e-58	239	39414	N/A
72_8_1488_42699_17347/1	gi|2328376401|ref|NC_068049.1|	98.519	135	2	0	2	136	70589	70455	2.65e-58	239	39414	N/A
72_8_1158_17403_16142/1	gi|2805792360|gb|PQ124709.1|	100.000	129	0	0	2	130	97766	97638	2.65e-58	239	113209	N/A
72_8_1158_17403_16142/1	gi|2805792360|gb|PQ124709.1|	100.000	129	0	0	2	130	149968	150096	2.65e-58	239	113209	N/A
72_8_1158_17403_16142/1	gi|2805792263|gb|PQ124708.1|	100.000	129	0	0	2	130	97884	97756	2.65e-58	239	197811	N/A
72_8_1158_17403_16142/1	gi|2805792263|gb|PQ124708.1|	100.000	129	0	0	2	130	150122	150250	2.65e-58	239	197811	N/A
72_8_1158_17403_16142/1	gi|2805792167|gb|PQ124707.1|	100.000	129	0	0	2	130	97884	97756	2.65e-58	239	29818	N/A
72_8_1158_17403_16142/1	gi|2805792167|gb|PQ124707.1|	100.000	129	0	0	2	130	150122	150250	2.65e-58	239	29818	N/A
72_8_1158_17403_16142/1	gi|2805792070|gb|PQ124706.1|	100.000	129	0	0	2	130	97909	97781	2.65e-58	239	197796	N/A
72_8_1158_17403_16142/1	gi|2805792070|gb|PQ124706.1|	100.000	129	0	0	2	130	150056	150184	2.65e-58	239	197796	N/A
72_8_1158_17403_16142/1	gi|2724828596|ref|NC_088481.1|	100.000	129	0	0	2	130	97750	97622	2.65e-58	239	113209	N/A
72_8_1158_17403_16142/1	gi|2724828596|ref|NC_088481.1|	100.000	129	0	0	2	130	149957	150085	2.65e-58	239	113209	N/A
72_8_1150_30367_20037/1	gi|3048443377|emb|OZ306171.1|	100.000	136	0	0	2	137	103326	103191	3.40e-62	252	481118	N/A
72_8_1150_30367_20037/1	gi|3048443377|emb|OZ306171.1|	100.000	136	0	0	2	137	130415	130550	3.40e-62	252	481118	N/A
72_8_1150_30367_20037/1	gi|3048443334|emb|OZ306286.1|	100.000	136	0	0	2	137	66578334	66578199	3.40e-62	252	78511	N/A
72_8_1150_30367_20037/1	gi|3048264046|emb|OZ297787.1|	100.000	136	0	0	2	137	107704	107569	3.40e-62	252	55318	N/A
72_8_1150_30367_20037/1	gi|3048264046|emb|OZ297787.1|	100.000	136	0	0	2	137	136097	136232	3.40e-62	252	55318	N/A
72_8_1150_30367_20037/1	gi|3048228106|emb|OZ297184.1|	100.000	136	0	0	2	137	108404	108269	3.40e-62	252	397083	N/A
72_8_1150_30367_20037/1	gi|3048228106|emb|OZ297184.1|	100.000	136	0	0	2	137	136875	137010	3.40e-62	252	397083	N/A
72_8_1150_30367_20037/1	gi|3048195103|emb|OZ297140.1|	100.000	136	0	0	2	137	105960	105825	3.40e-62	252	59297	N/A
72_8_1150_30367_20037/1	gi|3048195103|emb|OZ297140.1|	100.000	136	0	0	2	137	132604	132739	3.40e-62	252	59297	N/A
72_8_2244_18107_16997/1	gi|3045811740|gb|PX150045.1|	97.826	92	2	0	2	93	288062	288153	2.12e-34	159	36748	N/A
72_8_2244_18107_16997/1	gi|3045811704|gb|PX150041.1|	97.826	92	2	0	2	93	917017	916926	2.12e-34	159	223107	N/A
72_8_2244_18107_16997/1	gi|3045811534|gb|PX150011.1|	97.826	92	2	0	2	93	6056	5965	2.12e-34	159	223093	N/A
72_8_2244_18107_16997/1	gi|3045811555|gb|PX150016.1|	96.739	92	3	0	2	93	459226	459135	9.87e-33	154	53590	N/A
72_8_2244_18107_16997/1	gi|2438961823|gb|OP169561.1|	96.739	92	3	0	2	93	369729	369638	9.87e-33	154	53590	N/A
72_8_2489_17913_10245/1	gi|3045267147|gb|PX049138.1|	100.000	136	0	0	2	137	104034	103899	3.40e-62	252	3454936	N/A
72_8_2489_17913_10245/1	gi|3045267147|gb|PX049138.1|	100.000	136	0	0	2	137	131400	131535	3.40e-62	252	3454936	N/A
72_8_2489_17913_10245/1	gi|3045267060|gb|PX049137.1|	100.000	136	0	0	2	137	104024	103889	3.40e-62	252	165317	N/A
72_8_2489_17913_10245/1	gi|3045267060|gb|PX049137.1|	100.000	136	0	0	2	137	131393	131528	3.40e-62	252	165317	N/A
72_8_2489_17913_10245/1	gi|3032662704|gb|PQ231107.1|	100.000	136	0	0	2	137	104286	104151	3.40e-62	252	572118	N/A
72_8_2489_17913_10245/1	gi|3032662704|gb|PQ231107.1|	100.000	136	0	0	2	137	131206	131341	3.40e-62	252	572118	N/A
72_8_2489_17913_10245/1	gi|3032662616|gb|PQ231106.1|	100.000	136	0	0	2	137	103803	103668	3.40e-62	252	694377	N/A
72_8_2489_17913_10245/1	gi|3032662616|gb|PQ231106.1|	100.000	136	0	0	2	137	130700	130835	3.40e-62	252	694377	N/A
72_8_2489_17913_10245/1	gi|3032662528|gb|PQ231105.1|	100.000	136	0	0	2	137	103821	103686	3.40e-62	252	694377	N/A
72_8_2489_17913_10245/1	gi|3032662528|gb|PQ231105.1|	100.000	136	0	0	2	137	130716	130851	3.40e-62	252	694377	N/A
72_8_1203_27939_7542/1	gi|2701785471|gb|OR911489.1|	100.000	81	0	0	2	82	715	635	1.28e-31	150	185002	N/A
72_8_1203_27939_7542/1	gi|2701784733|gb|OR911481.1|	100.000	81	0	0	2	82	659	579	1.28e-31	150	39414	N/A
72_8_1203_27939_7542/1	gi|2724826922|ref|NC_088463.1|	100.000	81	0	0	2	82	670	590	1.28e-31	150	197795	N/A
72_8_1203_27939_7542/1	gi|2328376401|ref|NC_068049.1|	100.000	81	0	0	2	82	664	584	1.28e-31	150	39414	N/A
72_8_1203_27939_7542/1	gi|2288448399|gb|ON641301.1|	100.000	81	0	0	2	82	670	590	1.28e-31	150	185001	N/A
72_8_1370_24030_25486/1	gi|3045811490|gb|PX133153.1|	99.265	136	1	0	2	137	61802	61937	1.58e-60	246	691774	N/A
72_8_1370_24030_25486/1	gi|3045811376|gb|PX133145.1|	99.265	136	1	0	2	137	51472	51337	1.58e-60	246	41911	N/A
72_8_1370_24030_25486/1	gi|3045267147|gb|PX049138.1|	99.265	136	1	0	2	137	83614	83749	1.58e-60	246	3454936	N/A
72_8_1370_24030_25486/1	gi|3045267147|gb|PX049138.1|	99.265	136	1	0	2	137	151820	151685	1.58e-60	246	3454936	N/A
72_8_1370_24030_25486/1	gi|3045267060|gb|PX049137.1|	99.265	136	1	0	2	137	83610	83745	1.58e-60	246	165317	N/A
72_8_1370_24030_25486/1	gi|3045267060|gb|PX049137.1|	99.265	136	1	0	2	137	151807	151672	1.58e-60	246	165317	N/A
72_8_1370_24030_25486/1	gi|3032662616|gb|PQ231106.1|	99.265	136	1	0	2	137	83270	83405	1.58e-60	246	694377	N/A
72_8_1370_24030_25486/1	gi|3032662616|gb|PQ231106.1|	99.265	136	1	0	2	137	151233	151098	1.58e-60	246	694377	N/A
72_8_1247_39503_17865/1	gi|2701785471|gb|OR911489.1|	100.000	136	0	0	2	137	1006	871	3.40e-62	252	185002	N/A
72_8_1247_39503_17865/1	gi|2701784733|gb|OR911481.1|	100.000	136	0	0	2	137	950	815	3.40e-62	252	39414	N/A
72_8_1247_39503_17865/1	gi|2288448399|gb|ON641301.1|	100.000	136	0	0	2	137	961	826	3.40e-62	252	185001	N/A
72_8_1247_39503_17865/1	gi|2050192570|gb|MW877583.1|	100.000	136	0	0	2	137	1007	872	3.40e-62	252	185002	N/A
72_8_1247_39503_17865/1	gi|2050192475|gb|MW877582.1|	100.000	136	0	0	2	137	950	815	3.40e-62	252	39414	N/A
72_8_2142_16262_25346/1	gi|3045811490|gb|PX133153.1|	99.265	136	1	0	2	137	61802	61937	1.58e-60	246	691774	N/A
72_8_2142_16262_25346/1	gi|3045811376|gb|PX133145.1|	99.265	136	1	0	2	137	51472	51337	1.58e-60	246	41911	N/A
72_8_2142_16262_25346/1	gi|3045267147|gb|PX049138.1|	99.265	136	1	0	2	137	83614	83749	1.58e-60	246	3454936	N/A
72_8_2142_16262_25346/1	gi|3045267147|gb|PX049138.1|	99.265	136	1	0	2	137	151820	151685	1.58e-60	246	3454936	N/A
72_8_2142_16262_25346/1	gi|3045267060|gb|PX049137.1|	99.265	136	1	0	2	137	83610	83745	1.58e-60	246	165317	N/A
72_8_2142_16262_25346/1	gi|3045267060|gb|PX049137.1|	99.265	136	1	0	2	137	151807	151672	1.58e-60	246	165317	N/A
72_8_2142_16262_25346/1	gi|3032662616|gb|PQ231106.1|	99.265	136	1	0	2	137	83270	83405	1.58e-60	246	694377	N/A
72_8_2142_16262_25346/1	gi|3032662616|gb|PQ231106.1|	99.265	136	1	0	2	137	151233	151098	1.58e-60	246	694377	N/A
72_8_2467_38103_24547/1	gi|3045267147|gb|PX049138.1|	100.000	136	0	0	2	137	104034	103899	3.40e-62	252	3454936	N/A
72_8_2467_38103_24547/1	gi|3045267147|gb|PX049138.1|	100.000	136	0	0	2	137	131400	131535	3.40e-62	252	3454936	N/A
72_8_2467_38103_24547/1	gi|3045267060|gb|PX049137.1|	100.000	136	0	0	2	137	104024	103889	3.40e-62	252	165317	N/A
72_8_2467_38103_24547/1	gi|3045267060|gb|PX049137.1|	100.000	136	0	0	2	137	131393	131528	3.40e-62	252	165317	N/A
72_8_2467_38103_24547/1	gi|3032662704|gb|PQ231107.1|	100.000	136	0	0	2	137	104286	104151	3.40e-62	252	572118	N/A
72_8_2467_38103_24547/1	gi|3032662704|gb|PQ231107.1|	100.000	136	0	0	2	137	131206	131341	3.40e-62	252	572118	N/A
72_8_2467_38103_24547/1	gi|3032662616|gb|PQ231106.1|	100.000	136	0	0	2	137	103803	103668	3.40e-62	252	694377	N/A
72_8_2467_38103_24547/1	gi|3032662616|gb|PQ231106.1|	100.000	136	0	0	2	137	130700	130835	3.40e-62	252	694377	N/A
72_8_2467_38103_24547/1	gi|3032662528|gb|PQ231105.1|	100.000	136	0	0	2	137	103821	103686	3.40e-62	252	694377	N/A
72_8_2467_38103_24547/1	gi|3032662528|gb|PQ231105.1|	100.000	136	0	0	2	137	130716	130851	3.40e-62	252	694377	N/A
72_8_2269_39584_5847/1	gi|3045267147|gb|PX049138.1|	99.265	136	1	0	2	137	104034	103899	1.58e-60	246	3454936	N/A
72_8_2269_39584_5847/1	gi|3045267147|gb|PX049138.1|	99.265	136	1	0	2	137	131400	131535	1.58e-60	246	3454936	N/A
72_8_2269_39584_5847/1	gi|3045267060|gb|PX049137.1|	99.265	136	1	0	2	137	104024	103889	1.58e-60	246	165317	N/A
72_8_2269_39584_5847/1	gi|3045267060|gb|PX049137.1|	99.265	136	1	0	2	137	131393	131528	1.58e-60	246	165317	N/A
72_8_2269_39584_5847/1	gi|3032662704|gb|PQ231107.1|	99.265	136	1	0	2	137	104286	104151	1.58e-60	246	572118	N/A
72_8_2269_39584_5847/1	gi|3032662704|gb|PQ231107.1|	99.265	136	1	0	2	137	131206	131341	1.58e-60	246	572118	N/A
72_8_2269_39584_5847/1	gi|3032662616|gb|PQ231106.1|	99.265	136	1	0	2	137	103803	103668	1.58e-60	246	694377	N/A
72_8_2269_39584_5847/1	gi|3032662616|gb|PQ231106.1|	99.265	136	1	0	2	137	130700	130835	1.58e-60	246	694377	N/A
72_8_2269_39584_5847/1	gi|3032662528|gb|PQ231105.1|	99.265	136	1	0	2	137	103821	103686	1.58e-60	246	694377	N/A
72_8_2269_39584_5847/1	gi|3032662528|gb|PQ231105.1|	99.265	136	1	0	2	137	130716	130851	1.58e-60	246	694377	N/A
72_8_1182_48882_16311/1	gi|3045267147|gb|PX049138.1|	100.000	136	0	0	2	137	104034	103899	3.40e-62	252	3454936	N/A
72_8_1182_48882_16311/1	gi|3045267147|gb|PX049138.1|	100.000	136	0	0	2	137	131400	131535	3.40e-62	252	3454936	N/A
72_8_1182_48882_16311/1	gi|3045267060|gb|PX049137.1|	100.000	136	0	0	2	137	104024	103889	3.40e-62	252	165317	N/A
72_8_1182_48882_16311/1	gi|3045267060|gb|PX049137.1|	100.000	136	0	0	2	137	131393	131528	3.40e-62	252	165317	N/A
72_8_1182_48882_16311/1	gi|3032662704|gb|PQ231107.1|	100.000	136	0	0	2	137	104286	104151	3.40e-62	252	572118	N/A
72_8_1182_48882_16311/1	gi|3032662704|gb|PQ231107.1|	100.000	136	0	0	2	137	131206	131341	3.40e-62	252	572118	N/A
72_8_1182_48882_16311/1	gi|3032662616|gb|PQ231106.1|	100.000	136	0	0	2	137	103803	103668	3.40e-62	252	694377	N/A
72_8_1182_48882_16311/1	gi|3032662616|gb|PQ231106.1|	100.000	136	0	0	2	137	130700	130835	3.40e-62	252	694377	N/A
72_8_1182_48882_16311/1	gi|3032662528|gb|PQ231105.1|	100.000	136	0	0	2	137	103821	103686	3.40e-62	252	694377	N/A
72_8_1182_48882_16311/1	gi|3032662528|gb|PQ231105.1|	100.000	136	0	0	2	137	130716	130851	3.40e-62	252	694377	N/A
72_8_1172_37472_18272/1	gi|685042160|emb|LN590685.1|	100.000	31	0	0	107	137	16867634	16867604	7.96e-04	58.4	7962	N/A
72_8_1361_44140_5777/1	gi|2701784733|gb|OR911481.1|	99.265	136	1	0	2	137	33013	32878	1.58e-60	246	39414	N/A
72_8_1361_44140_5777/1	gi|2328376401|ref|NC_068049.1|	99.265	136	1	0	2	137	32999	32864	1.58e-60	246	39414	N/A
72_8_1361_44140_5777/1	gi|2288448399|gb|ON641301.1|	99.265	136	1	0	2	137	33215	33080	1.58e-60	246	185001	N/A
72_8_1361_44140_5777/1	gi|2050192475|gb|MW877582.1|	99.265	136	1	0	2	137	33012	32877	1.58e-60	246	39414	N/A
72_8_1361_44140_5777/1	gi|2050192381|gb|MW877581.1|	99.265	136	1	0	2	137	33141	33006	1.58e-60	246	185001	N/A
72_8_1385_30537_19967/1	gi|2701784733|gb|OR911481.1|	100.000	72	0	0	2	73	16587	16658	1.29e-26	134	39414	N/A
72_8_1385_30537_19967/1	gi|2328376401|ref|NC_068049.1|	100.000	72	0	0	2	73	16578	16649	1.29e-26	134	39414	N/A
72_8_1385_30537_19967/1	gi|2288448399|gb|ON641301.1|	100.000	72	0	0	2	73	16595	16666	1.29e-26	134	185001	N/A
72_8_1385_30537_19967/1	gi|2050192475|gb|MW877582.1|	100.000	72	0	0	2	73	16586	16657	1.29e-26	134	39414	N/A
72_8_1385_30537_19967/1	gi|2050192381|gb|MW877581.1|	100.000	72	0	0	2	73	16528	16599	1.29e-26	134	185001	N/A
72_8_1363_4472_8410/1	gi|3045267147|gb|PX049138.1|	100.000	136	0	0	2	137	104034	103899	3.40e-62	252	3454936	N/A
72_8_1363_4472_8410/1	gi|3045267147|gb|PX049138.1|	100.000	136	0	0	2	137	131400	131535	3.40e-62	252	3454936	N/A
72_8_1363_4472_8410/1	gi|3045267060|gb|PX049137.1|	100.000	136	0	0	2	137	104024	103889	3.40e-62	252	165317	N/A
72_8_1363_4472_8410/1	gi|3045267060|gb|PX049137.1|	100.000	136	0	0	2	137	131393	131528	3.40e-62	252	165317	N/A
72_8_1363_4472_8410/1	gi|3032662704|gb|PQ231107.1|	100.000	136	0	0	2	137	104286	104151	3.40e-62	252	572118	N/A
72_8_1363_4472_8410/1	gi|3032662704|gb|PQ231107.1|	100.000	136	0	0	2	137	131206	131341	3.40e-62	252	572118	N/A
72_8_1363_4472_8410/1	gi|3032662616|gb|PQ231106.1|	100.000	136	0	0	2	137	103803	103668	3.40e-62	252	694377	N/A
72_8_1363_4472_8410/1	gi|3032662616|gb|PQ231106.1|	100.000	136	0	0	2	137	130700	130835	3.40e-62	252	694377	N/A
72_8_1363_4472_8410/1	gi|3032662528|gb|PQ231105.1|	100.000	136	0	0	2	137	103821	103686	3.40e-62	252	694377	N/A
72_8_1363_4472_8410/1	gi|3032662528|gb|PQ231105.1|	100.000	136	0	0	2	137	130716	130851	3.40e-62	252	694377	N/A
72_8_1277_13454_10371/1	gi|2234989563|gb|CP085081.1|	86.923	130	17	0	8	137	3936052	3935923	1.65e-30	147	3133721	N/A
72_8_1277_13454_10371/1	gi|2961764008|emb|OZ253458.1|	85.470	117	17	0	2	118	910562	910446	2.78e-23	122	1913988	N/A
72_8_1277_13454_10371/1	gi|2961764008|emb|OZ253458.1|	87.912	91	9	2	2	91	6832532	6832443	2.80e-18	106	1913988	N/A
72_8_1277_13454_10371/1	gi|2961764008|emb|OZ253458.1|	85.000	80	10	2	36	114	1580314	1580236	1.70e-10	80.5	1913988	N/A
72_8_1277_13454_10371/1	gi|2961764008|emb|OZ253458.1|	77.049	122	18	8	2	118	950365	950481	6.15e-05	62.1	1913988	N/A
72_8_1277_13454_10371/1	gi|2929347691|emb|OZ242200.1|	85.470	117	17	0	2	118	4455422	4455538	2.78e-23	122	1913988	N/A
72_8_1277_13454_10371/1	gi|2929347691|emb|OZ242200.1|	87.912	91	9	2	2	91	2718406	2718317	2.80e-18	106	1913988	N/A
72_8_1277_13454_10371/1	gi|2929347691|emb|OZ242200.1|	77.049	122	18	8	2	118	4415357	4415241	6.15e-05	62.1	1913988	N/A
72_8_1277_13454_10371/1	gi|2929347666|emb|OZ242285.1|	85.470	117	17	0	2	118	886403	886519	2.78e-23	122	1913988	N/A
72_8_1277_13454_10371/1	gi|2929347666|emb|OZ242285.1|	83.333	90	13	2	3	91	3065946	3066034	4.72e-11	82.4	1913988	N/A
72_8_1277_13454_10371/1	gi|2929347666|emb|OZ242285.1|	77.966	118	24	2	2	118	497981	498097	2.84e-08	73.1	1913988	N/A
72_8_1277_13454_10371/1	gi|2621705102|emb|OY763326.1|	83.721	129	21	0	2	130	1807187	1807059	2.78e-23	122	1913988	N/A
72_8_1277_13454_10371/1	gi|2621705102|emb|OY763326.1|	85.556	90	11	2	3	91	1100965	1100877	2.18e-14	93.5	1913988	N/A
72_8_1277_13454_10371/1	gi|2621705102|emb|OY763326.1|	80.899	89	17	0	2	90	2327237	2327325	1.02e-07	71.3	1913988	N/A
72_8_1467_24055_19056/1	gi|3045267147|gb|PX049138.1|	100.000	136	0	0	2	137	104034	103899	3.40e-62	252	3454936	N/A
72_8_1467_24055_19056/1	gi|3045267147|gb|PX049138.1|	100.000	136	0	0	2	137	131400	131535	3.40e-62	252	3454936	N/A
72_8_1467_24055_19056/1	gi|3045267060|gb|PX049137.1|	100.000	136	0	0	2	137	104024	103889	3.40e-62	252	165317	N/A
72_8_1467_24055_19056/1	gi|3045267060|gb|PX049137.1|	100.000	136	0	0	2	137	131393	131528	3.40e-62	252	165317	N/A
72_8_1467_24055_19056/1	gi|3032662704|gb|PQ231107.1|	100.000	136	0	0	2	137	104286	104151	3.40e-62	252	572118	N/A
72_8_1467_24055_19056/1	gi|3032662704|gb|PQ231107.1|	100.000	136	0	0	2	137	131206	131341	3.40e-62	252	572118	N/A
72_8_1467_24055_19056/1	gi|3032662616|gb|PQ231106.1|	100.000	136	0	0	2	137	103803	103668	3.40e-62	252	694377	N/A
72_8_1467_24055_19056/1	gi|3032662616|gb|PQ231106.1|	100.000	136	0	0	2	137	130700	130835	3.40e-62	252	694377	N/A
72_8_1467_24055_19056/1	gi|3032662528|gb|PQ231105.1|	100.000	136	0	0	2	137	103821	103686	3.40e-62	252	694377	N/A
72_8_1467_24055_19056/1	gi|3032662528|gb|PQ231105.1|	100.000	136	0	0	2	137	130716	130851	3.40e-62	252	694377	N/A
72_8_2153_33401_15428/1	gi|2874253972|emb|OY970297.1|	93.798	129	8	0	2	130	3364666	3364538	5.82e-45	195	91750	N/A
72_8_2153_33401_15428/1	gi|2647123757|gb|CP141588.1|	91.473	129	11	0	2	130	2979089	2979217	5.86e-40	178	3095343	N/A
72_8_2153_33401_15428/1	gi|2989807457|gb|CP193482.1|	87.786	131	16	0	2	132	2635658	2635528	9.87e-33	154	3424718	N/A
72_8_2153_33401_15428/1	gi|2973194119|emb|OZ257238.1|	87.692	130	16	0	2	131	2284117	2284246	3.55e-32	152	1912891	N/A
72_8_2153_33401_15428/1	gi|1073516485|dbj|AP017655.1|	87.121	132	15	2	2	132	3460996	3461126	4.59e-31	148	120107	N/A
72_8_2449_20292_7920/1	gi|3045811490|gb|PX133153.1|	100.000	136	0	0	2	137	61802	61937	3.40e-62	252	691774	N/A
72_8_2449_20292_7920/1	gi|3045811376|gb|PX133145.1|	100.000	136	0	0	2	137	51472	51337	3.40e-62	252	41911	N/A
72_8_2449_20292_7920/1	gi|3045267147|gb|PX049138.1|	100.000	136	0	0	2	137	83614	83749	3.40e-62	252	3454936	N/A
72_8_2449_20292_7920/1	gi|3045267147|gb|PX049138.1|	100.000	136	0	0	2	137	151820	151685	3.40e-62	252	3454936	N/A
72_8_2449_20292_7920/1	gi|3045267060|gb|PX049137.1|	100.000	136	0	0	2	137	83610	83745	3.40e-62	252	165317	N/A
72_8_2449_20292_7920/1	gi|3045267060|gb|PX049137.1|	100.000	136	0	0	2	137	151807	151672	3.40e-62	252	165317	N/A
72_8_2449_20292_7920/1	gi|3032662616|gb|PQ231106.1|	100.000	136	0	0	2	137	83270	83405	3.40e-62	252	694377	N/A
72_8_2449_20292_7920/1	gi|3032662616|gb|PQ231106.1|	100.000	136	0	0	2	137	151233	151098	3.40e-62	252	694377	N/A
72_8_2312_13066_9167/1	gi|3048443377|emb|OZ306171.1|	100.000	136	0	0	2	137	103326	103191	3.40e-62	252	481118	N/A
72_8_2312_13066_9167/1	gi|3048443377|emb|OZ306171.1|	100.000	136	0	0	2	137	130415	130550	3.40e-62	252	481118	N/A
72_8_2312_13066_9167/1	gi|3048443334|emb|OZ306286.1|	100.000	136	0	0	2	137	66578334	66578199	3.40e-62	252	78511	N/A
72_8_2312_13066_9167/1	gi|3048264046|emb|OZ297787.1|	100.000	136	0	0	2	137	107704	107569	3.40e-62	252	55318	N/A
72_8_2312_13066_9167/1	gi|3048264046|emb|OZ297787.1|	100.000	136	0	0	2	137	136097	136232	3.40e-62	252	55318	N/A
72_8_2312_13066_9167/1	gi|3048228106|emb|OZ297184.1|	100.000	136	0	0	2	137	108404	108269	3.40e-62	252	397083	N/A
72_8_2312_13066_9167/1	gi|3048228106|emb|OZ297184.1|	100.000	136	0	0	2	137	136875	137010	3.40e-62	252	397083	N/A
72_8_2312_13066_9167/1	gi|3048195103|emb|OZ297140.1|	100.000	136	0	0	2	137	105960	105825	3.40e-62	252	59297	N/A
72_8_2312_13066_9167/1	gi|3048195103|emb|OZ297140.1|	100.000	136	0	0	2	137	132604	132739	3.40e-62	252	59297	N/A
72_8_1356_11067_14868/1	gi|3045811490|gb|PX133153.1|	100.000	136	0	0	2	137	61802	61937	3.40e-62	252	691774	N/A
72_8_1356_11067_14868/1	gi|3045811376|gb|PX133145.1|	100.000	136	0	0	2	137	51472	51337	3.40e-62	252	41911	N/A
72_8_1356_11067_14868/1	gi|3045267147|gb|PX049138.1|	100.000	136	0	0	2	137	83614	83749	3.40e-62	252	3454936	N/A
72_8_1356_11067_14868/1	gi|3045267147|gb|PX049138.1|	100.000	136	0	0	2	137	151820	151685	3.40e-62	252	3454936	N/A
72_8_1356_11067_14868/1	gi|3045267060|gb|PX049137.1|	100.000	136	0	0	2	137	83610	83745	3.40e-62	252	165317	N/A
72_8_1356_11067_14868/1	gi|3045267060|gb|PX049137.1|	100.000	136	0	0	2	137	151807	151672	3.40e-62	252	165317	N/A
72_8_1356_11067_14868/1	gi|3032662616|gb|PQ231106.1|	100.000	136	0	0	2	137	83270	83405	3.40e-62	252	694377	N/A
72_8_1356_11067_14868/1	gi|3032662616|gb|PQ231106.1|	100.000	136	0	0	2	137	151233	151098	3.40e-62	252	694377	N/A
72_8_1244_50783_22600/1	gi|2928257069|emb|OZ241259.1|	94.030	134	8	0	4	137	53199967	53200100	9.66e-48	204	4166	N/A
72_8_1244_50783_22600/1	gi|2928257035|emb|OZ241225.1|	94.030	134	8	0	4	137	50940078	50940211	9.66e-48	204	4166	N/A
72_8_1244_50783_22600/1	gi|2961944972|emb|OZ253760.1|	93.382	136	9	0	2	137	16184611	16184746	3.48e-47	202	39353	N/A
72_8_1244_50783_22600/1	gi|2961944859|emb|OZ253703.1|	93.382	136	9	0	2	137	16314040	16314175	3.48e-47	202	39353	N/A
72_8_1244_50783_22600/1	gi|1477771518|gb|CP025645.1|	91.791	134	11	0	4	137	24346647	24346780	9.73e-43	187	35884	N/A
72_8_2273_16157_8270/1	gi|3045811490|gb|PX133153.1|	100.000	136	0	0	2	137	61802	61937	3.40e-62	252	691774	N/A
72_8_2273_16157_8270/1	gi|3045811376|gb|PX133145.1|	100.000	136	0	0	2	137	51472	51337	3.40e-62	252	41911	N/A
72_8_2273_16157_8270/1	gi|3045267147|gb|PX049138.1|	100.000	136	0	0	2	137	83614	83749	3.40e-62	252	3454936	N/A
72_8_2273_16157_8270/1	gi|3045267147|gb|PX049138.1|	100.000	136	0	0	2	137	151820	151685	3.40e-62	252	3454936	N/A
72_8_2273_16157_8270/1	gi|3045267060|gb|PX049137.1|	100.000	136	0	0	2	137	83610	83745	3.40e-62	252	165317	N/A
72_8_2273_16157_8270/1	gi|3045267060|gb|PX049137.1|	100.000	136	0	0	2	137	151807	151672	3.40e-62	252	165317	N/A
72_8_2273_16157_8270/1	gi|3032662616|gb|PQ231106.1|	100.000	136	0	0	2	137	83270	83405	3.40e-62	252	694377	N/A
72_8_2273_16157_8270/1	gi|3032662616|gb|PQ231106.1|	100.000	136	0	0	2	137	151233	151098	3.40e-62	252	694377	N/A
72_8_1385_26385_18384/1	gi|2701784733|gb|OR911481.1|	100.000	136	0	0	2	137	33013	32878	3.40e-62	252	39414	N/A
72_8_1385_26385_18384/1	gi|2328376401|ref|NC_068049.1|	100.000	136	0	0	2	137	32999	32864	3.40e-62	252	39414	N/A
72_8_1385_26385_18384/1	gi|2288448399|gb|ON641301.1|	100.000	136	0	0	2	137	33215	33080	3.40e-62	252	185001	N/A
72_8_1385_26385_18384/1	gi|2050192475|gb|MW877582.1|	100.000	136	0	0	2	137	33012	32877	3.40e-62	252	39414	N/A
72_8_1385_26385_18384/1	gi|2050192381|gb|MW877581.1|	100.000	136	0	0	2	137	33141	33006	3.40e-62	252	185001	N/A
72_8_2242_49529_22978/1	gi|2948923222|emb|OZ247539.1|	99.265	136	1	0	2	137	55976818	55976953	1.58e-60	246	203270	N/A
72_8_2242_49529_22978/1	gi|2948923222|emb|OZ247539.1|	91.912	136	11	0	2	137	15802556	15802421	7.52e-44	191	203270	N/A
72_8_2242_49529_22978/1	gi|2948923222|emb|OZ247539.1|	95.082	61	3	0	77	137	38229146	38229086	1.69e-15	97.1	203270	N/A
72_8_2242_49529_22978/1	gi|2948923222|emb|OZ247539.1|	94.643	56	3	0	82	137	24220306	24220361	1.02e-12	87.9	203270	N/A
72_8_2242_49529_22978/1	gi|2948923222|emb|OZ247539.1|	97.143	35	1	0	103	137	3500774	3500808	2.21e-04	60.2	203270	N/A
72_8_2242_49529_22978/1	gi|3048443377|emb|OZ306171.1|	98.529	136	2	0	2	137	103326	103191	7.37e-59	241	481118	N/A
72_8_2242_49529_22978/1	gi|3048443377|emb|OZ306171.1|	98.529	136	2	0	2	137	130415	130550	7.37e-59	241	481118	N/A
72_8_2242_49529_22978/1	gi|3048443334|emb|OZ306286.1|	98.529	136	2	0	2	137	66578334	66578199	7.37e-59	241	78511	N/A
72_8_2242_49529_22978/1	gi|3048264046|emb|OZ297787.1|	98.529	136	2	0	2	137	107704	107569	7.37e-59	241	55318	N/A
72_8_2242_49529_22978/1	gi|3048264046|emb|OZ297787.1|	98.529	136	2	0	2	137	136097	136232	7.37e-59	241	55318	N/A
72_8_2242_49529_22978/1	gi|3048228106|emb|OZ297184.1|	98.529	136	2	0	2	137	108404	108269	7.37e-59	241	397083	N/A
72_8_2242_49529_22978/1	gi|3048228106|emb|OZ297184.1|	98.529	136	2	0	2	137	136875	137010	7.37e-59	241	397083	N/A
72_8_2123_43889_8844/1	gi|3045267147|gb|PX049138.1|	100.000	136	0	0	2	137	104034	103899	3.40e-62	252	3454936	N/A
72_8_2123_43889_8844/1	gi|3045267147|gb|PX049138.1|	100.000	136	0	0	2	137	131400	131535	3.40e-62	252	3454936	N/A
72_8_2123_43889_8844/1	gi|3045267060|gb|PX049137.1|	100.000	136	0	0	2	137	104024	103889	3.40e-62	252	165317	N/A
72_8_2123_43889_8844/1	gi|3045267060|gb|PX049137.1|	100.000	136	0	0	2	137	131393	131528	3.40e-62	252	165317	N/A
72_8_2123_43889_8844/1	gi|3032662704|gb|PQ231107.1|	100.000	136	0	0	2	137	104286	104151	3.40e-62	252	572118	N/A
72_8_2123_43889_8844/1	gi|3032662704|gb|PQ231107.1|	100.000	136	0	0	2	137	131206	131341	3.40e-62	252	572118	N/A
72_8_2123_43889_8844/1	gi|3032662616|gb|PQ231106.1|	100.000	136	0	0	2	137	103803	103668	3.40e-62	252	694377	N/A
72_8_2123_43889_8844/1	gi|3032662616|gb|PQ231106.1|	100.000	136	0	0	2	137	130700	130835	3.40e-62	252	694377	N/A
72_8_2123_43889_8844/1	gi|3032662528|gb|PQ231105.1|	100.000	136	0	0	2	137	103821	103686	3.40e-62	252	694377	N/A
72_8_2123_43889_8844/1	gi|3032662528|gb|PQ231105.1|	100.000	136	0	0	2	137	130716	130851	3.40e-62	252	694377	N/A
72_8_1268_21894_26074/1	gi|3045811490|gb|PX133153.1|	100.000	136	0	0	2	137	61802	61937	3.40e-62	252	691774	N/A
72_8_1268_21894_26074/1	gi|3045811376|gb|PX133145.1|	100.000	136	0	0	2	137	51472	51337	3.40e-62	252	41911	N/A
72_8_1268_21894_26074/1	gi|3045267147|gb|PX049138.1|	100.000	136	0	0	2	137	83614	83749	3.40e-62	252	3454936	N/A
72_8_1268_21894_26074/1	gi|3045267147|gb|PX049138.1|	100.000	136	0	0	2	137	151820	151685	3.40e-62	252	3454936	N/A
72_8_1268_21894_26074/1	gi|3045267060|gb|PX049137.1|	100.000	136	0	0	2	137	83610	83745	3.40e-62	252	165317	N/A
72_8_1268_21894_26074/1	gi|3045267060|gb|PX049137.1|	100.000	136	0	0	2	137	151807	151672	3.40e-62	252	165317	N/A
72_8_1268_21894_26074/1	gi|3032662616|gb|PQ231106.1|	100.000	136	0	0	2	137	83270	83405	3.40e-62	252	694377	N/A
72_8_1268_21894_26074/1	gi|3032662616|gb|PQ231106.1|	100.000	136	0	0	2	137	151233	151098	3.40e-62	252	694377	N/A
72_8_1121_10727_13103/1	gi|1979359058|gb|CP069303.1|	93.130	131	9	0	2	132	4207155	4207285	2.09e-44	193	2715959	N/A
72_8_1121_10727_13103/1	gi|2993274093|gb|CP150638.1|	91.603	131	11	0	2	132	30660	30790	4.53e-41	182	415996	N/A
72_8_1121_10727_13103/1	gi|2672398519|emb|OZ012596.1|	91.603	131	11	0	2	132	934076	934206	4.53e-41	182	3118468	N/A
72_8_1121_10727_13103/1	gi|2648849053|emb|OZ000530.1|	91.603	131	11	0	2	132	4263662	4263792	4.53e-41	182	3113208	N/A
72_8_1121_10727_13103/1	gi|1032555421|gb|CP015736.1|	91.603	131	11	0	2	132	30641	30771	4.53e-41	182	879274	N/A
72_8_1496_20648_1224/1	gi|2813171436|gb|PQ325515.1|	100.000	136	0	0	2	137	100259	100124	3.40e-62	252	254027	N/A
72_8_1496_20648_1224/1	gi|2813171436|gb|PQ325515.1|	100.000	136	0	0	2	137	137179	137314	3.40e-62	252	254027	N/A
72_8_1496_20648_1224/1	gi|2805792360|gb|PQ124709.1|	100.000	136	0	0	2	137	99842	99977	3.40e-62	252	113209	N/A
72_8_1496_20648_1224/1	gi|2805792360|gb|PQ124709.1|	100.000	136	0	0	2	137	147892	147757	3.40e-62	252	113209	N/A
72_8_1496_20648_1224/1	gi|2805792263|gb|PQ124708.1|	100.000	136	0	0	2	137	99959	100094	3.40e-62	252	197811	N/A
72_8_1496_20648_1224/1	gi|2805792263|gb|PQ124708.1|	100.000	136	0	0	2	137	148047	147912	3.40e-62	252	197811	N/A
72_8_1496_20648_1224/1	gi|2805792167|gb|PQ124707.1|	100.000	136	0	0	2	137	99959	100094	3.40e-62	252	29818	N/A
72_8_1496_20648_1224/1	gi|2805792167|gb|PQ124707.1|	100.000	136	0	0	2	137	148047	147912	3.40e-62	252	29818	N/A
72_8_1496_20648_1224/1	gi|2805792070|gb|PQ124706.1|	100.000	136	0	0	2	137	99985	100120	3.40e-62	252	197796	N/A
72_8_1496_20648_1224/1	gi|2805792070|gb|PQ124706.1|	100.000	136	0	0	2	137	147980	147845	3.40e-62	252	197796	N/A
72_8_1153_3266_21900/1	gi|3048443377|emb|OZ306171.1|	100.000	136	0	0	2	137	103326	103191	3.40e-62	252	481118	N/A
72_8_1153_3266_21900/1	gi|3048443377|emb|OZ306171.1|	100.000	136	0	0	2	137	130415	130550	3.40e-62	252	481118	N/A
72_8_1153_3266_21900/1	gi|3048443334|emb|OZ306286.1|	100.000	136	0	0	2	137	66578334	66578199	3.40e-62	252	78511	N/A
72_8_1153_3266_21900/1	gi|3048264046|emb|OZ297787.1|	100.000	136	0	0	2	137	107704	107569	3.40e-62	252	55318	N/A
72_8_1153_3266_21900/1	gi|3048264046|emb|OZ297787.1|	100.000	136	0	0	2	137	136097	136232	3.40e-62	252	55318	N/A
72_8_1153_3266_21900/1	gi|3048228106|emb|OZ297184.1|	100.000	136	0	0	2	137	108404	108269	3.40e-62	252	397083	N/A
72_8_1153_3266_21900/1	gi|3048228106|emb|OZ297184.1|	100.000	136	0	0	2	137	136875	137010	3.40e-62	252	397083	N/A
72_8_1153_3266_21900/1	gi|3048195103|emb|OZ297140.1|	100.000	136	0	0	2	137	105960	105825	3.40e-62	252	59297	N/A
72_8_1153_3266_21900/1	gi|3048195103|emb|OZ297140.1|	100.000	136	0	0	2	137	132604	132739	3.40e-62	252	59297	N/A
72_8_1314_13098_16647/1	gi|3048443377|emb|OZ306171.1|	100.000	136	0	0	2	137	103326	103191	3.40e-62	252	481118	N/A
72_8_1314_13098_16647/1	gi|3048443377|emb|OZ306171.1|	100.000	136	0	0	2	137	130415	130550	3.40e-62	252	481118	N/A
72_8_1314_13098_16647/1	gi|3048443334|emb|OZ306286.1|	100.000	136	0	0	2	137	66578334	66578199	3.40e-62	252	78511	N/A
72_8_1314_13098_16647/1	gi|3048264046|emb|OZ297787.1|	100.000	136	0	0	2	137	107704	107569	3.40e-62	252	55318	N/A
72_8_1314_13098_16647/1	gi|3048264046|emb|OZ297787.1|	100.000	136	0	0	2	137	136097	136232	3.40e-62	252	55318	N/A
72_8_1314_13098_16647/1	gi|3048228106|emb|OZ297184.1|	100.000	136	0	0	2	137	108404	108269	3.40e-62	252	397083	N/A
72_8_1314_13098_16647/1	gi|3048228106|emb|OZ297184.1|	100.000	136	0	0	2	137	136875	137010	3.40e-62	252	397083	N/A
72_8_1314_13098_16647/1	gi|3048195103|emb|OZ297140.1|	100.000	136	0	0	2	137	105960	105825	3.40e-62	252	59297	N/A
72_8_1314_13098_16647/1	gi|3048195103|emb|OZ297140.1|	100.000	136	0	0	2	137	132604	132739	3.40e-62	252	59297	N/A
72_8_2365_31338_19532/1	gi|2701784733|gb|OR911481.1|	98.529	136	2	0	2	137	70453	70318	7.37e-59	241	39414	N/A
72_8_2365_31338_19532/1	gi|2724827388|ref|NC_088468.1|	98.529	136	2	0	2	137	70453	70318	7.37e-59	241	197803	N/A
72_8_2365_31338_19532/1	gi|2328376401|ref|NC_068049.1|	98.529	136	2	0	2	137	70457	70322	7.37e-59	241	39414	N/A
72_8_2365_31338_19532/1	gi|2288448399|gb|ON641301.1|	98.529	136	2	0	2	137	70740	70605	7.37e-59	241	185001	N/A
72_8_2365_31338_19532/1	gi|2050192665|gb|MW877584.1|	98.529	136	2	0	2	137	70389	70254	7.37e-59	241	101999	N/A
72_8_1210_44836_22838/1	gi|381368402|dbj|AP012319.1|	94.853	136	7	0	2	137	8415635	8415770	1.61e-50	213	512565	N/A
72_8_1210_44836_22838/1	gi|2658753738|gb|CP107942.1|	90.370	135	13	0	2	136	7971798	7971932	5.86e-40	178	2975953	N/A
72_8_1210_44836_22838/1	gi|2999875282|gb|CP191846.1|	89.552	134	14	0	2	135	10414678	10414811	9.80e-38	171	3239906	N/A
72_8_1210_44836_22838/1	gi|1085864662|emb|LT629758.1|	88.971	136	12	1	2	137	8097905	8097773	4.56e-36	165	113562	N/A
72_8_1210_44836_22838/1	gi|2549229438|dbj|AP028461.1|	88.806	134	15	0	2	135	9907873	9907740	4.56e-36	165	512349	N/A
72_8_2188_27017_3227/1	gi|3048443377|emb|OZ306171.1|	100.000	136	0	0	2	137	103326	103191	3.40e-62	252	481118	N/A
72_8_2188_27017_3227/1	gi|3048443377|emb|OZ306171.1|	100.000	136	0	0	2	137	130415	130550	3.40e-62	252	481118	N/A
72_8_2188_27017_3227/1	gi|3048443334|emb|OZ306286.1|	100.000	136	0	0	2	137	66578334	66578199	3.40e-62	252	78511	N/A
72_8_2188_27017_3227/1	gi|3048264046|emb|OZ297787.1|	100.000	136	0	0	2	137	107704	107569	3.40e-62	252	55318	N/A
72_8_2188_27017_3227/1	gi|3048264046|emb|OZ297787.1|	100.000	136	0	0	2	137	136097	136232	3.40e-62	252	55318	N/A
72_8_2188_27017_3227/1	gi|3048228106|emb|OZ297184.1|	100.000	136	0	0	2	137	108404	108269	3.40e-62	252	397083	N/A
72_8_2188_27017_3227/1	gi|3048228106|emb|OZ297184.1|	100.000	136	0	0	2	137	136875	137010	3.40e-62	252	397083	N/A
72_8_2188_27017_3227/1	gi|3048195103|emb|OZ297140.1|	100.000	136	0	0	2	137	105960	105825	3.40e-62	252	59297	N/A
72_8_2188_27017_3227/1	gi|3048195103|emb|OZ297140.1|	100.000	136	0	0	2	137	132604	132739	3.40e-62	252	59297	N/A
72_8_2369_15833_12388/1	gi|3045811490|gb|PX133153.1|	99.265	136	1	0	2	137	61802	61937	1.58e-60	246	691774	N/A
72_8_2369_15833_12388/1	gi|3045811376|gb|PX133145.1|	99.265	136	1	0	2	137	51472	51337	1.58e-60	246	41911	N/A
72_8_2369_15833_12388/1	gi|3045267147|gb|PX049138.1|	99.265	136	1	0	2	137	83614	83749	1.58e-60	246	3454936	N/A
72_8_2369_15833_12388/1	gi|3045267147|gb|PX049138.1|	99.265	136	1	0	2	137	151820	151685	1.58e-60	246	3454936	N/A
72_8_2369_15833_12388/1	gi|3045267060|gb|PX049137.1|	99.265	136	1	0	2	137	83610	83745	1.58e-60	246	165317	N/A
72_8_2369_15833_12388/1	gi|3045267060|gb|PX049137.1|	99.265	136	1	0	2	137	151807	151672	1.58e-60	246	165317	N/A
72_8_2369_15833_12388/1	gi|3032662616|gb|PQ231106.1|	99.265	136	1	0	2	137	83270	83405	1.58e-60	246	694377	N/A
72_8_2369_15833_12388/1	gi|3032662616|gb|PQ231106.1|	99.265	136	1	0	2	137	151233	151098	1.58e-60	246	694377	N/A
72_8_2302_30270_6057/1	gi|2813171436|gb|PQ325515.1|	100.000	136	0	0	2	137	100259	100124	3.40e-62	252	254027	N/A
72_8_2302_30270_6057/1	gi|2813171436|gb|PQ325515.1|	100.000	136	0	0	2	137	137179	137314	3.40e-62	252	254027	N/A
72_8_2302_30270_6057/1	gi|2805792360|gb|PQ124709.1|	100.000	136	0	0	2	137	99842	99977	3.40e-62	252	113209	N/A
72_8_2302_30270_6057/1	gi|2805792360|gb|PQ124709.1|	100.000	136	0	0	2	137	147892	147757	3.40e-62	252	113209	N/A
72_8_2302_30270_6057/1	gi|2805792263|gb|PQ124708.1|	100.000	136	0	0	2	137	99959	100094	3.40e-62	252	197811	N/A
72_8_2302_30270_6057/1	gi|2805792263|gb|PQ124708.1|	100.000	136	0	0	2	137	148047	147912	3.40e-62	252	197811	N/A
72_8_2302_30270_6057/1	gi|2805792167|gb|PQ124707.1|	100.000	136	0	0	2	137	99959	100094	3.40e-62	252	29818	N/A
72_8_2302_30270_6057/1	gi|2805792167|gb|PQ124707.1|	100.000	136	0	0	2	137	148047	147912	3.40e-62	252	29818	N/A
72_8_2302_30270_6057/1	gi|2805792070|gb|PQ124706.1|	100.000	136	0	0	2	137	99985	100120	3.40e-62	252	197796	N/A
72_8_2302_30270_6057/1	gi|2805792070|gb|PQ124706.1|	100.000	136	0	0	2	137	147980	147845	3.40e-62	252	197796	N/A
72_8_2327_16141_13313/1	gi|2957986267|ref|XM_073273365.1|	81.481	135	23	2	4	137	1387	1520	2.17e-19	110	405737	N/A
72_8_2327_16141_13313/1	gi|2957986265|ref|XM_073273364.1|	81.481	135	23	2	4	137	1441	1574	2.17e-19	110	405737	N/A
72_8_2327_16141_13313/1	gi|2782995166|emb|OZ125616.1|	81.818	110	20	0	25	134	11954872	11954981	2.18e-14	93.5	28930	N/A
72_8_2327_16141_13313/1	gi|2040332913|emb|OU015771.1|	81.818	110	20	0	25	134	18864682	18864573	2.18e-14	93.5	28930	N/A
72_8_2327_16141_13313/1	gi|2936671548|emb|OZ244457.1|	78.626	131	28	0	7	137	39873562	39873692	1.02e-12	87.9	238501	N/A
72_8_2357_7288_26872/1	gi|3045267147|gb|PX049138.1|	100.000	136	0	0	2	137	104034	103899	3.40e-62	252	3454936	N/A
72_8_2357_7288_26872/1	gi|3045267147|gb|PX049138.1|	100.000	136	0	0	2	137	131400	131535	3.40e-62	252	3454936	N/A
72_8_2357_7288_26872/1	gi|3045267060|gb|PX049137.1|	100.000	136	0	0	2	137	104024	103889	3.40e-62	252	165317	N/A
72_8_2357_7288_26872/1	gi|3045267060|gb|PX049137.1|	100.000	136	0	0	2	137	131393	131528	3.40e-62	252	165317	N/A
72_8_2357_7288_26872/1	gi|3032662704|gb|PQ231107.1|	100.000	136	0	0	2	137	104286	104151	3.40e-62	252	572118	N/A
72_8_2357_7288_26872/1	gi|3032662704|gb|PQ231107.1|	100.000	136	0	0	2	137	131206	131341	3.40e-62	252	572118	N/A
72_8_2357_7288_26872/1	gi|3032662616|gb|PQ231106.1|	100.000	136	0	0	2	137	103803	103668	3.40e-62	252	694377	N/A
72_8_2357_7288_26872/1	gi|3032662616|gb|PQ231106.1|	100.000	136	0	0	2	137	130700	130835	3.40e-62	252	694377	N/A
72_8_2357_7288_26872/1	gi|3032662528|gb|PQ231105.1|	100.000	136	0	0	2	137	103821	103686	3.40e-62	252	694377	N/A
72_8_2357_7288_26872/1	gi|3032662528|gb|PQ231105.1|	100.000	136	0	0	2	137	130716	130851	3.40e-62	252	694377	N/A
72_8_2163_28773_12318/1	gi|1884724764|gb|CP059692.1|	89.796	49	5	0	45	93	2757865	2757913	1.71e-05	63.9	2758041	N/A
72_8_1307_17573_23777/1	gi|1835022313|gb|CP051685.1|	90.476	105	10	0	2	106	2996748	2996644	2.76e-28	139	2728020	N/A
72_8_1486_48356_1308/1	gi|3048443377|emb|OZ306171.1|	100.000	136	0	0	2	137	103326	103191	3.40e-62	252	481118	N/A
72_8_1486_48356_1308/1	gi|3048443377|emb|OZ306171.1|	100.000	136	0	0	2	137	130415	130550	3.40e-62	252	481118	N/A
72_8_1486_48356_1308/1	gi|3048443334|emb|OZ306286.1|	100.000	136	0	0	2	137	66578334	66578199	3.40e-62	252	78511	N/A
72_8_1486_48356_1308/1	gi|3048264046|emb|OZ297787.1|	100.000	136	0	0	2	137	107704	107569	3.40e-62	252	55318	N/A
72_8_1486_48356_1308/1	gi|3048264046|emb|OZ297787.1|	100.000	136	0	0	2	137	136097	136232	3.40e-62	252	55318	N/A
72_8_1486_48356_1308/1	gi|3048228106|emb|OZ297184.1|	100.000	136	0	0	2	137	108404	108269	3.40e-62	252	397083	N/A
72_8_1486_48356_1308/1	gi|3048228106|emb|OZ297184.1|	100.000	136	0	0	2	137	136875	137010	3.40e-62	252	397083	N/A
72_8_1486_48356_1308/1	gi|3048195103|emb|OZ297140.1|	100.000	136	0	0	2	137	105960	105825	3.40e-62	252	59297	N/A
72_8_1486_48356_1308/1	gi|3048195103|emb|OZ297140.1|	100.000	136	0	0	2	137	132604	132739	3.40e-62	252	59297	N/A
72_8_2218_32390_27825/1	gi|2813171436|gb|PQ325515.1|	99.265	136	1	0	2	137	100259	100124	1.58e-60	246	254027	N/A
72_8_2218_32390_27825/1	gi|2813171436|gb|PQ325515.1|	99.265	136	1	0	2	137	137179	137314	1.58e-60	246	254027	N/A
72_8_2218_32390_27825/1	gi|2805792360|gb|PQ124709.1|	99.265	136	1	0	2	137	99842	99977	1.58e-60	246	113209	N/A
72_8_2218_32390_27825/1	gi|2805792360|gb|PQ124709.1|	99.265	136	1	0	2	137	147892	147757	1.58e-60	246	113209	N/A
72_8_2218_32390_27825/1	gi|2805792263|gb|PQ124708.1|	99.265	136	1	0	2	137	99959	100094	1.58e-60	246	197811	N/A
72_8_2218_32390_27825/1	gi|2805792263|gb|PQ124708.1|	99.265	136	1	0	2	137	148047	147912	1.58e-60	246	197811	N/A
72_8_2218_32390_27825/1	gi|2805792167|gb|PQ124707.1|	99.265	136	1	0	2	137	99959	100094	1.58e-60	246	29818	N/A
72_8_2218_32390_27825/1	gi|2805792167|gb|PQ124707.1|	99.265	136	1	0	2	137	148047	147912	1.58e-60	246	29818	N/A
72_8_2218_32390_27825/1	gi|2805792070|gb|PQ124706.1|	99.265	136	1	0	2	137	99985	100120	1.58e-60	246	197796	N/A
72_8_2218_32390_27825/1	gi|2805792070|gb|PQ124706.1|	99.265	136	1	0	2	137	147980	147845	1.58e-60	246	197796	N/A
72_8_1273_34648_6827/1	gi|3048443377|emb|OZ306171.1|	100.000	136	0	0	2	137	103326	103191	3.40e-62	252	481118	N/A
72_8_1273_34648_6827/1	gi|3048443377|emb|OZ306171.1|	100.000	136	0	0	2	137	130415	130550	3.40e-62	252	481118	N/A
72_8_1273_34648_6827/1	gi|3048443334|emb|OZ306286.1|	100.000	136	0	0	2	137	66578334	66578199	3.40e-62	252	78511	N/A
72_8_1273_34648_6827/1	gi|3048264046|emb|OZ297787.1|	100.000	136	0	0	2	137	107704	107569	3.40e-62	252	55318	N/A
72_8_1273_34648_6827/1	gi|3048264046|emb|OZ297787.1|	100.000	136	0	0	2	137	136097	136232	3.40e-62	252	55318	N/A
72_8_1273_34648_6827/1	gi|3048228106|emb|OZ297184.1|	100.000	136	0	0	2	137	108404	108269	3.40e-62	252	397083	N/A
72_8_1273_34648_6827/1	gi|3048228106|emb|OZ297184.1|	100.000	136	0	0	2	137	136875	137010	3.40e-62	252	397083	N/A
72_8_1273_34648_6827/1	gi|3048195103|emb|OZ297140.1|	100.000	136	0	0	2	137	105960	105825	3.40e-62	252	59297	N/A
72_8_1273_34648_6827/1	gi|3048195103|emb|OZ297140.1|	100.000	136	0	0	2	137	132604	132739	3.40e-62	252	59297	N/A
72_8_1358_46972_5581/1	gi|3045811490|gb|PX133153.1|	100.000	136	0	0	2	137	61802	61937	3.40e-62	252	691774	N/A
72_8_1358_46972_5581/1	gi|3045811376|gb|PX133145.1|	100.000	136	0	0	2	137	51472	51337	3.40e-62	252	41911	N/A
72_8_1358_46972_5581/1	gi|3045267147|gb|PX049138.1|	100.000	136	0	0	2	137	83614	83749	3.40e-62	252	3454936	N/A
72_8_1358_46972_5581/1	gi|3045267147|gb|PX049138.1|	100.000	136	0	0	2	137	151820	151685	3.40e-62	252	3454936	N/A
72_8_1358_46972_5581/1	gi|3045267060|gb|PX049137.1|	100.000	136	0	0	2	137	83610	83745	3.40e-62	252	165317	N/A
72_8_1358_46972_5581/1	gi|3045267060|gb|PX049137.1|	100.000	136	0	0	2	137	151807	151672	3.40e-62	252	165317	N/A
72_8_1358_46972_5581/1	gi|3032662616|gb|PQ231106.1|	100.000	136	0	0	2	137	83270	83405	3.40e-62	252	694377	N/A
72_8_1358_46972_5581/1	gi|3032662616|gb|PQ231106.1|	100.000	136	0	0	2	137	151233	151098	3.40e-62	252	694377	N/A
72_8_2298_11730_11954/1	gi|1877770692|gb|CP059164.1|	91.045	134	12	0	2	135	1321831	1321964	4.53e-41	182	1643322	N/A
72_8_2298_11730_11954/1	gi|3054229664|dbj|AP043823.1|	88.235	136	16	0	2	137	304708	304843	1.64e-35	163	652434	N/A
72_8_2298_11730_11954/1	gi|2548644638|gb|CP113431.1|	88.235	136	16	0	2	137	381418	381553	1.64e-35	163	2996826	N/A
72_8_2298_11730_11954/1	gi|2813977309|gb|CP170555.1|	87.970	133	16	0	3	135	1052701	1052569	7.63e-34	158	2045	N/A
72_8_2298_11730_11954/1	gi|2049096697|gb|CP076104.1|	87.591	137	15	2	2	137	4056053	4055918	7.63e-34	158	2840457	N/A
72_8_1372_24945_4124/1	gi|2701784733|gb|OR911481.1|	100.000	136	0	0	2	137	33013	32878	3.40e-62	252	39414	N/A
72_8_1372_24945_4124/1	gi|2328376401|ref|NC_068049.1|	100.000	136	0	0	2	137	32999	32864	3.40e-62	252	39414	N/A
72_8_1372_24945_4124/1	gi|2288448399|gb|ON641301.1|	100.000	136	0	0	2	137	33215	33080	3.40e-62	252	185001	N/A
72_8_1372_24945_4124/1	gi|2050192475|gb|MW877582.1|	100.000	136	0	0	2	137	33012	32877	3.40e-62	252	39414	N/A
72_8_1372_24945_4124/1	gi|2050192381|gb|MW877581.1|	100.000	136	0	0	2	137	33141	33006	3.40e-62	252	185001	N/A
72_8_2340_22493_29352/1	gi|3045267147|gb|PX049138.1|	100.000	136	0	0	2	137	104034	103899	3.40e-62	252	3454936	N/A
72_8_2340_22493_29352/1	gi|3045267147|gb|PX049138.1|	100.000	136	0	0	2	137	131400	131535	3.40e-62	252	3454936	N/A
72_8_2340_22493_29352/1	gi|3045267060|gb|PX049137.1|	100.000	136	0	0	2	137	104024	103889	3.40e-62	252	165317	N/A
72_8_2340_22493_29352/1	gi|3045267060|gb|PX049137.1|	100.000	136	0	0	2	137	131393	131528	3.40e-62	252	165317	N/A
72_8_2340_22493_29352/1	gi|3032662704|gb|PQ231107.1|	100.000	136	0	0	2	137	104286	104151	3.40e-62	252	572118	N/A
72_8_2340_22493_29352/1	gi|3032662704|gb|PQ231107.1|	100.000	136	0	0	2	137	131206	131341	3.40e-62	252	572118	N/A
72_8_2340_22493_29352/1	gi|3032662616|gb|PQ231106.1|	100.000	136	0	0	2	137	103803	103668	3.40e-62	252	694377	N/A
72_8_2340_22493_29352/1	gi|3032662616|gb|PQ231106.1|	100.000	136	0	0	2	137	130700	130835	3.40e-62	252	694377	N/A
72_8_2340_22493_29352/1	gi|3032662528|gb|PQ231105.1|	100.000	136	0	0	2	137	103821	103686	3.40e-62	252	694377	N/A
72_8_2340_22493_29352/1	gi|3032662528|gb|PQ231105.1|	100.000	136	0	0	2	137	130716	130851	3.40e-62	252	694377	N/A
72_8_1254_24524_18104/1	gi|2830983252|gb|CP170844.1|	89.157	83	7	1	57	137	4083423	4083341	3.63e-17	102	573	N/A
72_8_1254_24524_18104/1	gi|2978724457|gb|PV611058.1|	91.935	62	1	3	57	115	295784	295844	1.31e-11	84.2	3421660	N/A
72_8_1254_24524_18104/1	gi|2978724457|gb|PV611058.1|	91.667	60	1	3	57	113	295321	295379	1.70e-10	80.5	3421660	N/A
72_8_1254_24524_18104/1	gi|2557643774|emb|OY673254.1|	95.652	46	2	0	57	102	21732	21777	7.91e-09	75.0	2697049	N/A
72_8_1254_24524_18104/1	gi|2463378371|dbj|AP027461.1|	95.652	46	2	0	57	102	1299632	1299677	7.91e-09	75.0	511145	N/A
72_8_1254_24524_18104/1	gi|2463378371|dbj|AP027461.1|	95.652	46	2	0	57	102	1628404	1628359	7.91e-09	75.0	511145	N/A
72_8_1254_24524_18104/1	gi|685042206|emb|LN590731.1|	93.878	49	1	2	51	97	347604	347652	2.84e-08	73.1	7962	N/A
72_8_2237_30537_2065/1	gi|3048443377|emb|OZ306171.1|	100.000	136	0	0	2	137	103326	103191	3.40e-62	252	481118	N/A
72_8_2237_30537_2065/1	gi|3048443377|emb|OZ306171.1|	100.000	136	0	0	2	137	130415	130550	3.40e-62	252	481118	N/A
72_8_2237_30537_2065/1	gi|3048443334|emb|OZ306286.1|	100.000	136	0	0	2	137	66578334	66578199	3.40e-62	252	78511	N/A
72_8_2237_30537_2065/1	gi|3048264046|emb|OZ297787.1|	100.000	136	0	0	2	137	107704	107569	3.40e-62	252	55318	N/A
72_8_2237_30537_2065/1	gi|3048264046|emb|OZ297787.1|	100.000	136	0	0	2	137	136097	136232	3.40e-62	252	55318	N/A
72_8_2237_30537_2065/1	gi|3048228106|emb|OZ297184.1|	100.000	136	0	0	2	137	108404	108269	3.40e-62	252	397083	N/A
72_8_2237_30537_2065/1	gi|3048228106|emb|OZ297184.1|	100.000	136	0	0	2	137	136875	137010	3.40e-62	252	397083	N/A
72_8_2237_30537_2065/1	gi|3048195103|emb|OZ297140.1|	100.000	136	0	0	2	137	105960	105825	3.40e-62	252	59297	N/A
72_8_2237_30537_2065/1	gi|3048195103|emb|OZ297140.1|	100.000	136	0	0	2	137	132604	132739	3.40e-62	252	59297	N/A
72_8_1360_4868_22712/1	gi|2701784733|gb|OR911481.1|	99.265	136	1	0	2	137	33013	32878	1.58e-60	246	39414	N/A
72_8_1360_4868_22712/1	gi|2328376401|ref|NC_068049.1|	99.265	136	1	0	2	137	32999	32864	1.58e-60	246	39414	N/A
72_8_1360_4868_22712/1	gi|2288448399|gb|ON641301.1|	99.265	136	1	0	2	137	33215	33080	1.58e-60	246	185001	N/A
72_8_1360_4868_22712/1	gi|2050192475|gb|MW877582.1|	99.265	136	1	0	2	137	33012	32877	1.58e-60	246	39414	N/A
72_8_1360_4868_22712/1	gi|2050192381|gb|MW877581.1|	99.265	136	1	0	2	137	33141	33006	1.58e-60	246	185001	N/A
72_8_2274_39738_25500/1	gi|3045267147|gb|PX049138.1|	100.000	136	0	0	2	137	104034	103899	3.40e-62	252	3454936	N/A
72_8_2274_39738_25500/1	gi|3045267147|gb|PX049138.1|	100.000	136	0	0	2	137	131400	131535	3.40e-62	252	3454936	N/A
72_8_2274_39738_25500/1	gi|3045267060|gb|PX049137.1|	100.000	136	0	0	2	137	104024	103889	3.40e-62	252	165317	N/A
72_8_2274_39738_25500/1	gi|3045267060|gb|PX049137.1|	100.000	136	0	0	2	137	131393	131528	3.40e-62	252	165317	N/A
72_8_2274_39738_25500/1	gi|3032662704|gb|PQ231107.1|	100.000	136	0	0	2	137	104286	104151	3.40e-62	252	572118	N/A
72_8_2274_39738_25500/1	gi|3032662704|gb|PQ231107.1|	100.000	136	0	0	2	137	131206	131341	3.40e-62	252	572118	N/A
72_8_2274_39738_25500/1	gi|3032662616|gb|PQ231106.1|	100.000	136	0	0	2	137	103803	103668	3.40e-62	252	694377	N/A
72_8_2274_39738_25500/1	gi|3032662616|gb|PQ231106.1|	100.000	136	0	0	2	137	130700	130835	3.40e-62	252	694377	N/A
72_8_2274_39738_25500/1	gi|3032662528|gb|PQ231105.1|	100.000	136	0	0	2	137	103821	103686	3.40e-62	252	694377	N/A
72_8_2274_39738_25500/1	gi|3032662528|gb|PQ231105.1|	100.000	136	0	0	2	137	130716	130851	3.40e-62	252	694377	N/A
72_8_1232_38847_7710/1	gi|685043901|emb|LN592426.1|	97.436	39	0	1	99	137	375099	375136	4.76e-06	65.8	7962	N/A
72_8_1232_38847_7710/1	gi|2560502367|emb|OY629453.1|	100.000	33	0	0	105	137	5915	5947	6.15e-05	62.1	2697049	N/A
72_8_1232_38847_7710/1	gi|916497858|ref|XM_013494305.1|	100.000	33	0	0	105	137	416	384	6.15e-05	62.1	44415	N/A
72_8_1232_38847_7710/1	gi|685049565|emb|LN598077.1|	100.000	33	0	0	105	137	26369	26337	6.15e-05	62.1	7962	N/A
72_8_1232_38847_7710/1	gi|1971769499|gb|MW477480.1|	100.000	33	0	0	105	137	37	5	6.15e-05	62.1	2803381	N/A
72_8_1232_38847_7710/1	gi|1971769499|gb|MW477480.1|	100.000	30	0	0	108	137	19397	19426	0.003	56.5	2803381	N/A
72_8_1376_35327_17557/1	gi|3036248952|gb|CP196667.1|	93.382	136	9	0	2	137	9970618	9970483	3.48e-47	202	3447454	N/A
72_8_1376_35327_17557/1	gi|3002155582|gb|CP191904.1|	93.382	136	9	0	2	137	5425863	5425728	3.48e-47	202	641025	N/A
72_8_1376_35327_17557/1	gi|2665729013|gb|CP143276.1|	93.382	136	9	0	2	137	118293	118428	3.48e-47	202	3108822	N/A
72_8_1376_35327_17557/1	gi|2263467861|gb|CP099738.1|	92.647	136	10	0	2	137	149137	149272	1.62e-45	196	2951806	N/A
72_8_1376_35327_17557/1	gi|3002340538|gb|CP191843.1|	90.441	136	11	2	3	137	6811058	6810924	5.86e-40	178	531938	N/A
72_8_1278_29185_14489/1	gi|2701784733|gb|OR911481.1|	100.000	136	0	0	2	137	377	242	3.40e-62	252	39414	N/A
72_8_1278_29185_14489/1	gi|2580182951|gb|OR464997.1|	100.000	136	0	0	2	137	297	162	3.40e-62	252	39414	N/A
72_8_1278_29185_14489/1	gi|2328376401|ref|NC_068049.1|	100.000	136	0	0	2	137	382	247	3.40e-62	252	39414	N/A
72_8_1278_29185_14489/1	gi|2288448399|gb|ON641301.1|	100.000	136	0	0	2	137	388	253	3.40e-62	252	185001	N/A
72_8_1278_29185_14489/1	gi|2050192475|gb|MW877582.1|	100.000	136	0	0	2	137	377	242	3.40e-62	252	39414	N/A
72_8_2488_8315_22600/1	gi|2701784733|gb|OR911481.1|	99.265	136	1	0	2	137	70453	70318	1.58e-60	246	39414	N/A
72_8_2488_8315_22600/1	gi|2724827388|ref|NC_088468.1|	99.265	136	1	0	2	137	70453	70318	1.58e-60	246	197803	N/A
72_8_2488_8315_22600/1	gi|2328376401|ref|NC_068049.1|	99.265	136	1	0	2	137	70457	70322	1.58e-60	246	39414	N/A
72_8_2488_8315_22600/1	gi|2288448399|gb|ON641301.1|	99.265	136	1	0	2	137	70740	70605	1.58e-60	246	185001	N/A
72_8_2488_8315_22600/1	gi|2050192665|gb|MW877584.1|	99.265	136	1	0	2	137	70389	70254	1.58e-60	246	101999	N/A
72_8_2253_34712_7304/1	gi|15216014|emb|AJ389619.1|	100.000	136	0	0	2	137	508	373	3.40e-62	252	39414	N/A
72_8_2253_34712_7304/1	gi|15216013|emb|AJ389618.1|	100.000	136	0	0	2	137	492	357	3.40e-62	252	101997	N/A
72_8_2253_34712_7304/1	gi|2169218568|gb|OK559393.1|	99.265	136	1	0	2	137	545	410	1.58e-60	246	197914	N/A
72_8_2253_34712_7304/1	gi|1863130878|ref|NC_049064.1|	95.588	136	4	1	2	137	289628	289761	1.24e-51	217	1158923	N/A
72_8_2253_34712_7304/1	gi|326580306|gb|JF268793.1|	99.099	111	0	1	27	137	374	265	4.50e-46	198	100272	N/A
72_8_1284_37075_19210/1	gi|1638105436|gb|CP040017.1|	96.124	129	5	0	2	130	5791485	5791357	5.77e-50	211	864828	N/A
72_8_1284_37075_19210/1	gi|2428150170|gb|CP115554.1|	94.574	129	7	0	2	130	1276478	1276350	1.25e-46	200	2995154	N/A
72_8_1284_37075_19210/1	gi|1787147051|gb|CP046904.1|	93.798	129	8	0	2	130	4609336	4609208	5.82e-45	195	871742	N/A
72_8_1284_37075_19210/1	gi|1585087548|gb|CP036401.1|	93.798	129	8	0	2	130	6016850	6016978	5.82e-45	195	321983	N/A
72_8_1284_37075_19210/1	gi|2696669909|gb|CP146614.1|	93.023	129	9	0	2	130	2640188	2640060	2.71e-43	189	3123041	N/A
72_8_1151_35473_20527/1	gi|2813171436|gb|PQ325515.1|	100.000	136	0	0	2	137	100259	100124	3.40e-62	252	254027	N/A
72_8_1151_35473_20527/1	gi|2813171436|gb|PQ325515.1|	100.000	136	0	0	2	137	137179	137314	3.40e-62	252	254027	N/A
72_8_1151_35473_20527/1	gi|2805792360|gb|PQ124709.1|	100.000	136	0	0	2	137	99842	99977	3.40e-62	252	113209	N/A
72_8_1151_35473_20527/1	gi|2805792360|gb|PQ124709.1|	100.000	136	0	0	2	137	147892	147757	3.40e-62	252	113209	N/A
72_8_1151_35473_20527/1	gi|2805792263|gb|PQ124708.1|	100.000	136	0	0	2	137	99959	100094	3.40e-62	252	197811	N/A
72_8_1151_35473_20527/1	gi|2805792263|gb|PQ124708.1|	100.000	136	0	0	2	137	148047	147912	3.40e-62	252	197811	N/A
72_8_1151_35473_20527/1	gi|2805792167|gb|PQ124707.1|	100.000	136	0	0	2	137	99959	100094	3.40e-62	252	29818	N/A
72_8_1151_35473_20527/1	gi|2805792167|gb|PQ124707.1|	100.000	136	0	0	2	137	148047	147912	3.40e-62	252	29818	N/A
72_8_1151_35473_20527/1	gi|2805792070|gb|PQ124706.1|	100.000	136	0	0	2	137	99985	100120	3.40e-62	252	197796	N/A
72_8_1151_35473_20527/1	gi|2805792070|gb|PQ124706.1|	100.000	136	0	0	2	137	147980	147845	3.40e-62	252	197796	N/A
72_8_2276_18560_17837/1	gi|3048443377|emb|OZ306171.1|	100.000	136	0	0	2	137	103326	103191	3.40e-62	252	481118	N/A
72_8_2276_18560_17837/1	gi|3048443377|emb|OZ306171.1|	100.000	136	0	0	2	137	130415	130550	3.40e-62	252	481118	N/A
72_8_2276_18560_17837/1	gi|3048443334|emb|OZ306286.1|	100.000	136	0	0	2	137	66578334	66578199	3.40e-62	252	78511	N/A
72_8_2276_18560_17837/1	gi|3048264046|emb|OZ297787.1|	100.000	136	0	0	2	137	107704	107569	3.40e-62	252	55318	N/A
72_8_2276_18560_17837/1	gi|3048264046|emb|OZ297787.1|	100.000	136	0	0	2	137	136097	136232	3.40e-62	252	55318	N/A
72_8_2276_18560_17837/1	gi|3048228106|emb|OZ297184.1|	100.000	136	0	0	2	137	108404	108269	3.40e-62	252	397083	N/A
72_8_2276_18560_17837/1	gi|3048228106|emb|OZ297184.1|	100.000	136	0	0	2	137	136875	137010	3.40e-62	252	397083	N/A
72_8_2276_18560_17837/1	gi|3048195103|emb|OZ297140.1|	100.000	136	0	0	2	137	105960	105825	3.40e-62	252	59297	N/A
72_8_2276_18560_17837/1	gi|3048195103|emb|OZ297140.1|	100.000	136	0	0	2	137	132604	132739	3.40e-62	252	59297	N/A
72_8_2478_16448_5272/1	gi|2701784733|gb|OR911481.1|	100.000	136	0	0	2	137	33013	32878	3.40e-62	252	39414	N/A
72_8_2478_16448_5272/1	gi|2328376401|ref|NC_068049.1|	100.000	136	0	0	2	137	32999	32864	3.40e-62	252	39414	N/A
72_8_2478_16448_5272/1	gi|2288448399|gb|ON641301.1|	100.000	136	0	0	2	137	33215	33080	3.40e-62	252	185001	N/A
72_8_2478_16448_5272/1	gi|2050192475|gb|MW877582.1|	100.000	136	0	0	2	137	33012	32877	3.40e-62	252	39414	N/A
72_8_2478_16448_5272/1	gi|2050192381|gb|MW877581.1|	100.000	136	0	0	2	137	33141	33006	3.40e-62	252	185001	N/A
72_8_1457_11803_3395/1	gi|3048443377|emb|OZ306171.1|	100.000	136	0	0	2	137	103326	103191	3.40e-62	252	481118	N/A
72_8_1457_11803_3395/1	gi|3048443377|emb|OZ306171.1|	100.000	136	0	0	2	137	130415	130550	3.40e-62	252	481118	N/A
72_8_1457_11803_3395/1	gi|3048443334|emb|OZ306286.1|	100.000	136	0	0	2	137	66578334	66578199	3.40e-62	252	78511	N/A
72_8_1457_11803_3395/1	gi|3048264046|emb|OZ297787.1|	100.000	136	0	0	2	137	107704	107569	3.40e-62	252	55318	N/A
72_8_1457_11803_3395/1	gi|3048264046|emb|OZ297787.1|	100.000	136	0	0	2	137	136097	136232	3.40e-62	252	55318	N/A
72_8_1457_11803_3395/1	gi|3048228106|emb|OZ297184.1|	100.000	136	0	0	2	137	108404	108269	3.40e-62	252	397083	N/A
72_8_1457_11803_3395/1	gi|3048228106|emb|OZ297184.1|	100.000	136	0	0	2	137	136875	137010	3.40e-62	252	397083	N/A
72_8_1457_11803_3395/1	gi|3048195103|emb|OZ297140.1|	100.000	136	0	0	2	137	105960	105825	3.40e-62	252	59297	N/A
72_8_1457_11803_3395/1	gi|3048195103|emb|OZ297140.1|	100.000	136	0	0	2	137	132604	132739	3.40e-62	252	59297	N/A
72_8_1328_11099_22600/1	gi|2813171436|gb|PQ325515.1|	100.000	136	0	0	2	137	100259	100124	3.40e-62	252	254027	N/A
72_8_1328_11099_22600/1	gi|2813171436|gb|PQ325515.1|	100.000	136	0	0	2	137	137179	137314	3.40e-62	252	254027	N/A
72_8_1328_11099_22600/1	gi|2805792360|gb|PQ124709.1|	100.000	136	0	0	2	137	99842	99977	3.40e-62	252	113209	N/A
72_8_1328_11099_22600/1	gi|2805792360|gb|PQ124709.1|	100.000	136	0	0	2	137	147892	147757	3.40e-62	252	113209	N/A
72_8_1328_11099_22600/1	gi|2805792263|gb|PQ124708.1|	100.000	136	0	0	2	137	99959	100094	3.40e-62	252	197811	N/A
72_8_1328_11099_22600/1	gi|2805792263|gb|PQ124708.1|	100.000	136	0	0	2	137	148047	147912	3.40e-62	252	197811	N/A
72_8_1328_11099_22600/1	gi|2805792167|gb|PQ124707.1|	100.000	136	0	0	2	137	99959	100094	3.40e-62	252	29818	N/A
72_8_1328_11099_22600/1	gi|2805792167|gb|PQ124707.1|	100.000	136	0	0	2	137	148047	147912	3.40e-62	252	29818	N/A
72_8_1328_11099_22600/1	gi|2805792070|gb|PQ124706.1|	100.000	136	0	0	2	137	99985	100120	3.40e-62	252	197796	N/A
72_8_1328_11099_22600/1	gi|2805792070|gb|PQ124706.1|	100.000	136	0	0	2	137	147980	147845	3.40e-62	252	197796	N/A
72_8_1443_46066_11744/1	gi|170293825|gb|EU327988.1|	88.806	134	15	0	2	135	19284	19151	4.56e-36	165	503996	N/A
72_8_2498_41558_13383/1	gi|3035234455|emb|OZ294523.1|	100.000	28	0	0	21	48	80907848	80907821	0.037	52.8	333459	N/A
72_8_2498_41558_13383/1	gi|2560328863|emb|OY720312.1|	100.000	28	0	0	22	49	19338038	19338065	0.037	52.8	878362	N/A
72_8_1365_9278_17655/1	gi|2653401769|emb|OZ002729.1|	88.235	68	7	1	5	72	20775795	20775861	1.70e-10	80.5	512629	N/A
72_8_1365_9278_17655/1	gi|2212412576|emb|OW204027.1|	87.324	71	8	1	5	75	20595727	20595658	1.70e-10	80.5	137693	N/A
72_8_1365_9278_17655/1	gi|2402671256|emb|OX387191.1|	81.481	81	15	0	2	82	8852555	8852475	1.32e-06	67.6	4002	N/A
72_8_1217_27842_8634/1	gi|2701784733|gb|OR911481.1|	100.000	136	0	0	2	137	70453	70318	3.40e-62	252	39414	N/A
72_8_1217_27842_8634/1	gi|2724827388|ref|NC_088468.1|	100.000	136	0	0	2	137	70453	70318	3.40e-62	252	197803	N/A
72_8_1217_27842_8634/1	gi|2328376401|ref|NC_068049.1|	100.000	136	0	0	2	137	70457	70322	3.40e-62	252	39414	N/A
72_8_1217_27842_8634/1	gi|2288448399|gb|ON641301.1|	100.000	136	0	0	2	137	70740	70605	3.40e-62	252	185001	N/A
72_8_1217_27842_8634/1	gi|2050192665|gb|MW877584.1|	100.000	136	0	0	2	137	70389	70254	3.40e-62	252	101999	N/A
72_8_2371_10274_12935/1	gi|3045811490|gb|PX133153.1|	99.265	136	1	0	2	137	61802	61937	1.58e-60	246	691774	N/A
72_8_2371_10274_12935/1	gi|3045811376|gb|PX133145.1|	99.265	136	1	0	2	137	51472	51337	1.58e-60	246	41911	N/A
72_8_2371_10274_12935/1	gi|3045267147|gb|PX049138.1|	99.265	136	1	0	2	137	83614	83749	1.58e-60	246	3454936	N/A
72_8_2371_10274_12935/1	gi|3045267147|gb|PX049138.1|	99.265	136	1	0	2	137	151820	151685	1.58e-60	246	3454936	N/A
72_8_2371_10274_12935/1	gi|3045267060|gb|PX049137.1|	99.265	136	1	0	2	137	83610	83745	1.58e-60	246	165317	N/A
72_8_2371_10274_12935/1	gi|3045267060|gb|PX049137.1|	99.265	136	1	0	2	137	151807	151672	1.58e-60	246	165317	N/A
72_8_2371_10274_12935/1	gi|3032662616|gb|PQ231106.1|	99.265	136	1	0	2	137	83270	83405	1.58e-60	246	694377	N/A
72_8_2371_10274_12935/1	gi|3032662616|gb|PQ231106.1|	99.265	136	1	0	2	137	151233	151098	1.58e-60	246	694377	N/A
72_8_1249_44196_14812/1	gi|3045267147|gb|PX049138.1|	100.000	136	0	0	2	137	104034	103899	3.40e-62	252	3454936	N/A
72_8_1249_44196_14812/1	gi|3045267147|gb|PX049138.1|	100.000	136	0	0	2	137	131400	131535	3.40e-62	252	3454936	N/A
72_8_1249_44196_14812/1	gi|3045267060|gb|PX049137.1|	100.000	136	0	0	2	137	104024	103889	3.40e-62	252	165317	N/A
72_8_1249_44196_14812/1	gi|3045267060|gb|PX049137.1|	100.000	136	0	0	2	137	131393	131528	3.40e-62	252	165317	N/A
72_8_1249_44196_14812/1	gi|3032662704|gb|PQ231107.1|	100.000	136	0	0	2	137	104286	104151	3.40e-62	252	572118	N/A
72_8_1249_44196_14812/1	gi|3032662704|gb|PQ231107.1|	100.000	136	0	0	2	137	131206	131341	3.40e-62	252	572118	N/A
72_8_1249_44196_14812/1	gi|3032662616|gb|PQ231106.1|	100.000	136	0	0	2	137	103803	103668	3.40e-62	252	694377	N/A
72_8_1249_44196_14812/1	gi|3032662616|gb|PQ231106.1|	100.000	136	0	0	2	137	130700	130835	3.40e-62	252	694377	N/A
72_8_1249_44196_14812/1	gi|3032662528|gb|PQ231105.1|	100.000	136	0	0	2	137	103821	103686	3.40e-62	252	694377	N/A
72_8_1249_44196_14812/1	gi|3032662528|gb|PQ231105.1|	100.000	136	0	0	2	137	130716	130851	3.40e-62	252	694377	N/A
72_8_1433_10168_9139/1	gi|2724827940|ref|NC_088474.1|	100.000	136	0	0	2	137	16137	16272	3.40e-62	252	1439916	N/A
72_8_1433_10168_9139/1	gi|2701784733|gb|OR911481.1|	100.000	136	0	0	2	137	15917	16052	3.40e-62	252	39414	N/A
72_8_1433_10168_9139/1	gi|2724827759|ref|NC_088472.1|	100.000	136	0	0	2	137	16113	16248	3.40e-62	252	2675945	N/A
72_8_1433_10168_9139/1	gi|2724826836|ref|NC_088462.1|	100.000	136	0	0	2	137	16029	16164	3.40e-62	252	197793	N/A
72_8_1433_10168_9139/1	gi|2328376401|ref|NC_068049.1|	100.000	136	0	0	2	137	15908	16043	3.40e-62	252	39414	N/A
72_8_2133_45621_2653/1	gi|2701784733|gb|OR911481.1|	100.000	136	0	0	2	137	33013	32878	3.40e-62	252	39414	N/A
72_8_2133_45621_2653/1	gi|2328376401|ref|NC_068049.1|	100.000	136	0	0	2	137	32999	32864	3.40e-62	252	39414	N/A
72_8_2133_45621_2653/1	gi|2288448399|gb|ON641301.1|	100.000	136	0	0	2	137	33215	33080	3.40e-62	252	185001	N/A
72_8_2133_45621_2653/1	gi|2050192475|gb|MW877582.1|	100.000	136	0	0	2	137	33012	32877	3.40e-62	252	39414	N/A
72_8_2133_45621_2653/1	gi|2050192381|gb|MW877581.1|	100.000	136	0	0	2	137	33141	33006	3.40e-62	252	185001	N/A
72_8_2436_20049_18790/1	gi|2978724457|gb|PV611058.1|	90.476	63	2	3	74	133	295321	295382	1.70e-10	80.5	3421660	N/A
72_8_2436_20049_18790/1	gi|2978724457|gb|PV611058.1|	90.000	60	2	3	74	130	295784	295842	7.91e-09	75.0	3421660	N/A
72_8_2436_20049_18790/1	gi|2557643774|emb|OY673254.1|	93.478	46	3	0	74	119	21732	21777	3.68e-07	69.4	2697049	N/A
72_8_2436_20049_18790/1	gi|2463378371|dbj|AP027461.1|	93.478	46	3	0	74	119	1299632	1299677	3.68e-07	69.4	511145	N/A
72_8_2436_20049_18790/1	gi|2463378371|dbj|AP027461.1|	93.478	46	3	0	74	119	1628404	1628359	3.68e-07	69.4	511145	N/A
72_8_2436_20049_18790/1	gi|2991388636|dbj|AP040949.1|	97.436	39	1	0	71	109	3527635	3527673	1.32e-06	67.6	573	N/A
72_8_2436_20049_18790/1	gi|2524352013|emb|OY072335.1|	95.238	42	2	0	66	107	21650	21691	1.32e-06	67.6	2697049	N/A
72_8_2315_29468_10693/1	gi|3054335088|dbj|AP043887.1|	96.970	99	3	0	11	109	2364050	2363952	1.27e-36	167	1301083	N/A
72_8_2315_29468_10693/1	gi|3054229664|dbj|AP043823.1|	94.444	108	6	0	2	109	335748	335855	1.27e-36	167	652434	N/A
72_8_2315_29468_10693/1	gi|1696049846|gb|CP040695.2|	94.444	108	6	0	2	109	1589026	1589133	1.27e-36	167	2582905	N/A
72_8_2315_29468_10693/1	gi|1886976265|gb|CP059903.1|	94.444	108	6	0	2	109	2841497	2841390	1.27e-36	167	2760089	N/A
72_8_2315_29468_10693/1	gi|1845906646|gb|CP053660.1|	96.040	101	4	0	8	108	3299102	3299002	4.56e-36	165	2663857	N/A
72_8_2155_41680_25864/1	gi|3018944770|emb|OZ280707.1|	99.265	136	1	0	2	137	4918230	4918365	1.58e-60	246	46056	N/A
72_8_2155_41680_25864/1	gi|568246793|ref|NC_023131.1|	99.265	136	1	0	2	137	36417	36282	1.58e-60	246	4179	N/A
72_8_2155_41680_25864/1	gi|11272|emb|X59768.1|	99.265	136	1	0	2	137	846	711	1.58e-60	246	4179	N/A
72_8_2155_41680_25864/1	gi|3058174214|gb|PQ210198.1|	98.529	136	2	0	2	137	105229	105094	7.37e-59	241	34194	N/A
72_8_2155_41680_25864/1	gi|3058174214|gb|PQ210198.1|	98.529	136	2	0	2	137	133301	133436	7.37e-59	241	34194	N/A
72_8_2155_41680_25864/1	gi|3058174128|gb|PQ210197.1|	98.529	136	2	0	2	137	104460	104325	7.37e-59	241	2973787	N/A
72_8_2155_41680_25864/1	gi|3058174128|gb|PQ210197.1|	98.529	136	2	0	2	137	132418	132553	7.37e-59	241	2973787	N/A
72_8_2324_43088_24323/1	gi|2701784733|gb|OR911481.1|	100.000	136	0	0	2	137	70453	70318	3.40e-62	252	39414	N/A
72_8_2324_43088_24323/1	gi|2724827388|ref|NC_088468.1|	100.000	136	0	0	2	137	70453	70318	3.40e-62	252	197803	N/A
72_8_2324_43088_24323/1	gi|2328376401|ref|NC_068049.1|	100.000	136	0	0	2	137	70457	70322	3.40e-62	252	39414	N/A
72_8_2324_43088_24323/1	gi|2288448399|gb|ON641301.1|	100.000	136	0	0	2	137	70740	70605	3.40e-62	252	185001	N/A
72_8_2324_43088_24323/1	gi|2050192665|gb|MW877584.1|	100.000	136	0	0	2	137	70389	70254	3.40e-62	252	101999	N/A
72_8_2161_31135_14111/1	gi|2174742726|gb|CP090059.1|	83.761	117	19	0	21	137	1559960	1559844	6.03e-20	111	2899123	N/A
72_8_1159_17621_15764/1	gi|3045267147|gb|PX049138.1|	100.000	136	0	0	2	137	104034	103899	3.40e-62	252	3454936	N/A
72_8_1159_17621_15764/1	gi|3045267147|gb|PX049138.1|	100.000	136	0	0	2	137	131400	131535	3.40e-62	252	3454936	N/A
72_8_1159_17621_15764/1	gi|3045267060|gb|PX049137.1|	100.000	136	0	0	2	137	104024	103889	3.40e-62	252	165317	N/A
72_8_1159_17621_15764/1	gi|3045267060|gb|PX049137.1|	100.000	136	0	0	2	137	131393	131528	3.40e-62	252	165317	N/A
72_8_1159_17621_15764/1	gi|3032662704|gb|PQ231107.1|	100.000	136	0	0	2	137	104286	104151	3.40e-62	252	572118	N/A
72_8_1159_17621_15764/1	gi|3032662704|gb|PQ231107.1|	100.000	136	0	0	2	137	131206	131341	3.40e-62	252	572118	N/A
72_8_1159_17621_15764/1	gi|3032662616|gb|PQ231106.1|	100.000	136	0	0	2	137	103803	103668	3.40e-62	252	694377	N/A
72_8_1159_17621_15764/1	gi|3032662616|gb|PQ231106.1|	100.000	136	0	0	2	137	130700	130835	3.40e-62	252	694377	N/A
72_8_1159_17621_15764/1	gi|3032662528|gb|PQ231105.1|	100.000	136	0	0	2	137	103821	103686	3.40e-62	252	694377	N/A
72_8_1159_17621_15764/1	gi|3032662528|gb|PQ231105.1|	100.000	136	0	0	2	137	130716	130851	3.40e-62	252	694377	N/A
72_8_2342_5702_22418/1	gi|1049198338|gb|CP016591.1|	92.537	134	10	0	2	135	2386196	2386329	2.09e-44	193	692370	N/A
72_8_2342_5702_22418/1	gi|1777982880|gb|CP046120.1|	91.729	133	11	0	3	135	170742	170610	3.50e-42	185	2675225	N/A
72_8_2342_5702_22418/1	gi|2845113957|gb|CP138997.1|	91.045	134	12	0	2	135	556296	556163	4.53e-41	182	3093862	N/A
72_8_2342_5702_22418/1	gi|2708443477|gb|CP149572.1|	91.045	134	12	0	2	135	715169	715036	4.53e-41	182	3023518	N/A
72_8_2342_5702_22418/1	gi|2645815564|gb|CP141285.1|	91.045	134	12	0	2	135	1582693	1582560	4.53e-41	182	3108391	N/A
72_8_1147_43258_28847/1	gi|3048443377|emb|OZ306171.1|	100.000	136	0	0	2	137	103326	103191	3.40e-62	252	481118	N/A
72_8_1147_43258_28847/1	gi|3048443377|emb|OZ306171.1|	100.000	136	0	0	2	137	130415	130550	3.40e-62	252	481118	N/A
72_8_1147_43258_28847/1	gi|3048443334|emb|OZ306286.1|	100.000	136	0	0	2	137	66578334	66578199	3.40e-62	252	78511	N/A
72_8_1147_43258_28847/1	gi|3048264046|emb|OZ297787.1|	100.000	136	0	0	2	137	107704	107569	3.40e-62	252	55318	N/A
72_8_1147_43258_28847/1	gi|3048264046|emb|OZ297787.1|	100.000	136	0	0	2	137	136097	136232	3.40e-62	252	55318	N/A
72_8_1147_43258_28847/1	gi|3048228106|emb|OZ297184.1|	100.000	136	0	0	2	137	108404	108269	3.40e-62	252	397083	N/A
72_8_1147_43258_28847/1	gi|3048228106|emb|OZ297184.1|	100.000	136	0	0	2	137	136875	137010	3.40e-62	252	397083	N/A
72_8_1147_43258_28847/1	gi|3048195103|emb|OZ297140.1|	100.000	136	0	0	2	137	105960	105825	3.40e-62	252	59297	N/A
72_8_1147_43258_28847/1	gi|3048195103|emb|OZ297140.1|	100.000	136	0	0	2	137	132604	132739	3.40e-62	252	59297	N/A
72_8_1336_26466_17879/1	gi|3048443377|emb|OZ306171.1|	100.000	136	0	0	2	137	103326	103191	3.40e-62	252	481118	N/A
72_8_1336_26466_17879/1	gi|3048443377|emb|OZ306171.1|	100.000	136	0	0	2	137	130415	130550	3.40e-62	252	481118	N/A
72_8_1336_26466_17879/1	gi|3048443334|emb|OZ306286.1|	100.000	136	0	0	2	137	66578334	66578199	3.40e-62	252	78511	N/A
72_8_1336_26466_17879/1	gi|3048264046|emb|OZ297787.1|	100.000	136	0	0	2	137	107704	107569	3.40e-62	252	55318	N/A
72_8_1336_26466_17879/1	gi|3048264046|emb|OZ297787.1|	100.000	136	0	0	2	137	136097	136232	3.40e-62	252	55318	N/A
72_8_1336_26466_17879/1	gi|3048228106|emb|OZ297184.1|	100.000	136	0	0	2	137	108404	108269	3.40e-62	252	397083	N/A
72_8_1336_26466_17879/1	gi|3048228106|emb|OZ297184.1|	100.000	136	0	0	2	137	136875	137010	3.40e-62	252	397083	N/A
72_8_1336_26466_17879/1	gi|3048195103|emb|OZ297140.1|	100.000	136	0	0	2	137	105960	105825	3.40e-62	252	59297	N/A
72_8_1336_26466_17879/1	gi|3048195103|emb|OZ297140.1|	100.000	136	0	0	2	137	132604	132739	3.40e-62	252	59297	N/A
72_8_2355_15388_13355/1	gi|3048443377|emb|OZ306171.1|	100.000	136	0	0	2	137	103326	103191	3.40e-62	252	481118	N/A
72_8_2355_15388_13355/1	gi|3048443377|emb|OZ306171.1|	100.000	136	0	0	2	137	130415	130550	3.40e-62	252	481118	N/A
72_8_2355_15388_13355/1	gi|3048443334|emb|OZ306286.1|	100.000	136	0	0	2	137	66578334	66578199	3.40e-62	252	78511	N/A
72_8_2355_15388_13355/1	gi|3048264046|emb|OZ297787.1|	100.000	136	0	0	2	137	107704	107569	3.40e-62	252	55318	N/A
72_8_2355_15388_13355/1	gi|3048264046|emb|OZ297787.1|	100.000	136	0	0	2	137	136097	136232	3.40e-62	252	55318	N/A
72_8_2355_15388_13355/1	gi|3048228106|emb|OZ297184.1|	100.000	136	0	0	2	137	108404	108269	3.40e-62	252	397083	N/A
72_8_2355_15388_13355/1	gi|3048228106|emb|OZ297184.1|	100.000	136	0	0	2	137	136875	137010	3.40e-62	252	397083	N/A
72_8_2355_15388_13355/1	gi|3048195103|emb|OZ297140.1|	100.000	136	0	0	2	137	105960	105825	3.40e-62	252	59297	N/A
72_8_2355_15388_13355/1	gi|3048195103|emb|OZ297140.1|	100.000	136	0	0	2	137	132604	132739	3.40e-62	252	59297	N/A
72_8_2113_46721_20947/1	gi|2805792360|gb|PQ124709.1|	100.000	130	0	0	2	131	97766	97637	7.37e-59	241	113209	N/A
72_8_2113_46721_20947/1	gi|2805792360|gb|PQ124709.1|	100.000	130	0	0	2	131	149968	150097	7.37e-59	241	113209	N/A
72_8_2113_46721_20947/1	gi|2805792263|gb|PQ124708.1|	100.000	130	0	0	2	131	97884	97755	7.37e-59	241	197811	N/A
72_8_2113_46721_20947/1	gi|2805792263|gb|PQ124708.1|	100.000	130	0	0	2	131	150122	150251	7.37e-59	241	197811	N/A
72_8_2113_46721_20947/1	gi|2805792167|gb|PQ124707.1|	100.000	130	0	0	2	131	97884	97755	7.37e-59	241	29818	N/A
72_8_2113_46721_20947/1	gi|2805792167|gb|PQ124707.1|	100.000	130	0	0	2	131	150122	150251	7.37e-59	241	29818	N/A
72_8_2113_46721_20947/1	gi|2805792070|gb|PQ124706.1|	100.000	130	0	0	2	131	97909	97780	7.37e-59	241	197796	N/A
72_8_2113_46721_20947/1	gi|2805792070|gb|PQ124706.1|	100.000	130	0	0	2	131	150056	150185	7.37e-59	241	197796	N/A
72_8_2113_46721_20947/1	gi|2724828596|ref|NC_088481.1|	100.000	130	0	0	2	131	97750	97621	7.37e-59	241	113209	N/A
72_8_2113_46721_20947/1	gi|2724828596|ref|NC_088481.1|	100.000	130	0	0	2	131	149957	150086	7.37e-59	241	113209	N/A
72_8_2109_43719_4908/1	gi|2928257067|emb|OZ241257.1|	90.698	129	11	1	3	131	16569586	16569459	9.80e-38	171	4166	N/A
72_8_2109_43719_4908/1	gi|2928257033|emb|OZ241223.1|	90.698	129	11	1	3	131	16446548	16446421	9.80e-38	171	4166	N/A
72_8_2109_43719_4908/1	gi|2968110972|emb|OZ255675.1|	90.076	131	12	1	3	133	29424758	29424629	3.53e-37	169	475394	N/A
72_8_2109_43719_4908/1	gi|2781957553|emb|OZ125088.1|	90.076	131	12	1	3	133	37369584	37369455	3.53e-37	169	46032	N/A
72_8_2109_43719_4908/1	gi|2523338361|emb|OX940969.1|	90.076	131	12	1	3	133	986995	987124	3.53e-37	169	475003	N/A
72_8_1190_17063_18860/1	gi|3045811490|gb|PX133153.1|	100.000	136	0	0	2	137	61802	61937	3.40e-62	252	691774	N/A
72_8_1190_17063_18860/1	gi|3045811376|gb|PX133145.1|	100.000	136	0	0	2	137	51472	51337	3.40e-62	252	41911	N/A
72_8_1190_17063_18860/1	gi|3045267147|gb|PX049138.1|	100.000	136	0	0	2	137	83614	83749	3.40e-62	252	3454936	N/A
72_8_1190_17063_18860/1	gi|3045267147|gb|PX049138.1|	100.000	136	0	0	2	137	151820	151685	3.40e-62	252	3454936	N/A
72_8_1190_17063_18860/1	gi|3045267060|gb|PX049137.1|	100.000	136	0	0	2	137	83610	83745	3.40e-62	252	165317	N/A
72_8_1190_17063_18860/1	gi|3045267060|gb|PX049137.1|	100.000	136	0	0	2	137	151807	151672	3.40e-62	252	165317	N/A
72_8_1190_17063_18860/1	gi|3032662616|gb|PQ231106.1|	100.000	136	0	0	2	137	83270	83405	3.40e-62	252	694377	N/A
72_8_1190_17063_18860/1	gi|3032662616|gb|PQ231106.1|	100.000	136	0	0	2	137	151233	151098	3.40e-62	252	694377	N/A
72_8_1155_3007_3213/1	gi|3045267147|gb|PX049138.1|	100.000	136	0	0	2	137	104034	103899	3.40e-62	252	3454936	N/A
72_8_1155_3007_3213/1	gi|3045267147|gb|PX049138.1|	100.000	136	0	0	2	137	131400	131535	3.40e-62	252	3454936	N/A
72_8_1155_3007_3213/1	gi|3045267060|gb|PX049137.1|	100.000	136	0	0	2	137	104024	103889	3.40e-62	252	165317	N/A
72_8_1155_3007_3213/1	gi|3045267060|gb|PX049137.1|	100.000	136	0	0	2	137	131393	131528	3.40e-62	252	165317	N/A
72_8_1155_3007_3213/1	gi|3032662704|gb|PQ231107.1|	100.000	136	0	0	2	137	104286	104151	3.40e-62	252	572118	N/A
72_8_1155_3007_3213/1	gi|3032662704|gb|PQ231107.1|	100.000	136	0	0	2	137	131206	131341	3.40e-62	252	572118	N/A
72_8_1155_3007_3213/1	gi|3032662616|gb|PQ231106.1|	100.000	136	0	0	2	137	103803	103668	3.40e-62	252	694377	N/A
72_8_1155_3007_3213/1	gi|3032662616|gb|PQ231106.1|	100.000	136	0	0	2	137	130700	130835	3.40e-62	252	694377	N/A
72_8_1155_3007_3213/1	gi|3032662528|gb|PQ231105.1|	100.000	136	0	0	2	137	103821	103686	3.40e-62	252	694377	N/A
72_8_1155_3007_3213/1	gi|3032662528|gb|PQ231105.1|	100.000	136	0	0	2	137	130716	130851	3.40e-62	252	694377	N/A
72_8_2498_13114_19280/1	gi|2921498952|gb|CP157630.1|	90.840	131	12	0	2	132	5426496	5426626	2.11e-39	176	34073	N/A
72_8_2498_13114_19280/1	gi|2921487718|gb|CP157632.1|	90.840	131	12	0	2	132	5466942	5467072	2.11e-39	176	34073	N/A
72_8_2498_13114_19280/1	gi|2921430902|gb|CP157628.1|	90.840	131	12	0	2	132	5466568	5466698	2.11e-39	176	34073	N/A
72_8_2498_13114_19280/1	gi|1796314587|gb|CP044972.1|	89.552	134	10	3	2	133	3156849	3156980	1.27e-36	167	434010	N/A
72_8_2498_13114_19280/1	gi|1796310077|gb|CP044975.1|	89.552	134	10	3	2	133	3156849	3156980	1.27e-36	167	434010	N/A
72_8_2462_39381_18328/1	gi|2805792360|gb|PQ124709.1|	100.000	136	0	0	2	137	954	1089	3.40e-62	252	113209	N/A
72_8_2462_39381_18328/1	gi|2805792263|gb|PQ124708.1|	100.000	136	0	0	2	137	946	1081	3.40e-62	252	197811	N/A
72_8_2462_39381_18328/1	gi|2805792167|gb|PQ124707.1|	100.000	136	0	0	2	137	946	1081	3.40e-62	252	29818	N/A
72_8_2462_39381_18328/1	gi|2781957557|emb|OZ125092.1|	100.000	136	0	0	2	137	1256	1391	3.40e-62	252	46032	N/A
72_8_2462_39381_18328/1	gi|2781957553|emb|OZ125088.1|	100.000	136	0	0	2	137	33808522	33808657	3.40e-62	252	46032	N/A
72_8_2462_39381_18328/1	gi|2781957553|emb|OZ125088.1|	90.840	131	12	0	1	131	11796695	11796825	2.11e-39	176	46032	N/A
72_8_2364_44293_6995/1	gi|2724827940|ref|NC_088474.1|	100.000	57	0	0	2	58	16083	16139	2.80e-18	106	1439916	N/A
72_8_2364_44293_6995/1	gi|2701784733|gb|OR911481.1|	100.000	57	0	0	2	58	15863	15919	2.80e-18	106	39414	N/A
72_8_2364_44293_6995/1	gi|2724827759|ref|NC_088472.1|	100.000	57	0	0	2	58	16059	16115	2.80e-18	106	2675945	N/A
72_8_2364_44293_6995/1	gi|2724826836|ref|NC_088462.1|	100.000	57	0	0	2	58	15975	16031	2.80e-18	106	197793	N/A
72_8_2364_44293_6995/1	gi|2328376401|ref|NC_068049.1|	100.000	57	0	0	2	58	15854	15910	2.80e-18	106	39414	N/A
72_8_2349_21611_14938/1	gi|2701785009|gb|OR911484.1|	100.000	136	0	0	2	137	590	455	3.40e-62	252	197809	N/A
72_8_2349_21611_14938/1	gi|2724827569|ref|NC_088470.1|	100.000	136	0	0	2	137	583	448	3.40e-62	252	2550875	N/A
72_8_2349_21611_14938/1	gi|2666688421|ref|NC_085450.1|	100.000	136	0	0	2	137	538	403	3.40e-62	252	3107745	N/A
72_8_2349_21611_14938/1	gi|2288448399|gb|ON641301.1|	100.000	136	0	0	2	137	592	457	3.40e-62	252	185001	N/A
72_8_2349_21611_14938/1	gi|2050192381|gb|MW877581.1|	100.000	136	0	0	2	137	601	466	3.40e-62	252	185001	N/A
72_8_2266_11884_6841/1	gi|2288448399|gb|ON641301.1|	100.000	135	0	0	2	136	70872	70738	1.22e-61	250	185001	N/A
72_8_2266_11884_6841/1	gi|1610617358|ref|NC_041420.1|	99.259	135	1	0	2	136	70763	70629	5.69e-60	244	185001	N/A
72_8_2266_11884_6841/1	gi|2050192381|gb|MW877581.1|	99.259	135	1	0	2	136	70766	70632	5.69e-60	244	185001	N/A
72_8_2266_11884_6841/1	gi|2701784733|gb|OR911481.1|	98.519	135	2	0	2	136	70585	70451	2.65e-58	239	39414	N/A
72_8_2266_11884_6841/1	gi|2328376401|ref|NC_068049.1|	98.519	135	2	0	2	136	70589	70455	2.65e-58	239	39414	N/A
72_8_1194_8186_27671/1	gi|3045267147|gb|PX049138.1|	100.000	136	0	0	2	137	104034	103899	3.40e-62	252	3454936	N/A
72_8_1194_8186_27671/1	gi|3045267147|gb|PX049138.1|	100.000	136	0	0	2	137	131400	131535	3.40e-62	252	3454936	N/A
72_8_1194_8186_27671/1	gi|3045267060|gb|PX049137.1|	100.000	136	0	0	2	137	104024	103889	3.40e-62	252	165317	N/A
72_8_1194_8186_27671/1	gi|3045267060|gb|PX049137.1|	100.000	136	0	0	2	137	131393	131528	3.40e-62	252	165317	N/A
72_8_1194_8186_27671/1	gi|3032662704|gb|PQ231107.1|	100.000	136	0	0	2	137	104286	104151	3.40e-62	252	572118	N/A
72_8_1194_8186_27671/1	gi|3032662704|gb|PQ231107.1|	100.000	136	0	0	2	137	131206	131341	3.40e-62	252	572118	N/A
72_8_1194_8186_27671/1	gi|3032662616|gb|PQ231106.1|	100.000	136	0	0	2	137	103803	103668	3.40e-62	252	694377	N/A
72_8_1194_8186_27671/1	gi|3032662616|gb|PQ231106.1|	100.000	136	0	0	2	137	130700	130835	3.40e-62	252	694377	N/A
72_8_1194_8186_27671/1	gi|3032662528|gb|PQ231105.1|	100.000	136	0	0	2	137	103821	103686	3.40e-62	252	694377	N/A
72_8_1194_8186_27671/1	gi|3032662528|gb|PQ231105.1|	100.000	136	0	0	2	137	130716	130851	3.40e-62	252	694377	N/A
72_8_2150_17104_29184/1	gi|3045267147|gb|PX049138.1|	100.000	136	0	0	2	137	104034	103899	3.40e-62	252	3454936	N/A
72_8_2150_17104_29184/1	gi|3045267147|gb|PX049138.1|	100.000	136	0	0	2	137	131400	131535	3.40e-62	252	3454936	N/A
72_8_2150_17104_29184/1	gi|3045267060|gb|PX049137.1|	100.000	136	0	0	2	137	104024	103889	3.40e-62	252	165317	N/A
72_8_2150_17104_29184/1	gi|3045267060|gb|PX049137.1|	100.000	136	0	0	2	137	131393	131528	3.40e-62	252	165317	N/A
72_8_2150_17104_29184/1	gi|3032662704|gb|PQ231107.1|	100.000	136	0	0	2	137	104286	104151	3.40e-62	252	572118	N/A
72_8_2150_17104_29184/1	gi|3032662704|gb|PQ231107.1|	100.000	136	0	0	2	137	131206	131341	3.40e-62	252	572118	N/A
72_8_2150_17104_29184/1	gi|3032662616|gb|PQ231106.1|	100.000	136	0	0	2	137	103803	103668	3.40e-62	252	694377	N/A
72_8_2150_17104_29184/1	gi|3032662616|gb|PQ231106.1|	100.000	136	0	0	2	137	130700	130835	3.40e-62	252	694377	N/A
72_8_2150_17104_29184/1	gi|3032662528|gb|PQ231105.1|	100.000	136	0	0	2	137	103821	103686	3.40e-62	252	694377	N/A
72_8_2150_17104_29184/1	gi|3032662528|gb|PQ231105.1|	100.000	136	0	0	2	137	130716	130851	3.40e-62	252	694377	N/A
72_8_1308_32819_21255/1	gi|2724827940|ref|NC_088474.1|	100.000	134	0	0	2	135	16137	16270	4.40e-61	248	1439916	N/A
72_8_1308_32819_21255/1	gi|2701784733|gb|OR911481.1|	100.000	134	0	0	2	135	15917	16050	4.40e-61	248	39414	N/A
72_8_1308_32819_21255/1	gi|2724827759|ref|NC_088472.1|	100.000	134	0	0	2	135	16113	16246	4.40e-61	248	2675945	N/A
72_8_1308_32819_21255/1	gi|2724826836|ref|NC_088462.1|	100.000	134	0	0	2	135	16029	16162	4.40e-61	248	197793	N/A
72_8_1308_32819_21255/1	gi|2328376401|ref|NC_068049.1|	100.000	134	0	0	2	135	15908	16041	4.40e-61	248	39414	N/A
72_8_2181_23456_2079/1	gi|2701784733|gb|OR911481.1|	100.000	136	0	0	2	137	33013	32878	3.40e-62	252	39414	N/A
72_8_2181_23456_2079/1	gi|2328376401|ref|NC_068049.1|	100.000	136	0	0	2	137	32999	32864	3.40e-62	252	39414	N/A
72_8_2181_23456_2079/1	gi|2288448399|gb|ON641301.1|	100.000	136	0	0	2	137	33215	33080	3.40e-62	252	185001	N/A
72_8_2181_23456_2079/1	gi|2050192475|gb|MW877582.1|	100.000	136	0	0	2	137	33012	32877	3.40e-62	252	39414	N/A
72_8_2181_23456_2079/1	gi|2050192381|gb|MW877581.1|	100.000	136	0	0	2	137	33141	33006	3.40e-62	252	185001	N/A
72_8_1493_22105_28315/1	gi|1536893110|dbj|AP019371.1|	83.088	136	23	0	2	137	7392615	7392750	7.74e-24	124	946334	N/A
72_8_1493_22105_28315/1	gi|2999875282|gb|CP191846.1|	98.438	64	1	0	72	135	7210799	7210736	1.68e-20	113	3239906	N/A
72_8_1493_22105_28315/1	gi|1772134019|gb|CP045572.1|	80.702	114	20	2	23	135	42019	41907	1.02e-12	87.9	2219224	N/A
72_8_2408_11746_18538/1	gi|3030157079|gb|CP150318.1|	92.647	136	10	0	2	137	8355466	8355331	1.62e-45	196	3133289	N/A
72_8_2408_11746_18538/1	gi|3028738058|gb|CP150342.1|	92.647	136	10	0	2	137	8415572	8415437	1.62e-45	196	3133313	N/A
72_8_2408_11746_18538/1	gi|3030146595|gb|CP150323.1|	91.912	136	11	0	2	137	7751844	7751709	7.52e-44	191	3133294	N/A
72_8_2408_11746_18538/1	gi|3028878233|gb|CP150361.1|	89.051	137	14	1	2	137	7819668	7819532	3.53e-37	169	3133333	N/A
72_8_2408_11746_18538/1	gi|3030179220|gb|CP150321.1|	88.321	137	15	1	2	137	1594532	1594396	1.64e-35	163	3133292	N/A
72_8_1161_6729_1224/1	gi|2754673912|emb|OZ078317.1|	83.621	116	19	0	16	131	1997284	1997169	2.17e-19	110	203760	N/A
72_8_1161_6729_1224/1	gi|2792407110|gb|CP159498.1|	78.571	126	27	0	12	137	20814638	20814763	1.31e-11	84.2	38860	N/A
72_8_2214_3654_11478/1	gi|3035391075|emb|OZ295870.1|	98.291	117	2	0	2	118	7722356	7722472	2.69e-48	206	35896	N/A
72_8_2214_3654_11478/1	gi|3035388876|emb|OZ295869.1|	98.291	117	2	0	2	118	21958707	21958823	2.69e-48	206	35896	N/A
72_8_2214_3654_11478/1	gi|3035359735|emb|OZ295858.1|	98.291	117	2	0	2	118	33918272	33918388	2.69e-48	206	35896	N/A
72_8_2214_3654_11478/1	gi|3025377488|emb|OZ284449.1|	98.291	117	2	0	2	118	23584010	23584126	2.69e-48	206	452460	N/A
72_8_2214_3654_11478/1	gi|3025377488|emb|OZ284449.1|	97.436	117	3	0	2	118	9207145	9207261	1.25e-46	200	452460	N/A
72_8_2214_3654_11478/1	gi|3025377488|emb|OZ284449.1|	97.436	117	3	0	2	118	23682604	23682488	1.25e-46	200	452460	N/A
72_8_2214_3654_11478/1	gi|3025377488|emb|OZ284449.1|	97.436	117	3	0	2	118	23718245	23718129	1.25e-46	200	452460	N/A
72_8_2214_3654_11478/1	gi|3025377488|emb|OZ284449.1|	96.581	117	4	0	2	118	23822525	23822409	5.82e-45	195	452460	N/A
72_8_2214_3654_11478/1	gi|3025377488|emb|OZ284449.1|	95.726	117	5	0	2	118	23730910	23730794	2.71e-43	189	452460	N/A
72_8_2214_3654_11478/1	gi|3025377488|emb|OZ284449.1|	94.017	117	7	0	2	118	42509882	42509766	5.86e-40	178	452460	N/A
72_8_2214_3654_11478/1	gi|3025377488|emb|OZ284449.1|	94.643	56	3	0	2	57	23823861	23823806	1.02e-12	87.9	452460	N/A
72_8_2214_3654_11478/1	gi|3018307997|emb|OZ276475.1|	98.291	117	2	0	2	118	36504	36620	2.69e-48	206	165317	N/A
72_8_1315_38516_9657/1	gi|2813171436|gb|PQ325515.1|	99.265	136	1	0	2	137	100259	100124	1.58e-60	246	254027	N/A
72_8_1315_38516_9657/1	gi|2813171436|gb|PQ325515.1|	99.265	136	1	0	2	137	137179	137314	1.58e-60	246	254027	N/A
72_8_1315_38516_9657/1	gi|2805792360|gb|PQ124709.1|	99.265	136	1	0	2	137	99842	99977	1.58e-60	246	113209	N/A
72_8_1315_38516_9657/1	gi|2805792360|gb|PQ124709.1|	99.265	136	1	0	2	137	147892	147757	1.58e-60	246	113209	N/A
72_8_1315_38516_9657/1	gi|2805792263|gb|PQ124708.1|	99.265	136	1	0	2	137	99959	100094	1.58e-60	246	197811	N/A
72_8_1315_38516_9657/1	gi|2805792263|gb|PQ124708.1|	99.265	136	1	0	2	137	148047	147912	1.58e-60	246	197811	N/A
72_8_1315_38516_9657/1	gi|2805792167|gb|PQ124707.1|	99.265	136	1	0	2	137	99959	100094	1.58e-60	246	29818	N/A
72_8_1315_38516_9657/1	gi|2805792167|gb|PQ124707.1|	99.265	136	1	0	2	137	148047	147912	1.58e-60	246	29818	N/A
72_8_1315_38516_9657/1	gi|2805792070|gb|PQ124706.1|	99.265	136	1	0	2	137	99985	100120	1.58e-60	246	197796	N/A
72_8_1315_38516_9657/1	gi|2805792070|gb|PQ124706.1|	99.265	136	1	0	2	137	147980	147845	1.58e-60	246	197796	N/A
72_8_1213_40725_21661/1	gi|3045267147|gb|PX049138.1|	100.000	136	0	0	2	137	104034	103899	3.40e-62	252	3454936	N/A
72_8_1213_40725_21661/1	gi|3045267147|gb|PX049138.1|	100.000	136	0	0	2	137	131400	131535	3.40e-62	252	3454936	N/A
72_8_1213_40725_21661/1	gi|3045267060|gb|PX049137.1|	100.000	136	0	0	2	137	104024	103889	3.40e-62	252	165317	N/A
72_8_1213_40725_21661/1	gi|3045267060|gb|PX049137.1|	100.000	136	0	0	2	137	131393	131528	3.40e-62	252	165317	N/A
72_8_1213_40725_21661/1	gi|3032662704|gb|PQ231107.1|	100.000	136	0	0	2	137	104286	104151	3.40e-62	252	572118	N/A
72_8_1213_40725_21661/1	gi|3032662704|gb|PQ231107.1|	100.000	136	0	0	2	137	131206	131341	3.40e-62	252	572118	N/A
72_8_1213_40725_21661/1	gi|3032662616|gb|PQ231106.1|	100.000	136	0	0	2	137	103803	103668	3.40e-62	252	694377	N/A
72_8_1213_40725_21661/1	gi|3032662616|gb|PQ231106.1|	100.000	136	0	0	2	137	130700	130835	3.40e-62	252	694377	N/A
72_8_1213_40725_21661/1	gi|3032662528|gb|PQ231105.1|	100.000	136	0	0	2	137	103821	103686	3.40e-62	252	694377	N/A
72_8_1213_40725_21661/1	gi|3032662528|gb|PQ231105.1|	100.000	136	0	0	2	137	130716	130851	3.40e-62	252	694377	N/A
72_8_1179_32875_17935/1	gi|2813171436|gb|PQ325515.1|	100.000	136	0	0	2	137	100259	100124	3.40e-62	252	254027	N/A
72_8_1179_32875_17935/1	gi|2813171436|gb|PQ325515.1|	100.000	136	0	0	2	137	137179	137314	3.40e-62	252	254027	N/A
72_8_1179_32875_17935/1	gi|2805792360|gb|PQ124709.1|	100.000	136	0	0	2	137	99842	99977	3.40e-62	252	113209	N/A
72_8_1179_32875_17935/1	gi|2805792360|gb|PQ124709.1|	100.000	136	0	0	2	137	147892	147757	3.40e-62	252	113209	N/A
72_8_1179_32875_17935/1	gi|2805792263|gb|PQ124708.1|	100.000	136	0	0	2	137	99959	100094	3.40e-62	252	197811	N/A
72_8_1179_32875_17935/1	gi|2805792263|gb|PQ124708.1|	100.000	136	0	0	2	137	148047	147912	3.40e-62	252	197811	N/A
72_8_1179_32875_17935/1	gi|2805792167|gb|PQ124707.1|	100.000	136	0	0	2	137	99959	100094	3.40e-62	252	29818	N/A
72_8_1179_32875_17935/1	gi|2805792167|gb|PQ124707.1|	100.000	136	0	0	2	137	148047	147912	3.40e-62	252	29818	N/A
72_8_1179_32875_17935/1	gi|2805792070|gb|PQ124706.1|	100.000	136	0	0	2	137	99985	100120	3.40e-62	252	197796	N/A
72_8_1179_32875_17935/1	gi|2805792070|gb|PQ124706.1|	100.000	136	0	0	2	137	147980	147845	3.40e-62	252	197796	N/A
72_8_2389_20947_9615/1	gi|3045267147|gb|PX049138.1|	98.529	136	2	0	2	137	104034	103899	7.37e-59	241	3454936	N/A
72_8_2389_20947_9615/1	gi|3045267147|gb|PX049138.1|	98.529	136	2	0	2	137	131400	131535	7.37e-59	241	3454936	N/A
72_8_2389_20947_9615/1	gi|3045267060|gb|PX049137.1|	98.529	136	2	0	2	137	104024	103889	7.37e-59	241	165317	N/A
72_8_2389_20947_9615/1	gi|3045267060|gb|PX049137.1|	98.529	136	2	0	2	137	131393	131528	7.37e-59	241	165317	N/A
72_8_2389_20947_9615/1	gi|3032662704|gb|PQ231107.1|	98.529	136	2	0	2	137	104286	104151	7.37e-59	241	572118	N/A
72_8_2389_20947_9615/1	gi|3032662704|gb|PQ231107.1|	98.529	136	2	0	2	137	131206	131341	7.37e-59	241	572118	N/A
72_8_2389_20947_9615/1	gi|3032662616|gb|PQ231106.1|	98.529	136	2	0	2	137	103803	103668	7.37e-59	241	694377	N/A
72_8_2389_20947_9615/1	gi|3032662616|gb|PQ231106.1|	98.529	136	2	0	2	137	130700	130835	7.37e-59	241	694377	N/A
72_8_2389_20947_9615/1	gi|3032662528|gb|PQ231105.1|	98.529	136	2	0	2	137	103821	103686	7.37e-59	241	694377	N/A
72_8_2389_20947_9615/1	gi|3032662528|gb|PQ231105.1|	98.529	136	2	0	2	137	130716	130851	7.37e-59	241	694377	N/A
72_8_2193_49845_13691/1	gi|3048443377|emb|OZ306171.1|	100.000	136	0	0	2	137	103326	103191	3.40e-62	252	481118	N/A
72_8_2193_49845_13691/1	gi|3048443377|emb|OZ306171.1|	100.000	136	0	0	2	137	130415	130550	3.40e-62	252	481118	N/A
72_8_2193_49845_13691/1	gi|3048443334|emb|OZ306286.1|	100.000	136	0	0	2	137	66578334	66578199	3.40e-62	252	78511	N/A
72_8_2193_49845_13691/1	gi|3048264046|emb|OZ297787.1|	100.000	136	0	0	2	137	107704	107569	3.40e-62	252	55318	N/A
72_8_2193_49845_13691/1	gi|3048264046|emb|OZ297787.1|	100.000	136	0	0	2	137	136097	136232	3.40e-62	252	55318	N/A
72_8_2193_49845_13691/1	gi|3048228106|emb|OZ297184.1|	100.000	136	0	0	2	137	108404	108269	3.40e-62	252	397083	N/A
72_8_2193_49845_13691/1	gi|3048228106|emb|OZ297184.1|	100.000	136	0	0	2	137	136875	137010	3.40e-62	252	397083	N/A
72_8_2193_49845_13691/1	gi|3048195103|emb|OZ297140.1|	100.000	136	0	0	2	137	105960	105825	3.40e-62	252	59297	N/A
72_8_2193_49845_13691/1	gi|3048195103|emb|OZ297140.1|	100.000	136	0	0	2	137	132604	132739	3.40e-62	252	59297	N/A
72_8_1350_3072_4054/1	gi|3048443377|emb|OZ306171.1|	99.265	136	1	0	2	137	103326	103191	1.58e-60	246	481118	N/A
72_8_1350_3072_4054/1	gi|3048443377|emb|OZ306171.1|	99.265	136	1	0	2	137	130415	130550	1.58e-60	246	481118	N/A
72_8_1350_3072_4054/1	gi|3048443334|emb|OZ306286.1|	99.265	136	1	0	2	137	66578334	66578199	1.58e-60	246	78511	N/A
72_8_1350_3072_4054/1	gi|3048264046|emb|OZ297787.1|	99.265	136	1	0	2	137	107704	107569	1.58e-60	246	55318	N/A
72_8_1350_3072_4054/1	gi|3048264046|emb|OZ297787.1|	99.265	136	1	0	2	137	136097	136232	1.58e-60	246	55318	N/A
72_8_1350_3072_4054/1	gi|3048228106|emb|OZ297184.1|	99.265	136	1	0	2	137	108404	108269	1.58e-60	246	397083	N/A
72_8_1350_3072_4054/1	gi|3048228106|emb|OZ297184.1|	99.265	136	1	0	2	137	136875	137010	1.58e-60	246	397083	N/A
72_8_1350_3072_4054/1	gi|3048195103|emb|OZ297140.1|	99.265	136	1	0	2	137	105960	105825	1.58e-60	246	59297	N/A
72_8_1350_3072_4054/1	gi|3048195103|emb|OZ297140.1|	99.265	136	1	0	2	137	132604	132739	1.58e-60	246	59297	N/A
72_8_1215_49464_4404/1	gi|469477505|gb|CP004036.1|	86.735	98	13	0	3	100	1970988	1970891	2.17e-19	110	745310	N/A
72_8_1215_49464_4404/1	gi|3046836631|gb|CP197464.1|	81.452	124	21	2	3	125	610319	610441	1.30e-16	100	3445771	N/A
72_8_1215_49464_4404/1	gi|2657991588|gb|CP109566.1|	100.000	29	0	0	23	51	2998078	2998050	0.010	54.7	2903595	N/A
72_8_1215_49464_4404/1	gi|1851887940|ref|XM_035005715.1|	100.000	28	0	0	5	32	130	103	0.037	52.8	9715	N/A
72_8_1437_37213_10904/1	gi|2701784733|gb|OR911481.1|	100.000	111	0	0	2	112	108416	108306	2.69e-48	206	39414	N/A
72_8_1437_37213_10904/1	gi|2328376401|ref|NC_068049.1|	100.000	111	0	0	2	112	108416	108306	2.69e-48	206	39414	N/A
72_8_1437_37213_10904/1	gi|2288448399|gb|ON641301.1|	100.000	111	0	0	2	112	108818	108708	2.69e-48	206	185001	N/A
72_8_1437_37213_10904/1	gi|2050192475|gb|MW877582.1|	100.000	111	0	0	2	112	108510	108400	2.69e-48	206	39414	N/A
72_8_1437_37213_10904/1	gi|2050192381|gb|MW877581.1|	100.000	111	0	0	2	112	108694	108584	2.69e-48	206	185001	N/A
72_8_1354_20017_9937/1	gi|3048443377|emb|OZ306171.1|	100.000	136	0	0	2	137	103326	103191	3.40e-62	252	481118	N/A
72_8_1354_20017_9937/1	gi|3048443377|emb|OZ306171.1|	100.000	136	0	0	2	137	130415	130550	3.40e-62	252	481118	N/A
72_8_1354_20017_9937/1	gi|3048443334|emb|OZ306286.1|	100.000	136	0	0	2	137	66578334	66578199	3.40e-62	252	78511	N/A
72_8_1354_20017_9937/1	gi|3048264046|emb|OZ297787.1|	100.000	136	0	0	2	137	107704	107569	3.40e-62	252	55318	N/A
72_8_1354_20017_9937/1	gi|3048264046|emb|OZ297787.1|	100.000	136	0	0	2	137	136097	136232	3.40e-62	252	55318	N/A
72_8_1354_20017_9937/1	gi|3048228106|emb|OZ297184.1|	100.000	136	0	0	2	137	108404	108269	3.40e-62	252	397083	N/A
72_8_1354_20017_9937/1	gi|3048228106|emb|OZ297184.1|	100.000	136	0	0	2	137	136875	137010	3.40e-62	252	397083	N/A
72_8_1354_20017_9937/1	gi|3048195103|emb|OZ297140.1|	100.000	136	0	0	2	137	105960	105825	3.40e-62	252	59297	N/A
72_8_1354_20017_9937/1	gi|3048195103|emb|OZ297140.1|	100.000	136	0	0	2	137	132604	132739	3.40e-62	252	59297	N/A
72_8_1484_41445_18482/1	gi|2701785471|gb|OR911489.1|	100.000	81	0	0	2	82	715	635	1.28e-31	150	185002	N/A
72_8_1484_41445_18482/1	gi|2701784733|gb|OR911481.1|	100.000	81	0	0	2	82	659	579	1.28e-31	150	39414	N/A
72_8_1484_41445_18482/1	gi|2724826922|ref|NC_088463.1|	100.000	81	0	0	2	82	670	590	1.28e-31	150	197795	N/A
72_8_1484_41445_18482/1	gi|2328376401|ref|NC_068049.1|	100.000	81	0	0	2	82	664	584	1.28e-31	150	39414	N/A
72_8_1484_41445_18482/1	gi|2288448399|gb|ON641301.1|	100.000	81	0	0	2	82	670	590	1.28e-31	150	185001	N/A
72_8_1416_7806_19392/1	gi|2701785009|gb|OR911484.1|	100.000	136	0	0	2	137	590	455	3.40e-62	252	197809	N/A
72_8_1416_7806_19392/1	gi|2724827569|ref|NC_088470.1|	100.000	136	0	0	2	137	583	448	3.40e-62	252	2550875	N/A
72_8_1416_7806_19392/1	gi|2666688421|ref|NC_085450.1|	100.000	136	0	0	2	137	538	403	3.40e-62	252	3107745	N/A
72_8_1416_7806_19392/1	gi|2288448399|gb|ON641301.1|	100.000	136	0	0	2	137	592	457	3.40e-62	252	185001	N/A
72_8_1416_7806_19392/1	gi|2050192381|gb|MW877581.1|	100.000	136	0	0	2	137	601	466	3.40e-62	252	185001	N/A
72_8_1178_11593_16311/1	gi|2701784733|gb|OR911481.1|	100.000	111	0	0	2	112	108416	108306	2.69e-48	206	39414	N/A
72_8_1178_11593_16311/1	gi|2328376401|ref|NC_068049.1|	100.000	111	0	0	2	112	108416	108306	2.69e-48	206	39414	N/A
72_8_1178_11593_16311/1	gi|2288448399|gb|ON641301.1|	100.000	111	0	0	2	112	108818	108708	2.69e-48	206	185001	N/A
72_8_1178_11593_16311/1	gi|2050192475|gb|MW877582.1|	100.000	111	0	0	2	112	108510	108400	2.69e-48	206	39414	N/A
72_8_1178_11593_16311/1	gi|2050192381|gb|MW877581.1|	100.000	111	0	0	2	112	108694	108584	2.69e-48	206	185001	N/A
72_8_2468_7765_18874/1	gi|3045267147|gb|PX049138.1|	100.000	136	0	0	2	137	104034	103899	3.40e-62	252	3454936	N/A
72_8_2468_7765_18874/1	gi|3045267147|gb|PX049138.1|	100.000	136	0	0	2	137	131400	131535	3.40e-62	252	3454936	N/A
72_8_2468_7765_18874/1	gi|3045267060|gb|PX049137.1|	100.000	136	0	0	2	137	104024	103889	3.40e-62	252	165317	N/A
72_8_2468_7765_18874/1	gi|3045267060|gb|PX049137.1|	100.000	136	0	0	2	137	131393	131528	3.40e-62	252	165317	N/A
72_8_2468_7765_18874/1	gi|3032662704|gb|PQ231107.1|	100.000	136	0	0	2	137	104286	104151	3.40e-62	252	572118	N/A
72_8_2468_7765_18874/1	gi|3032662704|gb|PQ231107.1|	100.000	136	0	0	2	137	131206	131341	3.40e-62	252	572118	N/A
72_8_2468_7765_18874/1	gi|3032662616|gb|PQ231106.1|	100.000	136	0	0	2	137	103803	103668	3.40e-62	252	694377	N/A
72_8_2468_7765_18874/1	gi|3032662616|gb|PQ231106.1|	100.000	136	0	0	2	137	130700	130835	3.40e-62	252	694377	N/A
72_8_2468_7765_18874/1	gi|3032662528|gb|PQ231105.1|	100.000	136	0	0	2	137	103821	103686	3.40e-62	252	694377	N/A
72_8_2468_7765_18874/1	gi|3032662528|gb|PQ231105.1|	100.000	136	0	0	2	137	130716	130851	3.40e-62	252	694377	N/A
72_8_2330_34866_10231/1	gi|3054229664|dbj|AP043823.1|	88.889	90	8	2	3	91	878480	878568	2.17e-19	110	652434	N/A
72_8_2330_34866_10231/1	gi|2285400542|gb|CP096276.1|	87.778	90	11	0	2	91	2809354	2809265	2.80e-18	106	2045	N/A
72_8_2330_34866_10231/1	gi|2285394500|gb|CP097984.1|	87.778	90	11	0	2	91	5139536	5139447	2.80e-18	106	2045	N/A
72_8_2330_34866_10231/1	gi|2919827880|gb|CP182501.1|	86.667	90	12	0	2	91	4912607	4912696	1.30e-16	100	2045	N/A
72_8_2330_34866_10231/1	gi|2090024154|gb|CP082273.1|	86.076	79	9	2	2	79	1364231	1364308	1.31e-11	84.2	2872154	N/A
72_8_2135_17986_21661/1	gi|2701785009|gb|OR911484.1|	100.000	136	0	0	2	137	590	455	3.40e-62	252	197809	N/A
72_8_2135_17986_21661/1	gi|2724827569|ref|NC_088470.1|	100.000	136	0	0	2	137	583	448	3.40e-62	252	2550875	N/A
72_8_2135_17986_21661/1	gi|2666688421|ref|NC_085450.1|	100.000	136	0	0	2	137	538	403	3.40e-62	252	3107745	N/A
72_8_2135_17986_21661/1	gi|2288448399|gb|ON641301.1|	100.000	136	0	0	2	137	592	457	3.40e-62	252	185001	N/A
72_8_2135_17986_21661/1	gi|2050192381|gb|MW877581.1|	100.000	136	0	0	2	137	601	466	3.40e-62	252	185001	N/A
72_8_1395_23035_19280/1	gi|2546771217|emb|OY292385.1|	87.640	89	11	0	49	137	8568865	8568953	1.01e-17	104	79772	N/A
72_8_1395_23035_19280/1	gi|2935574524|emb|OZ243843.1|	86.885	61	6	2	78	137	6951239	6951180	1.32e-06	67.6	53178	N/A
72_8_2497_27478_25261/1	gi|2813171436|gb|PQ325515.1|	100.000	136	0	0	2	137	100259	100124	3.40e-62	252	254027	N/A
72_8_2497_27478_25261/1	gi|2813171436|gb|PQ325515.1|	100.000	136	0	0	2	137	137179	137314	3.40e-62	252	254027	N/A
72_8_2497_27478_25261/1	gi|2805792360|gb|PQ124709.1|	100.000	136	0	0	2	137	99842	99977	3.40e-62	252	113209	N/A
72_8_2497_27478_25261/1	gi|2805792360|gb|PQ124709.1|	100.000	136	0	0	2	137	147892	147757	3.40e-62	252	113209	N/A
72_8_2497_27478_25261/1	gi|2805792263|gb|PQ124708.1|	100.000	136	0	0	2	137	99959	100094	3.40e-62	252	197811	N/A
72_8_2497_27478_25261/1	gi|2805792263|gb|PQ124708.1|	100.000	136	0	0	2	137	148047	147912	3.40e-62	252	197811	N/A
72_8_2497_27478_25261/1	gi|2805792167|gb|PQ124707.1|	100.000	136	0	0	2	137	99959	100094	3.40e-62	252	29818	N/A
72_8_2497_27478_25261/1	gi|2805792167|gb|PQ124707.1|	100.000	136	0	0	2	137	148047	147912	3.40e-62	252	29818	N/A
72_8_2497_27478_25261/1	gi|2805792070|gb|PQ124706.1|	100.000	136	0	0	2	137	99985	100120	3.40e-62	252	197796	N/A
72_8_2497_27478_25261/1	gi|2805792070|gb|PQ124706.1|	100.000	136	0	0	2	137	147980	147845	3.40e-62	252	197796	N/A
72_8_2164_47441_7009/1	gi|2927221415|emb|OZ240801.1|	97.368	38	1	0	95	132	4475308	4475271	4.76e-06	65.8	195138	N/A
72_8_2164_47441_7009/1	gi|2781957552|emb|OZ125087.1|	97.368	38	1	0	95	132	1220279	1220316	4.76e-06	65.8	46032	N/A
72_8_1372_41226_17823/1	gi|3045267147|gb|PX049138.1|	100.000	136	0	0	2	137	104034	103899	3.40e-62	252	3454936	N/A
72_8_1372_41226_17823/1	gi|3045267147|gb|PX049138.1|	100.000	136	0	0	2	137	131400	131535	3.40e-62	252	3454936	N/A
72_8_1372_41226_17823/1	gi|3045267060|gb|PX049137.1|	100.000	136	0	0	2	137	104024	103889	3.40e-62	252	165317	N/A
72_8_1372_41226_17823/1	gi|3045267060|gb|PX049137.1|	100.000	136	0	0	2	137	131393	131528	3.40e-62	252	165317	N/A
72_8_1372_41226_17823/1	gi|3032662704|gb|PQ231107.1|	100.000	136	0	0	2	137	104286	104151	3.40e-62	252	572118	N/A
72_8_1372_41226_17823/1	gi|3032662704|gb|PQ231107.1|	100.000	136	0	0	2	137	131206	131341	3.40e-62	252	572118	N/A
72_8_1372_41226_17823/1	gi|3032662616|gb|PQ231106.1|	100.000	136	0	0	2	137	103803	103668	3.40e-62	252	694377	N/A
72_8_1372_41226_17823/1	gi|3032662616|gb|PQ231106.1|	100.000	136	0	0	2	137	130700	130835	3.40e-62	252	694377	N/A
72_8_1372_41226_17823/1	gi|3032662528|gb|PQ231105.1|	100.000	136	0	0	2	137	103821	103686	3.40e-62	252	694377	N/A
72_8_1372_41226_17823/1	gi|3032662528|gb|PQ231105.1|	100.000	136	0	0	2	137	130716	130851	3.40e-62	252	694377	N/A
72_8_1413_32204_28287/1	gi|3048443377|emb|OZ306171.1|	100.000	136	0	0	2	137	103326	103191	3.40e-62	252	481118	N/A
72_8_1413_32204_28287/1	gi|3048443377|emb|OZ306171.1|	100.000	136	0	0	2	137	130415	130550	3.40e-62	252	481118	N/A
72_8_1413_32204_28287/1	gi|3048443334|emb|OZ306286.1|	100.000	136	0	0	2	137	66578334	66578199	3.40e-62	252	78511	N/A
72_8_1413_32204_28287/1	gi|3048264046|emb|OZ297787.1|	100.000	136	0	0	2	137	107704	107569	3.40e-62	252	55318	N/A
72_8_1413_32204_28287/1	gi|3048264046|emb|OZ297787.1|	100.000	136	0	0	2	137	136097	136232	3.40e-62	252	55318	N/A
72_8_1413_32204_28287/1	gi|3048228106|emb|OZ297184.1|	100.000	136	0	0	2	137	108404	108269	3.40e-62	252	397083	N/A
72_8_1413_32204_28287/1	gi|3048228106|emb|OZ297184.1|	100.000	136	0	0	2	137	136875	137010	3.40e-62	252	397083	N/A
72_8_1413_32204_28287/1	gi|3048195103|emb|OZ297140.1|	100.000	136	0	0	2	137	105960	105825	3.40e-62	252	59297	N/A
72_8_1413_32204_28287/1	gi|3048195103|emb|OZ297140.1|	100.000	136	0	0	2	137	132604	132739	3.40e-62	252	59297	N/A
72_8_2390_7433_3872/1	gi|685047580|emb|LN596092.1|	97.368	38	1	0	56	93	44221	44258	4.76e-06	65.8	7962	N/A
72_8_2226_47263_8998/1	gi|3048443377|emb|OZ306171.1|	100.000	136	0	0	2	137	103326	103191	3.40e-62	252	481118	N/A
72_8_2226_47263_8998/1	gi|3048443377|emb|OZ306171.1|	100.000	136	0	0	2	137	130415	130550	3.40e-62	252	481118	N/A
72_8_2226_47263_8998/1	gi|3048443334|emb|OZ306286.1|	100.000	136	0	0	2	137	66578334	66578199	3.40e-62	252	78511	N/A
72_8_2226_47263_8998/1	gi|3048264046|emb|OZ297787.1|	100.000	136	0	0	2	137	107704	107569	3.40e-62	252	55318	N/A
72_8_2226_47263_8998/1	gi|3048264046|emb|OZ297787.1|	100.000	136	0	0	2	137	136097	136232	3.40e-62	252	55318	N/A
72_8_2226_47263_8998/1	gi|3048228106|emb|OZ297184.1|	100.000	136	0	0	2	137	108404	108269	3.40e-62	252	397083	N/A
72_8_2226_47263_8998/1	gi|3048228106|emb|OZ297184.1|	100.000	136	0	0	2	137	136875	137010	3.40e-62	252	397083	N/A
72_8_2226_47263_8998/1	gi|3048195103|emb|OZ297140.1|	100.000	136	0	0	2	137	105960	105825	3.40e-62	252	59297	N/A
72_8_2226_47263_8998/1	gi|3048195103|emb|OZ297140.1|	100.000	136	0	0	2	137	132604	132739	3.40e-62	252	59297	N/A
72_8_2265_20632_28063/1	gi|3045811490|gb|PX133153.1|	100.000	136	0	0	2	137	61802	61937	3.40e-62	252	691774	N/A
72_8_2265_20632_28063/1	gi|3045811376|gb|PX133145.1|	100.000	136	0	0	2	137	51472	51337	3.40e-62	252	41911	N/A
72_8_2265_20632_28063/1	gi|3045267147|gb|PX049138.1|	100.000	136	0	0	2	137	83614	83749	3.40e-62	252	3454936	N/A
72_8_2265_20632_28063/1	gi|3045267147|gb|PX049138.1|	100.000	136	0	0	2	137	151820	151685	3.40e-62	252	3454936	N/A
72_8_2265_20632_28063/1	gi|3045267060|gb|PX049137.1|	100.000	136	0	0	2	137	83610	83745	3.40e-62	252	165317	N/A
72_8_2265_20632_28063/1	gi|3045267060|gb|PX049137.1|	100.000	136	0	0	2	137	151807	151672	3.40e-62	252	165317	N/A
72_8_2265_20632_28063/1	gi|3032662616|gb|PQ231106.1|	100.000	136	0	0	2	137	83270	83405	3.40e-62	252	694377	N/A
72_8_2265_20632_28063/1	gi|3032662616|gb|PQ231106.1|	100.000	136	0	0	2	137	151233	151098	3.40e-62	252	694377	N/A
72_8_1173_24176_16633/1	gi|2830983252|gb|CP170844.1|	89.744	78	6	1	62	137	4083423	4083346	4.69e-16	99.0	573	N/A
72_8_1173_24176_16633/1	gi|381368402|dbj|AP012319.1|	100.000	50	0	0	2	51	7355621	7355670	2.18e-14	93.5	512565	N/A
72_8_1173_24176_16633/1	gi|3000047897|gb|CP192102.1|	98.000	50	1	0	2	51	7072636	7072685	1.02e-12	87.9	3239897	N/A
72_8_1173_24176_16633/1	gi|2999875282|gb|CP191846.1|	98.000	50	1	0	2	51	9312823	9312872	1.02e-12	87.9	3239906	N/A
72_8_1173_24176_16633/1	gi|2549229438|dbj|AP028461.1|	98.000	50	1	0	2	51	11015209	11015160	1.02e-12	87.9	512349	N/A
72_8_2394_49100_22264/1	gi|2701784733|gb|OR911481.1|	100.000	111	0	0	2	112	108416	108306	2.69e-48	206	39414	N/A
72_8_2394_49100_22264/1	gi|2328376401|ref|NC_068049.1|	100.000	111	0	0	2	112	108416	108306	2.69e-48	206	39414	N/A
72_8_2394_49100_22264/1	gi|2288448399|gb|ON641301.1|	100.000	111	0	0	2	112	108818	108708	2.69e-48	206	185001	N/A
72_8_2394_49100_22264/1	gi|2050192475|gb|MW877582.1|	100.000	111	0	0	2	112	108510	108400	2.69e-48	206	39414	N/A
72_8_2394_49100_22264/1	gi|2050192381|gb|MW877581.1|	100.000	111	0	0	2	112	108694	108584	2.69e-48	206	185001	N/A
72_8_1296_33604_27629/1	gi|2813171436|gb|PQ325515.1|	100.000	136	0	0	2	137	100259	100124	3.40e-62	252	254027	N/A
72_8_1296_33604_27629/1	gi|2813171436|gb|PQ325515.1|	100.000	136	0	0	2	137	137179	137314	3.40e-62	252	254027	N/A
72_8_1296_33604_27629/1	gi|2805792360|gb|PQ124709.1|	100.000	136	0	0	2	137	99842	99977	3.40e-62	252	113209	N/A
72_8_1296_33604_27629/1	gi|2805792360|gb|PQ124709.1|	100.000	136	0	0	2	137	147892	147757	3.40e-62	252	113209	N/A
72_8_1296_33604_27629/1	gi|2805792263|gb|PQ124708.1|	100.000	136	0	0	2	137	99959	100094	3.40e-62	252	197811	N/A
72_8_1296_33604_27629/1	gi|2805792263|gb|PQ124708.1|	100.000	136	0	0	2	137	148047	147912	3.40e-62	252	197811	N/A
72_8_1296_33604_27629/1	gi|2805792167|gb|PQ124707.1|	100.000	136	0	0	2	137	99959	100094	3.40e-62	252	29818	N/A
72_8_1296_33604_27629/1	gi|2805792167|gb|PQ124707.1|	100.000	136	0	0	2	137	148047	147912	3.40e-62	252	29818	N/A
72_8_1296_33604_27629/1	gi|2805792070|gb|PQ124706.1|	100.000	136	0	0	2	137	99985	100120	3.40e-62	252	197796	N/A
72_8_1296_33604_27629/1	gi|2805792070|gb|PQ124706.1|	100.000	136	0	0	2	137	147980	147845	3.40e-62	252	197796	N/A
72_8_1301_45410_20779/1	gi|2928257079|emb|OZ241269.1|	98.837	86	1	0	2	87	8850572	8850657	9.87e-33	154	715724	N/A
72_8_1301_45410_20779/1	gi|2928257079|emb|OZ241269.1|	96.250	80	3	0	2	81	43844960	43845039	4.63e-26	132	715724	N/A
72_8_1301_45410_20779/1	gi|3040293555|gb|PX109642.1|	100.000	80	0	0	2	81	64456	64377	4.59e-31	148	205694	N/A
72_8_1301_45410_20779/1	gi|3034514196|gb|PX057651.1|	100.000	80	0	0	2	81	106683	106604	4.59e-31	148	210862	N/A
72_8_1301_45410_20779/1	gi|3034514196|gb|PX057651.1|	100.000	80	0	0	2	81	134514	134593	4.59e-31	148	210862	N/A
72_8_1301_45410_20779/1	gi|3034514111|gb|PX057650.1|	100.000	80	0	0	2	81	105857	105778	4.59e-31	148	667261	N/A
72_8_1301_45410_20779/1	gi|3034514111|gb|PX057650.1|	100.000	80	0	0	2	81	134280	134359	4.59e-31	148	667261	N/A
72_8_1301_45410_20779/1	gi|3034514026|gb|PX057649.1|	100.000	80	0	0	2	81	106236	106157	4.59e-31	148	57926	N/A
72_8_1301_45410_20779/1	gi|3034514026|gb|PX057649.1|	100.000	80	0	0	2	81	133983	134062	4.59e-31	148	57926	N/A
72_8_1136_42400_23609/1	gi|3045811490|gb|PX133153.1|	100.000	136	0	0	2	137	61802	61937	3.40e-62	252	691774	N/A
72_8_1136_42400_23609/1	gi|3045811376|gb|PX133145.1|	100.000	136	0	0	2	137	51472	51337	3.40e-62	252	41911	N/A
72_8_1136_42400_23609/1	gi|3045267147|gb|PX049138.1|	100.000	136	0	0	2	137	83614	83749	3.40e-62	252	3454936	N/A
72_8_1136_42400_23609/1	gi|3045267147|gb|PX049138.1|	100.000	136	0	0	2	137	151820	151685	3.40e-62	252	3454936	N/A
72_8_1136_42400_23609/1	gi|3045267060|gb|PX049137.1|	100.000	136	0	0	2	137	83610	83745	3.40e-62	252	165317	N/A
72_8_1136_42400_23609/1	gi|3045267060|gb|PX049137.1|	100.000	136	0	0	2	137	151807	151672	3.40e-62	252	165317	N/A
72_8_1136_42400_23609/1	gi|3032662616|gb|PQ231106.1|	100.000	136	0	0	2	137	83270	83405	3.40e-62	252	694377	N/A
72_8_1136_42400_23609/1	gi|3032662616|gb|PQ231106.1|	100.000	136	0	0	2	137	151233	151098	3.40e-62	252	694377	N/A
72_8_2352_37318_12682/1	gi|3048443377|emb|OZ306171.1|	100.000	136	0	0	2	137	103326	103191	3.40e-62	252	481118	N/A
72_8_2352_37318_12682/1	gi|3048443377|emb|OZ306171.1|	100.000	136	0	0	2	137	130415	130550	3.40e-62	252	481118	N/A
72_8_2352_37318_12682/1	gi|3048443334|emb|OZ306286.1|	100.000	136	0	0	2	137	66578334	66578199	3.40e-62	252	78511	N/A
72_8_2352_37318_12682/1	gi|3048264046|emb|OZ297787.1|	100.000	136	0	0	2	137	107704	107569	3.40e-62	252	55318	N/A
72_8_2352_37318_12682/1	gi|3048264046|emb|OZ297787.1|	100.000	136	0	0	2	137	136097	136232	3.40e-62	252	55318	N/A
72_8_2352_37318_12682/1	gi|3048228106|emb|OZ297184.1|	100.000	136	0	0	2	137	108404	108269	3.40e-62	252	397083	N/A
72_8_2352_37318_12682/1	gi|3048228106|emb|OZ297184.1|	100.000	136	0	0	2	137	136875	137010	3.40e-62	252	397083	N/A
72_8_2352_37318_12682/1	gi|3048195103|emb|OZ297140.1|	100.000	136	0	0	2	137	105960	105825	3.40e-62	252	59297	N/A
72_8_2352_37318_12682/1	gi|3048195103|emb|OZ297140.1|	100.000	136	0	0	2	137	132604	132739	3.40e-62	252	59297	N/A
72_8_2314_45362_16801/1	gi|2978724457|gb|PV611058.1|	90.909	66	4	2	73	136	295316	295381	1.02e-12	87.9	3421660	N/A
72_8_2314_45362_16801/1	gi|2978724457|gb|PV611058.1|	90.625	64	4	2	73	134	295779	295842	1.31e-11	84.2	3421660	N/A
72_8_2314_45362_16801/1	gi|2557643774|emb|OY673254.1|	92.593	54	3	1	71	123	21724	21777	2.20e-09	76.8	2697049	N/A
72_8_2314_45362_16801/1	gi|685042188|emb|LN590713.1|	100.000	39	0	0	77	115	7120047	7120085	2.84e-08	73.1	7962	N/A
72_8_2314_45362_16801/1	gi|685042188|emb|LN590713.1|	100.000	30	0	0	78	107	16189618	16189589	0.003	56.5	7962	N/A
72_8_2314_45362_16801/1	gi|2565360070|emb|OY632882.1|	100.000	38	0	0	76	113	22464	22501	1.02e-07	71.3	2697049	N/A
72_8_2314_45362_16801/1	gi|2560271642|emb|OY714418.1|	100.000	38	0	0	74	111	6747	6784	1.02e-07	71.3	2697049	N/A
72_8_1156_2384_19504/1	gi|2811640723|emb|OZ185423.1|	93.382	136	9	0	1	136	8695450	8695585	3.48e-47	202	254782	N/A
72_8_1156_2384_19504/1	gi|2968110967|emb|OZ255670.1|	91.176	136	12	0	1	136	4520941	4520806	3.50e-42	185	475394	N/A
72_8_1156_2384_19504/1	gi|2968110965|emb|OZ255668.1|	91.176	136	12	0	1	136	35891076	35891211	3.50e-42	185	475394	N/A
72_8_1156_2384_19504/1	gi|2523338357|emb|OX940965.1|	91.176	136	12	0	1	136	31853511	31853646	3.50e-42	185	475003	N/A
72_8_1156_2384_19504/1	gi|2523338349|emb|OX940957.1|	91.176	136	12	0	1	136	37890706	37890841	3.50e-42	185	475003	N/A
72_8_1491_20947_23735/1	gi|3045267147|gb|PX049138.1|	100.000	136	0	0	2	137	104034	103899	3.40e-62	252	3454936	N/A
72_8_1491_20947_23735/1	gi|3045267147|gb|PX049138.1|	100.000	136	0	0	2	137	131400	131535	3.40e-62	252	3454936	N/A
72_8_1491_20947_23735/1	gi|3045267060|gb|PX049137.1|	100.000	136	0	0	2	137	104024	103889	3.40e-62	252	165317	N/A
72_8_1491_20947_23735/1	gi|3045267060|gb|PX049137.1|	100.000	136	0	0	2	137	131393	131528	3.40e-62	252	165317	N/A
72_8_1491_20947_23735/1	gi|3032662704|gb|PQ231107.1|	100.000	136	0	0	2	137	104286	104151	3.40e-62	252	572118	N/A
72_8_1491_20947_23735/1	gi|3032662704|gb|PQ231107.1|	100.000	136	0	0	2	137	131206	131341	3.40e-62	252	572118	N/A
72_8_1491_20947_23735/1	gi|3032662616|gb|PQ231106.1|	100.000	136	0	0	2	137	103803	103668	3.40e-62	252	694377	N/A
72_8_1491_20947_23735/1	gi|3032662616|gb|PQ231106.1|	100.000	136	0	0	2	137	130700	130835	3.40e-62	252	694377	N/A
72_8_1491_20947_23735/1	gi|3032662528|gb|PQ231105.1|	100.000	136	0	0	2	137	103821	103686	3.40e-62	252	694377	N/A
72_8_1491_20947_23735/1	gi|3032662528|gb|PQ231105.1|	100.000	136	0	0	2	137	130716	130851	3.40e-62	252	694377	N/A
72_8_2238_12402_24967/1	gi|3048443377|emb|OZ306171.1|	100.000	136	0	0	2	137	103326	103191	3.40e-62	252	481118	N/A
72_8_2238_12402_24967/1	gi|3048443377|emb|OZ306171.1|	100.000	136	0	0	2	137	130415	130550	3.40e-62	252	481118	N/A
72_8_2238_12402_24967/1	gi|3048443334|emb|OZ306286.1|	100.000	136	0	0	2	137	66578334	66578199	3.40e-62	252	78511	N/A
72_8_2238_12402_24967/1	gi|3048264046|emb|OZ297787.1|	100.000	136	0	0	2	137	107704	107569	3.40e-62	252	55318	N/A
72_8_2238_12402_24967/1	gi|3048264046|emb|OZ297787.1|	100.000	136	0	0	2	137	136097	136232	3.40e-62	252	55318	N/A
72_8_2238_12402_24967/1	gi|3048228106|emb|OZ297184.1|	100.000	136	0	0	2	137	108404	108269	3.40e-62	252	397083	N/A
72_8_2238_12402_24967/1	gi|3048228106|emb|OZ297184.1|	100.000	136	0	0	2	137	136875	137010	3.40e-62	252	397083	N/A
72_8_2238_12402_24967/1	gi|3048195103|emb|OZ297140.1|	100.000	136	0	0	2	137	105960	105825	3.40e-62	252	59297	N/A
72_8_2238_12402_24967/1	gi|3048195103|emb|OZ297140.1|	100.000	136	0	0	2	137	132604	132739	3.40e-62	252	59297	N/A
72_8_1368_12701_14391/1	gi|2701784733|gb|OR911481.1|	100.000	136	0	0	2	137	33013	32878	3.40e-62	252	39414	N/A
72_8_1368_12701_14391/1	gi|2328376401|ref|NC_068049.1|	100.000	136	0	0	2	137	32999	32864	3.40e-62	252	39414	N/A
72_8_1368_12701_14391/1	gi|2288448399|gb|ON641301.1|	100.000	136	0	0	2	137	33215	33080	3.40e-62	252	185001	N/A
72_8_1368_12701_14391/1	gi|2050192475|gb|MW877582.1|	100.000	136	0	0	2	137	33012	32877	3.40e-62	252	39414	N/A
72_8_1368_12701_14391/1	gi|2050192381|gb|MW877581.1|	100.000	136	0	0	2	137	33141	33006	3.40e-62	252	185001	N/A
72_8_2264_8987_16591/1	gi|3048443377|emb|OZ306171.1|	100.000	136	0	0	2	137	103326	103191	3.40e-62	252	481118	N/A
72_8_2264_8987_16591/1	gi|3048443377|emb|OZ306171.1|	100.000	136	0	0	2	137	130415	130550	3.40e-62	252	481118	N/A
72_8_2264_8987_16591/1	gi|3048443334|emb|OZ306286.1|	100.000	136	0	0	2	137	66578334	66578199	3.40e-62	252	78511	N/A
72_8_2264_8987_16591/1	gi|3048264046|emb|OZ297787.1|	100.000	136	0	0	2	137	107704	107569	3.40e-62	252	55318	N/A
72_8_2264_8987_16591/1	gi|3048264046|emb|OZ297787.1|	100.000	136	0	0	2	137	136097	136232	3.40e-62	252	55318	N/A
72_8_2264_8987_16591/1	gi|3048228106|emb|OZ297184.1|	100.000	136	0	0	2	137	108404	108269	3.40e-62	252	397083	N/A
72_8_2264_8987_16591/1	gi|3048228106|emb|OZ297184.1|	100.000	136	0	0	2	137	136875	137010	3.40e-62	252	397083	N/A
72_8_2264_8987_16591/1	gi|3048195103|emb|OZ297140.1|	100.000	136	0	0	2	137	105960	105825	3.40e-62	252	59297	N/A
72_8_2264_8987_16591/1	gi|3048195103|emb|OZ297140.1|	100.000	136	0	0	2	137	132604	132739	3.40e-62	252	59297	N/A
72_8_2164_36493_21788/1	gi|2805792360|gb|PQ124709.1|	100.000	60	0	0	2	61	12991	12932	6.03e-20	111	113209	N/A
72_8_2164_36493_21788/1	gi|2805792263|gb|PQ124708.1|	100.000	60	0	0	2	61	12990	12931	6.03e-20	111	197811	N/A
72_8_2164_36493_21788/1	gi|2805792167|gb|PQ124707.1|	100.000	60	0	0	2	61	12990	12931	6.03e-20	111	29818	N/A
72_8_2164_36493_21788/1	gi|2805792070|gb|PQ124706.1|	100.000	60	0	0	2	61	13030	12971	6.03e-20	111	197796	N/A
72_8_2164_36493_21788/1	gi|2724828596|ref|NC_088481.1|	100.000	60	0	0	2	61	12996	12937	6.03e-20	111	113209	N/A
72_8_2495_36582_11632/1	gi|2548644638|gb|CP113431.1|	92.647	136	10	0	2	137	912967	912832	1.62e-45	196	2996826	N/A
72_8_2495_36582_11632/1	gi|2221858821|gb|CP095078.1|	94.215	121	7	0	2	122	2004242	2004122	3.50e-42	185	2931390	N/A
72_8_2495_36582_11632/1	gi|1817480961|gb|CP049257.1|	91.603	131	11	0	2	132	250847	250717	4.53e-41	182	2712223	N/A
72_8_2495_36582_11632/1	gi|1877770691|gb|CP059163.1|	91.473	129	11	0	2	130	756969	757097	5.86e-40	178	419476	N/A
72_8_2495_36582_11632/1	gi|1999037722|gb|CP022296.1|	91.339	127	11	0	2	128	3964312	3964438	7.58e-39	174	2017486	N/A
72_8_2408_14862_12556/1	gi|2557643774|emb|OY673254.1|	93.478	46	3	0	90	135	21732	21777	3.68e-07	69.4	2697049	N/A
72_8_2408_14862_12556/1	gi|2463378371|dbj|AP027461.1|	93.478	46	3	0	90	135	1299632	1299677	3.68e-07	69.4	511145	N/A
72_8_2408_14862_12556/1	gi|2463378371|dbj|AP027461.1|	93.478	46	3	0	90	135	1628404	1628359	3.68e-07	69.4	511145	N/A
72_8_2408_14862_12556/1	gi|2557649546|emb|OY678249.1|	97.436	39	1	0	86	124	10396	10434	1.32e-06	67.6	2697049	N/A
72_8_2408_14862_12556/1	gi|685042161|emb|LN590686.1|	92.000	50	1	3	82	129	20813823	20813871	1.32e-06	67.6	7962	N/A
72_8_2408_14862_12556/1	gi|685042161|emb|LN590686.1|	93.023	43	1	2	89	129	12304840	12304798	6.15e-05	62.1	7962	N/A
72_8_2408_14862_12556/1	gi|685042161|emb|LN590686.1|	92.857	42	1	2	90	129	4545831	4545872	2.21e-04	60.2	7962	N/A
72_8_2408_14862_12556/1	gi|685042161|emb|LN590686.1|	92.857	42	1	2	90	129	6380194	6380235	2.21e-04	60.2	7962	N/A
72_8_2408_14862_12556/1	gi|685042161|emb|LN590686.1|	92.857	42	1	2	90	129	17091846	17091887	2.21e-04	60.2	7962	N/A
72_8_2408_14862_12556/1	gi|685042161|emb|LN590686.1|	92.857	42	1	2	90	129	28125760	28125801	2.21e-04	60.2	7962	N/A
72_8_2408_14862_12556/1	gi|685042161|emb|LN590686.1|	92.308	39	1	2	93	129	12436830	12436868	0.010	54.7	7962	N/A
72_8_2408_14862_12556/1	gi|2560271874|emb|OY714649.1|	97.368	38	1	0	86	123	10395	10432	4.76e-06	65.8	2697049	N/A
72_8_2424_23683_25976/1	gi|2701785009|gb|OR911484.1|	100.000	136	0	0	2	137	590	455	3.40e-62	252	197809	N/A
72_8_2424_23683_25976/1	gi|2724827569|ref|NC_088470.1|	100.000	136	0	0	2	137	583	448	3.40e-62	252	2550875	N/A
72_8_2424_23683_25976/1	gi|2666688421|ref|NC_085450.1|	100.000	136	0	0	2	137	538	403	3.40e-62	252	3107745	N/A
72_8_2424_23683_25976/1	gi|2288448399|gb|ON641301.1|	100.000	136	0	0	2	137	592	457	3.40e-62	252	185001	N/A
72_8_2424_23683_25976/1	gi|2050192381|gb|MW877581.1|	100.000	136	0	0	2	137	601	466	3.40e-62	252	185001	N/A
72_8_2412_35667_28932/1	gi|2701784733|gb|OR911481.1|	100.000	111	0	0	2	112	108416	108306	2.69e-48	206	39414	N/A
72_8_2412_35667_28932/1	gi|2328376401|ref|NC_068049.1|	100.000	111	0	0	2	112	108416	108306	2.69e-48	206	39414	N/A
72_8_2412_35667_28932/1	gi|2288448399|gb|ON641301.1|	100.000	111	0	0	2	112	108818	108708	2.69e-48	206	185001	N/A
72_8_2412_35667_28932/1	gi|2050192475|gb|MW877582.1|	100.000	111	0	0	2	112	108510	108400	2.69e-48	206	39414	N/A
72_8_2412_35667_28932/1	gi|2050192381|gb|MW877581.1|	100.000	111	0	0	2	112	108694	108584	2.69e-48	206	185001	N/A
72_8_1383_12847_21844/1	gi|2701785009|gb|OR911484.1|	100.000	136	0	0	2	137	590	455	3.40e-62	252	197809	N/A
72_8_1383_12847_21844/1	gi|2724827569|ref|NC_088470.1|	100.000	136	0	0	2	137	583	448	3.40e-62	252	2550875	N/A
72_8_1383_12847_21844/1	gi|2666688421|ref|NC_085450.1|	100.000	136	0	0	2	137	538	403	3.40e-62	252	3107745	N/A
72_8_1383_12847_21844/1	gi|2288448399|gb|ON641301.1|	100.000	136	0	0	2	137	592	457	3.40e-62	252	185001	N/A
72_8_1383_12847_21844/1	gi|2050192381|gb|MW877581.1|	100.000	136	0	0	2	137	601	466	3.40e-62	252	185001	N/A
72_8_2383_21336_7766/1	gi|3048443377|emb|OZ306171.1|	99.265	136	1	0	2	137	103326	103191	1.58e-60	246	481118	N/A
72_8_2383_21336_7766/1	gi|3048443377|emb|OZ306171.1|	99.265	136	1	0	2	137	130415	130550	1.58e-60	246	481118	N/A
72_8_2383_21336_7766/1	gi|3048443334|emb|OZ306286.1|	99.265	136	1	0	2	137	66578334	66578199	1.58e-60	246	78511	N/A
72_8_2383_21336_7766/1	gi|3048264046|emb|OZ297787.1|	99.265	136	1	0	2	137	107704	107569	1.58e-60	246	55318	N/A
72_8_2383_21336_7766/1	gi|3048264046|emb|OZ297787.1|	99.265	136	1	0	2	137	136097	136232	1.58e-60	246	55318	N/A
72_8_2383_21336_7766/1	gi|3048228106|emb|OZ297184.1|	99.265	136	1	0	2	137	108404	108269	1.58e-60	246	397083	N/A
72_8_2383_21336_7766/1	gi|3048228106|emb|OZ297184.1|	99.265	136	1	0	2	137	136875	137010	1.58e-60	246	397083	N/A
72_8_2383_21336_7766/1	gi|3048195103|emb|OZ297140.1|	99.265	136	1	0	2	137	105960	105825	1.58e-60	246	59297	N/A
72_8_2383_21336_7766/1	gi|3048195103|emb|OZ297140.1|	99.265	136	1	0	2	137	132604	132739	1.58e-60	246	59297	N/A
72_8_2286_31135_18846/1	gi|3045267147|gb|PX049138.1|	100.000	136	0	0	2	137	104034	103899	3.40e-62	252	3454936	N/A
72_8_2286_31135_18846/1	gi|3045267147|gb|PX049138.1|	100.000	136	0	0	2	137	131400	131535	3.40e-62	252	3454936	N/A
72_8_2286_31135_18846/1	gi|3045267060|gb|PX049137.1|	100.000	136	0	0	2	137	104024	103889	3.40e-62	252	165317	N/A
72_8_2286_31135_18846/1	gi|3045267060|gb|PX049137.1|	100.000	136	0	0	2	137	131393	131528	3.40e-62	252	165317	N/A
72_8_2286_31135_18846/1	gi|3032662704|gb|PQ231107.1|	100.000	136	0	0	2	137	104286	104151	3.40e-62	252	572118	N/A
72_8_2286_31135_18846/1	gi|3032662704|gb|PQ231107.1|	100.000	136	0	0	2	137	131206	131341	3.40e-62	252	572118	N/A
72_8_2286_31135_18846/1	gi|3032662616|gb|PQ231106.1|	100.000	136	0	0	2	137	103803	103668	3.40e-62	252	694377	N/A
72_8_2286_31135_18846/1	gi|3032662616|gb|PQ231106.1|	100.000	136	0	0	2	137	130700	130835	3.40e-62	252	694377	N/A
72_8_2286_31135_18846/1	gi|3032662528|gb|PQ231105.1|	100.000	136	0	0	2	137	103821	103686	3.40e-62	252	694377	N/A
72_8_2286_31135_18846/1	gi|3032662528|gb|PQ231105.1|	100.000	136	0	0	2	137	130716	130851	3.40e-62	252	694377	N/A
72_8_2137_51350_11870/1	gi|3045811490|gb|PX133153.1|	98.529	136	2	0	2	137	61802	61937	7.37e-59	241	691774	N/A
72_8_2137_51350_11870/1	gi|3045811376|gb|PX133145.1|	98.529	136	2	0	2	137	51472	51337	7.37e-59	241	41911	N/A
72_8_2137_51350_11870/1	gi|3045267147|gb|PX049138.1|	98.529	136	2	0	2	137	83614	83749	7.37e-59	241	3454936	N/A
72_8_2137_51350_11870/1	gi|3045267147|gb|PX049138.1|	98.529	136	2	0	2	137	151820	151685	7.37e-59	241	3454936	N/A
72_8_2137_51350_11870/1	gi|3045267060|gb|PX049137.1|	98.529	136	2	0	2	137	83610	83745	7.37e-59	241	165317	N/A
72_8_2137_51350_11870/1	gi|3045267060|gb|PX049137.1|	98.529	136	2	0	2	137	151807	151672	7.37e-59	241	165317	N/A
72_8_2137_51350_11870/1	gi|3032662616|gb|PQ231106.1|	98.529	136	2	0	2	137	83270	83405	7.37e-59	241	694377	N/A
72_8_2137_51350_11870/1	gi|3032662616|gb|PQ231106.1|	98.529	136	2	0	2	137	151233	151098	7.37e-59	241	694377	N/A
72_8_2275_40207_12949/1	gi|3045267147|gb|PX049138.1|	100.000	136	0	0	2	137	104034	103899	3.40e-62	252	3454936	N/A
72_8_2275_40207_12949/1	gi|3045267147|gb|PX049138.1|	100.000	136	0	0	2	137	131400	131535	3.40e-62	252	3454936	N/A
72_8_2275_40207_12949/1	gi|3045267060|gb|PX049137.1|	100.000	136	0	0	2	137	104024	103889	3.40e-62	252	165317	N/A
72_8_2275_40207_12949/1	gi|3045267060|gb|PX049137.1|	100.000	136	0	0	2	137	131393	131528	3.40e-62	252	165317	N/A
72_8_2275_40207_12949/1	gi|3032662704|gb|PQ231107.1|	100.000	136	0	0	2	137	104286	104151	3.40e-62	252	572118	N/A
72_8_2275_40207_12949/1	gi|3032662704|gb|PQ231107.1|	100.000	136	0	0	2	137	131206	131341	3.40e-62	252	572118	N/A
72_8_2275_40207_12949/1	gi|3032662616|gb|PQ231106.1|	100.000	136	0	0	2	137	103803	103668	3.40e-62	252	694377	N/A
72_8_2275_40207_12949/1	gi|3032662616|gb|PQ231106.1|	100.000	136	0	0	2	137	130700	130835	3.40e-62	252	694377	N/A
72_8_2275_40207_12949/1	gi|3032662528|gb|PQ231105.1|	100.000	136	0	0	2	137	103821	103686	3.40e-62	252	694377	N/A
72_8_2275_40207_12949/1	gi|3032662528|gb|PQ231105.1|	100.000	136	0	0	2	137	130716	130851	3.40e-62	252	694377	N/A
72_8_2489_44431_18916/1	gi|1943741857|gb|CP065856.1|	82.353	68	12	0	3	70	1596055	1595988	2.21e-04	60.2	1198301	N/A
72_8_2371_41081_19953/1	gi|3048443377|emb|OZ306171.1|	100.000	136	0	0	2	137	103326	103191	3.40e-62	252	481118	N/A
72_8_2371_41081_19953/1	gi|3048443377|emb|OZ306171.1|	100.000	136	0	0	2	137	130415	130550	3.40e-62	252	481118	N/A
72_8_2371_41081_19953/1	gi|3048443334|emb|OZ306286.1|	100.000	136	0	0	2	137	66578334	66578199	3.40e-62	252	78511	N/A
72_8_2371_41081_19953/1	gi|3048264046|emb|OZ297787.1|	100.000	136	0	0	2	137	107704	107569	3.40e-62	252	55318	N/A
72_8_2371_41081_19953/1	gi|3048264046|emb|OZ297787.1|	100.000	136	0	0	2	137	136097	136232	3.40e-62	252	55318	N/A
72_8_2371_41081_19953/1	gi|3048228106|emb|OZ297184.1|	100.000	136	0	0	2	137	108404	108269	3.40e-62	252	397083	N/A
72_8_2371_41081_19953/1	gi|3048228106|emb|OZ297184.1|	100.000	136	0	0	2	137	136875	137010	3.40e-62	252	397083	N/A
72_8_2371_41081_19953/1	gi|3048195103|emb|OZ297140.1|	100.000	136	0	0	2	137	105960	105825	3.40e-62	252	59297	N/A
72_8_2371_41081_19953/1	gi|3048195103|emb|OZ297140.1|	100.000	136	0	0	2	137	132604	132739	3.40e-62	252	59297	N/A
72_8_1474_12564_25948/1	gi|685042178|emb|LN590703.1|	100.000	37	0	0	101	137	1057729	1057765	3.68e-07	69.4	7962	N/A
72_8_1474_12564_25948/1	gi|685042178|emb|LN590703.1|	100.000	31	0	0	107	137	7304702	7304672	7.96e-04	58.4	7962	N/A
72_8_1474_12564_25948/1	gi|685042178|emb|LN590703.1|	100.000	31	0	0	107	137	12952801	12952831	7.96e-04	58.4	7962	N/A
72_8_1474_12564_25948/1	gi|685042178|emb|LN590703.1|	100.000	31	0	0	107	137	13166504	13166534	7.96e-04	58.4	7962	N/A
72_8_1474_12564_25948/1	gi|685042178|emb|LN590703.1|	100.000	31	0	0	107	137	17684505	17684475	7.96e-04	58.4	7962	N/A
72_8_1474_12564_25948/1	gi|2047108924|ref|NC_055577.1|	97.368	38	1	0	100	137	43	6	4.76e-06	65.8	2607629	N/A
72_8_1474_12564_25948/1	gi|2710394916|tpg|BK066886.1|	100.000	34	0	0	104	137	29311	29344	1.71e-05	63.9	3116700	N/A
72_8_1474_12564_25948/1	gi|2560271083|emb|OY714119.1|	100.000	34	0	0	104	137	4298	4331	1.71e-05	63.9	2697049	N/A
72_8_1474_12564_25948/1	gi|2557638192|emb|OY694677.1|	100.000	34	0	0	104	137	4298	4331	1.71e-05	63.9	2697049	N/A
72_8_2480_2861_19546/1	gi|3048443377|emb|OZ306171.1|	100.000	136	0	0	2	137	103326	103191	3.40e-62	252	481118	N/A
72_8_2480_2861_19546/1	gi|3048443377|emb|OZ306171.1|	100.000	136	0	0	2	137	130415	130550	3.40e-62	252	481118	N/A
72_8_2480_2861_19546/1	gi|3048443334|emb|OZ306286.1|	100.000	136	0	0	2	137	66578334	66578199	3.40e-62	252	78511	N/A
72_8_2480_2861_19546/1	gi|3048264046|emb|OZ297787.1|	100.000	136	0	0	2	137	107704	107569	3.40e-62	252	55318	N/A
72_8_2480_2861_19546/1	gi|3048264046|emb|OZ297787.1|	100.000	136	0	0	2	137	136097	136232	3.40e-62	252	55318	N/A
72_8_2480_2861_19546/1	gi|3048228106|emb|OZ297184.1|	100.000	136	0	0	2	137	108404	108269	3.40e-62	252	397083	N/A
72_8_2480_2861_19546/1	gi|3048228106|emb|OZ297184.1|	100.000	136	0	0	2	137	136875	137010	3.40e-62	252	397083	N/A
72_8_2480_2861_19546/1	gi|3048195103|emb|OZ297140.1|	100.000	136	0	0	2	137	105960	105825	3.40e-62	252	59297	N/A
72_8_2480_2861_19546/1	gi|3048195103|emb|OZ297140.1|	100.000	136	0	0	2	137	132604	132739	3.40e-62	252	59297	N/A
72_8_2281_42189_2849/1	gi|2978724457|gb|PV611058.1|	91.667	72	2	3	69	137	295321	295391	1.69e-15	97.1	3421660	N/A
72_8_2281_42189_2849/1	gi|2978724457|gb|PV611058.1|	91.667	60	1	3	69	125	295784	295842	1.70e-10	80.5	3421660	N/A
72_8_2281_42189_2849/1	gi|685044439|emb|LN592964.1|	95.833	48	0	2	63	108	179349	179302	2.20e-09	76.8	7962	N/A
72_8_2281_42189_2849/1	gi|685042148|emb|LN590673.1|	95.833	48	0	2	63	108	9009491	9009538	2.20e-09	76.8	7962	N/A
72_8_2281_42189_2849/1	gi|685042148|emb|LN590673.1|	95.556	45	0	2	66	108	8955770	8955814	1.02e-07	71.3	7962	N/A
72_8_2281_42189_2849/1	gi|685042148|emb|LN590673.1|	93.182	44	2	1	63	105	9322680	9322723	1.71e-05	63.9	7962	N/A
72_8_2281_42189_2849/1	gi|2557643774|emb|OY673254.1|	95.652	46	2	0	69	114	21732	21777	7.91e-09	75.0	2697049	N/A
72_8_2281_42189_2849/1	gi|2463378371|dbj|AP027461.1|	95.652	46	2	0	69	114	1299632	1299677	7.91e-09	75.0	511145	N/A
72_8_2281_42189_2849/1	gi|2463378371|dbj|AP027461.1|	95.652	46	2	0	69	114	1628404	1628359	7.91e-09	75.0	511145	N/A
72_8_2337_47037_1126/1	gi|3045267147|gb|PX049138.1|	99.265	136	1	0	2	137	104034	103899	1.58e-60	246	3454936	N/A
72_8_2337_47037_1126/1	gi|3045267147|gb|PX049138.1|	99.265	136	1	0	2	137	131400	131535	1.58e-60	246	3454936	N/A
72_8_2337_47037_1126/1	gi|3045267060|gb|PX049137.1|	99.265	136	1	0	2	137	104024	103889	1.58e-60	246	165317	N/A
72_8_2337_47037_1126/1	gi|3045267060|gb|PX049137.1|	99.265	136	1	0	2	137	131393	131528	1.58e-60	246	165317	N/A
72_8_2337_47037_1126/1	gi|3032662704|gb|PQ231107.1|	99.265	136	1	0	2	137	104286	104151	1.58e-60	246	572118	N/A
72_8_2337_47037_1126/1	gi|3032662704|gb|PQ231107.1|	99.265	136	1	0	2	137	131206	131341	1.58e-60	246	572118	N/A
72_8_2337_47037_1126/1	gi|3032662616|gb|PQ231106.1|	99.265	136	1	0	2	137	103803	103668	1.58e-60	246	694377	N/A
72_8_2337_47037_1126/1	gi|3032662616|gb|PQ231106.1|	99.265	136	1	0	2	137	130700	130835	1.58e-60	246	694377	N/A
72_8_2337_47037_1126/1	gi|3032662528|gb|PQ231105.1|	99.265	136	1	0	2	137	103821	103686	1.58e-60	246	694377	N/A
72_8_2337_47037_1126/1	gi|3032662528|gb|PQ231105.1|	99.265	136	1	0	2	137	130716	130851	1.58e-60	246	694377	N/A
72_8_2101_9586_23118/1	gi|3048443377|emb|OZ306171.1|	100.000	136	0	0	2	137	103326	103191	3.40e-62	252	481118	N/A
72_8_2101_9586_23118/1	gi|3048443377|emb|OZ306171.1|	100.000	136	0	0	2	137	130415	130550	3.40e-62	252	481118	N/A
72_8_2101_9586_23118/1	gi|3048443334|emb|OZ306286.1|	100.000	136	0	0	2	137	66578334	66578199	3.40e-62	252	78511	N/A
72_8_2101_9586_23118/1	gi|3048264046|emb|OZ297787.1|	100.000	136	0	0	2	137	107704	107569	3.40e-62	252	55318	N/A
72_8_2101_9586_23118/1	gi|3048264046|emb|OZ297787.1|	100.000	136	0	0	2	137	136097	136232	3.40e-62	252	55318	N/A
72_8_2101_9586_23118/1	gi|3048228106|emb|OZ297184.1|	100.000	136	0	0	2	137	108404	108269	3.40e-62	252	397083	N/A
72_8_2101_9586_23118/1	gi|3048228106|emb|OZ297184.1|	100.000	136	0	0	2	137	136875	137010	3.40e-62	252	397083	N/A
72_8_2101_9586_23118/1	gi|3048195103|emb|OZ297140.1|	100.000	136	0	0	2	137	105960	105825	3.40e-62	252	59297	N/A
72_8_2101_9586_23118/1	gi|3048195103|emb|OZ297140.1|	100.000	136	0	0	2	137	132604	132739	3.40e-62	252	59297	N/A
72_8_2122_13235_17165/1	gi|3035378521|emb|OZ295865.1|	100.000	29	0	0	90	118	261932	261960	0.010	54.7	35896	N/A
72_8_2122_13235_17165/1	gi|2622072132|emb|OY787637.1|	96.875	32	1	0	90	121	304791	304760	0.010	54.7	29786	N/A
72_8_2122_13235_17165/1	gi|3063672918|ref|XM_077067667.1|	100.000	28	0	0	95	122	60	33	0.037	52.8	980011	N/A
72_8_2122_13235_17165/1	gi|3063639125|ref|XM_077051904.1|	100.000	28	0	0	95	122	60	33	0.037	52.8	980011	N/A
72_8_2122_13235_17165/1	gi|2645326252|emb|OY992777.1|	100.000	28	0	0	95	122	4508840	4508813	0.037	52.8	702255	N/A
72_8_1270_16149_1868/1	gi|2837319802|gb|CP171449.1|	83.784	74	12	0	2	75	3573820	3573747	1.02e-07	71.3	69963	N/A
72_8_1443_29930_21886/1	gi|3045267147|gb|PX049138.1|	100.000	136	0	0	2	137	104034	103899	3.40e-62	252	3454936	N/A
72_8_1443_29930_21886/1	gi|3045267147|gb|PX049138.1|	100.000	136	0	0	2	137	131400	131535	3.40e-62	252	3454936	N/A
72_8_1443_29930_21886/1	gi|3045267060|gb|PX049137.1|	100.000	136	0	0	2	137	104024	103889	3.40e-62	252	165317	N/A
72_8_1443_29930_21886/1	gi|3045267060|gb|PX049137.1|	100.000	136	0	0	2	137	131393	131528	3.40e-62	252	165317	N/A
72_8_1443_29930_21886/1	gi|3032662704|gb|PQ231107.1|	100.000	136	0	0	2	137	104286	104151	3.40e-62	252	572118	N/A
72_8_1443_29930_21886/1	gi|3032662704|gb|PQ231107.1|	100.000	136	0	0	2	137	131206	131341	3.40e-62	252	572118	N/A
72_8_1443_29930_21886/1	gi|3032662616|gb|PQ231106.1|	100.000	136	0	0	2	137	103803	103668	3.40e-62	252	694377	N/A
72_8_1443_29930_21886/1	gi|3032662616|gb|PQ231106.1|	100.000	136	0	0	2	137	130700	130835	3.40e-62	252	694377	N/A
72_8_1443_29930_21886/1	gi|3032662528|gb|PQ231105.1|	100.000	136	0	0	2	137	103821	103686	3.40e-62	252	694377	N/A
72_8_1443_29930_21886/1	gi|3032662528|gb|PQ231105.1|	100.000	136	0	0	2	137	130716	130851	3.40e-62	252	694377	N/A
72_8_1338_11423_9153/1	gi|3048443377|emb|OZ306171.1|	100.000	136	0	0	2	137	103326	103191	3.40e-62	252	481118	N/A
72_8_1338_11423_9153/1	gi|3048443377|emb|OZ306171.1|	100.000	136	0	0	2	137	130415	130550	3.40e-62	252	481118	N/A
72_8_1338_11423_9153/1	gi|3048443334|emb|OZ306286.1|	100.000	136	0	0	2	137	66578334	66578199	3.40e-62	252	78511	N/A
72_8_1338_11423_9153/1	gi|3048264046|emb|OZ297787.1|	100.000	136	0	0	2	137	107704	107569	3.40e-62	252	55318	N/A
72_8_1338_11423_9153/1	gi|3048264046|emb|OZ297787.1|	100.000	136	0	0	2	137	136097	136232	3.40e-62	252	55318	N/A
72_8_1338_11423_9153/1	gi|3048228106|emb|OZ297184.1|	100.000	136	0	0	2	137	108404	108269	3.40e-62	252	397083	N/A
72_8_1338_11423_9153/1	gi|3048228106|emb|OZ297184.1|	100.000	136	0	0	2	137	136875	137010	3.40e-62	252	397083	N/A
72_8_1338_11423_9153/1	gi|3048195103|emb|OZ297140.1|	100.000	136	0	0	2	137	105960	105825	3.40e-62	252	59297	N/A
72_8_1338_11423_9153/1	gi|3048195103|emb|OZ297140.1|	100.000	136	0	0	2	137	132604	132739	3.40e-62	252	59297	N/A
72_8_2331_23691_15232/1	gi|3048443377|emb|OZ306171.1|	100.000	136	0	0	2	137	103326	103191	3.40e-62	252	481118	N/A
72_8_2331_23691_15232/1	gi|3048443377|emb|OZ306171.1|	100.000	136	0	0	2	137	130415	130550	3.40e-62	252	481118	N/A
72_8_2331_23691_15232/1	gi|3048443334|emb|OZ306286.1|	100.000	136	0	0	2	137	66578334	66578199	3.40e-62	252	78511	N/A
72_8_2331_23691_15232/1	gi|3048264046|emb|OZ297787.1|	100.000	136	0	0	2	137	107704	107569	3.40e-62	252	55318	N/A
72_8_2331_23691_15232/1	gi|3048264046|emb|OZ297787.1|	100.000	136	0	0	2	137	136097	136232	3.40e-62	252	55318	N/A
72_8_2331_23691_15232/1	gi|3048228106|emb|OZ297184.1|	100.000	136	0	0	2	137	108404	108269	3.40e-62	252	397083	N/A
72_8_2331_23691_15232/1	gi|3048228106|emb|OZ297184.1|	100.000	136	0	0	2	137	136875	137010	3.40e-62	252	397083	N/A
72_8_2331_23691_15232/1	gi|3048195103|emb|OZ297140.1|	100.000	136	0	0	2	137	105960	105825	3.40e-62	252	59297	N/A
72_8_2331_23691_15232/1	gi|3048195103|emb|OZ297140.1|	100.000	136	0	0	2	137	132604	132739	3.40e-62	252	59297	N/A
72_8_2344_27300_4390/1	gi|2701784733|gb|OR911481.1|	100.000	136	0	0	2	137	33013	32878	3.40e-62	252	39414	N/A
72_8_2344_27300_4390/1	gi|2328376401|ref|NC_068049.1|	100.000	136	0	0	2	137	32999	32864	3.40e-62	252	39414	N/A
72_8_2344_27300_4390/1	gi|2288448399|gb|ON641301.1|	100.000	136	0	0	2	137	33215	33080	3.40e-62	252	185001	N/A
72_8_2344_27300_4390/1	gi|2050192475|gb|MW877582.1|	100.000	136	0	0	2	137	33012	32877	3.40e-62	252	39414	N/A
72_8_2344_27300_4390/1	gi|2050192381|gb|MW877581.1|	100.000	136	0	0	2	137	33141	33006	3.40e-62	252	185001	N/A
72_8_1296_20462_3535/1	gi|3048443377|emb|OZ306171.1|	100.000	136	0	0	2	137	103326	103191	3.40e-62	252	481118	N/A
72_8_1296_20462_3535/1	gi|3048443377|emb|OZ306171.1|	100.000	136	0	0	2	137	130415	130550	3.40e-62	252	481118	N/A
72_8_1296_20462_3535/1	gi|3048443334|emb|OZ306286.1|	100.000	136	0	0	2	137	66578334	66578199	3.40e-62	252	78511	N/A
72_8_1296_20462_3535/1	gi|3048264046|emb|OZ297787.1|	100.000	136	0	0	2	137	107704	107569	3.40e-62	252	55318	N/A
72_8_1296_20462_3535/1	gi|3048264046|emb|OZ297787.1|	100.000	136	0	0	2	137	136097	136232	3.40e-62	252	55318	N/A
72_8_1296_20462_3535/1	gi|3048228106|emb|OZ297184.1|	100.000	136	0	0	2	137	108404	108269	3.40e-62	252	397083	N/A
72_8_1296_20462_3535/1	gi|3048228106|emb|OZ297184.1|	100.000	136	0	0	2	137	136875	137010	3.40e-62	252	397083	N/A
72_8_1296_20462_3535/1	gi|3048195103|emb|OZ297140.1|	100.000	136	0	0	2	137	105960	105825	3.40e-62	252	59297	N/A
72_8_1296_20462_3535/1	gi|3048195103|emb|OZ297140.1|	100.000	136	0	0	2	137	132604	132739	3.40e-62	252	59297	N/A
72_8_1134_28020_19112/1	gi|2978724457|gb|PV611058.1|	92.222	90	3	3	51	137	295321	295409	7.74e-24	124	3421660	N/A
72_8_1134_28020_19112/1	gi|2978724457|gb|PV611058.1|	91.667	60	1	3	51	107	295784	295842	1.70e-10	80.5	3421660	N/A
72_8_1134_28020_19112/1	gi|2830983252|gb|CP170844.1|	83.871	93	9	2	51	137	4083423	4083331	1.31e-11	84.2	573	N/A
72_8_1134_28020_19112/1	gi|2557643774|emb|OY673254.1|	95.652	46	2	0	51	96	21732	21777	7.91e-09	75.0	2697049	N/A
72_8_1134_28020_19112/1	gi|2463378371|dbj|AP027461.1|	93.878	49	3	0	48	96	1299629	1299677	7.91e-09	75.0	511145	N/A
72_8_1134_28020_19112/1	gi|2463378371|dbj|AP027461.1|	95.652	46	2	0	51	96	1628404	1628359	7.91e-09	75.0	511145	N/A
72_8_1134_28020_19112/1	gi|685049067|emb|LN597579.1|	100.000	40	0	0	46	85	1397	1436	7.91e-09	75.0	7962	N/A
72_8_2318_15833_15442/1	gi|2701785471|gb|OR911489.1|	100.000	136	0	0	2	137	1006	871	3.40e-62	252	185002	N/A
72_8_2318_15833_15442/1	gi|2701784733|gb|OR911481.1|	100.000	136	0	0	2	137	950	815	3.40e-62	252	39414	N/A
72_8_2318_15833_15442/1	gi|2288448399|gb|ON641301.1|	100.000	136	0	0	2	137	961	826	3.40e-62	252	185001	N/A
72_8_2318_15833_15442/1	gi|2050192570|gb|MW877583.1|	100.000	136	0	0	2	137	1007	872	3.40e-62	252	185002	N/A
72_8_2318_15833_15442/1	gi|2050192475|gb|MW877582.1|	100.000	136	0	0	2	137	950	815	3.40e-62	252	39414	N/A
72_8_1258_22493_1084/1	gi|685042185|emb|LN590710.1|	97.143	35	1	0	103	137	9162081	9162115	2.21e-04	60.2	7962	N/A
72_8_1258_22493_1084/1	gi|685049785|emb|LN598297.1|	100.000	31	0	0	107	137	83359	83329	7.96e-04	58.4	7962	N/A
72_8_1258_22493_1084/1	gi|685046718|emb|LN595243.1|	100.000	31	0	0	107	137	104398	104428	7.96e-04	58.4	7962	N/A
72_8_1258_22493_1084/1	gi|2557636725|emb|OY693138.1|	100.000	30	0	0	108	137	23675	23704	0.003	56.5	2697049	N/A
72_8_1258_22493_1084/1	gi|1241299067|gb|KY965816.2|	100.000	27	0	0	111	137	104359	104385	0.13	51.0	149440	N/A
72_8_1387_31208_2079/1	gi|2907547204|emb|OZ222328.1|	100.000	28	0	0	6	33	7828904	7828877	0.037	52.8	179646	N/A
72_8_1387_31208_2079/1	gi|2907547204|emb|OZ222328.1|	100.000	28	0	0	6	33	7829124	7829097	0.037	52.8	179646	N/A
72_8_1387_31208_2079/1	gi|2907547204|emb|OZ222328.1|	100.000	28	0	0	6	33	7829574	7829547	0.037	52.8	179646	N/A
72_8_1387_31208_2079/1	gi|2907547204|emb|OZ222328.1|	100.000	28	0	0	6	33	7834996	7834969	0.037	52.8	179646	N/A
72_8_1387_31208_2079/1	gi|2907547204|emb|OZ222328.1|	100.000	28	0	0	6	33	7842322	7842295	0.037	52.8	179646	N/A
72_8_2249_12240_5805/1	gi|2805792360|gb|PQ124709.1|	100.000	136	0	0	2	137	954	1089	3.40e-62	252	113209	N/A
72_8_2249_12240_5805/1	gi|2805792263|gb|PQ124708.1|	100.000	136	0	0	2	137	946	1081	3.40e-62	252	197811	N/A
72_8_2249_12240_5805/1	gi|2805792167|gb|PQ124707.1|	100.000	136	0	0	2	137	946	1081	3.40e-62	252	29818	N/A
72_8_2249_12240_5805/1	gi|2781957557|emb|OZ125092.1|	100.000	136	0	0	2	137	1256	1391	3.40e-62	252	46032	N/A
72_8_2249_12240_5805/1	gi|2781957553|emb|OZ125088.1|	100.000	136	0	0	2	137	33808522	33808657	3.40e-62	252	46032	N/A
72_8_2249_12240_5805/1	gi|2781957553|emb|OZ125088.1|	90.840	131	12	0	1	131	11796695	11796825	2.11e-39	176	46032	N/A
72_8_1373_48599_1308/1	gi|3045267147|gb|PX049138.1|	100.000	136	0	0	2	137	104034	103899	3.40e-62	252	3454936	N/A
72_8_1373_48599_1308/1	gi|3045267147|gb|PX049138.1|	100.000	136	0	0	2	137	131400	131535	3.40e-62	252	3454936	N/A
72_8_1373_48599_1308/1	gi|3045267060|gb|PX049137.1|	100.000	136	0	0	2	137	104024	103889	3.40e-62	252	165317	N/A
72_8_1373_48599_1308/1	gi|3045267060|gb|PX049137.1|	100.000	136	0	0	2	137	131393	131528	3.40e-62	252	165317	N/A
72_8_1373_48599_1308/1	gi|3032662704|gb|PQ231107.1|	100.000	136	0	0	2	137	104286	104151	3.40e-62	252	572118	N/A
72_8_1373_48599_1308/1	gi|3032662704|gb|PQ231107.1|	100.000	136	0	0	2	137	131206	131341	3.40e-62	252	572118	N/A
72_8_1373_48599_1308/1	gi|3032662616|gb|PQ231106.1|	100.000	136	0	0	2	137	103803	103668	3.40e-62	252	694377	N/A
72_8_1373_48599_1308/1	gi|3032662616|gb|PQ231106.1|	100.000	136	0	0	2	137	130700	130835	3.40e-62	252	694377	N/A
72_8_1373_48599_1308/1	gi|3032662528|gb|PQ231105.1|	100.000	136	0	0	2	137	103821	103686	3.40e-62	252	694377	N/A
72_8_1373_48599_1308/1	gi|3032662528|gb|PQ231105.1|	100.000	136	0	0	2	137	130716	130851	3.40e-62	252	694377	N/A
72_8_1312_48259_25402/1	gi|685043901|emb|LN592426.1|	94.118	51	0	3	84	132	375099	375148	7.91e-09	75.0	7962	N/A
72_8_1312_48259_25402/1	gi|2557643774|emb|OY673254.1|	95.556	45	2	0	93	137	21732	21776	2.84e-08	73.1	2697049	N/A
72_8_1312_48259_25402/1	gi|2463378371|dbj|AP027461.1|	95.556	45	2	0	93	137	1299632	1299676	2.84e-08	73.1	511145	N/A
72_8_1312_48259_25402/1	gi|2463378371|dbj|AP027461.1|	95.556	45	2	0	93	137	1628404	1628360	2.84e-08	73.1	511145	N/A
72_8_1312_48259_25402/1	gi|685046063|emb|LN594588.1|	95.652	46	0	2	89	132	121372	121417	2.84e-08	73.1	7962	N/A
72_8_1312_48259_25402/1	gi|685042443|emb|LN590968.1|	87.143	70	2	6	66	132	319444	319379	2.84e-08	73.1	7962	N/A
72_8_2358_32722_3129/1	gi|2805792360|gb|PQ124709.1|	100.000	129	0	0	2	130	97766	97638	2.65e-58	239	113209	N/A
72_8_2358_32722_3129/1	gi|2805792360|gb|PQ124709.1|	100.000	129	0	0	2	130	149968	150096	2.65e-58	239	113209	N/A
72_8_2358_32722_3129/1	gi|2805792263|gb|PQ124708.1|	100.000	129	0	0	2	130	97884	97756	2.65e-58	239	197811	N/A
72_8_2358_32722_3129/1	gi|2805792263|gb|PQ124708.1|	100.000	129	0	0	2	130	150122	150250	2.65e-58	239	197811	N/A
72_8_2358_32722_3129/1	gi|2805792167|gb|PQ124707.1|	100.000	129	0	0	2	130	97884	97756	2.65e-58	239	29818	N/A
72_8_2358_32722_3129/1	gi|2805792167|gb|PQ124707.1|	100.000	129	0	0	2	130	150122	150250	2.65e-58	239	29818	N/A
72_8_2358_32722_3129/1	gi|2805792070|gb|PQ124706.1|	100.000	129	0	0	2	130	97909	97781	2.65e-58	239	197796	N/A
72_8_2358_32722_3129/1	gi|2805792070|gb|PQ124706.1|	100.000	129	0	0	2	130	150056	150184	2.65e-58	239	197796	N/A
72_8_2358_32722_3129/1	gi|2724828596|ref|NC_088481.1|	100.000	129	0	0	2	130	97750	97622	2.65e-58	239	113209	N/A
72_8_2358_32722_3129/1	gi|2724828596|ref|NC_088481.1|	100.000	129	0	0	2	130	149957	150085	2.65e-58	239	113209	N/A
72_8_2483_45580_25668/1	gi|3048443377|emb|OZ306171.1|	99.265	136	1	0	2	137	103326	103191	1.58e-60	246	481118	N/A
72_8_2483_45580_25668/1	gi|3048443377|emb|OZ306171.1|	99.265	136	1	0	2	137	130415	130550	1.58e-60	246	481118	N/A
72_8_2483_45580_25668/1	gi|3048443334|emb|OZ306286.1|	99.265	136	1	0	2	137	66578334	66578199	1.58e-60	246	78511	N/A
72_8_2483_45580_25668/1	gi|3048264046|emb|OZ297787.1|	99.265	136	1	0	2	137	107704	107569	1.58e-60	246	55318	N/A
72_8_2483_45580_25668/1	gi|3048264046|emb|OZ297787.1|	99.265	136	1	0	2	137	136097	136232	1.58e-60	246	55318	N/A
72_8_2483_45580_25668/1	gi|3048228106|emb|OZ297184.1|	99.265	136	1	0	2	137	108404	108269	1.58e-60	246	397083	N/A
72_8_2483_45580_25668/1	gi|3048228106|emb|OZ297184.1|	99.265	136	1	0	2	137	136875	137010	1.58e-60	246	397083	N/A
72_8_2483_45580_25668/1	gi|3048195103|emb|OZ297140.1|	99.265	136	1	0	2	137	105960	105825	1.58e-60	246	59297	N/A
72_8_2483_45580_25668/1	gi|3048195103|emb|OZ297140.1|	99.265	136	1	0	2	137	132604	132739	1.58e-60	246	59297	N/A
72_8_1349_52119_26032/1	gi|2701784733|gb|OR911481.1|	100.000	72	0	0	2	73	16587	16658	1.29e-26	134	39414	N/A
72_8_1349_52119_26032/1	gi|2328376401|ref|NC_068049.1|	100.000	72	0	0	2	73	16578	16649	1.29e-26	134	39414	N/A
72_8_1349_52119_26032/1	gi|2288448399|gb|ON641301.1|	100.000	72	0	0	2	73	16595	16666	1.29e-26	134	185001	N/A
72_8_1349_52119_26032/1	gi|2050192475|gb|MW877582.1|	100.000	72	0	0	2	73	16586	16657	1.29e-26	134	39414	N/A
72_8_1349_52119_26032/1	gi|2050192381|gb|MW877581.1|	100.000	72	0	0	2	73	16528	16599	1.29e-26	134	185001	N/A
72_8_1129_6964_1602/1	gi|2249528541|gb|ON685362.1|	99.265	136	1	0	2	137	2866	2731	1.58e-60	246	185001	N/A
72_8_1129_6964_1602/1	gi|2169218512|gb|OK523422.1|	99.265	136	1	0	2	137	3204	3069	1.58e-60	246	101999	N/A
72_8_1129_6964_1602/1	gi|2169218506|gb|OK523416.1|	99.265	136	1	0	2	137	3202	3067	1.58e-60	246	197809	N/A
72_8_1129_6964_1602/1	gi|2169218505|gb|OK523415.1|	99.265	136	1	0	2	137	3207	3072	1.58e-60	246	185001	N/A
72_8_1129_6964_1602/1	gi|2169218502|gb|OK523412.1|	99.265	136	1	0	2	137	3204	3069	1.58e-60	246	101996	N/A
72_8_1271_16804_20765/1	gi|3048443377|emb|OZ306171.1|	100.000	136	0	0	2	137	103326	103191	3.40e-62	252	481118	N/A
72_8_1271_16804_20765/1	gi|3048443377|emb|OZ306171.1|	100.000	136	0	0	2	137	130415	130550	3.40e-62	252	481118	N/A
72_8_1271_16804_20765/1	gi|3048443334|emb|OZ306286.1|	100.000	136	0	0	2	137	66578334	66578199	3.40e-62	252	78511	N/A
72_8_1271_16804_20765/1	gi|3048264046|emb|OZ297787.1|	100.000	136	0	0	2	137	107704	107569	3.40e-62	252	55318	N/A
72_8_1271_16804_20765/1	gi|3048264046|emb|OZ297787.1|	100.000	136	0	0	2	137	136097	136232	3.40e-62	252	55318	N/A
72_8_1271_16804_20765/1	gi|3048228106|emb|OZ297184.1|	100.000	136	0	0	2	137	108404	108269	3.40e-62	252	397083	N/A
72_8_1271_16804_20765/1	gi|3048228106|emb|OZ297184.1|	100.000	136	0	0	2	137	136875	137010	3.40e-62	252	397083	N/A
72_8_1271_16804_20765/1	gi|3048195103|emb|OZ297140.1|	100.000	136	0	0	2	137	105960	105825	3.40e-62	252	59297	N/A
72_8_1271_16804_20765/1	gi|3048195103|emb|OZ297140.1|	100.000	136	0	0	2	137	132604	132739	3.40e-62	252	59297	N/A
72_8_2275_5046_21816/1	gi|2701784733|gb|OR911481.1|	98.529	136	2	0	2	137	33013	32878	7.37e-59	241	39414	N/A
72_8_2275_5046_21816/1	gi|2328376401|ref|NC_068049.1|	98.529	136	2	0	2	137	32999	32864	7.37e-59	241	39414	N/A
72_8_2275_5046_21816/1	gi|2288448399|gb|ON641301.1|	98.529	136	2	0	2	137	33215	33080	7.37e-59	241	185001	N/A
72_8_2275_5046_21816/1	gi|2050192475|gb|MW877582.1|	98.529	136	2	0	2	137	33012	32877	7.37e-59	241	39414	N/A
72_8_2275_5046_21816/1	gi|2050192381|gb|MW877581.1|	98.529	136	2	0	2	137	33141	33006	7.37e-59	241	185001	N/A
72_8_1118_23683_21409/1	gi|2978724457|gb|PV611058.1|	92.063	63	1	3	76	135	295783	295844	3.65e-12	86.1	3421660	N/A
72_8_1118_23683_21409/1	gi|2978724457|gb|PV611058.1|	91.803	61	1	3	76	133	295320	295379	4.72e-11	82.4	3421660	N/A
72_8_1118_23683_21409/1	gi|2830983252|gb|CP170844.1|	88.889	63	5	1	77	137	4083423	4083361	2.20e-09	76.8	573	N/A
72_8_1118_23683_21409/1	gi|2557643774|emb|OY673254.1|	95.652	46	2	0	77	122	21732	21777	7.91e-09	75.0	2697049	N/A
72_8_1118_23683_21409/1	gi|2557638192|emb|OY694677.1|	94.000	50	1	2	74	122	4298	4346	7.91e-09	75.0	2697049	N/A
72_8_1118_23683_21409/1	gi|2463378371|dbj|AP027461.1|	95.652	46	2	0	77	122	1299632	1299677	7.91e-09	75.0	511145	N/A
72_8_1118_23683_21409/1	gi|2463378371|dbj|AP027461.1|	95.652	46	2	0	77	122	1628404	1628359	7.91e-09	75.0	511145	N/A
72_8_2247_33790_22908/1	gi|2701785009|gb|OR911484.1|	100.000	136	0	0	2	137	590	455	3.40e-62	252	197809	N/A
72_8_2247_33790_22908/1	gi|2724827569|ref|NC_088470.1|	100.000	136	0	0	2	137	583	448	3.40e-62	252	2550875	N/A
72_8_2247_33790_22908/1	gi|2666688421|ref|NC_085450.1|	100.000	136	0	0	2	137	538	403	3.40e-62	252	3107745	N/A
72_8_2247_33790_22908/1	gi|2288448399|gb|ON641301.1|	100.000	136	0	0	2	137	592	457	3.40e-62	252	185001	N/A
72_8_2247_33790_22908/1	gi|2050192381|gb|MW877581.1|	100.000	136	0	0	2	137	601	466	3.40e-62	252	185001	N/A
72_8_2406_3800_21171/1	gi|154158043|gb|CP000781.1|	93.478	46	2	1	16	60	4803118	4803163	1.32e-06	67.6	78245	N/A
72_8_2406_3800_21171/1	gi|2755084441|gb|PP943425.1|	91.837	49	1	3	75	121	67588	67635	4.76e-06	65.8	10258	N/A
72_8_2406_3800_21171/1	gi|685049978|emb|LN598497.1|	91.837	49	0	4	71	116	5651	5604	4.76e-06	65.8	7962	N/A
72_8_2406_3800_21171/1	gi|2924925013|gb|PQ571295.1|	97.368	38	0	1	75	111	226	263	1.71e-05	63.9	3385244	N/A
72_8_2406_3800_21171/1	gi|2830983252|gb|CP170844.1|	86.667	60	5	2	77	133	4083424	4083365	1.71e-05	63.9	573	N/A
72_8_2463_33612_3381/1	gi|3048443377|emb|OZ306171.1|	100.000	136	0	0	2	137	103326	103191	3.40e-62	252	481118	N/A
72_8_2463_33612_3381/1	gi|3048443377|emb|OZ306171.1|	100.000	136	0	0	2	137	130415	130550	3.40e-62	252	481118	N/A
72_8_2463_33612_3381/1	gi|3048443334|emb|OZ306286.1|	100.000	136	0	0	2	137	66578334	66578199	3.40e-62	252	78511	N/A
72_8_2463_33612_3381/1	gi|3048264046|emb|OZ297787.1|	100.000	136	0	0	2	137	107704	107569	3.40e-62	252	55318	N/A
72_8_2463_33612_3381/1	gi|3048264046|emb|OZ297787.1|	100.000	136	0	0	2	137	136097	136232	3.40e-62	252	55318	N/A
72_8_2463_33612_3381/1	gi|3048228106|emb|OZ297184.1|	100.000	136	0	0	2	137	108404	108269	3.40e-62	252	397083	N/A
72_8_2463_33612_3381/1	gi|3048228106|emb|OZ297184.1|	100.000	136	0	0	2	137	136875	137010	3.40e-62	252	397083	N/A
72_8_2463_33612_3381/1	gi|3048195103|emb|OZ297140.1|	100.000	136	0	0	2	137	105960	105825	3.40e-62	252	59297	N/A
72_8_2463_33612_3381/1	gi|3048195103|emb|OZ297140.1|	100.000	136	0	0	2	137	132604	132739	3.40e-62	252	59297	N/A
72_8_2448_22307_23062/1	gi|2724827940|ref|NC_088474.1|	97.794	136	3	0	2	137	16137	16272	3.43e-57	235	1439916	N/A
72_8_2448_22307_23062/1	gi|2701784733|gb|OR911481.1|	97.794	136	3	0	2	137	15917	16052	3.43e-57	235	39414	N/A
72_8_2448_22307_23062/1	gi|2724827759|ref|NC_088472.1|	97.794	136	3	0	2	137	16113	16248	3.43e-57	235	2675945	N/A
72_8_2448_22307_23062/1	gi|2724826836|ref|NC_088462.1|	97.794	136	3	0	2	137	16029	16164	3.43e-57	235	197793	N/A
72_8_2448_22307_23062/1	gi|2328376401|ref|NC_068049.1|	97.794	136	3	0	2	137	15908	16043	3.43e-57	235	39414	N/A
72_8_1226_13049_20373/1	gi|2701784733|gb|OR911481.1|	99.265	136	1	0	2	137	33013	32878	1.58e-60	246	39414	N/A
72_8_1226_13049_20373/1	gi|2328376401|ref|NC_068049.1|	99.265	136	1	0	2	137	32999	32864	1.58e-60	246	39414	N/A
72_8_1226_13049_20373/1	gi|2288448399|gb|ON641301.1|	99.265	136	1	0	2	137	33215	33080	1.58e-60	246	185001	N/A
72_8_1226_13049_20373/1	gi|2050192475|gb|MW877582.1|	99.265	136	1	0	2	137	33012	32877	1.58e-60	246	39414	N/A
72_8_1226_13049_20373/1	gi|2050192381|gb|MW877581.1|	99.265	136	1	0	2	137	33141	33006	1.58e-60	246	185001	N/A
72_8_2144_35740_16563/1	gi|2754040542|dbj|LC790150.2|	100.000	136	0	0	2	137	104292	104157	3.40e-62	252	3029263	N/A
72_8_2144_35740_16563/1	gi|2754040542|dbj|LC790150.2|	100.000	136	0	0	2	137	131212	131347	3.40e-62	252	3029263	N/A
72_8_2144_35740_16563/1	gi|2441553325|gb|OP537260.1|	100.000	136	0	0	2	137	62362	62227	3.40e-62	252	307584	N/A
72_8_2144_35740_16563/1	gi|2281532840|ref|NC_064997.1|	100.000	136	0	0	2	137	85450	85585	3.40e-62	252	307584	N/A
72_8_2144_35740_16563/1	gi|2206974939|ref|NC_061350.1|	100.000	136	0	0	2	137	101577	101442	3.40e-62	252	1858743	N/A
72_8_2144_35740_16563/1	gi|2206974939|ref|NC_061350.1|	100.000	136	0	0	2	137	128317	128452	3.40e-62	252	1858743	N/A
72_8_2144_35740_16563/1	gi|2172612864|ref|NC_059768.1|	100.000	136	0	0	2	137	104264	104129	3.40e-62	252	1041103	N/A
72_8_2144_35740_16563/1	gi|2172612864|ref|NC_059768.1|	100.000	136	0	0	2	137	131207	131342	3.40e-62	252	1041103	N/A
72_8_1190_1655_5973/1	gi|3045267147|gb|PX049138.1|	99.265	136	1	0	2	137	104034	103899	1.58e-60	246	3454936	N/A
72_8_1190_1655_5973/1	gi|3045267147|gb|PX049138.1|	99.265	136	1	0	2	137	131400	131535	1.58e-60	246	3454936	N/A
72_8_1190_1655_5973/1	gi|3045267060|gb|PX049137.1|	99.265	136	1	0	2	137	104024	103889	1.58e-60	246	165317	N/A
72_8_1190_1655_5973/1	gi|3045267060|gb|PX049137.1|	99.265	136	1	0	2	137	131393	131528	1.58e-60	246	165317	N/A
72_8_1190_1655_5973/1	gi|3032662704|gb|PQ231107.1|	99.265	136	1	0	2	137	104286	104151	1.58e-60	246	572118	N/A
72_8_1190_1655_5973/1	gi|3032662704|gb|PQ231107.1|	99.265	136	1	0	2	137	131206	131341	1.58e-60	246	572118	N/A
72_8_1190_1655_5973/1	gi|3032662616|gb|PQ231106.1|	99.265	136	1	0	2	137	103803	103668	1.58e-60	246	694377	N/A
72_8_1190_1655_5973/1	gi|3032662616|gb|PQ231106.1|	99.265	136	1	0	2	137	130700	130835	1.58e-60	246	694377	N/A
72_8_1190_1655_5973/1	gi|3032662528|gb|PQ231105.1|	99.265	136	1	0	2	137	103821	103686	1.58e-60	246	694377	N/A
72_8_1190_1655_5973/1	gi|3032662528|gb|PQ231105.1|	99.265	136	1	0	2	137	130716	130851	1.58e-60	246	694377	N/A
72_8_1344_31605_9293/1	gi|3045267147|gb|PX049138.1|	100.000	136	0	0	2	137	104034	103899	3.40e-62	252	3454936	N/A
72_8_1344_31605_9293/1	gi|3045267147|gb|PX049138.1|	100.000	136	0	0	2	137	131400	131535	3.40e-62	252	3454936	N/A
72_8_1344_31605_9293/1	gi|3045267060|gb|PX049137.1|	100.000	136	0	0	2	137	104024	103889	3.40e-62	252	165317	N/A
72_8_1344_31605_9293/1	gi|3045267060|gb|PX049137.1|	100.000	136	0	0	2	137	131393	131528	3.40e-62	252	165317	N/A
72_8_1344_31605_9293/1	gi|3032662704|gb|PQ231107.1|	100.000	136	0	0	2	137	104286	104151	3.40e-62	252	572118	N/A
72_8_1344_31605_9293/1	gi|3032662704|gb|PQ231107.1|	100.000	136	0	0	2	137	131206	131341	3.40e-62	252	572118	N/A
72_8_1344_31605_9293/1	gi|3032662616|gb|PQ231106.1|	100.000	136	0	0	2	137	103803	103668	3.40e-62	252	694377	N/A
72_8_1344_31605_9293/1	gi|3032662616|gb|PQ231106.1|	100.000	136	0	0	2	137	130700	130835	3.40e-62	252	694377	N/A
72_8_1344_31605_9293/1	gi|3032662528|gb|PQ231105.1|	100.000	136	0	0	2	137	103821	103686	3.40e-62	252	694377	N/A
72_8_1344_31605_9293/1	gi|3032662528|gb|PQ231105.1|	100.000	136	0	0	2	137	130716	130851	3.40e-62	252	694377	N/A
72_8_1207_3606_8872/1	gi|2701784733|gb|OR911481.1|	100.000	136	0	0	2	137	33013	32878	3.40e-62	252	39414	N/A
72_8_1207_3606_8872/1	gi|2328376401|ref|NC_068049.1|	100.000	136	0	0	2	137	32999	32864	3.40e-62	252	39414	N/A
72_8_1207_3606_8872/1	gi|2288448399|gb|ON641301.1|	100.000	136	0	0	2	137	33215	33080	3.40e-62	252	185001	N/A
72_8_1207_3606_8872/1	gi|2050192475|gb|MW877582.1|	100.000	136	0	0	2	137	33012	32877	3.40e-62	252	39414	N/A
72_8_1207_3606_8872/1	gi|2050192381|gb|MW877581.1|	100.000	136	0	0	2	137	33141	33006	3.40e-62	252	185001	N/A
72_8_1179_4577_14840/1	gi|2701784733|gb|OR911481.1|	100.000	136	0	0	2	137	33013	32878	3.40e-62	252	39414	N/A
72_8_1179_4577_14840/1	gi|2328376401|ref|NC_068049.1|	100.000	136	0	0	2	137	32999	32864	3.40e-62	252	39414	N/A
72_8_1179_4577_14840/1	gi|2288448399|gb|ON641301.1|	100.000	136	0	0	2	137	33215	33080	3.40e-62	252	185001	N/A
72_8_1179_4577_14840/1	gi|2050192475|gb|MW877582.1|	100.000	136	0	0	2	137	33012	32877	3.40e-62	252	39414	N/A
72_8_1179_4577_14840/1	gi|2050192381|gb|MW877581.1|	100.000	136	0	0	2	137	33141	33006	3.40e-62	252	185001	N/A
72_8_1303_47037_27853/1	gi|2813171436|gb|PQ325515.1|	100.000	136	0	0	2	137	100259	100124	3.40e-62	252	254027	N/A
72_8_1303_47037_27853/1	gi|2813171436|gb|PQ325515.1|	100.000	136	0	0	2	137	137179	137314	3.40e-62	252	254027	N/A
72_8_1303_47037_27853/1	gi|2805792360|gb|PQ124709.1|	100.000	136	0	0	2	137	99842	99977	3.40e-62	252	113209	N/A
72_8_1303_47037_27853/1	gi|2805792360|gb|PQ124709.1|	100.000	136	0	0	2	137	147892	147757	3.40e-62	252	113209	N/A
72_8_1303_47037_27853/1	gi|2805792263|gb|PQ124708.1|	100.000	136	0	0	2	137	99959	100094	3.40e-62	252	197811	N/A
72_8_1303_47037_27853/1	gi|2805792263|gb|PQ124708.1|	100.000	136	0	0	2	137	148047	147912	3.40e-62	252	197811	N/A
72_8_1303_47037_27853/1	gi|2805792167|gb|PQ124707.1|	100.000	136	0	0	2	137	99959	100094	3.40e-62	252	29818	N/A
72_8_1303_47037_27853/1	gi|2805792167|gb|PQ124707.1|	100.000	136	0	0	2	137	148047	147912	3.40e-62	252	29818	N/A
72_8_1303_47037_27853/1	gi|2805792070|gb|PQ124706.1|	100.000	136	0	0	2	137	99985	100120	3.40e-62	252	197796	N/A
72_8_1303_47037_27853/1	gi|2805792070|gb|PQ124706.1|	100.000	136	0	0	2	137	147980	147845	3.40e-62	252	197796	N/A
72_8_1389_35950_10988/1	gi|2701784733|gb|OR911481.1|	99.265	136	1	0	2	137	33013	32878	1.58e-60	246	39414	N/A
72_8_1389_35950_10988/1	gi|2328376401|ref|NC_068049.1|	99.265	136	1	0	2	137	32999	32864	1.58e-60	246	39414	N/A
72_8_1389_35950_10988/1	gi|2288448399|gb|ON641301.1|	99.265	136	1	0	2	137	33215	33080	1.58e-60	246	185001	N/A
72_8_1389_35950_10988/1	gi|2050192475|gb|MW877582.1|	99.265	136	1	0	2	137	33012	32877	1.58e-60	246	39414	N/A
72_8_1389_35950_10988/1	gi|2050192381|gb|MW877581.1|	99.265	136	1	0	2	137	33141	33006	1.58e-60	246	185001	N/A
72_8_2476_12790_3760/1	gi|2701784733|gb|OR911481.1|	100.000	136	0	0	2	137	33013	32878	3.40e-62	252	39414	N/A
72_8_2476_12790_3760/1	gi|2328376401|ref|NC_068049.1|	100.000	136	0	0	2	137	32999	32864	3.40e-62	252	39414	N/A
72_8_2476_12790_3760/1	gi|2288448399|gb|ON641301.1|	100.000	136	0	0	2	137	33215	33080	3.40e-62	252	185001	N/A
72_8_2476_12790_3760/1	gi|2050192475|gb|MW877582.1|	100.000	136	0	0	2	137	33012	32877	3.40e-62	252	39414	N/A
72_8_2476_12790_3760/1	gi|2050192381|gb|MW877581.1|	100.000	136	0	0	2	137	33141	33006	3.40e-62	252	185001	N/A
72_8_1326_32422_5609/1	gi|2961944908|emb|OZ253753.1|	93.151	73	5	0	60	132	17223162	17223090	7.79e-19	108	39353	N/A
72_8_1326_32422_5609/1	gi|2961944852|emb|OZ253696.1|	93.151	73	5	0	60	132	7287248	7287320	7.79e-19	108	39353	N/A
72_8_1326_32422_5609/1	gi|2978820494|emb|OZ258483.1|	91.026	78	7	0	56	133	42703743	42703820	2.80e-18	106	28509	N/A
72_8_1326_32422_5609/1	gi|2917703811|emb|OZ235037.1|	92.000	75	6	0	59	133	2241871	2241797	2.80e-18	106	39358	N/A
72_8_1326_32422_5609/1	gi|2917703011|emb|OZ235023.1|	92.000	75	6	0	59	133	2328282	2328208	2.80e-18	106	39358	N/A
72_8_2207_8315_20051/1	gi|2701784733|gb|OR911481.1|	100.000	72	0	0	2	73	16587	16658	1.29e-26	134	39414	N/A
72_8_2207_8315_20051/1	gi|2328376401|ref|NC_068049.1|	100.000	72	0	0	2	73	16578	16649	1.29e-26	134	39414	N/A
72_8_2207_8315_20051/1	gi|2288448399|gb|ON641301.1|	100.000	72	0	0	2	73	16595	16666	1.29e-26	134	185001	N/A
72_8_2207_8315_20051/1	gi|2050192475|gb|MW877582.1|	100.000	72	0	0	2	73	16586	16657	1.29e-26	134	39414	N/A
72_8_2207_8315_20051/1	gi|2050192381|gb|MW877581.1|	100.000	72	0	0	2	73	16528	16599	1.29e-26	134	185001	N/A
72_8_1446_43727_5062/1	gi|3048443377|emb|OZ306171.1|	100.000	136	0	0	2	137	103326	103191	3.40e-62	252	481118	N/A
72_8_1446_43727_5062/1	gi|3048443377|emb|OZ306171.1|	100.000	136	0	0	2	137	130415	130550	3.40e-62	252	481118	N/A
72_8_1446_43727_5062/1	gi|3048443334|emb|OZ306286.1|	100.000	136	0	0	2	137	66578334	66578199	3.40e-62	252	78511	N/A
72_8_1446_43727_5062/1	gi|3048264046|emb|OZ297787.1|	100.000	136	0	0	2	137	107704	107569	3.40e-62	252	55318	N/A
72_8_1446_43727_5062/1	gi|3048264046|emb|OZ297787.1|	100.000	136	0	0	2	137	136097	136232	3.40e-62	252	55318	N/A
72_8_1446_43727_5062/1	gi|3048228106|emb|OZ297184.1|	100.000	136	0	0	2	137	108404	108269	3.40e-62	252	397083	N/A
72_8_1446_43727_5062/1	gi|3048228106|emb|OZ297184.1|	100.000	136	0	0	2	137	136875	137010	3.40e-62	252	397083	N/A
72_8_1446_43727_5062/1	gi|3048195103|emb|OZ297140.1|	100.000	136	0	0	2	137	105960	105825	3.40e-62	252	59297	N/A
72_8_1446_43727_5062/1	gi|3048195103|emb|OZ297140.1|	100.000	136	0	0	2	137	132604	132739	3.40e-62	252	59297	N/A
72_8_1189_2991_4194/1	gi|3048443377|emb|OZ306171.1|	100.000	136	0	0	2	137	103326	103191	3.40e-62	252	481118	N/A
72_8_1189_2991_4194/1	gi|3048443377|emb|OZ306171.1|	100.000	136	0	0	2	137	130415	130550	3.40e-62	252	481118	N/A
72_8_1189_2991_4194/1	gi|3048443334|emb|OZ306286.1|	100.000	136	0	0	2	137	66578334	66578199	3.40e-62	252	78511	N/A
72_8_1189_2991_4194/1	gi|3048264046|emb|OZ297787.1|	100.000	136	0	0	2	137	107704	107569	3.40e-62	252	55318	N/A
72_8_1189_2991_4194/1	gi|3048264046|emb|OZ297787.1|	100.000	136	0	0	2	137	136097	136232	3.40e-62	252	55318	N/A
72_8_1189_2991_4194/1	gi|3048228106|emb|OZ297184.1|	100.000	136	0	0	2	137	108404	108269	3.40e-62	252	397083	N/A
72_8_1189_2991_4194/1	gi|3048228106|emb|OZ297184.1|	100.000	136	0	0	2	137	136875	137010	3.40e-62	252	397083	N/A
72_8_1189_2991_4194/1	gi|3048195103|emb|OZ297140.1|	100.000	136	0	0	2	137	105960	105825	3.40e-62	252	59297	N/A
72_8_1189_2991_4194/1	gi|3048195103|emb|OZ297140.1|	100.000	136	0	0	2	137	132604	132739	3.40e-62	252	59297	N/A
72_8_1455_45305_13957/1	gi|3045267147|gb|PX049138.1|	100.000	136	0	0	2	137	104034	103899	3.40e-62	252	3454936	N/A
72_8_1455_45305_13957/1	gi|3045267147|gb|PX049138.1|	100.000	136	0	0	2	137	131400	131535	3.40e-62	252	3454936	N/A
72_8_1455_45305_13957/1	gi|3045267060|gb|PX049137.1|	100.000	136	0	0	2	137	104024	103889	3.40e-62	252	165317	N/A
72_8_1455_45305_13957/1	gi|3045267060|gb|PX049137.1|	100.000	136	0	0	2	137	131393	131528	3.40e-62	252	165317	N/A
72_8_1455_45305_13957/1	gi|3032662704|gb|PQ231107.1|	100.000	136	0	0	2	137	104286	104151	3.40e-62	252	572118	N/A
72_8_1455_45305_13957/1	gi|3032662704|gb|PQ231107.1|	100.000	136	0	0	2	137	131206	131341	3.40e-62	252	572118	N/A
72_8_1455_45305_13957/1	gi|3032662616|gb|PQ231106.1|	100.000	136	0	0	2	137	103803	103668	3.40e-62	252	694377	N/A
72_8_1455_45305_13957/1	gi|3032662616|gb|PQ231106.1|	100.000	136	0	0	2	137	130700	130835	3.40e-62	252	694377	N/A
72_8_1455_45305_13957/1	gi|3032662528|gb|PQ231105.1|	100.000	136	0	0	2	137	103821	103686	3.40e-62	252	694377	N/A
72_8_1455_45305_13957/1	gi|3032662528|gb|PQ231105.1|	100.000	136	0	0	2	137	130716	130851	3.40e-62	252	694377	N/A
72_8_2162_4075_12823/1	gi|685046059|emb|LN594584.1|	95.833	48	0	2	84	129	7176	7129	2.20e-09	76.8	7962	N/A
72_8_2162_4075_12823/1	gi|685042189|emb|LN590714.1|	92.727	55	0	4	78	129	3608305	3608252	2.20e-09	76.8	7962	N/A
72_8_2162_4075_12823/1	gi|685042189|emb|LN590714.1|	100.000	40	0	0	84	123	6568392	6568431	7.91e-09	75.0	7962	N/A
72_8_2162_4075_12823/1	gi|685042189|emb|LN590714.1|	100.000	36	0	0	89	124	11523468	11523503	1.32e-06	67.6	7962	N/A
72_8_2162_4075_12823/1	gi|685042189|emb|LN590714.1|	95.238	42	0	2	90	129	7216113	7216072	4.76e-06	65.8	7962	N/A
72_8_2162_4075_12823/1	gi|2557643774|emb|OY673254.1|	95.652	46	2	0	90	135	21732	21777	7.91e-09	75.0	2697049	N/A
72_8_2162_4075_12823/1	gi|2463378371|dbj|AP027461.1|	95.652	46	2	0	90	135	1299632	1299677	7.91e-09	75.0	511145	N/A
72_8_2162_4075_12823/1	gi|2463378371|dbj|AP027461.1|	95.652	46	2	0	90	135	1628404	1628359	7.91e-09	75.0	511145	N/A
72_8_2162_4075_12823/1	gi|685048729|emb|LN597241.1|	95.652	46	0	2	86	129	1805	1850	2.84e-08	73.1	7962	N/A
72_8_1394_6406_20779/1	gi|2955102856|gb|CP150975.1|	98.851	87	1	0	2	88	36675	36589	2.74e-33	156	1270	N/A
72_8_1394_6406_20779/1	gi|2955102692|gb|CP150973.1|	98.851	87	1	0	2	88	4817	4731	2.74e-33	156	1270	N/A
72_8_1394_6406_20779/1	gi|685046758|emb|LN595283.1|	93.617	47	0	3	94	137	98119	98165	1.32e-06	67.6	7962	N/A
72_8_1394_6406_20779/1	gi|2155043183|emb|OV015804.1|	97.500	40	0	1	96	134	29950	29911	1.32e-06	67.6	2697049	N/A
72_8_1394_6406_20779/1	gi|685045725|emb|LN594250.1|	93.478	46	0	3	95	137	197686	197731	4.76e-06	65.8	7962	N/A
72_8_1394_6406_20779/1	gi|685045725|emb|LN594250.1|	92.857	42	0	3	99	137	230179	230220	7.96e-04	58.4	7962	N/A
72_8_1182_27308_10175/1	gi|2972160181|emb|OZ256407.1|	100.000	134	0	0	4	137	59514762	59514895	4.40e-61	248	78511	N/A
72_8_1182_27308_10175/1	gi|2972160181|emb|OZ256407.1|	97.059	136	4	0	2	137	54911819	54911684	1.59e-55	230	78511	N/A
72_8_1182_27308_10175/1	gi|3048443377|emb|OZ306171.1|	99.265	136	1	0	2	137	103326	103191	1.58e-60	246	481118	N/A
72_8_1182_27308_10175/1	gi|3048443377|emb|OZ306171.1|	99.265	136	1	0	2	137	130415	130550	1.58e-60	246	481118	N/A
72_8_1182_27308_10175/1	gi|3048443334|emb|OZ306286.1|	99.265	136	1	0	2	137	66578334	66578199	1.58e-60	246	78511	N/A
72_8_1182_27308_10175/1	gi|3048264046|emb|OZ297787.1|	99.265	136	1	0	2	137	107704	107569	1.58e-60	246	55318	N/A
72_8_1182_27308_10175/1	gi|3048264046|emb|OZ297787.1|	99.265	136	1	0	2	137	136097	136232	1.58e-60	246	55318	N/A
72_8_1182_27308_10175/1	gi|3048228106|emb|OZ297184.1|	99.265	136	1	0	2	137	108404	108269	1.58e-60	246	397083	N/A
72_8_1182_27308_10175/1	gi|3048228106|emb|OZ297184.1|	99.265	136	1	0	2	137	136875	137010	1.58e-60	246	397083	N/A
72_8_2226_13907_7121/1	gi|2701785471|gb|OR911489.1|	99.265	136	1	0	2	137	1006	871	1.58e-60	246	185002	N/A
72_8_2226_13907_7121/1	gi|2701784733|gb|OR911481.1|	99.265	136	1	0	2	137	950	815	1.58e-60	246	39414	N/A
72_8_2226_13907_7121/1	gi|2288448399|gb|ON641301.1|	99.265	136	1	0	2	137	961	826	1.58e-60	246	185001	N/A
72_8_2226_13907_7121/1	gi|2050192570|gb|MW877583.1|	99.265	136	1	0	2	137	1007	872	1.58e-60	246	185002	N/A
72_8_2226_13907_7121/1	gi|2050192475|gb|MW877582.1|	99.265	136	1	0	2	137	950	815	1.58e-60	246	39414	N/A
72_8_1474_1202_27797/1	gi|2701785471|gb|OR911489.1|	99.265	136	1	0	2	137	1006	871	1.58e-60	246	185002	N/A
72_8_1474_1202_27797/1	gi|2701784733|gb|OR911481.1|	99.265	136	1	0	2	137	950	815	1.58e-60	246	39414	N/A
72_8_1474_1202_27797/1	gi|2288448399|gb|ON641301.1|	99.265	136	1	0	2	137	961	826	1.58e-60	246	185001	N/A
72_8_1474_1202_27797/1	gi|2050192570|gb|MW877583.1|	99.265	136	1	0	2	137	1007	872	1.58e-60	246	185002	N/A
72_8_1474_1202_27797/1	gi|2050192475|gb|MW877582.1|	99.265	136	1	0	2	137	950	815	1.58e-60	246	39414	N/A
72_8_1257_6171_2975/1	gi|2701784733|gb|OR911481.1|	100.000	136	0	0	2	137	33013	32878	3.40e-62	252	39414	N/A
72_8_1257_6171_2975/1	gi|2328376401|ref|NC_068049.1|	100.000	136	0	0	2	137	32999	32864	3.40e-62	252	39414	N/A
72_8_1257_6171_2975/1	gi|2288448399|gb|ON641301.1|	100.000	136	0	0	2	137	33215	33080	3.40e-62	252	185001	N/A
72_8_1257_6171_2975/1	gi|2050192475|gb|MW877582.1|	100.000	136	0	0	2	137	33012	32877	3.40e-62	252	39414	N/A
72_8_1257_6171_2975/1	gi|2050192381|gb|MW877581.1|	100.000	136	0	0	2	137	33141	33006	3.40e-62	252	185001	N/A
72_8_1477_39260_24365/1	gi|2639819411|gb|CP141058.1|	95.745	94	4	0	2	95	4212191	4212098	3.55e-32	152	3095075	N/A
72_8_1477_39260_24365/1	gi|1033001128|gb|CP015079.1|	93.617	94	6	0	2	95	1156864	1156771	7.68e-29	141	1300347	N/A
72_8_1477_39260_24365/1	gi|2221858821|gb|CP095078.1|	93.617	94	6	0	2	95	757312	757219	7.68e-29	141	2931390	N/A
72_8_1477_39260_24365/1	gi|1886976265|gb|CP059903.1|	93.617	94	6	0	2	95	4099908	4099815	7.68e-29	141	2760089	N/A
72_8_1477_39260_24365/1	gi|2917958278|gb|CP182415.1|	92.553	94	7	0	2	95	4348383	4348290	3.58e-27	135	3400182	N/A
72_8_2201_8858_7458/1	gi|3048443377|emb|OZ306171.1|	100.000	136	0	0	2	137	103326	103191	3.40e-62	252	481118	N/A
72_8_2201_8858_7458/1	gi|3048443377|emb|OZ306171.1|	100.000	136	0	0	2	137	130415	130550	3.40e-62	252	481118	N/A
72_8_2201_8858_7458/1	gi|3048443334|emb|OZ306286.1|	100.000	136	0	0	2	137	66578334	66578199	3.40e-62	252	78511	N/A
72_8_2201_8858_7458/1	gi|3048264046|emb|OZ297787.1|	100.000	136	0	0	2	137	107704	107569	3.40e-62	252	55318	N/A
72_8_2201_8858_7458/1	gi|3048264046|emb|OZ297787.1|	100.000	136	0	0	2	137	136097	136232	3.40e-62	252	55318	N/A
72_8_2201_8858_7458/1	gi|3048228106|emb|OZ297184.1|	100.000	136	0	0	2	137	108404	108269	3.40e-62	252	397083	N/A
72_8_2201_8858_7458/1	gi|3048228106|emb|OZ297184.1|	100.000	136	0	0	2	137	136875	137010	3.40e-62	252	397083	N/A
72_8_2201_8858_7458/1	gi|3048195103|emb|OZ297140.1|	100.000	136	0	0	2	137	105960	105825	3.40e-62	252	59297	N/A
72_8_2201_8858_7458/1	gi|3048195103|emb|OZ297140.1|	100.000	136	0	0	2	137	132604	132739	3.40e-62	252	59297	N/A
72_8_1176_45693_17851/1	gi|2701785471|gb|OR911489.1|	99.265	136	1	0	2	137	97728	97863	1.58e-60	246	185002	N/A
72_8_1176_45693_17851/1	gi|2701785471|gb|OR911489.1|	99.265	136	1	0	2	137	134541	134406	1.58e-60	246	185002	N/A
72_8_1176_45693_17851/1	gi|2724827940|ref|NC_088474.1|	99.265	136	1	0	2	137	97774	97909	1.58e-60	246	1439916	N/A
72_8_1176_45693_17851/1	gi|2724827940|ref|NC_088474.1|	99.265	136	1	0	2	137	134526	134391	1.58e-60	246	1439916	N/A
72_8_1176_45693_17851/1	gi|2701784733|gb|OR911481.1|	99.265	136	1	0	2	137	97604	97739	1.58e-60	246	39414	N/A
72_8_1176_45693_17851/1	gi|2701784733|gb|OR911481.1|	99.265	136	1	0	2	137	134514	134379	1.58e-60	246	39414	N/A
72_8_1176_45693_17851/1	gi|2724827759|ref|NC_088472.1|	99.265	136	1	0	2	137	97776	97911	1.58e-60	246	2675945	N/A
72_8_1176_45693_17851/1	gi|2724827759|ref|NC_088472.1|	99.265	136	1	0	2	137	134539	134404	1.58e-60	246	2675945	N/A
72_8_1176_45693_17851/1	gi|2724827388|ref|NC_088468.1|	99.265	136	1	0	2	137	97463	97598	1.58e-60	246	197803	N/A
72_8_1176_45693_17851/1	gi|2724827388|ref|NC_088468.1|	99.265	136	1	0	2	137	134194	134059	1.58e-60	246	197803	N/A
72_8_1192_34842_25374/1	gi|2701784733|gb|OR911481.1|	100.000	72	0	0	2	73	16587	16658	1.29e-26	134	39414	N/A
72_8_1192_34842_25374/1	gi|2328376401|ref|NC_068049.1|	100.000	72	0	0	2	73	16578	16649	1.29e-26	134	39414	N/A
72_8_1192_34842_25374/1	gi|2288448399|gb|ON641301.1|	100.000	72	0	0	2	73	16595	16666	1.29e-26	134	185001	N/A
72_8_1192_34842_25374/1	gi|2050192475|gb|MW877582.1|	100.000	72	0	0	2	73	16586	16657	1.29e-26	134	39414	N/A
72_8_1192_34842_25374/1	gi|2050192381|gb|MW877581.1|	100.000	72	0	0	2	73	16528	16599	1.29e-26	134	185001	N/A
72_8_2184_33498_22404/1	gi|2701785009|gb|OR911484.1|	100.000	136	0	0	2	137	590	455	3.40e-62	252	197809	N/A
72_8_2184_33498_22404/1	gi|2724827569|ref|NC_088470.1|	100.000	136	0	0	2	137	583	448	3.40e-62	252	2550875	N/A
72_8_2184_33498_22404/1	gi|2666688421|ref|NC_085450.1|	100.000	136	0	0	2	137	538	403	3.40e-62	252	3107745	N/A
72_8_2184_33498_22404/1	gi|2288448399|gb|ON641301.1|	100.000	136	0	0	2	137	592	457	3.40e-62	252	185001	N/A
72_8_2184_33498_22404/1	gi|2050192381|gb|MW877581.1|	100.000	136	0	0	2	137	601	466	3.40e-62	252	185001	N/A
72_8_1261_30043_8270/1	gi|3048443377|emb|OZ306171.1|	100.000	136	0	0	2	137	103326	103191	3.40e-62	252	481118	N/A
72_8_1261_30043_8270/1	gi|3048443377|emb|OZ306171.1|	100.000	136	0	0	2	137	130415	130550	3.40e-62	252	481118	N/A
72_8_1261_30043_8270/1	gi|3048443334|emb|OZ306286.1|	100.000	136	0	0	2	137	66578334	66578199	3.40e-62	252	78511	N/A
72_8_1261_30043_8270/1	gi|3048264046|emb|OZ297787.1|	100.000	136	0	0	2	137	107704	107569	3.40e-62	252	55318	N/A
72_8_1261_30043_8270/1	gi|3048264046|emb|OZ297787.1|	100.000	136	0	0	2	137	136097	136232	3.40e-62	252	55318	N/A
72_8_1261_30043_8270/1	gi|3048228106|emb|OZ297184.1|	100.000	136	0	0	2	137	108404	108269	3.40e-62	252	397083	N/A
72_8_1261_30043_8270/1	gi|3048228106|emb|OZ297184.1|	100.000	136	0	0	2	137	136875	137010	3.40e-62	252	397083	N/A
72_8_1261_30043_8270/1	gi|3048195103|emb|OZ297140.1|	100.000	136	0	0	2	137	105960	105825	3.40e-62	252	59297	N/A
72_8_1261_30043_8270/1	gi|3048195103|emb|OZ297140.1|	100.000	136	0	0	2	137	132604	132739	3.40e-62	252	59297	N/A
72_8_2244_28036_20065/1	gi|3048443377|emb|OZ306171.1|	100.000	136	0	0	2	137	103326	103191	3.40e-62	252	481118	N/A
72_8_2244_28036_20065/1	gi|3048443377|emb|OZ306171.1|	100.000	136	0	0	2	137	130415	130550	3.40e-62	252	481118	N/A
72_8_2244_28036_20065/1	gi|3048443334|emb|OZ306286.1|	100.000	136	0	0	2	137	66578334	66578199	3.40e-62	252	78511	N/A
72_8_2244_28036_20065/1	gi|3048264046|emb|OZ297787.1|	100.000	136	0	0	2	137	107704	107569	3.40e-62	252	55318	N/A
72_8_2244_28036_20065/1	gi|3048264046|emb|OZ297787.1|	100.000	136	0	0	2	137	136097	136232	3.40e-62	252	55318	N/A
72_8_2244_28036_20065/1	gi|3048228106|emb|OZ297184.1|	100.000	136	0	0	2	137	108404	108269	3.40e-62	252	397083	N/A
72_8_2244_28036_20065/1	gi|3048228106|emb|OZ297184.1|	100.000	136	0	0	2	137	136875	137010	3.40e-62	252	397083	N/A
72_8_2244_28036_20065/1	gi|3048195103|emb|OZ297140.1|	100.000	136	0	0	2	137	105960	105825	3.40e-62	252	59297	N/A
72_8_2244_28036_20065/1	gi|3048195103|emb|OZ297140.1|	100.000	136	0	0	2	137	132604	132739	3.40e-62	252	59297	N/A
72_8_2310_45062_7654/1	gi|3045267147|gb|PX049138.1|	100.000	136	0	0	2	137	104034	103899	3.40e-62	252	3454936	N/A
72_8_2310_45062_7654/1	gi|3045267147|gb|PX049138.1|	100.000	136	0	0	2	137	131400	131535	3.40e-62	252	3454936	N/A
72_8_2310_45062_7654/1	gi|3045267060|gb|PX049137.1|	100.000	136	0	0	2	137	104024	103889	3.40e-62	252	165317	N/A
72_8_2310_45062_7654/1	gi|3045267060|gb|PX049137.1|	100.000	136	0	0	2	137	131393	131528	3.40e-62	252	165317	N/A
72_8_2310_45062_7654/1	gi|3032662704|gb|PQ231107.1|	100.000	136	0	0	2	137	104286	104151	3.40e-62	252	572118	N/A
72_8_2310_45062_7654/1	gi|3032662704|gb|PQ231107.1|	100.000	136	0	0	2	137	131206	131341	3.40e-62	252	572118	N/A
72_8_2310_45062_7654/1	gi|3032662616|gb|PQ231106.1|	100.000	136	0	0	2	137	103803	103668	3.40e-62	252	694377	N/A
72_8_2310_45062_7654/1	gi|3032662616|gb|PQ231106.1|	100.000	136	0	0	2	137	130700	130835	3.40e-62	252	694377	N/A
72_8_2310_45062_7654/1	gi|3032662528|gb|PQ231105.1|	100.000	136	0	0	2	137	103821	103686	3.40e-62	252	694377	N/A
72_8_2310_45062_7654/1	gi|3032662528|gb|PQ231105.1|	100.000	136	0	0	2	137	130716	130851	3.40e-62	252	694377	N/A
72_8_1119_15930_7906/1	gi|1050298341|gb|CP016793.1|	91.912	136	11	0	2	137	4858556	4858691	7.52e-44	191	1586287	N/A
72_8_2374_37496_14532/1	gi|2524352013|emb|OY072335.1|	100.000	36	0	0	102	137	21650	21685	1.32e-06	67.6	2697049	N/A
72_8_2374_37496_14532/1	gi|685042185|emb|LN590710.1|	97.222	36	1	0	102	137	9162081	9162116	6.15e-05	62.1	7962	N/A
72_8_2374_37496_14532/1	gi|685042185|emb|LN590710.1|	100.000	28	0	0	110	137	3790452	3790425	0.037	52.8	7962	N/A
72_8_2374_37496_14532/1	gi|685042185|emb|LN590710.1|	100.000	28	0	0	110	137	6008694	6008721	0.037	52.8	7962	N/A
72_8_2374_37496_14532/1	gi|685042185|emb|LN590710.1|	100.000	28	0	0	110	137	10218503	10218530	0.037	52.8	7962	N/A
72_8_2374_37496_14532/1	gi|685042192|emb|LN590717.1|	100.000	32	0	0	106	137	6367539	6367570	2.21e-04	60.2	7962	N/A
72_8_2374_37496_14532/1	gi|685042192|emb|LN590717.1|	100.000	29	0	0	109	137	1349978	1349950	0.010	54.7	7962	N/A
72_8_2374_37496_14532/1	gi|2991388636|dbj|AP040949.1|	100.000	31	0	0	107	137	3527635	3527665	7.96e-04	58.4	573	N/A
72_8_2374_37496_14532/1	gi|2609791689|gb|OR652421.1|	100.000	31	0	0	107	137	13030	13000	7.96e-04	58.4	10376	N/A
72_8_2221_19208_11954/1	gi|2701784733|gb|OR911481.1|	100.000	136	0	0	2	137	33013	32878	3.40e-62	252	39414	N/A
72_8_2221_19208_11954/1	gi|2328376401|ref|NC_068049.1|	100.000	136	0	0	2	137	32999	32864	3.40e-62	252	39414	N/A
72_8_2221_19208_11954/1	gi|2288448399|gb|ON641301.1|	100.000	136	0	0	2	137	33215	33080	3.40e-62	252	185001	N/A
72_8_2221_19208_11954/1	gi|2050192475|gb|MW877582.1|	100.000	136	0	0	2	137	33012	32877	3.40e-62	252	39414	N/A
72_8_2221_19208_11954/1	gi|2050192381|gb|MW877581.1|	100.000	136	0	0	2	137	33141	33006	3.40e-62	252	185001	N/A
72_8_1159_15396_2611/1	gi|3048443377|emb|OZ306171.1|	100.000	136	0	0	2	137	103326	103191	3.40e-62	252	481118	N/A
72_8_1159_15396_2611/1	gi|3048443377|emb|OZ306171.1|	100.000	136	0	0	2	137	130415	130550	3.40e-62	252	481118	N/A
72_8_1159_15396_2611/1	gi|3048443334|emb|OZ306286.1|	100.000	136	0	0	2	137	66578334	66578199	3.40e-62	252	78511	N/A
72_8_1159_15396_2611/1	gi|3048264046|emb|OZ297787.1|	100.000	136	0	0	2	137	107704	107569	3.40e-62	252	55318	N/A
72_8_1159_15396_2611/1	gi|3048264046|emb|OZ297787.1|	100.000	136	0	0	2	137	136097	136232	3.40e-62	252	55318	N/A
72_8_1159_15396_2611/1	gi|3048228106|emb|OZ297184.1|	100.000	136	0	0	2	137	108404	108269	3.40e-62	252	397083	N/A
72_8_1159_15396_2611/1	gi|3048228106|emb|OZ297184.1|	100.000	136	0	0	2	137	136875	137010	3.40e-62	252	397083	N/A
72_8_1159_15396_2611/1	gi|3048195103|emb|OZ297140.1|	100.000	136	0	0	2	137	105960	105825	3.40e-62	252	59297	N/A
72_8_1159_15396_2611/1	gi|3048195103|emb|OZ297140.1|	100.000	136	0	0	2	137	132604	132739	3.40e-62	252	59297	N/A
72_8_2306_43873_3101/1	gi|3048443377|emb|OZ306171.1|	98.529	136	2	0	2	137	103326	103191	7.37e-59	241	481118	N/A
72_8_2306_43873_3101/1	gi|3048443377|emb|OZ306171.1|	98.529	136	2	0	2	137	130415	130550	7.37e-59	241	481118	N/A
72_8_2306_43873_3101/1	gi|3048443334|emb|OZ306286.1|	98.529	136	2	0	2	137	66578334	66578199	7.37e-59	241	78511	N/A
72_8_2306_43873_3101/1	gi|3048264046|emb|OZ297787.1|	98.529	136	2	0	2	137	107704	107569	7.37e-59	241	55318	N/A
72_8_2306_43873_3101/1	gi|3048264046|emb|OZ297787.1|	98.529	136	2	0	2	137	136097	136232	7.37e-59	241	55318	N/A
72_8_2306_43873_3101/1	gi|3048228106|emb|OZ297184.1|	98.529	136	2	0	2	137	108404	108269	7.37e-59	241	397083	N/A
72_8_2306_43873_3101/1	gi|3048228106|emb|OZ297184.1|	98.529	136	2	0	2	137	136875	137010	7.37e-59	241	397083	N/A
72_8_2306_43873_3101/1	gi|3048195103|emb|OZ297140.1|	98.529	136	2	0	2	137	105960	105825	7.37e-59	241	59297	N/A
72_8_2306_43873_3101/1	gi|3048195103|emb|OZ297140.1|	98.529	136	2	0	2	137	132604	132739	7.37e-59	241	59297	N/A
72_8_2371_9019_17851/1	gi|3048443377|emb|OZ306171.1|	100.000	136	0	0	2	137	103326	103191	3.40e-62	252	481118	N/A
72_8_2371_9019_17851/1	gi|3048443377|emb|OZ306171.1|	100.000	136	0	0	2	137	130415	130550	3.40e-62	252	481118	N/A
72_8_2371_9019_17851/1	gi|3048443334|emb|OZ306286.1|	100.000	136	0	0	2	137	66578334	66578199	3.40e-62	252	78511	N/A
72_8_2371_9019_17851/1	gi|3048264046|emb|OZ297787.1|	100.000	136	0	0	2	137	107704	107569	3.40e-62	252	55318	N/A
72_8_2371_9019_17851/1	gi|3048264046|emb|OZ297787.1|	100.000	136	0	0	2	137	136097	136232	3.40e-62	252	55318	N/A
72_8_2371_9019_17851/1	gi|3048228106|emb|OZ297184.1|	100.000	136	0	0	2	137	108404	108269	3.40e-62	252	397083	N/A
72_8_2371_9019_17851/1	gi|3048228106|emb|OZ297184.1|	100.000	136	0	0	2	137	136875	137010	3.40e-62	252	397083	N/A
72_8_2371_9019_17851/1	gi|3048195103|emb|OZ297140.1|	100.000	136	0	0	2	137	105960	105825	3.40e-62	252	59297	N/A
72_8_2371_9019_17851/1	gi|3048195103|emb|OZ297140.1|	100.000	136	0	0	2	137	132604	132739	3.40e-62	252	59297	N/A
72_8_2151_19523_9783/1	gi|2288448399|gb|ON641301.1|	100.000	135	0	0	2	136	70872	70738	1.22e-61	250	185001	N/A
72_8_2151_19523_9783/1	gi|1610617358|ref|NC_041420.1|	99.259	135	1	0	2	136	70763	70629	5.69e-60	244	185001	N/A
72_8_2151_19523_9783/1	gi|2050192381|gb|MW877581.1|	99.259	135	1	0	2	136	70766	70632	5.69e-60	244	185001	N/A
72_8_2151_19523_9783/1	gi|2701784733|gb|OR911481.1|	98.519	135	2	0	2	136	70585	70451	2.65e-58	239	39414	N/A
72_8_2151_19523_9783/1	gi|2328376401|ref|NC_068049.1|	98.519	135	2	0	2	136	70589	70455	2.65e-58	239	39414	N/A
72_8_1351_24362_25752/1	gi|3045267147|gb|PX049138.1|	100.000	136	0	0	2	137	104034	103899	3.40e-62	252	3454936	N/A
72_8_1351_24362_25752/1	gi|3045267147|gb|PX049138.1|	100.000	136	0	0	2	137	131400	131535	3.40e-62	252	3454936	N/A
72_8_1351_24362_25752/1	gi|3045267060|gb|PX049137.1|	100.000	136	0	0	2	137	104024	103889	3.40e-62	252	165317	N/A
72_8_1351_24362_25752/1	gi|3045267060|gb|PX049137.1|	100.000	136	0	0	2	137	131393	131528	3.40e-62	252	165317	N/A
72_8_1351_24362_25752/1	gi|3032662704|gb|PQ231107.1|	100.000	136	0	0	2	137	104286	104151	3.40e-62	252	572118	N/A
72_8_1351_24362_25752/1	gi|3032662704|gb|PQ231107.1|	100.000	136	0	0	2	137	131206	131341	3.40e-62	252	572118	N/A
72_8_1351_24362_25752/1	gi|3032662616|gb|PQ231106.1|	100.000	136	0	0	2	137	103803	103668	3.40e-62	252	694377	N/A
72_8_1351_24362_25752/1	gi|3032662616|gb|PQ231106.1|	100.000	136	0	0	2	137	130700	130835	3.40e-62	252	694377	N/A
72_8_1351_24362_25752/1	gi|3032662528|gb|PQ231105.1|	100.000	136	0	0	2	137	103821	103686	3.40e-62	252	694377	N/A
72_8_1351_24362_25752/1	gi|3032662528|gb|PQ231105.1|	100.000	136	0	0	2	137	130716	130851	3.40e-62	252	694377	N/A
72_8_1368_49246_9545/1	gi|3048443377|emb|OZ306171.1|	100.000	136	0	0	2	137	103326	103191	3.40e-62	252	481118	N/A
72_8_1368_49246_9545/1	gi|3048443377|emb|OZ306171.1|	100.000	136	0	0	2	137	130415	130550	3.40e-62	252	481118	N/A
72_8_1368_49246_9545/1	gi|3048443334|emb|OZ306286.1|	100.000	136	0	0	2	137	66578334	66578199	3.40e-62	252	78511	N/A
72_8_1368_49246_9545/1	gi|3048264046|emb|OZ297787.1|	100.000	136	0	0	2	137	107704	107569	3.40e-62	252	55318	N/A
72_8_1368_49246_9545/1	gi|3048264046|emb|OZ297787.1|	100.000	136	0	0	2	137	136097	136232	3.40e-62	252	55318	N/A
72_8_1368_49246_9545/1	gi|3048228106|emb|OZ297184.1|	100.000	136	0	0	2	137	108404	108269	3.40e-62	252	397083	N/A
72_8_1368_49246_9545/1	gi|3048228106|emb|OZ297184.1|	100.000	136	0	0	2	137	136875	137010	3.40e-62	252	397083	N/A
72_8_1368_49246_9545/1	gi|3048195103|emb|OZ297140.1|	100.000	136	0	0	2	137	105960	105825	3.40e-62	252	59297	N/A
72_8_1368_49246_9545/1	gi|3048195103|emb|OZ297140.1|	100.000	136	0	0	2	137	132604	132739	3.40e-62	252	59297	N/A
72_8_2216_10338_14756/1	gi|3025556406|emb|OZ285005.1|	100.000	136	0	0	2	137	49124388	49124253	3.40e-62	252	462882	N/A
72_8_2216_10338_14756/1	gi|3025556406|emb|OZ285005.1|	100.000	135	0	0	3	137	49148723	49148857	1.22e-61	250	462882	N/A
72_8_2216_10338_14756/1	gi|3025556406|emb|OZ285005.1|	100.000	135	0	0	3	137	49159289	49159423	1.22e-61	250	462882	N/A
72_8_2216_10338_14756/1	gi|3025556406|emb|OZ285005.1|	100.000	135	0	0	3	137	49183702	49183836	1.22e-61	250	462882	N/A
72_8_2216_10338_14756/1	gi|3025556406|emb|OZ285005.1|	100.000	135	0	0	3	137	49377812	49377678	1.22e-61	250	462882	N/A
72_8_2216_10338_14756/1	gi|3025556406|emb|OZ285005.1|	100.000	135	0	0	3	137	49381653	49381787	1.22e-61	250	462882	N/A
72_8_2216_10338_14756/1	gi|3025556406|emb|OZ285005.1|	100.000	56	0	0	3	58	49064202	49064257	1.01e-17	104	462882	N/A
72_8_2216_10338_14756/1	gi|3025556406|emb|OZ285005.1|	98.246	57	1	0	11	67	49183460	49183404	1.30e-16	100	462882	N/A
72_8_2216_10338_14756/1	gi|3025556406|emb|OZ285005.1|	96.154	52	2	0	86	137	49290303	49290252	3.65e-12	86.1	462882	N/A
72_8_2216_10338_14756/1	gi|3025556406|emb|OZ285005.1|	100.000	43	0	0	95	137	49425487	49425445	1.70e-10	80.5	462882	N/A
72_8_2216_10338_14756/1	gi|3048443377|emb|OZ306171.1|	100.000	135	0	0	3	137	103325	103191	1.22e-61	250	481118	N/A
72_8_2216_10338_14756/1	gi|3048443377|emb|OZ306171.1|	100.000	135	0	0	3	137	130416	130550	1.22e-61	250	481118	N/A
72_8_2216_10338_14756/1	gi|3048443334|emb|OZ306286.1|	100.000	135	0	0	3	137	66578333	66578199	1.22e-61	250	78511	N/A
72_8_2216_10338_14756/1	gi|3048264046|emb|OZ297787.1|	100.000	135	0	0	3	137	107703	107569	1.22e-61	250	55318	N/A
72_8_2216_10338_14756/1	gi|3048264046|emb|OZ297787.1|	100.000	135	0	0	3	137	136098	136232	1.22e-61	250	55318	N/A
72_8_2216_10338_14756/1	gi|3048228106|emb|OZ297184.1|	100.000	135	0	0	3	137	108403	108269	1.22e-61	250	397083	N/A
72_8_2216_10338_14756/1	gi|3048228106|emb|OZ297184.1|	100.000	135	0	0	3	137	136876	137010	1.22e-61	250	397083	N/A
72_8_2146_19863_1126/1	gi|2288448399|gb|ON641301.1|	99.254	134	1	0	3	136	70871	70738	2.05e-59	243	185001	N/A
72_8_2146_19863_1126/1	gi|1610617358|ref|NC_041420.1|	98.507	134	2	0	3	136	70762	70629	9.53e-58	237	185001	N/A
72_8_2146_19863_1126/1	gi|2050192381|gb|MW877581.1|	98.507	134	2	0	3	136	70765	70632	9.53e-58	237	185001	N/A
72_8_2146_19863_1126/1	gi|2701784733|gb|OR911481.1|	97.761	134	3	0	3	136	70584	70451	4.43e-56	231	39414	N/A
72_8_2146_19863_1126/1	gi|2328376401|ref|NC_068049.1|	97.761	134	3	0	3	136	70588	70455	4.43e-56	231	39414	N/A
72_8_2179_47166_13229/1	gi|2805625856|gb|CP169555.1|	87.755	49	4	2	19	66	1325774	1325821	0.003	56.5	3341830	N/A
72_8_2179_47166_13229/1	gi|685051416|emb|LN599928.1|	100.000	29	0	0	108	136	8192	8220	0.010	54.7	7962	N/A
72_8_2179_47166_13229/1	gi|685048206|emb|LN596718.1|	100.000	29	0	0	108	136	51897	51925	0.010	54.7	7962	N/A
72_8_2179_47166_13229/1	gi|930416156|ref|XM_014326876.1|	100.000	28	0	0	109	136	913	940	0.037	52.8	1186058	N/A
72_8_2179_47166_13229/1	gi|2057092053|tpg|BK038136.1|	100.000	28	0	0	109	136	38029	38056	0.037	52.8	2832643	N/A
72_8_1268_40976_19238/1	gi|3018305410|emb|OZ276474.1|	83.200	125	18	3	14	137	32769919	32769797	6.03e-20	111	165317	N/A
72_8_1268_40976_19238/1	gi|2523335075|emb|OX940730.1|	84.000	75	9	3	55	128	16041966	16042038	3.68e-07	69.4	1053395	N/A
72_8_1268_40976_19238/1	gi|2523335075|emb|OX940730.1|	91.111	45	4	0	84	128	9623457	9623501	6.15e-05	62.1	1053395	N/A
72_8_1268_40976_19238/1	gi|2523335081|emb|OX940736.1|	89.091	55	4	2	84	137	2772118	2772065	1.32e-06	67.6	1053395	N/A
72_8_1268_40976_19238/1	gi|2306609160|emb|OX335784.1|	88.889	54	4	2	85	137	12847847	12847795	4.76e-06	65.8	53169	N/A
72_8_1268_40976_19238/1	gi|2523335077|emb|OX940732.1|	87.273	55	5	2	84	137	8320116	8320063	6.15e-05	62.1	1053395	N/A
72_8_1440_47085_22754/1	gi|2672450703|emb|OY998247.1|	80.597	134	25	1	2	134	53094279	53094146	3.63e-17	102	164435	N/A
72_8_1440_47085_22754/1	gi|3025377487|emb|OZ284448.1|	79.365	126	21	5	2	124	7108787	7108664	1.31e-11	84.2	452460	N/A
72_8_1440_47085_22754/1	gi|2740301111|emb|OZ066585.1|	77.612	134	29	1	2	134	24956333	24956200	1.70e-10	80.5	113636	N/A
72_8_1440_47085_22754/1	gi|2511388374|emb|OX637679.1|	77.612	134	29	1	2	134	458522	458655	1.70e-10	80.5	3691	N/A
72_8_1440_47085_22754/1	gi|743908908|ref|XM_011049619.1|	78.151	119	26	0	2	120	1192	1310	2.20e-09	76.8	75702	N/A
72_8_2441_50452_8718/1	gi|2288448399|gb|ON641301.1|	99.259	135	1	0	2	136	70872	70738	5.69e-60	244	185001	N/A
72_8_2441_50452_8718/1	gi|1610617358|ref|NC_041420.1|	98.519	135	2	0	2	136	70763	70629	2.65e-58	239	185001	N/A
72_8_2441_50452_8718/1	gi|2050192381|gb|MW877581.1|	98.519	135	2	0	2	136	70766	70632	2.65e-58	239	185001	N/A
72_8_2441_50452_8718/1	gi|2701784733|gb|OR911481.1|	97.778	135	3	0	2	136	70585	70451	1.23e-56	233	39414	N/A
72_8_2441_50452_8718/1	gi|2328376401|ref|NC_068049.1|	97.778	135	3	0	2	136	70589	70455	1.23e-56	233	39414	N/A
72_8_1401_35416_20905/1	gi|2459819783|gb|CP119182.1|	97.778	135	3	0	2	136	8618870	8618736	1.23e-56	233	2746961	N/A
72_8_1401_35416_20905/1	gi|2185280037|gb|CP024989.1|	97.778	135	3	0	2	136	8905003	8904869	1.23e-56	233	2056258	N/A
72_8_1401_35416_20905/1	gi|2199066377|gb|CP092431.1|	97.037	135	4	0	2	136	1656846	1656980	5.73e-55	228	424188	N/A
72_8_1401_35416_20905/1	gi|2080750008|gb|CP080647.1|	96.296	135	4	1	2	136	8770370	8770237	9.60e-53	220	2865673	N/A
72_8_1401_35416_20905/1	gi|2591930018|gb|CP122458.1|	95.556	135	4	2	2	136	9279709	9279577	4.46e-51	215	3038642	N/A
72_8_1274_18900_1784/1	gi|1484730244|ref|XM_026591266.1|	90.476	63	6	0	10	72	204	266	1.31e-11	84.2	3469	N/A
72_8_1274_18900_1784/1	gi|2978724457|gb|PV611058.1|	91.379	58	1	3	83	137	295321	295377	2.20e-09	76.8	3421660	N/A
72_8_1274_18900_1784/1	gi|2978724457|gb|PV611058.1|	91.379	58	1	3	83	137	295784	295840	2.20e-09	76.8	3421660	N/A
72_8_1274_18900_1784/1	gi|2557643774|emb|OY673254.1|	95.652	46	2	0	83	128	21732	21777	7.91e-09	75.0	2697049	N/A
72_8_1274_18900_1784/1	gi|2463378371|dbj|AP027461.1|	95.652	46	2	0	83	128	1299632	1299677	7.91e-09	75.0	511145	N/A
72_8_1274_18900_1784/1	gi|2463378371|dbj|AP027461.1|	95.652	46	2	0	83	128	1628404	1628359	7.91e-09	75.0	511145	N/A
72_8_1274_18900_1784/1	gi|2155043183|emb|OV015804.1|	100.000	40	0	0	80	119	29950	29911	7.91e-09	75.0	2697049	N/A
72_8_2287_44617_25794/1	gi|2973193911|emb|OZ257250.1|	87.023	131	17	0	7	137	3047190	3047060	4.59e-31	148	2067992	N/A
72_8_2287_44617_25794/1	gi|2517185782|gb|CP116346.1|	89.189	111	12	0	16	126	402035	401925	2.76e-28	139	3019553	N/A
72_8_2287_44617_25794/1	gi|381376528|dbj|AP012320.1|	89.815	108	9	2	16	122	993766	993872	9.94e-28	137	983917	N/A
72_8_2287_44617_25794/1	gi|1783618835|gb|CP041352.1|	90.099	101	10	0	22	122	974852	974952	4.63e-26	132	2591109	N/A
72_8_2287_44617_25794/1	gi|2842886548|gb|CP171997.1|	91.579	95	7	1	20	114	2601615	2601708	1.66e-25	130	47920	N/A
72_8_1127_33061_13775/1	gi|3045267147|gb|PX049138.1|	100.000	136	0	0	2	137	104034	103899	3.40e-62	252	3454936	N/A
72_8_1127_33061_13775/1	gi|3045267147|gb|PX049138.1|	100.000	136	0	0	2	137	131400	131535	3.40e-62	252	3454936	N/A
72_8_1127_33061_13775/1	gi|3045267060|gb|PX049137.1|	100.000	136	0	0	2	137	104024	103889	3.40e-62	252	165317	N/A
72_8_1127_33061_13775/1	gi|3045267060|gb|PX049137.1|	100.000	136	0	0	2	137	131393	131528	3.40e-62	252	165317	N/A
72_8_1127_33061_13775/1	gi|3032662704|gb|PQ231107.1|	100.000	136	0	0	2	137	104286	104151	3.40e-62	252	572118	N/A
72_8_1127_33061_13775/1	gi|3032662704|gb|PQ231107.1|	100.000	136	0	0	2	137	131206	131341	3.40e-62	252	572118	N/A
72_8_1127_33061_13775/1	gi|3032662616|gb|PQ231106.1|	100.000	136	0	0	2	137	103803	103668	3.40e-62	252	694377	N/A
72_8_1127_33061_13775/1	gi|3032662616|gb|PQ231106.1|	100.000	136	0	0	2	137	130700	130835	3.40e-62	252	694377	N/A
72_8_1127_33061_13775/1	gi|3032662528|gb|PQ231105.1|	100.000	136	0	0	2	137	103821	103686	3.40e-62	252	694377	N/A
72_8_1127_33061_13775/1	gi|3032662528|gb|PQ231105.1|	100.000	136	0	0	2	137	130716	130851	3.40e-62	252	694377	N/A
72_8_2466_40288_26536/1	gi|2813171436|gb|PQ325515.1|	100.000	136	0	0	2	137	100259	100124	3.40e-62	252	254027	N/A
72_8_2466_40288_26536/1	gi|2813171436|gb|PQ325515.1|	100.000	136	0	0	2	137	137179	137314	3.40e-62	252	254027	N/A
72_8_2466_40288_26536/1	gi|2805792360|gb|PQ124709.1|	100.000	136	0	0	2	137	99842	99977	3.40e-62	252	113209	N/A
72_8_2466_40288_26536/1	gi|2805792360|gb|PQ124709.1|	100.000	136	0	0	2	137	147892	147757	3.40e-62	252	113209	N/A
72_8_2466_40288_26536/1	gi|2805792263|gb|PQ124708.1|	100.000	136	0	0	2	137	99959	100094	3.40e-62	252	197811	N/A
72_8_2466_40288_26536/1	gi|2805792263|gb|PQ124708.1|	100.000	136	0	0	2	137	148047	147912	3.40e-62	252	197811	N/A
72_8_2466_40288_26536/1	gi|2805792167|gb|PQ124707.1|	100.000	136	0	0	2	137	99959	100094	3.40e-62	252	29818	N/A
72_8_2466_40288_26536/1	gi|2805792167|gb|PQ124707.1|	100.000	136	0	0	2	137	148047	147912	3.40e-62	252	29818	N/A
72_8_2466_40288_26536/1	gi|2805792070|gb|PQ124706.1|	100.000	136	0	0	2	137	99985	100120	3.40e-62	252	197796	N/A
72_8_2466_40288_26536/1	gi|2805792070|gb|PQ124706.1|	100.000	136	0	0	2	137	147980	147845	3.40e-62	252	197796	N/A
72_8_1484_36889_18300/1	gi|2894196248|emb|OZ220987.1|	100.000	28	0	0	21	48	24954583	24954610	0.037	52.8	988129	N/A
72_8_2404_9578_28904/1	gi|2805792360|gb|PQ124709.1|	100.000	60	0	0	2	61	12991	12932	6.03e-20	111	113209	N/A
72_8_2404_9578_28904/1	gi|2805792263|gb|PQ124708.1|	100.000	60	0	0	2	61	12990	12931	6.03e-20	111	197811	N/A
72_8_2404_9578_28904/1	gi|2805792167|gb|PQ124707.1|	100.000	60	0	0	2	61	12990	12931	6.03e-20	111	29818	N/A
72_8_2404_9578_28904/1	gi|2805792070|gb|PQ124706.1|	100.000	60	0	0	2	61	13030	12971	6.03e-20	111	197796	N/A
72_8_2404_9578_28904/1	gi|2724828596|ref|NC_088481.1|	100.000	60	0	0	2	61	12996	12937	6.03e-20	111	113209	N/A
72_8_2307_44512_3451/1	gi|3048443377|emb|OZ306171.1|	99.265	136	1	0	2	137	103326	103191	1.58e-60	246	481118	N/A
72_8_2307_44512_3451/1	gi|3048443377|emb|OZ306171.1|	99.265	136	1	0	2	137	130415	130550	1.58e-60	246	481118	N/A
72_8_2307_44512_3451/1	gi|3048443334|emb|OZ306286.1|	99.265	136	1	0	2	137	66578334	66578199	1.58e-60	246	78511	N/A
72_8_2307_44512_3451/1	gi|3048264046|emb|OZ297787.1|	99.265	136	1	0	2	137	107704	107569	1.58e-60	246	55318	N/A
72_8_2307_44512_3451/1	gi|3048264046|emb|OZ297787.1|	99.265	136	1	0	2	137	136097	136232	1.58e-60	246	55318	N/A
72_8_2307_44512_3451/1	gi|3048228106|emb|OZ297184.1|	99.265	136	1	0	2	137	108404	108269	1.58e-60	246	397083	N/A
72_8_2307_44512_3451/1	gi|3048228106|emb|OZ297184.1|	99.265	136	1	0	2	137	136875	137010	1.58e-60	246	397083	N/A
72_8_2307_44512_3451/1	gi|3048195103|emb|OZ297140.1|	99.265	136	1	0	2	137	105960	105825	1.58e-60	246	59297	N/A
72_8_2307_44512_3451/1	gi|3048195103|emb|OZ297140.1|	99.265	136	1	0	2	137	132604	132739	1.58e-60	246	59297	N/A
72_8_2368_5653_22138/1	gi|2701785471|gb|OR911489.1|	100.000	136	0	0	2	137	1006	871	3.40e-62	252	185002	N/A
72_8_2368_5653_22138/1	gi|2701784733|gb|OR911481.1|	100.000	136	0	0	2	137	950	815	3.40e-62	252	39414	N/A
72_8_2368_5653_22138/1	gi|2288448399|gb|ON641301.1|	100.000	136	0	0	2	137	961	826	3.40e-62	252	185001	N/A
72_8_2368_5653_22138/1	gi|2050192570|gb|MW877583.1|	100.000	136	0	0	2	137	1007	872	3.40e-62	252	185002	N/A
72_8_2368_5653_22138/1	gi|2050192475|gb|MW877582.1|	100.000	136	0	0	2	137	950	815	3.40e-62	252	39414	N/A
72_8_2132_21732_7051/1	gi|2945956552|emb|OZ246386.1|	100.000	28	0	0	2	29	3253238	3253265	0.037	52.8	470445	N/A
72_8_1108_42432_15344/1	gi|2805792360|gb|PQ124709.1|	100.000	60	0	0	2	61	12991	12932	6.03e-20	111	113209	N/A
72_8_1108_42432_15344/1	gi|2805792263|gb|PQ124708.1|	100.000	60	0	0	2	61	12990	12931	6.03e-20	111	197811	N/A
72_8_1108_42432_15344/1	gi|2805792167|gb|PQ124707.1|	100.000	60	0	0	2	61	12990	12931	6.03e-20	111	29818	N/A
72_8_1108_42432_15344/1	gi|2805792070|gb|PQ124706.1|	100.000	60	0	0	2	61	13030	12971	6.03e-20	111	197796	N/A
72_8_1108_42432_15344/1	gi|2724828596|ref|NC_088481.1|	100.000	60	0	0	2	61	12996	12937	6.03e-20	111	113209	N/A
72_8_2127_35635_1056/1	gi|2701784733|gb|OR911481.1|	100.000	136	0	0	2	137	33013	32878	3.40e-62	252	39414	N/A
72_8_2127_35635_1056/1	gi|2328376401|ref|NC_068049.1|	100.000	136	0	0	2	137	32999	32864	3.40e-62	252	39414	N/A
72_8_2127_35635_1056/1	gi|2288448399|gb|ON641301.1|	100.000	136	0	0	2	137	33215	33080	3.40e-62	252	185001	N/A
72_8_2127_35635_1056/1	gi|2050192475|gb|MW877582.1|	100.000	136	0	0	2	137	33012	32877	3.40e-62	252	39414	N/A
72_8_2127_35635_1056/1	gi|2050192381|gb|MW877581.1|	100.000	136	0	0	2	137	33141	33006	3.40e-62	252	185001	N/A
72_8_2285_18236_1784/1	gi|2701784733|gb|OR911481.1|	99.265	136	1	0	2	137	33013	32878	1.58e-60	246	39414	N/A
72_8_2285_18236_1784/1	gi|2328376401|ref|NC_068049.1|	99.265	136	1	0	2	137	32999	32864	1.58e-60	246	39414	N/A
72_8_2285_18236_1784/1	gi|2288448399|gb|ON641301.1|	99.265	136	1	0	2	137	33215	33080	1.58e-60	246	185001	N/A
72_8_2285_18236_1784/1	gi|2050192475|gb|MW877582.1|	99.265	136	1	0	2	137	33012	32877	1.58e-60	246	39414	N/A
72_8_2285_18236_1784/1	gi|2050192381|gb|MW877581.1|	99.265	136	1	0	2	137	33141	33006	1.58e-60	246	185001	N/A
72_8_1365_18156_29100/1	gi|2719965819|gb|PP582185.1|	100.000	30	0	0	108	137	17845	17874	0.003	56.5	3138323	N/A
72_8_1365_18156_29100/1	gi|3014747989|dbj|AP041609.1|	100.000	29	0	0	109	137	869009	868981	0.010	54.7	1280	N/A
72_8_1277_20130_11366/1	gi|3048443377|emb|OZ306171.1|	100.000	136	0	0	2	137	103326	103191	3.40e-62	252	481118	N/A
72_8_1277_20130_11366/1	gi|3048443377|emb|OZ306171.1|	100.000	136	0	0	2	137	130415	130550	3.40e-62	252	481118	N/A
72_8_1277_20130_11366/1	gi|3048443334|emb|OZ306286.1|	100.000	136	0	0	2	137	66578334	66578199	3.40e-62	252	78511	N/A
72_8_1277_20130_11366/1	gi|3048264046|emb|OZ297787.1|	100.000	136	0	0	2	137	107704	107569	3.40e-62	252	55318	N/A
72_8_1277_20130_11366/1	gi|3048264046|emb|OZ297787.1|	100.000	136	0	0	2	137	136097	136232	3.40e-62	252	55318	N/A
72_8_1277_20130_11366/1	gi|3048228106|emb|OZ297184.1|	100.000	136	0	0	2	137	108404	108269	3.40e-62	252	397083	N/A
72_8_1277_20130_11366/1	gi|3048228106|emb|OZ297184.1|	100.000	136	0	0	2	137	136875	137010	3.40e-62	252	397083	N/A
72_8_1277_20130_11366/1	gi|3048195103|emb|OZ297140.1|	100.000	136	0	0	2	137	105960	105825	3.40e-62	252	59297	N/A
72_8_1277_20130_11366/1	gi|3048195103|emb|OZ297140.1|	100.000	136	0	0	2	137	132604	132739	3.40e-62	252	59297	N/A
72_8_1244_19499_26298/1	gi|3048443377|emb|OZ306171.1|	100.000	136	0	0	2	137	103326	103191	3.40e-62	252	481118	N/A
72_8_1244_19499_26298/1	gi|3048443377|emb|OZ306171.1|	100.000	136	0	0	2	137	130415	130550	3.40e-62	252	481118	N/A
72_8_1244_19499_26298/1	gi|3048443334|emb|OZ306286.1|	100.000	136	0	0	2	137	66578334	66578199	3.40e-62	252	78511	N/A
72_8_1244_19499_26298/1	gi|3048264046|emb|OZ297787.1|	100.000	136	0	0	2	137	107704	107569	3.40e-62	252	55318	N/A
72_8_1244_19499_26298/1	gi|3048264046|emb|OZ297787.1|	100.000	136	0	0	2	137	136097	136232	3.40e-62	252	55318	N/A
72_8_1244_19499_26298/1	gi|3048228106|emb|OZ297184.1|	100.000	136	0	0	2	137	108404	108269	3.40e-62	252	397083	N/A
72_8_1244_19499_26298/1	gi|3048228106|emb|OZ297184.1|	100.000	136	0	0	2	137	136875	137010	3.40e-62	252	397083	N/A
72_8_1244_19499_26298/1	gi|3048195103|emb|OZ297140.1|	100.000	136	0	0	2	137	105960	105825	3.40e-62	252	59297	N/A
72_8_1244_19499_26298/1	gi|3048195103|emb|OZ297140.1|	100.000	136	0	0	2	137	132604	132739	3.40e-62	252	59297	N/A
72_8_2261_33361_8158/1	gi|3045267147|gb|PX049138.1|	100.000	136	0	0	2	137	104034	103899	3.40e-62	252	3454936	N/A
72_8_2261_33361_8158/1	gi|3045267147|gb|PX049138.1|	100.000	136	0	0	2	137	131400	131535	3.40e-62	252	3454936	N/A
72_8_2261_33361_8158/1	gi|3045267060|gb|PX049137.1|	100.000	136	0	0	2	137	104024	103889	3.40e-62	252	165317	N/A
72_8_2261_33361_8158/1	gi|3045267060|gb|PX049137.1|	100.000	136	0	0	2	137	131393	131528	3.40e-62	252	165317	N/A
72_8_2261_33361_8158/1	gi|3032662704|gb|PQ231107.1|	100.000	136	0	0	2	137	104286	104151	3.40e-62	252	572118	N/A
72_8_2261_33361_8158/1	gi|3032662704|gb|PQ231107.1|	100.000	136	0	0	2	137	131206	131341	3.40e-62	252	572118	N/A
72_8_2261_33361_8158/1	gi|3032662616|gb|PQ231106.1|	100.000	136	0	0	2	137	103803	103668	3.40e-62	252	694377	N/A
72_8_2261_33361_8158/1	gi|3032662616|gb|PQ231106.1|	100.000	136	0	0	2	137	130700	130835	3.40e-62	252	694377	N/A
72_8_2261_33361_8158/1	gi|3032662528|gb|PQ231105.1|	100.000	136	0	0	2	137	103821	103686	3.40e-62	252	694377	N/A
72_8_2261_33361_8158/1	gi|3032662528|gb|PQ231105.1|	100.000	136	0	0	2	137	130716	130851	3.40e-62	252	694377	N/A
72_8_2238_14158_3661/1	gi|2701784733|gb|OR911481.1|	100.000	135	0	0	3	137	33012	32878	1.22e-61	250	39414	N/A
72_8_2238_14158_3661/1	gi|2328376401|ref|NC_068049.1|	100.000	135	0	0	3	137	32998	32864	1.22e-61	250	39414	N/A
72_8_2238_14158_3661/1	gi|2288448399|gb|ON641301.1|	100.000	135	0	0	3	137	33214	33080	1.22e-61	250	185001	N/A
72_8_2238_14158_3661/1	gi|2050192475|gb|MW877582.1|	100.000	135	0	0	3	137	33011	32877	1.22e-61	250	39414	N/A
72_8_2238_14158_3661/1	gi|2050192381|gb|MW877581.1|	100.000	135	0	0	3	137	33140	33006	1.22e-61	250	185001	N/A
72_8_2190_9343_12416/1	gi|3048443377|emb|OZ306171.1|	100.000	136	0	0	2	137	103326	103191	3.40e-62	252	481118	N/A
72_8_2190_9343_12416/1	gi|3048443377|emb|OZ306171.1|	100.000	136	0	0	2	137	130415	130550	3.40e-62	252	481118	N/A
72_8_2190_9343_12416/1	gi|3048443334|emb|OZ306286.1|	100.000	136	0	0	2	137	66578334	66578199	3.40e-62	252	78511	N/A
72_8_2190_9343_12416/1	gi|3048264046|emb|OZ297787.1|	100.000	136	0	0	2	137	107704	107569	3.40e-62	252	55318	N/A
72_8_2190_9343_12416/1	gi|3048264046|emb|OZ297787.1|	100.000	136	0	0	2	137	136097	136232	3.40e-62	252	55318	N/A
72_8_2190_9343_12416/1	gi|3048228106|emb|OZ297184.1|	100.000	136	0	0	2	137	108404	108269	3.40e-62	252	397083	N/A
72_8_2190_9343_12416/1	gi|3048228106|emb|OZ297184.1|	100.000	136	0	0	2	137	136875	137010	3.40e-62	252	397083	N/A
72_8_2190_9343_12416/1	gi|3048195103|emb|OZ297140.1|	100.000	136	0	0	2	137	105960	105825	3.40e-62	252	59297	N/A
72_8_2190_9343_12416/1	gi|3048195103|emb|OZ297140.1|	100.000	136	0	0	2	137	132604	132739	3.40e-62	252	59297	N/A
72_8_2331_42052_12809/1	gi|3045267147|gb|PX049138.1|	100.000	136	0	0	2	137	104034	103899	3.40e-62	252	3454936	N/A
72_8_2331_42052_12809/1	gi|3045267147|gb|PX049138.1|	100.000	136	0	0	2	137	131400	131535	3.40e-62	252	3454936	N/A
72_8_2331_42052_12809/1	gi|3045267060|gb|PX049137.1|	100.000	136	0	0	2	137	104024	103889	3.40e-62	252	165317	N/A
72_8_2331_42052_12809/1	gi|3045267060|gb|PX049137.1|	100.000	136	0	0	2	137	131393	131528	3.40e-62	252	165317	N/A
72_8_2331_42052_12809/1	gi|3032662704|gb|PQ231107.1|	100.000	136	0	0	2	137	104286	104151	3.40e-62	252	572118	N/A
72_8_2331_42052_12809/1	gi|3032662704|gb|PQ231107.1|	100.000	136	0	0	2	137	131206	131341	3.40e-62	252	572118	N/A
72_8_2331_42052_12809/1	gi|3032662616|gb|PQ231106.1|	100.000	136	0	0	2	137	103803	103668	3.40e-62	252	694377	N/A
72_8_2331_42052_12809/1	gi|3032662616|gb|PQ231106.1|	100.000	136	0	0	2	137	130700	130835	3.40e-62	252	694377	N/A
72_8_2331_42052_12809/1	gi|3032662528|gb|PQ231105.1|	100.000	136	0	0	2	137	103821	103686	3.40e-62	252	694377	N/A
72_8_2331_42052_12809/1	gi|3032662528|gb|PQ231105.1|	100.000	136	0	0	2	137	130716	130851	3.40e-62	252	694377	N/A
72_8_1390_50970_19644/1	gi|3048443377|emb|OZ306171.1|	100.000	136	0	0	2	137	103326	103191	3.40e-62	252	481118	N/A
72_8_1390_50970_19644/1	gi|3048443377|emb|OZ306171.1|	100.000	136	0	0	2	137	130415	130550	3.40e-62	252	481118	N/A
72_8_1390_50970_19644/1	gi|3048443334|emb|OZ306286.1|	100.000	136	0	0	2	137	66578334	66578199	3.40e-62	252	78511	N/A
72_8_1390_50970_19644/1	gi|3048264046|emb|OZ297787.1|	100.000	136	0	0	2	137	107704	107569	3.40e-62	252	55318	N/A
72_8_1390_50970_19644/1	gi|3048264046|emb|OZ297787.1|	100.000	136	0	0	2	137	136097	136232	3.40e-62	252	55318	N/A
72_8_1390_50970_19644/1	gi|3048228106|emb|OZ297184.1|	100.000	136	0	0	2	137	108404	108269	3.40e-62	252	397083	N/A
72_8_1390_50970_19644/1	gi|3048228106|emb|OZ297184.1|	100.000	136	0	0	2	137	136875	137010	3.40e-62	252	397083	N/A
72_8_1390_50970_19644/1	gi|3048195103|emb|OZ297140.1|	100.000	136	0	0	2	137	105960	105825	3.40e-62	252	59297	N/A
72_8_1390_50970_19644/1	gi|3048195103|emb|OZ297140.1|	100.000	136	0	0	2	137	132604	132739	3.40e-62	252	59297	N/A
72_8_2498_43379_27209/1	gi|2978724457|gb|PV611058.1|	91.935	62	1	3	79	137	295320	295380	1.31e-11	84.2	3421660	N/A
72_8_2498_43379_27209/1	gi|2978724457|gb|PV611058.1|	91.803	61	1	3	79	136	295783	295842	4.72e-11	82.4	3421660	N/A
72_8_2498_43379_27209/1	gi|2557643774|emb|OY673254.1|	92.593	54	3	1	73	125	21724	21777	2.20e-09	76.8	2697049	N/A
72_8_2498_43379_27209/1	gi|2557638192|emb|OY694677.1|	94.000	50	1	2	77	125	4298	4346	7.91e-09	75.0	2697049	N/A
72_8_2498_43379_27209/1	gi|2463378371|dbj|AP027461.1|	95.652	46	2	0	80	125	1299632	1299677	7.91e-09	75.0	511145	N/A
72_8_2498_43379_27209/1	gi|2463378371|dbj|AP027461.1|	95.652	46	2	0	80	125	1628404	1628359	7.91e-09	75.0	511145	N/A
72_8_2498_43379_27209/1	gi|2165836832|emb|OV197136.1|	92.593	54	1	3	73	125	122	71	7.91e-09	75.0	2697049	N/A
72_8_2453_32479_5511/1	gi|3048443377|emb|OZ306171.1|	100.000	136	0	0	2	137	103326	103191	3.40e-62	252	481118	N/A
72_8_2453_32479_5511/1	gi|3048443377|emb|OZ306171.1|	100.000	136	0	0	2	137	130415	130550	3.40e-62	252	481118	N/A
72_8_2453_32479_5511/1	gi|3048443334|emb|OZ306286.1|	100.000	136	0	0	2	137	66578334	66578199	3.40e-62	252	78511	N/A
72_8_2453_32479_5511/1	gi|3048264046|emb|OZ297787.1|	100.000	136	0	0	2	137	107704	107569	3.40e-62	252	55318	N/A
72_8_2453_32479_5511/1	gi|3048264046|emb|OZ297787.1|	100.000	136	0	0	2	137	136097	136232	3.40e-62	252	55318	N/A
72_8_2453_32479_5511/1	gi|3048228106|emb|OZ297184.1|	100.000	136	0	0	2	137	108404	108269	3.40e-62	252	397083	N/A
72_8_2453_32479_5511/1	gi|3048228106|emb|OZ297184.1|	100.000	136	0	0	2	137	136875	137010	3.40e-62	252	397083	N/A
72_8_2453_32479_5511/1	gi|3048195103|emb|OZ297140.1|	100.000	136	0	0	2	137	105960	105825	3.40e-62	252	59297	N/A
72_8_2453_32479_5511/1	gi|3048195103|emb|OZ297140.1|	100.000	136	0	0	2	137	132604	132739	3.40e-62	252	59297	N/A
72_8_1383_39284_4544/1	gi|3048443377|emb|OZ306171.1|	100.000	136	0	0	2	137	103326	103191	3.40e-62	252	481118	N/A
72_8_1383_39284_4544/1	gi|3048443377|emb|OZ306171.1|	100.000	136	0	0	2	137	130415	130550	3.40e-62	252	481118	N/A
72_8_1383_39284_4544/1	gi|3048443334|emb|OZ306286.1|	100.000	136	0	0	2	137	66578334	66578199	3.40e-62	252	78511	N/A
72_8_1383_39284_4544/1	gi|3048264046|emb|OZ297787.1|	100.000	136	0	0	2	137	107704	107569	3.40e-62	252	55318	N/A
72_8_1383_39284_4544/1	gi|3048264046|emb|OZ297787.1|	100.000	136	0	0	2	137	136097	136232	3.40e-62	252	55318	N/A
72_8_1383_39284_4544/1	gi|3048228106|emb|OZ297184.1|	100.000	136	0	0	2	137	108404	108269	3.40e-62	252	397083	N/A
72_8_1383_39284_4544/1	gi|3048228106|emb|OZ297184.1|	100.000	136	0	0	2	137	136875	137010	3.40e-62	252	397083	N/A
72_8_1383_39284_4544/1	gi|3048195103|emb|OZ297140.1|	100.000	136	0	0	2	137	105960	105825	3.40e-62	252	59297	N/A
72_8_1383_39284_4544/1	gi|3048195103|emb|OZ297140.1|	100.000	136	0	0	2	137	132604	132739	3.40e-62	252	59297	N/A
72_8_1206_37496_15036/1	gi|1968733457|gb|CP068570.1|	81.081	111	21	0	27	137	84146	84036	2.82e-13	89.8	2803784	N/A
72_8_2352_23747_19336/1	gi|2658753738|gb|CP107942.1|	94.030	67	4	0	2	68	9166962	9166896	3.63e-17	102	2975953	N/A
72_8_2352_23747_19336/1	gi|3000047897|gb|CP192102.1|	93.846	65	4	0	2	66	676651	676587	4.69e-16	99.0	3239897	N/A
72_8_2352_23747_19336/1	gi|2999770446|gb|CP192024.1|	91.525	59	5	0	2	60	6269440	6269498	4.72e-11	82.4	709878	N/A
72_8_2352_23747_19336/1	gi|2557643774|emb|OY673254.1|	95.652	46	2	0	79	124	21732	21777	7.91e-09	75.0	2697049	N/A
72_8_2352_23747_19336/1	gi|2463378371|dbj|AP027461.1|	95.652	46	2	0	79	124	1299632	1299677	7.91e-09	75.0	511145	N/A
72_8_2352_23747_19336/1	gi|2463378371|dbj|AP027461.1|	95.652	46	2	0	79	124	1628404	1628359	7.91e-09	75.0	511145	N/A
72_8_1232_51172_19126/1	gi|685047827|emb|LN596339.1|	94.000	50	1	2	85	132	601778	601827	7.91e-09	75.0	7962	N/A
72_8_1232_51172_19126/1	gi|685043901|emb|LN592426.1|	94.118	51	0	3	84	132	375099	375148	7.91e-09	75.0	7962	N/A
72_8_1232_51172_19126/1	gi|685042149|emb|LN590674.1|	95.745	47	0	2	88	132	7527030	7527076	7.91e-09	75.0	7962	N/A
72_8_1232_51172_19126/1	gi|685042149|emb|LN590674.1|	95.349	43	0	1	93	133	13172347	13172305	1.32e-06	67.6	7962	N/A
72_8_1232_51172_19126/1	gi|2557643774|emb|OY673254.1|	95.556	45	2	0	93	137	21732	21776	2.84e-08	73.1	2697049	N/A
72_8_1232_51172_19126/1	gi|2463378371|dbj|AP027461.1|	93.750	48	3	0	90	137	1299629	1299676	2.84e-08	73.1	511145	N/A
72_8_1232_51172_19126/1	gi|2463378371|dbj|AP027461.1|	95.556	45	2	0	93	137	1628404	1628360	2.84e-08	73.1	511145	N/A
72_8_1207_6050_12010/1	gi|3045267147|gb|PX049138.1|	100.000	136	0	0	2	137	104034	103899	3.40e-62	252	3454936	N/A
72_8_1207_6050_12010/1	gi|3045267147|gb|PX049138.1|	100.000	136	0	0	2	137	131400	131535	3.40e-62	252	3454936	N/A
72_8_1207_6050_12010/1	gi|3045267060|gb|PX049137.1|	100.000	136	0	0	2	137	104024	103889	3.40e-62	252	165317	N/A
72_8_1207_6050_12010/1	gi|3045267060|gb|PX049137.1|	100.000	136	0	0	2	137	131393	131528	3.40e-62	252	165317	N/A
72_8_1207_6050_12010/1	gi|3032662704|gb|PQ231107.1|	100.000	136	0	0	2	137	104286	104151	3.40e-62	252	572118	N/A
72_8_1207_6050_12010/1	gi|3032662704|gb|PQ231107.1|	100.000	136	0	0	2	137	131206	131341	3.40e-62	252	572118	N/A
72_8_1207_6050_12010/1	gi|3032662616|gb|PQ231106.1|	100.000	136	0	0	2	137	103803	103668	3.40e-62	252	694377	N/A
72_8_1207_6050_12010/1	gi|3032662616|gb|PQ231106.1|	100.000	136	0	0	2	137	130700	130835	3.40e-62	252	694377	N/A
72_8_1207_6050_12010/1	gi|3032662528|gb|PQ231105.1|	100.000	136	0	0	2	137	103821	103686	3.40e-62	252	694377	N/A
72_8_1207_6050_12010/1	gi|3032662528|gb|PQ231105.1|	100.000	136	0	0	2	137	130716	130851	3.40e-62	252	694377	N/A
72_8_1474_7984_17207/1	gi|146189981|emb|CU234118.1|	89.630	135	14	0	3	137	1801603	1801469	2.73e-38	172	114615	N/A
72_8_1474_7984_17207/1	gi|146403799|gb|CP000494.1|	89.916	119	11	1	13	131	2063044	2062927	3.55e-32	152	288000	N/A
72_8_1474_7984_17207/1	gi|2746334721|gb|CP158568.1|	81.818	121	18	4	13	131	1023932	1023814	4.69e-16	99.0	3162530	N/A
72_8_1474_7984_17207/1	gi|2597782903|gb|CP133111.1|	79.339	121	21	4	11	129	5771397	5771515	4.72e-11	82.4	3034676	N/A
72_8_1474_7984_17207/1	gi|723001977|dbj|AP014683.1|	95.349	43	2	0	23	65	2127006	2127048	3.68e-07	69.4	1469502	N/A
72_8_1158_16359_21339/1	gi|2853209876|gb|CP051166.1|	82.051	117	21	0	2	118	4603406	4603522	1.30e-16	100	2495579	N/A
72_8_1158_16359_21339/1	gi|2075563026|gb|CP080378.1|	81.356	118	20	2	2	118	5186819	5186935	6.07e-15	95.3	2861283	N/A
72_8_2144_12896_18426/1	gi|685042168|emb|LN590693.1|	93.617	47	1	2	89	133	11958545	11958499	3.68e-07	69.4	7962	N/A
72_8_2144_12896_18426/1	gi|685042168|emb|LN590693.1|	95.000	40	0	2	96	133	320173	320212	6.15e-05	62.1	7962	N/A
72_8_2144_12896_18426/1	gi|685042168|emb|LN590693.1|	95.000	40	0	2	96	133	320672	320633	6.15e-05	62.1	7962	N/A
72_8_2144_12896_18426/1	gi|2991388621|dbj|AP040934.1|	93.478	46	1	2	84	129	4900958	4900915	1.32e-06	67.6	562	N/A
72_8_2144_12896_18426/1	gi|2991388621|dbj|AP040934.1|	100.000	34	0	0	96	129	146951	146984	1.71e-05	63.9	562	N/A
72_8_2144_12896_18426/1	gi|2557643774|emb|OY673254.1|	95.238	42	2	0	96	137	21734	21775	1.32e-06	67.6	2697049	N/A
72_8_2144_12896_18426/1	gi|2463378371|dbj|AP027461.1|	95.238	42	2	0	96	137	1299634	1299675	1.32e-06	67.6	511145	N/A
72_8_2144_12896_18426/1	gi|2463378371|dbj|AP027461.1|	95.238	42	2	0	96	137	1628402	1628361	1.32e-06	67.6	511145	N/A
72_8_2144_12896_18426/1	gi|1973745234|dbj|LC529901.1|	100.000	36	0	0	93	128	11754	11719	1.32e-06	67.6	76106	N/A
72_8_2144_12896_18426/1	gi|1973745234|dbj|LC529901.1|	100.000	33	0	0	96	128	117101	117133	6.15e-05	62.1	76106	N/A
72_8_2144_12896_18426/1	gi|1973745234|dbj|LC529901.1|	100.000	33	0	0	96	128	164423	164455	6.15e-05	62.1	76106	N/A
72_8_1153_5985_1700/1	gi|2805792360|gb|PQ124709.1|	100.000	129	0	0	2	130	97766	97638	2.65e-58	239	113209	N/A
72_8_1153_5985_1700/1	gi|2805792360|gb|PQ124709.1|	100.000	129	0	0	2	130	149968	150096	2.65e-58	239	113209	N/A
72_8_1153_5985_1700/1	gi|2805792263|gb|PQ124708.1|	100.000	129	0	0	2	130	97884	97756	2.65e-58	239	197811	N/A
72_8_1153_5985_1700/1	gi|2805792263|gb|PQ124708.1|	100.000	129	0	0	2	130	150122	150250	2.65e-58	239	197811	N/A
72_8_1153_5985_1700/1	gi|2805792167|gb|PQ124707.1|	100.000	129	0	0	2	130	97884	97756	2.65e-58	239	29818	N/A
72_8_1153_5985_1700/1	gi|2805792167|gb|PQ124707.1|	100.000	129	0	0	2	130	150122	150250	2.65e-58	239	29818	N/A
72_8_1153_5985_1700/1	gi|2805792070|gb|PQ124706.1|	100.000	129	0	0	2	130	97909	97781	2.65e-58	239	197796	N/A
72_8_1153_5985_1700/1	gi|2805792070|gb|PQ124706.1|	100.000	129	0	0	2	130	150056	150184	2.65e-58	239	197796	N/A
72_8_1153_5985_1700/1	gi|2724828596|ref|NC_088481.1|	100.000	129	0	0	2	130	97750	97622	2.65e-58	239	113209	N/A
72_8_1153_5985_1700/1	gi|2724828596|ref|NC_088481.1|	100.000	129	0	0	2	130	149957	150085	2.65e-58	239	113209	N/A
72_8_1177_18965_9321/1	gi|1966934110|gb|CP068496.1|	91.011	89	8	0	5	93	994761	994673	1.00e-22	121	2802321	N/A
72_8_1177_18965_9321/1	gi|1832891619|ref|XM_033595899.1|	90.588	85	8	0	3	87	188	272	1.68e-20	113	1150837	N/A
72_8_1177_18965_9321/1	gi|2938401257|gb|CP118443.1|	90.000	80	8	0	2	81	2681650	2681729	1.01e-17	104	205686	N/A
72_8_1177_18965_9321/1	gi|2938386903|gb|CP118412.1|	90.000	80	8	0	2	81	2524937	2525016	1.01e-17	104	205686	N/A
72_8_2263_47975_25360/1	gi|2805792360|gb|PQ124709.1|	100.000	129	0	0	2	130	97766	97638	2.65e-58	239	113209	N/A
72_8_2263_47975_25360/1	gi|2805792360|gb|PQ124709.1|	100.000	129	0	0	2	130	149968	150096	2.65e-58	239	113209	N/A
72_8_2263_47975_25360/1	gi|2805792263|gb|PQ124708.1|	100.000	129	0	0	2	130	97884	97756	2.65e-58	239	197811	N/A
72_8_2263_47975_25360/1	gi|2805792263|gb|PQ124708.1|	100.000	129	0	0	2	130	150122	150250	2.65e-58	239	197811	N/A
72_8_2263_47975_25360/1	gi|2805792167|gb|PQ124707.1|	100.000	129	0	0	2	130	97884	97756	2.65e-58	239	29818	N/A
72_8_2263_47975_25360/1	gi|2805792167|gb|PQ124707.1|	100.000	129	0	0	2	130	150122	150250	2.65e-58	239	29818	N/A
72_8_2263_47975_25360/1	gi|2805792070|gb|PQ124706.1|	100.000	129	0	0	2	130	97909	97781	2.65e-58	239	197796	N/A
72_8_2263_47975_25360/1	gi|2805792070|gb|PQ124706.1|	100.000	129	0	0	2	130	150056	150184	2.65e-58	239	197796	N/A
72_8_2263_47975_25360/1	gi|2724828596|ref|NC_088481.1|	100.000	129	0	0	2	130	97750	97622	2.65e-58	239	113209	N/A
72_8_2263_47975_25360/1	gi|2724828596|ref|NC_088481.1|	100.000	129	0	0	2	130	149957	150085	2.65e-58	239	113209	N/A
72_8_2180_45774_6561/1	gi|2701785009|gb|OR911484.1|	98.529	136	2	0	2	137	590	455	7.37e-59	241	197809	N/A
72_8_2180_45774_6561/1	gi|2724827569|ref|NC_088470.1|	98.529	136	2	0	2	137	583	448	7.37e-59	241	2550875	N/A
72_8_2180_45774_6561/1	gi|2666688421|ref|NC_085450.1|	98.529	136	2	0	2	137	538	403	7.37e-59	241	3107745	N/A
72_8_2180_45774_6561/1	gi|2288448399|gb|ON641301.1|	98.529	136	2	0	2	137	592	457	7.37e-59	241	185001	N/A
72_8_2180_45774_6561/1	gi|2050192381|gb|MW877581.1|	98.529	136	2	0	2	137	601	466	7.37e-59	241	185001	N/A
72_8_2210_31848_19350/1	gi|1384998881|gb|CP012640.2|	83.824	136	22	0	2	137	799473	799608	1.66e-25	130	1707785	N/A
72_8_2210_31848_19350/1	gi|2961571457|gb|CP183987.1|	85.833	120	13	4	2	119	2832689	2832806	7.74e-24	124	3404061	N/A
72_8_2210_31848_19350/1	gi|2961559313|gb|CP183988.1|	85.833	120	13	4	2	119	2745683	2745800	7.74e-24	124	3404063	N/A
72_8_2210_31848_19350/1	gi|2961275698|gb|CP184572.1|	85.833	120	13	4	2	119	2732699	2732816	7.74e-24	124	3404062	N/A
72_8_2210_31848_19350/1	gi|2075576740|gb|CP080379.1|	83.088	136	23	0	2	137	1348971	1349106	7.74e-24	124	2861282	N/A
72_8_2154_7409_27895/1	gi|2075576740|gb|CP080379.1|	94.118	136	8	0	2	137	2917919	2918054	7.47e-49	207	2861282	N/A
72_8_2154_7409_27895/1	gi|1929479555|gb|CP063848.1|	92.647	136	10	0	2	137	4266179	4266314	1.62e-45	196	1337838	N/A
72_8_2154_7409_27895/1	gi|1835022313|gb|CP051685.1|	91.971	137	9	2	2	137	3174884	3174749	7.52e-44	191	2728020	N/A
72_8_2154_7409_27895/1	gi|2563947646|gb|CP132480.1|	91.912	136	11	0	2	137	1754442	1754577	7.52e-44	191	3068633	N/A
72_8_2154_7409_27895/1	gi|2327757735|dbj|AP026966.1|	91.176	136	12	0	2	137	4550275	4550410	3.50e-42	185	457921	N/A
72_8_2398_50751_2261/1	gi|2701784733|gb|OR911481.1|	98.529	136	2	0	2	137	33013	32878	7.37e-59	241	39414	N/A
72_8_2398_50751_2261/1	gi|2328376401|ref|NC_068049.1|	98.529	136	2	0	2	137	32999	32864	7.37e-59	241	39414	N/A
72_8_2398_50751_2261/1	gi|2288448399|gb|ON641301.1|	98.529	136	2	0	2	137	33215	33080	7.37e-59	241	185001	N/A
72_8_2398_50751_2261/1	gi|2050192475|gb|MW877582.1|	98.529	136	2	0	2	137	33012	32877	7.37e-59	241	39414	N/A
72_8_2398_50751_2261/1	gi|2050192381|gb|MW877581.1|	98.529	136	2	0	2	137	33141	33006	7.37e-59	241	185001	N/A
72_8_2382_28352_25934/1	gi|2621717735|emb|OY776132.1|	100.000	136	0	0	2	137	16041828	16041693	3.40e-62	252	1000418	N/A
72_8_2382_28352_25934/1	gi|3048443377|emb|OZ306171.1|	99.265	136	1	0	2	137	103326	103191	1.58e-60	246	481118	N/A
72_8_2382_28352_25934/1	gi|3048443377|emb|OZ306171.1|	99.265	136	1	0	2	137	130415	130550	1.58e-60	246	481118	N/A
72_8_2382_28352_25934/1	gi|3048443334|emb|OZ306286.1|	99.265	136	1	0	2	137	66578334	66578199	1.58e-60	246	78511	N/A
72_8_2382_28352_25934/1	gi|3048264046|emb|OZ297787.1|	99.265	136	1	0	2	137	107704	107569	1.58e-60	246	55318	N/A
72_8_2382_28352_25934/1	gi|3048264046|emb|OZ297787.1|	99.265	136	1	0	2	137	136097	136232	1.58e-60	246	55318	N/A
72_8_2382_28352_25934/1	gi|3048228106|emb|OZ297184.1|	99.265	136	1	0	2	137	108404	108269	1.58e-60	246	397083	N/A
72_8_2382_28352_25934/1	gi|3048228106|emb|OZ297184.1|	99.265	136	1	0	2	137	136875	137010	1.58e-60	246	397083	N/A
72_8_1155_12127_21213/1	gi|3045811490|gb|PX133153.1|	100.000	136	0	0	2	137	61802	61937	3.40e-62	252	691774	N/A
72_8_1155_12127_21213/1	gi|3045811376|gb|PX133145.1|	100.000	136	0	0	2	137	51472	51337	3.40e-62	252	41911	N/A
72_8_1155_12127_21213/1	gi|3045267147|gb|PX049138.1|	100.000	136	0	0	2	137	83614	83749	3.40e-62	252	3454936	N/A
72_8_1155_12127_21213/1	gi|3045267147|gb|PX049138.1|	100.000	136	0	0	2	137	151820	151685	3.40e-62	252	3454936	N/A
72_8_1155_12127_21213/1	gi|3045267060|gb|PX049137.1|	100.000	136	0	0	2	137	83610	83745	3.40e-62	252	165317	N/A
72_8_1155_12127_21213/1	gi|3045267060|gb|PX049137.1|	100.000	136	0	0	2	137	151807	151672	3.40e-62	252	165317	N/A
72_8_1155_12127_21213/1	gi|3032662616|gb|PQ231106.1|	100.000	136	0	0	2	137	83270	83405	3.40e-62	252	694377	N/A
72_8_1155_12127_21213/1	gi|3032662616|gb|PQ231106.1|	100.000	136	0	0	2	137	151233	151098	3.40e-62	252	694377	N/A
72_8_2494_27753_21928/1	gi|3048443377|emb|OZ306171.1|	100.000	136	0	0	2	137	103326	103191	3.40e-62	252	481118	N/A
72_8_2494_27753_21928/1	gi|3048443377|emb|OZ306171.1|	100.000	136	0	0	2	137	130415	130550	3.40e-62	252	481118	N/A
72_8_2494_27753_21928/1	gi|3048443334|emb|OZ306286.1|	100.000	136	0	0	2	137	66578334	66578199	3.40e-62	252	78511	N/A
72_8_2494_27753_21928/1	gi|3048264046|emb|OZ297787.1|	100.000	136	0	0	2	137	107704	107569	3.40e-62	252	55318	N/A
72_8_2494_27753_21928/1	gi|3048264046|emb|OZ297787.1|	100.000	136	0	0	2	137	136097	136232	3.40e-62	252	55318	N/A
72_8_2494_27753_21928/1	gi|3048228106|emb|OZ297184.1|	100.000	136	0	0	2	137	108404	108269	3.40e-62	252	397083	N/A
72_8_2494_27753_21928/1	gi|3048228106|emb|OZ297184.1|	100.000	136	0	0	2	137	136875	137010	3.40e-62	252	397083	N/A
72_8_2494_27753_21928/1	gi|3048195103|emb|OZ297140.1|	100.000	136	0	0	2	137	105960	105825	3.40e-62	252	59297	N/A
72_8_2494_27753_21928/1	gi|3048195103|emb|OZ297140.1|	100.000	136	0	0	2	137	132604	132739	3.40e-62	252	59297	N/A
72_8_2148_27227_9643/1	gi|2918370030|emb|OZ237958.1|	100.000	136	0	0	2	137	49996819	49996684	3.40e-62	252	175228	N/A
72_8_2148_27227_9643/1	gi|2918370030|emb|OZ237958.1|	99.265	136	1	0	2	137	49717194	49717329	1.58e-60	246	175228	N/A
72_8_2148_27227_9643/1	gi|2918370030|emb|OZ237958.1|	99.265	136	1	0	2	137	49846547	49846412	1.58e-60	246	175228	N/A
72_8_2148_27227_9643/1	gi|2918370030|emb|OZ237958.1|	99.265	136	1	0	2	137	49867456	49867591	1.58e-60	246	175228	N/A
72_8_2148_27227_9643/1	gi|2915692370|emb|OZ224467.1|	100.000	136	0	0	2	137	76092957	76093092	3.40e-62	252	2867966	N/A
72_8_2148_27227_9643/1	gi|2915692370|emb|OZ224467.1|	99.259	135	1	0	3	137	76110510	76110376	5.69e-60	244	2867966	N/A
72_8_2148_27227_9643/1	gi|2915692370|emb|OZ224467.1|	96.324	136	5	0	2	137	23227269	23227404	7.42e-54	224	2867966	N/A
72_8_2148_27227_9643/1	gi|2739942714|emb|OZ060787.1|	100.000	136	0	0	2	137	34024902	34025037	3.40e-62	252	53160	N/A
72_8_2148_27227_9643/1	gi|2739942714|emb|OZ060787.1|	88.889	54	3	3	17	70	4202922	4202972	1.71e-05	63.9	53160	N/A
72_8_2148_27227_9643/1	gi|3048443377|emb|OZ306171.1|	99.265	136	1	0	2	137	103326	103191	1.58e-60	246	481118	N/A
72_8_2148_27227_9643/1	gi|3048443377|emb|OZ306171.1|	99.265	136	1	0	2	137	130415	130550	1.58e-60	246	481118	N/A
72_8_2148_27227_9643/1	gi|3048443334|emb|OZ306286.1|	99.265	136	1	0	2	137	66578334	66578199	1.58e-60	246	78511	N/A
72_8_1363_5313_20317/1	gi|3048443377|emb|OZ306171.1|	100.000	136	0	0	2	137	103326	103191	3.40e-62	252	481118	N/A
72_8_1363_5313_20317/1	gi|3048443377|emb|OZ306171.1|	100.000	136	0	0	2	137	130415	130550	3.40e-62	252	481118	N/A
72_8_1363_5313_20317/1	gi|3048443334|emb|OZ306286.1|	100.000	136	0	0	2	137	66578334	66578199	3.40e-62	252	78511	N/A
72_8_1363_5313_20317/1	gi|3048264046|emb|OZ297787.1|	100.000	136	0	0	2	137	107704	107569	3.40e-62	252	55318	N/A
72_8_1363_5313_20317/1	gi|3048264046|emb|OZ297787.1|	100.000	136	0	0	2	137	136097	136232	3.40e-62	252	55318	N/A
72_8_1363_5313_20317/1	gi|3048228106|emb|OZ297184.1|	100.000	136	0	0	2	137	108404	108269	3.40e-62	252	397083	N/A
72_8_1363_5313_20317/1	gi|3048228106|emb|OZ297184.1|	100.000	136	0	0	2	137	136875	137010	3.40e-62	252	397083	N/A
72_8_1363_5313_20317/1	gi|3048195103|emb|OZ297140.1|	100.000	136	0	0	2	137	105960	105825	3.40e-62	252	59297	N/A
72_8_1363_5313_20317/1	gi|3048195103|emb|OZ297140.1|	100.000	136	0	0	2	137	132604	132739	3.40e-62	252	59297	N/A
72_8_2244_28764_20121/1	gi|2701785009|gb|OR911484.1|	100.000	136	0	0	2	137	590	455	3.40e-62	252	197809	N/A
72_8_2244_28764_20121/1	gi|2724827569|ref|NC_088470.1|	100.000	136	0	0	2	137	583	448	3.40e-62	252	2550875	N/A
72_8_2244_28764_20121/1	gi|2666688421|ref|NC_085450.1|	100.000	136	0	0	2	137	538	403	3.40e-62	252	3107745	N/A
72_8_2244_28764_20121/1	gi|2288448399|gb|ON641301.1|	100.000	136	0	0	2	137	592	457	3.40e-62	252	185001	N/A
72_8_2244_28764_20121/1	gi|2050192381|gb|MW877581.1|	100.000	136	0	0	2	137	601	466	3.40e-62	252	185001	N/A
72_8_1156_35942_15400/1	gi|3018856405|emb|OZ277974.1|	83.333	120	18	2	6	124	3428447	3428329	2.17e-19	110	49614	N/A
72_8_1156_35942_15400/1	gi|3018856234|emb|OZ277964.1|	82.500	120	19	2	6	124	25993254	25993372	1.01e-17	104	49614	N/A
72_8_1156_35942_15400/1	gi|2926019503|ref|XM_027216896.2|	80.916	131	23	2	6	135	1711	1840	3.63e-17	102	13443	N/A
72_8_1156_35942_15400/1	gi|2897587253|emb|OZ221589.1|	81.061	132	21	3	6	135	8212668	8212539	3.63e-17	102	13044	N/A
72_8_1156_35942_15400/1	gi|1531858660|ref|XM_027319578.1|	80.916	131	23	2	6	135	1694	1823	3.63e-17	102	49369	N/A
72_8_2492_43581_21031/1	gi|3048443377|emb|OZ306171.1|	100.000	136	0	0	2	137	103326	103191	3.40e-62	252	481118	N/A
72_8_2492_43581_21031/1	gi|3048443377|emb|OZ306171.1|	100.000	136	0	0	2	137	130415	130550	3.40e-62	252	481118	N/A
72_8_2492_43581_21031/1	gi|3048443334|emb|OZ306286.1|	100.000	136	0	0	2	137	66578334	66578199	3.40e-62	252	78511	N/A
72_8_2492_43581_21031/1	gi|3048264046|emb|OZ297787.1|	100.000	136	0	0	2	137	107704	107569	3.40e-62	252	55318	N/A
72_8_2492_43581_21031/1	gi|3048264046|emb|OZ297787.1|	100.000	136	0	0	2	137	136097	136232	3.40e-62	252	55318	N/A
72_8_2492_43581_21031/1	gi|3048228106|emb|OZ297184.1|	100.000	136	0	0	2	137	108404	108269	3.40e-62	252	397083	N/A
72_8_2492_43581_21031/1	gi|3048228106|emb|OZ297184.1|	100.000	136	0	0	2	137	136875	137010	3.40e-62	252	397083	N/A
72_8_2492_43581_21031/1	gi|3048195103|emb|OZ297140.1|	100.000	136	0	0	2	137	105960	105825	3.40e-62	252	59297	N/A
72_8_2492_43581_21031/1	gi|3048195103|emb|OZ297140.1|	100.000	136	0	0	2	137	132604	132739	3.40e-62	252	59297	N/A
72_8_2484_42991_18720/1	gi|3048443377|emb|OZ306171.1|	100.000	136	0	0	2	137	103326	103191	3.40e-62	252	481118	N/A
72_8_2484_42991_18720/1	gi|3048443377|emb|OZ306171.1|	100.000	136	0	0	2	137	130415	130550	3.40e-62	252	481118	N/A
72_8_2484_42991_18720/1	gi|3048443334|emb|OZ306286.1|	100.000	136	0	0	2	137	66578334	66578199	3.40e-62	252	78511	N/A
72_8_2484_42991_18720/1	gi|3048264046|emb|OZ297787.1|	100.000	136	0	0	2	137	107704	107569	3.40e-62	252	55318	N/A
72_8_2484_42991_18720/1	gi|3048264046|emb|OZ297787.1|	100.000	136	0	0	2	137	136097	136232	3.40e-62	252	55318	N/A
72_8_2484_42991_18720/1	gi|3048228106|emb|OZ297184.1|	100.000	136	0	0	2	137	108404	108269	3.40e-62	252	397083	N/A
72_8_2484_42991_18720/1	gi|3048228106|emb|OZ297184.1|	100.000	136	0	0	2	137	136875	137010	3.40e-62	252	397083	N/A
72_8_2484_42991_18720/1	gi|3048195103|emb|OZ297140.1|	100.000	136	0	0	2	137	105960	105825	3.40e-62	252	59297	N/A
72_8_2484_42991_18720/1	gi|3048195103|emb|OZ297140.1|	100.000	136	0	0	2	137	132604	132739	3.40e-62	252	59297	N/A
72_8_1166_47077_1252/1	gi|2249528541|gb|ON685362.1|	98.529	136	2	0	2	137	2866	2731	7.37e-59	241	185001	N/A
72_8_1166_47077_1252/1	gi|2169218512|gb|OK523422.1|	98.529	136	2	0	2	137	3204	3069	7.37e-59	241	101999	N/A
72_8_1166_47077_1252/1	gi|2169218506|gb|OK523416.1|	98.529	136	2	0	2	137	3202	3067	7.37e-59	241	197809	N/A
72_8_1166_47077_1252/1	gi|2169218505|gb|OK523415.1|	98.529	136	2	0	2	137	3207	3072	7.37e-59	241	185001	N/A
72_8_1166_47077_1252/1	gi|2169218502|gb|OK523412.1|	98.529	136	2	0	2	137	3204	3069	7.37e-59	241	101996	N/A
72_8_2205_30909_13131/1	gi|2546771219|emb|OY292387.1|	85.385	130	19	0	8	137	41311760	41311889	3.58e-27	135	79772	N/A
72_8_2205_30909_13131/1	gi|848880901|ref|XM_012985369.1|	82.308	130	23	0	8	137	277	406	1.68e-20	113	4155	N/A
72_8_2205_30909_13131/1	gi|3018944770|emb|OZ280707.1|	81.452	124	23	0	14	137	39293804	39293681	3.63e-17	102	46056	N/A
72_8_2205_30909_13131/1	gi|2968111001|emb|OZ255665.1|	83.962	106	17	0	32	137	35231806	35231701	3.63e-17	102	475394	N/A
72_8_2205_30909_13131/1	gi|2968110961|emb|OZ255662.1|	80.769	130	25	0	8	137	5768283	5768412	3.63e-17	102	475394	N/A
72_8_2453_19337_15036/1	gi|3045267147|gb|PX049138.1|	100.000	136	0	0	2	137	104034	103899	3.40e-62	252	3454936	N/A
72_8_2453_19337_15036/1	gi|3045267147|gb|PX049138.1|	100.000	136	0	0	2	137	131400	131535	3.40e-62	252	3454936	N/A
72_8_2453_19337_15036/1	gi|3045267060|gb|PX049137.1|	100.000	136	0	0	2	137	104024	103889	3.40e-62	252	165317	N/A
72_8_2453_19337_15036/1	gi|3045267060|gb|PX049137.1|	100.000	136	0	0	2	137	131393	131528	3.40e-62	252	165317	N/A
72_8_2453_19337_15036/1	gi|3032662704|gb|PQ231107.1|	100.000	136	0	0	2	137	104286	104151	3.40e-62	252	572118	N/A
72_8_2453_19337_15036/1	gi|3032662704|gb|PQ231107.1|	100.000	136	0	0	2	137	131206	131341	3.40e-62	252	572118	N/A
72_8_2453_19337_15036/1	gi|3032662616|gb|PQ231106.1|	100.000	136	0	0	2	137	103803	103668	3.40e-62	252	694377	N/A
72_8_2453_19337_15036/1	gi|3032662616|gb|PQ231106.1|	100.000	136	0	0	2	137	130700	130835	3.40e-62	252	694377	N/A
72_8_2453_19337_15036/1	gi|3032662528|gb|PQ231105.1|	100.000	136	0	0	2	137	103821	103686	3.40e-62	252	694377	N/A
72_8_2453_19337_15036/1	gi|3032662528|gb|PQ231105.1|	100.000	136	0	0	2	137	130716	130851	3.40e-62	252	694377	N/A
72_8_2433_29622_8774/1	gi|2701785009|gb|OR911484.1|	100.000	136	0	0	2	137	590	455	3.40e-62	252	197809	N/A
72_8_2433_29622_8774/1	gi|2724827569|ref|NC_088470.1|	100.000	136	0	0	2	137	583	448	3.40e-62	252	2550875	N/A
72_8_2433_29622_8774/1	gi|2666688421|ref|NC_085450.1|	100.000	136	0	0	2	137	538	403	3.40e-62	252	3107745	N/A
72_8_2433_29622_8774/1	gi|2288448399|gb|ON641301.1|	100.000	136	0	0	2	137	592	457	3.40e-62	252	185001	N/A
72_8_2433_29622_8774/1	gi|2050192381|gb|MW877581.1|	100.000	136	0	0	2	137	601	466	3.40e-62	252	185001	N/A
72_8_2233_10816_7374/1	gi|1858606123|gb|CP054691.1|	81.600	125	22	1	14	137	2804055	2804179	3.63e-17	102	2742602	N/A
72_8_2233_10816_7374/1	gi|1438677217|gb|CP031229.1|	83.871	93	9	4	46	136	2338586	2338498	1.31e-11	84.2	2283195	N/A
72_8_2233_10816_7374/1	gi|2794121670|gb|CP168030.1|	93.878	49	3	0	86	134	1226918	1226966	7.91e-09	75.0	33918	N/A
72_8_2320_5783_3844/1	gi|3048443377|emb|OZ306171.1|	100.000	136	0	0	2	137	103326	103191	3.40e-62	252	481118	N/A
72_8_2320_5783_3844/1	gi|3048443377|emb|OZ306171.1|	100.000	136	0	0	2	137	130415	130550	3.40e-62	252	481118	N/A
72_8_2320_5783_3844/1	gi|3048443334|emb|OZ306286.1|	100.000	136	0	0	2	137	66578334	66578199	3.40e-62	252	78511	N/A
72_8_2320_5783_3844/1	gi|3048264046|emb|OZ297787.1|	100.000	136	0	0	2	137	107704	107569	3.40e-62	252	55318	N/A
72_8_2320_5783_3844/1	gi|3048264046|emb|OZ297787.1|	100.000	136	0	0	2	137	136097	136232	3.40e-62	252	55318	N/A
72_8_2320_5783_3844/1	gi|3048228106|emb|OZ297184.1|	100.000	136	0	0	2	137	108404	108269	3.40e-62	252	397083	N/A
72_8_2320_5783_3844/1	gi|3048228106|emb|OZ297184.1|	100.000	136	0	0	2	137	136875	137010	3.40e-62	252	397083	N/A
72_8_2320_5783_3844/1	gi|3048195103|emb|OZ297140.1|	100.000	136	0	0	2	137	105960	105825	3.40e-62	252	59297	N/A
72_8_2320_5783_3844/1	gi|3048195103|emb|OZ297140.1|	100.000	136	0	0	2	137	132604	132739	3.40e-62	252	59297	N/A
72_8_1223_12451_8242/1	gi|2805792360|gb|PQ124709.1|	100.000	129	0	0	2	130	97766	97638	2.65e-58	239	113209	N/A
72_8_1223_12451_8242/1	gi|2805792360|gb|PQ124709.1|	100.000	129	0	0	2	130	149968	150096	2.65e-58	239	113209	N/A
72_8_1223_12451_8242/1	gi|2805792263|gb|PQ124708.1|	100.000	129	0	0	2	130	97884	97756	2.65e-58	239	197811	N/A
72_8_1223_12451_8242/1	gi|2805792263|gb|PQ124708.1|	100.000	129	0	0	2	130	150122	150250	2.65e-58	239	197811	N/A
72_8_1223_12451_8242/1	gi|2805792167|gb|PQ124707.1|	100.000	129	0	0	2	130	97884	97756	2.65e-58	239	29818	N/A
72_8_1223_12451_8242/1	gi|2805792167|gb|PQ124707.1|	100.000	129	0	0	2	130	150122	150250	2.65e-58	239	29818	N/A
72_8_1223_12451_8242/1	gi|2805792070|gb|PQ124706.1|	100.000	129	0	0	2	130	97909	97781	2.65e-58	239	197796	N/A
72_8_1223_12451_8242/1	gi|2805792070|gb|PQ124706.1|	100.000	129	0	0	2	130	150056	150184	2.65e-58	239	197796	N/A
72_8_1223_12451_8242/1	gi|2724828596|ref|NC_088481.1|	100.000	129	0	0	2	130	97750	97622	2.65e-58	239	113209	N/A
72_8_1223_12451_8242/1	gi|2724828596|ref|NC_088481.1|	100.000	129	0	0	2	130	149957	150085	2.65e-58	239	113209	N/A
72_8_2368_14765_17431/1	gi|3045267147|gb|PX049138.1|	100.000	136	0	0	2	137	104034	103899	3.40e-62	252	3454936	N/A
72_8_2368_14765_17431/1	gi|3045267147|gb|PX049138.1|	100.000	136	0	0	2	137	131400	131535	3.40e-62	252	3454936	N/A
72_8_2368_14765_17431/1	gi|3045267060|gb|PX049137.1|	100.000	136	0	0	2	137	104024	103889	3.40e-62	252	165317	N/A
72_8_2368_14765_17431/1	gi|3045267060|gb|PX049137.1|	100.000	136	0	0	2	137	131393	131528	3.40e-62	252	165317	N/A
72_8_2368_14765_17431/1	gi|3032662704|gb|PQ231107.1|	100.000	136	0	0	2	137	104286	104151	3.40e-62	252	572118	N/A
72_8_2368_14765_17431/1	gi|3032662704|gb|PQ231107.1|	100.000	136	0	0	2	137	131206	131341	3.40e-62	252	572118	N/A
72_8_2368_14765_17431/1	gi|3032662616|gb|PQ231106.1|	100.000	136	0	0	2	137	103803	103668	3.40e-62	252	694377	N/A
72_8_2368_14765_17431/1	gi|3032662616|gb|PQ231106.1|	100.000	136	0	0	2	137	130700	130835	3.40e-62	252	694377	N/A
72_8_2368_14765_17431/1	gi|3032662528|gb|PQ231105.1|	100.000	136	0	0	2	137	103821	103686	3.40e-62	252	694377	N/A
72_8_2368_14765_17431/1	gi|3032662528|gb|PQ231105.1|	100.000	136	0	0	2	137	130716	130851	3.40e-62	252	694377	N/A
72_8_2198_13608_2961/1	gi|3045267147|gb|PX049138.1|	99.265	136	1	0	2	137	104034	103899	1.58e-60	246	3454936	N/A
72_8_2198_13608_2961/1	gi|3045267147|gb|PX049138.1|	99.265	136	1	0	2	137	131400	131535	1.58e-60	246	3454936	N/A
72_8_2198_13608_2961/1	gi|3045267060|gb|PX049137.1|	99.265	136	1	0	2	137	104024	103889	1.58e-60	246	165317	N/A
72_8_2198_13608_2961/1	gi|3045267060|gb|PX049137.1|	99.265	136	1	0	2	137	131393	131528	1.58e-60	246	165317	N/A
72_8_2198_13608_2961/1	gi|3032662704|gb|PQ231107.1|	99.265	136	1	0	2	137	104286	104151	1.58e-60	246	572118	N/A
72_8_2198_13608_2961/1	gi|3032662704|gb|PQ231107.1|	99.265	136	1	0	2	137	131206	131341	1.58e-60	246	572118	N/A
72_8_2198_13608_2961/1	gi|3032662616|gb|PQ231106.1|	99.265	136	1	0	2	137	103803	103668	1.58e-60	246	694377	N/A
72_8_2198_13608_2961/1	gi|3032662616|gb|PQ231106.1|	99.265	136	1	0	2	137	130700	130835	1.58e-60	246	694377	N/A
72_8_2198_13608_2961/1	gi|3032662528|gb|PQ231105.1|	99.265	136	1	0	2	137	103821	103686	1.58e-60	246	694377	N/A
72_8_2198_13608_2961/1	gi|3032662528|gb|PQ231105.1|	99.265	136	1	0	2	137	130716	130851	1.58e-60	246	694377	N/A
72_8_2267_13001_11240/1	gi|3048443377|emb|OZ306171.1|	99.265	136	1	0	2	137	103326	103191	1.58e-60	246	481118	N/A
72_8_2267_13001_11240/1	gi|3048443377|emb|OZ306171.1|	99.265	136	1	0	2	137	130415	130550	1.58e-60	246	481118	N/A
72_8_2267_13001_11240/1	gi|3048443334|emb|OZ306286.1|	99.265	136	1	0	2	137	66578334	66578199	1.58e-60	246	78511	N/A
72_8_2267_13001_11240/1	gi|3048264046|emb|OZ297787.1|	99.265	136	1	0	2	137	107704	107569	1.58e-60	246	55318	N/A
72_8_2267_13001_11240/1	gi|3048264046|emb|OZ297787.1|	99.265	136	1	0	2	137	136097	136232	1.58e-60	246	55318	N/A
72_8_2267_13001_11240/1	gi|3048228106|emb|OZ297184.1|	99.265	136	1	0	2	137	108404	108269	1.58e-60	246	397083	N/A
72_8_2267_13001_11240/1	gi|3048228106|emb|OZ297184.1|	99.265	136	1	0	2	137	136875	137010	1.58e-60	246	397083	N/A
72_8_2267_13001_11240/1	gi|3048195103|emb|OZ297140.1|	99.265	136	1	0	2	137	105960	105825	1.58e-60	246	59297	N/A
72_8_2267_13001_11240/1	gi|3048195103|emb|OZ297140.1|	99.265	136	1	0	2	137	132604	132739	1.58e-60	246	59297	N/A
72_8_1417_42028_12542/1	gi|3048443377|emb|OZ306171.1|	100.000	136	0	0	2	137	103326	103191	3.40e-62	252	481118	N/A
72_8_1417_42028_12542/1	gi|3048443377|emb|OZ306171.1|	100.000	136	0	0	2	137	130415	130550	3.40e-62	252	481118	N/A
72_8_1417_42028_12542/1	gi|3048443334|emb|OZ306286.1|	100.000	136	0	0	2	137	66578334	66578199	3.40e-62	252	78511	N/A
72_8_1417_42028_12542/1	gi|3048264046|emb|OZ297787.1|	100.000	136	0	0	2	137	107704	107569	3.40e-62	252	55318	N/A
72_8_1417_42028_12542/1	gi|3048264046|emb|OZ297787.1|	100.000	136	0	0	2	137	136097	136232	3.40e-62	252	55318	N/A
72_8_1417_42028_12542/1	gi|3048228106|emb|OZ297184.1|	100.000	136	0	0	2	137	108404	108269	3.40e-62	252	397083	N/A
72_8_1417_42028_12542/1	gi|3048228106|emb|OZ297184.1|	100.000	136	0	0	2	137	136875	137010	3.40e-62	252	397083	N/A
72_8_1417_42028_12542/1	gi|3048195103|emb|OZ297140.1|	100.000	136	0	0	2	137	105960	105825	3.40e-62	252	59297	N/A
72_8_1417_42028_12542/1	gi|3048195103|emb|OZ297140.1|	100.000	136	0	0	2	137	132604	132739	3.40e-62	252	59297	N/A
72_8_1448_8704_17109/1	gi|3048443377|emb|OZ306171.1|	100.000	136	0	0	2	137	103326	103191	3.40e-62	252	481118	N/A
72_8_1448_8704_17109/1	gi|3048443377|emb|OZ306171.1|	100.000	136	0	0	2	137	130415	130550	3.40e-62	252	481118	N/A
72_8_1448_8704_17109/1	gi|3048443334|emb|OZ306286.1|	100.000	136	0	0	2	137	66578334	66578199	3.40e-62	252	78511	N/A
72_8_1448_8704_17109/1	gi|3048264046|emb|OZ297787.1|	100.000	136	0	0	2	137	107704	107569	3.40e-62	252	55318	N/A
72_8_1448_8704_17109/1	gi|3048264046|emb|OZ297787.1|	100.000	136	0	0	2	137	136097	136232	3.40e-62	252	55318	N/A
72_8_1448_8704_17109/1	gi|3048228106|emb|OZ297184.1|	100.000	136	0	0	2	137	108404	108269	3.40e-62	252	397083	N/A
72_8_1448_8704_17109/1	gi|3048228106|emb|OZ297184.1|	100.000	136	0	0	2	137	136875	137010	3.40e-62	252	397083	N/A
72_8_1448_8704_17109/1	gi|3048195103|emb|OZ297140.1|	100.000	136	0	0	2	137	105960	105825	3.40e-62	252	59297	N/A
72_8_1448_8704_17109/1	gi|3048195103|emb|OZ297140.1|	100.000	136	0	0	2	137	132604	132739	3.40e-62	252	59297	N/A
72_8_2190_37820_10133/1	gi|3045267147|gb|PX049138.1|	100.000	136	0	0	2	137	104034	103899	3.40e-62	252	3454936	N/A
72_8_2190_37820_10133/1	gi|3045267147|gb|PX049138.1|	100.000	136	0	0	2	137	131400	131535	3.40e-62	252	3454936	N/A
72_8_2190_37820_10133/1	gi|3045267060|gb|PX049137.1|	100.000	136	0	0	2	137	104024	103889	3.40e-62	252	165317	N/A
72_8_2190_37820_10133/1	gi|3045267060|gb|PX049137.1|	100.000	136	0	0	2	137	131393	131528	3.40e-62	252	165317	N/A
72_8_2190_37820_10133/1	gi|3032662704|gb|PQ231107.1|	100.000	136	0	0	2	137	104286	104151	3.40e-62	252	572118	N/A
72_8_2190_37820_10133/1	gi|3032662704|gb|PQ231107.1|	100.000	136	0	0	2	137	131206	131341	3.40e-62	252	572118	N/A
72_8_2190_37820_10133/1	gi|3032662616|gb|PQ231106.1|	100.000	136	0	0	2	137	103803	103668	3.40e-62	252	694377	N/A
72_8_2190_37820_10133/1	gi|3032662616|gb|PQ231106.1|	100.000	136	0	0	2	137	130700	130835	3.40e-62	252	694377	N/A
72_8_2190_37820_10133/1	gi|3032662528|gb|PQ231105.1|	100.000	136	0	0	2	137	103821	103686	3.40e-62	252	694377	N/A
72_8_2190_37820_10133/1	gi|3032662528|gb|PQ231105.1|	100.000	136	0	0	2	137	130716	130851	3.40e-62	252	694377	N/A
72_8_1410_43452_21760/1	gi|2813171436|gb|PQ325515.1|	100.000	136	0	0	2	137	100259	100124	3.40e-62	252	254027	N/A
72_8_1410_43452_21760/1	gi|2813171436|gb|PQ325515.1|	100.000	136	0	0	2	137	137179	137314	3.40e-62	252	254027	N/A
72_8_1410_43452_21760/1	gi|2805792360|gb|PQ124709.1|	100.000	136	0	0	2	137	99842	99977	3.40e-62	252	113209	N/A
72_8_1410_43452_21760/1	gi|2805792360|gb|PQ124709.1|	100.000	136	0	0	2	137	147892	147757	3.40e-62	252	113209	N/A
72_8_1410_43452_21760/1	gi|2805792263|gb|PQ124708.1|	100.000	136	0	0	2	137	99959	100094	3.40e-62	252	197811	N/A
72_8_1410_43452_21760/1	gi|2805792263|gb|PQ124708.1|	100.000	136	0	0	2	137	148047	147912	3.40e-62	252	197811	N/A
72_8_1410_43452_21760/1	gi|2805792167|gb|PQ124707.1|	100.000	136	0	0	2	137	99959	100094	3.40e-62	252	29818	N/A
72_8_1410_43452_21760/1	gi|2805792167|gb|PQ124707.1|	100.000	136	0	0	2	137	148047	147912	3.40e-62	252	29818	N/A
72_8_1410_43452_21760/1	gi|2805792070|gb|PQ124706.1|	100.000	136	0	0	2	137	99985	100120	3.40e-62	252	197796	N/A
72_8_1410_43452_21760/1	gi|2805792070|gb|PQ124706.1|	100.000	136	0	0	2	137	147980	147845	3.40e-62	252	197796	N/A
72_8_2334_25350_27601/1	gi|3048443377|emb|OZ306171.1|	100.000	136	0	0	2	137	103326	103191	3.40e-62	252	481118	N/A
72_8_2334_25350_27601/1	gi|3048443377|emb|OZ306171.1|	100.000	136	0	0	2	137	130415	130550	3.40e-62	252	481118	N/A
72_8_2334_25350_27601/1	gi|3048443334|emb|OZ306286.1|	100.000	136	0	0	2	137	66578334	66578199	3.40e-62	252	78511	N/A
72_8_2334_25350_27601/1	gi|3048264046|emb|OZ297787.1|	100.000	136	0	0	2	137	107704	107569	3.40e-62	252	55318	N/A
72_8_2334_25350_27601/1	gi|3048264046|emb|OZ297787.1|	100.000	136	0	0	2	137	136097	136232	3.40e-62	252	55318	N/A
72_8_2334_25350_27601/1	gi|3048228106|emb|OZ297184.1|	100.000	136	0	0	2	137	108404	108269	3.40e-62	252	397083	N/A
72_8_2334_25350_27601/1	gi|3048228106|emb|OZ297184.1|	100.000	136	0	0	2	137	136875	137010	3.40e-62	252	397083	N/A
72_8_2334_25350_27601/1	gi|3048195103|emb|OZ297140.1|	100.000	136	0	0	2	137	105960	105825	3.40e-62	252	59297	N/A
72_8_2334_25350_27601/1	gi|3048195103|emb|OZ297140.1|	100.000	136	0	0	2	137	132604	132739	3.40e-62	252	59297	N/A
72_8_2297_38216_16002/1	gi|3048443377|emb|OZ306171.1|	100.000	136	0	0	2	137	103326	103191	3.40e-62	252	481118	N/A
72_8_2297_38216_16002/1	gi|3048443377|emb|OZ306171.1|	100.000	136	0	0	2	137	130415	130550	3.40e-62	252	481118	N/A
72_8_2297_38216_16002/1	gi|3048443334|emb|OZ306286.1|	100.000	136	0	0	2	137	66578334	66578199	3.40e-62	252	78511	N/A
72_8_2297_38216_16002/1	gi|3048264046|emb|OZ297787.1|	100.000	136	0	0	2	137	107704	107569	3.40e-62	252	55318	N/A
72_8_2297_38216_16002/1	gi|3048264046|emb|OZ297787.1|	100.000	136	0	0	2	137	136097	136232	3.40e-62	252	55318	N/A
72_8_2297_38216_16002/1	gi|3048228106|emb|OZ297184.1|	100.000	136	0	0	2	137	108404	108269	3.40e-62	252	397083	N/A
72_8_2297_38216_16002/1	gi|3048228106|emb|OZ297184.1|	100.000	136	0	0	2	137	136875	137010	3.40e-62	252	397083	N/A
72_8_2297_38216_16002/1	gi|3048195103|emb|OZ297140.1|	100.000	136	0	0	2	137	105960	105825	3.40e-62	252	59297	N/A
72_8_2297_38216_16002/1	gi|3048195103|emb|OZ297140.1|	100.000	136	0	0	2	137	132604	132739	3.40e-62	252	59297	N/A
72_8_2349_37941_11408/1	gi|3048443377|emb|OZ306171.1|	99.265	136	1	0	2	137	103326	103191	1.58e-60	246	481118	N/A
72_8_2349_37941_11408/1	gi|3048443377|emb|OZ306171.1|	99.265	136	1	0	2	137	130415	130550	1.58e-60	246	481118	N/A
72_8_2349_37941_11408/1	gi|3048443334|emb|OZ306286.1|	99.265	136	1	0	2	137	66578334	66578199	1.58e-60	246	78511	N/A
72_8_2349_37941_11408/1	gi|3048264046|emb|OZ297787.1|	99.265	136	1	0	2	137	107704	107569	1.58e-60	246	55318	N/A
72_8_2349_37941_11408/1	gi|3048264046|emb|OZ297787.1|	99.265	136	1	0	2	137	136097	136232	1.58e-60	246	55318	N/A
72_8_2349_37941_11408/1	gi|3048228106|emb|OZ297184.1|	99.265	136	1	0	2	137	108404	108269	1.58e-60	246	397083	N/A
72_8_2349_37941_11408/1	gi|3048228106|emb|OZ297184.1|	99.265	136	1	0	2	137	136875	137010	1.58e-60	246	397083	N/A
72_8_2349_37941_11408/1	gi|3048195103|emb|OZ297140.1|	99.265	136	1	0	2	137	105960	105825	1.58e-60	246	59297	N/A
72_8_2349_37941_11408/1	gi|3048195103|emb|OZ297140.1|	99.265	136	1	0	2	137	132604	132739	1.58e-60	246	59297	N/A
72_8_2330_11188_16899/1	gi|3045267147|gb|PX049138.1|	100.000	136	0	0	2	137	104034	103899	3.40e-62	252	3454936	N/A
72_8_2330_11188_16899/1	gi|3045267147|gb|PX049138.1|	100.000	136	0	0	2	137	131400	131535	3.40e-62	252	3454936	N/A
72_8_2330_11188_16899/1	gi|3045267060|gb|PX049137.1|	100.000	136	0	0	2	137	104024	103889	3.40e-62	252	165317	N/A
72_8_2330_11188_16899/1	gi|3045267060|gb|PX049137.1|	100.000	136	0	0	2	137	131393	131528	3.40e-62	252	165317	N/A
72_8_2330_11188_16899/1	gi|3032662704|gb|PQ231107.1|	100.000	136	0	0	2	137	104286	104151	3.40e-62	252	572118	N/A
72_8_2330_11188_16899/1	gi|3032662704|gb|PQ231107.1|	100.000	136	0	0	2	137	131206	131341	3.40e-62	252	572118	N/A
72_8_2330_11188_16899/1	gi|3032662616|gb|PQ231106.1|	100.000	136	0	0	2	137	103803	103668	3.40e-62	252	694377	N/A
72_8_2330_11188_16899/1	gi|3032662616|gb|PQ231106.1|	100.000	136	0	0	2	137	130700	130835	3.40e-62	252	694377	N/A
72_8_2330_11188_16899/1	gi|3032662528|gb|PQ231105.1|	100.000	136	0	0	2	137	103821	103686	3.40e-62	252	694377	N/A
72_8_2330_11188_16899/1	gi|3032662528|gb|PQ231105.1|	100.000	136	0	0	2	137	130716	130851	3.40e-62	252	694377	N/A
72_8_2205_24556_17375/1	gi|3045267147|gb|PX049138.1|	100.000	136	0	0	2	137	104034	103899	3.40e-62	252	3454936	N/A
72_8_2205_24556_17375/1	gi|3045267147|gb|PX049138.1|	100.000	136	0	0	2	137	131400	131535	3.40e-62	252	3454936	N/A
72_8_2205_24556_17375/1	gi|3045267060|gb|PX049137.1|	100.000	136	0	0	2	137	104024	103889	3.40e-62	252	165317	N/A
72_8_2205_24556_17375/1	gi|3045267060|gb|PX049137.1|	100.000	136	0	0	2	137	131393	131528	3.40e-62	252	165317	N/A
72_8_2205_24556_17375/1	gi|3032662704|gb|PQ231107.1|	100.000	136	0	0	2	137	104286	104151	3.40e-62	252	572118	N/A
72_8_2205_24556_17375/1	gi|3032662704|gb|PQ231107.1|	100.000	136	0	0	2	137	131206	131341	3.40e-62	252	572118	N/A
72_8_2205_24556_17375/1	gi|3032662616|gb|PQ231106.1|	100.000	136	0	0	2	137	103803	103668	3.40e-62	252	694377	N/A
72_8_2205_24556_17375/1	gi|3032662616|gb|PQ231106.1|	100.000	136	0	0	2	137	130700	130835	3.40e-62	252	694377	N/A
72_8_2205_24556_17375/1	gi|3032662528|gb|PQ231105.1|	100.000	136	0	0	2	137	103821	103686	3.40e-62	252	694377	N/A
72_8_2205_24556_17375/1	gi|3032662528|gb|PQ231105.1|	100.000	136	0	0	2	137	130716	130851	3.40e-62	252	694377	N/A
72_8_2472_33644_15456/1	gi|3045267147|gb|PX049138.1|	100.000	136	0	0	2	137	104034	103899	3.40e-62	252	3454936	N/A
72_8_2472_33644_15456/1	gi|3045267147|gb|PX049138.1|	100.000	136	0	0	2	137	131400	131535	3.40e-62	252	3454936	N/A
72_8_2472_33644_15456/1	gi|3045267060|gb|PX049137.1|	100.000	136	0	0	2	137	104024	103889	3.40e-62	252	165317	N/A
72_8_2472_33644_15456/1	gi|3045267060|gb|PX049137.1|	100.000	136	0	0	2	137	131393	131528	3.40e-62	252	165317	N/A
72_8_2472_33644_15456/1	gi|3032662704|gb|PQ231107.1|	100.000	136	0	0	2	137	104286	104151	3.40e-62	252	572118	N/A
72_8_2472_33644_15456/1	gi|3032662704|gb|PQ231107.1|	100.000	136	0	0	2	137	131206	131341	3.40e-62	252	572118	N/A
72_8_2472_33644_15456/1	gi|3032662616|gb|PQ231106.1|	100.000	136	0	0	2	137	103803	103668	3.40e-62	252	694377	N/A
72_8_2472_33644_15456/1	gi|3032662616|gb|PQ231106.1|	100.000	136	0	0	2	137	130700	130835	3.40e-62	252	694377	N/A
72_8_2472_33644_15456/1	gi|3032662528|gb|PQ231105.1|	100.000	136	0	0	2	137	103821	103686	3.40e-62	252	694377	N/A
72_8_2472_33644_15456/1	gi|3032662528|gb|PQ231105.1|	100.000	136	0	0	2	137	130716	130851	3.40e-62	252	694377	N/A
72_8_1271_41113_23903/1	gi|1173778016|ref|XM_011101773.2|	100.000	28	0	0	110	137	6863	6890	0.037	52.8	4182	N/A
72_8_1271_41113_23903/1	gi|1173778015|ref|XM_011101772.2|	100.000	28	0	0	110	137	6828	6855	0.037	52.8	4182	N/A
72_8_1413_50136_2709/1	gi|2978724457|gb|PV611058.1|	91.525	59	1	3	82	137	295320	295377	6.11e-10	78.7	3421660	N/A
72_8_1413_50136_2709/1	gi|2978724457|gb|PV611058.1|	91.525	59	1	3	82	137	295783	295840	6.11e-10	78.7	3421660	N/A
72_8_1413_50136_2709/1	gi|685042175|emb|LN590700.1|	94.118	51	1	2	75	123	14033949	14033899	2.20e-09	76.8	7962	N/A
72_8_1413_50136_2709/1	gi|685042175|emb|LN590700.1|	95.238	42	0	2	83	122	15778538	15778579	4.76e-06	65.8	7962	N/A
72_8_1413_50136_2709/1	gi|2557643774|emb|OY673254.1|	95.652	46	2	0	83	128	21732	21777	7.91e-09	75.0	2697049	N/A
72_8_1413_50136_2709/1	gi|2463378371|dbj|AP027461.1|	95.652	46	2	0	83	128	1299632	1299677	7.91e-09	75.0	511145	N/A
72_8_1413_50136_2709/1	gi|2463378371|dbj|AP027461.1|	95.652	46	2	0	83	128	1628404	1628359	7.91e-09	75.0	511145	N/A
72_8_1413_50136_2709/1	gi|2991388621|dbj|AP040934.1|	97.619	42	1	0	77	118	146943	146984	2.84e-08	73.1	562	N/A
72_8_1413_50136_2709/1	gi|2991388621|dbj|AP040934.1|	93.478	46	1	2	73	118	4900958	4900915	1.32e-06	67.6	562	N/A
72_8_1434_7247_21760/1	gi|1476019893|gb|MH883760.1|	100.000	35	0	0	103	137	58057	58023	4.76e-06	65.8	10376	N/A
72_8_1434_7247_21760/1	gi|1476019893|gb|MH883760.1|	100.000	31	0	0	107	137	88232	88202	7.96e-04	58.4	10376	N/A
72_8_1434_7247_21760/1	gi|1465382783|emb|LS992247.1|	100.000	35	0	0	103	137	58057	58023	4.76e-06	65.8	10376	N/A
72_8_1434_7247_21760/1	gi|1465382783|emb|LS992247.1|	100.000	31	0	0	107	137	88232	88202	7.96e-04	58.4	10376	N/A
72_8_1434_7247_21760/1	gi|2557639802|emb|OY695838.1|	97.297	37	1	0	101	137	4716	4752	1.71e-05	63.9	2697049	N/A
72_8_1434_7247_21760/1	gi|2494998033|dbj|LC710218.1|	97.297	37	1	0	101	137	56	20	1.71e-05	63.9	12022	N/A
72_8_1434_7247_21760/1	gi|2494998033|dbj|LC710218.1|	100.000	31	0	0	107	137	3556	3586	7.96e-04	58.4	12022	N/A
72_8_1434_7247_21760/1	gi|685049978|emb|LN598497.1|	97.368	38	0	1	100	137	5651	5615	1.71e-05	63.9	7962	N/A
72_8_1287_15590_26648/1	gi|3045267147|gb|PX049138.1|	100.000	136	0	0	2	137	104034	103899	3.40e-62	252	3454936	N/A
72_8_1287_15590_26648/1	gi|3045267147|gb|PX049138.1|	100.000	136	0	0	2	137	131400	131535	3.40e-62	252	3454936	N/A
72_8_1287_15590_26648/1	gi|3045267060|gb|PX049137.1|	100.000	136	0	0	2	137	104024	103889	3.40e-62	252	165317	N/A
72_8_1287_15590_26648/1	gi|3045267060|gb|PX049137.1|	100.000	136	0	0	2	137	131393	131528	3.40e-62	252	165317	N/A
72_8_1287_15590_26648/1	gi|3032662704|gb|PQ231107.1|	100.000	136	0	0	2	137	104286	104151	3.40e-62	252	572118	N/A
72_8_1287_15590_26648/1	gi|3032662704|gb|PQ231107.1|	100.000	136	0	0	2	137	131206	131341	3.40e-62	252	572118	N/A
72_8_1287_15590_26648/1	gi|3032662616|gb|PQ231106.1|	100.000	136	0	0	2	137	103803	103668	3.40e-62	252	694377	N/A
72_8_1287_15590_26648/1	gi|3032662616|gb|PQ231106.1|	100.000	136	0	0	2	137	130700	130835	3.40e-62	252	694377	N/A
72_8_1287_15590_26648/1	gi|3032662528|gb|PQ231105.1|	100.000	136	0	0	2	137	103821	103686	3.40e-62	252	694377	N/A
72_8_1287_15590_26648/1	gi|3032662528|gb|PQ231105.1|	100.000	136	0	0	2	137	130716	130851	3.40e-62	252	694377	N/A
72_8_1272_51439_3928/1	gi|2978724457|gb|PV611058.1|	91.803	61	1	3	62	119	295321	295380	4.72e-11	82.4	3421660	N/A
72_8_1272_51439_3928/1	gi|2978724457|gb|PV611058.1|	91.667	60	1	3	62	118	295784	295842	1.70e-10	80.5	3421660	N/A
72_8_1272_51439_3928/1	gi|2830983252|gb|CP170844.1|	83.750	80	11	1	60	137	4083425	4083346	7.91e-09	75.0	573	N/A
72_8_1272_51439_3928/1	gi|2557643774|emb|OY673254.1|	95.652	46	2	0	62	107	21732	21777	7.91e-09	75.0	2697049	N/A
72_8_1272_51439_3928/1	gi|2463378371|dbj|AP027461.1|	95.652	46	2	0	62	107	1299632	1299677	7.91e-09	75.0	511145	N/A
72_8_1272_51439_3928/1	gi|2463378371|dbj|AP027461.1|	95.652	46	2	0	62	107	1628404	1628359	7.91e-09	75.0	511145	N/A
72_8_1272_51439_3928/1	gi|2165836832|emb|OV197136.1|	93.878	49	1	2	60	107	118	71	2.84e-08	73.1	2697049	N/A
72_8_1290_28481_26578/1	gi|3045267147|gb|PX049138.1|	100.000	136	0	0	2	137	104034	103899	3.40e-62	252	3454936	N/A
72_8_1290_28481_26578/1	gi|3045267147|gb|PX049138.1|	100.000	136	0	0	2	137	131400	131535	3.40e-62	252	3454936	N/A
72_8_1290_28481_26578/1	gi|3045267060|gb|PX049137.1|	100.000	136	0	0	2	137	104024	103889	3.40e-62	252	165317	N/A
72_8_1290_28481_26578/1	gi|3045267060|gb|PX049137.1|	100.000	136	0	0	2	137	131393	131528	3.40e-62	252	165317	N/A
72_8_1290_28481_26578/1	gi|3032662704|gb|PQ231107.1|	100.000	136	0	0	2	137	104286	104151	3.40e-62	252	572118	N/A
72_8_1290_28481_26578/1	gi|3032662704|gb|PQ231107.1|	100.000	136	0	0	2	137	131206	131341	3.40e-62	252	572118	N/A
72_8_1290_28481_26578/1	gi|3032662616|gb|PQ231106.1|	100.000	136	0	0	2	137	103803	103668	3.40e-62	252	694377	N/A
72_8_1290_28481_26578/1	gi|3032662616|gb|PQ231106.1|	100.000	136	0	0	2	137	130700	130835	3.40e-62	252	694377	N/A
72_8_1290_28481_26578/1	gi|3032662528|gb|PQ231105.1|	100.000	136	0	0	2	137	103821	103686	3.40e-62	252	694377	N/A
72_8_1290_28481_26578/1	gi|3032662528|gb|PQ231105.1|	100.000	136	0	0	2	137	130716	130851	3.40e-62	252	694377	N/A
72_8_1212_23974_27741/1	gi|2249528541|gb|ON685362.1|	100.000	136	0	0	2	137	2866	2731	3.40e-62	252	185001	N/A
72_8_1212_23974_27741/1	gi|2169218512|gb|OK523422.1|	100.000	136	0	0	2	137	3204	3069	3.40e-62	252	101999	N/A
72_8_1212_23974_27741/1	gi|2169218506|gb|OK523416.1|	100.000	136	0	0	2	137	3202	3067	3.40e-62	252	197809	N/A
72_8_1212_23974_27741/1	gi|2169218505|gb|OK523415.1|	100.000	136	0	0	2	137	3207	3072	3.40e-62	252	185001	N/A
72_8_1212_23974_27741/1	gi|2169218502|gb|OK523412.1|	100.000	136	0	0	2	137	3204	3069	3.40e-62	252	101996	N/A
72_8_2192_47037_1266/1	gi|3018944770|emb|OZ280707.1|	99.265	136	1	0	2	137	4918230	4918365	1.58e-60	246	46056	N/A
72_8_2192_47037_1266/1	gi|3048443377|emb|OZ306171.1|	98.529	136	2	0	2	137	103326	103191	7.37e-59	241	481118	N/A
72_8_2192_47037_1266/1	gi|3048443377|emb|OZ306171.1|	98.529	136	2	0	2	137	130415	130550	7.37e-59	241	481118	N/A
72_8_2192_47037_1266/1	gi|3048443334|emb|OZ306286.1|	98.529	136	2	0	2	137	66578334	66578199	7.37e-59	241	78511	N/A
72_8_2192_47037_1266/1	gi|3048264046|emb|OZ297787.1|	98.529	136	2	0	2	137	107704	107569	7.37e-59	241	55318	N/A
72_8_2192_47037_1266/1	gi|3048264046|emb|OZ297787.1|	98.529	136	2	0	2	137	136097	136232	7.37e-59	241	55318	N/A
72_8_2192_47037_1266/1	gi|3048228106|emb|OZ297184.1|	98.529	136	2	0	2	137	108404	108269	7.37e-59	241	397083	N/A
72_8_2192_47037_1266/1	gi|3048228106|emb|OZ297184.1|	98.529	136	2	0	2	137	136875	137010	7.37e-59	241	397083	N/A
72_8_1327_46519_1798/1	gi|2701784733|gb|OR911481.1|	100.000	136	0	0	2	137	33013	32878	3.40e-62	252	39414	N/A
72_8_1327_46519_1798/1	gi|2328376401|ref|NC_068049.1|	100.000	136	0	0	2	137	32999	32864	3.40e-62	252	39414	N/A
72_8_1327_46519_1798/1	gi|2288448399|gb|ON641301.1|	100.000	136	0	0	2	137	33215	33080	3.40e-62	252	185001	N/A
72_8_1327_46519_1798/1	gi|2050192475|gb|MW877582.1|	100.000	136	0	0	2	137	33012	32877	3.40e-62	252	39414	N/A
72_8_1327_46519_1798/1	gi|2050192381|gb|MW877581.1|	100.000	136	0	0	2	137	33141	33006	3.40e-62	252	185001	N/A
72_8_2294_42173_21423/1	gi|2700653752|gb|OQ928037.1|	100.000	136	0	0	2	137	105013	104878	3.40e-62	252	3043456	N/A
72_8_2294_42173_21423/1	gi|2700653752|gb|OQ928037.1|	100.000	136	0	0	2	137	132480	132615	3.40e-62	252	3043456	N/A
72_8_2294_42173_21423/1	gi|2392235668|gb|OL591195.1|	100.000	136	0	0	2	137	107623	107488	3.40e-62	252	282640	N/A
72_8_2294_42173_21423/1	gi|2392235668|gb|OL591195.1|	100.000	136	0	0	2	137	135321	135456	3.40e-62	252	282640	N/A
72_8_2294_42173_21423/1	gi|3048443377|emb|OZ306171.1|	99.265	136	1	0	2	137	103326	103191	1.58e-60	246	481118	N/A
72_8_2294_42173_21423/1	gi|3048443377|emb|OZ306171.1|	99.265	136	1	0	2	137	130415	130550	1.58e-60	246	481118	N/A
72_8_2294_42173_21423/1	gi|3048443334|emb|OZ306286.1|	99.265	136	1	0	2	137	66578334	66578199	1.58e-60	246	78511	N/A
72_8_2294_42173_21423/1	gi|3048264046|emb|OZ297787.1|	99.265	136	1	0	2	137	107704	107569	1.58e-60	246	55318	N/A
72_8_2294_42173_21423/1	gi|3048264046|emb|OZ297787.1|	99.265	136	1	0	2	137	136097	136232	1.58e-60	246	55318	N/A
72_8_2293_26580_4040/1	gi|3030952792|emb|OZ286269.1|	80.357	112	22	0	2	113	17617191	17617302	3.65e-12	86.1	65561	N/A
72_8_2293_26580_4040/1	gi|2740301212|emb|OZ066715.1|	80.357	112	22	0	2	113	20009165	20009276	3.65e-12	86.1	626748	N/A
72_8_2293_26580_4040/1	gi|2740301178|emb|OZ066683.1|	79.464	112	23	0	2	113	17153613	17153724	1.70e-10	80.5	673928	N/A
72_8_2293_26580_4040/1	gi|2699395125|emb|OZ023185.1|	79.646	113	21	2	2	113	16289436	16289547	1.70e-10	80.5	140968	N/A
72_8_2293_26580_4040/1	gi|2948815090|emb|OZ247446.1|	79.612	103	21	0	11	113	4881712	4881610	7.91e-09	75.0	673927	N/A
72_8_2218_27065_17879/1	gi|685042168|emb|LN590693.1|	100.000	39	0	0	98	136	11958545	11958507	2.84e-08	73.1	7962	N/A
72_8_2218_27065_17879/1	gi|685042168|emb|LN590693.1|	100.000	35	0	0	102	136	320675	320641	4.76e-06	65.8	7962	N/A
72_8_2218_27065_17879/1	gi|685042168|emb|LN590693.1|	100.000	34	0	0	103	136	320171	320204	1.71e-05	63.9	7962	N/A
72_8_2218_27065_17879/1	gi|685042177|emb|LN590702.1|	97.619	42	0	1	96	136	6540853	6540894	1.02e-07	71.3	7962	N/A
72_8_2218_27065_17879/1	gi|685042177|emb|LN590702.1|	100.000	34	0	0	102	135	1157093	1157060	1.71e-05	63.9	7962	N/A
72_8_2218_27065_17879/1	gi|685042177|emb|LN590702.1|	100.000	34	0	0	103	136	1181065	1181098	1.71e-05	63.9	7962	N/A
72_8_2218_27065_17879/1	gi|685042177|emb|LN590702.1|	100.000	34	0	0	103	136	3995989	3995956	1.71e-05	63.9	7962	N/A
72_8_2218_27065_17879/1	gi|685042177|emb|LN590702.1|	100.000	34	0	0	103	136	6762499	6762532	1.71e-05	63.9	7962	N/A
72_8_2218_27065_17879/1	gi|685042177|emb|LN590702.1|	100.000	34	0	0	103	136	6862999	6863032	1.71e-05	63.9	7962	N/A
72_8_2218_27065_17879/1	gi|685042162|emb|LN590687.1|	100.000	38	0	0	100	137	6550505	6550542	1.02e-07	71.3	7962	N/A
72_8_2218_27065_17879/1	gi|685042162|emb|LN590687.1|	100.000	35	0	0	102	136	8068430	8068464	4.76e-06	65.8	7962	N/A
72_8_2218_27065_17879/1	gi|685042162|emb|LN590687.1|	100.000	35	0	0	103	137	13500794	13500760	4.76e-06	65.8	7962	N/A
72_8_2218_27065_17879/1	gi|685042162|emb|LN590687.1|	100.000	34	0	0	103	136	10908042	10908009	1.71e-05	63.9	7962	N/A
72_8_2218_27065_17879/1	gi|685042162|emb|LN590687.1|	100.000	34	0	0	103	136	15036898	15036931	1.71e-05	63.9	7962	N/A
72_8_2218_27065_17879/1	gi|685042162|emb|LN590687.1|	100.000	31	0	0	106	136	15537185	15537215	7.96e-04	58.4	7962	N/A
72_8_2218_27065_17879/1	gi|2565360070|emb|OY632882.1|	97.500	40	1	0	98	137	22461	22500	3.68e-07	69.4	2697049	N/A
72_8_2218_27065_17879/1	gi|2560271083|emb|OY714119.1|	100.000	37	0	0	101	137	4299	4335	3.68e-07	69.4	2697049	N/A
72_8_1262_41113_29674/1	gi|2701784733|gb|OR911481.1|	100.000	136	0	0	2	137	70453	70318	3.40e-62	252	39414	N/A
72_8_1262_41113_29674/1	gi|2724827388|ref|NC_088468.1|	100.000	136	0	0	2	137	70453	70318	3.40e-62	252	197803	N/A
72_8_1262_41113_29674/1	gi|2328376401|ref|NC_068049.1|	100.000	136	0	0	2	137	70457	70322	3.40e-62	252	39414	N/A
72_8_1262_41113_29674/1	gi|2288448399|gb|ON641301.1|	100.000	136	0	0	2	137	70740	70605	3.40e-62	252	185001	N/A
72_8_1262_41113_29674/1	gi|2050192665|gb|MW877584.1|	100.000	136	0	0	2	137	70389	70254	3.40e-62	252	101999	N/A
72_8_2490_48024_12837/1	gi|3045267147|gb|PX049138.1|	99.265	136	1	0	2	137	104034	103899	1.58e-60	246	3454936	N/A
72_8_2490_48024_12837/1	gi|3045267147|gb|PX049138.1|	99.265	136	1	0	2	137	131400	131535	1.58e-60	246	3454936	N/A
72_8_2490_48024_12837/1	gi|3045267060|gb|PX049137.1|	99.265	136	1	0	2	137	104024	103889	1.58e-60	246	165317	N/A
72_8_2490_48024_12837/1	gi|3045267060|gb|PX049137.1|	99.265	136	1	0	2	137	131393	131528	1.58e-60	246	165317	N/A
72_8_2490_48024_12837/1	gi|3032662704|gb|PQ231107.1|	99.265	136	1	0	2	137	104286	104151	1.58e-60	246	572118	N/A
72_8_2490_48024_12837/1	gi|3032662704|gb|PQ231107.1|	99.265	136	1	0	2	137	131206	131341	1.58e-60	246	572118	N/A
72_8_2490_48024_12837/1	gi|3032662616|gb|PQ231106.1|	99.265	136	1	0	2	137	103803	103668	1.58e-60	246	694377	N/A
72_8_2490_48024_12837/1	gi|3032662616|gb|PQ231106.1|	99.265	136	1	0	2	137	130700	130835	1.58e-60	246	694377	N/A
72_8_2490_48024_12837/1	gi|3032662528|gb|PQ231105.1|	99.265	136	1	0	2	137	103821	103686	1.58e-60	246	694377	N/A
72_8_2490_48024_12837/1	gi|3032662528|gb|PQ231105.1|	99.265	136	1	0	2	137	130716	130851	1.58e-60	246	694377	N/A
72_8_2107_43670_26144/1	gi|1532072101|gb|CP034245.1|	81.111	90	17	0	2	91	3062379	3062468	2.84e-08	73.1	2483401	N/A
72_8_2107_43670_26144/1	gi|2997522847|emb|OZ262858.1|	100.000	29	0	0	50	78	168020	168048	0.010	54.7	3157631	N/A
72_8_2107_43670_26144/1	gi|1084379694|gb|CP017674.1|	90.244	41	4	0	50	90	2341371	2341331	0.010	54.7	1906742	N/A
72_8_1359_13535_26284/1	gi|2940839980|gb|CP184848.1|	100.000	136	0	0	2	137	2073238	2073373	3.40e-62	252	1747	N/A
72_8_1359_13535_26284/1	gi|2613050028|gb|CP136361.1|	100.000	136	0	0	2	137	2058870	2059005	3.40e-62	252	1905725	N/A
72_8_1359_13535_26284/1	gi|2548746222|gb|CP129004.1|	100.000	136	0	0	2	137	2058594	2058729	3.40e-62	252	1747	N/A
72_8_1359_13535_26284/1	gi|2493038017|gb|CP114010.1|	100.000	136	0	0	2	137	2053266	2053401	3.40e-62	252	1747	N/A
72_8_1359_13535_26284/1	gi|2463608150|gb|CP120207.1|	100.000	136	0	0	2	137	1587862	1587997	3.40e-62	252	1747	N/A
72_8_1492_25722_12668/1	gi|2701784733|gb|OR911481.1|	100.000	136	0	0	2	137	33013	32878	3.40e-62	252	39414	N/A
72_8_1492_25722_12668/1	gi|2328376401|ref|NC_068049.1|	100.000	136	0	0	2	137	32999	32864	3.40e-62	252	39414	N/A
72_8_1492_25722_12668/1	gi|2288448399|gb|ON641301.1|	100.000	136	0	0	2	137	33215	33080	3.40e-62	252	185001	N/A
72_8_1492_25722_12668/1	gi|2050192475|gb|MW877582.1|	100.000	136	0	0	2	137	33012	32877	3.40e-62	252	39414	N/A
72_8_1492_25722_12668/1	gi|2050192381|gb|MW877581.1|	100.000	136	0	0	2	137	33141	33006	3.40e-62	252	185001	N/A
72_8_1321_23577_23076/1	gi|3045267147|gb|PX049138.1|	100.000	136	0	0	2	137	104034	103899	3.40e-62	252	3454936	N/A
72_8_1321_23577_23076/1	gi|3045267147|gb|PX049138.1|	100.000	136	0	0	2	137	131400	131535	3.40e-62	252	3454936	N/A
72_8_1321_23577_23076/1	gi|3045267060|gb|PX049137.1|	100.000	136	0	0	2	137	104024	103889	3.40e-62	252	165317	N/A
72_8_1321_23577_23076/1	gi|3045267060|gb|PX049137.1|	100.000	136	0	0	2	137	131393	131528	3.40e-62	252	165317	N/A
72_8_1321_23577_23076/1	gi|3032662704|gb|PQ231107.1|	100.000	136	0	0	2	137	104286	104151	3.40e-62	252	572118	N/A
72_8_1321_23577_23076/1	gi|3032662704|gb|PQ231107.1|	100.000	136	0	0	2	137	131206	131341	3.40e-62	252	572118	N/A
72_8_1321_23577_23076/1	gi|3032662616|gb|PQ231106.1|	100.000	136	0	0	2	137	103803	103668	3.40e-62	252	694377	N/A
72_8_1321_23577_23076/1	gi|3032662616|gb|PQ231106.1|	100.000	136	0	0	2	137	130700	130835	3.40e-62	252	694377	N/A
72_8_1321_23577_23076/1	gi|3032662528|gb|PQ231105.1|	100.000	136	0	0	2	137	103821	103686	3.40e-62	252	694377	N/A
72_8_1321_23577_23076/1	gi|3032662528|gb|PQ231105.1|	100.000	136	0	0	2	137	130716	130851	3.40e-62	252	694377	N/A
72_8_2281_26329_4110/1	gi|2031301276|gb|CP073642.1|	84.694	98	15	0	15	112	24470649	24470552	4.69e-16	99.0	660624	N/A
72_8_1155_14158_15008/1	gi|3048443377|emb|OZ306171.1|	100.000	136	0	0	2	137	103326	103191	3.40e-62	252	481118	N/A
72_8_1155_14158_15008/1	gi|3048443377|emb|OZ306171.1|	100.000	136	0	0	2	137	130415	130550	3.40e-62	252	481118	N/A
72_8_1155_14158_15008/1	gi|3048443334|emb|OZ306286.1|	100.000	136	0	0	2	137	66578334	66578199	3.40e-62	252	78511	N/A
72_8_1155_14158_15008/1	gi|3048264046|emb|OZ297787.1|	100.000	136	0	0	2	137	107704	107569	3.40e-62	252	55318	N/A
72_8_1155_14158_15008/1	gi|3048264046|emb|OZ297787.1|	100.000	136	0	0	2	137	136097	136232	3.40e-62	252	55318	N/A
72_8_1155_14158_15008/1	gi|3048228106|emb|OZ297184.1|	100.000	136	0	0	2	137	108404	108269	3.40e-62	252	397083	N/A
72_8_1155_14158_15008/1	gi|3048228106|emb|OZ297184.1|	100.000	136	0	0	2	137	136875	137010	3.40e-62	252	397083	N/A
72_8_1155_14158_15008/1	gi|3048195103|emb|OZ297140.1|	100.000	136	0	0	2	137	105960	105825	3.40e-62	252	59297	N/A
72_8_1155_14158_15008/1	gi|3048195103|emb|OZ297140.1|	100.000	136	0	0	2	137	132604	132739	3.40e-62	252	59297	N/A
72_8_2265_28975_2275/1	gi|3045811490|gb|PX133153.1|	100.000	136	0	0	2	137	61802	61937	3.40e-62	252	691774	N/A
72_8_2265_28975_2275/1	gi|3045811376|gb|PX133145.1|	100.000	136	0	0	2	137	51472	51337	3.40e-62	252	41911	N/A
72_8_2265_28975_2275/1	gi|3045267147|gb|PX049138.1|	100.000	136	0	0	2	137	83614	83749	3.40e-62	252	3454936	N/A
72_8_2265_28975_2275/1	gi|3045267147|gb|PX049138.1|	100.000	136	0	0	2	137	151820	151685	3.40e-62	252	3454936	N/A
72_8_2265_28975_2275/1	gi|3045267060|gb|PX049137.1|	100.000	136	0	0	2	137	83610	83745	3.40e-62	252	165317	N/A
72_8_2265_28975_2275/1	gi|3045267060|gb|PX049137.1|	100.000	136	0	0	2	137	151807	151672	3.40e-62	252	165317	N/A
72_8_2265_28975_2275/1	gi|3032662616|gb|PQ231106.1|	100.000	136	0	0	2	137	83270	83405	3.40e-62	252	694377	N/A
72_8_2265_28975_2275/1	gi|3032662616|gb|PQ231106.1|	100.000	136	0	0	2	137	151233	151098	3.40e-62	252	694377	N/A
72_8_2480_2869_25808/1	gi|2701785009|gb|OR911484.1|	100.000	136	0	0	2	137	590	455	3.40e-62	252	197809	N/A
72_8_2480_2869_25808/1	gi|2724827569|ref|NC_088470.1|	100.000	136	0	0	2	137	583	448	3.40e-62	252	2550875	N/A
72_8_2480_2869_25808/1	gi|2666688421|ref|NC_085450.1|	100.000	136	0	0	2	137	538	403	3.40e-62	252	3107745	N/A
72_8_2480_2869_25808/1	gi|2288448399|gb|ON641301.1|	100.000	136	0	0	2	137	592	457	3.40e-62	252	185001	N/A
72_8_2480_2869_25808/1	gi|2050192381|gb|MW877581.1|	100.000	136	0	0	2	137	601	466	3.40e-62	252	185001	N/A
72_8_1348_31168_9321/1	gi|2473932891|ref|NC_072975.1|	94.118	119	5	2	20	137	309605	309488	1.63e-40	180	185002	N/A
72_8_1348_31168_9321/1	gi|2473932891|ref|NC_072975.1|	92.188	128	8	2	11	137	374538	374412	1.63e-40	180	185002	N/A
72_8_1348_31168_9321/1	gi|2473932891|ref|NC_072975.1|	84.733	131	12	4	8	137	374939	374816	7.74e-24	124	185002	N/A
72_8_1348_31168_9321/1	gi|2473932891|ref|NC_072975.1|	94.643	56	3	0	8	63	309949	309894	1.02e-12	87.9	185002	N/A
72_8_2341_6543_3255/1	gi|2701784733|gb|OR911481.1|	99.265	136	1	0	2	137	33013	32878	1.58e-60	246	39414	N/A
72_8_2341_6543_3255/1	gi|2328376401|ref|NC_068049.1|	99.265	136	1	0	2	137	32999	32864	1.58e-60	246	39414	N/A
72_8_2341_6543_3255/1	gi|2288448399|gb|ON641301.1|	99.265	136	1	0	2	137	33215	33080	1.58e-60	246	185001	N/A
72_8_2341_6543_3255/1	gi|2050192475|gb|MW877582.1|	99.265	136	1	0	2	137	33012	32877	1.58e-60	246	39414	N/A
72_8_2341_6543_3255/1	gi|2050192381|gb|MW877581.1|	99.265	136	1	0	2	137	33141	33006	1.58e-60	246	185001	N/A
72_8_1323_42707_9237/1	gi|2567103964|gb|CP132956.1|	95.588	136	6	0	2	137	1152785	1152650	3.45e-52	219	3064531	N/A
72_8_1420_27267_7752/1	gi|685042206|emb|LN590731.1|	93.878	49	1	2	91	137	347604	347652	2.84e-08	73.1	7962	N/A
72_8_1420_27267_7752/1	gi|685042160|emb|LN590685.1|	93.878	49	1	2	90	136	16867634	16867586	2.84e-08	73.1	7962	N/A
72_8_1420_27267_7752/1	gi|685042160|emb|LN590685.1|	95.455	44	0	2	95	136	850807	850850	3.68e-07	69.4	7962	N/A
72_8_1420_27267_7752/1	gi|685042160|emb|LN590685.1|	95.238	42	0	2	97	136	14193258	14193217	4.76e-06	65.8	7962	N/A
72_8_1420_27267_7752/1	gi|685042160|emb|LN590685.1|	95.238	42	0	2	97	136	18159835	18159794	4.76e-06	65.8	7962	N/A
72_8_1420_27267_7752/1	gi|2557638192|emb|OY694677.1|	93.750	48	1	2	89	136	4294	4339	1.02e-07	71.3	2697049	N/A
72_8_1420_27267_7752/1	gi|685042187|emb|LN590712.1|	95.556	45	0	2	94	136	11618578	11618622	1.02e-07	71.3	7962	N/A
72_8_1420_27267_7752/1	gi|685042187|emb|LN590712.1|	95.455	44	0	2	95	136	8642783	8642740	3.68e-07	69.4	7962	N/A
72_8_1420_27267_7752/1	gi|685042187|emb|LN590712.1|	100.000	37	0	0	95	131	9029113	9029077	3.68e-07	69.4	7962	N/A
72_8_1420_27267_7752/1	gi|685042187|emb|LN590712.1|	95.349	43	0	2	96	136	892578	892536	1.32e-06	67.6	7962	N/A
72_8_1420_27267_7752/1	gi|685042187|emb|LN590712.1|	95.238	42	0	2	97	136	17558680	17558721	4.76e-06	65.8	7962	N/A
72_8_1420_27267_7752/1	gi|2155043183|emb|OV015804.1|	100.000	38	0	0	96	133	29948	29911	1.02e-07	71.3	2697049	N/A
72_8_2393_43403_22628/1	gi|2219685592|gb|MT650360.1|	100.000	136	0	0	2	137	85362	85497	3.40e-62	252	301346	N/A
72_8_2393_43403_22628/1	gi|2219685505|gb|MT650359.1|	100.000	136	0	0	2	137	85379	85514	3.40e-62	252	301346	N/A
72_8_2393_43403_22628/1	gi|2589353058|ref|NC_077431.1|	100.000	136	0	0	2	137	85379	85514	3.40e-62	252	301346	N/A
72_8_2393_43403_22628/1	gi|3045811490|gb|PX133153.1|	99.265	136	1	0	2	137	61802	61937	1.58e-60	246	691774	N/A
72_8_2393_43403_22628/1	gi|3045811376|gb|PX133145.1|	99.265	136	1	0	2	137	51472	51337	1.58e-60	246	41911	N/A
72_8_1412_18690_17641/1	gi|2557643774|emb|OY673254.1|	95.652	46	2	0	88	133	21732	21777	7.91e-09	75.0	2697049	N/A
72_8_1412_18690_17641/1	gi|2463378371|dbj|AP027461.1|	95.652	46	2	0	88	133	1299632	1299677	7.91e-09	75.0	511145	N/A
72_8_1412_18690_17641/1	gi|2463378371|dbj|AP027461.1|	95.652	46	2	0	88	133	1628404	1628359	7.91e-09	75.0	511145	N/A
72_8_1412_18690_17641/1	gi|685042524|emb|LN591049.1|	95.745	47	0	2	83	127	341738	341692	7.91e-09	75.0	7962	N/A
72_8_1412_18690_17641/1	gi|2560502367|emb|OY629453.1|	100.000	38	0	0	86	123	5916	5953	1.02e-07	71.3	2697049	N/A
72_8_1412_18690_17641/1	gi|2155043183|emb|OV015804.1|	100.000	38	0	0	87	124	29948	29911	1.02e-07	71.3	2697049	N/A
72_8_2188_30181_1448/1	gi|3045267147|gb|PX049138.1|	100.000	136	0	0	2	137	104034	103899	3.40e-62	252	3454936	N/A
72_8_2188_30181_1448/1	gi|3045267147|gb|PX049138.1|	100.000	136	0	0	2	137	131400	131535	3.40e-62	252	3454936	N/A
72_8_2188_30181_1448/1	gi|3045267060|gb|PX049137.1|	100.000	136	0	0	2	137	104024	103889	3.40e-62	252	165317	N/A
72_8_2188_30181_1448/1	gi|3045267060|gb|PX049137.1|	100.000	136	0	0	2	137	131393	131528	3.40e-62	252	165317	N/A
72_8_2188_30181_1448/1	gi|3032662704|gb|PQ231107.1|	100.000	136	0	0	2	137	104286	104151	3.40e-62	252	572118	N/A
72_8_2188_30181_1448/1	gi|3032662704|gb|PQ231107.1|	100.000	136	0	0	2	137	131206	131341	3.40e-62	252	572118	N/A
72_8_2188_30181_1448/1	gi|3032662616|gb|PQ231106.1|	100.000	136	0	0	2	137	103803	103668	3.40e-62	252	694377	N/A
72_8_2188_30181_1448/1	gi|3032662616|gb|PQ231106.1|	100.000	136	0	0	2	137	130700	130835	3.40e-62	252	694377	N/A
72_8_2188_30181_1448/1	gi|3032662528|gb|PQ231105.1|	100.000	136	0	0	2	137	103821	103686	3.40e-62	252	694377	N/A
72_8_2188_30181_1448/1	gi|3032662528|gb|PQ231105.1|	100.000	136	0	0	2	137	130716	130851	3.40e-62	252	694377	N/A
72_8_1294_29355_15652/1	gi|2805792360|gb|PQ124709.1|	98.529	136	2	0	2	137	954	1089	7.37e-59	241	113209	N/A
72_8_1294_29355_15652/1	gi|2805792263|gb|PQ124708.1|	98.529	136	2	0	2	137	946	1081	7.37e-59	241	197811	N/A
72_8_1294_29355_15652/1	gi|2805792167|gb|PQ124707.1|	98.529	136	2	0	2	137	946	1081	7.37e-59	241	29818	N/A
72_8_1294_29355_15652/1	gi|2781957557|emb|OZ125092.1|	98.529	136	2	0	2	137	1256	1391	7.37e-59	241	46032	N/A
72_8_1294_29355_15652/1	gi|2781957553|emb|OZ125088.1|	98.529	136	2	0	2	137	33808522	33808657	7.37e-59	241	46032	N/A
72_8_1294_29355_15652/1	gi|2781957553|emb|OZ125088.1|	89.313	131	14	0	1	131	11796695	11796825	4.56e-36	165	46032	N/A
72_8_1388_30618_7444/1	gi|2701784733|gb|OR911481.1|	100.000	136	0	0	2	137	33013	32878	3.40e-62	252	39414	N/A
72_8_1388_30618_7444/1	gi|2328376401|ref|NC_068049.1|	100.000	136	0	0	2	137	32999	32864	3.40e-62	252	39414	N/A
72_8_1388_30618_7444/1	gi|2288448399|gb|ON641301.1|	100.000	136	0	0	2	137	33215	33080	3.40e-62	252	185001	N/A
72_8_1388_30618_7444/1	gi|2050192475|gb|MW877582.1|	100.000	136	0	0	2	137	33012	32877	3.40e-62	252	39414	N/A
72_8_1388_30618_7444/1	gi|2050192381|gb|MW877581.1|	100.000	136	0	0	2	137	33141	33006	3.40e-62	252	185001	N/A
72_8_2181_27559_11870/1	gi|3045267147|gb|PX049138.1|	100.000	136	0	0	2	137	104034	103899	3.40e-62	252	3454936	N/A
72_8_2181_27559_11870/1	gi|3045267147|gb|PX049138.1|	100.000	136	0	0	2	137	131400	131535	3.40e-62	252	3454936	N/A
72_8_2181_27559_11870/1	gi|3045267060|gb|PX049137.1|	100.000	136	0	0	2	137	104024	103889	3.40e-62	252	165317	N/A
72_8_2181_27559_11870/1	gi|3045267060|gb|PX049137.1|	100.000	136	0	0	2	137	131393	131528	3.40e-62	252	165317	N/A
72_8_2181_27559_11870/1	gi|3032662704|gb|PQ231107.1|	100.000	136	0	0	2	137	104286	104151	3.40e-62	252	572118	N/A
72_8_2181_27559_11870/1	gi|3032662704|gb|PQ231107.1|	100.000	136	0	0	2	137	131206	131341	3.40e-62	252	572118	N/A
72_8_2181_27559_11870/1	gi|3032662616|gb|PQ231106.1|	100.000	136	0	0	2	137	103803	103668	3.40e-62	252	694377	N/A
72_8_2181_27559_11870/1	gi|3032662616|gb|PQ231106.1|	100.000	136	0	0	2	137	130700	130835	3.40e-62	252	694377	N/A
72_8_2181_27559_11870/1	gi|3032662528|gb|PQ231105.1|	100.000	136	0	0	2	137	103821	103686	3.40e-62	252	694377	N/A
72_8_2181_27559_11870/1	gi|3032662528|gb|PQ231105.1|	100.000	136	0	0	2	137	130716	130851	3.40e-62	252	694377	N/A
72_8_1222_13041_9713/1	gi|3045811490|gb|PX133153.1|	100.000	136	0	0	2	137	61802	61937	3.40e-62	252	691774	N/A
72_8_1222_13041_9713/1	gi|3045811376|gb|PX133145.1|	100.000	136	0	0	2	137	51472	51337	3.40e-62	252	41911	N/A
72_8_1222_13041_9713/1	gi|3045267147|gb|PX049138.1|	100.000	136	0	0	2	137	83614	83749	3.40e-62	252	3454936	N/A
72_8_1222_13041_9713/1	gi|3045267147|gb|PX049138.1|	100.000	136	0	0	2	137	151820	151685	3.40e-62	252	3454936	N/A
72_8_1222_13041_9713/1	gi|3045267060|gb|PX049137.1|	100.000	136	0	0	2	137	83610	83745	3.40e-62	252	165317	N/A
72_8_1222_13041_9713/1	gi|3045267060|gb|PX049137.1|	100.000	136	0	0	2	137	151807	151672	3.40e-62	252	165317	N/A
72_8_1222_13041_9713/1	gi|3032662616|gb|PQ231106.1|	100.000	136	0	0	2	137	83270	83405	3.40e-62	252	694377	N/A
72_8_1222_13041_9713/1	gi|3032662616|gb|PQ231106.1|	100.000	136	0	0	2	137	151233	151098	3.40e-62	252	694377	N/A
72_8_1237_24257_17389/1	gi|2701784733|gb|OR911481.1|	100.000	136	0	0	2	137	33013	32878	3.40e-62	252	39414	N/A
72_8_1237_24257_17389/1	gi|2328376401|ref|NC_068049.1|	100.000	136	0	0	2	137	32999	32864	3.40e-62	252	39414	N/A
72_8_1237_24257_17389/1	gi|2288448399|gb|ON641301.1|	100.000	136	0	0	2	137	33215	33080	3.40e-62	252	185001	N/A
72_8_1237_24257_17389/1	gi|2050192475|gb|MW877582.1|	100.000	136	0	0	2	137	33012	32877	3.40e-62	252	39414	N/A
72_8_1237_24257_17389/1	gi|2050192381|gb|MW877581.1|	100.000	136	0	0	2	137	33141	33006	3.40e-62	252	185001	N/A
72_8_2334_38936_23917/1	gi|2246270286|gb|CP097649.1|	91.176	136	12	0	2	137	1653226	1653091	3.50e-42	185	1312364	N/A
72_8_2334_38936_23917/1	gi|2240661818|gb|CP097298.1|	91.176	136	12	0	2	137	3013119	3013254	3.50e-42	185	1312364	N/A
72_8_2334_38936_23917/1	gi|1818839734|gb|CP048751.1|	90.441	136	13	0	2	137	2693445	2693580	1.63e-40	180	74329	N/A
72_8_2334_38936_23917/1	gi|937996820|gb|CP012897.1|	90.299	134	11	2	5	137	2868036	2867904	7.58e-39	174	1532555	N/A
72_8_2334_38936_23917/1	gi|2457511348|gb|CP119326.1|	89.706	136	14	0	2	137	2132584	2132719	7.58e-39	174	3121376	N/A
72_8_2480_4925_6701/1	gi|3031834209|gb|CP136719.1|	91.954	87	7	0	2	88	2031665	2031751	2.78e-23	122	3079766	N/A
72_8_2480_4925_6701/1	gi|2442295357|gb|CP087106.1|	91.954	87	7	0	2	88	3673449	3673535	2.78e-23	122	2894310	N/A
72_8_2480_4925_6701/1	gi|1393171907|gb|CP029551.1|	88.000	100	12	0	3	102	3554784	3554685	3.60e-22	119	2202828	N/A
72_8_2480_4925_6701/1	gi|2639617496|gb|CP141048.1|	90.000	90	9	0	2	91	3054997	3054908	1.30e-21	117	864069	N/A
72_8_2480_4925_6701/1	gi|2293382578|gb|CP102845.1|	93.590	78	5	0	2	79	2028315	2028392	1.30e-21	117	2740529	N/A
72_8_2483_34235_27825/1	gi|2701785009|gb|OR911484.1|	100.000	136	0	0	2	137	590	455	3.40e-62	252	197809	N/A
72_8_2483_34235_27825/1	gi|2724827569|ref|NC_088470.1|	100.000	136	0	0	2	137	583	448	3.40e-62	252	2550875	N/A
72_8_2483_34235_27825/1	gi|2666688421|ref|NC_085450.1|	100.000	136	0	0	2	137	538	403	3.40e-62	252	3107745	N/A
72_8_2483_34235_27825/1	gi|2288448399|gb|ON641301.1|	100.000	136	0	0	2	137	592	457	3.40e-62	252	185001	N/A
72_8_2483_34235_27825/1	gi|2050192381|gb|MW877581.1|	100.000	136	0	0	2	137	601	466	3.40e-62	252	185001	N/A
72_8_2182_23124_7920/1	gi|1957401221|gb|CP067420.1|	86.765	136	18	0	2	137	2952087	2951952	3.55e-32	152	2775420	N/A
72_8_2182_23124_7920/1	gi|1757331179|gb|CP030265.1|	86.466	133	18	0	2	134	2476989	2477121	1.65e-30	147	2233999	N/A
72_8_2182_23124_7920/1	gi|2130786708|gb|CP086106.1|	85.294	136	20	0	2	137	3003289	3003154	7.68e-29	141	1789672	N/A
72_8_2182_23124_7920/1	gi|1388778649|gb|CP022367.1|	86.992	123	16	0	4	126	108932	109054	2.76e-28	139	664962	N/A
72_8_2182_23124_7920/1	gi|2753181928|gb|CP159403.1|	90.385	104	10	0	5	108	939337	939440	9.94e-28	137	861533	N/A
72_8_2349_36549_9307/1	gi|2781404995|ref|XM_066860292.1|	79.439	107	18	4	33	137	2147	2043	2.84e-08	73.1	2905665	N/A
72_8_1466_48777_19826/1	gi|2978724457|gb|PV611058.1|	91.228	57	3	2	83	137	295321	295377	2.20e-09	76.8	3421660	N/A
72_8_1466_48777_19826/1	gi|2978724457|gb|PV611058.1|	91.228	57	3	2	83	137	295784	295840	2.20e-09	76.8	3421660	N/A
72_8_1466_48777_19826/1	gi|2609791689|gb|OR652421.1|	97.727	44	0	1	78	120	13032	12989	7.91e-09	75.0	10376	N/A
72_8_1466_48777_19826/1	gi|2557643774|emb|OY673254.1|	95.652	46	2	0	83	128	21732	21777	7.91e-09	75.0	2697049	N/A
72_8_1466_48777_19826/1	gi|780644672|ref|XM_011690559.1|	97.727	44	0	1	78	120	1032	1075	7.91e-09	75.0	64793	N/A
72_8_1466_48777_19826/1	gi|2524352013|emb|OY072335.1|	97.619	42	1	0	75	116	21650	21691	2.84e-08	73.1	2697049	N/A
72_8_1358_40498_12192/1	gi|2927227409|emb|OZ240912.1|	85.470	117	15	2	2	117	15792720	15792605	1.00e-22	121	74693	N/A
72_8_1358_40498_12192/1	gi|2930241271|emb|OZ242982.1|	84.615	117	16	2	2	117	8609609	8609724	4.66e-21	115	138560	N/A
72_8_1358_40498_12192/1	gi|2927221867|emb|OZ240906.1|	84.615	117	16	2	2	117	45241708	45241593	4.66e-21	115	74693	N/A
72_8_1358_40498_12192/1	gi|2930241276|emb|OZ242987.1|	83.761	117	17	2	2	117	7749495	7749610	2.17e-19	110	138560	N/A
72_8_1358_40498_12192/1	gi|2755857398|emb|OZ078801.1|	82.759	116	18	2	2	116	16131841	16131955	3.63e-17	102	164258	N/A
72_8_1427_25511_12640/1	gi|2701784733|gb|OR911481.1|	100.000	136	0	0	2	137	33013	32878	3.40e-62	252	39414	N/A
72_8_1427_25511_12640/1	gi|2328376401|ref|NC_068049.1|	100.000	136	0	0	2	137	32999	32864	3.40e-62	252	39414	N/A
72_8_1427_25511_12640/1	gi|2288448399|gb|ON641301.1|	100.000	136	0	0	2	137	33215	33080	3.40e-62	252	185001	N/A
72_8_1427_25511_12640/1	gi|2050192475|gb|MW877582.1|	100.000	136	0	0	2	137	33012	32877	3.40e-62	252	39414	N/A
72_8_1427_25511_12640/1	gi|2050192381|gb|MW877581.1|	100.000	136	0	0	2	137	33141	33006	3.40e-62	252	185001	N/A
72_8_2372_11714_22992/1	gi|2978724457|gb|PV611058.1|	91.667	60	1	3	81	137	295321	295379	1.70e-10	80.5	3421660	N/A
72_8_2372_11714_22992/1	gi|2978724457|gb|PV611058.1|	91.667	60	1	3	81	137	295784	295842	1.70e-10	80.5	3421660	N/A
72_8_2372_11714_22992/1	gi|2557643774|emb|OY673254.1|	95.652	46	2	0	81	126	21732	21777	7.91e-09	75.0	2697049	N/A
72_8_2372_11714_22992/1	gi|2463378371|dbj|AP027461.1|	95.652	46	2	0	81	126	1299632	1299677	7.91e-09	75.0	511145	N/A
72_8_2372_11714_22992/1	gi|2463378371|dbj|AP027461.1|	95.652	46	2	0	81	126	1628404	1628359	7.91e-09	75.0	511145	N/A
72_8_2372_11714_22992/1	gi|2557648311|emb|OY677105.1|	97.674	43	0	1	74	115	9636	9678	2.84e-08	73.1	2697049	N/A
72_8_2372_11714_22992/1	gi|2155043183|emb|OV015804.1|	100.000	39	0	0	79	117	29949	29911	2.84e-08	73.1	2697049	N/A
72_8_2327_9456_17767/1	gi|3048443377|emb|OZ306171.1|	99.265	136	1	0	2	137	103326	103191	1.58e-60	246	481118	N/A
72_8_2327_9456_17767/1	gi|3048443377|emb|OZ306171.1|	99.265	136	1	0	2	137	130415	130550	1.58e-60	246	481118	N/A
72_8_2327_9456_17767/1	gi|3048443334|emb|OZ306286.1|	99.265	136	1	0	2	137	66578334	66578199	1.58e-60	246	78511	N/A
72_8_2327_9456_17767/1	gi|3048264046|emb|OZ297787.1|	99.265	136	1	0	2	137	107704	107569	1.58e-60	246	55318	N/A
72_8_2327_9456_17767/1	gi|3048264046|emb|OZ297787.1|	99.265	136	1	0	2	137	136097	136232	1.58e-60	246	55318	N/A
72_8_2327_9456_17767/1	gi|3048228106|emb|OZ297184.1|	99.265	136	1	0	2	137	108404	108269	1.58e-60	246	397083	N/A
72_8_2327_9456_17767/1	gi|3048228106|emb|OZ297184.1|	99.265	136	1	0	2	137	136875	137010	1.58e-60	246	397083	N/A
72_8_2327_9456_17767/1	gi|3048195103|emb|OZ297140.1|	99.265	136	1	0	2	137	105960	105825	1.58e-60	246	59297	N/A
72_8_2327_9456_17767/1	gi|3048195103|emb|OZ297140.1|	99.265	136	1	0	2	137	132604	132739	1.58e-60	246	59297	N/A
72_8_1238_19410_25948/1	gi|3045811490|gb|PX133153.1|	100.000	136	0	0	2	137	61802	61937	3.40e-62	252	691774	N/A
72_8_1238_19410_25948/1	gi|3045811376|gb|PX133145.1|	100.000	136	0	0	2	137	51472	51337	3.40e-62	252	41911	N/A
72_8_1238_19410_25948/1	gi|3045267147|gb|PX049138.1|	100.000	136	0	0	2	137	83614	83749	3.40e-62	252	3454936	N/A
72_8_1238_19410_25948/1	gi|3045267147|gb|PX049138.1|	100.000	136	0	0	2	137	151820	151685	3.40e-62	252	3454936	N/A
72_8_1238_19410_25948/1	gi|3045267060|gb|PX049137.1|	100.000	136	0	0	2	137	83610	83745	3.40e-62	252	165317	N/A
72_8_1238_19410_25948/1	gi|3045267060|gb|PX049137.1|	100.000	136	0	0	2	137	151807	151672	3.40e-62	252	165317	N/A
72_8_1238_19410_25948/1	gi|3032662616|gb|PQ231106.1|	100.000	136	0	0	2	137	83270	83405	3.40e-62	252	694377	N/A
72_8_1238_19410_25948/1	gi|3032662616|gb|PQ231106.1|	100.000	136	0	0	2	137	151233	151098	3.40e-62	252	694377	N/A
72_8_2193_36242_7710/1	gi|2249528541|gb|ON685362.1|	100.000	136	0	0	2	137	2866	2731	3.40e-62	252	185001	N/A
72_8_2193_36242_7710/1	gi|2169218512|gb|OK523422.1|	100.000	136	0	0	2	137	3204	3069	3.40e-62	252	101999	N/A
72_8_2193_36242_7710/1	gi|2169218506|gb|OK523416.1|	100.000	136	0	0	2	137	3202	3067	3.40e-62	252	197809	N/A
72_8_2193_36242_7710/1	gi|2169218505|gb|OK523415.1|	100.000	136	0	0	2	137	3207	3072	3.40e-62	252	185001	N/A
72_8_2193_36242_7710/1	gi|2169218502|gb|OK523412.1|	100.000	136	0	0	2	137	3204	3069	3.40e-62	252	101996	N/A
72_8_1101_43735_1967/1	gi|2781957548|emb|OZ125083.1|	80.451	133	22	3	3	133	12493731	12493861	4.69e-16	99.0	46032	N/A
72_8_1101_43735_1967/1	gi|3018954640|emb|OZ281389.1|	77.372	137	27	4	3	137	10955926	10956060	6.11e-10	78.7	4337	N/A
72_8_1101_43735_1967/1	gi|2935358936|emb|OZ243352.1|	77.037	135	29	2	3	136	2138417	2138284	2.20e-09	76.8	174664	N/A
72_8_1101_43735_1967/1	gi|2935358936|emb|OZ243352.1|	77.500	120	25	2	3	121	2339294	2339412	1.02e-07	71.3	174664	N/A
72_8_1101_43735_1967/1	gi|2740301263|emb|OZ066764.1|	76.296	135	30	2	3	136	19036599	19036732	1.02e-07	71.3	82091	N/A
72_8_1101_43735_1967/1	gi|2928257042|emb|OZ241232.1|	76.119	134	26	4	3	136	4397791	4397918	4.76e-06	65.8	1053365	N/A
72_8_1439_46753_8788/1	gi|685042175|emb|LN590700.1|	94.118	51	1	2	88	136	14033949	14033899	2.20e-09	76.8	7962	N/A
72_8_1439_46753_8788/1	gi|685042175|emb|LN590700.1|	95.238	42	0	2	96	135	15778538	15778579	4.76e-06	65.8	7962	N/A
72_8_1439_46753_8788/1	gi|685049099|emb|LN597611.1|	95.745	47	0	2	91	135	1566	1520	7.91e-09	75.0	7962	N/A
72_8_1439_46753_8788/1	gi|685042151|emb|LN590676.1|	95.745	47	0	2	91	135	3877004	3876958	7.91e-09	75.0	7962	N/A
72_8_1439_46753_8788/1	gi|685042151|emb|LN590676.1|	95.556	45	0	2	93	135	5167443	5167399	1.02e-07	71.3	7962	N/A
72_8_1439_46753_8788/1	gi|685042151|emb|LN590676.1|	95.349	43	0	2	95	135	1475371	1475329	1.32e-06	67.6	7962	N/A
72_8_1439_46753_8788/1	gi|685042151|emb|LN590676.1|	95.122	41	0	2	97	135	5133961	5133921	1.71e-05	63.9	7962	N/A
72_8_1439_46753_8788/1	gi|685042148|emb|LN590673.1|	97.727	44	0	1	90	132	9322680	9322723	7.91e-09	75.0	7962	N/A
72_8_1439_46753_8788/1	gi|685042148|emb|LN590673.1|	95.238	42	0	2	96	135	8955773	8955814	4.76e-06	65.8	7962	N/A
72_8_1439_46753_8788/1	gi|685042148|emb|LN590673.1|	91.667	48	2	2	90	135	9009491	9009538	4.76e-06	65.8	7962	N/A
72_8_1439_46753_8788/1	gi|685042172|emb|LN590697.1|	100.000	39	0	0	92	130	3839100	3839138	2.84e-08	73.1	7962	N/A
72_8_1439_46753_8788/1	gi|685042172|emb|LN590697.1|	95.455	44	0	2	94	135	288262	288305	3.68e-07	69.4	7962	N/A
72_8_1439_46753_8788/1	gi|685042172|emb|LN590697.1|	95.238	42	0	2	96	135	3030157	3030198	4.76e-06	65.8	7962	N/A
72_8_1151_17921_22950/1	gi|2978724457|gb|PV611058.1|	88.119	101	8	3	40	137	295320	295419	1.30e-21	117	3421660	N/A
72_8_1151_17921_22950/1	gi|2978724457|gb|PV611058.1|	91.803	61	1	3	40	97	295783	295842	4.72e-11	82.4	3421660	N/A
72_8_1151_17921_22950/1	gi|2830983252|gb|CP170844.1|	89.362	94	7	2	41	131	4083423	4083330	4.66e-21	115	573	N/A
72_8_1151_17921_22950/1	gi|2557643774|emb|OY673254.1|	95.652	46	2	0	41	86	21732	21777	7.91e-09	75.0	2697049	N/A
72_8_1151_17921_22950/1	gi|2463378371|dbj|AP027461.1|	95.652	46	2	0	41	86	1299632	1299677	7.91e-09	75.0	511145	N/A
72_8_1151_17921_22950/1	gi|2463378371|dbj|AP027461.1|	95.652	46	2	0	41	86	1628404	1628359	7.91e-09	75.0	511145	N/A
72_8_1151_17921_22950/1	gi|2557638192|emb|OY694677.1|	93.878	49	1	2	39	86	4299	4346	2.84e-08	73.1	2697049	N/A
72_8_2476_30359_17417/1	gi|2740537242|emb|OZ075127.1|	100.000	28	0	0	83	110	2132578	2132551	0.037	52.8	240449	N/A
72_8_2476_30359_17417/1	gi|2636209843|emb|OY982532.1|	96.875	32	0	1	79	110	4684594	4684564	0.037	52.8	988087	N/A
72_8_2476_30359_17417/1	gi|2499447483|emb|OX493405.1|	96.875	32	0	1	79	110	5436629	5436599	0.037	52.8	79499	N/A
72_8_2476_30359_17417/1	gi|2415277422|emb|OX388024.1|	96.875	32	0	1	79	110	28919993	28919963	0.037	52.8	987426	N/A
72_8_1315_3395_21956/1	gi|2936000952|emb|OZ244217.1|	81.481	108	20	0	2	109	2452983	2453090	2.82e-13	89.8	1978231	N/A
72_8_1181_7053_2093/1	gi|3045267147|gb|PX049138.1|	100.000	136	0	0	2	137	104034	103899	3.40e-62	252	3454936	N/A
72_8_1181_7053_2093/1	gi|3045267147|gb|PX049138.1|	100.000	136	0	0	2	137	131400	131535	3.40e-62	252	3454936	N/A
72_8_1181_7053_2093/1	gi|3045267060|gb|PX049137.1|	100.000	136	0	0	2	137	104024	103889	3.40e-62	252	165317	N/A
72_8_1181_7053_2093/1	gi|3045267060|gb|PX049137.1|	100.000	136	0	0	2	137	131393	131528	3.40e-62	252	165317	N/A
72_8_1181_7053_2093/1	gi|3032662704|gb|PQ231107.1|	100.000	136	0	0	2	137	104286	104151	3.40e-62	252	572118	N/A
72_8_1181_7053_2093/1	gi|3032662704|gb|PQ231107.1|	100.000	136	0	0	2	137	131206	131341	3.40e-62	252	572118	N/A
72_8_1181_7053_2093/1	gi|3032662616|gb|PQ231106.1|	100.000	136	0	0	2	137	103803	103668	3.40e-62	252	694377	N/A
72_8_1181_7053_2093/1	gi|3032662616|gb|PQ231106.1|	100.000	136	0	0	2	137	130700	130835	3.40e-62	252	694377	N/A
72_8_1181_7053_2093/1	gi|3032662528|gb|PQ231105.1|	100.000	136	0	0	2	137	103821	103686	3.40e-62	252	694377	N/A
72_8_1181_7053_2093/1	gi|3032662528|gb|PQ231105.1|	100.000	136	0	0	2	137	130716	130851	3.40e-62	252	694377	N/A
72_8_1162_25495_5160/1	gi|3045267147|gb|PX049138.1|	100.000	136	0	0	2	137	104034	103899	3.40e-62	252	3454936	N/A
72_8_1162_25495_5160/1	gi|3045267147|gb|PX049138.1|	100.000	136	0	0	2	137	131400	131535	3.40e-62	252	3454936	N/A
72_8_1162_25495_5160/1	gi|3045267060|gb|PX049137.1|	100.000	136	0	0	2	137	104024	103889	3.40e-62	252	165317	N/A
72_8_1162_25495_5160/1	gi|3045267060|gb|PX049137.1|	100.000	136	0	0	2	137	131393	131528	3.40e-62	252	165317	N/A
72_8_1162_25495_5160/1	gi|3032662704|gb|PQ231107.1|	100.000	136	0	0	2	137	104286	104151	3.40e-62	252	572118	N/A
72_8_1162_25495_5160/1	gi|3032662704|gb|PQ231107.1|	100.000	136	0	0	2	137	131206	131341	3.40e-62	252	572118	N/A
72_8_1162_25495_5160/1	gi|3032662616|gb|PQ231106.1|	100.000	136	0	0	2	137	103803	103668	3.40e-62	252	694377	N/A
72_8_1162_25495_5160/1	gi|3032662616|gb|PQ231106.1|	100.000	136	0	0	2	137	130700	130835	3.40e-62	252	694377	N/A
72_8_1162_25495_5160/1	gi|3032662528|gb|PQ231105.1|	100.000	136	0	0	2	137	103821	103686	3.40e-62	252	694377	N/A
72_8_1162_25495_5160/1	gi|3032662528|gb|PQ231105.1|	100.000	136	0	0	2	137	130716	130851	3.40e-62	252	694377	N/A
72_8_2256_8493_17529/1	gi|2440541217|gb|CP097269.1|	89.231	65	7	0	13	77	270230	270166	4.72e-11	82.4	2940492	N/A
72_8_2155_4868_17221/1	gi|2845988049|emb|OZ200617.1|	98.529	136	2	0	2	137	15723224	15723359	7.37e-59	241	90364	N/A
72_8_2155_4868_17221/1	gi|2845988049|emb|OZ200617.1|	98.529	136	2	0	2	137	15738658	15738793	7.37e-59	241	90364	N/A
72_8_2155_4868_17221/1	gi|2845988049|emb|OZ200617.1|	98.529	136	2	0	2	137	15747350	15747485	7.37e-59	241	90364	N/A
72_8_2155_4868_17221/1	gi|2845988049|emb|OZ200617.1|	98.529	136	2	0	2	137	15756032	15756167	7.37e-59	241	90364	N/A
72_8_2155_4868_17221/1	gi|2845988049|emb|OZ200617.1|	98.529	136	2	0	2	137	15764554	15764689	7.37e-59	241	90364	N/A
72_8_2155_4868_17221/1	gi|2845988049|emb|OZ200617.1|	98.529	136	2	0	2	137	15773246	15773381	7.37e-59	241	90364	N/A
72_8_2155_4868_17221/1	gi|2845988049|emb|OZ200617.1|	98.529	136	2	0	2	137	15782526	15782661	7.37e-59	241	90364	N/A
72_8_2155_4868_17221/1	gi|2845988049|emb|OZ200617.1|	98.529	136	2	0	2	137	15797932	15798067	7.37e-59	241	90364	N/A
72_8_2155_4868_17221/1	gi|2845988049|emb|OZ200617.1|	98.529	136	2	0	2	137	15806626	15806761	7.37e-59	241	90364	N/A
72_8_2155_4868_17221/1	gi|2845988049|emb|OZ200617.1|	98.529	136	2	0	2	137	15821590	15821725	7.37e-59	241	90364	N/A
72_8_2155_4868_17221/1	gi|2845988049|emb|OZ200617.1|	98.529	136	2	0	2	137	15830282	15830417	7.37e-59	241	90364	N/A
72_8_2155_4868_17221/1	gi|2845988049|emb|OZ200617.1|	98.529	136	2	0	2	137	15842847	15842982	7.37e-59	241	90364	N/A
72_8_2155_4868_17221/1	gi|2845988049|emb|OZ200617.1|	98.529	136	2	0	2	137	15850606	15850471	7.37e-59	241	90364	N/A
72_8_2155_4868_17221/1	gi|2845988049|emb|OZ200617.1|	98.529	136	2	0	2	137	15859298	15859163	7.37e-59	241	90364	N/A
72_8_2155_4868_17221/1	gi|2845988049|emb|OZ200617.1|	98.529	136	2	0	2	137	15873683	15873548	7.37e-59	241	90364	N/A
72_8_2155_4868_17221/1	gi|2845988049|emb|OZ200617.1|	98.529	136	2	0	2	137	15882375	15882240	7.37e-59	241	90364	N/A
72_8_2155_4868_17221/1	gi|2845988049|emb|OZ200617.1|	98.529	136	2	0	2	137	15898958	15898823	7.37e-59	241	90364	N/A
72_8_2155_4868_17221/1	gi|2845988049|emb|OZ200617.1|	98.529	136	2	0	2	137	15907650	15907515	7.37e-59	241	90364	N/A
72_8_2155_4868_17221/1	gi|2845988049|emb|OZ200617.1|	98.529	136	2	0	2	137	15916342	15916207	7.37e-59	241	90364	N/A
72_8_2155_4868_17221/1	gi|2845988049|emb|OZ200617.1|	98.529	136	2	0	2	137	15925034	15924899	7.37e-59	241	90364	N/A
72_8_2155_4868_17221/1	gi|2845988049|emb|OZ200617.1|	98.529	136	2	0	2	137	15940274	15940139	7.37e-59	241	90364	N/A
72_8_2155_4868_17221/1	gi|2845988049|emb|OZ200617.1|	98.529	136	2	0	2	137	15948966	15948831	7.37e-59	241	90364	N/A
72_8_2155_4868_17221/1	gi|2845988049|emb|OZ200617.1|	98.529	136	2	0	2	137	15965521	15965386	7.37e-59	241	90364	N/A
72_8_2155_4868_17221/1	gi|2845988049|emb|OZ200617.1|	98.529	136	2	0	2	137	15974213	15974078	7.37e-59	241	90364	N/A
72_8_2155_4868_17221/1	gi|2845988049|emb|OZ200617.1|	98.529	136	2	0	2	137	15988590	15988455	7.37e-59	241	90364	N/A
72_8_2155_4868_17221/1	gi|2845988049|emb|OZ200617.1|	98.529	136	2	0	2	137	15997282	15997147	7.37e-59	241	90364	N/A
72_8_2155_4868_17221/1	gi|2845988049|emb|OZ200617.1|	98.529	136	2	0	2	137	16011648	16011513	7.37e-59	241	90364	N/A
72_8_2155_4868_17221/1	gi|2845988049|emb|OZ200617.1|	98.529	136	2	0	2	137	16020384	16020249	7.37e-59	241	90364	N/A
72_8_2155_4868_17221/1	gi|2845988049|emb|OZ200617.1|	98.529	136	2	0	2	137	16029076	16028941	7.37e-59	241	90364	N/A
72_8_2155_4868_17221/1	gi|2845988049|emb|OZ200617.1|	98.529	136	2	0	2	137	16037768	16037633	7.37e-59	241	90364	N/A
72_8_2155_4868_17221/1	gi|2845988049|emb|OZ200617.1|	98.529	136	2	0	2	137	16046460	16046325	7.37e-59	241	90364	N/A
72_8_2155_4868_17221/1	gi|2845988049|emb|OZ200617.1|	98.529	136	2	0	2	137	16060844	16060709	7.37e-59	241	90364	N/A
72_8_2155_4868_17221/1	gi|2845988049|emb|OZ200617.1|	98.529	136	2	0	2	137	16069536	16069401	7.37e-59	241	90364	N/A
72_8_2155_4868_17221/1	gi|2845988049|emb|OZ200617.1|	98.529	136	2	0	2	137	16077321	16077456	7.37e-59	241	90364	N/A
72_8_2155_4868_17221/1	gi|2845988049|emb|OZ200617.1|	98.529	136	2	0	2	137	16094695	16094830	7.37e-59	241	90364	N/A
72_8_2155_4868_17221/1	gi|2845988049|emb|OZ200617.1|	98.529	136	2	0	2	137	16103388	16103523	7.37e-59	241	90364	N/A
72_8_2155_4868_17221/1	gi|2845988049|emb|OZ200617.1|	98.529	136	2	0	2	137	16112081	16112216	7.37e-59	241	90364	N/A
72_8_2155_4868_17221/1	gi|2845988049|emb|OZ200617.1|	98.529	136	2	0	2	137	16126465	16126600	7.37e-59	241	90364	N/A
72_8_2155_4868_17221/1	gi|2845988049|emb|OZ200617.1|	98.529	136	2	0	2	137	16141899	16142034	7.37e-59	241	90364	N/A
72_8_2155_4868_17221/1	gi|2845988049|emb|OZ200617.1|	98.529	136	2	0	2	137	16161713	16161848	7.37e-59	241	90364	N/A
72_8_2155_4868_17221/1	gi|2845988049|emb|OZ200617.1|	98.529	136	2	0	2	137	16170405	16170540	7.37e-59	241	90364	N/A
72_8_2155_4868_17221/1	gi|2845988049|emb|OZ200617.1|	98.529	136	2	0	2	137	16184782	16184917	7.37e-59	241	90364	N/A
72_8_2155_4868_17221/1	gi|2845988049|emb|OZ200617.1|	98.529	136	2	0	2	137	16200205	16200340	7.37e-59	241	90364	N/A
72_8_2155_4868_17221/1	gi|2845988049|emb|OZ200617.1|	98.529	136	2	0	2	137	16208897	16209032	7.37e-59	241	90364	N/A
72_8_2155_4868_17221/1	gi|2845988049|emb|OZ200617.1|	98.529	136	2	0	2	137	16217589	16217724	7.37e-59	241	90364	N/A
72_8_2155_4868_17221/1	gi|2845988049|emb|OZ200617.1|	98.529	136	2	0	2	137	16226281	16226416	7.37e-59	241	90364	N/A
72_8_2155_4868_17221/1	gi|2845988049|emb|OZ200617.1|	98.529	136	2	0	2	137	16240738	16240873	7.37e-59	241	90364	N/A
72_8_2155_4868_17221/1	gi|2845988049|emb|OZ200617.1|	98.529	136	2	0	2	137	16249506	16249641	7.37e-59	241	90364	N/A
72_8_2155_4868_17221/1	gi|2845988049|emb|OZ200617.1|	98.529	136	2	0	2	137	16258274	16258409	7.37e-59	241	90364	N/A
72_8_2155_4868_17221/1	gi|2845988049|emb|OZ200617.1|	98.529	136	2	0	2	137	16267042	16267177	7.37e-59	241	90364	N/A
72_8_2155_4868_17221/1	gi|2845988049|emb|OZ200617.1|	98.529	136	2	0	2	137	16275810	16275945	7.37e-59	241	90364	N/A
72_8_2155_4868_17221/1	gi|2845988049|emb|OZ200617.1|	98.529	136	2	0	2	137	16284577	16284712	7.37e-59	241	90364	N/A
72_8_2155_4868_17221/1	gi|2845988049|emb|OZ200617.1|	98.529	136	2	0	2	137	16293345	16293480	7.37e-59	241	90364	N/A
72_8_2155_4868_17221/1	gi|2845988049|emb|OZ200617.1|	98.529	136	2	0	2	137	16302113	16302248	7.37e-59	241	90364	N/A
72_8_2155_4868_17221/1	gi|2845988049|emb|OZ200617.1|	98.529	136	2	0	2	137	16320044	16320179	7.37e-59	241	90364	N/A
72_8_2155_4868_17221/1	gi|2845988049|emb|OZ200617.1|	98.529	136	2	0	2	137	16328695	16328830	7.37e-59	241	90364	N/A
72_8_2155_4868_17221/1	gi|2845988049|emb|OZ200617.1|	98.529	136	2	0	2	137	16337325	16337460	7.37e-59	241	90364	N/A
72_8_2155_4868_17221/1	gi|2845988049|emb|OZ200617.1|	98.529	136	2	0	2	137	16340902	16340767	7.37e-59	241	90364	N/A
72_8_2155_4868_17221/1	gi|2845988049|emb|OZ200617.1|	98.529	136	2	0	2	137	16347955	16347820	7.37e-59	241	90364	N/A
72_8_2155_4868_17221/1	gi|2845988049|emb|OZ200617.1|	98.529	136	2	0	2	137	16352172	16352037	7.37e-59	241	90364	N/A
72_8_2155_4868_17221/1	gi|2845988049|emb|OZ200617.1|	98.529	136	2	0	2	137	16385390	16385255	7.37e-59	241	90364	N/A
72_8_2155_4868_17221/1	gi|2845988049|emb|OZ200617.1|	98.529	136	2	0	2	137	16394547	16394412	7.37e-59	241	90364	N/A
72_8_2155_4868_17221/1	gi|2845988049|emb|OZ200617.1|	98.529	136	2	0	2	137	16409543	16409408	7.37e-59	241	90364	N/A
72_8_2155_4868_17221/1	gi|2845988049|emb|OZ200617.1|	98.529	136	2	0	2	137	16418266	16418131	7.37e-59	241	90364	N/A
72_8_2155_4868_17221/1	gi|2845988049|emb|OZ200617.1|	98.529	136	2	0	2	137	16429722	16429587	7.37e-59	241	90364	N/A
72_8_2155_4868_17221/1	gi|2845988049|emb|OZ200617.1|	98.529	136	2	0	2	137	16438490	16438355	7.37e-59	241	90364	N/A
72_8_2155_4868_17221/1	gi|2845988049|emb|OZ200617.1|	98.529	136	2	0	2	137	16447299	16447164	7.37e-59	241	90364	N/A
72_8_2155_4868_17221/1	gi|2845988049|emb|OZ200617.1|	98.529	136	2	0	2	137	16456067	16455932	7.37e-59	241	90364	N/A
72_8_2155_4868_17221/1	gi|2845988049|emb|OZ200617.1|	98.529	136	2	0	2	137	16464835	16464700	7.37e-59	241	90364	N/A
72_8_2155_4868_17221/1	gi|2845988049|emb|OZ200617.1|	98.529	136	2	0	2	137	16479294	16479159	7.37e-59	241	90364	N/A
72_8_2155_4868_17221/1	gi|2845988049|emb|OZ200617.1|	98.529	136	2	0	2	137	16488062	16487927	7.37e-59	241	90364	N/A
72_8_2155_4868_17221/1	gi|2845988049|emb|OZ200617.1|	98.529	136	2	0	2	137	16497044	16496909	7.37e-59	241	90364	N/A
72_8_2155_4868_17221/1	gi|2845988049|emb|OZ200617.1|	98.529	136	2	0	2	137	16508535	16508670	7.37e-59	241	90364	N/A
72_8_2155_4868_17221/1	gi|2845988049|emb|OZ200617.1|	98.529	136	2	0	2	137	16517227	16517362	7.37e-59	241	90364	N/A
72_8_2155_4868_17221/1	gi|2845988049|emb|OZ200617.1|	98.529	136	2	0	2	137	16525919	16526054	7.37e-59	241	90364	N/A
72_8_2155_4868_17221/1	gi|2845988049|emb|OZ200617.1|	98.529	136	2	0	2	137	16534611	16534746	7.37e-59	241	90364	N/A
72_8_2155_4868_17221/1	gi|2845988049|emb|OZ200617.1|	98.529	136	2	0	2	137	16548660	16548795	7.37e-59	241	90364	N/A
72_8_2155_4868_17221/1	gi|2845988049|emb|OZ200617.1|	98.529	136	2	0	2	137	16557352	16557487	7.37e-59	241	90364	N/A
72_8_2155_4868_17221/1	gi|2845988049|emb|OZ200617.1|	98.529	136	2	0	2	137	16566034	16566169	7.37e-59	241	90364	N/A
72_8_2155_4868_17221/1	gi|2845988049|emb|OZ200617.1|	98.529	136	2	0	2	137	16574726	16574861	7.37e-59	241	90364	N/A
72_8_2155_4868_17221/1	gi|2845988049|emb|OZ200617.1|	98.529	136	2	0	2	137	16583408	16583543	7.37e-59	241	90364	N/A
72_8_2155_4868_17221/1	gi|2845988049|emb|OZ200617.1|	98.529	136	2	0	2	137	16592100	16592235	7.37e-59	241	90364	N/A
72_8_2155_4868_17221/1	gi|2845988049|emb|OZ200617.1|	98.529	136	2	0	2	137	16596125	16595990	7.37e-59	241	90364	N/A
72_8_2155_4868_17221/1	gi|2845988049|emb|OZ200617.1|	98.529	136	2	0	2	137	16604893	16604758	7.37e-59	241	90364	N/A
72_8_2155_4868_17221/1	gi|2845988049|emb|OZ200617.1|	98.529	136	2	0	2	137	16613661	16613526	7.37e-59	241	90364	N/A
72_8_2155_4868_17221/1	gi|2845988049|emb|OZ200617.1|	98.529	136	2	0	2	137	16629679	16629544	7.37e-59	241	90364	N/A
72_8_2155_4868_17221/1	gi|2845988049|emb|OZ200617.1|	98.529	136	2	0	2	137	16644102	16643967	7.37e-59	241	90364	N/A
72_8_2155_4868_17221/1	gi|2845988049|emb|OZ200617.1|	98.529	136	2	0	2	137	16652870	16652735	7.37e-59	241	90364	N/A
72_8_2155_4868_17221/1	gi|2845988049|emb|OZ200617.1|	98.529	136	2	0	2	137	16661638	16661503	7.37e-59	241	90364	N/A
72_8_2155_4868_17221/1	gi|2845988049|emb|OZ200617.1|	98.529	136	2	0	2	137	16670396	16670261	7.37e-59	241	90364	N/A
72_8_2155_4868_17221/1	gi|2845988049|emb|OZ200617.1|	98.529	136	2	0	2	137	16679164	16679029	7.37e-59	241	90364	N/A
72_8_2155_4868_17221/1	gi|2845988049|emb|OZ200617.1|	98.529	136	2	0	2	137	16685097	16685232	7.37e-59	241	90364	N/A
72_8_2155_4868_17221/1	gi|2845988049|emb|OZ200617.1|	98.529	136	2	0	2	137	16693817	16693952	7.37e-59	241	90364	N/A
72_8_2155_4868_17221/1	gi|2845988049|emb|OZ200617.1|	98.529	136	2	0	2	137	16702537	16702672	7.37e-59	241	90364	N/A
72_8_2155_4868_17221/1	gi|2845988049|emb|OZ200617.1|	98.529	136	2	0	2	137	16711257	16711392	7.37e-59	241	90364	N/A
72_8_2155_4868_17221/1	gi|2845988049|emb|OZ200617.1|	98.529	136	2	0	2	137	16719977	16720112	7.37e-59	241	90364	N/A
72_8_2155_4868_17221/1	gi|2845988049|emb|OZ200617.1|	98.529	136	2	0	2	137	16728697	16728832	7.37e-59	241	90364	N/A
72_8_2155_4868_17221/1	gi|2845988049|emb|OZ200617.1|	98.529	136	2	0	2	137	16737417	16737552	7.37e-59	241	90364	N/A
72_8_2155_4868_17221/1	gi|2845988049|emb|OZ200617.1|	98.529	136	2	0	2	137	16746137	16746272	7.37e-59	241	90364	N/A
72_8_2155_4868_17221/1	gi|2845988049|emb|OZ200617.1|	98.529	136	2	0	2	137	16760602	16760737	7.37e-59	241	90364	N/A
72_8_2155_4868_17221/1	gi|2845988049|emb|OZ200617.1|	98.529	136	2	0	2	137	16769370	16769505	7.37e-59	241	90364	N/A
72_8_2155_4868_17221/1	gi|2845988049|emb|OZ200617.1|	98.529	136	2	0	2	137	16784657	16784792	7.37e-59	241	90364	N/A
72_8_2155_4868_17221/1	gi|2845988049|emb|OZ200617.1|	98.529	136	2	0	2	137	16793425	16793560	7.37e-59	241	90364	N/A
72_8_2155_4868_17221/1	gi|2845988049|emb|OZ200617.1|	98.529	136	2	0	2	137	16802214	16802349	7.37e-59	241	90364	N/A
72_8_2155_4868_17221/1	gi|2845988049|emb|OZ200617.1|	98.529	136	2	0	2	137	16810982	16811117	7.37e-59	241	90364	N/A
72_8_2155_4868_17221/1	gi|2845988049|emb|OZ200617.1|	98.529	136	2	0	2	137	16826494	16826629	7.37e-59	241	90364	N/A
72_8_2155_4868_17221/1	gi|2845988049|emb|OZ200617.1|	98.529	136	2	0	2	137	16842006	16842141	7.37e-59	241	90364	N/A
72_8_2155_4868_17221/1	gi|2845988049|emb|OZ200617.1|	98.529	136	2	0	2	137	16846366	16846501	7.37e-59	241	90364	N/A
72_8_2155_4868_17221/1	gi|2845988049|emb|OZ200617.1|	98.529	136	2	0	2	137	16855316	16855451	7.37e-59	241	90364	N/A
72_8_2155_4868_17221/1	gi|2845988049|emb|OZ200617.1|	98.529	136	2	0	2	137	16873770	16873635	7.37e-59	241	90364	N/A
72_8_2155_4868_17221/1	gi|2845988049|emb|OZ200617.1|	98.529	136	2	0	2	137	16882463	16882328	7.37e-59	241	90364	N/A
72_8_2155_4868_17221/1	gi|2845988049|emb|OZ200617.1|	98.529	136	2	0	2	137	16891156	16891021	7.37e-59	241	90364	N/A
72_8_2155_4868_17221/1	gi|2845988049|emb|OZ200617.1|	98.529	136	2	0	2	137	16905541	16905406	7.37e-59	241	90364	N/A
72_8_2155_4868_17221/1	gi|2845988049|emb|OZ200617.1|	98.529	136	2	0	2	137	16914233	16914098	7.37e-59	241	90364	N/A
72_8_2155_4868_17221/1	gi|2845988049|emb|OZ200617.1|	98.529	136	2	0	2	137	16922939	16922804	7.37e-59	241	90364	N/A
72_8_2155_4868_17221/1	gi|2845988049|emb|OZ200617.1|	98.529	136	2	0	2	137	16931632	16931497	7.37e-59	241	90364	N/A
72_8_2155_4868_17221/1	gi|2845988049|emb|OZ200617.1|	98.529	136	2	0	2	137	16940324	16940189	7.37e-59	241	90364	N/A
72_8_2155_4868_17221/1	gi|2845988049|emb|OZ200617.1|	98.529	136	2	0	2	137	16949017	16948882	7.37e-59	241	90364	N/A
72_8_2155_4868_17221/1	gi|2845988049|emb|OZ200617.1|	98.529	136	2	0	2	137	16964206	16964071	7.37e-59	241	90364	N/A
72_8_2155_4868_17221/1	gi|2845988049|emb|OZ200617.1|	98.529	136	2	0	2	137	16972895	16972760	7.37e-59	241	90364	N/A
72_8_2155_4868_17221/1	gi|2845988049|emb|OZ200617.1|	98.529	136	2	0	2	137	16988155	16988020	7.37e-59	241	90364	N/A
72_8_2155_4868_17221/1	gi|2845988049|emb|OZ200617.1|	98.529	136	2	0	2	137	17003584	17003449	7.37e-59	241	90364	N/A
72_8_2155_4868_17221/1	gi|2845988049|emb|OZ200617.1|	98.529	136	2	0	2	137	17012277	17012142	7.37e-59	241	90364	N/A
72_8_2155_4868_17221/1	gi|2845988049|emb|OZ200617.1|	98.529	136	2	0	2	137	17020968	17020833	7.37e-59	241	90364	N/A
72_8_2155_4868_17221/1	gi|2845988049|emb|OZ200617.1|	98.529	136	2	0	2	137	17029661	17029526	7.37e-59	241	90364	N/A
72_8_2155_4868_17221/1	gi|2845988049|emb|OZ200617.1|	98.529	136	2	0	2	137	17038355	17038220	7.37e-59	241	90364	N/A
72_8_2155_4868_17221/1	gi|2845988049|emb|OZ200617.1|	98.529	136	2	0	2	137	17044584	17044719	7.37e-59	241	90364	N/A
72_8_2155_4868_17221/1	gi|2845988049|emb|OZ200617.1|	98.529	136	2	0	2	137	17053215	17053350	7.37e-59	241	90364	N/A
72_8_2155_4868_17221/1	gi|2845988049|emb|OZ200617.1|	98.529	136	2	0	2	137	17062005	17062140	7.37e-59	241	90364	N/A
72_8_2155_4868_17221/1	gi|2845988049|emb|OZ200617.1|	98.529	136	2	0	2	137	17070656	17070791	7.37e-59	241	90364	N/A
72_8_2155_4868_17221/1	gi|2845988049|emb|OZ200617.1|	98.529	136	2	0	2	137	17079307	17079442	7.37e-59	241	90364	N/A
72_8_2155_4868_17221/1	gi|2845988049|emb|OZ200617.1|	98.529	136	2	0	2	137	17087958	17088093	7.37e-59	241	90364	N/A
72_8_2155_4868_17221/1	gi|2845988049|emb|OZ200617.1|	98.529	136	2	0	2	137	17096596	17096731	7.37e-59	241	90364	N/A
72_8_2155_4868_17221/1	gi|2845988049|emb|OZ200617.1|	98.529	136	2	0	2	137	17105247	17105382	7.37e-59	241	90364	N/A
72_8_2155_4868_17221/1	gi|2845988049|emb|OZ200617.1|	98.529	136	2	0	2	137	17113878	17114013	7.37e-59	241	90364	N/A
72_8_2155_4868_17221/1	gi|2845988049|emb|OZ200617.1|	98.529	136	2	0	2	137	17122669	17122804	7.37e-59	241	90364	N/A
72_8_2155_4868_17221/1	gi|2845988049|emb|OZ200617.1|	98.529	136	2	0	2	137	17131320	17131455	7.37e-59	241	90364	N/A
72_8_2155_4868_17221/1	gi|2845988049|emb|OZ200617.1|	98.529	136	2	0	2	137	17139958	17140093	7.37e-59	241	90364	N/A
72_8_2155_4868_17221/1	gi|2845988049|emb|OZ200617.1|	98.529	136	2	0	2	137	17148609	17148744	7.37e-59	241	90364	N/A
72_8_2155_4868_17221/1	gi|2845988049|emb|OZ200617.1|	98.529	136	2	0	2	137	17157261	17157396	7.37e-59	241	90364	N/A
72_8_2155_4868_17221/1	gi|2845988049|emb|OZ200617.1|	98.529	136	2	0	2	137	17174562	17174697	7.37e-59	241	90364	N/A
72_8_2155_4868_17221/1	gi|2845988049|emb|OZ200617.1|	98.529	136	2	0	2	137	17193349	17193484	7.37e-59	241	90364	N/A
72_8_2155_4868_17221/1	gi|2845988049|emb|OZ200617.1|	98.529	136	2	0	2	137	17202042	17202177	7.37e-59	241	90364	N/A
72_8_2155_4868_17221/1	gi|2845988049|emb|OZ200617.1|	98.529	136	2	0	2	137	17210736	17210871	7.37e-59	241	90364	N/A
72_8_2155_4868_17221/1	gi|2845988049|emb|OZ200617.1|	98.529	136	2	0	2	137	17219430	17219565	7.37e-59	241	90364	N/A
72_8_2155_4868_17221/1	gi|2845988049|emb|OZ200617.1|	98.529	136	2	0	2	137	17233818	17233953	7.37e-59	241	90364	N/A
72_8_2155_4868_17221/1	gi|2845988049|emb|OZ200617.1|	98.529	136	2	0	2	137	17242510	17242645	7.37e-59	241	90364	N/A
72_8_2155_4868_17221/1	gi|2845988049|emb|OZ200617.1|	98.529	136	2	0	2	137	17252078	17252213	7.37e-59	241	90364	N/A
72_8_2155_4868_17221/1	gi|2845988049|emb|OZ200617.1|	98.529	136	2	0	2	137	17260772	17260907	7.37e-59	241	90364	N/A
72_8_2155_4868_17221/1	gi|2845988049|emb|OZ200617.1|	98.529	136	2	0	2	137	17269464	17269599	7.37e-59	241	90364	N/A
72_8_2155_4868_17221/1	gi|2845988049|emb|OZ200617.1|	98.529	136	2	0	2	137	17278157	17278292	7.37e-59	241	90364	N/A
72_8_2155_4868_17221/1	gi|2845988049|emb|OZ200617.1|	98.529	136	2	0	2	137	17293399	17293534	7.37e-59	241	90364	N/A
72_8_2155_4868_17221/1	gi|2845988049|emb|OZ200617.1|	98.529	136	2	0	2	137	17307960	17308095	7.37e-59	241	90364	N/A
72_8_2155_4868_17221/1	gi|2845988049|emb|OZ200617.1|	98.529	136	2	0	2	137	17315044	17314909	7.37e-59	241	90364	N/A
72_8_2155_4868_17221/1	gi|2845988049|emb|OZ200617.1|	98.529	136	2	0	2	137	17329952	17329817	7.37e-59	241	90364	N/A
72_8_2155_4868_17221/1	gi|2845988049|emb|OZ200617.1|	98.529	136	2	0	2	137	17338644	17338509	7.37e-59	241	90364	N/A
72_8_2155_4868_17221/1	gi|2845988049|emb|OZ200617.1|	98.529	136	2	0	2	137	17353981	17353846	7.37e-59	241	90364	N/A
72_8_2155_4868_17221/1	gi|2845988049|emb|OZ200617.1|	98.529	136	2	0	2	137	17369410	17369275	7.37e-59	241	90364	N/A
72_8_2155_4868_17221/1	gi|2845988049|emb|OZ200617.1|	98.529	136	2	0	2	137	17375957	17375822	7.37e-59	241	90364	N/A
72_8_2155_4868_17221/1	gi|2845988049|emb|OZ200617.1|	98.529	136	2	0	2	137	17383818	17383953	7.37e-59	241	90364	N/A
72_8_2155_4868_17221/1	gi|2845988049|emb|OZ200617.1|	98.529	136	2	0	2	137	17392511	17392646	7.37e-59	241	90364	N/A
72_8_2155_4868_17221/1	gi|2845988049|emb|OZ200617.1|	98.529	136	2	0	2	137	17409092	17409227	7.37e-59	241	90364	N/A
72_8_2155_4868_17221/1	gi|2845988049|emb|OZ200617.1|	98.529	136	2	0	2	137	17417784	17417919	7.37e-59	241	90364	N/A
72_8_2155_4868_17221/1	gi|2845988049|emb|OZ200617.1|	98.529	136	2	0	2	137	17437592	17437727	7.37e-59	241	90364	N/A
72_8_2155_4868_17221/1	gi|2845988049|emb|OZ200617.1|	98.529	136	2	0	2	137	17446284	17446419	7.37e-59	241	90364	N/A
72_8_2155_4868_17221/1	gi|2845988049|emb|OZ200617.1|	98.529	136	2	0	2	137	17462248	17462383	7.37e-59	241	90364	N/A
72_8_2155_4868_17221/1	gi|2845988049|emb|OZ200617.1|	98.529	136	2	0	2	137	17470940	17471075	7.37e-59	241	90364	N/A
72_8_2155_4868_17221/1	gi|2845988049|emb|OZ200617.1|	98.529	136	2	0	2	137	17479632	17479767	7.37e-59	241	90364	N/A
72_8_2155_4868_17221/1	gi|2845988049|emb|OZ200617.1|	98.529	136	2	0	2	137	17488551	17488686	7.37e-59	241	90364	N/A
72_8_2155_4868_17221/1	gi|2845988049|emb|OZ200617.1|	98.529	136	2	0	2	137	17497233	17497368	7.37e-59	241	90364	N/A
72_8_2155_4868_17221/1	gi|2845988049|emb|OZ200617.1|	98.529	136	2	0	2	137	17523108	17523243	7.37e-59	241	90364	N/A
72_8_2155_4868_17221/1	gi|2845988049|emb|OZ200617.1|	98.529	136	2	0	2	137	17531801	17531936	7.37e-59	241	90364	N/A
72_8_2155_4868_17221/1	gi|2845988049|emb|OZ200617.1|	98.529	136	2	0	2	137	17543976	17543841	7.37e-59	241	90364	N/A
72_8_2155_4868_17221/1	gi|2845988049|emb|OZ200617.1|	98.529	136	2	0	2	137	17555385	17555250	7.37e-59	241	90364	N/A
72_8_2155_4868_17221/1	gi|2845988049|emb|OZ200617.1|	98.529	136	2	0	2	137	17563980	17563845	7.37e-59	241	90364	N/A
72_8_2155_4868_17221/1	gi|2845988049|emb|OZ200617.1|	98.529	136	2	0	2	137	17572575	17572440	7.37e-59	241	90364	N/A
72_8_2155_4868_17221/1	gi|2845988049|emb|OZ200617.1|	98.529	136	2	0	2	137	17579573	17579438	7.37e-59	241	90364	N/A
72_8_2155_4868_17221/1	gi|2845988049|emb|OZ200617.1|	98.529	136	2	0	2	137	17595663	17595798	7.37e-59	241	90364	N/A
72_8_2155_4868_17221/1	gi|2845988049|emb|OZ200617.1|	98.529	136	2	0	2	137	17604353	17604488	7.37e-59	241	90364	N/A
72_8_2155_4868_17221/1	gi|2845988049|emb|OZ200617.1|	98.529	136	2	0	2	137	17613042	17613177	7.37e-59	241	90364	N/A
72_8_2155_4868_17221/1	gi|2845988049|emb|OZ200617.1|	98.529	136	2	0	2	137	17633574	17633709	7.37e-59	241	90364	N/A
72_8_2155_4868_17221/1	gi|2845988049|emb|OZ200617.1|	98.529	136	2	0	2	137	17642264	17642399	7.37e-59	241	90364	N/A
72_8_2155_4868_17221/1	gi|2845988049|emb|OZ200617.1|	98.529	136	2	0	2	137	17653437	17653572	7.37e-59	241	90364	N/A
72_8_2155_4868_17221/1	gi|2845988049|emb|OZ200617.1|	98.529	136	2	0	2	137	17669409	17669544	7.37e-59	241	90364	N/A
72_8_2155_4868_17221/1	gi|2845988049|emb|OZ200617.1|	98.529	136	2	0	2	137	17685590	17685725	7.37e-59	241	90364	N/A
72_8_2155_4868_17221/1	gi|2845988049|emb|OZ200617.1|	98.529	136	2	0	2	137	17693334	17693469	7.37e-59	241	90364	N/A
72_8_2155_4868_17221/1	gi|2845988049|emb|OZ200617.1|	98.529	136	2	0	2	137	17709309	17709444	7.37e-59	241	90364	N/A
72_8_2155_4868_17221/1	gi|2845988049|emb|OZ200617.1|	98.529	136	2	0	2	137	17718003	17718138	7.37e-59	241	90364	N/A
72_8_2155_4868_17221/1	gi|2845988049|emb|OZ200617.1|	98.529	136	2	0	2	137	17732410	17732545	7.37e-59	241	90364	N/A
72_8_2155_4868_17221/1	gi|2845988049|emb|OZ200617.1|	98.529	136	2	0	2	137	17746495	17746630	7.37e-59	241	90364	N/A
72_8_2155_4868_17221/1	gi|2845988049|emb|OZ200617.1|	98.529	136	2	0	2	137	17755188	17755323	7.37e-59	241	90364	N/A
72_8_2155_4868_17221/1	gi|2845988049|emb|OZ200617.1|	98.529	136	2	0	2	137	17763880	17764015	7.37e-59	241	90364	N/A
72_8_2155_4868_17221/1	gi|2845988049|emb|OZ200617.1|	98.529	136	2	0	2	137	17772573	17772708	7.37e-59	241	90364	N/A
72_8_2155_4868_17221/1	gi|2845988049|emb|OZ200617.1|	98.529	136	2	0	2	137	17786953	17787088	7.37e-59	241	90364	N/A
72_8_2155_4868_17221/1	gi|2845988049|emb|OZ200617.1|	98.529	136	2	0	2	137	17795645	17795780	7.37e-59	241	90364	N/A
72_8_2155_4868_17221/1	gi|2845988049|emb|OZ200617.1|	98.529	136	2	0	2	137	17804337	17804472	7.37e-59	241	90364	N/A
72_8_2155_4868_17221/1	gi|2845988049|emb|OZ200617.1|	98.529	136	2	0	2	137	17813029	17813164	7.37e-59	241	90364	N/A
72_8_2155_4868_17221/1	gi|2845988049|emb|OZ200617.1|	98.529	136	2	0	2	137	17821721	17821856	7.37e-59	241	90364	N/A
72_8_2155_4868_17221/1	gi|2845988049|emb|OZ200617.1|	98.529	136	2	0	2	137	17836106	17836241	7.37e-59	241	90364	N/A
72_8_2155_4868_17221/1	gi|2845988049|emb|OZ200617.1|	98.529	136	2	0	2	137	17850485	17850620	7.37e-59	241	90364	N/A
72_8_2155_4868_17221/1	gi|2845988049|emb|OZ200617.1|	98.529	136	2	0	2	137	17859177	17859312	7.37e-59	241	90364	N/A
72_8_2155_4868_17221/1	gi|2845988049|emb|OZ200617.1|	98.529	136	2	0	2	137	17875371	17875506	7.37e-59	241	90364	N/A
72_8_2155_4868_17221/1	gi|2845988049|emb|OZ200617.1|	98.529	136	2	0	2	137	17884063	17884198	7.37e-59	241	90364	N/A
72_8_2155_4868_17221/1	gi|2845988049|emb|OZ200617.1|	98.529	136	2	0	2	137	17892755	17892890	7.37e-59	241	90364	N/A
72_8_2155_4868_17221/1	gi|2845988049|emb|OZ200617.1|	98.529	136	2	0	2	137	17901447	17901582	7.37e-59	241	90364	N/A
72_8_2155_4868_17221/1	gi|2845988049|emb|OZ200617.1|	98.529	136	2	0	2	137	17910140	17910275	7.37e-59	241	90364	N/A
72_8_2155_4868_17221/1	gi|2845988049|emb|OZ200617.1|	98.529	136	2	0	2	137	17918833	17918968	7.37e-59	241	90364	N/A
72_8_2155_4868_17221/1	gi|2845988049|emb|OZ200617.1|	98.529	136	2	0	2	137	17927526	17927661	7.37e-59	241	90364	N/A
72_8_2155_4868_17221/1	gi|2845988049|emb|OZ200617.1|	98.529	136	2	0	2	137	17936218	17936353	7.37e-59	241	90364	N/A
72_8_2155_4868_17221/1	gi|2845988049|emb|OZ200617.1|	98.529	136	2	0	2	137	17945270	17945405	7.37e-59	241	90364	N/A
72_8_2155_4868_17221/1	gi|2845988049|emb|OZ200617.1|	98.529	136	2	0	2	137	17953970	17954105	7.37e-59	241	90364	N/A
72_8_2155_4868_17221/1	gi|2845988049|emb|OZ200617.1|	98.529	136	2	0	2	137	17962661	17962796	7.37e-59	241	90364	N/A
72_8_2155_4868_17221/1	gi|2845988049|emb|OZ200617.1|	98.529	136	2	0	2	137	17971353	17971488	7.37e-59	241	90364	N/A
72_8_2155_4868_17221/1	gi|2845988049|emb|OZ200617.1|	98.529	136	2	0	2	137	17974444	17974309	7.37e-59	241	90364	N/A
72_8_2155_4868_17221/1	gi|2845988049|emb|OZ200617.1|	98.529	136	2	0	2	137	17988830	17988695	7.37e-59	241	90364	N/A
72_8_2155_4868_17221/1	gi|2845988049|emb|OZ200617.1|	98.529	136	2	0	2	137	18003213	18003078	7.37e-59	241	90364	N/A
72_8_2155_4868_17221/1	gi|2845988049|emb|OZ200617.1|	98.529	136	2	0	2	137	18011905	18011770	7.37e-59	241	90364	N/A
72_8_2155_4868_17221/1	gi|2845988049|emb|OZ200617.1|	98.529	136	2	0	2	137	18020596	18020461	7.37e-59	241	90364	N/A
72_8_2155_4868_17221/1	gi|2845988049|emb|OZ200617.1|	98.529	136	2	0	2	137	18036021	18035886	7.37e-59	241	90364	N/A
72_8_2155_4868_17221/1	gi|2845988049|emb|OZ200617.1|	98.529	136	2	0	2	137	18050984	18050849	7.37e-59	241	90364	N/A
72_8_2155_4868_17221/1	gi|2845988049|emb|OZ200617.1|	98.529	136	2	0	2	137	18059675	18059540	7.37e-59	241	90364	N/A
72_8_2155_4868_17221/1	gi|2845988049|emb|OZ200617.1|	98.529	136	2	0	2	137	18074916	18074781	7.37e-59	241	90364	N/A
72_8_2155_4868_17221/1	gi|2845988049|emb|OZ200617.1|	98.529	136	2	0	2	137	18088998	18089133	7.37e-59	241	90364	N/A
72_8_2155_4868_17221/1	gi|2845988049|emb|OZ200617.1|	98.529	136	2	0	2	137	18097624	18097759	7.37e-59	241	90364	N/A
72_8_2155_4868_17221/1	gi|2845988049|emb|OZ200617.1|	98.529	136	2	0	2	137	18106317	18106452	7.37e-59	241	90364	N/A
72_8_2155_4868_17221/1	gi|2845988049|emb|OZ200617.1|	98.529	136	2	0	2	137	18117872	18118007	7.37e-59	241	90364	N/A
72_8_2155_4868_17221/1	gi|2845988049|emb|OZ200617.1|	98.529	136	2	0	2	137	18133304	18133439	7.37e-59	241	90364	N/A
72_8_2155_4868_17221/1	gi|2845988049|emb|OZ200617.1|	98.529	136	2	0	2	137	18141997	18142132	7.37e-59	241	90364	N/A
72_8_2155_4868_17221/1	gi|2845988049|emb|OZ200617.1|	98.529	136	2	0	2	137	18150579	18150714	7.37e-59	241	90364	N/A
72_8_2155_4868_17221/1	gi|2845988049|emb|OZ200617.1|	98.529	136	2	0	2	137	18159271	18159406	7.37e-59	241	90364	N/A
72_8_2155_4868_17221/1	gi|2845988049|emb|OZ200617.1|	98.529	136	2	0	2	137	18167963	18168098	7.37e-59	241	90364	N/A
72_8_2155_4868_17221/1	gi|2845988049|emb|OZ200617.1|	98.529	136	2	0	2	137	18176656	18176791	7.37e-59	241	90364	N/A
72_8_2155_4868_17221/1	gi|2845988049|emb|OZ200617.1|	98.529	136	2	0	2	137	18191066	18190931	7.37e-59	241	90364	N/A
72_8_2155_4868_17221/1	gi|2845988049|emb|OZ200617.1|	98.529	136	2	0	2	137	18205399	18205264	7.37e-59	241	90364	N/A
72_8_2155_4868_17221/1	gi|2845988049|emb|OZ200617.1|	98.529	136	2	0	2	137	18214091	18213956	7.37e-59	241	90364	N/A
72_8_2155_4868_17221/1	gi|2845988049|emb|OZ200617.1|	98.529	136	2	0	2	137	18222783	18222648	7.37e-59	241	90364	N/A
72_8_2155_4868_17221/1	gi|2845988049|emb|OZ200617.1|	98.529	136	2	0	2	137	18231475	18231340	7.37e-59	241	90364	N/A
72_8_2155_4868_17221/1	gi|2845988049|emb|OZ200617.1|	98.529	136	2	0	2	137	18240168	18240033	7.37e-59	241	90364	N/A
72_8_2155_4868_17221/1	gi|2845988049|emb|OZ200617.1|	98.529	136	2	0	2	137	18261091	18260956	7.37e-59	241	90364	N/A
72_8_2155_4868_17221/1	gi|2845988049|emb|OZ200617.1|	98.529	136	2	0	2	137	18269783	18269648	7.37e-59	241	90364	N/A
72_8_2155_4868_17221/1	gi|2845988049|emb|OZ200617.1|	98.529	136	2	0	2	137	18287225	18287360	7.37e-59	241	90364	N/A
72_8_2155_4868_17221/1	gi|2845988049|emb|OZ200617.1|	98.529	136	2	0	2	137	18295902	18296037	7.37e-59	241	90364	N/A
72_8_2155_4868_17221/1	gi|2845988049|emb|OZ200617.1|	98.529	136	2	0	2	137	18304600	18304735	7.37e-59	241	90364	N/A
72_8_2155_4868_17221/1	gi|2845988049|emb|OZ200617.1|	98.529	136	2	0	2	137	18320582	18320717	7.37e-59	241	90364	N/A
72_8_2155_4868_17221/1	gi|2845988049|emb|OZ200617.1|	98.529	136	2	0	2	137	18329259	18329394	7.37e-59	241	90364	N/A
72_8_2155_4868_17221/1	gi|2845988049|emb|OZ200617.1|	98.529	136	2	0	2	137	18337910	18338045	7.37e-59	241	90364	N/A
72_8_2155_4868_17221/1	gi|2845988049|emb|OZ200617.1|	98.529	136	2	0	2	137	18344487	18344622	7.37e-59	241	90364	N/A
72_8_2155_4868_17221/1	gi|2845988049|emb|OZ200617.1|	98.529	136	2	0	2	137	18353138	18353273	7.37e-59	241	90364	N/A
72_8_2155_4868_17221/1	gi|2845988049|emb|OZ200617.1|	98.529	136	2	0	2	137	18359715	18359850	7.37e-59	241	90364	N/A
72_8_2155_4868_17221/1	gi|2845988049|emb|OZ200617.1|	98.529	136	2	0	2	137	18366292	18366427	7.37e-59	241	90364	N/A
72_8_2155_4868_17221/1	gi|2845988049|emb|OZ200617.1|	98.529	136	2	0	2	137	18374943	18375078	7.37e-59	241	90364	N/A
72_8_2155_4868_17221/1	gi|2845988049|emb|OZ200617.1|	98.529	136	2	0	2	137	18376963	18376828	7.37e-59	241	90364	N/A
72_8_2155_4868_17221/1	gi|2845988049|emb|OZ200617.1|	98.529	136	2	0	2	137	18392924	18392789	7.37e-59	241	90364	N/A
72_8_2155_4868_17221/1	gi|2845988049|emb|OZ200617.1|	98.529	136	2	0	2	137	18401615	18401480	7.37e-59	241	90364	N/A
72_8_2155_4868_17221/1	gi|2845988049|emb|OZ200617.1|	98.529	136	2	0	2	137	18415654	18415519	7.37e-59	241	90364	N/A
72_8_2155_4868_17221/1	gi|2845988049|emb|OZ200617.1|	98.529	136	2	0	2	137	18424305	18424170	7.37e-59	241	90364	N/A
72_8_2155_4868_17221/1	gi|2845988049|emb|OZ200617.1|	98.529	136	2	0	2	137	18432956	18432821	7.37e-59	241	90364	N/A
72_8_2155_4868_17221/1	gi|2845988049|emb|OZ200617.1|	98.529	136	2	0	2	137	18441606	18441471	7.37e-59	241	90364	N/A
72_8_2155_4868_17221/1	gi|2845988049|emb|OZ200617.1|	98.529	136	2	0	2	137	18450254	18450119	7.37e-59	241	90364	N/A
72_8_2155_4868_17221/1	gi|2845988049|emb|OZ200617.1|	98.529	136	2	0	2	137	18458031	18457896	7.37e-59	241	90364	N/A
72_8_2155_4868_17221/1	gi|2845988049|emb|OZ200617.1|	98.529	136	2	0	2	137	18474198	18474333	7.37e-59	241	90364	N/A
72_8_2155_4868_17221/1	gi|2845988049|emb|OZ200617.1|	98.529	136	2	0	2	137	18482891	18483026	7.37e-59	241	90364	N/A
72_8_2155_4868_17221/1	gi|2845988049|emb|OZ200617.1|	98.529	136	2	0	2	137	18491584	18491719	7.37e-59	241	90364	N/A
72_8_2155_4868_17221/1	gi|2845988049|emb|OZ200617.1|	98.529	136	2	0	2	137	18500276	18500411	7.37e-59	241	90364	N/A
72_8_2155_4868_17221/1	gi|2845988049|emb|OZ200617.1|	98.529	136	2	0	2	137	18509367	18509502	7.37e-59	241	90364	N/A
72_8_2155_4868_17221/1	gi|2845988049|emb|OZ200617.1|	98.529	136	2	0	2	137	18523752	18523887	7.37e-59	241	90364	N/A
72_8_2155_4868_17221/1	gi|2845988049|emb|OZ200617.1|	98.529	136	2	0	2	137	18532444	18532579	7.37e-59	241	90364	N/A
72_8_2155_4868_17221/1	gi|2845988049|emb|OZ200617.1|	98.529	136	2	0	2	137	18546900	18547035	7.37e-59	241	90364	N/A
72_8_2155_4868_17221/1	gi|2845988049|emb|OZ200617.1|	98.529	136	2	0	2	137	18555593	18555728	7.37e-59	241	90364	N/A
72_8_2155_4868_17221/1	gi|2845988049|emb|OZ200617.1|	98.529	136	2	0	2	137	18566758	18566623	7.37e-59	241	90364	N/A
72_8_2155_4868_17221/1	gi|2845988049|emb|OZ200617.1|	98.529	136	2	0	2	137	18582832	18582697	7.37e-59	241	90364	N/A
72_8_2155_4868_17221/1	gi|2845988049|emb|OZ200617.1|	98.529	136	2	0	2	137	18593594	18593459	7.37e-59	241	90364	N/A
72_8_2155_4868_17221/1	gi|2845988049|emb|OZ200617.1|	98.529	136	2	0	2	137	18602362	18602227	7.37e-59	241	90364	N/A
72_8_2155_4868_17221/1	gi|2845988049|emb|OZ200617.1|	98.529	136	2	0	2	137	18617409	18617274	7.37e-59	241	90364	N/A
72_8_2155_4868_17221/1	gi|2845988049|emb|OZ200617.1|	98.529	136	2	0	2	137	18636793	18636658	7.37e-59	241	90364	N/A
72_8_2155_4868_17221/1	gi|2845988049|emb|OZ200617.1|	98.529	136	2	0	2	137	18645561	18645426	7.37e-59	241	90364	N/A
72_8_2155_4868_17221/1	gi|2845988049|emb|OZ200617.1|	98.529	136	2	0	2	137	18651244	18651109	7.37e-59	241	90364	N/A
72_8_2155_4868_17221/1	gi|2845988049|emb|OZ200617.1|	98.529	136	2	0	2	137	18667223	18667088	7.37e-59	241	90364	N/A
72_8_2155_4868_17221/1	gi|2845988049|emb|OZ200617.1|	98.529	136	2	0	2	137	18675991	18675856	7.37e-59	241	90364	N/A
72_8_2155_4868_17221/1	gi|2845988049|emb|OZ200617.1|	98.529	136	2	0	2	137	18690460	18690325	7.37e-59	241	90364	N/A
72_8_2155_4868_17221/1	gi|2845988049|emb|OZ200617.1|	98.529	136	2	0	2	137	18699228	18699093	7.37e-59	241	90364	N/A
72_8_2155_4868_17221/1	gi|2845988049|emb|OZ200617.1|	98.529	136	2	0	2	137	18717975	18717840	7.37e-59	241	90364	N/A
72_8_2155_4868_17221/1	gi|2845988049|emb|OZ200617.1|	98.529	136	2	0	2	137	18728786	18728651	7.37e-59	241	90364	N/A
72_8_2155_4868_17221/1	gi|2845988049|emb|OZ200617.1|	98.529	136	2	0	2	137	18741788	18741923	7.37e-59	241	90364	N/A
72_8_2155_4868_17221/1	gi|2845988049|emb|OZ200617.1|	98.529	136	2	0	2	137	18755171	18755306	7.37e-59	241	90364	N/A
72_8_2155_4868_17221/1	gi|2845988049|emb|OZ200617.1|	98.529	136	2	0	2	137	18763863	18763998	7.37e-59	241	90364	N/A
72_8_2155_4868_17221/1	gi|2845988049|emb|OZ200617.1|	98.529	136	2	0	2	137	18772555	18772690	7.37e-59	241	90364	N/A
72_8_2155_4868_17221/1	gi|2845988049|emb|OZ200617.1|	98.529	136	2	0	2	137	18781247	18781382	7.37e-59	241	90364	N/A
72_8_2155_4868_17221/1	gi|2845988049|emb|OZ200617.1|	98.529	136	2	0	2	137	18789938	18790073	7.37e-59	241	90364	N/A
72_8_2155_4868_17221/1	gi|2845988049|emb|OZ200617.1|	98.529	136	2	0	2	137	18798630	18798765	7.37e-59	241	90364	N/A
72_8_2155_4868_17221/1	gi|2845988049|emb|OZ200617.1|	98.529	136	2	0	2	137	18807322	18807457	7.37e-59	241	90364	N/A
72_8_2155_4868_17221/1	gi|2845988049|emb|OZ200617.1|	98.529	136	2	0	2	137	18816015	18816150	7.37e-59	241	90364	N/A
72_8_2155_4868_17221/1	gi|2845988049|emb|OZ200617.1|	98.529	136	2	0	2	137	18824947	18824812	7.37e-59	241	90364	N/A
72_8_2155_4868_17221/1	gi|2845988049|emb|OZ200617.1|	98.529	136	2	0	2	137	18839984	18839849	7.37e-59	241	90364	N/A
72_8_2155_4868_17221/1	gi|2845988049|emb|OZ200617.1|	98.529	136	2	0	2	137	18848708	18848573	7.37e-59	241	90364	N/A
72_8_2155_4868_17221/1	gi|2845988049|emb|OZ200617.1|	98.529	136	2	0	2	137	18857468	18857333	7.37e-59	241	90364	N/A
72_8_2155_4868_17221/1	gi|2845988049|emb|OZ200617.1|	98.529	136	2	0	2	137	18872504	18872369	7.37e-59	241	90364	N/A
72_8_2155_4868_17221/1	gi|2845988049|emb|OZ200617.1|	98.529	136	2	0	2	137	18881228	18881093	7.37e-59	241	90364	N/A
72_8_2155_4868_17221/1	gi|2845988049|emb|OZ200617.1|	98.529	136	2	0	2	137	18889988	18889853	7.37e-59	241	90364	N/A
72_8_2155_4868_17221/1	gi|2845988049|emb|OZ200617.1|	98.529	136	2	0	2	137	18895640	18895775	7.37e-59	241	90364	N/A
72_8_2155_4868_17221/1	gi|2845988049|emb|OZ200617.1|	98.529	136	2	0	2	137	18902276	18902411	7.37e-59	241	90364	N/A
72_8_2155_4868_17221/1	gi|2845988049|emb|OZ200617.1|	98.529	136	2	0	2	137	18918396	18918531	7.37e-59	241	90364	N/A
72_8_2155_4868_17221/1	gi|2845988049|emb|OZ200617.1|	98.529	136	2	0	2	137	18927017	18927152	7.37e-59	241	90364	N/A
72_8_2155_4868_17221/1	gi|2845988049|emb|OZ200617.1|	98.529	136	2	0	2	137	18942227	18942362	7.37e-59	241	90364	N/A
72_8_2155_4868_17221/1	gi|2845988049|emb|OZ200617.1|	98.529	136	2	0	2	137	18966942	18967077	7.37e-59	241	90364	N/A
72_8_2155_4868_17221/1	gi|2845988049|emb|OZ200617.1|	98.529	136	2	0	2	137	18975710	18975845	7.37e-59	241	90364	N/A
72_8_2155_4868_17221/1	gi|2845988049|emb|OZ200617.1|	98.529	136	2	0	2	137	18984478	18984613	7.37e-59	241	90364	N/A
72_8_2155_4868_17221/1	gi|2845988049|emb|OZ200617.1|	98.529	136	2	0	2	137	18997071	18997206	7.37e-59	241	90364	N/A
72_8_2155_4868_17221/1	gi|2845988049|emb|OZ200617.1|	98.529	136	2	0	2	137	19011496	19011631	7.37e-59	241	90364	N/A
72_8_2155_4868_17221/1	gi|2845988049|emb|OZ200617.1|	98.529	136	2	0	2	137	19019782	19019917	7.37e-59	241	90364	N/A
72_8_2155_4868_17221/1	gi|2845988049|emb|OZ200617.1|	98.529	136	2	0	2	137	19037167	19037302	7.37e-59	241	90364	N/A
72_8_2155_4868_17221/1	gi|2845988049|emb|OZ200617.1|	98.529	136	2	0	2	137	19045860	19045995	7.37e-59	241	90364	N/A
72_8_2155_4868_17221/1	gi|2845988049|emb|OZ200617.1|	98.529	136	2	0	2	137	19054552	19054687	7.37e-59	241	90364	N/A
72_8_2155_4868_17221/1	gi|2845988049|emb|OZ200617.1|	98.529	136	2	0	2	137	19062799	19062664	7.37e-59	241	90364	N/A
72_8_2155_4868_17221/1	gi|2845988049|emb|OZ200617.1|	98.529	136	2	0	2	137	19071488	19071353	7.37e-59	241	90364	N/A
72_8_2155_4868_17221/1	gi|2845988049|emb|OZ200617.1|	98.529	136	2	0	2	137	19080391	19080256	7.37e-59	241	90364	N/A
72_8_2155_4868_17221/1	gi|2845988049|emb|OZ200617.1|	98.529	136	2	0	2	137	19089083	19088948	7.37e-59	241	90364	N/A
72_8_2155_4868_17221/1	gi|2845988049|emb|OZ200617.1|	98.529	136	2	0	2	137	19097776	19097641	7.37e-59	241	90364	N/A
72_8_2155_4868_17221/1	gi|2845988049|emb|OZ200617.1|	98.529	136	2	0	2	137	19101898	19102033	7.37e-59	241	90364	N/A
72_8_2155_4868_17221/1	gi|2845988049|emb|OZ200617.1|	98.529	136	2	0	2	137	19110591	19110726	7.37e-59	241	90364	N/A
72_8_2155_4868_17221/1	gi|2845988049|emb|OZ200617.1|	98.529	136	2	0	2	137	19119283	19119418	7.37e-59	241	90364	N/A
72_8_2155_4868_17221/1	gi|2845988049|emb|OZ200617.1|	98.529	136	2	0	2	137	19127977	19128112	7.37e-59	241	90364	N/A
72_8_2155_4868_17221/1	gi|2845988049|emb|OZ200617.1|	98.529	136	2	0	2	137	19136669	19136804	7.37e-59	241	90364	N/A
72_8_2155_4868_17221/1	gi|2845988049|emb|OZ200617.1|	98.529	136	2	0	2	137	19154010	19154145	7.37e-59	241	90364	N/A
72_8_2155_4868_17221/1	gi|2845988049|emb|OZ200617.1|	98.529	136	2	0	2	137	19162702	19162837	7.37e-59	241	90364	N/A
72_8_2155_4868_17221/1	gi|2845988049|emb|OZ200617.1|	98.529	136	2	0	2	137	19171394	19171529	7.37e-59	241	90364	N/A
72_8_2155_4868_17221/1	gi|2845988049|emb|OZ200617.1|	98.529	136	2	0	2	137	19180086	19180221	7.37e-59	241	90364	N/A
72_8_2155_4868_17221/1	gi|2845988049|emb|OZ200617.1|	98.529	136	2	0	2	137	19188113	19188248	7.37e-59	241	90364	N/A
72_8_2155_4868_17221/1	gi|2845988049|emb|OZ200617.1|	98.529	136	2	0	2	137	19197549	19197684	7.37e-59	241	90364	N/A
72_8_2155_4868_17221/1	gi|2845988049|emb|OZ200617.1|	98.529	136	2	0	2	137	19214924	19215059	7.37e-59	241	90364	N/A
72_8_2155_4868_17221/1	gi|2845988049|emb|OZ200617.1|	98.529	136	2	0	2	137	19230605	19230470	7.37e-59	241	90364	N/A
72_8_2155_4868_17221/1	gi|2845988049|emb|OZ200617.1|	98.529	136	2	0	2	137	19239296	19239161	7.37e-59	241	90364	N/A
72_8_2155_4868_17221/1	gi|2845988049|emb|OZ200617.1|	98.529	136	2	0	2	137	19248069	19247934	7.37e-59	241	90364	N/A
72_8_2155_4868_17221/1	gi|2845988049|emb|OZ200617.1|	98.529	136	2	0	2	137	19263030	19263165	7.37e-59	241	90364	N/A
72_8_2155_4868_17221/1	gi|2845988049|emb|OZ200617.1|	98.529	136	2	0	2	137	19271722	19271857	7.37e-59	241	90364	N/A
72_8_2155_4868_17221/1	gi|2845988049|emb|OZ200617.1|	98.529	136	2	0	2	137	19280415	19280550	7.37e-59	241	90364	N/A
72_8_2155_4868_17221/1	gi|2845988049|emb|OZ200617.1|	98.529	136	2	0	2	137	19291298	19291433	7.37e-59	241	90364	N/A
72_8_2155_4868_17221/1	gi|2845988049|emb|OZ200617.1|	98.529	136	2	0	2	137	19299990	19300125	7.37e-59	241	90364	N/A
72_8_2155_4868_17221/1	gi|2845988049|emb|OZ200617.1|	98.529	136	2	0	2	137	19308682	19308817	7.37e-59	241	90364	N/A
72_8_2155_4868_17221/1	gi|2845988049|emb|OZ200617.1|	98.529	136	2	0	2	137	19329223	19329358	7.37e-59	241	90364	N/A
72_8_2155_4868_17221/1	gi|2845988049|emb|OZ200617.1|	98.529	136	2	0	2	137	19337917	19338052	7.37e-59	241	90364	N/A
72_8_2155_4868_17221/1	gi|2845988049|emb|OZ200617.1|	98.529	136	2	0	2	137	19346599	19346734	7.37e-59	241	90364	N/A
72_8_2155_4868_17221/1	gi|2845988049|emb|OZ200617.1|	98.529	136	2	0	2	137	19357402	19357267	7.37e-59	241	90364	N/A
72_8_2155_4868_17221/1	gi|2845988049|emb|OZ200617.1|	98.529	136	2	0	2	137	19366094	19365959	7.37e-59	241	90364	N/A
72_8_2155_4868_17221/1	gi|2845988049|emb|OZ200617.1|	98.529	136	2	0	2	137	19375735	19375600	7.37e-59	241	90364	N/A
72_8_2155_4868_17221/1	gi|2845988049|emb|OZ200617.1|	98.529	136	2	0	2	137	19384427	19384292	7.37e-59	241	90364	N/A
72_8_2155_4868_17221/1	gi|2845988049|emb|OZ200617.1|	98.529	136	2	0	2	137	19386987	19386852	7.37e-59	241	90364	N/A
72_8_2155_4868_17221/1	gi|2845988049|emb|OZ200617.1|	98.529	136	2	0	2	137	19395638	19395503	7.37e-59	241	90364	N/A
72_8_2155_4868_17221/1	gi|2845988049|emb|OZ200617.1|	98.529	136	2	0	2	137	19408208	19408073	7.37e-59	241	90364	N/A
72_8_2155_4868_17221/1	gi|2845988049|emb|OZ200617.1|	98.529	136	2	0	2	137	19449338	19449473	7.37e-59	241	90364	N/A
72_8_2155_4868_17221/1	gi|2845988049|emb|OZ200617.1|	98.529	136	2	0	2	137	19458029	19458164	7.37e-59	241	90364	N/A
72_8_2155_4868_17221/1	gi|2845988049|emb|OZ200617.1|	98.529	136	2	0	2	137	19466721	19466856	7.37e-59	241	90364	N/A
72_8_2155_4868_17221/1	gi|2845988049|emb|OZ200617.1|	98.529	136	2	0	2	137	19475413	19475548	7.37e-59	241	90364	N/A
72_8_2155_4868_17221/1	gi|2845988049|emb|OZ200617.1|	98.529	136	2	0	2	137	19483958	19484093	7.37e-59	241	90364	N/A
72_8_2155_4868_17221/1	gi|2845988049|emb|OZ200617.1|	98.529	136	2	0	2	137	19492650	19492785	7.37e-59	241	90364	N/A
72_8_2155_4868_17221/1	gi|2845988049|emb|OZ200617.1|	98.529	136	2	0	2	137	19501342	19501477	7.37e-59	241	90364	N/A
72_8_2155_4868_17221/1	gi|2845988049|emb|OZ200617.1|	98.529	136	2	0	2	137	19510002	19510137	7.37e-59	241	90364	N/A
72_8_2155_4868_17221/1	gi|2845988049|emb|OZ200617.1|	98.529	136	2	0	2	137	19518695	19518830	7.37e-59	241	90364	N/A
72_8_2155_4868_17221/1	gi|2845988049|emb|OZ200617.1|	98.529	136	2	0	2	137	19527389	19527524	7.37e-59	241	90364	N/A
72_8_2155_4868_17221/1	gi|2845988049|emb|OZ200617.1|	98.529	136	2	0	2	137	19540666	19540801	7.37e-59	241	90364	N/A
72_8_2155_4868_17221/1	gi|2845988049|emb|OZ200617.1|	98.529	136	2	0	2	137	19549358	19549493	7.37e-59	241	90364	N/A
72_8_2155_4868_17221/1	gi|2845988049|emb|OZ200617.1|	98.529	136	2	0	2	137	19558051	19558186	7.37e-59	241	90364	N/A
72_8_2155_4868_17221/1	gi|2845988049|emb|OZ200617.1|	98.529	136	2	0	2	137	19562397	19562262	7.37e-59	241	90364	N/A
72_8_2155_4868_17221/1	gi|2845988049|emb|OZ200617.1|	98.529	136	2	0	2	137	19571089	19570954	7.37e-59	241	90364	N/A
72_8_2155_4868_17221/1	gi|2845988049|emb|OZ200617.1|	98.529	136	2	0	2	137	19579781	19579646	7.37e-59	241	90364	N/A
72_8_2155_4868_17221/1	gi|2845988049|emb|OZ200617.1|	98.529	136	2	0	2	137	19591714	19591849	7.37e-59	241	90364	N/A
72_8_2155_4868_17221/1	gi|2845988049|emb|OZ200617.1|	98.529	136	2	0	2	137	19600406	19600541	7.37e-59	241	90364	N/A
72_8_2155_4868_17221/1	gi|2845988049|emb|OZ200617.1|	98.529	136	2	0	2	137	19609098	19609233	7.37e-59	241	90364	N/A
72_8_2155_4868_17221/1	gi|2845988049|emb|OZ200617.1|	98.529	136	2	0	2	137	19618802	19618667	7.37e-59	241	90364	N/A
72_8_2155_4868_17221/1	gi|2845988049|emb|OZ200617.1|	98.529	136	2	0	2	137	19627495	19627360	7.37e-59	241	90364	N/A
72_8_2155_4868_17221/1	gi|2845988049|emb|OZ200617.1|	98.529	136	2	0	2	137	19636189	19636054	7.37e-59	241	90364	N/A
72_8_2155_4868_17221/1	gi|2845988049|emb|OZ200617.1|	98.529	136	2	0	2	137	19642107	19642242	7.37e-59	241	90364	N/A
72_8_2155_4868_17221/1	gi|2845988049|emb|OZ200617.1|	98.529	136	2	0	2	137	19650797	19650932	7.37e-59	241	90364	N/A
72_8_2155_4868_17221/1	gi|2845988049|emb|OZ200617.1|	98.529	136	2	0	2	137	19659016	19659151	7.37e-59	241	90364	N/A
72_8_2155_4868_17221/1	gi|2845988049|emb|OZ200617.1|	98.529	136	2	0	2	137	19672722	19672857	7.37e-59	241	90364	N/A
72_8_2155_4868_17221/1	gi|2845988049|emb|OZ200617.1|	98.529	136	2	0	2	137	19681400	19681535	7.37e-59	241	90364	N/A
72_8_2155_4868_17221/1	gi|2845988049|emb|OZ200617.1|	98.529	136	2	0	2	137	19690092	19690227	7.37e-59	241	90364	N/A
72_8_2155_4868_17221/1	gi|2845988049|emb|OZ200617.1|	98.529	136	2	0	2	137	19696628	19696493	7.37e-59	241	90364	N/A
72_8_2155_4868_17221/1	gi|2845988049|emb|OZ200617.1|	98.529	136	2	0	2	137	19705322	19705187	7.37e-59	241	90364	N/A
72_8_2155_4868_17221/1	gi|2845988049|emb|OZ200617.1|	98.529	136	2	0	2	137	19714000	19713865	7.37e-59	241	90364	N/A
72_8_2155_4868_17221/1	gi|2845988049|emb|OZ200617.1|	98.529	136	2	0	2	137	19721891	19722026	7.37e-59	241	90364	N/A
72_8_2155_4868_17221/1	gi|2845988049|emb|OZ200617.1|	98.529	136	2	0	2	137	19730583	19730718	7.37e-59	241	90364	N/A
72_8_2155_4868_17221/1	gi|2845988049|emb|OZ200617.1|	98.529	136	2	0	2	137	19739275	19739410	7.37e-59	241	90364	N/A
72_8_2155_4868_17221/1	gi|2845988049|emb|OZ200617.1|	98.529	136	2	0	2	137	19745922	19745787	7.37e-59	241	90364	N/A
72_8_2155_4868_17221/1	gi|2845988049|emb|OZ200617.1|	98.529	136	2	0	2	137	19754615	19754480	7.37e-59	241	90364	N/A
72_8_2155_4868_17221/1	gi|2845988049|emb|OZ200617.1|	98.529	136	2	0	2	137	19763308	19763173	7.37e-59	241	90364	N/A
72_8_2155_4868_17221/1	gi|2845988049|emb|OZ200617.1|	98.529	136	2	0	2	137	19770064	19769929	7.37e-59	241	90364	N/A
72_8_2155_4868_17221/1	gi|2845988049|emb|OZ200617.1|	98.529	136	2	0	2	137	19778702	19778567	7.37e-59	241	90364	N/A
72_8_2155_4868_17221/1	gi|2845988049|emb|OZ200617.1|	98.529	136	2	0	2	137	19800535	19800670	7.37e-59	241	90364	N/A
72_8_2155_4868_17221/1	gi|2845988049|emb|OZ200617.1|	98.529	136	2	0	2	137	19809227	19809362	7.37e-59	241	90364	N/A
72_8_2155_4868_17221/1	gi|2845988049|emb|OZ200617.1|	98.529	136	2	0	2	137	19824281	19824416	7.37e-59	241	90364	N/A
72_8_2155_4868_17221/1	gi|2845988049|emb|OZ200617.1|	98.529	136	2	0	2	137	19832973	19833108	7.37e-59	241	90364	N/A
72_8_2155_4868_17221/1	gi|2845988049|emb|OZ200617.1|	98.529	136	2	0	2	137	19844888	19845023	7.37e-59	241	90364	N/A
72_8_2155_4868_17221/1	gi|2845988049|emb|OZ200617.1|	98.529	136	2	0	2	137	19853580	19853715	7.37e-59	241	90364	N/A
72_8_2155_4868_17221/1	gi|2845988049|emb|OZ200617.1|	98.529	136	2	0	2	137	19862272	19862407	7.37e-59	241	90364	N/A
72_8_2155_4868_17221/1	gi|2845988049|emb|OZ200617.1|	98.529	136	2	0	2	137	19871357	19871222	7.37e-59	241	90364	N/A
72_8_2155_4868_17221/1	gi|2845988049|emb|OZ200617.1|	98.529	136	2	0	2	137	19884426	19884561	7.37e-59	241	90364	N/A
72_8_2155_4868_17221/1	gi|2845988049|emb|OZ200617.1|	98.529	136	2	0	2	137	19893119	19893254	7.37e-59	241	90364	N/A
72_8_2155_4868_17221/1	gi|2845988049|emb|OZ200617.1|	98.529	136	2	0	2	137	19905867	19906002	7.37e-59	241	90364	N/A
72_8_2155_4868_17221/1	gi|2845988049|emb|OZ200617.1|	98.529	136	2	0	2	137	19914559	19914694	7.37e-59	241	90364	N/A
72_8_2155_4868_17221/1	gi|2845988049|emb|OZ200617.1|	98.529	136	2	0	2	137	19923251	19923386	7.37e-59	241	90364	N/A
72_8_2155_4868_17221/1	gi|2845988049|emb|OZ200617.1|	98.529	136	2	0	2	137	19928986	19929121	7.37e-59	241	90364	N/A
72_8_2155_4868_17221/1	gi|2845988049|emb|OZ200617.1|	98.529	136	2	0	2	137	19937679	19937814	7.37e-59	241	90364	N/A
72_8_2155_4868_17221/1	gi|2845988049|emb|OZ200617.1|	98.529	136	2	0	2	137	19946371	19946506	7.37e-59	241	90364	N/A
72_8_2155_4868_17221/1	gi|2845988049|emb|OZ200617.1|	98.529	136	2	0	2	137	19958425	19958560	7.37e-59	241	90364	N/A
72_8_2155_4868_17221/1	gi|2845988049|emb|OZ200617.1|	98.529	136	2	0	2	137	19979536	19979401	7.37e-59	241	90364	N/A
72_8_2155_4868_17221/1	gi|2845988049|emb|OZ200617.1|	98.529	136	2	0	2	137	19988228	19988093	7.37e-59	241	90364	N/A
72_8_2155_4868_17221/1	gi|2845988049|emb|OZ200617.1|	98.529	136	2	0	2	137	19996920	19996785	7.37e-59	241	90364	N/A
72_8_2155_4868_17221/1	gi|2845988049|emb|OZ200617.1|	98.529	136	2	0	2	137	19998714	19998579	7.37e-59	241	90364	N/A
72_8_2155_4868_17221/1	gi|2845988049|emb|OZ200617.1|	98.529	136	2	0	2	137	20007406	20007271	7.37e-59	241	90364	N/A
72_8_2155_4868_17221/1	gi|2845988049|emb|OZ200617.1|	98.529	136	2	0	2	137	20016096	20015961	7.37e-59	241	90364	N/A
72_8_2155_4868_17221/1	gi|2845988049|emb|OZ200617.1|	98.529	136	2	0	2	137	20022374	20022509	7.37e-59	241	90364	N/A
72_8_2155_4868_17221/1	gi|2845988049|emb|OZ200617.1|	98.529	136	2	0	2	137	20031066	20031201	7.37e-59	241	90364	N/A
72_8_2155_4868_17221/1	gi|2845988049|emb|OZ200617.1|	98.529	136	2	0	2	137	20039758	20039893	7.37e-59	241	90364	N/A
72_8_2155_4868_17221/1	gi|2845988049|emb|OZ200617.1|	98.529	136	2	0	2	137	20051647	20051782	7.37e-59	241	90364	N/A
72_8_2155_4868_17221/1	gi|2845988049|emb|OZ200617.1|	98.529	136	2	0	2	137	20060308	20060443	7.37e-59	241	90364	N/A
72_8_2155_4868_17221/1	gi|2845988049|emb|OZ200617.1|	98.529	136	2	0	2	137	20073548	20073683	7.37e-59	241	90364	N/A
72_8_2155_4868_17221/1	gi|2845988049|emb|OZ200617.1|	98.529	136	2	0	2	137	20082240	20082375	7.37e-59	241	90364	N/A
72_8_2155_4868_17221/1	gi|2845988049|emb|OZ200617.1|	98.529	136	2	0	2	137	20105099	20105234	7.37e-59	241	90364	N/A
72_8_2155_4868_17221/1	gi|2845988049|emb|OZ200617.1|	98.529	136	2	0	2	137	20116028	20115893	7.37e-59	241	90364	N/A
72_8_2155_4868_17221/1	gi|2845988049|emb|OZ200617.1|	98.529	136	2	0	2	137	20124720	20124585	7.37e-59	241	90364	N/A
72_8_2155_4868_17221/1	gi|2845988049|emb|OZ200617.1|	98.529	136	2	0	2	137	20133413	20133278	7.37e-59	241	90364	N/A
72_8_2155_4868_17221/1	gi|2845988049|emb|OZ200617.1|	98.529	136	2	0	2	137	20141995	20142130	7.37e-59	241	90364	N/A
72_8_2155_4868_17221/1	gi|2845988049|emb|OZ200617.1|	98.529	136	2	0	2	137	20150688	20150823	7.37e-59	241	90364	N/A
72_8_2155_4868_17221/1	gi|2845988049|emb|OZ200617.1|	98.529	136	2	0	2	137	20158817	20158682	7.37e-59	241	90364	N/A
72_8_2155_4868_17221/1	gi|2845988049|emb|OZ200617.1|	98.529	136	2	0	2	137	20167994	20167859	7.37e-59	241	90364	N/A
72_8_2155_4868_17221/1	gi|2845988049|emb|OZ200617.1|	98.529	136	2	0	2	137	20176686	20176551	7.37e-59	241	90364	N/A
72_8_2155_4868_17221/1	gi|2845988049|emb|OZ200617.1|	98.529	136	2	0	2	137	20178485	20178620	7.37e-59	241	90364	N/A
72_8_2155_4868_17221/1	gi|2845988049|emb|OZ200617.1|	98.529	136	2	0	2	137	20187177	20187312	7.37e-59	241	90364	N/A
72_8_2155_4868_17221/1	gi|2845988049|emb|OZ200617.1|	98.529	136	2	0	2	137	20195870	20196005	7.37e-59	241	90364	N/A
72_8_2155_4868_17221/1	gi|2845988049|emb|OZ200617.1|	98.529	136	2	0	2	137	20199729	20199864	7.37e-59	241	90364	N/A
72_8_2155_4868_17221/1	gi|2845988049|emb|OZ200617.1|	98.529	136	2	0	2	137	20208421	20208556	7.37e-59	241	90364	N/A
72_8_2155_4868_17221/1	gi|2845988049|emb|OZ200617.1|	98.529	136	2	0	2	137	20217308	20217443	7.37e-59	241	90364	N/A
72_8_2155_4868_17221/1	gi|2845988049|emb|OZ200617.1|	98.529	136	2	0	2	137	20222262	20222127	7.37e-59	241	90364	N/A
72_8_2155_4868_17221/1	gi|2845988049|emb|OZ200617.1|	98.529	136	2	0	2	137	20230945	20230810	7.37e-59	241	90364	N/A
72_8_2155_4868_17221/1	gi|2845988049|emb|OZ200617.1|	98.529	136	2	0	2	137	20239638	20239503	7.37e-59	241	90364	N/A
72_8_2155_4868_17221/1	gi|2845988049|emb|OZ200617.1|	98.529	136	2	0	2	137	20249380	20249245	7.37e-59	241	90364	N/A
72_8_2155_4868_17221/1	gi|2845988049|emb|OZ200617.1|	98.529	136	2	0	2	137	20258102	20257967	7.37e-59	241	90364	N/A
72_8_2155_4868_17221/1	gi|2845988049|emb|OZ200617.1|	98.529	136	2	0	2	137	20275448	20275313	7.37e-59	241	90364	N/A
72_8_2155_4868_17221/1	gi|2845988049|emb|OZ200617.1|	98.529	136	2	0	2	137	20284143	20284008	7.37e-59	241	90364	N/A
72_8_2155_4868_17221/1	gi|2845988049|emb|OZ200617.1|	98.529	136	2	0	2	137	20293317	20293452	7.37e-59	241	90364	N/A
72_8_2155_4868_17221/1	gi|2845988049|emb|OZ200617.1|	98.529	136	2	0	2	137	20302009	20302144	7.37e-59	241	90364	N/A
72_8_2155_4868_17221/1	gi|2845988049|emb|OZ200617.1|	98.529	136	2	0	2	137	20309071	20309206	7.37e-59	241	90364	N/A
72_8_2155_4868_17221/1	gi|2845988049|emb|OZ200617.1|	98.529	136	2	0	2	137	20317764	20317899	7.37e-59	241	90364	N/A
72_8_2155_4868_17221/1	gi|2845988049|emb|OZ200617.1|	98.529	136	2	0	2	137	20326458	20326593	7.37e-59	241	90364	N/A
72_8_2155_4868_17221/1	gi|2845988049|emb|OZ200617.1|	98.529	136	2	0	2	137	20334391	20334256	7.37e-59	241	90364	N/A
72_8_2155_4868_17221/1	gi|2845988049|emb|OZ200617.1|	98.529	136	2	0	2	137	20343085	20342950	7.37e-59	241	90364	N/A
72_8_2155_4868_17221/1	gi|2845988049|emb|OZ200617.1|	98.529	136	2	0	2	137	20351100	20351235	7.37e-59	241	90364	N/A
72_8_2155_4868_17221/1	gi|2845988049|emb|OZ200617.1|	98.529	136	2	0	2	137	20359790	20359925	7.37e-59	241	90364	N/A
72_8_2155_4868_17221/1	gi|2845988049|emb|OZ200617.1|	98.529	136	2	0	2	137	20368403	20368268	7.37e-59	241	90364	N/A
72_8_2155_4868_17221/1	gi|2845988049|emb|OZ200617.1|	98.529	136	2	0	2	137	20377095	20376960	7.37e-59	241	90364	N/A
72_8_2155_4868_17221/1	gi|2845988049|emb|OZ200617.1|	98.529	136	2	0	2	137	20386088	20385953	7.37e-59	241	90364	N/A
72_8_2155_4868_17221/1	gi|2845988049|emb|OZ200617.1|	98.529	136	2	0	2	137	20389900	20389765	7.37e-59	241	90364	N/A
72_8_2155_4868_17221/1	gi|2845988049|emb|OZ200617.1|	98.529	136	2	0	2	137	20398592	20398457	7.37e-59	241	90364	N/A
72_8_2155_4868_17221/1	gi|2845988049|emb|OZ200617.1|	98.529	136	2	0	2	137	20407285	20407150	7.37e-59	241	90364	N/A
72_8_2155_4868_17221/1	gi|2845988049|emb|OZ200617.1|	98.529	136	2	0	2	137	20409810	20409675	7.37e-59	241	90364	N/A
72_8_2155_4868_17221/1	gi|2845988049|emb|OZ200617.1|	98.529	136	2	0	2	137	20418502	20418367	7.37e-59	241	90364	N/A
72_8_2155_4868_17221/1	gi|2845988049|emb|OZ200617.1|	98.529	136	2	0	2	137	20427196	20427061	7.37e-59	241	90364	N/A
72_8_2155_4868_17221/1	gi|2845988049|emb|OZ200617.1|	98.529	136	2	0	2	137	20429510	20429375	7.37e-59	241	90364	N/A
72_8_2155_4868_17221/1	gi|2845988049|emb|OZ200617.1|	98.529	136	2	0	2	137	20438287	20438152	7.37e-59	241	90364	N/A
72_8_2155_4868_17221/1	gi|2845988049|emb|OZ200617.1|	98.529	136	2	0	2	137	20453858	20453723	7.37e-59	241	90364	N/A
72_8_2155_4868_17221/1	gi|2845988049|emb|OZ200617.1|	98.529	136	2	0	2	137	20462550	20462415	7.37e-59	241	90364	N/A
72_8_2155_4868_17221/1	gi|2845988049|emb|OZ200617.1|	98.529	136	2	0	2	137	20467742	20467607	7.37e-59	241	90364	N/A
72_8_2155_4868_17221/1	gi|2845988049|emb|OZ200617.1|	98.529	136	2	0	2	137	20476434	20476299	7.37e-59	241	90364	N/A
72_8_2155_4868_17221/1	gi|2845988049|emb|OZ200617.1|	98.529	136	2	0	2	137	20487310	20487175	7.37e-59	241	90364	N/A
72_8_2155_4868_17221/1	gi|2845988049|emb|OZ200617.1|	98.529	136	2	0	2	137	20496193	20496058	7.37e-59	241	90364	N/A
72_8_2155_4868_17221/1	gi|2845988049|emb|OZ200617.1|	98.529	136	2	0	2	137	20505948	20505813	7.37e-59	241	90364	N/A
72_8_2155_4868_17221/1	gi|2845988049|emb|OZ200617.1|	98.529	136	2	0	2	137	20514642	20514507	7.37e-59	241	90364	N/A
72_8_2155_4868_17221/1	gi|2845988049|emb|OZ200617.1|	98.529	136	2	0	2	137	20524776	20524641	7.37e-59	241	90364	N/A
72_8_2155_4868_17221/1	gi|2845988049|emb|OZ200617.1|	98.529	136	2	0	2	137	20533468	20533333	7.37e-59	241	90364	N/A
72_8_2155_4868_17221/1	gi|2845988049|emb|OZ200617.1|	98.529	136	2	0	2	137	20546773	20546638	7.37e-59	241	90364	N/A
72_8_2155_4868_17221/1	gi|2845988049|emb|OZ200617.1|	98.529	136	2	0	2	137	20555465	20555330	7.37e-59	241	90364	N/A
72_8_2155_4868_17221/1	gi|2845988049|emb|OZ200617.1|	98.529	136	2	0	2	137	20560202	20560067	7.37e-59	241	90364	N/A
72_8_2155_4868_17221/1	gi|2845988049|emb|OZ200617.1|	98.529	136	2	0	2	137	20568894	20568759	7.37e-59	241	90364	N/A
72_8_2155_4868_17221/1	gi|2845988049|emb|OZ200617.1|	98.529	136	2	0	2	137	20582554	20582689	7.37e-59	241	90364	N/A
72_8_2155_4868_17221/1	gi|2845988049|emb|OZ200617.1|	98.529	136	2	0	2	137	20597305	20597440	7.37e-59	241	90364	N/A
72_8_2155_4868_17221/1	gi|2845988049|emb|OZ200617.1|	98.529	136	2	0	2	137	20606010	20606145	7.37e-59	241	90364	N/A
72_8_2155_4868_17221/1	gi|2845988049|emb|OZ200617.1|	98.529	136	2	0	2	137	20614116	20614251	7.37e-59	241	90364	N/A
72_8_2155_4868_17221/1	gi|2845988049|emb|OZ200617.1|	98.529	136	2	0	2	137	20627058	20626923	7.37e-59	241	90364	N/A
72_8_2155_4868_17221/1	gi|2845988049|emb|OZ200617.1|	98.529	136	2	0	2	137	20635693	20635558	7.37e-59	241	90364	N/A
72_8_2155_4868_17221/1	gi|2845988049|emb|OZ200617.1|	98.529	136	2	0	2	137	20644343	20644208	7.37e-59	241	90364	N/A
72_8_2155_4868_17221/1	gi|2845988049|emb|OZ200617.1|	98.529	136	2	0	2	137	20652994	20652859	7.37e-59	241	90364	N/A
72_8_2155_4868_17221/1	gi|2845988049|emb|OZ200617.1|	98.529	136	2	0	2	137	20661645	20661510	7.37e-59	241	90364	N/A
72_8_2155_4868_17221/1	gi|2845988049|emb|OZ200617.1|	98.529	136	2	0	2	137	20670282	20670147	7.37e-59	241	90364	N/A
72_8_2155_4868_17221/1	gi|2845988049|emb|OZ200617.1|	98.529	136	2	0	2	137	20678919	20678784	7.37e-59	241	90364	N/A
72_8_2155_4868_17221/1	gi|2845988049|emb|OZ200617.1|	98.529	136	2	0	2	137	20687567	20687432	7.37e-59	241	90364	N/A
72_8_2155_4868_17221/1	gi|2845988049|emb|OZ200617.1|	98.529	136	2	0	2	137	20696218	20696083	7.37e-59	241	90364	N/A
72_8_2155_4868_17221/1	gi|2845988049|emb|OZ200617.1|	98.529	136	2	0	2	137	20704869	20704734	7.37e-59	241	90364	N/A
72_8_2155_4868_17221/1	gi|2845988049|emb|OZ200617.1|	98.529	136	2	0	2	137	20721202	20721067	7.37e-59	241	90364	N/A
72_8_2155_4868_17221/1	gi|2845988049|emb|OZ200617.1|	98.529	136	2	0	2	137	20729853	20729718	7.37e-59	241	90364	N/A
72_8_2155_4868_17221/1	gi|2845988049|emb|OZ200617.1|	98.529	136	2	0	2	137	20738504	20738369	7.37e-59	241	90364	N/A
72_8_2155_4868_17221/1	gi|2845988049|emb|OZ200617.1|	98.529	136	2	0	2	137	20747155	20747020	7.37e-59	241	90364	N/A
72_8_2155_4868_17221/1	gi|2845988049|emb|OZ200617.1|	98.529	136	2	0	2	137	20755805	20755670	7.37e-59	241	90364	N/A
72_8_2155_4868_17221/1	gi|2845988049|emb|OZ200617.1|	98.529	136	2	0	2	137	20766047	20765912	7.37e-59	241	90364	N/A
72_8_2155_4868_17221/1	gi|2845988049|emb|OZ200617.1|	98.529	136	2	0	2	137	20774696	20774561	7.37e-59	241	90364	N/A
72_8_2155_4868_17221/1	gi|2845988049|emb|OZ200617.1|	98.529	136	2	0	2	137	20782473	20782338	7.37e-59	241	90364	N/A
72_8_2155_4868_17221/1	gi|2845988049|emb|OZ200617.1|	98.529	136	2	0	2	137	20791125	20790990	7.37e-59	241	90364	N/A
72_8_2155_4868_17221/1	gi|2845988049|emb|OZ200617.1|	98.529	136	2	0	2	137	20808427	20808292	7.37e-59	241	90364	N/A
72_8_2155_4868_17221/1	gi|2845988049|emb|OZ200617.1|	98.529	136	2	0	2	137	20823664	20823529	7.37e-59	241	90364	N/A
72_8_2155_4868_17221/1	gi|2845988049|emb|OZ200617.1|	98.529	136	2	0	2	137	20832334	20832199	7.37e-59	241	90364	N/A
72_8_2155_4868_17221/1	gi|2845988049|emb|OZ200617.1|	98.529	136	2	0	2	137	20858278	20858143	7.37e-59	241	90364	N/A
72_8_2155_4868_17221/1	gi|2845988049|emb|OZ200617.1|	98.529	136	2	0	2	137	20866928	20866793	7.37e-59	241	90364	N/A
72_8_2155_4868_17221/1	gi|2845988049|emb|OZ200617.1|	98.529	136	2	0	2	137	20881263	20881128	7.37e-59	241	90364	N/A
72_8_2155_4868_17221/1	gi|2845988049|emb|OZ200617.1|	98.529	136	2	0	2	137	20889915	20889780	7.37e-59	241	90364	N/A
72_8_2155_4868_17221/1	gi|2845988049|emb|OZ200617.1|	98.529	136	2	0	2	137	20898565	20898430	7.37e-59	241	90364	N/A
72_8_2155_4868_17221/1	gi|2845988049|emb|OZ200617.1|	98.529	136	2	0	2	137	20906966	20906831	7.37e-59	241	90364	N/A
72_8_2155_4868_17221/1	gi|2845988049|emb|OZ200617.1|	98.529	136	2	0	2	137	20915617	20915482	7.37e-59	241	90364	N/A
72_8_2155_4868_17221/1	gi|2845988049|emb|OZ200617.1|	98.529	136	2	0	2	137	20924274	20924139	7.37e-59	241	90364	N/A
72_8_2155_4868_17221/1	gi|2845988049|emb|OZ200617.1|	98.529	136	2	0	2	137	20933186	20933051	7.37e-59	241	90364	N/A
72_8_2155_4868_17221/1	gi|2845988049|emb|OZ200617.1|	98.529	136	2	0	2	137	20941837	20941702	7.37e-59	241	90364	N/A
72_8_2155_4868_17221/1	gi|2845988049|emb|OZ200617.1|	98.529	136	2	0	2	137	20956860	20956725	7.37e-59	241	90364	N/A
72_8_2155_4868_17221/1	gi|2845988049|emb|OZ200617.1|	98.529	136	2	0	2	137	20965512	20965377	7.37e-59	241	90364	N/A
72_8_2155_4868_17221/1	gi|2845988049|emb|OZ200617.1|	98.529	136	2	0	2	137	20983503	20983638	7.37e-59	241	90364	N/A
72_8_2155_4868_17221/1	gi|2845988049|emb|OZ200617.1|	98.529	136	2	0	2	137	20992158	20992293	7.37e-59	241	90364	N/A
72_8_2155_4868_17221/1	gi|2845988049|emb|OZ200617.1|	97.794	136	3	0	2	137	16086013	16086148	3.43e-57	235	90364	N/A
72_8_2155_4868_17221/1	gi|2845988049|emb|OZ200617.1|	97.794	136	3	0	2	137	16360746	16360611	3.43e-57	235	90364	N/A
72_8_2155_4868_17221/1	gi|2845988049|emb|OZ200617.1|	97.794	136	3	0	2	137	16369320	16369185	3.43e-57	235	90364	N/A
72_8_2155_4868_17221/1	gi|2845988049|emb|OZ200617.1|	97.794	136	3	0	2	137	17165912	17166047	3.43e-57	235	90364	N/A
72_8_2155_4868_17221/1	gi|2845988049|emb|OZ200617.1|	97.794	136	3	0	2	137	17624844	17624979	3.43e-57	235	90364	N/A
72_8_2155_4868_17221/1	gi|2845988049|emb|OZ200617.1|	97.794	136	3	0	2	137	18406969	18406834	3.43e-57	235	90364	N/A
72_8_2155_4868_17221/1	gi|2845988049|emb|OZ200617.1|	97.794	136	3	0	2	137	18466682	18466547	3.43e-57	235	90364	N/A
72_8_2155_4868_17221/1	gi|2845988049|emb|OZ200617.1|	97.794	136	3	0	2	137	18910906	18911041	3.43e-57	235	90364	N/A
72_8_2155_4868_17221/1	gi|2845988049|emb|OZ200617.1|	97.794	136	3	0	2	137	18950865	18951000	3.43e-57	235	90364	N/A
72_8_2155_4868_17221/1	gi|2845988049|emb|OZ200617.1|	97.794	136	3	0	2	137	18959516	18959651	3.43e-57	235	90364	N/A
72_8_2155_4868_17221/1	gi|2845988049|emb|OZ200617.1|	97.810	137	2	1	2	137	19221913	19221777	3.43e-57	235	90364	N/A
72_8_2155_4868_17221/1	gi|2845988049|emb|OZ200617.1|	97.794	136	3	0	2	137	19424637	19424502	3.43e-57	235	90364	N/A
72_8_2155_4868_17221/1	gi|2845988049|emb|OZ200617.1|	97.794	136	3	0	2	137	19432466	19432331	3.43e-57	235	90364	N/A
72_8_2155_4868_17221/1	gi|2845988049|emb|OZ200617.1|	97.794	136	3	0	2	137	19440296	19440161	3.43e-57	235	90364	N/A
72_8_2155_4868_17221/1	gi|2845988049|emb|OZ200617.1|	97.794	136	3	0	2	137	20799776	20799641	3.43e-57	235	90364	N/A
72_8_2155_4868_17221/1	gi|2845988049|emb|OZ200617.1|	97.794	136	3	0	2	137	20840964	20840829	3.43e-57	235	90364	N/A
72_8_2155_4868_17221/1	gi|2845988049|emb|OZ200617.1|	97.794	136	2	1	2	137	19254337	19254471	1.23e-56	233	90364	N/A
72_8_2155_4868_17221/1	gi|2845988049|emb|OZ200617.1|	97.101	138	2	2	2	137	19028469	19028606	4.43e-56	231	90364	N/A
72_8_2155_4868_17221/1	gi|2845988049|emb|OZ200617.1|	97.101	138	2	2	2	137	20266758	20266621	4.43e-56	231	90364	N/A
72_8_2155_4868_17221/1	gi|2845988049|emb|OZ200617.1|	97.059	136	4	0	2	137	20849628	20849493	1.59e-55	230	90364	N/A
72_8_2155_4868_17221/1	gi|2845988049|emb|OZ200617.1|	97.674	129	3	0	9	137	21000751	21000879	2.67e-53	222	90364	N/A
72_8_2155_4868_17221/1	gi|2845988049|emb|OZ200617.1|	94.118	136	8	0	2	137	22817495	22817630	7.47e-49	207	90364	N/A
72_8_2155_4868_17221/1	gi|2845988049|emb|OZ200617.1|	99.083	109	1	0	2	110	19206241	19206349	1.62e-45	196	90364	N/A
72_8_2155_4868_17221/1	gi|2845988049|emb|OZ200617.1|	97.674	86	2	0	52	137	20485077	20484992	4.59e-31	148	90364	N/A
72_8_2155_4868_17221/1	gi|2845988049|emb|OZ200617.1|	97.015	67	2	0	71	137	19320600	19320666	1.68e-20	113	90364	N/A
72_8_2155_4868_17221/1	gi|2845988049|emb|OZ200617.1|	100.000	37	0	0	2	38	19416808	19416772	3.68e-07	69.4	90364	N/A
72_8_2155_4868_17221/1	gi|2845988047|emb|OZ200616.1|	98.529	136	2	0	2	137	15060219	15060084	7.37e-59	241	90364	N/A
72_8_2155_4868_17221/1	gi|2845988047|emb|OZ200616.1|	95.588	136	6	0	2	137	12422998	12423133	3.45e-52	219	90364	N/A
72_8_2155_4868_17221/1	gi|2845988047|emb|OZ200616.1|	95.588	136	6	0	2	137	14249898	14250033	3.45e-52	219	90364	N/A
72_8_2155_4868_17221/1	gi|2845988047|emb|OZ200616.1|	94.118	136	8	0	2	137	12438695	12438830	7.47e-49	207	90364	N/A
72_8_2155_4868_17221/1	gi|2845988047|emb|OZ200616.1|	94.118	136	8	0	2	137	13995652	13995517	7.47e-49	207	90364	N/A
72_8_2155_4868_17221/1	gi|2845988047|emb|OZ200616.1|	93.382	136	9	0	2	137	12458916	12459051	3.48e-47	202	90364	N/A
72_8_2155_4868_17221/1	gi|2845988047|emb|OZ200616.1|	93.382	136	9	0	2	137	13969318	13969183	3.48e-47	202	90364	N/A
72_8_2155_4868_17221/1	gi|2845988047|emb|OZ200616.1|	93.382	136	9	0	2	137	14315051	14315186	3.48e-47	202	90364	N/A
72_8_2155_4868_17221/1	gi|2845988047|emb|OZ200616.1|	91.912	136	11	0	2	137	14293331	14293466	7.52e-44	191	90364	N/A
72_8_2155_4868_17221/1	gi|2621712031|emb|OY770119.1|	98.529	136	2	0	2	137	9265	9130	7.37e-59	241	39388	N/A
72_8_2155_4868_17221/1	gi|2621712031|emb|OY770119.1|	98.529	136	2	0	2	137	18388	18253	7.37e-59	241	39388	N/A
72_8_2155_4868_17221/1	gi|2621712031|emb|OY770119.1|	97.794	136	3	0	2	137	244043	244178	3.43e-57	235	39388	N/A
72_8_2155_4868_17221/1	gi|2621712031|emb|OY770119.1|	97.794	136	2	1	2	137	168	34	1.23e-56	233	39388	N/A
72_8_2155_4868_17221/1	gi|2621712031|emb|OY770119.1|	95.588	136	6	0	2	137	229850	229985	3.45e-52	219	39388	N/A
72_8_2155_4868_17221/1	gi|2621712031|emb|OY770119.1|	94.853	136	7	0	2	137	229209	229074	1.61e-50	213	39388	N/A
72_8_2155_4868_17221/1	gi|2621712031|emb|OY770119.1|	91.912	136	11	0	2	137	5779106	5778971	7.52e-44	191	39388	N/A
72_8_2155_4868_17221/1	gi|2621712029|emb|OY770117.1|	98.529	136	2	0	2	137	14932054	14932189	7.37e-59	241	39388	N/A
72_8_2155_4868_17221/1	gi|2621712029|emb|OY770117.1|	98.529	136	2	0	2	137	14941091	14941226	7.37e-59	241	39388	N/A
72_8_2155_4868_17221/1	gi|2621712029|emb|OY770117.1|	98.529	136	2	0	2	137	14950128	14950263	7.37e-59	241	39388	N/A
72_8_2155_4868_17221/1	gi|2621712029|emb|OY770117.1|	98.529	136	2	0	2	137	14959182	14959317	7.37e-59	241	39388	N/A
72_8_2155_4868_17221/1	gi|2621712029|emb|OY770117.1|	98.529	136	2	0	2	137	14968214	14968349	7.37e-59	241	39388	N/A
72_8_2155_4868_17221/1	gi|2621712029|emb|OY770117.1|	98.529	136	2	0	2	137	14977268	14977403	7.37e-59	241	39388	N/A
72_8_2155_4868_17221/1	gi|2621712029|emb|OY770117.1|	98.529	136	2	0	2	137	14986300	14986435	7.37e-59	241	39388	N/A
72_8_2155_4868_17221/1	gi|2621712029|emb|OY770117.1|	98.529	136	2	0	2	137	14995354	14995489	7.37e-59	241	39388	N/A
72_8_2155_4868_17221/1	gi|2621712029|emb|OY770117.1|	98.529	136	2	0	2	137	15004407	15004542	7.37e-59	241	39388	N/A
72_8_2155_4868_17221/1	gi|2621712029|emb|OY770117.1|	98.529	136	2	0	2	137	15013460	15013595	7.37e-59	241	39388	N/A
72_8_2155_4868_17221/1	gi|2621712029|emb|OY770117.1|	98.529	136	2	0	2	137	15020152	15020287	7.37e-59	241	39388	N/A
72_8_2155_4868_17221/1	gi|2621712029|emb|OY770117.1|	98.529	136	2	0	2	137	15029206	15029341	7.37e-59	241	39388	N/A
72_8_2155_4868_17221/1	gi|2621712029|emb|OY770117.1|	98.529	136	2	0	2	137	15038260	15038395	7.37e-59	241	39388	N/A
72_8_2155_4868_17221/1	gi|2621712029|emb|OY770117.1|	98.529	136	2	0	2	137	15047292	15047427	7.37e-59	241	39388	N/A
72_8_2155_4868_17221/1	gi|2621712029|emb|OY770117.1|	98.529	136	2	0	2	137	15056345	15056480	7.37e-59	241	39388	N/A
72_8_2155_4868_17221/1	gi|2621712029|emb|OY770117.1|	97.059	136	4	0	2	137	14852866	14853001	1.59e-55	230	39388	N/A
72_8_2155_4868_17221/1	gi|2621712017|emb|OY770105.1|	98.529	136	2	0	2	137	4345391	4345256	7.37e-59	241	39388	N/A
72_8_2113_16642_14714/1	gi|2701784733|gb|OR911481.1|	99.265	136	1	0	2	137	377	242	1.58e-60	246	39414	N/A
72_8_2113_16642_14714/1	gi|2580182951|gb|OR464997.1|	99.265	136	1	0	2	137	297	162	1.58e-60	246	39414	N/A
72_8_2113_16642_14714/1	gi|2328376401|ref|NC_068049.1|	99.265	136	1	0	2	137	382	247	1.58e-60	246	39414	N/A
72_8_2113_16642_14714/1	gi|2288448399|gb|ON641301.1|	99.265	136	1	0	2	137	388	253	1.58e-60	246	185001	N/A
72_8_2113_16642_14714/1	gi|2050192475|gb|MW877582.1|	99.265	136	1	0	2	137	377	242	1.58e-60	246	39414	N/A
72_8_2455_35230_5511/1	gi|3048443377|emb|OZ306171.1|	100.000	136	0	0	2	137	103326	103191	3.40e-62	252	481118	N/A
72_8_2455_35230_5511/1	gi|3048443377|emb|OZ306171.1|	100.000	136	0	0	2	137	130415	130550	3.40e-62	252	481118	N/A
72_8_2455_35230_5511/1	gi|3048443334|emb|OZ306286.1|	100.000	136	0	0	2	137	66578334	66578199	3.40e-62	252	78511	N/A
72_8_2455_35230_5511/1	gi|3048264046|emb|OZ297787.1|	100.000	136	0	0	2	137	107704	107569	3.40e-62	252	55318	N/A
72_8_2455_35230_5511/1	gi|3048264046|emb|OZ297787.1|	100.000	136	0	0	2	137	136097	136232	3.40e-62	252	55318	N/A
72_8_2455_35230_5511/1	gi|3048228106|emb|OZ297184.1|	100.000	136	0	0	2	137	108404	108269	3.40e-62	252	397083	N/A
72_8_2455_35230_5511/1	gi|3048228106|emb|OZ297184.1|	100.000	136	0	0	2	137	136875	137010	3.40e-62	252	397083	N/A
72_8_2455_35230_5511/1	gi|3048195103|emb|OZ297140.1|	100.000	136	0	0	2	137	105960	105825	3.40e-62	252	59297	N/A
72_8_2455_35230_5511/1	gi|3048195103|emb|OZ297140.1|	100.000	136	0	0	2	137	132604	132739	3.40e-62	252	59297	N/A
72_8_2277_41566_13761/1	gi|2978724457|gb|PV611058.1|	90.164	61	2	3	62	119	295784	295843	2.20e-09	76.8	3421660	N/A
72_8_2277_41566_13761/1	gi|2978724457|gb|PV611058.1|	90.000	60	2	3	62	118	295321	295379	7.91e-09	75.0	3421660	N/A
72_8_2277_41566_13761/1	gi|2557643774|emb|OY673254.1|	95.652	46	2	0	62	107	21732	21777	7.91e-09	75.0	2697049	N/A
72_8_2277_41566_13761/1	gi|2463378371|dbj|AP027461.1|	93.878	49	3	0	59	107	1299629	1299677	7.91e-09	75.0	511145	N/A
72_8_2277_41566_13761/1	gi|2463378371|dbj|AP027461.1|	95.652	46	2	0	62	107	1628404	1628359	7.91e-09	75.0	511145	N/A
72_8_2277_41566_13761/1	gi|685047827|emb|LN596339.1|	94.000	50	1	2	54	101	601778	601827	7.91e-09	75.0	7962	N/A
72_8_2277_41566_13761/1	gi|685043901|emb|LN592426.1|	94.118	51	0	3	53	101	375099	375148	7.91e-09	75.0	7962	N/A
72_8_1473_8655_15512/1	gi|2701784733|gb|OR911481.1|	100.000	136	0	0	2	137	70453	70318	3.40e-62	252	39414	N/A
72_8_1473_8655_15512/1	gi|2724827388|ref|NC_088468.1|	100.000	136	0	0	2	137	70453	70318	3.40e-62	252	197803	N/A
72_8_1473_8655_15512/1	gi|2328376401|ref|NC_068049.1|	100.000	136	0	0	2	137	70457	70322	3.40e-62	252	39414	N/A
72_8_1473_8655_15512/1	gi|2288448399|gb|ON641301.1|	100.000	136	0	0	2	137	70740	70605	3.40e-62	252	185001	N/A
72_8_1473_8655_15512/1	gi|2050192665|gb|MW877584.1|	100.000	136	0	0	2	137	70389	70254	3.40e-62	252	101999	N/A
72_8_2219_8971_14938/1	gi|2978724457|gb|PV611058.1|	86.747	83	9	2	57	137	295321	295403	7.85e-14	91.6	3421660	N/A
72_8_2219_8971_14938/1	gi|2978724457|gb|PV611058.1|	91.525	59	3	2	57	113	295784	295842	1.70e-10	80.5	3421660	N/A
72_8_2219_8971_14938/1	gi|2557643774|emb|OY673254.1|	95.652	46	2	0	57	102	21732	21777	7.91e-09	75.0	2697049	N/A
72_8_2219_8971_14938/1	gi|685042175|emb|LN590700.1|	100.000	40	0	0	51	90	15778532	15778571	7.91e-09	75.0	7962	N/A
72_8_2219_8971_14938/1	gi|685042175|emb|LN590700.1|	100.000	34	0	0	57	90	14033941	14033908	1.71e-05	63.9	7962	N/A
72_8_2219_8971_14938/1	gi|685047827|emb|LN596339.1|	97.619	42	1	0	49	90	601778	601819	2.84e-08	73.1	7962	N/A
72_8_2219_8971_14938/1	gi|2165832678|emb|OV195277.1|	92.157	51	4	0	52	102	137	87	2.84e-08	73.1	2697049	N/A
72_8_1411_42384_2933/1	gi|2813171436|gb|PQ325515.1|	100.000	136	0	0	2	137	100259	100124	3.40e-62	252	254027	N/A
72_8_1411_42384_2933/1	gi|2813171436|gb|PQ325515.1|	100.000	136	0	0	2	137	137179	137314	3.40e-62	252	254027	N/A
72_8_1411_42384_2933/1	gi|2805792360|gb|PQ124709.1|	100.000	136	0	0	2	137	99842	99977	3.40e-62	252	113209	N/A
72_8_1411_42384_2933/1	gi|2805792360|gb|PQ124709.1|	100.000	136	0	0	2	137	147892	147757	3.40e-62	252	113209	N/A
72_8_1411_42384_2933/1	gi|2805792263|gb|PQ124708.1|	100.000	136	0	0	2	137	99959	100094	3.40e-62	252	197811	N/A
72_8_1411_42384_2933/1	gi|2805792263|gb|PQ124708.1|	100.000	136	0	0	2	137	148047	147912	3.40e-62	252	197811	N/A
72_8_1411_42384_2933/1	gi|2805792167|gb|PQ124707.1|	100.000	136	0	0	2	137	99959	100094	3.40e-62	252	29818	N/A
72_8_1411_42384_2933/1	gi|2805792167|gb|PQ124707.1|	100.000	136	0	0	2	137	148047	147912	3.40e-62	252	29818	N/A
72_8_1411_42384_2933/1	gi|2805792070|gb|PQ124706.1|	100.000	136	0	0	2	137	99985	100120	3.40e-62	252	197796	N/A
72_8_1411_42384_2933/1	gi|2805792070|gb|PQ124706.1|	100.000	136	0	0	2	137	147980	147845	3.40e-62	252	197796	N/A
72_8_2311_36897_27643/1	gi|3048443377|emb|OZ306171.1|	100.000	136	0	0	2	137	103326	103191	3.40e-62	252	481118	N/A
72_8_2311_36897_27643/1	gi|3048443377|emb|OZ306171.1|	100.000	136	0	0	2	137	130415	130550	3.40e-62	252	481118	N/A
72_8_2311_36897_27643/1	gi|3048443334|emb|OZ306286.1|	100.000	136	0	0	2	137	66578334	66578199	3.40e-62	252	78511	N/A
72_8_2311_36897_27643/1	gi|3048264046|emb|OZ297787.1|	100.000	136	0	0	2	137	107704	107569	3.40e-62	252	55318	N/A
72_8_2311_36897_27643/1	gi|3048264046|emb|OZ297787.1|	100.000	136	0	0	2	137	136097	136232	3.40e-62	252	55318	N/A
72_8_2311_36897_27643/1	gi|3048228106|emb|OZ297184.1|	100.000	136	0	0	2	137	108404	108269	3.40e-62	252	397083	N/A
72_8_2311_36897_27643/1	gi|3048228106|emb|OZ297184.1|	100.000	136	0	0	2	137	136875	137010	3.40e-62	252	397083	N/A
72_8_2311_36897_27643/1	gi|3048195103|emb|OZ297140.1|	100.000	136	0	0	2	137	105960	105825	3.40e-62	252	59297	N/A
72_8_2311_36897_27643/1	gi|3048195103|emb|OZ297140.1|	100.000	136	0	0	2	137	132604	132739	3.40e-62	252	59297	N/A
72_8_1288_15874_16997/1	gi|1821185903|gb|CP049885.1|	86.290	124	17	0	14	137	382729	382852	3.58e-27	135	2714923	N/A
72_8_1288_15874_16997/1	gi|2108336375|gb|CP070661.1|	89.888	89	9	0	49	137	3361214	3361126	4.66e-21	115	1891238	N/A
72_8_1288_15874_16997/1	gi|1387992375|gb|CP029210.1|	82.222	135	20	4	5	137	2987648	2987780	1.68e-20	113	1296669	N/A
72_8_1288_15874_16997/1	gi|2960586445|gb|CP187561.1|	79.528	127	24	2	12	137	5195972	5195847	2.82e-13	89.8	3416277	N/A
72_8_1288_15874_16997/1	gi|1934957904|gb|CP049919.1|	86.842	76	10	0	62	137	1296031	1296106	3.65e-12	86.1	2714952	N/A
72_8_2116_11204_9895/1	gi|3048443377|emb|OZ306171.1|	100.000	136	0	0	2	137	103326	103191	3.40e-62	252	481118	N/A
72_8_2116_11204_9895/1	gi|3048443377|emb|OZ306171.1|	100.000	136	0	0	2	137	130415	130550	3.40e-62	252	481118	N/A
72_8_2116_11204_9895/1	gi|3048443334|emb|OZ306286.1|	100.000	136	0	0	2	137	66578334	66578199	3.40e-62	252	78511	N/A
72_8_2116_11204_9895/1	gi|3048264046|emb|OZ297787.1|	100.000	136	0	0	2	137	107704	107569	3.40e-62	252	55318	N/A
72_8_2116_11204_9895/1	gi|3048264046|emb|OZ297787.1|	100.000	136	0	0	2	137	136097	136232	3.40e-62	252	55318	N/A
72_8_2116_11204_9895/1	gi|3048228106|emb|OZ297184.1|	100.000	136	0	0	2	137	108404	108269	3.40e-62	252	397083	N/A
72_8_2116_11204_9895/1	gi|3048228106|emb|OZ297184.1|	100.000	136	0	0	2	137	136875	137010	3.40e-62	252	397083	N/A
72_8_2116_11204_9895/1	gi|3048195103|emb|OZ297140.1|	100.000	136	0	0	2	137	105960	105825	3.40e-62	252	59297	N/A
72_8_2116_11204_9895/1	gi|3048195103|emb|OZ297140.1|	100.000	136	0	0	2	137	132604	132739	3.40e-62	252	59297	N/A
72_8_2304_44973_25542/1	gi|2131947417|dbj|AP024452.2|	90.291	103	10	0	1	103	5963007	5962905	3.58e-27	135	2802971	N/A
72_8_2304_44973_25542/1	gi|2874253862|emb|OY969918.1|	86.517	89	12	0	3	91	2701226	2701138	4.69e-16	99.0	171953	N/A
72_8_2124_9206_2933/1	gi|3048443377|emb|OZ306171.1|	100.000	136	0	0	2	137	103326	103191	3.40e-62	252	481118	N/A
72_8_2124_9206_2933/1	gi|3048443377|emb|OZ306171.1|	100.000	136	0	0	2	137	130415	130550	3.40e-62	252	481118	N/A
72_8_2124_9206_2933/1	gi|3048443334|emb|OZ306286.1|	100.000	136	0	0	2	137	66578334	66578199	3.40e-62	252	78511	N/A
72_8_2124_9206_2933/1	gi|3048264046|emb|OZ297787.1|	100.000	136	0	0	2	137	107704	107569	3.40e-62	252	55318	N/A
72_8_2124_9206_2933/1	gi|3048264046|emb|OZ297787.1|	100.000	136	0	0	2	137	136097	136232	3.40e-62	252	55318	N/A
72_8_2124_9206_2933/1	gi|3048228106|emb|OZ297184.1|	100.000	136	0	0	2	137	108404	108269	3.40e-62	252	397083	N/A
72_8_2124_9206_2933/1	gi|3048228106|emb|OZ297184.1|	100.000	136	0	0	2	137	136875	137010	3.40e-62	252	397083	N/A
72_8_2124_9206_2933/1	gi|3048195103|emb|OZ297140.1|	100.000	136	0	0	2	137	105960	105825	3.40e-62	252	59297	N/A
72_8_2124_9206_2933/1	gi|3048195103|emb|OZ297140.1|	100.000	136	0	0	2	137	132604	132739	3.40e-62	252	59297	N/A
72_8_2345_35012_25724/1	gi|2288448399|gb|ON641301.1|	100.000	136	0	0	2	137	70872	70737	3.40e-62	252	185001	N/A
72_8_2345_35012_25724/1	gi|1610617358|ref|NC_041420.1|	99.265	136	1	0	2	137	70763	70628	1.58e-60	246	185001	N/A
72_8_2345_35012_25724/1	gi|2050192381|gb|MW877581.1|	99.265	136	1	0	2	137	70766	70631	1.58e-60	246	185001	N/A
72_8_2345_35012_25724/1	gi|2701784733|gb|OR911481.1|	98.529	136	2	0	2	137	70585	70450	7.37e-59	241	39414	N/A
72_8_2345_35012_25724/1	gi|2328376401|ref|NC_068049.1|	98.529	136	2	0	2	137	70589	70454	7.37e-59	241	39414	N/A
72_8_1217_18544_2709/1	gi|2813171436|gb|PQ325515.1|	100.000	136	0	0	2	137	100259	100124	3.40e-62	252	254027	N/A
72_8_1217_18544_2709/1	gi|2813171436|gb|PQ325515.1|	100.000	136	0	0	2	137	137179	137314	3.40e-62	252	254027	N/A
72_8_1217_18544_2709/1	gi|2805792360|gb|PQ124709.1|	100.000	136	0	0	2	137	99842	99977	3.40e-62	252	113209	N/A
72_8_1217_18544_2709/1	gi|2805792360|gb|PQ124709.1|	100.000	136	0	0	2	137	147892	147757	3.40e-62	252	113209	N/A
72_8_1217_18544_2709/1	gi|2805792263|gb|PQ124708.1|	100.000	136	0	0	2	137	99959	100094	3.40e-62	252	197811	N/A
72_8_1217_18544_2709/1	gi|2805792263|gb|PQ124708.1|	100.000	136	0	0	2	137	148047	147912	3.40e-62	252	197811	N/A
72_8_1217_18544_2709/1	gi|2805792167|gb|PQ124707.1|	100.000	136	0	0	2	137	99959	100094	3.40e-62	252	29818	N/A
72_8_1217_18544_2709/1	gi|2805792167|gb|PQ124707.1|	100.000	136	0	0	2	137	148047	147912	3.40e-62	252	29818	N/A
72_8_1217_18544_2709/1	gi|2805792070|gb|PQ124706.1|	100.000	136	0	0	2	137	99985	100120	3.40e-62	252	197796	N/A
72_8_1217_18544_2709/1	gi|2805792070|gb|PQ124706.1|	100.000	136	0	0	2	137	147980	147845	3.40e-62	252	197796	N/A
72_8_2396_5572_1378/1	gi|2557643774|emb|OY673254.1|	97.826	46	1	0	86	131	21732	21777	1.70e-10	80.5	2697049	N/A
72_8_2396_5572_1378/1	gi|2978724457|gb|PV611058.1|	90.164	61	2	3	81	137	295314	295374	2.20e-09	76.8	3421660	N/A
72_8_2396_5572_1378/1	gi|2978724457|gb|PV611058.1|	90.164	61	2	3	81	137	295777	295837	2.20e-09	76.8	3421660	N/A
72_8_2396_5572_1378/1	gi|685042185|emb|LN590710.1|	100.000	40	0	0	80	119	9162083	9162122	7.91e-09	75.0	7962	N/A
72_8_2396_5572_1378/1	gi|685042185|emb|LN590710.1|	100.000	34	0	0	86	119	3790452	3790419	1.71e-05	63.9	7962	N/A
72_8_2396_5572_1378/1	gi|685042185|emb|LN590710.1|	100.000	34	0	0	86	119	6008694	6008727	1.71e-05	63.9	7962	N/A
72_8_2396_5572_1378/1	gi|685042185|emb|LN590710.1|	100.000	34	0	0	86	119	10218503	10218536	1.71e-05	63.9	7962	N/A
72_8_2396_5572_1378/1	gi|685049916|emb|LN598428.1|	100.000	39	0	0	81	119	2460635	2460673	2.84e-08	73.1	7962	N/A
72_8_2396_5572_1378/1	gi|2755084565|gb|PP943426.1|	92.157	51	2	2	86	134	121082	121032	1.02e-07	71.3	10258	N/A
72_8_2373_23488_15470/1	gi|3045267147|gb|PX049138.1|	100.000	136	0	0	2	137	104034	103899	3.40e-62	252	3454936	N/A
72_8_2373_23488_15470/1	gi|3045267147|gb|PX049138.1|	100.000	136	0	0	2	137	131400	131535	3.40e-62	252	3454936	N/A
72_8_2373_23488_15470/1	gi|3045267060|gb|PX049137.1|	100.000	136	0	0	2	137	104024	103889	3.40e-62	252	165317	N/A
72_8_2373_23488_15470/1	gi|3045267060|gb|PX049137.1|	100.000	136	0	0	2	137	131393	131528	3.40e-62	252	165317	N/A
72_8_2373_23488_15470/1	gi|3032662704|gb|PQ231107.1|	100.000	136	0	0	2	137	104286	104151	3.40e-62	252	572118	N/A
72_8_2373_23488_15470/1	gi|3032662704|gb|PQ231107.1|	100.000	136	0	0	2	137	131206	131341	3.40e-62	252	572118	N/A
72_8_2373_23488_15470/1	gi|3032662616|gb|PQ231106.1|	100.000	136	0	0	2	137	103803	103668	3.40e-62	252	694377	N/A
72_8_2373_23488_15470/1	gi|3032662616|gb|PQ231106.1|	100.000	136	0	0	2	137	130700	130835	3.40e-62	252	694377	N/A
72_8_2373_23488_15470/1	gi|3032662528|gb|PQ231105.1|	100.000	136	0	0	2	137	103821	103686	3.40e-62	252	694377	N/A
72_8_2373_23488_15470/1	gi|3032662528|gb|PQ231105.1|	100.000	136	0	0	2	137	130716	130851	3.40e-62	252	694377	N/A
72_8_1438_28530_27783/1	gi|2978724457|gb|PV611058.1|	91.935	62	1	3	79	137	295319	295379	1.31e-11	84.2	3421660	N/A
72_8_1438_28530_27783/1	gi|2978724457|gb|PV611058.1|	91.935	62	1	3	79	137	295782	295842	1.31e-11	84.2	3421660	N/A
72_8_1438_28530_27783/1	gi|2557643774|emb|OY673254.1|	94.444	54	2	1	74	126	21724	21777	4.72e-11	82.4	2697049	N/A
72_8_1438_28530_27783/1	gi|685042175|emb|LN590700.1|	94.118	51	1	2	73	121	14033949	14033899	2.20e-09	76.8	7962	N/A
72_8_1438_28530_27783/1	gi|685042175|emb|LN590700.1|	95.238	42	0	2	81	120	15778538	15778579	4.76e-06	65.8	7962	N/A
72_8_1438_28530_27783/1	gi|2560250289|emb|OY708460.1|	94.000	50	1	2	78	126	6487	6535	7.91e-09	75.0	2697049	N/A
72_8_1438_28530_27783/1	gi|2557654546|emb|OY684713.1|	97.727	44	0	1	74	116	21728	21771	7.91e-09	75.0	2697049	N/A
72_8_2414_21166_21143/1	gi|2813171436|gb|PQ325515.1|	100.000	136	0	0	2	137	100259	100124	3.40e-62	252	254027	N/A
72_8_2414_21166_21143/1	gi|2813171436|gb|PQ325515.1|	100.000	136	0	0	2	137	137179	137314	3.40e-62	252	254027	N/A
72_8_2414_21166_21143/1	gi|2805792360|gb|PQ124709.1|	100.000	136	0	0	2	137	99842	99977	3.40e-62	252	113209	N/A
72_8_2414_21166_21143/1	gi|2805792360|gb|PQ124709.1|	100.000	136	0	0	2	137	147892	147757	3.40e-62	252	113209	N/A
72_8_2414_21166_21143/1	gi|2805792263|gb|PQ124708.1|	100.000	136	0	0	2	137	99959	100094	3.40e-62	252	197811	N/A
72_8_2414_21166_21143/1	gi|2805792263|gb|PQ124708.1|	100.000	136	0	0	2	137	148047	147912	3.40e-62	252	197811	N/A
72_8_2414_21166_21143/1	gi|2805792167|gb|PQ124707.1|	100.000	136	0	0	2	137	99959	100094	3.40e-62	252	29818	N/A
72_8_2414_21166_21143/1	gi|2805792167|gb|PQ124707.1|	100.000	136	0	0	2	137	148047	147912	3.40e-62	252	29818	N/A
72_8_2414_21166_21143/1	gi|2805792070|gb|PQ124706.1|	100.000	136	0	0	2	137	99985	100120	3.40e-62	252	197796	N/A
72_8_2414_21166_21143/1	gi|2805792070|gb|PQ124706.1|	100.000	136	0	0	2	137	147980	147845	3.40e-62	252	197796	N/A
72_8_2233_43517_1672/1	gi|2701785009|gb|OR911484.1|	99.265	136	1	0	2	137	590	455	1.58e-60	246	197809	N/A
72_8_2233_43517_1672/1	gi|2724827569|ref|NC_088470.1|	99.265	136	1	0	2	137	583	448	1.58e-60	246	2550875	N/A
72_8_2233_43517_1672/1	gi|2666688421|ref|NC_085450.1|	99.265	136	1	0	2	137	538	403	1.58e-60	246	3107745	N/A
72_8_2233_43517_1672/1	gi|2288448399|gb|ON641301.1|	99.265	136	1	0	2	137	592	457	1.58e-60	246	185001	N/A
72_8_2233_43517_1672/1	gi|2050192381|gb|MW877581.1|	99.265	136	1	0	2	137	601	466	1.58e-60	246	185001	N/A
72_8_1205_45912_6631/1	gi|2701784733|gb|OR911481.1|	100.000	136	0	0	2	137	33013	32878	3.40e-62	252	39414	N/A
72_8_1205_45912_6631/1	gi|2328376401|ref|NC_068049.1|	100.000	136	0	0	2	137	32999	32864	3.40e-62	252	39414	N/A
72_8_1205_45912_6631/1	gi|2288448399|gb|ON641301.1|	100.000	136	0	0	2	137	33215	33080	3.40e-62	252	185001	N/A
72_8_1205_45912_6631/1	gi|2050192475|gb|MW877582.1|	100.000	136	0	0	2	137	33012	32877	3.40e-62	252	39414	N/A
72_8_1205_45912_6631/1	gi|2050192381|gb|MW877581.1|	100.000	136	0	0	2	137	33141	33006	3.40e-62	252	185001	N/A
72_8_1482_1874_15820/1	gi|2701784733|gb|OR911481.1|	99.265	136	1	0	2	137	33013	32878	1.58e-60	246	39414	N/A
72_8_1482_1874_15820/1	gi|2328376401|ref|NC_068049.1|	99.265	136	1	0	2	137	32999	32864	1.58e-60	246	39414	N/A
72_8_1482_1874_15820/1	gi|2288448399|gb|ON641301.1|	99.265	136	1	0	2	137	33215	33080	1.58e-60	246	185001	N/A
72_8_1482_1874_15820/1	gi|2050192475|gb|MW877582.1|	99.265	136	1	0	2	137	33012	32877	1.58e-60	246	39414	N/A
72_8_1482_1874_15820/1	gi|2050192381|gb|MW877581.1|	99.265	136	1	0	2	137	33141	33006	1.58e-60	246	185001	N/A
72_8_1216_5710_28539/1	gi|3045811490|gb|PX133153.1|	100.000	136	0	0	2	137	61802	61937	3.40e-62	252	691774	N/A
72_8_1216_5710_28539/1	gi|3045811376|gb|PX133145.1|	100.000	136	0	0	2	137	51472	51337	3.40e-62	252	41911	N/A
72_8_1216_5710_28539/1	gi|3045267147|gb|PX049138.1|	100.000	136	0	0	2	137	83614	83749	3.40e-62	252	3454936	N/A
72_8_1216_5710_28539/1	gi|3045267147|gb|PX049138.1|	100.000	136	0	0	2	137	151820	151685	3.40e-62	252	3454936	N/A
72_8_1216_5710_28539/1	gi|3045267060|gb|PX049137.1|	100.000	136	0	0	2	137	83610	83745	3.40e-62	252	165317	N/A
72_8_1216_5710_28539/1	gi|3045267060|gb|PX049137.1|	100.000	136	0	0	2	137	151807	151672	3.40e-62	252	165317	N/A
72_8_1216_5710_28539/1	gi|3032662616|gb|PQ231106.1|	100.000	136	0	0	2	137	83270	83405	3.40e-62	252	694377	N/A
72_8_1216_5710_28539/1	gi|3032662616|gb|PQ231106.1|	100.000	136	0	0	2	137	151233	151098	3.40e-62	252	694377	N/A
72_8_1466_42635_11744/1	gi|3048443377|emb|OZ306171.1|	100.000	136	0	0	2	137	103326	103191	3.40e-62	252	481118	N/A
72_8_1466_42635_11744/1	gi|3048443377|emb|OZ306171.1|	100.000	136	0	0	2	137	130415	130550	3.40e-62	252	481118	N/A
72_8_1466_42635_11744/1	gi|3048443334|emb|OZ306286.1|	100.000	136	0	0	2	137	66578334	66578199	3.40e-62	252	78511	N/A
72_8_1466_42635_11744/1	gi|3048264046|emb|OZ297787.1|	100.000	136	0	0	2	137	107704	107569	3.40e-62	252	55318	N/A
72_8_1466_42635_11744/1	gi|3048264046|emb|OZ297787.1|	100.000	136	0	0	2	137	136097	136232	3.40e-62	252	55318	N/A
72_8_1466_42635_11744/1	gi|3048228106|emb|OZ297184.1|	100.000	136	0	0	2	137	108404	108269	3.40e-62	252	397083	N/A
72_8_1466_42635_11744/1	gi|3048228106|emb|OZ297184.1|	100.000	136	0	0	2	137	136875	137010	3.40e-62	252	397083	N/A
72_8_1466_42635_11744/1	gi|3048195103|emb|OZ297140.1|	100.000	136	0	0	2	137	105960	105825	3.40e-62	252	59297	N/A
72_8_1466_42635_11744/1	gi|3048195103|emb|OZ297140.1|	100.000	136	0	0	2	137	132604	132739	3.40e-62	252	59297	N/A
72_8_1366_33498_17669/1	gi|3045267147|gb|PX049138.1|	100.000	136	0	0	2	137	104034	103899	3.40e-62	252	3454936	N/A
72_8_1366_33498_17669/1	gi|3045267147|gb|PX049138.1|	100.000	136	0	0	2	137	131400	131535	3.40e-62	252	3454936	N/A
72_8_1366_33498_17669/1	gi|3045267060|gb|PX049137.1|	100.000	136	0	0	2	137	104024	103889	3.40e-62	252	165317	N/A
72_8_1366_33498_17669/1	gi|3045267060|gb|PX049137.1|	100.000	136	0	0	2	137	131393	131528	3.40e-62	252	165317	N/A
72_8_1366_33498_17669/1	gi|3032662704|gb|PQ231107.1|	100.000	136	0	0	2	137	104286	104151	3.40e-62	252	572118	N/A
72_8_1366_33498_17669/1	gi|3032662704|gb|PQ231107.1|	100.000	136	0	0	2	137	131206	131341	3.40e-62	252	572118	N/A
72_8_1366_33498_17669/1	gi|3032662616|gb|PQ231106.1|	100.000	136	0	0	2	137	103803	103668	3.40e-62	252	694377	N/A
72_8_1366_33498_17669/1	gi|3032662616|gb|PQ231106.1|	100.000	136	0	0	2	137	130700	130835	3.40e-62	252	694377	N/A
72_8_1366_33498_17669/1	gi|3032662528|gb|PQ231105.1|	100.000	136	0	0	2	137	103821	103686	3.40e-62	252	694377	N/A
72_8_1366_33498_17669/1	gi|3032662528|gb|PQ231105.1|	100.000	136	0	0	2	137	130716	130851	3.40e-62	252	694377	N/A
72_8_1180_37035_16226/1	gi|2701784733|gb|OR911481.1|	100.000	136	0	0	2	137	33013	32878	3.40e-62	252	39414	N/A
72_8_1180_37035_16226/1	gi|2328376401|ref|NC_068049.1|	100.000	136	0	0	2	137	32999	32864	3.40e-62	252	39414	N/A
72_8_1180_37035_16226/1	gi|2288448399|gb|ON641301.1|	100.000	136	0	0	2	137	33215	33080	3.40e-62	252	185001	N/A
72_8_1180_37035_16226/1	gi|2050192475|gb|MW877582.1|	100.000	136	0	0	2	137	33012	32877	3.40e-62	252	39414	N/A
72_8_1180_37035_16226/1	gi|2050192381|gb|MW877581.1|	100.000	136	0	0	2	137	33141	33006	3.40e-62	252	185001	N/A
72_8_1121_46227_15330/1	gi|2999505086|gb|CP192032.1|	100.000	28	0	0	7	34	2710215	2710188	0.037	52.8	3239935	N/A
72_8_2253_8760_9867/1	gi|1766751743|gb|MK342624.1|	100.000	136	0	0	2	137	105340	105205	3.40e-62	252	909683	N/A
72_8_2253_8760_9867/1	gi|1766751743|gb|MK342624.1|	100.000	136	0	0	2	137	132213	132348	3.40e-62	252	909683	N/A
72_8_2253_8760_9867/1	gi|3045267147|gb|PX049138.1|	99.265	136	1	0	2	137	104034	103899	1.58e-60	246	3454936	N/A
72_8_2253_8760_9867/1	gi|3045267147|gb|PX049138.1|	99.265	136	1	0	2	137	131400	131535	1.58e-60	246	3454936	N/A
72_8_2253_8760_9867/1	gi|3045267060|gb|PX049137.1|	99.265	136	1	0	2	137	104024	103889	1.58e-60	246	165317	N/A
72_8_2253_8760_9867/1	gi|3045267060|gb|PX049137.1|	99.265	136	1	0	2	137	131393	131528	1.58e-60	246	165317	N/A
72_8_2253_8760_9867/1	gi|3032662704|gb|PQ231107.1|	99.265	136	1	0	2	137	104286	104151	1.58e-60	246	572118	N/A
72_8_2253_8760_9867/1	gi|3032662704|gb|PQ231107.1|	99.265	136	1	0	2	137	131206	131341	1.58e-60	246	572118	N/A
72_8_2253_8760_9867/1	gi|3032662616|gb|PQ231106.1|	99.265	136	1	0	2	137	103803	103668	1.58e-60	246	694377	N/A
72_8_2253_8760_9867/1	gi|3032662616|gb|PQ231106.1|	99.265	136	1	0	2	137	130700	130835	1.58e-60	246	694377	N/A
72_8_2277_34882_7402/1	gi|3055957159|gb|PX251583.1|	100.000	136	0	0	2	137	109532	109397	3.40e-62	252	159033	N/A
72_8_2277_34882_7402/1	gi|3055957159|gb|PX251583.1|	100.000	136	0	0	2	137	138358	138493	3.40e-62	252	159033	N/A
72_8_2277_34882_7402/1	gi|3055957122|gb|PX251582.1|	100.000	136	0	0	2	137	118163	118028	3.40e-62	252	159033	N/A
72_8_2277_34882_7402/1	gi|3055957122|gb|PX251582.1|	83.505	97	16	0	28	124	76277	76181	7.85e-14	91.6	159033	N/A
72_8_2277_34882_7402/1	gi|3048195103|emb|OZ297140.1|	100.000	136	0	0	2	137	105657	105522	3.40e-62	252	59297	N/A
72_8_2277_34882_7402/1	gi|3048195103|emb|OZ297140.1|	100.000	136	0	0	2	137	132907	133042	3.40e-62	252	59297	N/A
72_8_2277_34882_7402/1	gi|3048195096|emb|OZ297139.1|	100.000	136	0	0	2	137	23106	22971	3.40e-62	252	59297	N/A
72_8_2277_34882_7402/1	gi|3034427423|emb|OZ286190.2|	100.000	136	0	0	2	137	88414	88549	3.40e-62	252	436207	N/A
72_8_2277_34882_7402/1	gi|3034427423|emb|OZ286190.2|	100.000	136	0	0	2	137	147506	147371	3.40e-62	252	436207	N/A
72_8_1104_47514_27895/1	gi|3053622340|gb|PX170676.1|	98.333	60	1	0	2	61	13363	13304	2.80e-18	106	1868642	N/A
72_8_1104_47514_27895/1	gi|3032662704|gb|PQ231107.1|	98.333	60	1	0	2	61	13688	13629	2.80e-18	106	572118	N/A
72_8_1104_47514_27895/1	gi|3032662352|gb|PQ231103.1|	98.333	60	1	0	2	61	13712	13653	2.80e-18	106	1898870	N/A
72_8_1104_47514_27895/1	gi|3032662264|gb|PQ231102.1|	98.333	60	1	0	2	61	13708	13649	2.80e-18	106	1898870	N/A
72_8_1104_47514_27895/1	gi|3032662176|gb|PQ231101.1|	98.333	60	1	0	2	61	13709	13650	2.80e-18	106	1898870	N/A
72_8_2216_28748_6197/1	gi|1275594026|gb|CP024645.1|	88.971	136	15	0	2	137	3995475	3995340	3.53e-37	169	946333	N/A
72_8_2216_28748_6197/1	gi|1188456711|gb|CP015118.1|	88.971	136	15	0	2	137	3995472	3995337	3.53e-37	169	946333	N/A
72_8_2216_28748_6197/1	gi|1735504366|gb|CP035708.1|	85.401	137	18	2	2	137	2776299	2776434	7.68e-29	141	639200	N/A
72_8_2216_28748_6197/1	gi|2381198501|gb|CP113068.1|	81.618	136	21	4	3	136	5519604	5519471	2.17e-19	110	2995138	N/A
72_8_1462_24265_3844/1	gi|3045267147|gb|PX049138.1|	100.000	136	0	0	2	137	104034	103899	3.40e-62	252	3454936	N/A
72_8_1462_24265_3844/1	gi|3045267147|gb|PX049138.1|	100.000	136	0	0	2	137	131400	131535	3.40e-62	252	3454936	N/A
72_8_1462_24265_3844/1	gi|3045267060|gb|PX049137.1|	100.000	136	0	0	2	137	104024	103889	3.40e-62	252	165317	N/A
72_8_1462_24265_3844/1	gi|3045267060|gb|PX049137.1|	100.000	136	0	0	2	137	131393	131528	3.40e-62	252	165317	N/A
72_8_1462_24265_3844/1	gi|3032662704|gb|PQ231107.1|	100.000	136	0	0	2	137	104286	104151	3.40e-62	252	572118	N/A
72_8_1462_24265_3844/1	gi|3032662704|gb|PQ231107.1|	100.000	136	0	0	2	137	131206	131341	3.40e-62	252	572118	N/A
72_8_1462_24265_3844/1	gi|3032662616|gb|PQ231106.1|	100.000	136	0	0	2	137	103803	103668	3.40e-62	252	694377	N/A
72_8_1462_24265_3844/1	gi|3032662616|gb|PQ231106.1|	100.000	136	0	0	2	137	130700	130835	3.40e-62	252	694377	N/A
72_8_1462_24265_3844/1	gi|3032662528|gb|PQ231105.1|	100.000	136	0	0	2	137	103821	103686	3.40e-62	252	694377	N/A
72_8_1462_24265_3844/1	gi|3032662528|gb|PQ231105.1|	100.000	136	0	0	2	137	130716	130851	3.40e-62	252	694377	N/A
72_8_1248_15493_21605/1	gi|2869828697|gb|CP175778.1|	94.340	106	6	0	2	107	613115	613010	1.64e-35	163	2913503	N/A
72_8_1248_15493_21605/1	gi|2869810795|gb|CP175772.1|	94.340	106	6	0	2	107	2125101	2124996	1.64e-35	163	2913503	N/A
72_8_1248_15493_21605/1	gi|2869808554|gb|CP175771.1|	94.340	106	6	0	2	107	1987285	1987180	1.64e-35	163	2913503	N/A
72_8_1474_36234_24113/1	gi|2945944745|emb|OZ245685.1|	99.265	136	1	0	2	137	74623528	74623663	1.58e-60	246	675739	N/A
72_8_1474_36234_24113/1	gi|2945944745|emb|OZ245685.1|	99.265	136	1	0	2	137	75121568	75121703	1.58e-60	246	675739	N/A
72_8_1474_36234_24113/1	gi|2745572395|gb|OR915050.1|	99.265	136	1	0	2	137	24235	24100	1.58e-60	246	1489760	N/A
72_8_1474_36234_24113/1	gi|2745572395|gb|OR915050.1|	99.265	136	1	0	2	137	52612	52747	1.58e-60	246	1489760	N/A
72_8_1474_36234_24113/1	gi|2728414889|gb|OR712473.1|	99.265	136	1	0	2	137	106852	106717	1.58e-60	246	350423	N/A
72_8_1474_36234_24113/1	gi|2728414889|gb|OR712473.1|	99.265	136	1	0	2	137	135558	135693	1.58e-60	246	350423	N/A
72_8_1474_36234_24113/1	gi|2744374376|gb|PP920091.1|	99.265	136	1	0	2	137	724516	724381	1.58e-60	246	13597	N/A
72_8_1474_36234_24113/1	gi|2672701747|gb|PP296628.1|	99.265	136	1	0	2	137	105632	105497	1.58e-60	246	1736641	N/A
72_8_1474_36234_24113/1	gi|2672701747|gb|PP296628.1|	99.265	136	1	0	2	137	133147	133282	1.58e-60	246	1736641	N/A
72_8_1269_52200_10035/1	gi|2923961618|gb|PV239785.1|	100.000	136	0	0	2	137	117670	117535	3.40e-62	252	171929	N/A
72_8_1269_52200_10035/1	gi|2923961618|gb|PV239785.1|	100.000	136	0	0	2	137	142265	142400	3.40e-62	252	171929	N/A
72_8_1269_52200_10035/1	gi|2879585240|gb|PQ568954.1|	100.000	136	0	0	2	137	111287	111152	3.40e-62	252	1897473	N/A
72_8_1269_52200_10035/1	gi|2879585240|gb|PQ568954.1|	100.000	136	0	0	2	137	135457	135592	3.40e-62	252	1897473	N/A
72_8_1269_52200_10035/1	gi|2833140525|gb|PQ468702.1|	100.000	136	0	0	2	137	108252	108117	3.40e-62	252	370657	N/A
72_8_1269_52200_10035/1	gi|2833140525|gb|PQ468702.1|	100.000	136	0	0	2	137	131389	131524	3.40e-62	252	370657	N/A
72_8_1269_52200_10035/1	gi|2833140438|gb|PQ468701.1|	100.000	136	0	0	2	137	108132	107997	3.40e-62	252	2726138	N/A
72_8_1269_52200_10035/1	gi|2833140438|gb|PQ468701.1|	100.000	136	0	0	2	137	131290	131425	3.40e-62	252	2726138	N/A
72_8_1269_52200_10035/1	gi|2805792360|gb|PQ124709.1|	100.000	136	0	0	2	137	93537	93672	3.40e-62	252	113209	N/A
72_8_1269_52200_10035/1	gi|2805792360|gb|PQ124709.1|	100.000	136	0	0	2	137	154197	154062	3.40e-62	252	113209	N/A
72_8_1104_10120_24127/1	gi|3048443377|emb|OZ306171.1|	100.000	136	0	0	2	137	103326	103191	3.40e-62	252	481118	N/A
72_8_1104_10120_24127/1	gi|3048443377|emb|OZ306171.1|	100.000	136	0	0	2	137	130415	130550	3.40e-62	252	481118	N/A
72_8_1104_10120_24127/1	gi|3048443334|emb|OZ306286.1|	100.000	136	0	0	2	137	66578334	66578199	3.40e-62	252	78511	N/A
72_8_1104_10120_24127/1	gi|3048264046|emb|OZ297787.1|	100.000	136	0	0	2	137	107704	107569	3.40e-62	252	55318	N/A
72_8_1104_10120_24127/1	gi|3048264046|emb|OZ297787.1|	100.000	136	0	0	2	137	136097	136232	3.40e-62	252	55318	N/A
72_8_1104_10120_24127/1	gi|3048228106|emb|OZ297184.1|	100.000	136	0	0	2	137	108404	108269	3.40e-62	252	397083	N/A
72_8_1104_10120_24127/1	gi|3048228106|emb|OZ297184.1|	100.000	136	0	0	2	137	136875	137010	3.40e-62	252	397083	N/A
72_8_1104_10120_24127/1	gi|3048195103|emb|OZ297140.1|	100.000	136	0	0	2	137	105960	105825	3.40e-62	252	59297	N/A
72_8_1104_10120_24127/1	gi|3048195103|emb|OZ297140.1|	100.000	136	0	0	2	137	132604	132739	3.40e-62	252	59297	N/A
72_8_2451_22825_22670/1	gi|2701785471|gb|OR911489.1|	99.265	136	1	0	2	137	97728	97863	1.58e-60	246	185002	N/A
72_8_2451_22825_22670/1	gi|2701785471|gb|OR911489.1|	99.265	136	1	0	2	137	134541	134406	1.58e-60	246	185002	N/A
72_8_2451_22825_22670/1	gi|2724827940|ref|NC_088474.1|	99.265	136	1	0	2	137	97774	97909	1.58e-60	246	1439916	N/A
72_8_2451_22825_22670/1	gi|2724827940|ref|NC_088474.1|	99.265	136	1	0	2	137	134526	134391	1.58e-60	246	1439916	N/A
72_8_2451_22825_22670/1	gi|2701784733|gb|OR911481.1|	99.265	136	1	0	2	137	97604	97739	1.58e-60	246	39414	N/A
72_8_2451_22825_22670/1	gi|2701784733|gb|OR911481.1|	99.265	136	1	0	2	137	134514	134379	1.58e-60	246	39414	N/A
72_8_2451_22825_22670/1	gi|2724827759|ref|NC_088472.1|	99.265	136	1	0	2	137	97776	97911	1.58e-60	246	2675945	N/A
72_8_2451_22825_22670/1	gi|2724827759|ref|NC_088472.1|	99.265	136	1	0	2	137	134539	134404	1.58e-60	246	2675945	N/A
72_8_2451_22825_22670/1	gi|2724827388|ref|NC_088468.1|	99.265	136	1	0	2	137	97463	97598	1.58e-60	246	197803	N/A
72_8_2451_22825_22670/1	gi|2724827388|ref|NC_088468.1|	99.265	136	1	0	2	137	134194	134059	1.58e-60	246	197803	N/A
72_8_1414_49294_1224/1	gi|2927228670|emb|OZ240919.1|	84.328	134	21	0	3	136	39407420	39407553	4.63e-26	132	74693	N/A
72_8_1414_49294_1224/1	gi|2927227909|emb|OZ240915.1|	84.328	134	21	0	3	136	47952428	47952561	4.63e-26	132	74693	N/A
72_8_1414_49294_1224/1	gi|2755857397|emb|OZ078800.1|	84.874	119	18	0	3	121	3284025	3284143	1.00e-22	121	164258	N/A
72_8_1414_49294_1224/1	gi|3017445469|emb|OZ273742.1|	86.538	104	14	0	6	109	20587238	20587341	4.66e-21	115	254780	N/A
72_8_1414_49294_1224/1	gi|3017444467|emb|OZ273739.1|	85.455	110	16	0	9	118	9982388	9982279	4.66e-21	115	254780	N/A
72_8_2247_16707_4656/1	gi|2701785009|gb|OR911484.1|	98.529	136	2	0	2	137	590	455	7.37e-59	241	197809	N/A
72_8_2247_16707_4656/1	gi|2724827569|ref|NC_088470.1|	98.529	136	2	0	2	137	583	448	7.37e-59	241	2550875	N/A
72_8_2247_16707_4656/1	gi|2666688421|ref|NC_085450.1|	98.529	136	2	0	2	137	538	403	7.37e-59	241	3107745	N/A
72_8_2247_16707_4656/1	gi|2288448399|gb|ON641301.1|	98.529	136	2	0	2	137	592	457	7.37e-59	241	185001	N/A
72_8_2247_16707_4656/1	gi|2050192381|gb|MW877581.1|	98.529	136	2	0	2	137	601	466	7.37e-59	241	185001	N/A
72_8_2250_3573_20583/1	gi|2701784733|gb|OR911481.1|	100.000	136	0	0	2	137	33013	32878	3.40e-62	252	39414	N/A
72_8_2250_3573_20583/1	gi|2328376401|ref|NC_068049.1|	100.000	136	0	0	2	137	32999	32864	3.40e-62	252	39414	N/A
72_8_2250_3573_20583/1	gi|2288448399|gb|ON641301.1|	100.000	136	0	0	2	137	33215	33080	3.40e-62	252	185001	N/A
72_8_2250_3573_20583/1	gi|2050192475|gb|MW877582.1|	100.000	136	0	0	2	137	33012	32877	3.40e-62	252	39414	N/A
72_8_2250_3573_20583/1	gi|2050192381|gb|MW877581.1|	100.000	136	0	0	2	137	33141	33006	3.40e-62	252	185001	N/A
72_8_1131_3606_8256/1	gi|3048443377|emb|OZ306171.1|	100.000	136	0	0	2	137	103326	103191	3.40e-62	252	481118	N/A
72_8_1131_3606_8256/1	gi|3048443377|emb|OZ306171.1|	100.000	136	0	0	2	137	130415	130550	3.40e-62	252	481118	N/A
72_8_1131_3606_8256/1	gi|3048443334|emb|OZ306286.1|	100.000	136	0	0	2	137	66578334	66578199	3.40e-62	252	78511	N/A
72_8_1131_3606_8256/1	gi|3048264046|emb|OZ297787.1|	100.000	136	0	0	2	137	107704	107569	3.40e-62	252	55318	N/A
72_8_1131_3606_8256/1	gi|3048264046|emb|OZ297787.1|	100.000	136	0	0	2	137	136097	136232	3.40e-62	252	55318	N/A
72_8_1131_3606_8256/1	gi|3048228106|emb|OZ297184.1|	100.000	136	0	0	2	137	108404	108269	3.40e-62	252	397083	N/A
72_8_1131_3606_8256/1	gi|3048228106|emb|OZ297184.1|	100.000	136	0	0	2	137	136875	137010	3.40e-62	252	397083	N/A
72_8_1131_3606_8256/1	gi|3048195103|emb|OZ297140.1|	100.000	136	0	0	2	137	105960	105825	3.40e-62	252	59297	N/A
72_8_1131_3606_8256/1	gi|3048195103|emb|OZ297140.1|	100.000	136	0	0	2	137	132604	132739	3.40e-62	252	59297	N/A
72_8_1458_47652_6505/1	gi|2805792360|gb|PQ124709.1|	100.000	129	0	0	2	130	97766	97638	2.65e-58	239	113209	N/A
72_8_1458_47652_6505/1	gi|2805792360|gb|PQ124709.1|	100.000	129	0	0	2	130	149968	150096	2.65e-58	239	113209	N/A
72_8_1458_47652_6505/1	gi|2805792263|gb|PQ124708.1|	100.000	129	0	0	2	130	97884	97756	2.65e-58	239	197811	N/A
72_8_1458_47652_6505/1	gi|2805792263|gb|PQ124708.1|	100.000	129	0	0	2	130	150122	150250	2.65e-58	239	197811	N/A
72_8_1458_47652_6505/1	gi|2805792167|gb|PQ124707.1|	100.000	129	0	0	2	130	97884	97756	2.65e-58	239	29818	N/A
72_8_1458_47652_6505/1	gi|2805792167|gb|PQ124707.1|	100.000	129	0	0	2	130	150122	150250	2.65e-58	239	29818	N/A
72_8_1458_47652_6505/1	gi|2805792070|gb|PQ124706.1|	100.000	129	0	0	2	130	97909	97781	2.65e-58	239	197796	N/A
72_8_1458_47652_6505/1	gi|2805792070|gb|PQ124706.1|	100.000	129	0	0	2	130	150056	150184	2.65e-58	239	197796	N/A
72_8_1458_47652_6505/1	gi|2724828596|ref|NC_088481.1|	100.000	129	0	0	2	130	97750	97622	2.65e-58	239	113209	N/A
72_8_1458_47652_6505/1	gi|2724828596|ref|NC_088481.1|	100.000	129	0	0	2	130	149957	150085	2.65e-58	239	113209	N/A
72_8_1409_30626_1995/1	gi|2701785471|gb|OR911489.1|	100.000	136	0	0	2	137	1006	871	3.40e-62	252	185002	N/A
72_8_1409_30626_1995/1	gi|2701784733|gb|OR911481.1|	100.000	136	0	0	2	137	950	815	3.40e-62	252	39414	N/A
72_8_1409_30626_1995/1	gi|2288448399|gb|ON641301.1|	100.000	136	0	0	2	137	961	826	3.40e-62	252	185001	N/A
72_8_1409_30626_1995/1	gi|2050192570|gb|MW877583.1|	100.000	136	0	0	2	137	1007	872	3.40e-62	252	185002	N/A
72_8_1409_30626_1995/1	gi|2050192475|gb|MW877582.1|	100.000	136	0	0	2	137	950	815	3.40e-62	252	39414	N/A
72_8_1448_51002_8382/1	gi|2724827940|ref|NC_088474.1|	100.000	136	0	0	2	137	16137	16272	3.40e-62	252	1439916	N/A
72_8_1448_51002_8382/1	gi|2701784733|gb|OR911481.1|	100.000	136	0	0	2	137	15917	16052	3.40e-62	252	39414	N/A
72_8_1448_51002_8382/1	gi|2724827759|ref|NC_088472.1|	100.000	136	0	0	2	137	16113	16248	3.40e-62	252	2675945	N/A
72_8_1448_51002_8382/1	gi|2724826836|ref|NC_088462.1|	100.000	136	0	0	2	137	16029	16164	3.40e-62	252	197793	N/A
72_8_1448_51002_8382/1	gi|2328376401|ref|NC_068049.1|	100.000	136	0	0	2	137	15908	16043	3.40e-62	252	39414	N/A
72_8_1256_40984_24351/1	gi|3048443377|emb|OZ306171.1|	100.000	136	0	0	2	137	103326	103191	3.40e-62	252	481118	N/A
72_8_1256_40984_24351/1	gi|3048443377|emb|OZ306171.1|	100.000	136	0	0	2	137	130415	130550	3.40e-62	252	481118	N/A
72_8_1256_40984_24351/1	gi|3048443334|emb|OZ306286.1|	100.000	136	0	0	2	137	66578334	66578199	3.40e-62	252	78511	N/A
72_8_1256_40984_24351/1	gi|3048264046|emb|OZ297787.1|	100.000	136	0	0	2	137	107704	107569	3.40e-62	252	55318	N/A
72_8_1256_40984_24351/1	gi|3048264046|emb|OZ297787.1|	100.000	136	0	0	2	137	136097	136232	3.40e-62	252	55318	N/A
72_8_1256_40984_24351/1	gi|3048228106|emb|OZ297184.1|	100.000	136	0	0	2	137	108404	108269	3.40e-62	252	397083	N/A
72_8_1256_40984_24351/1	gi|3048228106|emb|OZ297184.1|	100.000	136	0	0	2	137	136875	137010	3.40e-62	252	397083	N/A
72_8_1256_40984_24351/1	gi|3048195103|emb|OZ297140.1|	100.000	136	0	0	2	137	105960	105825	3.40e-62	252	59297	N/A
72_8_1256_40984_24351/1	gi|3048195103|emb|OZ297140.1|	100.000	136	0	0	2	137	132604	132739	3.40e-62	252	59297	N/A
72_8_1259_21328_24757/1	gi|2805792360|gb|PQ124709.1|	100.000	130	0	0	2	131	97766	97637	7.37e-59	241	113209	N/A
72_8_1259_21328_24757/1	gi|2805792360|gb|PQ124709.1|	100.000	130	0	0	2	131	149968	150097	7.37e-59	241	113209	N/A
72_8_1259_21328_24757/1	gi|2805792263|gb|PQ124708.1|	100.000	130	0	0	2	131	97884	97755	7.37e-59	241	197811	N/A
72_8_1259_21328_24757/1	gi|2805792263|gb|PQ124708.1|	100.000	130	0	0	2	131	150122	150251	7.37e-59	241	197811	N/A
72_8_1259_21328_24757/1	gi|2805792167|gb|PQ124707.1|	100.000	130	0	0	2	131	97884	97755	7.37e-59	241	29818	N/A
72_8_1259_21328_24757/1	gi|2805792167|gb|PQ124707.1|	100.000	130	0	0	2	131	150122	150251	7.37e-59	241	29818	N/A
72_8_1259_21328_24757/1	gi|2805792070|gb|PQ124706.1|	100.000	130	0	0	2	131	97909	97780	7.37e-59	241	197796	N/A
72_8_1259_21328_24757/1	gi|2805792070|gb|PQ124706.1|	100.000	130	0	0	2	131	150056	150185	7.37e-59	241	197796	N/A
72_8_1259_21328_24757/1	gi|2724828596|ref|NC_088481.1|	100.000	130	0	0	2	131	97750	97621	7.37e-59	241	113209	N/A
72_8_1259_21328_24757/1	gi|2724828596|ref|NC_088481.1|	100.000	130	0	0	2	131	149957	150086	7.37e-59	241	113209	N/A
72_8_2188_8963_12767/1	gi|685042162|emb|LN590687.1|	100.000	34	0	0	104	137	8068427	8068460	1.71e-05	63.9	7962	N/A
72_8_2188_8963_12767/1	gi|685042162|emb|LN590687.1|	97.143	35	0	1	104	137	6550503	6550537	7.96e-04	58.4	7962	N/A
72_8_2188_8963_12767/1	gi|685042162|emb|LN590687.1|	100.000	30	0	0	108	137	10908042	10908013	0.003	56.5	7962	N/A
72_8_2188_8963_12767/1	gi|685042162|emb|LN590687.1|	100.000	30	0	0	108	137	13500794	13500765	0.003	56.5	7962	N/A
72_8_2188_8963_12767/1	gi|685042162|emb|LN590687.1|	100.000	30	0	0	108	137	15036898	15036927	0.003	56.5	7962	N/A
72_8_2188_8963_12767/1	gi|685042161|emb|LN590686.1|	97.368	38	0	1	100	137	20813823	20813859	1.71e-05	63.9	7962	N/A
72_8_2188_8963_12767/1	gi|685042161|emb|LN590686.1|	100.000	32	0	0	106	137	6380192	6380223	2.21e-04	60.2	7962	N/A
72_8_2188_8963_12767/1	gi|685042161|emb|LN590686.1|	100.000	30	0	0	108	137	4545831	4545860	0.003	56.5	7962	N/A
72_8_2188_8963_12767/1	gi|685042161|emb|LN590686.1|	100.000	30	0	0	108	137	12304839	12304810	0.003	56.5	7962	N/A
72_8_2188_8963_12767/1	gi|685042161|emb|LN590686.1|	100.000	30	0	0	108	137	17091846	17091875	0.003	56.5	7962	N/A
72_8_2188_8963_12767/1	gi|685042161|emb|LN590686.1|	100.000	30	0	0	108	137	28125760	28125789	0.003	56.5	7962	N/A
72_8_2188_8963_12767/1	gi|2957931649|dbj|AP038992.1|	100.000	33	0	0	105	137	3353446	3353414	6.15e-05	62.1	84557	N/A
72_8_2188_8963_12767/1	gi|2676815380|gb|CP144850.1|	100.000	33	0	0	105	137	129814	129846	6.15e-05	62.1	2608262	N/A
72_8_2188_8963_12767/1	gi|2488167516|emb|OC981260.1|	100.000	33	0	0	105	137	56	24	6.15e-05	62.1	77745	N/A
72_8_1469_41437_3788/1	gi|2805792360|gb|PQ124709.1|	100.000	129	0	0	2	130	97766	97638	2.65e-58	239	113209	N/A
72_8_1469_41437_3788/1	gi|2805792360|gb|PQ124709.1|	100.000	129	0	0	2	130	149968	150096	2.65e-58	239	113209	N/A
72_8_1469_41437_3788/1	gi|2805792263|gb|PQ124708.1|	100.000	129	0	0	2	130	97884	97756	2.65e-58	239	197811	N/A
72_8_1469_41437_3788/1	gi|2805792263|gb|PQ124708.1|	100.000	129	0	0	2	130	150122	150250	2.65e-58	239	197811	N/A
72_8_1469_41437_3788/1	gi|2805792167|gb|PQ124707.1|	100.000	129	0	0	2	130	97884	97756	2.65e-58	239	29818	N/A
72_8_1469_41437_3788/1	gi|2805792167|gb|PQ124707.1|	100.000	129	0	0	2	130	150122	150250	2.65e-58	239	29818	N/A
72_8_1469_41437_3788/1	gi|2805792070|gb|PQ124706.1|	100.000	129	0	0	2	130	97909	97781	2.65e-58	239	197796	N/A
72_8_1469_41437_3788/1	gi|2805792070|gb|PQ124706.1|	100.000	129	0	0	2	130	150056	150184	2.65e-58	239	197796	N/A
72_8_1469_41437_3788/1	gi|2724828596|ref|NC_088481.1|	100.000	129	0	0	2	130	97750	97622	2.65e-58	239	113209	N/A
72_8_1469_41437_3788/1	gi|2724828596|ref|NC_088481.1|	100.000	129	0	0	2	130	149957	150085	2.65e-58	239	113209	N/A
72_8_2358_45321_13873/1	gi|3045267147|gb|PX049138.1|	100.000	136	0	0	2	137	104034	103899	3.40e-62	252	3454936	N/A
72_8_2358_45321_13873/1	gi|3045267147|gb|PX049138.1|	100.000	136	0	0	2	137	131400	131535	3.40e-62	252	3454936	N/A
72_8_2358_45321_13873/1	gi|3045267060|gb|PX049137.1|	100.000	136	0	0	2	137	104024	103889	3.40e-62	252	165317	N/A
72_8_2358_45321_13873/1	gi|3045267060|gb|PX049137.1|	100.000	136	0	0	2	137	131393	131528	3.40e-62	252	165317	N/A
72_8_2358_45321_13873/1	gi|3032662704|gb|PQ231107.1|	100.000	136	0	0	2	137	104286	104151	3.40e-62	252	572118	N/A
72_8_2358_45321_13873/1	gi|3032662704|gb|PQ231107.1|	100.000	136	0	0	2	137	131206	131341	3.40e-62	252	572118	N/A
72_8_2358_45321_13873/1	gi|3032662616|gb|PQ231106.1|	100.000	136	0	0	2	137	103803	103668	3.40e-62	252	694377	N/A
72_8_2358_45321_13873/1	gi|3032662616|gb|PQ231106.1|	100.000	136	0	0	2	137	130700	130835	3.40e-62	252	694377	N/A
72_8_2358_45321_13873/1	gi|3032662528|gb|PQ231105.1|	100.000	136	0	0	2	137	103821	103686	3.40e-62	252	694377	N/A
72_8_2358_45321_13873/1	gi|3032662528|gb|PQ231105.1|	100.000	136	0	0	2	137	130716	130851	3.40e-62	252	694377	N/A
72_8_2457_33968_10889/1	gi|3045267147|gb|PX049138.1|	100.000	136	0	0	2	137	104034	103899	3.40e-62	252	3454936	N/A
72_8_2457_33968_10889/1	gi|3045267147|gb|PX049138.1|	100.000	136	0	0	2	137	131400	131535	3.40e-62	252	3454936	N/A
72_8_2457_33968_10889/1	gi|3045267060|gb|PX049137.1|	100.000	136	0	0	2	137	104024	103889	3.40e-62	252	165317	N/A
72_8_2457_33968_10889/1	gi|3045267060|gb|PX049137.1|	100.000	136	0	0	2	137	131393	131528	3.40e-62	252	165317	N/A
72_8_2457_33968_10889/1	gi|3032662704|gb|PQ231107.1|	100.000	136	0	0	2	137	104286	104151	3.40e-62	252	572118	N/A
72_8_2457_33968_10889/1	gi|3032662704|gb|PQ231107.1|	100.000	136	0	0	2	137	131206	131341	3.40e-62	252	572118	N/A
72_8_2457_33968_10889/1	gi|3032662616|gb|PQ231106.1|	100.000	136	0	0	2	137	103803	103668	3.40e-62	252	694377	N/A
72_8_2457_33968_10889/1	gi|3032662616|gb|PQ231106.1|	100.000	136	0	0	2	137	130700	130835	3.40e-62	252	694377	N/A
72_8_2457_33968_10889/1	gi|3032662528|gb|PQ231105.1|	100.000	136	0	0	2	137	103821	103686	3.40e-62	252	694377	N/A
72_8_2457_33968_10889/1	gi|3032662528|gb|PQ231105.1|	100.000	136	0	0	2	137	130716	130851	3.40e-62	252	694377	N/A
72_8_2366_12798_13915/1	gi|315259999|gb|CP002385.1|	100.000	136	0	0	2	137	4122801	4122666	3.40e-62	252	278137	N/A
72_8_2366_12798_13915/1	gi|145213092|gb|CP000656.1|	96.330	109	4	0	2	110	4867100	4866992	1.63e-40	180	350054	N/A
72_8_1151_3679_27181/1	gi|2805792360|gb|PQ124709.1|	100.000	60	0	0	2	61	12991	12932	6.03e-20	111	113209	N/A
72_8_1151_3679_27181/1	gi|2805792263|gb|PQ124708.1|	100.000	60	0	0	2	61	12990	12931	6.03e-20	111	197811	N/A
72_8_1151_3679_27181/1	gi|2805792167|gb|PQ124707.1|	100.000	60	0	0	2	61	12990	12931	6.03e-20	111	29818	N/A
72_8_1151_3679_27181/1	gi|2805792070|gb|PQ124706.1|	100.000	60	0	0	2	61	13030	12971	6.03e-20	111	197796	N/A
72_8_1151_3679_27181/1	gi|2724828596|ref|NC_088481.1|	100.000	60	0	0	2	61	12996	12937	6.03e-20	111	113209	N/A
72_8_1455_14692_18538/1	gi|2482692463|gb|CP119106.1|	91.892	74	6	0	3	76	957033	956960	1.01e-17	104	3024246	N/A
72_8_1455_14692_18538/1	gi|3001352564|gb|CP192130.1|	86.486	74	8	2	3	75	1142798	1142726	1.70e-10	80.5	3240016	N/A
72_8_1455_14692_18538/1	gi|2446552965|gb|CP118100.1|	83.333	72	6	4	4	72	1091532	1091464	6.15e-05	62.1	57043	N/A
72_8_1455_14692_18538/1	gi|2567904408|gb|CP133018.1|	76.000	125	22	7	5	125	1297452	1297332	7.96e-04	58.4	3388266	N/A
72_8_1455_14692_18538/1	gi|2955157154|gb|CP063379.1|	81.944	72	7	4	4	72	1450843	1450775	0.003	56.5	57043	N/A
72_8_2284_11059_13425/1	gi|2653066767|gb|CP108370.1|	100.000	28	0	0	41	68	6815396	6815369	0.037	52.8	2903828	N/A
72_8_1450_47118_6141/1	gi|2813171436|gb|PQ325515.1|	100.000	136	0	0	2	137	100259	100124	3.40e-62	252	254027	N/A
72_8_1450_47118_6141/1	gi|2813171436|gb|PQ325515.1|	100.000	136	0	0	2	137	137179	137314	3.40e-62	252	254027	N/A
72_8_1450_47118_6141/1	gi|2805792360|gb|PQ124709.1|	100.000	136	0	0	2	137	99842	99977	3.40e-62	252	113209	N/A
72_8_1450_47118_6141/1	gi|2805792360|gb|PQ124709.1|	100.000	136	0	0	2	137	147892	147757	3.40e-62	252	113209	N/A
72_8_1450_47118_6141/1	gi|2805792263|gb|PQ124708.1|	100.000	136	0	0	2	137	99959	100094	3.40e-62	252	197811	N/A
72_8_1450_47118_6141/1	gi|2805792263|gb|PQ124708.1|	100.000	136	0	0	2	137	148047	147912	3.40e-62	252	197811	N/A
72_8_1450_47118_6141/1	gi|2805792167|gb|PQ124707.1|	100.000	136	0	0	2	137	99959	100094	3.40e-62	252	29818	N/A
72_8_1450_47118_6141/1	gi|2805792167|gb|PQ124707.1|	100.000	136	0	0	2	137	148047	147912	3.40e-62	252	29818	N/A
72_8_1450_47118_6141/1	gi|2805792070|gb|PQ124706.1|	100.000	136	0	0	2	137	99985	100120	3.40e-62	252	197796	N/A
72_8_1450_47118_6141/1	gi|2805792070|gb|PQ124706.1|	100.000	136	0	0	2	137	147980	147845	3.40e-62	252	197796	N/A
72_8_2152_38119_3479/1	gi|761896199|gb|CP010836.1|	91.304	69	6	0	44	112	555107	555175	6.07e-15	95.3	1609977	N/A
72_8_2462_14474_2751/1	gi|2701784733|gb|OR911481.1|	100.000	136	0	0	2	137	33013	32878	3.40e-62	252	39414	N/A
72_8_2462_14474_2751/1	gi|2328376401|ref|NC_068049.1|	100.000	136	0	0	2	137	32999	32864	3.40e-62	252	39414	N/A
72_8_2462_14474_2751/1	gi|2288448399|gb|ON641301.1|	100.000	136	0	0	2	137	33215	33080	3.40e-62	252	185001	N/A
72_8_2462_14474_2751/1	gi|2050192475|gb|MW877582.1|	100.000	136	0	0	2	137	33012	32877	3.40e-62	252	39414	N/A
72_8_2462_14474_2751/1	gi|2050192381|gb|MW877581.1|	100.000	136	0	0	2	137	33141	33006	3.40e-62	252	185001	N/A
72_8_2146_28101_6281/1	gi|2969353213|gb|CP189573.1|	89.744	117	12	0	2	118	1813953	1813837	1.28e-31	150	3405425	N/A
72_8_2146_28101_6281/1	gi|2874253874|emb|OY969929.1|	89.831	118	10	2	2	118	2470002	2470118	1.28e-31	150	3039803	N/A
72_8_2146_28101_6281/1	gi|2689060381|gb|CP145809.1|	87.826	115	10	2	6	118	3001224	3001336	4.63e-26	132	3120520	N/A
72_8_2146_28101_6281/1	gi|2923326965|gb|CP180204.1|	86.441	118	14	2	2	118	2668529	2668413	5.98e-25	128	1497974	N/A
72_8_2146_28101_6281/1	gi|1085781053|emb|LT629739.1|	86.154	65	9	0	2	66	96907	96971	1.02e-07	71.3	629680	N/A
72_8_2291_42667_3255/1	gi|2557643774|emb|OY673254.1|	95.652	46	2	0	90	135	21732	21777	7.91e-09	75.0	2697049	N/A
72_8_2291_42667_3255/1	gi|2463378371|dbj|AP027461.1|	95.652	46	2	0	90	135	1299632	1299677	7.91e-09	75.0	511145	N/A
72_8_2291_42667_3255/1	gi|2463378371|dbj|AP027461.1|	95.652	46	2	0	90	135	1628404	1628359	7.91e-09	75.0	511145	N/A
72_8_2291_42667_3255/1	gi|685042524|emb|LN591049.1|	95.745	47	0	2	85	129	341738	341692	7.91e-09	75.0	7962	N/A
72_8_2291_42667_3255/1	gi|2560502367|emb|OY629453.1|	100.000	38	0	0	88	125	5916	5953	1.02e-07	71.3	2697049	N/A
72_8_2291_42667_3255/1	gi|2155043183|emb|OV015804.1|	100.000	38	0	0	89	126	29948	29911	1.02e-07	71.3	2697049	N/A
72_8_2167_8938_22110/1	gi|2701785009|gb|OR911484.1|	100.000	136	0	0	2	137	590	455	3.40e-62	252	197809	N/A
72_8_2167_8938_22110/1	gi|2724827569|ref|NC_088470.1|	100.000	136	0	0	2	137	583	448	3.40e-62	252	2550875	N/A
72_8_2167_8938_22110/1	gi|2666688421|ref|NC_085450.1|	100.000	136	0	0	2	137	538	403	3.40e-62	252	3107745	N/A
72_8_2167_8938_22110/1	gi|2288448399|gb|ON641301.1|	100.000	136	0	0	2	137	592	457	3.40e-62	252	185001	N/A
72_8_2167_8938_22110/1	gi|2050192381|gb|MW877581.1|	100.000	136	0	0	2	137	601	466	3.40e-62	252	185001	N/A
72_8_1136_34089_22894/1	gi|2701784733|gb|OR911481.1|	100.000	136	0	0	2	137	33013	32878	3.40e-62	252	39414	N/A
72_8_1136_34089_22894/1	gi|2328376401|ref|NC_068049.1|	100.000	136	0	0	2	137	32999	32864	3.40e-62	252	39414	N/A
72_8_1136_34089_22894/1	gi|2288448399|gb|ON641301.1|	100.000	136	0	0	2	137	33215	33080	3.40e-62	252	185001	N/A
72_8_1136_34089_22894/1	gi|2050192475|gb|MW877582.1|	100.000	136	0	0	2	137	33012	32877	3.40e-62	252	39414	N/A
72_8_1136_34089_22894/1	gi|2050192381|gb|MW877581.1|	100.000	136	0	0	2	137	33141	33006	3.40e-62	252	185001	N/A
72_8_1116_23666_5777/1	gi|2523335081|emb|OX940736.1|	93.333	45	3	0	84	128	2772118	2772074	1.32e-06	67.6	1053395	N/A
72_8_1116_23666_5777/1	gi|2523335075|emb|OX940730.1|	93.333	45	3	0	84	128	16041994	16042038	1.32e-06	67.6	1053395	N/A
72_8_1116_23666_5777/1	gi|2523335075|emb|OX940730.1|	91.111	45	4	0	84	128	9623457	9623501	6.15e-05	62.1	1053395	N/A
72_8_1116_23666_5777/1	gi|2306609160|emb|OX335784.1|	93.182	44	3	0	85	128	12847847	12847804	4.76e-06	65.8	53169	N/A
72_8_1116_23666_5777/1	gi|2523335077|emb|OX940732.1|	91.111	45	4	0	84	128	8320116	8320072	6.15e-05	62.1	1053395	N/A
72_8_1116_23666_5777/1	gi|2306609503|emb|OX335786.1|	91.111	45	4	0	84	128	8493185	8493229	6.15e-05	62.1	53169	N/A
72_8_1201_9278_26760/1	gi|2957929922|dbj|AP038990.1|	100.000	31	0	0	107	137	4785020	4784990	7.96e-04	58.4	84557	N/A
72_8_1201_9278_26760/1	gi|2560237277|emb|OY717030.1|	97.143	35	0	1	104	137	20520	20554	7.96e-04	58.4	2697049	N/A
72_8_1201_9278_26760/1	gi|2557389714|emb|OY652490.1|	97.143	35	0	1	104	137	20438	20472	7.96e-04	58.4	2697049	N/A
72_8_1201_9278_26760/1	gi|685042193|emb|LN590718.1|	100.000	31	0	0	107	137	22898652	22898622	7.96e-04	58.4	7962	N/A
72_8_1201_9278_26760/1	gi|685042193|emb|LN590718.1|	100.000	30	0	0	108	137	2094806	2094777	0.003	56.5	7962	N/A
72_8_1201_9278_26760/1	gi|685042193|emb|LN590718.1|	100.000	28	0	0	110	137	21230048	21230075	0.037	52.8	7962	N/A
72_8_1201_9278_26760/1	gi|2560517737|emb|OY702837.1|	100.000	30	0	0	108	137	22456	22485	0.003	56.5	2697049	N/A
72_8_1260_33353_12094/1	gi|2701784733|gb|OR911481.1|	100.000	136	0	0	2	137	33013	32878	3.40e-62	252	39414	N/A
72_8_1260_33353_12094/1	gi|2328376401|ref|NC_068049.1|	100.000	136	0	0	2	137	32999	32864	3.40e-62	252	39414	N/A
72_8_1260_33353_12094/1	gi|2288448399|gb|ON641301.1|	100.000	136	0	0	2	137	33215	33080	3.40e-62	252	185001	N/A
72_8_1260_33353_12094/1	gi|2050192475|gb|MW877582.1|	100.000	136	0	0	2	137	33012	32877	3.40e-62	252	39414	N/A
72_8_1260_33353_12094/1	gi|2050192381|gb|MW877581.1|	100.000	136	0	0	2	137	33141	33006	3.40e-62	252	185001	N/A
72_8_1325_20964_23763/1	gi|2701784733|gb|OR911481.1|	100.000	136	0	0	2	137	33013	32878	3.40e-62	252	39414	N/A
72_8_1325_20964_23763/1	gi|2328376401|ref|NC_068049.1|	100.000	136	0	0	2	137	32999	32864	3.40e-62	252	39414	N/A
72_8_1325_20964_23763/1	gi|2288448399|gb|ON641301.1|	100.000	136	0	0	2	137	33215	33080	3.40e-62	252	185001	N/A
72_8_1325_20964_23763/1	gi|2050192475|gb|MW877582.1|	100.000	136	0	0	2	137	33012	32877	3.40e-62	252	39414	N/A
72_8_1325_20964_23763/1	gi|2050192381|gb|MW877581.1|	100.000	136	0	0	2	137	33141	33006	3.40e-62	252	185001	N/A
72_8_2204_24176_27895/1	gi|2805792360|gb|PQ124709.1|	100.000	60	0	0	2	61	12991	12932	6.03e-20	111	113209	N/A
72_8_2204_24176_27895/1	gi|2805792263|gb|PQ124708.1|	100.000	60	0	0	2	61	12990	12931	6.03e-20	111	197811	N/A
72_8_2204_24176_27895/1	gi|2805792167|gb|PQ124707.1|	100.000	60	0	0	2	61	12990	12931	6.03e-20	111	29818	N/A
72_8_2204_24176_27895/1	gi|2805792070|gb|PQ124706.1|	100.000	60	0	0	2	61	13030	12971	6.03e-20	111	197796	N/A
72_8_2204_24176_27895/1	gi|2724828596|ref|NC_088481.1|	100.000	60	0	0	2	61	12996	12937	6.03e-20	111	113209	N/A
72_8_1436_33992_16002/1	gi|2830983252|gb|CP170844.1|	90.110	91	7	1	49	137	4083423	4083333	1.30e-21	117	573	N/A
72_8_1436_33992_16002/1	gi|2978724457|gb|PV611058.1|	86.022	93	9	3	48	137	295320	295411	1.69e-15	97.1	3421660	N/A
72_8_1436_33992_16002/1	gi|2978724457|gb|PV611058.1|	91.803	61	1	3	48	105	295783	295842	4.72e-11	82.4	3421660	N/A
72_8_1436_33992_16002/1	gi|2557643774|emb|OY673254.1|	95.652	46	2	0	49	94	21732	21777	7.91e-09	75.0	2697049	N/A
72_8_1436_33992_16002/1	gi|2463378371|dbj|AP027461.1|	95.652	46	2	0	49	94	1299632	1299677	7.91e-09	75.0	511145	N/A
72_8_1436_33992_16002/1	gi|2463378371|dbj|AP027461.1|	95.652	46	2	0	49	94	1628404	1628359	7.91e-09	75.0	511145	N/A
72_8_1436_33992_16002/1	gi|2557638192|emb|OY694677.1|	93.878	49	1	2	47	94	4299	4346	2.84e-08	73.1	2697049	N/A
72_8_1190_13964_9209/1	gi|3045267147|gb|PX049138.1|	100.000	136	0	0	2	137	104034	103899	3.40e-62	252	3454936	N/A
72_8_1190_13964_9209/1	gi|3045267147|gb|PX049138.1|	100.000	136	0	0	2	137	131400	131535	3.40e-62	252	3454936	N/A
72_8_1190_13964_9209/1	gi|3045267060|gb|PX049137.1|	100.000	136	0	0	2	137	104024	103889	3.40e-62	252	165317	N/A
72_8_1190_13964_9209/1	gi|3045267060|gb|PX049137.1|	100.000	136	0	0	2	137	131393	131528	3.40e-62	252	165317	N/A
72_8_1190_13964_9209/1	gi|3032662704|gb|PQ231107.1|	100.000	136	0	0	2	137	104286	104151	3.40e-62	252	572118	N/A
72_8_1190_13964_9209/1	gi|3032662704|gb|PQ231107.1|	100.000	136	0	0	2	137	131206	131341	3.40e-62	252	572118	N/A
72_8_1190_13964_9209/1	gi|3032662616|gb|PQ231106.1|	100.000	136	0	0	2	137	103803	103668	3.40e-62	252	694377	N/A
72_8_1190_13964_9209/1	gi|3032662616|gb|PQ231106.1|	100.000	136	0	0	2	137	130700	130835	3.40e-62	252	694377	N/A
72_8_1190_13964_9209/1	gi|3032662528|gb|PQ231105.1|	100.000	136	0	0	2	137	103821	103686	3.40e-62	252	694377	N/A
72_8_1190_13964_9209/1	gi|3032662528|gb|PQ231105.1|	100.000	136	0	0	2	137	130716	130851	3.40e-62	252	694377	N/A
72_8_1211_5289_12514/1	gi|3045811490|gb|PX133153.1|	100.000	136	0	0	2	137	61802	61937	3.40e-62	252	691774	N/A
72_8_1211_5289_12514/1	gi|3045811376|gb|PX133145.1|	100.000	136	0	0	2	137	51472	51337	3.40e-62	252	41911	N/A
72_8_1211_5289_12514/1	gi|3045267147|gb|PX049138.1|	100.000	136	0	0	2	137	83614	83749	3.40e-62	252	3454936	N/A
72_8_1211_5289_12514/1	gi|3045267147|gb|PX049138.1|	100.000	136	0	0	2	137	151820	151685	3.40e-62	252	3454936	N/A
72_8_1211_5289_12514/1	gi|3045267060|gb|PX049137.1|	100.000	136	0	0	2	137	83610	83745	3.40e-62	252	165317	N/A
72_8_1211_5289_12514/1	gi|3045267060|gb|PX049137.1|	100.000	136	0	0	2	137	151807	151672	3.40e-62	252	165317	N/A
72_8_1211_5289_12514/1	gi|3032662616|gb|PQ231106.1|	100.000	136	0	0	2	137	83270	83405	3.40e-62	252	694377	N/A
72_8_1211_5289_12514/1	gi|3032662616|gb|PQ231106.1|	100.000	136	0	0	2	137	151233	151098	3.40e-62	252	694377	N/A
72_8_1192_46389_5581/1	gi|3048443377|emb|OZ306171.1|	100.000	136	0	0	2	137	103326	103191	3.40e-62	252	481118	N/A
72_8_1192_46389_5581/1	gi|3048443377|emb|OZ306171.1|	100.000	136	0	0	2	137	130415	130550	3.40e-62	252	481118	N/A
72_8_1192_46389_5581/1	gi|3048443334|emb|OZ306286.1|	100.000	136	0	0	2	137	66578334	66578199	3.40e-62	252	78511	N/A
72_8_1192_46389_5581/1	gi|3048264046|emb|OZ297787.1|	100.000	136	0	0	2	137	107704	107569	3.40e-62	252	55318	N/A
72_8_1192_46389_5581/1	gi|3048264046|emb|OZ297787.1|	100.000	136	0	0	2	137	136097	136232	3.40e-62	252	55318	N/A
72_8_1192_46389_5581/1	gi|3048228106|emb|OZ297184.1|	100.000	136	0	0	2	137	108404	108269	3.40e-62	252	397083	N/A
72_8_1192_46389_5581/1	gi|3048228106|emb|OZ297184.1|	100.000	136	0	0	2	137	136875	137010	3.40e-62	252	397083	N/A
72_8_1192_46389_5581/1	gi|3048195103|emb|OZ297140.1|	100.000	136	0	0	2	137	105960	105825	3.40e-62	252	59297	N/A
72_8_1192_46389_5581/1	gi|3048195103|emb|OZ297140.1|	100.000	136	0	0	2	137	132604	132739	3.40e-62	252	59297	N/A
72_8_1398_11439_14756/1	gi|3048443377|emb|OZ306171.1|	99.265	136	1	0	2	137	103326	103191	1.58e-60	246	481118	N/A
72_8_1398_11439_14756/1	gi|3048443377|emb|OZ306171.1|	99.265	136	1	0	2	137	130415	130550	1.58e-60	246	481118	N/A
72_8_1398_11439_14756/1	gi|3048443334|emb|OZ306286.1|	99.265	136	1	0	2	137	66578334	66578199	1.58e-60	246	78511	N/A
72_8_1398_11439_14756/1	gi|3048264046|emb|OZ297787.1|	99.265	136	1	0	2	137	107704	107569	1.58e-60	246	55318	N/A
72_8_1398_11439_14756/1	gi|3048264046|emb|OZ297787.1|	99.265	136	1	0	2	137	136097	136232	1.58e-60	246	55318	N/A
72_8_1398_11439_14756/1	gi|3048228106|emb|OZ297184.1|	99.265	136	1	0	2	137	108404	108269	1.58e-60	246	397083	N/A
72_8_1398_11439_14756/1	gi|3048228106|emb|OZ297184.1|	99.265	136	1	0	2	137	136875	137010	1.58e-60	246	397083	N/A
72_8_1398_11439_14756/1	gi|3048195103|emb|OZ297140.1|	99.265	136	1	0	2	137	105960	105825	1.58e-60	246	59297	N/A
72_8_1398_11439_14756/1	gi|3048195103|emb|OZ297140.1|	99.265	136	1	0	2	137	132604	132739	1.58e-60	246	59297	N/A
72_8_2350_5758_18146/1	gi|3045267147|gb|PX049138.1|	100.000	136	0	0	2	137	104034	103899	3.40e-62	252	3454936	N/A
72_8_2350_5758_18146/1	gi|3045267147|gb|PX049138.1|	100.000	136	0	0	2	137	131400	131535	3.40e-62	252	3454936	N/A
72_8_2350_5758_18146/1	gi|3045267060|gb|PX049137.1|	100.000	136	0	0	2	137	104024	103889	3.40e-62	252	165317	N/A
72_8_2350_5758_18146/1	gi|3045267060|gb|PX049137.1|	100.000	136	0	0	2	137	131393	131528	3.40e-62	252	165317	N/A
72_8_2350_5758_18146/1	gi|3032662704|gb|PQ231107.1|	100.000	136	0	0	2	137	104286	104151	3.40e-62	252	572118	N/A
72_8_2350_5758_18146/1	gi|3032662704|gb|PQ231107.1|	100.000	136	0	0	2	137	131206	131341	3.40e-62	252	572118	N/A
72_8_2350_5758_18146/1	gi|3032662616|gb|PQ231106.1|	100.000	136	0	0	2	137	103803	103668	3.40e-62	252	694377	N/A
72_8_2350_5758_18146/1	gi|3032662616|gb|PQ231106.1|	100.000	136	0	0	2	137	130700	130835	3.40e-62	252	694377	N/A
72_8_2350_5758_18146/1	gi|3032662528|gb|PQ231105.1|	100.000	136	0	0	2	137	103821	103686	3.40e-62	252	694377	N/A
72_8_2350_5758_18146/1	gi|3032662528|gb|PQ231105.1|	100.000	136	0	0	2	137	130716	130851	3.40e-62	252	694377	N/A
72_8_1261_16926_25037/1	gi|3045267147|gb|PX049138.1|	100.000	136	0	0	2	137	104034	103899	3.40e-62	252	3454936	N/A
72_8_1261_16926_25037/1	gi|3045267147|gb|PX049138.1|	100.000	136	0	0	2	137	131400	131535	3.40e-62	252	3454936	N/A
72_8_1261_16926_25037/1	gi|3045267060|gb|PX049137.1|	100.000	136	0	0	2	137	104024	103889	3.40e-62	252	165317	N/A
72_8_1261_16926_25037/1	gi|3045267060|gb|PX049137.1|	100.000	136	0	0	2	137	131393	131528	3.40e-62	252	165317	N/A
72_8_1261_16926_25037/1	gi|3032662704|gb|PQ231107.1|	100.000	136	0	0	2	137	104286	104151	3.40e-62	252	572118	N/A
72_8_1261_16926_25037/1	gi|3032662704|gb|PQ231107.1|	100.000	136	0	0	2	137	131206	131341	3.40e-62	252	572118	N/A
72_8_1261_16926_25037/1	gi|3032662616|gb|PQ231106.1|	100.000	136	0	0	2	137	103803	103668	3.40e-62	252	694377	N/A
72_8_1261_16926_25037/1	gi|3032662616|gb|PQ231106.1|	100.000	136	0	0	2	137	130700	130835	3.40e-62	252	694377	N/A
72_8_1261_16926_25037/1	gi|3032662528|gb|PQ231105.1|	100.000	136	0	0	2	137	103821	103686	3.40e-62	252	694377	N/A
72_8_1261_16926_25037/1	gi|3032662528|gb|PQ231105.1|	100.000	136	0	0	2	137	130716	130851	3.40e-62	252	694377	N/A
72_8_1262_18633_12220/1	gi|2805792360|gb|PQ124709.1|	100.000	129	0	0	2	130	97766	97638	2.65e-58	239	113209	N/A
72_8_1262_18633_12220/1	gi|2805792360|gb|PQ124709.1|	100.000	129	0	0	2	130	149968	150096	2.65e-58	239	113209	N/A
72_8_1262_18633_12220/1	gi|2805792263|gb|PQ124708.1|	100.000	129	0	0	2	130	97884	97756	2.65e-58	239	197811	N/A
72_8_1262_18633_12220/1	gi|2805792263|gb|PQ124708.1|	100.000	129	0	0	2	130	150122	150250	2.65e-58	239	197811	N/A
72_8_1262_18633_12220/1	gi|2805792167|gb|PQ124707.1|	100.000	129	0	0	2	130	97884	97756	2.65e-58	239	29818	N/A
72_8_1262_18633_12220/1	gi|2805792167|gb|PQ124707.1|	100.000	129	0	0	2	130	150122	150250	2.65e-58	239	29818	N/A
72_8_1262_18633_12220/1	gi|2805792070|gb|PQ124706.1|	100.000	129	0	0	2	130	97909	97781	2.65e-58	239	197796	N/A
72_8_1262_18633_12220/1	gi|2805792070|gb|PQ124706.1|	100.000	129	0	0	2	130	150056	150184	2.65e-58	239	197796	N/A
72_8_1262_18633_12220/1	gi|2724828596|ref|NC_088481.1|	100.000	129	0	0	2	130	97750	97622	2.65e-58	239	113209	N/A
72_8_1262_18633_12220/1	gi|2724828596|ref|NC_088481.1|	100.000	129	0	0	2	130	149957	150085	2.65e-58	239	113209	N/A
72_8_2349_16723_7766/1	gi|2701784733|gb|OR911481.1|	100.000	136	0	0	2	137	33013	32878	3.40e-62	252	39414	N/A
72_8_2349_16723_7766/1	gi|2328376401|ref|NC_068049.1|	100.000	136	0	0	2	137	32999	32864	3.40e-62	252	39414	N/A
72_8_2349_16723_7766/1	gi|2288448399|gb|ON641301.1|	100.000	136	0	0	2	137	33215	33080	3.40e-62	252	185001	N/A
72_8_2349_16723_7766/1	gi|2050192475|gb|MW877582.1|	100.000	136	0	0	2	137	33012	32877	3.40e-62	252	39414	N/A
72_8_2349_16723_7766/1	gi|2050192381|gb|MW877581.1|	100.000	136	0	0	2	137	33141	33006	3.40e-62	252	185001	N/A
72_8_1244_5961_24995/1	gi|2813171436|gb|PQ325515.1|	100.000	136	0	0	2	137	100259	100124	3.40e-62	252	254027	N/A
72_8_1244_5961_24995/1	gi|2813171436|gb|PQ325515.1|	100.000	136	0	0	2	137	137179	137314	3.40e-62	252	254027	N/A
72_8_1244_5961_24995/1	gi|2805792360|gb|PQ124709.1|	100.000	136	0	0	2	137	99842	99977	3.40e-62	252	113209	N/A
72_8_1244_5961_24995/1	gi|2805792360|gb|PQ124709.1|	100.000	136	0	0	2	137	147892	147757	3.40e-62	252	113209	N/A
72_8_1244_5961_24995/1	gi|2805792263|gb|PQ124708.1|	100.000	136	0	0	2	137	99959	100094	3.40e-62	252	197811	N/A
72_8_1244_5961_24995/1	gi|2805792263|gb|PQ124708.1|	100.000	136	0	0	2	137	148047	147912	3.40e-62	252	197811	N/A
72_8_1244_5961_24995/1	gi|2805792167|gb|PQ124707.1|	100.000	136	0	0	2	137	99959	100094	3.40e-62	252	29818	N/A
72_8_1244_5961_24995/1	gi|2805792167|gb|PQ124707.1|	100.000	136	0	0	2	137	148047	147912	3.40e-62	252	29818	N/A
72_8_1244_5961_24995/1	gi|2805792070|gb|PQ124706.1|	100.000	136	0	0	2	137	99985	100120	3.40e-62	252	197796	N/A
72_8_1244_5961_24995/1	gi|2805792070|gb|PQ124706.1|	100.000	136	0	0	2	137	147980	147845	3.40e-62	252	197796	N/A
72_8_2248_3055_13859/1	gi|2973193926|emb|OZ257260.1|	80.147	136	23	3	2	135	3064386	3064253	4.69e-16	99.0	2689616	N/A
72_8_2248_3055_13859/1	gi|2288316869|gb|CP102830.1|	92.424	66	3	2	2	66	1392225	1392289	2.18e-14	93.5	1357074	N/A
72_8_2248_3055_13859/1	gi|2322424400|emb|OW818671.1|	85.294	68	8	2	3	69	2524398	2524464	3.68e-07	69.4	86027	N/A
72_8_2248_3055_13859/1	gi|2515909838|gb|CP122311.1|	100.000	30	0	0	14	43	2491954	2491983	0.003	56.5	470931	N/A
72_8_2248_3055_13859/1	gi|2108024648|gb|CP070766.1|	92.308	39	3	0	13	51	268050	268012	0.003	56.5	2053527	N/A
72_8_2274_33401_5286/1	gi|3045267147|gb|PX049138.1|	100.000	136	0	0	2	137	104034	103899	3.40e-62	252	3454936	N/A
72_8_2274_33401_5286/1	gi|3045267147|gb|PX049138.1|	100.000	136	0	0	2	137	131400	131535	3.40e-62	252	3454936	N/A
72_8_2274_33401_5286/1	gi|3045267060|gb|PX049137.1|	100.000	136	0	0	2	137	104024	103889	3.40e-62	252	165317	N/A
72_8_2274_33401_5286/1	gi|3045267060|gb|PX049137.1|	100.000	136	0	0	2	137	131393	131528	3.40e-62	252	165317	N/A
72_8_2274_33401_5286/1	gi|3032662704|gb|PQ231107.1|	100.000	136	0	0	2	137	104286	104151	3.40e-62	252	572118	N/A
72_8_2274_33401_5286/1	gi|3032662704|gb|PQ231107.1|	100.000	136	0	0	2	137	131206	131341	3.40e-62	252	572118	N/A
72_8_2274_33401_5286/1	gi|3032662616|gb|PQ231106.1|	100.000	136	0	0	2	137	103803	103668	3.40e-62	252	694377	N/A
72_8_2274_33401_5286/1	gi|3032662616|gb|PQ231106.1|	100.000	136	0	0	2	137	130700	130835	3.40e-62	252	694377	N/A
72_8_2274_33401_5286/1	gi|3032662528|gb|PQ231105.1|	100.000	136	0	0	2	137	103821	103686	3.40e-62	252	694377	N/A
72_8_2274_33401_5286/1	gi|3032662528|gb|PQ231105.1|	100.000	136	0	0	2	137	130716	130851	3.40e-62	252	694377	N/A
72_8_2188_41008_28147/1	gi|1822171716|gb|CP045119.1|	91.912	136	11	0	2	137	2617890	2618025	7.52e-44	191	2653851	N/A
72_8_2188_41008_28147/1	gi|1822167692|gb|CP045121.1|	91.176	136	12	0	2	137	1278581	1278446	3.50e-42	185	2653852	N/A
72_8_2188_41008_28147/1	gi|2076041053|gb|CP073779.1|	88.806	134	15	0	4	137	945569	945702	4.56e-36	165	266117	N/A
72_8_2188_41008_28147/1	gi|1699888567|dbj|AP019791.1|	88.060	134	16	0	4	137	1242560	1242693	2.12e-34	159	49319	N/A
72_8_2188_41008_28147/1	gi|627776062|gb|CP007514.1|	87.591	137	15	2	2	137	1891130	1891265	7.63e-34	158	42256	N/A
72_8_2322_28692_11198/1	gi|2521466362|gb|CP127251.1|	88.372	129	12	1	12	137	3207246	3207118	3.55e-32	152	3017325	N/A
72_8_2322_28692_11198/1	gi|1957986408|gb|CP068046.1|	85.385	130	16	1	11	137	2990244	2990115	4.63e-26	132	2774137	N/A
72_8_1161_40442_6995/1	gi|3045267147|gb|PX049138.1|	100.000	136	0	0	2	137	104034	103899	3.40e-62	252	3454936	N/A
72_8_1161_40442_6995/1	gi|3045267147|gb|PX049138.1|	100.000	136	0	0	2	137	131400	131535	3.40e-62	252	3454936	N/A
72_8_1161_40442_6995/1	gi|3045267060|gb|PX049137.1|	100.000	136	0	0	2	137	104024	103889	3.40e-62	252	165317	N/A
72_8_1161_40442_6995/1	gi|3045267060|gb|PX049137.1|	100.000	136	0	0	2	137	131393	131528	3.40e-62	252	165317	N/A
72_8_1161_40442_6995/1	gi|3032662704|gb|PQ231107.1|	100.000	136	0	0	2	137	104286	104151	3.40e-62	252	572118	N/A
72_8_1161_40442_6995/1	gi|3032662704|gb|PQ231107.1|	100.000	136	0	0	2	137	131206	131341	3.40e-62	252	572118	N/A
72_8_1161_40442_6995/1	gi|3032662616|gb|PQ231106.1|	100.000	136	0	0	2	137	103803	103668	3.40e-62	252	694377	N/A
72_8_1161_40442_6995/1	gi|3032662616|gb|PQ231106.1|	100.000	136	0	0	2	137	130700	130835	3.40e-62	252	694377	N/A
72_8_1161_40442_6995/1	gi|3032662528|gb|PQ231105.1|	100.000	136	0	0	2	137	103821	103686	3.40e-62	252	694377	N/A
72_8_1161_40442_6995/1	gi|3032662528|gb|PQ231105.1|	100.000	136	0	0	2	137	130716	130851	3.40e-62	252	694377	N/A
72_8_1440_32778_25864/1	gi|1678294016|gb|CP040748.1|	85.470	117	17	0	2	118	1869317	1869201	2.78e-23	122	2575440	N/A
72_8_2227_6899_4012/1	gi|2473932891|ref|NC_072975.1|	87.500	144	10	5	2	137	67384	67241	2.12e-34	159	185002	N/A
72_8_2227_6899_4012/1	gi|3045811774|gb|PX150048.1|	83.621	116	19	0	2	117	462966	462851	2.17e-19	110	223129	N/A
72_8_2227_6899_4012/1	gi|3045811753|gb|PX150046.1|	83.621	116	19	0	2	117	1228	1113	2.17e-19	110	36748	N/A
72_8_2227_6899_4012/1	gi|3045811704|gb|PX150041.1|	83.621	116	19	0	2	117	759077	758962	2.17e-19	110	223107	N/A
72_8_2227_6899_4012/1	gi|3045811626|gb|PX150025.1|	83.621	116	19	0	2	117	223800	223685	2.17e-19	110	78542	N/A
72_8_1183_47126_14447/1	gi|3048443377|emb|OZ306171.1|	100.000	136	0	0	2	137	103326	103191	3.40e-62	252	481118	N/A
72_8_1183_47126_14447/1	gi|3048443377|emb|OZ306171.1|	100.000	136	0	0	2	137	130415	130550	3.40e-62	252	481118	N/A
72_8_1183_47126_14447/1	gi|3048443334|emb|OZ306286.1|	100.000	136	0	0	2	137	66578334	66578199	3.40e-62	252	78511	N/A
72_8_1183_47126_14447/1	gi|3048264046|emb|OZ297787.1|	100.000	136	0	0	2	137	107704	107569	3.40e-62	252	55318	N/A
72_8_1183_47126_14447/1	gi|3048264046|emb|OZ297787.1|	100.000	136	0	0	2	137	136097	136232	3.40e-62	252	55318	N/A
72_8_1183_47126_14447/1	gi|3048228106|emb|OZ297184.1|	100.000	136	0	0	2	137	108404	108269	3.40e-62	252	397083	N/A
72_8_1183_47126_14447/1	gi|3048228106|emb|OZ297184.1|	100.000	136	0	0	2	137	136875	137010	3.40e-62	252	397083	N/A
72_8_1183_47126_14447/1	gi|3048195103|emb|OZ297140.1|	100.000	136	0	0	2	137	105960	105825	3.40e-62	252	59297	N/A
72_8_1183_47126_14447/1	gi|3048195103|emb|OZ297140.1|	100.000	136	0	0	2	137	132604	132739	3.40e-62	252	59297	N/A
72_8_2422_38184_4152/1	gi|2805792360|gb|PQ124709.1|	100.000	129	0	0	2	130	97766	97638	2.65e-58	239	113209	N/A
72_8_2422_38184_4152/1	gi|2805792360|gb|PQ124709.1|	100.000	129	0	0	2	130	149968	150096	2.65e-58	239	113209	N/A
72_8_2422_38184_4152/1	gi|2805792263|gb|PQ124708.1|	100.000	129	0	0	2	130	97884	97756	2.65e-58	239	197811	N/A
72_8_2422_38184_4152/1	gi|2805792263|gb|PQ124708.1|	100.000	129	0	0	2	130	150122	150250	2.65e-58	239	197811	N/A
72_8_2422_38184_4152/1	gi|2805792167|gb|PQ124707.1|	100.000	129	0	0	2	130	97884	97756	2.65e-58	239	29818	N/A
72_8_2422_38184_4152/1	gi|2805792167|gb|PQ124707.1|	100.000	129	0	0	2	130	150122	150250	2.65e-58	239	29818	N/A
72_8_2422_38184_4152/1	gi|2805792070|gb|PQ124706.1|	100.000	129	0	0	2	130	97909	97781	2.65e-58	239	197796	N/A
72_8_2422_38184_4152/1	gi|2805792070|gb|PQ124706.1|	100.000	129	0	0	2	130	150056	150184	2.65e-58	239	197796	N/A
72_8_2422_38184_4152/1	gi|2724828596|ref|NC_088481.1|	100.000	129	0	0	2	130	97750	97622	2.65e-58	239	113209	N/A
72_8_2422_38184_4152/1	gi|2724828596|ref|NC_088481.1|	100.000	129	0	0	2	130	149957	150085	2.65e-58	239	113209	N/A
72_8_1201_17832_21928/1	gi|3045267147|gb|PX049138.1|	100.000	136	0	0	2	137	104034	103899	3.40e-62	252	3454936	N/A
72_8_1201_17832_21928/1	gi|3045267147|gb|PX049138.1|	100.000	136	0	0	2	137	131400	131535	3.40e-62	252	3454936	N/A
72_8_1201_17832_21928/1	gi|3045267060|gb|PX049137.1|	100.000	136	0	0	2	137	104024	103889	3.40e-62	252	165317	N/A
72_8_1201_17832_21928/1	gi|3045267060|gb|PX049137.1|	100.000	136	0	0	2	137	131393	131528	3.40e-62	252	165317	N/A
72_8_1201_17832_21928/1	gi|3032662704|gb|PQ231107.1|	100.000	136	0	0	2	137	104286	104151	3.40e-62	252	572118	N/A
72_8_1201_17832_21928/1	gi|3032662704|gb|PQ231107.1|	100.000	136	0	0	2	137	131206	131341	3.40e-62	252	572118	N/A
72_8_1201_17832_21928/1	gi|3032662616|gb|PQ231106.1|	100.000	136	0	0	2	137	103803	103668	3.40e-62	252	694377	N/A
72_8_1201_17832_21928/1	gi|3032662616|gb|PQ231106.1|	100.000	136	0	0	2	137	130700	130835	3.40e-62	252	694377	N/A
72_8_1201_17832_21928/1	gi|3032662528|gb|PQ231105.1|	100.000	136	0	0	2	137	103821	103686	3.40e-62	252	694377	N/A
72_8_1201_17832_21928/1	gi|3032662528|gb|PQ231105.1|	100.000	136	0	0	2	137	130716	130851	3.40e-62	252	694377	N/A
72_8_2381_33191_26298/1	gi|3045267147|gb|PX049138.1|	100.000	136	0	0	2	137	104034	103899	3.40e-62	252	3454936	N/A
72_8_2381_33191_26298/1	gi|3045267147|gb|PX049138.1|	100.000	136	0	0	2	137	131400	131535	3.40e-62	252	3454936	N/A
72_8_2381_33191_26298/1	gi|3045267060|gb|PX049137.1|	100.000	136	0	0	2	137	104024	103889	3.40e-62	252	165317	N/A
72_8_2381_33191_26298/1	gi|3045267060|gb|PX049137.1|	100.000	136	0	0	2	137	131393	131528	3.40e-62	252	165317	N/A
72_8_2381_33191_26298/1	gi|3032662704|gb|PQ231107.1|	100.000	136	0	0	2	137	104286	104151	3.40e-62	252	572118	N/A
72_8_2381_33191_26298/1	gi|3032662704|gb|PQ231107.1|	100.000	136	0	0	2	137	131206	131341	3.40e-62	252	572118	N/A
72_8_2381_33191_26298/1	gi|3032662616|gb|PQ231106.1|	100.000	136	0	0	2	137	103803	103668	3.40e-62	252	694377	N/A
72_8_2381_33191_26298/1	gi|3032662616|gb|PQ231106.1|	100.000	136	0	0	2	137	130700	130835	3.40e-62	252	694377	N/A
72_8_2381_33191_26298/1	gi|3032662528|gb|PQ231105.1|	100.000	136	0	0	2	137	103821	103686	3.40e-62	252	694377	N/A
72_8_2381_33191_26298/1	gi|3032662528|gb|PQ231105.1|	100.000	136	0	0	2	137	130716	130851	3.40e-62	252	694377	N/A
