72_8_1206_38346_18832/1	gi|2978724457|gb|PV611058.1|	95.276	127	1	4	11	134	295320	295444	1.61e-45	196	3421660	N/A
72_8_1206_38346_18832/1	gi|2978724457|gb|PV611058.1|	91.803	61	1	3	11	68	295783	295842	4.72e-11	82.4	3421660	N/A
72_8_1206_38346_18832/1	gi|685047827|emb|LN596339.1|	96.000	50	0	2	4	51	601778	601827	1.70e-10	80.5	7962	N/A
72_8_1206_38346_18832/1	gi|2830983252|gb|CP170844.1|	82.979	94	6	2	12	95	4083423	4083330	2.20e-09	76.8	573	N/A
72_8_1206_38346_18832/1	gi|685042185|emb|LN590710.1|	95.833	48	0	2	6	51	10218497	10218544	2.20e-09	76.8	7962	N/A
72_8_1206_38346_18832/1	gi|685042185|emb|LN590710.1|	95.556	45	0	2	9	51	3790455	3790411	1.02e-07	71.3	7962	N/A
72_8_1206_38346_18832/1	gi|685042185|emb|LN590710.1|	95.556	45	0	2	9	51	6008691	6008735	1.02e-07	71.3	7962	N/A
72_8_1206_38346_18832/1	gi|685042185|emb|LN590710.1|	100.000	34	0	0	12	45	9162089	9162122	1.71e-05	63.9	7962	N/A
72_8_1206_38346_18832/1	gi|2557643774|emb|OY673254.1|	95.652	46	2	0	12	57	21732	21777	7.90e-09	75.0	2697049	N/A
72_8_1382_10047_25542/1	gi|2830983252|gb|CP170844.1|	86.667	90	9	2	51	137	4083424	4083335	1.69e-15	97.1	573	N/A
72_8_1382_10047_25542/1	gi|2978724457|gb|PV611058.1|	91.803	61	1	3	52	109	295321	295380	4.72e-11	82.4	3421660	N/A
72_8_1382_10047_25542/1	gi|2978724457|gb|PV611058.1|	91.667	60	1	3	52	108	295784	295842	1.70e-10	80.5	3421660	N/A
72_8_1382_10047_25542/1	gi|2557643774|emb|OY673254.1|	95.652	46	2	0	52	97	21732	21777	7.90e-09	75.0	2697049	N/A
72_8_1382_10047_25542/1	gi|2463378371|dbj|AP027461.1|	95.652	46	2	0	52	97	1299632	1299677	7.90e-09	75.0	511145	N/A
72_8_1382_10047_25542/1	gi|2463378371|dbj|AP027461.1|	95.652	46	2	0	52	97	1628404	1628359	7.90e-09	75.0	511145	N/A
72_8_1382_10047_25542/1	gi|2755084441|gb|PP943425.1|	93.750	48	1	2	50	96	67589	67635	1.02e-07	71.3	10258	N/A
72_8_1382_10047_25542/1	gi|2755084441|gb|PP943425.1|	93.617	47	1	2	52	97	67825	67780	3.67e-07	69.4	10258	N/A
72_8_1344_7360_12374/1	gi|2978724457|gb|PV611058.1|	87.407	135	3	6	2	134	295322	295444	2.13e-29	143	3421660	N/A
72_8_1344_7360_12374/1	gi|2978724457|gb|PV611058.1|	89.655	58	4	2	2	57	295785	295842	2.84e-08	73.1	3421660	N/A
72_8_1344_7360_12374/1	gi|2830983252|gb|CP170844.1|	87.368	95	8	2	2	94	4083422	4083330	2.80e-18	106	573	N/A
72_8_1344_7360_12374/1	gi|2557643774|emb|OY673254.1|	95.556	45	2	0	2	46	21733	21777	2.84e-08	73.1	2697049	N/A
72_8_1344_7360_12374/1	gi|2755084441|gb|PP943425.1|	81.522	92	12	5	2	91	67824	67736	1.02e-07	71.3	10258	N/A
72_8_1344_7360_12374/1	gi|2755084441|gb|PP943425.1|	100.000	33	0	0	2	34	67592	67624	6.15e-05	62.1	10258	N/A
72_8_1344_7360_12374/1	gi|780644672|ref|XM_011690559.1|	100.000	37	0	0	2	38	1039	1075	3.67e-07	69.4	64793	N/A
72_8_2375_17023_7612/1	gi|2155043183|emb|OV015804.1|	100.000	28	0	0	2	29	29938	29911	0.037	52.8	2697049	N/A
72_8_2208_15000_11590/1	gi|2978724457|gb|PV611058.1|	92.308	130	7	3	10	137	295316	295444	4.52e-41	182	3421660	N/A
72_8_2208_15000_11590/1	gi|2978724457|gb|PV611058.1|	92.188	64	3	2	10	71	295779	295842	2.82e-13	89.8	3421660	N/A
72_8_2208_15000_11590/1	gi|2830983252|gb|CP170844.1|	85.263	95	11	2	15	107	4083423	4083330	6.06e-15	95.3	573	N/A
72_8_2208_15000_11590/1	gi|2557643774|emb|OY673254.1|	95.652	46	2	0	15	60	21732	21777	7.90e-09	75.0	2697049	N/A
72_8_2208_15000_11590/1	gi|2565360070|emb|OY632882.1|	100.000	39	0	0	12	50	22463	22501	2.84e-08	73.1	2697049	N/A
72_8_2208_15000_11590/1	gi|685042188|emb|LN590713.1|	100.000	39	0	0	14	52	7120047	7120085	2.84e-08	73.1	7962	N/A
72_8_2208_15000_11590/1	gi|685042188|emb|LN590713.1|	100.000	30	0	0	15	44	16189618	16189589	0.003	56.5	7962	N/A
72_8_2187_32293_27461/1	gi|2978724457|gb|PV611058.1|	93.023	129	1	7	1	126	295321	295444	4.52e-41	182	3421660	N/A
72_8_2187_32293_27461/1	gi|2978724457|gb|PV611058.1|	91.667	60	1	3	1	57	295784	295842	1.70e-10	80.5	3421660	N/A
72_8_2187_32293_27461/1	gi|2830983252|gb|CP170844.1|	85.263	95	11	2	1	93	4083423	4083330	6.06e-15	95.3	573	N/A
72_8_2187_32293_27461/1	gi|2557643774|emb|OY673254.1|	95.652	46	2	0	1	46	21732	21777	7.90e-09	75.0	2697049	N/A
72_8_2187_32293_27461/1	gi|2463378371|dbj|AP027461.1|	95.652	46	2	0	1	46	1299632	1299677	7.90e-09	75.0	511145	N/A
72_8_2187_32293_27461/1	gi|2463378371|dbj|AP027461.1|	95.652	46	2	0	1	46	1628404	1628359	7.90e-09	75.0	511145	N/A
72_8_2187_32293_27461/1	gi|2755084441|gb|PP943425.1|	93.617	47	1	2	1	46	67825	67780	3.67e-07	69.4	10258	N/A
72_8_2187_32293_27461/1	gi|2755084441|gb|PP943425.1|	93.478	46	1	2	1	45	67591	67635	1.32e-06	67.6	10258	N/A
72_8_2467_19199_12949/1	gi|2978724457|gb|PV611058.1|	88.806	134	1	6	2	132	295322	295444	3.55e-32	152	3421660	N/A
72_8_2467_19199_12949/1	gi|2978724457|gb|PV611058.1|	90.909	55	1	3	2	53	295785	295838	1.02e-07	71.3	3421660	N/A
72_8_2467_19199_12949/1	gi|2830983252|gb|CP170844.1|	89.247	93	7	2	2	91	4083422	4083330	1.67e-20	113	573	N/A
72_8_2467_19199_12949/1	gi|2557643774|emb|OY673254.1|	95.556	45	2	0	2	46	21733	21777	2.84e-08	73.1	2697049	N/A
72_8_2467_19199_12949/1	gi|2463378371|dbj|AP027461.1|	95.556	45	2	0	2	46	1299633	1299677	2.84e-08	73.1	511145	N/A
72_8_2467_19199_12949/1	gi|2463378371|dbj|AP027461.1|	95.556	45	2	0	2	46	1628403	1628359	2.84e-08	73.1	511145	N/A
72_8_2467_19199_12949/1	gi|2755084441|gb|PP943425.1|	93.478	46	1	2	2	46	67824	67780	1.32e-06	67.6	10258	N/A
72_8_2467_19199_12949/1	gi|2755084441|gb|PP943425.1|	93.333	45	1	2	2	45	67592	67635	4.75e-06	65.8	10258	N/A
72_8_1281_41850_20303/1	gi|2978724457|gb|PV611058.1|	88.189	127	9	4	14	137	295321	295444	1.65e-30	147	3421660	N/A
72_8_1281_41850_20303/1	gi|2978724457|gb|PV611058.1|	91.667	60	1	3	14	70	295784	295842	1.70e-10	80.5	3421660	N/A
72_8_1281_41850_20303/1	gi|2830983252|gb|CP170844.1|	88.660	97	7	3	13	107	4083424	4083330	4.65e-21	115	573	N/A
72_8_1281_41850_20303/1	gi|685042175|emb|LN590700.1|	95.833	48	0	2	8	53	15778532	15778579	2.20e-09	76.8	7962	N/A
72_8_1281_41850_20303/1	gi|685042175|emb|LN590700.1|	95.349	43	0	2	14	54	14033941	14033899	1.32e-06	67.6	7962	N/A
72_8_1281_41850_20303/1	gi|2557643774|emb|OY673254.1|	95.652	46	2	0	14	59	21732	21777	7.90e-09	75.0	2697049	N/A
72_8_1281_41850_20303/1	gi|2463378371|dbj|AP027461.1|	93.878	49	3	0	11	59	1299629	1299677	7.90e-09	75.0	511145	N/A
72_8_1281_41850_20303/1	gi|2463378371|dbj|AP027461.1|	95.652	46	2	0	14	59	1628404	1628359	7.90e-09	75.0	511145	N/A
72_8_2247_8979_19378/1	gi|2187126051|emb|OV702300.1|	97.794	136	3	0	2	137	14567887	14568022	3.42e-57	235	4498	N/A
72_8_2247_8979_19378/1	gi|2187126051|emb|OV702300.1|	97.794	136	3	0	2	137	36286000	36285865	3.42e-57	235	4498	N/A
72_8_2247_8979_19378/1	gi|2187126051|emb|OV702300.1|	97.794	136	3	0	2	137	51432173	51432038	3.42e-57	235	4498	N/A
72_8_2247_8979_19378/1	gi|2187126051|emb|OV702300.1|	97.059	136	4	0	2	137	534186	534051	1.59e-55	230	4498	N/A
72_8_2247_8979_19378/1	gi|2187126051|emb|OV702300.1|	97.059	136	4	0	2	137	578819	578684	1.59e-55	230	4498	N/A
72_8_2247_8979_19378/1	gi|2187126051|emb|OV702300.1|	97.059	136	4	0	2	137	676919	676784	1.59e-55	230	4498	N/A
72_8_2247_8979_19378/1	gi|2187126051|emb|OV702300.1|	97.059	136	4	0	2	137	2849023	2849158	1.59e-55	230	4498	N/A
72_8_2247_8979_19378/1	gi|2187126051|emb|OV702300.1|	97.059	136	4	0	2	137	3394753	3394888	1.59e-55	230	4498	N/A
72_8_2247_8979_19378/1	gi|2187126051|emb|OV702300.1|	97.059	136	4	0	2	137	11053489	11053624	1.59e-55	230	4498	N/A
72_8_2247_8979_19378/1	gi|2187126051|emb|OV702300.1|	97.059	136	4	0	2	137	11122955	11123090	1.59e-55	230	4498	N/A
72_8_2247_8979_19378/1	gi|2187126051|emb|OV702300.1|	97.059	136	4	0	2	137	11887904	11888039	1.59e-55	230	4498	N/A
72_8_2247_8979_19378/1	gi|2187126051|emb|OV702300.1|	97.059	136	4	0	2	137	31606107	31605972	1.59e-55	230	4498	N/A
72_8_2247_8979_19378/1	gi|2187126051|emb|OV702300.1|	97.059	136	4	0	2	137	33949594	33949729	1.59e-55	230	4498	N/A
72_8_2247_8979_19378/1	gi|2187126051|emb|OV702300.1|	97.059	136	4	0	2	137	38067657	38067792	1.59e-55	230	4498	N/A
72_8_2247_8979_19378/1	gi|2187126051|emb|OV702300.1|	97.059	136	4	0	2	137	39477426	39477561	1.59e-55	230	4498	N/A
72_8_2247_8979_19378/1	gi|2187126051|emb|OV702300.1|	97.059	136	4	0	2	137	39562588	39562453	1.59e-55	230	4498	N/A
72_8_2247_8979_19378/1	gi|2187126051|emb|OV702300.1|	97.059	136	4	0	2	137	40614607	40614472	1.59e-55	230	4498	N/A
72_8_2247_8979_19378/1	gi|2187126051|emb|OV702300.1|	97.059	136	4	0	2	137	41022479	41022344	1.59e-55	230	4498	N/A
72_8_2247_8979_19378/1	gi|2187126051|emb|OV702300.1|	97.059	136	4	0	2	137	41746015	41745880	1.59e-55	230	4498	N/A
72_8_2247_8979_19378/1	gi|2187126051|emb|OV702300.1|	97.059	136	4	0	2	137	44246886	44247021	1.59e-55	230	4498	N/A
72_8_2247_8979_19378/1	gi|2187126051|emb|OV702300.1|	97.059	136	4	0	2	137	45748507	45748372	1.59e-55	230	4498	N/A
72_8_2247_8979_19378/1	gi|2187126051|emb|OV702300.1|	97.059	136	4	0	2	137	48929860	48929995	1.59e-55	230	4498	N/A
72_8_2247_8979_19378/1	gi|2187126051|emb|OV702300.1|	96.324	136	5	0	2	137	632311	632176	7.41e-54	224	4498	N/A
72_8_2247_8979_19378/1	gi|2187126051|emb|OV702300.1|	96.324	136	5	0	2	137	721536	721401	7.41e-54	224	4498	N/A
72_8_2247_8979_19378/1	gi|2187126051|emb|OV702300.1|	96.324	136	5	0	2	137	2847387	2847252	7.41e-54	224	4498	N/A
72_8_2247_8979_19378/1	gi|2187126051|emb|OV702300.1|	96.324	136	5	0	2	137	6160898	6160763	7.41e-54	224	4498	N/A
72_8_2247_8979_19378/1	gi|2187126051|emb|OV702300.1|	96.324	136	5	0	2	137	6391485	6391350	7.41e-54	224	4498	N/A
72_8_2247_8979_19378/1	gi|2187126051|emb|OV702300.1|	96.324	136	5	0	2	137	7524713	7524848	7.41e-54	224	4498	N/A
72_8_2247_8979_19378/1	gi|2187126051|emb|OV702300.1|	96.324	136	5	0	2	137	12540326	12540461	7.41e-54	224	4498	N/A
72_8_2247_8979_19378/1	gi|2187126051|emb|OV702300.1|	96.324	136	5	0	2	137	12692475	12692610	7.41e-54	224	4498	N/A
72_8_2247_8979_19378/1	gi|2187126051|emb|OV702300.1|	96.324	136	5	0	2	137	14046132	14045997	7.41e-54	224	4498	N/A
72_8_2247_8979_19378/1	gi|2187126051|emb|OV702300.1|	96.324	136	5	0	2	137	15572650	15572785	7.41e-54	224	4498	N/A
72_8_2247_8979_19378/1	gi|2187126051|emb|OV702300.1|	96.324	136	5	0	2	137	16967371	16967236	7.41e-54	224	4498	N/A
72_8_2247_8979_19378/1	gi|2187126051|emb|OV702300.1|	96.324	136	5	0	2	137	21634853	21634988	7.41e-54	224	4498	N/A
72_8_2247_8979_19378/1	gi|2187126051|emb|OV702300.1|	96.324	136	5	0	2	137	32950904	32951039	7.41e-54	224	4498	N/A
72_8_2247_8979_19378/1	gi|2187126051|emb|OV702300.1|	96.324	136	5	0	2	137	39486775	39486640	7.41e-54	224	4498	N/A
72_8_2247_8979_19378/1	gi|2187126051|emb|OV702300.1|	96.324	136	5	0	2	137	41144484	41144619	7.41e-54	224	4498	N/A
72_8_2247_8979_19378/1	gi|2187126051|emb|OV702300.1|	96.324	136	5	0	2	137	43168196	43168061	7.41e-54	224	4498	N/A
72_8_2247_8979_19378/1	gi|2187126051|emb|OV702300.1|	96.324	136	5	0	2	137	43427779	43427644	7.41e-54	224	4498	N/A
72_8_2247_8979_19378/1	gi|2187126051|emb|OV702300.1|	96.324	136	5	0	2	137	44568184	44568319	7.41e-54	224	4498	N/A
72_8_2247_8979_19378/1	gi|2187126051|emb|OV702300.1|	96.324	136	5	0	2	137	46061974	46062109	7.41e-54	224	4498	N/A
72_8_2247_8979_19378/1	gi|2187126051|emb|OV702300.1|	96.324	136	5	0	2	137	48204487	48204352	7.41e-54	224	4498	N/A
72_8_2247_8979_19378/1	gi|2187126051|emb|OV702300.1|	96.324	136	5	0	2	137	48315538	48315403	7.41e-54	224	4498	N/A
72_8_2247_8979_19378/1	gi|2187126051|emb|OV702300.1|	96.324	136	5	0	2	137	52610402	52610537	7.41e-54	224	4498	N/A
72_8_2247_8979_19378/1	gi|2187126051|emb|OV702300.1|	96.324	136	5	0	2	137	56854188	56854053	7.41e-54	224	4498	N/A
72_8_2247_8979_19378/1	gi|2187126051|emb|OV702300.1|	96.296	135	5	0	2	136	32717130	32717264	2.66e-53	222	4498	N/A
72_8_2247_8979_19378/1	gi|2187126051|emb|OV702300.1|	96.296	135	5	0	2	136	32927975	32927841	2.66e-53	222	4498	N/A
72_8_2247_8979_19378/1	gi|2187126051|emb|OV702300.1|	95.588	136	6	0	2	137	3834490	3834355	3.45e-52	219	4498	N/A
72_8_2247_8979_19378/1	gi|2187126051|emb|OV702300.1|	95.588	136	6	0	2	137	8449586	8449721	3.45e-52	219	4498	N/A
72_8_2247_8979_19378/1	gi|2187126051|emb|OV702300.1|	95.588	136	6	0	2	137	11648919	11649054	3.45e-52	219	4498	N/A
72_8_2247_8979_19378/1	gi|2187126051|emb|OV702300.1|	95.588	136	6	0	2	137	11704631	11704766	3.45e-52	219	4498	N/A
72_8_2247_8979_19378/1	gi|2187126051|emb|OV702300.1|	95.588	136	6	0	2	137	13643957	13643822	3.45e-52	219	4498	N/A
72_8_2247_8979_19378/1	gi|2187126051|emb|OV702300.1|	95.588	136	6	0	2	137	13841236	13841101	3.45e-52	219	4498	N/A
72_8_2247_8979_19378/1	gi|2187126051|emb|OV702300.1|	95.588	136	6	0	2	137	14024900	14024765	3.45e-52	219	4498	N/A
72_8_2247_8979_19378/1	gi|2187126051|emb|OV702300.1|	95.588	136	6	0	2	137	15217922	15217787	3.45e-52	219	4498	N/A
72_8_2247_8979_19378/1	gi|2187126051|emb|OV702300.1|	95.588	136	6	0	2	137	16843543	16843408	3.45e-52	219	4498	N/A
72_8_2247_8979_19378/1	gi|2187126051|emb|OV702300.1|	95.588	136	6	0	2	137	19260907	19260772	3.45e-52	219	4498	N/A
72_8_2247_8979_19378/1	gi|2187126051|emb|OV702300.1|	95.588	136	6	0	2	137	20407010	20406875	3.45e-52	219	4498	N/A
72_8_2247_8979_19378/1	gi|2187126051|emb|OV702300.1|	95.588	136	6	0	2	137	22614739	22614874	3.45e-52	219	4498	N/A
72_8_2247_8979_19378/1	gi|2187126051|emb|OV702300.1|	95.588	136	6	0	2	137	23261686	23261551	3.45e-52	219	4498	N/A
72_8_2247_8979_19378/1	gi|2187126051|emb|OV702300.1|	95.588	136	6	0	2	137	23725200	23725065	3.45e-52	219	4498	N/A
72_8_2247_8979_19378/1	gi|2187126051|emb|OV702300.1|	95.588	136	6	0	2	137	27337165	27337300	3.45e-52	219	4498	N/A
72_8_2247_8979_19378/1	gi|2187126051|emb|OV702300.1|	95.588	136	6	0	2	137	32559029	32558894	3.45e-52	219	4498	N/A
72_8_2247_8979_19378/1	gi|2187126051|emb|OV702300.1|	95.588	136	6	0	2	137	33486459	33486594	3.45e-52	219	4498	N/A
72_8_2247_8979_19378/1	gi|2187126051|emb|OV702300.1|	95.588	136	6	0	2	137	33584673	33584808	3.45e-52	219	4498	N/A
72_8_2247_8979_19378/1	gi|2187126051|emb|OV702300.1|	95.588	136	6	0	2	137	33739994	33740129	3.45e-52	219	4498	N/A
72_8_2247_8979_19378/1	gi|2187126051|emb|OV702300.1|	95.588	136	6	0	2	137	35143378	35143243	3.45e-52	219	4498	N/A
72_8_2247_8979_19378/1	gi|2187126051|emb|OV702300.1|	95.588	136	6	0	2	137	36726045	36725910	3.45e-52	219	4498	N/A
72_8_2247_8979_19378/1	gi|2187126051|emb|OV702300.1|	95.588	136	6	0	2	137	38751739	38751874	3.45e-52	219	4498	N/A
72_8_2247_8979_19378/1	gi|2187126051|emb|OV702300.1|	95.588	136	6	0	2	137	38895143	38895278	3.45e-52	219	4498	N/A
72_8_2247_8979_19378/1	gi|2187126051|emb|OV702300.1|	95.588	136	6	0	2	137	40624775	40624910	3.45e-52	219	4498	N/A
72_8_2247_8979_19378/1	gi|2187126051|emb|OV702300.1|	95.588	136	6	0	2	137	41180579	41180714	3.45e-52	219	4498	N/A
72_8_2247_8979_19378/1	gi|2187126051|emb|OV702300.1|	95.588	136	6	0	2	137	41333162	41333027	3.45e-52	219	4498	N/A
72_8_2247_8979_19378/1	gi|2187126051|emb|OV702300.1|	95.588	136	6	0	2	137	43112754	43112889	3.45e-52	219	4498	N/A
72_8_2247_8979_19378/1	gi|2187126051|emb|OV702300.1|	95.588	136	6	0	2	137	43196649	43196784	3.45e-52	219	4498	N/A
72_8_2247_8979_19378/1	gi|2187126051|emb|OV702300.1|	95.588	136	6	0	2	137	43372336	43372471	3.45e-52	219	4498	N/A
72_8_2247_8979_19378/1	gi|2187126051|emb|OV702300.1|	95.588	136	6	0	2	137	43456232	43456367	3.45e-52	219	4498	N/A
72_8_2247_8979_19378/1	gi|2187126051|emb|OV702300.1|	95.588	136	6	0	2	137	46106648	46106783	3.45e-52	219	4498	N/A
72_8_2247_8979_19378/1	gi|2187126051|emb|OV702300.1|	95.588	136	6	0	2	137	46289168	46289303	3.45e-52	219	4498	N/A
72_8_2247_8979_19378/1	gi|2187126051|emb|OV702300.1|	95.588	136	6	0	2	137	49012124	49011989	3.45e-52	219	4498	N/A
72_8_2247_8979_19378/1	gi|2187126051|emb|OV702300.1|	95.588	136	6	0	2	137	52739088	52739223	3.45e-52	219	4498	N/A
72_8_2247_8979_19378/1	gi|2187126051|emb|OV702300.1|	95.588	136	6	0	2	137	54159183	54159048	3.45e-52	219	4498	N/A
72_8_2247_8979_19378/1	gi|2187126051|emb|OV702300.1|	95.588	136	6	0	2	137	56482802	56482667	3.45e-52	219	4498	N/A
72_8_2247_8979_19378/1	gi|2187126051|emb|OV702300.1|	95.588	136	6	0	2	137	57767013	57766878	3.45e-52	219	4498	N/A
72_8_2247_8979_19378/1	gi|2187126051|emb|OV702300.1|	95.588	136	5	1	2	137	16567913	16568047	1.24e-51	217	4498	N/A
72_8_2247_8979_19378/1	gi|2187126051|emb|OV702300.1|	95.588	136	5	1	2	137	45929715	45929581	1.24e-51	217	4498	N/A
72_8_2247_8979_19378/1	gi|2187126051|emb|OV702300.1|	94.853	136	7	0	2	137	263035	262900	1.60e-50	213	4498	N/A
72_8_2247_8979_19378/1	gi|2187126051|emb|OV702300.1|	94.853	136	7	0	2	137	410704	410839	1.60e-50	213	4498	N/A
72_8_2247_8979_19378/1	gi|2187126051|emb|OV702300.1|	94.853	136	7	0	2	137	1436781	1436646	1.60e-50	213	4498	N/A
72_8_2247_8979_19378/1	gi|2187126051|emb|OV702300.1|	94.853	136	7	0	2	137	1593627	1593492	1.60e-50	213	4498	N/A
72_8_2247_8979_19378/1	gi|2187126051|emb|OV702300.1|	94.853	136	7	0	2	137	1895182	1895047	1.60e-50	213	4498	N/A
72_8_2247_8979_19378/1	gi|2187126051|emb|OV702300.1|	94.853	136	7	0	2	137	3763687	3763552	1.60e-50	213	4498	N/A
72_8_2247_8979_19378/1	gi|2187126051|emb|OV702300.1|	94.853	136	7	0	2	137	3851779	3851644	1.60e-50	213	4498	N/A
72_8_2247_8979_19378/1	gi|2187126051|emb|OV702300.1|	94.853	136	7	0	2	137	5206077	5206212	1.60e-50	213	4498	N/A
72_8_2247_8979_19378/1	gi|2187126051|emb|OV702300.1|	94.853	136	7	0	2	137	5689986	5689851	1.60e-50	213	4498	N/A
72_8_2247_8979_19378/1	gi|2187126051|emb|OV702300.1|	94.853	136	7	0	2	137	8023005	8022870	1.60e-50	213	4498	N/A
72_8_2247_8979_19378/1	gi|2187126051|emb|OV702300.1|	94.853	136	7	0	2	137	8725749	8725884	1.60e-50	213	4498	N/A
72_8_2247_8979_19378/1	gi|2187126051|emb|OV702300.1|	94.853	136	7	0	2	137	9086709	9086844	1.60e-50	213	4498	N/A
72_8_2247_8979_19378/1	gi|2187126051|emb|OV702300.1|	94.853	136	7	0	2	137	9242651	9242516	1.60e-50	213	4498	N/A
72_8_2247_8979_19378/1	gi|2187126051|emb|OV702300.1|	94.853	136	7	0	2	137	10817602	10817737	1.60e-50	213	4498	N/A
72_8_2247_8979_19378/1	gi|2187126051|emb|OV702300.1|	94.853	136	7	0	2	137	11532628	11532763	1.60e-50	213	4498	N/A
72_8_2247_8979_19378/1	gi|2187126051|emb|OV702300.1|	94.853	136	7	0	2	137	11795918	11796053	1.60e-50	213	4498	N/A
72_8_2247_8979_19378/1	gi|2187126051|emb|OV702300.1|	94.853	136	7	0	2	137	12953122	12952987	1.60e-50	213	4498	N/A
72_8_2247_8979_19378/1	gi|2187126051|emb|OV702300.1|	94.853	136	7	0	2	137	13711773	13711638	1.60e-50	213	4498	N/A
72_8_2247_8979_19378/1	gi|2187126051|emb|OV702300.1|	94.853	136	7	0	2	137	14548396	14548261	1.60e-50	213	4498	N/A
72_8_2247_8979_19378/1	gi|2187126051|emb|OV702300.1|	94.853	136	7	0	2	137	14561641	14561506	1.60e-50	213	4498	N/A
72_8_2247_8979_19378/1	gi|2187126051|emb|OV702300.1|	94.853	136	7	0	2	137	15867065	15867200	1.60e-50	213	4498	N/A
72_8_2247_8979_19378/1	gi|2187126051|emb|OV702300.1|	94.853	136	7	0	2	137	15915796	15915661	1.60e-50	213	4498	N/A
72_8_2247_8979_19378/1	gi|2187126051|emb|OV702300.1|	94.853	136	7	0	2	137	16019898	16019763	1.60e-50	213	4498	N/A
72_8_2247_8979_19378/1	gi|2187126051|emb|OV702300.1|	94.853	136	7	0	2	137	16111952	16111817	1.60e-50	213	4498	N/A
72_8_2247_8979_19378/1	gi|2187126051|emb|OV702300.1|	94.853	136	7	0	2	137	18608968	18608833	1.60e-50	213	4498	N/A
72_8_2247_8979_19378/1	gi|2187126051|emb|OV702300.1|	94.853	136	7	0	2	137	18746472	18746607	1.60e-50	213	4498	N/A
72_8_2247_8979_19378/1	gi|2187126051|emb|OV702300.1|	94.853	136	7	0	2	137	19454385	19454520	1.60e-50	213	4498	N/A
72_8_2247_8979_19378/1	gi|2187126051|emb|OV702300.1|	94.853	136	7	0	2	137	23592207	23592072	1.60e-50	213	4498	N/A
72_8_2247_8979_19378/1	gi|2187126051|emb|OV702300.1|	94.853	136	7	0	2	137	29482242	29482107	1.60e-50	213	4498	N/A
72_8_2247_8979_19378/1	gi|2187126051|emb|OV702300.1|	94.853	136	7	0	2	137	31378604	31378469	1.60e-50	213	4498	N/A
72_8_2247_8979_19378/1	gi|2187126051|emb|OV702300.1|	94.853	136	7	0	2	137	31677359	31677224	1.60e-50	213	4498	N/A
72_8_2247_8979_19378/1	gi|2187126051|emb|OV702300.1|	94.853	136	7	0	2	137	33138031	33137896	1.60e-50	213	4498	N/A
72_8_2247_8979_19378/1	gi|2187126051|emb|OV702300.1|	94.853	136	7	0	2	137	33608027	33607892	1.60e-50	213	4498	N/A
72_8_2247_8979_19378/1	gi|2187126051|emb|OV702300.1|	94.853	136	7	0	2	137	34041660	34041795	1.60e-50	213	4498	N/A
72_8_2247_8979_19378/1	gi|2187126051|emb|OV702300.1|	94.853	136	7	0	2	137	34603625	34603760	1.60e-50	213	4498	N/A
72_8_2247_8979_19378/1	gi|2187126051|emb|OV702300.1|	94.853	136	7	0	2	137	34861901	34861766	1.60e-50	213	4498	N/A
72_8_2247_8979_19378/1	gi|2187126051|emb|OV702300.1|	94.853	136	7	0	2	137	34873097	34872962	1.60e-50	213	4498	N/A
72_8_2247_8979_19378/1	gi|2187126051|emb|OV702300.1|	94.853	136	7	0	2	137	35108421	35108286	1.60e-50	213	4498	N/A
72_8_2247_8979_19378/1	gi|2187126051|emb|OV702300.1|	94.853	136	7	0	2	137	36156050	36155915	1.60e-50	213	4498	N/A
72_8_2247_8979_19378/1	gi|2187126051|emb|OV702300.1|	94.853	136	7	0	2	137	36195680	36195545	1.60e-50	213	4498	N/A
72_8_2247_8979_19378/1	gi|2187126051|emb|OV702300.1|	94.853	136	7	0	2	137	36201104	36201239	1.60e-50	213	4498	N/A
72_8_2247_8979_19378/1	gi|2187126051|emb|OV702300.1|	94.853	136	7	0	2	137	36278046	36278181	1.60e-50	213	4498	N/A
72_8_2247_8979_19378/1	gi|2187126051|emb|OV702300.1|	94.853	136	7	0	2	137	36345992	36345857	1.60e-50	213	4498	N/A
72_8_2247_8979_19378/1	gi|2187126051|emb|OV702300.1|	94.853	136	7	0	2	137	36358345	36358480	1.60e-50	213	4498	N/A
72_8_2247_8979_19378/1	gi|2187126051|emb|OV702300.1|	94.853	136	7	0	2	137	36374079	36373944	1.60e-50	213	4498	N/A
72_8_2247_8979_19378/1	gi|2187126051|emb|OV702300.1|	94.853	136	7	0	2	137	36405032	36404897	1.60e-50	213	4498	N/A
72_8_2247_8979_19378/1	gi|2187126051|emb|OV702300.1|	94.853	136	7	0	2	137	37430685	37430820	1.60e-50	213	4498	N/A
72_8_2247_8979_19378/1	gi|2187126051|emb|OV702300.1|	94.853	136	7	0	2	137	39943824	39943689	1.60e-50	213	4498	N/A
72_8_2247_8979_19378/1	gi|2187126051|emb|OV702300.1|	94.853	136	7	0	2	137	40620618	40620753	1.60e-50	213	4498	N/A
72_8_2247_8979_19378/1	gi|2187126051|emb|OV702300.1|	94.853	136	7	0	2	137	42372268	42372133	1.60e-50	213	4498	N/A
72_8_2247_8979_19378/1	gi|2187126051|emb|OV702300.1|	94.853	136	7	0	2	137	42656151	42656016	1.60e-50	213	4498	N/A
72_8_2247_8979_19378/1	gi|2187126051|emb|OV702300.1|	94.853	136	7	0	2	137	42721813	42721678	1.60e-50	213	4498	N/A
72_8_2247_8979_19378/1	gi|2187126051|emb|OV702300.1|	94.853	136	7	0	2	137	44665841	44665706	1.60e-50	213	4498	N/A
72_8_2247_8979_19378/1	gi|2187126051|emb|OV702300.1|	94.853	136	7	0	2	137	46137557	46137692	1.60e-50	213	4498	N/A
72_8_2247_8979_19378/1	gi|2187126051|emb|OV702300.1|	94.853	136	7	0	2	137	46780550	46780685	1.60e-50	213	4498	N/A
72_8_2247_8979_19378/1	gi|2187126051|emb|OV702300.1|	94.853	136	7	0	2	137	46787676	46787811	1.60e-50	213	4498	N/A
72_8_2247_8979_19378/1	gi|2187126051|emb|OV702300.1|	94.853	136	7	0	2	137	48306363	48306228	1.60e-50	213	4498	N/A
72_8_2247_8979_19378/1	gi|2187126051|emb|OV702300.1|	94.853	136	7	0	2	137	49076550	49076415	1.60e-50	213	4498	N/A
72_8_2247_8979_19378/1	gi|2187126051|emb|OV702300.1|	94.853	136	7	0	2	137	50387375	50387240	1.60e-50	213	4498	N/A
72_8_2247_8979_19378/1	gi|2187126051|emb|OV702300.1|	94.853	136	7	0	2	137	51149310	51149445	1.60e-50	213	4498	N/A
72_8_2247_8979_19378/1	gi|2187126051|emb|OV702300.1|	94.853	136	7	0	2	137	51838557	51838422	1.60e-50	213	4498	N/A
72_8_2247_8979_19378/1	gi|2187126051|emb|OV702300.1|	94.853	136	7	0	2	137	52564012	52563877	1.60e-50	213	4498	N/A
72_8_2247_8979_19378/1	gi|2187126051|emb|OV702300.1|	94.853	136	7	0	2	137	52680464	52680599	1.60e-50	213	4498	N/A
72_8_2247_8979_19378/1	gi|2187126051|emb|OV702300.1|	94.853	136	7	0	2	137	53137829	53137694	1.60e-50	213	4498	N/A
72_8_2247_8979_19378/1	gi|2187126051|emb|OV702300.1|	94.853	136	7	0	2	137	53319169	53319304	1.60e-50	213	4498	N/A
72_8_2247_8979_19378/1	gi|2187126051|emb|OV702300.1|	94.853	136	7	0	2	137	53692912	53693047	1.60e-50	213	4498	N/A
72_8_2247_8979_19378/1	gi|2187126051|emb|OV702300.1|	94.853	136	7	0	2	137	54425443	54425308	1.60e-50	213	4498	N/A
72_8_2247_8979_19378/1	gi|2187126051|emb|OV702300.1|	94.853	136	7	0	2	137	55300468	55300603	1.60e-50	213	4498	N/A
72_8_2247_8979_19378/1	gi|2187126051|emb|OV702300.1|	94.853	136	7	0	2	137	57554819	57554954	1.60e-50	213	4498	N/A
72_8_2247_8979_19378/1	gi|2187126051|emb|OV702300.1|	94.853	136	7	0	2	137	58471518	58471653	1.60e-50	213	4498	N/A
72_8_2247_8979_19378/1	gi|2187126051|emb|OV702300.1|	94.815	135	7	0	2	136	37140225	37140091	5.77e-50	211	4498	N/A
72_8_2247_8979_19378/1	gi|2187126051|emb|OV702300.1|	94.815	135	7	0	2	136	37180152	37180018	5.77e-50	211	4498	N/A
72_8_2247_8979_19378/1	gi|2187126051|emb|OV702300.1|	94.118	136	8	0	2	137	129489	129354	7.46e-49	207	4498	N/A
72_8_2247_8979_19378/1	gi|2187126051|emb|OV702300.1|	94.118	136	8	0	2	137	136623	136488	7.46e-49	207	4498	N/A
72_8_2247_8979_19378/1	gi|2187126051|emb|OV702300.1|	94.118	136	8	0	2	137	220273	220408	7.46e-49	207	4498	N/A
72_8_2247_8979_19378/1	gi|2187126051|emb|OV702300.1|	94.118	136	8	0	2	137	317842	317707	7.46e-49	207	4498	N/A
72_8_2247_8979_19378/1	gi|2187126051|emb|OV702300.1|	94.118	136	8	0	2	137	2029471	2029606	7.46e-49	207	4498	N/A
72_8_2247_8979_19378/1	gi|2187126051|emb|OV702300.1|	94.118	136	8	0	2	137	2810611	2810746	7.46e-49	207	4498	N/A
72_8_2247_8979_19378/1	gi|2187126051|emb|OV702300.1|	94.118	136	8	0	2	137	3369133	3369268	7.46e-49	207	4498	N/A
72_8_2247_8979_19378/1	gi|2187126051|emb|OV702300.1|	94.118	136	8	0	2	137	3863008	3862873	7.46e-49	207	4498	N/A
72_8_2247_8979_19378/1	gi|2187126051|emb|OV702300.1|	94.118	136	8	0	2	137	5074172	5074307	7.46e-49	207	4498	N/A
72_8_2247_8979_19378/1	gi|2187126051|emb|OV702300.1|	94.118	136	8	0	2	137	7798278	7798413	7.46e-49	207	4498	N/A
72_8_2247_8979_19378/1	gi|2187126051|emb|OV702300.1|	94.118	136	8	0	2	137	10077208	10077073	7.46e-49	207	4498	N/A
72_8_2247_8979_19378/1	gi|2187126051|emb|OV702300.1|	94.118	136	8	0	2	137	11351068	11351203	7.46e-49	207	4498	N/A
72_8_2247_8979_19378/1	gi|2187126051|emb|OV702300.1|	94.118	136	8	0	2	137	11382172	11382307	7.46e-49	207	4498	N/A
72_8_2247_8979_19378/1	gi|2187126051|emb|OV702300.1|	94.118	136	8	0	2	137	11789559	11789424	7.46e-49	207	4498	N/A
72_8_2247_8979_19378/1	gi|2187126051|emb|OV702300.1|	94.118	136	8	0	2	137	12218738	12218603	7.46e-49	207	4498	N/A
72_8_2247_8979_19378/1	gi|2187126051|emb|OV702300.1|	94.118	136	8	0	2	137	12267639	12267504	7.46e-49	207	4498	N/A
72_8_2247_8979_19378/1	gi|2187126051|emb|OV702300.1|	94.118	136	8	0	2	137	12548286	12548151	7.46e-49	207	4498	N/A
72_8_2247_8979_19378/1	gi|2187126051|emb|OV702300.1|	94.118	136	8	0	2	137	12626887	12626752	7.46e-49	207	4498	N/A
72_8_2247_8979_19378/1	gi|2187126051|emb|OV702300.1|	94.118	136	8	0	2	137	16511963	16511828	7.46e-49	207	4498	N/A
72_8_2247_8979_19378/1	gi|2187126051|emb|OV702300.1|	94.118	136	8	0	2	137	17777397	17777262	7.46e-49	207	4498	N/A
72_8_2247_8979_19378/1	gi|2187126051|emb|OV702300.1|	94.118	136	8	0	2	137	18910972	18911107	7.46e-49	207	4498	N/A
72_8_2247_8979_19378/1	gi|2187126051|emb|OV702300.1|	94.118	136	8	0	2	137	18929609	18929744	7.46e-49	207	4498	N/A
72_8_2247_8979_19378/1	gi|2187126051|emb|OV702300.1|	94.118	136	8	0	2	137	19240204	19240339	7.46e-49	207	4498	N/A
72_8_2247_8979_19378/1	gi|2187126051|emb|OV702300.1|	94.118	136	8	0	2	137	19872037	19871902	7.46e-49	207	4498	N/A
72_8_2247_8979_19378/1	gi|2187126051|emb|OV702300.1|	94.118	136	8	0	2	137	19959438	19959573	7.46e-49	207	4498	N/A
72_8_2247_8979_19378/1	gi|2187126051|emb|OV702300.1|	94.118	136	8	0	2	137	22300984	22301119	7.46e-49	207	4498	N/A
72_8_2247_8979_19378/1	gi|2187126051|emb|OV702300.1|	94.118	136	8	0	2	137	23604046	23603911	7.46e-49	207	4498	N/A
72_8_2247_8979_19378/1	gi|2187126051|emb|OV702300.1|	94.118	136	8	0	2	137	23866682	23866547	7.46e-49	207	4498	N/A
72_8_2247_8979_19378/1	gi|2187126051|emb|OV702300.1|	94.118	136	8	0	2	137	24447676	24447811	7.46e-49	207	4498	N/A
72_8_2247_8979_19378/1	gi|2187126051|emb|OV702300.1|	94.118	136	8	0	2	137	26755418	26755283	7.46e-49	207	4498	N/A
72_8_2247_8979_19378/1	gi|2187126051|emb|OV702300.1|	94.118	136	8	0	2	137	28612478	28612613	7.46e-49	207	4498	N/A
72_8_2247_8979_19378/1	gi|2187126051|emb|OV702300.1|	94.118	136	8	0	2	137	28871649	28871784	7.46e-49	207	4498	N/A
72_8_2247_8979_19378/1	gi|2187126051|emb|OV702300.1|	94.118	136	8	0	2	137	29610880	29611015	7.46e-49	207	4498	N/A
72_8_2247_8979_19378/1	gi|2187126051|emb|OV702300.1|	94.118	136	8	0	2	137	34122873	34122738	7.46e-49	207	4498	N/A
72_8_2247_8979_19378/1	gi|2187126051|emb|OV702300.1|	94.118	136	8	0	2	137	34737031	34737166	7.46e-49	207	4498	N/A
72_8_2247_8979_19378/1	gi|2187126051|emb|OV702300.1|	94.118	136	8	0	2	137	34847784	34847919	7.46e-49	207	4498	N/A
72_8_2247_8979_19378/1	gi|2187126051|emb|OV702300.1|	94.118	136	8	0	2	137	34899151	34899286	7.46e-49	207	4498	N/A
72_8_2247_8979_19378/1	gi|2187126051|emb|OV702300.1|	94.118	136	8	0	2	137	35227739	35227874	7.46e-49	207	4498	N/A
72_8_2247_8979_19378/1	gi|2187126051|emb|OV702300.1|	94.118	136	8	0	2	137	37351938	37352073	7.46e-49	207	4498	N/A
72_8_2247_8979_19378/1	gi|2187126051|emb|OV702300.1|	94.118	136	8	0	2	137	38238462	38238327	7.46e-49	207	4498	N/A
72_8_2247_8979_19378/1	gi|2187126051|emb|OV702300.1|	94.118	136	8	0	2	137	38530305	38530170	7.46e-49	207	4498	N/A
72_8_2247_8979_19378/1	gi|2187126051|emb|OV702300.1|	94.118	136	8	0	2	137	38678535	38678670	7.46e-49	207	4498	N/A
72_8_2247_8979_19378/1	gi|2187126051|emb|OV702300.1|	94.118	136	8	0	2	137	39862499	39862634	7.46e-49	207	4498	N/A
72_8_2247_8979_19378/1	gi|2187126051|emb|OV702300.1|	94.118	136	8	0	2	137	43265006	43265141	7.46e-49	207	4498	N/A
72_8_2247_8979_19378/1	gi|2187126051|emb|OV702300.1|	94.118	136	8	0	2	137	44196193	44196058	7.46e-49	207	4498	N/A
72_8_2247_8979_19378/1	gi|2187126051|emb|OV702300.1|	94.118	136	8	0	2	137	44268225	44268360	7.46e-49	207	4498	N/A
72_8_2247_8979_19378/1	gi|2187126051|emb|OV702300.1|	94.118	136	8	0	2	137	44757958	44757823	7.46e-49	207	4498	N/A
72_8_2247_8979_19378/1	gi|2187126051|emb|OV702300.1|	94.118	136	8	0	2	137	44776952	44777087	7.46e-49	207	4498	N/A
72_8_2247_8979_19378/1	gi|2187126051|emb|OV702300.1|	94.118	136	8	0	2	137	45139285	45139150	7.46e-49	207	4498	N/A
72_8_2247_8979_19378/1	gi|2187126051|emb|OV702300.1|	94.118	136	8	0	2	137	45252977	45253112	7.46e-49	207	4498	N/A
72_8_2247_8979_19378/1	gi|2187126051|emb|OV702300.1|	94.118	136	8	0	2	137	45815847	45815712	7.46e-49	207	4498	N/A
72_8_2247_8979_19378/1	gi|2187126051|emb|OV702300.1|	94.118	136	8	0	2	137	46828729	46828864	7.46e-49	207	4498	N/A
72_8_2247_8979_19378/1	gi|2187126051|emb|OV702300.1|	94.118	136	8	0	2	137	50380256	50380121	7.46e-49	207	4498	N/A
72_8_2247_8979_19378/1	gi|2187126051|emb|OV702300.1|	94.118	136	8	0	2	137	50743812	50743947	7.46e-49	207	4498	N/A
72_8_2247_8979_19378/1	gi|2187126051|emb|OV702300.1|	94.118	136	8	0	2	137	51592585	51592720	7.46e-49	207	4498	N/A
72_8_2247_8979_19378/1	gi|2187126051|emb|OV702300.1|	94.118	136	8	0	2	137	52386262	52386127	7.46e-49	207	4498	N/A
72_8_2247_8979_19378/1	gi|2187126051|emb|OV702300.1|	94.118	136	8	0	2	137	53315550	53315415	7.46e-49	207	4498	N/A
72_8_2247_8979_19378/1	gi|2187126051|emb|OV702300.1|	94.118	136	8	0	2	137	54217295	54217160	7.46e-49	207	4498	N/A
72_8_2247_8979_19378/1	gi|2187126051|emb|OV702300.1|	94.118	136	8	0	2	137	55209120	55208985	7.46e-49	207	4498	N/A
72_8_2247_8979_19378/1	gi|2187126051|emb|OV702300.1|	94.118	136	8	0	2	137	56604569	56604704	7.46e-49	207	4498	N/A
72_8_2247_8979_19378/1	gi|2187126051|emb|OV702300.1|	94.074	135	8	0	2	136	17808243	17808377	2.68e-48	206	4498	N/A
72_8_2247_8979_19378/1	gi|2187126051|emb|OV702300.1|	93.382	136	9	0	2	137	1476589	1476454	3.47e-47	202	4498	N/A
72_8_2247_8979_19378/1	gi|2187126051|emb|OV702300.1|	93.382	136	9	0	2	137	1584075	1584210	3.47e-47	202	4498	N/A
72_8_2247_8979_19378/1	gi|2187126051|emb|OV702300.1|	93.382	136	9	0	2	137	1652462	1652597	3.47e-47	202	4498	N/A
72_8_2247_8979_19378/1	gi|2187126051|emb|OV702300.1|	93.382	136	9	0	2	137	3988781	3988646	3.47e-47	202	4498	N/A
72_8_2247_8979_19378/1	gi|2187126051|emb|OV702300.1|	93.382	136	9	0	2	137	5059369	5059234	3.47e-47	202	4498	N/A
72_8_2247_8979_19378/1	gi|2187126051|emb|OV702300.1|	93.382	136	9	0	2	137	6774452	6774317	3.47e-47	202	4498	N/A
72_8_2247_8979_19378/1	gi|2187126051|emb|OV702300.1|	93.382	136	9	0	2	137	8296976	8297111	3.47e-47	202	4498	N/A
72_8_2247_8979_19378/1	gi|2187126051|emb|OV702300.1|	93.382	136	9	0	2	137	11547285	11547150	3.47e-47	202	4498	N/A
72_8_2247_8979_19378/1	gi|2187126051|emb|OV702300.1|	93.382	136	9	0	2	137	12224954	12225089	3.47e-47	202	4498	N/A
72_8_2247_8979_19378/1	gi|2187126051|emb|OV702300.1|	93.382	136	9	0	2	137	13316192	13316327	3.47e-47	202	4498	N/A
72_8_2247_8979_19378/1	gi|2187126051|emb|OV702300.1|	93.382	136	9	0	2	137	15127416	15127281	3.47e-47	202	4498	N/A
72_8_2247_8979_19378/1	gi|2187126051|emb|OV702300.1|	93.382	136	9	0	2	137	16444181	16444046	3.47e-47	202	4498	N/A
72_8_2247_8979_19378/1	gi|2187126051|emb|OV702300.1|	93.382	136	9	0	2	137	18290737	18290602	3.47e-47	202	4498	N/A
72_8_2247_8979_19378/1	gi|2187126051|emb|OV702300.1|	93.382	136	9	0	2	137	20744797	20744932	3.47e-47	202	4498	N/A
72_8_2247_8979_19378/1	gi|2187126051|emb|OV702300.1|	93.382	136	9	0	2	137	24058657	24058522	3.47e-47	202	4498	N/A
72_8_2247_8979_19378/1	gi|2187126051|emb|OV702300.1|	93.382	136	9	0	2	137	24414407	24414272	3.47e-47	202	4498	N/A
72_8_2247_8979_19378/1	gi|2187126051|emb|OV702300.1|	93.382	136	9	0	2	137	28379984	28379849	3.47e-47	202	4498	N/A
72_8_2247_8979_19378/1	gi|2187126051|emb|OV702300.1|	93.382	136	9	0	2	137	28481895	28481760	3.47e-47	202	4498	N/A
72_8_2247_8979_19378/1	gi|2187126051|emb|OV702300.1|	93.382	136	9	0	2	137	31681809	31681944	3.47e-47	202	4498	N/A
72_8_2247_8979_19378/1	gi|2187126051|emb|OV702300.1|	93.382	136	9	0	2	137	32575956	32576091	3.47e-47	202	4498	N/A
72_8_2247_8979_19378/1	gi|2187126051|emb|OV702300.1|	93.382	136	9	0	2	137	38117260	38117395	3.47e-47	202	4498	N/A
72_8_2247_8979_19378/1	gi|2187126051|emb|OV702300.1|	93.382	136	9	0	2	137	44296140	44296275	3.47e-47	202	4498	N/A
72_8_2247_8979_19378/1	gi|2187126051|emb|OV702300.1|	93.382	136	9	0	2	137	44610902	44611037	3.47e-47	202	4498	N/A
72_8_2247_8979_19378/1	gi|2187126051|emb|OV702300.1|	93.382	136	9	0	2	137	45014843	45014708	3.47e-47	202	4498	N/A
72_8_2247_8979_19378/1	gi|2187126051|emb|OV702300.1|	93.382	136	9	0	2	137	46223508	46223643	3.47e-47	202	4498	N/A
72_8_2247_8979_19378/1	gi|2187126051|emb|OV702300.1|	93.382	136	9	0	2	137	52493473	52493338	3.47e-47	202	4498	N/A
72_8_2247_8979_19378/1	gi|2187126051|emb|OV702300.1|	93.382	136	8	1	2	137	38152333	38152199	1.25e-46	200	4498	N/A
72_8_2247_8979_19378/1	gi|2187126051|emb|OV702300.1|	93.284	134	9	0	2	135	19036255	19036122	4.49e-46	198	4498	N/A
72_8_2247_8979_19378/1	gi|2187126051|emb|OV702300.1|	93.284	134	9	0	2	135	19673386	19673519	4.49e-46	198	4498	N/A
72_8_2247_8979_19378/1	gi|2187126051|emb|OV702300.1|	92.647	136	10	0	2	137	1917524	1917389	1.61e-45	196	4498	N/A
72_8_2247_8979_19378/1	gi|2187126051|emb|OV702300.1|	92.647	136	10	0	2	137	3952757	3952622	1.61e-45	196	4498	N/A
72_8_2247_8979_19378/1	gi|2187126051|emb|OV702300.1|	92.647	136	10	0	2	137	11435946	11436081	1.61e-45	196	4498	N/A
72_8_2247_8979_19378/1	gi|2187126051|emb|OV702300.1|	92.647	136	10	0	2	137	17148938	17149073	1.61e-45	196	4498	N/A
72_8_2247_8979_19378/1	gi|2187126051|emb|OV702300.1|	92.647	136	10	0	2	137	20764137	20764272	1.61e-45	196	4498	N/A
72_8_2247_8979_19378/1	gi|2187126051|emb|OV702300.1|	92.647	136	10	0	2	137	24250081	24250216	1.61e-45	196	4498	N/A
72_8_2247_8979_19378/1	gi|2187126051|emb|OV702300.1|	92.647	136	10	0	2	137	24306119	24306254	1.61e-45	196	4498	N/A
72_8_2247_8979_19378/1	gi|2187126051|emb|OV702300.1|	92.647	136	10	0	2	137	32225808	32225943	1.61e-45	196	4498	N/A
72_8_2247_8979_19378/1	gi|2187126051|emb|OV702300.1|	92.647	136	10	0	2	137	36245422	36245557	1.61e-45	196	4498	N/A
72_8_2247_8979_19378/1	gi|2187126051|emb|OV702300.1|	92.647	136	10	0	2	137	39018884	39018749	1.61e-45	196	4498	N/A
72_8_2247_8979_19378/1	gi|2187126051|emb|OV702300.1|	92.647	136	10	0	2	137	43118521	43118386	1.61e-45	196	4498	N/A
72_8_2247_8979_19378/1	gi|2187126051|emb|OV702300.1|	92.647	136	10	0	2	137	43378105	43377970	1.61e-45	196	4498	N/A
72_8_2247_8979_19378/1	gi|2187126051|emb|OV702300.1|	92.647	136	10	0	2	137	50948935	50949070	1.61e-45	196	4498	N/A
72_8_2247_8979_19378/1	gi|2187126051|emb|OV702300.1|	95.122	123	6	0	2	124	15952194	15952072	5.81e-45	195	4498	N/A
72_8_2247_8979_19378/1	gi|2187126051|emb|OV702300.1|	92.593	135	10	0	2	136	23891541	23891675	5.81e-45	195	4498	N/A
72_8_2247_8979_19378/1	gi|2187126051|emb|OV702300.1|	91.912	136	11	0	2	137	1532144	1532279	7.51e-44	191	4498	N/A
72_8_2247_8979_19378/1	gi|2187126051|emb|OV702300.1|	91.912	136	11	0	2	137	1862033	1861898	7.51e-44	191	4498	N/A
72_8_2247_8979_19378/1	gi|2187126051|emb|OV702300.1|	91.912	136	11	0	2	137	15164038	15163903	7.51e-44	191	4498	N/A
72_8_2247_8979_19378/1	gi|2187126051|emb|OV702300.1|	91.912	136	11	0	2	137	19920770	19920905	7.51e-44	191	4498	N/A
72_8_2247_8979_19378/1	gi|2187126051|emb|OV702300.1|	91.912	136	11	0	2	137	31782323	31782458	7.51e-44	191	4498	N/A
72_8_2247_8979_19378/1	gi|2187126051|emb|OV702300.1|	91.912	136	11	0	2	137	32775950	32776085	7.51e-44	191	4498	N/A
72_8_2247_8979_19378/1	gi|2187126051|emb|OV702300.1|	91.912	136	11	0	2	137	32878734	32878869	7.51e-44	191	4498	N/A
72_8_2247_8979_19378/1	gi|2187126051|emb|OV702300.1|	91.912	136	11	0	2	137	45168698	45168563	7.51e-44	191	4498	N/A
72_8_2247_8979_19378/1	gi|2187126051|emb|OV702300.1|	91.852	135	11	0	2	136	11420822	11420688	2.70e-43	189	4498	N/A
72_8_2247_8979_19378/1	gi|2187126051|emb|OV702300.1|	91.912	136	10	1	2	137	52570659	52570793	2.70e-43	189	4498	N/A
72_8_2247_8979_19378/1	gi|2187126051|emb|OV702300.1|	91.852	135	10	1	3	137	14907449	14907316	9.72e-43	187	4498	N/A
72_8_2247_8979_19378/1	gi|2187126051|emb|OV702300.1|	91.176	136	12	0	2	137	17997301	17997436	3.50e-42	185	4498	N/A
72_8_2247_8979_19378/1	gi|2187126051|emb|OV702300.1|	91.176	136	12	0	2	137	44390005	44389870	3.50e-42	185	4498	N/A
72_8_2247_8979_19378/1	gi|2187126051|emb|OV702300.1|	91.176	136	11	1	2	137	14134814	14134680	1.26e-41	183	4498	N/A
72_8_2247_8979_19378/1	gi|2187126051|emb|OV702300.1|	89.706	136	14	0	2	137	32736008	32735873	7.57e-39	174	4498	N/A
72_8_2247_8979_19378/1	gi|2187126051|emb|OV702300.1|	89.130	138	13	1	2	137	33537745	33537882	9.79e-38	171	4498	N/A
72_8_2247_8979_19378/1	gi|2187126051|emb|OV702300.1|	91.200	125	11	0	2	126	46488080	46488204	9.79e-38	171	4498	N/A
72_8_2247_8979_19378/1	gi|2187126051|emb|OV702300.1|	93.333	60	4	0	2	61	15965291	15965232	2.82e-13	89.8	4498	N/A
72_8_2247_8979_19378/1	gi|2957455659|gb|PV415115.1|	97.059	136	4	0	2	137	392177	392042	1.59e-55	230	38783	N/A
72_8_2247_8979_19378/1	gi|2957455659|gb|PV415115.1|	97.059	136	4	0	2	137	409601	409466	1.59e-55	230	38783	N/A
72_8_2247_8979_19378/1	gi|2957455659|gb|PV415115.1|	94.118	136	8	0	2	137	393108	392973	7.46e-49	207	38783	N/A
72_8_2247_8979_19378/1	gi|2957455659|gb|PV415115.1|	94.118	136	8	0	2	137	395221	395086	7.46e-49	207	38783	N/A
72_8_2247_8979_19378/1	gi|2957455659|gb|PV415115.1|	93.382	136	9	0	2	137	25854	25989	3.47e-47	202	38783	N/A
72_8_2247_8979_19378/1	gi|2957455659|gb|PV415115.1|	86.029	136	19	0	2	137	942834	942699	1.65e-30	147	38783	N/A
72_8_2247_8979_19378/1	gi|110734748|gb|DQ680849.1|	93.382	136	9	0	2	137	56310	56175	3.47e-47	202	38783	N/A
72_8_2247_8979_19378/1	gi|194239082|emb|AM932688.1|	79.104	134	22	3	2	132	35804	35674	1.01e-12	87.9	4565	N/A
72_8_2247_8979_19378/1	gi|1282797651|gb|MG560141.1|	80.000	120	17	6	2	119	4131797	4131911	4.72e-11	82.4	4565	N/A
72_8_2247_8979_19378/1	gi|1282797651|gb|MG560141.1|	83.824	68	11	0	2	69	2135842	2135909	4.75e-06	65.8	4565	N/A
72_8_2236_7733_10329/1	gi|2991388636|dbj|AP040949.1|	100.000	37	0	0	10	46	4537863	4537899	3.67e-07	69.4	573	N/A
72_8_1145_35578_27237/1	gi|2978724457|gb|PV611058.1|	96.000	125	1	3	8	129	295321	295444	1.25e-46	200	3421660	N/A
72_8_1145_35578_27237/1	gi|2978724457|gb|PV611058.1|	91.667	60	1	3	8	64	295784	295842	1.70e-10	80.5	3421660	N/A
72_8_1145_35578_27237/1	gi|2557643774|emb|OY673254.1|	95.652	46	2	0	8	53	21732	21777	7.90e-09	75.0	2697049	N/A
72_8_1145_35578_27237/1	gi|2463378371|dbj|AP027461.1|	95.652	46	2	0	8	53	1299632	1299677	7.90e-09	75.0	511145	N/A
72_8_1145_35578_27237/1	gi|2463378371|dbj|AP027461.1|	95.652	46	2	0	8	53	1628404	1628359	7.90e-09	75.0	511145	N/A
72_8_1145_35578_27237/1	gi|2155043183|emb|OV015804.1|	100.000	40	0	0	5	44	29950	29911	7.90e-09	75.0	2697049	N/A
72_8_1145_35578_27237/1	gi|2830983252|gb|CP170844.1|	81.915	94	5	2	8	89	4083423	4083330	3.67e-07	69.4	573	N/A
72_8_2314_48016_25990/1	gi|2978724457|gb|PV611058.1|	88.000	125	11	3	16	137	295321	295444	5.93e-30	145	3421660	N/A
72_8_2314_48016_25990/1	gi|2978724457|gb|PV611058.1|	88.889	63	3	3	16	76	295784	295844	7.90e-09	75.0	3421660	N/A
72_8_2314_48016_25990/1	gi|2830983252|gb|CP170844.1|	87.368	95	11	1	16	110	4083423	4083330	7.78e-19	108	573	N/A
72_8_2314_48016_25990/1	gi|685042160|emb|LN590685.1|	95.918	49	0	2	9	55	16867634	16867586	6.10e-10	78.7	7962	N/A
72_8_2314_48016_25990/1	gi|685042160|emb|LN590685.1|	93.750	48	1	2	10	55	850803	850850	1.02e-07	71.3	7962	N/A
72_8_2314_48016_25990/1	gi|685042160|emb|LN590685.1|	95.238	42	0	2	16	55	14193258	14193217	4.75e-06	65.8	7962	N/A
72_8_2314_48016_25990/1	gi|685042160|emb|LN590685.1|	95.238	42	0	2	16	55	18159835	18159794	4.75e-06	65.8	7962	N/A
72_8_2314_48016_25990/1	gi|2524352013|emb|OY072335.1|	93.878	49	2	1	1	49	21644	21691	2.84e-08	73.1	2697049	N/A
72_8_2314_48016_25990/1	gi|685046059|emb|LN594584.1|	92.308	52	2	2	6	55	7180	7129	2.84e-08	73.1	7962	N/A
72_8_1254_11034_19714/1	gi|2978724457|gb|PV611058.1|	86.508	126	12	4	15	137	295321	295444	1.28e-26	134	3421660	N/A
72_8_1254_11034_19714/1	gi|2978724457|gb|PV611058.1|	91.935	62	1	3	15	73	295784	295844	1.31e-11	84.2	3421660	N/A
72_8_1254_11034_19714/1	gi|2830983252|gb|CP170844.1|	87.629	97	7	2	15	109	4083423	4083330	7.78e-19	108	573	N/A
72_8_1254_11034_19714/1	gi|2755084441|gb|PP943425.1|	84.043	94	8	6	15	105	67825	67736	1.31e-11	84.2	10258	N/A
72_8_1254_11034_19714/1	gi|2755084441|gb|PP943425.1|	92.000	50	2	2	11	59	67587	67635	3.67e-07	69.4	10258	N/A
72_8_1254_11034_19714/1	gi|2557643774|emb|OY673254.1|	95.652	46	2	0	15	60	21732	21777	7.90e-09	75.0	2697049	N/A
72_8_1254_11034_19714/1	gi|2463378371|dbj|AP027461.1|	95.652	46	2	0	15	60	1299632	1299677	7.90e-09	75.0	511145	N/A
72_8_1254_11034_19714/1	gi|2463378371|dbj|AP027461.1|	95.652	46	2	0	15	60	1628404	1628359	7.90e-09	75.0	511145	N/A
72_8_1461_46333_3689/1	gi|2978724457|gb|PV611058.1|	88.095	126	10	4	15	137	295321	295444	5.93e-30	145	3421660	N/A
72_8_1461_46333_3689/1	gi|2978724457|gb|PV611058.1|	91.935	62	1	3	15	73	295784	295844	1.31e-11	84.2	3421660	N/A
72_8_1461_46333_3689/1	gi|2830983252|gb|CP170844.1|	92.632	95	5	1	14	106	4083424	4083330	3.57e-27	135	573	N/A
72_8_1461_46333_3689/1	gi|2557643774|emb|OY673254.1|	95.652	46	2	0	15	60	21732	21777	7.90e-09	75.0	2697049	N/A
72_8_1461_46333_3689/1	gi|2463378371|dbj|AP027461.1|	95.652	46	2	0	15	60	1299632	1299677	7.90e-09	75.0	511145	N/A
72_8_1461_46333_3689/1	gi|2463378371|dbj|AP027461.1|	95.652	46	2	0	15	60	1628404	1628359	7.90e-09	75.0	511145	N/A
72_8_1461_46333_3689/1	gi|2755084441|gb|PP943425.1|	93.878	49	1	2	12	59	67588	67635	2.84e-08	73.1	10258	N/A
72_8_1461_46333_3689/1	gi|2755084441|gb|PP943425.1|	93.617	47	1	2	15	60	67825	67780	3.67e-07	69.4	10258	N/A
72_8_2167_10711_12991/1	gi|2978724457|gb|PV611058.1|	83.453	139	4	10	2	137	295322	295444	6.02e-20	111	3421660	N/A
72_8_2167_10711_12991/1	gi|2978724457|gb|PV611058.1|	91.071	56	1	3	2	54	295785	295839	2.84e-08	73.1	3421660	N/A
72_8_2167_10711_12991/1	gi|2557643774|emb|OY673254.1|	95.556	45	2	0	2	46	21733	21777	2.84e-08	73.1	2697049	N/A
72_8_2167_10711_12991/1	gi|2463378371|dbj|AP027461.1|	95.556	45	2	0	2	46	1299633	1299677	2.84e-08	73.1	511145	N/A
72_8_2167_10711_12991/1	gi|2463378371|dbj|AP027461.1|	95.556	45	2	0	2	46	1628403	1628359	2.84e-08	73.1	511145	N/A
72_8_2167_10711_12991/1	gi|2755084441|gb|PP943425.1|	93.478	46	1	2	2	46	67824	67780	1.32e-06	67.6	10258	N/A
72_8_2167_10711_12991/1	gi|2755084441|gb|PP943425.1|	93.333	45	1	2	2	45	67592	67635	4.75e-06	65.8	10258	N/A
72_8_2167_10711_12991/1	gi|2560250289|emb|OY708460.1|	93.478	46	1	2	2	46	6491	6535	1.32e-06	67.6	2697049	N/A
72_8_2390_43096_15708/1	gi|2978724457|gb|PV611058.1|	93.233	133	4	4	9	137	295313	295444	7.51e-44	191	3421660	N/A
72_8_2390_43096_15708/1	gi|2978724457|gb|PV611058.1|	89.706	68	2	4	9	72	295776	295842	4.72e-11	82.4	3421660	N/A
72_8_2390_43096_15708/1	gi|2830983252|gb|CP170844.1|	84.043	94	10	2	16	104	4083423	4083330	3.65e-12	86.1	573	N/A
72_8_2390_43096_15708/1	gi|685042161|emb|LN590686.1|	94.231	52	0	3	6	55	20813821	20813871	2.20e-09	76.8	7962	N/A
72_8_2390_43096_15708/1	gi|685042161|emb|LN590686.1|	95.455	44	0	2	14	55	6380192	6380235	3.67e-07	69.4	7962	N/A
72_8_2390_43096_15708/1	gi|685042161|emb|LN590686.1|	95.238	42	0	2	16	55	4545831	4545872	4.75e-06	65.8	7962	N/A
72_8_2390_43096_15708/1	gi|685042161|emb|LN590686.1|	95.238	42	0	2	16	55	12304839	12304798	4.75e-06	65.8	7962	N/A
72_8_2390_43096_15708/1	gi|685042161|emb|LN590686.1|	90.385	52	2	3	6	55	17091837	17091887	4.75e-06	65.8	7962	N/A
72_8_2390_43096_15708/1	gi|685042161|emb|LN590686.1|	95.238	42	0	2	16	55	28125760	28125801	4.75e-06	65.8	7962	N/A
72_8_2390_43096_15708/1	gi|685042161|emb|LN590686.1|	94.872	39	0	2	19	55	12436830	12436868	2.21e-04	60.2	7962	N/A
72_8_2390_43096_15708/1	gi|2557643774|emb|OY673254.1|	95.652	46	2	0	16	61	21732	21777	7.90e-09	75.0	2697049	N/A
72_8_2390_43096_15708/1	gi|2463378371|dbj|AP027461.1|	95.652	46	2	0	16	61	1299632	1299677	7.90e-09	75.0	511145	N/A
72_8_2390_43096_15708/1	gi|2463378371|dbj|AP027461.1|	95.652	46	2	0	16	61	1628404	1628359	7.90e-09	75.0	511145	N/A
72_8_2330_32948_21984/1	gi|2978724457|gb|PV611058.1|	90.909	132	1	7	8	136	295321	295444	1.27e-36	167	3421660	N/A
72_8_2330_32948_21984/1	gi|2978724457|gb|PV611058.1|	91.667	60	1	3	8	64	295784	295842	1.70e-10	80.5	3421660	N/A
72_8_2330_32948_21984/1	gi|2830983252|gb|CP170844.1|	85.714	98	10	3	6	101	4083425	4083330	1.30e-16	100	573	N/A
72_8_2330_32948_21984/1	gi|2165836832|emb|OV197136.1|	94.118	51	1	2	4	53	120	71	2.20e-09	76.8	2697049	N/A
72_8_2330_32948_21984/1	gi|2165834303|emb|OV196009.1|	94.000	50	3	0	4	53	119	70	2.20e-09	76.8	2697049	N/A
72_8_2330_32948_21984/1	gi|2165834303|emb|OV196009.1|	97.561	41	1	0	7	47	29911	29951	1.02e-07	71.3	2697049	N/A
72_8_2330_32948_21984/1	gi|2165832678|emb|OV195277.1|	94.118	51	1	2	4	53	136	87	2.20e-09	76.8	2697049	N/A
72_8_2305_22129_1378/1	gi|2978724457|gb|PV611058.1|	91.270	126	6	4	15	137	295321	295444	1.27e-36	167	3421660	N/A
72_8_2305_22129_1378/1	gi|2978724457|gb|PV611058.1|	91.935	62	1	3	15	73	295784	295844	1.31e-11	84.2	3421660	N/A
72_8_2305_22129_1378/1	gi|2830983252|gb|CP170844.1|	88.421	95	7	2	14	104	4083424	4083330	6.02e-20	111	573	N/A
72_8_2305_22129_1378/1	gi|2557643774|emb|OY673254.1|	95.652	46	2	0	15	60	21732	21777	7.90e-09	75.0	2697049	N/A
72_8_2305_22129_1378/1	gi|2463378371|dbj|AP027461.1|	93.878	49	3	0	12	60	1299629	1299677	7.90e-09	75.0	511145	N/A
72_8_2305_22129_1378/1	gi|2463378371|dbj|AP027461.1|	95.652	46	2	0	15	60	1628404	1628359	7.90e-09	75.0	511145	N/A
72_8_2305_22129_1378/1	gi|2755084441|gb|PP943425.1|	93.750	48	1	2	13	59	67589	67635	1.02e-07	71.3	10258	N/A
72_8_2305_22129_1378/1	gi|2755084441|gb|PP943425.1|	81.319	91	11	3	15	100	67825	67736	3.67e-07	69.4	10258	N/A
72_8_1216_37407_24603/1	gi|2978724457|gb|PV611058.1|	94.444	126	1	5	2	124	295322	295444	2.70e-43	189	3421660	N/A
72_8_1216_37407_24603/1	gi|2978724457|gb|PV611058.1|	91.525	59	1	3	2	57	295785	295842	6.10e-10	78.7	3421660	N/A
72_8_1216_37407_24603/1	gi|2830983252|gb|CP170844.1|	81.915	94	14	2	2	93	4083422	4083330	2.20e-09	76.8	573	N/A
72_8_1216_37407_24603/1	gi|2557643774|emb|OY673254.1|	95.556	45	2	0	2	46	21733	21777	2.84e-08	73.1	2697049	N/A
72_8_1216_37407_24603/1	gi|2463378371|dbj|AP027461.1|	95.556	45	2	0	2	46	1299633	1299677	2.84e-08	73.1	511145	N/A
72_8_1216_37407_24603/1	gi|2463378371|dbj|AP027461.1|	95.556	45	2	0	2	46	1628403	1628359	2.84e-08	73.1	511145	N/A
72_8_1216_37407_24603/1	gi|2755084441|gb|PP943425.1|	93.478	46	1	2	2	46	67824	67780	1.32e-06	67.6	10258	N/A
72_8_1216_37407_24603/1	gi|2755084441|gb|PP943425.1|	93.333	45	1	2	2	45	67592	67635	4.75e-06	65.8	10258	N/A
72_8_1254_49537_25346/1	gi|685042440|emb|LN590965.1|	93.617	47	0	3	10	53	76684	76638	1.32e-06	67.6	7962	N/A
72_8_1254_49537_25346/1	gi|685042153|emb|LN590678.1|	100.000	29	0	0	14	42	8201653	8201625	0.010	54.7	7962	N/A
72_8_2370_47239_3045/1	gi|2991388621|dbj|AP040934.1|	93.182	44	3	0	7	50	146941	146984	4.75e-06	65.8	562	N/A
72_8_2370_47239_3045/1	gi|2991388621|dbj|AP040934.1|	97.059	34	1	0	17	50	4900948	4900915	7.95e-04	58.4	562	N/A
72_8_2370_47239_3045/1	gi|2557638192|emb|OY694677.1|	95.238	42	1	1	13	54	4299	4339	4.75e-06	65.8	2697049	N/A
72_8_2370_47239_3045/1	gi|1971769499|gb|MW477480.1|	97.368	38	1	0	13	50	19395	19432	4.75e-06	65.8	2803381	N/A
72_8_2370_47239_3045/1	gi|2165834303|emb|OV196009.1|	95.000	40	2	0	15	54	115	76	1.71e-05	63.9	2697049	N/A
72_8_2370_47239_3045/1	gi|2165834303|emb|OV196009.1|	95.000	40	2	0	15	54	29912	29951	1.71e-05	63.9	2697049	N/A
72_8_2370_47239_3045/1	gi|2155043183|emb|OV015804.1|	97.297	37	1	0	15	51	29947	29911	1.71e-05	63.9	2697049	N/A
72_8_1189_43832_4796/1	gi|2978724457|gb|PV611058.1|	93.701	127	1	5	2	125	295322	295444	1.26e-41	183	3421660	N/A
72_8_1189_43832_4796/1	gi|2978724457|gb|PV611058.1|	91.525	59	1	3	2	57	295785	295842	6.10e-10	78.7	3421660	N/A
72_8_1189_43832_4796/1	gi|2830983252|gb|CP170844.1|	84.946	93	11	2	2	91	4083422	4083330	7.84e-14	91.6	573	N/A
72_8_1189_43832_4796/1	gi|2557643774|emb|OY673254.1|	95.556	45	2	0	2	46	21733	21777	2.84e-08	73.1	2697049	N/A
72_8_1189_43832_4796/1	gi|2463378371|dbj|AP027461.1|	95.556	45	2	0	2	46	1299633	1299677	2.84e-08	73.1	511145	N/A
72_8_1189_43832_4796/1	gi|2463378371|dbj|AP027461.1|	95.556	45	2	0	2	46	1628403	1628359	2.84e-08	73.1	511145	N/A
72_8_1189_43832_4796/1	gi|2755084441|gb|PP943425.1|	93.478	46	1	2	2	46	67824	67780	1.32e-06	67.6	10258	N/A
72_8_1189_43832_4796/1	gi|2755084441|gb|PP943425.1|	93.333	45	1	2	2	45	67592	67635	4.75e-06	65.8	10258	N/A
72_8_1363_42157_24589/1	gi|2978724457|gb|PV611058.1|	91.667	132	3	5	9	137	295318	295444	2.10e-39	176	3421660	N/A
72_8_1363_42157_24589/1	gi|2978724457|gb|PV611058.1|	90.909	66	1	4	9	71	295781	295844	1.31e-11	84.2	3421660	N/A
72_8_1363_42157_24589/1	gi|2830983252|gb|CP170844.1|	85.417	96	11	2	12	105	4083424	4083330	1.69e-15	97.1	573	N/A
72_8_1363_42157_24589/1	gi|2557643774|emb|OY673254.1|	92.593	54	3	1	6	58	21724	21777	2.20e-09	76.8	2697049	N/A
72_8_1363_42157_24589/1	gi|685042242|emb|LN590767.1|	95.833	48	0	2	7	52	603262	603215	2.20e-09	76.8	7962	N/A
72_8_1363_42157_24589/1	gi|685042175|emb|LN590700.1|	94.118	51	1	2	5	53	14033949	14033899	2.20e-09	76.8	7962	N/A
72_8_1363_42157_24589/1	gi|685042175|emb|LN590700.1|	95.349	43	0	2	12	52	15778537	15778579	1.32e-06	67.6	7962	N/A
72_8_1436_41963_3746/1	gi|2978724457|gb|PV611058.1|	89.130	138	4	6	3	137	295315	295444	5.89e-35	161	3421660	N/A
72_8_1436_41963_3746/1	gi|2978724457|gb|PV611058.1|	88.406	69	3	4	3	68	295778	295844	6.10e-10	78.7	3421660	N/A
72_8_1436_41963_3746/1	gi|2830983252|gb|CP170844.1|	88.542	96	9	1	7	100	4083425	4083330	4.65e-21	115	573	N/A
72_8_1436_41963_3746/1	gi|2557643774|emb|OY673254.1|	95.652	46	2	0	9	54	21732	21777	7.90e-09	75.0	2697049	N/A
72_8_1436_41963_3746/1	gi|2463378371|dbj|AP027461.1|	95.652	46	2	0	9	54	1299632	1299677	7.90e-09	75.0	511145	N/A
72_8_1436_41963_3746/1	gi|2463378371|dbj|AP027461.1|	95.652	46	2	0	9	54	1628404	1628359	7.90e-09	75.0	511145	N/A
72_8_1436_41963_3746/1	gi|2165836832|emb|OV197136.1|	94.000	50	1	2	6	54	119	71	7.90e-09	75.0	2697049	N/A
72_8_2340_29137_11828/1	gi|2978724457|gb|PV611058.1|	93.233	133	3	5	3	132	295315	295444	7.51e-44	191	3421660	N/A
72_8_2340_29137_11828/1	gi|2978724457|gb|PV611058.1|	89.394	66	3	3	3	65	295778	295842	1.70e-10	80.5	3421660	N/A
72_8_2340_29137_11828/1	gi|2830983252|gb|CP170844.1|	82.474	97	14	2	7	101	4083425	4083330	4.72e-11	82.4	573	N/A
72_8_2340_29137_11828/1	gi|2557643774|emb|OY673254.1|	95.652	46	2	0	9	54	21732	21777	7.90e-09	75.0	2697049	N/A
72_8_2340_29137_11828/1	gi|2463378371|dbj|AP027461.1|	95.652	46	2	0	9	54	1299632	1299677	7.90e-09	75.0	511145	N/A
72_8_2340_29137_11828/1	gi|2463378371|dbj|AP027461.1|	95.652	46	2	0	9	54	1628404	1628359	7.90e-09	75.0	511145	N/A
72_8_2340_29137_11828/1	gi|2165836832|emb|OV197136.1|	94.000	50	1	2	6	54	119	71	7.90e-09	75.0	2697049	N/A
72_8_1126_16019_17837/1	gi|2978724457|gb|PV611058.1|	85.714	84	8	3	57	137	295321	295403	3.65e-12	86.1	3421660	N/A
72_8_1126_16019_17837/1	gi|2978724457|gb|PV611058.1|	90.000	60	2	3	57	113	295784	295842	7.90e-09	75.0	3421660	N/A
72_8_1126_16019_17837/1	gi|2830983252|gb|CP170844.1|	85.714	84	9	2	57	137	4083423	4083340	3.65e-12	86.1	573	N/A
72_8_1126_16019_17837/1	gi|2557643774|emb|OY673254.1|	89.474	57	5	1	47	102	21721	21777	1.02e-07	71.3	2697049	N/A
72_8_1126_16019_17837/1	gi|2463378371|dbj|AP027461.1|	93.478	46	3	0	57	102	1299632	1299677	3.67e-07	69.4	511145	N/A
72_8_1126_16019_17837/1	gi|2463378371|dbj|AP027461.1|	93.478	46	3	0	57	102	1628404	1628359	3.67e-07	69.4	511145	N/A
72_8_1126_16019_17837/1	gi|685044342|emb|LN592867.1|	92.157	51	1	3	48	96	33485	33436	3.67e-07	69.4	7962	N/A
72_8_1237_20802_5749/1	gi|2978724457|gb|PV611058.1|	93.651	126	1	6	2	123	295322	295444	4.52e-41	182	3421660	N/A
72_8_1237_20802_5749/1	gi|2978724457|gb|PV611058.1|	89.831	59	1	4	2	56	295785	295842	1.02e-07	71.3	3421660	N/A
72_8_1237_20802_5749/1	gi|2830983252|gb|CP170844.1|	82.796	93	11	3	2	89	4083422	4083330	6.10e-10	78.7	573	N/A
72_8_1237_20802_5749/1	gi|2557643774|emb|OY673254.1|	93.333	45	2	1	2	45	21733	21777	4.75e-06	65.8	2697049	N/A
72_8_1237_20802_5749/1	gi|2463378371|dbj|AP027461.1|	93.333	45	2	1	2	45	1299633	1299677	4.75e-06	65.8	511145	N/A
72_8_1237_20802_5749/1	gi|2463378371|dbj|AP027461.1|	93.333	45	2	1	2	45	1628403	1628359	4.75e-06	65.8	511145	N/A
72_8_1237_20802_5749/1	gi|2755084441|gb|PP943425.1|	91.304	46	1	3	2	45	67824	67780	2.21e-04	60.2	10258	N/A
72_8_1237_20802_5749/1	gi|2755084441|gb|PP943425.1|	91.111	45	1	3	2	44	67592	67635	7.95e-04	58.4	10258	N/A
72_8_2424_32972_23482/1	gi|2004791780|ref|XM_040046797.1|	100.000	32	0	0	18	49	32	1	2.21e-04	60.2	43689	N/A
72_8_2236_30019_21311/1	gi|2978724457|gb|PV611058.1|	89.394	132	3	6	8	137	295321	295443	2.74e-33	156	3421660	N/A
72_8_2236_30019_21311/1	gi|2978724457|gb|PV611058.1|	90.000	60	2	3	8	64	295784	295842	7.90e-09	75.0	3421660	N/A
72_8_2236_30019_21311/1	gi|2830983252|gb|CP170844.1|	86.458	96	10	2	7	100	4083424	4083330	3.62e-17	102	573	N/A
72_8_2236_30019_21311/1	gi|2924925013|gb|PQ571295.1|	100.000	38	0	0	5	42	226	263	1.02e-07	71.3	3385244	N/A
72_8_2236_30019_21311/1	gi|2755084441|gb|PP943425.1|	95.556	45	1	1	5	48	67588	67632	1.02e-07	71.3	10258	N/A
72_8_2236_30019_21311/1	gi|2755084441|gb|PP943425.1|	80.435	92	14	4	8	97	67825	67736	1.32e-06	67.6	10258	N/A
72_8_2236_30019_21311/1	gi|2557648311|emb|OY677105.1|	100.000	38	0	0	5	42	9641	9678	1.02e-07	71.3	2697049	N/A
72_8_1309_10411_15694/1	gi|2978724457|gb|PV611058.1|	87.059	85	7	3	56	137	295320	295403	2.18e-14	93.5	3421660	N/A
72_8_1309_10411_15694/1	gi|2978724457|gb|PV611058.1|	90.164	61	2	3	56	113	295783	295842	2.20e-09	76.8	3421660	N/A
72_8_1309_10411_15694/1	gi|685042161|emb|LN590686.1|	91.071	56	2	3	44	96	20813816	20813871	2.84e-08	73.1	7962	N/A
72_8_1309_10411_15694/1	gi|685042161|emb|LN590686.1|	93.333	45	1	2	54	96	6380191	6380235	4.75e-06	65.8	7962	N/A
72_8_1309_10411_15694/1	gi|685042161|emb|LN590686.1|	95.000	40	0	2	59	96	4545833	4545872	6.15e-05	62.1	7962	N/A
72_8_1309_10411_15694/1	gi|685042161|emb|LN590686.1|	95.000	40	0	2	59	96	12304837	12304798	6.15e-05	62.1	7962	N/A
72_8_1309_10411_15694/1	gi|685042161|emb|LN590686.1|	95.000	40	0	2	59	96	17091848	17091887	6.15e-05	62.1	7962	N/A
72_8_1309_10411_15694/1	gi|685042161|emb|LN590686.1|	93.182	44	0	3	56	96	28125758	28125801	6.15e-05	62.1	7962	N/A
72_8_1309_10411_15694/1	gi|685042161|emb|LN590686.1|	93.023	43	0	3	57	96	12436826	12436868	2.21e-04	60.2	7962	N/A
72_8_1309_10411_15694/1	gi|2557643774|emb|OY673254.1|	95.455	44	2	0	59	102	21734	21777	1.02e-07	71.3	2697049	N/A
72_8_1309_10411_15694/1	gi|2463378371|dbj|AP027461.1|	95.455	44	2	0	59	102	1299634	1299677	1.02e-07	71.3	511145	N/A
72_8_1309_10411_15694/1	gi|2463378371|dbj|AP027461.1|	95.455	44	2	0	59	102	1628402	1628359	1.02e-07	71.3	511145	N/A
72_8_1309_10411_15694/1	gi|1973745234|dbj|LC529901.1|	93.750	48	2	1	44	91	11765	11719	1.02e-07	71.3	76106	N/A
72_8_1309_10411_15694/1	gi|1973745234|dbj|LC529901.1|	100.000	33	0	0	59	91	117101	117133	6.15e-05	62.1	76106	N/A
72_8_1309_10411_15694/1	gi|1973745234|dbj|LC529901.1|	100.000	33	0	0	59	91	164423	164455	6.15e-05	62.1	76106	N/A
72_8_2419_14700_28497/1	gi|2863125063|dbj|AP038805.1|	100.000	38	0	0	95	132	406644	406607	1.02e-07	71.3	70125	N/A
72_8_2419_14700_28497/1	gi|1066401480|dbj|LC183552.1|	100.000	38	0	0	95	132	416	453	1.02e-07	71.3	182487	N/A
72_8_2419_14700_28497/1	gi|2560502367|emb|OY629453.1|	100.000	38	0	0	97	134	5916	5953	1.02e-07	71.3	2697049	N/A
72_8_2419_14700_28497/1	gi|2155043183|emb|OV015804.1|	100.000	38	0	0	98	135	29948	29911	1.02e-07	71.3	2697049	N/A
72_8_2419_14700_28497/1	gi|2056797228|tpg|BK057247.1|	95.455	44	2	0	90	133	42082	42125	1.02e-07	71.3	38018	N/A
72_8_1169_26523_19714/1	gi|2978724457|gb|PV611058.1|	96.063	127	1	3	11	134	295319	295444	9.65e-48	204	3421660	N/A
72_8_1169_26523_19714/1	gi|2978724457|gb|PV611058.1|	91.935	62	1	3	11	69	295782	295842	1.31e-11	84.2	3421660	N/A
72_8_1169_26523_19714/1	gi|2557643774|emb|OY673254.1|	94.444	54	2	1	6	58	21724	21777	4.72e-11	82.4	2697049	N/A
72_8_1169_26523_19714/1	gi|685042175|emb|LN590700.1|	94.118	51	1	2	5	53	14033949	14033899	2.20e-09	76.8	7962	N/A
72_8_1169_26523_19714/1	gi|685042175|emb|LN590700.1|	95.238	42	0	2	13	52	15778538	15778579	4.75e-06	65.8	7962	N/A
72_8_1169_26523_19714/1	gi|2560250289|emb|OY708460.1|	94.000	50	1	2	10	58	6487	6535	7.90e-09	75.0	2697049	N/A
72_8_1169_26523_19714/1	gi|2830983252|gb|CP170844.1|	81.915	94	5	2	13	94	4083423	4083330	3.67e-07	69.4	573	N/A
72_8_1276_42902_7163/1	gi|2978724457|gb|PV611058.1|	92.063	126	5	4	15	137	295321	295444	2.72e-38	172	3421660	N/A
72_8_1276_42902_7163/1	gi|2978724457|gb|PV611058.1|	91.667	60	1	3	15	71	295784	295842	1.70e-10	80.5	3421660	N/A
72_8_1276_42902_7163/1	gi|2830983252|gb|CP170844.1|	86.316	95	11	1	14	106	4083424	4083330	3.62e-17	102	573	N/A
72_8_1276_42902_7163/1	gi|2557643774|emb|OY673254.1|	95.652	46	2	0	15	60	21732	21777	7.90e-09	75.0	2697049	N/A
72_8_1276_42902_7163/1	gi|2463378371|dbj|AP027461.1|	95.652	46	2	0	15	60	1299632	1299677	7.90e-09	75.0	511145	N/A
72_8_1276_42902_7163/1	gi|2463378371|dbj|AP027461.1|	95.652	46	2	0	15	60	1628404	1628359	7.90e-09	75.0	511145	N/A
72_8_1276_42902_7163/1	gi|685042160|emb|LN590685.1|	93.878	49	1	2	8	54	16867634	16867586	2.84e-08	73.1	7962	N/A
72_8_1276_42902_7163/1	gi|685042160|emb|LN590685.1|	91.667	48	2	2	9	54	850803	850850	4.75e-06	65.8	7962	N/A
72_8_1276_42902_7163/1	gi|685042160|emb|LN590685.1|	95.238	42	0	2	15	54	14193258	14193217	4.75e-06	65.8	7962	N/A
72_8_1276_42902_7163/1	gi|685042160|emb|LN590685.1|	95.238	42	0	2	15	54	18159835	18159794	4.75e-06	65.8	7962	N/A
72_8_2398_15242_27139/1	gi|2978724457|gb|PV611058.1|	95.238	126	3	3	7	130	295320	295444	1.61e-45	196	3421660	N/A
72_8_2398_15242_27139/1	gi|2978724457|gb|PV611058.1|	91.667	60	3	2	7	64	295783	295842	4.72e-11	82.4	3421660	N/A
72_8_2398_15242_27139/1	gi|2830983252|gb|CP170844.1|	82.979	94	13	2	8	98	4083423	4083330	4.72e-11	82.4	573	N/A
72_8_2398_15242_27139/1	gi|2557643774|emb|OY673254.1|	95.652	46	2	0	8	53	21732	21777	7.90e-09	75.0	2697049	N/A
72_8_2398_15242_27139/1	gi|685042188|emb|LN590713.1|	100.000	39	0	0	7	45	7120047	7120085	2.84e-08	73.1	7962	N/A
72_8_2398_15242_27139/1	gi|685042188|emb|LN590713.1|	100.000	30	0	0	8	37	16189618	16189589	0.003	56.5	7962	N/A
72_8_2398_15242_27139/1	gi|2560271083|emb|OY714119.1|	100.000	38	0	0	5	42	4298	4335	1.02e-07	71.3	2697049	N/A
72_8_2317_8097_17795/1	gi|2031942163|emb|OD958063.1|	100.000	30	0	0	5	34	30	1	0.003	56.5	5763	N/A
72_8_1456_37472_21157/1	gi|2978724457|gb|PV611058.1|	89.231	130	10	3	11	137	295316	295444	2.12e-34	159	3421660	N/A
72_8_1456_37472_21157/1	gi|2978724457|gb|PV611058.1|	90.769	65	2	3	11	72	295779	295842	1.31e-11	84.2	3421660	N/A
72_8_1456_37472_21157/1	gi|2830983252|gb|CP170844.1|	90.426	94	6	2	16	106	4083423	4083330	1.00e-22	121	573	N/A
72_8_1456_37472_21157/1	gi|2557643774|emb|OY673254.1|	95.652	46	2	0	16	61	21732	21777	7.90e-09	75.0	2697049	N/A
72_8_1456_37472_21157/1	gi|2463378371|dbj|AP027461.1|	93.878	49	3	0	13	61	1299629	1299677	7.90e-09	75.0	511145	N/A
72_8_1456_37472_21157/1	gi|2463378371|dbj|AP027461.1|	95.652	46	2	0	16	61	1628404	1628359	7.90e-09	75.0	511145	N/A
72_8_1456_37472_21157/1	gi|685047827|emb|LN596339.1|	94.000	50	1	2	8	55	601778	601827	7.90e-09	75.0	7962	N/A
72_8_2270_50427_19098/1	gi|2978724457|gb|PV611058.1|	92.708	96	3	3	45	137	295323	295417	3.57e-27	135	3421660	N/A
72_8_2270_50427_19098/1	gi|2978724457|gb|PV611058.1|	91.379	58	1	3	45	99	295786	295842	2.20e-09	76.8	3421660	N/A
72_8_2270_50427_19098/1	gi|2830983252|gb|CP170844.1|	81.720	93	14	2	45	135	4083421	4083330	7.90e-09	75.0	573	N/A
72_8_2270_50427_19098/1	gi|2557643774|emb|OY673254.1|	95.455	44	2	0	45	88	21734	21777	1.02e-07	71.3	2697049	N/A
72_8_2270_50427_19098/1	gi|2463378371|dbj|AP027461.1|	95.455	44	2	0	45	88	1299634	1299677	1.02e-07	71.3	511145	N/A
72_8_2270_50427_19098/1	gi|2463378371|dbj|AP027461.1|	95.455	44	2	0	45	88	1628402	1628359	1.02e-07	71.3	511145	N/A
72_8_2270_50427_19098/1	gi|2524352013|emb|OY072335.1|	93.478	46	1	2	32	76	21647	21691	1.32e-06	67.6	2697049	N/A
72_8_2281_33264_16058/1	gi|2978724457|gb|PV611058.1|	94.444	126	3	3	8	131	295321	295444	7.51e-44	191	3421660	N/A
72_8_2281_33264_16058/1	gi|2978724457|gb|PV611058.1|	91.525	59	3	2	8	64	295784	295842	1.70e-10	80.5	3421660	N/A
72_8_2281_33264_16058/1	gi|2830983252|gb|CP170844.1|	84.375	96	11	2	6	97	4083425	4083330	7.84e-14	91.6	573	N/A
72_8_2281_33264_16058/1	gi|2557643774|emb|OY673254.1|	95.652	46	2	0	8	53	21732	21777	7.90e-09	75.0	2697049	N/A
72_8_2281_33264_16058/1	gi|2165832678|emb|OV195277.1|	93.750	48	3	0	6	53	134	87	2.84e-08	73.1	2697049	N/A
72_8_2281_33264_16058/1	gi|2165832904|emb|OV195202.1|	100.000	38	0	0	6	43	237	200	1.02e-07	71.3	2697049	N/A
72_8_1334_40272_6925/1	gi|2978724457|gb|PV611058.1|	90.152	132	2	8	9	137	295321	295444	5.89e-35	161	3421660	N/A
72_8_1334_40272_6925/1	gi|2978724457|gb|PV611058.1|	90.323	62	1	4	9	67	295784	295843	2.20e-09	76.8	3421660	N/A
72_8_1334_40272_6925/1	gi|2830983252|gb|CP170844.1|	85.567	97	10	3	8	102	4083424	4083330	4.68e-16	99.0	573	N/A
72_8_1334_40272_6925/1	gi|2755084441|gb|PP943425.1|	82.609	92	12	4	9	98	67825	67736	6.10e-10	78.7	10258	N/A
72_8_1334_40272_6925/1	gi|2755084441|gb|PP943425.1|	93.878	49	1	2	6	53	67588	67635	2.84e-08	73.1	10258	N/A
72_8_1334_40272_6925/1	gi|2557643774|emb|OY673254.1|	95.652	46	2	0	9	54	21732	21777	7.90e-09	75.0	2697049	N/A
72_8_1334_40272_6925/1	gi|2463378371|dbj|AP027461.1|	95.652	46	2	0	9	54	1299632	1299677	7.90e-09	75.0	511145	N/A
72_8_1334_40272_6925/1	gi|2463378371|dbj|AP027461.1|	95.652	46	2	0	9	54	1628404	1628359	7.90e-09	75.0	511145	N/A
72_8_2302_30116_11674/1	gi|2978724457|gb|PV611058.1|	94.656	131	2	4	10	137	295316	295444	4.49e-46	198	3421660	N/A
72_8_2302_30116_11674/1	gi|2978724457|gb|PV611058.1|	90.769	65	2	3	10	71	295779	295842	1.31e-11	84.2	3421660	N/A
72_8_2302_30116_11674/1	gi|2830983252|gb|CP170844.1|	83.158	95	7	2	14	99	4083424	4083330	6.10e-10	78.7	573	N/A
72_8_2302_30116_11674/1	gi|685042161|emb|LN590686.1|	94.231	52	0	3	5	54	20813821	20813871	2.20e-09	76.8	7962	N/A
72_8_2302_30116_11674/1	gi|685042161|emb|LN590686.1|	95.349	43	0	2	14	54	12304840	12304798	1.32e-06	67.6	7962	N/A
72_8_2302_30116_11674/1	gi|685042161|emb|LN590686.1|	95.238	42	0	2	15	54	4545831	4545872	4.75e-06	65.8	7962	N/A
72_8_2302_30116_11674/1	gi|685042161|emb|LN590686.1|	95.238	42	0	2	15	54	6380194	6380235	4.75e-06	65.8	7962	N/A
72_8_2302_30116_11674/1	gi|685042161|emb|LN590686.1|	95.238	42	0	2	15	54	17091846	17091887	4.75e-06	65.8	7962	N/A
72_8_2302_30116_11674/1	gi|685042161|emb|LN590686.1|	95.238	42	0	2	15	54	28125760	28125801	4.75e-06	65.8	7962	N/A
72_8_2302_30116_11674/1	gi|685042161|emb|LN590686.1|	94.872	39	0	2	18	54	12436830	12436868	2.21e-04	60.2	7962	N/A
72_8_2302_30116_11674/1	gi|2557643774|emb|OY673254.1|	95.652	46	2	0	15	60	21732	21777	7.90e-09	75.0	2697049	N/A
72_8_2302_30116_11674/1	gi|2463378371|dbj|AP027461.1|	95.652	46	2	0	15	60	1299632	1299677	7.90e-09	75.0	511145	N/A
72_8_2302_30116_11674/1	gi|2463378371|dbj|AP027461.1|	95.652	46	2	0	15	60	1628404	1628359	7.90e-09	75.0	511145	N/A
72_8_2213_43776_29576/1	gi|2557638192|emb|OY694677.1|	91.667	48	2	2	13	59	4300	4346	4.75e-06	65.8	2697049	N/A
72_8_2213_43776_29576/1	gi|2165834303|emb|OV196009.1|	91.304	46	4	0	14	59	115	70	1.71e-05	63.9	2697049	N/A
72_8_2213_43776_29576/1	gi|2165834303|emb|OV196009.1|	95.000	40	2	0	14	53	29912	29951	1.71e-05	63.9	2697049	N/A
72_8_2213_43776_29576/1	gi|2155043183|emb|OV015804.1|	97.297	37	1	0	14	50	29947	29911	1.71e-05	63.9	2697049	N/A
72_8_2213_43776_29576/1	gi|1971769499|gb|MW477480.1|	97.297	37	1	0	13	49	19396	19432	1.71e-05	63.9	2803381	N/A
72_8_2213_43776_29576/1	gi|2991388636|dbj|AP040949.1|	97.222	36	1	0	14	49	3527638	3527673	6.15e-05	62.1	573	N/A
72_8_1327_8040_20219/1	gi|2978724457|gb|PV611058.1|	89.844	128	6	4	13	137	295321	295444	7.62e-34	158	3421660	N/A
72_8_1327_8040_20219/1	gi|2978724457|gb|PV611058.1|	91.667	60	1	3	13	69	295784	295842	1.70e-10	80.5	3421660	N/A
72_8_1327_8040_20219/1	gi|2830983252|gb|CP170844.1|	88.421	95	8	2	13	105	4083423	4083330	6.02e-20	111	573	N/A
72_8_1327_8040_20219/1	gi|2557643774|emb|OY673254.1|	95.652	46	2	0	13	58	21732	21777	7.90e-09	75.0	2697049	N/A
72_8_1327_8040_20219/1	gi|2463378371|dbj|AP027461.1|	93.878	49	3	0	10	58	1299629	1299677	7.90e-09	75.0	511145	N/A
72_8_1327_8040_20219/1	gi|2463378371|dbj|AP027461.1|	95.652	46	2	0	13	58	1628404	1628359	7.90e-09	75.0	511145	N/A
72_8_1327_8040_20219/1	gi|685049067|emb|LN597579.1|	100.000	40	0	0	8	47	1397	1436	7.90e-09	75.0	7962	N/A
72_8_2215_42869_6071/1	gi|2557643774|emb|OY673254.1|	94.872	39	2	0	99	137	21738	21776	6.15e-05	62.1	2697049	N/A
72_8_2215_42869_6071/1	gi|2463378371|dbj|AP027461.1|	94.872	39	2	0	99	137	1299638	1299676	6.15e-05	62.1	511145	N/A
72_8_2215_42869_6071/1	gi|2463378371|dbj|AP027461.1|	94.872	39	2	0	99	137	1628398	1628360	6.15e-05	62.1	511145	N/A
72_8_2215_42869_6071/1	gi|1691166160|emb|LS991521.1|	97.059	34	1	0	99	132	238	205	7.95e-04	58.4	675436	N/A
72_8_2215_42869_6071/1	gi|2165834303|emb|OV196009.1|	97.059	34	1	0	99	132	109	76	7.95e-04	58.4	2697049	N/A
72_8_2215_42869_6071/1	gi|2165834303|emb|OV196009.1|	97.059	34	1	0	99	132	29918	29951	7.95e-04	58.4	2697049	N/A
72_8_2215_42869_6071/1	gi|2155043183|emb|OV015804.1|	100.000	31	0	0	99	129	29941	29911	7.95e-04	58.4	2697049	N/A
72_8_2336_21595_16507/1	gi|2978724457|gb|PV611058.1|	92.000	125	6	3	16	137	295321	295444	2.72e-38	172	3421660	N/A
72_8_2336_21595_16507/1	gi|2978724457|gb|PV611058.1|	91.667	60	1	3	16	72	295784	295842	1.70e-10	80.5	3421660	N/A
72_8_2336_21595_16507/1	gi|2830983252|gb|CP170844.1|	85.417	96	11	2	15	108	4083424	4083330	1.69e-15	97.1	573	N/A
72_8_2336_21595_16507/1	gi|2755084441|gb|PP943425.1|	94.000	50	1	2	12	60	67587	67635	7.90e-09	75.0	10258	N/A
72_8_2336_21595_16507/1	gi|2755084441|gb|PP943425.1|	93.617	47	1	2	16	61	67825	67780	3.67e-07	69.4	10258	N/A
72_8_2336_21595_16507/1	gi|2557643774|emb|OY673254.1|	95.652	46	2	0	16	61	21732	21777	7.90e-09	75.0	2697049	N/A
72_8_2336_21595_16507/1	gi|2463378371|dbj|AP027461.1|	95.652	46	2	0	16	61	1299632	1299677	7.90e-09	75.0	511145	N/A
72_8_2336_21595_16507/1	gi|2463378371|dbj|AP027461.1|	95.652	46	2	0	16	61	1628404	1628359	7.90e-09	75.0	511145	N/A
72_8_2195_20413_20877/1	gi|2978724457|gb|PV611058.1|	96.000	125	1	3	8	129	295321	295444	1.25e-46	200	3421660	N/A
72_8_2195_20413_20877/1	gi|2978724457|gb|PV611058.1|	91.667	60	1	3	8	64	295784	295842	1.70e-10	80.5	3421660	N/A
72_8_2195_20413_20877/1	gi|2755084441|gb|PP943425.1|	94.000	50	1	2	4	52	67587	67635	7.90e-09	75.0	10258	N/A
72_8_2195_20413_20877/1	gi|2755084441|gb|PP943425.1|	93.617	47	1	2	8	53	67825	67780	3.67e-07	69.4	10258	N/A
72_8_2195_20413_20877/1	gi|2557643774|emb|OY673254.1|	95.652	46	2	0	8	53	21732	21777	7.90e-09	75.0	2697049	N/A
72_8_2195_20413_20877/1	gi|2463378371|dbj|AP027461.1|	95.652	46	2	0	8	53	1299632	1299677	7.90e-09	75.0	511145	N/A
72_8_2195_20413_20877/1	gi|2463378371|dbj|AP027461.1|	95.652	46	2	0	8	53	1628404	1628359	7.90e-09	75.0	511145	N/A
72_8_2195_20413_20877/1	gi|2830983252|gb|CP170844.1|	82.105	95	5	2	7	89	4083424	4083330	1.02e-07	71.3	573	N/A
72_8_2118_29703_20093/1	gi|2165834303|emb|OV196009.1|	90.196	51	5	0	9	59	120	70	1.32e-06	67.6	2697049	N/A
72_8_2118_29703_20093/1	gi|2165834303|emb|OV196009.1|	95.122	41	2	0	13	53	29911	29951	4.75e-06	65.8	2697049	N/A
72_8_2118_29703_20093/1	gi|2991388621|dbj|AP040934.1|	95.238	42	1	1	9	49	146943	146984	4.75e-06	65.8	562	N/A
72_8_2118_29703_20093/1	gi|2991388621|dbj|AP040934.1|	94.872	39	1	1	11	49	4900952	4900915	2.21e-04	60.2	562	N/A
72_8_2118_29703_20093/1	gi|2557649546|emb|OY678249.1|	97.368	38	1	0	11	48	10397	10434	4.75e-06	65.8	2697049	N/A
72_8_2118_29703_20093/1	gi|2165836382|emb|OV196890.1|	95.122	41	2	0	9	49	122	82	4.75e-06	65.8	2697049	N/A
72_8_2118_29703_20093/1	gi|2165834670|emb|OV196177.1|	95.122	41	2	0	9	49	122	82	4.75e-06	65.8	2697049	N/A
72_8_2139_8364_16633/1	gi|2978724457|gb|PV611058.1|	90.000	130	1	5	1	127	295324	295444	7.62e-34	158	3421660	N/A
72_8_2139_8364_16633/1	gi|2978724457|gb|PV611058.1|	91.228	57	1	3	1	54	295787	295842	7.90e-09	75.0	3421660	N/A
72_8_2139_8364_16633/1	gi|2830983252|gb|CP170844.1|	90.110	91	7	1	1	89	4083420	4083330	1.29e-21	117	573	N/A
72_8_2139_8364_16633/1	gi|2557643774|emb|OY673254.1|	95.349	43	2	0	1	43	21735	21777	3.67e-07	69.4	2697049	N/A
72_8_2139_8364_16633/1	gi|2463378371|dbj|AP027461.1|	95.349	43	2	0	1	43	1299635	1299677	3.67e-07	69.4	511145	N/A
72_8_2139_8364_16633/1	gi|2463378371|dbj|AP027461.1|	95.349	43	2	0	1	43	1628401	1628359	3.67e-07	69.4	511145	N/A
72_8_2139_8364_16633/1	gi|2755084441|gb|PP943425.1|	93.182	44	1	2	1	43	67822	67780	1.71e-05	63.9	10258	N/A
72_8_2139_8364_16633/1	gi|2755084441|gb|PP943425.1|	93.023	43	1	2	1	42	67594	67635	6.15e-05	62.1	10258	N/A
72_8_1248_23237_21816/1	gi|2978724457|gb|PV611058.1|	90.840	131	1	6	2	129	295322	295444	4.55e-36	165	3421660	N/A
72_8_1248_23237_21816/1	gi|2978724457|gb|PV611058.1|	91.525	59	1	3	2	57	295785	295842	6.10e-10	78.7	3421660	N/A
72_8_1248_23237_21816/1	gi|2830983252|gb|CP170844.1|	87.234	94	9	2	2	93	4083422	4083330	1.01e-17	104	573	N/A
72_8_1248_23237_21816/1	gi|2557643774|emb|OY673254.1|	95.556	45	2	0	2	46	21733	21777	2.84e-08	73.1	2697049	N/A
72_8_1248_23237_21816/1	gi|2463378371|dbj|AP027461.1|	95.556	45	2	0	2	46	1299633	1299677	2.84e-08	73.1	511145	N/A
72_8_1248_23237_21816/1	gi|2463378371|dbj|AP027461.1|	95.556	45	2	0	2	46	1628403	1628359	2.84e-08	73.1	511145	N/A
72_8_1248_23237_21816/1	gi|2755084441|gb|PP943425.1|	93.478	46	1	2	2	46	67824	67780	1.32e-06	67.6	10258	N/A
72_8_1248_23237_21816/1	gi|2755084441|gb|PP943425.1|	93.333	45	1	2	2	45	67592	67635	4.75e-06	65.8	10258	N/A
72_8_2229_7320_27321/1	gi|2978724457|gb|PV611058.1|	93.600	125	2	4	16	137	295323	295444	4.52e-41	182	3421660	N/A
72_8_2229_7320_27321/1	gi|2978724457|gb|PV611058.1|	91.379	58	1	3	16	70	295786	295842	2.20e-09	76.8	3421660	N/A
72_8_2229_7320_27321/1	gi|2830983252|gb|CP170844.1|	84.783	92	11	2	16	104	4083421	4083330	2.82e-13	89.8	573	N/A
72_8_2229_7320_27321/1	gi|2557643774|emb|OY673254.1|	95.455	44	2	0	16	59	21734	21777	1.02e-07	71.3	2697049	N/A
72_8_2229_7320_27321/1	gi|2463378371|dbj|AP027461.1|	95.455	44	2	0	16	59	1299634	1299677	1.02e-07	71.3	511145	N/A
72_8_2229_7320_27321/1	gi|2463378371|dbj|AP027461.1|	95.455	44	2	0	16	59	1628402	1628359	1.02e-07	71.3	511145	N/A
72_8_2229_7320_27321/1	gi|2155043183|emb|OV015804.1|	97.500	40	1	0	11	50	29950	29911	3.67e-07	69.4	2697049	N/A
72_8_2404_18123_12346/1	gi|2978724457|gb|PV611058.1|	93.233	133	3	5	3	132	295315	295444	7.51e-44	191	3421660	N/A
72_8_2404_18123_12346/1	gi|2978724457|gb|PV611058.1|	89.394	66	3	3	3	65	295778	295842	1.70e-10	80.5	3421660	N/A
72_8_2404_18123_12346/1	gi|2830983252|gb|CP170844.1|	84.043	94	12	2	9	99	4083423	4083330	1.01e-12	87.9	573	N/A
72_8_2404_18123_12346/1	gi|2557643774|emb|OY673254.1|	95.652	46	2	0	9	54	21732	21777	7.90e-09	75.0	2697049	N/A
72_8_2404_18123_12346/1	gi|2463378371|dbj|AP027461.1|	95.652	46	2	0	9	54	1299632	1299677	7.90e-09	75.0	511145	N/A
72_8_2404_18123_12346/1	gi|2463378371|dbj|AP027461.1|	95.652	46	2	0	9	54	1628404	1628359	7.90e-09	75.0	511145	N/A
72_8_2404_18123_12346/1	gi|2155043183|emb|OV015804.1|	100.000	39	0	0	7	45	29949	29911	2.84e-08	73.1	2697049	N/A
72_8_1247_12709_4460/1	gi|2978724457|gb|PV611058.1|	90.476	126	7	4	15	137	295321	295444	5.89e-35	161	3421660	N/A
72_8_1247_12709_4460/1	gi|2978724457|gb|PV611058.1|	91.667	60	1	3	15	71	295784	295842	1.70e-10	80.5	3421660	N/A
72_8_1247_12709_4460/1	gi|2830983252|gb|CP170844.1|	87.368	95	9	2	15	107	4083423	4083330	2.80e-18	106	573	N/A
72_8_1247_12709_4460/1	gi|2524352013|emb|OY072335.1|	95.833	48	2	0	1	48	21644	21691	6.10e-10	78.7	2697049	N/A
72_8_1247_12709_4460/1	gi|685042185|emb|LN590710.1|	97.778	45	1	0	4	48	9162078	9162122	6.10e-10	78.7	7962	N/A
72_8_1247_12709_4460/1	gi|685042185|emb|LN590710.1|	95.238	42	0	2	15	54	3790452	3790411	4.75e-06	65.8	7962	N/A
72_8_1247_12709_4460/1	gi|685042185|emb|LN590710.1|	95.238	42	0	2	15	54	6008694	6008735	4.75e-06	65.8	7962	N/A
72_8_1247_12709_4460/1	gi|685042185|emb|LN590710.1|	95.238	42	0	2	15	54	10218503	10218544	4.75e-06	65.8	7962	N/A
72_8_1247_12709_4460/1	gi|2557643774|emb|OY673254.1|	95.652	46	2	0	15	60	21732	21777	7.90e-09	75.0	2697049	N/A
72_8_1359_2392_27503/1	gi|2978724457|gb|PV611058.1|	88.800	125	11	3	15	137	295321	295444	1.28e-31	150	3421660	N/A
72_8_1359_2392_27503/1	gi|2978724457|gb|PV611058.1|	91.803	61	3	2	15	73	295784	295844	1.31e-11	84.2	3421660	N/A
72_8_1359_2392_27503/1	gi|2830983252|gb|CP170844.1|	91.579	95	5	2	14	105	4083424	4083330	5.98e-25	128	573	N/A
72_8_1359_2392_27503/1	gi|2557643774|emb|OY673254.1|	95.652	46	2	0	15	60	21732	21777	7.90e-09	75.0	2697049	N/A
72_8_1359_2392_27503/1	gi|685042175|emb|LN590700.1|	100.000	40	0	0	9	48	15778532	15778571	7.90e-09	75.0	7962	N/A
72_8_1359_2392_27503/1	gi|685042175|emb|LN590700.1|	100.000	34	0	0	15	48	14033941	14033908	1.71e-05	63.9	7962	N/A
72_8_1359_2392_27503/1	gi|2165832678|emb|OV195277.1|	92.157	51	4	0	10	60	137	87	2.84e-08	73.1	2697049	N/A
72_8_2469_35675_4404/1	gi|2978724457|gb|PV611058.1|	90.400	125	8	3	16	137	295321	295444	5.89e-35	161	3421660	N/A
72_8_2469_35675_4404/1	gi|2978724457|gb|PV611058.1|	91.667	60	1	3	16	72	295784	295842	1.70e-10	80.5	3421660	N/A
72_8_2469_35675_4404/1	gi|2830983252|gb|CP170844.1|	87.368	95	9	2	16	108	4083423	4083330	2.80e-18	106	573	N/A
72_8_2469_35675_4404/1	gi|2557643774|emb|OY673254.1|	95.652	46	2	0	16	61	21732	21777	7.90e-09	75.0	2697049	N/A
72_8_2469_35675_4404/1	gi|2463378371|dbj|AP027461.1|	95.652	46	2	0	16	61	1299632	1299677	7.90e-09	75.0	511145	N/A
72_8_2469_35675_4404/1	gi|2463378371|dbj|AP027461.1|	95.652	46	2	0	16	61	1628404	1628359	7.90e-09	75.0	511145	N/A
72_8_2469_35675_4404/1	gi|685042524|emb|LN591049.1|	95.745	47	0	2	11	55	341738	341692	7.90e-09	75.0	7962	N/A
72_8_1363_48760_8480/1	gi|2978724457|gb|PV611058.1|	91.473	129	6	4	12	137	295318	295444	2.72e-38	172	3421660	N/A
72_8_1363_48760_8480/1	gi|2978724457|gb|PV611058.1|	90.476	63	2	3	12	71	295781	295842	1.70e-10	80.5	3421660	N/A
72_8_1363_48760_8480/1	gi|2830983252|gb|CP170844.1|	85.263	95	11	2	15	107	4083423	4083330	6.06e-15	95.3	573	N/A
72_8_1363_48760_8480/1	gi|2557643774|emb|OY673254.1|	95.652	46	2	0	15	60	21732	21777	7.90e-09	75.0	2697049	N/A
72_8_1363_48760_8480/1	gi|2463378371|dbj|AP027461.1|	95.652	46	2	0	15	60	1299632	1299677	7.90e-09	75.0	511145	N/A
72_8_1363_48760_8480/1	gi|2463378371|dbj|AP027461.1|	95.652	46	2	0	15	60	1628404	1628359	7.90e-09	75.0	511145	N/A
72_8_1363_48760_8480/1	gi|685042177|emb|LN590702.1|	95.745	47	0	2	10	54	3995994	3995948	7.90e-09	75.0	7962	N/A
72_8_1363_48760_8480/1	gi|685042177|emb|LN590702.1|	90.741	54	1	4	5	54	6540849	6540902	3.67e-07	69.4	7962	N/A
72_8_1363_48760_8480/1	gi|685042177|emb|LN590702.1|	95.455	44	0	2	13	54	6862997	6863040	3.67e-07	69.4	7962	N/A
72_8_1363_48760_8480/1	gi|685042177|emb|LN590702.1|	95.238	42	0	2	15	54	1181065	1181106	4.75e-06	65.8	7962	N/A
72_8_1363_48760_8480/1	gi|685042177|emb|LN590702.1|	91.667	48	2	2	9	54	6762493	6762540	4.75e-06	65.8	7962	N/A
72_8_1363_48760_8480/1	gi|685042177|emb|LN590702.1|	100.000	33	0	0	15	47	1157092	1157060	6.15e-05	62.1	7962	N/A
72_8_1489_24281_17823/1	gi|2978724457|gb|PV611058.1|	94.444	126	3	4	8	131	295321	295444	7.51e-44	191	3421660	N/A
72_8_1489_24281_17823/1	gi|2978724457|gb|PV611058.1|	91.525	59	3	2	8	64	295784	295842	1.70e-10	80.5	3421660	N/A
72_8_1489_24281_17823/1	gi|2830983252|gb|CP170844.1|	82.474	97	14	2	6	100	4083425	4083330	4.72e-11	82.4	573	N/A
72_8_1489_24281_17823/1	gi|2557643774|emb|OY673254.1|	95.652	46	2	0	8	53	21732	21777	7.90e-09	75.0	2697049	N/A
72_8_1489_24281_17823/1	gi|2165832678|emb|OV195277.1|	93.750	48	3	0	6	53	134	87	2.84e-08	73.1	2697049	N/A
72_8_1489_24281_17823/1	gi|2165832904|emb|OV195202.1|	100.000	38	0	0	6	43	237	200	1.02e-07	71.3	2697049	N/A
72_8_2373_36072_4670/1	gi|2978724457|gb|PV611058.1|	91.339	127	6	4	14	137	295320	295444	3.52e-37	169	3421660	N/A
72_8_2373_36072_4670/1	gi|2978724457|gb|PV611058.1|	91.803	61	1	3	14	71	295783	295842	4.72e-11	82.4	3421660	N/A
72_8_2373_36072_4670/1	gi|2830983252|gb|CP170844.1|	84.375	96	11	3	15	108	4083423	4083330	7.84e-14	91.6	573	N/A
72_8_2373_36072_4670/1	gi|2557643774|emb|OY673254.1|	95.652	46	2	0	15	60	21732	21777	7.90e-09	75.0	2697049	N/A
72_8_2373_36072_4670/1	gi|2463378371|dbj|AP027461.1|	95.652	46	2	0	15	60	1299632	1299677	7.90e-09	75.0	511145	N/A
72_8_2373_36072_4670/1	gi|2463378371|dbj|AP027461.1|	95.652	46	2	0	15	60	1628404	1628359	7.90e-09	75.0	511145	N/A
72_8_2373_36072_4670/1	gi|685042168|emb|LN590693.1|	95.745	47	0	2	10	54	11958545	11958499	7.90e-09	75.0	7962	N/A
72_8_2373_36072_4670/1	gi|685042168|emb|LN590693.1|	95.349	43	0	2	14	54	320675	320633	1.32e-06	67.6	7962	N/A
72_8_2373_36072_4670/1	gi|685042168|emb|LN590693.1|	95.238	42	0	2	15	54	320171	320212	4.75e-06	65.8	7962	N/A
72_8_2132_8210_4040/1	gi|2978724457|gb|PV611058.1|	89.764	127	7	5	14	137	295321	295444	7.62e-34	158	3421660	N/A
72_8_2132_8210_4040/1	gi|2978724457|gb|PV611058.1|	90.164	61	1	4	14	71	295784	295842	7.90e-09	75.0	3421660	N/A
72_8_2132_8210_4040/1	gi|2830983252|gb|CP170844.1|	84.536	97	10	3	14	108	4083423	4083330	7.84e-14	91.6	573	N/A
72_8_2132_8210_4040/1	gi|685044439|emb|LN592964.1|	95.833	48	0	2	8	53	179349	179302	2.20e-09	76.8	7962	N/A
72_8_2132_8210_4040/1	gi|685042148|emb|LN590673.1|	95.833	48	0	2	8	53	9009491	9009538	2.20e-09	76.8	7962	N/A
72_8_2132_8210_4040/1	gi|685042148|emb|LN590673.1|	95.556	45	0	2	11	53	8955770	8955814	1.02e-07	71.3	7962	N/A
72_8_2132_8210_4040/1	gi|685042148|emb|LN590673.1|	93.182	44	2	1	8	50	9322680	9322723	1.71e-05	63.9	7962	N/A
72_8_2132_8210_4040/1	gi|2557643774|emb|OY673254.1|	95.652	46	2	0	14	59	21732	21777	7.90e-09	75.0	2697049	N/A
72_8_1316_27947_19686/1	gi|2978724457|gb|PV611058.1|	88.889	126	9	4	14	136	295321	295444	1.28e-31	150	3421660	N/A
72_8_1316_27947_19686/1	gi|2978724457|gb|PV611058.1|	90.164	61	1	4	14	71	295784	295842	7.90e-09	75.0	3421660	N/A
72_8_1316_27947_19686/1	gi|2830983252|gb|CP170844.1|	84.000	100	9	4	13	110	4083424	4083330	2.82e-13	89.8	573	N/A
72_8_1316_27947_19686/1	gi|2557643774|emb|OY673254.1|	93.878	49	3	0	11	59	21729	21777	7.90e-09	75.0	2697049	N/A
72_8_1316_27947_19686/1	gi|2463378371|dbj|AP027461.1|	95.652	46	2	0	14	59	1299632	1299677	7.90e-09	75.0	511145	N/A
72_8_1316_27947_19686/1	gi|2463378371|dbj|AP027461.1|	95.652	46	2	0	14	59	1628404	1628359	7.90e-09	75.0	511145	N/A
72_8_1316_27947_19686/1	gi|2524352013|emb|OY072335.1|	95.556	45	2	0	3	47	21647	21691	2.84e-08	73.1	2697049	N/A
72_8_1403_22185_12374/1	gi|2978724457|gb|PV611058.1|	92.063	126	5	4	15	137	295321	295444	2.72e-38	172	3421660	N/A
72_8_1403_22185_12374/1	gi|2978724457|gb|PV611058.1|	91.667	60	1	3	15	71	295784	295842	1.70e-10	80.5	3421660	N/A
72_8_1403_22185_12374/1	gi|2830983252|gb|CP170844.1|	87.368	95	10	1	14	106	4083424	4083330	7.78e-19	108	573	N/A
72_8_1403_22185_12374/1	gi|2557643774|emb|OY673254.1|	92.593	54	3	1	8	60	21724	21777	2.20e-09	76.8	2697049	N/A
72_8_1403_22185_12374/1	gi|2463378371|dbj|AP027461.1|	95.652	46	2	0	15	60	1299632	1299677	7.90e-09	75.0	511145	N/A
72_8_1403_22185_12374/1	gi|2463378371|dbj|AP027461.1|	95.652	46	2	0	15	60	1628404	1628359	7.90e-09	75.0	511145	N/A
72_8_1403_22185_12374/1	gi|2165836832|emb|OV197136.1|	92.593	54	1	3	8	60	122	71	7.90e-09	75.0	2697049	N/A
72_8_1180_40442_26718/1	gi|2978724457|gb|PV611058.1|	92.857	126	4	4	15	137	295321	295444	5.85e-40	178	3421660	N/A
72_8_1180_40442_26718/1	gi|2978724457|gb|PV611058.1|	91.667	60	1	3	15	71	295784	295842	1.70e-10	80.5	3421660	N/A
72_8_1180_40442_26718/1	gi|2830983252|gb|CP170844.1|	86.316	95	9	2	14	104	4083424	4083330	1.30e-16	100	573	N/A
72_8_1180_40442_26718/1	gi|2557643774|emb|OY673254.1|	95.652	46	2	0	15	60	21732	21777	7.90e-09	75.0	2697049	N/A
72_8_1180_40442_26718/1	gi|2463378371|dbj|AP027461.1|	95.652	46	2	0	15	60	1299632	1299677	7.90e-09	75.0	511145	N/A
72_8_1180_40442_26718/1	gi|2463378371|dbj|AP027461.1|	95.652	46	2	0	15	60	1628404	1628359	7.90e-09	75.0	511145	N/A
72_8_1180_40442_26718/1	gi|2686256159|emb|OZ008443.1|	100.000	39	0	0	9	47	1871	1909	2.84e-08	73.1	2587225	N/A
72_8_1173_29622_19364/1	gi|2978724457|gb|PV611058.1|	93.496	123	1	6	3	122	295326	295444	2.10e-39	176	3421660	N/A
72_8_1173_29622_19364/1	gi|2978724457|gb|PV611058.1|	90.909	55	1	3	3	54	295789	295842	1.02e-07	71.3	3421660	N/A
72_8_1173_29622_19364/1	gi|2830983252|gb|CP170844.1|	84.270	89	11	2	3	88	4083418	4083330	1.31e-11	84.2	573	N/A
72_8_1173_29622_19364/1	gi|2557643774|emb|OY673254.1|	95.122	41	2	0	3	43	21737	21777	4.75e-06	65.8	2697049	N/A
72_8_1173_29622_19364/1	gi|2463378371|dbj|AP027461.1|	95.122	41	2	0	3	43	1299637	1299677	4.75e-06	65.8	511145	N/A
72_8_1173_29622_19364/1	gi|2463378371|dbj|AP027461.1|	95.122	41	2	0	3	43	1628399	1628359	4.75e-06	65.8	511145	N/A
72_8_1173_29622_19364/1	gi|2755084441|gb|PP943425.1|	92.857	42	1	2	3	43	67820	67780	2.21e-04	60.2	10258	N/A
72_8_1173_29622_19364/1	gi|2755084441|gb|PP943425.1|	92.683	41	1	2	3	42	67596	67635	7.95e-04	58.4	10258	N/A
72_8_1467_17346_27671/1	gi|2978724457|gb|PV611058.1|	88.550	131	10	4	10	137	295316	295444	9.86e-33	154	3421660	N/A
72_8_1467_17346_27671/1	gi|2978724457|gb|PV611058.1|	91.045	67	2	3	10	73	295779	295844	1.01e-12	87.9	3421660	N/A
72_8_1467_17346_27671/1	gi|2830983252|gb|CP170844.1|	91.489	94	6	1	15	106	4083423	4083330	5.98e-25	128	573	N/A
72_8_1467_17346_27671/1	gi|2557643774|emb|OY673254.1|	92.593	54	3	1	8	60	21724	21777	2.20e-09	76.8	2697049	N/A
72_8_1467_17346_27671/1	gi|685042175|emb|LN590700.1|	94.118	51	1	2	7	55	14033949	14033899	2.20e-09	76.8	7962	N/A
72_8_1467_17346_27671/1	gi|685042175|emb|LN590700.1|	95.238	42	0	2	15	54	15778538	15778579	4.75e-06	65.8	7962	N/A
72_8_1467_17346_27671/1	gi|2463378371|dbj|AP027461.1|	95.652	46	2	0	15	60	1299632	1299677	7.90e-09	75.0	511145	N/A
72_8_1467_17346_27671/1	gi|2463378371|dbj|AP027461.1|	95.652	46	2	0	15	60	1628404	1628359	7.90e-09	75.0	511145	N/A
72_8_1153_21579_10371/1	gi|2978724457|gb|PV611058.1|	89.600	125	9	3	16	137	295321	295444	2.74e-33	156	3421660	N/A
72_8_1153_21579_10371/1	gi|2978724457|gb|PV611058.1|	91.667	60	1	3	16	72	295784	295842	1.70e-10	80.5	3421660	N/A
72_8_1153_21579_10371/1	gi|2830983252|gb|CP170844.1|	88.421	95	8	2	16	108	4083423	4083330	6.02e-20	111	573	N/A
72_8_1153_21579_10371/1	gi|2557643774|emb|OY673254.1|	95.652	46	2	0	16	61	21732	21777	7.90e-09	75.0	2697049	N/A
72_8_1153_21579_10371/1	gi|2463378371|dbj|AP027461.1|	95.652	46	2	0	16	61	1299632	1299677	7.90e-09	75.0	511145	N/A
72_8_1153_21579_10371/1	gi|2463378371|dbj|AP027461.1|	95.652	46	2	0	16	61	1628404	1628359	7.90e-09	75.0	511145	N/A
72_8_1153_21579_10371/1	gi|2991388636|dbj|AP040949.1|	100.000	39	0	0	13	51	3527635	3527673	2.84e-08	73.1	573	N/A
72_8_1345_9958_15946/1	gi|685042153|emb|LN590678.1|	100.000	29	0	0	14	42	8201653	8201625	0.010	54.7	7962	N/A
72_8_1345_9958_15946/1	gi|2214219994|gb|MT465791.1|	100.000	28	0	0	11	38	115061	115034	0.037	52.8	1679352	N/A
72_8_2234_9214_16030/1	gi|2978724457|gb|PV611058.1|	90.000	130	2	6	11	137	295323	295444	7.62e-34	158	3421660	N/A
72_8_2234_9214_16030/1	gi|2978724457|gb|PV611058.1|	89.831	59	1	4	11	66	295786	295842	1.02e-07	71.3	3421660	N/A
72_8_2234_9214_16030/1	gi|2830983252|gb|CP170844.1|	86.170	94	9	3	11	102	4083421	4083330	4.68e-16	99.0	573	N/A
72_8_2234_9214_16030/1	gi|2557643774|emb|OY673254.1|	95.455	44	2	0	11	54	21734	21777	1.02e-07	71.3	2697049	N/A
72_8_2234_9214_16030/1	gi|2463378371|dbj|AP027461.1|	95.455	44	2	0	11	54	1299634	1299677	1.02e-07	71.3	511145	N/A
72_8_2234_9214_16030/1	gi|2463378371|dbj|AP027461.1|	95.455	44	2	0	11	54	1628402	1628359	1.02e-07	71.3	511145	N/A
72_8_2234_9214_16030/1	gi|2155043183|emb|OV015804.1|	97.500	40	1	0	6	45	29950	29911	3.67e-07	69.4	2697049	N/A
72_8_2126_48008_16619/1	gi|2978724457|gb|PV611058.1|	90.152	132	1	7	2	130	295322	295444	5.89e-35	161	3421660	N/A
72_8_2126_48008_16619/1	gi|2978724457|gb|PV611058.1|	91.525	59	1	3	2	57	295785	295842	6.10e-10	78.7	3421660	N/A
72_8_2126_48008_16619/1	gi|2830983252|gb|CP170844.1|	85.263	95	10	2	2	94	4083422	4083330	6.06e-15	95.3	573	N/A
72_8_2126_48008_16619/1	gi|2557643774|emb|OY673254.1|	95.556	45	2	0	2	46	21733	21777	2.84e-08	73.1	2697049	N/A
72_8_2126_48008_16619/1	gi|2463378371|dbj|AP027461.1|	95.556	45	2	0	2	46	1299633	1299677	2.84e-08	73.1	511145	N/A
72_8_2126_48008_16619/1	gi|2463378371|dbj|AP027461.1|	95.556	45	2	0	2	46	1628403	1628359	2.84e-08	73.1	511145	N/A
72_8_2126_48008_16619/1	gi|2755084441|gb|PP943425.1|	81.319	91	14	3	2	91	67824	67736	1.02e-07	71.3	10258	N/A
72_8_2126_48008_16619/1	gi|2755084441|gb|PP943425.1|	93.333	45	1	2	2	45	67592	67635	4.75e-06	65.8	10258	N/A
72_8_1474_26361_20807/1	gi|2978724457|gb|PV611058.1|	90.476	126	7	4	15	137	295321	295444	5.89e-35	161	3421660	N/A
72_8_1474_26361_20807/1	gi|2978724457|gb|PV611058.1|	91.379	58	1	3	15	69	295784	295840	2.20e-09	76.8	3421660	N/A
72_8_1474_26361_20807/1	gi|2830983252|gb|CP170844.1|	87.234	94	9	2	15	105	4083423	4083330	1.01e-17	104	573	N/A
72_8_1474_26361_20807/1	gi|2524352013|emb|OY072335.1|	97.778	45	1	0	4	48	21647	21691	6.10e-10	78.7	2697049	N/A
72_8_1474_26361_20807/1	gi|685044439|emb|LN592964.1|	95.833	48	0	2	9	54	179349	179302	2.20e-09	76.8	7962	N/A
72_8_1474_26361_20807/1	gi|685042148|emb|LN590673.1|	95.833	48	0	2	9	54	9009491	9009538	2.20e-09	76.8	7962	N/A
72_8_1474_26361_20807/1	gi|685042148|emb|LN590673.1|	95.556	45	0	2	12	54	8955770	8955814	1.02e-07	71.3	7962	N/A
72_8_1474_26361_20807/1	gi|685042148|emb|LN590673.1|	93.182	44	2	1	9	51	9322680	9322723	1.71e-05	63.9	7962	N/A
72_8_2326_15275_29576/1	gi|685042524|emb|LN591049.1|	93.617	47	0	3	9	52	341738	341692	1.32e-06	67.6	7962	N/A
72_8_2326_15275_29576/1	gi|685047058|emb|LN595583.1|	95.122	41	0	2	7	46	3369	3330	1.71e-05	63.9	7962	N/A
72_8_2326_15275_29576/1	gi|685044585|emb|LN593110.1|	93.333	45	0	3	11	52	17803	17759	1.71e-05	63.9	7962	N/A
72_8_2326_15275_29576/1	gi|685044439|emb|LN592964.1|	93.333	45	0	3	11	52	179346	179302	1.71e-05	63.9	7962	N/A
72_8_2326_15275_29576/1	gi|685042640|emb|LN591165.1|	93.333	45	0	3	11	52	185969	186013	1.71e-05	63.9	7962	N/A
72_8_1468_27599_13117/1	gi|2978724457|gb|PV611058.1|	86.861	137	1	9	2	135	295322	295444	9.93e-28	137	3421660	N/A
72_8_1468_27599_13117/1	gi|2978724457|gb|PV611058.1|	88.710	62	3	3	2	60	295785	295845	2.84e-08	73.1	3421660	N/A
72_8_1468_27599_13117/1	gi|2755084441|gb|PP943425.1|	83.871	93	10	5	2	93	67824	67736	1.31e-11	84.2	10258	N/A
72_8_1468_27599_13117/1	gi|2755084441|gb|PP943425.1|	93.333	45	1	2	2	45	67592	67635	4.75e-06	65.8	10258	N/A
72_8_1468_27599_13117/1	gi|2830983252|gb|CP170844.1|	81.443	97	12	3	2	96	4083422	4083330	7.90e-09	75.0	573	N/A
72_8_1468_27599_13117/1	gi|2557643774|emb|OY673254.1|	95.556	45	2	0	2	46	21733	21777	2.84e-08	73.1	2697049	N/A
72_8_1468_27599_13117/1	gi|2463378371|dbj|AP027461.1|	95.556	45	2	0	2	46	1299633	1299677	2.84e-08	73.1	511145	N/A
72_8_1468_27599_13117/1	gi|2463378371|dbj|AP027461.1|	95.556	45	2	0	2	46	1628403	1628359	2.84e-08	73.1	511145	N/A
72_8_2125_48178_6743/1	gi|2978724457|gb|PV611058.1|	94.488	127	1	5	8	131	295321	295444	7.51e-44	191	3421660	N/A
72_8_2125_48178_6743/1	gi|2978724457|gb|PV611058.1|	91.667	60	1	3	8	64	295784	295842	1.70e-10	80.5	3421660	N/A
72_8_2125_48178_6743/1	gi|2830983252|gb|CP170844.1|	84.375	96	11	2	6	97	4083425	4083330	7.84e-14	91.6	573	N/A
72_8_2125_48178_6743/1	gi|2557643774|emb|OY673254.1|	95.652	46	2	0	8	53	21732	21777	7.90e-09	75.0	2697049	N/A
72_8_2125_48178_6743/1	gi|2463378371|dbj|AP027461.1|	95.652	46	2	0	8	53	1299632	1299677	7.90e-09	75.0	511145	N/A
72_8_2125_48178_6743/1	gi|2463378371|dbj|AP027461.1|	95.652	46	2	0	8	53	1628404	1628359	7.90e-09	75.0	511145	N/A
72_8_2125_48178_6743/1	gi|2165836832|emb|OV197136.1|	93.878	49	1	2	6	53	118	71	2.84e-08	73.1	2697049	N/A
72_8_2484_39770_7738/1	gi|2978724457|gb|PV611058.1|	95.798	119	1	3	2	117	295327	295444	2.70e-43	189	3421660	N/A
72_8_2484_39770_7738/1	gi|2978724457|gb|PV611058.1|	90.741	54	1	3	2	52	295790	295842	3.67e-07	69.4	3421660	N/A
72_8_2484_39770_7738/1	gi|2557643774|emb|OY673254.1|	95.000	40	2	0	2	41	21738	21777	1.71e-05	63.9	2697049	N/A
72_8_2484_39770_7738/1	gi|2463378371|dbj|AP027461.1|	95.000	40	2	0	2	41	1299638	1299677	1.71e-05	63.9	511145	N/A
72_8_2484_39770_7738/1	gi|2463378371|dbj|AP027461.1|	95.000	40	2	0	2	41	1628398	1628359	1.71e-05	63.9	511145	N/A
72_8_2484_39770_7738/1	gi|2830983252|gb|CP170844.1|	80.682	88	5	2	2	77	4083417	4083330	7.95e-04	58.4	573	N/A
72_8_2484_39770_7738/1	gi|2755084441|gb|PP943425.1|	92.683	41	1	2	2	41	67819	67780	7.95e-04	58.4	10258	N/A
72_8_2484_39770_7738/1	gi|2755084441|gb|PP943425.1|	92.500	40	1	2	2	40	67597	67635	0.003	56.5	10258	N/A
72_8_2494_39284_13117/1	gi|2978724457|gb|PV611058.1|	95.238	126	1	4	14	136	295321	295444	5.81e-45	195	3421660	N/A
72_8_2494_39284_13117/1	gi|2978724457|gb|PV611058.1|	91.667	60	1	3	14	70	295784	295842	1.70e-10	80.5	3421660	N/A
72_8_2494_39284_13117/1	gi|2830983252|gb|CP170844.1|	83.333	96	7	2	12	98	4083425	4083330	1.70e-10	80.5	573	N/A
72_8_2494_39284_13117/1	gi|2557643774|emb|OY673254.1|	95.652	46	2	0	14	59	21732	21777	7.90e-09	75.0	2697049	N/A
72_8_2494_39284_13117/1	gi|2463378371|dbj|AP027461.1|	95.652	46	2	0	14	59	1299632	1299677	7.90e-09	75.0	511145	N/A
72_8_2494_39284_13117/1	gi|2463378371|dbj|AP027461.1|	95.652	46	2	0	14	59	1628404	1628359	7.90e-09	75.0	511145	N/A
72_8_2494_39284_13117/1	gi|2165836832|emb|OV197136.1|	92.593	54	1	3	7	59	122	71	7.90e-09	75.0	2697049	N/A
72_8_2359_22979_8508/1	gi|2978724457|gb|PV611058.1|	88.976	127	9	4	14	137	295320	295444	3.55e-32	152	3421660	N/A
72_8_2359_22979_8508/1	gi|2978724457|gb|PV611058.1|	91.667	60	1	3	14	70	295783	295841	1.70e-10	80.5	3421660	N/A
72_8_2359_22979_8508/1	gi|2830983252|gb|CP170844.1|	89.474	95	7	2	15	107	4083423	4083330	1.29e-21	117	573	N/A
72_8_2359_22979_8508/1	gi|685042175|emb|LN590700.1|	94.231	52	1	2	6	55	14033950	14033899	6.10e-10	78.7	7962	N/A
72_8_2359_22979_8508/1	gi|685042175|emb|LN590700.1|	95.238	42	0	2	15	54	15778538	15778579	4.75e-06	65.8	7962	N/A
72_8_2359_22979_8508/1	gi|2557643774|emb|OY673254.1|	95.652	46	2	0	15	60	21732	21777	7.90e-09	75.0	2697049	N/A
72_8_2359_22979_8508/1	gi|2463378371|dbj|AP027461.1|	95.652	46	2	0	15	60	1299632	1299677	7.90e-09	75.0	511145	N/A
72_8_2359_22979_8508/1	gi|2463378371|dbj|AP027461.1|	95.652	46	2	0	15	60	1628404	1628359	7.90e-09	75.0	511145	N/A
72_8_2254_43557_24743/1	gi|2978724457|gb|PV611058.1|	90.476	126	7	4	15	137	295321	295444	5.89e-35	161	3421660	N/A
72_8_2254_43557_24743/1	gi|2978724457|gb|PV611058.1|	91.667	60	1	3	15	71	295784	295842	1.70e-10	80.5	3421660	N/A
72_8_2254_43557_24743/1	gi|2830983252|gb|CP170844.1|	87.368	95	9	2	15	107	4083423	4083330	2.80e-18	106	573	N/A
72_8_2254_43557_24743/1	gi|2557643774|emb|OY673254.1|	95.652	46	2	0	15	60	21732	21777	7.90e-09	75.0	2697049	N/A
72_8_2254_43557_24743/1	gi|2463378371|dbj|AP027461.1|	95.652	46	2	0	15	60	1299632	1299677	7.90e-09	75.0	511145	N/A
72_8_2254_43557_24743/1	gi|2463378371|dbj|AP027461.1|	95.652	46	2	0	15	60	1628404	1628359	7.90e-09	75.0	511145	N/A
72_8_2254_43557_24743/1	gi|2155043183|emb|OV015804.1|	100.000	40	0	0	12	51	29950	29911	7.90e-09	75.0	2697049	N/A
72_8_1152_18075_23945/1	gi|2978724457|gb|PV611058.1|	89.764	127	8	4	14	137	295320	295444	7.62e-34	158	3421660	N/A
72_8_1152_18075_23945/1	gi|2978724457|gb|PV611058.1|	91.803	61	1	3	14	71	295783	295842	4.72e-11	82.4	3421660	N/A
72_8_1152_18075_23945/1	gi|2830983252|gb|CP170844.1|	90.426	94	6	2	15	105	4083423	4083330	1.00e-22	121	573	N/A
72_8_1152_18075_23945/1	gi|2557643774|emb|OY673254.1|	95.652	46	2	0	15	60	21732	21777	7.90e-09	75.0	2697049	N/A
72_8_1152_18075_23945/1	gi|2463378371|dbj|AP027461.1|	95.652	46	2	0	15	60	1299632	1299677	7.90e-09	75.0	511145	N/A
72_8_1152_18075_23945/1	gi|2463378371|dbj|AP027461.1|	95.652	46	2	0	15	60	1628404	1628359	7.90e-09	75.0	511145	N/A
72_8_1152_18075_23945/1	gi|685042409|emb|LN590934.1|	95.652	46	0	2	11	54	458436	458481	2.84e-08	73.1	7962	N/A
72_8_1223_17905_25836/1	gi|2978724457|gb|PV611058.1|	90.551	127	7	4	14	137	295320	295444	1.64e-35	163	3421660	N/A
72_8_1223_17905_25836/1	gi|2978724457|gb|PV611058.1|	91.803	61	1	3	14	71	295783	295842	4.72e-11	82.4	3421660	N/A
72_8_1223_17905_25836/1	gi|2830983252|gb|CP170844.1|	88.421	95	8	2	15	107	4083423	4083330	6.02e-20	111	573	N/A
72_8_1223_17905_25836/1	gi|2557643774|emb|OY673254.1|	91.379	58	4	1	4	60	21720	21777	6.10e-10	78.7	2697049	N/A
72_8_1223_17905_25836/1	gi|685042161|emb|LN590686.1|	94.231	52	0	3	5	54	20813821	20813871	2.20e-09	76.8	7962	N/A
72_8_1223_17905_25836/1	gi|685042161|emb|LN590686.1|	95.455	44	0	2	13	54	6380192	6380235	3.67e-07	69.4	7962	N/A
72_8_1223_17905_25836/1	gi|685042161|emb|LN590686.1|	95.238	42	0	2	15	54	4545831	4545872	4.75e-06	65.8	7962	N/A
72_8_1223_17905_25836/1	gi|685042161|emb|LN590686.1|	95.238	42	0	2	15	54	12304839	12304798	4.75e-06	65.8	7962	N/A
72_8_1223_17905_25836/1	gi|685042161|emb|LN590686.1|	95.238	42	0	2	15	54	17091846	17091887	4.75e-06	65.8	7962	N/A
72_8_1223_17905_25836/1	gi|685042161|emb|LN590686.1|	95.238	42	0	2	15	54	28125760	28125801	4.75e-06	65.8	7962	N/A
72_8_1223_17905_25836/1	gi|685042161|emb|LN590686.1|	94.872	39	0	2	18	54	12436830	12436868	2.21e-04	60.2	7962	N/A
72_8_1223_17905_25836/1	gi|2463378371|dbj|AP027461.1|	95.652	46	2	0	15	60	1299632	1299677	7.90e-09	75.0	511145	N/A
72_8_1223_17905_25836/1	gi|2463378371|dbj|AP027461.1|	95.652	46	2	0	15	60	1628404	1628359	7.90e-09	75.0	511145	N/A
72_8_1405_52183_15386/1	gi|2978724457|gb|PV611058.1|	94.531	128	1	5	13	137	295320	295444	2.09e-44	193	3421660	N/A
72_8_1405_52183_15386/1	gi|2978724457|gb|PV611058.1|	91.803	61	1	3	13	70	295783	295842	4.72e-11	82.4	3421660	N/A
72_8_1405_52183_15386/1	gi|2830983252|gb|CP170844.1|	84.043	94	7	2	14	99	4083423	4083330	1.31e-11	84.2	573	N/A
72_8_1405_52183_15386/1	gi|2557643774|emb|OY673254.1|	92.593	54	3	1	7	59	21724	21777	2.20e-09	76.8	2697049	N/A
72_8_1405_52183_15386/1	gi|2463378371|dbj|AP027461.1|	95.652	46	2	0	14	59	1299632	1299677	7.90e-09	75.0	511145	N/A
72_8_1405_52183_15386/1	gi|2463378371|dbj|AP027461.1|	95.652	46	2	0	14	59	1628404	1628359	7.90e-09	75.0	511145	N/A
72_8_1405_52183_15386/1	gi|685042277|emb|LN590802.1|	95.745	47	0	2	9	53	1043034	1043080	7.90e-09	75.0	7962	N/A
72_8_1450_13713_24799/1	gi|2978724457|gb|PV611058.1|	91.473	129	1	6	7	132	295323	295444	3.52e-37	169	3421660	N/A
72_8_1450_13713_24799/1	gi|2978724457|gb|PV611058.1|	91.525	59	1	3	7	62	295786	295843	6.10e-10	78.7	3421660	N/A
72_8_1450_13713_24799/1	gi|2830983252|gb|CP170844.1|	88.043	92	8	2	7	95	4083421	4083330	2.80e-18	106	573	N/A
72_8_1450_13713_24799/1	gi|2557643774|emb|OY673254.1|	95.455	44	2	0	7	50	21734	21777	1.02e-07	71.3	2697049	N/A
72_8_1450_13713_24799/1	gi|2463378371|dbj|AP027461.1|	95.455	44	2	0	7	50	1299634	1299677	1.02e-07	71.3	511145	N/A
72_8_1450_13713_24799/1	gi|2463378371|dbj|AP027461.1|	95.455	44	2	0	7	50	1628402	1628359	1.02e-07	71.3	511145	N/A
72_8_1450_13713_24799/1	gi|685042388|emb|LN590913.1|	93.617	47	0	3	1	44	974713	974759	1.32e-06	67.6	7962	N/A
72_8_2380_43719_5272/1	gi|2978724457|gb|PV611058.1|	89.474	133	2	5	8	137	295321	295444	7.62e-34	158	3421660	N/A
72_8_2380_43719_5272/1	gi|2978724457|gb|PV611058.1|	91.667	60	1	3	8	64	295784	295842	1.70e-10	80.5	3421660	N/A
72_8_2380_43719_5272/1	gi|2830983252|gb|CP170844.1|	89.691	97	7	2	6	100	4083425	4083330	1.00e-22	121	573	N/A
72_8_2380_43719_5272/1	gi|2557643774|emb|OY673254.1|	95.652	46	2	0	8	53	21732	21777	7.90e-09	75.0	2697049	N/A
72_8_2380_43719_5272/1	gi|2463378371|dbj|AP027461.1|	95.652	46	2	0	8	53	1299632	1299677	7.90e-09	75.0	511145	N/A
72_8_2380_43719_5272/1	gi|2463378371|dbj|AP027461.1|	95.652	46	2	0	8	53	1628404	1628359	7.90e-09	75.0	511145	N/A
72_8_2380_43719_5272/1	gi|2165836832|emb|OV197136.1|	93.878	49	1	2	6	53	118	71	2.84e-08	73.1	2697049	N/A
72_8_2409_35408_14532/1	gi|2978724457|gb|PV611058.1|	91.339	127	5	4	14	137	295321	295444	3.52e-37	169	3421660	N/A
72_8_2409_35408_14532/1	gi|2978724457|gb|PV611058.1|	91.935	62	1	3	14	72	295784	295844	1.31e-11	84.2	3421660	N/A
72_8_2409_35408_14532/1	gi|2830983252|gb|CP170844.1|	88.298	94	8	2	14	104	4083423	4083330	2.16e-19	110	573	N/A
72_8_2409_35408_14532/1	gi|2524352013|emb|OY072335.1|	97.778	45	1	0	3	47	21647	21691	6.10e-10	78.7	2697049	N/A
72_8_2409_35408_14532/1	gi|685042185|emb|LN590710.1|	97.727	44	1	0	4	47	9162079	9162122	2.20e-09	76.8	7962	N/A
72_8_2409_35408_14532/1	gi|685042185|emb|LN590710.1|	95.238	42	0	2	14	53	3790452	3790411	4.75e-06	65.8	7962	N/A
72_8_2409_35408_14532/1	gi|685042185|emb|LN590710.1|	95.238	42	0	2	14	53	6008694	6008735	4.75e-06	65.8	7962	N/A
72_8_2409_35408_14532/1	gi|685042185|emb|LN590710.1|	95.238	42	0	2	14	53	10218503	10218544	4.75e-06	65.8	7962	N/A
72_8_2409_35408_14532/1	gi|2557643774|emb|OY673254.1|	95.652	46	2	0	14	59	21732	21777	7.90e-09	75.0	2697049	N/A
72_8_2209_39519_13131/1	gi|2978724457|gb|PV611058.1|	95.238	126	1	4	9	130	295320	295444	5.81e-45	195	3421660	N/A
72_8_2209_39519_13131/1	gi|2978724457|gb|PV611058.1|	90.164	61	2	3	9	66	295783	295842	2.20e-09	76.8	3421660	N/A
72_8_2209_39519_13131/1	gi|685043017|emb|LN591542.1|	94.118	51	1	2	1	49	89654	89604	2.20e-09	76.8	7962	N/A
72_8_2209_39519_13131/1	gi|2557643774|emb|OY673254.1|	95.556	45	2	0	10	54	21732	21776	2.84e-08	73.1	2697049	N/A
72_8_2209_39519_13131/1	gi|2463378371|dbj|AP027461.1|	95.556	45	2	0	10	54	1299632	1299676	2.84e-08	73.1	511145	N/A
72_8_2209_39519_13131/1	gi|2463378371|dbj|AP027461.1|	95.556	45	2	0	10	54	1628404	1628360	2.84e-08	73.1	511145	N/A
72_8_2209_39519_13131/1	gi|2830983252|gb|CP170844.1|	100.000	34	0	0	10	43	4083423	4083390	1.71e-05	63.9	573	N/A
72_8_2334_42230_4124/1	gi|2978724457|gb|PV611058.1|	86.813	91	10	2	49	137	295321	295411	1.30e-16	100	3421660	N/A
72_8_2334_42230_4124/1	gi|2978724457|gb|PV611058.1|	91.525	59	3	2	49	105	295784	295842	1.70e-10	80.5	3421660	N/A
72_8_2334_42230_4124/1	gi|2830983252|gb|CP170844.1|	86.957	92	9	2	49	137	4083423	4083332	1.30e-16	100	573	N/A
72_8_2334_42230_4124/1	gi|780644672|ref|XM_011690559.1|	100.000	41	0	0	46	86	1035	1075	2.20e-09	76.8	64793	N/A
72_8_2334_42230_4124/1	gi|2557643774|emb|OY673254.1|	95.652	46	2	0	49	94	21732	21777	7.90e-09	75.0	2697049	N/A
72_8_2334_42230_4124/1	gi|2056797228|tpg|BK057247.1|	100.000	39	0	0	47	85	42089	42127	2.84e-08	73.1	38018	N/A
72_8_2338_9659_4222/1	gi|2978724457|gb|PV611058.1|	88.889	135	1	9	1	132	295321	295444	9.86e-33	154	3421660	N/A
72_8_2338_9659_4222/1	gi|2978724457|gb|PV611058.1|	90.323	62	1	4	1	59	295784	295843	2.20e-09	76.8	3421660	N/A
72_8_2338_9659_4222/1	gi|2830983252|gb|CP170844.1|	84.694	98	9	3	1	96	4083423	4083330	2.18e-14	93.5	573	N/A
72_8_2338_9659_4222/1	gi|2557643774|emb|OY673254.1|	95.652	46	2	0	1	46	21732	21777	7.90e-09	75.0	2697049	N/A
72_8_2338_9659_4222/1	gi|2463378371|dbj|AP027461.1|	95.652	46	2	0	1	46	1299632	1299677	7.90e-09	75.0	511145	N/A
72_8_2338_9659_4222/1	gi|2463378371|dbj|AP027461.1|	95.652	46	2	0	1	46	1628404	1628359	7.90e-09	75.0	511145	N/A
72_8_2338_9659_4222/1	gi|2755084441|gb|PP943425.1|	81.250	96	9	6	1	93	67825	67736	3.67e-07	69.4	10258	N/A
72_8_2338_9659_4222/1	gi|2755084441|gb|PP943425.1|	93.478	46	1	2	1	45	67591	67635	1.32e-06	67.6	10258	N/A
72_8_2401_14328_27573/1	gi|2978724457|gb|PV611058.1|	94.574	129	2	4	12	137	295318	295444	5.81e-45	195	3421660	N/A
72_8_2401_14328_27573/1	gi|2978724457|gb|PV611058.1|	90.476	63	2	3	12	71	295781	295842	1.70e-10	80.5	3421660	N/A
72_8_2401_14328_27573/1	gi|2830983252|gb|CP170844.1|	82.979	94	13	2	15	105	4083423	4083330	4.72e-11	82.4	573	N/A
72_8_2401_14328_27573/1	gi|2557643774|emb|OY673254.1|	95.652	46	2	0	15	60	21732	21777	7.90e-09	75.0	2697049	N/A
72_8_2401_14328_27573/1	gi|2463378371|dbj|AP027461.1|	95.652	46	2	0	15	60	1299632	1299677	7.90e-09	75.0	511145	N/A
72_8_2401_14328_27573/1	gi|2463378371|dbj|AP027461.1|	95.652	46	2	0	15	60	1628404	1628359	7.90e-09	75.0	511145	N/A
72_8_2401_14328_27573/1	gi|685042177|emb|LN590702.1|	95.745	47	0	2	10	54	3995994	3995948	7.90e-09	75.0	7962	N/A
72_8_2401_14328_27573/1	gi|685042177|emb|LN590702.1|	90.741	54	1	4	5	54	6540849	6540902	3.67e-07	69.4	7962	N/A
72_8_2401_14328_27573/1	gi|685042177|emb|LN590702.1|	95.455	44	0	2	13	54	6862997	6863040	3.67e-07	69.4	7962	N/A
72_8_2401_14328_27573/1	gi|685042177|emb|LN590702.1|	95.238	42	0	2	15	54	1181065	1181106	4.75e-06	65.8	7962	N/A
72_8_2401_14328_27573/1	gi|685042177|emb|LN590702.1|	91.667	48	2	2	9	54	6762493	6762540	4.75e-06	65.8	7962	N/A
72_8_2401_14328_27573/1	gi|685042177|emb|LN590702.1|	100.000	33	0	0	15	47	1157092	1157060	6.15e-05	62.1	7962	N/A
72_8_1381_41793_11156/1	gi|2978724457|gb|PV611058.1|	93.600	125	1	5	1	122	295324	295444	1.63e-40	180	3421660	N/A
72_8_1381_41793_11156/1	gi|2978724457|gb|PV611058.1|	91.228	57	1	3	1	54	295787	295842	7.90e-09	75.0	3421660	N/A
72_8_1381_41793_11156/1	gi|2830983252|gb|CP170844.1|	84.615	91	11	2	1	88	4083420	4083330	1.01e-12	87.9	573	N/A
72_8_1381_41793_11156/1	gi|2557643774|emb|OY673254.1|	95.349	43	2	0	1	43	21735	21777	3.67e-07	69.4	2697049	N/A
72_8_1381_41793_11156/1	gi|2463378371|dbj|AP027461.1|	95.349	43	2	0	1	43	1299635	1299677	3.67e-07	69.4	511145	N/A
72_8_1381_41793_11156/1	gi|2463378371|dbj|AP027461.1|	95.349	43	2	0	1	43	1628401	1628359	3.67e-07	69.4	511145	N/A
72_8_1381_41793_11156/1	gi|2755084441|gb|PP943425.1|	93.182	44	1	2	1	43	67822	67780	1.71e-05	63.9	10258	N/A
72_8_1381_41793_11156/1	gi|2755084441|gb|PP943425.1|	93.023	43	1	2	1	42	67594	67635	6.15e-05	62.1	10258	N/A
72_8_1381_47878_21325/1	gi|2978724457|gb|PV611058.1|	88.636	132	7	4	9	137	295318	295444	9.86e-33	154	3421660	N/A
72_8_1381_47878_21325/1	gi|2978724457|gb|PV611058.1|	90.476	63	2	3	9	68	295781	295842	1.70e-10	80.5	3421660	N/A
72_8_1381_47878_21325/1	gi|2830983252|gb|CP170844.1|	90.526	95	6	2	12	104	4083423	4083330	2.78e-23	122	573	N/A
72_8_1381_47878_21325/1	gi|2557643774|emb|OY673254.1|	95.652	46	2	0	12	57	21732	21777	7.90e-09	75.0	2697049	N/A
72_8_1381_47878_21325/1	gi|2463378371|dbj|AP027461.1|	95.652	46	2	0	12	57	1299632	1299677	7.90e-09	75.0	511145	N/A
72_8_1381_47878_21325/1	gi|2463378371|dbj|AP027461.1|	95.652	46	2	0	12	57	1628404	1628359	7.90e-09	75.0	511145	N/A
72_8_1381_47878_21325/1	gi|685043901|emb|LN592426.1|	94.118	51	0	3	3	51	375099	375148	7.90e-09	75.0	7962	N/A
72_8_2211_26321_6505/1	gi|2978724457|gb|PV611058.1|	89.394	132	3	7	9	137	295321	295444	2.74e-33	156	3421660	N/A
72_8_2211_26321_6505/1	gi|2978724457|gb|PV611058.1|	91.667	60	1	3	9	65	295784	295842	1.70e-10	80.5	3421660	N/A
72_8_2211_26321_6505/1	gi|2830983252|gb|CP170844.1|	84.000	100	10	3	7	104	4083425	4083330	7.84e-14	91.6	573	N/A
72_8_2211_26321_6505/1	gi|2557643774|emb|OY673254.1|	95.652	46	2	0	9	54	21732	21777	7.90e-09	75.0	2697049	N/A
72_8_2211_26321_6505/1	gi|2463378371|dbj|AP027461.1|	95.652	46	2	0	9	54	1299632	1299677	7.90e-09	75.0	511145	N/A
72_8_2211_26321_6505/1	gi|2463378371|dbj|AP027461.1|	95.652	46	2	0	9	54	1628404	1628359	7.90e-09	75.0	511145	N/A
72_8_2211_26321_6505/1	gi|2165836832|emb|OV197136.1|	93.878	49	1	2	7	54	118	71	2.84e-08	73.1	2697049	N/A
72_8_2413_25997_15106/1	gi|2978724457|gb|PV611058.1|	87.402	127	11	4	14	137	295320	295444	7.68e-29	141	3421660	N/A
72_8_2413_25997_15106/1	gi|2978724457|gb|PV611058.1|	90.000	70	1	5	14	80	295783	295849	3.65e-12	86.1	3421660	N/A
72_8_2413_25997_15106/1	gi|2830983252|gb|CP170844.1|	87.500	96	8	3	15	108	4083423	4083330	7.78e-19	108	573	N/A
72_8_2413_25997_15106/1	gi|685042161|emb|LN590686.1|	94.231	52	0	3	5	54	20813821	20813871	2.20e-09	76.8	7962	N/A
72_8_2413_25997_15106/1	gi|685042161|emb|LN590686.1|	95.556	45	0	2	12	54	6380191	6380235	1.02e-07	71.3	7962	N/A
72_8_2413_25997_15106/1	gi|685042161|emb|LN590686.1|	95.238	42	0	2	15	54	4545831	4545872	4.75e-06	65.8	7962	N/A
72_8_2413_25997_15106/1	gi|685042161|emb|LN590686.1|	95.238	42	0	2	15	54	12304839	12304798	4.75e-06	65.8	7962	N/A
72_8_2413_25997_15106/1	gi|685042161|emb|LN590686.1|	90.385	52	2	3	5	54	17091837	17091887	4.75e-06	65.8	7962	N/A
72_8_2413_25997_15106/1	gi|685042161|emb|LN590686.1|	95.238	42	0	2	15	54	28125760	28125801	4.75e-06	65.8	7962	N/A
72_8_2413_25997_15106/1	gi|685042161|emb|LN590686.1|	94.872	39	0	2	18	54	12436830	12436868	2.21e-04	60.2	7962	N/A
72_8_2413_25997_15106/1	gi|2557643774|emb|OY673254.1|	95.652	46	2	0	15	60	21732	21777	7.90e-09	75.0	2697049	N/A
72_8_2413_25997_15106/1	gi|2463378371|dbj|AP027461.1|	95.652	46	2	0	15	60	1299632	1299677	7.90e-09	75.0	511145	N/A
72_8_2413_25997_15106/1	gi|2463378371|dbj|AP027461.1|	95.652	46	2	0	15	60	1628404	1628359	7.90e-09	75.0	511145	N/A
72_8_1113_41380_14672/1	gi|2978724457|gb|PV611058.1|	91.538	130	1	6	2	128	295322	295444	9.79e-38	171	3421660	N/A
72_8_1113_41380_14672/1	gi|2978724457|gb|PV611058.1|	91.803	61	1	3	2	59	295785	295844	4.72e-11	82.4	3421660	N/A
72_8_1113_41380_14672/1	gi|2830983252|gb|CP170844.1|	88.172	93	7	2	2	90	4083422	4083330	7.78e-19	108	573	N/A
72_8_1113_41380_14672/1	gi|2557643774|emb|OY673254.1|	95.556	45	2	0	2	46	21733	21777	2.84e-08	73.1	2697049	N/A
72_8_1113_41380_14672/1	gi|2463378371|dbj|AP027461.1|	95.556	45	2	0	2	46	1299633	1299677	2.84e-08	73.1	511145	N/A
72_8_1113_41380_14672/1	gi|2463378371|dbj|AP027461.1|	95.556	45	2	0	2	46	1628403	1628359	2.84e-08	73.1	511145	N/A
72_8_1113_41380_14672/1	gi|2755084441|gb|PP943425.1|	81.111	90	11	3	2	86	67824	67736	1.32e-06	67.6	10258	N/A
72_8_1113_41380_14672/1	gi|2755084441|gb|PP943425.1|	93.333	45	1	2	2	45	67592	67635	4.75e-06	65.8	10258	N/A
72_8_1209_49553_6967/1	gi|2557638192|emb|OY694677.1|	92.500	40	1	2	1	39	4308	4346	0.003	56.5	2697049	N/A
72_8_1209_49553_6967/1	gi|2165834303|emb|OV196009.1|	92.308	39	3	0	1	39	108	70	0.003	56.5	2697049	N/A
72_8_1209_49553_6967/1	gi|2165834303|emb|OV196009.1|	96.970	33	1	0	1	33	29919	29951	0.003	56.5	2697049	N/A
72_8_1209_49553_6967/1	gi|2155043183|emb|OV015804.1|	100.000	30	0	0	1	30	29940	29911	0.003	56.5	2697049	N/A
72_8_1209_49553_6967/1	gi|2991388636|dbj|AP040949.1|	100.000	29	0	0	1	29	3527645	3527673	0.010	54.7	573	N/A
72_8_1209_49553_6967/1	gi|2991388621|dbj|AP040934.1|	100.000	29	0	0	1	29	146956	146984	0.010	54.7	562	N/A
72_8_1209_49553_6967/1	gi|2991388621|dbj|AP040934.1|	100.000	29	0	0	1	29	4900943	4900915	0.010	54.7	562	N/A
72_8_2452_50929_8760/1	gi|2957929922|dbj|AP038990.1|	100.000	38	0	0	10	47	10157076	10157039	1.02e-07	71.3	84557	N/A
72_8_2452_50929_8760/1	gi|2565360070|emb|OY632882.1|	97.500	40	1	0	9	48	22461	22500	3.67e-07	69.4	2697049	N/A
72_8_2452_50929_8760/1	gi|2557652398|emb|OY682303.1|	97.436	39	1	0	9	47	22845	22883	1.32e-06	67.6	2697049	N/A
72_8_2452_50929_8760/1	gi|685043017|emb|LN591542.1|	93.478	46	1	2	10	53	89649	89604	1.32e-06	67.6	7962	N/A
72_8_2452_50929_8760/1	gi|2028580473|gb|MW408732.1|	97.368	38	1	0	10	47	1035	998	4.75e-06	65.8	2829358	N/A
72_8_1485_24848_9895/1	gi|2155043183|emb|OV015804.1|	97.368	38	1	0	14	51	29948	29911	4.75e-06	65.8	2697049	N/A
72_8_1485_24848_9895/1	gi|2991388636|dbj|AP040949.1|	97.297	37	1	0	14	50	3527637	3527673	1.71e-05	63.9	573	N/A
72_8_1485_24848_9895/1	gi|2560502367|emb|OY629453.1|	97.297	37	1	0	14	50	5917	5953	1.71e-05	63.9	2697049	N/A
72_8_1485_24848_9895/1	gi|2557638192|emb|OY694677.1|	91.489	47	2	2	15	60	4301	4346	1.71e-05	63.9	2697049	N/A
72_8_1485_24848_9895/1	gi|2165834303|emb|OV196009.1|	91.304	46	4	0	15	60	115	70	1.71e-05	63.9	2697049	N/A
72_8_1485_24848_9895/1	gi|2165834303|emb|OV196009.1|	95.000	40	2	0	15	54	29912	29951	1.71e-05	63.9	2697049	N/A
72_8_2225_44132_6575/1	gi|2978724457|gb|PV611058.1|	88.095	126	10	4	15	137	295321	295444	5.93e-30	145	3421660	N/A
72_8_2225_44132_6575/1	gi|2978724457|gb|PV611058.1|	90.164	61	2	3	15	72	295784	295843	2.20e-09	76.8	3421660	N/A
72_8_2225_44132_6575/1	gi|2830983252|gb|CP170844.1|	86.735	98	9	3	13	108	4083425	4083330	2.80e-18	106	573	N/A
72_8_2225_44132_6575/1	gi|2557643774|emb|OY673254.1|	95.652	46	2	0	15	60	21732	21777	7.90e-09	75.0	2697049	N/A
72_8_2225_44132_6575/1	gi|2463378371|dbj|AP027461.1|	95.652	46	2	0	15	60	1299632	1299677	7.90e-09	75.0	511145	N/A
72_8_2225_44132_6575/1	gi|2463378371|dbj|AP027461.1|	95.652	46	2	0	15	60	1628404	1628359	7.90e-09	75.0	511145	N/A
72_8_2225_44132_6575/1	gi|2165836832|emb|OV197136.1|	93.878	49	1	2	13	60	118	71	2.84e-08	73.1	2697049	N/A
72_8_1356_18479_5370/1	gi|2557638192|emb|OY694677.1|	92.500	40	1	2	6	44	4308	4346	0.003	56.5	2697049	N/A
72_8_1356_18479_5370/1	gi|2165834303|emb|OV196009.1|	92.308	39	3	0	6	44	108	70	0.003	56.5	2697049	N/A
72_8_1356_18479_5370/1	gi|2165834303|emb|OV196009.1|	96.970	33	1	0	6	38	29919	29951	0.003	56.5	2697049	N/A
72_8_1356_18479_5370/1	gi|2155043183|emb|OV015804.1|	100.000	30	0	0	6	35	29940	29911	0.003	56.5	2697049	N/A
72_8_1356_18479_5370/1	gi|2991388636|dbj|AP040949.1|	100.000	29	0	0	6	34	3527645	3527673	0.010	54.7	573	N/A
72_8_1356_18479_5370/1	gi|2991388621|dbj|AP040934.1|	100.000	29	0	0	6	34	146956	146984	0.010	54.7	562	N/A
72_8_1356_18479_5370/1	gi|2991388621|dbj|AP040934.1|	100.000	29	0	0	6	34	4900943	4900915	0.010	54.7	562	N/A
72_8_2366_6252_6981/1	gi|2978724457|gb|PV611058.1|	91.129	124	9	2	16	137	295321	295444	1.27e-36	167	3421660	N/A
72_8_2366_6252_6981/1	gi|2978724457|gb|PV611058.1|	91.379	58	3	2	16	71	295784	295841	6.10e-10	78.7	3421660	N/A
72_8_2366_6252_6981/1	gi|2557643774|emb|OY673254.1|	95.652	46	2	0	16	61	21732	21777	7.90e-09	75.0	2697049	N/A
72_8_2366_6252_6981/1	gi|780644672|ref|XM_011690559.1|	100.000	40	0	0	14	53	1036	1075	7.90e-09	75.0	64793	N/A
72_8_2366_6252_6981/1	gi|2056797228|tpg|BK057247.1|	100.000	39	0	0	14	52	42089	42127	2.84e-08	73.1	38018	N/A
72_8_2366_6252_6981/1	gi|2830983252|gb|CP170844.1|	80.612	98	13	5	16	111	4083423	4083330	1.02e-07	71.3	573	N/A
72_8_1395_5661_27503/1	gi|2978724457|gb|PV611058.1|	95.238	126	1	4	15	137	295321	295444	5.81e-45	195	3421660	N/A
72_8_1395_5661_27503/1	gi|2978724457|gb|PV611058.1|	91.667	60	1	3	15	71	295784	295842	1.70e-10	80.5	3421660	N/A
72_8_1395_5661_27503/1	gi|2830983252|gb|CP170844.1|	83.158	95	12	2	14	104	4083424	4083330	1.31e-11	84.2	573	N/A
72_8_1395_5661_27503/1	gi|2557643774|emb|OY673254.1|	95.652	46	2	0	15	60	21732	21777	7.90e-09	75.0	2697049	N/A
72_8_1395_5661_27503/1	gi|2463378371|dbj|AP027461.1|	95.652	46	2	0	15	60	1299632	1299677	7.90e-09	75.0	511145	N/A
72_8_1395_5661_27503/1	gi|2463378371|dbj|AP027461.1|	95.652	46	2	0	15	60	1628404	1628359	7.90e-09	75.0	511145	N/A
72_8_1395_5661_27503/1	gi|2686256159|emb|OZ008443.1|	100.000	39	0	0	9	47	1871	1909	2.84e-08	73.1	2587225	N/A
72_8_1101_45475_23581/1	gi|2978724457|gb|PV611058.1|	91.200	125	8	3	15	137	295321	295444	1.27e-36	167	3421660	N/A
72_8_1101_45475_23581/1	gi|2978724457|gb|PV611058.1|	91.525	59	3	2	15	71	295784	295842	1.70e-10	80.5	3421660	N/A
72_8_1101_45475_23581/1	gi|2830983252|gb|CP170844.1|	86.598	97	10	2	13	107	4083425	4083330	1.01e-17	104	573	N/A
72_8_1101_45475_23581/1	gi|2557643774|emb|OY673254.1|	95.652	46	2	0	15	60	21732	21777	7.90e-09	75.0	2697049	N/A
72_8_1101_45475_23581/1	gi|2924925013|gb|PQ571295.1|	97.674	43	0	1	10	51	223	265	2.84e-08	73.1	3385244	N/A
72_8_1101_45475_23581/1	gi|2755084565|gb|PP943426.1|	92.157	51	2	2	15	63	121082	121032	1.02e-07	71.3	10258	N/A
72_8_2327_32641_12711/1	gi|2978724457|gb|PV611058.1|	89.683	126	8	4	15	137	295321	295444	2.74e-33	156	3421660	N/A
72_8_2327_32641_12711/1	gi|2978724457|gb|PV611058.1|	91.667	60	1	3	15	71	295784	295842	1.70e-10	80.5	3421660	N/A
72_8_2327_32641_12711/1	gi|2830983252|gb|CP170844.1|	88.421	95	8	2	15	107	4083423	4083330	6.02e-20	111	573	N/A
72_8_2327_32641_12711/1	gi|2557643774|emb|OY673254.1|	95.652	46	2	0	15	60	21732	21777	7.90e-09	75.0	2697049	N/A
72_8_2327_32641_12711/1	gi|2463378371|dbj|AP027461.1|	95.652	46	2	0	15	60	1299632	1299677	7.90e-09	75.0	511145	N/A
72_8_2327_32641_12711/1	gi|2463378371|dbj|AP027461.1|	95.652	46	2	0	15	60	1628404	1628359	7.90e-09	75.0	511145	N/A
72_8_2327_32641_12711/1	gi|2155043183|emb|OV015804.1|	100.000	39	0	0	13	51	29949	29911	2.84e-08	73.1	2697049	N/A
72_8_1284_44083_26046/1	gi|2978724457|gb|PV611058.1|	93.023	129	2	5	6	131	295320	295444	4.52e-41	182	3421660	N/A
72_8_1284_44083_26046/1	gi|2978724457|gb|PV611058.1|	90.164	61	2	3	6	63	295783	295842	2.20e-09	76.8	3421660	N/A
72_8_1284_44083_26046/1	gi|2830983252|gb|CP170844.1|	84.043	94	11	2	7	96	4083423	4083330	1.01e-12	87.9	573	N/A
72_8_1284_44083_26046/1	gi|2557643774|emb|OY673254.1|	93.478	46	3	0	7	52	21732	21777	3.67e-07	69.4	2697049	N/A
72_8_1284_44083_26046/1	gi|2463378371|dbj|AP027461.1|	93.478	46	3	0	7	52	1299632	1299677	3.67e-07	69.4	511145	N/A
72_8_1284_44083_26046/1	gi|2463378371|dbj|AP027461.1|	93.478	46	3	0	7	52	1628404	1628359	3.67e-07	69.4	511145	N/A
72_8_1284_44083_26046/1	gi|2557638192|emb|OY694677.1|	91.837	49	2	2	5	52	4299	4346	1.32e-06	67.6	2697049	N/A
72_8_1146_22315_4642/1	gi|2978724457|gb|PV611058.1|	91.538	130	1	5	2	128	295322	295444	9.79e-38	171	3421660	N/A
72_8_1146_22315_4642/1	gi|2978724457|gb|PV611058.1|	91.525	59	1	3	2	57	295785	295842	6.10e-10	78.7	3421660	N/A
72_8_1146_22315_4642/1	gi|2830983252|gb|CP170844.1|	88.172	93	8	2	2	91	4083422	4083330	7.78e-19	108	573	N/A
72_8_1146_22315_4642/1	gi|2557643774|emb|OY673254.1|	95.556	45	2	0	2	46	21733	21777	2.84e-08	73.1	2697049	N/A
72_8_1146_22315_4642/1	gi|2463378371|dbj|AP027461.1|	95.556	45	2	0	2	46	1299633	1299677	2.84e-08	73.1	511145	N/A
72_8_1146_22315_4642/1	gi|2463378371|dbj|AP027461.1|	95.556	45	2	0	2	46	1628403	1628359	2.84e-08	73.1	511145	N/A
72_8_1146_22315_4642/1	gi|2755084441|gb|PP943425.1|	93.478	46	1	2	2	46	67824	67780	1.32e-06	67.6	10258	N/A
72_8_1146_22315_4642/1	gi|2755084441|gb|PP943425.1|	93.333	45	1	2	2	45	67592	67635	4.75e-06	65.8	10258	N/A
72_8_1355_22185_9209/1	gi|2978724457|gb|PV611058.1|	95.238	126	1	4	7	129	295321	295444	5.81e-45	195	3421660	N/A
72_8_1355_22185_9209/1	gi|2978724457|gb|PV611058.1|	91.667	60	1	3	7	63	295784	295842	1.70e-10	80.5	3421660	N/A
72_8_1355_22185_9209/1	gi|2830983252|gb|CP170844.1|	83.333	96	8	2	5	92	4083425	4083330	4.72e-11	82.4	573	N/A
72_8_1355_22185_9209/1	gi|2557643774|emb|OY673254.1|	95.652	46	2	0	7	52	21732	21777	7.90e-09	75.0	2697049	N/A
72_8_1355_22185_9209/1	gi|2463378371|dbj|AP027461.1|	95.652	46	2	0	7	52	1299632	1299677	7.90e-09	75.0	511145	N/A
72_8_1355_22185_9209/1	gi|2463378371|dbj|AP027461.1|	95.652	46	2	0	7	52	1628404	1628359	7.90e-09	75.0	511145	N/A
72_8_1355_22185_9209/1	gi|2165836832|emb|OV197136.1|	93.878	49	1	2	5	52	118	71	2.84e-08	73.1	2697049	N/A
72_8_1398_38079_7051/1	gi|2978724457|gb|PV611058.1|	95.238	126	1	4	15	137	295321	295444	5.81e-45	195	3421660	N/A
72_8_1398_38079_7051/1	gi|2978724457|gb|PV611058.1|	91.667	60	1	3	15	71	295784	295842	1.70e-10	80.5	3421660	N/A
72_8_1398_38079_7051/1	gi|2830983252|gb|CP170844.1|	83.333	96	12	2	13	104	4083425	4083330	3.65e-12	86.1	573	N/A
72_8_1398_38079_7051/1	gi|2557643774|emb|OY673254.1|	95.652	46	2	0	15	60	21732	21777	7.90e-09	75.0	2697049	N/A
72_8_1398_38079_7051/1	gi|2463378371|dbj|AP027461.1|	95.652	46	2	0	15	60	1299632	1299677	7.90e-09	75.0	511145	N/A
72_8_1398_38079_7051/1	gi|2463378371|dbj|AP027461.1|	95.652	46	2	0	15	60	1628404	1628359	7.90e-09	75.0	511145	N/A
72_8_1398_38079_7051/1	gi|2165836832|emb|OV197136.1|	92.593	54	1	3	8	60	122	71	7.90e-09	75.0	2697049	N/A
72_8_1478_48752_3283/1	gi|2978724457|gb|PV611058.1|	95.763	118	1	3	23	137	295321	295437	9.72e-43	187	3421660	N/A
72_8_1478_48752_3283/1	gi|2978724457|gb|PV611058.1|	91.667	60	1	3	23	79	295784	295842	1.70e-10	80.5	3421660	N/A
72_8_1478_48752_3283/1	gi|685044439|emb|LN592964.1|	92.727	55	1	3	10	62	179355	179302	2.20e-09	76.8	7962	N/A
72_8_1478_48752_3283/1	gi|685042148|emb|LN590673.1|	95.833	48	0	2	17	62	9009491	9009538	2.20e-09	76.8	7962	N/A
72_8_1478_48752_3283/1	gi|685042148|emb|LN590673.1|	95.556	45	0	2	20	62	8955770	8955814	1.02e-07	71.3	7962	N/A
72_8_1478_48752_3283/1	gi|685042148|emb|LN590673.1|	93.182	44	2	1	17	59	9322680	9322723	1.71e-05	63.9	7962	N/A
72_8_1478_48752_3283/1	gi|2557643774|emb|OY673254.1|	95.652	46	2	0	23	68	21732	21777	7.90e-09	75.0	2697049	N/A
72_8_1478_48752_3283/1	gi|2830983252|gb|CP170844.1|	81.915	94	5	2	23	104	4083423	4083330	3.67e-07	69.4	573	N/A
72_8_1294_16586_1728/1	gi|2978724457|gb|PV611058.1|	94.697	132	1	4	9	135	295314	295444	1.25e-46	200	3421660	N/A
72_8_1294_16586_1728/1	gi|2978724457|gb|PV611058.1|	89.552	67	1	4	9	70	295777	295842	1.70e-10	80.5	3421660	N/A
72_8_1294_16586_1728/1	gi|685042185|emb|LN590710.1|	100.000	42	0	0	6	47	9162081	9162122	6.10e-10	78.7	7962	N/A
72_8_1294_16586_1728/1	gi|685042185|emb|LN590710.1|	95.238	42	0	2	14	53	3790452	3790411	4.75e-06	65.8	7962	N/A
72_8_1294_16586_1728/1	gi|685042185|emb|LN590710.1|	95.238	42	0	2	14	53	6008694	6008735	4.75e-06	65.8	7962	N/A
72_8_1294_16586_1728/1	gi|685042185|emb|LN590710.1|	95.238	42	0	2	14	53	10218503	10218544	4.75e-06	65.8	7962	N/A
72_8_1294_16586_1728/1	gi|2557643774|emb|OY673254.1|	95.652	46	2	0	14	59	21732	21777	7.90e-09	75.0	2697049	N/A
72_8_1294_16586_1728/1	gi|2463378371|dbj|AP027461.1|	95.652	46	2	0	14	59	1299632	1299677	7.90e-09	75.0	511145	N/A
72_8_1294_16586_1728/1	gi|2463378371|dbj|AP027461.1|	95.652	46	2	0	14	59	1628404	1628359	7.90e-09	75.0	511145	N/A
72_8_1294_16586_1728/1	gi|2830983252|gb|CP170844.1|	81.915	94	5	2	14	95	4083423	4083330	3.67e-07	69.4	573	N/A
72_8_1264_20591_11576/1	gi|2978724457|gb|PV611058.1|	91.603	131	1	6	9	136	295321	295444	2.72e-38	172	3421660	N/A
72_8_1264_20591_11576/1	gi|2978724457|gb|PV611058.1|	91.667	60	1	3	9	65	295784	295842	1.70e-10	80.5	3421660	N/A
72_8_1264_20591_11576/1	gi|2830983252|gb|CP170844.1|	86.316	95	10	2	9	101	4083423	4083330	1.30e-16	100	573	N/A
72_8_1264_20591_11576/1	gi|2557643774|emb|OY673254.1|	95.652	46	2	0	9	54	21732	21777	7.90e-09	75.0	2697049	N/A
72_8_1264_20591_11576/1	gi|2463378371|dbj|AP027461.1|	95.652	46	2	0	9	54	1299632	1299677	7.90e-09	75.0	511145	N/A
72_8_1264_20591_11576/1	gi|2463378371|dbj|AP027461.1|	95.652	46	2	0	9	54	1628404	1628359	7.90e-09	75.0	511145	N/A
72_8_1264_20591_11576/1	gi|2155043183|emb|OV015804.1|	100.000	40	0	0	6	45	29950	29911	7.90e-09	75.0	2697049	N/A
72_8_1385_15404_12907/1	gi|2978724457|gb|PV611058.1|	90.000	130	7	5	11	137	295318	295444	1.64e-35	163	3421660	N/A
72_8_1385_15404_12907/1	gi|2978724457|gb|PV611058.1|	90.476	63	2	3	11	70	295781	295842	1.70e-10	80.5	3421660	N/A
72_8_1385_15404_12907/1	gi|2830983252|gb|CP170844.1|	87.500	96	9	2	13	106	4083424	4083330	7.78e-19	108	573	N/A
72_8_1385_15404_12907/1	gi|2557643774|emb|OY673254.1|	95.652	46	2	0	14	59	21732	21777	7.90e-09	75.0	2697049	N/A
72_8_1385_15404_12907/1	gi|2463378371|dbj|AP027461.1|	95.652	46	2	0	14	59	1299632	1299677	7.90e-09	75.0	511145	N/A
72_8_1385_15404_12907/1	gi|2463378371|dbj|AP027461.1|	95.652	46	2	0	14	59	1628404	1628359	7.90e-09	75.0	511145	N/A
72_8_1385_15404_12907/1	gi|685042175|emb|LN590700.1|	92.308	52	2	2	5	54	14033950	14033899	2.84e-08	73.1	7962	N/A
72_8_1385_15404_12907/1	gi|685042175|emb|LN590700.1|	93.750	48	0	3	8	53	15778533	15778579	3.67e-07	69.4	7962	N/A
72_8_1275_20850_26004/1	gi|2978724457|gb|PV611058.1|	92.248	129	1	8	2	127	295322	295444	7.57e-39	174	3421660	N/A
72_8_1275_20850_26004/1	gi|2978724457|gb|PV611058.1|	90.000	60	1	4	2	58	295785	295842	2.84e-08	73.1	3421660	N/A
72_8_1275_20850_26004/1	gi|2830983252|gb|CP170844.1|	83.158	95	12	3	2	94	4083422	4083330	1.31e-11	84.2	573	N/A
72_8_1275_20850_26004/1	gi|2557643774|emb|OY673254.1|	93.478	46	2	1	2	47	21733	21777	1.32e-06	67.6	2697049	N/A
72_8_1275_20850_26004/1	gi|2463378371|dbj|AP027461.1|	93.478	46	2	1	2	47	1299633	1299677	1.32e-06	67.6	511145	N/A
72_8_1275_20850_26004/1	gi|2463378371|dbj|AP027461.1|	93.478	46	2	1	2	47	1628403	1628359	1.32e-06	67.6	511145	N/A
72_8_1275_20850_26004/1	gi|2755084441|gb|PP943425.1|	91.489	47	1	3	2	47	67824	67780	6.15e-05	62.1	10258	N/A
72_8_1275_20850_26004/1	gi|2755084441|gb|PP943425.1|	91.304	46	1	3	2	46	67592	67635	2.21e-04	60.2	10258	N/A
72_8_2402_27680_6589/1	gi|2978724457|gb|PV611058.1|	91.339	127	7	3	14	137	295319	295444	9.79e-38	171	3421660	N/A
72_8_2402_27680_6589/1	gi|2978724457|gb|PV611058.1|	91.935	62	1	3	14	72	295782	295842	1.31e-11	84.2	3421660	N/A
72_8_2402_27680_6589/1	gi|2830983252|gb|CP170844.1|	88.298	94	8	2	16	106	4083423	4083330	2.16e-19	110	573	N/A
72_8_2402_27680_6589/1	gi|685042175|emb|LN590700.1|	96.154	52	0	2	7	56	14033950	14033899	1.31e-11	84.2	7962	N/A
72_8_2402_27680_6589/1	gi|685042175|emb|LN590700.1|	95.238	42	0	2	16	55	15778538	15778579	4.75e-06	65.8	7962	N/A
72_8_2402_27680_6589/1	gi|2557643774|emb|OY673254.1|	91.379	58	4	1	5	61	21720	21777	6.10e-10	78.7	2697049	N/A
72_8_2402_27680_6589/1	gi|1842001608|ref|NC_047813.1|	94.118	51	1	2	11	61	18488	18536	2.20e-09	76.8	1958907	N/A
72_8_2402_27680_6589/1	gi|1842001608|ref|NC_047813.1|	97.674	43	1	0	11	53	60	18	7.90e-09	75.0	1958907	N/A
72_8_1418_22016_9615/1	gi|2978724457|gb|PV611058.1|	96.000	125	1	3	14	135	295321	295444	1.25e-46	200	3421660	N/A
72_8_1418_22016_9615/1	gi|2978724457|gb|PV611058.1|	91.667	60	1	3	14	70	295784	295842	1.70e-10	80.5	3421660	N/A
72_8_1418_22016_9615/1	gi|2524352013|emb|OY072335.1|	97.778	45	1	0	3	47	21647	21691	6.10e-10	78.7	2697049	N/A
72_8_1418_22016_9615/1	gi|2557643774|emb|OY673254.1|	95.652	46	2	0	14	59	21732	21777	7.90e-09	75.0	2697049	N/A
72_8_1418_22016_9615/1	gi|2463378371|dbj|AP027461.1|	95.652	46	2	0	14	59	1299632	1299677	7.90e-09	75.0	511145	N/A
72_8_1418_22016_9615/1	gi|2463378371|dbj|AP027461.1|	95.652	46	2	0	14	59	1628404	1628359	7.90e-09	75.0	511145	N/A
72_8_1418_22016_9615/1	gi|2830983252|gb|CP170844.1|	81.915	94	5	2	14	95	4083423	4083330	3.67e-07	69.4	573	N/A
72_8_2291_27648_2023/1	gi|2978724457|gb|PV611058.1|	95.276	127	1	4	13	136	295320	295444	1.61e-45	196	3421660	N/A
72_8_2291_27648_2023/1	gi|2978724457|gb|PV611058.1|	91.803	61	1	3	13	70	295783	295842	4.72e-11	82.4	3421660	N/A
72_8_2291_27648_2023/1	gi|2830983252|gb|CP170844.1|	82.979	94	14	1	14	105	4083423	4083330	1.31e-11	84.2	573	N/A
72_8_2291_27648_2023/1	gi|685042161|emb|LN590686.1|	94.231	52	0	3	4	53	20813821	20813871	2.20e-09	76.8	7962	N/A
72_8_2291_27648_2023/1	gi|685042161|emb|LN590686.1|	95.556	45	0	2	11	53	6380191	6380235	1.02e-07	71.3	7962	N/A
72_8_2291_27648_2023/1	gi|685042161|emb|LN590686.1|	95.238	42	0	2	14	53	4545831	4545872	4.75e-06	65.8	7962	N/A
72_8_2291_27648_2023/1	gi|685042161|emb|LN590686.1|	95.238	42	0	2	14	53	12304839	12304798	4.75e-06	65.8	7962	N/A
72_8_2291_27648_2023/1	gi|685042161|emb|LN590686.1|	90.385	52	2	3	4	53	17091837	17091887	4.75e-06	65.8	7962	N/A
72_8_2291_27648_2023/1	gi|685042161|emb|LN590686.1|	95.238	42	0	2	14	53	28125760	28125801	4.75e-06	65.8	7962	N/A
72_8_2291_27648_2023/1	gi|685042161|emb|LN590686.1|	94.872	39	0	2	17	53	12436830	12436868	2.21e-04	60.2	7962	N/A
72_8_2291_27648_2023/1	gi|2557643774|emb|OY673254.1|	95.652	46	2	0	14	59	21732	21777	7.90e-09	75.0	2697049	N/A
72_8_2291_27648_2023/1	gi|2463378371|dbj|AP027461.1|	95.652	46	2	0	14	59	1299632	1299677	7.90e-09	75.0	511145	N/A
72_8_2291_27648_2023/1	gi|2463378371|dbj|AP027461.1|	95.652	46	2	0	14	59	1628404	1628359	7.90e-09	75.0	511145	N/A
72_8_1374_29112_2261/1	gi|2978724457|gb|PV611058.1|	90.551	127	6	4	14	137	295321	295444	1.64e-35	163	3421660	N/A
72_8_1374_29112_2261/1	gi|2978724457|gb|PV611058.1|	91.667	60	1	3	14	70	295784	295842	1.70e-10	80.5	3421660	N/A
72_8_1374_29112_2261/1	gi|2830983252|gb|CP170844.1|	87.500	96	9	2	13	106	4083424	4083330	7.78e-19	108	573	N/A
72_8_1374_29112_2261/1	gi|685042175|emb|LN590700.1|	95.833	48	0	2	8	53	15778532	15778579	2.20e-09	76.8	7962	N/A
72_8_1374_29112_2261/1	gi|685042175|emb|LN590700.1|	95.349	43	0	2	14	54	14033941	14033899	1.32e-06	67.6	7962	N/A
72_8_1374_29112_2261/1	gi|2557643774|emb|OY673254.1|	95.652	46	2	0	14	59	21732	21777	7.90e-09	75.0	2697049	N/A
72_8_1374_29112_2261/1	gi|2463378371|dbj|AP027461.1|	93.878	49	3	0	11	59	1299629	1299677	7.90e-09	75.0	511145	N/A
72_8_1374_29112_2261/1	gi|2463378371|dbj|AP027461.1|	95.652	46	2	0	14	59	1628404	1628359	7.90e-09	75.0	511145	N/A
72_8_1314_8922_1602/1	gi|2978724457|gb|PV611058.1|	91.538	130	1	6	2	128	295322	295444	9.79e-38	171	3421660	N/A
72_8_1314_8922_1602/1	gi|2978724457|gb|PV611058.1|	91.667	60	1	3	2	58	295785	295843	1.70e-10	80.5	3421660	N/A
72_8_1314_8922_1602/1	gi|2830983252|gb|CP170844.1|	86.170	94	10	2	2	93	4083422	4083330	4.68e-16	99.0	573	N/A
72_8_1314_8922_1602/1	gi|2557643774|emb|OY673254.1|	95.556	45	2	0	2	46	21733	21777	2.84e-08	73.1	2697049	N/A
72_8_1314_8922_1602/1	gi|2463378371|dbj|AP027461.1|	95.556	45	2	0	2	46	1299633	1299677	2.84e-08	73.1	511145	N/A
72_8_1314_8922_1602/1	gi|2463378371|dbj|AP027461.1|	95.556	45	2	0	2	46	1628403	1628359	2.84e-08	73.1	511145	N/A
72_8_1314_8922_1602/1	gi|2755084441|gb|PP943425.1|	93.478	46	1	2	2	46	67824	67780	1.32e-06	67.6	10258	N/A
72_8_1314_8922_1602/1	gi|2755084441|gb|PP943425.1|	93.333	45	1	2	2	45	67592	67635	4.75e-06	65.8	10258	N/A
72_8_2337_46373_23539/1	gi|2978724457|gb|PV611058.1|	89.231	130	8	5	11	137	295318	295444	7.62e-34	158	3421660	N/A
72_8_2337_46373_23539/1	gi|2978724457|gb|PV611058.1|	90.164	61	2	3	11	68	295781	295840	2.20e-09	76.8	3421660	N/A
72_8_2337_46373_23539/1	gi|2830983252|gb|CP170844.1|	88.542	96	8	2	13	106	4083424	4083330	1.67e-20	113	573	N/A
72_8_2337_46373_23539/1	gi|2557643774|emb|OY673254.1|	95.652	46	2	0	14	59	21732	21777	7.90e-09	75.0	2697049	N/A
72_8_2337_46373_23539/1	gi|2463378371|dbj|AP027461.1|	95.652	46	2	0	14	59	1299632	1299677	7.90e-09	75.0	511145	N/A
72_8_2337_46373_23539/1	gi|2463378371|dbj|AP027461.1|	95.652	46	2	0	14	59	1628404	1628359	7.90e-09	75.0	511145	N/A
72_8_2337_46373_23539/1	gi|2165836832|emb|OV197136.1|	92.308	52	2	2	9	59	121	71	2.84e-08	73.1	2697049	N/A
72_8_2181_11957_5567/1	gi|2163361838|dbj|LC597757.1|	100.000	28	0	0	1	28	61	88	0.037	52.8	32630	N/A
72_8_2181_11957_5567/1	gi|2054713905|tpg|BK053283.1|	100.000	28	0	0	5	32	29053	29080	0.037	52.8	2832643	N/A
72_8_2463_34340_13915/1	gi|2978724457|gb|PV611058.1|	89.231	130	6	6	11	137	295320	295444	2.74e-33	156	3421660	N/A
72_8_2463_34340_13915/1	gi|2978724457|gb|PV611058.1|	90.476	63	1	4	11	70	295783	295843	6.10e-10	78.7	3421660	N/A
72_8_2463_34340_13915/1	gi|2830983252|gb|CP170844.1|	84.694	98	9	4	12	107	4083423	4083330	2.18e-14	93.5	573	N/A
72_8_2463_34340_13915/1	gi|2524352013|emb|OY072335.1|	97.727	44	1	0	2	45	21648	21691	2.20e-09	76.8	2697049	N/A
72_8_2463_34340_13915/1	gi|2557643774|emb|OY673254.1|	95.652	46	2	0	12	57	21732	21777	7.90e-09	75.0	2697049	N/A
72_8_2463_34340_13915/1	gi|2463378371|dbj|AP027461.1|	95.652	46	2	0	12	57	1299632	1299677	7.90e-09	75.0	511145	N/A
72_8_2463_34340_13915/1	gi|2463378371|dbj|AP027461.1|	95.652	46	2	0	12	57	1628404	1628359	7.90e-09	75.0	511145	N/A
72_8_2406_36056_10161/1	gi|2752542988|emb|OY639205.1|	100.000	29	0	0	16	44	444562	444534	0.010	54.7	5678	N/A
72_8_1225_11212_25962/1	gi|2978724457|gb|PV611058.1|	88.976	127	9	4	14	137	295320	295444	3.55e-32	152	3421660	N/A
72_8_1225_11212_25962/1	gi|2978724457|gb|PV611058.1|	91.803	61	1	3	14	71	295783	295842	4.72e-11	82.4	3421660	N/A
72_8_1225_11212_25962/1	gi|2830983252|gb|CP170844.1|	91.489	94	6	1	15	106	4083423	4083330	5.98e-25	128	573	N/A
72_8_1225_11212_25962/1	gi|2524352013|emb|OY072335.1|	97.778	45	1	0	4	48	21647	21691	6.10e-10	78.7	2697049	N/A
72_8_1225_11212_25962/1	gi|2557643774|emb|OY673254.1|	95.652	46	2	0	15	60	21732	21777	7.90e-09	75.0	2697049	N/A
72_8_1225_11212_25962/1	gi|2463378371|dbj|AP027461.1|	95.652	46	2	0	15	60	1299632	1299677	7.90e-09	75.0	511145	N/A
72_8_1225_11212_25962/1	gi|2463378371|dbj|AP027461.1|	95.652	46	2	0	15	60	1628404	1628359	7.90e-09	75.0	511145	N/A
72_8_2223_51059_19854/1	gi|2978724457|gb|PV611058.1|	91.339	127	6	4	14	137	295320	295444	3.52e-37	169	3421660	N/A
72_8_2223_51059_19854/1	gi|2978724457|gb|PV611058.1|	91.803	61	1	3	14	71	295783	295842	4.72e-11	82.4	3421660	N/A
72_8_2223_51059_19854/1	gi|2830983252|gb|CP170844.1|	86.316	95	10	2	15	107	4083423	4083330	1.30e-16	100	573	N/A
72_8_2223_51059_19854/1	gi|685042161|emb|LN590686.1|	94.231	52	0	3	5	54	20813821	20813871	2.20e-09	76.8	7962	N/A
72_8_2223_51059_19854/1	gi|685042161|emb|LN590686.1|	95.455	44	0	2	13	54	6380192	6380235	3.67e-07	69.4	7962	N/A
72_8_2223_51059_19854/1	gi|685042161|emb|LN590686.1|	95.238	42	0	2	15	54	4545831	4545872	4.75e-06	65.8	7962	N/A
72_8_2223_51059_19854/1	gi|685042161|emb|LN590686.1|	95.238	42	0	2	15	54	12304839	12304798	4.75e-06	65.8	7962	N/A
72_8_2223_51059_19854/1	gi|685042161|emb|LN590686.1|	95.238	42	0	2	15	54	17091846	17091887	4.75e-06	65.8	7962	N/A
72_8_2223_51059_19854/1	gi|685042161|emb|LN590686.1|	95.238	42	0	2	15	54	28125760	28125801	4.75e-06	65.8	7962	N/A
72_8_2223_51059_19854/1	gi|685042161|emb|LN590686.1|	94.872	39	0	2	18	54	12436830	12436868	2.21e-04	60.2	7962	N/A
72_8_2223_51059_19854/1	gi|2557643774|emb|OY673254.1|	95.652	46	2	0	15	60	21732	21777	7.90e-09	75.0	2697049	N/A
72_8_2223_51059_19854/1	gi|2557638192|emb|OY694677.1|	91.228	57	2	3	5	60	4292	4346	7.90e-09	75.0	2697049	N/A
72_8_1474_40353_2835/1	gi|2978724457|gb|PV611058.1|	95.238	126	1	4	5	127	295321	295444	5.81e-45	195	3421660	N/A
72_8_1474_40353_2835/1	gi|2978724457|gb|PV611058.1|	91.667	60	1	3	5	61	295784	295842	1.70e-10	80.5	3421660	N/A
72_8_1474_40353_2835/1	gi|2830983252|gb|CP170844.1|	83.158	95	8	2	4	90	4083424	4083330	1.70e-10	80.5	573	N/A
72_8_1474_40353_2835/1	gi|2557643774|emb|OY673254.1|	95.652	46	2	0	5	50	21732	21777	7.90e-09	75.0	2697049	N/A
72_8_1474_40353_2835/1	gi|2463378371|dbj|AP027461.1|	95.652	46	2	0	5	50	1299632	1299677	7.90e-09	75.0	511145	N/A
72_8_1474_40353_2835/1	gi|2463378371|dbj|AP027461.1|	95.652	46	2	0	5	50	1628404	1628359	7.90e-09	75.0	511145	N/A
72_8_1474_40353_2835/1	gi|2755084441|gb|PP943425.1|	93.750	48	1	2	3	49	67589	67635	1.02e-07	71.3	10258	N/A
72_8_1474_40353_2835/1	gi|2755084441|gb|PP943425.1|	93.617	47	1	2	5	50	67825	67780	3.67e-07	69.4	10258	N/A
72_8_1113_21044_18608/1	gi|2978724457|gb|PV611058.1|	92.000	125	6	3	16	137	295321	295444	2.72e-38	172	3421660	N/A
72_8_1113_21044_18608/1	gi|2978724457|gb|PV611058.1|	91.667	60	1	3	16	72	295784	295842	1.70e-10	80.5	3421660	N/A
72_8_1113_21044_18608/1	gi|2830983252|gb|CP170844.1|	83.505	97	12	2	15	109	4083424	4083330	1.01e-12	87.9	573	N/A
72_8_1113_21044_18608/1	gi|2557643774|emb|OY673254.1|	93.878	49	3	0	13	61	21729	21777	7.90e-09	75.0	2697049	N/A
72_8_1113_21044_18608/1	gi|2463378371|dbj|AP027461.1|	95.652	46	2	0	16	61	1299632	1299677	7.90e-09	75.0	511145	N/A
72_8_1113_21044_18608/1	gi|2463378371|dbj|AP027461.1|	95.652	46	2	0	16	61	1628404	1628359	7.90e-09	75.0	511145	N/A
72_8_1113_21044_18608/1	gi|685047575|emb|LN596087.1|	95.652	46	0	2	13	56	6214	6169	2.84e-08	73.1	7962	N/A
72_8_2461_45532_15694/1	gi|2978724457|gb|PV611058.1|	92.063	126	5	4	15	137	295321	295444	2.72e-38	172	3421660	N/A
72_8_2461_45532_15694/1	gi|2978724457|gb|PV611058.1|	91.667	60	1	3	15	71	295784	295842	1.70e-10	80.5	3421660	N/A
72_8_2461_45532_15694/1	gi|2830983252|gb|CP170844.1|	83.333	96	12	3	15	108	4083423	4083330	3.65e-12	86.1	573	N/A
72_8_2461_45532_15694/1	gi|685046795|emb|LN595320.1|	95.833	48	0	2	9	54	140295	140342	2.20e-09	76.8	7962	N/A
72_8_2461_45532_15694/1	gi|685045018|emb|LN593543.1|	95.833	48	0	2	9	54	140101	140148	2.20e-09	76.8	7962	N/A
72_8_2461_45532_15694/1	gi|2557643774|emb|OY673254.1|	95.652	46	2	0	15	60	21732	21777	7.90e-09	75.0	2697049	N/A
72_8_2427_19288_1448/1	gi|780644672|ref|XM_011690559.1|	100.000	29	0	0	2	30	1047	1075	0.010	54.7	64793	N/A
72_8_2427_19288_1448/1	gi|685042188|emb|LN590713.1|	100.000	29	0	0	2	30	7120057	7120085	0.010	54.7	7962	N/A
72_8_2427_19288_1448/1	gi|685042180|emb|LN590705.1|	100.000	29	0	0	2	30	2155413	2155441	0.010	54.7	7962	N/A
72_8_2427_19288_1448/1	gi|2557388487|emb|OY649758.1|	100.000	28	0	0	2	29	2223	2250	0.037	52.8	2697049	N/A
72_8_2427_19288_1448/1	gi|2056797228|tpg|BK057247.1|	100.000	28	0	0	2	29	42100	42127	0.037	52.8	38018	N/A
72_8_1118_49141_10595/1	gi|2565360070|emb|OY632882.1|	97.368	38	1	0	13	50	22463	22500	4.75e-06	65.8	2697049	N/A
72_8_1118_49141_10595/1	gi|2557638192|emb|OY694677.1|	91.667	48	2	2	15	61	4300	4346	4.75e-06	65.8	2697049	N/A
72_8_1118_49141_10595/1	gi|2319067183|gb|CP107088.1|	95.238	42	1	1	9	50	608307	608347	4.75e-06	65.8	630	N/A
72_8_1118_49141_10595/1	gi|2165834303|emb|OV196009.1|	91.304	46	4	0	16	61	115	70	1.71e-05	63.9	2697049	N/A
72_8_1118_49141_10595/1	gi|2165834303|emb|OV196009.1|	95.000	40	2	0	16	55	29912	29951	1.71e-05	63.9	2697049	N/A
72_8_1118_49141_10595/1	gi|2155043183|emb|OV015804.1|	97.297	37	1	0	16	52	29947	29911	1.71e-05	63.9	2697049	N/A
72_8_2429_26652_27279/1	gi|2155043183|emb|OV015804.1|	100.000	28	0	0	5	32	29938	29911	0.037	52.8	2697049	N/A
72_8_1456_32115_11884/1	gi|2978724457|gb|PV611058.1|	95.238	126	1	4	12	134	295321	295444	5.81e-45	195	3421660	N/A
72_8_1456_32115_11884/1	gi|2978724457|gb|PV611058.1|	91.667	60	1	3	12	68	295784	295842	1.70e-10	80.5	3421660	N/A
72_8_1456_32115_11884/1	gi|2830983252|gb|CP170844.1|	82.979	94	11	2	12	100	4083423	4083330	1.70e-10	80.5	573	N/A
72_8_1456_32115_11884/1	gi|2524352013|emb|OY072335.1|	97.727	44	1	0	2	45	21648	21691	2.20e-09	76.8	2697049	N/A
72_8_1456_32115_11884/1	gi|685046795|emb|LN595320.1|	95.833	48	0	2	6	51	140295	140342	2.20e-09	76.8	7962	N/A
72_8_1456_32115_11884/1	gi|685045018|emb|LN593543.1|	95.833	48	0	2	6	51	140101	140148	2.20e-09	76.8	7962	N/A
72_8_1335_50792_2555/1	gi|2978724457|gb|PV611058.1|	89.764	127	8	4	14	137	295320	295444	7.62e-34	158	3421660	N/A
72_8_1335_50792_2555/1	gi|2978724457|gb|PV611058.1|	91.667	60	1	3	14	70	295783	295841	1.70e-10	80.5	3421660	N/A
72_8_1335_50792_2555/1	gi|2830983252|gb|CP170844.1|	83.505	97	11	4	15	109	4083423	4083330	3.65e-12	86.1	573	N/A
72_8_1335_50792_2555/1	gi|2557643774|emb|OY673254.1|	95.652	46	2	0	15	60	21732	21777	7.90e-09	75.0	2697049	N/A
72_8_1335_50792_2555/1	gi|2557638192|emb|OY694677.1|	91.228	57	2	3	5	60	4292	4346	7.90e-09	75.0	2697049	N/A
72_8_1335_50792_2555/1	gi|2463378371|dbj|AP027461.1|	95.652	46	2	0	15	60	1299632	1299677	7.90e-09	75.0	511145	N/A
72_8_1335_50792_2555/1	gi|2463378371|dbj|AP027461.1|	95.652	46	2	0	15	60	1628404	1628359	7.90e-09	75.0	511145	N/A
72_8_2110_6373_24477/1	gi|2978724457|gb|PV611058.1|	88.889	126	9	4	15	137	295321	295444	1.28e-31	150	3421660	N/A
72_8_2110_6373_24477/1	gi|2978724457|gb|PV611058.1|	91.667	60	1	3	15	71	295784	295842	1.70e-10	80.5	3421660	N/A
72_8_2110_6373_24477/1	gi|2830983252|gb|CP170844.1|	86.458	96	9	2	15	108	4083423	4083330	3.62e-17	102	573	N/A
72_8_2110_6373_24477/1	gi|2557643774|emb|OY673254.1|	95.652	46	2	0	15	60	21732	21777	7.90e-09	75.0	2697049	N/A
72_8_2110_6373_24477/1	gi|2557638192|emb|OY694677.1|	91.228	57	2	3	5	60	4292	4346	7.90e-09	75.0	2697049	N/A
72_8_2110_6373_24477/1	gi|2463378371|dbj|AP027461.1|	95.652	46	2	0	15	60	1299632	1299677	7.90e-09	75.0	511145	N/A
72_8_2110_6373_24477/1	gi|2463378371|dbj|AP027461.1|	95.652	46	2	0	15	60	1628404	1628359	7.90e-09	75.0	511145	N/A
72_8_1447_9885_21451/1	gi|2978724457|gb|PV611058.1|	88.372	129	10	4	12	137	295318	295444	1.28e-31	150	3421660	N/A
72_8_1447_9885_21451/1	gi|2978724457|gb|PV611058.1|	90.909	66	1	4	12	74	295781	295844	1.31e-11	84.2	3421660	N/A
72_8_1447_9885_21451/1	gi|2830983252|gb|CP170844.1|	90.526	95	6	2	15	107	4083423	4083330	2.78e-23	122	573	N/A
72_8_1447_9885_21451/1	gi|685046059|emb|LN594584.1|	92.593	54	2	2	3	54	7182	7129	2.20e-09	76.8	7962	N/A
72_8_1447_9885_21451/1	gi|685042177|emb|LN590702.1|	92.727	55	1	3	3	54	6762486	6762540	2.20e-09	76.8	7962	N/A
72_8_1447_9885_21451/1	gi|685042177|emb|LN590702.1|	95.238	42	0	2	15	54	1181065	1181106	4.75e-06	65.8	7962	N/A
72_8_1447_9885_21451/1	gi|685042177|emb|LN590702.1|	95.238	42	0	2	15	54	3995989	3995948	4.75e-06	65.8	7962	N/A
72_8_1447_9885_21451/1	gi|685042177|emb|LN590702.1|	95.238	42	0	2	15	54	6540861	6540902	4.75e-06	65.8	7962	N/A
72_8_1447_9885_21451/1	gi|685042177|emb|LN590702.1|	91.837	49	0	3	8	54	6862994	6863040	4.75e-06	65.8	7962	N/A
72_8_1447_9885_21451/1	gi|685042177|emb|LN590702.1|	100.000	34	0	0	14	47	1157093	1157060	1.71e-05	63.9	7962	N/A
72_8_1447_9885_21451/1	gi|2557643774|emb|OY673254.1|	92.453	53	2	2	10	60	21725	21777	7.90e-09	75.0	2697049	N/A
72_8_1131_15687_5160/1	gi|2978724457|gb|PV611058.1|	88.095	126	10	4	15	137	295321	295444	5.93e-30	145	3421660	N/A
72_8_1131_15687_5160/1	gi|2978724457|gb|PV611058.1|	90.476	63	1	4	15	74	295784	295844	6.10e-10	78.7	3421660	N/A
72_8_1131_15687_5160/1	gi|2830983252|gb|CP170844.1|	89.474	95	6	3	15	106	4083423	4083330	1.29e-21	117	573	N/A
72_8_1131_15687_5160/1	gi|2557643774|emb|OY673254.1|	95.652	46	2	0	15	60	21732	21777	7.90e-09	75.0	2697049	N/A
72_8_1131_15687_5160/1	gi|2463378371|dbj|AP027461.1|	93.878	49	3	0	12	60	1299629	1299677	7.90e-09	75.0	511145	N/A
72_8_1131_15687_5160/1	gi|2463378371|dbj|AP027461.1|	95.652	46	2	0	15	60	1628404	1628359	7.90e-09	75.0	511145	N/A
72_8_1131_15687_5160/1	gi|2560502367|emb|OY629453.1|	100.000	39	0	0	12	50	5915	5953	2.84e-08	73.1	2697049	N/A
72_8_1313_14069_16535/1	gi|2978724457|gb|PV611058.1|	94.444	126	2	4	15	137	295321	295444	2.70e-43	189	3421660	N/A
72_8_1313_14069_16535/1	gi|2978724457|gb|PV611058.1|	91.667	60	1	3	15	71	295784	295842	1.70e-10	80.5	3421660	N/A
72_8_1313_14069_16535/1	gi|2830983252|gb|CP170844.1|	84.043	94	10	2	15	103	4083423	4083330	3.65e-12	86.1	573	N/A
72_8_1313_14069_16535/1	gi|685042206|emb|LN590731.1|	95.918	49	0	2	9	55	347604	347652	6.10e-10	78.7	7962	N/A
72_8_1313_14069_16535/1	gi|2557643774|emb|OY673254.1|	92.593	54	3	1	8	60	21724	21777	2.20e-09	76.8	2697049	N/A
72_8_1313_14069_16535/1	gi|2463378371|dbj|AP027461.1|	95.652	46	2	0	15	60	1299632	1299677	7.90e-09	75.0	511145	N/A
72_8_1313_14069_16535/1	gi|2463378371|dbj|AP027461.1|	95.652	46	2	0	15	60	1628404	1628359	7.90e-09	75.0	511145	N/A
72_8_2197_6268_7934/1	gi|2978724457|gb|PV611058.1|	95.161	124	4	2	12	133	295321	295444	5.81e-45	195	3421660	N/A
72_8_2197_6268_7934/1	gi|2978724457|gb|PV611058.1|	89.831	59	4	2	12	68	295784	295842	7.90e-09	75.0	3421660	N/A
72_8_2197_6268_7934/1	gi|2830983252|gb|CP170844.1|	83.158	95	4	2	11	93	4083424	4083330	2.20e-09	76.8	573	N/A
72_8_2197_6268_7934/1	gi|2165832678|emb|OV195277.1|	95.745	47	2	0	11	57	133	87	2.20e-09	76.8	2697049	N/A
72_8_2197_6268_7934/1	gi|685048206|emb|LN596718.1|	100.000	39	0	0	8	46	51897	51935	2.84e-08	73.1	7962	N/A
72_8_2197_6268_7934/1	gi|2494998033|dbj|LC710218.1|	93.617	47	3	0	13	59	49	3	1.02e-07	71.3	12022	N/A
72_8_2197_6268_7934/1	gi|2494998033|dbj|LC710218.1|	93.478	46	3	0	12	57	3556	3601	3.67e-07	69.4	12022	N/A
72_8_2429_40142_22446/1	gi|2978724457|gb|PV611058.1|	85.926	135	8	8	3	137	295315	295438	1.28e-26	134	3421660	N/A
72_8_2429_40142_22446/1	gi|2978724457|gb|PV611058.1|	88.710	62	3	3	3	61	295778	295838	2.84e-08	73.1	3421660	N/A
72_8_2429_40142_22446/1	gi|2830983252|gb|CP170844.1|	82.474	97	12	4	9	103	4083423	4083330	1.70e-10	80.5	573	N/A
72_8_2429_40142_22446/1	gi|2557643774|emb|OY673254.1|	95.652	46	2	0	9	54	21732	21777	7.90e-09	75.0	2697049	N/A
72_8_2429_40142_22446/1	gi|2463378371|dbj|AP027461.1|	95.652	46	2	0	9	54	1299632	1299677	7.90e-09	75.0	511145	N/A
72_8_2429_40142_22446/1	gi|2463378371|dbj|AP027461.1|	95.652	46	2	0	9	54	1628404	1628359	7.90e-09	75.0	511145	N/A
72_8_2429_40142_22446/1	gi|2155043183|emb|OV015804.1|	100.000	39	0	0	7	45	29949	29911	2.84e-08	73.1	2697049	N/A
72_8_1363_50403_12921/1	gi|2830983252|gb|CP170844.1|	87.654	81	7	2	59	137	4083423	4083344	7.84e-14	91.6	573	N/A
72_8_1363_50403_12921/1	gi|2978724457|gb|PV611058.1|	91.803	61	1	3	59	116	295321	295380	4.72e-11	82.4	3421660	N/A
72_8_1363_50403_12921/1	gi|2978724457|gb|PV611058.1|	91.667	60	1	3	59	115	295784	295842	1.70e-10	80.5	3421660	N/A
72_8_1363_50403_12921/1	gi|685042160|emb|LN590685.1|	87.500	72	4	5	30	98	16867655	16867586	6.10e-10	78.7	7962	N/A
72_8_1363_50403_12921/1	gi|685042160|emb|LN590685.1|	95.349	43	0	2	58	98	850808	850850	1.32e-06	67.6	7962	N/A
72_8_1363_50403_12921/1	gi|685042160|emb|LN590685.1|	95.238	42	0	2	59	98	14193258	14193217	4.75e-06	65.8	7962	N/A
72_8_1363_50403_12921/1	gi|685042160|emb|LN590685.1|	95.238	42	0	2	59	98	18159835	18159794	4.75e-06	65.8	7962	N/A
72_8_1363_50403_12921/1	gi|2557643774|emb|OY673254.1|	95.652	46	2	0	59	104	21732	21777	7.90e-09	75.0	2697049	N/A
72_8_1363_50403_12921/1	gi|2463378371|dbj|AP027461.1|	95.652	46	2	0	59	104	1299632	1299677	7.90e-09	75.0	511145	N/A
72_8_1363_50403_12921/1	gi|2463378371|dbj|AP027461.1|	95.652	46	2	0	59	104	1628404	1628359	7.90e-09	75.0	511145	N/A
72_8_1417_27308_26760/1	gi|2978724457|gb|PV611058.1|	91.603	131	1	7	8	135	295321	295444	2.72e-38	172	3421660	N/A
72_8_1417_27308_26760/1	gi|2978724457|gb|PV611058.1|	91.803	61	1	3	8	65	295784	295843	4.72e-11	82.4	3421660	N/A
72_8_1417_27308_26760/1	gi|2830983252|gb|CP170844.1|	82.474	97	12	3	8	102	4083423	4083330	1.70e-10	80.5	573	N/A
72_8_1417_27308_26760/1	gi|2557643774|emb|OY673254.1|	95.652	46	2	0	8	53	21732	21777	7.90e-09	75.0	2697049	N/A
72_8_1417_27308_26760/1	gi|2463378371|dbj|AP027461.1|	95.652	46	2	0	8	53	1299632	1299677	7.90e-09	75.0	511145	N/A
72_8_1417_27308_26760/1	gi|2463378371|dbj|AP027461.1|	95.652	46	2	0	8	53	1628404	1628359	7.90e-09	75.0	511145	N/A
72_8_1417_27308_26760/1	gi|2755084441|gb|PP943425.1|	81.522	92	13	4	8	97	67825	67736	2.84e-08	73.1	10258	N/A
72_8_1417_27308_26760/1	gi|2755084441|gb|PP943425.1|	93.478	46	1	2	8	52	67591	67635	1.32e-06	67.6	10258	N/A
72_8_1468_14433_25093/1	gi|2155043183|emb|OV015804.1|	100.000	28	0	0	2	29	29938	29911	0.037	52.8	2697049	N/A
72_8_1206_43169_21521/1	gi|2978724457|gb|PV611058.1|	93.023	129	1	7	1	126	295321	295444	4.52e-41	182	3421660	N/A
72_8_1206_43169_21521/1	gi|2978724457|gb|PV611058.1|	91.803	61	1	3	1	58	295784	295843	4.72e-11	82.4	3421660	N/A
72_8_1206_43169_21521/1	gi|2830983252|gb|CP170844.1|	84.211	95	12	2	1	93	4083423	4083330	2.82e-13	89.8	573	N/A
72_8_1206_43169_21521/1	gi|2557643774|emb|OY673254.1|	95.652	46	2	0	1	46	21732	21777	7.90e-09	75.0	2697049	N/A
72_8_1206_43169_21521/1	gi|2463378371|dbj|AP027461.1|	95.652	46	2	0	1	46	1299632	1299677	7.90e-09	75.0	511145	N/A
72_8_1206_43169_21521/1	gi|2463378371|dbj|AP027461.1|	95.652	46	2	0	1	46	1628404	1628359	7.90e-09	75.0	511145	N/A
72_8_1206_43169_21521/1	gi|2755084441|gb|PP943425.1|	93.617	47	1	2	1	46	67825	67780	3.67e-07	69.4	10258	N/A
72_8_1206_43169_21521/1	gi|2755084441|gb|PP943425.1|	93.478	46	1	2	1	45	67591	67635	1.32e-06	67.6	10258	N/A
72_8_2193_26507_1308/1	gi|2978724457|gb|PV611058.1|	92.366	131	5	4	10	137	295316	295444	4.52e-41	182	3421660	N/A
72_8_2193_26507_1308/1	gi|2978724457|gb|PV611058.1|	90.769	65	2	3	10	71	295779	295842	1.31e-11	84.2	3421660	N/A
72_8_2193_26507_1308/1	gi|2830983252|gb|CP170844.1|	84.211	95	12	2	15	107	4083423	4083330	2.82e-13	89.8	573	N/A
72_8_2193_26507_1308/1	gi|685042161|emb|LN590686.1|	94.231	52	0	3	5	54	20813821	20813871	2.20e-09	76.8	7962	N/A
72_8_2193_26507_1308/1	gi|685042161|emb|LN590686.1|	95.455	44	0	2	13	54	6380192	6380235	3.67e-07	69.4	7962	N/A
72_8_2193_26507_1308/1	gi|685042161|emb|LN590686.1|	95.238	42	0	2	15	54	4545831	4545872	4.75e-06	65.8	7962	N/A
72_8_2193_26507_1308/1	gi|685042161|emb|LN590686.1|	95.238	42	0	2	15	54	12304839	12304798	4.75e-06	65.8	7962	N/A
72_8_2193_26507_1308/1	gi|685042161|emb|LN590686.1|	95.238	42	0	2	15	54	17091846	17091887	4.75e-06	65.8	7962	N/A
72_8_2193_26507_1308/1	gi|685042161|emb|LN590686.1|	95.238	42	0	2	15	54	28125760	28125801	4.75e-06	65.8	7962	N/A
72_8_2193_26507_1308/1	gi|685042161|emb|LN590686.1|	94.872	39	0	2	18	54	12436830	12436868	2.21e-04	60.2	7962	N/A
72_8_2193_26507_1308/1	gi|2557643774|emb|OY673254.1|	95.652	46	2	0	15	60	21732	21777	7.90e-09	75.0	2697049	N/A
72_8_2193_26507_1308/1	gi|2463378371|dbj|AP027461.1|	93.878	49	3	0	12	60	1299629	1299677	7.90e-09	75.0	511145	N/A
72_8_2193_26507_1308/1	gi|2463378371|dbj|AP027461.1|	95.652	46	2	0	15	60	1628404	1628359	7.90e-09	75.0	511145	N/A
72_8_2494_44196_3970/1	gi|2978724457|gb|PV611058.1|	91.176	102	5	3	39	137	295320	295420	3.57e-27	135	3421660	N/A
72_8_2494_44196_3970/1	gi|2978724457|gb|PV611058.1|	91.803	61	1	3	39	96	295783	295842	4.72e-11	82.4	3421660	N/A
72_8_2494_44196_3970/1	gi|2830983252|gb|CP170844.1|	84.211	95	12	2	40	132	4083423	4083330	2.82e-13	89.8	573	N/A
72_8_2494_44196_3970/1	gi|685042161|emb|LN590686.1|	94.231	52	0	3	30	79	20813821	20813871	2.20e-09	76.8	7962	N/A
72_8_2494_44196_3970/1	gi|685042161|emb|LN590686.1|	95.455	44	0	2	38	79	6380192	6380235	3.67e-07	69.4	7962	N/A
72_8_2494_44196_3970/1	gi|685042161|emb|LN590686.1|	95.238	42	0	2	40	79	4545831	4545872	4.75e-06	65.8	7962	N/A
72_8_2494_44196_3970/1	gi|685042161|emb|LN590686.1|	95.238	42	0	2	40	79	12304839	12304798	4.75e-06	65.8	7962	N/A
72_8_2494_44196_3970/1	gi|685042161|emb|LN590686.1|	95.238	42	0	2	40	79	17091846	17091887	4.75e-06	65.8	7962	N/A
72_8_2494_44196_3970/1	gi|685042161|emb|LN590686.1|	95.238	42	0	2	40	79	28125760	28125801	4.75e-06	65.8	7962	N/A
72_8_2494_44196_3970/1	gi|685042161|emb|LN590686.1|	94.872	39	0	2	43	79	12436830	12436868	2.21e-04	60.2	7962	N/A
72_8_2494_44196_3970/1	gi|2557643774|emb|OY673254.1|	95.652	46	2	0	40	85	21732	21777	7.90e-09	75.0	2697049	N/A
72_8_2494_44196_3970/1	gi|2557638192|emb|OY694677.1|	91.228	57	2	3	30	85	4292	4346	7.90e-09	75.0	2697049	N/A
72_8_1490_8267_14027/1	gi|2978724457|gb|PV611058.1|	94.400	125	3	3	16	137	295321	295444	2.70e-43	189	3421660	N/A
72_8_1490_8267_14027/1	gi|2978724457|gb|PV611058.1|	91.667	60	1	3	16	72	295784	295842	1.70e-10	80.5	3421660	N/A
72_8_1490_8267_14027/1	gi|2830983252|gb|CP170844.1|	84.043	94	12	2	16	106	4083423	4083330	1.01e-12	87.9	573	N/A
72_8_1490_8267_14027/1	gi|2557643774|emb|OY673254.1|	95.652	46	2	0	16	61	21732	21777	7.90e-09	75.0	2697049	N/A
72_8_1490_8267_14027/1	gi|2463378371|dbj|AP027461.1|	95.652	46	2	0	16	61	1299632	1299677	7.90e-09	75.0	511145	N/A
72_8_1490_8267_14027/1	gi|2463378371|dbj|AP027461.1|	95.652	46	2	0	16	61	1628404	1628359	7.90e-09	75.0	511145	N/A
72_8_1490_8267_14027/1	gi|685043901|emb|LN592426.1|	94.118	51	0	3	7	55	375099	375148	7.90e-09	75.0	7962	N/A
72_8_1449_40773_23314/1	gi|2978724457|gb|PV611058.1|	93.798	129	1	5	11	136	295320	295444	9.72e-43	187	3421660	N/A
72_8_1449_40773_23314/1	gi|2978724457|gb|PV611058.1|	92.063	63	1	3	11	70	295783	295844	3.65e-12	86.1	3421660	N/A
72_8_1449_40773_23314/1	gi|2830983252|gb|CP170844.1|	85.106	94	11	2	12	102	4083423	4083330	2.18e-14	93.5	573	N/A
72_8_1449_40773_23314/1	gi|685042161|emb|LN590686.1|	94.231	52	0	3	2	51	20813821	20813871	2.20e-09	76.8	7962	N/A
72_8_1449_40773_23314/1	gi|685042161|emb|LN590686.1|	95.455	44	0	2	10	51	6380192	6380235	3.67e-07	69.4	7962	N/A
72_8_1449_40773_23314/1	gi|685042161|emb|LN590686.1|	95.238	42	0	2	12	51	4545831	4545872	4.75e-06	65.8	7962	N/A
72_8_1449_40773_23314/1	gi|685042161|emb|LN590686.1|	95.238	42	0	2	12	51	12304839	12304798	4.75e-06	65.8	7962	N/A
72_8_1449_40773_23314/1	gi|685042161|emb|LN590686.1|	95.238	42	0	2	12	51	17091846	17091887	4.75e-06	65.8	7962	N/A
72_8_1449_40773_23314/1	gi|685042161|emb|LN590686.1|	95.238	42	0	2	12	51	28125760	28125801	4.75e-06	65.8	7962	N/A
72_8_1449_40773_23314/1	gi|685042161|emb|LN590686.1|	94.872	39	0	2	15	51	12436830	12436868	2.21e-04	60.2	7962	N/A
72_8_1449_40773_23314/1	gi|2557643774|emb|OY673254.1|	95.652	46	2	0	12	57	21732	21777	7.90e-09	75.0	2697049	N/A
72_8_1449_40773_23314/1	gi|2557638192|emb|OY694677.1|	91.228	57	2	3	2	57	4292	4346	7.90e-09	75.0	2697049	N/A
72_8_2214_18325_3087/1	gi|2978724457|gb|PV611058.1|	92.366	131	5	4	10	137	295316	295444	4.52e-41	182	3421660	N/A
72_8_2214_18325_3087/1	gi|2978724457|gb|PV611058.1|	90.769	65	2	3	10	71	295779	295842	1.31e-11	84.2	3421660	N/A
72_8_2214_18325_3087/1	gi|2830983252|gb|CP170844.1|	84.211	95	12	2	15	107	4083423	4083330	2.82e-13	89.8	573	N/A
72_8_2214_18325_3087/1	gi|2557643774|emb|OY673254.1|	95.652	46	2	0	15	60	21732	21777	7.90e-09	75.0	2697049	N/A
72_8_2214_18325_3087/1	gi|2463378371|dbj|AP027461.1|	95.652	46	2	0	15	60	1299632	1299677	7.90e-09	75.0	511145	N/A
72_8_2214_18325_3087/1	gi|2463378371|dbj|AP027461.1|	95.652	46	2	0	15	60	1628404	1628359	7.90e-09	75.0	511145	N/A
72_8_2214_18325_3087/1	gi|685042247|emb|LN590772.1|	95.745	47	0	2	10	54	76662	76708	7.90e-09	75.0	7962	N/A
72_8_2209_39042_6365/1	gi|2978724457|gb|PV611058.1|	90.400	125	8	3	16	137	295321	295444	5.89e-35	161	3421660	N/A
72_8_2209_39042_6365/1	gi|2978724457|gb|PV611058.1|	91.525	59	1	3	16	71	295784	295841	6.10e-10	78.7	3421660	N/A
72_8_2209_39042_6365/1	gi|2830983252|gb|CP170844.1|	87.368	95	8	3	16	107	4083423	4083330	2.80e-18	106	573	N/A
72_8_2209_39042_6365/1	gi|2557643774|emb|OY673254.1|	95.652	46	2	0	16	61	21732	21777	7.90e-09	75.0	2697049	N/A
72_8_2209_39042_6365/1	gi|2463378371|dbj|AP027461.1|	95.652	46	2	0	16	61	1299632	1299677	7.90e-09	75.0	511145	N/A
72_8_2209_39042_6365/1	gi|2463378371|dbj|AP027461.1|	95.652	46	2	0	16	61	1628404	1628359	7.90e-09	75.0	511145	N/A
72_8_2209_39042_6365/1	gi|2991388636|dbj|AP040949.1|	100.000	39	0	0	13	51	3527635	3527673	2.84e-08	73.1	573	N/A
72_8_2225_33943_5833/1	gi|2978724457|gb|PV611058.1|	91.339	127	5	5	14	137	295321	295444	3.52e-37	169	3421660	N/A
72_8_2225_33943_5833/1	gi|2978724457|gb|PV611058.1|	91.667	60	1	3	14	70	295784	295842	1.70e-10	80.5	3421660	N/A
72_8_2225_33943_5833/1	gi|2830983252|gb|CP170844.1|	86.316	95	10	2	14	106	4083423	4083330	1.30e-16	100	573	N/A
72_8_2225_33943_5833/1	gi|2557643774|emb|OY673254.1|	95.652	46	2	0	14	59	21732	21777	7.90e-09	75.0	2697049	N/A
72_8_2225_33943_5833/1	gi|2463378371|dbj|AP027461.1|	93.878	49	3	0	11	59	1299629	1299677	7.90e-09	75.0	511145	N/A
72_8_2225_33943_5833/1	gi|2463378371|dbj|AP027461.1|	95.652	46	2	0	14	59	1628404	1628359	7.90e-09	75.0	511145	N/A
72_8_2225_33943_5833/1	gi|685047827|emb|LN596339.1|	94.000	50	1	2	6	53	601778	601827	7.90e-09	75.0	7962	N/A
72_8_2248_26563_24827/1	gi|2978724457|gb|PV611058.1|	92.913	127	3	5	2	126	295322	295444	1.63e-40	180	3421660	N/A
72_8_2248_26563_24827/1	gi|2978724457|gb|PV611058.1|	91.379	58	3	2	2	57	295785	295842	6.10e-10	78.7	3421660	N/A
72_8_2248_26563_24827/1	gi|2830983252|gb|CP170844.1|	84.043	94	12	2	2	93	4083422	4083330	1.01e-12	87.9	573	N/A
72_8_2248_26563_24827/1	gi|2557643774|emb|OY673254.1|	95.556	45	2	0	2	46	21733	21777	2.84e-08	73.1	2697049	N/A
72_8_2248_26563_24827/1	gi|780644672|ref|XM_011690559.1|	100.000	37	0	0	2	38	1039	1075	3.67e-07	69.4	64793	N/A
72_8_2248_26563_24827/1	gi|685042188|emb|LN590713.1|	100.000	37	0	0	2	38	7120049	7120085	3.67e-07	69.4	7962	N/A
72_8_2248_26563_24827/1	gi|685042188|emb|LN590713.1|	100.000	29	0	0	2	30	16189617	16189589	0.010	54.7	7962	N/A
72_8_1247_24265_13901/1	gi|2978724457|gb|PV611058.1|	88.372	129	7	4	12	137	295321	295444	4.59e-31	148	3421660	N/A
72_8_1247_24265_13901/1	gi|2978724457|gb|PV611058.1|	91.667	60	1	3	12	68	295784	295842	1.70e-10	80.5	3421660	N/A
72_8_1247_24265_13901/1	gi|2830983252|gb|CP170844.1|	90.625	96	6	2	11	104	4083424	4083330	7.73e-24	124	573	N/A
72_8_1247_24265_13901/1	gi|2557643774|emb|OY673254.1|	95.652	46	2	0	12	57	21732	21777	7.90e-09	75.0	2697049	N/A
72_8_1247_24265_13901/1	gi|2463378371|dbj|AP027461.1|	95.652	46	2	0	12	57	1299632	1299677	7.90e-09	75.0	511145	N/A
72_8_1247_24265_13901/1	gi|2463378371|dbj|AP027461.1|	95.652	46	2	0	12	57	1628404	1628359	7.90e-09	75.0	511145	N/A
72_8_1247_24265_13901/1	gi|2924925013|gb|PQ571295.1|	100.000	39	0	0	8	46	225	263	2.84e-08	73.1	3385244	N/A
72_8_1111_13203_28203/1	gi|2978724457|gb|PV611058.1|	90.000	130	7	4	11	137	295318	295444	1.64e-35	163	3421660	N/A
72_8_1111_13203_28203/1	gi|2978724457|gb|PV611058.1|	90.476	63	2	3	11	70	295781	295842	1.70e-10	80.5	3421660	N/A
72_8_1111_13203_28203/1	gi|2830983252|gb|CP170844.1|	89.474	95	8	1	13	105	4083424	4083330	3.60e-22	119	573	N/A
72_8_1111_13203_28203/1	gi|2557643774|emb|OY673254.1|	95.652	46	2	0	14	59	21732	21777	7.90e-09	75.0	2697049	N/A
72_8_1111_13203_28203/1	gi|2463378371|dbj|AP027461.1|	95.652	46	2	0	14	59	1299632	1299677	7.90e-09	75.0	511145	N/A
72_8_1111_13203_28203/1	gi|2463378371|dbj|AP027461.1|	95.652	46	2	0	14	59	1628404	1628359	7.90e-09	75.0	511145	N/A
72_8_1111_13203_28203/1	gi|685045708|emb|LN594233.1|	92.593	54	0	4	3	53	80414	80362	7.90e-09	75.0	7962	N/A
72_8_2364_39794_11814/1	gi|2165834303|emb|OV196009.1|	89.474	57	4	2	24	80	124	70	1.02e-07	71.3	2697049	N/A
72_8_2364_39794_11814/1	gi|2165834303|emb|OV196009.1|	95.122	41	2	0	34	74	29911	29951	4.75e-06	65.8	2697049	N/A
72_8_2364_39794_11814/1	gi|2165836382|emb|OV196890.1|	93.617	47	1	2	24	70	126	82	3.67e-07	69.4	2697049	N/A
72_8_2364_39794_11814/1	gi|2165834670|emb|OV196177.1|	93.617	47	1	2	24	70	126	82	3.67e-07	69.4	2697049	N/A
72_8_2364_39794_11814/1	gi|2557638192|emb|OY694677.1|	91.489	47	2	2	35	80	4301	4346	1.71e-05	63.9	2697049	N/A
72_8_2364_39794_11814/1	gi|2155043183|emb|OV015804.1|	97.297	37	1	0	35	71	29947	29911	1.71e-05	63.9	2697049	N/A
72_8_2107_42707_19742/1	gi|2978724457|gb|PV611058.1|	93.023	129	1	7	12	137	295321	295444	4.52e-41	182	3421660	N/A
72_8_2107_42707_19742/1	gi|2978724457|gb|PV611058.1|	90.164	61	1	4	12	69	295784	295842	7.90e-09	75.0	3421660	N/A
72_8_2107_42707_19742/1	gi|2830983252|gb|CP170844.1|	84.375	96	10	2	10	100	4083425	4083330	2.82e-13	89.8	573	N/A
72_8_2107_42707_19742/1	gi|2557643774|emb|OY673254.1|	95.652	46	2	0	12	57	21732	21777	7.90e-09	75.0	2697049	N/A
72_8_2107_42707_19742/1	gi|2463378371|dbj|AP027461.1|	95.652	46	2	0	12	57	1299632	1299677	7.90e-09	75.0	511145	N/A
72_8_2107_42707_19742/1	gi|2463378371|dbj|AP027461.1|	95.652	46	2	0	12	57	1628404	1628359	7.90e-09	75.0	511145	N/A
72_8_2107_42707_19742/1	gi|2165836832|emb|OV197136.1|	93.878	49	1	2	10	57	118	71	2.84e-08	73.1	2697049	N/A
72_8_1193_19677_27447/1	gi|2978724457|gb|PV611058.1|	96.032	126	1	3	12	134	295320	295444	3.47e-47	202	3421660	N/A
72_8_1193_19677_27447/1	gi|2978724457|gb|PV611058.1|	91.803	61	1	3	12	69	295783	295842	4.72e-11	82.4	3421660	N/A
72_8_1193_19677_27447/1	gi|2557643774|emb|OY673254.1|	95.652	46	2	0	13	58	21732	21777	7.90e-09	75.0	2697049	N/A
72_8_1193_19677_27447/1	gi|2463378371|dbj|AP027461.1|	93.878	49	3	0	10	58	1299629	1299677	7.90e-09	75.0	511145	N/A
72_8_1193_19677_27447/1	gi|2463378371|dbj|AP027461.1|	95.652	46	2	0	13	58	1628404	1628359	7.90e-09	75.0	511145	N/A
72_8_1193_19677_27447/1	gi|685047827|emb|LN596339.1|	94.000	50	1	2	5	52	601778	601827	7.90e-09	75.0	7962	N/A
72_8_1193_19677_27447/1	gi|2830983252|gb|CP170844.1|	81.915	94	5	2	13	94	4083423	4083330	3.67e-07	69.4	573	N/A
72_8_1385_45434_22670/1	gi|2978724457|gb|PV611058.1|	94.531	128	3	3	13	137	295318	295444	5.81e-45	195	3421660	N/A
72_8_1385_45434_22670/1	gi|2978724457|gb|PV611058.1|	92.063	63	1	3	13	72	295781	295842	3.65e-12	86.1	3421660	N/A
72_8_1385_45434_22670/1	gi|2830983252|gb|CP170844.1|	84.043	94	11	2	16	105	4083423	4083330	1.01e-12	87.9	573	N/A
72_8_1385_45434_22670/1	gi|2557643774|emb|OY673254.1|	92.453	53	2	2	11	61	21725	21777	7.90e-09	75.0	2697049	N/A
72_8_1385_45434_22670/1	gi|2463378371|dbj|AP027461.1|	95.652	46	2	0	16	61	1299632	1299677	7.90e-09	75.0	511145	N/A
72_8_1385_45434_22670/1	gi|2463378371|dbj|AP027461.1|	95.652	46	2	0	16	61	1628404	1628359	7.90e-09	75.0	511145	N/A
72_8_1385_45434_22670/1	gi|2319067183|gb|CP107088.1|	100.000	40	0	0	11	50	608308	608347	7.90e-09	75.0	630	N/A
72_8_2475_17791_27657/1	gi|2978724457|gb|PV611058.1|	91.339	127	6	4	14	137	295320	295444	3.52e-37	169	3421660	N/A
72_8_2475_17791_27657/1	gi|2978724457|gb|PV611058.1|	91.667	60	1	3	14	70	295783	295841	1.70e-10	80.5	3421660	N/A
72_8_2475_17791_27657/1	gi|2830983252|gb|CP170844.1|	82.474	97	12	3	15	109	4083423	4083330	1.70e-10	80.5	573	N/A
72_8_2475_17791_27657/1	gi|685049950|emb|LN598462.1|	95.833	48	0	2	9	54	1938274	1938321	2.20e-09	76.8	7962	N/A
72_8_2475_17791_27657/1	gi|2557643774|emb|OY673254.1|	95.652	46	2	0	15	60	21732	21777	7.90e-09	75.0	2697049	N/A
72_8_2475_17791_27657/1	gi|2463378371|dbj|AP027461.1|	95.652	46	2	0	15	60	1299632	1299677	7.90e-09	75.0	511145	N/A
72_8_2475_17791_27657/1	gi|2463378371|dbj|AP027461.1|	95.652	46	2	0	15	60	1628404	1628359	7.90e-09	75.0	511145	N/A
72_8_1386_50403_18328/1	gi|2978724457|gb|PV611058.1|	95.238	126	2	3	15	137	295320	295444	1.61e-45	196	3421660	N/A
72_8_1386_50403_18328/1	gi|2978724457|gb|PV611058.1|	91.803	61	1	3	15	72	295783	295842	4.72e-11	82.4	3421660	N/A
72_8_1386_50403_18328/1	gi|685047827|emb|LN596339.1|	96.000	50	0	2	8	55	601778	601827	1.70e-10	80.5	7962	N/A
72_8_1386_50403_18328/1	gi|685042185|emb|LN590710.1|	95.833	48	0	2	10	55	10218497	10218544	2.20e-09	76.8	7962	N/A
72_8_1386_50403_18328/1	gi|685042185|emb|LN590710.1|	95.556	45	0	2	13	55	3790455	3790411	1.02e-07	71.3	7962	N/A
72_8_1386_50403_18328/1	gi|685042185|emb|LN590710.1|	95.556	45	0	2	13	55	6008691	6008735	1.02e-07	71.3	7962	N/A
72_8_1386_50403_18328/1	gi|685042185|emb|LN590710.1|	93.333	45	1	2	6	49	9162079	9162122	4.75e-06	65.8	7962	N/A
72_8_1386_50403_18328/1	gi|2557643774|emb|OY673254.1|	95.652	46	2	0	16	61	21732	21777	7.90e-09	75.0	2697049	N/A
72_8_1386_50403_18328/1	gi|2463378371|dbj|AP027461.1|	93.878	49	3	0	13	61	1299629	1299677	7.90e-09	75.0	511145	N/A
72_8_1386_50403_18328/1	gi|2463378371|dbj|AP027461.1|	95.652	46	2	0	16	61	1628404	1628359	7.90e-09	75.0	511145	N/A
72_8_1188_16472_22516/1	gi|2978724457|gb|PV611058.1|	93.182	132	1	7	8	136	295318	295444	9.72e-43	187	3421660	N/A
72_8_1188_16472_22516/1	gi|2978724457|gb|PV611058.1|	90.625	64	1	4	8	68	295781	295842	1.70e-10	80.5	3421660	N/A
72_8_1188_16472_22516/1	gi|2830983252|gb|CP170844.1|	85.106	94	11	2	12	102	4083423	4083330	2.18e-14	93.5	573	N/A
72_8_1188_16472_22516/1	gi|2557643774|emb|OY673254.1|	91.379	58	4	1	1	57	21720	21777	6.10e-10	78.7	2697049	N/A
72_8_1188_16472_22516/1	gi|685042178|emb|LN590703.1|	95.918	49	0	2	5	51	13166497	13166545	6.10e-10	78.7	7962	N/A
72_8_1188_16472_22516/1	gi|685042178|emb|LN590703.1|	95.556	45	0	2	9	51	12952798	12952842	1.02e-07	71.3	7962	N/A
72_8_1188_16472_22516/1	gi|685042178|emb|LN590703.1|	95.349	43	0	2	11	51	17684506	17684464	1.32e-06	67.6	7962	N/A
72_8_1188_16472_22516/1	gi|685042178|emb|LN590703.1|	95.238	42	0	2	12	51	1057735	1057776	4.75e-06	65.8	7962	N/A
72_8_1188_16472_22516/1	gi|685042178|emb|LN590703.1|	95.238	42	0	2	12	51	7304702	7304661	4.75e-06	65.8	7962	N/A
72_8_1188_16472_22516/1	gi|685042175|emb|LN590700.1|	94.231	52	1	2	3	52	14033950	14033899	6.10e-10	78.7	7962	N/A
72_8_1188_16472_22516/1	gi|685042175|emb|LN590700.1|	95.238	42	0	2	12	51	15778538	15778579	4.75e-06	65.8	7962	N/A
72_8_1114_31686_14588/1	gi|685042180|emb|LN590705.1|	100.000	33	0	0	9	41	14955435	14955403	6.15e-05	62.1	7962	N/A
72_8_1230_20607_14349/1	gi|2978724457|gb|PV611058.1|	89.683	126	8	4	15	137	295321	295444	2.74e-33	156	3421660	N/A
72_8_1230_20607_14349/1	gi|2978724457|gb|PV611058.1|	91.803	61	1	3	15	72	295784	295843	4.72e-11	82.4	3421660	N/A
72_8_1230_20607_14349/1	gi|2830983252|gb|CP170844.1|	90.625	96	7	1	13	106	4083425	4083330	2.15e-24	126	573	N/A
72_8_1230_20607_14349/1	gi|685042185|emb|LN590710.1|	97.778	45	1	0	4	48	9162078	9162122	6.10e-10	78.7	7962	N/A
72_8_1230_20607_14349/1	gi|685042185|emb|LN590710.1|	95.238	42	0	2	15	54	3790452	3790411	4.75e-06	65.8	7962	N/A
72_8_1230_20607_14349/1	gi|685042185|emb|LN590710.1|	95.238	42	0	2	15	54	6008694	6008735	4.75e-06	65.8	7962	N/A
72_8_1230_20607_14349/1	gi|685042185|emb|LN590710.1|	95.238	42	0	2	15	54	10218503	10218544	4.75e-06	65.8	7962	N/A
72_8_1230_20607_14349/1	gi|2557643774|emb|OY673254.1|	95.652	46	2	0	15	60	21732	21777	7.90e-09	75.0	2697049	N/A
72_8_1230_20607_14349/1	gi|2463378371|dbj|AP027461.1|	95.652	46	2	0	15	60	1299632	1299677	7.90e-09	75.0	511145	N/A
72_8_1230_20607_14349/1	gi|2463378371|dbj|AP027461.1|	95.652	46	2	0	15	60	1628404	1628359	7.90e-09	75.0	511145	N/A
72_8_1134_6487_21059/1	gi|2978724457|gb|PV611058.1|	89.474	133	2	4	8	137	295321	295444	7.62e-34	158	3421660	N/A
72_8_1134_6487_21059/1	gi|2978724457|gb|PV611058.1|	91.667	60	1	3	8	64	295784	295842	1.70e-10	80.5	3421660	N/A
72_8_1134_6487_21059/1	gi|2830983252|gb|CP170844.1|	90.526	95	6	2	8	100	4083423	4083330	2.78e-23	122	573	N/A
72_8_1134_6487_21059/1	gi|2557643774|emb|OY673254.1|	95.652	46	2	0	8	53	21732	21777	7.90e-09	75.0	2697049	N/A
72_8_1134_6487_21059/1	gi|2463378371|dbj|AP027461.1|	95.652	46	2	0	8	53	1299632	1299677	7.90e-09	75.0	511145	N/A
72_8_1134_6487_21059/1	gi|2463378371|dbj|AP027461.1|	95.652	46	2	0	8	53	1628404	1628359	7.90e-09	75.0	511145	N/A
72_8_1134_6487_21059/1	gi|1066401480|dbj|LC183552.1|	100.000	39	0	0	3	41	415	453	2.84e-08	73.1	182487	N/A
72_8_1108_4973_19728/1	gi|2978724457|gb|PV611058.1|	93.798	129	3	4	3	128	295318	295444	2.70e-43	189	3421660	N/A
72_8_1108_4973_19728/1	gi|2978724457|gb|PV611058.1|	88.889	63	3	3	3	62	295781	295842	7.90e-09	75.0	3421660	N/A
72_8_1108_4973_19728/1	gi|2830983252|gb|CP170844.1|	82.105	95	14	2	5	96	4083424	4083330	6.10e-10	78.7	573	N/A
72_8_1108_4973_19728/1	gi|2557643774|emb|OY673254.1|	93.478	46	3	0	6	51	21732	21777	3.67e-07	69.4	2697049	N/A
72_8_1108_4973_19728/1	gi|2463378371|dbj|AP027461.1|	93.478	46	3	0	6	51	1299632	1299677	3.67e-07	69.4	511145	N/A
72_8_1108_4973_19728/1	gi|2463378371|dbj|AP027461.1|	93.478	46	3	0	6	51	1628404	1628359	3.67e-07	69.4	511145	N/A
72_8_1108_4973_19728/1	gi|2557649546|emb|OY678249.1|	97.368	38	1	0	3	40	10397	10434	4.75e-06	65.8	2697049	N/A
72_8_2264_45653_26830/1	gi|2978724457|gb|PV611058.1|	93.651	126	3	4	15	137	295321	295444	1.26e-41	183	3421660	N/A
72_8_2264_45653_26830/1	gi|2978724457|gb|PV611058.1|	91.667	60	1	3	15	71	295784	295842	1.70e-10	80.5	3421660	N/A
72_8_2264_45653_26830/1	gi|2830983252|gb|CP170844.1|	83.505	97	13	2	13	107	4083425	4083330	1.01e-12	87.9	573	N/A
72_8_2264_45653_26830/1	gi|2557643774|emb|OY673254.1|	95.652	46	2	0	15	60	21732	21777	7.90e-09	75.0	2697049	N/A
72_8_2264_45653_26830/1	gi|2463378371|dbj|AP027461.1|	95.652	46	2	0	15	60	1299632	1299677	7.90e-09	75.0	511145	N/A
72_8_2264_45653_26830/1	gi|2463378371|dbj|AP027461.1|	95.652	46	2	0	15	60	1628404	1628359	7.90e-09	75.0	511145	N/A
72_8_2264_45653_26830/1	gi|2165836832|emb|OV197136.1|	93.878	49	1	2	13	60	118	71	2.84e-08	73.1	2697049	N/A
72_8_1146_30593_5244/1	gi|2978724457|gb|PV611058.1|	89.600	125	9	3	16	137	295321	295444	2.74e-33	156	3421660	N/A
72_8_1146_30593_5244/1	gi|2978724457|gb|PV611058.1|	91.667	60	1	3	16	72	295784	295842	1.70e-10	80.5	3421660	N/A
72_8_1146_30593_5244/1	gi|2830983252|gb|CP170844.1|	88.421	95	8	2	16	108	4083423	4083330	6.02e-20	111	573	N/A
72_8_1146_30593_5244/1	gi|2557643774|emb|OY673254.1|	95.652	46	2	0	16	61	21732	21777	7.90e-09	75.0	2697049	N/A
72_8_1146_30593_5244/1	gi|2463378371|dbj|AP027461.1|	93.878	49	3	0	13	61	1299629	1299677	7.90e-09	75.0	511145	N/A
72_8_1146_30593_5244/1	gi|2463378371|dbj|AP027461.1|	95.652	46	2	0	16	61	1628404	1628359	7.90e-09	75.0	511145	N/A
72_8_1146_30593_5244/1	gi|685047827|emb|LN596339.1|	94.000	50	1	2	8	55	601778	601827	7.90e-09	75.0	7962	N/A
72_8_2304_18050_13733/1	gi|2557638192|emb|OY694677.1|	92.500	40	1	2	1	39	4308	4346	0.003	56.5	2697049	N/A
72_8_2304_18050_13733/1	gi|2165834303|emb|OV196009.1|	92.308	39	3	0	1	39	108	70	0.003	56.5	2697049	N/A
72_8_2304_18050_13733/1	gi|2165834303|emb|OV196009.1|	96.970	33	1	0	1	33	29919	29951	0.003	56.5	2697049	N/A
72_8_2304_18050_13733/1	gi|2155043183|emb|OV015804.1|	100.000	30	0	0	1	30	29940	29911	0.003	56.5	2697049	N/A
72_8_2304_18050_13733/1	gi|2991388636|dbj|AP040949.1|	100.000	29	0	0	1	29	3527645	3527673	0.010	54.7	573	N/A
72_8_2304_18050_13733/1	gi|2991388621|dbj|AP040934.1|	100.000	29	0	0	1	29	146956	146984	0.010	54.7	562	N/A
72_8_2304_18050_13733/1	gi|2991388621|dbj|AP040934.1|	100.000	29	0	0	1	29	4900943	4900915	0.010	54.7	562	N/A
72_8_1405_25746_28455/1	gi|2991388636|dbj|AP040949.1|	100.000	35	0	0	16	50	4537865	4537899	4.75e-06	65.8	573	N/A
72_8_2460_24532_20583/1	gi|2978724457|gb|PV611058.1|	92.248	129	1	6	2	127	295322	295444	7.57e-39	174	3421660	N/A
72_8_2460_24532_20583/1	gi|2978724457|gb|PV611058.1|	91.525	59	1	3	2	57	295785	295842	6.10e-10	78.7	3421660	N/A
72_8_2460_24532_20583/1	gi|2830983252|gb|CP170844.1|	87.097	93	9	2	2	91	4083422	4083330	3.62e-17	102	573	N/A
72_8_2460_24532_20583/1	gi|2557643774|emb|OY673254.1|	95.556	45	2	0	2	46	21733	21777	2.84e-08	73.1	2697049	N/A
72_8_2460_24532_20583/1	gi|2463378371|dbj|AP027461.1|	95.556	45	2	0	2	46	1299633	1299677	2.84e-08	73.1	511145	N/A
72_8_2460_24532_20583/1	gi|2463378371|dbj|AP027461.1|	95.556	45	2	0	2	46	1628403	1628359	2.84e-08	73.1	511145	N/A
72_8_2460_24532_20583/1	gi|2755084441|gb|PP943425.1|	93.478	46	1	2	2	46	67824	67780	1.32e-06	67.6	10258	N/A
72_8_2460_24532_20583/1	gi|2755084441|gb|PP943425.1|	93.333	45	1	2	2	45	67592	67635	4.75e-06	65.8	10258	N/A
72_8_2174_6163_24365/1	gi|2978724457|gb|PV611058.1|	92.857	126	4	4	15	137	295321	295444	5.85e-40	178	3421660	N/A
72_8_2174_6163_24365/1	gi|2978724457|gb|PV611058.1|	91.803	61	1	3	15	72	295784	295843	4.72e-11	82.4	3421660	N/A
72_8_2174_6163_24365/1	gi|2830983252|gb|CP170844.1|	84.536	97	12	2	13	107	4083425	4083330	2.18e-14	93.5	573	N/A
72_8_2174_6163_24365/1	gi|2557643774|emb|OY673254.1|	95.652	46	2	0	15	60	21732	21777	7.90e-09	75.0	2697049	N/A
72_8_2174_6163_24365/1	gi|2463378371|dbj|AP027461.1|	95.652	46	2	0	15	60	1299632	1299677	7.90e-09	75.0	511145	N/A
72_8_2174_6163_24365/1	gi|2463378371|dbj|AP027461.1|	95.652	46	2	0	15	60	1628404	1628359	7.90e-09	75.0	511145	N/A
72_8_2174_6163_24365/1	gi|2165836832|emb|OV197136.1|	92.593	54	1	3	8	60	122	71	7.90e-09	75.0	2697049	N/A
72_8_2173_43565_14980/1	gi|2978724457|gb|PV611058.1|	91.200	125	8	3	15	137	295321	295444	1.27e-36	167	3421660	N/A
72_8_2173_43565_14980/1	gi|2978724457|gb|PV611058.1|	91.803	61	3	2	15	73	295784	295844	1.31e-11	84.2	3421660	N/A
72_8_2173_43565_14980/1	gi|2830983252|gb|CP170844.1|	88.421	95	8	2	14	105	4083424	4083330	6.02e-20	111	573	N/A
72_8_2173_43565_14980/1	gi|2557643774|emb|OY673254.1|	92.593	54	3	1	8	60	21724	21777	2.20e-09	76.8	2697049	N/A
72_8_2173_43565_14980/1	gi|2557639802|emb|OY695838.1|	100.000	40	0	0	9	48	4716	4755	7.90e-09	75.0	2697049	N/A
72_8_2173_43565_14980/1	gi|2165832678|emb|OV195277.1|	93.617	47	3	0	14	60	133	87	1.02e-07	71.3	2697049	N/A
72_8_2282_19021_6589/1	gi|2978724457|gb|PV611058.1|	92.913	127	2	5	15	137	295321	295444	5.85e-40	178	3421660	N/A
72_8_2282_19021_6589/1	gi|2978724457|gb|PV611058.1|	90.000	60	1	4	15	70	295784	295842	2.84e-08	73.1	3421660	N/A
72_8_2282_19021_6589/1	gi|2830983252|gb|CP170844.1|	84.211	95	11	3	14	104	4083424	4083330	2.82e-13	89.8	573	N/A
72_8_2282_19021_6589/1	gi|685045708|emb|LN594233.1|	92.453	53	1	3	4	53	80414	80362	2.84e-08	73.1	7962	N/A
72_8_2282_19021_6589/1	gi|2557643774|emb|OY673254.1|	93.478	46	2	1	15	59	21732	21777	1.32e-06	67.6	2697049	N/A
72_8_2282_19021_6589/1	gi|2463378371|dbj|AP027461.1|	93.478	46	2	1	15	59	1299632	1299677	1.32e-06	67.6	511145	N/A
72_8_2282_19021_6589/1	gi|2463378371|dbj|AP027461.1|	93.478	46	2	1	15	59	1628404	1628359	1.32e-06	67.6	511145	N/A
72_8_2359_6972_29156/1	gi|2978724457|gb|PV611058.1|	87.879	132	10	5	9	137	295316	295444	1.28e-31	150	3421660	N/A
72_8_2359_6972_29156/1	gi|2978724457|gb|PV611058.1|	90.909	66	1	4	9	71	295779	295842	1.31e-11	84.2	3421660	N/A
72_8_2359_6972_29156/1	gi|2755084441|gb|PP943425.1|	83.871	93	11	4	14	105	67825	67736	3.65e-12	86.1	10258	N/A
72_8_2359_6972_29156/1	gi|2755084441|gb|PP943425.1|	93.478	46	1	2	14	58	67591	67635	1.32e-06	67.6	10258	N/A
72_8_2359_6972_29156/1	gi|2830983252|gb|CP170844.1|	82.828	99	10	5	14	110	4083423	4083330	4.72e-11	82.4	573	N/A
72_8_2359_6972_29156/1	gi|2557643774|emb|OY673254.1|	95.652	46	2	0	14	59	21732	21777	7.90e-09	75.0	2697049	N/A
72_8_2359_6972_29156/1	gi|2463378371|dbj|AP027461.1|	95.652	46	2	0	14	59	1299632	1299677	7.90e-09	75.0	511145	N/A
72_8_2359_6972_29156/1	gi|2463378371|dbj|AP027461.1|	95.652	46	2	0	14	59	1628404	1628359	7.90e-09	75.0	511145	N/A
72_8_2117_12750_11674/1	gi|2978724457|gb|PV611058.1|	91.935	62	1	3	74	132	295321	295381	1.31e-11	84.2	3421660	N/A
72_8_2117_12750_11674/1	gi|2978724457|gb|PV611058.1|	91.667	60	1	3	74	130	295784	295842	1.70e-10	80.5	3421660	N/A
72_8_2117_12750_11674/1	gi|2557643774|emb|OY673254.1|	95.652	46	2	0	74	119	21732	21777	7.90e-09	75.0	2697049	N/A
72_8_2117_12750_11674/1	gi|2463378371|dbj|AP027461.1|	95.652	46	2	0	74	119	1299632	1299677	7.90e-09	75.0	511145	N/A
72_8_2117_12750_11674/1	gi|2463378371|dbj|AP027461.1|	95.652	46	2	0	74	119	1628404	1628359	7.90e-09	75.0	511145	N/A
72_8_2117_12750_11674/1	gi|2830983252|gb|CP170844.1|	88.525	61	5	1	72	130	4083425	4083365	2.84e-08	73.1	573	N/A
72_8_2117_12750_11674/1	gi|2524352013|emb|OY072335.1|	95.556	45	2	0	63	107	21647	21691	2.84e-08	73.1	2697049	N/A
72_8_1308_40814_8396/1	gi|2991388636|dbj|AP040949.1|	100.000	40	0	0	10	49	4537860	4537899	7.90e-09	75.0	573	N/A
72_8_1271_33693_17389/1	gi|2978724457|gb|PV611058.1|	90.152	132	1	4	2	130	295322	295444	5.89e-35	161	3421660	N/A
72_8_1271_33693_17389/1	gi|2978724457|gb|PV611058.1|	91.525	59	1	3	2	57	295785	295842	6.10e-10	78.7	3421660	N/A
72_8_1271_33693_17389/1	gi|2830983252|gb|CP170844.1|	90.323	93	6	2	2	91	4083422	4083330	3.60e-22	119	573	N/A
72_8_1271_33693_17389/1	gi|2557643774|emb|OY673254.1|	95.556	45	2	0	2	46	21733	21777	2.84e-08	73.1	2697049	N/A
72_8_1271_33693_17389/1	gi|2463378371|dbj|AP027461.1|	95.556	45	2	0	2	46	1299633	1299677	2.84e-08	73.1	511145	N/A
72_8_1271_33693_17389/1	gi|2463378371|dbj|AP027461.1|	95.556	45	2	0	2	46	1628403	1628359	2.84e-08	73.1	511145	N/A
72_8_1271_33693_17389/1	gi|2755084441|gb|PP943425.1|	93.478	46	1	2	2	46	67824	67780	1.32e-06	67.6	10258	N/A
72_8_1271_33693_17389/1	gi|2755084441|gb|PP943425.1|	93.333	45	1	2	2	45	67592	67635	4.75e-06	65.8	10258	N/A
72_8_1306_12588_5931/1	gi|2978724457|gb|PV611058.1|	88.722	133	3	7	8	137	295321	295444	3.55e-32	152	3421660	N/A
72_8_1306_12588_5931/1	gi|2978724457|gb|PV611058.1|	91.071	56	1	3	8	60	295784	295838	2.84e-08	73.1	3421660	N/A
72_8_1306_12588_5931/1	gi|2830983252|gb|CP170844.1|	86.458	96	9	3	8	101	4083423	4083330	3.62e-17	102	573	N/A
72_8_1306_12588_5931/1	gi|2557643774|emb|OY673254.1|	95.652	46	2	0	8	53	21732	21777	7.90e-09	75.0	2697049	N/A
72_8_1306_12588_5931/1	gi|2463378371|dbj|AP027461.1|	95.652	46	2	0	8	53	1299632	1299677	7.90e-09	75.0	511145	N/A
72_8_1306_12588_5931/1	gi|2463378371|dbj|AP027461.1|	95.652	46	2	0	8	53	1628404	1628359	7.90e-09	75.0	511145	N/A
72_8_1306_12588_5931/1	gi|2155043183|emb|OV015804.1|	100.000	40	0	0	5	44	29950	29911	7.90e-09	75.0	2697049	N/A
72_8_1145_37480_29548/1	gi|2978724457|gb|PV611058.1|	88.189	127	10	4	14	137	295320	295444	1.65e-30	147	3421660	N/A
72_8_1145_37480_29548/1	gi|2978724457|gb|PV611058.1|	91.803	61	1	3	14	71	295783	295842	4.72e-11	82.4	3421660	N/A
72_8_1145_37480_29548/1	gi|2830983252|gb|CP170844.1|	91.579	95	5	2	15	107	4083423	4083330	5.98e-25	128	573	N/A
72_8_1145_37480_29548/1	gi|2557643774|emb|OY673254.1|	92.593	54	3	1	8	60	21724	21777	2.20e-09	76.8	2697049	N/A
72_8_1145_37480_29548/1	gi|2463378371|dbj|AP027461.1|	95.652	46	2	0	15	60	1299632	1299677	7.90e-09	75.0	511145	N/A
72_8_1145_37480_29548/1	gi|2463378371|dbj|AP027461.1|	95.652	46	2	0	15	60	1628404	1628359	7.90e-09	75.0	511145	N/A
72_8_1145_37480_29548/1	gi|685042277|emb|LN590802.1|	95.745	47	0	2	10	54	1043034	1043080	7.90e-09	75.0	7962	N/A
72_8_1384_25180_17165/1	gi|2978724457|gb|PV611058.1|	92.126	127	5	4	14	137	295320	295444	7.57e-39	174	3421660	N/A
72_8_1384_25180_17165/1	gi|2978724457|gb|PV611058.1|	91.803	61	1	3	14	71	295783	295842	4.72e-11	82.4	3421660	N/A
72_8_1384_25180_17165/1	gi|2830983252|gb|CP170844.1|	86.316	95	10	2	15	107	4083423	4083330	1.30e-16	100	573	N/A
72_8_1384_25180_17165/1	gi|685042161|emb|LN590686.1|	94.231	52	0	3	5	54	20813821	20813871	2.20e-09	76.8	7962	N/A
72_8_1384_25180_17165/1	gi|685042161|emb|LN590686.1|	95.556	45	0	2	12	54	6380191	6380235	1.02e-07	71.3	7962	N/A
72_8_1384_25180_17165/1	gi|685042161|emb|LN590686.1|	95.238	42	0	2	15	54	4545831	4545872	4.75e-06	65.8	7962	N/A
72_8_1384_25180_17165/1	gi|685042161|emb|LN590686.1|	95.238	42	0	2	15	54	12304839	12304798	4.75e-06	65.8	7962	N/A
72_8_1384_25180_17165/1	gi|685042161|emb|LN590686.1|	90.385	52	2	3	5	54	17091837	17091887	4.75e-06	65.8	7962	N/A
72_8_1384_25180_17165/1	gi|685042161|emb|LN590686.1|	95.238	42	0	2	15	54	28125760	28125801	4.75e-06	65.8	7962	N/A
72_8_1384_25180_17165/1	gi|685042161|emb|LN590686.1|	94.872	39	0	2	18	54	12436830	12436868	2.21e-04	60.2	7962	N/A
72_8_1384_25180_17165/1	gi|2557643774|emb|OY673254.1|	95.652	46	2	0	15	60	21732	21777	7.90e-09	75.0	2697049	N/A
72_8_1384_25180_17165/1	gi|2463378371|dbj|AP027461.1|	95.652	46	2	0	15	60	1299632	1299677	7.90e-09	75.0	511145	N/A
72_8_1384_25180_17165/1	gi|2463378371|dbj|AP027461.1|	95.652	46	2	0	15	60	1628404	1628359	7.90e-09	75.0	511145	N/A
72_8_2279_30707_24575/1	gi|2166871578|ref|XR_006701615.1|	100.000	28	0	0	6	33	163	190	0.037	52.8	46844	N/A
72_8_2114_25196_16100/1	gi|2978724457|gb|PV611058.1|	93.023	129	1	7	8	133	295321	295444	4.52e-41	182	3421660	N/A
72_8_2114_25196_16100/1	gi|2978724457|gb|PV611058.1|	91.667	60	1	3	8	64	295784	295842	1.70e-10	80.5	3421660	N/A
72_8_2114_25196_16100/1	gi|2830983252|gb|CP170844.1|	84.375	96	12	2	7	100	4083424	4083330	7.84e-14	91.6	573	N/A
72_8_2114_25196_16100/1	gi|2557643774|emb|OY673254.1|	95.652	46	2	0	8	53	21732	21777	7.90e-09	75.0	2697049	N/A
72_8_2114_25196_16100/1	gi|2463378371|dbj|AP027461.1|	95.652	46	2	0	8	53	1299632	1299677	7.90e-09	75.0	511145	N/A
72_8_2114_25196_16100/1	gi|2463378371|dbj|AP027461.1|	95.652	46	2	0	8	53	1628404	1628359	7.90e-09	75.0	511145	N/A
72_8_2114_25196_16100/1	gi|2755084441|gb|PP943425.1|	93.878	49	1	2	5	52	67588	67635	2.84e-08	73.1	10258	N/A
72_8_2114_25196_16100/1	gi|2755084441|gb|PP943425.1|	93.617	47	1	2	8	53	67825	67780	3.67e-07	69.4	10258	N/A
72_8_2176_18285_10273/1	gi|2978724457|gb|PV611058.1|	93.750	128	1	6	13	137	295321	295444	3.50e-42	185	3421660	N/A
72_8_2176_18285_10273/1	gi|2978724457|gb|PV611058.1|	91.667	60	1	3	13	69	295784	295842	1.70e-10	80.5	3421660	N/A
72_8_2176_18285_10273/1	gi|2830983252|gb|CP170844.1|	85.263	95	11	2	12	103	4083424	4083330	6.06e-15	95.3	573	N/A
72_8_2176_18285_10273/1	gi|2557643774|emb|OY673254.1|	95.652	46	2	0	13	58	21732	21777	7.90e-09	75.0	2697049	N/A
72_8_2176_18285_10273/1	gi|2463378371|dbj|AP027461.1|	93.878	49	3	0	10	58	1299629	1299677	7.90e-09	75.0	511145	N/A
72_8_2176_18285_10273/1	gi|2463378371|dbj|AP027461.1|	95.652	46	2	0	13	58	1628404	1628359	7.90e-09	75.0	511145	N/A
72_8_2176_18285_10273/1	gi|685043901|emb|LN592426.1|	94.118	51	0	3	4	52	375099	375148	7.90e-09	75.0	7962	N/A
72_8_2306_41607_29632/1	gi|2978724457|gb|PV611058.1|	95.082	122	1	4	20	137	295321	295441	9.72e-43	187	3421660	N/A
72_8_2306_41607_29632/1	gi|2978724457|gb|PV611058.1|	90.000	60	2	3	20	76	295784	295842	7.90e-09	75.0	3421660	N/A
72_8_2306_41607_29632/1	gi|2557643774|emb|OY673254.1|	95.556	45	2	0	20	64	21732	21776	2.84e-08	73.1	2697049	N/A
72_8_2306_41607_29632/1	gi|2463378371|dbj|AP027461.1|	95.556	45	2	0	20	64	1299632	1299676	2.84e-08	73.1	511145	N/A
72_8_2306_41607_29632/1	gi|2463378371|dbj|AP027461.1|	95.556	45	2	0	20	64	1628404	1628360	2.84e-08	73.1	511145	N/A
72_8_2306_41607_29632/1	gi|2165834303|emb|OV196009.1|	97.619	42	1	0	18	59	117	76	2.84e-08	73.1	2697049	N/A
72_8_2306_41607_29632/1	gi|2165834303|emb|OV196009.1|	97.561	41	1	0	19	59	29911	29951	1.02e-07	71.3	2697049	N/A
72_8_2306_41607_29632/1	gi|2830983252|gb|CP170844.1|	100.000	36	0	0	18	53	4083425	4083390	1.32e-06	67.6	573	N/A
72_8_1412_21320_6925/1	gi|2978724457|gb|PV611058.1|	95.833	120	1	3	21	137	295320	295438	7.51e-44	191	3421660	N/A
72_8_1412_21320_6925/1	gi|2978724457|gb|PV611058.1|	91.803	61	1	3	21	78	295783	295842	4.72e-11	82.4	3421660	N/A
72_8_1412_21320_6925/1	gi|2557643774|emb|OY673254.1|	95.652	46	2	0	22	67	21732	21777	7.90e-09	75.0	2697049	N/A
72_8_1412_21320_6925/1	gi|2463378371|dbj|AP027461.1|	95.652	46	2	0	22	67	1299632	1299677	7.90e-09	75.0	511145	N/A
72_8_1412_21320_6925/1	gi|2463378371|dbj|AP027461.1|	95.652	46	2	0	22	67	1628404	1628359	7.90e-09	75.0	511145	N/A
72_8_1412_21320_6925/1	gi|2557638192|emb|OY694677.1|	93.878	49	1	2	20	67	4299	4346	2.84e-08	73.1	2697049	N/A
72_8_1412_21320_6925/1	gi|2830983252|gb|CP170844.1|	81.915	94	5	2	22	103	4083423	4083330	3.67e-07	69.4	573	N/A
72_8_1291_8194_6673/1	gi|2978724457|gb|PV611058.1|	94.444	126	2	4	15	137	295321	295444	2.70e-43	189	3421660	N/A
72_8_1291_8194_6673/1	gi|2978724457|gb|PV611058.1|	91.667	60	1	3	15	71	295784	295842	1.70e-10	80.5	3421660	N/A
72_8_1291_8194_6673/1	gi|2830983252|gb|CP170844.1|	82.105	95	14	2	15	107	4083423	4083330	6.10e-10	78.7	573	N/A
72_8_1291_8194_6673/1	gi|685042160|emb|LN590685.1|	95.918	49	0	2	8	54	16867634	16867586	6.10e-10	78.7	7962	N/A
72_8_1291_8194_6673/1	gi|685042160|emb|LN590685.1|	93.750	48	1	2	9	54	850803	850850	1.02e-07	71.3	7962	N/A
72_8_1291_8194_6673/1	gi|685042160|emb|LN590685.1|	95.238	42	0	2	15	54	14193258	14193217	4.75e-06	65.8	7962	N/A
72_8_1291_8194_6673/1	gi|685042160|emb|LN590685.1|	95.238	42	0	2	15	54	18159835	18159794	4.75e-06	65.8	7962	N/A
72_8_1291_8194_6673/1	gi|2557643774|emb|OY673254.1|	95.652	46	2	0	15	60	21732	21777	7.90e-09	75.0	2697049	N/A
72_8_1291_8194_6673/1	gi|2463378371|dbj|AP027461.1|	95.652	46	2	0	15	60	1299632	1299677	7.90e-09	75.0	511145	N/A
72_8_1291_8194_6673/1	gi|2463378371|dbj|AP027461.1|	95.652	46	2	0	15	60	1628404	1628359	7.90e-09	75.0	511145	N/A
72_8_2283_7806_6085/1	gi|2978724457|gb|PV611058.1|	91.339	127	5	4	14	137	295321	295444	3.52e-37	169	3421660	N/A
72_8_2283_7806_6085/1	gi|2978724457|gb|PV611058.1|	91.667	60	1	3	14	70	295784	295842	1.70e-10	80.5	3421660	N/A
72_8_2283_7806_6085/1	gi|2830983252|gb|CP170844.1|	88.298	94	8	2	14	104	4083423	4083330	2.16e-19	110	573	N/A
72_8_2283_7806_6085/1	gi|2524352013|emb|OY072335.1|	97.778	45	1	0	3	47	21647	21691	6.10e-10	78.7	2697049	N/A
72_8_2283_7806_6085/1	gi|685046795|emb|LN595320.1|	95.833	48	0	2	8	53	140295	140342	2.20e-09	76.8	7962	N/A
72_8_2283_7806_6085/1	gi|685045018|emb|LN593543.1|	95.833	48	0	2	8	53	140101	140148	2.20e-09	76.8	7962	N/A
72_8_2364_5467_21984/1	gi|2978724457|gb|PV611058.1|	88.976	127	8	5	14	137	295321	295444	3.55e-32	152	3421660	N/A
72_8_2364_5467_21984/1	gi|2978724457|gb|PV611058.1|	89.831	59	2	3	14	69	295784	295841	2.84e-08	73.1	3421660	N/A
72_8_2364_5467_21984/1	gi|2830983252|gb|CP170844.1|	85.417	96	9	4	14	106	4083423	4083330	6.06e-15	95.3	573	N/A
72_8_2364_5467_21984/1	gi|2524352013|emb|OY072335.1|	100.000	45	0	0	3	47	21647	21691	1.31e-11	84.2	2697049	N/A
72_8_2364_5467_21984/1	gi|685042185|emb|LN590710.1|	97.727	44	1	0	4	47	9162079	9162122	2.20e-09	76.8	7962	N/A
72_8_2364_5467_21984/1	gi|685042185|emb|LN590710.1|	95.238	42	0	2	14	53	3790452	3790411	4.75e-06	65.8	7962	N/A
72_8_2364_5467_21984/1	gi|685042185|emb|LN590710.1|	95.238	42	0	2	14	53	6008694	6008735	4.75e-06	65.8	7962	N/A
72_8_2364_5467_21984/1	gi|685042185|emb|LN590710.1|	95.238	42	0	2	14	53	10218503	10218544	4.75e-06	65.8	7962	N/A
72_8_2364_5467_21984/1	gi|2557643774|emb|OY673254.1|	95.652	46	2	0	14	59	21732	21777	7.90e-09	75.0	2697049	N/A
72_8_1235_46770_12711/1	gi|2978724457|gb|PV611058.1|	93.750	128	1	5	10	134	295321	295444	3.50e-42	185	3421660	N/A
72_8_1235_46770_12711/1	gi|2978724457|gb|PV611058.1|	91.803	61	1	3	10	67	295784	295843	4.72e-11	82.4	3421660	N/A
72_8_1235_46770_12711/1	gi|2830983252|gb|CP170844.1|	85.263	95	11	2	9	100	4083424	4083330	6.06e-15	95.3	573	N/A
72_8_1235_46770_12711/1	gi|2557643774|emb|OY673254.1|	95.652	46	2	0	10	55	21732	21777	7.90e-09	75.0	2697049	N/A
72_8_1235_46770_12711/1	gi|2463378371|dbj|AP027461.1|	93.878	49	3	0	7	55	1299629	1299677	7.90e-09	75.0	511145	N/A
72_8_1235_46770_12711/1	gi|2463378371|dbj|AP027461.1|	95.652	46	2	0	10	55	1628404	1628359	7.90e-09	75.0	511145	N/A
72_8_1235_46770_12711/1	gi|685048206|emb|LN596718.1|	100.000	40	0	0	5	44	51896	51935	7.90e-09	75.0	7962	N/A
72_8_1387_47158_19602/1	gi|2830983252|gb|CP170844.1|	89.474	95	8	1	45	137	4083425	4083331	3.60e-22	119	573	N/A
72_8_1387_47158_19602/1	gi|2978724457|gb|PV611058.1|	84.615	91	12	2	49	137	295323	295413	2.82e-13	89.8	3421660	N/A
72_8_1387_47158_19602/1	gi|2978724457|gb|PV611058.1|	89.062	64	5	2	49	110	295786	295849	6.10e-10	78.7	3421660	N/A
72_8_1387_47158_19602/1	gi|2557643774|emb|OY673254.1|	95.455	44	2	0	49	92	21734	21777	1.02e-07	71.3	2697049	N/A
72_8_1387_47158_19602/1	gi|780644672|ref|XM_011690559.1|	100.000	36	0	0	49	84	1040	1075	1.32e-06	67.6	64793	N/A
72_8_1387_47158_19602/1	gi|2165832678|emb|OV195277.1|	91.667	48	4	0	45	92	134	87	1.32e-06	67.6	2697049	N/A
72_8_1255_34243_9068/1	gi|2978724457|gb|PV611058.1|	89.630	135	7	5	7	137	295313	295444	4.55e-36	165	3421660	N/A
72_8_1255_34243_9068/1	gi|2978724457|gb|PV611058.1|	89.706	68	2	4	7	70	295776	295842	4.72e-11	82.4	3421660	N/A
72_8_1255_34243_9068/1	gi|2830983252|gb|CP170844.1|	86.316	95	10	2	14	106	4083423	4083330	1.30e-16	100	573	N/A
72_8_1255_34243_9068/1	gi|685042161|emb|LN590686.1|	94.231	52	0	3	4	53	20813821	20813871	2.20e-09	76.8	7962	N/A
72_8_1255_34243_9068/1	gi|685042161|emb|LN590686.1|	95.455	44	0	2	12	53	6380192	6380235	3.67e-07	69.4	7962	N/A
72_8_1255_34243_9068/1	gi|685042161|emb|LN590686.1|	95.238	42	0	2	14	53	4545831	4545872	4.75e-06	65.8	7962	N/A
72_8_1255_34243_9068/1	gi|685042161|emb|LN590686.1|	95.238	42	0	2	14	53	12304839	12304798	4.75e-06	65.8	7962	N/A
72_8_1255_34243_9068/1	gi|685042161|emb|LN590686.1|	90.385	52	2	3	4	53	17091837	17091887	4.75e-06	65.8	7962	N/A
72_8_1255_34243_9068/1	gi|685042161|emb|LN590686.1|	95.238	42	0	2	14	53	28125760	28125801	4.75e-06	65.8	7962	N/A
72_8_1255_34243_9068/1	gi|685042161|emb|LN590686.1|	94.872	39	0	2	17	53	12436830	12436868	2.21e-04	60.2	7962	N/A
72_8_1255_34243_9068/1	gi|2557643774|emb|OY673254.1|	95.652	46	2	0	14	59	21732	21777	7.90e-09	75.0	2697049	N/A
72_8_1255_34243_9068/1	gi|2463378371|dbj|AP027461.1|	95.652	46	2	0	14	59	1299632	1299677	7.90e-09	75.0	511145	N/A
72_8_1255_34243_9068/1	gi|2463378371|dbj|AP027461.1|	95.652	46	2	0	14	59	1628404	1628359	7.90e-09	75.0	511145	N/A
72_8_1314_39147_26186/1	gi|2557638192|emb|OY694677.1|	92.500	40	1	2	1	39	4308	4346	0.003	56.5	2697049	N/A
72_8_1314_39147_26186/1	gi|2165834303|emb|OV196009.1|	92.308	39	3	0	1	39	108	70	0.003	56.5	2697049	N/A
72_8_1314_39147_26186/1	gi|2165834303|emb|OV196009.1|	96.970	33	1	0	1	33	29919	29951	0.003	56.5	2697049	N/A
72_8_1314_39147_26186/1	gi|2155043183|emb|OV015804.1|	100.000	30	0	0	1	30	29940	29911	0.003	56.5	2697049	N/A
72_8_1314_39147_26186/1	gi|2991388636|dbj|AP040949.1|	100.000	29	0	0	1	29	3527645	3527673	0.010	54.7	573	N/A
72_8_1314_39147_26186/1	gi|2991388621|dbj|AP040934.1|	100.000	29	0	0	1	29	146956	146984	0.010	54.7	562	N/A
72_8_1314_39147_26186/1	gi|2991388621|dbj|AP040934.1|	100.000	29	0	0	1	29	4900943	4900915	0.010	54.7	562	N/A
72_8_1213_15817_18160/1	gi|2978724457|gb|PV611058.1|	88.148	135	1	5	6	137	295322	295444	1.65e-30	147	3421660	N/A
72_8_1213_15817_18160/1	gi|2978724457|gb|PV611058.1|	91.803	61	1	3	6	63	295785	295844	4.72e-11	82.4	3421660	N/A
72_8_1213_15817_18160/1	gi|2830983252|gb|CP170844.1|	89.474	95	6	2	6	98	4083422	4083330	1.29e-21	117	573	N/A
72_8_1213_15817_18160/1	gi|2557643774|emb|OY673254.1|	95.556	45	2	0	6	50	21733	21777	2.84e-08	73.1	2697049	N/A
72_8_1213_15817_18160/1	gi|2463378371|dbj|AP027461.1|	95.556	45	2	0	6	50	1299633	1299677	2.84e-08	73.1	511145	N/A
72_8_1213_15817_18160/1	gi|2463378371|dbj|AP027461.1|	95.556	45	2	0	6	50	1628403	1628359	2.84e-08	73.1	511145	N/A
72_8_1213_15817_18160/1	gi|2755084441|gb|PP943425.1|	81.522	92	10	5	6	93	67824	67736	3.67e-07	69.4	10258	N/A
72_8_1213_15817_18160/1	gi|2755084441|gb|PP943425.1|	93.333	45	1	2	6	49	67592	67635	4.75e-06	65.8	10258	N/A
72_8_1381_6665_26018/1	gi|2978724457|gb|PV611058.1|	91.339	127	6	4	14	137	295320	295444	3.52e-37	169	3421660	N/A
72_8_1381_6665_26018/1	gi|2978724457|gb|PV611058.1|	90.164	61	2	3	14	71	295783	295842	2.20e-09	76.8	3421660	N/A
72_8_1381_6665_26018/1	gi|2830983252|gb|CP170844.1|	86.957	92	10	1	17	106	4083421	4083330	3.62e-17	102	573	N/A
72_8_1381_6665_26018/1	gi|2557643774|emb|OY673254.1|	95.455	44	2	0	17	60	21734	21777	1.02e-07	71.3	2697049	N/A
72_8_1381_6665_26018/1	gi|2463378371|dbj|AP027461.1|	95.455	44	2	0	17	60	1299634	1299677	1.02e-07	71.3	511145	N/A
72_8_1381_6665_26018/1	gi|2463378371|dbj|AP027461.1|	95.455	44	2	0	17	60	1628402	1628359	1.02e-07	71.3	511145	N/A
72_8_1381_6665_26018/1	gi|685042168|emb|LN590693.1|	93.617	47	1	2	10	54	11958545	11958499	3.67e-07	69.4	7962	N/A
72_8_1381_6665_26018/1	gi|685042168|emb|LN590693.1|	95.000	40	0	2	17	54	320173	320212	6.15e-05	62.1	7962	N/A
72_8_1381_6665_26018/1	gi|685042168|emb|LN590693.1|	95.000	40	0	2	17	54	320672	320633	6.15e-05	62.1	7962	N/A
72_8_2352_42440_21802/1	gi|2560502367|emb|OY629453.1|	97.368	38	0	1	12	48	5916	5953	1.71e-05	63.9	2697049	N/A
72_8_2352_42440_21802/1	gi|780644672|ref|XM_011690559.1|	97.368	38	0	1	11	47	1035	1072	1.71e-05	63.9	64793	N/A
72_8_2352_42440_21802/1	gi|685047355|emb|LN595867.1|	93.333	45	0	3	11	52	19121	19165	1.71e-05	63.9	7962	N/A
72_8_2352_42440_21802/1	gi|685046063|emb|LN594588.1|	93.333	45	0	3	11	52	121373	121417	1.71e-05	63.9	7962	N/A
72_8_2352_42440_21802/1	gi|2155043183|emb|OV015804.1|	97.368	38	0	1	13	49	29948	29911	1.71e-05	63.9	2697049	N/A
72_8_2279_49497_26200/1	gi|2978724457|gb|PV611058.1|	92.913	127	4	4	14	137	295320	295444	1.63e-40	180	3421660	N/A
72_8_2279_49497_26200/1	gi|2978724457|gb|PV611058.1|	91.803	61	1	3	14	71	295783	295842	4.72e-11	82.4	3421660	N/A
72_8_2279_49497_26200/1	gi|2830983252|gb|CP170844.1|	84.211	95	12	2	15	107	4083423	4083330	2.82e-13	89.8	573	N/A
72_8_2279_49497_26200/1	gi|685042195|emb|LN590720.1|	95.833	48	0	2	9	54	5765844	5765797	2.20e-09	76.8	7962	N/A
72_8_2279_49497_26200/1	gi|685042195|emb|LN590720.1|	95.556	45	0	2	12	54	2930131	2930175	1.02e-07	71.3	7962	N/A
72_8_2279_49497_26200/1	gi|685042175|emb|LN590700.1|	94.118	51	1	2	7	55	14033949	14033899	2.20e-09	76.8	7962	N/A
72_8_2279_49497_26200/1	gi|685042175|emb|LN590700.1|	95.238	42	0	2	15	54	15778538	15778579	4.75e-06	65.8	7962	N/A
72_8_2279_49497_26200/1	gi|2557643774|emb|OY673254.1|	95.652	46	2	0	15	60	21732	21777	7.90e-09	75.0	2697049	N/A
72_8_1329_5127_13187/1	gi|2978724457|gb|PV611058.1|	92.800	125	6	3	15	137	295321	295444	5.85e-40	178	3421660	N/A
72_8_1329_5127_13187/1	gi|2978724457|gb|PV611058.1|	91.525	59	3	2	15	71	295784	295842	1.70e-10	80.5	3421660	N/A
72_8_1329_5127_13187/1	gi|2830983252|gb|CP170844.1|	86.170	94	9	2	15	104	4083423	4083330	4.68e-16	99.0	573	N/A
72_8_1329_5127_13187/1	gi|685042185|emb|LN590710.1|	97.778	45	1	0	4	48	9162078	9162122	6.10e-10	78.7	7962	N/A
72_8_1329_5127_13187/1	gi|685042185|emb|LN590710.1|	100.000	34	0	0	15	48	3790452	3790419	1.71e-05	63.9	7962	N/A
72_8_1329_5127_13187/1	gi|685042185|emb|LN590710.1|	100.000	34	0	0	15	48	6008694	6008727	1.71e-05	63.9	7962	N/A
72_8_1329_5127_13187/1	gi|685042185|emb|LN590710.1|	100.000	34	0	0	15	48	10218503	10218536	1.71e-05	63.9	7962	N/A
72_8_1329_5127_13187/1	gi|2524352013|emb|OY072335.1|	97.727	44	1	0	5	48	21648	21691	2.20e-09	76.8	2697049	N/A
72_8_1329_5127_13187/1	gi|2609791689|gb|OR652421.1|	97.727	44	0	1	10	52	13032	12989	7.90e-09	75.0	10376	N/A
72_8_2196_7093_18132/1	gi|2978724457|gb|PV611058.1|	95.968	124	3	2	8	129	295321	295444	1.25e-46	200	3421660	N/A
72_8_2196_7093_18132/1	gi|2978724457|gb|PV611058.1|	91.525	59	3	2	8	64	295784	295842	1.70e-10	80.5	3421660	N/A
72_8_2196_7093_18132/1	gi|2557643774|emb|OY673254.1|	95.652	46	2	0	8	53	21732	21777	7.90e-09	75.0	2697049	N/A
72_8_2196_7093_18132/1	gi|780644672|ref|XM_011690559.1|	97.619	42	1	0	4	45	1034	1075	2.84e-08	73.1	64793	N/A
72_8_2196_7093_18132/1	gi|2924925013|gb|PQ571295.1|	100.000	38	0	0	5	42	226	263	1.02e-07	71.3	3385244	N/A
72_8_2196_7093_18132/1	gi|2830983252|gb|CP170844.1|	82.105	95	5	2	7	89	4083424	4083330	1.02e-07	71.3	573	N/A
72_8_1281_42465_29324/1	gi|2978724457|gb|PV611058.1|	88.281	128	9	5	13	137	295320	295444	4.59e-31	148	3421660	N/A
72_8_1281_42465_29324/1	gi|2978724457|gb|PV611058.1|	91.935	62	1	3	13	71	295783	295843	1.31e-11	84.2	3421660	N/A
72_8_1281_42465_29324/1	gi|2830983252|gb|CP170844.1|	91.579	95	5	2	14	106	4083423	4083330	5.98e-25	128	573	N/A
72_8_1281_42465_29324/1	gi|685042161|emb|LN590686.1|	94.231	52	0	3	4	53	20813821	20813871	2.20e-09	76.8	7962	N/A
72_8_1281_42465_29324/1	gi|685042161|emb|LN590686.1|	95.556	45	0	2	11	53	6380191	6380235	1.02e-07	71.3	7962	N/A
72_8_1281_42465_29324/1	gi|685042161|emb|LN590686.1|	95.238	42	0	2	14	53	4545831	4545872	4.75e-06	65.8	7962	N/A
72_8_1281_42465_29324/1	gi|685042161|emb|LN590686.1|	95.238	42	0	2	14	53	12304839	12304798	4.75e-06	65.8	7962	N/A
72_8_1281_42465_29324/1	gi|685042161|emb|LN590686.1|	90.385	52	2	3	4	53	17091837	17091887	4.75e-06	65.8	7962	N/A
72_8_1281_42465_29324/1	gi|685042161|emb|LN590686.1|	95.238	42	0	2	14	53	28125760	28125801	4.75e-06	65.8	7962	N/A
72_8_1281_42465_29324/1	gi|685042161|emb|LN590686.1|	94.872	39	0	2	17	53	12436830	12436868	2.21e-04	60.2	7962	N/A
72_8_1281_42465_29324/1	gi|2557643774|emb|OY673254.1|	95.652	46	2	0	14	59	21732	21777	7.90e-09	75.0	2697049	N/A
72_8_1281_42465_29324/1	gi|2463378371|dbj|AP027461.1|	95.652	46	2	0	14	59	1299632	1299677	7.90e-09	75.0	511145	N/A
72_8_1281_42465_29324/1	gi|2463378371|dbj|AP027461.1|	95.652	46	2	0	14	59	1628404	1628359	7.90e-09	75.0	511145	N/A
72_8_2441_33879_24575/1	gi|2978724457|gb|PV611058.1|	88.550	131	7	7	2	132	295322	295444	3.55e-32	152	3421660	N/A
72_8_2441_33879_24575/1	gi|2978724457|gb|PV611058.1|	89.831	59	2	3	2	57	295785	295842	2.84e-08	73.1	3421660	N/A
72_8_2441_33879_24575/1	gi|2557643774|emb|OY673254.1|	95.349	43	2	0	2	44	21733	21775	3.67e-07	69.4	2697049	N/A
72_8_2441_33879_24575/1	gi|2463378371|dbj|AP027461.1|	95.349	43	2	0	2	44	1299633	1299675	3.67e-07	69.4	511145	N/A
72_8_2441_33879_24575/1	gi|2463378371|dbj|AP027461.1|	95.349	43	2	0	2	44	1628403	1628361	3.67e-07	69.4	511145	N/A
72_8_2441_33879_24575/1	gi|2165834303|emb|OV196009.1|	97.436	39	1	0	2	40	114	76	1.32e-06	67.6	2697049	N/A
72_8_2441_33879_24575/1	gi|2165834303|emb|OV196009.1|	97.436	39	1	0	2	40	29913	29951	1.32e-06	67.6	2697049	N/A
72_8_2441_33879_24575/1	gi|2155043183|emb|OV015804.1|	100.000	36	0	0	2	37	29946	29911	1.32e-06	67.6	2697049	N/A
72_8_2394_23917_18426/1	gi|2978724457|gb|PV611058.1|	94.488	127	1	5	14	137	295321	295444	7.51e-44	191	3421660	N/A
72_8_2394_23917_18426/1	gi|2978724457|gb|PV611058.1|	91.667	60	1	3	14	70	295784	295842	1.70e-10	80.5	3421660	N/A
72_8_2394_23917_18426/1	gi|2830983252|gb|CP170844.1|	82.292	96	14	2	13	106	4083424	4083330	1.70e-10	80.5	573	N/A
72_8_2394_23917_18426/1	gi|2557643774|emb|OY673254.1|	95.652	46	2	0	14	59	21732	21777	7.90e-09	75.0	2697049	N/A
72_8_2394_23917_18426/1	gi|2463378371|dbj|AP027461.1|	95.652	46	2	0	14	59	1299632	1299677	7.90e-09	75.0	511145	N/A
72_8_2394_23917_18426/1	gi|2463378371|dbj|AP027461.1|	95.652	46	2	0	14	59	1628404	1628359	7.90e-09	75.0	511145	N/A
72_8_2394_23917_18426/1	gi|2924925013|gb|PQ571295.1|	100.000	39	0	0	10	48	225	263	2.84e-08	73.1	3385244	N/A
72_8_1208_30221_1098/1	gi|2978724457|gb|PV611058.1|	93.233	133	3	5	3	132	295315	295444	7.51e-44	191	3421660	N/A
72_8_1208_30221_1098/1	gi|2978724457|gb|PV611058.1|	89.394	66	3	3	3	65	295778	295842	1.70e-10	80.5	3421660	N/A
72_8_1208_30221_1098/1	gi|2557643774|emb|OY673254.1|	95.652	46	2	0	9	54	21732	21777	7.90e-09	75.0	2697049	N/A
72_8_1208_30221_1098/1	gi|2463378371|dbj|AP027461.1|	95.652	46	2	0	9	54	1299632	1299677	7.90e-09	75.0	511145	N/A
72_8_1208_30221_1098/1	gi|2463378371|dbj|AP027461.1|	95.652	46	2	0	9	54	1628404	1628359	7.90e-09	75.0	511145	N/A
72_8_1208_30221_1098/1	gi|2165836832|emb|OV197136.1|	94.000	50	1	2	6	54	119	71	7.90e-09	75.0	2697049	N/A
72_8_1208_30221_1098/1	gi|2830983252|gb|CP170844.1|	100.000	36	0	0	7	42	4083425	4083390	1.32e-06	67.6	573	N/A
72_8_1142_43039_18160/1	gi|2978724457|gb|PV611058.1|	92.188	128	4	5	13	137	295320	295444	2.10e-39	176	3421660	N/A
72_8_1142_43039_18160/1	gi|2978724457|gb|PV611058.1|	91.803	61	1	3	13	70	295783	295842	4.72e-11	82.4	3421660	N/A
72_8_1142_43039_18160/1	gi|2830983252|gb|CP170844.1|	87.234	94	8	2	14	103	4083423	4083330	1.01e-17	104	573	N/A
72_8_1142_43039_18160/1	gi|685047827|emb|LN596339.1|	96.000	50	0	2	6	53	601778	601827	1.70e-10	80.5	7962	N/A
72_8_1142_43039_18160/1	gi|685042185|emb|LN590710.1|	95.833	48	0	2	8	53	10218497	10218544	2.20e-09	76.8	7962	N/A
72_8_1142_43039_18160/1	gi|685042185|emb|LN590710.1|	95.556	45	0	2	11	53	3790455	3790411	1.02e-07	71.3	7962	N/A
72_8_1142_43039_18160/1	gi|685042185|emb|LN590710.1|	95.556	45	0	2	11	53	6008691	6008735	1.02e-07	71.3	7962	N/A
72_8_1142_43039_18160/1	gi|685042185|emb|LN590710.1|	93.333	45	1	2	4	47	9162079	9162122	4.75e-06	65.8	7962	N/A
72_8_1142_43039_18160/1	gi|2557643774|emb|OY673254.1|	95.652	46	2	0	14	59	21732	21777	7.90e-09	75.0	2697049	N/A
72_8_2224_18220_7051/1	gi|2978724457|gb|PV611058.1|	88.189	127	8	6	11	137	295323	295442	5.93e-30	145	3421660	N/A
72_8_2224_18220_7051/1	gi|2978724457|gb|PV611058.1|	87.931	58	2	4	11	64	295786	295842	1.71e-05	63.9	3421660	N/A
72_8_2224_18220_7051/1	gi|2830983252|gb|CP170844.1|	81.818	99	12	5	7	102	4083425	4083330	6.10e-10	78.7	573	N/A
72_8_2224_18220_7051/1	gi|2165834303|emb|OV196009.1|	97.674	43	1	0	6	48	118	76	7.90e-09	75.0	2697049	N/A
72_8_2224_18220_7051/1	gi|2165834303|emb|OV196009.1|	97.561	41	1	0	8	48	29911	29951	1.02e-07	71.3	2697049	N/A
72_8_2224_18220_7051/1	gi|2165836382|emb|OV196890.1|	97.436	39	1	0	6	44	120	82	1.32e-06	67.6	2697049	N/A
72_8_2224_18220_7051/1	gi|2165835005|emb|OV196273.1|	91.837	49	2	2	6	53	115	68	1.32e-06	67.6	2697049	N/A
72_8_1449_26175_12921/1	gi|2978724457|gb|PV611058.1|	89.474	133	2	5	5	134	295321	295444	7.62e-34	158	3421660	N/A
72_8_1449_26175_12921/1	gi|2978724457|gb|PV611058.1|	90.164	61	2	3	5	62	295784	295843	2.20e-09	76.8	3421660	N/A
72_8_1449_26175_12921/1	gi|2830983252|gb|CP170844.1|	89.474	95	7	2	4	95	4083424	4083330	1.29e-21	117	573	N/A
72_8_1449_26175_12921/1	gi|2557643774|emb|OY673254.1|	93.478	46	3	0	5	50	21732	21777	3.67e-07	69.4	2697049	N/A
72_8_1449_26175_12921/1	gi|2463378371|dbj|AP027461.1|	93.478	46	3	0	5	50	1299632	1299677	3.67e-07	69.4	511145	N/A
72_8_1449_26175_12921/1	gi|2463378371|dbj|AP027461.1|	93.478	46	3	0	5	50	1628404	1628359	3.67e-07	69.4	511145	N/A
72_8_1449_26175_12921/1	gi|2755084441|gb|PP943425.1|	91.667	48	2	2	3	49	67589	67635	4.75e-06	65.8	10258	N/A
72_8_1449_26175_12921/1	gi|2755084441|gb|PP943425.1|	91.489	47	2	2	5	50	67825	67780	1.71e-05	63.9	10258	N/A
72_8_1291_21409_10189/1	gi|2978724457|gb|PV611058.1|	96.032	126	1	3	8	130	295320	295444	3.47e-47	202	3421660	N/A
72_8_1291_21409_10189/1	gi|2978724457|gb|PV611058.1|	91.803	61	1	3	8	65	295783	295842	4.72e-11	82.4	3421660	N/A
72_8_1291_21409_10189/1	gi|2557643774|emb|OY673254.1|	95.652	46	2	0	9	54	21732	21777	7.90e-09	75.0	2697049	N/A
72_8_1291_21409_10189/1	gi|2557638192|emb|OY694677.1|	94.000	50	1	2	6	54	4298	4346	7.90e-09	75.0	2697049	N/A
72_8_1291_21409_10189/1	gi|2463378371|dbj|AP027461.1|	95.652	46	2	0	9	54	1299632	1299677	7.90e-09	75.0	511145	N/A
72_8_1291_21409_10189/1	gi|2463378371|dbj|AP027461.1|	95.652	46	2	0	9	54	1628404	1628359	7.90e-09	75.0	511145	N/A
72_8_1291_21409_10189/1	gi|2830983252|gb|CP170844.1|	81.915	94	5	2	9	90	4083423	4083330	3.67e-07	69.4	573	N/A
72_8_1418_50500_25416/1	gi|2978724457|gb|PV611058.1|	94.615	130	1	5	10	136	295318	295444	1.61e-45	196	3421660	N/A
72_8_1418_50500_25416/1	gi|2978724457|gb|PV611058.1|	90.625	64	1	4	10	70	295781	295842	1.70e-10	80.5	3421660	N/A
72_8_1418_50500_25416/1	gi|2557643774|emb|OY673254.1|	91.379	58	4	1	2	58	21720	21777	6.10e-10	78.7	2697049	N/A
72_8_1418_50500_25416/1	gi|685042175|emb|LN590700.1|	94.231	52	1	2	4	53	14033950	14033899	6.10e-10	78.7	7962	N/A
72_8_1418_50500_25416/1	gi|685042175|emb|LN590700.1|	95.238	42	0	2	13	52	15778538	15778579	4.75e-06	65.8	7962	N/A
72_8_1418_50500_25416/1	gi|2830983252|gb|CP170844.1|	82.105	95	12	3	13	103	4083423	4083330	2.20e-09	76.8	573	N/A
72_8_1418_50500_25416/1	gi|2565360070|emb|OY632882.1|	100.000	40	0	0	8	47	22461	22500	7.90e-09	75.0	2697049	N/A
72_8_1333_35554_15260/1	gi|2978724457|gb|PV611058.1|	89.394	132	3	5	9	137	295321	295444	2.74e-33	156	3421660	N/A
72_8_1333_35554_15260/1	gi|2978724457|gb|PV611058.1|	90.000	60	2	3	9	65	295784	295842	7.90e-09	75.0	3421660	N/A
72_8_1333_35554_15260/1	gi|2830983252|gb|CP170844.1|	88.776	98	6	4	7	101	4083425	4083330	4.65e-21	115	573	N/A
72_8_1333_35554_15260/1	gi|2557643774|emb|OY673254.1|	93.478	46	3	0	9	54	21732	21777	3.67e-07	69.4	2697049	N/A
72_8_1333_35554_15260/1	gi|2463378371|dbj|AP027461.1|	93.478	46	3	0	9	54	1299632	1299677	3.67e-07	69.4	511145	N/A
72_8_1333_35554_15260/1	gi|2463378371|dbj|AP027461.1|	93.478	46	3	0	9	54	1628404	1628359	3.67e-07	69.4	511145	N/A
72_8_1333_35554_15260/1	gi|2165836832|emb|OV197136.1|	91.837	49	2	2	7	54	118	71	1.32e-06	67.6	2697049	N/A
72_8_1409_27623_12851/1	gi|2978724457|gb|PV611058.1|	92.593	135	2	7	3	134	295315	295444	9.72e-43	187	3421660	N/A
72_8_1409_27623_12851/1	gi|2978724457|gb|PV611058.1|	89.552	67	2	4	3	66	295778	295842	1.70e-10	80.5	3421660	N/A
72_8_1409_27623_12851/1	gi|2557643774|emb|OY673254.1|	95.652	46	2	0	10	55	21732	21777	7.90e-09	75.0	2697049	N/A
72_8_1409_27623_12851/1	gi|2463378371|dbj|AP027461.1|	95.652	46	2	0	10	55	1299632	1299677	7.90e-09	75.0	511145	N/A
72_8_1409_27623_12851/1	gi|2463378371|dbj|AP027461.1|	95.652	46	2	0	10	55	1628404	1628359	7.90e-09	75.0	511145	N/A
72_8_1409_27623_12851/1	gi|685042206|emb|LN590731.1|	94.000	50	1	2	3	50	347603	347652	7.90e-09	75.0	7962	N/A
72_8_1409_27623_12851/1	gi|2830983252|gb|CP170844.1|	100.000	34	0	0	10	43	4083423	4083390	1.71e-05	63.9	573	N/A
72_8_2437_31945_13159/1	gi|2978724457|gb|PV611058.1|	93.077	130	1	7	9	135	295320	295444	1.26e-41	183	3421660	N/A
72_8_2437_31945_13159/1	gi|2978724457|gb|PV611058.1|	91.803	61	1	3	9	66	295783	295842	4.72e-11	82.4	3421660	N/A
72_8_2437_31945_13159/1	gi|2830983252|gb|CP170844.1|	84.211	95	12	2	10	102	4083423	4083330	2.82e-13	89.8	573	N/A
72_8_2437_31945_13159/1	gi|2557643774|emb|OY673254.1|	95.652	46	2	0	10	55	21732	21777	7.90e-09	75.0	2697049	N/A
72_8_2437_31945_13159/1	gi|2557638192|emb|OY694677.1|	94.000	50	1	2	7	55	4298	4346	7.90e-09	75.0	2697049	N/A
72_8_2437_31945_13159/1	gi|2463378371|dbj|AP027461.1|	95.652	46	2	0	10	55	1299632	1299677	7.90e-09	75.0	511145	N/A
72_8_2437_31945_13159/1	gi|2463378371|dbj|AP027461.1|	95.652	46	2	0	10	55	1628404	1628359	7.90e-09	75.0	511145	N/A
72_8_2269_43298_9643/1	gi|2978724457|gb|PV611058.1|	91.603	131	6	4	10	137	295316	295444	2.10e-39	176	3421660	N/A
72_8_2269_43298_9643/1	gi|2978724457|gb|PV611058.1|	90.769	65	2	3	10	71	295779	295842	1.31e-11	84.2	3421660	N/A
72_8_2269_43298_9643/1	gi|2830983252|gb|CP170844.1|	87.234	94	8	2	15	104	4083423	4083330	1.01e-17	104	573	N/A
72_8_2269_43298_9643/1	gi|685042161|emb|LN590686.1|	94.231	52	0	3	5	54	20813821	20813871	2.20e-09	76.8	7962	N/A
72_8_2269_43298_9643/1	gi|685042161|emb|LN590686.1|	95.455	44	0	2	13	54	6380192	6380235	3.67e-07	69.4	7962	N/A
72_8_2269_43298_9643/1	gi|685042161|emb|LN590686.1|	95.238	42	0	2	15	54	4545831	4545872	4.75e-06	65.8	7962	N/A
72_8_2269_43298_9643/1	gi|685042161|emb|LN590686.1|	95.238	42	0	2	15	54	12304839	12304798	4.75e-06	65.8	7962	N/A
72_8_2269_43298_9643/1	gi|685042161|emb|LN590686.1|	95.238	42	0	2	15	54	17091846	17091887	4.75e-06	65.8	7962	N/A
72_8_2269_43298_9643/1	gi|685042161|emb|LN590686.1|	95.238	42	0	2	15	54	28125760	28125801	4.75e-06	65.8	7962	N/A
72_8_2269_43298_9643/1	gi|685042161|emb|LN590686.1|	94.872	39	0	2	18	54	12436830	12436868	2.21e-04	60.2	7962	N/A
72_8_2269_43298_9643/1	gi|2557643774|emb|OY673254.1|	95.652	46	2	0	15	60	21732	21777	7.90e-09	75.0	2697049	N/A
72_8_2269_43298_9643/1	gi|2463378371|dbj|AP027461.1|	93.878	49	3	0	12	60	1299629	1299677	7.90e-09	75.0	511145	N/A
72_8_2269_43298_9643/1	gi|2463378371|dbj|AP027461.1|	95.652	46	2	0	15	60	1628404	1628359	7.90e-09	75.0	511145	N/A
72_8_1349_48704_14686/1	gi|2978724457|gb|PV611058.1|	93.701	127	1	6	2	125	295322	295444	1.26e-41	183	3421660	N/A
72_8_1349_48704_14686/1	gi|2978724457|gb|PV611058.1|	91.525	59	1	3	2	57	295785	295842	6.10e-10	78.7	3421660	N/A
72_8_1349_48704_14686/1	gi|2830983252|gb|CP170844.1|	82.979	94	13	2	2	93	4083422	4083330	4.72e-11	82.4	573	N/A
72_8_1349_48704_14686/1	gi|2557643774|emb|OY673254.1|	95.556	45	2	0	2	46	21733	21777	2.84e-08	73.1	2697049	N/A
72_8_1349_48704_14686/1	gi|2463378371|dbj|AP027461.1|	95.556	45	2	0	2	46	1299633	1299677	2.84e-08	73.1	511145	N/A
72_8_1349_48704_14686/1	gi|2463378371|dbj|AP027461.1|	95.556	45	2	0	2	46	1628403	1628359	2.84e-08	73.1	511145	N/A
72_8_1349_48704_14686/1	gi|2755084441|gb|PP943425.1|	93.478	46	1	2	2	46	67824	67780	1.32e-06	67.6	10258	N/A
72_8_1349_48704_14686/1	gi|2755084441|gb|PP943425.1|	93.333	45	1	2	2	45	67592	67635	4.75e-06	65.8	10258	N/A
72_8_2195_24387_21647/1	gi|2978724457|gb|PV611058.1|	96.000	125	1	3	14	135	295321	295444	1.25e-46	200	3421660	N/A
72_8_2195_24387_21647/1	gi|2978724457|gb|PV611058.1|	91.667	60	1	3	14	70	295784	295842	1.70e-10	80.5	3421660	N/A
72_8_2195_24387_21647/1	gi|2557643774|emb|OY673254.1|	95.652	46	2	0	14	59	21732	21777	7.90e-09	75.0	2697049	N/A
72_8_2195_24387_21647/1	gi|2463378371|dbj|AP027461.1|	93.878	49	3	0	11	59	1299629	1299677	7.90e-09	75.0	511145	N/A
72_8_2195_24387_21647/1	gi|2463378371|dbj|AP027461.1|	95.652	46	2	0	14	59	1628404	1628359	7.90e-09	75.0	511145	N/A
72_8_2195_24387_21647/1	gi|685049067|emb|LN597579.1|	100.000	40	0	0	9	48	1397	1436	7.90e-09	75.0	7962	N/A
72_8_2195_24387_21647/1	gi|2830983252|gb|CP170844.1|	81.915	94	5	2	14	95	4083423	4083330	3.67e-07	69.4	573	N/A
72_8_1257_26021_6127/1	gi|2978724457|gb|PV611058.1|	90.840	131	7	4	10	137	295316	295444	9.79e-38	171	3421660	N/A
72_8_1257_26021_6127/1	gi|2978724457|gb|PV611058.1|	90.769	65	2	3	10	71	295779	295842	1.31e-11	84.2	3421660	N/A
72_8_1257_26021_6127/1	gi|2830983252|gb|CP170844.1|	88.421	95	8	2	14	105	4083424	4083330	6.02e-20	111	573	N/A
72_8_1257_26021_6127/1	gi|2557643774|emb|OY673254.1|	95.652	46	2	0	15	60	21732	21777	7.90e-09	75.0	2697049	N/A
72_8_1257_26021_6127/1	gi|2463378371|dbj|AP027461.1|	95.652	46	2	0	15	60	1299632	1299677	7.90e-09	75.0	511145	N/A
72_8_1257_26021_6127/1	gi|2463378371|dbj|AP027461.1|	95.652	46	2	0	15	60	1628404	1628359	7.90e-09	75.0	511145	N/A
72_8_1257_26021_6127/1	gi|2557649546|emb|OY678249.1|	100.000	39	0	0	11	49	10396	10434	2.84e-08	73.1	2697049	N/A
72_8_2296_35869_6897/1	gi|2978724457|gb|PV611058.1|	95.200	125	2	3	16	137	295321	295444	5.81e-45	195	3421660	N/A
72_8_2296_35869_6897/1	gi|2978724457|gb|PV611058.1|	91.667	60	1	3	16	72	295784	295842	1.70e-10	80.5	3421660	N/A
72_8_2296_35869_6897/1	gi|2830983252|gb|CP170844.1|	83.158	95	8	2	15	101	4083424	4083330	1.70e-10	80.5	573	N/A
72_8_2296_35869_6897/1	gi|685045708|emb|LN594233.1|	94.340	53	1	2	5	55	80414	80362	1.70e-10	80.5	7962	N/A
72_8_2296_35869_6897/1	gi|2557643774|emb|OY673254.1|	95.652	46	2	0	16	61	21732	21777	7.90e-09	75.0	2697049	N/A
72_8_2296_35869_6897/1	gi|2463378371|dbj|AP027461.1|	95.652	46	2	0	16	61	1299632	1299677	7.90e-09	75.0	511145	N/A
72_8_2296_35869_6897/1	gi|2463378371|dbj|AP027461.1|	95.652	46	2	0	16	61	1628404	1628359	7.90e-09	75.0	511145	N/A
72_8_2130_44504_15456/1	gi|2978724457|gb|PV611058.1|	89.600	125	9	3	16	137	295321	295444	2.74e-33	156	3421660	N/A
72_8_2130_44504_15456/1	gi|2978724457|gb|PV611058.1|	91.667	60	1	3	16	72	295784	295842	1.70e-10	80.5	3421660	N/A
72_8_2130_44504_15456/1	gi|2830983252|gb|CP170844.1|	90.426	94	7	1	16	107	4083423	4083330	2.78e-23	122	573	N/A
72_8_2130_44504_15456/1	gi|2557643774|emb|OY673254.1|	95.652	46	2	0	16	61	21732	21777	7.90e-09	75.0	2697049	N/A
72_8_2130_44504_15456/1	gi|2463378371|dbj|AP027461.1|	93.878	49	3	0	13	61	1299629	1299677	7.90e-09	75.0	511145	N/A
72_8_2130_44504_15456/1	gi|2463378371|dbj|AP027461.1|	95.652	46	2	0	16	61	1628404	1628359	7.90e-09	75.0	511145	N/A
72_8_2130_44504_15456/1	gi|685049067|emb|LN597579.1|	100.000	40	0	0	11	50	1397	1436	7.90e-09	75.0	7962	N/A
72_8_2427_18050_13425/1	gi|2978724457|gb|PV611058.1|	92.188	64	1	3	71	131	295320	295382	1.01e-12	87.9	3421660	N/A
72_8_2427_18050_13425/1	gi|2978724457|gb|PV611058.1|	91.803	61	1	3	71	128	295783	295842	4.72e-11	82.4	3421660	N/A
72_8_2427_18050_13425/1	gi|685042175|emb|LN590700.1|	94.118	51	1	2	64	112	14033949	14033899	2.20e-09	76.8	7962	N/A
72_8_2427_18050_13425/1	gi|685042175|emb|LN590700.1|	95.238	42	0	2	72	111	15778538	15778579	4.75e-06	65.8	7962	N/A
72_8_2427_18050_13425/1	gi|2557643774|emb|OY673254.1|	95.652	46	2	0	72	117	21732	21777	7.90e-09	75.0	2697049	N/A
72_8_2427_18050_13425/1	gi|2463378371|dbj|AP027461.1|	95.652	46	2	0	72	117	1299632	1299677	7.90e-09	75.0	511145	N/A
72_8_2427_18050_13425/1	gi|2463378371|dbj|AP027461.1|	95.652	46	2	0	72	117	1628404	1628359	7.90e-09	75.0	511145	N/A
72_8_2427_18050_13425/1	gi|2991388621|dbj|AP040934.1|	97.619	42	1	0	66	107	146943	146984	2.84e-08	73.1	562	N/A
72_8_2427_18050_13425/1	gi|2991388621|dbj|AP040934.1|	93.617	47	1	2	61	107	4900959	4900915	3.67e-07	69.4	562	N/A
72_8_2339_20260_18566/1	gi|2557638192|emb|OY694677.1|	92.500	40	1	2	1	39	4308	4346	0.003	56.5	2697049	N/A
72_8_2339_20260_18566/1	gi|2165834303|emb|OV196009.1|	92.308	39	3	0	1	39	108	70	0.003	56.5	2697049	N/A
72_8_2339_20260_18566/1	gi|2165834303|emb|OV196009.1|	96.970	33	1	0	1	33	29919	29951	0.003	56.5	2697049	N/A
72_8_2339_20260_18566/1	gi|2155043183|emb|OV015804.1|	100.000	30	0	0	1	30	29940	29911	0.003	56.5	2697049	N/A
72_8_2339_20260_18566/1	gi|2991388636|dbj|AP040949.1|	100.000	29	0	0	1	29	3527645	3527673	0.010	54.7	573	N/A
72_8_2339_20260_18566/1	gi|2991388621|dbj|AP040934.1|	100.000	29	0	0	1	29	146956	146984	0.010	54.7	562	N/A
72_8_2339_20260_18566/1	gi|2991388621|dbj|AP040934.1|	100.000	29	0	0	1	29	4900943	4900915	0.010	54.7	562	N/A
72_8_2297_23739_27251/1	gi|2155043183|emb|OV015804.1|	100.000	28	0	0	2	29	29938	29911	0.037	52.8	2697049	N/A
72_8_2213_3978_1784/1	gi|2978724457|gb|PV611058.1|	92.063	126	5	4	15	137	295321	295444	2.72e-38	172	3421660	N/A
72_8_2213_3978_1784/1	gi|2978724457|gb|PV611058.1|	91.667	60	1	3	15	71	295784	295842	1.70e-10	80.5	3421660	N/A
72_8_2213_3978_1784/1	gi|2830983252|gb|CP170844.1|	87.234	94	9	2	15	105	4083423	4083330	1.01e-17	104	573	N/A
72_8_2213_3978_1784/1	gi|2557643774|emb|OY673254.1|	95.652	46	2	0	15	60	21732	21777	7.90e-09	75.0	2697049	N/A
72_8_2213_3978_1784/1	gi|2463378371|dbj|AP027461.1|	93.878	49	3	0	12	60	1299629	1299677	7.90e-09	75.0	511145	N/A
72_8_2213_3978_1784/1	gi|2463378371|dbj|AP027461.1|	95.652	46	2	0	15	60	1628404	1628359	7.90e-09	75.0	511145	N/A
72_8_2213_3978_1784/1	gi|685049067|emb|LN597579.1|	100.000	40	0	0	10	49	1397	1436	7.90e-09	75.0	7962	N/A
72_8_1397_21214_10581/1	gi|2978724457|gb|PV611058.1|	96.154	130	1	3	9	135	295316	295444	2.07e-49	209	3421660	N/A
72_8_1397_21214_10581/1	gi|2978724457|gb|PV611058.1|	92.308	65	1	3	9	70	295779	295842	2.82e-13	89.8	3421660	N/A
72_8_1397_21214_10581/1	gi|685042161|emb|LN590686.1|	94.231	52	0	3	4	53	20813821	20813871	2.20e-09	76.8	7962	N/A
72_8_1397_21214_10581/1	gi|685042161|emb|LN590686.1|	93.617	47	0	3	10	53	6380189	6380235	1.32e-06	67.6	7962	N/A
72_8_1397_21214_10581/1	gi|685042161|emb|LN590686.1|	95.238	42	0	2	14	53	4545831	4545872	4.75e-06	65.8	7962	N/A
72_8_1397_21214_10581/1	gi|685042161|emb|LN590686.1|	95.238	42	0	2	14	53	12304839	12304798	4.75e-06	65.8	7962	N/A
72_8_1397_21214_10581/1	gi|685042161|emb|LN590686.1|	95.238	42	0	2	14	53	17091846	17091887	4.75e-06	65.8	7962	N/A
72_8_1397_21214_10581/1	gi|685042161|emb|LN590686.1|	95.238	42	0	2	14	53	28125760	28125801	4.75e-06	65.8	7962	N/A
72_8_1397_21214_10581/1	gi|685042161|emb|LN590686.1|	94.872	39	0	2	17	53	12436830	12436868	2.21e-04	60.2	7962	N/A
72_8_1397_21214_10581/1	gi|2557643774|emb|OY673254.1|	95.652	46	2	0	14	59	21732	21777	7.90e-09	75.0	2697049	N/A
72_8_1397_21214_10581/1	gi|2463378371|dbj|AP027461.1|	95.652	46	2	0	14	59	1299632	1299677	7.90e-09	75.0	511145	N/A
72_8_1397_21214_10581/1	gi|2463378371|dbj|AP027461.1|	95.652	46	2	0	14	59	1628404	1628359	7.90e-09	75.0	511145	N/A
72_8_1397_21214_10581/1	gi|2830983252|gb|CP170844.1|	81.915	94	5	2	14	95	4083423	4083330	3.67e-07	69.4	573	N/A
72_8_1456_34308_15456/1	gi|2978724457|gb|PV611058.1|	87.879	99	8	3	42	137	295321	295418	1.67e-20	113	3421660	N/A
72_8_1456_34308_15456/1	gi|2978724457|gb|PV611058.1|	91.379	58	1	3	42	96	295784	295840	2.20e-09	76.8	3421660	N/A
72_8_1456_34308_15456/1	gi|2830983252|gb|CP170844.1|	87.234	94	10	1	42	133	4083423	4083330	2.80e-18	106	573	N/A
72_8_1456_34308_15456/1	gi|2557643774|emb|OY673254.1|	95.652	46	2	0	42	87	21732	21777	7.90e-09	75.0	2697049	N/A
72_8_1456_34308_15456/1	gi|2463378371|dbj|AP027461.1|	95.652	46	2	0	42	87	1299632	1299677	7.90e-09	75.0	511145	N/A
72_8_1456_34308_15456/1	gi|2463378371|dbj|AP027461.1|	95.652	46	2	0	42	87	1628404	1628359	7.90e-09	75.0	511145	N/A
72_8_1456_34308_15456/1	gi|2991388636|dbj|AP040949.1|	100.000	39	0	0	39	77	3527635	3527673	2.84e-08	73.1	573	N/A
72_8_2195_26992_12206/1	gi|2978724457|gb|PV611058.1|	96.000	125	1	3	15	136	295321	295444	1.25e-46	200	3421660	N/A
72_8_2195_26992_12206/1	gi|2978724457|gb|PV611058.1|	91.667	60	1	3	15	71	295784	295842	1.70e-10	80.5	3421660	N/A
72_8_2195_26992_12206/1	gi|2557643774|emb|OY673254.1|	95.652	46	2	0	15	60	21732	21777	7.90e-09	75.0	2697049	N/A
72_8_2195_26992_12206/1	gi|2463378371|dbj|AP027461.1|	95.652	46	2	0	15	60	1299632	1299677	7.90e-09	75.0	511145	N/A
72_8_2195_26992_12206/1	gi|2463378371|dbj|AP027461.1|	95.652	46	2	0	15	60	1628404	1628359	7.90e-09	75.0	511145	N/A
72_8_2195_26992_12206/1	gi|2165836832|emb|OV197136.1|	92.593	54	1	3	8	60	122	71	7.90e-09	75.0	2697049	N/A
72_8_2195_26992_12206/1	gi|2830983252|gb|CP170844.1|	82.292	96	5	2	13	96	4083425	4083330	2.84e-08	73.1	573	N/A
72_8_1250_13252_9461/1	gi|2978724457|gb|PV611058.1|	89.844	128	6	4	13	137	295321	295444	7.62e-34	158	3421660	N/A
72_8_1250_13252_9461/1	gi|2978724457|gb|PV611058.1|	91.667	60	1	3	13	69	295784	295842	1.70e-10	80.5	3421660	N/A
72_8_1250_13252_9461/1	gi|2830983252|gb|CP170844.1|	89.474	95	7	2	13	105	4083423	4083330	1.29e-21	117	573	N/A
72_8_1250_13252_9461/1	gi|2557643774|emb|OY673254.1|	95.652	46	2	0	13	58	21732	21777	7.90e-09	75.0	2697049	N/A
72_8_1250_13252_9461/1	gi|2463378371|dbj|AP027461.1|	93.878	49	3	0	10	58	1299629	1299677	7.90e-09	75.0	511145	N/A
72_8_1250_13252_9461/1	gi|2463378371|dbj|AP027461.1|	95.652	46	2	0	13	58	1628404	1628359	7.90e-09	75.0	511145	N/A
72_8_1250_13252_9461/1	gi|685047827|emb|LN596339.1|	94.000	50	1	2	5	52	601778	601827	7.90e-09	75.0	7962	N/A
72_8_2252_15016_23553/1	gi|2978724457|gb|PV611058.1|	92.969	128	2	5	13	137	295321	295444	1.63e-40	180	3421660	N/A
72_8_2252_15016_23553/1	gi|2978724457|gb|PV611058.1|	91.667	60	1	3	13	69	295784	295842	1.70e-10	80.5	3421660	N/A
72_8_2252_15016_23553/1	gi|2830983252|gb|CP170844.1|	86.170	94	10	2	13	103	4083423	4083330	4.68e-16	99.0	573	N/A
72_8_2252_15016_23553/1	gi|2557643774|emb|OY673254.1|	95.652	46	2	0	13	58	21732	21777	7.90e-09	75.0	2697049	N/A
72_8_2252_15016_23553/1	gi|2463378371|dbj|AP027461.1|	95.652	46	2	0	13	58	1299632	1299677	7.90e-09	75.0	511145	N/A
72_8_2252_15016_23553/1	gi|2463378371|dbj|AP027461.1|	95.652	46	2	0	13	58	1628404	1628359	7.90e-09	75.0	511145	N/A
72_8_2252_15016_23553/1	gi|685042206|emb|LN590731.1|	94.000	50	1	2	6	53	347603	347652	7.90e-09	75.0	7962	N/A
72_8_1230_3865_15512/1	gi|2978724457|gb|PV611058.1|	87.200	125	12	3	16	137	295321	295444	2.76e-28	139	3421660	N/A
72_8_1230_3865_15512/1	gi|2978724457|gb|PV611058.1|	91.667	60	1	3	16	72	295784	295842	1.70e-10	80.5	3421660	N/A
72_8_1230_3865_15512/1	gi|2830983252|gb|CP170844.1|	86.598	97	8	4	16	110	4083423	4083330	3.62e-17	102	573	N/A
72_8_1230_3865_15512/1	gi|685042185|emb|LN590710.1|	97.727	44	1	0	6	49	9162079	9162122	2.20e-09	76.8	7962	N/A
72_8_1230_3865_15512/1	gi|685042185|emb|LN590710.1|	95.238	42	0	2	16	55	3790452	3790411	4.75e-06	65.8	7962	N/A
72_8_1230_3865_15512/1	gi|685042185|emb|LN590710.1|	95.238	42	0	2	16	55	6008694	6008735	4.75e-06	65.8	7962	N/A
72_8_1230_3865_15512/1	gi|685042185|emb|LN590710.1|	95.238	42	0	2	16	55	10218503	10218544	4.75e-06	65.8	7962	N/A
72_8_1230_3865_15512/1	gi|2557643774|emb|OY673254.1|	95.652	46	2	0	16	61	21732	21777	7.90e-09	75.0	2697049	N/A
72_8_1230_3865_15512/1	gi|2463378371|dbj|AP027461.1|	95.652	46	2	0	16	61	1299632	1299677	7.90e-09	75.0	511145	N/A
72_8_1230_3865_15512/1	gi|2463378371|dbj|AP027461.1|	95.652	46	2	0	16	61	1628404	1628359	7.90e-09	75.0	511145	N/A
72_8_2223_28886_11002/1	gi|2978724457|gb|PV611058.1|	92.969	128	1	6	2	126	295322	295444	1.63e-40	180	3421660	N/A
72_8_2223_28886_11002/1	gi|2978724457|gb|PV611058.1|	91.667	60	1	3	2	58	295785	295843	1.70e-10	80.5	3421660	N/A
72_8_2223_28886_11002/1	gi|2830983252|gb|CP170844.1|	82.105	95	13	2	2	94	4083422	4083330	6.10e-10	78.7	573	N/A
72_8_2223_28886_11002/1	gi|2557643774|emb|OY673254.1|	95.556	45	2	0	2	46	21733	21777	2.84e-08	73.1	2697049	N/A
72_8_2223_28886_11002/1	gi|2463378371|dbj|AP027461.1|	95.556	45	2	0	2	46	1299633	1299677	2.84e-08	73.1	511145	N/A
72_8_2223_28886_11002/1	gi|2463378371|dbj|AP027461.1|	95.556	45	2	0	2	46	1628403	1628359	2.84e-08	73.1	511145	N/A
72_8_2223_28886_11002/1	gi|2755084441|gb|PP943425.1|	93.478	46	1	2	2	46	67824	67780	1.32e-06	67.6	10258	N/A
72_8_2223_28886_11002/1	gi|2755084441|gb|PP943425.1|	93.333	45	1	2	2	45	67592	67635	4.75e-06	65.8	10258	N/A
72_8_1130_17112_26116/1	gi|2978724457|gb|PV611058.1|	90.625	128	6	5	13	137	295320	295444	4.55e-36	165	3421660	N/A
72_8_1130_17112_26116/1	gi|2978724457|gb|PV611058.1|	91.803	61	1	3	13	70	295783	295842	4.72e-11	82.4	3421660	N/A
72_8_1130_17112_26116/1	gi|2830983252|gb|CP170844.1|	89.362	94	8	1	14	105	4083423	4083330	1.29e-21	117	573	N/A
72_8_1130_17112_26116/1	gi|2557643774|emb|OY673254.1|	91.379	58	4	1	3	59	21720	21777	6.10e-10	78.7	2697049	N/A
72_8_1130_17112_26116/1	gi|2710394916|tpg|BK066886.1|	97.778	45	0	1	4	47	29303	29347	2.20e-09	76.8	3116700	N/A
72_8_1130_17112_26116/1	gi|685042802|emb|LN591327.1|	94.231	52	0	3	4	53	61998	62048	2.20e-09	76.8	7962	N/A
72_8_2442_31572_3802/1	gi|2978724457|gb|PV611058.1|	92.800	125	5	3	16	137	295321	295444	5.85e-40	178	3421660	N/A
72_8_2442_31572_3802/1	gi|2978724457|gb|PV611058.1|	91.667	60	1	3	16	72	295784	295842	1.70e-10	80.5	3421660	N/A
72_8_2442_31572_3802/1	gi|2830983252|gb|CP170844.1|	86.316	95	10	2	15	106	4083424	4083330	1.30e-16	100	573	N/A
72_8_2442_31572_3802/1	gi|685047827|emb|LN596339.1|	91.525	59	1	4	1	55	601769	601827	6.10e-10	78.7	7962	N/A
72_8_2442_31572_3802/1	gi|685042175|emb|LN590700.1|	95.833	48	0	2	10	55	15778532	15778579	2.20e-09	76.8	7962	N/A
72_8_2442_31572_3802/1	gi|685042175|emb|LN590700.1|	95.349	43	0	2	16	56	14033941	14033899	1.32e-06	67.6	7962	N/A
72_8_2442_31572_3802/1	gi|2557643774|emb|OY673254.1|	95.652	46	2	0	16	61	21732	21777	7.90e-09	75.0	2697049	N/A
72_8_2329_31621_2485/1	gi|2978724457|gb|PV611058.1|	90.000	130	1	5	2	128	295324	295444	7.62e-34	158	3421660	N/A
72_8_2329_31621_2485/1	gi|2978724457|gb|PV611058.1|	91.228	57	1	3	2	55	295787	295842	7.90e-09	75.0	3421660	N/A
72_8_2329_31621_2485/1	gi|2830983252|gb|CP170844.1|	88.043	92	8	2	2	91	4083420	4083330	2.80e-18	106	573	N/A
72_8_2329_31621_2485/1	gi|2557643774|emb|OY673254.1|	95.349	43	2	0	2	44	21735	21777	3.67e-07	69.4	2697049	N/A
72_8_2329_31621_2485/1	gi|2463378371|dbj|AP027461.1|	95.349	43	2	0	2	44	1299635	1299677	3.67e-07	69.4	511145	N/A
72_8_2329_31621_2485/1	gi|2463378371|dbj|AP027461.1|	95.349	43	2	0	2	44	1628401	1628359	3.67e-07	69.4	511145	N/A
72_8_2329_31621_2485/1	gi|2755084441|gb|PP943425.1|	93.182	44	1	2	2	44	67822	67780	1.71e-05	63.9	10258	N/A
72_8_2329_31621_2485/1	gi|2755084441|gb|PP943425.1|	93.023	43	1	2	2	43	67594	67635	6.15e-05	62.1	10258	N/A
72_8_2263_34041_15666/1	gi|2978724457|gb|PV611058.1|	91.538	130	3	5	7	134	295321	295444	2.72e-38	172	3421660	N/A
72_8_2263_34041_15666/1	gi|2978724457|gb|PV611058.1|	90.000	60	2	3	7	63	295784	295842	7.90e-09	75.0	3421660	N/A
72_8_2263_34041_15666/1	gi|2830983252|gb|CP170844.1|	85.417	96	12	1	5	98	4083425	4083330	4.68e-16	99.0	573	N/A
72_8_2263_34041_15666/1	gi|685045157|emb|LN593682.1|	95.652	46	0	2	3	46	993866	993911	2.84e-08	73.1	7962	N/A
72_8_2263_34041_15666/1	gi|2165834303|emb|OV196009.1|	97.619	42	1	0	5	46	117	76	2.84e-08	73.1	2697049	N/A
72_8_2263_34041_15666/1	gi|2165834303|emb|OV196009.1|	97.561	41	1	0	6	46	29911	29951	1.02e-07	71.3	2697049	N/A
72_8_2263_34041_15666/1	gi|2557643774|emb|OY673254.1|	95.455	44	2	0	7	50	21732	21775	1.02e-07	71.3	2697049	N/A
72_8_1457_44067_26802/1	gi|2978724457|gb|PV611058.1|	93.750	128	1	6	3	127	295321	295444	3.50e-42	185	3421660	N/A
72_8_1457_44067_26802/1	gi|2978724457|gb|PV611058.1|	91.667	60	1	3	3	59	295784	295842	1.70e-10	80.5	3421660	N/A
72_8_1457_44067_26802/1	gi|2830983252|gb|CP170844.1|	85.263	95	11	2	2	93	4083424	4083330	6.06e-15	95.3	573	N/A
72_8_1457_44067_26802/1	gi|2557643774|emb|OY673254.1|	95.652	46	2	0	3	48	21732	21777	7.90e-09	75.0	2697049	N/A
72_8_1457_44067_26802/1	gi|2463378371|dbj|AP027461.1|	95.652	46	2	0	3	48	1299632	1299677	7.90e-09	75.0	511145	N/A
72_8_1457_44067_26802/1	gi|2463378371|dbj|AP027461.1|	95.652	46	2	0	3	48	1628404	1628359	7.90e-09	75.0	511145	N/A
72_8_1457_44067_26802/1	gi|2755084441|gb|PP943425.1|	93.750	48	1	2	1	47	67589	67635	1.02e-07	71.3	10258	N/A
72_8_1457_44067_26802/1	gi|2755084441|gb|PP943425.1|	93.617	47	1	2	3	48	67825	67780	3.67e-07	69.4	10258	N/A
72_8_2361_40239_6869/1	gi|2978724457|gb|PV611058.1|	88.800	125	10	3	16	137	295321	295444	1.28e-31	150	3421660	N/A
72_8_2361_40239_6869/1	gi|2978724457|gb|PV611058.1|	90.476	63	1	4	16	75	295784	295844	6.10e-10	78.7	3421660	N/A
72_8_2361_40239_6869/1	gi|2830983252|gb|CP170844.1|	89.362	94	7	2	16	106	4083423	4083330	4.65e-21	115	573	N/A
72_8_2361_40239_6869/1	gi|2557643774|emb|OY673254.1|	95.652	46	2	0	16	61	21732	21777	7.90e-09	75.0	2697049	N/A
72_8_2361_40239_6869/1	gi|2463378371|dbj|AP027461.1|	95.652	46	2	0	16	61	1299632	1299677	7.90e-09	75.0	511145	N/A
72_8_2361_40239_6869/1	gi|2463378371|dbj|AP027461.1|	95.652	46	2	0	16	61	1628404	1628359	7.90e-09	75.0	511145	N/A
72_8_2361_40239_6869/1	gi|685043901|emb|LN592426.1|	94.118	51	0	3	7	55	375099	375148	7.90e-09	75.0	7962	N/A
72_8_2354_6106_3732/1	gi|2978724457|gb|PV611058.1|	87.591	137	1	8	1	134	295321	295444	5.93e-30	145	3421660	N/A
72_8_2354_6106_3732/1	gi|2978724457|gb|PV611058.1|	90.476	63	1	4	1	60	295784	295844	6.10e-10	78.7	3421660	N/A
72_8_2354_6106_3732/1	gi|2830983252|gb|CP170844.1|	84.848	99	8	5	1	97	4083423	4083330	2.18e-14	93.5	573	N/A
72_8_2354_6106_3732/1	gi|2755084441|gb|PP943425.1|	82.979	94	11	5	1	93	67825	67736	1.70e-10	80.5	10258	N/A
72_8_2354_6106_3732/1	gi|2755084441|gb|PP943425.1|	93.478	46	1	2	1	45	67591	67635	1.32e-06	67.6	10258	N/A
72_8_2354_6106_3732/1	gi|2557643774|emb|OY673254.1|	95.652	46	2	0	1	46	21732	21777	7.90e-09	75.0	2697049	N/A
72_8_2354_6106_3732/1	gi|2463378371|dbj|AP027461.1|	95.652	46	2	0	1	46	1299632	1299677	7.90e-09	75.0	511145	N/A
72_8_2354_6106_3732/1	gi|2463378371|dbj|AP027461.1|	95.652	46	2	0	1	46	1628404	1628359	7.90e-09	75.0	511145	N/A
72_8_2471_14587_27769/1	gi|2978724457|gb|PV611058.1|	91.538	130	3	5	8	135	295321	295444	2.72e-38	172	3421660	N/A
72_8_2471_14587_27769/1	gi|2978724457|gb|PV611058.1|	91.667	60	3	2	8	65	295784	295843	4.72e-11	82.4	3421660	N/A
72_8_2471_14587_27769/1	gi|2830983252|gb|CP170844.1|	88.421	95	8	2	7	98	4083424	4083330	6.02e-20	111	573	N/A
72_8_2471_14587_27769/1	gi|2557643774|emb|OY673254.1|	95.652	46	2	0	8	53	21732	21777	7.90e-09	75.0	2697049	N/A
72_8_2471_14587_27769/1	gi|780644672|ref|XM_011690559.1|	97.619	42	1	0	4	45	1034	1075	2.84e-08	73.1	64793	N/A
72_8_2471_14587_27769/1	gi|2924925013|gb|PQ571295.1|	100.000	38	0	0	5	42	226	263	1.02e-07	71.3	3385244	N/A
72_8_1420_16691_1322/1	gi|2978724457|gb|PV611058.1|	92.126	127	4	4	14	137	295321	295444	7.57e-39	174	3421660	N/A
72_8_1420_16691_1322/1	gi|2978724457|gb|PV611058.1|	91.667	60	1	3	14	70	295784	295842	1.70e-10	80.5	3421660	N/A
72_8_1420_16691_1322/1	gi|2830983252|gb|CP170844.1|	85.263	95	11	2	14	106	4083423	4083330	6.06e-15	95.3	573	N/A
72_8_1420_16691_1322/1	gi|685042185|emb|LN590710.1|	97.727	44	1	0	4	47	9162079	9162122	2.20e-09	76.8	7962	N/A
72_8_1420_16691_1322/1	gi|685042185|emb|LN590710.1|	95.238	42	0	2	14	53	3790452	3790411	4.75e-06	65.8	7962	N/A
72_8_1420_16691_1322/1	gi|685042185|emb|LN590710.1|	95.238	42	0	2	14	53	6008694	6008735	4.75e-06	65.8	7962	N/A
72_8_1420_16691_1322/1	gi|685042185|emb|LN590710.1|	93.478	46	0	3	11	53	10218499	10218544	4.75e-06	65.8	7962	N/A
72_8_1420_16691_1322/1	gi|2557643774|emb|OY673254.1|	95.652	46	2	0	14	59	21732	21777	7.90e-09	75.0	2697049	N/A
72_8_1420_16691_1322/1	gi|2463378371|dbj|AP027461.1|	95.652	46	2	0	14	59	1299632	1299677	7.90e-09	75.0	511145	N/A
72_8_1420_16691_1322/1	gi|2463378371|dbj|AP027461.1|	95.652	46	2	0	14	59	1628404	1628359	7.90e-09	75.0	511145	N/A
72_8_2486_33830_14461/1	gi|2978724457|gb|PV611058.1|	93.651	126	3	4	15	137	295321	295444	1.26e-41	183	3421660	N/A
72_8_2486_33830_14461/1	gi|2978724457|gb|PV611058.1|	91.667	60	1	3	15	71	295784	295842	1.70e-10	80.5	3421660	N/A
72_8_2486_33830_14461/1	gi|2830983252|gb|CP170844.1|	85.417	96	11	2	13	105	4083425	4083330	1.69e-15	97.1	573	N/A
72_8_2486_33830_14461/1	gi|2557643774|emb|OY673254.1|	95.652	46	2	0	15	60	21732	21777	7.90e-09	75.0	2697049	N/A
72_8_2486_33830_14461/1	gi|2463378371|dbj|AP027461.1|	95.652	46	2	0	15	60	1299632	1299677	7.90e-09	75.0	511145	N/A
72_8_2486_33830_14461/1	gi|2463378371|dbj|AP027461.1|	95.652	46	2	0	15	60	1628404	1628359	7.90e-09	75.0	511145	N/A
72_8_2486_33830_14461/1	gi|2165836832|emb|OV197136.1|	92.593	54	1	3	8	60	122	71	7.90e-09	75.0	2697049	N/A
72_8_1119_47101_25528/1	gi|2978724457|gb|PV611058.1|	92.308	130	4	5	11	137	295318	295444	1.63e-40	180	3421660	N/A
72_8_1119_47101_25528/1	gi|2978724457|gb|PV611058.1|	92.063	63	1	3	11	70	295781	295842	3.65e-12	86.1	3421660	N/A
72_8_1119_47101_25528/1	gi|2830983252|gb|CP170844.1|	87.234	94	7	2	14	102	4083423	4083330	3.62e-17	102	573	N/A
72_8_1119_47101_25528/1	gi|2557643774|emb|OY673254.1|	91.379	58	4	1	3	59	21720	21777	6.10e-10	78.7	2697049	N/A
72_8_1119_47101_25528/1	gi|685042175|emb|LN590700.1|	94.231	52	1	2	5	54	14033950	14033899	6.10e-10	78.7	7962	N/A
72_8_1119_47101_25528/1	gi|685042175|emb|LN590700.1|	95.238	42	0	2	14	53	15778538	15778579	4.75e-06	65.8	7962	N/A
72_8_1119_47101_25528/1	gi|2565360070|emb|OY632882.1|	100.000	40	0	0	9	48	22461	22500	7.90e-09	75.0	2697049	N/A
72_8_2430_5993_5693/1	gi|2978724457|gb|PV611058.1|	88.889	126	9	4	15	137	295321	295444	1.28e-31	150	3421660	N/A
72_8_2430_5993_5693/1	gi|2978724457|gb|PV611058.1|	91.803	61	1	3	15	72	295784	295843	4.72e-11	82.4	3421660	N/A
72_8_2430_5993_5693/1	gi|2830983252|gb|CP170844.1|	85.567	97	9	3	15	109	4083423	4083330	1.69e-15	97.1	573	N/A
72_8_2430_5993_5693/1	gi|2557643774|emb|OY673254.1|	95.652	46	2	0	15	60	21732	21777	7.90e-09	75.0	2697049	N/A
72_8_2430_5993_5693/1	gi|2463378371|dbj|AP027461.1|	95.652	46	2	0	15	60	1299632	1299677	7.90e-09	75.0	511145	N/A
72_8_2430_5993_5693/1	gi|2463378371|dbj|AP027461.1|	95.652	46	2	0	15	60	1628404	1628359	7.90e-09	75.0	511145	N/A
72_8_2430_5993_5693/1	gi|2524352013|emb|OY072335.1|	95.556	45	2	0	4	48	21647	21691	2.84e-08	73.1	2697049	N/A
72_8_1114_11981_24883/1	gi|2978724457|gb|PV611058.1|	95.238	126	1	4	8	130	295321	295444	5.81e-45	195	3421660	N/A
72_8_1114_11981_24883/1	gi|2978724457|gb|PV611058.1|	91.667	60	1	3	8	64	295784	295842	1.70e-10	80.5	3421660	N/A
72_8_1114_11981_24883/1	gi|2830983252|gb|CP170844.1|	83.000	100	12	3	3	97	4083429	4083330	3.65e-12	86.1	573	N/A
72_8_1114_11981_24883/1	gi|2557643774|emb|OY673254.1|	95.652	46	2	0	8	53	21732	21777	7.90e-09	75.0	2697049	N/A
72_8_1114_11981_24883/1	gi|2463378371|dbj|AP027461.1|	95.652	46	2	0	8	53	1299632	1299677	7.90e-09	75.0	511145	N/A
72_8_1114_11981_24883/1	gi|2463378371|dbj|AP027461.1|	95.652	46	2	0	8	53	1628404	1628359	7.90e-09	75.0	511145	N/A
72_8_1114_11981_24883/1	gi|2165836832|emb|OV197136.1|	93.878	49	1	2	6	53	118	71	2.84e-08	73.1	2697049	N/A
72_8_1488_43120_29394/1	gi|2978724457|gb|PV611058.1|	94.656	131	3	3	3	130	295315	295444	1.25e-46	200	3421660	N/A
72_8_1488_43120_29394/1	gi|2978724457|gb|PV611058.1|	89.394	66	3	3	3	65	295778	295842	1.70e-10	80.5	3421660	N/A
72_8_1488_43120_29394/1	gi|2557643774|emb|OY673254.1|	95.652	46	2	0	9	54	21732	21777	7.90e-09	75.0	2697049	N/A
72_8_1488_43120_29394/1	gi|2463378371|dbj|AP027461.1|	93.878	49	3	0	6	54	1299629	1299677	7.90e-09	75.0	511145	N/A
72_8_1488_43120_29394/1	gi|2463378371|dbj|AP027461.1|	95.652	46	2	0	9	54	1628404	1628359	7.90e-09	75.0	511145	N/A
72_8_1488_43120_29394/1	gi|2830983252|gb|CP170844.1|	82.105	95	5	2	8	90	4083424	4083330	1.02e-07	71.3	573	N/A
72_8_1488_43120_29394/1	gi|2755084441|gb|PP943425.1|	93.750	48	1	2	7	53	67589	67635	1.02e-07	71.3	10258	N/A
72_8_1488_43120_29394/1	gi|2755084441|gb|PP943425.1|	93.617	47	1	2	9	54	67825	67780	3.67e-07	69.4	10258	N/A
72_8_2466_33765_5945/1	gi|2978724457|gb|PV611058.1|	92.913	127	3	5	14	137	295321	295444	1.63e-40	180	3421660	N/A
72_8_2466_33765_5945/1	gi|2978724457|gb|PV611058.1|	91.525	59	1	3	14	69	295784	295841	6.10e-10	78.7	3421660	N/A
72_8_2466_33765_5945/1	gi|2830983252|gb|CP170844.1|	85.106	94	10	3	14	103	4083423	4083330	2.18e-14	93.5	573	N/A
72_8_2466_33765_5945/1	gi|685042160|emb|LN590685.1|	95.918	49	0	2	7	53	16867634	16867586	6.10e-10	78.7	7962	N/A
72_8_2466_33765_5945/1	gi|685042160|emb|LN590685.1|	93.750	48	1	2	8	53	850803	850850	1.02e-07	71.3	7962	N/A
72_8_2466_33765_5945/1	gi|685042160|emb|LN590685.1|	95.238	42	0	2	14	53	14193258	14193217	4.75e-06	65.8	7962	N/A
72_8_2466_33765_5945/1	gi|685042160|emb|LN590685.1|	95.238	42	0	2	14	53	18159835	18159794	4.75e-06	65.8	7962	N/A
72_8_2466_33765_5945/1	gi|2557643774|emb|OY673254.1|	95.652	46	2	0	14	59	21732	21777	7.90e-09	75.0	2697049	N/A
72_8_2466_33765_5945/1	gi|2463378371|dbj|AP027461.1|	95.652	46	2	0	14	59	1299632	1299677	7.90e-09	75.0	511145	N/A
72_8_2466_33765_5945/1	gi|2463378371|dbj|AP027461.1|	95.652	46	2	0	14	59	1628404	1628359	7.90e-09	75.0	511145	N/A
72_8_1194_13260_17263/1	gi|2557638192|emb|OY694677.1|	92.308	39	1	2	6	43	4309	4346	0.010	54.7	2697049	N/A
72_8_1194_13260_17263/1	gi|2165834303|emb|OV196009.1|	92.105	38	3	0	6	43	107	70	0.010	54.7	2697049	N/A
72_8_1194_13260_17263/1	gi|2165834303|emb|OV196009.1|	96.875	32	1	0	6	37	29920	29951	0.010	54.7	2697049	N/A
72_8_1194_13260_17263/1	gi|2155043183|emb|OV015804.1|	100.000	29	0	0	6	34	29939	29911	0.010	54.7	2697049	N/A
72_8_1194_13260_17263/1	gi|2991388636|dbj|AP040949.1|	100.000	28	0	0	6	33	3527646	3527673	0.037	52.8	573	N/A
72_8_1194_13260_17263/1	gi|2991388621|dbj|AP040934.1|	100.000	28	0	0	6	33	146957	146984	0.037	52.8	562	N/A
72_8_1194_13260_17263/1	gi|2991388621|dbj|AP040934.1|	100.000	28	0	0	6	33	4900942	4900915	0.037	52.8	562	N/A
72_8_1329_43500_1812/1	gi|2978724457|gb|PV611058.1|	90.152	132	1	8	2	130	295322	295444	5.89e-35	161	3421660	N/A
72_8_1329_43500_1812/1	gi|2978724457|gb|PV611058.1|	90.000	60	1	4	2	58	295785	295842	2.84e-08	73.1	3421660	N/A
72_8_1329_43500_1812/1	gi|2830983252|gb|CP170844.1|	86.316	95	9	3	2	94	4083422	4083330	1.30e-16	100	573	N/A
72_8_1329_43500_1812/1	gi|2557643774|emb|OY673254.1|	93.478	46	2	1	2	47	21733	21777	1.32e-06	67.6	2697049	N/A
72_8_1329_43500_1812/1	gi|2463378371|dbj|AP027461.1|	93.478	46	2	1	2	47	1299633	1299677	1.32e-06	67.6	511145	N/A
72_8_1329_43500_1812/1	gi|2463378371|dbj|AP027461.1|	93.478	46	2	1	2	47	1628403	1628359	1.32e-06	67.6	511145	N/A
72_8_1329_43500_1812/1	gi|2755084441|gb|PP943425.1|	80.435	92	12	5	2	90	67824	67736	4.75e-06	65.8	10258	N/A
72_8_1329_43500_1812/1	gi|2755084441|gb|PP943425.1|	91.304	46	1	3	2	46	67592	67635	2.21e-04	60.2	10258	N/A
72_8_1172_10193_19714/1	gi|2978724457|gb|PV611058.1|	91.339	127	5	4	14	137	295321	295444	3.52e-37	169	3421660	N/A
72_8_1172_10193_19714/1	gi|2978724457|gb|PV611058.1|	91.667	60	1	3	14	70	295784	295842	1.70e-10	80.5	3421660	N/A
72_8_1172_10193_19714/1	gi|2830983252|gb|CP170844.1|	88.298	94	8	2	14	104	4083423	4083330	2.16e-19	110	573	N/A
72_8_1172_10193_19714/1	gi|2557643774|emb|OY673254.1|	95.652	46	2	0	14	59	21732	21777	7.90e-09	75.0	2697049	N/A
72_8_1172_10193_19714/1	gi|2463378371|dbj|AP027461.1|	93.878	49	3	0	11	59	1299629	1299677	7.90e-09	75.0	511145	N/A
72_8_1172_10193_19714/1	gi|2463378371|dbj|AP027461.1|	95.652	46	2	0	14	59	1628404	1628359	7.90e-09	75.0	511145	N/A
72_8_1172_10193_19714/1	gi|685047827|emb|LN596339.1|	94.000	50	1	2	6	53	601778	601827	7.90e-09	75.0	7962	N/A
72_8_1137_45548_10147/1	gi|2557638192|emb|OY694677.1|	92.500	40	1	2	1	39	4308	4346	0.003	56.5	2697049	N/A
72_8_1137_45548_10147/1	gi|2165834303|emb|OV196009.1|	92.308	39	3	0	1	39	108	70	0.003	56.5	2697049	N/A
72_8_1137_45548_10147/1	gi|2165834303|emb|OV196009.1|	96.970	33	1	0	1	33	29919	29951	0.003	56.5	2697049	N/A
72_8_1137_45548_10147/1	gi|2155043183|emb|OV015804.1|	100.000	30	0	0	1	30	29940	29911	0.003	56.5	2697049	N/A
72_8_1137_45548_10147/1	gi|2991388636|dbj|AP040949.1|	100.000	29	0	0	1	29	3527645	3527673	0.010	54.7	573	N/A
72_8_1137_45548_10147/1	gi|2991388621|dbj|AP040934.1|	100.000	29	0	0	1	29	146956	146984	0.010	54.7	562	N/A
72_8_1137_45548_10147/1	gi|2991388621|dbj|AP040934.1|	100.000	29	0	0	1	29	4900943	4900915	0.010	54.7	562	N/A
72_8_2456_34987_10833/1	gi|2978724457|gb|PV611058.1|	92.248	129	1	6	2	127	295322	295444	7.57e-39	174	3421660	N/A
72_8_2456_34987_10833/1	gi|2978724457|gb|PV611058.1|	91.525	59	1	3	2	57	295785	295842	6.10e-10	78.7	3421660	N/A
72_8_2456_34987_10833/1	gi|2830983252|gb|CP170844.1|	87.097	93	9	2	2	91	4083422	4083330	3.62e-17	102	573	N/A
72_8_2456_34987_10833/1	gi|2557643774|emb|OY673254.1|	95.556	45	2	0	2	46	21733	21777	2.84e-08	73.1	2697049	N/A
72_8_2456_34987_10833/1	gi|2463378371|dbj|AP027461.1|	95.556	45	2	0	2	46	1299633	1299677	2.84e-08	73.1	511145	N/A
72_8_2456_34987_10833/1	gi|2463378371|dbj|AP027461.1|	95.556	45	2	0	2	46	1628403	1628359	2.84e-08	73.1	511145	N/A
72_8_2456_34987_10833/1	gi|2755084441|gb|PP943425.1|	93.478	46	1	2	2	46	67824	67780	1.32e-06	67.6	10258	N/A
72_8_2456_34987_10833/1	gi|2755084441|gb|PP943425.1|	93.333	45	1	2	2	45	67592	67635	4.75e-06	65.8	10258	N/A
72_8_1236_51334_1112/1	gi|2978724457|gb|PV611058.1|	92.913	127	3	5	14	137	295321	295444	1.63e-40	180	3421660	N/A
72_8_1236_51334_1112/1	gi|2978724457|gb|PV611058.1|	91.803	61	1	3	14	71	295784	295843	4.72e-11	82.4	3421660	N/A
72_8_1236_51334_1112/1	gi|2830983252|gb|CP170844.1|	84.375	96	12	2	13	106	4083424	4083330	7.84e-14	91.6	573	N/A
72_8_1236_51334_1112/1	gi|2557643774|emb|OY673254.1|	95.652	46	2	0	14	59	21732	21777	7.90e-09	75.0	2697049	N/A
72_8_1236_51334_1112/1	gi|2463378371|dbj|AP027461.1|	93.878	49	3	0	11	59	1299629	1299677	7.90e-09	75.0	511145	N/A
72_8_1236_51334_1112/1	gi|2463378371|dbj|AP027461.1|	95.652	46	2	0	14	59	1628404	1628359	7.90e-09	75.0	511145	N/A
72_8_1236_51334_1112/1	gi|685043901|emb|LN592426.1|	94.118	51	0	3	5	53	375099	375148	7.90e-09	75.0	7962	N/A
72_8_2487_18544_25430/1	gi|2978724457|gb|PV611058.1|	93.701	127	3	4	14	137	295320	295444	3.50e-42	185	3421660	N/A
72_8_2487_18544_25430/1	gi|2978724457|gb|PV611058.1|	91.803	61	1	3	14	71	295783	295842	4.72e-11	82.4	3421660	N/A
72_8_2487_18544_25430/1	gi|2830983252|gb|CP170844.1|	85.106	94	12	1	15	106	4083423	4083330	6.06e-15	95.3	573	N/A
72_8_2487_18544_25430/1	gi|2557643774|emb|OY673254.1|	95.652	46	2	0	15	60	21732	21777	7.90e-09	75.0	2697049	N/A
72_8_2487_18544_25430/1	gi|2463378371|dbj|AP027461.1|	95.652	46	2	0	15	60	1299632	1299677	7.90e-09	75.0	511145	N/A
72_8_2487_18544_25430/1	gi|2463378371|dbj|AP027461.1|	95.652	46	2	0	15	60	1628404	1628359	7.90e-09	75.0	511145	N/A
72_8_2487_18544_25430/1	gi|685042177|emb|LN590702.1|	91.228	57	1	4	2	54	6540846	6540902	7.90e-09	75.0	7962	N/A
72_8_2487_18544_25430/1	gi|685042177|emb|LN590702.1|	95.238	42	0	2	15	54	1181065	1181106	4.75e-06	65.8	7962	N/A
72_8_2487_18544_25430/1	gi|685042177|emb|LN590702.1|	95.238	42	0	2	15	54	3995989	3995948	4.75e-06	65.8	7962	N/A
72_8_2487_18544_25430/1	gi|685042177|emb|LN590702.1|	89.091	55	3	3	3	54	6762486	6762540	4.75e-06	65.8	7962	N/A
72_8_2487_18544_25430/1	gi|685042177|emb|LN590702.1|	95.238	42	0	2	15	54	6862999	6863040	4.75e-06	65.8	7962	N/A
72_8_2487_18544_25430/1	gi|685042177|emb|LN590702.1|	93.333	45	0	2	6	47	1157104	1157060	1.71e-05	63.9	7962	N/A
72_8_1162_20551_3465/1	gi|2978724457|gb|PV611058.1|	87.500	128	10	4	13	137	295320	295444	2.13e-29	143	3421660	N/A
72_8_1162_20551_3465/1	gi|2978724457|gb|PV611058.1|	91.667	60	1	3	13	69	295783	295841	1.70e-10	80.5	3421660	N/A
72_8_1162_20551_3465/1	gi|2830983252|gb|CP170844.1|	87.755	98	5	6	14	108	4083423	4083330	7.78e-19	108	573	N/A
72_8_1162_20551_3465/1	gi|685042195|emb|LN590720.1|	95.833	48	0	2	8	53	5765844	5765797	2.20e-09	76.8	7962	N/A
72_8_1162_20551_3465/1	gi|685042195|emb|LN590720.1|	95.556	45	0	2	11	53	2930131	2930175	1.02e-07	71.3	7962	N/A
72_8_1162_20551_3465/1	gi|685042175|emb|LN590700.1|	94.118	51	1	2	6	54	14033949	14033899	2.20e-09	76.8	7962	N/A
72_8_1162_20551_3465/1	gi|685042175|emb|LN590700.1|	95.238	42	0	2	14	53	15778538	15778579	4.75e-06	65.8	7962	N/A
72_8_1162_20551_3465/1	gi|2557643774|emb|OY673254.1|	95.652	46	2	0	14	59	21732	21777	7.90e-09	75.0	2697049	N/A
72_8_2277_32883_6267/1	gi|2978724457|gb|PV611058.1|	94.488	127	1	5	9	132	295321	295444	7.51e-44	191	3421660	N/A
72_8_2277_32883_6267/1	gi|2978724457|gb|PV611058.1|	91.667	60	1	3	9	65	295784	295842	1.70e-10	80.5	3421660	N/A
72_8_2277_32883_6267/1	gi|2557643774|emb|OY673254.1|	95.652	46	2	0	9	54	21732	21777	7.90e-09	75.0	2697049	N/A
72_8_2277_32883_6267/1	gi|2463378371|dbj|AP027461.1|	95.652	46	2	0	9	54	1299632	1299677	7.90e-09	75.0	511145	N/A
72_8_2277_32883_6267/1	gi|2463378371|dbj|AP027461.1|	95.652	46	2	0	9	54	1628404	1628359	7.90e-09	75.0	511145	N/A
72_8_2277_32883_6267/1	gi|2155043183|emb|OV015804.1|	100.000	40	0	0	6	45	29950	29911	7.90e-09	75.0	2697049	N/A
72_8_2277_32883_6267/1	gi|2830983252|gb|CP170844.1|	100.000	34	0	0	9	42	4083423	4083390	1.71e-05	63.9	573	N/A
72_8_1186_39827_16633/1	gi|2978724457|gb|PV611058.1|	91.667	132	4	5	10	137	295316	295444	2.10e-39	176	3421660	N/A
72_8_1186_39827_16633/1	gi|2978724457|gb|PV611058.1|	89.231	65	2	4	10	70	295779	295842	2.20e-09	76.8	3421660	N/A
72_8_1186_39827_16633/1	gi|2830983252|gb|CP170844.1|	85.106	94	10	3	15	104	4083423	4083330	2.18e-14	93.5	573	N/A
72_8_1186_39827_16633/1	gi|685042161|emb|LN590686.1|	92.308	52	0	4	5	53	20813821	20813871	1.02e-07	71.3	7962	N/A
72_8_1186_39827_16633/1	gi|685042161|emb|LN590686.1|	93.023	43	0	3	14	53	6380193	6380235	2.21e-04	60.2	7962	N/A
72_8_1186_39827_16633/1	gi|685042161|emb|LN590686.1|	92.857	42	0	3	15	53	4545831	4545872	7.95e-04	58.4	7962	N/A
72_8_1186_39827_16633/1	gi|685042161|emb|LN590686.1|	92.857	42	0	3	15	53	12304839	12304798	7.95e-04	58.4	7962	N/A
72_8_1186_39827_16633/1	gi|685042161|emb|LN590686.1|	94.737	38	0	2	18	53	12436831	12436868	7.95e-04	58.4	7962	N/A
72_8_1186_39827_16633/1	gi|685042161|emb|LN590686.1|	92.857	42	0	3	15	53	17091846	17091887	7.95e-04	58.4	7962	N/A
72_8_1186_39827_16633/1	gi|685042161|emb|LN590686.1|	92.857	42	0	3	15	53	28125760	28125801	7.95e-04	58.4	7962	N/A
72_8_1186_39827_16633/1	gi|2557638192|emb|OY694677.1|	89.474	57	2	4	5	59	4292	4346	3.67e-07	69.4	2697049	N/A
72_8_1186_39827_16633/1	gi|2557643774|emb|OY673254.1|	93.478	46	2	1	15	59	21732	21777	1.32e-06	67.6	2697049	N/A
72_8_1273_10719_23623/1	gi|2978724457|gb|PV611058.1|	93.939	132	2	5	9	137	295316	295444	5.81e-45	195	3421660	N/A
72_8_1273_10719_23623/1	gi|2978724457|gb|PV611058.1|	90.769	65	2	3	9	70	295779	295842	1.31e-11	84.2	3421660	N/A
72_8_1273_10719_23623/1	gi|2830983252|gb|CP170844.1|	84.043	94	12	2	14	104	4083423	4083330	1.01e-12	87.9	573	N/A
72_8_1273_10719_23623/1	gi|685042161|emb|LN590686.1|	94.231	52	0	3	4	53	20813821	20813871	2.20e-09	76.8	7962	N/A
72_8_1273_10719_23623/1	gi|685042161|emb|LN590686.1|	95.455	44	0	2	12	53	6380192	6380235	3.67e-07	69.4	7962	N/A
72_8_1273_10719_23623/1	gi|685042161|emb|LN590686.1|	95.238	42	0	2	14	53	4545831	4545872	4.75e-06	65.8	7962	N/A
72_8_1273_10719_23623/1	gi|685042161|emb|LN590686.1|	95.238	42	0	2	14	53	12304839	12304798	4.75e-06	65.8	7962	N/A
72_8_1273_10719_23623/1	gi|685042161|emb|LN590686.1|	95.238	42	0	2	14	53	17091846	17091887	4.75e-06	65.8	7962	N/A
72_8_1273_10719_23623/1	gi|685042161|emb|LN590686.1|	95.238	42	0	2	14	53	28125760	28125801	4.75e-06	65.8	7962	N/A
72_8_1273_10719_23623/1	gi|685042161|emb|LN590686.1|	94.872	39	0	2	17	53	12436830	12436868	2.21e-04	60.2	7962	N/A
72_8_1273_10719_23623/1	gi|2557643774|emb|OY673254.1|	95.652	46	2	0	14	59	21732	21777	7.90e-09	75.0	2697049	N/A
72_8_1273_10719_23623/1	gi|2463378371|dbj|AP027461.1|	93.878	49	3	0	11	59	1299629	1299677	7.90e-09	75.0	511145	N/A
72_8_1273_10719_23623/1	gi|2463378371|dbj|AP027461.1|	95.652	46	2	0	14	59	1628404	1628359	7.90e-09	75.0	511145	N/A
72_8_2435_29477_2247/1	gi|2978724457|gb|PV611058.1|	90.769	130	6	5	11	137	295318	295444	3.52e-37	169	3421660	N/A
72_8_2435_29477_2247/1	gi|2978724457|gb|PV611058.1|	90.476	63	1	4	11	70	295781	295841	6.10e-10	78.7	3421660	N/A
72_8_2435_29477_2247/1	gi|2830983252|gb|CP170844.1|	87.234	94	9	2	15	105	4083423	4083330	1.01e-17	104	573	N/A
72_8_2435_29477_2247/1	gi|2557643774|emb|OY673254.1|	91.379	58	4	1	4	60	21720	21777	6.10e-10	78.7	2697049	N/A
72_8_2435_29477_2247/1	gi|685042178|emb|LN590703.1|	95.918	49	0	2	8	54	13166497	13166545	6.10e-10	78.7	7962	N/A
72_8_2435_29477_2247/1	gi|685042178|emb|LN590703.1|	95.556	45	0	2	12	54	12952798	12952842	1.02e-07	71.3	7962	N/A
72_8_2435_29477_2247/1	gi|685042178|emb|LN590703.1|	95.349	43	0	2	14	54	17684506	17684464	1.32e-06	67.6	7962	N/A
72_8_2435_29477_2247/1	gi|685042178|emb|LN590703.1|	95.238	42	0	2	15	54	1057735	1057776	4.75e-06	65.8	7962	N/A
72_8_2435_29477_2247/1	gi|685042178|emb|LN590703.1|	95.238	42	0	2	15	54	7304702	7304661	4.75e-06	65.8	7962	N/A
72_8_2435_29477_2247/1	gi|685042175|emb|LN590700.1|	94.231	52	1	2	6	55	14033950	14033899	6.10e-10	78.7	7962	N/A
72_8_2435_29477_2247/1	gi|685042175|emb|LN590700.1|	95.238	42	0	2	15	54	15778538	15778579	4.75e-06	65.8	7962	N/A
72_8_2245_25965_2807/1	gi|2978724457|gb|PV611058.1|	88.095	126	10	4	15	137	295321	295444	5.93e-30	145	3421660	N/A
72_8_2245_25965_2807/1	gi|2978724457|gb|PV611058.1|	91.935	62	1	3	15	73	295784	295844	1.31e-11	84.2	3421660	N/A
72_8_2245_25965_2807/1	gi|2830983252|gb|CP170844.1|	92.553	94	5	1	15	106	4083423	4083330	1.28e-26	134	573	N/A
72_8_2245_25965_2807/1	gi|685042185|emb|LN590710.1|	97.727	44	1	0	5	48	9162079	9162122	2.20e-09	76.8	7962	N/A
72_8_2245_25965_2807/1	gi|685042185|emb|LN590710.1|	95.238	42	0	2	15	54	3790452	3790411	4.75e-06	65.8	7962	N/A
72_8_2245_25965_2807/1	gi|685042185|emb|LN590710.1|	95.238	42	0	2	15	54	6008694	6008735	4.75e-06	65.8	7962	N/A
72_8_2245_25965_2807/1	gi|685042185|emb|LN590710.1|	93.478	46	0	3	12	54	10218499	10218544	4.75e-06	65.8	7962	N/A
72_8_2245_25965_2807/1	gi|2557643774|emb|OY673254.1|	95.652	46	2	0	15	60	21732	21777	7.90e-09	75.0	2697049	N/A
72_8_2245_25965_2807/1	gi|2463378371|dbj|AP027461.1|	95.652	46	2	0	15	60	1299632	1299677	7.90e-09	75.0	511145	N/A
72_8_2245_25965_2807/1	gi|2463378371|dbj|AP027461.1|	95.652	46	2	0	15	60	1628404	1628359	7.90e-09	75.0	511145	N/A
72_8_2133_9756_2681/1	gi|2978724457|gb|PV611058.1|	91.241	137	2	7	3	136	295315	295444	5.85e-40	178	3421660	N/A
72_8_2133_9756_2681/1	gi|2978724457|gb|PV611058.1|	89.706	68	2	4	3	67	295778	295843	4.72e-11	82.4	3421660	N/A
72_8_2133_9756_2681/1	gi|2830983252|gb|CP170844.1|	87.234	94	9	2	10	100	4083423	4083330	1.01e-17	104	573	N/A
72_8_2133_9756_2681/1	gi|2557643774|emb|OY673254.1|	95.652	46	2	0	10	55	21732	21777	7.90e-09	75.0	2697049	N/A
72_8_2133_9756_2681/1	gi|2463378371|dbj|AP027461.1|	95.652	46	2	0	10	55	1299632	1299677	7.90e-09	75.0	511145	N/A
72_8_2133_9756_2681/1	gi|2463378371|dbj|AP027461.1|	95.652	46	2	0	10	55	1628404	1628359	7.90e-09	75.0	511145	N/A
72_8_2133_9756_2681/1	gi|685042206|emb|LN590731.1|	94.000	50	1	2	3	50	347603	347652	7.90e-09	75.0	7962	N/A
72_8_2133_6244_8564/1	gi|2978724457|gb|PV611058.1|	90.076	131	3	6	10	137	295321	295444	5.89e-35	161	3421660	N/A
72_8_2133_6244_8564/1	gi|2978724457|gb|PV611058.1|	91.803	61	1	3	10	67	295784	295843	4.72e-11	82.4	3421660	N/A
72_8_2133_6244_8564/1	gi|2830983252|gb|CP170844.1|	86.458	96	9	3	10	103	4083423	4083330	3.62e-17	102	573	N/A
72_8_2133_6244_8564/1	gi|2557643774|emb|OY673254.1|	95.652	46	2	0	10	55	21732	21777	7.90e-09	75.0	2697049	N/A
72_8_2133_6244_8564/1	gi|2463378371|dbj|AP027461.1|	95.652	46	2	0	10	55	1299632	1299677	7.90e-09	75.0	511145	N/A
72_8_2133_6244_8564/1	gi|2463378371|dbj|AP027461.1|	95.652	46	2	0	10	55	1628404	1628359	7.90e-09	75.0	511145	N/A
72_8_2133_6244_8564/1	gi|2155043183|emb|OV015804.1|	100.000	40	0	0	7	46	29950	29911	7.90e-09	75.0	2697049	N/A
72_8_1436_18139_10721/1	gi|2978724457|gb|PV611058.1|	91.538	130	1	7	2	128	295322	295444	9.79e-38	171	3421660	N/A
72_8_1436_18139_10721/1	gi|2978724457|gb|PV611058.1|	90.323	62	1	4	2	60	295785	295844	2.20e-09	76.8	3421660	N/A
72_8_1436_18139_10721/1	gi|2830983252|gb|CP170844.1|	84.211	95	11	3	2	94	4083422	4083330	2.82e-13	89.8	573	N/A
72_8_1436_18139_10721/1	gi|2557643774|emb|OY673254.1|	95.556	45	2	0	2	46	21733	21777	2.84e-08	73.1	2697049	N/A
72_8_1436_18139_10721/1	gi|2463378371|dbj|AP027461.1|	95.556	45	2	0	2	46	1299633	1299677	2.84e-08	73.1	511145	N/A
72_8_1436_18139_10721/1	gi|2463378371|dbj|AP027461.1|	95.556	45	2	0	2	46	1628403	1628359	2.84e-08	73.1	511145	N/A
72_8_1436_18139_10721/1	gi|2755084441|gb|PP943425.1|	93.478	46	1	2	2	46	67824	67780	1.32e-06	67.6	10258	N/A
72_8_1436_18139_10721/1	gi|2755084441|gb|PP943425.1|	93.333	45	1	2	2	45	67592	67635	4.75e-06	65.8	10258	N/A
72_8_2125_48477_18356/1	gi|2978724457|gb|PV611058.1|	93.701	127	2	5	14	137	295321	295444	3.50e-42	185	3421660	N/A
72_8_2125_48477_18356/1	gi|2978724457|gb|PV611058.1|	91.667	60	1	3	14	70	295784	295842	1.70e-10	80.5	3421660	N/A
72_8_2125_48477_18356/1	gi|2830983252|gb|CP170844.1|	85.263	95	12	1	13	105	4083424	4083330	1.69e-15	97.1	573	N/A
72_8_2125_48477_18356/1	gi|2557643774|emb|OY673254.1|	95.652	46	2	0	14	59	21732	21777	7.90e-09	75.0	2697049	N/A
72_8_2125_48477_18356/1	gi|2463378371|dbj|AP027461.1|	95.652	46	2	0	14	59	1299632	1299677	7.90e-09	75.0	511145	N/A
72_8_2125_48477_18356/1	gi|2463378371|dbj|AP027461.1|	95.652	46	2	0	14	59	1628404	1628359	7.90e-09	75.0	511145	N/A
72_8_2125_48477_18356/1	gi|2755084441|gb|PP943425.1|	93.878	49	1	2	11	58	67588	67635	2.84e-08	73.1	10258	N/A
72_8_2125_48477_18356/1	gi|2755084441|gb|PP943425.1|	93.617	47	1	2	14	59	67825	67780	3.67e-07	69.4	10258	N/A
72_8_1407_19968_26718/1	gi|2978724457|gb|PV611058.1|	95.312	128	2	3	11	135	295318	295444	1.25e-46	200	3421660	N/A
72_8_1407_19968_26718/1	gi|2978724457|gb|PV611058.1|	90.476	63	2	3	11	70	295781	295842	1.70e-10	80.5	3421660	N/A
72_8_1407_19968_26718/1	gi|2991388621|dbj|AP040934.1|	95.745	47	0	2	3	49	4900959	4900915	7.90e-09	75.0	562	N/A
72_8_1407_19968_26718/1	gi|2991388621|dbj|AP040934.1|	97.500	40	0	1	11	49	146945	146984	1.32e-06	67.6	562	N/A
72_8_1407_19968_26718/1	gi|2557643774|emb|OY673254.1|	95.652	46	2	0	14	59	21732	21777	7.90e-09	75.0	2697049	N/A
72_8_1407_19968_26718/1	gi|2463378371|dbj|AP027461.1|	95.652	46	2	0	14	59	1299632	1299677	7.90e-09	75.0	511145	N/A
72_8_1407_19968_26718/1	gi|2463378371|dbj|AP027461.1|	95.652	46	2	0	14	59	1628404	1628359	7.90e-09	75.0	511145	N/A
72_8_1407_19968_26718/1	gi|2830983252|gb|CP170844.1|	82.105	95	5	2	13	95	4083424	4083330	1.02e-07	71.3	573	N/A
72_8_2280_21182_11394/1	gi|2978724457|gb|PV611058.1|	92.248	129	1	6	2	127	295322	295444	7.57e-39	174	3421660	N/A
72_8_2280_21182_11394/1	gi|2978724457|gb|PV611058.1|	91.525	59	1	3	2	57	295785	295842	6.10e-10	78.7	3421660	N/A
72_8_2280_21182_11394/1	gi|2830983252|gb|CP170844.1|	86.170	94	10	2	2	93	4083422	4083330	4.68e-16	99.0	573	N/A
72_8_2280_21182_11394/1	gi|2557643774|emb|OY673254.1|	95.556	45	2	0	2	46	21733	21777	2.84e-08	73.1	2697049	N/A
72_8_2280_21182_11394/1	gi|2463378371|dbj|AP027461.1|	95.556	45	2	0	2	46	1299633	1299677	2.84e-08	73.1	511145	N/A
72_8_2280_21182_11394/1	gi|2463378371|dbj|AP027461.1|	95.556	45	2	0	2	46	1628403	1628359	2.84e-08	73.1	511145	N/A
72_8_2280_21182_11394/1	gi|2755084441|gb|PP943425.1|	93.478	46	1	2	2	46	67824	67780	1.32e-06	67.6	10258	N/A
72_8_2280_21182_11394/1	gi|2755084441|gb|PP943425.1|	93.333	45	1	2	2	45	67592	67635	4.75e-06	65.8	10258	N/A
72_8_2152_3233_5006/1	gi|2978724457|gb|PV611058.1|	89.683	126	8	4	15	137	295321	295444	2.74e-33	156	3421660	N/A
72_8_2152_3233_5006/1	gi|2978724457|gb|PV611058.1|	91.667	60	1	3	15	71	295784	295842	1.70e-10	80.5	3421660	N/A
72_8_2152_3233_5006/1	gi|2830983252|gb|CP170844.1|	89.691	97	7	2	13	107	4083425	4083330	1.00e-22	121	573	N/A
72_8_2152_3233_5006/1	gi|1476019893|gb|MH883760.1|	94.000	50	1	1	11	60	58057	58010	7.90e-09	75.0	10376	N/A
72_8_2152_3233_5006/1	gi|1476019893|gb|MH883760.1|	100.000	34	0	0	15	48	88232	88199	1.71e-05	63.9	10376	N/A
72_8_2152_3233_5006/1	gi|2557643774|emb|OY673254.1|	95.652	46	2	0	15	60	21732	21777	7.90e-09	75.0	2697049	N/A
72_8_2152_3233_5006/1	gi|2463378371|dbj|AP027461.1|	95.652	46	2	0	15	60	1299632	1299677	7.90e-09	75.0	511145	N/A
72_8_2152_3233_5006/1	gi|2463378371|dbj|AP027461.1|	95.652	46	2	0	15	60	1628404	1628359	7.90e-09	75.0	511145	N/A
72_8_2424_27575_26242/1	gi|2978724457|gb|PV611058.1|	91.406	128	6	4	13	137	295319	295444	9.79e-38	171	3421660	N/A
72_8_2424_27575_26242/1	gi|2978724457|gb|PV611058.1|	91.935	62	1	3	13	71	295782	295842	1.31e-11	84.2	3421660	N/A
72_8_2424_27575_26242/1	gi|2830983252|gb|CP170844.1|	88.298	94	9	1	15	106	4083423	4083330	6.02e-20	111	573	N/A
72_8_2424_27575_26242/1	gi|685042175|emb|LN590700.1|	94.643	56	0	3	3	55	14033954	14033899	1.31e-11	84.2	7962	N/A
72_8_2424_27575_26242/1	gi|685042175|emb|LN590700.1|	95.238	42	0	2	15	54	15778538	15778579	4.75e-06	65.8	7962	N/A
72_8_2424_27575_26242/1	gi|1842001608|ref|NC_047813.1|	94.118	51	1	2	10	60	18488	18536	2.20e-09	76.8	1958907	N/A
72_8_2424_27575_26242/1	gi|1842001608|ref|NC_047813.1|	97.674	43	1	0	10	52	60	18	7.90e-09	75.0	1958907	N/A
72_8_2424_27575_26242/1	gi|2557643774|emb|OY673254.1|	91.228	57	4	1	5	60	21721	21777	2.20e-09	76.8	2697049	N/A
72_8_1470_18827_15778/1	gi|2978724457|gb|PV611058.1|	96.032	126	1	3	14	136	295320	295444	3.47e-47	202	3421660	N/A
72_8_1470_18827_15778/1	gi|2978724457|gb|PV611058.1|	91.803	61	1	3	14	71	295783	295842	4.72e-11	82.4	3421660	N/A
72_8_1470_18827_15778/1	gi|2557643774|emb|OY673254.1|	95.652	46	2	0	15	60	21732	21777	7.90e-09	75.0	2697049	N/A
72_8_1470_18827_15778/1	gi|2463378371|dbj|AP027461.1|	95.652	46	2	0	15	60	1299632	1299677	7.90e-09	75.0	511145	N/A
72_8_1470_18827_15778/1	gi|2463378371|dbj|AP027461.1|	95.652	46	2	0	15	60	1628404	1628359	7.90e-09	75.0	511145	N/A
72_8_1470_18827_15778/1	gi|685042177|emb|LN590702.1|	92.593	54	0	4	5	54	6540849	6540902	7.90e-09	75.0	7962	N/A
72_8_1470_18827_15778/1	gi|685042177|emb|LN590702.1|	95.238	42	0	2	15	54	1181065	1181106	4.75e-06	65.8	7962	N/A
72_8_1470_18827_15778/1	gi|685042177|emb|LN590702.1|	95.238	42	0	2	15	54	3995989	3995948	4.75e-06	65.8	7962	N/A
72_8_1470_18827_15778/1	gi|685042177|emb|LN590702.1|	95.238	42	0	2	15	54	6762499	6762540	4.75e-06	65.8	7962	N/A
72_8_1470_18827_15778/1	gi|685042177|emb|LN590702.1|	95.238	42	0	2	15	54	6862999	6863040	4.75e-06	65.8	7962	N/A
72_8_1470_18827_15778/1	gi|685042177|emb|LN590702.1|	93.333	45	0	2	6	47	1157104	1157060	1.71e-05	63.9	7962	N/A
72_8_1470_18827_15778/1	gi|2830983252|gb|CP170844.1|	81.915	94	5	2	15	96	4083423	4083330	3.67e-07	69.4	573	N/A
72_8_2282_43873_7724/1	gi|2978724457|gb|PV611058.1|	93.750	128	4	3	13	137	295318	295444	2.70e-43	189	3421660	N/A
72_8_2282_43873_7724/1	gi|2978724457|gb|PV611058.1|	92.063	63	1	3	13	72	295781	295842	3.65e-12	86.1	3421660	N/A
72_8_2282_43873_7724/1	gi|2830983252|gb|CP170844.1|	85.106	94	11	2	16	106	4083423	4083330	2.18e-14	93.5	573	N/A
72_8_2282_43873_7724/1	gi|2557643774|emb|OY673254.1|	92.593	54	3	1	9	61	21724	21777	2.20e-09	76.8	2697049	N/A
72_8_2282_43873_7724/1	gi|685042175|emb|LN590700.1|	94.118	51	1	2	8	56	14033949	14033899	2.20e-09	76.8	7962	N/A
72_8_2282_43873_7724/1	gi|685042175|emb|LN590700.1|	95.238	42	0	2	16	55	15778538	15778579	4.75e-06	65.8	7962	N/A
72_8_2282_43873_7724/1	gi|2565360070|emb|OY632882.1|	100.000	40	0	0	11	50	22461	22500	7.90e-09	75.0	2697049	N/A
72_8_2360_10241_12879/1	gi|2978724457|gb|PV611058.1|	88.148	135	1	9	2	133	295322	295444	1.65e-30	147	3421660	N/A
72_8_2360_10241_12879/1	gi|2978724457|gb|PV611058.1|	90.164	61	1	4	2	59	295785	295843	7.90e-09	75.0	3421660	N/A
72_8_2360_10241_12879/1	gi|2830983252|gb|CP170844.1|	83.673	98	9	5	2	97	4083422	4083330	3.65e-12	86.1	573	N/A
72_8_2360_10241_12879/1	gi|2557643774|emb|OY673254.1|	95.556	45	2	0	2	46	21733	21777	2.84e-08	73.1	2697049	N/A
72_8_2360_10241_12879/1	gi|2463378371|dbj|AP027461.1|	95.556	45	2	0	2	46	1299633	1299677	2.84e-08	73.1	511145	N/A
72_8_2360_10241_12879/1	gi|2463378371|dbj|AP027461.1|	95.556	45	2	0	2	46	1628403	1628359	2.84e-08	73.1	511145	N/A
72_8_2360_10241_12879/1	gi|2755084441|gb|PP943425.1|	93.478	46	1	2	2	46	67824	67780	1.32e-06	67.6	10258	N/A
72_8_2360_10241_12879/1	gi|2755084441|gb|PP943425.1|	93.333	45	1	2	2	45	67592	67635	4.75e-06	65.8	10258	N/A
72_8_2116_13672_19574/1	gi|2978724457|gb|PV611058.1|	92.126	127	6	3	13	137	295320	295444	2.10e-39	176	3421660	N/A
72_8_2116_13672_19574/1	gi|2978724457|gb|PV611058.1|	91.667	60	3	2	13	70	295783	295842	4.72e-11	82.4	3421660	N/A
72_8_2116_13672_19574/1	gi|2830983252|gb|CP170844.1|	87.234	94	9	2	14	104	4083423	4083330	1.01e-17	104	573	N/A
72_8_2116_13672_19574/1	gi|2557643774|emb|OY673254.1|	95.652	46	2	0	14	59	21732	21777	7.90e-09	75.0	2697049	N/A
72_8_2116_13672_19574/1	gi|685042188|emb|LN590713.1|	97.727	44	0	1	9	51	7120042	7120085	7.90e-09	75.0	7962	N/A
72_8_2116_13672_19574/1	gi|685042188|emb|LN590713.1|	100.000	30	0	0	14	43	16189618	16189589	0.003	56.5	7962	N/A
72_8_2116_13672_19574/1	gi|685047827|emb|LN596339.1|	97.619	42	1	0	6	47	601778	601819	2.84e-08	73.1	7962	N/A
72_8_1155_1963_15106/1	gi|2978724457|gb|PV611058.1|	87.121	132	6	6	9	137	295321	295444	2.76e-28	139	3421660	N/A
72_8_1155_1963_15106/1	gi|2978724457|gb|PV611058.1|	88.333	60	3	3	9	65	295784	295842	3.67e-07	69.4	3421660	N/A
72_8_1155_1963_15106/1	gi|2830983252|gb|CP170844.1|	88.421	95	8	2	9	101	4083423	4083330	6.02e-20	111	573	N/A
72_8_1155_1963_15106/1	gi|2557643774|emb|OY673254.1|	93.478	46	3	0	9	54	21732	21777	3.67e-07	69.4	2697049	N/A
72_8_1155_1963_15106/1	gi|2463378371|dbj|AP027461.1|	93.478	46	3	0	9	54	1299632	1299677	3.67e-07	69.4	511145	N/A
72_8_1155_1963_15106/1	gi|2463378371|dbj|AP027461.1|	93.478	46	3	0	9	54	1628404	1628359	3.67e-07	69.4	511145	N/A
72_8_1155_1963_15106/1	gi|685046063|emb|LN594588.1|	93.478	46	1	2	5	48	121372	121417	1.32e-06	67.6	7962	N/A
72_8_2366_30561_20177/1	gi|2978724457|gb|PV611058.1|	89.781	137	6	5	5	137	295312	295444	3.52e-37	169	3421660	N/A
72_8_2366_30561_20177/1	gi|2978724457|gb|PV611058.1|	89.855	69	2	4	5	69	295775	295842	1.31e-11	84.2	3421660	N/A
72_8_2366_30561_20177/1	gi|2830983252|gb|CP170844.1|	88.298	94	9	1	13	104	4083423	4083330	6.02e-20	111	573	N/A
72_8_2366_30561_20177/1	gi|2557643774|emb|OY673254.1|	95.652	46	2	0	13	58	21732	21777	7.90e-09	75.0	2697049	N/A
72_8_2366_30561_20177/1	gi|2463378371|dbj|AP027461.1|	95.652	46	2	0	13	58	1299632	1299677	7.90e-09	75.0	511145	N/A
72_8_2366_30561_20177/1	gi|2463378371|dbj|AP027461.1|	95.652	46	2	0	13	58	1628404	1628359	7.90e-09	75.0	511145	N/A
72_8_2366_30561_20177/1	gi|2755084441|gb|PP943425.1|	81.522	92	10	5	13	99	67825	67736	3.67e-07	69.4	10258	N/A
72_8_2366_30561_20177/1	gi|2755084441|gb|PP943425.1|	93.478	46	1	2	13	57	67591	67635	1.32e-06	67.6	10258	N/A
72_8_2148_48833_8578/1	gi|2978724457|gb|PV611058.1|	89.516	124	11	2	16	137	295321	295444	2.74e-33	156	3421660	N/A
72_8_2148_48833_8578/1	gi|2978724457|gb|PV611058.1|	91.525	59	3	2	16	72	295784	295842	1.70e-10	80.5	3421660	N/A
72_8_2148_48833_8578/1	gi|2830983252|gb|CP170844.1|	86.598	97	8	4	16	110	4083423	4083330	3.62e-17	102	573	N/A
72_8_2148_48833_8578/1	gi|2557643774|emb|OY673254.1|	95.652	46	2	0	16	61	21732	21777	7.90e-09	75.0	2697049	N/A
72_8_2148_48833_8578/1	gi|780644672|ref|XM_011690559.1|	97.727	44	0	1	11	53	1032	1075	7.90e-09	75.0	64793	N/A
72_8_2148_48833_8578/1	gi|2056797228|tpg|BK057247.1|	100.000	39	0	0	14	52	42089	42127	2.84e-08	73.1	38018	N/A
72_8_1394_24759_17389/1	gi|2978724457|gb|PV611058.1|	95.420	131	2	3	3	130	295315	295444	2.68e-48	206	3421660	N/A
72_8_1394_24759_17389/1	gi|2978724457|gb|PV611058.1|	90.909	66	2	3	3	65	295778	295842	3.65e-12	86.1	3421660	N/A
72_8_1394_24759_17389/1	gi|685042165|emb|LN590690.1|	95.833	48	0	2	3	48	9025311	9025264	2.20e-09	76.8	7962	N/A
72_8_1394_24759_17389/1	gi|685042165|emb|LN590690.1|	95.556	45	0	2	6	48	2184299	2184343	1.02e-07	71.3	7962	N/A
72_8_1394_24759_17389/1	gi|685042165|emb|LN590690.1|	95.238	42	0	2	9	48	6084799	6084840	4.75e-06	65.8	7962	N/A
72_8_1394_24759_17389/1	gi|685042165|emb|LN590690.1|	95.238	42	0	2	9	48	9280435	9280476	4.75e-06	65.8	7962	N/A
72_8_1394_24759_17389/1	gi|2557643774|emb|OY673254.1|	95.652	46	2	0	9	54	21732	21777	7.90e-09	75.0	2697049	N/A
72_8_1394_24759_17389/1	gi|2463378371|dbj|AP027461.1|	95.652	46	2	0	9	54	1299632	1299677	7.90e-09	75.0	511145	N/A
72_8_1394_24759_17389/1	gi|2463378371|dbj|AP027461.1|	95.652	46	2	0	9	54	1628404	1628359	7.90e-09	75.0	511145	N/A
72_8_1394_24759_17389/1	gi|2830983252|gb|CP170844.1|	81.915	94	5	2	9	90	4083423	4083330	3.67e-07	69.4	573	N/A
72_8_2142_35505_18033/1	gi|2978724457|gb|PV611058.1|	88.976	127	9	4	14	137	295320	295444	3.55e-32	152	3421660	N/A
72_8_2142_35505_18033/1	gi|2978724457|gb|PV611058.1|	92.063	63	1	3	14	73	295783	295844	3.65e-12	86.1	3421660	N/A
72_8_2142_35505_18033/1	gi|2830983252|gb|CP170844.1|	91.489	94	5	2	15	105	4083423	4083330	2.15e-24	126	573	N/A
72_8_2142_35505_18033/1	gi|2557643774|emb|OY673254.1|	95.652	46	2	0	15	60	21732	21777	7.90e-09	75.0	2697049	N/A
72_8_2142_35505_18033/1	gi|2557638192|emb|OY694677.1|	91.228	57	2	3	5	60	4292	4346	7.90e-09	75.0	2697049	N/A
72_8_2142_35505_18033/1	gi|2463378371|dbj|AP027461.1|	95.652	46	2	0	15	60	1299632	1299677	7.90e-09	75.0	511145	N/A
72_8_2142_35505_18033/1	gi|2463378371|dbj|AP027461.1|	95.652	46	2	0	15	60	1628404	1628359	7.90e-09	75.0	511145	N/A
72_8_1430_22922_27293/1	gi|2978724457|gb|PV611058.1|	92.913	127	3	5	14	137	295321	295444	1.63e-40	180	3421660	N/A
72_8_1430_22922_27293/1	gi|2978724457|gb|PV611058.1|	91.667	60	1	3	14	70	295784	295842	1.70e-10	80.5	3421660	N/A
72_8_1430_22922_27293/1	gi|2830983252|gb|CP170844.1|	86.170	94	9	2	14	103	4083423	4083330	4.68e-16	99.0	573	N/A
72_8_1430_22922_27293/1	gi|2557643774|emb|OY673254.1|	95.652	46	2	0	14	59	21732	21777	7.90e-09	75.0	2697049	N/A
72_8_1430_22922_27293/1	gi|2463378371|dbj|AP027461.1|	95.652	46	2	0	14	59	1299632	1299677	7.90e-09	75.0	511145	N/A
72_8_1430_22922_27293/1	gi|2463378371|dbj|AP027461.1|	95.652	46	2	0	14	59	1628404	1628359	7.90e-09	75.0	511145	N/A
72_8_1430_22922_27293/1	gi|2165836832|emb|OV197136.1|	92.593	54	1	3	7	59	122	71	7.90e-09	75.0	2697049	N/A
72_8_1216_4221_10217/1	gi|2978724457|gb|PV611058.1|	87.302	126	11	4	15	137	295321	295444	2.76e-28	139	3421660	N/A
72_8_1216_4221_10217/1	gi|2978724457|gb|PV611058.1|	91.667	60	1	3	15	71	295784	295842	1.70e-10	80.5	3421660	N/A
72_8_1216_4221_10217/1	gi|2830983252|gb|CP170844.1|	90.625	96	5	3	15	108	4083423	4083330	7.73e-24	124	573	N/A
72_8_1216_4221_10217/1	gi|2557643774|emb|OY673254.1|	95.652	46	2	0	15	60	21732	21777	7.90e-09	75.0	2697049	N/A
72_8_1216_4221_10217/1	gi|2463378371|dbj|AP027461.1|	93.878	49	3	0	12	60	1299629	1299677	7.90e-09	75.0	511145	N/A
72_8_1216_4221_10217/1	gi|2463378371|dbj|AP027461.1|	95.652	46	2	0	15	60	1628404	1628359	7.90e-09	75.0	511145	N/A
72_8_1216_4221_10217/1	gi|685049067|emb|LN597579.1|	100.000	40	0	0	10	49	1397	1436	7.90e-09	75.0	7962	N/A
72_8_1183_41388_26452/1	gi|2978724457|gb|PV611058.1|	88.722	133	4	5	8	137	295320	295444	3.55e-32	152	3421660	N/A
72_8_1183_41388_26452/1	gi|2978724457|gb|PV611058.1|	92.063	63	1	3	8	67	295783	295844	3.65e-12	86.1	3421660	N/A
72_8_1183_41388_26452/1	gi|2830983252|gb|CP170844.1|	89.583	96	6	3	9	102	4083423	4083330	3.60e-22	119	573	N/A
72_8_1183_41388_26452/1	gi|2557643774|emb|OY673254.1|	95.652	46	2	0	9	54	21732	21777	7.90e-09	75.0	2697049	N/A
72_8_1183_41388_26452/1	gi|2463378371|dbj|AP027461.1|	95.652	46	2	0	9	54	1299632	1299677	7.90e-09	75.0	511145	N/A
72_8_1183_41388_26452/1	gi|2463378371|dbj|AP027461.1|	95.652	46	2	0	9	54	1628404	1628359	7.90e-09	75.0	511145	N/A
72_8_1183_41388_26452/1	gi|685042409|emb|LN590934.1|	95.652	46	0	2	5	48	458436	458481	2.84e-08	73.1	7962	N/A
72_8_1166_47199_7710/1	gi|2978724457|gb|PV611058.1|	88.976	127	9	4	14	137	295320	295444	3.55e-32	152	3421660	N/A
72_8_1166_47199_7710/1	gi|2978724457|gb|PV611058.1|	91.935	62	1	3	14	72	295783	295843	1.31e-11	84.2	3421660	N/A
72_8_1166_47199_7710/1	gi|2830983252|gb|CP170844.1|	91.489	94	6	1	15	106	4083423	4083330	5.98e-25	128	573	N/A
72_8_1166_47199_7710/1	gi|685049950|emb|LN598462.1|	95.833	48	0	2	9	54	1938274	1938321	2.20e-09	76.8	7962	N/A
72_8_1166_47199_7710/1	gi|2557643774|emb|OY673254.1|	95.652	46	2	0	15	60	21732	21777	7.90e-09	75.0	2697049	N/A
72_8_1166_47199_7710/1	gi|2463378371|dbj|AP027461.1|	95.652	46	2	0	15	60	1299632	1299677	7.90e-09	75.0	511145	N/A
72_8_1166_47199_7710/1	gi|2463378371|dbj|AP027461.1|	95.652	46	2	0	15	60	1628404	1628359	7.90e-09	75.0	511145	N/A
72_8_1311_29460_19504/1	gi|2978724457|gb|PV611058.1|	92.913	127	1	5	3	126	295323	295444	5.85e-40	178	3421660	N/A
72_8_1311_29460_19504/1	gi|2978724457|gb|PV611058.1|	91.379	58	1	3	3	57	295786	295842	2.20e-09	76.8	3421660	N/A
72_8_1311_29460_19504/1	gi|2830983252|gb|CP170844.1|	85.870	92	10	2	3	91	4083421	4083330	6.06e-15	95.3	573	N/A
72_8_1311_29460_19504/1	gi|2557643774|emb|OY673254.1|	95.455	44	2	0	3	46	21734	21777	1.02e-07	71.3	2697049	N/A
72_8_1311_29460_19504/1	gi|2463378371|dbj|AP027461.1|	95.455	44	2	0	3	46	1299634	1299677	1.02e-07	71.3	511145	N/A
72_8_1311_29460_19504/1	gi|2463378371|dbj|AP027461.1|	95.455	44	2	0	3	46	1628402	1628359	1.02e-07	71.3	511145	N/A
72_8_1311_29460_19504/1	gi|2991388621|dbj|AP040934.1|	100.000	35	0	0	2	36	4900949	4900915	4.75e-06	65.8	562	N/A
72_8_1311_29460_19504/1	gi|2991388621|dbj|AP040934.1|	100.000	34	0	0	3	36	146951	146984	1.71e-05	63.9	562	N/A
72_8_1351_37852_11114/1	gi|2165834303|emb|OV196009.1|	90.196	51	5	0	11	61	120	70	1.32e-06	67.6	2697049	N/A
72_8_1351_37852_11114/1	gi|2165834303|emb|OV196009.1|	95.122	41	2	0	15	55	29911	29951	4.75e-06	65.8	2697049	N/A
72_8_1351_37852_11114/1	gi|685048206|emb|LN596718.1|	97.368	38	1	0	13	50	51898	51935	4.75e-06	65.8	7962	N/A
72_8_1351_37852_11114/1	gi|2165836382|emb|OV196890.1|	95.122	41	2	0	11	51	122	82	4.75e-06	65.8	2697049	N/A
72_8_1351_37852_11114/1	gi|2165834670|emb|OV196177.1|	95.122	41	2	0	11	51	122	82	4.75e-06	65.8	2697049	N/A
72_8_1351_37852_11114/1	gi|2924925013|gb|PQ571295.1|	97.297	37	1	0	14	50	227	263	1.71e-05	63.9	3385244	N/A
72_8_2459_45823_19896/1	gi|2978724457|gb|PV611058.1|	94.355	124	1	5	1	121	295324	295444	3.50e-42	185	3421660	N/A
72_8_2459_45823_19896/1	gi|2978724457|gb|PV611058.1|	91.228	57	1	3	1	54	295787	295842	7.90e-09	75.0	3421660	N/A
72_8_2459_45823_19896/1	gi|2830983252|gb|CP170844.1|	81.522	92	14	2	1	90	4083420	4083330	2.84e-08	73.1	573	N/A
72_8_2459_45823_19896/1	gi|2557643774|emb|OY673254.1|	95.349	43	2	0	1	43	21735	21777	3.67e-07	69.4	2697049	N/A
72_8_2459_45823_19896/1	gi|2463378371|dbj|AP027461.1|	95.349	43	2	0	1	43	1299635	1299677	3.67e-07	69.4	511145	N/A
72_8_2459_45823_19896/1	gi|2463378371|dbj|AP027461.1|	95.349	43	2	0	1	43	1628401	1628359	3.67e-07	69.4	511145	N/A
72_8_2459_45823_19896/1	gi|2755084441|gb|PP943425.1|	93.182	44	1	2	1	43	67822	67780	1.71e-05	63.9	10258	N/A
72_8_2459_45823_19896/1	gi|2755084441|gb|PP943425.1|	93.023	43	1	2	1	42	67594	67635	6.15e-05	62.1	10258	N/A
72_8_2203_24257_7976/1	gi|2155043183|emb|OV015804.1|	97.436	39	1	0	7	45	29949	29911	1.32e-06	67.6	2697049	N/A
72_8_2203_24257_7976/1	gi|2991388636|dbj|AP040949.1|	97.368	38	1	0	7	44	3527636	3527673	4.75e-06	65.8	573	N/A
72_8_2203_24257_7976/1	gi|2560502367|emb|OY629453.1|	97.297	37	1	0	8	44	5917	5953	1.71e-05	63.9	2697049	N/A
72_8_2203_24257_7976/1	gi|2557638192|emb|OY694677.1|	91.489	47	2	2	9	54	4301	4346	1.71e-05	63.9	2697049	N/A
72_8_2203_24257_7976/1	gi|2165834303|emb|OV196009.1|	91.304	46	4	0	9	54	115	70	1.71e-05	63.9	2697049	N/A
72_8_2203_24257_7976/1	gi|2165834303|emb|OV196009.1|	95.000	40	2	0	9	48	29912	29951	1.71e-05	63.9	2697049	N/A
72_8_1124_49683_18118/1	gi|2978724457|gb|PV611058.1|	92.366	131	1	7	8	135	295320	295444	5.85e-40	178	3421660	N/A
72_8_1124_49683_18118/1	gi|2978724457|gb|PV611058.1|	91.803	61	1	3	8	65	295783	295842	4.72e-11	82.4	3421660	N/A
72_8_1124_49683_18118/1	gi|2830983252|gb|CP170844.1|	85.417	96	10	2	9	102	4083423	4083330	1.69e-15	97.1	573	N/A
72_8_1124_49683_18118/1	gi|2557643774|emb|OY673254.1|	95.652	46	2	0	9	54	21732	21777	7.90e-09	75.0	2697049	N/A
72_8_1124_49683_18118/1	gi|2557638192|emb|OY694677.1|	94.000	50	1	2	6	54	4298	4346	7.90e-09	75.0	2697049	N/A
72_8_1124_49683_18118/1	gi|2463378371|dbj|AP027461.1|	95.652	46	2	0	9	54	1299632	1299677	7.90e-09	75.0	511145	N/A
72_8_1124_49683_18118/1	gi|2463378371|dbj|AP027461.1|	95.652	46	2	0	9	54	1628404	1628359	7.90e-09	75.0	511145	N/A
72_8_2459_26693_20569/1	gi|2978724457|gb|PV611058.1|	92.000	125	1	7	15	136	295326	295444	1.27e-36	167	3421660	N/A
72_8_2459_26693_20569/1	gi|2978724457|gb|PV611058.1|	90.909	55	1	3	15	66	295789	295842	1.02e-07	71.3	3421660	N/A
72_8_2459_26693_20569/1	gi|2830983252|gb|CP170844.1|	82.418	91	12	3	15	103	4083418	4083330	2.20e-09	76.8	573	N/A
72_8_2459_26693_20569/1	gi|2557643774|emb|OY673254.1|	95.122	41	2	0	15	55	21737	21777	4.75e-06	65.8	2697049	N/A
72_8_2459_26693_20569/1	gi|2463378371|dbj|AP027461.1|	95.122	41	2	0	15	55	1299637	1299677	4.75e-06	65.8	511145	N/A
72_8_2459_26693_20569/1	gi|2463378371|dbj|AP027461.1|	95.122	41	2	0	15	55	1628399	1628359	4.75e-06	65.8	511145	N/A
72_8_2459_26693_20569/1	gi|2755084441|gb|PP943425.1|	92.857	42	1	2	15	55	67820	67780	2.21e-04	60.2	10258	N/A
72_8_2459_26693_20569/1	gi|2755084441|gb|PP943425.1|	92.683	41	1	2	15	54	67596	67635	7.95e-04	58.4	10258	N/A
72_8_2218_13074_24841/1	gi|2978724457|gb|PV611058.1|	92.366	131	1	6	8	135	295320	295444	5.85e-40	178	3421660	N/A
72_8_2218_13074_24841/1	gi|2978724457|gb|PV611058.1|	91.803	61	1	3	8	65	295783	295842	4.72e-11	82.4	3421660	N/A
72_8_2218_13074_24841/1	gi|2830983252|gb|CP170844.1|	87.234	94	9	2	9	99	4083423	4083330	1.01e-17	104	573	N/A
72_8_2218_13074_24841/1	gi|2557643774|emb|OY673254.1|	95.652	46	2	0	9	54	21732	21777	7.90e-09	75.0	2697049	N/A
72_8_2218_13074_24841/1	gi|2463378371|dbj|AP027461.1|	95.652	46	2	0	9	54	1299632	1299677	7.90e-09	75.0	511145	N/A
72_8_2218_13074_24841/1	gi|2463378371|dbj|AP027461.1|	95.652	46	2	0	9	54	1628404	1628359	7.90e-09	75.0	511145	N/A
72_8_2218_13074_24841/1	gi|685042530|emb|LN591055.1|	95.652	46	0	2	6	49	361337	361292	2.84e-08	73.1	7962	N/A
72_8_1345_48477_14798/1	gi|2978724457|gb|PV611058.1|	93.750	128	1	5	8	132	295321	295444	3.50e-42	185	3421660	N/A
72_8_1345_48477_14798/1	gi|2978724457|gb|PV611058.1|	91.667	60	1	3	8	64	295784	295842	1.70e-10	80.5	3421660	N/A
72_8_1345_48477_14798/1	gi|2830983252|gb|CP170844.1|	85.263	95	11	2	7	98	4083424	4083330	6.06e-15	95.3	573	N/A
72_8_1345_48477_14798/1	gi|2557643774|emb|OY673254.1|	95.652	46	2	0	8	53	21732	21777	7.90e-09	75.0	2697049	N/A
72_8_1345_48477_14798/1	gi|2463378371|dbj|AP027461.1|	95.652	46	2	0	8	53	1299632	1299677	7.90e-09	75.0	511145	N/A
72_8_1345_48477_14798/1	gi|2463378371|dbj|AP027461.1|	95.652	46	2	0	8	53	1628404	1628359	7.90e-09	75.0	511145	N/A
72_8_1345_48477_14798/1	gi|2755084441|gb|PP943425.1|	93.878	49	1	2	5	52	67588	67635	2.84e-08	73.1	10258	N/A
72_8_1345_48477_14798/1	gi|2755084441|gb|PP943425.1|	93.617	47	1	2	8	53	67825	67780	3.67e-07	69.4	10258	N/A
72_8_1269_15558_14966/1	gi|2978724457|gb|PV611058.1|	92.913	127	3	5	14	137	295321	295444	1.63e-40	180	3421660	N/A
72_8_1269_15558_14966/1	gi|2978724457|gb|PV611058.1|	91.667	60	1	3	14	70	295784	295842	1.70e-10	80.5	3421660	N/A
72_8_1269_15558_14966/1	gi|2830983252|gb|CP170844.1|	86.170	94	10	2	14	104	4083423	4083330	4.68e-16	99.0	573	N/A
72_8_1269_15558_14966/1	gi|2557643774|emb|OY673254.1|	95.652	46	2	0	14	59	21732	21777	7.90e-09	75.0	2697049	N/A
72_8_1269_15558_14966/1	gi|2463378371|dbj|AP027461.1|	95.652	46	2	0	14	59	1299632	1299677	7.90e-09	75.0	511145	N/A
72_8_1269_15558_14966/1	gi|2463378371|dbj|AP027461.1|	95.652	46	2	0	14	59	1628404	1628359	7.90e-09	75.0	511145	N/A
72_8_1269_15558_14966/1	gi|685043901|emb|LN592426.1|	94.118	51	0	3	5	53	375099	375148	7.90e-09	75.0	7962	N/A
72_8_2228_25366_28329/1	gi|2978724457|gb|PV611058.1|	90.625	128	8	3	12	137	295319	295444	1.27e-36	167	3421660	N/A
72_8_2228_25366_28329/1	gi|2978724457|gb|PV611058.1|	91.803	61	3	2	12	70	295782	295842	1.31e-11	84.2	3421660	N/A
72_8_2228_25366_28329/1	gi|2830983252|gb|CP170844.1|	89.362	94	8	1	14	105	4083423	4083330	1.29e-21	117	573	N/A
72_8_2228_25366_28329/1	gi|685042175|emb|LN590700.1|	100.000	42	0	0	6	47	14033949	14033908	6.10e-10	78.7	7962	N/A
72_8_2228_25366_28329/1	gi|685042175|emb|LN590700.1|	100.000	34	0	0	14	47	15778538	15778571	1.71e-05	63.9	7962	N/A
72_8_2228_25366_28329/1	gi|2557643774|emb|OY673254.1|	92.593	54	3	1	7	59	21724	21777	2.20e-09	76.8	2697049	N/A
72_8_2228_25366_28329/1	gi|1842001608|ref|NC_047813.1|	100.000	39	0	0	9	47	60	22	2.84e-08	73.1	1958907	N/A
72_8_2228_25366_28329/1	gi|1842001608|ref|NC_047813.1|	100.000	39	0	0	9	47	18488	18526	2.84e-08	73.1	1958907	N/A
72_8_2371_37075_16325/1	gi|3014747989|dbj|AP041609.1|	97.143	35	1	0	13	47	869009	868975	2.21e-04	60.2	1280	N/A
72_8_2371_37075_16325/1	gi|2719965819|gb|PP582185.1|	97.143	35	1	0	13	47	17846	17880	2.21e-04	60.2	3138323	N/A
72_8_1419_20073_11548/1	gi|2978724457|gb|PV611058.1|	96.000	125	1	3	15	136	295321	295444	1.25e-46	200	3421660	N/A
72_8_1419_20073_11548/1	gi|2978724457|gb|PV611058.1|	91.667	60	1	3	15	71	295784	295842	1.70e-10	80.5	3421660	N/A
72_8_1419_20073_11548/1	gi|2557643774|emb|OY673254.1|	95.652	46	2	0	15	60	21732	21777	7.90e-09	75.0	2697049	N/A
72_8_1419_20073_11548/1	gi|2463378371|dbj|AP027461.1|	95.652	46	2	0	15	60	1299632	1299677	7.90e-09	75.0	511145	N/A
72_8_1419_20073_11548/1	gi|2463378371|dbj|AP027461.1|	95.652	46	2	0	15	60	1628404	1628359	7.90e-09	75.0	511145	N/A
72_8_1419_20073_11548/1	gi|2924925013|gb|PQ571295.1|	100.000	39	0	0	11	49	225	263	2.84e-08	73.1	3385244	N/A
72_8_1419_20073_11548/1	gi|2830983252|gb|CP170844.1|	82.105	95	5	2	14	96	4083424	4083330	1.02e-07	71.3	573	N/A
72_8_1123_13146_17655/1	gi|2978724457|gb|PV611058.1|	91.667	132	1	7	7	135	295320	295444	7.57e-39	174	3421660	N/A
72_8_1123_13146_17655/1	gi|2978724457|gb|PV611058.1|	91.803	61	1	3	7	64	295783	295842	4.72e-11	82.4	3421660	N/A
72_8_1123_13146_17655/1	gi|2830983252|gb|CP170844.1|	86.316	95	10	2	8	100	4083423	4083330	1.30e-16	100	573	N/A
72_8_1123_13146_17655/1	gi|2557643774|emb|OY673254.1|	95.652	46	2	0	8	53	21732	21777	7.90e-09	75.0	2697049	N/A
72_8_1123_13146_17655/1	gi|2557638192|emb|OY694677.1|	94.000	50	1	2	5	53	4298	4346	7.90e-09	75.0	2697049	N/A
72_8_1123_13146_17655/1	gi|2463378371|dbj|AP027461.1|	95.652	46	2	0	8	53	1299632	1299677	7.90e-09	75.0	511145	N/A
72_8_1123_13146_17655/1	gi|2463378371|dbj|AP027461.1|	95.652	46	2	0	8	53	1628404	1628359	7.90e-09	75.0	511145	N/A
72_8_2466_36072_10637/1	gi|2978724457|gb|PV611058.1|	92.913	127	4	4	14	137	295320	295444	1.63e-40	180	3421660	N/A
72_8_2466_36072_10637/1	gi|2978724457|gb|PV611058.1|	91.803	61	1	3	14	71	295783	295842	4.72e-11	82.4	3421660	N/A
72_8_2466_36072_10637/1	gi|2830983252|gb|CP170844.1|	82.292	96	13	3	15	108	4083423	4083330	1.70e-10	80.5	573	N/A
72_8_2466_36072_10637/1	gi|2557643774|emb|OY673254.1|	91.379	58	4	1	4	60	21720	21777	6.10e-10	78.7	2697049	N/A
72_8_2466_36072_10637/1	gi|685042161|emb|LN590686.1|	94.231	52	0	3	5	54	20813821	20813871	2.20e-09	76.8	7962	N/A
72_8_2466_36072_10637/1	gi|685042161|emb|LN590686.1|	95.455	44	0	2	13	54	6380192	6380235	3.67e-07	69.4	7962	N/A
72_8_2466_36072_10637/1	gi|685042161|emb|LN590686.1|	95.238	42	0	2	15	54	4545831	4545872	4.75e-06	65.8	7962	N/A
72_8_2466_36072_10637/1	gi|685042161|emb|LN590686.1|	95.238	42	0	2	15	54	12304839	12304798	4.75e-06	65.8	7962	N/A
72_8_2466_36072_10637/1	gi|685042161|emb|LN590686.1|	95.238	42	0	2	15	54	17091846	17091887	4.75e-06	65.8	7962	N/A
72_8_2466_36072_10637/1	gi|685042161|emb|LN590686.1|	95.238	42	0	2	15	54	28125760	28125801	4.75e-06	65.8	7962	N/A
72_8_2466_36072_10637/1	gi|685042161|emb|LN590686.1|	94.872	39	0	2	18	54	12436830	12436868	2.21e-04	60.2	7962	N/A
72_8_2466_36072_10637/1	gi|2463378371|dbj|AP027461.1|	95.652	46	2	0	15	60	1299632	1299677	7.90e-09	75.0	511145	N/A
72_8_2466_36072_10637/1	gi|2463378371|dbj|AP027461.1|	95.652	46	2	0	15	60	1628404	1628359	7.90e-09	75.0	511145	N/A
72_8_1132_46762_15162/1	gi|2978724457|gb|PV611058.1|	91.935	124	5	5	17	137	295323	295444	3.52e-37	169	3421660	N/A
72_8_1132_46762_15162/1	gi|2978724457|gb|PV611058.1|	89.655	58	4	2	17	72	295786	295843	2.84e-08	73.1	3421660	N/A
72_8_1132_46762_15162/1	gi|2830983252|gb|CP170844.1|	84.783	92	9	3	17	103	4083421	4083330	1.01e-12	87.9	573	N/A
72_8_1132_46762_15162/1	gi|685048206|emb|LN596718.1|	97.561	41	1	0	11	51	51897	51937	1.02e-07	71.3	7962	N/A
72_8_1132_46762_15162/1	gi|2557643774|emb|OY673254.1|	95.349	43	2	0	17	59	21734	21776	3.67e-07	69.4	2697049	N/A
72_8_1132_46762_15162/1	gi|2497597930|dbj|AP025639.1|	97.500	40	1	0	17	56	1092579	1092540	3.67e-07	69.4	955	N/A
72_8_2175_47530_19070/1	gi|2557638192|emb|OY694677.1|	92.308	39	1	2	11	48	4309	4346	0.010	54.7	2697049	N/A
72_8_2175_47530_19070/1	gi|2165834303|emb|OV196009.1|	92.105	38	3	0	11	48	107	70	0.010	54.7	2697049	N/A
72_8_2175_47530_19070/1	gi|2165834303|emb|OV196009.1|	96.875	32	1	0	11	42	29920	29951	0.010	54.7	2697049	N/A
72_8_2175_47530_19070/1	gi|2155043183|emb|OV015804.1|	100.000	29	0	0	11	39	29939	29911	0.010	54.7	2697049	N/A
72_8_2175_47530_19070/1	gi|2991388636|dbj|AP040949.1|	100.000	28	0	0	11	38	3527646	3527673	0.037	52.8	573	N/A
72_8_2175_47530_19070/1	gi|2991388621|dbj|AP040934.1|	100.000	28	0	0	11	38	146957	146984	0.037	52.8	562	N/A
72_8_2175_47530_19070/1	gi|2991388621|dbj|AP040934.1|	100.000	28	0	0	11	38	4900942	4900915	0.037	52.8	562	N/A
72_8_2471_31581_18412/1	gi|2978724457|gb|PV611058.1|	89.600	125	9	3	16	137	295321	295444	2.74e-33	156	3421660	N/A
72_8_2471_31581_18412/1	gi|2978724457|gb|PV611058.1|	90.323	62	1	4	16	74	295784	295843	2.20e-09	76.8	3421660	N/A
72_8_2471_31581_18412/1	gi|2830983252|gb|CP170844.1|	85.417	96	10	3	16	109	4083423	4083330	1.69e-15	97.1	573	N/A
72_8_2471_31581_18412/1	gi|2557643774|emb|OY673254.1|	95.652	46	2	0	16	61	21732	21777	7.90e-09	75.0	2697049	N/A
72_8_2471_31581_18412/1	gi|2463378371|dbj|AP027461.1|	95.652	46	2	0	16	61	1299632	1299677	7.90e-09	75.0	511145	N/A
72_8_2471_31581_18412/1	gi|2463378371|dbj|AP027461.1|	95.652	46	2	0	16	61	1628404	1628359	7.90e-09	75.0	511145	N/A
72_8_2471_31581_18412/1	gi|685042206|emb|LN590731.1|	93.878	49	1	2	10	56	347604	347652	2.84e-08	73.1	7962	N/A
72_8_2295_25350_14405/1	gi|2978724457|gb|PV611058.1|	95.238	126	1	4	13	135	295321	295444	5.81e-45	195	3421660	N/A
72_8_2295_25350_14405/1	gi|2978724457|gb|PV611058.1|	91.667	60	1	3	13	69	295784	295842	1.70e-10	80.5	3421660	N/A
72_8_2295_25350_14405/1	gi|2830983252|gb|CP170844.1|	82.979	94	12	2	13	102	4083423	4083330	4.72e-11	82.4	573	N/A
72_8_2295_25350_14405/1	gi|2557643774|emb|OY673254.1|	95.652	46	2	0	13	58	21732	21777	7.90e-09	75.0	2697049	N/A
72_8_2295_25350_14405/1	gi|2463378371|dbj|AP027461.1|	93.878	49	3	0	10	58	1299629	1299677	7.90e-09	75.0	511145	N/A
72_8_2295_25350_14405/1	gi|2463378371|dbj|AP027461.1|	95.652	46	2	0	13	58	1628404	1628359	7.90e-09	75.0	511145	N/A
72_8_2295_25350_14405/1	gi|685047827|emb|LN596339.1|	94.000	50	1	2	5	52	601778	601827	7.90e-09	75.0	7962	N/A
72_8_1214_13705_7780/1	gi|2978724457|gb|PV611058.1|	90.551	127	7	4	14	137	295320	295444	1.64e-35	163	3421660	N/A
72_8_1214_13705_7780/1	gi|2978724457|gb|PV611058.1|	91.803	61	1	3	14	71	295783	295842	4.72e-11	82.4	3421660	N/A
72_8_1214_13705_7780/1	gi|2830983252|gb|CP170844.1|	89.362	94	8	1	15	106	4083423	4083330	1.29e-21	117	573	N/A
72_8_1214_13705_7780/1	gi|2557643774|emb|OY673254.1|	95.652	46	2	0	15	60	21732	21777	7.90e-09	75.0	2697049	N/A
72_8_1214_13705_7780/1	gi|2463378371|dbj|AP027461.1|	93.878	49	3	0	12	60	1299629	1299677	7.90e-09	75.0	511145	N/A
72_8_1214_13705_7780/1	gi|2463378371|dbj|AP027461.1|	95.652	46	2	0	15	60	1628404	1628359	7.90e-09	75.0	511145	N/A
72_8_1214_13705_7780/1	gi|685047827|emb|LN596339.1|	94.000	50	1	2	7	54	601778	601827	7.90e-09	75.0	7962	N/A
72_8_1387_43573_27629/1	gi|2978724457|gb|PV611058.1|	93.846	130	3	4	6	132	295317	295444	7.51e-44	191	3421660	N/A
72_8_1387_43573_27629/1	gi|2978724457|gb|PV611058.1|	89.062	64	3	3	6	66	295780	295842	2.20e-09	76.8	3421660	N/A
72_8_1387_43573_27629/1	gi|2830983252|gb|CP170844.1|	82.609	92	7	2	12	94	4083421	4083330	2.84e-08	73.1	573	N/A
72_8_1387_43573_27629/1	gi|2557643774|emb|OY673254.1|	95.455	44	2	0	12	55	21734	21777	1.02e-07	71.3	2697049	N/A
72_8_1387_43573_27629/1	gi|2463378371|dbj|AP027461.1|	95.455	44	2	0	12	55	1299634	1299677	1.02e-07	71.3	511145	N/A
72_8_1387_43573_27629/1	gi|2463378371|dbj|AP027461.1|	95.455	44	2	0	12	55	1628402	1628359	1.02e-07	71.3	511145	N/A
72_8_1387_43573_27629/1	gi|2991388608|dbj|AP040921.1|	97.500	40	1	0	6	45	3959	3998	3.67e-07	69.4	573	N/A
72_8_1407_19912_3283/1	gi|2978724457|gb|PV611058.1|	95.238	126	1	4	15	137	295321	295444	5.81e-45	195	3421660	N/A
72_8_1407_19912_3283/1	gi|2978724457|gb|PV611058.1|	91.667	60	1	3	15	71	295784	295842	1.70e-10	80.5	3421660	N/A
72_8_1407_19912_3283/1	gi|2830983252|gb|CP170844.1|	82.979	94	10	2	15	102	4083423	4083330	1.70e-10	80.5	573	N/A
72_8_1407_19912_3283/1	gi|2524352013|emb|OY072335.1|	97.778	45	1	0	4	48	21647	21691	6.10e-10	78.7	2697049	N/A
72_8_1407_19912_3283/1	gi|685046795|emb|LN595320.1|	95.833	48	0	2	9	54	140295	140342	2.20e-09	76.8	7962	N/A
72_8_1407_19912_3283/1	gi|685045018|emb|LN593543.1|	95.833	48	0	2	9	54	140101	140148	2.20e-09	76.8	7962	N/A
72_8_1265_21101_16325/1	gi|2155043183|emb|OV015804.1|	97.368	38	1	0	11	48	29948	29911	4.75e-06	65.8	2697049	N/A
72_8_1265_21101_16325/1	gi|2991388636|dbj|AP040949.1|	97.297	37	1	0	11	47	3527637	3527673	1.71e-05	63.9	573	N/A
72_8_1265_21101_16325/1	gi|2560502367|emb|OY629453.1|	97.297	37	1	0	11	47	5917	5953	1.71e-05	63.9	2697049	N/A
72_8_1265_21101_16325/1	gi|2557638192|emb|OY694677.1|	91.489	47	2	2	12	57	4301	4346	1.71e-05	63.9	2697049	N/A
72_8_1265_21101_16325/1	gi|2165834303|emb|OV196009.1|	91.304	46	4	0	12	57	115	70	1.71e-05	63.9	2697049	N/A
72_8_1265_21101_16325/1	gi|2165834303|emb|OV196009.1|	95.000	40	2	0	12	51	29912	29951	1.71e-05	63.9	2697049	N/A
72_8_1261_5604_21241/1	gi|2978724457|gb|PV611058.1|	89.313	131	9	4	10	137	295316	295444	2.12e-34	159	3421660	N/A
72_8_1261_5604_21241/1	gi|2978724457|gb|PV611058.1|	91.045	67	2	3	10	73	295779	295844	1.01e-12	87.9	3421660	N/A
72_8_1261_5604_21241/1	gi|2830983252|gb|CP170844.1|	86.458	96	9	3	15	108	4083423	4083330	3.62e-17	102	573	N/A
72_8_1261_5604_21241/1	gi|685042161|emb|LN590686.1|	94.231	52	0	3	5	54	20813821	20813871	2.20e-09	76.8	7962	N/A
72_8_1261_5604_21241/1	gi|685042161|emb|LN590686.1|	95.349	43	0	2	14	54	6380193	6380235	1.32e-06	67.6	7962	N/A
72_8_1261_5604_21241/1	gi|685042161|emb|LN590686.1|	95.238	42	0	2	15	54	4545831	4545872	4.75e-06	65.8	7962	N/A
72_8_1261_5604_21241/1	gi|685042161|emb|LN590686.1|	95.238	42	0	2	15	54	12304839	12304798	4.75e-06	65.8	7962	N/A
72_8_1261_5604_21241/1	gi|685042161|emb|LN590686.1|	95.238	42	0	2	15	54	17091846	17091887	4.75e-06	65.8	7962	N/A
72_8_1261_5604_21241/1	gi|685042161|emb|LN590686.1|	95.238	42	0	2	15	54	28125760	28125801	4.75e-06	65.8	7962	N/A
72_8_1261_5604_21241/1	gi|685042161|emb|LN590686.1|	94.872	39	0	2	18	54	12436830	12436868	2.21e-04	60.2	7962	N/A
72_8_1261_5604_21241/1	gi|2557643774|emb|OY673254.1|	95.652	46	2	0	15	60	21732	21777	7.90e-09	75.0	2697049	N/A
72_8_1261_5604_21241/1	gi|2557638192|emb|OY694677.1|	91.228	57	2	3	5	60	4292	4346	7.90e-09	75.0	2697049	N/A
72_8_1363_51706_26046/1	gi|2978724457|gb|PV611058.1|	96.000	125	1	3	9	130	295321	295444	1.25e-46	200	3421660	N/A
72_8_1363_51706_26046/1	gi|2978724457|gb|PV611058.1|	91.667	60	1	3	9	65	295784	295842	1.70e-10	80.5	3421660	N/A
72_8_1363_51706_26046/1	gi|2557643774|emb|OY673254.1|	95.652	46	2	0	9	54	21732	21777	7.90e-09	75.0	2697049	N/A
72_8_1363_51706_26046/1	gi|2463378371|dbj|AP027461.1|	95.652	46	2	0	9	54	1299632	1299677	7.90e-09	75.0	511145	N/A
72_8_1363_51706_26046/1	gi|2463378371|dbj|AP027461.1|	95.652	46	2	0	9	54	1628404	1628359	7.90e-09	75.0	511145	N/A
72_8_1363_51706_26046/1	gi|685042164|emb|LN590689.1|	95.745	47	0	2	4	48	16044098	16044144	7.90e-09	75.0	7962	N/A
72_8_1363_51706_26046/1	gi|685042164|emb|LN590689.1|	100.000	36	0	0	8	43	16451533	16451498	1.32e-06	67.6	7962	N/A
72_8_1363_51706_26046/1	gi|685042164|emb|LN590689.1|	95.238	42	0	2	9	48	6291547	6291588	4.75e-06	65.8	7962	N/A
72_8_1363_51706_26046/1	gi|2830983252|gb|CP170844.1|	81.915	94	5	2	9	90	4083423	4083330	3.67e-07	69.4	573	N/A
72_8_2342_10177_13635/1	gi|2978724457|gb|PV611058.1|	90.625	128	5	5	13	137	295321	295444	1.64e-35	163	3421660	N/A
72_8_2342_10177_13635/1	gi|2978724457|gb|PV611058.1|	91.525	59	1	3	13	68	295784	295841	6.10e-10	78.7	3421660	N/A
72_8_2342_10177_13635/1	gi|2830983252|gb|CP170844.1|	88.298	94	8	2	13	103	4083423	4083330	2.16e-19	110	573	N/A
72_8_2342_10177_13635/1	gi|2557643774|emb|OY673254.1|	95.652	46	2	0	13	58	21732	21777	7.90e-09	75.0	2697049	N/A
72_8_2342_10177_13635/1	gi|2463378371|dbj|AP027461.1|	95.652	46	2	0	13	58	1299632	1299677	7.90e-09	75.0	511145	N/A
72_8_2342_10177_13635/1	gi|2463378371|dbj|AP027461.1|	95.652	46	2	0	13	58	1628404	1628359	7.90e-09	75.0	511145	N/A
72_8_2342_10177_13635/1	gi|685043901|emb|LN592426.1|	94.118	51	0	3	4	52	375099	375148	7.90e-09	75.0	7962	N/A
72_8_1192_36250_15260/1	gi|2557638192|emb|OY694677.1|	92.500	40	1	2	1	39	4308	4346	0.003	56.5	2697049	N/A
72_8_1192_36250_15260/1	gi|2165834303|emb|OV196009.1|	92.308	39	3	0	1	39	108	70	0.003	56.5	2697049	N/A
72_8_1192_36250_15260/1	gi|2165834303|emb|OV196009.1|	96.970	33	1	0	1	33	29919	29951	0.003	56.5	2697049	N/A
72_8_1192_36250_15260/1	gi|2155043183|emb|OV015804.1|	100.000	30	0	0	1	30	29940	29911	0.003	56.5	2697049	N/A
72_8_1192_36250_15260/1	gi|2991388636|dbj|AP040949.1|	100.000	29	0	0	1	29	3527645	3527673	0.010	54.7	573	N/A
72_8_1192_36250_15260/1	gi|2991388621|dbj|AP040934.1|	100.000	29	0	0	1	29	146956	146984	0.010	54.7	562	N/A
72_8_1192_36250_15260/1	gi|2991388621|dbj|AP040934.1|	100.000	29	0	0	1	29	4900943	4900915	0.010	54.7	562	N/A
72_8_1214_38880_11296/1	gi|2978724457|gb|PV611058.1|	89.683	126	8	4	15	137	295321	295444	2.74e-33	156	3421660	N/A
72_8_1214_38880_11296/1	gi|2978724457|gb|PV611058.1|	91.667	60	1	3	15	71	295784	295842	1.70e-10	80.5	3421660	N/A
72_8_1214_38880_11296/1	gi|2830983252|gb|CP170844.1|	90.526	95	7	1	14	106	4083424	4083330	7.73e-24	124	573	N/A
72_8_1214_38880_11296/1	gi|2557643774|emb|OY673254.1|	95.652	46	2	0	15	60	21732	21777	7.90e-09	75.0	2697049	N/A
72_8_1214_38880_11296/1	gi|2463378371|dbj|AP027461.1|	93.878	49	3	0	12	60	1299629	1299677	7.90e-09	75.0	511145	N/A
72_8_1214_38880_11296/1	gi|2463378371|dbj|AP027461.1|	95.652	46	2	0	15	60	1628404	1628359	7.90e-09	75.0	511145	N/A
72_8_1214_38880_11296/1	gi|2557648311|emb|OY677105.1|	97.674	43	0	1	8	49	9636	9678	2.84e-08	73.1	2697049	N/A
72_8_2424_18593_4810/1	gi|2978724457|gb|PV611058.1|	93.023	129	3	5	12	137	295319	295444	1.26e-41	183	3421660	N/A
72_8_2424_18593_4810/1	gi|2978724457|gb|PV611058.1|	91.935	62	1	3	12	70	295782	295842	1.31e-11	84.2	3421660	N/A
72_8_2424_18593_4810/1	gi|2830983252|gb|CP170844.1|	86.170	94	10	2	14	104	4083423	4083330	4.68e-16	99.0	573	N/A
72_8_2424_18593_4810/1	gi|685042175|emb|LN590700.1|	96.078	51	0	2	6	54	14033949	14033899	4.72e-11	82.4	7962	N/A
72_8_2424_18593_4810/1	gi|685042175|emb|LN590700.1|	95.238	42	0	2	14	53	15778538	15778579	4.75e-06	65.8	7962	N/A
72_8_2424_18593_4810/1	gi|1842001608|ref|NC_047813.1|	94.118	51	1	2	9	59	18488	18536	2.20e-09	76.8	1958907	N/A
72_8_2424_18593_4810/1	gi|1842001608|ref|NC_047813.1|	97.674	43	1	0	9	51	60	18	7.90e-09	75.0	1958907	N/A
72_8_2424_18593_4810/1	gi|2557643774|emb|OY673254.1|	92.593	54	3	1	7	59	21724	21777	2.20e-09	76.8	2697049	N/A
72_8_1452_19645_17053/1	gi|2978724457|gb|PV611058.1|	95.238	126	1	4	15	137	295321	295444	5.81e-45	195	3421660	N/A
72_8_1452_19645_17053/1	gi|2978724457|gb|PV611058.1|	91.667	60	1	3	15	71	295784	295842	1.70e-10	80.5	3421660	N/A
72_8_1452_19645_17053/1	gi|2830983252|gb|CP170844.1|	83.158	95	8	2	14	100	4083424	4083330	1.70e-10	80.5	573	N/A
72_8_1452_19645_17053/1	gi|2557643774|emb|OY673254.1|	95.652	46	2	0	15	60	21732	21777	7.90e-09	75.0	2697049	N/A
72_8_1452_19645_17053/1	gi|2463378371|dbj|AP027461.1|	95.652	46	2	0	15	60	1299632	1299677	7.90e-09	75.0	511145	N/A
72_8_1452_19645_17053/1	gi|2463378371|dbj|AP027461.1|	95.652	46	2	0	15	60	1628404	1628359	7.90e-09	75.0	511145	N/A
72_8_1452_19645_17053/1	gi|2755084441|gb|PP943425.1|	93.878	49	1	2	12	59	67588	67635	2.84e-08	73.1	10258	N/A
72_8_1452_19645_17053/1	gi|2755084441|gb|PP943425.1|	93.617	47	1	2	15	60	67825	67780	3.67e-07	69.4	10258	N/A
72_8_1332_21846_6575/1	gi|2978724457|gb|PV611058.1|	94.118	119	3	3	22	137	295318	295435	5.85e-40	178	3421660	N/A
72_8_1332_21846_6575/1	gi|2978724457|gb|PV611058.1|	92.063	63	1	3	22	81	295781	295842	3.65e-12	86.1	3421660	N/A
72_8_1332_21846_6575/1	gi|2830983252|gb|CP170844.1|	84.043	94	11	2	25	114	4083423	4083330	1.01e-12	87.9	573	N/A
72_8_1332_21846_6575/1	gi|2557643774|emb|OY673254.1|	91.379	58	4	1	14	70	21720	21777	6.10e-10	78.7	2697049	N/A
72_8_1332_21846_6575/1	gi|685042175|emb|LN590700.1|	94.231	52	1	2	16	65	14033950	14033899	6.10e-10	78.7	7962	N/A
72_8_1332_21846_6575/1	gi|685042175|emb|LN590700.1|	95.238	42	0	2	25	64	15778538	15778579	4.75e-06	65.8	7962	N/A
72_8_1332_21846_6575/1	gi|2565360070|emb|OY632882.1|	100.000	40	0	0	20	59	22461	22500	7.90e-09	75.0	2697049	N/A
72_8_2244_44917_28805/1	gi|2978724457|gb|PV611058.1|	87.786	131	6	10	2	132	295324	295444	5.93e-30	145	3421660	N/A
72_8_2244_44917_28805/1	gi|2978724457|gb|PV611058.1|	88.333	60	1	5	2	58	295787	295843	1.32e-06	67.6	3421660	N/A
72_8_2244_44917_28805/1	gi|2830983252|gb|CP170844.1|	83.696	92	11	3	2	90	4083420	4083330	1.31e-11	84.2	573	N/A
72_8_2244_44917_28805/1	gi|2557643774|emb|OY673254.1|	95.349	43	2	0	2	44	21735	21777	3.67e-07	69.4	2697049	N/A
72_8_2244_44917_28805/1	gi|2463378371|dbj|AP027461.1|	95.349	43	2	0	2	44	1299635	1299677	3.67e-07	69.4	511145	N/A
72_8_2244_44917_28805/1	gi|2463378371|dbj|AP027461.1|	95.349	43	2	0	2	44	1628401	1628359	3.67e-07	69.4	511145	N/A
72_8_2244_44917_28805/1	gi|2755084441|gb|PP943425.1|	93.182	44	1	2	2	44	67822	67780	1.71e-05	63.9	10258	N/A
72_8_2244_44917_28805/1	gi|2755084441|gb|PP943425.1|	93.023	43	1	2	2	43	67594	67635	6.15e-05	62.1	10258	N/A
72_8_2183_26191_12360/1	gi|798386490|gb|AC256272.1|	90.511	137	11	2	2	137	64337	64202	1.63e-40	180	4513	N/A
72_8_2183_26191_12360/1	gi|2254980516|ref|XR_007302234.1|	89.855	138	13	1	1	137	1634	1771	2.10e-39	176	4572	N/A
72_8_2183_26191_12360/1	gi|6649559|gb|U49370.1|PJU49370	89.320	103	9	2	37	137	341	239	1.66e-25	130	4586	N/A
72_8_2183_26191_12360/1	gi|2912141648|gb|CP161330.1|	82.734	139	15	8	1	133	59743051	59742916	4.65e-21	115	83308	N/A
72_8_2183_26191_12360/1	gi|2649455466|ref|XM_062328087.1|	97.727	44	1	0	1	44	3688	3731	2.20e-09	76.8	29695	N/A
72_8_1352_35861_10833/1	gi|2978724457|gb|PV611058.1|	90.476	126	7	4	15	137	295321	295444	5.89e-35	161	3421660	N/A
72_8_1352_35861_10833/1	gi|2978724457|gb|PV611058.1|	91.667	60	1	3	15	71	295784	295842	1.70e-10	80.5	3421660	N/A
72_8_1352_35861_10833/1	gi|2830983252|gb|CP170844.1|	89.474	95	8	1	14	106	4083424	4083330	3.60e-22	119	573	N/A
72_8_1352_35861_10833/1	gi|2557643774|emb|OY673254.1|	95.652	46	2	0	15	60	21732	21777	7.90e-09	75.0	2697049	N/A
72_8_1352_35861_10833/1	gi|2463378371|dbj|AP027461.1|	95.652	46	2	0	15	60	1299632	1299677	7.90e-09	75.0	511145	N/A
72_8_1352_35861_10833/1	gi|2463378371|dbj|AP027461.1|	95.652	46	2	0	15	60	1628404	1628359	7.90e-09	75.0	511145	N/A
72_8_1352_35861_10833/1	gi|685042481|emb|LN591006.1|	95.745	47	0	2	10	54	494275	494321	7.90e-09	75.0	7962	N/A
72_8_2260_5685_26592/1	gi|2978724457|gb|PV611058.1|	87.597	129	8	4	12	137	295321	295444	2.13e-29	143	3421660	N/A
72_8_2260_5685_26592/1	gi|2978724457|gb|PV611058.1|	91.667	60	1	3	12	68	295784	295842	1.70e-10	80.5	3421660	N/A
72_8_2260_5685_26592/1	gi|2830983252|gb|CP170844.1|	89.474	95	7	2	12	104	4083423	4083330	1.29e-21	117	573	N/A
72_8_2260_5685_26592/1	gi|2557643774|emb|OY673254.1|	95.652	46	2	0	12	57	21732	21777	7.90e-09	75.0	2697049	N/A
72_8_2260_5685_26592/1	gi|2463378371|dbj|AP027461.1|	95.652	46	2	0	12	57	1299632	1299677	7.90e-09	75.0	511145	N/A
72_8_2260_5685_26592/1	gi|2463378371|dbj|AP027461.1|	95.652	46	2	0	12	57	1628404	1628359	7.90e-09	75.0	511145	N/A
72_8_2260_5685_26592/1	gi|685042206|emb|LN590731.1|	93.878	49	1	2	6	52	347604	347652	2.84e-08	73.1	7962	N/A
72_8_1467_40555_28763/1	gi|2978724457|gb|PV611058.1|	86.232	138	8	6	3	137	295315	295444	2.76e-28	139	3421660	N/A
72_8_1467_40555_28763/1	gi|2978724457|gb|PV611058.1|	87.879	66	4	3	3	65	295778	295842	7.90e-09	75.0	3421660	N/A
72_8_1467_40555_28763/1	gi|2557643774|emb|OY673254.1|	93.478	46	3	0	9	54	21732	21777	3.67e-07	69.4	2697049	N/A
72_8_1467_40555_28763/1	gi|2463378371|dbj|AP027461.1|	93.478	46	3	0	9	54	1299632	1299677	3.67e-07	69.4	511145	N/A
72_8_1467_40555_28763/1	gi|2463378371|dbj|AP027461.1|	93.478	46	3	0	9	54	1628404	1628359	3.67e-07	69.4	511145	N/A
72_8_1467_40555_28763/1	gi|2830983252|gb|CP170844.1|	80.000	100	12	4	9	106	4083423	4083330	1.32e-06	67.6	573	N/A
72_8_1467_40555_28763/1	gi|2155043183|emb|OV015804.1|	97.436	39	1	0	7	45	29949	29911	1.32e-06	67.6	2697049	N/A
72_8_2365_45418_12136/1	gi|2978724457|gb|PV611058.1|	91.852	135	4	5	7	137	295313	295444	4.52e-41	182	3421660	N/A
72_8_2365_45418_12136/1	gi|2978724457|gb|PV611058.1|	89.706	68	2	4	7	70	295776	295842	4.72e-11	82.4	3421660	N/A
72_8_2365_45418_12136/1	gi|2830983252|gb|CP170844.1|	86.170	94	10	2	14	104	4083423	4083330	4.68e-16	99.0	573	N/A
72_8_2365_45418_12136/1	gi|685042161|emb|LN590686.1|	94.231	52	0	3	4	53	20813821	20813871	2.20e-09	76.8	7962	N/A
72_8_2365_45418_12136/1	gi|685042161|emb|LN590686.1|	95.455	44	0	2	12	53	6380192	6380235	3.67e-07	69.4	7962	N/A
72_8_2365_45418_12136/1	gi|685042161|emb|LN590686.1|	95.238	42	0	2	14	53	4545831	4545872	4.75e-06	65.8	7962	N/A
72_8_2365_45418_12136/1	gi|685042161|emb|LN590686.1|	95.238	42	0	2	14	53	12304839	12304798	4.75e-06	65.8	7962	N/A
72_8_2365_45418_12136/1	gi|685042161|emb|LN590686.1|	90.385	52	2	3	4	53	17091837	17091887	4.75e-06	65.8	7962	N/A
72_8_2365_45418_12136/1	gi|685042161|emb|LN590686.1|	95.238	42	0	2	14	53	28125760	28125801	4.75e-06	65.8	7962	N/A
72_8_2365_45418_12136/1	gi|685042161|emb|LN590686.1|	94.872	39	0	2	17	53	12436830	12436868	2.21e-04	60.2	7962	N/A
72_8_2365_45418_12136/1	gi|2557643774|emb|OY673254.1|	95.652	46	2	0	14	59	21732	21777	7.90e-09	75.0	2697049	N/A
72_8_2365_45418_12136/1	gi|2463378371|dbj|AP027461.1|	95.652	46	2	0	14	59	1299632	1299677	7.90e-09	75.0	511145	N/A
72_8_2365_45418_12136/1	gi|2463378371|dbj|AP027461.1|	95.652	46	2	0	14	59	1628404	1628359	7.90e-09	75.0	511145	N/A
72_8_1408_12281_19742/1	gi|2978724457|gb|PV611058.1|	94.444	126	2	4	15	137	295321	295444	2.70e-43	189	3421660	N/A
72_8_1408_12281_19742/1	gi|2978724457|gb|PV611058.1|	91.667	60	1	3	15	71	295784	295842	1.70e-10	80.5	3421660	N/A
72_8_1408_12281_19742/1	gi|2830983252|gb|CP170844.1|	84.043	94	10	2	15	103	4083423	4083330	3.65e-12	86.1	573	N/A
72_8_1408_12281_19742/1	gi|2557643774|emb|OY673254.1|	95.652	46	2	0	15	60	21732	21777	7.90e-09	75.0	2697049	N/A
72_8_1408_12281_19742/1	gi|2463378371|dbj|AP027461.1|	93.878	49	3	0	12	60	1299629	1299677	7.90e-09	75.0	511145	N/A
72_8_1408_12281_19742/1	gi|2463378371|dbj|AP027461.1|	95.652	46	2	0	15	60	1628404	1628359	7.90e-09	75.0	511145	N/A
72_8_1408_12281_19742/1	gi|685049067|emb|LN597579.1|	100.000	40	0	0	10	49	1397	1436	7.90e-09	75.0	7962	N/A
72_8_1350_31540_9293/1	gi|2978724457|gb|PV611058.1|	95.238	126	1	4	7	129	295321	295444	5.81e-45	195	3421660	N/A
72_8_1350_31540_9293/1	gi|2978724457|gb|PV611058.1|	91.667	60	1	3	7	63	295784	295842	1.70e-10	80.5	3421660	N/A
72_8_1350_31540_9293/1	gi|2830983252|gb|CP170844.1|	83.333	96	8	2	5	92	4083425	4083330	4.72e-11	82.4	573	N/A
72_8_1350_31540_9293/1	gi|2557643774|emb|OY673254.1|	95.652	46	2	0	7	52	21732	21777	7.90e-09	75.0	2697049	N/A
72_8_1350_31540_9293/1	gi|2463378371|dbj|AP027461.1|	95.652	46	2	0	7	52	1299632	1299677	7.90e-09	75.0	511145	N/A
72_8_1350_31540_9293/1	gi|2463378371|dbj|AP027461.1|	95.652	46	2	0	7	52	1628404	1628359	7.90e-09	75.0	511145	N/A
72_8_1350_31540_9293/1	gi|2991388621|dbj|AP040934.1|	97.619	42	1	0	1	42	146943	146984	2.84e-08	73.1	562	N/A
72_8_1350_31540_9293/1	gi|2991388621|dbj|AP040934.1|	100.000	34	0	0	9	42	4900948	4900915	1.71e-05	63.9	562	N/A
72_8_2243_29533_15652/1	gi|2978724457|gb|PV611058.1|	89.600	125	9	3	16	137	295321	295444	2.74e-33	156	3421660	N/A
72_8_2243_29533_15652/1	gi|2978724457|gb|PV611058.1|	91.667	60	1	3	16	72	295784	295842	1.70e-10	80.5	3421660	N/A
72_8_2243_29533_15652/1	gi|2830983252|gb|CP170844.1|	88.421	95	8	2	16	108	4083423	4083330	6.02e-20	111	573	N/A
72_8_2243_29533_15652/1	gi|2524352013|emb|OY072335.1|	95.918	49	1	1	1	49	21644	21691	6.10e-10	78.7	2697049	N/A
72_8_2243_29533_15652/1	gi|685044439|emb|LN592964.1|	95.833	48	0	2	10	55	179349	179302	2.20e-09	76.8	7962	N/A
72_8_2243_29533_15652/1	gi|685042148|emb|LN590673.1|	95.833	48	0	2	10	55	9009491	9009538	2.20e-09	76.8	7962	N/A
72_8_2243_29533_15652/1	gi|685042148|emb|LN590673.1|	95.556	45	0	2	13	55	8955770	8955814	1.02e-07	71.3	7962	N/A
72_8_2243_29533_15652/1	gi|685042148|emb|LN590673.1|	93.182	44	2	1	10	52	9322680	9322723	1.71e-05	63.9	7962	N/A
72_8_1115_29703_17851/1	gi|2978724457|gb|PV611058.1|	94.444	126	2	4	15	137	295321	295444	2.70e-43	189	3421660	N/A
72_8_1115_29703_17851/1	gi|2978724457|gb|PV611058.1|	91.667	60	1	3	15	71	295784	295842	1.70e-10	80.5	3421660	N/A
72_8_1115_29703_17851/1	gi|2830983252|gb|CP170844.1|	84.043	94	12	2	15	105	4083423	4083330	1.01e-12	87.9	573	N/A
72_8_1115_29703_17851/1	gi|2557643774|emb|OY673254.1|	95.652	46	2	0	15	60	21732	21777	7.90e-09	75.0	2697049	N/A
72_8_1115_29703_17851/1	gi|2463378371|dbj|AP027461.1|	95.652	46	2	0	15	60	1299632	1299677	7.90e-09	75.0	511145	N/A
72_8_1115_29703_17851/1	gi|2463378371|dbj|AP027461.1|	95.652	46	2	0	15	60	1628404	1628359	7.90e-09	75.0	511145	N/A
72_8_1115_29703_17851/1	gi|685042524|emb|LN591049.1|	95.745	47	0	2	10	54	341738	341692	7.90e-09	75.0	7962	N/A
72_8_1311_38257_29128/1	gi|2978724457|gb|PV611058.1|	88.971	136	1	5	4	136	295320	295444	2.74e-33	156	3421660	N/A
72_8_1311_38257_29128/1	gi|2978724457|gb|PV611058.1|	91.803	61	1	3	4	61	295783	295842	4.72e-11	82.4	3421660	N/A
72_8_1311_38257_29128/1	gi|2830983252|gb|CP170844.1|	90.526	95	6	2	5	97	4083423	4083330	2.78e-23	122	573	N/A
72_8_1311_38257_29128/1	gi|2557643774|emb|OY673254.1|	95.652	46	2	0	5	50	21732	21777	7.90e-09	75.0	2697049	N/A
72_8_1311_38257_29128/1	gi|2463378371|dbj|AP027461.1|	95.652	46	2	0	5	50	1299632	1299677	7.90e-09	75.0	511145	N/A
72_8_1311_38257_29128/1	gi|2463378371|dbj|AP027461.1|	95.652	46	2	0	5	50	1628404	1628359	7.90e-09	75.0	511145	N/A
72_8_1311_38257_29128/1	gi|685050005|emb|LN598517.1|	95.652	46	0	2	1	44	113243	113288	2.84e-08	73.1	7962	N/A
72_8_1171_6219_22670/1	gi|2978724457|gb|PV611058.1|	93.701	127	1	5	2	125	295322	295444	1.26e-41	183	3421660	N/A
72_8_1171_6219_22670/1	gi|2978724457|gb|PV611058.1|	91.525	59	1	3	2	57	295785	295842	6.10e-10	78.7	3421660	N/A
72_8_1171_6219_22670/1	gi|2830983252|gb|CP170844.1|	84.946	93	9	2	2	89	4083422	4083330	2.82e-13	89.8	573	N/A
72_8_1171_6219_22670/1	gi|2557643774|emb|OY673254.1|	95.556	45	2	0	2	46	21733	21777	2.84e-08	73.1	2697049	N/A
72_8_1171_6219_22670/1	gi|2463378371|dbj|AP027461.1|	95.556	45	2	0	2	46	1299633	1299677	2.84e-08	73.1	511145	N/A
72_8_1171_6219_22670/1	gi|2463378371|dbj|AP027461.1|	95.556	45	2	0	2	46	1628403	1628359	2.84e-08	73.1	511145	N/A
72_8_1171_6219_22670/1	gi|2755084441|gb|PP943425.1|	93.478	46	1	2	2	46	67824	67780	1.32e-06	67.6	10258	N/A
72_8_1171_6219_22670/1	gi|2755084441|gb|PP943425.1|	93.333	45	1	2	2	45	67592	67635	4.75e-06	65.8	10258	N/A
72_8_2169_39325_12262/1	gi|2978724457|gb|PV611058.1|	92.063	126	6	3	15	137	295320	295444	7.57e-39	174	3421660	N/A
72_8_2169_39325_12262/1	gi|2978724457|gb|PV611058.1|	91.803	61	1	3	15	72	295783	295842	4.72e-11	82.4	3421660	N/A
72_8_2169_39325_12262/1	gi|2830983252|gb|CP170844.1|	87.234	94	8	2	16	105	4083423	4083330	1.01e-17	104	573	N/A
72_8_2169_39325_12262/1	gi|2557643774|emb|OY673254.1|	95.652	46	2	0	16	61	21732	21777	7.90e-09	75.0	2697049	N/A
72_8_2169_39325_12262/1	gi|2463378371|dbj|AP027461.1|	95.652	46	2	0	16	61	1299632	1299677	7.90e-09	75.0	511145	N/A
72_8_2169_39325_12262/1	gi|2463378371|dbj|AP027461.1|	95.652	46	2	0	16	61	1628404	1628359	7.90e-09	75.0	511145	N/A
72_8_2169_39325_12262/1	gi|685042188|emb|LN590713.1|	94.000	50	2	1	1	50	7120034	7120082	7.90e-09	75.0	7962	N/A
72_8_2169_39325_12262/1	gi|685042188|emb|LN590713.1|	100.000	30	0	0	16	45	16189618	16189589	0.003	56.5	7962	N/A
72_8_1462_21044_9755/1	gi|2557638192|emb|OY694677.1|	92.500	40	1	2	11	49	4308	4346	0.003	56.5	2697049	N/A
72_8_1462_21044_9755/1	gi|2165834303|emb|OV196009.1|	92.308	39	3	0	11	49	108	70	0.003	56.5	2697049	N/A
72_8_1462_21044_9755/1	gi|2165834303|emb|OV196009.1|	96.970	33	1	0	11	43	29919	29951	0.003	56.5	2697049	N/A
72_8_1462_21044_9755/1	gi|2155043183|emb|OV015804.1|	100.000	30	0	0	11	40	29940	29911	0.003	56.5	2697049	N/A
72_8_1462_21044_9755/1	gi|2991388636|dbj|AP040949.1|	100.000	29	0	0	11	39	3527645	3527673	0.010	54.7	573	N/A
72_8_1462_21044_9755/1	gi|2991388621|dbj|AP040934.1|	100.000	29	0	0	11	39	146956	146984	0.010	54.7	562	N/A
72_8_1462_21044_9755/1	gi|2991388621|dbj|AP040934.1|	100.000	29	0	0	11	39	4900943	4900915	0.010	54.7	562	N/A
72_8_2183_13114_18496/1	gi|2978724457|gb|PV611058.1|	90.551	127	8	4	13	137	295320	295444	4.55e-36	165	3421660	N/A
72_8_2183_13114_18496/1	gi|2978724457|gb|PV611058.1|	91.379	58	3	2	13	68	295783	295840	6.10e-10	78.7	3421660	N/A
72_8_2183_13114_18496/1	gi|2830983252|gb|CP170844.1|	87.234	94	10	1	14	105	4083423	4083330	2.80e-18	106	573	N/A
72_8_2183_13114_18496/1	gi|2557643774|emb|OY673254.1|	95.652	46	2	0	14	59	21732	21777	7.90e-09	75.0	2697049	N/A
72_8_2183_13114_18496/1	gi|685042188|emb|LN590713.1|	97.727	44	0	1	9	51	7120042	7120085	7.90e-09	75.0	7962	N/A
72_8_2183_13114_18496/1	gi|685042188|emb|LN590713.1|	100.000	30	0	0	14	43	16189618	16189589	0.003	56.5	7962	N/A
72_8_2183_13114_18496/1	gi|685042177|emb|LN590702.1|	95.652	46	0	2	4	47	6540849	6540894	2.84e-08	73.1	7962	N/A
72_8_2183_13114_18496/1	gi|685042177|emb|LN590702.1|	91.837	49	0	3	5	50	1157104	1157057	4.75e-06	65.8	7962	N/A
72_8_2183_13114_18496/1	gi|685042177|emb|LN590702.1|	100.000	34	0	0	14	47	1181065	1181098	1.71e-05	63.9	7962	N/A
72_8_2183_13114_18496/1	gi|685042177|emb|LN590702.1|	100.000	34	0	0	14	47	3995989	3995956	1.71e-05	63.9	7962	N/A
72_8_2183_13114_18496/1	gi|685042177|emb|LN590702.1|	100.000	34	0	0	14	47	6762499	6762532	1.71e-05	63.9	7962	N/A
72_8_2183_13114_18496/1	gi|685042177|emb|LN590702.1|	100.000	34	0	0	14	47	6862999	6863032	1.71e-05	63.9	7962	N/A
72_8_1264_25892_26494/1	gi|2978724457|gb|PV611058.1|	88.189	127	10	4	14	137	295320	295444	1.65e-30	147	3421660	N/A
72_8_1264_25892_26494/1	gi|2978724457|gb|PV611058.1|	91.935	62	1	3	14	72	295783	295843	1.31e-11	84.2	3421660	N/A
72_8_1264_25892_26494/1	gi|2830983252|gb|CP170844.1|	90.526	95	6	2	15	107	4083423	4083330	2.78e-23	122	573	N/A
72_8_1264_25892_26494/1	gi|685049950|emb|LN598462.1|	95.833	48	0	2	9	54	1938274	1938321	2.20e-09	76.8	7962	N/A
72_8_1264_25892_26494/1	gi|2557643774|emb|OY673254.1|	95.652	46	2	0	15	60	21732	21777	7.90e-09	75.0	2697049	N/A
72_8_1264_25892_26494/1	gi|2463378371|dbj|AP027461.1|	95.652	46	2	0	15	60	1299632	1299677	7.90e-09	75.0	511145	N/A
72_8_1264_25892_26494/1	gi|2463378371|dbj|AP027461.1|	95.652	46	2	0	15	60	1628404	1628359	7.90e-09	75.0	511145	N/A
72_8_1397_34510_29030/1	gi|2978724457|gb|PV611058.1|	92.969	128	6	3	12	137	295318	295444	1.26e-41	183	3421660	N/A
72_8_1397_34510_29030/1	gi|2978724457|gb|PV611058.1|	90.323	62	4	2	12	71	295781	295842	1.70e-10	80.5	3421660	N/A
72_8_1397_34510_29030/1	gi|2830983252|gb|CP170844.1|	83.333	96	13	2	14	107	4083424	4083330	3.65e-12	86.1	573	N/A
72_8_1397_34510_29030/1	gi|2557643774|emb|OY673254.1|	95.652	46	2	0	15	60	21732	21777	7.90e-09	75.0	2697049	N/A
72_8_1397_34510_29030/1	gi|2165832678|emb|OV195277.1|	92.157	51	4	0	10	60	137	87	2.84e-08	73.1	2697049	N/A
72_8_1397_34510_29030/1	gi|2557649546|emb|OY678249.1|	100.000	38	0	0	12	49	10397	10434	1.02e-07	71.3	2697049	N/A
72_8_2180_43921_6827/1	gi|2978724457|gb|PV611058.1|	92.126	127	4	4	14	137	295321	295444	7.57e-39	174	3421660	N/A
72_8_2180_43921_6827/1	gi|2978724457|gb|PV611058.1|	91.667	60	1	3	14	70	295784	295842	1.70e-10	80.5	3421660	N/A
72_8_2180_43921_6827/1	gi|2830983252|gb|CP170844.1|	87.500	96	8	2	12	103	4083425	4083330	7.78e-19	108	573	N/A
72_8_2180_43921_6827/1	gi|1476019893|gb|MH883760.1|	94.000	50	1	1	10	59	58057	58010	7.90e-09	75.0	10376	N/A
72_8_2180_43921_6827/1	gi|1476019893|gb|MH883760.1|	100.000	34	0	0	14	47	88232	88199	1.71e-05	63.9	10376	N/A
72_8_2180_43921_6827/1	gi|2557643774|emb|OY673254.1|	95.652	46	2	0	14	59	21732	21777	7.90e-09	75.0	2697049	N/A
72_8_2180_43921_6827/1	gi|2463378371|dbj|AP027461.1|	95.652	46	2	0	14	59	1299632	1299677	7.90e-09	75.0	511145	N/A
72_8_2180_43921_6827/1	gi|2463378371|dbj|AP027461.1|	95.652	46	2	0	14	59	1628404	1628359	7.90e-09	75.0	511145	N/A
72_8_2467_34235_14013/1	gi|780644672|ref|XM_011690559.1|	100.000	31	0	0	1	31	1045	1075	7.95e-04	58.4	64793	N/A
72_8_2467_34235_14013/1	gi|685042188|emb|LN590713.1|	100.000	31	0	0	1	31	7120055	7120085	7.95e-04	58.4	7962	N/A
72_8_2467_34235_14013/1	gi|685042180|emb|LN590705.1|	100.000	31	0	0	1	31	2155411	2155441	7.95e-04	58.4	7962	N/A
72_8_2467_34235_14013/1	gi|2557388487|emb|OY649758.1|	100.000	30	0	0	1	30	2221	2250	0.003	56.5	2697049	N/A
72_8_2467_34235_14013/1	gi|2056797228|tpg|BK057247.1|	100.000	30	0	0	1	30	42098	42127	0.003	56.5	38018	N/A
72_8_1424_44569_13607/1	gi|2978724457|gb|PV611058.1|	91.339	127	5	4	14	137	295321	295444	3.52e-37	169	3421660	N/A
72_8_1424_44569_13607/1	gi|2978724457|gb|PV611058.1|	91.667	60	1	3	14	70	295784	295842	1.70e-10	80.5	3421660	N/A
72_8_1424_44569_13607/1	gi|2830983252|gb|CP170844.1|	84.536	97	11	2	13	107	4083424	4083330	2.18e-14	93.5	573	N/A
72_8_1424_44569_13607/1	gi|2557643774|emb|OY673254.1|	95.652	46	2	0	14	59	21732	21777	7.90e-09	75.0	2697049	N/A
72_8_1424_44569_13607/1	gi|2463378371|dbj|AP027461.1|	95.652	46	2	0	14	59	1299632	1299677	7.90e-09	75.0	511145	N/A
72_8_1424_44569_13607/1	gi|2463378371|dbj|AP027461.1|	95.652	46	2	0	14	59	1628404	1628359	7.90e-09	75.0	511145	N/A
72_8_1424_44569_13607/1	gi|685042481|emb|LN591006.1|	95.745	47	0	2	9	53	494275	494321	7.90e-09	75.0	7962	N/A
72_8_1226_9618_29254/1	gi|2830983252|gb|CP170844.1|	82.178	101	10	5	13	110	4083425	4083330	1.70e-10	80.5	573	N/A
72_8_1226_9618_29254/1	gi|2165836832|emb|OV197136.1|	91.837	49	1	3	13	59	118	71	4.75e-06	65.8	2697049	N/A
72_8_1226_9618_29254/1	gi|2165834303|emb|OV196009.1|	91.667	48	3	1	13	59	117	70	4.75e-06	65.8	2697049	N/A
72_8_1226_9618_29254/1	gi|2165834303|emb|OV196009.1|	95.122	41	1	1	14	53	29911	29951	1.71e-05	63.9	2697049	N/A
72_8_1226_9618_29254/1	gi|2165832678|emb|OV195277.1|	91.837	49	1	3	13	59	134	87	4.75e-06	65.8	2697049	N/A
72_8_1226_9618_29254/1	gi|2924925013|gb|PQ571295.1|	95.122	41	0	2	10	48	223	263	1.71e-05	63.9	3385244	N/A
72_8_1207_5944_27601/1	gi|2978724457|gb|PV611058.1|	93.651	126	3	4	15	137	295321	295444	1.26e-41	183	3421660	N/A
72_8_1207_5944_27601/1	gi|2978724457|gb|PV611058.1|	91.803	61	1	3	15	72	295784	295843	4.72e-11	82.4	3421660	N/A
72_8_1207_5944_27601/1	gi|2830983252|gb|CP170844.1|	83.158	95	13	2	15	107	4083423	4083330	1.31e-11	84.2	573	N/A
72_8_1207_5944_27601/1	gi|2557643774|emb|OY673254.1|	95.652	46	2	0	15	60	21732	21777	7.90e-09	75.0	2697049	N/A
72_8_1207_5944_27601/1	gi|2463378371|dbj|AP027461.1|	95.652	46	2	0	15	60	1299632	1299677	7.90e-09	75.0	511145	N/A
72_8_1207_5944_27601/1	gi|2463378371|dbj|AP027461.1|	95.652	46	2	0	15	60	1628404	1628359	7.90e-09	75.0	511145	N/A
72_8_1207_5944_27601/1	gi|685043901|emb|LN592426.1|	94.118	51	0	3	6	54	375099	375148	7.90e-09	75.0	7962	N/A
72_8_2185_24014_24477/1	gi|2991388636|dbj|AP040949.1|	100.000	36	0	0	13	48	4537864	4537899	1.32e-06	67.6	573	N/A
72_8_1412_23108_16381/1	gi|2978724457|gb|PV611058.1|	90.551	127	7	4	14	137	295320	295444	1.64e-35	163	3421660	N/A
72_8_1412_23108_16381/1	gi|2978724457|gb|PV611058.1|	91.803	61	1	3	14	71	295783	295842	4.72e-11	82.4	3421660	N/A
72_8_1412_23108_16381/1	gi|2830983252|gb|CP170844.1|	89.362	94	7	2	15	105	4083423	4083330	4.65e-21	115	573	N/A
72_8_1412_23108_16381/1	gi|2557643774|emb|OY673254.1|	95.652	46	2	0	15	60	21732	21777	7.90e-09	75.0	2697049	N/A
72_8_1412_23108_16381/1	gi|2463378371|dbj|AP027461.1|	93.878	49	3	0	12	60	1299629	1299677	7.90e-09	75.0	511145	N/A
72_8_1412_23108_16381/1	gi|2463378371|dbj|AP027461.1|	95.652	46	2	0	15	60	1628404	1628359	7.90e-09	75.0	511145	N/A
72_8_1412_23108_16381/1	gi|685047827|emb|LN596339.1|	94.000	50	1	2	7	54	601778	601827	7.90e-09	75.0	7962	N/A
72_8_1410_18099_13313/1	gi|2978724457|gb|PV611058.1|	91.200	125	7	3	16	137	295321	295444	1.27e-36	167	3421660	N/A
72_8_1410_18099_13313/1	gi|2978724457|gb|PV611058.1|	91.667	60	1	3	16	72	295784	295842	1.70e-10	80.5	3421660	N/A
72_8_1410_18099_13313/1	gi|2830983252|gb|CP170844.1|	88.298	94	9	1	16	107	4083423	4083330	6.02e-20	111	573	N/A
72_8_1410_18099_13313/1	gi|685042185|emb|LN590710.1|	97.727	44	1	0	6	49	9162079	9162122	2.20e-09	76.8	7962	N/A
72_8_1410_18099_13313/1	gi|685042185|emb|LN590710.1|	95.238	42	0	2	16	55	3790452	3790411	4.75e-06	65.8	7962	N/A
72_8_1410_18099_13313/1	gi|685042185|emb|LN590710.1|	95.238	42	0	2	16	55	6008694	6008735	4.75e-06	65.8	7962	N/A
72_8_1410_18099_13313/1	gi|685042185|emb|LN590710.1|	95.238	42	0	2	16	55	10218503	10218544	4.75e-06	65.8	7962	N/A
72_8_1410_18099_13313/1	gi|2557643774|emb|OY673254.1|	95.652	46	2	0	16	61	21732	21777	7.90e-09	75.0	2697049	N/A
72_8_1410_18099_13313/1	gi|2463378371|dbj|AP027461.1|	95.652	46	2	0	16	61	1299632	1299677	7.90e-09	75.0	511145	N/A
72_8_1410_18099_13313/1	gi|2463378371|dbj|AP027461.1|	95.652	46	2	0	16	61	1628404	1628359	7.90e-09	75.0	511145	N/A
72_8_1369_37593_9657/1	gi|2978724457|gb|PV611058.1|	91.111	135	5	5	3	135	295315	295444	2.10e-39	176	3421660	N/A
72_8_1369_37593_9657/1	gi|2978724457|gb|PV611058.1|	89.062	64	5	2	3	64	295778	295841	6.10e-10	78.7	3421660	N/A
72_8_1369_37593_9657/1	gi|2830983252|gb|CP170844.1|	86.458	96	10	2	7	99	4083425	4083330	3.62e-17	102	573	N/A
72_8_1369_37593_9657/1	gi|2557643774|emb|OY673254.1|	95.652	46	2	0	9	54	21732	21777	7.90e-09	75.0	2697049	N/A
72_8_1369_37593_9657/1	gi|2165832678|emb|OV195277.1|	93.878	49	3	0	6	54	135	87	7.90e-09	75.0	2697049	N/A
72_8_1369_37593_9657/1	gi|2165832904|emb|OV195202.1|	100.000	39	0	0	6	44	238	200	2.84e-08	73.1	2697049	N/A
72_8_2221_15372_18958/1	gi|2978724457|gb|PV611058.1|	92.308	130	1	7	8	134	295321	295444	2.10e-39	176	3421660	N/A
72_8_2221_15372_18958/1	gi|2978724457|gb|PV611058.1|	91.667	60	1	3	8	64	295784	295842	1.70e-10	80.5	3421660	N/A
72_8_2221_15372_18958/1	gi|2830983252|gb|CP170844.1|	85.567	97	11	2	6	100	4083425	4083330	4.68e-16	99.0	573	N/A
72_8_2221_15372_18958/1	gi|2557643774|emb|OY673254.1|	95.652	46	2	0	8	53	21732	21777	7.90e-09	75.0	2697049	N/A
72_8_2221_15372_18958/1	gi|2463378371|dbj|AP027461.1|	95.652	46	2	0	8	53	1299632	1299677	7.90e-09	75.0	511145	N/A
72_8_2221_15372_18958/1	gi|2463378371|dbj|AP027461.1|	95.652	46	2	0	8	53	1628404	1628359	7.90e-09	75.0	511145	N/A
72_8_2221_15372_18958/1	gi|2165836832|emb|OV197136.1|	93.878	49	1	2	6	53	118	71	2.84e-08	73.1	2697049	N/A
72_8_1140_50654_24421/1	gi|2978724457|gb|PV611058.1|	94.488	127	1	5	8	131	295321	295444	7.51e-44	191	3421660	N/A
72_8_1140_50654_24421/1	gi|2978724457|gb|PV611058.1|	91.667	60	1	3	8	64	295784	295842	1.70e-10	80.5	3421660	N/A
72_8_1140_50654_24421/1	gi|2830983252|gb|CP170844.1|	82.474	97	14	2	6	100	4083425	4083330	4.72e-11	82.4	573	N/A
72_8_1140_50654_24421/1	gi|2165836832|emb|OV197136.1|	94.118	51	1	2	4	53	120	71	2.20e-09	76.8	2697049	N/A
72_8_1140_50654_24421/1	gi|2165834303|emb|OV196009.1|	94.000	50	3	0	4	53	119	70	2.20e-09	76.8	2697049	N/A
72_8_1140_50654_24421/1	gi|2165834303|emb|OV196009.1|	97.561	41	1	0	7	47	29911	29951	1.02e-07	71.3	2697049	N/A
72_8_1140_50654_24421/1	gi|2165832678|emb|OV195277.1|	94.118	51	1	2	4	53	136	87	2.20e-09	76.8	2697049	N/A
72_8_1431_9715_12668/1	gi|2978724457|gb|PV611058.1|	90.698	129	7	4	12	137	295318	295444	1.27e-36	167	3421660	N/A
72_8_1431_9715_12668/1	gi|2978724457|gb|PV611058.1|	92.063	63	1	3	12	71	295781	295842	3.65e-12	86.1	3421660	N/A
72_8_1431_9715_12668/1	gi|2830983252|gb|CP170844.1|	89.362	94	7	2	15	105	4083423	4083330	4.65e-21	115	573	N/A
72_8_1431_9715_12668/1	gi|685042175|emb|LN590700.1|	92.857	56	1	3	3	55	14033954	14033899	6.10e-10	78.7	7962	N/A
72_8_1431_9715_12668/1	gi|685042175|emb|LN590700.1|	95.238	42	0	2	15	54	15778538	15778579	4.75e-06	65.8	7962	N/A
72_8_1431_9715_12668/1	gi|2557643774|emb|OY673254.1|	91.228	57	4	1	5	60	21721	21777	2.20e-09	76.8	2697049	N/A
72_8_1431_9715_12668/1	gi|2565360070|emb|OY632882.1|	100.000	40	0	0	10	49	22461	22500	7.90e-09	75.0	2697049	N/A
72_8_1174_17298_5819/1	gi|2978724457|gb|PV611058.1|	95.238	126	1	4	15	137	295321	295444	5.81e-45	195	3421660	N/A
72_8_1174_17298_5819/1	gi|2978724457|gb|PV611058.1|	91.667	60	1	3	15	71	295784	295842	1.70e-10	80.5	3421660	N/A
72_8_1174_17298_5819/1	gi|2830983252|gb|CP170844.1|	83.158	95	13	2	14	105	4083424	4083330	1.31e-11	84.2	573	N/A
72_8_1174_17298_5819/1	gi|2557643774|emb|OY673254.1|	95.652	46	2	0	15	60	21732	21777	7.90e-09	75.0	2697049	N/A
72_8_1174_17298_5819/1	gi|2463378371|dbj|AP027461.1|	95.652	46	2	0	15	60	1299632	1299677	7.90e-09	75.0	511145	N/A
72_8_1174_17298_5819/1	gi|2463378371|dbj|AP027461.1|	95.652	46	2	0	15	60	1628404	1628359	7.90e-09	75.0	511145	N/A
72_8_1174_17298_5819/1	gi|2755084441|gb|PP943425.1|	93.750	48	1	2	13	59	67589	67635	1.02e-07	71.3	10258	N/A
72_8_1174_17298_5819/1	gi|2755084441|gb|PP943425.1|	93.617	47	1	2	15	60	67825	67780	3.67e-07	69.4	10258	N/A
72_8_1270_21214_10918/1	gi|2978724457|gb|PV611058.1|	96.000	125	1	3	9	130	295321	295444	1.25e-46	200	3421660	N/A
72_8_1270_21214_10918/1	gi|2978724457|gb|PV611058.1|	91.667	60	1	3	9	65	295784	295842	1.70e-10	80.5	3421660	N/A
72_8_1270_21214_10918/1	gi|2557643774|emb|OY673254.1|	95.652	46	2	0	9	54	21732	21777	7.90e-09	75.0	2697049	N/A
72_8_1270_21214_10918/1	gi|2463378371|dbj|AP027461.1|	95.652	46	2	0	9	54	1299632	1299677	7.90e-09	75.0	511145	N/A
72_8_1270_21214_10918/1	gi|2463378371|dbj|AP027461.1|	95.652	46	2	0	9	54	1628404	1628359	7.90e-09	75.0	511145	N/A
72_8_1270_21214_10918/1	gi|2155043183|emb|OV015804.1|	100.000	40	0	0	6	45	29950	29911	7.90e-09	75.0	2697049	N/A
72_8_1270_21214_10918/1	gi|2830983252|gb|CP170844.1|	81.915	94	5	2	9	90	4083423	4083330	3.67e-07	69.4	573	N/A
72_8_1170_6454_17249/1	gi|2557654546|emb|OY684713.1|	91.667	48	3	1	5	51	21724	21771	4.75e-06	65.8	2697049	N/A
72_8_1170_6454_17249/1	gi|2319067183|gb|CP107088.1|	95.238	42	1	1	9	50	608307	608347	4.75e-06	65.8	630	N/A
72_8_1170_6454_17249/1	gi|2165834303|emb|OV196009.1|	91.489	47	4	0	15	61	116	70	4.75e-06	65.8	2697049	N/A
72_8_1170_6454_17249/1	gi|2165834303|emb|OV196009.1|	95.122	41	2	0	15	55	29911	29951	4.75e-06	65.8	2697049	N/A
72_8_1170_6454_17249/1	gi|2560516687|emb|OY701687.1|	91.489	47	3	1	5	50	21714	21760	1.71e-05	63.9	2697049	N/A
72_8_1170_6454_17249/1	gi|2560262722|emb|OY711698.1|	91.489	47	3	1	5	50	21782	21828	1.71e-05	63.9	2697049	N/A
72_8_1173_24039_19504/1	gi|2978724457|gb|PV611058.1|	87.500	136	1	6	2	134	295322	295444	2.13e-29	143	3421660	N/A
72_8_1173_24039_19504/1	gi|2978724457|gb|PV611058.1|	91.525	59	1	3	2	57	295785	295842	6.10e-10	78.7	3421660	N/A
72_8_1173_24039_19504/1	gi|2830983252|gb|CP170844.1|	85.714	98	7	5	2	97	4083422	4083330	1.69e-15	97.1	573	N/A
72_8_1173_24039_19504/1	gi|2557643774|emb|OY673254.1|	95.556	45	2	0	2	46	21733	21777	2.84e-08	73.1	2697049	N/A
72_8_1173_24039_19504/1	gi|2463378371|dbj|AP027461.1|	95.556	45	2	0	2	46	1299633	1299677	2.84e-08	73.1	511145	N/A
72_8_1173_24039_19504/1	gi|2463378371|dbj|AP027461.1|	95.556	45	2	0	2	46	1628403	1628359	2.84e-08	73.1	511145	N/A
72_8_1173_24039_19504/1	gi|2755084441|gb|PP943425.1|	93.478	46	1	2	2	46	67824	67780	1.32e-06	67.6	10258	N/A
72_8_1173_24039_19504/1	gi|2755084441|gb|PP943425.1|	93.333	45	1	2	2	45	67592	67635	4.75e-06	65.8	10258	N/A
72_8_2318_38621_23426/1	gi|2557638192|emb|OY694677.1|	92.308	39	1	2	1	38	4309	4346	0.010	54.7	2697049	N/A
72_8_2318_38621_23426/1	gi|2165834303|emb|OV196009.1|	92.105	38	3	0	1	38	107	70	0.010	54.7	2697049	N/A
72_8_2318_38621_23426/1	gi|2165834303|emb|OV196009.1|	96.875	32	1	0	1	32	29920	29951	0.010	54.7	2697049	N/A
72_8_2318_38621_23426/1	gi|2155043183|emb|OV015804.1|	100.000	29	0	0	1	29	29939	29911	0.010	54.7	2697049	N/A
72_8_2318_38621_23426/1	gi|2991388636|dbj|AP040949.1|	100.000	28	0	0	1	28	3527646	3527673	0.037	52.8	573	N/A
72_8_2318_38621_23426/1	gi|2991388621|dbj|AP040934.1|	100.000	28	0	0	1	28	146957	146984	0.037	52.8	562	N/A
72_8_2318_38621_23426/1	gi|2991388621|dbj|AP040934.1|	100.000	28	0	0	1	28	4900942	4900915	0.037	52.8	562	N/A
72_8_1445_18528_27139/1	gi|2978724457|gb|PV611058.1|	92.063	126	5	4	15	137	295321	295444	2.72e-38	172	3421660	N/A
72_8_1445_18528_27139/1	gi|2978724457|gb|PV611058.1|	91.667	60	1	3	15	71	295784	295842	1.70e-10	80.5	3421660	N/A
72_8_1445_18528_27139/1	gi|2830983252|gb|CP170844.1|	87.234	94	9	2	15	105	4083423	4083330	1.01e-17	104	573	N/A
72_8_1445_18528_27139/1	gi|2557643774|emb|OY673254.1|	92.593	54	3	1	8	60	21724	21777	2.20e-09	76.8	2697049	N/A
72_8_1445_18528_27139/1	gi|2463378371|dbj|AP027461.1|	95.652	46	2	0	15	60	1299632	1299677	7.90e-09	75.0	511145	N/A
72_8_1445_18528_27139/1	gi|2463378371|dbj|AP027461.1|	95.652	46	2	0	15	60	1628404	1628359	7.90e-09	75.0	511145	N/A
72_8_1445_18528_27139/1	gi|685044342|emb|LN592867.1|	95.745	47	0	2	10	54	33482	33436	7.90e-09	75.0	7962	N/A
72_8_2457_11609_16843/1	gi|2978724457|gb|PV611058.1|	93.701	127	3	4	14	137	295320	295444	3.50e-42	185	3421660	N/A
72_8_2457_11609_16843/1	gi|2978724457|gb|PV611058.1|	91.803	61	1	3	14	71	295783	295842	4.72e-11	82.4	3421660	N/A
72_8_2457_11609_16843/1	gi|2830983252|gb|CP170844.1|	85.106	94	11	2	15	105	4083423	4083330	2.18e-14	93.5	573	N/A
72_8_2457_11609_16843/1	gi|2557643774|emb|OY673254.1|	92.453	53	2	2	10	60	21725	21777	7.90e-09	75.0	2697049	N/A
72_8_2457_11609_16843/1	gi|2463378371|dbj|AP027461.1|	95.652	46	2	0	15	60	1299632	1299677	7.90e-09	75.0	511145	N/A
72_8_2457_11609_16843/1	gi|2463378371|dbj|AP027461.1|	95.652	46	2	0	15	60	1628404	1628359	7.90e-09	75.0	511145	N/A
72_8_2457_11609_16843/1	gi|685047827|emb|LN596339.1|	94.000	50	1	2	7	54	601778	601827	7.90e-09	75.0	7962	N/A
72_8_2350_38605_25388/1	gi|2978724457|gb|PV611058.1|	95.276	127	1	4	13	135	295319	295444	1.61e-45	196	3421660	N/A
72_8_2350_38605_25388/1	gi|2978724457|gb|PV611058.1|	90.323	62	2	3	13	71	295782	295842	6.10e-10	78.7	3421660	N/A
72_8_2350_38605_25388/1	gi|2557643774|emb|OY673254.1|	91.228	57	4	1	4	59	21720	21776	2.20e-09	76.8	2697049	N/A
72_8_2350_38605_25388/1	gi|2560250289|emb|OY708460.1|	93.878	49	1	2	12	59	6487	6534	2.84e-08	73.1	2697049	N/A
72_8_2350_38605_25388/1	gi|2463378371|dbj|AP027461.1|	95.556	45	2	0	15	59	1299632	1299676	2.84e-08	73.1	511145	N/A
72_8_2350_38605_25388/1	gi|2463378371|dbj|AP027461.1|	95.556	45	2	0	15	59	1628404	1628360	2.84e-08	73.1	511145	N/A
72_8_2350_38605_25388/1	gi|2830983252|gb|CP170844.1|	100.000	34	0	0	15	48	4083423	4083390	1.71e-05	63.9	573	N/A
72_8_1467_25439_24169/1	gi|2978724457|gb|PV611058.1|	91.200	125	7	3	16	137	295321	295444	1.27e-36	167	3421660	N/A
72_8_1467_25439_24169/1	gi|2978724457|gb|PV611058.1|	91.667	60	1	3	16	72	295784	295842	1.70e-10	80.5	3421660	N/A
72_8_1467_25439_24169/1	gi|2830983252|gb|CP170844.1|	88.542	96	8	2	14	106	4083425	4083330	1.67e-20	113	573	N/A
72_8_1467_25439_24169/1	gi|2165836832|emb|OV197136.1|	94.231	52	1	2	11	61	121	71	6.10e-10	78.7	2697049	N/A
72_8_1467_25439_24169/1	gi|2165834303|emb|OV196009.1|	94.118	51	3	0	11	61	120	70	6.10e-10	78.7	2697049	N/A
72_8_1467_25439_24169/1	gi|2165834303|emb|OV196009.1|	97.561	41	1	0	15	55	29911	29951	1.02e-07	71.3	2697049	N/A
72_8_1467_25439_24169/1	gi|2165832678|emb|OV195277.1|	94.231	52	1	2	11	61	137	87	6.10e-10	78.7	2697049	N/A
72_8_1310_25082_1925/1	gi|1973745234|dbj|LC529901.1|	100.000	33	0	0	16	48	89543	89575	6.15e-05	62.1	76106	N/A
72_8_2312_51156_3633/1	gi|2978724457|gb|PV611058.1|	90.476	126	8	4	14	137	295321	295444	1.64e-35	163	3421660	N/A
72_8_2312_51156_3633/1	gi|2978724457|gb|PV611058.1|	91.803	61	2	3	14	72	295784	295843	4.72e-11	82.4	3421660	N/A
72_8_2312_51156_3633/1	gi|2830983252|gb|CP170844.1|	89.474	95	7	3	14	106	4083423	4083330	1.29e-21	117	573	N/A
72_8_2312_51156_3633/1	gi|2557643774|emb|OY673254.1|	97.826	46	1	0	14	59	21732	21777	1.70e-10	80.5	2697049	N/A
72_8_2312_51156_3633/1	gi|685042185|emb|LN590710.1|	97.727	44	1	0	4	47	9162079	9162122	2.20e-09	76.8	7962	N/A
72_8_2312_51156_3633/1	gi|685042185|emb|LN590710.1|	100.000	34	0	0	14	47	3790452	3790419	1.71e-05	63.9	7962	N/A
72_8_2312_51156_3633/1	gi|685042185|emb|LN590710.1|	100.000	34	0	0	14	47	6008694	6008727	1.71e-05	63.9	7962	N/A
72_8_2312_51156_3633/1	gi|685042185|emb|LN590710.1|	100.000	34	0	0	14	47	10218503	10218536	1.71e-05	63.9	7962	N/A
72_8_2312_51156_3633/1	gi|2755084565|gb|PP943426.1|	92.157	51	2	2	14	62	121082	121032	1.02e-07	71.3	10258	N/A
72_8_1265_51115_17655/1	gi|2978724457|gb|PV611058.1|	92.683	123	1	5	2	121	295327	295444	9.79e-38	171	3421660	N/A
72_8_1265_51115_17655/1	gi|2978724457|gb|PV611058.1|	90.741	54	1	3	2	52	295790	295842	3.67e-07	69.4	3421660	N/A
72_8_1265_51115_17655/1	gi|2830983252|gb|CP170844.1|	85.227	88	9	2	2	85	4083417	4083330	1.01e-12	87.9	573	N/A
72_8_1265_51115_17655/1	gi|2557643774|emb|OY673254.1|	95.000	40	2	0	2	41	21738	21777	1.71e-05	63.9	2697049	N/A
72_8_1265_51115_17655/1	gi|2463378371|dbj|AP027461.1|	95.000	40	2	0	2	41	1299638	1299677	1.71e-05	63.9	511145	N/A
72_8_1265_51115_17655/1	gi|2463378371|dbj|AP027461.1|	95.000	40	2	0	2	41	1628398	1628359	1.71e-05	63.9	511145	N/A
72_8_1265_51115_17655/1	gi|2755084441|gb|PP943425.1|	92.683	41	1	2	2	41	67819	67780	7.95e-04	58.4	10258	N/A
72_8_1265_51115_17655/1	gi|2755084441|gb|PP943425.1|	92.500	40	1	2	2	40	67597	67635	0.003	56.5	10258	N/A
72_8_2311_7239_9475/1	gi|2978724457|gb|PV611058.1|	89.764	127	8	4	14	137	295320	295444	7.62e-34	158	3421660	N/A
72_8_2311_7239_9475/1	gi|2978724457|gb|PV611058.1|	91.803	61	1	3	14	71	295783	295842	4.72e-11	82.4	3421660	N/A
72_8_2311_7239_9475/1	gi|2830983252|gb|CP170844.1|	88.421	95	8	2	15	107	4083423	4083330	6.02e-20	111	573	N/A
72_8_2311_7239_9475/1	gi|2557643774|emb|OY673254.1|	95.652	46	2	0	15	60	21732	21777	7.90e-09	75.0	2697049	N/A
72_8_2311_7239_9475/1	gi|2463378371|dbj|AP027461.1|	95.652	46	2	0	15	60	1299632	1299677	7.90e-09	75.0	511145	N/A
72_8_2311_7239_9475/1	gi|2463378371|dbj|AP027461.1|	95.652	46	2	0	15	60	1628404	1628359	7.90e-09	75.0	511145	N/A
72_8_2311_7239_9475/1	gi|685042177|emb|LN590702.1|	92.593	54	0	4	5	54	6540849	6540902	7.90e-09	75.0	7962	N/A
72_8_2311_7239_9475/1	gi|685042177|emb|LN590702.1|	89.286	56	3	3	1	54	3996002	3995948	1.32e-06	67.6	7962	N/A
72_8_2311_7239_9475/1	gi|685042177|emb|LN590702.1|	89.286	56	3	3	2	54	6762485	6762540	1.32e-06	67.6	7962	N/A
72_8_2311_7239_9475/1	gi|685042177|emb|LN590702.1|	95.238	42	0	2	15	54	1181065	1181106	4.75e-06	65.8	7962	N/A
72_8_2311_7239_9475/1	gi|685042177|emb|LN590702.1|	95.238	42	0	2	15	54	6862999	6863040	4.75e-06	65.8	7962	N/A
72_8_2311_7239_9475/1	gi|685042177|emb|LN590702.1|	93.333	45	0	2	6	47	1157104	1157060	1.71e-05	63.9	7962	N/A
72_8_2109_11585_3325/1	gi|2155043183|emb|OV015804.1|	100.000	28	0	0	2	29	29938	29911	0.037	52.8	2697049	N/A
72_8_2396_23100_15050/1	gi|2978724457|gb|PV611058.1|	93.651	126	3	4	15	137	295321	295444	1.26e-41	183	3421660	N/A
72_8_2396_23100_15050/1	gi|2978724457|gb|PV611058.1|	90.000	60	2	3	15	71	295784	295842	7.90e-09	75.0	3421660	N/A
72_8_2396_23100_15050/1	gi|2830983252|gb|CP170844.1|	82.979	94	13	2	15	105	4083423	4083330	4.72e-11	82.4	573	N/A
72_8_2396_23100_15050/1	gi|2524352013|emb|OY072335.1|	97.727	44	1	0	5	48	21648	21691	2.20e-09	76.8	2697049	N/A
72_8_2396_23100_15050/1	gi|685042185|emb|LN590710.1|	95.556	45	2	0	4	48	9162078	9162122	2.84e-08	73.1	7962	N/A
72_8_2396_23100_15050/1	gi|685042185|emb|LN590710.1|	92.857	42	1	2	15	54	3790452	3790411	2.21e-04	60.2	7962	N/A
72_8_2396_23100_15050/1	gi|685042185|emb|LN590710.1|	92.857	42	1	2	15	54	6008694	6008735	2.21e-04	60.2	7962	N/A
72_8_2396_23100_15050/1	gi|685042185|emb|LN590710.1|	92.857	42	1	2	15	54	10218503	10218544	2.21e-04	60.2	7962	N/A
72_8_2396_23100_15050/1	gi|2557643774|emb|OY673254.1|	93.478	46	3	0	15	60	21732	21777	3.67e-07	69.4	2697049	N/A
72_8_2134_13624_13075/1	gi|2978724457|gb|PV611058.1|	90.551	127	7	4	14	137	295320	295444	1.64e-35	163	3421660	N/A
72_8_2134_13624_13075/1	gi|2978724457|gb|PV611058.1|	91.935	62	1	3	14	72	295783	295843	1.31e-11	84.2	3421660	N/A
72_8_2134_13624_13075/1	gi|2830983252|gb|CP170844.1|	89.362	94	8	1	15	106	4083423	4083330	1.29e-21	117	573	N/A
72_8_2134_13624_13075/1	gi|2557643774|emb|OY673254.1|	95.652	46	2	0	15	60	21732	21777	7.90e-09	75.0	2697049	N/A
72_8_2134_13624_13075/1	gi|2463378371|dbj|AP027461.1|	93.878	49	3	0	12	60	1299629	1299677	7.90e-09	75.0	511145	N/A
72_8_2134_13624_13075/1	gi|2463378371|dbj|AP027461.1|	95.652	46	2	0	15	60	1628404	1628359	7.90e-09	75.0	511145	N/A
72_8_2134_13624_13075/1	gi|685047827|emb|LN596339.1|	94.000	50	1	2	7	54	601778	601827	7.90e-09	75.0	7962	N/A
72_8_2171_9651_2835/1	gi|2978724457|gb|PV611058.1|	94.444	126	2	4	15	137	295321	295444	2.70e-43	189	3421660	N/A
72_8_2171_9651_2835/1	gi|2978724457|gb|PV611058.1|	91.667	60	1	3	15	71	295784	295842	1.70e-10	80.5	3421660	N/A
72_8_2171_9651_2835/1	gi|2557643774|emb|OY673254.1|	91.379	58	4	1	4	60	21720	21777	6.10e-10	78.7	2697049	N/A
72_8_2171_9651_2835/1	gi|2463378371|dbj|AP027461.1|	95.652	46	2	0	15	60	1299632	1299677	7.90e-09	75.0	511145	N/A
72_8_2171_9651_2835/1	gi|2463378371|dbj|AP027461.1|	95.652	46	2	0	15	60	1628404	1628359	7.90e-09	75.0	511145	N/A
72_8_2171_9651_2835/1	gi|2165836832|emb|OV197136.1|	92.593	54	1	3	8	60	122	71	7.90e-09	75.0	2697049	N/A
72_8_2171_9651_2835/1	gi|2830983252|gb|CP170844.1|	100.000	35	0	0	14	48	4083424	4083390	4.75e-06	65.8	573	N/A
72_8_2458_11973_22628/1	gi|2978724457|gb|PV611058.1|	87.879	132	5	8	9	137	295321	295444	5.93e-30	145	3421660	N/A
72_8_2458_11973_22628/1	gi|2978724457|gb|PV611058.1|	90.323	62	2	3	9	67	295784	295844	6.10e-10	78.7	3421660	N/A
72_8_2458_11973_22628/1	gi|2830983252|gb|CP170844.1|	85.567	97	9	4	9	103	4083423	4083330	1.69e-15	97.1	573	N/A
72_8_2458_11973_22628/1	gi|2463378371|dbj|AP027461.1|	92.593	54	2	2	3	54	1299624	1299677	2.20e-09	76.8	511145	N/A
72_8_2458_11973_22628/1	gi|2463378371|dbj|AP027461.1|	95.652	46	2	0	9	54	1628404	1628359	7.90e-09	75.0	511145	N/A
72_8_2458_11973_22628/1	gi|2557643774|emb|OY673254.1|	95.652	46	2	0	9	54	21732	21777	7.90e-09	75.0	2697049	N/A
72_8_2458_11973_22628/1	gi|2755084441|gb|PP943425.1|	93.617	47	1	2	9	54	67825	67780	3.67e-07	69.4	10258	N/A
72_8_2458_11973_22628/1	gi|2755084441|gb|PP943425.1|	91.837	49	2	2	6	53	67588	67635	1.32e-06	67.6	10258	N/A
72_8_1469_50921_19140/1	gi|2978724457|gb|PV611058.1|	93.701	127	2	4	14	137	295321	295444	3.50e-42	185	3421660	N/A
72_8_1469_50921_19140/1	gi|2978724457|gb|PV611058.1|	91.667	60	1	3	14	70	295784	295842	1.70e-10	80.5	3421660	N/A
72_8_1469_50921_19140/1	gi|2830983252|gb|CP170844.1|	85.106	94	11	2	14	104	4083423	4083330	2.18e-14	93.5	573	N/A
72_8_1469_50921_19140/1	gi|2557643774|emb|OY673254.1|	95.652	46	2	0	14	59	21732	21777	7.90e-09	75.0	2697049	N/A
72_8_1469_50921_19140/1	gi|2463378371|dbj|AP027461.1|	95.652	46	2	0	14	59	1299632	1299677	7.90e-09	75.0	511145	N/A
72_8_1469_50921_19140/1	gi|2463378371|dbj|AP027461.1|	95.652	46	2	0	14	59	1628404	1628359	7.90e-09	75.0	511145	N/A
72_8_1469_50921_19140/1	gi|685042524|emb|LN591049.1|	95.745	47	0	2	9	53	341738	341692	7.90e-09	75.0	7962	N/A
72_8_2340_48607_28105/1	gi|2978724457|gb|PV611058.1|	92.969	128	3	5	7	132	295321	295444	4.52e-41	182	3421660	N/A
72_8_2340_48607_28105/1	gi|2978724457|gb|PV611058.1|	91.667	60	3	2	7	64	295784	295843	4.72e-11	82.4	3421660	N/A
72_8_2340_48607_28105/1	gi|2830983252|gb|CP170844.1|	86.458	96	11	1	5	98	4083425	4083330	1.01e-17	104	573	N/A
72_8_2340_48607_28105/1	gi|2557643774|emb|OY673254.1|	95.652	46	2	0	7	52	21732	21777	7.90e-09	75.0	2697049	N/A
72_8_2340_48607_28105/1	gi|1476019893|gb|MH883760.1|	93.878	49	1	1	4	52	58056	58010	2.84e-08	73.1	10376	N/A
72_8_2340_48607_28105/1	gi|1476019893|gb|MH883760.1|	100.000	34	0	0	7	40	88232	88199	1.71e-05	63.9	10376	N/A
72_8_2340_48607_28105/1	gi|2165832678|emb|OV195277.1|	93.750	48	3	0	5	52	134	87	2.84e-08	73.1	2697049	N/A
72_8_1307_17767_14896/1	gi|2978724457|gb|PV611058.1|	91.270	126	6	4	15	137	295321	295444	1.27e-36	167	3421660	N/A
72_8_1307_17767_14896/1	gi|2978724457|gb|PV611058.1|	90.625	64	1	4	15	75	295784	295845	1.70e-10	80.5	3421660	N/A
72_8_1307_17767_14896/1	gi|2830983252|gb|CP170844.1|	84.375	96	11	3	15	108	4083423	4083330	7.84e-14	91.6	573	N/A
72_8_1307_17767_14896/1	gi|2557643774|emb|OY673254.1|	95.652	46	2	0	15	60	21732	21777	7.90e-09	75.0	2697049	N/A
72_8_1307_17767_14896/1	gi|2463378371|dbj|AP027461.1|	95.652	46	2	0	15	60	1299632	1299677	7.90e-09	75.0	511145	N/A
72_8_1307_17767_14896/1	gi|2463378371|dbj|AP027461.1|	95.652	46	2	0	15	60	1628404	1628359	7.90e-09	75.0	511145	N/A
72_8_1307_17767_14896/1	gi|2165836832|emb|OV197136.1|	92.593	54	1	3	8	60	122	71	7.90e-09	75.0	2697049	N/A
72_8_2324_28287_22992/1	gi|2978724457|gb|PV611058.1|	89.922	129	7	4	12	137	295319	295444	5.89e-35	161	3421660	N/A
72_8_2324_28287_22992/1	gi|2978724457|gb|PV611058.1|	91.935	62	1	3	12	70	295782	295842	1.31e-11	84.2	3421660	N/A
72_8_2324_28287_22992/1	gi|2830983252|gb|CP170844.1|	90.426	94	7	1	14	105	4083423	4083330	2.78e-23	122	573	N/A
72_8_2324_28287_22992/1	gi|2557643774|emb|OY673254.1|	92.593	54	3	1	7	59	21724	21777	2.20e-09	76.8	2697049	N/A
72_8_2324_28287_22992/1	gi|2560250289|emb|OY708460.1|	94.000	50	1	2	11	59	6487	6535	7.90e-09	75.0	2697049	N/A
72_8_2324_28287_22992/1	gi|2463378371|dbj|AP027461.1|	95.652	46	2	0	14	59	1299632	1299677	7.90e-09	75.0	511145	N/A
72_8_2324_28287_22992/1	gi|2463378371|dbj|AP027461.1|	95.652	46	2	0	14	59	1628404	1628359	7.90e-09	75.0	511145	N/A
72_8_2281_35230_22628/1	gi|2978724457|gb|PV611058.1|	91.406	128	5	4	13	137	295320	295444	9.79e-38	171	3421660	N/A
72_8_2281_35230_22628/1	gi|2978724457|gb|PV611058.1|	91.803	61	1	3	13	70	295783	295842	4.72e-11	82.4	3421660	N/A
72_8_2281_35230_22628/1	gi|2830983252|gb|CP170844.1|	88.298	94	9	1	14	105	4083423	4083330	6.02e-20	111	573	N/A
72_8_2281_35230_22628/1	gi|2557643774|emb|OY673254.1|	95.652	46	2	0	14	59	21732	21777	7.90e-09	75.0	2697049	N/A
72_8_2281_35230_22628/1	gi|2463378371|dbj|AP027461.1|	95.652	46	2	0	14	59	1299632	1299677	7.90e-09	75.0	511145	N/A
72_8_2281_35230_22628/1	gi|2463378371|dbj|AP027461.1|	95.652	46	2	0	14	59	1628404	1628359	7.90e-09	75.0	511145	N/A
72_8_2281_35230_22628/1	gi|2557638192|emb|OY694677.1|	93.878	49	1	2	12	59	4299	4346	2.84e-08	73.1	2697049	N/A
72_8_2315_26960_19798/1	gi|2978724457|gb|PV611058.1|	92.126	127	4	5	14	137	295321	295444	7.57e-39	174	3421660	N/A
72_8_2315_26960_19798/1	gi|2978724457|gb|PV611058.1|	91.667	60	1	3	14	70	295784	295842	1.70e-10	80.5	3421660	N/A
72_8_2315_26960_19798/1	gi|2830983252|gb|CP170844.1|	83.333	96	12	2	14	107	4083423	4083330	3.65e-12	86.1	573	N/A
72_8_2315_26960_19798/1	gi|2557643774|emb|OY673254.1|	95.652	46	2	0	14	59	21732	21777	7.90e-09	75.0	2697049	N/A
72_8_2315_26960_19798/1	gi|2463378371|dbj|AP027461.1|	92.453	53	2	2	9	59	1299625	1299677	7.90e-09	75.0	511145	N/A
72_8_2315_26960_19798/1	gi|2463378371|dbj|AP027461.1|	95.652	46	2	0	14	59	1628404	1628359	7.90e-09	75.0	511145	N/A
72_8_2315_26960_19798/1	gi|2560502367|emb|OY629453.1|	100.000	38	0	0	12	49	5916	5953	1.02e-07	71.3	2697049	N/A
72_8_1245_39123_24631/1	gi|2978724457|gb|PV611058.1|	94.574	129	1	5	12	137	295319	295444	5.81e-45	195	3421660	N/A
72_8_1245_39123_24631/1	gi|2978724457|gb|PV611058.1|	91.935	62	1	3	12	70	295782	295842	1.31e-11	84.2	3421660	N/A
72_8_1245_39123_24631/1	gi|2830983252|gb|CP170844.1|	84.043	94	11	2	14	103	4083423	4083330	1.01e-12	87.9	573	N/A
72_8_1245_39123_24631/1	gi|685042175|emb|LN590700.1|	96.154	52	0	2	5	54	14033950	14033899	1.31e-11	84.2	7962	N/A
72_8_1245_39123_24631/1	gi|685042175|emb|LN590700.1|	95.238	42	0	2	14	53	15778538	15778579	4.75e-06	65.8	7962	N/A
72_8_1245_39123_24631/1	gi|2557643774|emb|OY673254.1|	91.379	58	4	1	3	59	21720	21777	6.10e-10	78.7	2697049	N/A
72_8_1245_39123_24631/1	gi|1842001608|ref|NC_047813.1|	94.118	51	1	2	9	59	18488	18536	2.20e-09	76.8	1958907	N/A
72_8_1245_39123_24631/1	gi|1842001608|ref|NC_047813.1|	97.674	43	1	0	9	51	60	18	7.90e-09	75.0	1958907	N/A
72_8_1411_27073_21732/1	gi|2978724457|gb|PV611058.1|	90.152	132	1	4	2	130	295322	295444	5.89e-35	161	3421660	N/A
72_8_1411_27073_21732/1	gi|2978724457|gb|PV611058.1|	91.525	59	1	3	2	57	295785	295842	6.10e-10	78.7	3421660	N/A
72_8_1411_27073_21732/1	gi|2830983252|gb|CP170844.1|	90.323	93	6	2	2	91	4083422	4083330	3.60e-22	119	573	N/A
72_8_1411_27073_21732/1	gi|2557643774|emb|OY673254.1|	95.556	45	2	0	2	46	21733	21777	2.84e-08	73.1	2697049	N/A
72_8_1411_27073_21732/1	gi|2463378371|dbj|AP027461.1|	95.556	45	2	0	2	46	1299633	1299677	2.84e-08	73.1	511145	N/A
72_8_1411_27073_21732/1	gi|2463378371|dbj|AP027461.1|	95.556	45	2	0	2	46	1628403	1628359	2.84e-08	73.1	511145	N/A
72_8_1411_27073_21732/1	gi|2755084441|gb|PP943425.1|	93.478	46	1	2	2	46	67824	67780	1.32e-06	67.6	10258	N/A
72_8_1411_27073_21732/1	gi|2755084441|gb|PP943425.1|	93.333	45	1	2	2	45	67592	67635	4.75e-06	65.8	10258	N/A
72_8_1231_21368_17095/1	gi|2978724457|gb|PV611058.1|	91.339	127	6	4	14	137	295320	295444	3.52e-37	169	3421660	N/A
72_8_1231_21368_17095/1	gi|2978724457|gb|PV611058.1|	92.063	63	1	3	14	73	295783	295844	3.65e-12	86.1	3421660	N/A
72_8_1231_21368_17095/1	gi|2830983252|gb|CP170844.1|	88.298	94	8	2	15	105	4083423	4083330	2.16e-19	110	573	N/A
72_8_1231_21368_17095/1	gi|2557643774|emb|OY673254.1|	91.228	57	4	1	5	60	21721	21777	2.20e-09	76.8	2697049	N/A
72_8_1231_21368_17095/1	gi|685042161|emb|LN590686.1|	94.231	52	0	3	5	54	20813821	20813871	2.20e-09	76.8	7962	N/A
72_8_1231_21368_17095/1	gi|685042161|emb|LN590686.1|	95.455	44	0	2	13	54	6380192	6380235	3.67e-07	69.4	7962	N/A
72_8_1231_21368_17095/1	gi|685042161|emb|LN590686.1|	95.238	42	0	2	15	54	4545831	4545872	4.75e-06	65.8	7962	N/A
72_8_1231_21368_17095/1	gi|685042161|emb|LN590686.1|	95.238	42	0	2	15	54	12304839	12304798	4.75e-06	65.8	7962	N/A
72_8_1231_21368_17095/1	gi|685042161|emb|LN590686.1|	95.238	42	0	2	15	54	17091846	17091887	4.75e-06	65.8	7962	N/A
72_8_1231_21368_17095/1	gi|685042161|emb|LN590686.1|	95.238	42	0	2	15	54	28125760	28125801	4.75e-06	65.8	7962	N/A
72_8_1231_21368_17095/1	gi|685042161|emb|LN590686.1|	94.872	39	0	2	18	54	12436830	12436868	2.21e-04	60.2	7962	N/A
72_8_1231_21368_17095/1	gi|2463378371|dbj|AP027461.1|	95.652	46	2	0	15	60	1299632	1299677	7.90e-09	75.0	511145	N/A
72_8_1231_21368_17095/1	gi|2463378371|dbj|AP027461.1|	95.652	46	2	0	15	60	1628404	1628359	7.90e-09	75.0	511145	N/A
72_8_2330_50120_27643/1	gi|2978724457|gb|PV611058.1|	89.600	125	10	3	15	137	295321	295444	2.74e-33	156	3421660	N/A
72_8_2330_50120_27643/1	gi|2978724457|gb|PV611058.1|	91.379	58	3	2	15	70	295784	295841	6.10e-10	78.7	3421660	N/A
72_8_2330_50120_27643/1	gi|2830983252|gb|CP170844.1|	87.755	98	7	3	13	107	4083425	4083330	2.16e-19	110	573	N/A
72_8_2330_50120_27643/1	gi|2557643774|emb|OY673254.1|	95.652	46	2	0	15	60	21732	21777	7.90e-09	75.0	2697049	N/A
72_8_2330_50120_27643/1	gi|2165832678|emb|OV195277.1|	92.453	53	3	1	8	60	138	87	7.90e-09	75.0	2697049	N/A
72_8_2330_50120_27643/1	gi|2565352131|emb|OY625234.1|	100.000	39	0	0	10	48	23681	23719	2.84e-08	73.1	2697049	N/A
72_8_2221_12548_18664/1	gi|2978724457|gb|PV611058.1|	90.769	130	3	7	10	136	295321	295444	4.55e-36	165	3421660	N/A
72_8_2221_12548_18664/1	gi|2978724457|gb|PV611058.1|	88.136	59	5	2	10	66	295784	295842	3.67e-07	69.4	3421660	N/A
72_8_2221_12548_18664/1	gi|2830983252|gb|CP170844.1|	81.250	96	14	4	10	103	4083423	4083330	7.90e-09	75.0	573	N/A
72_8_2221_12548_18664/1	gi|2155043183|emb|OV015804.1|	100.000	40	0	0	7	46	29950	29911	7.90e-09	75.0	2697049	N/A
72_8_2221_12548_18664/1	gi|685049785|emb|LN598297.1|	95.652	46	0	2	6	49	83359	83314	2.84e-08	73.1	7962	N/A
72_8_2221_12548_18664/1	gi|685046718|emb|LN595243.1|	100.000	39	0	0	5	43	104397	104435	2.84e-08	73.1	7962	N/A
72_8_1152_15623_19028/1	gi|685042180|emb|LN590705.1|	95.349	43	0	2	14	54	14508259	14508301	1.32e-06	67.6	7962	N/A
72_8_1224_30302_11380/1	gi|2978724457|gb|PV611058.1|	91.603	131	1	6	8	135	295321	295444	2.72e-38	172	3421660	N/A
72_8_1224_30302_11380/1	gi|2978724457|gb|PV611058.1|	91.667	60	1	3	8	64	295784	295842	1.70e-10	80.5	3421660	N/A
72_8_1224_30302_11380/1	gi|2830983252|gb|CP170844.1|	88.421	95	9	1	7	99	4083424	4083330	1.67e-20	113	573	N/A
72_8_1224_30302_11380/1	gi|2557643774|emb|OY673254.1|	95.652	46	2	0	8	53	21732	21777	7.90e-09	75.0	2697049	N/A
72_8_1224_30302_11380/1	gi|2463378371|dbj|AP027461.1|	95.652	46	2	0	8	53	1299632	1299677	7.90e-09	75.0	511145	N/A
72_8_1224_30302_11380/1	gi|2463378371|dbj|AP027461.1|	95.652	46	2	0	8	53	1628404	1628359	7.90e-09	75.0	511145	N/A
72_8_1224_30302_11380/1	gi|2755084441|gb|PP943425.1|	93.878	49	1	2	5	52	67588	67635	2.84e-08	73.1	10258	N/A
72_8_1224_30302_11380/1	gi|2755084441|gb|PP943425.1|	93.617	47	1	2	8	53	67825	67780	3.67e-07	69.4	10258	N/A
72_8_1105_25722_29394/1	gi|2978724457|gb|PV611058.1|	87.313	134	6	8	2	135	295322	295444	2.13e-29	143	3421660	N/A
72_8_1105_25722_29394/1	gi|2978724457|gb|PV611058.1|	88.525	61	1	5	2	59	295785	295842	3.67e-07	69.4	3421660	N/A
72_8_1105_25722_29394/1	gi|2830983252|gb|CP170844.1|	85.106	94	10	3	2	92	4083422	4083330	2.18e-14	93.5	573	N/A
72_8_1105_25722_29394/1	gi|2557643774|emb|OY673254.1|	93.478	46	2	1	2	47	21733	21777	1.32e-06	67.6	2697049	N/A
72_8_1105_25722_29394/1	gi|2463378371|dbj|AP027461.1|	93.478	46	2	1	2	47	1299633	1299677	1.32e-06	67.6	511145	N/A
72_8_1105_25722_29394/1	gi|2463378371|dbj|AP027461.1|	93.478	46	2	1	2	47	1628403	1628359	1.32e-06	67.6	511145	N/A
72_8_1105_25722_29394/1	gi|2755084441|gb|PP943425.1|	91.489	47	1	3	2	47	67824	67780	6.15e-05	62.1	10258	N/A
72_8_1105_25722_29394/1	gi|2755084441|gb|PP943425.1|	91.304	46	1	3	2	46	67592	67635	2.21e-04	60.2	10258	N/A
72_8_1192_48089_20765/1	gi|2978724457|gb|PV611058.1|	94.444	126	2	4	8	130	295321	295444	2.70e-43	189	3421660	N/A
72_8_1192_48089_20765/1	gi|2978724457|gb|PV611058.1|	90.000	60	2	3	8	64	295784	295842	7.90e-09	75.0	3421660	N/A
72_8_1192_48089_20765/1	gi|2830983252|gb|CP170844.1|	82.105	95	14	2	7	98	4083424	4083330	6.10e-10	78.7	573	N/A
72_8_1192_48089_20765/1	gi|2557643774|emb|OY673254.1|	93.478	46	3	0	8	53	21732	21777	3.67e-07	69.4	2697049	N/A
72_8_1192_48089_20765/1	gi|2463378371|dbj|AP027461.1|	93.478	46	3	0	8	53	1299632	1299677	3.67e-07	69.4	511145	N/A
72_8_1192_48089_20765/1	gi|2463378371|dbj|AP027461.1|	93.478	46	3	0	8	53	1628404	1628359	3.67e-07	69.4	511145	N/A
72_8_1192_48089_20765/1	gi|2755084441|gb|PP943425.1|	91.837	49	2	2	5	52	67588	67635	1.32e-06	67.6	10258	N/A
72_8_1192_48089_20765/1	gi|2755084441|gb|PP943425.1|	91.489	47	2	2	8	53	67825	67780	1.71e-05	63.9	10258	N/A
72_8_1122_39875_28175/1	gi|2978724457|gb|PV611058.1|	88.542	96	7	3	45	137	295321	295415	1.67e-20	113	3421660	N/A
72_8_1122_39875_28175/1	gi|2978724457|gb|PV611058.1|	91.667	60	1	3	45	101	295784	295842	1.70e-10	80.5	3421660	N/A
72_8_1122_39875_28175/1	gi|2830983252|gb|CP170844.1|	87.629	97	9	2	43	137	4083425	4083330	2.16e-19	110	573	N/A
72_8_1122_39875_28175/1	gi|2557643774|emb|OY673254.1|	95.652	46	2	0	45	90	21732	21777	7.90e-09	75.0	2697049	N/A
72_8_1122_39875_28175/1	gi|2463378371|dbj|AP027461.1|	95.652	46	2	0	45	90	1299632	1299677	7.90e-09	75.0	511145	N/A
72_8_1122_39875_28175/1	gi|2463378371|dbj|AP027461.1|	95.652	46	2	0	45	90	1628404	1628359	7.90e-09	75.0	511145	N/A
72_8_1122_39875_28175/1	gi|2524352013|emb|OY072335.1|	95.556	45	2	0	34	78	21647	21691	2.84e-08	73.1	2697049	N/A
72_8_1255_39017_10329/1	gi|2978724457|gb|PV611058.1|	90.840	131	1	6	2	129	295322	295444	4.55e-36	165	3421660	N/A
72_8_1255_39017_10329/1	gi|2978724457|gb|PV611058.1|	91.667	60	1	3	2	58	295785	295843	1.70e-10	80.5	3421660	N/A
72_8_1255_39017_10329/1	gi|2830983252|gb|CP170844.1|	89.247	93	7	2	2	91	4083422	4083330	1.67e-20	113	573	N/A
72_8_1255_39017_10329/1	gi|2557643774|emb|OY673254.1|	95.556	45	2	0	2	46	21733	21777	2.84e-08	73.1	2697049	N/A
72_8_1255_39017_10329/1	gi|2463378371|dbj|AP027461.1|	95.556	45	2	0	2	46	1299633	1299677	2.84e-08	73.1	511145	N/A
72_8_1255_39017_10329/1	gi|2463378371|dbj|AP027461.1|	95.556	45	2	0	2	46	1628403	1628359	2.84e-08	73.1	511145	N/A
72_8_1255_39017_10329/1	gi|2755084441|gb|PP943425.1|	93.478	46	1	2	2	46	67824	67780	1.32e-06	67.6	10258	N/A
72_8_1255_39017_10329/1	gi|2755084441|gb|PP943425.1|	93.333	45	1	2	2	45	67592	67635	4.75e-06	65.8	10258	N/A
72_8_2195_44811_9012/1	gi|2978724457|gb|PV611058.1|	96.032	126	1	3	13	135	295320	295444	3.47e-47	202	3421660	N/A
72_8_2195_44811_9012/1	gi|2978724457|gb|PV611058.1|	91.803	61	1	3	13	70	295783	295842	4.72e-11	82.4	3421660	N/A
72_8_2195_44811_9012/1	gi|685047827|emb|LN596339.1|	96.000	50	0	2	6	53	601778	601827	1.70e-10	80.5	7962	N/A
72_8_2195_44811_9012/1	gi|685042185|emb|LN590710.1|	95.833	48	0	2	8	53	10218497	10218544	2.20e-09	76.8	7962	N/A
72_8_2195_44811_9012/1	gi|685042185|emb|LN590710.1|	95.556	45	0	2	11	53	3790455	3790411	1.02e-07	71.3	7962	N/A
72_8_2195_44811_9012/1	gi|685042185|emb|LN590710.1|	95.556	45	0	2	11	53	6008691	6008735	1.02e-07	71.3	7962	N/A
72_8_2195_44811_9012/1	gi|685042185|emb|LN590710.1|	100.000	34	0	0	14	47	9162089	9162122	1.71e-05	63.9	7962	N/A
72_8_2195_44811_9012/1	gi|2557643774|emb|OY673254.1|	95.652	46	2	0	14	59	21732	21777	7.90e-09	75.0	2697049	N/A
72_8_2195_44811_9012/1	gi|2830983252|gb|CP170844.1|	81.915	94	5	2	14	95	4083423	4083330	3.67e-07	69.4	573	N/A
72_8_2444_7263_19995/1	gi|2978724457|gb|PV611058.1|	91.406	128	4	7	2	127	295322	295444	3.52e-37	169	3421660	N/A
72_8_2444_7263_19995/1	gi|2978724457|gb|PV611058.1|	88.333	60	4	3	2	59	295785	295843	3.67e-07	69.4	3421660	N/A
72_8_2444_7263_19995/1	gi|2830983252|gb|CP170844.1|	82.105	95	13	3	2	94	4083422	4083330	6.10e-10	78.7	573	N/A
72_8_2444_7263_19995/1	gi|2557643774|emb|OY673254.1|	95.455	44	2	0	2	45	21733	21776	1.02e-07	71.3	2697049	N/A
72_8_2444_7263_19995/1	gi|2497597930|dbj|AP025639.1|	97.561	41	1	0	2	42	1092580	1092540	1.02e-07	71.3	955	N/A
72_8_2444_7263_19995/1	gi|2924925013|gb|PQ571295.1|	100.000	36	0	0	2	37	230	265	1.32e-06	67.6	3385244	N/A
72_8_1353_34008_23847/1	gi|2557638192|emb|OY694677.1|	92.500	40	1	2	1	39	4308	4346	0.003	56.5	2697049	N/A
72_8_1353_34008_23847/1	gi|2165834303|emb|OV196009.1|	92.308	39	3	0	1	39	108	70	0.003	56.5	2697049	N/A
72_8_1353_34008_23847/1	gi|2165834303|emb|OV196009.1|	96.970	33	1	0	1	33	29919	29951	0.003	56.5	2697049	N/A
72_8_1353_34008_23847/1	gi|2155043183|emb|OV015804.1|	100.000	30	0	0	1	30	29940	29911	0.003	56.5	2697049	N/A
72_8_1353_34008_23847/1	gi|2991388636|dbj|AP040949.1|	100.000	29	0	0	1	29	3527645	3527673	0.010	54.7	573	N/A
72_8_1353_34008_23847/1	gi|2991388621|dbj|AP040934.1|	100.000	29	0	0	1	29	146956	146984	0.010	54.7	562	N/A
72_8_1353_34008_23847/1	gi|2991388621|dbj|AP040934.1|	100.000	29	0	0	1	29	4900943	4900915	0.010	54.7	562	N/A
72_8_2392_41324_26004/1	gi|2978724457|gb|PV611058.1|	89.231	130	11	3	10	137	295316	295444	2.12e-34	159	3421660	N/A
72_8_2392_41324_26004/1	gi|2978724457|gb|PV611058.1|	90.625	64	4	2	10	71	295779	295842	1.31e-11	84.2	3421660	N/A
72_8_2392_41324_26004/1	gi|2830983252|gb|CP170844.1|	87.629	97	7	4	15	109	4083423	4083330	7.78e-19	108	573	N/A
72_8_2392_41324_26004/1	gi|2557643774|emb|OY673254.1|	92.593	54	3	1	8	60	21724	21777	2.20e-09	76.8	2697049	N/A
72_8_2392_41324_26004/1	gi|685042188|emb|LN590713.1|	100.000	39	0	0	14	52	7120047	7120085	2.84e-08	73.1	7962	N/A
72_8_2392_41324_26004/1	gi|685042188|emb|LN590713.1|	100.000	30	0	0	15	44	16189618	16189589	0.003	56.5	7962	N/A
72_8_2392_41324_26004/1	gi|2565360070|emb|OY632882.1|	100.000	38	0	0	13	50	22464	22501	1.02e-07	71.3	2697049	N/A
72_8_1288_18293_18916/1	gi|2978724457|gb|PV611058.1|	95.238	126	1	4	14	136	295321	295444	5.81e-45	195	3421660	N/A
72_8_1288_18293_18916/1	gi|2978724457|gb|PV611058.1|	91.667	60	1	3	14	70	295784	295842	1.70e-10	80.5	3421660	N/A
72_8_1288_18293_18916/1	gi|2830983252|gb|CP170844.1|	81.443	97	15	2	12	106	4083425	4083330	2.20e-09	76.8	573	N/A
72_8_1288_18293_18916/1	gi|2557643774|emb|OY673254.1|	95.652	46	2	0	14	59	21732	21777	7.90e-09	75.0	2697049	N/A
72_8_1288_18293_18916/1	gi|2463378371|dbj|AP027461.1|	95.652	46	2	0	14	59	1299632	1299677	7.90e-09	75.0	511145	N/A
72_8_1288_18293_18916/1	gi|2463378371|dbj|AP027461.1|	95.652	46	2	0	14	59	1628404	1628359	7.90e-09	75.0	511145	N/A
72_8_1288_18293_18916/1	gi|2524352013|emb|OY072335.1|	95.556	45	2	0	3	47	21647	21691	2.84e-08	73.1	2697049	N/A
72_8_2414_5710_1420/1	gi|2978724457|gb|PV611058.1|	90.698	129	4	4	12	137	295321	295444	4.55e-36	165	3421660	N/A
72_8_2414_5710_1420/1	gi|2978724457|gb|PV611058.1|	90.000	60	2	3	12	68	295784	295842	7.90e-09	75.0	3421660	N/A
72_8_2414_5710_1420/1	gi|2830983252|gb|CP170844.1|	83.505	97	13	2	10	104	4083425	4083330	1.01e-12	87.9	573	N/A
72_8_2414_5710_1420/1	gi|2524352013|emb|OY072335.1|	97.727	44	1	0	2	45	21648	21691	2.20e-09	76.8	2697049	N/A
72_8_2414_5710_1420/1	gi|685049978|emb|LN598497.1|	95.745	47	0	2	7	51	5650	5604	7.90e-09	75.0	7962	N/A
72_8_2414_5710_1420/1	gi|2165834303|emb|OV196009.1|	97.619	42	1	0	10	51	117	76	2.84e-08	73.1	2697049	N/A
72_8_2414_5710_1420/1	gi|2165834303|emb|OV196009.1|	97.561	41	1	0	11	51	29911	29951	1.02e-07	71.3	2697049	N/A
72_8_1396_22671_22516/1	gi|2978724457|gb|PV611058.1|	94.656	131	3	3	3	130	295315	295444	1.25e-46	200	3421660	N/A
72_8_1396_22671_22516/1	gi|2978724457|gb|PV611058.1|	89.394	66	3	3	3	65	295778	295842	1.70e-10	80.5	3421660	N/A
72_8_1396_22671_22516/1	gi|2557643774|emb|OY673254.1|	93.478	46	3	0	9	54	21732	21777	3.67e-07	69.4	2697049	N/A
72_8_1396_22671_22516/1	gi|2463378371|dbj|AP027461.1|	91.837	49	4	0	6	54	1299629	1299677	3.67e-07	69.4	511145	N/A
72_8_1396_22671_22516/1	gi|2463378371|dbj|AP027461.1|	93.478	46	3	0	9	54	1628404	1628359	3.67e-07	69.4	511145	N/A
72_8_1396_22671_22516/1	gi|685043017|emb|LN591542.1|	92.157	51	1	3	1	48	89654	89604	3.67e-07	69.4	7962	N/A
72_8_1396_22671_22516/1	gi|2830983252|gb|CP170844.1|	80.851	94	6	2	9	90	4083423	4083330	1.71e-05	63.9	573	N/A
72_8_2271_28174_28203/1	gi|2978724457|gb|PV611058.1|	86.567	134	10	6	9	137	295314	295444	7.68e-29	141	3421660	N/A
72_8_2271_28174_28203/1	gi|2978724457|gb|PV611058.1|	87.879	66	2	4	9	69	295777	295841	2.84e-08	73.1	3421660	N/A
72_8_2271_28174_28203/1	gi|2830983252|gb|CP170844.1|	87.500	96	7	4	14	106	4083423	4083330	2.80e-18	106	573	N/A
72_8_2271_28174_28203/1	gi|685042185|emb|LN590710.1|	100.000	44	0	0	4	47	9162079	9162122	4.72e-11	82.4	7962	N/A
72_8_2271_28174_28203/1	gi|685042185|emb|LN590710.1|	95.238	42	0	2	14	53	3790452	3790411	4.75e-06	65.8	7962	N/A
72_8_2271_28174_28203/1	gi|685042185|emb|LN590710.1|	95.238	42	0	2	14	53	6008694	6008735	4.75e-06	65.8	7962	N/A
72_8_2271_28174_28203/1	gi|685042185|emb|LN590710.1|	95.238	42	0	2	14	53	10218503	10218544	4.75e-06	65.8	7962	N/A
72_8_2271_28174_28203/1	gi|2524352013|emb|OY072335.1|	97.778	45	1	0	3	47	21647	21691	6.10e-10	78.7	2697049	N/A
72_8_2271_28174_28203/1	gi|2557643774|emb|OY673254.1|	95.652	46	2	0	14	59	21732	21777	7.90e-09	75.0	2697049	N/A
72_8_1198_16747_5286/1	gi|685042180|emb|LN590705.1|	95.238	42	0	2	14	53	14508260	14508301	4.75e-06	65.8	7962	N/A
72_8_1171_43606_27965/1	gi|2978724457|gb|PV611058.1|	92.969	128	1	6	2	126	295322	295444	1.63e-40	180	3421660	N/A
72_8_1171_43606_27965/1	gi|2978724457|gb|PV611058.1|	91.525	59	1	3	2	57	295785	295842	6.10e-10	78.7	3421660	N/A
72_8_1171_43606_27965/1	gi|2830983252|gb|CP170844.1|	86.022	93	10	2	2	91	4083422	4083330	1.69e-15	97.1	573	N/A
72_8_1171_43606_27965/1	gi|2557643774|emb|OY673254.1|	95.556	45	2	0	2	46	21733	21777	2.84e-08	73.1	2697049	N/A
72_8_1171_43606_27965/1	gi|2463378371|dbj|AP027461.1|	95.556	45	2	0	2	46	1299633	1299677	2.84e-08	73.1	511145	N/A
72_8_1171_43606_27965/1	gi|2463378371|dbj|AP027461.1|	95.556	45	2	0	2	46	1628403	1628359	2.84e-08	73.1	511145	N/A
72_8_1171_43606_27965/1	gi|2755084441|gb|PP943425.1|	93.478	46	1	2	2	46	67824	67780	1.32e-06	67.6	10258	N/A
72_8_1171_43606_27965/1	gi|2755084441|gb|PP943425.1|	93.333	45	1	2	2	45	67592	67635	4.75e-06	65.8	10258	N/A
72_8_1331_50783_3942/1	gi|2978724457|gb|PV611058.1|	95.370	108	1	3	33	137	295321	295427	3.52e-37	169	3421660	N/A
72_8_1331_50783_3942/1	gi|2978724457|gb|PV611058.1|	91.667	60	1	3	33	89	295784	295842	1.70e-10	80.5	3421660	N/A
72_8_1331_50783_3942/1	gi|2557643774|emb|OY673254.1|	95.652	46	2	0	33	78	21732	21777	7.90e-09	75.0	2697049	N/A
72_8_1331_50783_3942/1	gi|2463378371|dbj|AP027461.1|	95.652	46	2	0	33	78	1299632	1299677	7.90e-09	75.0	511145	N/A
72_8_1331_50783_3942/1	gi|2463378371|dbj|AP027461.1|	95.652	46	2	0	33	78	1628404	1628359	7.90e-09	75.0	511145	N/A
72_8_1331_50783_3942/1	gi|685042160|emb|LN590685.1|	93.878	49	1	2	26	72	16867634	16867586	2.84e-08	73.1	7962	N/A
72_8_1331_50783_3942/1	gi|685042160|emb|LN590685.1|	91.667	48	2	2	27	72	850803	850850	4.75e-06	65.8	7962	N/A
72_8_1331_50783_3942/1	gi|685042160|emb|LN590685.1|	95.238	42	0	2	33	72	14193258	14193217	4.75e-06	65.8	7962	N/A
72_8_1331_50783_3942/1	gi|685042160|emb|LN590685.1|	95.238	42	0	2	33	72	18159835	18159794	4.75e-06	65.8	7962	N/A
72_8_1331_50783_3942/1	gi|2830983252|gb|CP170844.1|	82.105	95	5	2	32	114	4083424	4083330	1.02e-07	71.3	573	N/A
72_8_2254_12305_7233/1	gi|2978724457|gb|PV611058.1|	93.701	127	4	3	14	137	295319	295444	9.72e-43	187	3421660	N/A
72_8_2254_12305_7233/1	gi|2978724457|gb|PV611058.1|	91.935	62	1	3	14	72	295782	295842	1.31e-11	84.2	3421660	N/A
72_8_2254_12305_7233/1	gi|2830983252|gb|CP170844.1|	83.158	95	13	2	16	108	4083423	4083330	1.31e-11	84.2	573	N/A
72_8_2254_12305_7233/1	gi|2557643774|emb|OY673254.1|	93.103	58	3	1	5	61	21720	21777	1.31e-11	84.2	2697049	N/A
72_8_2254_12305_7233/1	gi|685042175|emb|LN590700.1|	94.231	52	1	2	7	56	14033950	14033899	6.10e-10	78.7	7962	N/A
72_8_2254_12305_7233/1	gi|685042175|emb|LN590700.1|	95.238	42	0	2	16	55	15778538	15778579	4.75e-06	65.8	7962	N/A
72_8_2254_12305_7233/1	gi|2557654546|emb|OY684713.1|	95.833	48	1	1	5	51	21724	21771	2.20e-09	76.8	2697049	N/A
72_8_1209_50889_24155/1	gi|2978724457|gb|PV611058.1|	91.852	135	3	7	3	134	295315	295444	4.52e-41	182	3421660	N/A
72_8_1209_50889_24155/1	gi|2978724457|gb|PV611058.1|	89.231	65	3	3	3	64	295778	295841	6.10e-10	78.7	3421660	N/A
72_8_1209_50889_24155/1	gi|2830983252|gb|CP170844.1|	83.505	97	12	4	7	100	4083425	4083330	1.01e-12	87.9	573	N/A
72_8_1209_50889_24155/1	gi|2557643774|emb|OY673254.1|	95.652	46	2	0	9	54	21732	21777	7.90e-09	75.0	2697049	N/A
72_8_1209_50889_24155/1	gi|2463378371|dbj|AP027461.1|	95.652	46	2	0	9	54	1299632	1299677	7.90e-09	75.0	511145	N/A
72_8_1209_50889_24155/1	gi|2463378371|dbj|AP027461.1|	95.652	46	2	0	9	54	1628404	1628359	7.90e-09	75.0	511145	N/A
72_8_1209_50889_24155/1	gi|2165836832|emb|OV197136.1|	94.000	50	1	2	6	54	119	71	7.90e-09	75.0	2697049	N/A
72_8_2225_4124_20275/1	gi|2978724457|gb|PV611058.1|	83.942	137	13	6	3	137	295315	295444	2.78e-23	122	3421660	N/A
72_8_2225_4124_20275/1	gi|2978724457|gb|PV611058.1|	87.931	58	5	2	3	58	295778	295835	1.32e-06	67.6	3421660	N/A
72_8_2225_4124_20275/1	gi|2830983252|gb|CP170844.1|	85.714	98	9	4	8	103	4083424	4083330	4.68e-16	99.0	573	N/A
72_8_2225_4124_20275/1	gi|2755084441|gb|PP943425.1|	82.105	95	9	7	9	100	67825	67736	7.90e-09	75.0	10258	N/A
72_8_2225_4124_20275/1	gi|2755084441|gb|PP943425.1|	100.000	36	0	0	7	42	67589	67624	1.32e-06	67.6	10258	N/A
72_8_2225_4124_20275/1	gi|2557643774|emb|OY673254.1|	95.652	46	2	0	9	54	21732	21777	7.90e-09	75.0	2697049	N/A
72_8_2225_4124_20275/1	gi|780644672|ref|XM_011690559.1|	97.674	43	0	1	4	46	1034	1075	2.84e-08	73.1	64793	N/A
72_8_1268_10694_26718/1	gi|2108271244|gb|CP070682.1|	100.000	33	0	0	9	41	1532286	1532254	6.15e-05	62.1	1869227	N/A
72_8_1268_10694_26718/1	gi|2557654546|emb|OY684713.1|	91.111	45	1	3	1	42	21727	21771	7.95e-04	58.4	2697049	N/A
72_8_1268_10694_26718/1	gi|2557638192|emb|OY694677.1|	89.583	48	1	4	8	52	4300	4346	7.95e-04	58.4	2697049	N/A
72_8_1268_10694_26718/1	gi|2609791700|gb|OR652422.1|	97.059	34	0	1	9	41	9244	9277	0.003	56.5	10376	N/A
72_8_1268_10694_26718/1	gi|2165834303|emb|OV196009.1|	89.130	46	3	2	9	52	115	70	0.003	56.5	2697049	N/A
72_8_1268_10694_26718/1	gi|2165834303|emb|OV196009.1|	92.500	40	1	2	9	46	29912	29951	0.003	56.5	2697049	N/A
72_8_2202_30747_6855/1	gi|2978724457|gb|PV611058.1|	93.651	126	3	4	15	137	295321	295444	1.26e-41	183	3421660	N/A
72_8_2202_30747_6855/1	gi|2978724457|gb|PV611058.1|	91.667	60	1	3	15	71	295784	295842	1.70e-10	80.5	3421660	N/A
72_8_2202_30747_6855/1	gi|2830983252|gb|CP170844.1|	85.263	95	11	2	14	105	4083424	4083330	6.06e-15	95.3	573	N/A
72_8_2202_30747_6855/1	gi|2755084441|gb|PP943425.1|	94.000	50	1	2	11	59	67587	67635	7.90e-09	75.0	10258	N/A
72_8_2202_30747_6855/1	gi|2755084441|gb|PP943425.1|	93.617	47	1	2	15	60	67825	67780	3.67e-07	69.4	10258	N/A
72_8_2202_30747_6855/1	gi|2557643774|emb|OY673254.1|	89.831	59	5	1	3	60	21719	21777	7.90e-09	75.0	2697049	N/A
72_8_2202_30747_6855/1	gi|2463378371|dbj|AP027461.1|	95.652	46	2	0	15	60	1299632	1299677	7.90e-09	75.0	511145	N/A
72_8_2202_30747_6855/1	gi|2463378371|dbj|AP027461.1|	95.652	46	2	0	15	60	1628404	1628359	7.90e-09	75.0	511145	N/A
72_8_2338_26830_11758/1	gi|2978724457|gb|PV611058.1|	92.248	129	1	6	2	127	295322	295444	7.57e-39	174	3421660	N/A
72_8_2338_26830_11758/1	gi|2978724457|gb|PV611058.1|	91.525	59	1	3	2	57	295785	295842	6.10e-10	78.7	3421660	N/A
72_8_2338_26830_11758/1	gi|2830983252|gb|CP170844.1|	87.097	93	9	2	2	91	4083422	4083330	3.62e-17	102	573	N/A
72_8_2338_26830_11758/1	gi|2557643774|emb|OY673254.1|	95.556	45	2	0	2	46	21733	21777	2.84e-08	73.1	2697049	N/A
72_8_2338_26830_11758/1	gi|2463378371|dbj|AP027461.1|	95.556	45	2	0	2	46	1299633	1299677	2.84e-08	73.1	511145	N/A
72_8_2338_26830_11758/1	gi|2463378371|dbj|AP027461.1|	95.556	45	2	0	2	46	1628403	1628359	2.84e-08	73.1	511145	N/A
72_8_2338_26830_11758/1	gi|2755084441|gb|PP943425.1|	93.478	46	1	2	2	46	67824	67780	1.32e-06	67.6	10258	N/A
72_8_2338_26830_11758/1	gi|2755084441|gb|PP943425.1|	93.333	45	1	2	2	45	67592	67635	4.75e-06	65.8	10258	N/A
72_8_1347_5629_22516/1	gi|2978724457|gb|PV611058.1|	90.551	127	6	4	14	137	295321	295444	1.64e-35	163	3421660	N/A
72_8_1347_5629_22516/1	gi|2978724457|gb|PV611058.1|	91.667	60	1	3	14	70	295784	295842	1.70e-10	80.5	3421660	N/A
72_8_1347_5629_22516/1	gi|2830983252|gb|CP170844.1|	89.362	94	7	2	14	104	4083423	4083330	4.65e-21	115	573	N/A
72_8_1347_5629_22516/1	gi|2524352013|emb|OY072335.1|	97.778	45	1	0	3	47	21647	21691	6.10e-10	78.7	2697049	N/A
72_8_1347_5629_22516/1	gi|685046795|emb|LN595320.1|	95.833	48	0	2	8	53	140295	140342	2.20e-09	76.8	7962	N/A
72_8_1347_5629_22516/1	gi|685045018|emb|LN593543.1|	95.833	48	0	2	8	53	140101	140148	2.20e-09	76.8	7962	N/A
72_8_1143_46575_13999/1	gi|2978724457|gb|PV611058.1|	92.366	131	5	4	10	137	295316	295444	4.52e-41	182	3421660	N/A
72_8_1143_46575_13999/1	gi|2978724457|gb|PV611058.1|	92.308	65	1	3	10	71	295779	295842	2.82e-13	89.8	3421660	N/A
72_8_1143_46575_13999/1	gi|2830983252|gb|CP170844.1|	87.234	94	10	1	15	106	4083423	4083330	2.80e-18	106	573	N/A
72_8_1143_46575_13999/1	gi|2557643774|emb|OY673254.1|	95.652	46	2	0	15	60	21732	21777	7.90e-09	75.0	2697049	N/A
72_8_1143_46575_13999/1	gi|2463378371|dbj|AP027461.1|	95.652	46	2	0	15	60	1299632	1299677	7.90e-09	75.0	511145	N/A
72_8_1143_46575_13999/1	gi|2463378371|dbj|AP027461.1|	95.652	46	2	0	15	60	1628404	1628359	7.90e-09	75.0	511145	N/A
72_8_1143_46575_13999/1	gi|2560250289|emb|OY708460.1|	93.878	49	1	2	13	60	6488	6535	2.84e-08	73.1	2697049	N/A
72_8_2178_47304_6715/1	gi|2978724457|gb|PV611058.1|	88.406	138	5	4	3	137	295315	295444	2.74e-33	156	3421660	N/A
72_8_2178_47304_6715/1	gi|2978724457|gb|PV611058.1|	90.909	66	2	3	3	65	295778	295842	3.65e-12	86.1	3421660	N/A
72_8_2178_47304_6715/1	gi|2830983252|gb|CP170844.1|	88.660	97	6	4	9	103	4083423	4083330	1.67e-20	113	573	N/A
72_8_2178_47304_6715/1	gi|2557643774|emb|OY673254.1|	95.652	46	2	0	9	54	21732	21777	7.90e-09	75.0	2697049	N/A
72_8_2178_47304_6715/1	gi|2463378371|dbj|AP027461.1|	95.652	46	2	0	9	54	1299632	1299677	7.90e-09	75.0	511145	N/A
72_8_2178_47304_6715/1	gi|2463378371|dbj|AP027461.1|	95.652	46	2	0	9	54	1628404	1628359	7.90e-09	75.0	511145	N/A
72_8_2178_47304_6715/1	gi|2557638192|emb|OY694677.1|	93.878	49	1	2	7	54	4299	4346	2.84e-08	73.1	2697049	N/A
72_8_2130_34826_3381/1	gi|685048206|emb|LN596718.1|	97.436	39	1	0	11	49	51897	51935	1.32e-06	67.6	7962	N/A
72_8_2130_34826_3381/1	gi|2165834303|emb|OV196009.1|	91.489	47	4	0	14	60	116	70	4.75e-06	65.8	2697049	N/A
72_8_2130_34826_3381/1	gi|2165834303|emb|OV196009.1|	95.122	41	2	0	14	54	29911	29951	4.75e-06	65.8	2697049	N/A
72_8_2130_34826_3381/1	gi|2059855482|tpg|BK040575.1|	95.122	41	2	0	10	50	42	2	4.75e-06	65.8	2832643	N/A
72_8_2130_34826_3381/1	gi|2924925013|gb|PQ571295.1|	97.297	37	1	0	13	49	227	263	1.71e-05	63.9	3385244	N/A
72_8_2130_34826_3381/1	gi|2557648311|emb|OY677105.1|	97.297	37	1	0	13	49	9642	9678	1.71e-05	63.9	2697049	N/A
72_8_2110_30796_14644/1	gi|2978724457|gb|PV611058.1|	92.126	127	4	4	14	137	295321	295444	7.57e-39	174	3421660	N/A
72_8_2110_30796_14644/1	gi|2978724457|gb|PV611058.1|	91.667	60	1	3	14	70	295784	295842	1.70e-10	80.5	3421660	N/A
72_8_2110_30796_14644/1	gi|2830983252|gb|CP170844.1|	85.417	96	11	2	13	106	4083424	4083330	1.69e-15	97.1	573	N/A
72_8_2110_30796_14644/1	gi|2557643774|emb|OY673254.1|	95.652	46	2	0	14	59	21732	21777	7.90e-09	75.0	2697049	N/A
72_8_2110_30796_14644/1	gi|2463378371|dbj|AP027461.1|	95.652	46	2	0	14	59	1299632	1299677	7.90e-09	75.0	511145	N/A
72_8_2110_30796_14644/1	gi|2463378371|dbj|AP027461.1|	95.652	46	2	0	14	59	1628404	1628359	7.90e-09	75.0	511145	N/A
72_8_2110_30796_14644/1	gi|2924925013|gb|PQ571295.1|	100.000	39	0	0	10	48	225	263	2.84e-08	73.1	3385244	N/A
72_8_1215_33256_5034/1	gi|2978724457|gb|PV611058.1|	93.701	127	2	5	14	137	295321	295444	3.50e-42	185	3421660	N/A
72_8_1215_33256_5034/1	gi|2978724457|gb|PV611058.1|	91.667	60	1	3	14	70	295784	295842	1.70e-10	80.5	3421660	N/A
72_8_1215_33256_5034/1	gi|2830983252|gb|CP170844.1|	85.106	94	11	2	14	104	4083423	4083330	2.18e-14	93.5	573	N/A
72_8_1215_33256_5034/1	gi|2557643774|emb|OY673254.1|	95.652	46	2	0	14	59	21732	21777	7.90e-09	75.0	2697049	N/A
72_8_1215_33256_5034/1	gi|2463378371|dbj|AP027461.1|	95.652	46	2	0	14	59	1299632	1299677	7.90e-09	75.0	511145	N/A
72_8_1215_33256_5034/1	gi|2463378371|dbj|AP027461.1|	95.652	46	2	0	14	59	1628404	1628359	7.90e-09	75.0	511145	N/A
72_8_1215_33256_5034/1	gi|685043901|emb|LN592426.1|	94.118	51	0	3	5	53	375099	375148	7.90e-09	75.0	7962	N/A
72_8_2133_2529_8942/1	gi|2978724457|gb|PV611058.1|	87.200	125	12	3	16	137	295321	295444	2.76e-28	139	3421660	N/A
72_8_2133_2529_8942/1	gi|2978724457|gb|PV611058.1|	91.525	59	1	3	16	71	295784	295841	6.10e-10	78.7	3421660	N/A
72_8_2133_2529_8942/1	gi|2830983252|gb|CP170844.1|	91.489	94	6	1	16	107	4083423	4083330	5.98e-25	128	573	N/A
72_8_2133_2529_8942/1	gi|685042185|emb|LN590710.1|	97.727	44	1	0	6	49	9162079	9162122	2.20e-09	76.8	7962	N/A
72_8_2133_2529_8942/1	gi|685042185|emb|LN590710.1|	95.238	42	0	2	16	55	3790452	3790411	4.75e-06	65.8	7962	N/A
72_8_2133_2529_8942/1	gi|685042185|emb|LN590710.1|	95.238	42	0	2	16	55	6008694	6008735	4.75e-06	65.8	7962	N/A
72_8_2133_2529_8942/1	gi|685042185|emb|LN590710.1|	95.238	42	0	2	16	55	10218503	10218544	4.75e-06	65.8	7962	N/A
72_8_2133_2529_8942/1	gi|2557643774|emb|OY673254.1|	95.652	46	2	0	16	61	21732	21777	7.90e-09	75.0	2697049	N/A
72_8_2133_2529_8942/1	gi|2463378371|dbj|AP027461.1|	95.652	46	2	0	16	61	1299632	1299677	7.90e-09	75.0	511145	N/A
72_8_2133_2529_8942/1	gi|2463378371|dbj|AP027461.1|	95.652	46	2	0	16	61	1628404	1628359	7.90e-09	75.0	511145	N/A
72_8_2284_40045_6393/1	gi|2978724457|gb|PV611058.1|	90.152	132	6	6	10	137	295316	295444	4.55e-36	165	3421660	N/A
72_8_2284_40045_6393/1	gi|2978724457|gb|PV611058.1|	89.394	66	3	3	10	72	295779	295843	1.70e-10	80.5	3421660	N/A
72_8_2284_40045_6393/1	gi|2830983252|gb|CP170844.1|	87.234	94	9	2	15	105	4083423	4083330	1.01e-17	104	573	N/A
72_8_2284_40045_6393/1	gi|685042161|emb|LN590686.1|	94.231	52	0	3	5	54	20813821	20813871	2.20e-09	76.8	7962	N/A
72_8_2284_40045_6393/1	gi|685042161|emb|LN590686.1|	95.455	44	0	2	13	54	6380192	6380235	3.67e-07	69.4	7962	N/A
72_8_2284_40045_6393/1	gi|685042161|emb|LN590686.1|	95.238	42	0	2	15	54	4545831	4545872	4.75e-06	65.8	7962	N/A
72_8_2284_40045_6393/1	gi|685042161|emb|LN590686.1|	95.238	42	0	2	15	54	12304839	12304798	4.75e-06	65.8	7962	N/A
72_8_2284_40045_6393/1	gi|685042161|emb|LN590686.1|	95.238	42	0	2	15	54	17091846	17091887	4.75e-06	65.8	7962	N/A
72_8_2284_40045_6393/1	gi|685042161|emb|LN590686.1|	95.238	42	0	2	15	54	28125760	28125801	4.75e-06	65.8	7962	N/A
72_8_2284_40045_6393/1	gi|685042161|emb|LN590686.1|	94.872	39	0	2	18	54	12436830	12436868	2.21e-04	60.2	7962	N/A
72_8_2284_40045_6393/1	gi|685047827|emb|LN596339.1|	94.000	50	1	2	7	54	601778	601827	7.90e-09	75.0	7962	N/A
72_8_2284_40045_6393/1	gi|685042440|emb|LN590965.1|	95.745	47	0	2	11	55	76684	76638	7.90e-09	75.0	7962	N/A
72_8_2216_28044_1532/1	gi|2978724457|gb|PV611058.1|	89.062	128	1	9	2	126	295327	295444	1.65e-30	147	3421660	N/A
72_8_2216_28044_1532/1	gi|2978724457|gb|PV611058.1|	90.566	53	1	3	2	51	295790	295841	1.32e-06	67.6	3421660	N/A
72_8_2216_28044_1532/1	gi|2830983252|gb|CP170844.1|	84.615	91	9	4	2	90	4083417	4083330	3.65e-12	86.1	573	N/A
72_8_2216_28044_1532/1	gi|2557643774|emb|OY673254.1|	95.000	40	2	0	2	41	21738	21777	1.71e-05	63.9	2697049	N/A
72_8_2216_28044_1532/1	gi|2463378371|dbj|AP027461.1|	95.000	40	2	0	2	41	1299638	1299677	1.71e-05	63.9	511145	N/A
72_8_2216_28044_1532/1	gi|2463378371|dbj|AP027461.1|	95.000	40	2	0	2	41	1628398	1628359	1.71e-05	63.9	511145	N/A
72_8_2216_28044_1532/1	gi|2755084441|gb|PP943425.1|	80.233	86	14	3	2	86	67819	67736	6.15e-05	62.1	10258	N/A
72_8_2216_28044_1532/1	gi|2755084441|gb|PP943425.1|	92.500	40	1	2	2	40	67597	67635	0.003	56.5	10258	N/A
72_8_1148_1575_9419/1	gi|2978724457|gb|PV611058.1|	90.511	137	3	8	3	136	295315	295444	2.72e-38	172	3421660	N/A
72_8_1148_1575_9419/1	gi|2978724457|gb|PV611058.1|	88.235	68	3	4	3	67	295778	295843	2.20e-09	76.8	3421660	N/A
72_8_1148_1575_9419/1	gi|2830983252|gb|CP170844.1|	84.375	96	11	3	9	102	4083423	4083330	7.84e-14	91.6	573	N/A
72_8_1148_1575_9419/1	gi|2557643774|emb|OY673254.1|	95.652	46	2	0	9	54	21732	21777	7.90e-09	75.0	2697049	N/A
72_8_1148_1575_9419/1	gi|2463378371|dbj|AP027461.1|	95.652	46	2	0	9	54	1299632	1299677	7.90e-09	75.0	511145	N/A
72_8_1148_1575_9419/1	gi|2463378371|dbj|AP027461.1|	95.652	46	2	0	9	54	1628404	1628359	7.90e-09	75.0	511145	N/A
72_8_1148_1575_9419/1	gi|2155043183|emb|OV015804.1|	100.000	39	0	0	7	45	29949	29911	2.84e-08	73.1	2697049	N/A
72_8_1358_36072_3493/1	gi|2978724457|gb|PV611058.1|	89.764	127	8	4	14	137	295320	295444	7.62e-34	158	3421660	N/A
72_8_1358_36072_3493/1	gi|2978724457|gb|PV611058.1|	91.803	61	1	3	14	71	295783	295842	4.72e-11	82.4	3421660	N/A
72_8_1358_36072_3493/1	gi|2830983252|gb|CP170844.1|	88.421	95	8	2	15	107	4083423	4083330	6.02e-20	111	573	N/A
72_8_1358_36072_3493/1	gi|2557643774|emb|OY673254.1|	91.228	57	4	1	5	60	21721	21777	2.20e-09	76.8	2697049	N/A
72_8_1358_36072_3493/1	gi|685042161|emb|LN590686.1|	94.231	52	0	3	5	54	20813821	20813871	2.20e-09	76.8	7962	N/A
72_8_1358_36072_3493/1	gi|685042161|emb|LN590686.1|	95.455	44	0	2	13	54	6380192	6380235	3.67e-07	69.4	7962	N/A
72_8_1358_36072_3493/1	gi|685042161|emb|LN590686.1|	95.238	42	0	2	15	54	4545831	4545872	4.75e-06	65.8	7962	N/A
72_8_1358_36072_3493/1	gi|685042161|emb|LN590686.1|	95.238	42	0	2	15	54	12304839	12304798	4.75e-06	65.8	7962	N/A
72_8_1358_36072_3493/1	gi|685042161|emb|LN590686.1|	95.238	42	0	2	15	54	17091846	17091887	4.75e-06	65.8	7962	N/A
72_8_1358_36072_3493/1	gi|685042161|emb|LN590686.1|	95.238	42	0	2	15	54	28125760	28125801	4.75e-06	65.8	7962	N/A
72_8_1358_36072_3493/1	gi|685042161|emb|LN590686.1|	94.872	39	0	2	18	54	12436830	12436868	2.21e-04	60.2	7962	N/A
72_8_1358_36072_3493/1	gi|2463378371|dbj|AP027461.1|	95.652	46	2	0	15	60	1299632	1299677	7.90e-09	75.0	511145	N/A
72_8_1358_36072_3493/1	gi|2463378371|dbj|AP027461.1|	95.652	46	2	0	15	60	1628404	1628359	7.90e-09	75.0	511145	N/A
72_8_1362_29905_24505/1	gi|2978724457|gb|PV611058.1|	87.121	132	11	4	9	137	295316	295444	5.93e-30	145	3421660	N/A
72_8_1362_29905_24505/1	gi|2978724457|gb|PV611058.1|	90.625	64	2	3	9	69	295779	295841	4.72e-11	82.4	3421660	N/A
72_8_1362_29905_24505/1	gi|2830983252|gb|CP170844.1|	91.489	94	6	1	14	105	4083423	4083330	5.98e-25	128	573	N/A
72_8_1362_29905_24505/1	gi|2557643774|emb|OY673254.1|	95.652	46	2	0	14	59	21732	21777	7.90e-09	75.0	2697049	N/A
72_8_1362_29905_24505/1	gi|2463378371|dbj|AP027461.1|	93.878	49	3	0	11	59	1299629	1299677	7.90e-09	75.0	511145	N/A
72_8_1362_29905_24505/1	gi|2463378371|dbj|AP027461.1|	95.652	46	2	0	14	59	1628404	1628359	7.90e-09	75.0	511145	N/A
72_8_1362_29905_24505/1	gi|685047827|emb|LN596339.1|	94.000	50	1	2	6	53	601778	601827	7.90e-09	75.0	7962	N/A
72_8_2148_30715_3802/1	gi|2978724457|gb|PV611058.1|	89.516	124	8	4	17	137	295323	295444	3.55e-32	152	3421660	N/A
72_8_2148_30715_3802/1	gi|2978724457|gb|PV611058.1|	91.667	60	1	3	17	73	295786	295844	1.70e-10	80.5	3421660	N/A
72_8_2148_30715_3802/1	gi|2830983252|gb|CP170844.1|	90.217	92	6	2	17	105	4083421	4083330	1.29e-21	117	573	N/A
72_8_2148_30715_3802/1	gi|2557643774|emb|OY673254.1|	90.741	54	4	1	8	60	21724	21777	1.02e-07	71.3	2697049	N/A
72_8_2148_30715_3802/1	gi|2463378371|dbj|AP027461.1|	95.455	44	2	0	17	60	1299634	1299677	1.02e-07	71.3	511145	N/A
72_8_2148_30715_3802/1	gi|2463378371|dbj|AP027461.1|	95.455	44	2	0	17	60	1628402	1628359	1.02e-07	71.3	511145	N/A
72_8_2148_30715_3802/1	gi|1973745234|dbj|LC529901.1|	97.561	41	1	0	9	49	11759	11719	1.02e-07	71.3	76106	N/A
72_8_2148_30715_3802/1	gi|1973745234|dbj|LC529901.1|	97.297	37	1	0	13	49	117097	117133	1.71e-05	63.9	76106	N/A
72_8_2148_30715_3802/1	gi|1973745234|dbj|LC529901.1|	100.000	33	0	0	17	49	164423	164455	6.15e-05	62.1	76106	N/A
72_8_1281_14401_14251/1	gi|2978724457|gb|PV611058.1|	93.023	129	1	7	8	133	295321	295444	4.52e-41	182	3421660	N/A
72_8_1281_14401_14251/1	gi|2978724457|gb|PV611058.1|	91.803	61	1	3	8	65	295784	295843	4.72e-11	82.4	3421660	N/A
72_8_1281_14401_14251/1	gi|2830983252|gb|CP170844.1|	86.316	95	9	2	7	97	4083424	4083330	1.30e-16	100	573	N/A
72_8_1281_14401_14251/1	gi|2557643774|emb|OY673254.1|	95.652	46	2	0	8	53	21732	21777	7.90e-09	75.0	2697049	N/A
72_8_1281_14401_14251/1	gi|2463378371|dbj|AP027461.1|	95.652	46	2	0	8	53	1299632	1299677	7.90e-09	75.0	511145	N/A
72_8_1281_14401_14251/1	gi|2463378371|dbj|AP027461.1|	95.652	46	2	0	8	53	1628404	1628359	7.90e-09	75.0	511145	N/A
72_8_1281_14401_14251/1	gi|2755084441|gb|PP943425.1|	93.878	49	1	2	5	52	67588	67635	2.84e-08	73.1	10258	N/A
72_8_1281_14401_14251/1	gi|2755084441|gb|PP943425.1|	93.617	47	1	2	8	53	67825	67780	3.67e-07	69.4	10258	N/A
72_8_1149_40215_14700/1	gi|2978724457|gb|PV611058.1|	91.406	128	6	4	13	137	295319	295444	9.79e-38	171	3421660	N/A
72_8_1149_40215_14700/1	gi|2978724457|gb|PV611058.1|	92.063	63	1	3	13	72	295782	295843	3.65e-12	86.1	3421660	N/A
72_8_1149_40215_14700/1	gi|2830983252|gb|CP170844.1|	87.234	94	10	1	15	106	4083423	4083330	2.80e-18	106	573	N/A
72_8_1149_40215_14700/1	gi|685042175|emb|LN590700.1|	94.545	55	0	3	3	55	14033952	14033899	4.72e-11	82.4	7962	N/A
72_8_1149_40215_14700/1	gi|685042175|emb|LN590700.1|	95.238	42	0	2	15	54	15778538	15778579	4.75e-06	65.8	7962	N/A
72_8_1149_40215_14700/1	gi|1842001608|ref|NC_047813.1|	94.118	51	1	2	10	60	18488	18536	2.20e-09	76.8	1958907	N/A
72_8_1149_40215_14700/1	gi|1842001608|ref|NC_047813.1|	97.674	43	1	0	10	52	60	18	7.90e-09	75.0	1958907	N/A
72_8_1149_40215_14700/1	gi|2557643774|emb|OY673254.1|	92.593	54	3	1	8	60	21724	21777	2.20e-09	76.8	2697049	N/A
72_8_1260_29339_8032/1	gi|2978724457|gb|PV611058.1|	90.299	134	3	6	3	133	295318	295444	1.27e-36	167	3421660	N/A
72_8_1260_29339_8032/1	gi|2978724457|gb|PV611058.1|	88.889	63	3	3	3	62	295781	295842	7.90e-09	75.0	3421660	N/A
72_8_1260_29339_8032/1	gi|2830983252|gb|CP170844.1|	85.417	96	11	2	5	98	4083424	4083330	1.69e-15	97.1	573	N/A
72_8_1260_29339_8032/1	gi|2557643774|emb|OY673254.1|	93.478	46	3	0	6	51	21732	21777	3.67e-07	69.4	2697049	N/A
72_8_1260_29339_8032/1	gi|2463378371|dbj|AP027461.1|	93.478	46	3	0	6	51	1299632	1299677	3.67e-07	69.4	511145	N/A
72_8_1260_29339_8032/1	gi|2463378371|dbj|AP027461.1|	93.478	46	3	0	6	51	1628404	1628359	3.67e-07	69.4	511145	N/A
72_8_1260_29339_8032/1	gi|2044627981|gb|MW927522.1|	97.436	39	1	0	1	39	41935	41897	1.32e-06	67.6	2835998	N/A
72_8_1260_29339_8032/1	gi|2044627981|gb|MW927522.1|	96.970	33	1	0	7	39	39550	39582	0.003	56.5	2835998	N/A
72_8_1465_39292_12767/1	gi|2978724457|gb|PV611058.1|	93.651	126	3	4	15	137	295321	295444	1.26e-41	183	3421660	N/A
72_8_1465_39292_12767/1	gi|2978724457|gb|PV611058.1|	91.667	60	1	3	15	71	295784	295842	1.70e-10	80.5	3421660	N/A
72_8_1465_39292_12767/1	gi|2830983252|gb|CP170844.1|	85.106	94	12	1	15	106	4083423	4083330	6.06e-15	95.3	573	N/A
72_8_1465_39292_12767/1	gi|2557643774|emb|OY673254.1|	95.652	46	2	0	15	60	21732	21777	7.90e-09	75.0	2697049	N/A
72_8_1465_39292_12767/1	gi|2463378371|dbj|AP027461.1|	92.453	53	2	2	10	60	1299625	1299677	7.90e-09	75.0	511145	N/A
72_8_1465_39292_12767/1	gi|2463378371|dbj|AP027461.1|	95.652	46	2	0	15	60	1628404	1628359	7.90e-09	75.0	511145	N/A
72_8_1465_39292_12767/1	gi|2560502367|emb|OY629453.1|	100.000	38	0	0	13	50	5916	5953	1.02e-07	71.3	2697049	N/A
72_8_1420_10338_26774/1	gi|2978724457|gb|PV611058.1|	93.750	128	1	5	4	128	295321	295444	3.50e-42	185	3421660	N/A
72_8_1420_10338_26774/1	gi|2978724457|gb|PV611058.1|	91.667	60	1	3	4	60	295784	295842	1.70e-10	80.5	3421660	N/A
72_8_1420_10338_26774/1	gi|2830983252|gb|CP170844.1|	85.263	95	10	2	3	93	4083424	4083330	6.06e-15	95.3	573	N/A
72_8_1420_10338_26774/1	gi|2557643774|emb|OY673254.1|	95.652	46	2	0	4	49	21732	21777	7.90e-09	75.0	2697049	N/A
72_8_1420_10338_26774/1	gi|2463378371|dbj|AP027461.1|	95.652	46	2	0	4	49	1299632	1299677	7.90e-09	75.0	511145	N/A
72_8_1420_10338_26774/1	gi|2463378371|dbj|AP027461.1|	95.652	46	2	0	4	49	1628404	1628359	7.90e-09	75.0	511145	N/A
72_8_1420_10338_26774/1	gi|2165836832|emb|OV197136.1|	93.750	48	1	2	3	49	117	71	1.02e-07	71.3	2697049	N/A
72_8_1470_12540_5230/1	gi|2978724457|gb|PV611058.1|	91.000	100	7	2	40	137	295321	295420	1.28e-26	134	3421660	N/A
72_8_1470_12540_5230/1	gi|2978724457|gb|PV611058.1|	91.525	59	3	2	40	96	295784	295842	1.70e-10	80.5	3421660	N/A
72_8_1470_12540_5230/1	gi|2830983252|gb|CP170844.1|	86.316	95	9	2	39	129	4083424	4083330	1.30e-16	100	573	N/A
72_8_1470_12540_5230/1	gi|2557643774|emb|OY673254.1|	95.652	46	2	0	40	85	21732	21777	7.90e-09	75.0	2697049	N/A
72_8_1470_12540_5230/1	gi|2557648311|emb|OY677105.1|	97.674	43	0	1	33	74	9636	9678	2.84e-08	73.1	2697049	N/A
72_8_1470_12540_5230/1	gi|780644672|ref|XM_011690559.1|	97.674	43	0	1	35	77	1034	1075	2.84e-08	73.1	64793	N/A
72_8_1469_26045_17851/1	gi|2978724457|gb|PV611058.1|	94.488	127	1	4	7	130	295321	295444	7.51e-44	191	3421660	N/A
72_8_1469_26045_17851/1	gi|2978724457|gb|PV611058.1|	91.667	60	1	3	7	63	295784	295842	1.70e-10	80.5	3421660	N/A
72_8_1469_26045_17851/1	gi|2830983252|gb|CP170844.1|	84.211	95	7	2	6	92	4083424	4083330	3.65e-12	86.1	573	N/A
72_8_1469_26045_17851/1	gi|2557643774|emb|OY673254.1|	95.652	46	2	0	7	52	21732	21777	7.90e-09	75.0	2697049	N/A
72_8_1469_26045_17851/1	gi|2463378371|dbj|AP027461.1|	95.652	46	2	0	7	52	1299632	1299677	7.90e-09	75.0	511145	N/A
72_8_1469_26045_17851/1	gi|2463378371|dbj|AP027461.1|	95.652	46	2	0	7	52	1628404	1628359	7.90e-09	75.0	511145	N/A
72_8_1469_26045_17851/1	gi|685045708|emb|LN594233.1|	95.652	46	0	2	3	46	80407	80362	2.84e-08	73.1	7962	N/A
72_8_1145_1866_6505/1	gi|2830983252|gb|CP170844.1|	88.660	97	8	2	43	137	4083425	4083330	4.65e-21	115	573	N/A
72_8_1145_1866_6505/1	gi|2978724457|gb|PV611058.1|	86.458	96	9	3	45	137	295321	295415	3.62e-17	102	3421660	N/A
72_8_1145_1866_6505/1	gi|2978724457|gb|PV611058.1|	91.935	62	1	3	45	103	295784	295844	1.31e-11	84.2	3421660	N/A
72_8_1145_1866_6505/1	gi|2557643774|emb|OY673254.1|	95.652	46	2	0	45	90	21732	21777	7.90e-09	75.0	2697049	N/A
72_8_1145_1866_6505/1	gi|2463378371|dbj|AP027461.1|	95.652	46	2	0	45	90	1299632	1299677	7.90e-09	75.0	511145	N/A
72_8_1145_1866_6505/1	gi|2463378371|dbj|AP027461.1|	95.652	46	2	0	45	90	1628404	1628359	7.90e-09	75.0	511145	N/A
72_8_1145_1866_6505/1	gi|2165836832|emb|OV197136.1|	93.878	49	1	2	43	90	118	71	2.84e-08	73.1	2697049	N/A
72_8_1259_23901_7191/1	gi|2978724457|gb|PV611058.1|	90.698	129	7	4	12	137	295318	295444	1.27e-36	167	3421660	N/A
72_8_1259_23901_7191/1	gi|2978724457|gb|PV611058.1|	90.476	63	2	3	12	71	295781	295842	1.70e-10	80.5	3421660	N/A
72_8_1259_23901_7191/1	gi|2830983252|gb|CP170844.1|	88.421	95	9	1	14	106	4083424	4083330	1.67e-20	113	573	N/A
72_8_1259_23901_7191/1	gi|2557643774|emb|OY673254.1|	95.652	46	2	0	15	60	21732	21777	7.90e-09	75.0	2697049	N/A
72_8_1259_23901_7191/1	gi|2463378371|dbj|AP027461.1|	95.652	46	2	0	15	60	1299632	1299677	7.90e-09	75.0	511145	N/A
72_8_1259_23901_7191/1	gi|2463378371|dbj|AP027461.1|	95.652	46	2	0	15	60	1628404	1628359	7.90e-09	75.0	511145	N/A
72_8_1259_23901_7191/1	gi|685042185|emb|LN590710.1|	95.652	46	0	2	4	48	9162078	9162122	2.84e-08	73.1	7962	N/A
72_8_1259_23901_7191/1	gi|685042185|emb|LN590710.1|	93.750	48	0	3	9	54	10218498	10218544	3.67e-07	69.4	7962	N/A
72_8_1259_23901_7191/1	gi|685042185|emb|LN590710.1|	93.478	46	0	3	11	54	3790455	3790411	4.75e-06	65.8	7962	N/A
72_8_1259_23901_7191/1	gi|685042185|emb|LN590710.1|	93.478	46	0	3	11	54	6008691	6008735	4.75e-06	65.8	7962	N/A
72_8_1427_34963_28525/1	gi|2978724457|gb|PV611058.1|	90.476	126	7	4	15	137	295321	295444	5.89e-35	161	3421660	N/A
72_8_1427_34963_28525/1	gi|2978724457|gb|PV611058.1|	91.667	60	1	3	15	71	295784	295842	1.70e-10	80.5	3421660	N/A
72_8_1427_34963_28525/1	gi|2830983252|gb|CP170844.1|	85.417	96	10	2	15	108	4083423	4083330	1.69e-15	97.1	573	N/A
72_8_1427_34963_28525/1	gi|2557643774|emb|OY673254.1|	95.652	46	2	0	15	60	21732	21777	7.90e-09	75.0	2697049	N/A
72_8_1427_34963_28525/1	gi|2463378371|dbj|AP027461.1|	93.878	49	3	0	12	60	1299629	1299677	7.90e-09	75.0	511145	N/A
72_8_1427_34963_28525/1	gi|2463378371|dbj|AP027461.1|	95.652	46	2	0	15	60	1628404	1628359	7.90e-09	75.0	511145	N/A
72_8_1427_34963_28525/1	gi|685047827|emb|LN596339.1|	94.000	50	1	2	7	54	601778	601827	7.90e-09	75.0	7962	N/A
72_8_2118_2117_10245/1	gi|2978724457|gb|PV611058.1|	87.879	132	5	5	9	137	295321	295444	5.93e-30	145	3421660	N/A
72_8_2118_2117_10245/1	gi|2978724457|gb|PV611058.1|	91.935	62	1	3	9	67	295784	295844	1.31e-11	84.2	3421660	N/A
72_8_2118_2117_10245/1	gi|2830983252|gb|CP170844.1|	87.879	99	7	2	7	103	4083425	4083330	6.02e-20	111	573	N/A
72_8_2118_2117_10245/1	gi|2557643774|emb|OY673254.1|	95.652	46	2	0	9	54	21732	21777	7.90e-09	75.0	2697049	N/A
72_8_2118_2117_10245/1	gi|2463378371|dbj|AP027461.1|	95.652	46	2	0	9	54	1299632	1299677	7.90e-09	75.0	511145	N/A
72_8_2118_2117_10245/1	gi|2463378371|dbj|AP027461.1|	95.652	46	2	0	9	54	1628404	1628359	7.90e-09	75.0	511145	N/A
72_8_2118_2117_10245/1	gi|2165836832|emb|OV197136.1|	93.878	49	1	2	7	54	118	71	2.84e-08	73.1	2697049	N/A
72_8_2202_10508_5216/1	gi|2978724457|gb|PV611058.1|	92.913	127	2	6	2	125	295322	295444	5.85e-40	178	3421660	N/A
72_8_2202_10508_5216/1	gi|2978724457|gb|PV611058.1|	89.831	59	2	3	2	57	295785	295842	2.84e-08	73.1	3421660	N/A
72_8_2202_10508_5216/1	gi|2830983252|gb|CP170844.1|	81.915	94	14	2	2	93	4083422	4083330	2.20e-09	76.8	573	N/A
72_8_2202_10508_5216/1	gi|2557643774|emb|OY673254.1|	93.333	45	3	0	2	46	21733	21777	1.32e-06	67.6	2697049	N/A
72_8_2202_10508_5216/1	gi|2463378371|dbj|AP027461.1|	93.333	45	3	0	2	46	1299633	1299677	1.32e-06	67.6	511145	N/A
72_8_2202_10508_5216/1	gi|2463378371|dbj|AP027461.1|	93.333	45	3	0	2	46	1628403	1628359	1.32e-06	67.6	511145	N/A
72_8_2202_10508_5216/1	gi|2755084441|gb|PP943425.1|	91.304	46	2	2	2	46	67824	67780	6.15e-05	62.1	10258	N/A
72_8_2202_10508_5216/1	gi|2755084441|gb|PP943425.1|	91.111	45	2	2	2	45	67592	67635	2.21e-04	60.2	10258	N/A
72_8_2178_12726_12472/1	gi|2978724457|gb|PV611058.1|	92.969	128	3	5	13	137	295320	295444	4.52e-41	182	3421660	N/A
72_8_2178_12726_12472/1	gi|2978724457|gb|PV611058.1|	91.803	61	1	3	13	70	295783	295842	4.72e-11	82.4	3421660	N/A
72_8_2178_12726_12472/1	gi|2830983252|gb|CP170844.1|	86.170	94	11	1	14	105	4083423	4083330	1.30e-16	100	573	N/A
72_8_2178_12726_12472/1	gi|685042161|emb|LN590686.1|	94.231	52	0	3	4	53	20813821	20813871	2.20e-09	76.8	7962	N/A
72_8_2178_12726_12472/1	gi|685042161|emb|LN590686.1|	95.556	45	0	2	11	53	6380191	6380235	1.02e-07	71.3	7962	N/A
72_8_2178_12726_12472/1	gi|685042161|emb|LN590686.1|	95.238	42	0	2	14	53	4545831	4545872	4.75e-06	65.8	7962	N/A
72_8_2178_12726_12472/1	gi|685042161|emb|LN590686.1|	95.238	42	0	2	14	53	12304839	12304798	4.75e-06	65.8	7962	N/A
72_8_2178_12726_12472/1	gi|685042161|emb|LN590686.1|	90.385	52	2	3	4	53	17091837	17091887	4.75e-06	65.8	7962	N/A
72_8_2178_12726_12472/1	gi|685042161|emb|LN590686.1|	95.238	42	0	2	14	53	28125760	28125801	4.75e-06	65.8	7962	N/A
72_8_2178_12726_12472/1	gi|685042161|emb|LN590686.1|	94.872	39	0	2	17	53	12436830	12436868	2.21e-04	60.2	7962	N/A
72_8_2178_12726_12472/1	gi|2557643774|emb|OY673254.1|	95.652	46	2	0	14	59	21732	21777	7.90e-09	75.0	2697049	N/A
72_8_2178_12726_12472/1	gi|2463378371|dbj|AP027461.1|	95.652	46	2	0	14	59	1299632	1299677	7.90e-09	75.0	511145	N/A
72_8_2178_12726_12472/1	gi|2463378371|dbj|AP027461.1|	95.652	46	2	0	14	59	1628404	1628359	7.90e-09	75.0	511145	N/A
72_8_2336_5847_28413/1	gi|2978724457|gb|PV611058.1|	89.855	138	3	5	3	137	295315	295444	1.27e-36	167	3421660	N/A
72_8_2336_5847_28413/1	gi|2978724457|gb|PV611058.1|	90.909	66	2	3	3	65	295778	295842	3.65e-12	86.1	3421660	N/A
72_8_2336_5847_28413/1	gi|2830983252|gb|CP170844.1|	90.426	94	7	1	9	100	4083423	4083330	2.78e-23	122	573	N/A
72_8_2336_5847_28413/1	gi|2557643774|emb|OY673254.1|	95.652	46	2	0	9	54	21732	21777	7.90e-09	75.0	2697049	N/A
72_8_2336_5847_28413/1	gi|2463378371|dbj|AP027461.1|	95.652	46	2	0	9	54	1299632	1299677	7.90e-09	75.0	511145	N/A
72_8_2336_5847_28413/1	gi|2463378371|dbj|AP027461.1|	95.652	46	2	0	9	54	1628404	1628359	7.90e-09	75.0	511145	N/A
72_8_2336_5847_28413/1	gi|2557638192|emb|OY694677.1|	93.878	49	1	2	7	54	4299	4346	2.84e-08	73.1	2697049	N/A
72_8_2352_42448_1672/1	gi|2978724457|gb|PV611058.1|	91.538	130	1	7	2	128	295322	295444	9.79e-38	171	3421660	N/A
72_8_2352_42448_1672/1	gi|2978724457|gb|PV611058.1|	91.803	61	1	3	2	59	295785	295844	4.72e-11	82.4	3421660	N/A
72_8_2352_42448_1672/1	gi|2830983252|gb|CP170844.1|	86.170	94	10	2	2	93	4083422	4083330	4.68e-16	99.0	573	N/A
72_8_2352_42448_1672/1	gi|2557643774|emb|OY673254.1|	95.556	45	2	0	2	46	21733	21777	2.84e-08	73.1	2697049	N/A
72_8_2352_42448_1672/1	gi|2463378371|dbj|AP027461.1|	95.556	45	2	0	2	46	1299633	1299677	2.84e-08	73.1	511145	N/A
72_8_2352_42448_1672/1	gi|2463378371|dbj|AP027461.1|	95.556	45	2	0	2	46	1628403	1628359	2.84e-08	73.1	511145	N/A
72_8_2352_42448_1672/1	gi|2755084441|gb|PP943425.1|	81.319	91	13	4	2	90	67824	67736	1.02e-07	71.3	10258	N/A
72_8_2352_42448_1672/1	gi|2755084441|gb|PP943425.1|	93.333	45	1	2	2	45	67592	67635	4.75e-06	65.8	10258	N/A
72_8_2352_35675_12612/1	gi|2978724457|gb|PV611058.1|	90.840	131	7	4	10	137	295316	295444	9.79e-38	171	3421660	N/A
72_8_2352_35675_12612/1	gi|2978724457|gb|PV611058.1|	90.769	65	2	3	10	71	295779	295842	1.31e-11	84.2	3421660	N/A
72_8_2352_35675_12612/1	gi|2830983252|gb|CP170844.1|	86.316	95	10	2	15	107	4083423	4083330	1.30e-16	100	573	N/A
72_8_2352_35675_12612/1	gi|2557643774|emb|OY673254.1|	92.593	54	3	1	8	60	21724	21777	2.20e-09	76.8	2697049	N/A
72_8_2352_35675_12612/1	gi|685042175|emb|LN590700.1|	92.727	55	1	3	3	55	14033952	14033899	2.20e-09	76.8	7962	N/A
72_8_2352_35675_12612/1	gi|685042175|emb|LN590700.1|	95.238	42	0	2	15	54	15778538	15778579	4.75e-06	65.8	7962	N/A
72_8_2352_35675_12612/1	gi|2463378371|dbj|AP027461.1|	95.652	46	2	0	15	60	1299632	1299677	7.90e-09	75.0	511145	N/A
72_8_2352_35675_12612/1	gi|2463378371|dbj|AP027461.1|	95.652	46	2	0	15	60	1628404	1628359	7.90e-09	75.0	511145	N/A
72_8_1451_19491_6981/1	gi|2978724457|gb|PV611058.1|	88.889	126	9	4	15	137	295321	295444	1.28e-31	150	3421660	N/A
72_8_1451_19491_6981/1	gi|2978724457|gb|PV611058.1|	91.667	60	1	3	15	71	295784	295842	1.70e-10	80.5	3421660	N/A
72_8_1451_19491_6981/1	gi|2830983252|gb|CP170844.1|	91.667	96	6	1	13	106	4083425	4083330	4.62e-26	132	573	N/A
72_8_1451_19491_6981/1	gi|685042185|emb|LN590710.1|	97.727	44	1	0	5	48	9162079	9162122	2.20e-09	76.8	7962	N/A
72_8_1451_19491_6981/1	gi|685042185|emb|LN590710.1|	95.238	42	0	2	15	54	3790452	3790411	4.75e-06	65.8	7962	N/A
72_8_1451_19491_6981/1	gi|685042185|emb|LN590710.1|	95.238	42	0	2	15	54	6008694	6008735	4.75e-06	65.8	7962	N/A
72_8_1451_19491_6981/1	gi|685042185|emb|LN590710.1|	95.238	42	0	2	15	54	10218503	10218544	4.75e-06	65.8	7962	N/A
72_8_1451_19491_6981/1	gi|2557643774|emb|OY673254.1|	95.652	46	2	0	15	60	21732	21777	7.90e-09	75.0	2697049	N/A
72_8_1451_19491_6981/1	gi|2463378371|dbj|AP027461.1|	95.652	46	2	0	15	60	1299632	1299677	7.90e-09	75.0	511145	N/A
72_8_1451_19491_6981/1	gi|2463378371|dbj|AP027461.1|	95.652	46	2	0	15	60	1628404	1628359	7.90e-09	75.0	511145	N/A
72_8_2276_40611_20737/1	gi|2978724457|gb|PV611058.1|	90.909	132	6	4	9	137	295316	295444	2.72e-38	172	3421660	N/A
72_8_2276_40611_20737/1	gi|2978724457|gb|PV611058.1|	90.769	65	2	3	9	70	295779	295842	1.31e-11	84.2	3421660	N/A
72_8_2276_40611_20737/1	gi|2830983252|gb|CP170844.1|	88.298	94	8	2	14	104	4083423	4083330	2.16e-19	110	573	N/A
72_8_2276_40611_20737/1	gi|685042161|emb|LN590686.1|	94.231	52	0	3	4	53	20813821	20813871	2.20e-09	76.8	7962	N/A
72_8_2276_40611_20737/1	gi|685042161|emb|LN590686.1|	95.349	43	0	2	13	53	6380193	6380235	1.32e-06	67.6	7962	N/A
72_8_2276_40611_20737/1	gi|685042161|emb|LN590686.1|	95.238	42	0	2	14	53	4545831	4545872	4.75e-06	65.8	7962	N/A
72_8_2276_40611_20737/1	gi|685042161|emb|LN590686.1|	95.238	42	0	2	14	53	12304839	12304798	4.75e-06	65.8	7962	N/A
72_8_2276_40611_20737/1	gi|685042161|emb|LN590686.1|	95.238	42	0	2	14	53	17091846	17091887	4.75e-06	65.8	7962	N/A
72_8_2276_40611_20737/1	gi|685042161|emb|LN590686.1|	95.238	42	0	2	14	53	28125760	28125801	4.75e-06	65.8	7962	N/A
72_8_2276_40611_20737/1	gi|685042161|emb|LN590686.1|	94.872	39	0	2	17	53	12436830	12436868	2.21e-04	60.2	7962	N/A
72_8_2276_40611_20737/1	gi|2557643774|emb|OY673254.1|	95.652	46	2	0	14	59	21732	21777	7.90e-09	75.0	2697049	N/A
72_8_2276_40611_20737/1	gi|2557638192|emb|OY694677.1|	91.228	57	2	3	4	59	4292	4346	7.90e-09	75.0	2697049	N/A
72_8_2322_37423_19168/1	gi|2155043183|emb|OV015804.1|	100.000	28	0	0	2	29	29938	29911	0.037	52.8	2697049	N/A
72_8_1287_25430_2863/1	gi|2978724457|gb|PV611058.1|	93.701	127	2	5	14	137	295321	295444	3.50e-42	185	3421660	N/A
72_8_1287_25430_2863/1	gi|2978724457|gb|PV611058.1|	91.667	60	1	3	14	70	295784	295842	1.70e-10	80.5	3421660	N/A
72_8_1287_25430_2863/1	gi|2830983252|gb|CP170844.1|	85.417	96	10	2	12	103	4083425	4083330	1.69e-15	97.1	573	N/A
72_8_1287_25430_2863/1	gi|2557643774|emb|OY673254.1|	95.652	46	2	0	14	59	21732	21777	7.90e-09	75.0	2697049	N/A
72_8_1287_25430_2863/1	gi|2463378371|dbj|AP027461.1|	95.652	46	2	0	14	59	1299632	1299677	7.90e-09	75.0	511145	N/A
72_8_1287_25430_2863/1	gi|2463378371|dbj|AP027461.1|	95.652	46	2	0	14	59	1628404	1628359	7.90e-09	75.0	511145	N/A
72_8_1287_25430_2863/1	gi|2165836832|emb|OV197136.1|	92.593	54	1	3	7	59	122	71	7.90e-09	75.0	2697049	N/A
72_8_1260_5119_5637/1	gi|2978724457|gb|PV611058.1|	90.551	127	7	4	14	137	295320	295444	1.64e-35	163	3421660	N/A
72_8_1260_5119_5637/1	gi|2978724457|gb|PV611058.1|	91.803	61	1	3	14	71	295783	295842	4.72e-11	82.4	3421660	N/A
72_8_1260_5119_5637/1	gi|2830983252|gb|CP170844.1|	87.368	95	9	2	15	107	4083423	4083330	2.80e-18	106	573	N/A
72_8_1260_5119_5637/1	gi|2557643774|emb|OY673254.1|	95.652	46	2	0	15	60	21732	21777	7.90e-09	75.0	2697049	N/A
72_8_1260_5119_5637/1	gi|2463378371|dbj|AP027461.1|	95.652	46	2	0	15	60	1299632	1299677	7.90e-09	75.0	511145	N/A
72_8_1260_5119_5637/1	gi|2463378371|dbj|AP027461.1|	95.652	46	2	0	15	60	1628404	1628359	7.90e-09	75.0	511145	N/A
72_8_1260_5119_5637/1	gi|2557638192|emb|OY694677.1|	93.878	49	1	2	13	60	4299	4346	2.84e-08	73.1	2697049	N/A
72_8_1232_32179_6533/1	gi|2978724457|gb|PV611058.1|	96.000	125	1	3	5	126	295321	295444	1.25e-46	200	3421660	N/A
72_8_1232_32179_6533/1	gi|2978724457|gb|PV611058.1|	91.667	60	1	3	5	61	295784	295842	1.70e-10	80.5	3421660	N/A
72_8_1232_32179_6533/1	gi|2557643774|emb|OY673254.1|	95.652	46	2	0	5	50	21732	21777	7.90e-09	75.0	2697049	N/A
72_8_1232_32179_6533/1	gi|2463378371|dbj|AP027461.1|	95.652	46	2	0	5	50	1299632	1299677	7.90e-09	75.0	511145	N/A
72_8_1232_32179_6533/1	gi|2463378371|dbj|AP027461.1|	95.652	46	2	0	5	50	1628404	1628359	7.90e-09	75.0	511145	N/A
72_8_1232_32179_6533/1	gi|2830983252|gb|CP170844.1|	82.105	95	5	2	4	86	4083424	4083330	1.02e-07	71.3	573	N/A
72_8_1232_32179_6533/1	gi|2755084441|gb|PP943425.1|	93.750	48	1	2	3	49	67589	67635	1.02e-07	71.3	10258	N/A
72_8_1232_32179_6533/1	gi|2755084441|gb|PP943425.1|	93.617	47	1	2	5	50	67825	67780	3.67e-07	69.4	10258	N/A
72_8_2312_42028_6631/1	gi|2978724457|gb|PV611058.1|	86.822	129	6	8	2	130	295327	295444	1.28e-26	134	3421660	N/A
72_8_2312_42028_6631/1	gi|2978724457|gb|PV611058.1|	90.385	52	1	3	2	50	295790	295840	4.75e-06	65.8	3421660	N/A
72_8_2312_42028_6631/1	gi|2830983252|gb|CP170844.1|	81.111	90	13	3	2	89	4083417	4083330	3.67e-07	69.4	573	N/A
72_8_2312_42028_6631/1	gi|2557643774|emb|OY673254.1|	95.000	40	2	0	2	41	21738	21777	1.71e-05	63.9	2697049	N/A
72_8_2312_42028_6631/1	gi|2463378371|dbj|AP027461.1|	95.000	40	2	0	2	41	1299638	1299677	1.71e-05	63.9	511145	N/A
72_8_2312_42028_6631/1	gi|2463378371|dbj|AP027461.1|	95.000	40	2	0	2	41	1628398	1628359	1.71e-05	63.9	511145	N/A
72_8_2312_42028_6631/1	gi|2755084441|gb|PP943425.1|	92.683	41	1	2	2	41	67819	67780	7.95e-04	58.4	10258	N/A
72_8_2312_42028_6631/1	gi|2755084441|gb|PP943425.1|	92.500	40	1	2	2	40	67597	67635	0.003	56.5	10258	N/A
72_8_1117_43978_5048/1	gi|2978724457|gb|PV611058.1|	92.188	128	4	4	13	137	295320	295444	2.10e-39	176	3421660	N/A
72_8_1117_43978_5048/1	gi|2978724457|gb|PV611058.1|	91.803	61	1	3	13	70	295783	295842	4.72e-11	82.4	3421660	N/A
72_8_1117_43978_5048/1	gi|2830983252|gb|CP170844.1|	87.234	94	9	2	14	104	4083423	4083330	1.01e-17	104	573	N/A
72_8_1117_43978_5048/1	gi|685042802|emb|LN591327.1|	94.231	52	1	2	4	53	61997	62048	6.10e-10	78.7	7962	N/A
72_8_1117_43978_5048/1	gi|2557638192|emb|OY694677.1|	91.228	57	3	2	4	59	4291	4346	2.20e-09	76.8	2697049	N/A
72_8_1117_43978_5048/1	gi|2557643774|emb|OY673254.1|	92.453	53	3	1	8	59	21725	21777	7.90e-09	75.0	2697049	N/A
72_8_1384_28295_9279/1	gi|2978724457|gb|PV611058.1|	95.238	126	1	4	7	129	295321	295444	5.81e-45	195	3421660	N/A
72_8_1384_28295_9279/1	gi|2978724457|gb|PV611058.1|	91.667	60	1	3	7	63	295784	295842	1.70e-10	80.5	3421660	N/A
72_8_1384_28295_9279/1	gi|2830983252|gb|CP170844.1|	83.333	96	12	2	5	96	4083425	4083330	3.65e-12	86.1	573	N/A
72_8_1384_28295_9279/1	gi|2557643774|emb|OY673254.1|	95.652	46	2	0	7	52	21732	21777	7.90e-09	75.0	2697049	N/A
72_8_1384_28295_9279/1	gi|2463378371|dbj|AP027461.1|	95.652	46	2	0	7	52	1299632	1299677	7.90e-09	75.0	511145	N/A
72_8_1384_28295_9279/1	gi|2463378371|dbj|AP027461.1|	95.652	46	2	0	7	52	1628404	1628359	7.90e-09	75.0	511145	N/A
72_8_1384_28295_9279/1	gi|2165836832|emb|OV197136.1|	93.878	49	1	2	5	52	118	71	2.84e-08	73.1	2697049	N/A
72_8_1289_30593_26508/1	gi|2978724457|gb|PV611058.1|	95.238	126	1	4	5	127	295321	295444	5.81e-45	195	3421660	N/A
72_8_1289_30593_26508/1	gi|2978724457|gb|PV611058.1|	91.667	60	1	3	5	61	295784	295842	1.70e-10	80.5	3421660	N/A
72_8_1289_30593_26508/1	gi|2830983252|gb|CP170844.1|	83.158	95	12	2	4	94	4083424	4083330	1.31e-11	84.2	573	N/A
72_8_1289_30593_26508/1	gi|2557643774|emb|OY673254.1|	95.652	46	2	0	5	50	21732	21777	7.90e-09	75.0	2697049	N/A
72_8_1289_30593_26508/1	gi|2463378371|dbj|AP027461.1|	95.652	46	2	0	5	50	1299632	1299677	7.90e-09	75.0	511145	N/A
72_8_1289_30593_26508/1	gi|2463378371|dbj|AP027461.1|	95.652	46	2	0	5	50	1628404	1628359	7.90e-09	75.0	511145	N/A
72_8_1289_30593_26508/1	gi|2755084441|gb|PP943425.1|	93.750	48	1	2	3	49	67589	67635	1.02e-07	71.3	10258	N/A
72_8_1289_30593_26508/1	gi|2755084441|gb|PP943425.1|	93.617	47	1	2	5	50	67825	67780	3.67e-07	69.4	10258	N/A
72_8_1322_12815_13775/1	gi|2978724457|gb|PV611058.1|	93.846	130	2	5	11	137	295318	295444	7.51e-44	191	3421660	N/A
72_8_1322_12815_13775/1	gi|2978724457|gb|PV611058.1|	90.476	63	2	3	11	70	295781	295842	1.70e-10	80.5	3421660	N/A
72_8_1322_12815_13775/1	gi|2830983252|gb|CP170844.1|	84.043	94	12	2	14	104	4083423	4083330	1.01e-12	87.9	573	N/A
72_8_1322_12815_13775/1	gi|2557643774|emb|OY673254.1|	95.652	46	2	0	14	59	21732	21777	7.90e-09	75.0	2697049	N/A
72_8_1322_12815_13775/1	gi|2463378371|dbj|AP027461.1|	95.652	46	2	0	14	59	1299632	1299677	7.90e-09	75.0	511145	N/A
72_8_1322_12815_13775/1	gi|2463378371|dbj|AP027461.1|	95.652	46	2	0	14	59	1628404	1628359	7.90e-09	75.0	511145	N/A
72_8_1322_12815_13775/1	gi|685042177|emb|LN590702.1|	95.745	47	0	2	9	53	3995994	3995948	7.90e-09	75.0	7962	N/A
72_8_1322_12815_13775/1	gi|685042177|emb|LN590702.1|	90.741	54	1	4	4	53	6540849	6540902	3.67e-07	69.4	7962	N/A
72_8_1322_12815_13775/1	gi|685042177|emb|LN590702.1|	95.455	44	0	2	12	53	6862997	6863040	3.67e-07	69.4	7962	N/A
72_8_1322_12815_13775/1	gi|685042177|emb|LN590702.1|	95.238	42	0	2	14	53	1181065	1181106	4.75e-06	65.8	7962	N/A
72_8_1322_12815_13775/1	gi|685042177|emb|LN590702.1|	91.667	48	2	2	8	53	6762493	6762540	4.75e-06	65.8	7962	N/A
72_8_1322_12815_13775/1	gi|685042177|emb|LN590702.1|	100.000	33	0	0	14	46	1157092	1157060	6.15e-05	62.1	7962	N/A
72_8_1463_34316_4208/1	gi|2978724457|gb|PV611058.1|	92.308	130	1	5	8	134	295321	295444	2.10e-39	176	3421660	N/A
72_8_1463_34316_4208/1	gi|2978724457|gb|PV611058.1|	91.667	60	1	3	8	64	295784	295842	1.70e-10	80.5	3421660	N/A
72_8_1463_34316_4208/1	gi|2830983252|gb|CP170844.1|	87.368	95	9	2	7	98	4083424	4083330	2.80e-18	106	573	N/A
72_8_1463_34316_4208/1	gi|2557643774|emb|OY673254.1|	95.652	46	2	0	8	53	21732	21777	7.90e-09	75.0	2697049	N/A
72_8_1463_34316_4208/1	gi|2463378371|dbj|AP027461.1|	95.652	46	2	0	8	53	1299632	1299677	7.90e-09	75.0	511145	N/A
72_8_1463_34316_4208/1	gi|2463378371|dbj|AP027461.1|	95.652	46	2	0	8	53	1628404	1628359	7.90e-09	75.0	511145	N/A
72_8_1463_34316_4208/1	gi|2755084441|gb|PP943425.1|	93.878	49	1	2	5	52	67588	67635	2.84e-08	73.1	10258	N/A
72_8_1463_34316_4208/1	gi|2755084441|gb|PP943425.1|	93.617	47	1	2	8	53	67825	67780	3.67e-07	69.4	10258	N/A
72_8_1136_11771_10063/1	gi|2978724457|gb|PV611058.1|	89.313	131	4	5	10	137	295321	295444	2.74e-33	156	3421660	N/A
72_8_1136_11771_10063/1	gi|2978724457|gb|PV611058.1|	91.935	62	1	3	10	68	295784	295844	1.31e-11	84.2	3421660	N/A
72_8_1136_11771_10063/1	gi|2830983252|gb|CP170844.1|	89.583	96	7	2	9	102	4083424	4083330	3.60e-22	119	573	N/A
72_8_1136_11771_10063/1	gi|2755084441|gb|PP943425.1|	94.118	51	1	2	5	54	67586	67635	2.20e-09	76.8	10258	N/A
72_8_1136_11771_10063/1	gi|2755084441|gb|PP943425.1|	93.617	47	1	2	10	55	67825	67780	3.67e-07	69.4	10258	N/A
72_8_1136_11771_10063/1	gi|2557648311|emb|OY677105.1|	97.727	44	1	0	1	44	9635	9678	2.20e-09	76.8	2697049	N/A
72_8_1136_11771_10063/1	gi|2557643774|emb|OY673254.1|	95.652	46	2	0	10	55	21732	21777	7.90e-09	75.0	2697049	N/A
72_8_2122_19798_1042/1	gi|2978724457|gb|PV611058.1|	90.244	123	6	6	15	137	295321	295437	2.74e-33	156	3421660	N/A
72_8_2122_19798_1042/1	gi|2978724457|gb|PV611058.1|	90.164	61	1	4	15	72	295784	295842	7.90e-09	75.0	3421660	N/A
72_8_2122_19798_1042/1	gi|2557643774|emb|OY673254.1|	95.652	46	2	0	15	60	21732	21777	7.90e-09	75.0	2697049	N/A
72_8_2122_19798_1042/1	gi|2463378371|dbj|AP027461.1|	95.652	46	2	0	15	60	1299632	1299677	7.90e-09	75.0	511145	N/A
72_8_2122_19798_1042/1	gi|2463378371|dbj|AP027461.1|	95.652	46	2	0	15	60	1628404	1628359	7.90e-09	75.0	511145	N/A
72_8_2122_19798_1042/1	gi|685042481|emb|LN591006.1|	95.745	47	0	2	10	54	494275	494321	7.90e-09	75.0	7962	N/A
72_8_2122_19798_1042/1	gi|2830983252|gb|CP170844.1|	81.053	95	6	2	14	96	4083424	4083330	4.75e-06	65.8	573	N/A
72_8_1443_9683_25556/1	gi|2978724457|gb|PV611058.1|	94.488	127	1	5	8	131	295321	295444	7.51e-44	191	3421660	N/A
72_8_1443_9683_25556/1	gi|2978724457|gb|PV611058.1|	91.667	60	1	3	8	64	295784	295842	1.70e-10	80.5	3421660	N/A
72_8_1443_9683_25556/1	gi|2830983252|gb|CP170844.1|	84.375	96	11	2	6	97	4083425	4083330	7.84e-14	91.6	573	N/A
72_8_1443_9683_25556/1	gi|2557643774|emb|OY673254.1|	95.652	46	2	0	8	53	21732	21777	7.90e-09	75.0	2697049	N/A
72_8_1443_9683_25556/1	gi|2463378371|dbj|AP027461.1|	95.652	46	2	0	8	53	1299632	1299677	7.90e-09	75.0	511145	N/A
72_8_1443_9683_25556/1	gi|2463378371|dbj|AP027461.1|	95.652	46	2	0	8	53	1628404	1628359	7.90e-09	75.0	511145	N/A
72_8_1443_9683_25556/1	gi|2165836832|emb|OV197136.1|	93.878	49	1	2	6	53	118	71	2.84e-08	73.1	2697049	N/A
72_8_1330_47182_12164/1	gi|2978724457|gb|PV611058.1|	89.011	91	6	3	50	137	295322	295411	2.16e-19	110	3421660	N/A
72_8_1330_47182_12164/1	gi|2978724457|gb|PV611058.1|	88.525	61	2	4	50	107	295785	295843	3.67e-07	69.4	3421660	N/A
72_8_1330_47182_12164/1	gi|1811927197|gb|CP022655.2|	100.000	54	0	0	2	55	3836049	3836102	1.30e-16	100	2023772	N/A
72_8_1330_47182_12164/1	gi|2557643774|emb|OY673254.1|	93.333	45	3	0	50	94	21733	21777	1.32e-06	67.6	2697049	N/A
72_8_1330_47182_12164/1	gi|2463378371|dbj|AP027461.1|	93.333	45	3	0	50	94	1299633	1299677	1.32e-06	67.6	511145	N/A
72_8_1330_47182_12164/1	gi|2463378371|dbj|AP027461.1|	95.238	42	2	0	53	94	1628400	1628359	1.32e-06	67.6	511145	N/A
72_8_1330_47182_12164/1	gi|2830983252|gb|CP170844.1|	80.899	89	12	3	53	137	4083419	4083332	4.75e-06	65.8	573	N/A
72_8_1474_37998_3101/1	gi|2557643774|emb|OY673254.1|	95.652	46	2	0	85	130	21732	21777	7.90e-09	75.0	2697049	N/A
72_8_1474_37998_3101/1	gi|2463378371|dbj|AP027461.1|	95.652	46	2	0	85	130	1299632	1299677	7.90e-09	75.0	511145	N/A
72_8_1474_37998_3101/1	gi|2463378371|dbj|AP027461.1|	95.652	46	2	0	85	130	1628404	1628359	7.90e-09	75.0	511145	N/A
72_8_1474_37998_3101/1	gi|2978724457|gb|PV611058.1|	89.831	59	2	3	82	137	295318	295375	2.84e-08	73.1	3421660	N/A
72_8_1474_37998_3101/1	gi|2978724457|gb|PV611058.1|	89.831	59	2	3	82	137	295781	295838	2.84e-08	73.1	3421660	N/A
72_8_1474_37998_3101/1	gi|2165836832|emb|OV197136.1|	92.308	52	2	2	80	130	121	71	2.84e-08	73.1	2697049	N/A
72_8_1474_37998_3101/1	gi|2165834303|emb|OV196009.1|	92.157	51	4	0	80	130	120	70	2.84e-08	73.1	2697049	N/A
72_8_1474_37998_3101/1	gi|2165834303|emb|OV196009.1|	97.561	41	1	0	84	124	29911	29951	1.02e-07	71.3	2697049	N/A
72_8_2460_44520_22908/1	gi|2978724457|gb|PV611058.1|	93.651	126	3	4	15	137	295321	295444	1.26e-41	183	3421660	N/A
72_8_2460_44520_22908/1	gi|2978724457|gb|PV611058.1|	91.667	60	1	3	15	71	295784	295842	1.70e-10	80.5	3421660	N/A
72_8_2460_44520_22908/1	gi|2830983252|gb|CP170844.1|	85.106	94	10	2	15	104	4083423	4083330	2.18e-14	93.5	573	N/A
72_8_2460_44520_22908/1	gi|2557643774|emb|OY673254.1|	95.652	46	2	0	15	60	21732	21777	7.90e-09	75.0	2697049	N/A
72_8_2460_44520_22908/1	gi|2463378371|dbj|AP027461.1|	95.652	46	2	0	15	60	1299632	1299677	7.90e-09	75.0	511145	N/A
72_8_2460_44520_22908/1	gi|2463378371|dbj|AP027461.1|	95.652	46	2	0	15	60	1628404	1628359	7.90e-09	75.0	511145	N/A
72_8_2460_44520_22908/1	gi|685043901|emb|LN592426.1|	94.118	51	0	3	6	54	375099	375148	7.90e-09	75.0	7962	N/A
72_8_1230_37892_27377/1	gi|2978724457|gb|PV611058.1|	89.394	132	8	4	9	137	295316	295444	5.89e-35	161	3421660	N/A
72_8_1230_37892_27377/1	gi|2978724457|gb|PV611058.1|	89.231	65	3	3	9	70	295779	295842	6.10e-10	78.7	3421660	N/A
72_8_1230_37892_27377/1	gi|2830983252|gb|CP170844.1|	88.298	94	8	2	14	104	4083423	4083330	2.16e-19	110	573	N/A
72_8_1230_37892_27377/1	gi|2557643774|emb|OY673254.1|	93.478	46	3	0	14	59	21732	21777	3.67e-07	69.4	2697049	N/A
72_8_1230_37892_27377/1	gi|2463378371|dbj|AP027461.1|	91.837	49	4	0	11	59	1299629	1299677	3.67e-07	69.4	511145	N/A
72_8_1230_37892_27377/1	gi|2463378371|dbj|AP027461.1|	93.478	46	3	0	14	59	1628404	1628359	3.67e-07	69.4	511145	N/A
72_8_1230_37892_27377/1	gi|685047827|emb|LN596339.1|	92.000	50	2	2	6	53	601778	601827	3.67e-07	69.4	7962	N/A
72_8_2442_41922_2415/1	gi|2978724457|gb|PV611058.1|	94.488	127	1	5	14	137	295321	295444	7.51e-44	191	3421660	N/A
72_8_2442_41922_2415/1	gi|2978724457|gb|PV611058.1|	91.667	60	1	3	14	70	295784	295842	1.70e-10	80.5	3421660	N/A
72_8_2442_41922_2415/1	gi|2830983252|gb|CP170844.1|	84.375	96	11	2	12	103	4083425	4083330	7.84e-14	91.6	573	N/A
72_8_2442_41922_2415/1	gi|2165836832|emb|OV197136.1|	94.231	52	1	2	9	59	121	71	6.10e-10	78.7	2697049	N/A
72_8_2442_41922_2415/1	gi|2165834303|emb|OV196009.1|	94.118	51	3	0	9	59	120	70	6.10e-10	78.7	2697049	N/A
72_8_2442_41922_2415/1	gi|2165834303|emb|OV196009.1|	97.561	41	1	0	13	53	29911	29951	1.02e-07	71.3	2697049	N/A
72_8_2442_41922_2415/1	gi|2165832678|emb|OV195277.1|	94.231	52	1	2	9	59	137	87	6.10e-10	78.7	2697049	N/A
72_8_1397_44471_2513/1	gi|2978724457|gb|PV611058.1|	96.000	125	1	3	16	137	295321	295444	1.25e-46	200	3421660	N/A
72_8_1397_44471_2513/1	gi|2978724457|gb|PV611058.1|	91.667	60	1	3	16	72	295784	295842	1.70e-10	80.5	3421660	N/A
72_8_1397_44471_2513/1	gi|685042185|emb|LN590710.1|	97.727	44	1	0	6	49	9162079	9162122	2.20e-09	76.8	7962	N/A
72_8_1397_44471_2513/1	gi|685042185|emb|LN590710.1|	95.238	42	0	2	16	55	3790452	3790411	4.75e-06	65.8	7962	N/A
72_8_1397_44471_2513/1	gi|685042185|emb|LN590710.1|	95.238	42	0	2	16	55	6008694	6008735	4.75e-06	65.8	7962	N/A
72_8_1397_44471_2513/1	gi|685042185|emb|LN590710.1|	93.478	46	0	3	13	55	10218499	10218544	4.75e-06	65.8	7962	N/A
72_8_1397_44471_2513/1	gi|2557643774|emb|OY673254.1|	95.652	46	2	0	16	61	21732	21777	7.90e-09	75.0	2697049	N/A
72_8_1397_44471_2513/1	gi|2463378371|dbj|AP027461.1|	95.652	46	2	0	16	61	1299632	1299677	7.90e-09	75.0	511145	N/A
72_8_1397_44471_2513/1	gi|2463378371|dbj|AP027461.1|	95.652	46	2	0	16	61	1628404	1628359	7.90e-09	75.0	511145	N/A
72_8_1397_44471_2513/1	gi|2830983252|gb|CP170844.1|	81.915	94	5	2	16	97	4083423	4083330	3.67e-07	69.4	573	N/A
72_8_2470_40814_13523/1	gi|2978724457|gb|PV611058.1|	88.976	127	8	4	14	137	295321	295444	3.55e-32	152	3421660	N/A
72_8_2470_40814_13523/1	gi|2978724457|gb|PV611058.1|	91.935	62	1	3	14	72	295784	295844	1.31e-11	84.2	3421660	N/A
72_8_2470_40814_13523/1	gi|2830983252|gb|CP170844.1|	91.579	95	6	1	13	105	4083424	4083330	1.66e-25	130	573	N/A
72_8_2470_40814_13523/1	gi|2557643774|emb|OY673254.1|	95.652	46	2	0	14	59	21732	21777	7.90e-09	75.0	2697049	N/A
72_8_2470_40814_13523/1	gi|2463378371|dbj|AP027461.1|	93.878	49	3	0	11	59	1299629	1299677	7.90e-09	75.0	511145	N/A
72_8_2470_40814_13523/1	gi|2463378371|dbj|AP027461.1|	95.652	46	2	0	14	59	1628404	1628359	7.90e-09	75.0	511145	N/A
72_8_2470_40814_13523/1	gi|685045708|emb|LN594233.1|	92.453	53	2	2	3	53	80414	80362	7.90e-09	75.0	7962	N/A
72_8_1191_7093_4460/1	gi|2978724457|gb|PV611058.1|	94.444	126	1	5	2	124	295322	295444	2.70e-43	189	3421660	N/A
72_8_1191_7093_4460/1	gi|2978724457|gb|PV611058.1|	91.525	59	1	3	2	57	295785	295842	6.10e-10	78.7	3421660	N/A
72_8_1191_7093_4460/1	gi|2557643774|emb|OY673254.1|	95.556	45	2	0	2	46	21733	21777	2.84e-08	73.1	2697049	N/A
72_8_1191_7093_4460/1	gi|2463378371|dbj|AP027461.1|	95.556	45	2	0	2	46	1299633	1299677	2.84e-08	73.1	511145	N/A
72_8_1191_7093_4460/1	gi|2463378371|dbj|AP027461.1|	95.556	45	2	0	2	46	1628403	1628359	2.84e-08	73.1	511145	N/A
72_8_1191_7093_4460/1	gi|2755084441|gb|PP943425.1|	93.478	46	1	2	2	46	67824	67780	1.32e-06	67.6	10258	N/A
72_8_1191_7093_4460/1	gi|2755084441|gb|PP943425.1|	93.333	45	1	2	2	45	67592	67635	4.75e-06	65.8	10258	N/A
72_8_1191_7093_4460/1	gi|2830983252|gb|CP170844.1|	100.000	33	0	0	2	34	4083422	4083390	6.15e-05	62.1	573	N/A
72_8_1264_23966_11478/1	gi|2978724457|gb|PV611058.1|	86.232	138	8	5	3	137	295315	295444	2.76e-28	139	3421660	N/A
72_8_1264_23966_11478/1	gi|2978724457|gb|PV611058.1|	89.706	68	3	3	3	67	295778	295844	1.31e-11	84.2	3421660	N/A
72_8_1264_23966_11478/1	gi|2830983252|gb|CP170844.1|	89.583	96	6	3	9	102	4083423	4083330	3.60e-22	119	573	N/A
72_8_1264_23966_11478/1	gi|2755084441|gb|PP943425.1|	81.720	93	13	3	9	100	67825	67736	7.90e-09	75.0	10258	N/A
72_8_1264_23966_11478/1	gi|2755084441|gb|PP943425.1|	93.478	46	1	2	9	53	67591	67635	1.32e-06	67.6	10258	N/A
72_8_1264_23966_11478/1	gi|2557643774|emb|OY673254.1|	95.652	46	2	0	9	54	21732	21777	7.90e-09	75.0	2697049	N/A
72_8_1264_23966_11478/1	gi|2463378371|dbj|AP027461.1|	93.878	49	3	0	6	54	1299629	1299677	7.90e-09	75.0	511145	N/A
72_8_1264_23966_11478/1	gi|2463378371|dbj|AP027461.1|	95.652	46	2	0	9	54	1628404	1628359	7.90e-09	75.0	511145	N/A
72_8_1138_32819_10357/1	gi|2978724457|gb|PV611058.1|	92.248	129	1	6	2	127	295322	295444	7.57e-39	174	3421660	N/A
72_8_1138_32819_10357/1	gi|2978724457|gb|PV611058.1|	91.525	59	1	3	2	57	295785	295842	6.10e-10	78.7	3421660	N/A
72_8_1138_32819_10357/1	gi|2830983252|gb|CP170844.1|	87.097	93	9	2	2	91	4083422	4083330	3.62e-17	102	573	N/A
72_8_1138_32819_10357/1	gi|2557643774|emb|OY673254.1|	95.556	45	2	0	2	46	21733	21777	2.84e-08	73.1	2697049	N/A
72_8_1138_32819_10357/1	gi|2463378371|dbj|AP027461.1|	95.556	45	2	0	2	46	1299633	1299677	2.84e-08	73.1	511145	N/A
72_8_1138_32819_10357/1	gi|2463378371|dbj|AP027461.1|	95.556	45	2	0	2	46	1628403	1628359	2.84e-08	73.1	511145	N/A
72_8_1138_32819_10357/1	gi|2755084441|gb|PP943425.1|	93.478	46	1	2	2	46	67824	67780	1.32e-06	67.6	10258	N/A
72_8_1138_32819_10357/1	gi|2755084441|gb|PP943425.1|	93.333	45	1	2	2	45	67592	67635	4.75e-06	65.8	10258	N/A
72_8_1120_1356_18202/1	gi|2978724457|gb|PV611058.1|	90.625	128	5	4	13	137	295321	295444	1.64e-35	163	3421660	N/A
72_8_1120_1356_18202/1	gi|2978724457|gb|PV611058.1|	91.667	60	1	3	13	69	295784	295842	1.70e-10	80.5	3421660	N/A
72_8_1120_1356_18202/1	gi|2830983252|gb|CP170844.1|	87.368	95	9	2	13	105	4083423	4083330	2.80e-18	106	573	N/A
72_8_1120_1356_18202/1	gi|2463378371|dbj|AP027461.1|	94.000	50	3	0	9	58	1628408	1628359	2.20e-09	76.8	511145	N/A
72_8_1120_1356_18202/1	gi|2463378371|dbj|AP027461.1|	95.652	46	2	0	13	58	1299632	1299677	7.90e-09	75.0	511145	N/A
72_8_1120_1356_18202/1	gi|685046234|emb|LN594759.1|	100.000	41	0	0	7	47	3105	3145	2.20e-09	76.8	7962	N/A
72_8_1120_1356_18202/1	gi|2557643774|emb|OY673254.1|	93.878	49	3	0	10	58	21729	21777	7.90e-09	75.0	2697049	N/A
72_8_1210_50792_28805/1	gi|2978724457|gb|PV611058.1|	92.424	132	4	5	9	137	295316	295444	1.26e-41	183	3421660	N/A
72_8_1210_50792_28805/1	gi|2978724457|gb|PV611058.1|	90.769	65	2	3	9	70	295779	295842	1.31e-11	84.2	3421660	N/A
72_8_1210_50792_28805/1	gi|2830983252|gb|CP170844.1|	86.316	95	10	2	13	104	4083424	4083330	1.30e-16	100	573	N/A
72_8_1210_50792_28805/1	gi|685042161|emb|LN590686.1|	94.231	52	0	3	4	53	20813821	20813871	2.20e-09	76.8	7962	N/A
72_8_1210_50792_28805/1	gi|685042161|emb|LN590686.1|	95.349	43	0	2	13	53	12304840	12304798	1.32e-06	67.6	7962	N/A
72_8_1210_50792_28805/1	gi|685042161|emb|LN590686.1|	95.238	42	0	2	14	53	4545831	4545872	4.75e-06	65.8	7962	N/A
72_8_1210_50792_28805/1	gi|685042161|emb|LN590686.1|	95.238	42	0	2	14	53	6380194	6380235	4.75e-06	65.8	7962	N/A
72_8_1210_50792_28805/1	gi|685042161|emb|LN590686.1|	95.238	42	0	2	14	53	17091846	17091887	4.75e-06	65.8	7962	N/A
72_8_1210_50792_28805/1	gi|685042161|emb|LN590686.1|	95.238	42	0	2	14	53	28125760	28125801	4.75e-06	65.8	7962	N/A
72_8_1210_50792_28805/1	gi|685042161|emb|LN590686.1|	94.872	39	0	2	17	53	12436830	12436868	2.21e-04	60.2	7962	N/A
72_8_1210_50792_28805/1	gi|2557643774|emb|OY673254.1|	95.652	46	2	0	14	59	21732	21777	7.90e-09	75.0	2697049	N/A
72_8_1210_50792_28805/1	gi|2463378371|dbj|AP027461.1|	95.652	46	2	0	14	59	1299632	1299677	7.90e-09	75.0	511145	N/A
72_8_1210_50792_28805/1	gi|2463378371|dbj|AP027461.1|	95.652	46	2	0	14	59	1628404	1628359	7.90e-09	75.0	511145	N/A
72_8_1192_52143_4222/1	gi|2978724457|gb|PV611058.1|	93.902	82	1	3	59	137	295319	295399	1.00e-22	121	3421660	N/A
72_8_1192_52143_4222/1	gi|2978724457|gb|PV611058.1|	91.935	62	1	3	59	117	295782	295842	1.31e-11	84.2	3421660	N/A
72_8_1192_52143_4222/1	gi|2557643774|emb|OY673254.1|	91.379	58	4	1	50	106	21720	21777	6.10e-10	78.7	2697049	N/A
72_8_1192_52143_4222/1	gi|2560250289|emb|OY708460.1|	94.000	50	1	2	58	106	6487	6535	7.90e-09	75.0	2697049	N/A
72_8_1192_52143_4222/1	gi|2463378371|dbj|AP027461.1|	95.652	46	2	0	61	106	1299632	1299677	7.90e-09	75.0	511145	N/A
72_8_1192_52143_4222/1	gi|2463378371|dbj|AP027461.1|	95.652	46	2	0	61	106	1628404	1628359	7.90e-09	75.0	511145	N/A
72_8_1192_52143_4222/1	gi|685043992|emb|LN592517.1|	95.652	46	0	2	57	100	50657	50702	2.84e-08	73.1	7962	N/A
72_8_1192_52143_4222/1	gi|685043992|emb|LN592517.1|	95.349	43	0	2	60	100	76076	76118	1.32e-06	67.6	7962	N/A
72_8_2357_25123_21577/1	gi|2978724457|gb|PV611058.1|	93.750	128	1	4	13	137	295321	295444	3.50e-42	185	3421660	N/A
72_8_2357_25123_21577/1	gi|2978724457|gb|PV611058.1|	91.667	60	1	3	13	69	295784	295842	1.70e-10	80.5	3421660	N/A
72_8_2357_25123_21577/1	gi|2830983252|gb|CP170844.1|	85.263	95	11	2	12	103	4083424	4083330	6.06e-15	95.3	573	N/A
72_8_2357_25123_21577/1	gi|2557643774|emb|OY673254.1|	95.652	46	2	0	13	58	21732	21777	7.90e-09	75.0	2697049	N/A
72_8_2357_25123_21577/1	gi|2463378371|dbj|AP027461.1|	95.652	46	2	0	13	58	1299632	1299677	7.90e-09	75.0	511145	N/A
72_8_2357_25123_21577/1	gi|2463378371|dbj|AP027461.1|	95.652	46	2	0	13	58	1628404	1628359	7.90e-09	75.0	511145	N/A
72_8_2357_25123_21577/1	gi|2924925013|gb|PQ571295.1|	100.000	39	0	0	9	47	225	263	2.84e-08	73.1	3385244	N/A
72_8_1104_30229_20667/1	gi|2978724457|gb|PV611058.1|	94.488	127	1	5	14	137	295321	295444	7.51e-44	191	3421660	N/A
72_8_1104_30229_20667/1	gi|2978724457|gb|PV611058.1|	91.667	60	1	3	14	70	295784	295842	1.70e-10	80.5	3421660	N/A
72_8_1104_30229_20667/1	gi|2830983252|gb|CP170844.1|	84.043	94	11	2	14	103	4083423	4083330	1.01e-12	87.9	573	N/A
72_8_1104_30229_20667/1	gi|2557643774|emb|OY673254.1|	95.652	46	2	0	14	59	21732	21777	7.90e-09	75.0	2697049	N/A
72_8_1104_30229_20667/1	gi|2463378371|dbj|AP027461.1|	95.652	46	2	0	14	59	1299632	1299677	7.90e-09	75.0	511145	N/A
72_8_1104_30229_20667/1	gi|2463378371|dbj|AP027461.1|	95.652	46	2	0	14	59	1628404	1628359	7.90e-09	75.0	511145	N/A
72_8_1104_30229_20667/1	gi|2155043183|emb|OV015804.1|	100.000	40	0	0	11	50	29950	29911	7.90e-09	75.0	2697049	N/A
72_8_1184_33798_13537/1	gi|2978724457|gb|PV611058.1|	90.244	123	8	3	18	137	295321	295442	7.62e-34	158	3421660	N/A
72_8_1184_33798_13537/1	gi|2978724457|gb|PV611058.1|	91.525	59	1	3	18	73	295784	295841	6.10e-10	78.7	3421660	N/A
72_8_1184_33798_13537/1	gi|2830983252|gb|CP170844.1|	86.458	96	9	3	18	111	4083423	4083330	3.62e-17	102	573	N/A
72_8_1184_33798_13537/1	gi|2557643774|emb|OY673254.1|	95.652	46	2	0	18	63	21732	21777	7.90e-09	75.0	2697049	N/A
72_8_1184_33798_13537/1	gi|2463378371|dbj|AP027461.1|	95.652	46	2	0	18	63	1299632	1299677	7.90e-09	75.0	511145	N/A
72_8_1184_33798_13537/1	gi|2463378371|dbj|AP027461.1|	95.652	46	2	0	18	63	1628404	1628359	7.90e-09	75.0	511145	N/A
72_8_1184_33798_13537/1	gi|685043901|emb|LN592426.1|	94.118	51	0	3	9	57	375099	375148	7.90e-09	75.0	7962	N/A
72_8_2458_10306_13047/1	gi|2978724457|gb|PV611058.1|	92.537	134	2	7	7	137	295316	295444	3.50e-42	185	3421660	N/A
72_8_2458_10306_13047/1	gi|2978724457|gb|PV611058.1|	90.909	66	2	3	7	69	295779	295843	3.65e-12	86.1	3421660	N/A
72_8_2458_10306_13047/1	gi|2830983252|gb|CP170844.1|	86.170	94	10	2	12	102	4083423	4083330	4.68e-16	99.0	573	N/A
72_8_2458_10306_13047/1	gi|2557643774|emb|OY673254.1|	95.652	46	2	0	12	57	21732	21777	7.90e-09	75.0	2697049	N/A
72_8_2458_10306_13047/1	gi|2463378371|dbj|AP027461.1|	95.652	46	2	0	12	57	1299632	1299677	7.90e-09	75.0	511145	N/A
72_8_2458_10306_13047/1	gi|2463378371|dbj|AP027461.1|	95.652	46	2	0	12	57	1628404	1628359	7.90e-09	75.0	511145	N/A
72_8_2458_10306_13047/1	gi|685042247|emb|LN590772.1|	95.745	47	0	2	7	51	76662	76708	7.90e-09	75.0	7962	N/A
72_8_2354_4650_17795/1	gi|2978724457|gb|PV611058.1|	94.444	126	2	4	15	137	295321	295444	2.70e-43	189	3421660	N/A
72_8_2354_4650_17795/1	gi|2978724457|gb|PV611058.1|	91.667	60	1	3	15	71	295784	295842	1.70e-10	80.5	3421660	N/A
72_8_2354_4650_17795/1	gi|2830983252|gb|CP170844.1|	84.043	94	12	2	15	105	4083423	4083330	1.01e-12	87.9	573	N/A
72_8_2354_4650_17795/1	gi|2557643774|emb|OY673254.1|	92.593	54	3	1	8	60	21724	21777	2.20e-09	76.8	2697049	N/A
72_8_2354_4650_17795/1	gi|2463378371|dbj|AP027461.1|	95.652	46	2	0	15	60	1299632	1299677	7.90e-09	75.0	511145	N/A
72_8_2354_4650_17795/1	gi|2463378371|dbj|AP027461.1|	95.652	46	2	0	15	60	1628404	1628359	7.90e-09	75.0	511145	N/A
72_8_2354_4650_17795/1	gi|685044342|emb|LN592867.1|	95.745	47	0	2	10	54	33482	33436	7.90e-09	75.0	7962	N/A
72_8_1247_20486_18482/1	gi|2978724457|gb|PV611058.1|	88.806	134	1	4	2	132	295322	295444	3.55e-32	152	3421660	N/A
72_8_1247_20486_18482/1	gi|2978724457|gb|PV611058.1|	91.803	61	1	3	2	59	295785	295844	4.72e-11	82.4	3421660	N/A
72_8_1247_20486_18482/1	gi|2830983252|gb|CP170844.1|	92.473	93	5	1	2	92	4083422	4083330	4.62e-26	132	573	N/A
72_8_1247_20486_18482/1	gi|2557643774|emb|OY673254.1|	95.556	45	2	0	2	46	21733	21777	2.84e-08	73.1	2697049	N/A
72_8_1247_20486_18482/1	gi|2463378371|dbj|AP027461.1|	95.556	45	2	0	2	46	1299633	1299677	2.84e-08	73.1	511145	N/A
72_8_1247_20486_18482/1	gi|2463378371|dbj|AP027461.1|	95.556	45	2	0	2	46	1628403	1628359	2.84e-08	73.1	511145	N/A
72_8_1247_20486_18482/1	gi|2755084441|gb|PP943425.1|	93.478	46	1	2	2	46	67824	67780	1.32e-06	67.6	10258	N/A
72_8_1247_20486_18482/1	gi|2755084441|gb|PP943425.1|	93.333	45	1	2	2	45	67592	67635	4.75e-06	65.8	10258	N/A
72_8_2325_27729_21661/1	gi|2978724457|gb|PV611058.1|	87.500	128	9	5	14	137	295320	295444	7.68e-29	141	3421660	N/A
72_8_2325_27729_21661/1	gi|2978724457|gb|PV611058.1|	89.062	64	1	5	14	72	295783	295845	7.90e-09	75.0	3421660	N/A
72_8_2325_27729_21661/1	gi|2830983252|gb|CP170844.1|	81.818	99	11	3	15	111	4083423	4083330	2.20e-09	76.8	573	N/A
72_8_2325_27729_21661/1	gi|685042168|emb|LN590693.1|	95.745	47	0	2	10	54	11958545	11958499	7.90e-09	75.0	7962	N/A
72_8_2325_27729_21661/1	gi|685042168|emb|LN590693.1|	95.349	43	0	2	14	54	320675	320633	1.32e-06	67.6	7962	N/A
72_8_2325_27729_21661/1	gi|685042168|emb|LN590693.1|	95.238	42	0	2	15	54	320171	320212	4.75e-06	65.8	7962	N/A
72_8_2325_27729_21661/1	gi|2557643774|emb|OY673254.1|	95.556	45	2	0	15	59	21732	21776	2.84e-08	73.1	2697049	N/A
72_8_2325_27729_21661/1	gi|2463378371|dbj|AP027461.1|	95.556	45	2	0	15	59	1299632	1299676	2.84e-08	73.1	511145	N/A
72_8_2325_27729_21661/1	gi|2463378371|dbj|AP027461.1|	95.556	45	2	0	15	59	1628404	1628360	2.84e-08	73.1	511145	N/A
72_8_2173_15671_4040/1	gi|2978724457|gb|PV611058.1|	87.200	125	13	3	15	137	295321	295444	2.76e-28	139	3421660	N/A
72_8_2173_15671_4040/1	gi|2978724457|gb|PV611058.1|	89.474	57	4	2	15	69	295784	295840	1.02e-07	71.3	3421660	N/A
72_8_2173_15671_4040/1	gi|2830983252|gb|CP170844.1|	85.567	97	10	2	14	108	4083424	4083330	4.68e-16	99.0	573	N/A
72_8_2173_15671_4040/1	gi|2755084441|gb|PP943425.1|	81.111	90	13	4	18	106	67822	67736	3.67e-07	69.4	10258	N/A
72_8_2173_15671_4040/1	gi|2755084441|gb|PP943425.1|	97.222	36	1	0	13	48	67589	67624	6.15e-05	62.1	10258	N/A
72_8_2173_15671_4040/1	gi|2557643774|emb|OY673254.1|	93.478	46	3	0	15	60	21732	21777	3.67e-07	69.4	2697049	N/A
72_8_2173_15671_4040/1	gi|2524352013|emb|OY072335.1|	93.333	45	3	0	4	48	21647	21691	1.32e-06	67.6	2697049	N/A
72_8_2411_37269_26018/1	gi|2978724457|gb|PV611058.1|	94.656	131	2	4	9	136	295316	295444	4.49e-46	198	3421660	N/A
72_8_2411_37269_26018/1	gi|2978724457|gb|PV611058.1|	90.769	65	2	3	9	70	295779	295842	1.31e-11	84.2	3421660	N/A
72_8_2411_37269_26018/1	gi|2830983252|gb|CP170844.1|	82.979	94	8	2	14	99	4083423	4083330	6.10e-10	78.7	573	N/A
72_8_2411_37269_26018/1	gi|685042161|emb|LN590686.1|	94.231	52	0	3	4	53	20813821	20813871	2.20e-09	76.8	7962	N/A
72_8_2411_37269_26018/1	gi|685042161|emb|LN590686.1|	95.455	44	0	2	12	53	6380192	6380235	3.67e-07	69.4	7962	N/A
72_8_2411_37269_26018/1	gi|685042161|emb|LN590686.1|	95.238	42	0	2	14	53	4545831	4545872	4.75e-06	65.8	7962	N/A
72_8_2411_37269_26018/1	gi|685042161|emb|LN590686.1|	95.238	42	0	2	14	53	12304839	12304798	4.75e-06	65.8	7962	N/A
72_8_2411_37269_26018/1	gi|685042161|emb|LN590686.1|	95.238	42	0	2	14	53	17091846	17091887	4.75e-06	65.8	7962	N/A
72_8_2411_37269_26018/1	gi|685042161|emb|LN590686.1|	95.238	42	0	2	14	53	28125760	28125801	4.75e-06	65.8	7962	N/A
72_8_2411_37269_26018/1	gi|685042161|emb|LN590686.1|	94.872	39	0	2	17	53	12436830	12436868	2.21e-04	60.2	7962	N/A
72_8_2411_37269_26018/1	gi|2557643774|emb|OY673254.1|	95.652	46	2	0	14	59	21732	21777	7.90e-09	75.0	2697049	N/A
72_8_2411_37269_26018/1	gi|2463378371|dbj|AP027461.1|	93.878	49	3	0	11	59	1299629	1299677	7.90e-09	75.0	511145	N/A
72_8_2411_37269_26018/1	gi|2463378371|dbj|AP027461.1|	95.652	46	2	0	14	59	1628404	1628359	7.90e-09	75.0	511145	N/A
72_8_1152_32446_3830/1	gi|2978724457|gb|PV611058.1|	89.922	129	6	4	12	137	295320	295444	2.12e-34	159	3421660	N/A
72_8_1152_32446_3830/1	gi|2978724457|gb|PV611058.1|	91.803	61	1	3	12	69	295783	295842	4.72e-11	82.4	3421660	N/A
72_8_1152_32446_3830/1	gi|2830983252|gb|CP170844.1|	90.426	94	7	1	13	104	4083423	4083330	2.78e-23	122	573	N/A
72_8_1152_32446_3830/1	gi|2557643774|emb|OY673254.1|	95.652	46	2	0	13	58	21732	21777	7.90e-09	75.0	2697049	N/A
72_8_1152_32446_3830/1	gi|2463378371|dbj|AP027461.1|	95.652	46	2	0	13	58	1299632	1299677	7.90e-09	75.0	511145	N/A
72_8_1152_32446_3830/1	gi|2463378371|dbj|AP027461.1|	95.652	46	2	0	13	58	1628404	1628359	7.90e-09	75.0	511145	N/A
72_8_1152_32446_3830/1	gi|685042530|emb|LN591055.1|	95.652	46	0	2	10	53	361337	361292	2.84e-08	73.1	7962	N/A
72_8_2242_3735_15456/1	gi|2978724457|gb|PV611058.1|	88.189	127	10	4	14	137	295320	295444	1.65e-30	147	3421660	N/A
72_8_2242_3735_15456/1	gi|2978724457|gb|PV611058.1|	91.667	60	1	3	14	70	295783	295841	1.70e-10	80.5	3421660	N/A
72_8_2242_3735_15456/1	gi|2830983252|gb|CP170844.1|	88.542	96	7	3	15	108	4083423	4083330	1.67e-20	113	573	N/A
72_8_2242_3735_15456/1	gi|2557643774|emb|OY673254.1|	91.228	57	4	1	5	60	21721	21777	2.20e-09	76.8	2697049	N/A
72_8_2242_3735_15456/1	gi|685042161|emb|LN590686.1|	94.231	52	0	3	5	54	20813821	20813871	2.20e-09	76.8	7962	N/A
72_8_2242_3735_15456/1	gi|685042161|emb|LN590686.1|	95.455	44	0	2	13	54	6380192	6380235	3.67e-07	69.4	7962	N/A
72_8_2242_3735_15456/1	gi|685042161|emb|LN590686.1|	95.238	42	0	2	15	54	4545831	4545872	4.75e-06	65.8	7962	N/A
72_8_2242_3735_15456/1	gi|685042161|emb|LN590686.1|	95.238	42	0	2	15	54	12304839	12304798	4.75e-06	65.8	7962	N/A
72_8_2242_3735_15456/1	gi|685042161|emb|LN590686.1|	95.238	42	0	2	15	54	17091846	17091887	4.75e-06	65.8	7962	N/A
72_8_2242_3735_15456/1	gi|685042161|emb|LN590686.1|	95.238	42	0	2	15	54	28125760	28125801	4.75e-06	65.8	7962	N/A
72_8_2242_3735_15456/1	gi|685042161|emb|LN590686.1|	94.872	39	0	2	18	54	12436830	12436868	2.21e-04	60.2	7962	N/A
72_8_2242_3735_15456/1	gi|2463378371|dbj|AP027461.1|	95.652	46	2	0	15	60	1299632	1299677	7.90e-09	75.0	511145	N/A
72_8_2242_3735_15456/1	gi|2463378371|dbj|AP027461.1|	95.652	46	2	0	15	60	1628404	1628359	7.90e-09	75.0	511145	N/A
72_8_1197_41518_1714/1	gi|2978724457|gb|PV611058.1|	96.000	125	1	3	16	137	295321	295444	1.25e-46	200	3421660	N/A
72_8_1197_41518_1714/1	gi|2978724457|gb|PV611058.1|	91.667	60	1	3	16	72	295784	295842	1.70e-10	80.5	3421660	N/A
72_8_1197_41518_1714/1	gi|2557643774|emb|OY673254.1|	95.652	46	2	0	16	61	21732	21777	7.90e-09	75.0	2697049	N/A
72_8_1197_41518_1714/1	gi|2463378371|dbj|AP027461.1|	95.652	46	2	0	16	61	1299632	1299677	7.90e-09	75.0	511145	N/A
72_8_1197_41518_1714/1	gi|2463378371|dbj|AP027461.1|	95.652	46	2	0	16	61	1628404	1628359	7.90e-09	75.0	511145	N/A
72_8_1197_41518_1714/1	gi|2155043183|emb|OV015804.1|	100.000	40	0	0	13	52	29950	29911	7.90e-09	75.0	2697049	N/A
72_8_1197_41518_1714/1	gi|2830983252|gb|CP170844.1|	81.915	94	5	2	16	97	4083423	4083330	3.67e-07	69.4	573	N/A
72_8_2129_13972_18524/1	gi|2978724457|gb|PV611058.1|	84.375	128	13	4	13	137	295321	295444	3.60e-22	119	3421660	N/A
72_8_2129_13972_18524/1	gi|2978724457|gb|PV611058.1|	91.935	62	1	3	13	71	295784	295844	1.31e-11	84.2	3421660	N/A
72_8_2129_13972_18524/1	gi|2830983252|gb|CP170844.1|	87.000	100	5	3	13	110	4083423	4083330	2.80e-18	106	573	N/A
72_8_2129_13972_18524/1	gi|2755084441|gb|PP943425.1|	82.105	95	10	5	13	105	67825	67736	7.90e-09	75.0	10258	N/A
72_8_2129_13972_18524/1	gi|2755084441|gb|PP943425.1|	93.478	46	1	2	13	57	67591	67635	1.32e-06	67.6	10258	N/A
72_8_2129_13972_18524/1	gi|2557643774|emb|OY673254.1|	95.652	46	2	0	13	58	21732	21777	7.90e-09	75.0	2697049	N/A
72_8_2129_13972_18524/1	gi|2463378371|dbj|AP027461.1|	93.878	49	3	0	10	58	1299629	1299677	7.90e-09	75.0	511145	N/A
72_8_2129_13972_18524/1	gi|2463378371|dbj|AP027461.1|	95.652	46	2	0	13	58	1628404	1628359	7.90e-09	75.0	511145	N/A
72_8_2296_47037_7654/1	gi|2978724457|gb|PV611058.1|	95.238	126	1	4	14	136	295321	295444	5.81e-45	195	3421660	N/A
72_8_2296_47037_7654/1	gi|2978724457|gb|PV611058.1|	91.667	60	1	3	14	70	295784	295842	1.70e-10	80.5	3421660	N/A
72_8_2296_47037_7654/1	gi|2830983252|gb|CP170844.1|	81.443	97	15	2	12	106	4083425	4083330	2.20e-09	76.8	573	N/A
72_8_2296_47037_7654/1	gi|1476019893|gb|MH883760.1|	94.000	50	1	1	10	59	58057	58010	7.90e-09	75.0	10376	N/A
72_8_2296_47037_7654/1	gi|1476019893|gb|MH883760.1|	100.000	34	0	0	14	47	88232	88199	1.71e-05	63.9	10376	N/A
72_8_2296_47037_7654/1	gi|2557643774|emb|OY673254.1|	95.652	46	2	0	14	59	21732	21777	7.90e-09	75.0	2697049	N/A
72_8_2296_47037_7654/1	gi|2463378371|dbj|AP027461.1|	95.652	46	2	0	14	59	1299632	1299677	7.90e-09	75.0	511145	N/A
72_8_2296_47037_7654/1	gi|2463378371|dbj|AP027461.1|	95.652	46	2	0	14	59	1628404	1628359	7.90e-09	75.0	511145	N/A
72_8_2337_46972_29198/1	gi|2155043183|emb|OV015804.1|	100.000	28	0	0	7	34	29938	29911	0.037	52.8	2697049	N/A
72_8_1256_46284_24533/1	gi|2978724457|gb|PV611058.1|	88.800	125	10	3	16	137	295321	295444	1.28e-31	150	3421660	N/A
72_8_1256_46284_24533/1	gi|2978724457|gb|PV611058.1|	91.935	62	1	3	16	74	295784	295844	1.31e-11	84.2	3421660	N/A
72_8_1256_46284_24533/1	gi|2830983252|gb|CP170844.1|	91.579	95	6	1	15	107	4083424	4083330	1.66e-25	130	573	N/A
72_8_1256_46284_24533/1	gi|685042175|emb|LN590700.1|	95.833	48	0	2	10	55	15778532	15778579	2.20e-09	76.8	7962	N/A
72_8_1256_46284_24533/1	gi|685042175|emb|LN590700.1|	95.349	43	0	2	16	56	14033941	14033899	1.32e-06	67.6	7962	N/A
72_8_1256_46284_24533/1	gi|2557643774|emb|OY673254.1|	95.652	46	2	0	16	61	21732	21777	7.90e-09	75.0	2697049	N/A
72_8_1256_46284_24533/1	gi|2463378371|dbj|AP027461.1|	93.878	49	3	0	13	61	1299629	1299677	7.90e-09	75.0	511145	N/A
72_8_1256_46284_24533/1	gi|2463378371|dbj|AP027461.1|	95.652	46	2	0	16	61	1628404	1628359	7.90e-09	75.0	511145	N/A
72_8_2291_39859_15344/1	gi|2978724457|gb|PV611058.1|	86.585	82	7	3	59	137	295321	295401	1.01e-12	87.9	3421660	N/A
72_8_2291_39859_15344/1	gi|2978724457|gb|PV611058.1|	90.323	62	1	4	59	117	295784	295843	2.20e-09	76.8	3421660	N/A
72_8_2291_39859_15344/1	gi|2830983252|gb|CP170844.1|	83.951	81	10	3	59	137	4083423	4083344	7.90e-09	75.0	573	N/A
72_8_2291_39859_15344/1	gi|2557643774|emb|OY673254.1|	95.652	46	2	0	59	104	21732	21777	7.90e-09	75.0	2697049	N/A
72_8_2291_39859_15344/1	gi|2463378371|dbj|AP027461.1|	95.652	46	2	0	59	104	1299632	1299677	7.90e-09	75.0	511145	N/A
72_8_2291_39859_15344/1	gi|2463378371|dbj|AP027461.1|	95.652	46	2	0	59	104	1628404	1628359	7.90e-09	75.0	511145	N/A
72_8_2291_39859_15344/1	gi|685042524|emb|LN591049.1|	95.745	47	0	2	54	98	341738	341692	7.90e-09	75.0	7962	N/A
72_8_1424_19135_8662/1	gi|2978724457|gb|PV611058.1|	92.593	135	2	7	3	134	295315	295444	9.72e-43	187	3421660	N/A
72_8_1424_19135_8662/1	gi|2978724457|gb|PV611058.1|	90.909	66	2	3	3	65	295778	295842	3.65e-12	86.1	3421660	N/A
72_8_1424_19135_8662/1	gi|2830983252|gb|CP170844.1|	84.375	96	12	2	8	101	4083424	4083330	7.84e-14	91.6	573	N/A
72_8_1424_19135_8662/1	gi|2557643774|emb|OY673254.1|	95.652	46	2	0	9	54	21732	21777	7.90e-09	75.0	2697049	N/A
72_8_1424_19135_8662/1	gi|2463378371|dbj|AP027461.1|	95.652	46	2	0	9	54	1299632	1299677	7.90e-09	75.0	511145	N/A
72_8_1424_19135_8662/1	gi|2463378371|dbj|AP027461.1|	95.652	46	2	0	9	54	1628404	1628359	7.90e-09	75.0	511145	N/A
72_8_1424_19135_8662/1	gi|2557649546|emb|OY678249.1|	100.000	39	0	0	5	43	10396	10434	2.84e-08	73.1	2697049	N/A
72_8_1330_23537_1770/1	gi|2978724457|gb|PV611058.1|	92.857	126	4	4	15	137	295321	295444	5.85e-40	178	3421660	N/A
72_8_1330_23537_1770/1	gi|2978724457|gb|PV611058.1|	91.667	60	1	3	15	71	295784	295842	1.70e-10	80.5	3421660	N/A
72_8_1330_23537_1770/1	gi|2830983252|gb|CP170844.1|	86.458	96	9	2	13	104	4083425	4083330	3.62e-17	102	573	N/A
72_8_1330_23537_1770/1	gi|1476019893|gb|MH883760.1|	94.000	50	1	1	11	60	58057	58010	7.90e-09	75.0	10376	N/A
72_8_1330_23537_1770/1	gi|1476019893|gb|MH883760.1|	100.000	34	0	0	15	48	88232	88199	1.71e-05	63.9	10376	N/A
72_8_1330_23537_1770/1	gi|2557643774|emb|OY673254.1|	95.652	46	2	0	15	60	21732	21777	7.90e-09	75.0	2697049	N/A
72_8_1330_23537_1770/1	gi|2463378371|dbj|AP027461.1|	95.652	46	2	0	15	60	1299632	1299677	7.90e-09	75.0	511145	N/A
72_8_1330_23537_1770/1	gi|2463378371|dbj|AP027461.1|	95.652	46	2	0	15	60	1628404	1628359	7.90e-09	75.0	511145	N/A
72_8_2420_5847_17319/1	gi|2978724457|gb|PV611058.1|	91.538	130	1	6	2	128	295322	295444	9.79e-38	171	3421660	N/A
72_8_2420_5847_17319/1	gi|2978724457|gb|PV611058.1|	91.525	59	1	3	2	57	295785	295842	6.10e-10	78.7	3421660	N/A
72_8_2420_5847_17319/1	gi|2830983252|gb|CP170844.1|	86.170	94	10	2	2	93	4083422	4083330	4.68e-16	99.0	573	N/A
72_8_2420_5847_17319/1	gi|2557643774|emb|OY673254.1|	95.556	45	2	0	2	46	21733	21777	2.84e-08	73.1	2697049	N/A
72_8_2420_5847_17319/1	gi|2463378371|dbj|AP027461.1|	95.556	45	2	0	2	46	1299633	1299677	2.84e-08	73.1	511145	N/A
72_8_2420_5847_17319/1	gi|2463378371|dbj|AP027461.1|	95.556	45	2	0	2	46	1628403	1628359	2.84e-08	73.1	511145	N/A
72_8_2420_5847_17319/1	gi|2755084441|gb|PP943425.1|	93.478	46	1	2	2	46	67824	67780	1.32e-06	67.6	10258	N/A
72_8_2420_5847_17319/1	gi|2755084441|gb|PP943425.1|	93.333	45	1	2	2	45	67592	67635	4.75e-06	65.8	10258	N/A
72_8_1495_43282_21045/1	gi|2978724457|gb|PV611058.1|	96.000	125	1	3	12	133	295321	295444	1.25e-46	200	3421660	N/A
72_8_1495_43282_21045/1	gi|2978724457|gb|PV611058.1|	91.667	60	1	3	12	68	295784	295842	1.70e-10	80.5	3421660	N/A
72_8_1495_43282_21045/1	gi|2557643774|emb|OY673254.1|	93.878	49	3	0	9	57	21729	21777	7.90e-09	75.0	2697049	N/A
72_8_1495_43282_21045/1	gi|2463378371|dbj|AP027461.1|	95.652	46	2	0	12	57	1299632	1299677	7.90e-09	75.0	511145	N/A
72_8_1495_43282_21045/1	gi|2463378371|dbj|AP027461.1|	95.652	46	2	0	12	57	1628404	1628359	7.90e-09	75.0	511145	N/A
72_8_1495_43282_21045/1	gi|685047575|emb|LN596087.1|	95.652	46	0	2	9	52	6214	6169	2.84e-08	73.1	7962	N/A
72_8_1495_43282_21045/1	gi|2830983252|gb|CP170844.1|	82.105	95	5	2	11	93	4083424	4083330	1.02e-07	71.3	573	N/A
72_8_1422_30682_7360/1	gi|2978724457|gb|PV611058.1|	95.238	126	1	4	12	134	295321	295444	5.81e-45	195	3421660	N/A
72_8_1422_30682_7360/1	gi|2978724457|gb|PV611058.1|	91.667	60	1	3	12	68	295784	295842	1.70e-10	80.5	3421660	N/A
72_8_1422_30682_7360/1	gi|2830983252|gb|CP170844.1|	82.979	94	11	2	12	100	4083423	4083330	1.70e-10	80.5	573	N/A
72_8_1422_30682_7360/1	gi|2557643774|emb|OY673254.1|	95.652	46	2	0	12	57	21732	21777	7.90e-09	75.0	2697049	N/A
72_8_1422_30682_7360/1	gi|2463378371|dbj|AP027461.1|	95.652	46	2	0	12	57	1299632	1299677	7.90e-09	75.0	511145	N/A
72_8_1422_30682_7360/1	gi|2463378371|dbj|AP027461.1|	95.652	46	2	0	12	57	1628404	1628359	7.90e-09	75.0	511145	N/A
72_8_1422_30682_7360/1	gi|685046063|emb|LN594588.1|	95.652	46	0	2	8	51	121372	121417	2.84e-08	73.1	7962	N/A
72_8_1447_9732_28105/1	gi|2978724457|gb|PV611058.1|	90.400	125	8	3	16	137	295321	295444	5.89e-35	161	3421660	N/A
72_8_1447_9732_28105/1	gi|2978724457|gb|PV611058.1|	90.164	61	1	4	16	73	295784	295842	7.90e-09	75.0	3421660	N/A
72_8_1447_9732_28105/1	gi|2830983252|gb|CP170844.1|	85.417	96	10	3	16	109	4083423	4083330	1.69e-15	97.1	573	N/A
72_8_1447_9732_28105/1	gi|2557643774|emb|OY673254.1|	95.652	46	2	0	16	61	21732	21777	7.90e-09	75.0	2697049	N/A
72_8_1447_9732_28105/1	gi|2463378371|dbj|AP027461.1|	93.878	49	3	0	13	61	1299629	1299677	7.90e-09	75.0	511145	N/A
72_8_1447_9732_28105/1	gi|2463378371|dbj|AP027461.1|	95.652	46	2	0	16	61	1628404	1628359	7.90e-09	75.0	511145	N/A
72_8_1447_9732_28105/1	gi|685043901|emb|LN592426.1|	94.118	51	0	3	7	55	375099	375148	7.90e-09	75.0	7962	N/A
72_8_2163_42724_23581/1	gi|2978724457|gb|PV611058.1|	93.750	128	1	4	13	137	295321	295444	3.50e-42	185	3421660	N/A
72_8_2163_42724_23581/1	gi|2978724457|gb|PV611058.1|	91.667	60	1	3	13	69	295784	295842	1.70e-10	80.5	3421660	N/A
72_8_2163_42724_23581/1	gi|2830983252|gb|CP170844.1|	85.106	94	12	1	13	104	4083423	4083330	6.06e-15	95.3	573	N/A
72_8_2163_42724_23581/1	gi|2524352013|emb|OY072335.1|	97.778	45	1	0	2	46	21647	21691	6.10e-10	78.7	2697049	N/A
72_8_2163_42724_23581/1	gi|2557643774|emb|OY673254.1|	95.652	46	2	0	13	58	21732	21777	7.90e-09	75.0	2697049	N/A
72_8_2163_42724_23581/1	gi|2463378371|dbj|AP027461.1|	95.652	46	2	0	13	58	1299632	1299677	7.90e-09	75.0	511145	N/A
72_8_2163_42724_23581/1	gi|2463378371|dbj|AP027461.1|	95.652	46	2	0	13	58	1628404	1628359	7.90e-09	75.0	511145	N/A
72_8_1340_42505_17627/1	gi|2978724457|gb|PV611058.1|	89.683	126	8	4	15	137	295321	295444	2.74e-33	156	3421660	N/A
72_8_1340_42505_17627/1	gi|2978724457|gb|PV611058.1|	91.667	60	1	3	15	71	295784	295842	1.70e-10	80.5	3421660	N/A
72_8_1340_42505_17627/1	gi|2830983252|gb|CP170844.1|	90.625	96	6	2	13	105	4083425	4083330	7.73e-24	124	573	N/A
72_8_1340_42505_17627/1	gi|685042185|emb|LN590710.1|	97.778	45	1	0	4	48	9162078	9162122	6.10e-10	78.7	7962	N/A
72_8_1340_42505_17627/1	gi|685042185|emb|LN590710.1|	95.238	42	0	2	15	54	3790452	3790411	4.75e-06	65.8	7962	N/A
72_8_1340_42505_17627/1	gi|685042185|emb|LN590710.1|	95.238	42	0	2	15	54	6008694	6008735	4.75e-06	65.8	7962	N/A
72_8_1340_42505_17627/1	gi|685042185|emb|LN590710.1|	95.238	42	0	2	15	54	10218503	10218544	4.75e-06	65.8	7962	N/A
72_8_1340_42505_17627/1	gi|2557643774|emb|OY673254.1|	95.652	46	2	0	15	60	21732	21777	7.90e-09	75.0	2697049	N/A
72_8_1340_42505_17627/1	gi|2463378371|dbj|AP027461.1|	95.652	46	2	0	15	60	1299632	1299677	7.90e-09	75.0	511145	N/A
72_8_1340_42505_17627/1	gi|2463378371|dbj|AP027461.1|	95.652	46	2	0	15	60	1628404	1628359	7.90e-09	75.0	511145	N/A
72_8_1244_35578_17319/1	gi|2978724457|gb|PV611058.1|	88.043	92	6	5	50	137	295320	295410	1.01e-17	104	3421660	N/A
72_8_1244_35578_17319/1	gi|2978724457|gb|PV611058.1|	90.164	61	1	4	50	106	295783	295842	7.90e-09	75.0	3421660	N/A
72_8_1244_35578_17319/1	gi|685042321|emb|LN590846.1|	100.000	35	0	0	49	83	252302	252268	4.75e-06	65.8	7962	N/A
72_8_1244_35578_17319/1	gi|685042156|emb|LN590681.1|	90.385	52	2	3	41	89	2718943	2718994	4.75e-06	65.8	7962	N/A
72_8_1244_35578_17319/1	gi|685042156|emb|LN590681.1|	93.023	43	0	3	50	89	13017796	13017838	2.21e-04	60.2	7962	N/A
72_8_1244_35578_17319/1	gi|2560250289|emb|OY708460.1|	91.667	48	1	3	50	95	6489	6535	1.71e-05	63.9	2697049	N/A
72_8_1244_35578_17319/1	gi|2557638192|emb|OY694677.1|	91.667	48	1	3	50	95	4300	4346	1.71e-05	63.9	2697049	N/A
72_8_1308_13438_6085/1	gi|2978724457|gb|PV611058.1|	96.032	126	1	3	13	135	295320	295444	3.47e-47	202	3421660	N/A
72_8_1308_13438_6085/1	gi|2978724457|gb|PV611058.1|	91.803	61	1	3	13	70	295783	295842	4.72e-11	82.4	3421660	N/A
72_8_1308_13438_6085/1	gi|2557643774|emb|OY673254.1|	95.652	46	2	0	14	59	21732	21777	7.90e-09	75.0	2697049	N/A
72_8_1308_13438_6085/1	gi|2463378371|dbj|AP027461.1|	93.878	49	3	0	11	59	1299629	1299677	7.90e-09	75.0	511145	N/A
72_8_1308_13438_6085/1	gi|2463378371|dbj|AP027461.1|	95.652	46	2	0	14	59	1628404	1628359	7.90e-09	75.0	511145	N/A
72_8_1308_13438_6085/1	gi|685047827|emb|LN596339.1|	94.000	50	1	2	6	53	601778	601827	7.90e-09	75.0	7962	N/A
72_8_1308_13438_6085/1	gi|2830983252|gb|CP170844.1|	81.915	94	5	2	14	95	4083423	4083330	3.67e-07	69.4	573	N/A
72_8_1478_16464_4124/1	gi|2978724457|gb|PV611058.1|	95.935	123	1	3	18	137	295323	295444	1.61e-45	196	3421660	N/A
72_8_1478_16464_4124/1	gi|2978724457|gb|PV611058.1|	91.379	58	1	3	18	72	295786	295842	2.20e-09	76.8	3421660	N/A
72_8_1478_16464_4124/1	gi|2557643774|emb|OY673254.1|	89.655	58	5	1	5	61	21720	21777	2.84e-08	73.1	2697049	N/A
72_8_1478_16464_4124/1	gi|685042206|emb|LN590731.1|	93.878	49	1	2	10	56	347604	347652	2.84e-08	73.1	7962	N/A
72_8_1478_16464_4124/1	gi|2463378371|dbj|AP027461.1|	95.455	44	2	0	18	61	1299634	1299677	1.02e-07	71.3	511145	N/A
72_8_1478_16464_4124/1	gi|2463378371|dbj|AP027461.1|	95.455	44	2	0	18	61	1628402	1628359	1.02e-07	71.3	511145	N/A
72_8_1478_16464_4124/1	gi|2830983252|gb|CP170844.1|	81.522	92	5	2	18	97	4083421	4083330	4.75e-06	65.8	573	N/A
72_8_2252_39106_4880/1	gi|2978724457|gb|PV611058.1|	87.407	135	1	5	3	134	295323	295444	7.68e-29	141	3421660	N/A
72_8_2252_39106_4880/1	gi|2978724457|gb|PV611058.1|	89.231	65	2	4	3	63	295786	295849	2.20e-09	76.8	3421660	N/A
72_8_2252_39106_4880/1	gi|2830983252|gb|CP170844.1|	89.362	94	5	4	3	93	4083421	4083330	1.67e-20	113	573	N/A
72_8_2252_39106_4880/1	gi|2755084441|gb|PP943425.1|	81.319	91	13	4	3	92	67823	67736	1.02e-07	71.3	10258	N/A
72_8_2252_39106_4880/1	gi|2755084441|gb|PP943425.1|	93.182	44	1	2	3	45	67593	67635	1.71e-05	63.9	10258	N/A
72_8_2252_39106_4880/1	gi|2557643774|emb|OY673254.1|	95.455	44	2	0	3	46	21734	21777	1.02e-07	71.3	2697049	N/A
72_8_2252_39106_4880/1	gi|2463378371|dbj|AP027461.1|	95.455	44	2	0	3	46	1299634	1299677	1.02e-07	71.3	511145	N/A
72_8_2252_39106_4880/1	gi|2463378371|dbj|AP027461.1|	95.455	44	2	0	3	46	1628402	1628359	1.02e-07	71.3	511145	N/A
72_8_2206_20057_24547/1	gi|2557638192|emb|OY694677.1|	92.500	40	1	2	1	39	4308	4346	0.003	56.5	2697049	N/A
72_8_2206_20057_24547/1	gi|2165834303|emb|OV196009.1|	92.308	39	3	0	1	39	108	70	0.003	56.5	2697049	N/A
72_8_2206_20057_24547/1	gi|2165834303|emb|OV196009.1|	96.970	33	1	0	1	33	29919	29951	0.003	56.5	2697049	N/A
72_8_2206_20057_24547/1	gi|2155043183|emb|OV015804.1|	100.000	30	0	0	1	30	29940	29911	0.003	56.5	2697049	N/A
72_8_2206_20057_24547/1	gi|2991388636|dbj|AP040949.1|	100.000	29	0	0	1	29	3527645	3527673	0.010	54.7	573	N/A
72_8_2206_20057_24547/1	gi|2991388621|dbj|AP040934.1|	100.000	29	0	0	1	29	146956	146984	0.010	54.7	562	N/A
72_8_2206_20057_24547/1	gi|2991388621|dbj|AP040934.1|	100.000	29	0	0	1	29	4900943	4900915	0.010	54.7	562	N/A
72_8_1124_25382_10371/1	gi|2978724457|gb|PV611058.1|	92.969	128	3	5	13	137	295320	295444	4.52e-41	182	3421660	N/A
72_8_1124_25382_10371/1	gi|2978724457|gb|PV611058.1|	91.803	61	1	3	13	70	295783	295842	4.72e-11	82.4	3421660	N/A
72_8_1124_25382_10371/1	gi|2830983252|gb|CP170844.1|	86.170	94	10	2	14	104	4083423	4083330	4.68e-16	99.0	573	N/A
72_8_1124_25382_10371/1	gi|685042161|emb|LN590686.1|	94.231	52	0	3	4	53	20813821	20813871	2.20e-09	76.8	7962	N/A
72_8_1124_25382_10371/1	gi|685042161|emb|LN590686.1|	95.455	44	0	2	12	53	6380192	6380235	3.67e-07	69.4	7962	N/A
72_8_1124_25382_10371/1	gi|685042161|emb|LN590686.1|	95.238	42	0	2	14	53	4545831	4545872	4.75e-06	65.8	7962	N/A
72_8_1124_25382_10371/1	gi|685042161|emb|LN590686.1|	95.238	42	0	2	14	53	12304839	12304798	4.75e-06	65.8	7962	N/A
72_8_1124_25382_10371/1	gi|685042161|emb|LN590686.1|	95.238	42	0	2	14	53	17091846	17091887	4.75e-06	65.8	7962	N/A
72_8_1124_25382_10371/1	gi|685042161|emb|LN590686.1|	95.238	42	0	2	14	53	28125760	28125801	4.75e-06	65.8	7962	N/A
72_8_1124_25382_10371/1	gi|685042161|emb|LN590686.1|	94.872	39	0	2	17	53	12436830	12436868	2.21e-04	60.2	7962	N/A
72_8_1124_25382_10371/1	gi|2557643774|emb|OY673254.1|	95.652	46	2	0	14	59	21732	21777	7.90e-09	75.0	2697049	N/A
72_8_1124_25382_10371/1	gi|2557638192|emb|OY694677.1|	91.228	57	2	3	4	59	4292	4346	7.90e-09	75.0	2697049	N/A
72_8_2490_47636_10063/1	gi|2978724457|gb|PV611058.1|	90.840	131	3	6	7	135	295321	295444	1.27e-36	167	3421660	N/A
72_8_2490_47636_10063/1	gi|2978724457|gb|PV611058.1|	91.667	60	3	2	7	64	295784	295843	4.72e-11	82.4	3421660	N/A
72_8_2490_47636_10063/1	gi|2830983252|gb|CP170844.1|	88.660	97	8	2	5	99	4083425	4083330	4.65e-21	115	573	N/A
72_8_2490_47636_10063/1	gi|2557643774|emb|OY673254.1|	95.652	46	2	0	7	52	21732	21777	7.90e-09	75.0	2697049	N/A
72_8_2490_47636_10063/1	gi|1476019893|gb|MH883760.1|	93.878	49	1	1	4	52	58056	58010	2.84e-08	73.1	10376	N/A
72_8_2490_47636_10063/1	gi|1476019893|gb|MH883760.1|	100.000	34	0	0	7	40	88232	88199	1.71e-05	63.9	10376	N/A
72_8_2490_47636_10063/1	gi|2165832678|emb|OV195277.1|	93.750	48	3	0	5	52	134	87	2.84e-08	73.1	2697049	N/A
72_8_2490_49513_20513/1	gi|2978724457|gb|PV611058.1|	93.701	127	2	4	14	137	295321	295444	3.50e-42	185	3421660	N/A
72_8_2490_49513_20513/1	gi|2978724457|gb|PV611058.1|	91.667	60	1	3	14	70	295784	295842	1.70e-10	80.5	3421660	N/A
72_8_2490_49513_20513/1	gi|2830983252|gb|CP170844.1|	84.043	94	12	2	14	104	4083423	4083330	1.01e-12	87.9	573	N/A
72_8_2490_49513_20513/1	gi|2557643774|emb|OY673254.1|	95.652	46	2	0	14	59	21732	21777	7.90e-09	75.0	2697049	N/A
72_8_2490_49513_20513/1	gi|2463378371|dbj|AP027461.1|	93.878	49	3	0	11	59	1299629	1299677	7.90e-09	75.0	511145	N/A
72_8_2490_49513_20513/1	gi|2463378371|dbj|AP027461.1|	95.652	46	2	0	14	59	1628404	1628359	7.90e-09	75.0	511145	N/A
72_8_2490_49513_20513/1	gi|2560502367|emb|OY629453.1|	100.000	39	0	0	11	49	5915	5953	2.84e-08	73.1	2697049	N/A
72_8_2457_13397_6715/1	gi|2978724457|gb|PV611058.1|	87.302	126	11	4	15	137	295321	295444	2.76e-28	139	3421660	N/A
72_8_2457_13397_6715/1	gi|2978724457|gb|PV611058.1|	91.935	62	1	3	15	73	295784	295844	1.31e-11	84.2	3421660	N/A
72_8_2457_13397_6715/1	gi|2830983252|gb|CP170844.1|	91.667	96	5	2	14	107	4083424	4083330	1.66e-25	130	573	N/A
72_8_2457_13397_6715/1	gi|2557643774|emb|OY673254.1|	95.652	46	2	0	15	60	21732	21777	7.90e-09	75.0	2697049	N/A
72_8_2457_13397_6715/1	gi|2463378371|dbj|AP027461.1|	93.878	49	3	0	12	60	1299629	1299677	7.90e-09	75.0	511145	N/A
72_8_2457_13397_6715/1	gi|2463378371|dbj|AP027461.1|	95.652	46	2	0	15	60	1628404	1628359	7.90e-09	75.0	511145	N/A
72_8_2457_13397_6715/1	gi|685051416|emb|LN599928.1|	95.652	46	0	2	11	54	8192	8237	2.84e-08	73.1	7962	N/A
72_8_2112_30140_13397/1	gi|2978724457|gb|PV611058.1|	90.625	128	6	5	13	137	295320	295444	4.55e-36	165	3421660	N/A
72_8_2112_30140_13397/1	gi|2978724457|gb|PV611058.1|	91.525	59	1	3	13	68	295783	295840	6.10e-10	78.7	3421660	N/A
72_8_2112_30140_13397/1	gi|2830983252|gb|CP170844.1|	85.417	96	10	3	14	107	4083423	4083330	1.69e-15	97.1	573	N/A
72_8_2112_30140_13397/1	gi|685049950|emb|LN598462.1|	95.833	48	0	2	8	53	1938274	1938321	2.20e-09	76.8	7962	N/A
72_8_2112_30140_13397/1	gi|2557643774|emb|OY673254.1|	95.652	46	2	0	14	59	21732	21777	7.90e-09	75.0	2697049	N/A
72_8_2112_30140_13397/1	gi|2755084441|gb|PP943425.1|	81.720	93	11	5	14	103	67825	67736	2.84e-08	73.1	10258	N/A
72_8_2112_30140_13397/1	gi|2755084441|gb|PP943425.1|	93.478	46	1	2	14	58	67591	67635	1.32e-06	67.6	10258	N/A
72_8_1252_13583_1350/1	gi|2978724457|gb|PV611058.1|	88.189	127	9	4	14	137	295321	295444	1.65e-30	147	3421660	N/A
72_8_1252_13583_1350/1	gi|2978724457|gb|PV611058.1|	91.667	60	1	3	14	70	295784	295842	1.70e-10	80.5	3421660	N/A
72_8_1252_13583_1350/1	gi|2830983252|gb|CP170844.1|	90.625	96	6	2	13	106	4083424	4083330	7.73e-24	124	573	N/A
72_8_1252_13583_1350/1	gi|2557643774|emb|OY673254.1|	95.652	46	2	0	14	59	21732	21777	7.90e-09	75.0	2697049	N/A
72_8_1252_13583_1350/1	gi|2463378371|dbj|AP027461.1|	95.652	46	2	0	14	59	1299632	1299677	7.90e-09	75.0	511145	N/A
72_8_1252_13583_1350/1	gi|2463378371|dbj|AP027461.1|	95.652	46	2	0	14	59	1628404	1628359	7.90e-09	75.0	511145	N/A
72_8_1252_13583_1350/1	gi|685042481|emb|LN591006.1|	95.745	47	0	2	9	53	494275	494321	7.90e-09	75.0	7962	N/A
72_8_2260_16861_13971/1	gi|2978724457|gb|PV611058.1|	89.062	128	10	3	13	137	295318	295444	2.74e-33	156	3421660	N/A
72_8_2260_16861_13971/1	gi|2978724457|gb|PV611058.1|	92.063	63	1	3	13	72	295781	295842	3.65e-12	86.1	3421660	N/A
72_8_2260_16861_13971/1	gi|2830983252|gb|CP170844.1|	90.426	94	7	1	16	107	4083423	4083330	2.78e-23	122	573	N/A
72_8_2260_16861_13971/1	gi|2557643774|emb|OY673254.1|	92.593	54	3	1	9	61	21724	21777	2.20e-09	76.8	2697049	N/A
72_8_2260_16861_13971/1	gi|685042175|emb|LN590700.1|	94.118	51	1	2	8	56	14033949	14033899	2.20e-09	76.8	7962	N/A
72_8_2260_16861_13971/1	gi|685042175|emb|LN590700.1|	95.238	42	0	2	16	55	15778538	15778579	4.75e-06	65.8	7962	N/A
72_8_2260_16861_13971/1	gi|2565360070|emb|OY632882.1|	100.000	40	0	0	11	50	22461	22500	7.90e-09	75.0	2697049	N/A
72_8_1364_15461_6057/1	gi|2978724457|gb|PV611058.1|	90.977	133	1	5	8	137	295320	295444	3.52e-37	169	3421660	N/A
72_8_1364_15461_6057/1	gi|2978724457|gb|PV611058.1|	91.803	61	1	3	8	65	295783	295842	4.72e-11	82.4	3421660	N/A
72_8_1364_15461_6057/1	gi|2830983252|gb|CP170844.1|	89.362	94	8	1	9	100	4083423	4083330	1.29e-21	117	573	N/A
72_8_1364_15461_6057/1	gi|2557643774|emb|OY673254.1|	95.652	46	2	0	9	54	21732	21777	7.90e-09	75.0	2697049	N/A
72_8_1364_15461_6057/1	gi|2557638192|emb|OY694677.1|	94.000	50	1	2	6	54	4298	4346	7.90e-09	75.0	2697049	N/A
72_8_1364_15461_6057/1	gi|2463378371|dbj|AP027461.1|	95.652	46	2	0	9	54	1299632	1299677	7.90e-09	75.0	511145	N/A
72_8_1364_15461_6057/1	gi|2463378371|dbj|AP027461.1|	95.652	46	2	0	9	54	1628404	1628359	7.90e-09	75.0	511145	N/A
72_8_1419_30512_17123/1	gi|2978724457|gb|PV611058.1|	88.976	127	8	4	14	137	295321	295444	3.55e-32	152	3421660	N/A
72_8_1419_30512_17123/1	gi|2978724457|gb|PV611058.1|	91.667	60	1	3	14	70	295784	295842	1.70e-10	80.5	3421660	N/A
72_8_1419_30512_17123/1	gi|2830983252|gb|CP170844.1|	87.500	96	8	3	14	107	4083423	4083330	7.78e-19	108	573	N/A
72_8_1419_30512_17123/1	gi|2557643774|emb|OY673254.1|	95.652	46	2	0	14	59	21732	21777	7.90e-09	75.0	2697049	N/A
72_8_1419_30512_17123/1	gi|2463378371|dbj|AP027461.1|	93.878	49	3	0	11	59	1299629	1299677	7.90e-09	75.0	511145	N/A
72_8_1419_30512_17123/1	gi|2463378371|dbj|AP027461.1|	95.652	46	2	0	14	59	1628404	1628359	7.90e-09	75.0	511145	N/A
72_8_1419_30512_17123/1	gi|685049067|emb|LN597579.1|	100.000	40	0	0	9	48	1397	1436	7.90e-09	75.0	7962	N/A
72_8_2262_47959_22194/1	gi|2978724457|gb|PV611058.1|	88.288	111	9	3	30	137	295316	295425	1.66e-25	130	3421660	N/A
72_8_2262_47959_22194/1	gi|2978724457|gb|PV611058.1|	90.769	65	2	3	30	91	295779	295842	1.31e-11	84.2	3421660	N/A
72_8_2262_47959_22194/1	gi|2830983252|gb|CP170844.1|	85.417	96	10	2	35	128	4083423	4083330	1.69e-15	97.1	573	N/A
72_8_2262_47959_22194/1	gi|685042161|emb|LN590686.1|	94.231	52	0	3	25	74	20813821	20813871	2.20e-09	76.8	7962	N/A
72_8_2262_47959_22194/1	gi|685042161|emb|LN590686.1|	95.455	44	0	2	33	74	28125758	28125801	3.67e-07	69.4	7962	N/A
72_8_2262_47959_22194/1	gi|685042161|emb|LN590686.1|	95.349	43	0	2	34	74	4545830	4545872	1.32e-06	67.6	7962	N/A
72_8_2262_47959_22194/1	gi|685042161|emb|LN590686.1|	93.617	47	0	3	31	74	6380189	6380235	1.32e-06	67.6	7962	N/A
72_8_2262_47959_22194/1	gi|685042161|emb|LN590686.1|	95.238	42	0	2	35	74	12304839	12304798	4.75e-06	65.8	7962	N/A
72_8_2262_47959_22194/1	gi|685042161|emb|LN590686.1|	95.238	42	0	2	35	74	17091846	17091887	4.75e-06	65.8	7962	N/A
72_8_2262_47959_22194/1	gi|685042161|emb|LN590686.1|	94.872	39	0	2	38	74	12436830	12436868	2.21e-04	60.2	7962	N/A
72_8_2262_47959_22194/1	gi|2557643774|emb|OY673254.1|	95.652	46	2	0	35	80	21732	21777	7.90e-09	75.0	2697049	N/A
72_8_2262_47959_22194/1	gi|2463378371|dbj|AP027461.1|	95.652	46	2	0	35	80	1299632	1299677	7.90e-09	75.0	511145	N/A
72_8_2262_47959_22194/1	gi|2463378371|dbj|AP027461.1|	95.652	46	2	0	35	80	1628404	1628359	7.90e-09	75.0	511145	N/A
72_8_2437_3363_3942/1	gi|2978724457|gb|PV611058.1|	90.840	131	1	9	2	129	295322	295444	4.55e-36	165	3421660	N/A
72_8_2437_3363_3942/1	gi|2978724457|gb|PV611058.1|	90.164	61	1	4	2	59	295785	295843	7.90e-09	75.0	3421660	N/A
72_8_2437_3363_3942/1	gi|2830983252|gb|CP170844.1|	85.263	95	10	3	2	94	4083422	4083330	6.06e-15	95.3	573	N/A
72_8_2437_3363_3942/1	gi|2557643774|emb|OY673254.1|	93.478	46	2	1	2	47	21733	21777	1.32e-06	67.6	2697049	N/A
72_8_2437_3363_3942/1	gi|2463378371|dbj|AP027461.1|	93.478	46	2	1	2	47	1299633	1299677	1.32e-06	67.6	511145	N/A
72_8_2437_3363_3942/1	gi|2463378371|dbj|AP027461.1|	93.478	46	2	1	2	47	1628403	1628359	1.32e-06	67.6	511145	N/A
72_8_2437_3363_3942/1	gi|2755084441|gb|PP943425.1|	91.489	47	1	3	2	47	67824	67780	6.15e-05	62.1	10258	N/A
72_8_2437_3363_3942/1	gi|2755084441|gb|PP943425.1|	91.304	46	1	3	2	46	67592	67635	2.21e-04	60.2	10258	N/A
72_8_1329_33393_19981/1	gi|2978724457|gb|PV611058.1|	92.308	130	1	6	8	134	295321	295444	2.10e-39	176	3421660	N/A
72_8_1329_33393_19981/1	gi|2978724457|gb|PV611058.1|	91.667	60	1	3	8	64	295784	295842	1.70e-10	80.5	3421660	N/A
72_8_1329_33393_19981/1	gi|2830983252|gb|CP170844.1|	87.500	96	9	2	6	98	4083425	4083330	7.78e-19	108	573	N/A
72_8_1329_33393_19981/1	gi|2557643774|emb|OY673254.1|	95.652	46	2	0	8	53	21732	21777	7.90e-09	75.0	2697049	N/A
72_8_1329_33393_19981/1	gi|2463378371|dbj|AP027461.1|	95.652	46	2	0	8	53	1299632	1299677	7.90e-09	75.0	511145	N/A
72_8_1329_33393_19981/1	gi|2463378371|dbj|AP027461.1|	95.652	46	2	0	8	53	1628404	1628359	7.90e-09	75.0	511145	N/A
72_8_1329_33393_19981/1	gi|2165836832|emb|OV197136.1|	93.878	49	1	2	6	53	118	71	2.84e-08	73.1	2697049	N/A
72_8_1274_21967_20345/1	gi|2978724457|gb|PV611058.1|	94.574	129	2	4	12	137	295318	295444	5.81e-45	195	3421660	N/A
72_8_1274_21967_20345/1	gi|2978724457|gb|PV611058.1|	90.476	63	2	3	12	71	295781	295842	1.70e-10	80.5	3421660	N/A
72_8_1274_21967_20345/1	gi|2830983252|gb|CP170844.1|	82.979	94	8	2	15	100	4083423	4083330	6.10e-10	78.7	573	N/A
72_8_1274_21967_20345/1	gi|2557643774|emb|OY673254.1|	95.652	46	2	0	15	60	21732	21777	7.90e-09	75.0	2697049	N/A
72_8_1274_21967_20345/1	gi|2463378371|dbj|AP027461.1|	95.652	46	2	0	15	60	1299632	1299677	7.90e-09	75.0	511145	N/A
72_8_1274_21967_20345/1	gi|2463378371|dbj|AP027461.1|	95.652	46	2	0	15	60	1628404	1628359	7.90e-09	75.0	511145	N/A
72_8_1274_21967_20345/1	gi|685043901|emb|LN592426.1|	94.118	51	0	3	6	54	375099	375148	7.90e-09	75.0	7962	N/A
72_8_1187_49173_23875/1	gi|2557638192|emb|OY694677.1|	92.500	40	1	2	1	39	4308	4346	0.003	56.5	2697049	N/A
72_8_1187_49173_23875/1	gi|2165834303|emb|OV196009.1|	92.308	39	3	0	1	39	108	70	0.003	56.5	2697049	N/A
72_8_1187_49173_23875/1	gi|2165834303|emb|OV196009.1|	96.970	33	1	0	1	33	29919	29951	0.003	56.5	2697049	N/A
72_8_1187_49173_23875/1	gi|2155043183|emb|OV015804.1|	100.000	30	0	0	1	30	29940	29911	0.003	56.5	2697049	N/A
72_8_1187_49173_23875/1	gi|2991388636|dbj|AP040949.1|	100.000	29	0	0	1	29	3527645	3527673	0.010	54.7	573	N/A
72_8_1187_49173_23875/1	gi|2991388621|dbj|AP040934.1|	100.000	29	0	0	1	29	146956	146984	0.010	54.7	562	N/A
72_8_1187_49173_23875/1	gi|2991388621|dbj|AP040934.1|	100.000	29	0	0	1	29	4900943	4900915	0.010	54.7	562	N/A
72_8_2371_37067_16675/1	gi|2978724457|gb|PV611058.1|	93.701	127	2	5	14	137	295321	295444	3.50e-42	185	3421660	N/A
72_8_2371_37067_16675/1	gi|2978724457|gb|PV611058.1|	91.667	60	1	3	14	70	295784	295842	1.70e-10	80.5	3421660	N/A
72_8_2371_37067_16675/1	gi|2830983252|gb|CP170844.1|	83.505	97	13	2	12	106	4083425	4083330	1.01e-12	87.9	573	N/A
72_8_2371_37067_16675/1	gi|2557643774|emb|OY673254.1|	95.652	46	2	0	14	59	21732	21777	7.90e-09	75.0	2697049	N/A
72_8_2371_37067_16675/1	gi|2463378371|dbj|AP027461.1|	95.652	46	2	0	14	59	1299632	1299677	7.90e-09	75.0	511145	N/A
72_8_2371_37067_16675/1	gi|2463378371|dbj|AP027461.1|	95.652	46	2	0	14	59	1628404	1628359	7.90e-09	75.0	511145	N/A
72_8_2371_37067_16675/1	gi|685049978|emb|LN598497.1|	95.745	47	0	2	9	53	5650	5604	7.90e-09	75.0	7962	N/A
72_8_2107_43525_28974/1	gi|2978724457|gb|PV611058.1|	94.400	125	4	3	15	137	295321	295444	2.70e-43	189	3421660	N/A
72_8_2107_43525_28974/1	gi|2978724457|gb|PV611058.1|	91.525	59	3	2	15	71	295784	295842	1.70e-10	80.5	3421660	N/A
72_8_2107_43525_28974/1	gi|2830983252|gb|CP170844.1|	84.375	96	11	2	13	104	4083425	4083330	7.84e-14	91.6	573	N/A
72_8_2107_43525_28974/1	gi|2557643774|emb|OY673254.1|	95.652	46	2	0	15	60	21732	21777	7.90e-09	75.0	2697049	N/A
72_8_2107_43525_28974/1	gi|2165835005|emb|OV196273.1|	92.593	54	1	3	8	60	118	67	7.90e-09	75.0	2697049	N/A
72_8_2107_43525_28974/1	gi|2755084565|gb|PP943426.1|	92.157	51	2	2	15	63	121082	121032	1.02e-07	71.3	10258	N/A
72_8_2320_12831_3241/1	gi|2978724457|gb|PV611058.1|	88.095	126	10	4	15	137	295321	295444	5.93e-30	145	3421660	N/A
72_8_2320_12831_3241/1	gi|2978724457|gb|PV611058.1|	91.935	62	1	3	15	73	295784	295844	1.31e-11	84.2	3421660	N/A
72_8_2320_12831_3241/1	gi|2830983252|gb|CP170844.1|	90.526	95	6	2	15	107	4083423	4083330	2.78e-23	122	573	N/A
72_8_2320_12831_3241/1	gi|2557643774|emb|OY673254.1|	95.652	46	2	0	15	60	21732	21777	7.90e-09	75.0	2697049	N/A
72_8_2320_12831_3241/1	gi|2463378371|dbj|AP027461.1|	95.652	46	2	0	15	60	1299632	1299677	7.90e-09	75.0	511145	N/A
72_8_2320_12831_3241/1	gi|2463378371|dbj|AP027461.1|	95.652	46	2	0	15	60	1628404	1628359	7.90e-09	75.0	511145	N/A
72_8_2320_12831_3241/1	gi|685042160|emb|LN590685.1|	95.745	47	0	2	10	54	16867632	16867586	7.90e-09	75.0	7962	N/A
72_8_2320_12831_3241/1	gi|685042160|emb|LN590685.1|	93.617	47	1	2	10	54	850804	850850	3.67e-07	69.4	7962	N/A
72_8_2320_12831_3241/1	gi|685042160|emb|LN590685.1|	95.238	42	0	2	15	54	14193258	14193217	4.75e-06	65.8	7962	N/A
72_8_2320_12831_3241/1	gi|685042160|emb|LN590685.1|	95.238	42	0	2	15	54	18159835	18159794	4.75e-06	65.8	7962	N/A
72_8_2412_23068_2359/1	gi|2978724457|gb|PV611058.1|	89.683	126	8	4	15	137	295321	295444	2.74e-33	156	3421660	N/A
72_8_2412_23068_2359/1	gi|2978724457|gb|PV611058.1|	88.889	63	2	4	15	74	295784	295844	2.84e-08	73.1	3421660	N/A
72_8_2412_23068_2359/1	gi|2830983252|gb|CP170844.1|	86.170	94	10	2	15	105	4083423	4083330	4.68e-16	99.0	573	N/A
72_8_2412_23068_2359/1	gi|2557643774|emb|OY673254.1|	95.652	46	2	0	15	60	21732	21777	7.90e-09	75.0	2697049	N/A
72_8_2412_23068_2359/1	gi|2463378371|dbj|AP027461.1|	95.652	46	2	0	15	60	1299632	1299677	7.90e-09	75.0	511145	N/A
72_8_2412_23068_2359/1	gi|2463378371|dbj|AP027461.1|	95.652	46	2	0	15	60	1628404	1628359	7.90e-09	75.0	511145	N/A
72_8_2412_23068_2359/1	gi|780644672|ref|XM_011690559.1|	97.619	42	1	0	8	49	1031	1072	2.84e-08	73.1	64793	N/A
72_8_2267_52119_20205/1	gi|2978724457|gb|PV611058.1|	91.270	126	6	4	15	137	295321	295444	1.27e-36	167	3421660	N/A
72_8_2267_52119_20205/1	gi|2978724457|gb|PV611058.1|	91.667	60	1	3	15	71	295784	295842	1.70e-10	80.5	3421660	N/A
72_8_2267_52119_20205/1	gi|2830983252|gb|CP170844.1|	84.694	98	11	3	13	108	4083425	4083330	6.06e-15	95.3	573	N/A
72_8_2267_52119_20205/1	gi|2557643774|emb|OY673254.1|	95.652	46	2	0	15	60	21732	21777	7.90e-09	75.0	2697049	N/A
72_8_2267_52119_20205/1	gi|2463378371|dbj|AP027461.1|	95.652	46	2	0	15	60	1299632	1299677	7.90e-09	75.0	511145	N/A
72_8_2267_52119_20205/1	gi|2463378371|dbj|AP027461.1|	95.652	46	2	0	15	60	1628404	1628359	7.90e-09	75.0	511145	N/A
72_8_2267_52119_20205/1	gi|2165836832|emb|OV197136.1|	93.878	49	1	2	13	60	118	71	2.84e-08	73.1	2697049	N/A
72_8_2280_39082_8564/1	gi|2978724457|gb|PV611058.1|	92.308	130	4	4	11	137	295318	295444	1.63e-40	180	3421660	N/A
72_8_2280_39082_8564/1	gi|2978724457|gb|PV611058.1|	92.063	63	1	3	11	70	295781	295842	3.65e-12	86.1	3421660	N/A
72_8_2280_39082_8564/1	gi|2830983252|gb|CP170844.1|	87.234	94	10	1	14	105	4083423	4083330	2.80e-18	106	573	N/A
72_8_2280_39082_8564/1	gi|685043017|emb|LN591542.1|	95.833	48	0	2	8	53	89651	89604	2.20e-09	76.8	7962	N/A
72_8_2280_39082_8564/1	gi|2557643774|emb|OY673254.1|	95.652	46	2	0	14	59	21732	21777	7.90e-09	75.0	2697049	N/A
72_8_2280_39082_8564/1	gi|2463378371|dbj|AP027461.1|	95.652	46	2	0	14	59	1299632	1299677	7.90e-09	75.0	511145	N/A
72_8_2280_39082_8564/1	gi|2463378371|dbj|AP027461.1|	95.652	46	2	0	14	59	1628404	1628359	7.90e-09	75.0	511145	N/A
72_8_1312_11884_14265/1	gi|2155043183|emb|OV015804.1|	100.000	28	0	0	2	29	29938	29911	0.037	52.8	2697049	N/A
72_8_1435_14773_15204/1	gi|2978724457|gb|PV611058.1|	92.063	126	5	4	15	137	295321	295444	2.72e-38	172	3421660	N/A
72_8_1435_14773_15204/1	gi|2978724457|gb|PV611058.1|	90.000	60	2	3	15	71	295784	295842	7.90e-09	75.0	3421660	N/A
72_8_1435_14773_15204/1	gi|2830983252|gb|CP170844.1|	85.106	94	12	1	15	106	4083423	4083330	6.06e-15	95.3	573	N/A
72_8_1435_14773_15204/1	gi|685042185|emb|LN590710.1|	97.778	45	1	0	4	48	9162078	9162122	6.10e-10	78.7	7962	N/A
72_8_1435_14773_15204/1	gi|685042185|emb|LN590710.1|	95.238	42	0	2	15	54	3790452	3790411	4.75e-06	65.8	7962	N/A
72_8_1435_14773_15204/1	gi|685042185|emb|LN590710.1|	95.238	42	0	2	15	54	6008694	6008735	4.75e-06	65.8	7962	N/A
72_8_1435_14773_15204/1	gi|685042185|emb|LN590710.1|	95.238	42	0	2	15	54	10218503	10218544	4.75e-06	65.8	7962	N/A
72_8_1435_14773_15204/1	gi|685042164|emb|LN590689.1|	95.745	47	0	2	10	54	16044098	16044144	7.90e-09	75.0	7962	N/A
72_8_1435_14773_15204/1	gi|685042164|emb|LN590689.1|	100.000	36	0	0	14	49	16451533	16451498	1.32e-06	67.6	7962	N/A
72_8_1435_14773_15204/1	gi|685042164|emb|LN590689.1|	95.238	42	0	2	15	54	6291547	6291588	4.75e-06	65.8	7962	N/A
72_8_1435_14773_15204/1	gi|2524352013|emb|OY072335.1|	93.750	48	3	0	1	48	21644	21691	2.84e-08	73.1	2697049	N/A
72_8_1360_21093_4292/1	gi|2978724457|gb|PV611058.1|	91.852	135	3	6	3	134	295315	295444	4.52e-41	182	3421660	N/A
72_8_1360_21093_4292/1	gi|2978724457|gb|PV611058.1|	89.394	66	3	3	3	65	295778	295842	1.70e-10	80.5	3421660	N/A
72_8_1360_21093_4292/1	gi|2830983252|gb|CP170844.1|	84.375	96	12	2	8	101	4083424	4083330	7.84e-14	91.6	573	N/A
72_8_1360_21093_4292/1	gi|2557643774|emb|OY673254.1|	95.652	46	2	0	9	54	21732	21777	7.90e-09	75.0	2697049	N/A
72_8_1360_21093_4292/1	gi|2463378371|dbj|AP027461.1|	93.878	49	3	0	6	54	1299629	1299677	7.90e-09	75.0	511145	N/A
72_8_1360_21093_4292/1	gi|2463378371|dbj|AP027461.1|	95.652	46	2	0	9	54	1628404	1628359	7.90e-09	75.0	511145	N/A
72_8_1360_21093_4292/1	gi|2755084441|gb|PP943425.1|	93.750	48	1	2	7	53	67589	67635	1.02e-07	71.3	10258	N/A
72_8_1360_21093_4292/1	gi|2755084441|gb|PP943425.1|	93.617	47	1	2	9	54	67825	67780	3.67e-07	69.4	10258	N/A
72_8_2176_24030_29016/1	gi|2557638192|emb|OY694677.1|	92.500	40	1	2	17	55	4308	4346	0.003	56.5	2697049	N/A
72_8_2176_24030_29016/1	gi|2165834303|emb|OV196009.1|	92.308	39	3	0	17	55	108	70	0.003	56.5	2697049	N/A
72_8_2176_24030_29016/1	gi|2165834303|emb|OV196009.1|	96.970	33	1	0	17	49	29919	29951	0.003	56.5	2697049	N/A
72_8_2176_24030_29016/1	gi|2155043183|emb|OV015804.1|	100.000	30	0	0	17	46	29940	29911	0.003	56.5	2697049	N/A
72_8_2176_24030_29016/1	gi|2991388636|dbj|AP040949.1|	100.000	29	0	0	17	45	3527645	3527673	0.010	54.7	573	N/A
72_8_2176_24030_29016/1	gi|2991388621|dbj|AP040934.1|	100.000	29	0	0	17	45	146956	146984	0.010	54.7	562	N/A
72_8_2176_24030_29016/1	gi|2991388621|dbj|AP040934.1|	100.000	29	0	0	17	45	4900943	4900915	0.010	54.7	562	N/A
72_8_2189_4771_17529/1	gi|2978724457|gb|PV611058.1|	91.538	130	3	7	11	137	295320	295444	2.72e-38	172	3421660	N/A
72_8_2189_4771_17529/1	gi|2978724457|gb|PV611058.1|	88.525	61	3	3	11	68	295783	295842	1.02e-07	71.3	3421660	N/A
72_8_2189_4771_17529/1	gi|685049950|emb|LN598462.1|	93.750	48	1	2	6	51	1938274	1938321	1.02e-07	71.3	7962	N/A
72_8_2189_4771_17529/1	gi|685047827|emb|LN596339.1|	92.000	50	2	2	4	51	601778	601827	3.67e-07	69.4	7962	N/A
72_8_2189_4771_17529/1	gi|685042195|emb|LN590720.1|	92.000	50	1	3	5	51	5765846	5765797	1.32e-06	67.6	7962	N/A
72_8_2189_4771_17529/1	gi|685042195|emb|LN590720.1|	93.333	45	1	2	9	51	2930131	2930175	4.75e-06	65.8	7962	N/A
72_8_2189_4771_17529/1	gi|685042175|emb|LN590700.1|	90.385	52	3	2	3	52	14033950	14033899	1.32e-06	67.6	7962	N/A
72_8_2189_4771_17529/1	gi|685042175|emb|LN590700.1|	89.796	49	2	3	6	51	15778531	15778579	2.21e-04	60.2	7962	N/A
72_8_1351_20972_21311/1	gi|2978724457|gb|PV611058.1|	90.076	131	1	7	2	129	295323	295444	2.12e-34	159	3421660	N/A
72_8_1351_20972_21311/1	gi|2978724457|gb|PV611058.1|	91.667	60	1	3	2	58	295786	295844	1.70e-10	80.5	3421660	N/A
72_8_1351_20972_21311/1	gi|2830983252|gb|CP170844.1|	88.172	93	8	2	2	92	4083421	4083330	7.78e-19	108	573	N/A
72_8_1351_20972_21311/1	gi|2557643774|emb|OY673254.1|	95.455	44	2	0	2	45	21734	21777	1.02e-07	71.3	2697049	N/A
72_8_1351_20972_21311/1	gi|2463378371|dbj|AP027461.1|	95.455	44	2	0	2	45	1299634	1299677	1.02e-07	71.3	511145	N/A
72_8_1351_20972_21311/1	gi|2463378371|dbj|AP027461.1|	95.455	44	2	0	2	45	1628402	1628359	1.02e-07	71.3	511145	N/A
72_8_1351_20972_21311/1	gi|2755084441|gb|PP943425.1|	81.111	90	13	4	2	89	67823	67736	3.67e-07	69.4	10258	N/A
72_8_1351_20972_21311/1	gi|2755084441|gb|PP943425.1|	93.182	44	1	2	2	44	67593	67635	1.71e-05	63.9	10258	N/A
72_8_2139_49594_19420/1	gi|2978724457|gb|PV611058.1|	92.000	125	6	3	16	137	295321	295444	2.72e-38	172	3421660	N/A
72_8_2139_49594_19420/1	gi|2978724457|gb|PV611058.1|	91.667	60	1	3	16	72	295784	295842	1.70e-10	80.5	3421660	N/A
72_8_2139_49594_19420/1	gi|2830983252|gb|CP170844.1|	87.368	95	9	2	15	106	4083424	4083330	2.80e-18	106	573	N/A
72_8_2139_49594_19420/1	gi|2557643774|emb|OY673254.1|	91.379	58	4	1	5	61	21720	21777	6.10e-10	78.7	2697049	N/A
72_8_2139_49594_19420/1	gi|2463378371|dbj|AP027461.1|	95.652	46	2	0	16	61	1299632	1299677	7.90e-09	75.0	511145	N/A
72_8_2139_49594_19420/1	gi|2463378371|dbj|AP027461.1|	95.652	46	2	0	16	61	1628404	1628359	7.90e-09	75.0	511145	N/A
72_8_2139_49594_19420/1	gi|2165836832|emb|OV197136.1|	92.593	54	1	3	9	61	122	71	7.90e-09	75.0	2697049	N/A
72_8_1370_46147_19616/1	gi|2978724457|gb|PV611058.1|	94.488	127	1	5	8	131	295321	295444	7.51e-44	191	3421660	N/A
72_8_1370_46147_19616/1	gi|2978724457|gb|PV611058.1|	91.667	60	1	3	8	64	295784	295842	1.70e-10	80.5	3421660	N/A
72_8_1370_46147_19616/1	gi|2830983252|gb|CP170844.1|	84.043	94	11	2	8	97	4083423	4083330	1.01e-12	87.9	573	N/A
72_8_1370_46147_19616/1	gi|2557643774|emb|OY673254.1|	95.652	46	2	0	8	53	21732	21777	7.90e-09	75.0	2697049	N/A
72_8_1370_46147_19616/1	gi|2463378371|dbj|AP027461.1|	95.652	46	2	0	8	53	1299632	1299677	7.90e-09	75.0	511145	N/A
72_8_1370_46147_19616/1	gi|2463378371|dbj|AP027461.1|	95.652	46	2	0	8	53	1628404	1628359	7.90e-09	75.0	511145	N/A
72_8_1370_46147_19616/1	gi|780644672|ref|XM_011690559.1|	100.000	39	0	0	4	42	1034	1072	2.84e-08	73.1	64793	N/A
72_8_2150_4844_28413/1	gi|2978724457|gb|PV611058.1|	91.200	125	8	3	15	137	295321	295444	1.27e-36	167	3421660	N/A
72_8_2150_4844_28413/1	gi|2978724457|gb|PV611058.1|	89.831	59	4	2	15	71	295784	295842	7.90e-09	75.0	3421660	N/A
72_8_2150_4844_28413/1	gi|2830983252|gb|CP170844.1|	84.536	97	12	2	13	107	4083425	4083330	2.18e-14	93.5	573	N/A
72_8_2150_4844_28413/1	gi|2165832904|emb|OV195202.1|	97.674	43	0	1	8	50	241	200	2.84e-08	73.1	2697049	N/A
72_8_2150_4844_28413/1	gi|2557643774|emb|OY673254.1|	95.455	44	2	0	15	58	21732	21775	1.02e-07	71.3	2697049	N/A
72_8_2150_4844_28413/1	gi|2165836382|emb|OV196890.1|	97.619	42	0	1	8	49	123	83	1.02e-07	71.3	2697049	N/A
72_8_1228_15105_24911/1	gi|2978724457|gb|PV611058.1|	87.591	137	1	5	1	134	295321	295444	5.93e-30	145	3421660	N/A
72_8_1228_15105_24911/1	gi|2978724457|gb|PV611058.1|	90.323	62	2	3	1	59	295784	295844	6.10e-10	78.7	3421660	N/A
72_8_1228_15105_24911/1	gi|2830983252|gb|CP170844.1|	90.526	95	6	2	1	93	4083423	4083330	2.78e-23	122	573	N/A
72_8_1228_15105_24911/1	gi|2557643774|emb|OY673254.1|	95.652	46	2	0	1	46	21732	21777	7.90e-09	75.0	2697049	N/A
72_8_1228_15105_24911/1	gi|2463378371|dbj|AP027461.1|	95.652	46	2	0	1	46	1299632	1299677	7.90e-09	75.0	511145	N/A
72_8_1228_15105_24911/1	gi|2463378371|dbj|AP027461.1|	95.652	46	2	0	1	46	1628404	1628359	7.90e-09	75.0	511145	N/A
72_8_1228_15105_24911/1	gi|2755084441|gb|PP943425.1|	93.617	47	1	2	1	46	67825	67780	3.67e-07	69.4	10258	N/A
72_8_1228_15105_24911/1	gi|2755084441|gb|PP943425.1|	93.478	46	1	2	1	45	67591	67635	1.32e-06	67.6	10258	N/A
72_8_2440_9918_1336/1	gi|2978724457|gb|PV611058.1|	93.893	131	1	6	10	137	295318	295444	7.51e-44	191	3421660	N/A
72_8_2440_9918_1336/1	gi|2978724457|gb|PV611058.1|	90.625	64	1	4	10	70	295781	295842	1.70e-10	80.5	3421660	N/A
72_8_2440_9918_1336/1	gi|2830983252|gb|CP170844.1|	84.043	94	8	2	14	100	4083423	4083330	1.31e-11	84.2	573	N/A
72_8_2440_9918_1336/1	gi|2557643774|emb|OY673254.1|	91.379	58	4	1	3	59	21720	21777	6.10e-10	78.7	2697049	N/A
72_8_2440_9918_1336/1	gi|685042178|emb|LN590703.1|	95.918	49	0	2	7	53	13166497	13166545	6.10e-10	78.7	7962	N/A
72_8_2440_9918_1336/1	gi|685042178|emb|LN590703.1|	95.556	45	0	2	11	53	12952798	12952842	1.02e-07	71.3	7962	N/A
72_8_2440_9918_1336/1	gi|685042178|emb|LN590703.1|	95.349	43	0	2	13	53	17684506	17684464	1.32e-06	67.6	7962	N/A
72_8_2440_9918_1336/1	gi|685042178|emb|LN590703.1|	95.238	42	0	2	14	53	1057735	1057776	4.75e-06	65.8	7962	N/A
72_8_2440_9918_1336/1	gi|685042178|emb|LN590703.1|	95.238	42	0	2	14	53	7304702	7304661	4.75e-06	65.8	7962	N/A
72_8_2440_9918_1336/1	gi|685042175|emb|LN590700.1|	94.231	52	1	2	5	54	14033950	14033899	6.10e-10	78.7	7962	N/A
72_8_2440_9918_1336/1	gi|685042175|emb|LN590700.1|	95.238	42	0	2	14	53	15778538	15778579	4.75e-06	65.8	7962	N/A
72_8_1111_11811_10161/1	gi|2978724457|gb|PV611058.1|	94.444	126	2	4	15	137	295321	295444	2.70e-43	189	3421660	N/A
72_8_1111_11811_10161/1	gi|2978724457|gb|PV611058.1|	91.525	59	1	3	15	70	295784	295841	6.10e-10	78.7	3421660	N/A
72_8_1111_11811_10161/1	gi|2557643774|emb|OY673254.1|	92.593	54	3	1	8	60	21724	21777	2.20e-09	76.8	2697049	N/A
72_8_1111_11811_10161/1	gi|2830983252|gb|CP170844.1|	82.105	95	9	3	14	100	4083424	4083330	7.90e-09	75.0	573	N/A
72_8_1111_11811_10161/1	gi|2463378371|dbj|AP027461.1|	95.652	46	2	0	15	60	1299632	1299677	7.90e-09	75.0	511145	N/A
72_8_1111_11811_10161/1	gi|2463378371|dbj|AP027461.1|	95.652	46	2	0	15	60	1628404	1628359	7.90e-09	75.0	511145	N/A
72_8_1111_11811_10161/1	gi|2165836832|emb|OV197136.1|	92.593	54	1	3	8	60	122	71	7.90e-09	75.0	2697049	N/A
72_8_2106_6737_10763/1	gi|2557649546|emb|OY678249.1|	97.368	38	1	0	3	40	10397	10434	4.75e-06	65.8	2697049	N/A
72_8_2106_6737_10763/1	gi|2165834303|emb|OV196009.1|	91.489	47	4	0	5	51	116	70	4.75e-06	65.8	2697049	N/A
72_8_2106_6737_10763/1	gi|2165834303|emb|OV196009.1|	95.122	41	2	0	5	45	29911	29951	4.75e-06	65.8	2697049	N/A
72_8_2106_6737_10763/1	gi|2557638192|emb|OY694677.1|	91.489	47	2	2	6	51	4301	4346	1.71e-05	63.9	2697049	N/A
72_8_2106_6737_10763/1	gi|2165836382|emb|OV196890.1|	97.297	37	1	0	5	41	118	82	1.71e-05	63.9	2697049	N/A
72_8_2106_6737_10763/1	gi|2165834670|emb|OV196177.1|	97.297	37	1	0	5	41	118	82	1.71e-05	63.9	2697049	N/A
72_8_2217_48518_22908/1	gi|2978724457|gb|PV611058.1|	90.226	133	1	10	8	137	295321	295444	1.64e-35	163	3421660	N/A
72_8_2217_48518_22908/1	gi|2978724457|gb|PV611058.1|	91.525	59	1	3	8	63	295784	295841	6.10e-10	78.7	3421660	N/A
72_8_2217_48518_22908/1	gi|2830983252|gb|CP170844.1|	84.694	98	10	4	7	102	4083424	4083330	2.18e-14	93.5	573	N/A
72_8_2217_48518_22908/1	gi|2557643774|emb|OY673254.1|	95.652	46	2	0	8	53	21732	21777	7.90e-09	75.0	2697049	N/A
72_8_2217_48518_22908/1	gi|2463378371|dbj|AP027461.1|	95.652	46	2	0	8	53	1299632	1299677	7.90e-09	75.0	511145	N/A
72_8_2217_48518_22908/1	gi|2463378371|dbj|AP027461.1|	95.652	46	2	0	8	53	1628404	1628359	7.90e-09	75.0	511145	N/A
72_8_2217_48518_22908/1	gi|2755084441|gb|PP943425.1|	93.878	49	1	2	5	52	67588	67635	2.84e-08	73.1	10258	N/A
72_8_2217_48518_22908/1	gi|2755084441|gb|PP943425.1|	93.617	47	1	2	8	53	67825	67780	3.67e-07	69.4	10258	N/A
72_8_2414_37617_9111/1	gi|2978724457|gb|PV611058.1|	86.719	128	13	3	13	137	295318	295444	2.76e-28	139	3421660	N/A
72_8_2414_37617_9111/1	gi|2978724457|gb|PV611058.1|	89.286	56	2	3	13	65	295781	295835	1.32e-06	67.6	3421660	N/A
72_8_2414_37617_9111/1	gi|2830983252|gb|CP170844.1|	86.316	95	10	2	16	108	4083423	4083330	1.30e-16	100	573	N/A
72_8_2414_37617_9111/1	gi|685046059|emb|LN594584.1|	94.231	52	1	2	6	55	7180	7129	6.10e-10	78.7	7962	N/A
72_8_2414_37617_9111/1	gi|685042189|emb|LN590714.1|	94.231	52	0	3	7	55	3608303	3608252	2.20e-09	76.8	7962	N/A
72_8_2414_37617_9111/1	gi|685042189|emb|LN590714.1|	97.727	44	1	0	6	49	6568388	6568431	2.20e-09	76.8	7962	N/A
72_8_2414_37617_9111/1	gi|685042189|emb|LN590714.1|	100.000	36	0	0	15	50	11523468	11523503	1.32e-06	67.6	7962	N/A
72_8_2414_37617_9111/1	gi|685042189|emb|LN590714.1|	95.238	42	0	2	16	55	7216113	7216072	4.75e-06	65.8	7962	N/A
72_8_2414_37617_9111/1	gi|2557643774|emb|OY673254.1|	95.652	46	2	0	16	61	21732	21777	7.90e-09	75.0	2697049	N/A
72_8_1286_24516_12066/1	gi|2978724457|gb|PV611058.1|	94.531	128	1	5	13	137	295320	295444	2.09e-44	193	3421660	N/A
72_8_1286_24516_12066/1	gi|2978724457|gb|PV611058.1|	91.803	61	1	3	13	70	295783	295842	4.72e-11	82.4	3421660	N/A
72_8_1286_24516_12066/1	gi|2830983252|gb|CP170844.1|	84.043	94	9	2	14	101	4083423	4083330	3.65e-12	86.1	573	N/A
72_8_1286_24516_12066/1	gi|685049950|emb|LN598462.1|	95.833	48	0	2	8	53	1938274	1938321	2.20e-09	76.8	7962	N/A
72_8_1286_24516_12066/1	gi|2557643774|emb|OY673254.1|	95.652	46	2	0	14	59	21732	21777	7.90e-09	75.0	2697049	N/A
72_8_1286_24516_12066/1	gi|2463378371|dbj|AP027461.1|	95.652	46	2	0	14	59	1299632	1299677	7.90e-09	75.0	511145	N/A
72_8_1286_24516_12066/1	gi|2463378371|dbj|AP027461.1|	95.652	46	2	0	14	59	1628404	1628359	7.90e-09	75.0	511145	N/A
72_8_2468_9756_24477/1	gi|2978724457|gb|PV611058.1|	90.000	130	7	5	11	137	295318	295444	1.64e-35	163	3421660	N/A
72_8_2468_9756_24477/1	gi|2978724457|gb|PV611058.1|	90.909	66	1	4	11	73	295781	295844	1.31e-11	84.2	3421660	N/A
72_8_2468_9756_24477/1	gi|2830983252|gb|CP170844.1|	86.458	96	9	3	14	107	4083423	4083330	3.62e-17	102	573	N/A
72_8_2468_9756_24477/1	gi|2557643774|emb|OY673254.1|	92.593	54	3	1	7	59	21724	21777	2.20e-09	76.8	2697049	N/A
72_8_2468_9756_24477/1	gi|685042175|emb|LN590700.1|	94.118	51	1	2	6	54	14033949	14033899	2.20e-09	76.8	7962	N/A
72_8_2468_9756_24477/1	gi|685042175|emb|LN590700.1|	95.238	42	0	2	14	53	15778538	15778579	4.75e-06	65.8	7962	N/A
72_8_2468_9756_24477/1	gi|2565360070|emb|OY632882.1|	100.000	40	0	0	9	48	22461	22500	7.90e-09	75.0	2697049	N/A
72_8_1221_49068_26354/1	gi|2991388636|dbj|AP040949.1|	100.000	35	0	0	3	37	1791447	1791481	4.75e-06	65.8	573	N/A
72_8_2273_38313_9082/1	gi|2978724457|gb|PV611058.1|	95.238	126	2	3	15	137	295320	295444	1.61e-45	196	3421660	N/A
72_8_2273_38313_9082/1	gi|2978724457|gb|PV611058.1|	91.803	61	1	3	15	72	295783	295842	4.72e-11	82.4	3421660	N/A
72_8_2273_38313_9082/1	gi|2830983252|gb|CP170844.1|	82.979	94	11	2	16	104	4083423	4083330	1.70e-10	80.5	573	N/A
72_8_2273_38313_9082/1	gi|2557643774|emb|OY673254.1|	95.652	46	2	0	16	61	21732	21777	7.90e-09	75.0	2697049	N/A
72_8_2273_38313_9082/1	gi|2463378371|dbj|AP027461.1|	95.652	46	2	0	16	61	1299632	1299677	7.90e-09	75.0	511145	N/A
72_8_2273_38313_9082/1	gi|2463378371|dbj|AP027461.1|	95.652	46	2	0	16	61	1628404	1628359	7.90e-09	75.0	511145	N/A
72_8_2273_38313_9082/1	gi|685042177|emb|LN590702.1|	92.593	54	0	4	6	55	6540849	6540902	7.90e-09	75.0	7962	N/A
72_8_2273_38313_9082/1	gi|685042177|emb|LN590702.1|	95.238	42	0	2	16	55	1181065	1181106	4.75e-06	65.8	7962	N/A
72_8_2273_38313_9082/1	gi|685042177|emb|LN590702.1|	95.238	42	0	2	16	55	3995989	3995948	4.75e-06	65.8	7962	N/A
72_8_2273_38313_9082/1	gi|685042177|emb|LN590702.1|	95.238	42	0	2	16	55	6762499	6762540	4.75e-06	65.8	7962	N/A
72_8_2273_38313_9082/1	gi|685042177|emb|LN590702.1|	95.238	42	0	2	16	55	6862999	6863040	4.75e-06	65.8	7962	N/A
72_8_2273_38313_9082/1	gi|685042177|emb|LN590702.1|	93.333	45	0	2	7	48	1157104	1157060	1.71e-05	63.9	7962	N/A
72_8_2449_48388_15736/1	gi|2957934459|dbj|AP038996.1|	100.000	36	0	0	14	49	10050494	10050459	1.32e-06	67.6	84557	N/A
72_8_1153_44779_2065/1	gi|2978724457|gb|PV611058.1|	92.913	127	3	4	14	137	295321	295444	1.63e-40	180	3421660	N/A
72_8_1153_44779_2065/1	gi|2978724457|gb|PV611058.1|	91.667	60	1	3	14	70	295784	295842	1.70e-10	80.5	3421660	N/A
72_8_1153_44779_2065/1	gi|2830983252|gb|CP170844.1|	86.458	96	11	1	12	105	4083425	4083330	1.01e-17	104	573	N/A
72_8_1153_44779_2065/1	gi|2557643774|emb|OY673254.1|	95.652	46	2	0	14	59	21732	21777	7.90e-09	75.0	2697049	N/A
72_8_1153_44779_2065/1	gi|2463378371|dbj|AP027461.1|	95.652	46	2	0	14	59	1299632	1299677	7.90e-09	75.0	511145	N/A
72_8_1153_44779_2065/1	gi|2463378371|dbj|AP027461.1|	95.652	46	2	0	14	59	1628404	1628359	7.90e-09	75.0	511145	N/A
72_8_1153_44779_2065/1	gi|2165836832|emb|OV197136.1|	93.878	49	1	2	12	59	118	71	2.84e-08	73.1	2697049	N/A
72_8_2421_20543_22838/1	gi|2978724457|gb|PV611058.1|	92.248	129	1	5	2	127	295322	295444	7.57e-39	174	3421660	N/A
72_8_2421_20543_22838/1	gi|2978724457|gb|PV611058.1|	91.525	59	1	3	2	57	295785	295842	6.10e-10	78.7	3421660	N/A
72_8_2421_20543_22838/1	gi|2830983252|gb|CP170844.1|	87.097	93	8	2	2	90	4083422	4083330	3.62e-17	102	573	N/A
72_8_2421_20543_22838/1	gi|2557643774|emb|OY673254.1|	95.556	45	2	0	2	46	21733	21777	2.84e-08	73.1	2697049	N/A
72_8_2421_20543_22838/1	gi|2463378371|dbj|AP027461.1|	95.556	45	2	0	2	46	1299633	1299677	2.84e-08	73.1	511145	N/A
72_8_2421_20543_22838/1	gi|2463378371|dbj|AP027461.1|	95.556	45	2	0	2	46	1628403	1628359	2.84e-08	73.1	511145	N/A
72_8_2421_20543_22838/1	gi|2755084441|gb|PP943425.1|	93.478	46	1	2	2	46	67824	67780	1.32e-06	67.6	10258	N/A
72_8_2421_20543_22838/1	gi|2755084441|gb|PP943425.1|	93.333	45	1	2	2	45	67592	67635	4.75e-06	65.8	10258	N/A
72_8_2293_47903_11226/1	gi|2978724457|gb|PV611058.1|	94.574	129	2	4	12	137	295318	295444	5.81e-45	195	3421660	N/A
72_8_2293_47903_11226/1	gi|2978724457|gb|PV611058.1|	91.935	62	1	3	12	70	295781	295841	1.31e-11	84.2	3421660	N/A
72_8_2293_47903_11226/1	gi|685042175|emb|LN590700.1|	92.857	56	1	3	3	55	14033954	14033899	6.10e-10	78.7	7962	N/A
72_8_2293_47903_11226/1	gi|685042175|emb|LN590700.1|	95.238	42	0	2	15	54	15778538	15778579	4.75e-06	65.8	7962	N/A
72_8_2293_47903_11226/1	gi|2830983252|gb|CP170844.1|	81.915	94	14	2	15	105	4083423	4083330	2.20e-09	76.8	573	N/A
72_8_2293_47903_11226/1	gi|2557643774|emb|OY673254.1|	91.228	57	4	1	5	60	21721	21777	2.20e-09	76.8	2697049	N/A
72_8_2293_47903_11226/1	gi|2565360070|emb|OY632882.1|	100.000	40	0	0	10	49	22461	22500	7.90e-09	75.0	2697049	N/A
72_8_2258_48922_19378/1	gi|2978724457|gb|PV611058.1|	89.922	129	8	4	12	137	295318	295444	5.89e-35	161	3421660	N/A
72_8_2258_48922_19378/1	gi|2978724457|gb|PV611058.1|	89.062	64	2	4	12	72	295781	295842	7.90e-09	75.0	3421660	N/A
72_8_2258_48922_19378/1	gi|2830983252|gb|CP170844.1|	85.417	96	10	3	15	108	4083423	4083330	1.69e-15	97.1	573	N/A
72_8_2258_48922_19378/1	gi|2557643774|emb|OY673254.1|	95.652	46	2	0	15	60	21732	21777	7.90e-09	75.0	2697049	N/A
72_8_2258_48922_19378/1	gi|2463378371|dbj|AP027461.1|	95.652	46	2	0	15	60	1299632	1299677	7.90e-09	75.0	511145	N/A
72_8_2258_48922_19378/1	gi|2463378371|dbj|AP027461.1|	95.652	46	2	0	15	60	1628404	1628359	7.90e-09	75.0	511145	N/A
72_8_2258_48922_19378/1	gi|685043901|emb|LN592426.1|	94.118	51	0	3	6	54	375099	375148	7.90e-09	75.0	7962	N/A
72_8_2319_36784_21844/1	gi|2978724457|gb|PV611058.1|	92.126	127	4	5	14	137	295321	295444	7.57e-39	174	3421660	N/A
72_8_2319_36784_21844/1	gi|2978724457|gb|PV611058.1|	91.667	60	1	3	14	70	295784	295842	1.70e-10	80.5	3421660	N/A
72_8_2319_36784_21844/1	gi|2830983252|gb|CP170844.1|	86.458	96	10	2	13	106	4083424	4083330	3.62e-17	102	573	N/A
72_8_2319_36784_21844/1	gi|2557643774|emb|OY673254.1|	95.652	46	2	0	14	59	21732	21777	7.90e-09	75.0	2697049	N/A
72_8_2319_36784_21844/1	gi|2463378371|dbj|AP027461.1|	95.652	46	2	0	14	59	1299632	1299677	7.90e-09	75.0	511145	N/A
72_8_2319_36784_21844/1	gi|2463378371|dbj|AP027461.1|	95.652	46	2	0	14	59	1628404	1628359	7.90e-09	75.0	511145	N/A
72_8_2319_36784_21844/1	gi|685042481|emb|LN591006.1|	95.745	47	0	2	9	53	494275	494321	7.90e-09	75.0	7962	N/A
72_8_1390_20219_29198/1	gi|1839452578|ref|XR_004561906.1|	100.000	28	0	0	74	101	183	210	0.037	52.8	390379	N/A
72_8_1211_46673_26970/1	gi|2978724457|gb|PV611058.1|	87.302	126	13	3	14	137	295320	295444	7.68e-29	141	3421660	N/A
72_8_1211_46673_26970/1	gi|2978724457|gb|PV611058.1|	91.525	59	3	2	14	70	295783	295841	1.70e-10	80.5	3421660	N/A
72_8_1211_46673_26970/1	gi|2830983252|gb|CP170844.1|	89.583	96	5	3	15	107	4083423	4083330	1.29e-21	117	573	N/A
72_8_1211_46673_26970/1	gi|685042185|emb|LN590710.1|	97.727	44	1	0	5	48	9162079	9162122	2.20e-09	76.8	7962	N/A
72_8_1211_46673_26970/1	gi|685042185|emb|LN590710.1|	100.000	35	0	0	14	48	3790453	3790419	4.75e-06	65.8	7962	N/A
72_8_1211_46673_26970/1	gi|685042185|emb|LN590710.1|	100.000	35	0	0	14	48	6008693	6008727	4.75e-06	65.8	7962	N/A
72_8_1211_46673_26970/1	gi|685042185|emb|LN590710.1|	100.000	35	0	0	14	48	10218502	10218536	4.75e-06	65.8	7962	N/A
72_8_1211_46673_26970/1	gi|2557643774|emb|OY673254.1|	95.652	46	2	0	15	60	21732	21777	7.90e-09	75.0	2697049	N/A
72_8_1211_46673_26970/1	gi|685042175|emb|LN590700.1|	97.674	43	1	0	6	48	14033950	14033908	7.90e-09	75.0	7962	N/A
72_8_1211_46673_26970/1	gi|685042175|emb|LN590700.1|	100.000	34	0	0	15	48	15778538	15778571	1.71e-05	63.9	7962	N/A
72_8_1424_7814_4838/1	gi|2978724457|gb|PV611058.1|	90.625	128	8	3	13	137	295318	295444	1.27e-36	167	3421660	N/A
72_8_1424_7814_4838/1	gi|2978724457|gb|PV611058.1|	90.476	63	2	3	13	72	295781	295842	1.70e-10	80.5	3421660	N/A
72_8_1424_7814_4838/1	gi|2830983252|gb|CP170844.1|	88.298	94	7	2	16	105	4083423	4083330	2.16e-19	110	573	N/A
72_8_1424_7814_4838/1	gi|2557643774|emb|OY673254.1|	95.652	46	2	0	16	61	21732	21777	7.90e-09	75.0	2697049	N/A
72_8_1424_7814_4838/1	gi|2463378371|dbj|AP027461.1|	95.652	46	2	0	16	61	1299632	1299677	7.90e-09	75.0	511145	N/A
72_8_1424_7814_4838/1	gi|2463378371|dbj|AP027461.1|	95.652	46	2	0	16	61	1628404	1628359	7.90e-09	75.0	511145	N/A
72_8_1424_7814_4838/1	gi|685043901|emb|LN592426.1|	94.118	51	0	3	7	55	375099	375148	7.90e-09	75.0	7962	N/A
72_8_2167_27437_4936/1	gi|2978724457|gb|PV611058.1|	92.857	126	4	4	15	137	295321	295444	5.85e-40	178	3421660	N/A
72_8_2167_27437_4936/1	gi|2978724457|gb|PV611058.1|	91.667	60	1	3	15	71	295784	295842	1.70e-10	80.5	3421660	N/A
72_8_2167_27437_4936/1	gi|2830983252|gb|CP170844.1|	86.170	94	10	2	15	105	4083423	4083330	4.68e-16	99.0	573	N/A
72_8_2167_27437_4936/1	gi|2557643774|emb|OY673254.1|	95.652	46	2	0	15	60	21732	21777	7.90e-09	75.0	2697049	N/A
72_8_2167_27437_4936/1	gi|2463378371|dbj|AP027461.1|	95.652	46	2	0	15	60	1299632	1299677	7.90e-09	75.0	511145	N/A
72_8_2167_27437_4936/1	gi|2463378371|dbj|AP027461.1|	95.652	46	2	0	15	60	1628404	1628359	7.90e-09	75.0	511145	N/A
72_8_2167_27437_4936/1	gi|2557648311|emb|OY677105.1|	97.674	43	0	1	8	49	9636	9678	2.84e-08	73.1	2697049	N/A
72_8_1167_36654_1981/1	gi|2978724457|gb|PV611058.1|	91.339	127	5	4	14	137	295321	295444	3.52e-37	169	3421660	N/A
72_8_1167_36654_1981/1	gi|2978724457|gb|PV611058.1|	91.667	60	1	3	14	70	295784	295842	1.70e-10	80.5	3421660	N/A
72_8_1167_36654_1981/1	gi|2830983252|gb|CP170844.1|	88.421	95	8	2	13	104	4083424	4083330	6.02e-20	111	573	N/A
72_8_1167_36654_1981/1	gi|2557643774|emb|OY673254.1|	91.379	58	4	1	3	59	21720	21777	6.10e-10	78.7	2697049	N/A
72_8_1167_36654_1981/1	gi|2463378371|dbj|AP027461.1|	95.652	46	2	0	14	59	1299632	1299677	7.90e-09	75.0	511145	N/A
72_8_1167_36654_1981/1	gi|2463378371|dbj|AP027461.1|	95.652	46	2	0	14	59	1628404	1628359	7.90e-09	75.0	511145	N/A
72_8_1167_36654_1981/1	gi|2165836832|emb|OV197136.1|	92.593	54	1	3	7	59	122	71	7.90e-09	75.0	2697049	N/A
72_8_1419_35602_7584/1	gi|2978724457|gb|PV611058.1|	95.200	125	1	4	2	123	295322	295444	2.09e-44	193	3421660	N/A
72_8_1419_35602_7584/1	gi|2978724457|gb|PV611058.1|	90.000	60	1	4	2	58	295785	295842	2.84e-08	73.1	3421660	N/A
72_8_1419_35602_7584/1	gi|2557643774|emb|OY673254.1|	93.478	46	2	1	2	47	21733	21777	1.32e-06	67.6	2697049	N/A
72_8_1419_35602_7584/1	gi|2463378371|dbj|AP027461.1|	93.478	46	2	1	2	47	1299633	1299677	1.32e-06	67.6	511145	N/A
72_8_1419_35602_7584/1	gi|2463378371|dbj|AP027461.1|	93.478	46	2	1	2	47	1628403	1628359	1.32e-06	67.6	511145	N/A
72_8_1419_35602_7584/1	gi|2830983252|gb|CP170844.1|	80.851	94	5	3	2	83	4083422	4083330	6.15e-05	62.1	573	N/A
72_8_1419_35602_7584/1	gi|2755084441|gb|PP943425.1|	91.489	47	1	3	2	47	67824	67780	6.15e-05	62.1	10258	N/A
72_8_1419_35602_7584/1	gi|2755084441|gb|PP943425.1|	91.304	46	1	3	2	46	67592	67635	2.21e-04	60.2	10258	N/A
72_8_2149_4998_13243/1	gi|2978724457|gb|PV611058.1|	91.603	131	1	6	8	135	295321	295444	2.72e-38	172	3421660	N/A
72_8_2149_4998_13243/1	gi|2978724457|gb|PV611058.1|	91.667	60	1	3	8	64	295784	295842	1.70e-10	80.5	3421660	N/A
72_8_2149_4998_13243/1	gi|2830983252|gb|CP170844.1|	88.542	96	9	1	6	99	4083425	4083330	4.65e-21	115	573	N/A
72_8_2149_4998_13243/1	gi|2557643774|emb|OY673254.1|	95.652	46	2	0	8	53	21732	21777	7.90e-09	75.0	2697049	N/A
72_8_2149_4998_13243/1	gi|2463378371|dbj|AP027461.1|	95.652	46	2	0	8	53	1299632	1299677	7.90e-09	75.0	511145	N/A
72_8_2149_4998_13243/1	gi|2463378371|dbj|AP027461.1|	95.652	46	2	0	8	53	1628404	1628359	7.90e-09	75.0	511145	N/A
72_8_2149_4998_13243/1	gi|2165836832|emb|OV197136.1|	93.878	49	1	2	6	53	118	71	2.84e-08	73.1	2697049	N/A
72_8_1201_51390_24715/1	gi|2978724457|gb|PV611058.1|	90.840	131	1	8	2	129	295322	295444	4.55e-36	165	3421660	N/A
72_8_1201_51390_24715/1	gi|2978724457|gb|PV611058.1|	90.000	60	1	4	2	58	295785	295842	2.84e-08	73.1	3421660	N/A
72_8_1201_51390_24715/1	gi|2830983252|gb|CP170844.1|	83.158	95	12	3	2	94	4083422	4083330	1.31e-11	84.2	573	N/A
72_8_1201_51390_24715/1	gi|2557643774|emb|OY673254.1|	93.478	46	2	1	2	47	21733	21777	1.32e-06	67.6	2697049	N/A
72_8_1201_51390_24715/1	gi|2463378371|dbj|AP027461.1|	93.478	46	2	1	2	47	1299633	1299677	1.32e-06	67.6	511145	N/A
72_8_1201_51390_24715/1	gi|2463378371|dbj|AP027461.1|	93.478	46	2	1	2	47	1628403	1628359	1.32e-06	67.6	511145	N/A
72_8_1201_51390_24715/1	gi|2755084441|gb|PP943425.1|	91.489	47	1	3	2	47	67824	67780	6.15e-05	62.1	10258	N/A
72_8_1201_51390_24715/1	gi|2755084441|gb|PP943425.1|	91.304	46	1	3	2	46	67592	67635	2.21e-04	60.2	10258	N/A
72_8_1209_18528_15344/1	gi|780644672|ref|XM_011690559.1|	100.000	31	0	0	1	31	1045	1075	7.95e-04	58.4	64793	N/A
72_8_1209_18528_15344/1	gi|685042188|emb|LN590713.1|	100.000	31	0	0	1	31	7120055	7120085	7.95e-04	58.4	7962	N/A
72_8_1209_18528_15344/1	gi|685042180|emb|LN590705.1|	100.000	31	0	0	1	31	2155411	2155441	7.95e-04	58.4	7962	N/A
72_8_1209_18528_15344/1	gi|2557388487|emb|OY649758.1|	100.000	30	0	0	1	30	2221	2250	0.003	56.5	2697049	N/A
72_8_1209_18528_15344/1	gi|2056797228|tpg|BK057247.1|	100.000	30	0	0	1	30	42098	42127	0.003	56.5	38018	N/A
72_8_1484_46260_13565/1	gi|2978724457|gb|PV611058.1|	95.349	129	1	4	11	136	295318	295444	1.25e-46	200	3421660	N/A
72_8_1484_46260_13565/1	gi|2978724457|gb|PV611058.1|	92.063	63	1	3	11	70	295781	295842	3.65e-12	86.1	3421660	N/A
72_8_1484_46260_13565/1	gi|2830983252|gb|CP170844.1|	82.979	94	12	2	14	103	4083423	4083330	4.72e-11	82.4	573	N/A
72_8_1484_46260_13565/1	gi|2557643774|emb|OY673254.1|	91.379	58	4	1	3	59	21720	21777	6.10e-10	78.7	2697049	N/A
72_8_1484_46260_13565/1	gi|685042175|emb|LN590700.1|	94.231	52	1	2	5	54	14033950	14033899	6.10e-10	78.7	7962	N/A
72_8_1484_46260_13565/1	gi|685042175|emb|LN590700.1|	95.238	42	0	2	14	53	15778538	15778579	4.75e-06	65.8	7962	N/A
72_8_1484_46260_13565/1	gi|2565360070|emb|OY632882.1|	100.000	40	0	0	9	48	22461	22500	7.90e-09	75.0	2697049	N/A
72_8_2205_24330_1770/1	gi|2978724457|gb|PV611058.1|	88.281	128	9	5	13	137	295320	295444	4.59e-31	148	3421660	N/A
72_8_2205_24330_1770/1	gi|2978724457|gb|PV611058.1|	90.625	64	1	4	13	73	295783	295844	1.70e-10	80.5	3421660	N/A
72_8_2205_24330_1770/1	gi|2830983252|gb|CP170844.1|	87.500	96	8	3	14	107	4083423	4083330	7.78e-19	108	573	N/A
72_8_2205_24330_1770/1	gi|685042161|emb|LN590686.1|	94.231	52	0	3	4	53	20813821	20813871	2.20e-09	76.8	7962	N/A
72_8_2205_24330_1770/1	gi|685042161|emb|LN590686.1|	95.455	44	0	2	12	53	6380192	6380235	3.67e-07	69.4	7962	N/A
72_8_2205_24330_1770/1	gi|685042161|emb|LN590686.1|	95.238	42	0	2	14	53	4545831	4545872	4.75e-06	65.8	7962	N/A
72_8_2205_24330_1770/1	gi|685042161|emb|LN590686.1|	95.238	42	0	2	14	53	12304839	12304798	4.75e-06	65.8	7962	N/A
72_8_2205_24330_1770/1	gi|685042161|emb|LN590686.1|	95.238	42	0	2	14	53	17091846	17091887	4.75e-06	65.8	7962	N/A
72_8_2205_24330_1770/1	gi|685042161|emb|LN590686.1|	95.238	42	0	2	14	53	28125760	28125801	4.75e-06	65.8	7962	N/A
72_8_2205_24330_1770/1	gi|685042161|emb|LN590686.1|	94.872	39	0	2	17	53	12436830	12436868	2.21e-04	60.2	7962	N/A
72_8_2205_24330_1770/1	gi|2557643774|emb|OY673254.1|	95.652	46	2	0	14	59	21732	21777	7.90e-09	75.0	2697049	N/A
72_8_2205_24330_1770/1	gi|2557638192|emb|OY694677.1|	91.228	57	2	3	4	59	4292	4346	7.90e-09	75.0	2697049	N/A
72_8_1358_50508_21479/1	gi|2978724457|gb|PV611058.1|	94.444	126	2	4	15	137	295321	295444	2.70e-43	189	3421660	N/A
72_8_1358_50508_21479/1	gi|2978724457|gb|PV611058.1|	91.667	60	1	3	15	71	295784	295842	1.70e-10	80.5	3421660	N/A
72_8_1358_50508_21479/1	gi|2830983252|gb|CP170844.1|	84.211	95	11	2	14	104	4083424	4083330	2.82e-13	89.8	573	N/A
72_8_1358_50508_21479/1	gi|2557643774|emb|OY673254.1|	92.593	54	3	1	8	60	21724	21777	2.20e-09	76.8	2697049	N/A
72_8_1358_50508_21479/1	gi|2463378371|dbj|AP027461.1|	95.652	46	2	0	15	60	1299632	1299677	7.90e-09	75.0	511145	N/A
72_8_1358_50508_21479/1	gi|2463378371|dbj|AP027461.1|	95.652	46	2	0	15	60	1628404	1628359	7.90e-09	75.0	511145	N/A
72_8_1358_50508_21479/1	gi|2165836832|emb|OV197136.1|	92.593	54	1	3	8	60	122	71	7.90e-09	75.0	2697049	N/A
72_8_1146_47603_15722/1	gi|2978724457|gb|PV611058.1|	90.476	126	7	4	15	137	295321	295444	5.89e-35	161	3421660	N/A
72_8_1146_47603_15722/1	gi|2978724457|gb|PV611058.1|	91.667	60	1	3	15	71	295784	295842	1.70e-10	80.5	3421660	N/A
72_8_1146_47603_15722/1	gi|2830983252|gb|CP170844.1|	89.362	94	7	2	15	105	4083423	4083330	4.65e-21	115	573	N/A
72_8_1146_47603_15722/1	gi|2557643774|emb|OY673254.1|	95.652	46	2	0	15	60	21732	21777	7.90e-09	75.0	2697049	N/A
72_8_1146_47603_15722/1	gi|2463378371|dbj|AP027461.1|	95.652	46	2	0	15	60	1299632	1299677	7.90e-09	75.0	511145	N/A
72_8_1146_47603_15722/1	gi|2463378371|dbj|AP027461.1|	95.652	46	2	0	15	60	1628404	1628359	7.90e-09	75.0	511145	N/A
72_8_1146_47603_15722/1	gi|685042524|emb|LN591049.1|	95.745	47	0	2	10	54	341738	341692	7.90e-09	75.0	7962	N/A
72_8_2294_14644_5875/1	gi|2978724457|gb|PV611058.1|	95.000	120	1	4	2	118	295327	295444	1.26e-41	183	3421660	N/A
72_8_2294_14644_5875/1	gi|2978724457|gb|PV611058.1|	90.741	54	1	3	2	52	295790	295842	3.67e-07	69.4	3421660	N/A
72_8_2294_14644_5875/1	gi|2830983252|gb|CP170844.1|	81.818	88	10	2	2	83	4083417	4083330	3.67e-07	69.4	573	N/A
72_8_2294_14644_5875/1	gi|2557643774|emb|OY673254.1|	95.000	40	2	0	2	41	21738	21777	1.71e-05	63.9	2697049	N/A
72_8_2294_14644_5875/1	gi|2463378371|dbj|AP027461.1|	95.000	40	2	0	2	41	1299638	1299677	1.71e-05	63.9	511145	N/A
72_8_2294_14644_5875/1	gi|2463378371|dbj|AP027461.1|	95.000	40	2	0	2	41	1628398	1628359	1.71e-05	63.9	511145	N/A
72_8_2294_14644_5875/1	gi|2755084441|gb|PP943425.1|	92.683	41	1	2	2	41	67819	67780	7.95e-04	58.4	10258	N/A
72_8_2294_14644_5875/1	gi|2755084441|gb|PP943425.1|	92.500	40	1	2	2	40	67597	67635	0.003	56.5	10258	N/A
72_8_1202_41518_3115/1	gi|2557638192|emb|OY694677.1|	92.500	40	1	2	2	40	4308	4346	0.003	56.5	2697049	N/A
72_8_1202_41518_3115/1	gi|2165834303|emb|OV196009.1|	92.308	39	3	0	2	40	108	70	0.003	56.5	2697049	N/A
72_8_1202_41518_3115/1	gi|2165834303|emb|OV196009.1|	96.970	33	1	0	2	34	29919	29951	0.003	56.5	2697049	N/A
72_8_1202_41518_3115/1	gi|2155043183|emb|OV015804.1|	100.000	30	0	0	2	31	29940	29911	0.003	56.5	2697049	N/A
72_8_1202_41518_3115/1	gi|2991388636|dbj|AP040949.1|	100.000	29	0	0	2	30	3527645	3527673	0.010	54.7	573	N/A
72_8_1202_41518_3115/1	gi|2991388621|dbj|AP040934.1|	100.000	29	0	0	2	30	146956	146984	0.010	54.7	562	N/A
72_8_1202_41518_3115/1	gi|2991388621|dbj|AP040934.1|	100.000	29	0	0	2	30	4900943	4900915	0.010	54.7	562	N/A
72_8_1263_6462_10119/1	gi|2978724457|gb|PV611058.1|	87.805	123	11	3	18	137	295321	295442	7.68e-29	141	3421660	N/A
72_8_1263_6462_10119/1	gi|2978724457|gb|PV611058.1|	88.889	63	2	4	18	77	295784	295844	2.84e-08	73.1	3421660	N/A
72_8_1263_6462_10119/1	gi|2830983252|gb|CP170844.1|	84.536	97	10	4	18	112	4083423	4083330	7.84e-14	91.6	573	N/A
72_8_1263_6462_10119/1	gi|2557648311|emb|OY677105.1|	97.674	43	0	1	11	52	9636	9678	2.84e-08	73.1	2697049	N/A
72_8_1263_6462_10119/1	gi|685042334|emb|LN590859.1|	95.652	46	0	2	14	57	56900	56945	2.84e-08	73.1	7962	N/A
72_8_1263_6462_10119/1	gi|2155043183|emb|OV015804.1|	100.000	39	0	0	16	54	29949	29911	2.84e-08	73.1	2697049	N/A
72_8_2198_39956_27082/1	gi|2978724457|gb|PV611058.1|	95.238	126	1	4	8	130	295321	295444	5.81e-45	195	3421660	N/A
72_8_2198_39956_27082/1	gi|2978724457|gb|PV611058.1|	91.667	60	1	3	8	64	295784	295842	1.70e-10	80.5	3421660	N/A
72_8_2198_39956_27082/1	gi|2830983252|gb|CP170844.1|	83.158	95	11	2	7	96	4083424	4083330	4.72e-11	82.4	573	N/A
72_8_2198_39956_27082/1	gi|2557643774|emb|OY673254.1|	95.652	46	2	0	8	53	21732	21777	7.90e-09	75.0	2697049	N/A
72_8_2198_39956_27082/1	gi|2463378371|dbj|AP027461.1|	95.652	46	2	0	8	53	1299632	1299677	7.90e-09	75.0	511145	N/A
72_8_2198_39956_27082/1	gi|2463378371|dbj|AP027461.1|	95.652	46	2	0	8	53	1628404	1628359	7.90e-09	75.0	511145	N/A
72_8_2198_39956_27082/1	gi|2755084441|gb|PP943425.1|	93.878	49	1	2	5	52	67588	67635	2.84e-08	73.1	10258	N/A
72_8_2198_39956_27082/1	gi|2755084441|gb|PP943425.1|	93.617	47	1	2	8	53	67825	67780	3.67e-07	69.4	10258	N/A
72_8_1468_10427_3255/1	gi|2978724457|gb|PV611058.1|	87.200	125	12	3	16	137	295321	295444	2.76e-28	139	3421660	N/A
72_8_1468_10427_3255/1	gi|2978724457|gb|PV611058.1|	91.667	60	1	3	16	72	295784	295842	1.70e-10	80.5	3421660	N/A
72_8_1468_10427_3255/1	gi|2830983252|gb|CP170844.1|	87.500	96	8	3	16	109	4083423	4083330	7.78e-19	108	573	N/A
72_8_1468_10427_3255/1	gi|2557643774|emb|OY673254.1|	95.652	46	2	0	16	61	21732	21777	7.90e-09	75.0	2697049	N/A
72_8_1468_10427_3255/1	gi|2463378371|dbj|AP027461.1|	95.652	46	2	0	16	61	1299632	1299677	7.90e-09	75.0	511145	N/A
72_8_1468_10427_3255/1	gi|2463378371|dbj|AP027461.1|	95.652	46	2	0	16	61	1628404	1628359	7.90e-09	75.0	511145	N/A
72_8_1468_10427_3255/1	gi|2524352013|emb|OY072335.1|	93.878	49	2	1	1	49	21644	21691	2.84e-08	73.1	2697049	N/A
72_8_1277_44722_19812/1	gi|2978724457|gb|PV611058.1|	93.701	127	2	5	14	137	295321	295444	3.50e-42	185	3421660	N/A
72_8_1277_44722_19812/1	gi|2978724457|gb|PV611058.1|	91.667	60	1	3	14	70	295784	295842	1.70e-10	80.5	3421660	N/A
72_8_1277_44722_19812/1	gi|2830983252|gb|CP170844.1|	85.106	94	10	2	14	103	4083423	4083330	2.18e-14	93.5	573	N/A
72_8_1277_44722_19812/1	gi|2557643774|emb|OY673254.1|	95.652	46	2	0	14	59	21732	21777	7.90e-09	75.0	2697049	N/A
72_8_1277_44722_19812/1	gi|2463378371|dbj|AP027461.1|	93.878	49	3	0	11	59	1299629	1299677	7.90e-09	75.0	511145	N/A
72_8_1277_44722_19812/1	gi|2463378371|dbj|AP027461.1|	95.652	46	2	0	14	59	1628404	1628359	7.90e-09	75.0	511145	N/A
72_8_1277_44722_19812/1	gi|685047827|emb|LN596339.1|	94.000	50	1	2	6	53	601778	601827	7.90e-09	75.0	7962	N/A
72_8_1289_22873_11828/1	gi|2978724457|gb|PV611058.1|	93.939	132	2	5	9	137	295316	295444	5.81e-45	195	3421660	N/A
72_8_1289_22873_11828/1	gi|2978724457|gb|PV611058.1|	90.769	65	2	3	9	70	295779	295842	1.31e-11	84.2	3421660	N/A
72_8_1289_22873_11828/1	gi|2830983252|gb|CP170844.1|	84.043	94	13	1	14	105	4083423	4083330	2.82e-13	89.8	573	N/A
72_8_1289_22873_11828/1	gi|2557643774|emb|OY673254.1|	95.652	46	2	0	14	59	21732	21777	7.90e-09	75.0	2697049	N/A
72_8_1289_22873_11828/1	gi|2463378371|dbj|AP027461.1|	93.878	49	3	0	11	59	1299629	1299677	7.90e-09	75.0	511145	N/A
72_8_1289_22873_11828/1	gi|2463378371|dbj|AP027461.1|	95.652	46	2	0	14	59	1628404	1628359	7.90e-09	75.0	511145	N/A
72_8_1289_22873_11828/1	gi|685047827|emb|LN596339.1|	94.000	50	1	2	6	53	601778	601827	7.90e-09	75.0	7962	N/A
72_8_2231_18835_10553/1	gi|2978724457|gb|PV611058.1|	90.511	137	2	8	2	135	295316	295444	9.79e-38	171	3421660	N/A
72_8_2231_18835_10553/1	gi|2978724457|gb|PV611058.1|	90.625	64	2	3	2	62	295779	295841	4.72e-11	82.4	3421660	N/A
72_8_2231_18835_10553/1	gi|2830983252|gb|CP170844.1|	85.567	97	10	3	6	100	4083424	4083330	4.68e-16	99.0	573	N/A
72_8_2231_18835_10553/1	gi|2557643774|emb|OY673254.1|	95.652	46	2	0	7	52	21732	21777	7.90e-09	75.0	2697049	N/A
72_8_2231_18835_10553/1	gi|2463378371|dbj|AP027461.1|	95.652	46	2	0	7	52	1299632	1299677	7.90e-09	75.0	511145	N/A
72_8_2231_18835_10553/1	gi|2463378371|dbj|AP027461.1|	95.652	46	2	0	7	52	1628404	1628359	7.90e-09	75.0	511145	N/A
72_8_2231_18835_10553/1	gi|2557649546|emb|OY678249.1|	100.000	39	0	0	3	41	10396	10434	2.84e-08	73.1	2697049	N/A
72_8_2322_12208_16311/1	gi|2978724457|gb|PV611058.1|	88.000	125	11	3	16	137	295321	295444	5.93e-30	145	3421660	N/A
72_8_2322_12208_16311/1	gi|2978724457|gb|PV611058.1|	90.476	63	1	4	16	75	295784	295844	6.10e-10	78.7	3421660	N/A
72_8_2322_12208_16311/1	gi|2830983252|gb|CP170844.1|	90.625	96	5	3	15	107	4083424	4083330	7.73e-24	124	573	N/A
72_8_2322_12208_16311/1	gi|2557643774|emb|OY673254.1|	95.652	46	2	0	16	61	21732	21777	7.90e-09	75.0	2697049	N/A
72_8_2322_12208_16311/1	gi|2463378371|dbj|AP027461.1|	95.652	46	2	0	16	61	1299632	1299677	7.90e-09	75.0	511145	N/A
72_8_2322_12208_16311/1	gi|2463378371|dbj|AP027461.1|	95.652	46	2	0	16	61	1628404	1628359	7.90e-09	75.0	511145	N/A
72_8_2322_12208_16311/1	gi|685042481|emb|LN591006.1|	95.745	47	0	2	11	55	494275	494321	7.90e-09	75.0	7962	N/A
72_8_2245_34575_27489/1	gi|2978724457|gb|PV611058.1|	89.683	126	8	4	15	137	295321	295444	2.74e-33	156	3421660	N/A
72_8_2245_34575_27489/1	gi|2978724457|gb|PV611058.1|	90.476	63	1	4	15	74	295784	295844	6.10e-10	78.7	3421660	N/A
72_8_2245_34575_27489/1	gi|2830983252|gb|CP170844.1|	86.735	98	9	3	13	108	4083425	4083330	2.80e-18	106	573	N/A
72_8_2245_34575_27489/1	gi|2557643774|emb|OY673254.1|	95.652	46	2	0	15	60	21732	21777	7.90e-09	75.0	2697049	N/A
72_8_2245_34575_27489/1	gi|2463378371|dbj|AP027461.1|	95.652	46	2	0	15	60	1299632	1299677	7.90e-09	75.0	511145	N/A
72_8_2245_34575_27489/1	gi|2463378371|dbj|AP027461.1|	95.652	46	2	0	15	60	1628404	1628359	7.90e-09	75.0	511145	N/A
72_8_2245_34575_27489/1	gi|2755084441|gb|PP943425.1|	81.522	92	14	3	15	105	67825	67736	2.84e-08	73.1	10258	N/A
72_8_2245_34575_27489/1	gi|2755084441|gb|PP943425.1|	93.617	47	1	2	14	59	67590	67635	3.67e-07	69.4	10258	N/A
72_8_1291_35902_24463/1	gi|2978724457|gb|PV611058.1|	89.394	132	8	4	9	137	295316	295444	5.89e-35	161	3421660	N/A
72_8_1291_35902_24463/1	gi|2978724457|gb|PV611058.1|	90.769	65	2	3	9	70	295779	295842	1.31e-11	84.2	3421660	N/A
72_8_1291_35902_24463/1	gi|2830983252|gb|CP170844.1|	90.426	94	7	1	14	105	4083423	4083330	2.78e-23	122	573	N/A
72_8_1291_35902_24463/1	gi|2557643774|emb|OY673254.1|	91.379	58	4	1	3	59	21720	21777	6.10e-10	78.7	2697049	N/A
72_8_1291_35902_24463/1	gi|685042175|emb|LN590700.1|	94.231	52	1	2	5	54	14033950	14033899	6.10e-10	78.7	7962	N/A
72_8_1291_35902_24463/1	gi|685042175|emb|LN590700.1|	95.238	42	0	2	14	53	15778538	15778579	4.75e-06	65.8	7962	N/A
72_8_1291_35902_24463/1	gi|2463378371|dbj|AP027461.1|	95.652	46	2	0	14	59	1299632	1299677	7.90e-09	75.0	511145	N/A
72_8_1291_35902_24463/1	gi|2463378371|dbj|AP027461.1|	95.652	46	2	0	14	59	1628404	1628359	7.90e-09	75.0	511145	N/A
72_8_1208_48000_17893/1	gi|2978724457|gb|PV611058.1|	90.551	127	6	4	14	137	295321	295444	1.64e-35	163	3421660	N/A
72_8_1208_48000_17893/1	gi|2978724457|gb|PV611058.1|	91.667	60	1	3	14	70	295784	295842	1.70e-10	80.5	3421660	N/A
72_8_1208_48000_17893/1	gi|2830983252|gb|CP170844.1|	88.421	95	8	2	14	106	4083423	4083330	6.02e-20	111	573	N/A
72_8_1208_48000_17893/1	gi|685042185|emb|LN590710.1|	97.727	44	1	0	4	47	9162079	9162122	2.20e-09	76.8	7962	N/A
72_8_1208_48000_17893/1	gi|685042185|emb|LN590710.1|	95.238	42	0	2	14	53	3790452	3790411	4.75e-06	65.8	7962	N/A
72_8_1208_48000_17893/1	gi|685042185|emb|LN590710.1|	95.238	42	0	2	14	53	6008694	6008735	4.75e-06	65.8	7962	N/A
72_8_1208_48000_17893/1	gi|685042185|emb|LN590710.1|	95.238	42	0	2	14	53	10218503	10218544	4.75e-06	65.8	7962	N/A
72_8_1208_48000_17893/1	gi|2557643774|emb|OY673254.1|	95.652	46	2	0	14	59	21732	21777	7.90e-09	75.0	2697049	N/A
72_8_1208_48000_17893/1	gi|2463378371|dbj|AP027461.1|	95.652	46	2	0	14	59	1299632	1299677	7.90e-09	75.0	511145	N/A
72_8_1208_48000_17893/1	gi|2463378371|dbj|AP027461.1|	95.652	46	2	0	14	59	1628404	1628359	7.90e-09	75.0	511145	N/A
72_8_1280_31645_12612/1	gi|2978724457|gb|PV611058.1|	90.551	127	6	4	14	137	295321	295444	1.64e-35	163	3421660	N/A
72_8_1280_31645_12612/1	gi|2978724457|gb|PV611058.1|	91.935	62	1	3	14	72	295784	295844	1.31e-11	84.2	3421660	N/A
72_8_1280_31645_12612/1	gi|2830983252|gb|CP170844.1|	89.474	95	5	3	14	104	4083423	4083330	4.65e-21	115	573	N/A
72_8_1280_31645_12612/1	gi|685049067|emb|LN597579.1|	100.000	40	0	0	9	48	1397	1436	7.90e-09	75.0	7962	N/A
72_8_1280_31645_12612/1	gi|2560502367|emb|OY629453.1|	100.000	39	0	0	11	49	5915	5953	2.84e-08	73.1	2697049	N/A
72_8_1280_31645_12612/1	gi|780644672|ref|XM_011690559.1|	97.619	42	1	0	12	53	1036	1077	2.84e-08	73.1	64793	N/A
72_8_2156_46292_15274/1	gi|2978724457|gb|PV611058.1|	92.248	129	2	5	12	137	295321	295444	2.10e-39	176	3421660	N/A
72_8_2156_46292_15274/1	gi|2978724457|gb|PV611058.1|	91.667	60	1	3	12	68	295784	295842	1.70e-10	80.5	3421660	N/A
72_8_2156_46292_15274/1	gi|2830983252|gb|CP170844.1|	86.170	94	10	2	12	102	4083423	4083330	4.68e-16	99.0	573	N/A
72_8_2156_46292_15274/1	gi|2557643774|emb|OY673254.1|	95.652	46	2	0	12	57	21732	21777	7.90e-09	75.0	2697049	N/A
72_8_2156_46292_15274/1	gi|2463378371|dbj|AP027461.1|	93.878	49	3	0	9	57	1299629	1299677	7.90e-09	75.0	511145	N/A
72_8_2156_46292_15274/1	gi|2463378371|dbj|AP027461.1|	95.652	46	2	0	12	57	1628404	1628359	7.90e-09	75.0	511145	N/A
72_8_2156_46292_15274/1	gi|685049067|emb|LN597579.1|	100.000	40	0	0	7	46	1397	1436	7.90e-09	75.0	7962	N/A
72_8_1334_29282_21661/1	gi|2978724457|gb|PV611058.1|	94.444	126	2	4	15	137	295321	295444	2.70e-43	189	3421660	N/A
72_8_1334_29282_21661/1	gi|2978724457|gb|PV611058.1|	91.667	60	1	3	15	71	295784	295842	1.70e-10	80.5	3421660	N/A
72_8_1334_29282_21661/1	gi|2830983252|gb|CP170844.1|	84.043	94	10	2	15	103	4083423	4083330	3.65e-12	86.1	573	N/A
72_8_1334_29282_21661/1	gi|2557643774|emb|OY673254.1|	95.652	46	2	0	15	60	21732	21777	7.90e-09	75.0	2697049	N/A
72_8_1334_29282_21661/1	gi|2463378371|dbj|AP027461.1|	95.652	46	2	0	15	60	1299632	1299677	7.90e-09	75.0	511145	N/A
72_8_1334_29282_21661/1	gi|2463378371|dbj|AP027461.1|	95.652	46	2	0	15	60	1628404	1628359	7.90e-09	75.0	511145	N/A
72_8_1334_29282_21661/1	gi|780644672|ref|XM_011690559.1|	97.619	42	1	0	8	49	1031	1072	2.84e-08	73.1	64793	N/A
72_8_1444_27866_5006/1	gi|2978724457|gb|PV611058.1|	92.248	129	5	4	12	137	295318	295444	5.85e-40	178	3421660	N/A
72_8_1444_27866_5006/1	gi|2978724457|gb|PV611058.1|	90.476	63	2	3	12	71	295781	295842	1.70e-10	80.5	3421660	N/A
72_8_1444_27866_5006/1	gi|2830983252|gb|CP170844.1|	82.292	96	13	3	15	108	4083423	4083330	1.70e-10	80.5	573	N/A
72_8_1444_27866_5006/1	gi|685046059|emb|LN594584.1|	94.231	52	1	2	5	54	7180	7129	6.10e-10	78.7	7962	N/A
72_8_1444_27866_5006/1	gi|685042189|emb|LN590714.1|	94.231	52	0	3	6	54	3608303	3608252	2.20e-09	76.8	7962	N/A
72_8_1444_27866_5006/1	gi|685042189|emb|LN590714.1|	97.727	44	1	0	5	48	6568388	6568431	2.20e-09	76.8	7962	N/A
72_8_1444_27866_5006/1	gi|685042189|emb|LN590714.1|	100.000	36	0	0	14	49	11523468	11523503	1.32e-06	67.6	7962	N/A
72_8_1444_27866_5006/1	gi|685042189|emb|LN590714.1|	95.238	42	0	2	15	54	7216113	7216072	4.75e-06	65.8	7962	N/A
72_8_1444_27866_5006/1	gi|2557643774|emb|OY673254.1|	95.652	46	2	0	15	60	21732	21777	7.90e-09	75.0	2697049	N/A
72_8_2201_25180_9825/1	gi|2978724457|gb|PV611058.1|	84.694	98	13	2	42	137	295320	295417	1.69e-15	97.1	3421660	N/A
72_8_2201_25180_9825/1	gi|2978724457|gb|PV611058.1|	88.710	62	4	3	42	101	295783	295843	2.84e-08	73.1	3421660	N/A
72_8_2201_25180_9825/1	gi|2830983252|gb|CP170844.1|	84.536	97	10	4	43	137	4083423	4083330	7.84e-14	91.6	573	N/A
72_8_2201_25180_9825/1	gi|685042188|emb|LN590713.1|	100.000	42	0	0	39	80	7120044	7120085	6.10e-10	78.7	7962	N/A
72_8_2201_25180_9825/1	gi|685042188|emb|LN590713.1|	100.000	30	0	0	43	72	16189618	16189589	0.003	56.5	7962	N/A
72_8_2201_25180_9825/1	gi|2957931649|dbj|AP038992.1|	100.000	39	0	0	38	76	3353448	3353410	2.84e-08	73.1	84557	N/A
72_8_2201_25180_9825/1	gi|2676815380|gb|CP144850.1|	100.000	38	0	0	39	76	129813	129850	1.02e-07	71.3	2608262	N/A
72_8_1141_50500_1210/1	gi|2978724457|gb|PV611058.1|	91.200	125	6	5	15	137	295323	295444	4.55e-36	165	3421660	N/A
72_8_1141_50500_1210/1	gi|2978724457|gb|PV611058.1|	91.228	57	3	2	15	69	295786	295842	2.20e-09	76.8	3421660	N/A
72_8_1141_50500_1210/1	gi|2830983252|gb|CP170844.1|	88.043	92	9	1	15	104	4083421	4083330	7.78e-19	108	573	N/A
72_8_1141_50500_1210/1	gi|2557643774|emb|OY673254.1|	95.455	44	2	0	15	58	21734	21777	1.02e-07	71.3	2697049	N/A
72_8_1141_50500_1210/1	gi|2991388621|dbj|AP040934.1|	97.436	39	1	0	9	47	4900954	4900916	1.32e-06	67.6	562	N/A
72_8_1141_50500_1210/1	gi|2991388621|dbj|AP040934.1|	100.000	33	0	0	15	47	146951	146983	6.15e-05	62.1	562	N/A
72_8_1141_50500_1210/1	gi|780644672|ref|XM_011690559.1|	100.000	36	0	0	15	50	1040	1075	1.32e-06	67.6	64793	N/A
72_8_2416_28862_8298/1	gi|2978724457|gb|PV611058.1|	92.683	123	1	6	16	135	295327	295444	9.79e-38	171	3421660	N/A
72_8_2416_28862_8298/1	gi|2978724457|gb|PV611058.1|	90.741	54	1	3	16	66	295790	295842	3.67e-07	69.4	3421660	N/A
72_8_2416_28862_8298/1	gi|2830983252|gb|CP170844.1|	83.146	89	12	2	16	102	4083417	4083330	6.10e-10	78.7	573	N/A
72_8_2416_28862_8298/1	gi|2557643774|emb|OY673254.1|	95.000	40	2	0	16	55	21738	21777	1.71e-05	63.9	2697049	N/A
72_8_2416_28862_8298/1	gi|2463378371|dbj|AP027461.1|	95.000	40	2	0	16	55	1299638	1299677	1.71e-05	63.9	511145	N/A
72_8_2416_28862_8298/1	gi|2463378371|dbj|AP027461.1|	95.000	40	2	0	16	55	1628398	1628359	1.71e-05	63.9	511145	N/A
72_8_2416_28862_8298/1	gi|2755084441|gb|PP943425.1|	92.683	41	1	2	16	55	67819	67780	7.95e-04	58.4	10258	N/A
72_8_2416_28862_8298/1	gi|2755084441|gb|PP943425.1|	92.500	40	1	2	16	54	67597	67635	0.003	56.5	10258	N/A
72_8_1382_51949_1981/1	gi|2978724457|gb|PV611058.1|	94.444	126	1	5	2	124	295322	295444	2.70e-43	189	3421660	N/A
72_8_1382_51949_1981/1	gi|2978724457|gb|PV611058.1|	90.000	60	1	4	2	58	295785	295842	2.84e-08	73.1	3421660	N/A
72_8_1382_51949_1981/1	gi|2557643774|emb|OY673254.1|	95.556	45	2	0	2	46	21733	21777	2.84e-08	73.1	2697049	N/A
72_8_1382_51949_1981/1	gi|2463378371|dbj|AP027461.1|	95.556	45	2	0	2	46	1299633	1299677	2.84e-08	73.1	511145	N/A
72_8_1382_51949_1981/1	gi|2463378371|dbj|AP027461.1|	95.556	45	2	0	2	46	1628403	1628359	2.84e-08	73.1	511145	N/A
72_8_1382_51949_1981/1	gi|2830983252|gb|CP170844.1|	81.915	94	8	3	2	87	4083422	4083330	1.02e-07	71.3	573	N/A
72_8_1382_51949_1981/1	gi|2755084441|gb|PP943425.1|	93.478	46	1	2	2	46	67824	67780	1.32e-06	67.6	10258	N/A
72_8_1382_51949_1981/1	gi|2755084441|gb|PP943425.1|	93.333	45	1	2	2	45	67592	67635	4.75e-06	65.8	10258	N/A
72_8_2298_9772_15204/1	gi|2978724457|gb|PV611058.1|	96.000	125	1	3	14	135	295321	295444	1.25e-46	200	3421660	N/A
72_8_2298_9772_15204/1	gi|2978724457|gb|PV611058.1|	91.667	60	1	3	14	70	295784	295842	1.70e-10	80.5	3421660	N/A
72_8_2298_9772_15204/1	gi|2524352013|emb|OY072335.1|	97.778	45	1	0	3	47	21647	21691	6.10e-10	78.7	2697049	N/A
72_8_2298_9772_15204/1	gi|2557643774|emb|OY673254.1|	95.652	46	2	0	14	59	21732	21777	7.90e-09	75.0	2697049	N/A
72_8_2298_9772_15204/1	gi|2463378371|dbj|AP027461.1|	95.652	46	2	0	14	59	1299632	1299677	7.90e-09	75.0	511145	N/A
72_8_2298_9772_15204/1	gi|2463378371|dbj|AP027461.1|	95.652	46	2	0	14	59	1628404	1628359	7.90e-09	75.0	511145	N/A
72_8_2298_9772_15204/1	gi|2830983252|gb|CP170844.1|	82.292	96	5	2	12	95	4083425	4083330	2.84e-08	73.1	573	N/A
72_8_1282_43379_14994/1	gi|2978724457|gb|PV611058.1|	93.750	128	1	5	6	130	295321	295444	3.50e-42	185	3421660	N/A
72_8_1282_43379_14994/1	gi|2978724457|gb|PV611058.1|	91.667	60	1	3	6	62	295784	295842	1.70e-10	80.5	3421660	N/A
72_8_1282_43379_14994/1	gi|2830983252|gb|CP170844.1|	85.106	94	11	2	6	96	4083423	4083330	2.18e-14	93.5	573	N/A
72_8_1282_43379_14994/1	gi|2557643774|emb|OY673254.1|	95.652	46	2	0	6	51	21732	21777	7.90e-09	75.0	2697049	N/A
72_8_1282_43379_14994/1	gi|2463378371|dbj|AP027461.1|	95.652	46	2	0	6	51	1299632	1299677	7.90e-09	75.0	511145	N/A
72_8_1282_43379_14994/1	gi|2463378371|dbj|AP027461.1|	95.652	46	2	0	6	51	1628404	1628359	7.90e-09	75.0	511145	N/A
72_8_1282_43379_14994/1	gi|685042189|emb|LN590714.1|	100.000	39	0	0	2	40	11523465	11523503	2.84e-08	73.1	7962	N/A
72_8_1282_43379_14994/1	gi|685042189|emb|LN590714.1|	93.617	47	1	2	1	45	3608298	3608252	3.67e-07	69.4	7962	N/A
72_8_1282_43379_14994/1	gi|685042189|emb|LN590714.1|	97.436	39	0	1	1	39	6568394	6568431	4.75e-06	65.8	7962	N/A
72_8_1282_43379_14994/1	gi|685042189|emb|LN590714.1|	95.238	42	0	2	6	45	7216113	7216072	4.75e-06	65.8	7962	N/A
72_8_1276_21951_1266/1	gi|2978724457|gb|PV611058.1|	90.551	127	6	4	14	137	295321	295444	1.64e-35	163	3421660	N/A
72_8_1276_21951_1266/1	gi|2978724457|gb|PV611058.1|	91.667	60	1	3	14	70	295784	295842	1.70e-10	80.5	3421660	N/A
72_8_1276_21951_1266/1	gi|2830983252|gb|CP170844.1|	86.735	98	8	3	13	108	4083424	4083330	1.01e-17	104	573	N/A
72_8_1276_21951_1266/1	gi|2755084441|gb|PP943425.1|	94.000	50	1	2	10	58	67587	67635	7.90e-09	75.0	10258	N/A
72_8_1276_21951_1266/1	gi|2755084441|gb|PP943425.1|	93.617	47	1	2	14	59	67825	67780	3.67e-07	69.4	10258	N/A
72_8_1276_21951_1266/1	gi|2557643774|emb|OY673254.1|	95.652	46	2	0	14	59	21732	21777	7.90e-09	75.0	2697049	N/A
72_8_1276_21951_1266/1	gi|2463378371|dbj|AP027461.1|	95.652	46	2	0	14	59	1299632	1299677	7.90e-09	75.0	511145	N/A
72_8_1276_21951_1266/1	gi|2463378371|dbj|AP027461.1|	95.652	46	2	0	14	59	1628404	1628359	7.90e-09	75.0	511145	N/A
72_8_2133_32463_12711/1	gi|2978724457|gb|PV611058.1|	90.152	132	1	6	2	130	295322	295444	5.89e-35	161	3421660	N/A
72_8_2133_32463_12711/1	gi|2978724457|gb|PV611058.1|	91.525	59	1	3	2	57	295785	295842	6.10e-10	78.7	3421660	N/A
72_8_2133_32463_12711/1	gi|2830983252|gb|CP170844.1|	88.298	94	8	2	2	93	4083422	4083330	2.16e-19	110	573	N/A
72_8_2133_32463_12711/1	gi|2557643774|emb|OY673254.1|	95.556	45	2	0	2	46	21733	21777	2.84e-08	73.1	2697049	N/A
72_8_2133_32463_12711/1	gi|2463378371|dbj|AP027461.1|	95.556	45	2	0	2	46	1299633	1299677	2.84e-08	73.1	511145	N/A
72_8_2133_32463_12711/1	gi|2463378371|dbj|AP027461.1|	95.556	45	2	0	2	46	1628403	1628359	2.84e-08	73.1	511145	N/A
72_8_2133_32463_12711/1	gi|2755084441|gb|PP943425.1|	93.478	46	1	2	2	46	67824	67780	1.32e-06	67.6	10258	N/A
72_8_2133_32463_12711/1	gi|2755084441|gb|PP943425.1|	93.333	45	1	2	2	45	67592	67635	4.75e-06	65.8	10258	N/A
72_8_2117_23496_9853/1	gi|2978724457|gb|PV611058.1|	88.189	127	9	4	14	137	295321	295444	1.65e-30	147	3421660	N/A
72_8_2117_23496_9853/1	gi|2978724457|gb|PV611058.1|	91.667	60	1	3	14	70	295784	295842	1.70e-10	80.5	3421660	N/A
72_8_2117_23496_9853/1	gi|2830983252|gb|CP170844.1|	90.722	97	6	2	12	106	4083425	4083330	2.15e-24	126	573	N/A
72_8_2117_23496_9853/1	gi|2557643774|emb|OY673254.1|	95.652	46	2	0	14	59	21732	21777	7.90e-09	75.0	2697049	N/A
72_8_2117_23496_9853/1	gi|2463378371|dbj|AP027461.1|	95.652	46	2	0	14	59	1299632	1299677	7.90e-09	75.0	511145	N/A
72_8_2117_23496_9853/1	gi|2463378371|dbj|AP027461.1|	95.652	46	2	0	14	59	1628404	1628359	7.90e-09	75.0	511145	N/A
72_8_2117_23496_9853/1	gi|2165836832|emb|OV197136.1|	92.593	54	1	3	7	59	122	71	7.90e-09	75.0	2697049	N/A
72_8_1326_7474_13495/1	gi|2557638192|emb|OY694677.1|	92.500	40	1	2	1	39	4308	4346	0.003	56.5	2697049	N/A
72_8_1326_7474_13495/1	gi|2165834303|emb|OV196009.1|	92.308	39	3	0	1	39	108	70	0.003	56.5	2697049	N/A
72_8_1326_7474_13495/1	gi|2165834303|emb|OV196009.1|	96.970	33	1	0	1	33	29919	29951	0.003	56.5	2697049	N/A
72_8_1326_7474_13495/1	gi|2155043183|emb|OV015804.1|	100.000	30	0	0	1	30	29940	29911	0.003	56.5	2697049	N/A
72_8_1326_7474_13495/1	gi|2991388636|dbj|AP040949.1|	100.000	29	0	0	1	29	3527645	3527673	0.010	54.7	573	N/A
72_8_1326_7474_13495/1	gi|2991388621|dbj|AP040934.1|	100.000	29	0	0	1	29	146956	146984	0.010	54.7	562	N/A
72_8_1326_7474_13495/1	gi|2991388621|dbj|AP040934.1|	100.000	29	0	0	1	29	4900943	4900915	0.010	54.7	562	N/A
72_8_2365_11981_15862/1	gi|2978724457|gb|PV611058.1|	86.047	129	13	4	12	137	295318	295444	1.28e-26	134	3421660	N/A
72_8_2365_11981_15862/1	gi|2978724457|gb|PV611058.1|	90.909	66	1	4	12	74	295781	295844	1.31e-11	84.2	3421660	N/A
72_8_2365_11981_15862/1	gi|2830983252|gb|CP170844.1|	90.625	96	5	3	16	109	4083423	4083330	7.73e-24	124	573	N/A
72_8_2365_11981_15862/1	gi|2557643774|emb|OY673254.1|	91.379	58	4	1	5	61	21720	21777	6.10e-10	78.7	2697049	N/A
72_8_2365_11981_15862/1	gi|685042178|emb|LN590703.1|	95.918	49	0	2	9	55	13166497	13166545	6.10e-10	78.7	7962	N/A
72_8_2365_11981_15862/1	gi|685042178|emb|LN590703.1|	95.556	45	0	2	13	55	12952798	12952842	1.02e-07	71.3	7962	N/A
72_8_2365_11981_15862/1	gi|685042178|emb|LN590703.1|	95.349	43	0	2	15	55	17684506	17684464	1.32e-06	67.6	7962	N/A
72_8_2365_11981_15862/1	gi|685042178|emb|LN590703.1|	95.238	42	0	2	16	55	1057735	1057776	4.75e-06	65.8	7962	N/A
72_8_2365_11981_15862/1	gi|685042178|emb|LN590703.1|	95.238	42	0	2	16	55	7304702	7304661	4.75e-06	65.8	7962	N/A
72_8_2365_11981_15862/1	gi|685042175|emb|LN590700.1|	94.231	52	1	2	7	56	14033950	14033899	6.10e-10	78.7	7962	N/A
72_8_2365_11981_15862/1	gi|685042175|emb|LN590700.1|	95.238	42	0	2	16	55	15778538	15778579	4.75e-06	65.8	7962	N/A
72_8_1312_19547_28904/1	gi|2978724457|gb|PV611058.1|	96.000	125	1	3	12	133	295321	295444	1.25e-46	200	3421660	N/A
72_8_1312_19547_28904/1	gi|2978724457|gb|PV611058.1|	91.667	60	1	3	12	68	295784	295842	1.70e-10	80.5	3421660	N/A
72_8_1312_19547_28904/1	gi|2557643774|emb|OY673254.1|	95.652	46	2	0	12	57	21732	21777	7.90e-09	75.0	2697049	N/A
72_8_1312_19547_28904/1	gi|2463378371|dbj|AP027461.1|	95.652	46	2	0	12	57	1299632	1299677	7.90e-09	75.0	511145	N/A
72_8_1312_19547_28904/1	gi|2463378371|dbj|AP027461.1|	95.652	46	2	0	12	57	1628404	1628359	7.90e-09	75.0	511145	N/A
72_8_1312_19547_28904/1	gi|2830983252|gb|CP170844.1|	81.373	102	7	2	4	93	4083431	4083330	2.84e-08	73.1	573	N/A
72_8_1312_19547_28904/1	gi|2165834303|emb|OV196009.1|	97.619	42	1	0	10	51	29910	29951	2.84e-08	73.1	2697049	N/A
72_8_1312_19547_28904/1	gi|2165834303|emb|OV196009.1|	93.617	47	3	0	11	57	116	70	1.02e-07	71.3	2697049	N/A
72_8_1366_33183_11716/1	gi|2978724457|gb|PV611058.1|	88.095	126	10	4	15	137	295321	295444	5.93e-30	145	3421660	N/A
72_8_1366_33183_11716/1	gi|2978724457|gb|PV611058.1|	91.667	60	1	3	15	71	295784	295842	1.70e-10	80.5	3421660	N/A
72_8_1366_33183_11716/1	gi|2830983252|gb|CP170844.1|	85.714	98	8	4	15	110	4083423	4083330	4.68e-16	99.0	573	N/A
72_8_1366_33183_11716/1	gi|685044439|emb|LN592964.1|	95.833	48	0	2	9	54	179349	179302	2.20e-09	76.8	7962	N/A
72_8_1366_33183_11716/1	gi|685042148|emb|LN590673.1|	95.833	48	0	2	9	54	9009491	9009538	2.20e-09	76.8	7962	N/A
72_8_1366_33183_11716/1	gi|685042148|emb|LN590673.1|	95.556	45	0	2	12	54	8955770	8955814	1.02e-07	71.3	7962	N/A
72_8_1366_33183_11716/1	gi|685042148|emb|LN590673.1|	93.182	44	2	1	9	51	9322680	9322723	1.71e-05	63.9	7962	N/A
72_8_1366_33183_11716/1	gi|2557643774|emb|OY673254.1|	95.652	46	2	0	15	60	21732	21777	7.90e-09	75.0	2697049	N/A
72_8_2268_50015_16675/1	gi|2978724457|gb|PV611058.1|	85.827	127	13	4	14	137	295320	295444	1.66e-25	130	3421660	N/A
72_8_2268_50015_16675/1	gi|2978724457|gb|PV611058.1|	100.000	35	0	0	14	48	295783	295817	4.75e-06	65.8	3421660	N/A
72_8_2268_50015_16675/1	gi|685042175|emb|LN590700.1|	94.231	52	1	2	6	55	14033950	14033899	6.10e-10	78.7	7962	N/A
72_8_2268_50015_16675/1	gi|685042175|emb|LN590700.1|	95.238	42	0	2	15	54	15778538	15778579	4.75e-06	65.8	7962	N/A
72_8_2268_50015_16675/1	gi|685042185|emb|LN590710.1|	97.674	43	1	0	6	48	9162080	9162122	7.90e-09	75.0	7962	N/A
72_8_2268_50015_16675/1	gi|685042185|emb|LN590710.1|	95.349	43	0	2	14	54	3790453	3790411	1.32e-06	67.6	7962	N/A
72_8_2268_50015_16675/1	gi|685042185|emb|LN590710.1|	95.349	43	0	2	14	54	6008693	6008735	1.32e-06	67.6	7962	N/A
72_8_2268_50015_16675/1	gi|685042185|emb|LN590710.1|	95.349	43	0	2	14	54	10218502	10218544	1.32e-06	67.6	7962	N/A
72_8_2268_50015_16675/1	gi|2991388621|dbj|AP040934.1|	97.619	42	1	0	9	50	146943	146984	2.84e-08	73.1	562	N/A
72_8_2268_50015_16675/1	gi|2991388621|dbj|AP040934.1|	100.000	34	0	0	17	50	4900948	4900915	1.71e-05	63.9	562	N/A
72_8_2268_50015_16675/1	gi|2557643774|emb|OY673254.1|	95.556	45	2	0	15	59	21732	21776	2.84e-08	73.1	2697049	N/A
72_8_2384_22509_21535/1	gi|2978724457|gb|PV611058.1|	92.537	134	3	5	3	133	295315	295444	3.50e-42	185	3421660	N/A
72_8_2384_22509_21535/1	gi|2978724457|gb|PV611058.1|	89.394	66	3	3	3	65	295778	295842	1.70e-10	80.5	3421660	N/A
72_8_2384_22509_21535/1	gi|2830983252|gb|CP170844.1|	85.106	94	11	2	9	99	4083423	4083330	2.18e-14	93.5	573	N/A
72_8_2384_22509_21535/1	gi|2557643774|emb|OY673254.1|	95.652	46	2	0	9	54	21732	21777	7.90e-09	75.0	2697049	N/A
72_8_2384_22509_21535/1	gi|2463378371|dbj|AP027461.1|	95.652	46	2	0	9	54	1299632	1299677	7.90e-09	75.0	511145	N/A
72_8_2384_22509_21535/1	gi|2463378371|dbj|AP027461.1|	95.652	46	2	0	9	54	1628404	1628359	7.90e-09	75.0	511145	N/A
72_8_2384_22509_21535/1	gi|685042206|emb|LN590731.1|	95.652	46	0	2	6	49	347607	347652	2.84e-08	73.1	7962	N/A
72_8_1115_16375_12290/1	gi|2155043183|emb|OV015804.1|	100.000	28	0	0	2	29	29938	29911	0.037	52.8	2697049	N/A
72_8_2261_47352_4054/1	gi|2978724457|gb|PV611058.1|	92.913	127	3	5	14	137	295321	295444	1.63e-40	180	3421660	N/A
72_8_2261_47352_4054/1	gi|2978724457|gb|PV611058.1|	91.667	60	1	3	14	70	295784	295842	1.70e-10	80.5	3421660	N/A
72_8_2261_47352_4054/1	gi|2830983252|gb|CP170844.1|	86.316	95	10	2	13	104	4083424	4083330	1.30e-16	100	573	N/A
72_8_2261_47352_4054/1	gi|2557643774|emb|OY673254.1|	95.652	46	2	0	14	59	21732	21777	7.90e-09	75.0	2697049	N/A
72_8_2261_47352_4054/1	gi|2463378371|dbj|AP027461.1|	95.652	46	2	0	14	59	1299632	1299677	7.90e-09	75.0	511145	N/A
72_8_2261_47352_4054/1	gi|2463378371|dbj|AP027461.1|	95.652	46	2	0	14	59	1628404	1628359	7.90e-09	75.0	511145	N/A
72_8_2261_47352_4054/1	gi|685045708|emb|LN594233.1|	92.453	53	2	2	3	53	80414	80362	7.90e-09	75.0	7962	N/A
72_8_2233_49561_2863/1	gi|2978724457|gb|PV611058.1|	92.424	132	4	4	9	137	295316	295444	1.26e-41	183	3421660	N/A
72_8_2233_49561_2863/1	gi|2978724457|gb|PV611058.1|	89.231	65	3	3	9	70	295779	295842	6.10e-10	78.7	3421660	N/A
72_8_2233_49561_2863/1	gi|2557643774|emb|OY673254.1|	91.071	56	4	1	3	57	21720	21775	7.90e-09	75.0	2697049	N/A
72_8_2233_49561_2863/1	gi|2557638192|emb|OY694677.1|	94.000	50	1	2	4	53	4292	4339	7.90e-09	75.0	2697049	N/A
72_8_2233_49561_2863/1	gi|2560250289|emb|OY708460.1|	95.652	46	1	1	10	54	6486	6531	2.84e-08	73.1	2697049	N/A
72_8_2233_49561_2863/1	gi|685042186|emb|LN590711.1|	95.652	46	0	2	10	53	23107565	23107610	2.84e-08	73.1	7962	N/A
72_8_1405_13511_10441/1	gi|2978724457|gb|PV611058.1|	94.697	132	1	4	9	135	295314	295444	1.25e-46	200	3421660	N/A
72_8_1405_13511_10441/1	gi|2978724457|gb|PV611058.1|	89.552	67	1	4	9	70	295777	295842	1.70e-10	80.5	3421660	N/A
72_8_1405_13511_10441/1	gi|685042185|emb|LN590710.1|	100.000	42	0	0	6	47	9162081	9162122	6.10e-10	78.7	7962	N/A
72_8_1405_13511_10441/1	gi|685042185|emb|LN590710.1|	95.238	42	0	2	14	53	3790452	3790411	4.75e-06	65.8	7962	N/A
72_8_1405_13511_10441/1	gi|685042185|emb|LN590710.1|	95.238	42	0	2	14	53	6008694	6008735	4.75e-06	65.8	7962	N/A
72_8_1405_13511_10441/1	gi|685042185|emb|LN590710.1|	95.238	42	0	2	14	53	10218503	10218544	4.75e-06	65.8	7962	N/A
72_8_1405_13511_10441/1	gi|2557643774|emb|OY673254.1|	95.652	46	2	0	14	59	21732	21777	7.90e-09	75.0	2697049	N/A
72_8_1405_13511_10441/1	gi|2463378371|dbj|AP027461.1|	95.652	46	2	0	14	59	1299632	1299677	7.90e-09	75.0	511145	N/A
72_8_1405_13511_10441/1	gi|2463378371|dbj|AP027461.1|	95.652	46	2	0	14	59	1628404	1628359	7.90e-09	75.0	511145	N/A
72_8_1405_13511_10441/1	gi|2830983252|gb|CP170844.1|	81.915	94	5	2	14	95	4083423	4083330	3.67e-07	69.4	573	N/A
72_8_2133_21384_26116/1	gi|2978724457|gb|PV611058.1|	91.270	126	6	4	15	137	295321	295444	1.27e-36	167	3421660	N/A
72_8_2133_21384_26116/1	gi|2978724457|gb|PV611058.1|	91.667	60	1	3	15	71	295784	295842	1.70e-10	80.5	3421660	N/A
72_8_2133_21384_26116/1	gi|2830983252|gb|CP170844.1|	84.694	98	11	2	13	108	4083425	4083330	6.06e-15	95.3	573	N/A
72_8_2133_21384_26116/1	gi|2557643774|emb|OY673254.1|	95.652	46	2	0	15	60	21732	21777	7.90e-09	75.0	2697049	N/A
72_8_2133_21384_26116/1	gi|2463378371|dbj|AP027461.1|	95.652	46	2	0	15	60	1299632	1299677	7.90e-09	75.0	511145	N/A
72_8_2133_21384_26116/1	gi|2463378371|dbj|AP027461.1|	95.652	46	2	0	15	60	1628404	1628359	7.90e-09	75.0	511145	N/A
72_8_2133_21384_26116/1	gi|2165836832|emb|OV197136.1|	92.593	54	1	3	8	60	122	71	7.90e-09	75.0	2697049	N/A
72_8_2337_27227_9699/1	gi|2978724457|gb|PV611058.1|	94.215	121	1	5	2	119	295327	295444	1.63e-40	180	3421660	N/A
72_8_2337_27227_9699/1	gi|2978724457|gb|PV611058.1|	90.909	55	1	3	2	53	295790	295843	1.02e-07	71.3	3421660	N/A
72_8_2337_27227_9699/1	gi|2830983252|gb|CP170844.1|	82.955	88	10	2	2	84	4083417	4083330	7.90e-09	75.0	573	N/A
72_8_2337_27227_9699/1	gi|2557643774|emb|OY673254.1|	95.000	40	2	0	2	41	21738	21777	1.71e-05	63.9	2697049	N/A
72_8_2337_27227_9699/1	gi|2463378371|dbj|AP027461.1|	95.000	40	2	0	2	41	1299638	1299677	1.71e-05	63.9	511145	N/A
72_8_2337_27227_9699/1	gi|2463378371|dbj|AP027461.1|	95.000	40	2	0	2	41	1628398	1628359	1.71e-05	63.9	511145	N/A
72_8_2337_27227_9699/1	gi|2755084441|gb|PP943425.1|	92.683	41	1	2	2	41	67819	67780	7.95e-04	58.4	10258	N/A
72_8_2337_27227_9699/1	gi|2755084441|gb|PP943425.1|	92.500	40	1	2	2	40	67597	67635	0.003	56.5	10258	N/A
72_8_2290_13883_21591/1	gi|685042180|emb|LN590705.1|	100.000	33	0	0	13	45	14508260	14508292	6.15e-05	62.1	7962	N/A
72_8_1289_32155_8676/1	gi|2978724457|gb|PV611058.1|	92.913	127	3	4	14	137	295321	295444	1.63e-40	180	3421660	N/A
72_8_1289_32155_8676/1	gi|2978724457|gb|PV611058.1|	91.667	60	1	3	14	70	295784	295842	1.70e-10	80.5	3421660	N/A
72_8_1289_32155_8676/1	gi|2830983252|gb|CP170844.1|	86.170	94	10	2	14	104	4083423	4083330	4.68e-16	99.0	573	N/A
72_8_1289_32155_8676/1	gi|2557643774|emb|OY673254.1|	95.652	46	2	0	14	59	21732	21777	7.90e-09	75.0	2697049	N/A
72_8_1289_32155_8676/1	gi|2557638192|emb|OY694677.1|	91.228	57	2	3	4	59	4292	4346	7.90e-09	75.0	2697049	N/A
72_8_1289_32155_8676/1	gi|2463378371|dbj|AP027461.1|	95.652	46	2	0	14	59	1299632	1299677	7.90e-09	75.0	511145	N/A
72_8_1289_32155_8676/1	gi|2463378371|dbj|AP027461.1|	95.652	46	2	0	14	59	1628404	1628359	7.90e-09	75.0	511145	N/A
72_8_1315_25900_3760/1	gi|2524352013|emb|OY072335.1|	95.556	45	1	1	14	57	21647	21691	1.02e-07	71.3	2697049	N/A
72_8_1315_25900_3760/1	gi|2991388636|dbj|AP040949.1|	97.436	39	0	1	22	59	3527635	3527673	4.75e-06	65.8	573	N/A
72_8_1315_25900_3760/1	gi|685042192|emb|LN590717.1|	93.478	46	0	3	21	63	6367539	6367584	4.75e-06	65.8	7962	N/A
72_8_1315_25900_3760/1	gi|685042185|emb|LN590710.1|	95.238	42	1	1	17	57	9162081	9162122	4.75e-06	65.8	7962	N/A
72_8_1315_25900_3760/1	gi|2165835426|emb|OV196492.1|	94.737	38	0	2	25	61	138	102	7.95e-04	58.4	2697049	N/A
72_8_1185_15833_4460/1	gi|2155043183|emb|OV015804.1|	100.000	28	0	0	2	29	29938	29911	0.037	52.8	2697049	N/A
72_8_1330_36039_9545/1	gi|2830983252|gb|CP170844.1|	86.598	97	10	2	43	137	4083425	4083330	1.01e-17	104	573	N/A
72_8_1330_36039_9545/1	gi|2978724457|gb|PV611058.1|	82.292	96	13	3	45	137	295321	295415	1.70e-10	80.5	3421660	N/A
72_8_1330_36039_9545/1	gi|2978724457|gb|PV611058.1|	88.889	63	2	4	45	104	295784	295844	2.84e-08	73.1	3421660	N/A
72_8_1330_36039_9545/1	gi|2165834303|emb|OV196009.1|	97.778	45	1	0	40	84	120	76	6.10e-10	78.7	2697049	N/A
72_8_1330_36039_9545/1	gi|2165834303|emb|OV196009.1|	97.561	41	1	0	44	84	29911	29951	1.02e-07	71.3	2697049	N/A
72_8_1330_36039_9545/1	gi|2165836382|emb|OV196890.1|	100.000	41	0	0	40	80	122	82	2.20e-09	76.8	2697049	N/A
72_8_1330_36039_9545/1	gi|2165834670|emb|OV196177.1|	100.000	41	0	0	40	80	122	82	2.20e-09	76.8	2697049	N/A
72_8_2227_5087_29254/1	gi|2978724457|gb|PV611058.1|	88.976	127	9	4	14	137	295320	295444	3.55e-32	152	3421660	N/A
72_8_2227_5087_29254/1	gi|2978724457|gb|PV611058.1|	91.803	61	1	3	14	71	295783	295842	4.72e-11	82.4	3421660	N/A
72_8_2227_5087_29254/1	gi|2830983252|gb|CP170844.1|	85.567	97	9	2	15	109	4083423	4083330	1.69e-15	97.1	573	N/A
72_8_2227_5087_29254/1	gi|2755084441|gb|PP943425.1|	82.609	92	13	3	15	105	67825	67736	6.10e-10	78.7	10258	N/A
72_8_2227_5087_29254/1	gi|2755084441|gb|PP943425.1|	93.478	46	1	2	15	59	67591	67635	1.32e-06	67.6	10258	N/A
72_8_2227_5087_29254/1	gi|2710394916|tpg|BK066886.1|	97.778	45	0	1	5	48	29303	29347	2.20e-09	76.8	3116700	N/A
72_8_2227_5087_29254/1	gi|2557643774|emb|OY673254.1|	91.228	57	4	1	5	60	21721	21777	2.20e-09	76.8	2697049	N/A
72_8_2213_37099_6365/1	gi|2978724457|gb|PV611058.1|	92.126	127	3	5	15	137	295321	295444	2.72e-38	172	3421660	N/A
72_8_2213_37099_6365/1	gi|2978724457|gb|PV611058.1|	90.000	60	2	3	15	71	295784	295842	7.90e-09	75.0	3421660	N/A
72_8_2213_37099_6365/1	gi|2830983252|gb|CP170844.1|	84.375	96	12	2	14	107	4083424	4083330	7.84e-14	91.6	573	N/A
72_8_2213_37099_6365/1	gi|2924925013|gb|PQ571295.1|	100.000	39	0	0	11	49	225	263	2.84e-08	73.1	3385244	N/A
72_8_2213_37099_6365/1	gi|2755084441|gb|PP943425.1|	93.878	49	1	2	12	59	67588	67635	2.84e-08	73.1	10258	N/A
72_8_2213_37099_6365/1	gi|2755084441|gb|PP943425.1|	93.478	46	1	2	15	59	67825	67781	1.32e-06	67.6	10258	N/A
72_8_2213_37099_6365/1	gi|2557648311|emb|OY677105.1|	97.674	43	0	1	8	49	9636	9678	2.84e-08	73.1	2697049	N/A
72_8_1401_22436_10455/1	gi|2978724457|gb|PV611058.1|	96.032	126	1	3	14	136	295320	295444	3.47e-47	202	3421660	N/A
72_8_1401_22436_10455/1	gi|2978724457|gb|PV611058.1|	91.803	61	1	3	14	71	295783	295842	4.72e-11	82.4	3421660	N/A
72_8_1401_22436_10455/1	gi|2557643774|emb|OY673254.1|	95.652	46	2	0	15	60	21732	21777	7.90e-09	75.0	2697049	N/A
72_8_1401_22436_10455/1	gi|2463378371|dbj|AP027461.1|	93.878	49	3	0	12	60	1299629	1299677	7.90e-09	75.0	511145	N/A
72_8_1401_22436_10455/1	gi|2463378371|dbj|AP027461.1|	95.652	46	2	0	15	60	1628404	1628359	7.90e-09	75.0	511145	N/A
72_8_1401_22436_10455/1	gi|685047827|emb|LN596339.1|	94.000	50	1	2	7	54	601778	601827	7.90e-09	75.0	7962	N/A
72_8_1401_22436_10455/1	gi|2830983252|gb|CP170844.1|	81.915	94	5	2	15	96	4083423	4083330	3.67e-07	69.4	573	N/A
72_8_1195_18892_15806/1	gi|2978724457|gb|PV611058.1|	95.968	124	1	3	11	131	295322	295444	4.49e-46	198	3421660	N/A
72_8_1195_18892_15806/1	gi|2978724457|gb|PV611058.1|	91.525	59	1	3	11	66	295785	295842	6.10e-10	78.7	3421660	N/A
72_8_1195_18892_15806/1	gi|2557643774|emb|OY673254.1|	95.556	45	2	0	11	55	21733	21777	2.84e-08	73.1	2697049	N/A
72_8_1195_18892_15806/1	gi|2463378371|dbj|AP027461.1|	95.556	45	2	0	11	55	1299633	1299677	2.84e-08	73.1	511145	N/A
72_8_1195_18892_15806/1	gi|2463378371|dbj|AP027461.1|	95.556	45	2	0	11	55	1628403	1628359	2.84e-08	73.1	511145	N/A
72_8_1195_18892_15806/1	gi|2830983252|gb|CP170844.1|	81.720	93	5	2	11	91	4083422	4083330	1.32e-06	67.6	573	N/A
72_8_1195_18892_15806/1	gi|2755084441|gb|PP943425.1|	93.478	46	1	2	11	55	67824	67780	1.32e-06	67.6	10258	N/A
72_8_1195_18892_15806/1	gi|2755084441|gb|PP943425.1|	93.333	45	1	2	11	54	67592	67635	4.75e-06	65.8	10258	N/A
72_8_2175_35934_9671/1	gi|2978724457|gb|PV611058.1|	94.488	127	1	5	8	131	295321	295444	7.51e-44	191	3421660	N/A
72_8_2175_35934_9671/1	gi|2978724457|gb|PV611058.1|	91.667	60	1	3	8	64	295784	295842	1.70e-10	80.5	3421660	N/A
72_8_2175_35934_9671/1	gi|2830983252|gb|CP170844.1|	84.375	96	10	2	6	96	4083425	4083330	2.82e-13	89.8	573	N/A
72_8_2175_35934_9671/1	gi|2557643774|emb|OY673254.1|	95.652	46	2	0	8	53	21732	21777	7.90e-09	75.0	2697049	N/A
72_8_2175_35934_9671/1	gi|2463378371|dbj|AP027461.1|	95.652	46	2	0	8	53	1299632	1299677	7.90e-09	75.0	511145	N/A
72_8_2175_35934_9671/1	gi|2463378371|dbj|AP027461.1|	95.652	46	2	0	8	53	1628404	1628359	7.90e-09	75.0	511145	N/A
72_8_2175_35934_9671/1	gi|2165836832|emb|OV197136.1|	93.878	49	1	2	6	53	118	71	2.84e-08	73.1	2697049	N/A
72_8_2266_9667_19112/1	gi|2978724457|gb|PV611058.1|	92.063	126	5	4	15	137	295321	295444	2.72e-38	172	3421660	N/A
72_8_2266_9667_19112/1	gi|2978724457|gb|PV611058.1|	91.667	60	1	3	15	71	295784	295842	1.70e-10	80.5	3421660	N/A
72_8_2266_9667_19112/1	gi|2830983252|gb|CP170844.1|	87.234	94	9	2	15	105	4083423	4083330	1.01e-17	104	573	N/A
72_8_2266_9667_19112/1	gi|2557643774|emb|OY673254.1|	95.652	46	2	0	15	60	21732	21777	7.90e-09	75.0	2697049	N/A
72_8_2266_9667_19112/1	gi|2463378371|dbj|AP027461.1|	93.878	49	3	0	12	60	1299629	1299677	7.90e-09	75.0	511145	N/A
72_8_2266_9667_19112/1	gi|2463378371|dbj|AP027461.1|	95.652	46	2	0	15	60	1628404	1628359	7.90e-09	75.0	511145	N/A
72_8_2266_9667_19112/1	gi|685049067|emb|LN597579.1|	100.000	40	0	0	10	49	1397	1436	7.90e-09	75.0	7962	N/A
72_8_2214_49076_28721/1	gi|2978724457|gb|PV611058.1|	92.063	126	5	4	15	137	295321	295444	2.72e-38	172	3421660	N/A
72_8_2214_49076_28721/1	gi|2978724457|gb|PV611058.1|	91.525	59	1	3	15	70	295784	295841	6.10e-10	78.7	3421660	N/A
72_8_2214_49076_28721/1	gi|2830983252|gb|CP170844.1|	86.170	94	10	2	15	105	4083423	4083330	4.68e-16	99.0	573	N/A
72_8_2214_49076_28721/1	gi|2557643774|emb|OY673254.1|	95.652	46	2	0	15	60	21732	21777	7.90e-09	75.0	2697049	N/A
72_8_2214_49076_28721/1	gi|2557638192|emb|OY694677.1|	91.228	57	2	3	5	60	4292	4346	7.90e-09	75.0	2697049	N/A
72_8_2214_49076_28721/1	gi|2463378371|dbj|AP027461.1|	95.652	46	2	0	15	60	1299632	1299677	7.90e-09	75.0	511145	N/A
72_8_2214_49076_28721/1	gi|2463378371|dbj|AP027461.1|	95.652	46	2	0	15	60	1628404	1628359	7.90e-09	75.0	511145	N/A
72_8_2169_47449_7023/1	gi|2978724457|gb|PV611058.1|	92.063	126	5	4	15	137	295321	295444	2.72e-38	172	3421660	N/A
72_8_2169_47449_7023/1	gi|2978724457|gb|PV611058.1|	90.323	62	2	3	15	73	295784	295844	6.10e-10	78.7	3421660	N/A
72_8_2169_47449_7023/1	gi|2830983252|gb|CP170844.1|	83.333	96	13	2	14	107	4083424	4083330	3.65e-12	86.1	573	N/A
72_8_2169_47449_7023/1	gi|2557648311|emb|OY677105.1|	97.674	43	0	1	8	49	9636	9678	2.84e-08	73.1	2697049	N/A
72_8_2169_47449_7023/1	gi|2557643774|emb|OY673254.1|	95.455	44	2	0	15	58	21732	21775	1.02e-07	71.3	2697049	N/A
72_8_2169_47449_7023/1	gi|2463378371|dbj|AP027461.1|	93.617	47	3	0	12	58	1299629	1299675	1.02e-07	71.3	511145	N/A
72_8_2169_47449_7023/1	gi|2463378371|dbj|AP027461.1|	95.455	44	2	0	15	58	1628404	1628361	1.02e-07	71.3	511145	N/A
72_8_2227_16764_7864/1	gi|2978724457|gb|PV611058.1|	88.235	136	2	9	5	137	295320	295444	1.28e-31	150	3421660	N/A
72_8_2227_16764_7864/1	gi|2978724457|gb|PV611058.1|	100.000	35	0	0	5	39	295783	295817	4.75e-06	65.8	3421660	N/A
72_8_2227_16764_7864/1	gi|2830983252|gb|CP170844.1|	82.653	98	11	4	6	101	4083423	4083330	4.72e-11	82.4	573	N/A
72_8_2227_16764_7864/1	gi|2463378371|dbj|AP027461.1|	93.878	49	3	0	2	50	1299628	1299676	7.90e-09	75.0	511145	N/A
72_8_2227_16764_7864/1	gi|2463378371|dbj|AP027461.1|	95.556	45	2	0	6	50	1628404	1628360	2.84e-08	73.1	511145	N/A
72_8_2227_16764_7864/1	gi|685042314|emb|LN590839.1|	95.745	47	0	2	1	45	169828	169874	7.90e-09	75.0	7962	N/A
72_8_2227_16764_7864/1	gi|2557643774|emb|OY673254.1|	95.556	45	2	0	6	50	21732	21776	2.84e-08	73.1	2697049	N/A
72_8_2421_15275_28988/1	gi|2978724457|gb|PV611058.1|	89.764	127	7	5	14	137	295321	295444	7.62e-34	158	3421660	N/A
72_8_2421_15275_28988/1	gi|2978724457|gb|PV611058.1|	90.164	61	2	3	14	71	295784	295843	2.20e-09	76.8	3421660	N/A
72_8_2421_15275_28988/1	gi|2830983252|gb|CP170844.1|	87.234	94	9	2	14	104	4083423	4083330	1.01e-17	104	573	N/A
72_8_2421_15275_28988/1	gi|685042185|emb|LN590710.1|	95.455	44	2	0	4	47	9162079	9162122	1.02e-07	71.3	7962	N/A
72_8_2421_15275_28988/1	gi|685042185|emb|LN590710.1|	92.857	42	1	2	14	53	3790452	3790411	2.21e-04	60.2	7962	N/A
72_8_2421_15275_28988/1	gi|685042185|emb|LN590710.1|	92.857	42	1	2	14	53	6008694	6008735	2.21e-04	60.2	7962	N/A
72_8_2421_15275_28988/1	gi|685042185|emb|LN590710.1|	92.857	42	1	2	14	53	10218503	10218544	2.21e-04	60.2	7962	N/A
72_8_2421_15275_28988/1	gi|2557643774|emb|OY673254.1|	88.136	59	6	1	2	59	21719	21777	3.67e-07	69.4	2697049	N/A
72_8_2421_15275_28988/1	gi|2463378371|dbj|AP027461.1|	93.478	46	3	0	14	59	1299632	1299677	3.67e-07	69.4	511145	N/A
72_8_2421_15275_28988/1	gi|2463378371|dbj|AP027461.1|	93.478	46	3	0	14	59	1628404	1628359	3.67e-07	69.4	511145	N/A
72_8_2249_7061_8438/1	gi|2978724457|gb|PV611058.1|	86.466	133	6	5	8	137	295321	295444	3.57e-27	135	3421660	N/A
72_8_2249_7061_8438/1	gi|2978724457|gb|PV611058.1|	91.379	58	1	3	8	62	295784	295840	2.20e-09	76.8	3421660	N/A
72_8_2249_7061_8438/1	gi|2830983252|gb|CP170844.1|	88.889	99	6	4	6	102	4083425	4083330	1.29e-21	117	573	N/A
72_8_2249_7061_8438/1	gi|2557643774|emb|OY673254.1|	95.652	46	2	0	8	53	21732	21777	7.90e-09	75.0	2697049	N/A
72_8_2249_7061_8438/1	gi|2463378371|dbj|AP027461.1|	95.652	46	2	0	8	53	1299632	1299677	7.90e-09	75.0	511145	N/A
72_8_2249_7061_8438/1	gi|2463378371|dbj|AP027461.1|	95.652	46	2	0	8	53	1628404	1628359	7.90e-09	75.0	511145	N/A
72_8_2249_7061_8438/1	gi|2165836832|emb|OV197136.1|	93.878	49	1	2	6	53	118	71	2.84e-08	73.1	2697049	N/A
72_8_1121_23270_11646/1	gi|2978724457|gb|PV611058.1|	96.000	125	1	3	5	126	295321	295444	1.25e-46	200	3421660	N/A
72_8_1121_23270_11646/1	gi|2978724457|gb|PV611058.1|	91.667	60	1	3	5	61	295784	295842	1.70e-10	80.5	3421660	N/A
72_8_1121_23270_11646/1	gi|2557643774|emb|OY673254.1|	95.652	46	2	0	5	50	21732	21777	7.90e-09	75.0	2697049	N/A
72_8_1121_23270_11646/1	gi|2463378371|dbj|AP027461.1|	95.652	46	2	0	5	50	1299632	1299677	7.90e-09	75.0	511145	N/A
72_8_1121_23270_11646/1	gi|2463378371|dbj|AP027461.1|	95.652	46	2	0	5	50	1628404	1628359	7.90e-09	75.0	511145	N/A
72_8_1121_23270_11646/1	gi|2830983252|gb|CP170844.1|	82.105	95	5	2	4	86	4083424	4083330	1.02e-07	71.3	573	N/A
72_8_1121_23270_11646/1	gi|2755084441|gb|PP943425.1|	93.750	48	1	2	3	49	67589	67635	1.02e-07	71.3	10258	N/A
72_8_1121_23270_11646/1	gi|2755084441|gb|PP943425.1|	93.617	47	1	2	5	50	67825	67780	3.67e-07	69.4	10258	N/A
72_8_1360_48550_28847/1	gi|2165834303|emb|OV196009.1|	91.667	48	4	0	13	60	117	70	1.32e-06	67.6	2697049	N/A
72_8_1360_48550_28847/1	gi|2165834303|emb|OV196009.1|	95.122	41	2	0	14	54	29911	29951	4.75e-06	65.8	2697049	N/A
72_8_1360_48550_28847/1	gi|2165836382|emb|OV196890.1|	97.368	38	1	0	13	50	119	82	4.75e-06	65.8	2697049	N/A
72_8_1360_48550_28847/1	gi|2165834670|emb|OV196177.1|	97.368	38	1	0	13	50	119	82	4.75e-06	65.8	2697049	N/A
72_8_1360_48550_28847/1	gi|2557638192|emb|OY694677.1|	91.489	47	2	2	15	60	4301	4346	1.71e-05	63.9	2697049	N/A
72_8_1360_48550_28847/1	gi|2155043183|emb|OV015804.1|	97.297	37	1	0	15	51	29947	29911	1.71e-05	63.9	2697049	N/A
72_8_1416_44997_22838/1	gi|2978724457|gb|PV611058.1|	92.063	126	5	4	15	137	295321	295444	2.72e-38	172	3421660	N/A
72_8_1416_44997_22838/1	gi|2978724457|gb|PV611058.1|	91.667	60	1	3	15	71	295784	295842	1.70e-10	80.5	3421660	N/A
72_8_1416_44997_22838/1	gi|2830983252|gb|CP170844.1|	87.234	94	9	2	15	105	4083423	4083330	1.01e-17	104	573	N/A
72_8_1416_44997_22838/1	gi|2557643774|emb|OY673254.1|	95.652	46	2	0	15	60	21732	21777	7.90e-09	75.0	2697049	N/A
72_8_1416_44997_22838/1	gi|2463378371|dbj|AP027461.1|	92.453	53	2	2	10	60	1299625	1299677	7.90e-09	75.0	511145	N/A
72_8_1416_44997_22838/1	gi|2463378371|dbj|AP027461.1|	95.652	46	2	0	15	60	1628404	1628359	7.90e-09	75.0	511145	N/A
72_8_1416_44997_22838/1	gi|2560502367|emb|OY629453.1|	100.000	38	0	0	13	50	5916	5953	1.02e-07	71.3	2697049	N/A
72_8_1144_43233_23118/1	gi|2830983252|gb|CP170844.1|	89.247	93	8	1	47	137	4083423	4083331	4.65e-21	115	573	N/A
72_8_1144_43233_23118/1	gi|2978724457|gb|PV611058.1|	85.106	94	10	3	47	137	295321	295413	2.18e-14	93.5	3421660	N/A
72_8_1144_43233_23118/1	gi|2978724457|gb|PV611058.1|	91.803	61	1	3	47	104	295784	295843	4.72e-11	82.4	3421660	N/A
72_8_1144_43233_23118/1	gi|2557643774|emb|OY673254.1|	95.652	46	2	0	47	92	21732	21777	7.90e-09	75.0	2697049	N/A
72_8_1144_43233_23118/1	gi|2463378371|dbj|AP027461.1|	95.652	46	2	0	47	92	1299632	1299677	7.90e-09	75.0	511145	N/A
72_8_1144_43233_23118/1	gi|2463378371|dbj|AP027461.1|	95.652	46	2	0	47	92	1628404	1628359	7.90e-09	75.0	511145	N/A
72_8_1144_43233_23118/1	gi|685042206|emb|LN590731.1|	93.878	49	1	2	41	87	347604	347652	2.84e-08	73.1	7962	N/A
72_8_2376_47174_22684/1	gi|2978724457|gb|PV611058.1|	89.130	138	4	8	3	137	295315	295444	5.89e-35	161	3421660	N/A
72_8_2376_47174_22684/1	gi|2978724457|gb|PV611058.1|	88.235	68	3	4	3	67	295778	295843	2.20e-09	76.8	3421660	N/A
72_8_2376_47174_22684/1	gi|2830983252|gb|CP170844.1|	83.673	98	11	4	8	103	4083424	4083330	1.01e-12	87.9	573	N/A
72_8_2376_47174_22684/1	gi|2557643774|emb|OY673254.1|	95.652	46	2	0	9	54	21732	21777	7.90e-09	75.0	2697049	N/A
72_8_2376_47174_22684/1	gi|2463378371|dbj|AP027461.1|	95.652	46	2	0	9	54	1299632	1299677	7.90e-09	75.0	511145	N/A
72_8_2376_47174_22684/1	gi|2463378371|dbj|AP027461.1|	95.652	46	2	0	9	54	1628404	1628359	7.90e-09	75.0	511145	N/A
72_8_2376_47174_22684/1	gi|1973745234|dbj|LC529901.1|	97.619	42	1	0	2	43	117092	117133	2.84e-08	73.1	76106	N/A
72_8_2376_47174_22684/1	gi|1973745234|dbj|LC529901.1|	100.000	35	0	0	9	43	164421	164455	4.75e-06	65.8	76106	N/A
72_8_2376_47174_22684/1	gi|1973745234|dbj|LC529901.1|	100.000	33	0	0	11	43	11751	11719	6.15e-05	62.1	76106	N/A
72_8_1465_36905_23090/1	gi|2978724457|gb|PV611058.1|	89.764	127	8	4	14	137	295320	295444	7.62e-34	158	3421660	N/A
72_8_1465_36905_23090/1	gi|2978724457|gb|PV611058.1|	91.803	61	1	3	14	71	295783	295842	4.72e-11	82.4	3421660	N/A
72_8_1465_36905_23090/1	gi|2830983252|gb|CP170844.1|	88.421	95	8	2	15	107	4083423	4083330	6.02e-20	111	573	N/A
72_8_1465_36905_23090/1	gi|2557643774|emb|OY673254.1|	92.593	54	3	1	8	60	21724	21777	2.20e-09	76.8	2697049	N/A
72_8_1465_36905_23090/1	gi|2557638192|emb|OY694677.1|	94.000	50	1	2	12	60	4298	4346	7.90e-09	75.0	2697049	N/A
72_8_1465_36905_23090/1	gi|2463378371|dbj|AP027461.1|	95.652	46	2	0	15	60	1299632	1299677	7.90e-09	75.0	511145	N/A
72_8_1465_36905_23090/1	gi|2463378371|dbj|AP027461.1|	95.652	46	2	0	15	60	1628404	1628359	7.90e-09	75.0	511145	N/A
72_8_1357_48315_10763/1	gi|2978724457|gb|PV611058.1|	93.651	126	1	5	3	125	295323	295444	4.52e-41	182	3421660	N/A
72_8_1357_48315_10763/1	gi|2978724457|gb|PV611058.1|	91.525	59	1	3	3	58	295786	295843	6.10e-10	78.7	3421660	N/A
72_8_1357_48315_10763/1	gi|2830983252|gb|CP170844.1|	84.783	92	11	2	3	91	4083421	4083330	2.82e-13	89.8	573	N/A
72_8_1357_48315_10763/1	gi|2557643774|emb|OY673254.1|	95.455	44	2	0	3	46	21734	21777	1.02e-07	71.3	2697049	N/A
72_8_1357_48315_10763/1	gi|2463378371|dbj|AP027461.1|	95.455	44	2	0	3	46	1299634	1299677	1.02e-07	71.3	511145	N/A
72_8_1357_48315_10763/1	gi|2463378371|dbj|AP027461.1|	95.455	44	2	0	3	46	1628402	1628359	1.02e-07	71.3	511145	N/A
72_8_1357_48315_10763/1	gi|2991388621|dbj|AP040934.1|	100.000	35	0	0	2	36	4900949	4900915	4.75e-06	65.8	562	N/A
72_8_1357_48315_10763/1	gi|2991388621|dbj|AP040934.1|	100.000	34	0	0	3	36	146951	146984	1.71e-05	63.9	562	N/A
72_8_2147_46737_4782/1	gi|2978724457|gb|PV611058.1|	88.095	126	10	4	15	137	295321	295444	5.93e-30	145	3421660	N/A
72_8_2147_46737_4782/1	gi|2978724457|gb|PV611058.1|	91.935	62	1	3	15	73	295784	295844	1.31e-11	84.2	3421660	N/A
72_8_2147_46737_4782/1	gi|2830983252|gb|CP170844.1|	90.526	95	6	2	15	107	4083423	4083330	2.78e-23	122	573	N/A
72_8_2147_46737_4782/1	gi|2557643774|emb|OY673254.1|	95.652	46	2	0	15	60	21732	21777	7.90e-09	75.0	2697049	N/A
72_8_2147_46737_4782/1	gi|2463378371|dbj|AP027461.1|	93.878	49	3	0	12	60	1299629	1299677	7.90e-09	75.0	511145	N/A
72_8_2147_46737_4782/1	gi|2463378371|dbj|AP027461.1|	95.652	46	2	0	15	60	1628404	1628359	7.90e-09	75.0	511145	N/A
72_8_2147_46737_4782/1	gi|685049067|emb|LN597579.1|	100.000	40	0	0	10	49	1397	1436	7.90e-09	75.0	7962	N/A
72_8_2316_37302_1028/1	gi|2978724457|gb|PV611058.1|	94.574	129	2	4	3	128	295318	295444	5.81e-45	195	3421660	N/A
72_8_2316_37302_1028/1	gi|2978724457|gb|PV611058.1|	90.476	63	2	3	3	62	295781	295842	1.70e-10	80.5	3421660	N/A
72_8_2316_37302_1028/1	gi|2557643774|emb|OY673254.1|	95.652	46	2	0	6	51	21732	21777	7.90e-09	75.0	2697049	N/A
72_8_2316_37302_1028/1	gi|2463378371|dbj|AP027461.1|	95.652	46	2	0	6	51	1299632	1299677	7.90e-09	75.0	511145	N/A
72_8_2316_37302_1028/1	gi|2463378371|dbj|AP027461.1|	95.652	46	2	0	6	51	1628404	1628359	7.90e-09	75.0	511145	N/A
72_8_2316_37302_1028/1	gi|2830983252|gb|CP170844.1|	81.053	95	15	2	6	98	4083423	4083330	2.84e-08	73.1	573	N/A
72_8_2316_37302_1028/1	gi|2155043183|emb|OV015804.1|	100.000	38	0	0	5	42	29948	29911	1.02e-07	71.3	2697049	N/A
72_8_2381_48574_26424/1	gi|2155043183|emb|OV015804.1|	100.000	28	0	0	1	28	29938	29911	0.037	52.8	2697049	N/A
72_8_1144_12070_21283/1	gi|2155043183|emb|OV015804.1|	100.000	28	0	0	2	29	29938	29911	0.037	52.8	2697049	N/A
72_8_2321_7401_11744/1	gi|2978724457|gb|PV611058.1|	90.909	132	6	4	9	137	295316	295444	2.72e-38	172	3421660	N/A
72_8_2321_7401_11744/1	gi|2978724457|gb|PV611058.1|	90.769	65	2	3	9	70	295779	295842	1.31e-11	84.2	3421660	N/A
72_8_2321_7401_11744/1	gi|2830983252|gb|CP170844.1|	86.316	95	10	2	14	106	4083423	4083330	1.30e-16	100	573	N/A
72_8_2321_7401_11744/1	gi|2557643774|emb|OY673254.1|	92.593	54	3	1	7	59	21724	21777	2.20e-09	76.8	2697049	N/A
72_8_2321_7401_11744/1	gi|685042175|emb|LN590700.1|	94.118	51	1	2	6	54	14033949	14033899	2.20e-09	76.8	7962	N/A
72_8_2321_7401_11744/1	gi|685042175|emb|LN590700.1|	95.238	42	0	2	14	53	15778538	15778579	4.75e-06	65.8	7962	N/A
72_8_2321_7401_11744/1	gi|2463378371|dbj|AP027461.1|	95.652	46	2	0	14	59	1299632	1299677	7.90e-09	75.0	511145	N/A
72_8_2321_7401_11744/1	gi|2463378371|dbj|AP027461.1|	95.652	46	2	0	14	59	1628404	1628359	7.90e-09	75.0	511145	N/A
72_8_2455_19992_14433/1	gi|2978724457|gb|PV611058.1|	88.976	127	9	4	14	137	295320	295444	3.55e-32	152	3421660	N/A
72_8_2455_19992_14433/1	gi|2978724457|gb|PV611058.1|	91.935	62	1	3	14	72	295783	295843	1.31e-11	84.2	3421660	N/A
72_8_2455_19992_14433/1	gi|2830983252|gb|CP170844.1|	91.489	94	6	1	15	106	4083423	4083330	5.98e-25	128	573	N/A
72_8_2455_19992_14433/1	gi|2557643774|emb|OY673254.1|	95.652	46	2	0	15	60	21732	21777	7.90e-09	75.0	2697049	N/A
72_8_2455_19992_14433/1	gi|2463378371|dbj|AP027461.1|	93.878	49	3	0	12	60	1299629	1299677	7.90e-09	75.0	511145	N/A
72_8_2455_19992_14433/1	gi|2463378371|dbj|AP027461.1|	95.652	46	2	0	15	60	1628404	1628359	7.90e-09	75.0	511145	N/A
72_8_2455_19992_14433/1	gi|685047827|emb|LN596339.1|	94.000	50	1	2	7	54	601778	601827	7.90e-09	75.0	7962	N/A
72_8_1128_26474_15708/1	gi|2978724457|gb|PV611058.1|	91.045	134	4	5	7	137	295316	295444	7.57e-39	174	3421660	N/A
72_8_1128_26474_15708/1	gi|2978724457|gb|PV611058.1|	92.308	65	1	3	7	68	295779	295842	2.82e-13	89.8	3421660	N/A
72_8_1128_26474_15708/1	gi|2830983252|gb|CP170844.1|	89.362	94	8	1	12	103	4083423	4083330	1.29e-21	117	573	N/A
72_8_1128_26474_15708/1	gi|2557643774|emb|OY673254.1|	95.652	46	2	0	12	57	21732	21777	7.90e-09	75.0	2697049	N/A
72_8_1128_26474_15708/1	gi|2463378371|dbj|AP027461.1|	95.652	46	2	0	12	57	1299632	1299677	7.90e-09	75.0	511145	N/A
72_8_1128_26474_15708/1	gi|2463378371|dbj|AP027461.1|	95.652	46	2	0	12	57	1628404	1628359	7.90e-09	75.0	511145	N/A
72_8_1128_26474_15708/1	gi|2560250289|emb|OY708460.1|	93.878	49	1	2	10	57	6488	6535	2.84e-08	73.1	2697049	N/A
72_8_1460_42983_17753/1	gi|2978724457|gb|PV611058.1|	90.152	132	1	6	2	130	295322	295444	5.89e-35	161	3421660	N/A
72_8_1460_42983_17753/1	gi|2978724457|gb|PV611058.1|	91.525	59	1	3	2	57	295785	295842	6.10e-10	78.7	3421660	N/A
72_8_1460_42983_17753/1	gi|2830983252|gb|CP170844.1|	86.316	95	9	2	2	94	4083422	4083330	1.30e-16	100	573	N/A
72_8_1460_42983_17753/1	gi|2557643774|emb|OY673254.1|	95.556	45	2	0	2	46	21733	21777	2.84e-08	73.1	2697049	N/A
72_8_1460_42983_17753/1	gi|2463378371|dbj|AP027461.1|	95.556	45	2	0	2	46	1299633	1299677	2.84e-08	73.1	511145	N/A
72_8_1460_42983_17753/1	gi|2463378371|dbj|AP027461.1|	95.556	45	2	0	2	46	1628403	1628359	2.84e-08	73.1	511145	N/A
72_8_1460_42983_17753/1	gi|2755084441|gb|PP943425.1|	81.522	92	12	4	2	91	67824	67736	1.02e-07	71.3	10258	N/A
72_8_1460_42983_17753/1	gi|2755084441|gb|PP943425.1|	93.333	45	1	2	2	45	67592	67635	4.75e-06	65.8	10258	N/A
72_8_2496_31589_21395/1	gi|2978724457|gb|PV611058.1|	96.000	125	1	3	14	135	295321	295444	1.25e-46	200	3421660	N/A
72_8_2496_31589_21395/1	gi|2978724457|gb|PV611058.1|	91.667	60	1	3	14	70	295784	295842	1.70e-10	80.5	3421660	N/A
72_8_2496_31589_21395/1	gi|685042185|emb|LN590710.1|	97.727	44	1	0	4	47	9162079	9162122	2.20e-09	76.8	7962	N/A
72_8_2496_31589_21395/1	gi|685042185|emb|LN590710.1|	95.238	42	0	2	14	53	3790452	3790411	4.75e-06	65.8	7962	N/A
72_8_2496_31589_21395/1	gi|685042185|emb|LN590710.1|	95.238	42	0	2	14	53	6008694	6008735	4.75e-06	65.8	7962	N/A
72_8_2496_31589_21395/1	gi|685042185|emb|LN590710.1|	95.238	42	0	2	14	53	10218503	10218544	4.75e-06	65.8	7962	N/A
72_8_2496_31589_21395/1	gi|2557643774|emb|OY673254.1|	95.652	46	2	0	14	59	21732	21777	7.90e-09	75.0	2697049	N/A
72_8_2496_31589_21395/1	gi|2463378371|dbj|AP027461.1|	95.652	46	2	0	14	59	1299632	1299677	7.90e-09	75.0	511145	N/A
72_8_2496_31589_21395/1	gi|2463378371|dbj|AP027461.1|	95.652	46	2	0	14	59	1628404	1628359	7.90e-09	75.0	511145	N/A
72_8_2496_31589_21395/1	gi|2830983252|gb|CP170844.1|	81.915	94	5	2	14	95	4083423	4083330	3.67e-07	69.4	573	N/A
72_8_2155_37286_18706/1	gi|2978724457|gb|PV611058.1|	91.538	130	1	7	2	128	295322	295444	9.79e-38	171	3421660	N/A
72_8_2155_37286_18706/1	gi|2978724457|gb|PV611058.1|	91.525	59	1	3	2	57	295785	295842	6.10e-10	78.7	3421660	N/A
72_8_2155_37286_18706/1	gi|2830983252|gb|CP170844.1|	86.170	94	10	2	2	93	4083422	4083330	4.68e-16	99.0	573	N/A
72_8_2155_37286_18706/1	gi|2557643774|emb|OY673254.1|	95.556	45	2	0	2	46	21733	21777	2.84e-08	73.1	2697049	N/A
72_8_2155_37286_18706/1	gi|2463378371|dbj|AP027461.1|	95.556	45	2	0	2	46	1299633	1299677	2.84e-08	73.1	511145	N/A
72_8_2155_37286_18706/1	gi|2463378371|dbj|AP027461.1|	95.556	45	2	0	2	46	1628403	1628359	2.84e-08	73.1	511145	N/A
72_8_2155_37286_18706/1	gi|2755084441|gb|PP943425.1|	93.478	46	1	2	2	46	67824	67780	1.32e-06	67.6	10258	N/A
72_8_2155_37286_18706/1	gi|2755084441|gb|PP943425.1|	93.333	45	1	2	2	45	67592	67635	4.75e-06	65.8	10258	N/A
72_8_2190_43484_14111/1	gi|2978724457|gb|PV611058.1|	90.226	133	1	7	5	134	295321	295444	1.64e-35	163	3421660	N/A
72_8_2190_43484_14111/1	gi|2978724457|gb|PV611058.1|	91.935	62	1	3	5	63	295784	295844	1.31e-11	84.2	3421660	N/A
72_8_2190_43484_14111/1	gi|2830983252|gb|CP170844.1|	88.542	96	8	2	4	97	4083424	4083330	1.67e-20	113	573	N/A
72_8_2190_43484_14111/1	gi|2557643774|emb|OY673254.1|	95.652	46	2	0	5	50	21732	21777	7.90e-09	75.0	2697049	N/A
72_8_2190_43484_14111/1	gi|2463378371|dbj|AP027461.1|	95.652	46	2	0	5	50	1299632	1299677	7.90e-09	75.0	511145	N/A
72_8_2190_43484_14111/1	gi|2463378371|dbj|AP027461.1|	95.652	46	2	0	5	50	1628404	1628359	7.90e-09	75.0	511145	N/A
72_8_2190_43484_14111/1	gi|2755084441|gb|PP943425.1|	93.750	48	1	2	3	49	67589	67635	1.02e-07	71.3	10258	N/A
72_8_2190_43484_14111/1	gi|2755084441|gb|PP943425.1|	81.522	92	11	5	5	92	67825	67736	1.02e-07	71.3	10258	N/A
72_8_1316_49238_25191/1	gi|2978724457|gb|PV611058.1|	93.701	127	2	5	14	137	295321	295444	3.50e-42	185	3421660	N/A
72_8_1316_49238_25191/1	gi|2978724457|gb|PV611058.1|	91.803	61	1	3	14	71	295784	295843	4.72e-11	82.4	3421660	N/A
72_8_1316_49238_25191/1	gi|2830983252|gb|CP170844.1|	85.417	96	12	1	12	105	4083425	4083330	4.68e-16	99.0	573	N/A
72_8_1316_49238_25191/1	gi|2557643774|emb|OY673254.1|	95.652	46	2	0	14	59	21732	21777	7.90e-09	75.0	2697049	N/A
72_8_1316_49238_25191/1	gi|2463378371|dbj|AP027461.1|	95.652	46	2	0	14	59	1299632	1299677	7.90e-09	75.0	511145	N/A
72_8_1316_49238_25191/1	gi|2463378371|dbj|AP027461.1|	95.652	46	2	0	14	59	1628404	1628359	7.90e-09	75.0	511145	N/A
72_8_1316_49238_25191/1	gi|2165836832|emb|OV197136.1|	92.593	54	1	3	7	59	122	71	7.90e-09	75.0	2697049	N/A
72_8_2280_36816_13271/1	gi|2978724457|gb|PV611058.1|	88.095	126	10	4	15	137	295321	295444	5.93e-30	145	3421660	N/A
72_8_2280_36816_13271/1	gi|2978724457|gb|PV611058.1|	91.525	59	1	3	15	70	295784	295841	6.10e-10	78.7	3421660	N/A
72_8_2280_36816_13271/1	gi|2830983252|gb|CP170844.1|	88.660	97	7	3	14	108	4083424	4083330	4.65e-21	115	573	N/A
72_8_2280_36816_13271/1	gi|2557643774|emb|OY673254.1|	95.652	46	2	0	15	60	21732	21777	7.90e-09	75.0	2697049	N/A
72_8_2280_36816_13271/1	gi|2463378371|dbj|AP027461.1|	93.878	49	3	0	12	60	1299629	1299677	7.90e-09	75.0	511145	N/A
72_8_2280_36816_13271/1	gi|2463378371|dbj|AP027461.1|	95.652	46	2	0	15	60	1628404	1628359	7.90e-09	75.0	511145	N/A
72_8_2280_36816_13271/1	gi|685051416|emb|LN599928.1|	95.652	46	0	2	11	54	8192	8237	2.84e-08	73.1	7962	N/A
72_8_2378_38953_3409/1	gi|2978724457|gb|PV611058.1|	93.750	128	1	5	1	125	295321	295444	3.50e-42	185	3421660	N/A
72_8_2378_38953_3409/1	gi|2978724457|gb|PV611058.1|	91.667	60	1	3	1	57	295784	295842	1.70e-10	80.5	3421660	N/A
72_8_2378_38953_3409/1	gi|2830983252|gb|CP170844.1|	83.158	95	13	2	1	93	4083423	4083330	1.31e-11	84.2	573	N/A
72_8_2378_38953_3409/1	gi|2557643774|emb|OY673254.1|	95.652	46	2	0	1	46	21732	21777	7.90e-09	75.0	2697049	N/A
72_8_2378_38953_3409/1	gi|2463378371|dbj|AP027461.1|	95.652	46	2	0	1	46	1299632	1299677	7.90e-09	75.0	511145	N/A
72_8_2378_38953_3409/1	gi|2463378371|dbj|AP027461.1|	95.652	46	2	0	1	46	1628404	1628359	7.90e-09	75.0	511145	N/A
72_8_2378_38953_3409/1	gi|2755084441|gb|PP943425.1|	93.617	47	1	2	1	46	67825	67780	3.67e-07	69.4	10258	N/A
72_8_2378_38953_3409/1	gi|2755084441|gb|PP943425.1|	93.478	46	1	2	1	45	67591	67635	1.32e-06	67.6	10258	N/A
72_8_1385_29784_14770/1	gi|2978724457|gb|PV611058.1|	91.667	132	1	5	6	134	295320	295444	7.57e-39	174	3421660	N/A
72_8_1385_29784_14770/1	gi|2978724457|gb|PV611058.1|	91.803	61	1	3	6	63	295783	295842	4.72e-11	82.4	3421660	N/A
72_8_1385_29784_14770/1	gi|2830983252|gb|CP170844.1|	88.298	94	8	2	7	97	4083423	4083330	2.16e-19	110	573	N/A
72_8_1385_29784_14770/1	gi|2557643774|emb|OY673254.1|	95.652	46	2	0	7	52	21732	21777	7.90e-09	75.0	2697049	N/A
72_8_1385_29784_14770/1	gi|2463378371|dbj|AP027461.1|	95.652	46	2	0	7	52	1299632	1299677	7.90e-09	75.0	511145	N/A
72_8_1385_29784_14770/1	gi|2463378371|dbj|AP027461.1|	95.652	46	2	0	7	52	1628404	1628359	7.90e-09	75.0	511145	N/A
72_8_1385_29784_14770/1	gi|2557638192|emb|OY694677.1|	93.878	49	1	2	5	52	4299	4346	2.84e-08	73.1	2697049	N/A
72_8_2316_29800_28049/1	gi|2978724457|gb|PV611058.1|	86.957	138	7	6	3	137	295315	295444	5.93e-30	145	3421660	N/A
72_8_2316_29800_28049/1	gi|2978724457|gb|PV611058.1|	90.625	64	2	3	3	63	295778	295840	4.72e-11	82.4	3421660	N/A
72_8_2316_29800_28049/1	gi|2830983252|gb|CP170844.1|	86.458	96	9	3	9	102	4083423	4083330	3.62e-17	102	573	N/A
72_8_2316_29800_28049/1	gi|2755084441|gb|PP943425.1|	83.696	92	12	3	9	99	67825	67736	1.31e-11	84.2	10258	N/A
72_8_2316_29800_28049/1	gi|2755084441|gb|PP943425.1|	93.478	46	1	2	9	53	67591	67635	1.32e-06	67.6	10258	N/A
72_8_2316_29800_28049/1	gi|2557643774|emb|OY673254.1|	95.652	46	2	0	9	54	21732	21777	7.90e-09	75.0	2697049	N/A
72_8_2316_29800_28049/1	gi|2463378371|dbj|AP027461.1|	93.878	49	3	0	6	54	1299629	1299677	7.90e-09	75.0	511145	N/A
72_8_2316_29800_28049/1	gi|2463378371|dbj|AP027461.1|	95.652	46	2	0	9	54	1628404	1628359	7.90e-09	75.0	511145	N/A
72_8_2330_29468_17585/1	gi|2978724457|gb|PV611058.1|	91.538	130	1	7	2	128	295322	295444	9.79e-38	171	3421660	N/A
72_8_2330_29468_17585/1	gi|2978724457|gb|PV611058.1|	90.000	60	1	4	2	58	295785	295842	2.84e-08	73.1	3421660	N/A
72_8_2330_29468_17585/1	gi|2830983252|gb|CP170844.1|	86.170	94	9	3	2	92	4083422	4083330	4.68e-16	99.0	573	N/A
72_8_2330_29468_17585/1	gi|2557643774|emb|OY673254.1|	93.478	46	2	1	2	47	21733	21777	1.32e-06	67.6	2697049	N/A
72_8_2330_29468_17585/1	gi|2463378371|dbj|AP027461.1|	93.478	46	2	1	2	47	1299633	1299677	1.32e-06	67.6	511145	N/A
72_8_2330_29468_17585/1	gi|2463378371|dbj|AP027461.1|	93.478	46	2	1	2	47	1628403	1628359	1.32e-06	67.6	511145	N/A
72_8_2330_29468_17585/1	gi|2755084441|gb|PP943425.1|	91.489	47	1	3	2	47	67824	67780	6.15e-05	62.1	10258	N/A
72_8_2330_29468_17585/1	gi|2755084441|gb|PP943425.1|	91.304	46	1	3	2	46	67592	67635	2.21e-04	60.2	10258	N/A
72_8_2371_48566_1196/1	gi|2978724457|gb|PV611058.1|	92.857	126	5	3	15	137	295320	295444	1.63e-40	180	3421660	N/A
72_8_2371_48566_1196/1	gi|2978724457|gb|PV611058.1|	91.803	61	1	3	15	72	295783	295842	4.72e-11	82.4	3421660	N/A
72_8_2371_48566_1196/1	gi|2830983252|gb|CP170844.1|	84.211	95	12	2	16	108	4083423	4083330	2.82e-13	89.8	573	N/A
72_8_2371_48566_1196/1	gi|685047827|emb|LN596339.1|	96.000	50	0	2	8	55	601778	601827	1.70e-10	80.5	7962	N/A
72_8_2371_48566_1196/1	gi|685042185|emb|LN590710.1|	95.833	48	0	2	10	55	10218497	10218544	2.20e-09	76.8	7962	N/A
72_8_2371_48566_1196/1	gi|685042185|emb|LN590710.1|	95.556	45	0	2	13	55	3790455	3790411	1.02e-07	71.3	7962	N/A
72_8_2371_48566_1196/1	gi|685042185|emb|LN590710.1|	95.556	45	0	2	13	55	6008691	6008735	1.02e-07	71.3	7962	N/A
72_8_2371_48566_1196/1	gi|685042185|emb|LN590710.1|	100.000	34	0	0	16	49	9162089	9162122	1.71e-05	63.9	7962	N/A
72_8_2371_48566_1196/1	gi|2557643774|emb|OY673254.1|	95.652	46	2	0	16	61	21732	21777	7.90e-09	75.0	2697049	N/A
72_8_2128_50670_23496/1	gi|2978724457|gb|PV611058.1|	89.764	127	7	4	14	137	295321	295444	7.62e-34	158	3421660	N/A
72_8_2128_50670_23496/1	gi|2978724457|gb|PV611058.1|	91.667	60	1	3	14	70	295784	295842	1.70e-10	80.5	3421660	N/A
72_8_2128_50670_23496/1	gi|2830983252|gb|CP170844.1|	89.362	94	8	1	14	105	4083423	4083330	1.29e-21	117	573	N/A
72_8_2128_50670_23496/1	gi|2557643774|emb|OY673254.1|	95.652	46	2	0	14	59	21732	21777	7.90e-09	75.0	2697049	N/A
72_8_2128_50670_23496/1	gi|2463378371|dbj|AP027461.1|	95.652	46	2	0	14	59	1299632	1299677	7.90e-09	75.0	511145	N/A
72_8_2128_50670_23496/1	gi|2463378371|dbj|AP027461.1|	95.652	46	2	0	14	59	1628404	1628359	7.90e-09	75.0	511145	N/A
72_8_2128_50670_23496/1	gi|2991388636|dbj|AP040949.1|	100.000	39	0	0	11	49	3527635	3527673	2.84e-08	73.1	573	N/A
72_8_1375_7886_11072/1	gi|2560502367|emb|OY629453.1|	97.368	38	1	0	14	51	5916	5953	4.75e-06	65.8	2697049	N/A
72_8_1375_7886_11072/1	gi|685042189|emb|LN590714.1|	97.368	38	1	0	13	50	11523466	11523503	4.75e-06	65.8	7962	N/A
72_8_1375_7886_11072/1	gi|2155043183|emb|OV015804.1|	97.368	38	1	0	15	52	29948	29911	4.75e-06	65.8	2697049	N/A
72_8_1375_7886_11072/1	gi|2991388636|dbj|AP040949.1|	97.297	37	1	0	15	51	3527637	3527673	1.71e-05	63.9	573	N/A
72_8_1375_7886_11072/1	gi|2557638192|emb|OY694677.1|	91.489	47	2	2	16	61	4301	4346	1.71e-05	63.9	2697049	N/A
72_8_1324_36136_20723/1	gi|2978724457|gb|PV611058.1|	93.701	127	3	4	14	137	295320	295444	3.50e-42	185	3421660	N/A
72_8_1324_36136_20723/1	gi|2978724457|gb|PV611058.1|	91.803	61	1	3	14	71	295783	295842	4.72e-11	82.4	3421660	N/A
72_8_1324_36136_20723/1	gi|2830983252|gb|CP170844.1|	85.106	94	11	2	15	105	4083423	4083330	2.18e-14	93.5	573	N/A
72_8_1324_36136_20723/1	gi|2557643774|emb|OY673254.1|	95.652	46	2	0	15	60	21732	21777	7.90e-09	75.0	2697049	N/A
72_8_1324_36136_20723/1	gi|2463378371|dbj|AP027461.1|	95.652	46	2	0	15	60	1299632	1299677	7.90e-09	75.0	511145	N/A
72_8_1324_36136_20723/1	gi|2463378371|dbj|AP027461.1|	95.652	46	2	0	15	60	1628404	1628359	7.90e-09	75.0	511145	N/A
72_8_1324_36136_20723/1	gi|685042409|emb|LN590934.1|	95.652	46	0	2	11	54	458436	458481	2.84e-08	73.1	7962	N/A
72_8_2429_38305_25037/1	gi|1768674649|emb|LR722623.1|	87.970	133	13	3	2	133	56840131	56840261	9.86e-33	154	112509	N/A
72_8_2429_38305_25037/1	gi|1768674649|emb|LR722623.1|	87.970	133	13	3	2	133	67729439	67729569	9.86e-33	154	112509	N/A
72_8_2429_38305_25037/1	gi|1768674649|emb|LR722623.1|	86.131	137	16	3	2	137	61599417	61599283	5.93e-30	145	112509	N/A
72_8_2429_38305_25037/1	gi|1768674649|emb|LR722623.1|	87.288	118	15	0	20	137	53113610	53113493	3.57e-27	135	112509	N/A
72_8_2429_38305_25037/1	gi|1768674649|emb|LR722623.1|	86.441	118	16	0	20	137	3698460	3698577	1.66e-25	130	112509	N/A
72_8_2429_38305_25037/1	gi|188038087|gb|EU660897.1|	87.970	133	13	3	2	133	29078	29208	9.86e-33	154	37682	N/A
72_8_2429_38305_25037/1	gi|300681466|emb|FN564430.1|	87.879	132	13	3	2	132	792533	792662	3.55e-32	152	4565	N/A
72_8_2429_38305_25037/1	gi|300681434|emb|FN564428.1|	87.121	132	14	3	2	132	2048861	2048990	1.65e-30	147	4565	N/A
72_8_2429_38305_25037/1	gi|194239064|emb|AM932682.1|	88.983	118	10	3	2	118	19418	19303	2.13e-29	143	4565	N/A
72_8_1286_40013_26284/1	gi|2978724457|gb|PV611058.1|	90.840	131	7	4	10	137	295316	295444	9.79e-38	171	3421660	N/A
72_8_1286_40013_26284/1	gi|2978724457|gb|PV611058.1|	90.909	66	2	3	10	72	295779	295843	3.65e-12	86.1	3421660	N/A
72_8_1286_40013_26284/1	gi|2830983252|gb|CP170844.1|	85.263	95	11	2	15	107	4083423	4083330	6.06e-15	95.3	573	N/A
72_8_1286_40013_26284/1	gi|685042161|emb|LN590686.1|	94.231	52	0	3	5	54	20813821	20813871	2.20e-09	76.8	7962	N/A
72_8_1286_40013_26284/1	gi|685042161|emb|LN590686.1|	93.617	47	0	3	11	54	6380189	6380235	1.32e-06	67.6	7962	N/A
72_8_1286_40013_26284/1	gi|685042161|emb|LN590686.1|	95.238	42	0	2	15	54	4545831	4545872	4.75e-06	65.8	7962	N/A
72_8_1286_40013_26284/1	gi|685042161|emb|LN590686.1|	95.238	42	0	2	15	54	12304839	12304798	4.75e-06	65.8	7962	N/A
72_8_1286_40013_26284/1	gi|685042161|emb|LN590686.1|	95.238	42	0	2	15	54	17091846	17091887	4.75e-06	65.8	7962	N/A
72_8_1286_40013_26284/1	gi|685042161|emb|LN590686.1|	95.238	42	0	2	15	54	28125760	28125801	4.75e-06	65.8	7962	N/A
72_8_1286_40013_26284/1	gi|685042161|emb|LN590686.1|	94.872	39	0	2	18	54	12436830	12436868	2.21e-04	60.2	7962	N/A
72_8_1286_40013_26284/1	gi|2557643774|emb|OY673254.1|	95.652	46	2	0	15	60	21732	21777	7.90e-09	75.0	2697049	N/A
72_8_1286_40013_26284/1	gi|2463378371|dbj|AP027461.1|	95.652	46	2	0	15	60	1299632	1299677	7.90e-09	75.0	511145	N/A
72_8_1286_40013_26284/1	gi|2463378371|dbj|AP027461.1|	95.652	46	2	0	15	60	1628404	1628359	7.90e-09	75.0	511145	N/A
72_8_1330_12669_4558/1	gi|2978724457|gb|PV611058.1|	89.516	124	9	3	17	137	295321	295443	9.86e-33	154	3421660	N/A
72_8_1330_12669_4558/1	gi|2978724457|gb|PV611058.1|	91.667	60	1	3	17	73	295784	295842	1.70e-10	80.5	3421660	N/A
72_8_1330_12669_4558/1	gi|2830983252|gb|CP170844.1|	88.421	95	8	2	17	109	4083423	4083330	6.02e-20	111	573	N/A
72_8_1330_12669_4558/1	gi|2557643774|emb|OY673254.1|	95.652	46	2	0	17	62	21732	21777	7.90e-09	75.0	2697049	N/A
72_8_1330_12669_4558/1	gi|2463378371|dbj|AP027461.1|	95.652	46	2	0	17	62	1299632	1299677	7.90e-09	75.0	511145	N/A
72_8_1330_12669_4558/1	gi|2463378371|dbj|AP027461.1|	95.652	46	2	0	17	62	1628404	1628359	7.90e-09	75.0	511145	N/A
72_8_1330_12669_4558/1	gi|2755084441|gb|PP943425.1|	81.522	92	13	4	17	106	67825	67736	2.84e-08	73.1	10258	N/A
72_8_1330_12669_4558/1	gi|2755084441|gb|PP943425.1|	93.478	46	1	2	17	61	67591	67635	1.32e-06	67.6	10258	N/A
72_8_1446_20187_26116/1	gi|2978724457|gb|PV611058.1|	94.488	127	1	4	10	133	295321	295444	7.51e-44	191	3421660	N/A
72_8_1446_20187_26116/1	gi|2978724457|gb|PV611058.1|	91.667	60	1	3	10	66	295784	295842	1.70e-10	80.5	3421660	N/A
72_8_1446_20187_26116/1	gi|2830983252|gb|CP170844.1|	84.043	94	12	2	10	100	4083423	4083330	1.01e-12	87.9	573	N/A
72_8_1446_20187_26116/1	gi|2463378371|dbj|AP027461.1|	92.593	54	3	1	3	55	1299624	1299677	2.20e-09	76.8	511145	N/A
72_8_1446_20187_26116/1	gi|2463378371|dbj|AP027461.1|	95.652	46	2	0	10	55	1628404	1628359	7.90e-09	75.0	511145	N/A
72_8_1446_20187_26116/1	gi|2557643774|emb|OY673254.1|	95.652	46	2	0	10	55	21732	21777	7.90e-09	75.0	2697049	N/A
72_8_1446_20187_26116/1	gi|2924925013|gb|PQ571295.1|	97.561	41	1	0	4	44	223	263	1.02e-07	71.3	3385244	N/A
72_8_1207_14336_26606/1	gi|2978724457|gb|PV611058.1|	96.000	125	1	3	11	132	295321	295444	1.25e-46	200	3421660	N/A
72_8_1207_14336_26606/1	gi|2978724457|gb|PV611058.1|	91.667	60	1	3	11	67	295784	295842	1.70e-10	80.5	3421660	N/A
72_8_1207_14336_26606/1	gi|2557643774|emb|OY673254.1|	95.652	46	2	0	11	56	21732	21777	7.90e-09	75.0	2697049	N/A
72_8_1207_14336_26606/1	gi|2557638192|emb|OY694677.1|	91.228	57	2	3	1	56	4292	4346	7.90e-09	75.0	2697049	N/A
72_8_1207_14336_26606/1	gi|2463378371|dbj|AP027461.1|	95.652	46	2	0	11	56	1299632	1299677	7.90e-09	75.0	511145	N/A
72_8_1207_14336_26606/1	gi|2463378371|dbj|AP027461.1|	95.652	46	2	0	11	56	1628404	1628359	7.90e-09	75.0	511145	N/A
72_8_1207_14336_26606/1	gi|2830983252|gb|CP170844.1|	82.105	95	5	2	10	92	4083424	4083330	1.02e-07	71.3	573	N/A
72_8_1429_37472_11744/1	gi|2978724457|gb|PV611058.1|	92.248	129	4	5	12	137	295319	295444	5.85e-40	178	3421660	N/A
72_8_1429_37472_11744/1	gi|2978724457|gb|PV611058.1|	92.063	63	1	3	12	71	295782	295843	3.65e-12	86.1	3421660	N/A
72_8_1429_37472_11744/1	gi|2830983252|gb|CP170844.1|	87.234	94	9	2	14	104	4083423	4083330	1.01e-17	104	573	N/A
72_8_1429_37472_11744/1	gi|2557643774|emb|OY673254.1|	92.593	54	3	1	7	59	21724	21777	2.20e-09	76.8	2697049	N/A
72_8_1429_37472_11744/1	gi|2560250289|emb|OY708460.1|	94.000	50	1	2	11	59	6487	6535	7.90e-09	75.0	2697049	N/A
72_8_1429_37472_11744/1	gi|2463378371|dbj|AP027461.1|	95.652	46	2	0	14	59	1299632	1299677	7.90e-09	75.0	511145	N/A
72_8_1429_37472_11744/1	gi|2463378371|dbj|AP027461.1|	95.652	46	2	0	14	59	1628404	1628359	7.90e-09	75.0	511145	N/A
72_8_1261_34696_14924/1	gi|2978724457|gb|PV611058.1|	92.969	128	1	5	2	126	295322	295444	1.63e-40	180	3421660	N/A
72_8_1261_34696_14924/1	gi|2978724457|gb|PV611058.1|	91.525	59	1	3	2	57	295785	295842	6.10e-10	78.7	3421660	N/A
72_8_1261_34696_14924/1	gi|2830983252|gb|CP170844.1|	86.022	93	9	2	2	90	4083422	4083330	1.69e-15	97.1	573	N/A
72_8_1261_34696_14924/1	gi|2557643774|emb|OY673254.1|	95.556	45	2	0	2	46	21733	21777	2.84e-08	73.1	2697049	N/A
72_8_1261_34696_14924/1	gi|2463378371|dbj|AP027461.1|	95.556	45	2	0	2	46	1299633	1299677	2.84e-08	73.1	511145	N/A
72_8_1261_34696_14924/1	gi|2463378371|dbj|AP027461.1|	95.556	45	2	0	2	46	1628403	1628359	2.84e-08	73.1	511145	N/A
72_8_1261_34696_14924/1	gi|2755084441|gb|PP943425.1|	93.478	46	1	2	2	46	67824	67780	1.32e-06	67.6	10258	N/A
72_8_1261_34696_14924/1	gi|2755084441|gb|PP943425.1|	93.333	45	1	2	2	45	67592	67635	4.75e-06	65.8	10258	N/A
72_8_2109_8315_29492/1	gi|2978724457|gb|PV611058.1|	87.681	138	6	5	3	137	295315	295444	1.28e-31	150	3421660	N/A
72_8_2109_8315_29492/1	gi|2978724457|gb|PV611058.1|	89.706	68	2	4	3	67	295778	295843	4.72e-11	82.4	3421660	N/A
72_8_2109_8315_29492/1	gi|2830983252|gb|CP170844.1|	84.536	97	10	4	9	103	4083423	4083330	7.84e-14	91.6	573	N/A
72_8_2109_8315_29492/1	gi|2755084441|gb|PP943425.1|	84.043	94	8	6	9	99	67825	67736	1.31e-11	84.2	10258	N/A
72_8_2109_8315_29492/1	gi|2755084441|gb|PP943425.1|	92.000	50	1	3	5	53	67588	67635	1.32e-06	67.6	10258	N/A
72_8_2109_8315_29492/1	gi|2557643774|emb|OY673254.1|	95.652	46	2	0	9	54	21732	21777	7.90e-09	75.0	2697049	N/A
72_8_2109_8315_29492/1	gi|2463378371|dbj|AP027461.1|	95.652	46	2	0	9	54	1299632	1299677	7.90e-09	75.0	511145	N/A
72_8_2109_8315_29492/1	gi|2463378371|dbj|AP027461.1|	95.652	46	2	0	9	54	1628404	1628359	7.90e-09	75.0	511145	N/A
72_8_2438_7854_1434/1	gi|2557638192|emb|OY694677.1|	92.308	39	1	2	2	39	4309	4346	0.010	54.7	2697049	N/A
72_8_2438_7854_1434/1	gi|2165834303|emb|OV196009.1|	92.105	38	3	0	2	39	107	70	0.010	54.7	2697049	N/A
72_8_2438_7854_1434/1	gi|2165834303|emb|OV196009.1|	96.875	32	1	0	2	33	29920	29951	0.010	54.7	2697049	N/A
72_8_2438_7854_1434/1	gi|2155043183|emb|OV015804.1|	100.000	29	0	0	2	30	29939	29911	0.010	54.7	2697049	N/A
72_8_2438_7854_1434/1	gi|2991388636|dbj|AP040949.1|	100.000	28	0	0	2	29	3527646	3527673	0.037	52.8	573	N/A
72_8_2438_7854_1434/1	gi|2991388621|dbj|AP040934.1|	100.000	28	0	0	2	29	146957	146984	0.037	52.8	562	N/A
72_8_2438_7854_1434/1	gi|2991388621|dbj|AP040934.1|	100.000	28	0	0	2	29	4900942	4900915	0.037	52.8	562	N/A
72_8_1484_32406_2079/1	gi|2978724457|gb|PV611058.1|	90.551	127	3	6	14	137	295324	295444	2.12e-34	159	3421660	N/A
72_8_1484_32406_2079/1	gi|2978724457|gb|PV611058.1|	89.474	57	2	3	14	67	295787	295842	3.67e-07	69.4	3421660	N/A
72_8_1484_32406_2079/1	gi|2830983252|gb|CP170844.1|	85.393	89	10	2	17	103	4083417	4083330	2.82e-13	89.8	573	N/A
72_8_1484_32406_2079/1	gi|2557643774|emb|OY673254.1|	93.023	43	3	0	14	56	21735	21777	1.71e-05	63.9	2697049	N/A
72_8_1484_32406_2079/1	gi|2463378371|dbj|AP027461.1|	93.023	43	3	0	14	56	1299635	1299677	1.71e-05	63.9	511145	N/A
72_8_1484_32406_2079/1	gi|2463378371|dbj|AP027461.1|	95.000	40	2	0	17	56	1628398	1628359	1.71e-05	63.9	511145	N/A
72_8_1484_32406_2079/1	gi|685042162|emb|LN590687.1|	92.857	42	1	2	11	50	15537182	15537223	2.21e-04	60.2	7962	N/A
72_8_1484_32406_2079/1	gi|685042162|emb|LN590687.1|	96.875	32	1	0	14	45	6550511	6550542	0.010	54.7	7962	N/A
72_8_1484_32406_2079/1	gi|685042162|emb|LN590687.1|	92.308	39	1	2	14	50	8068434	8068472	0.010	54.7	7962	N/A
72_8_1484_32406_2079/1	gi|685042162|emb|LN590687.1|	94.444	36	0	2	17	50	10908036	10908001	0.010	54.7	7962	N/A
72_8_1484_32406_2079/1	gi|685042162|emb|LN590687.1|	100.000	29	0	0	17	45	13500788	13500760	0.010	54.7	7962	N/A
72_8_1484_32406_2079/1	gi|685042162|emb|LN590687.1|	92.308	39	1	2	14	50	15036901	15036939	0.010	54.7	7962	N/A
72_8_2447_33450_27279/1	gi|2978724457|gb|PV611058.1|	92.969	128	3	5	13	137	295320	295444	4.52e-41	182	3421660	N/A
72_8_2447_33450_27279/1	gi|2978724457|gb|PV611058.1|	91.803	61	1	3	13	70	295783	295842	4.72e-11	82.4	3421660	N/A
72_8_2447_33450_27279/1	gi|2830983252|gb|CP170844.1|	86.170	94	11	1	14	105	4083423	4083330	1.30e-16	100	573	N/A
72_8_2447_33450_27279/1	gi|685042175|emb|LN590700.1|	94.231	52	1	2	5	54	14033950	14033899	6.10e-10	78.7	7962	N/A
72_8_2447_33450_27279/1	gi|685042175|emb|LN590700.1|	95.238	42	0	2	14	53	15778538	15778579	4.75e-06	65.8	7962	N/A
72_8_2447_33450_27279/1	gi|685042185|emb|LN590710.1|	97.727	44	1	0	4	47	9162079	9162122	2.20e-09	76.8	7962	N/A
72_8_2447_33450_27279/1	gi|685042185|emb|LN590710.1|	95.349	43	0	2	13	53	3790453	3790411	1.32e-06	67.6	7962	N/A
72_8_2447_33450_27279/1	gi|685042185|emb|LN590710.1|	95.349	43	0	2	13	53	6008693	6008735	1.32e-06	67.6	7962	N/A
72_8_2447_33450_27279/1	gi|685042185|emb|LN590710.1|	95.349	43	0	2	13	53	10218502	10218544	1.32e-06	67.6	7962	N/A
72_8_2447_33450_27279/1	gi|2557643774|emb|OY673254.1|	95.652	46	2	0	14	59	21732	21777	7.90e-09	75.0	2697049	N/A
72_8_2101_47174_22460/1	gi|2978724457|gb|PV611058.1|	89.600	125	9	3	16	137	295321	295444	2.74e-33	156	3421660	N/A
72_8_2101_47174_22460/1	gi|2978724457|gb|PV611058.1|	90.323	62	2	3	16	74	295784	295844	6.10e-10	78.7	3421660	N/A
72_8_2101_47174_22460/1	gi|2830983252|gb|CP170844.1|	86.316	95	10	2	16	108	4083423	4083330	1.30e-16	100	573	N/A
72_8_2101_47174_22460/1	gi|2524352013|emb|OY072335.1|	95.918	49	1	1	1	49	21644	21691	6.10e-10	78.7	2697049	N/A
72_8_2101_47174_22460/1	gi|2557643774|emb|OY673254.1|	95.652	46	2	0	16	61	21732	21777	7.90e-09	75.0	2697049	N/A
72_8_2101_47174_22460/1	gi|2463378371|dbj|AP027461.1|	95.652	46	2	0	16	61	1299632	1299677	7.90e-09	75.0	511145	N/A
72_8_2101_47174_22460/1	gi|2463378371|dbj|AP027461.1|	95.652	46	2	0	16	61	1628404	1628359	7.90e-09	75.0	511145	N/A
72_8_1141_24929_9811/1	gi|2978724457|gb|PV611058.1|	93.651	126	4	3	15	137	295320	295444	3.50e-42	185	3421660	N/A
72_8_1141_24929_9811/1	gi|2978724457|gb|PV611058.1|	91.803	61	1	3	15	72	295783	295842	4.72e-11	82.4	3421660	N/A
72_8_1141_24929_9811/1	gi|2830983252|gb|CP170844.1|	85.106	94	11	2	16	106	4083423	4083330	2.18e-14	93.5	573	N/A
72_8_1141_24929_9811/1	gi|2557643774|emb|OY673254.1|	95.652	46	2	0	16	61	21732	21777	7.90e-09	75.0	2697049	N/A
72_8_1141_24929_9811/1	gi|2557638192|emb|OY694677.1|	91.228	57	2	3	6	61	4292	4346	7.90e-09	75.0	2697049	N/A
72_8_1141_24929_9811/1	gi|2463378371|dbj|AP027461.1|	95.652	46	2	0	16	61	1299632	1299677	7.90e-09	75.0	511145	N/A
72_8_1141_24929_9811/1	gi|2463378371|dbj|AP027461.1|	95.652	46	2	0	16	61	1628404	1628359	7.90e-09	75.0	511145	N/A
72_8_1462_48016_1476/1	gi|2978724457|gb|PV611058.1|	92.857	126	4	4	15	137	295321	295444	5.85e-40	178	3421660	N/A
72_8_1462_48016_1476/1	gi|2978724457|gb|PV611058.1|	91.667	60	1	3	15	71	295784	295842	1.70e-10	80.5	3421660	N/A
72_8_1462_48016_1476/1	gi|2830983252|gb|CP170844.1|	84.211	95	12	2	15	107	4083423	4083330	2.82e-13	89.8	573	N/A
72_8_1462_48016_1476/1	gi|685042185|emb|LN590710.1|	97.778	45	1	0	4	48	9162078	9162122	6.10e-10	78.7	7962	N/A
72_8_1462_48016_1476/1	gi|685042185|emb|LN590710.1|	95.238	42	0	2	15	54	3790452	3790411	4.75e-06	65.8	7962	N/A
72_8_1462_48016_1476/1	gi|685042185|emb|LN590710.1|	95.238	42	0	2	15	54	6008694	6008735	4.75e-06	65.8	7962	N/A
72_8_1462_48016_1476/1	gi|685042185|emb|LN590710.1|	95.238	42	0	2	15	54	10218503	10218544	4.75e-06	65.8	7962	N/A
72_8_1462_48016_1476/1	gi|2557643774|emb|OY673254.1|	95.652	46	2	0	15	60	21732	21777	7.90e-09	75.0	2697049	N/A
72_8_1462_48016_1476/1	gi|2463378371|dbj|AP027461.1|	95.652	46	2	0	15	60	1299632	1299677	7.90e-09	75.0	511145	N/A
72_8_1462_48016_1476/1	gi|2463378371|dbj|AP027461.1|	95.652	46	2	0	15	60	1628404	1628359	7.90e-09	75.0	511145	N/A
72_8_2165_40668_11478/1	gi|2978724457|gb|PV611058.1|	90.323	124	7	4	17	137	295323	295444	7.62e-34	158	3421660	N/A
72_8_2165_40668_11478/1	gi|2978724457|gb|PV611058.1|	91.525	59	1	3	17	72	295786	295843	6.10e-10	78.7	3421660	N/A
72_8_2165_40668_11478/1	gi|2830983252|gb|CP170844.1|	87.097	93	9	2	17	107	4083421	4083330	3.62e-17	102	573	N/A
72_8_2165_40668_11478/1	gi|685042206|emb|LN590731.1|	93.878	49	1	2	9	55	347604	347652	2.84e-08	73.1	7962	N/A
72_8_2165_40668_11478/1	gi|2557643774|emb|OY673254.1|	90.741	54	4	1	8	60	21724	21777	1.02e-07	71.3	2697049	N/A
72_8_2165_40668_11478/1	gi|2463378371|dbj|AP027461.1|	95.455	44	2	0	17	60	1299634	1299677	1.02e-07	71.3	511145	N/A
72_8_2165_40668_11478/1	gi|2463378371|dbj|AP027461.1|	95.455	44	2	0	17	60	1628402	1628359	1.02e-07	71.3	511145	N/A
72_8_2215_20842_7556/1	gi|2978724457|gb|PV611058.1|	88.976	127	9	4	14	137	295320	295444	3.55e-32	152	3421660	N/A
72_8_2215_20842_7556/1	gi|2978724457|gb|PV611058.1|	91.667	60	1	3	14	70	295783	295841	1.70e-10	80.5	3421660	N/A
72_8_2215_20842_7556/1	gi|2830983252|gb|CP170844.1|	88.421	95	8	2	15	107	4083423	4083330	6.02e-20	111	573	N/A
72_8_2215_20842_7556/1	gi|685047827|emb|LN596339.1|	96.000	50	0	2	7	54	601778	601827	1.70e-10	80.5	7962	N/A
72_8_2215_20842_7556/1	gi|685042185|emb|LN590710.1|	95.833	48	0	2	9	54	10218497	10218544	2.20e-09	76.8	7962	N/A
72_8_2215_20842_7556/1	gi|685042185|emb|LN590710.1|	95.556	45	0	2	12	54	3790455	3790411	1.02e-07	71.3	7962	N/A
72_8_2215_20842_7556/1	gi|685042185|emb|LN590710.1|	95.556	45	0	2	12	54	6008691	6008735	1.02e-07	71.3	7962	N/A
72_8_2215_20842_7556/1	gi|685042185|emb|LN590710.1|	93.478	46	1	2	4	48	9162078	9162122	1.32e-06	67.6	7962	N/A
72_8_2215_20842_7556/1	gi|2557643774|emb|OY673254.1|	95.652	46	2	0	15	60	21732	21777	7.90e-09	75.0	2697049	N/A
72_8_1282_50759_17851/1	gi|2978724457|gb|PV611058.1|	92.857	126	6	3	14	137	295320	295444	1.63e-40	180	3421660	N/A
72_8_1282_50759_17851/1	gi|2978724457|gb|PV611058.1|	91.667	60	3	2	14	71	295783	295842	4.72e-11	82.4	3421660	N/A
72_8_1282_50759_17851/1	gi|2830983252|gb|CP170844.1|	84.211	95	12	2	15	107	4083423	4083330	2.82e-13	89.8	573	N/A
72_8_1282_50759_17851/1	gi|685042188|emb|LN590713.1|	94.231	52	3	0	1	52	7120034	7120085	1.70e-10	80.5	7962	N/A
72_8_1282_50759_17851/1	gi|685042188|emb|LN590713.1|	100.000	30	0	0	15	44	16189618	16189589	0.003	56.5	7962	N/A
72_8_1282_50759_17851/1	gi|2557643774|emb|OY673254.1|	92.593	54	3	1	8	60	21724	21777	2.20e-09	76.8	2697049	N/A
72_8_1282_50759_17851/1	gi|2676815380|gb|CP144850.1|	100.000	39	0	0	10	48	129812	129850	2.84e-08	73.1	2608262	N/A
72_8_2447_47935_11394/1	gi|2978724457|gb|PV611058.1|	89.764	127	8	4	14	137	295320	295444	7.62e-34	158	3421660	N/A
72_8_2447_47935_11394/1	gi|2978724457|gb|PV611058.1|	91.935	62	1	3	14	72	295783	295843	1.31e-11	84.2	3421660	N/A
72_8_2447_47935_11394/1	gi|2830983252|gb|CP170844.1|	88.421	95	8	2	15	107	4083423	4083330	6.02e-20	111	573	N/A
72_8_2447_47935_11394/1	gi|2557643774|emb|OY673254.1|	92.593	54	3	1	8	60	21724	21777	2.20e-09	76.8	2697049	N/A
72_8_2447_47935_11394/1	gi|2463378371|dbj|AP027461.1|	95.652	46	2	0	15	60	1299632	1299677	7.90e-09	75.0	511145	N/A
72_8_2447_47935_11394/1	gi|2463378371|dbj|AP027461.1|	95.652	46	2	0	15	60	1628404	1628359	7.90e-09	75.0	511145	N/A
72_8_2447_47935_11394/1	gi|2755084441|gb|PP943425.1|	81.720	93	11	5	15	104	67825	67736	2.84e-08	73.1	10258	N/A
72_8_2447_47935_11394/1	gi|2755084441|gb|PP943425.1|	92.000	50	2	2	11	59	67587	67635	3.67e-07	69.4	10258	N/A
72_8_2126_25536_11590/1	gi|2978724457|gb|PV611058.1|	90.076	131	1	5	3	130	295323	295444	2.12e-34	159	3421660	N/A
72_8_2126_25536_11590/1	gi|2978724457|gb|PV611058.1|	91.525	59	1	3	3	58	295786	295843	6.10e-10	78.7	3421660	N/A
72_8_2126_25536_11590/1	gi|2830983252|gb|CP170844.1|	90.217	92	7	1	3	92	4083421	4083330	3.60e-22	119	573	N/A
72_8_2126_25536_11590/1	gi|2557643774|emb|OY673254.1|	95.455	44	2	0	3	46	21734	21777	1.02e-07	71.3	2697049	N/A
72_8_2126_25536_11590/1	gi|2463378371|dbj|AP027461.1|	95.455	44	2	0	3	46	1299634	1299677	1.02e-07	71.3	511145	N/A
72_8_2126_25536_11590/1	gi|2463378371|dbj|AP027461.1|	95.455	44	2	0	3	46	1628402	1628359	1.02e-07	71.3	511145	N/A
72_8_2126_25536_11590/1	gi|2991388621|dbj|AP040934.1|	100.000	35	0	0	2	36	4900949	4900915	4.75e-06	65.8	562	N/A
72_8_2126_25536_11590/1	gi|2991388621|dbj|AP040934.1|	100.000	34	0	0	3	36	146951	146984	1.71e-05	63.9	562	N/A
72_8_2158_23585_6225/1	gi|2978724457|gb|PV611058.1|	88.095	126	10	4	15	137	295321	295444	5.93e-30	145	3421660	N/A
72_8_2158_23585_6225/1	gi|2978724457|gb|PV611058.1|	91.379	58	1	3	15	69	295784	295840	2.20e-09	76.8	3421660	N/A
72_8_2158_23585_6225/1	gi|2830983252|gb|CP170844.1|	89.583	96	6	3	15	108	4083423	4083330	3.60e-22	119	573	N/A
72_8_2158_23585_6225/1	gi|2557643774|emb|OY673254.1|	95.652	46	2	0	15	60	21732	21777	7.90e-09	75.0	2697049	N/A
72_8_2158_23585_6225/1	gi|2463378371|dbj|AP027461.1|	95.652	46	2	0	15	60	1299632	1299677	7.90e-09	75.0	511145	N/A
72_8_2158_23585_6225/1	gi|2463378371|dbj|AP027461.1|	95.652	46	2	0	15	60	1628404	1628359	7.90e-09	75.0	511145	N/A
72_8_2158_23585_6225/1	gi|2524352013|emb|OY072335.1|	93.750	48	3	0	1	48	21644	21691	2.84e-08	73.1	2697049	N/A
72_8_1465_25762_1392/1	gi|2978724457|gb|PV611058.1|	90.551	127	6	5	14	137	295321	295444	1.64e-35	163	3421660	N/A
72_8_1465_25762_1392/1	gi|2978724457|gb|PV611058.1|	91.803	61	1	3	14	71	295784	295843	4.72e-11	82.4	3421660	N/A
72_8_1465_25762_1392/1	gi|2830983252|gb|CP170844.1|	87.368	95	9	2	14	106	4083423	4083330	2.80e-18	106	573	N/A
72_8_1465_25762_1392/1	gi|2557643774|emb|OY673254.1|	89.831	59	5	1	2	59	21719	21777	7.90e-09	75.0	2697049	N/A
72_8_1465_25762_1392/1	gi|2557638192|emb|OY694677.1|	91.228	57	2	3	4	59	4292	4346	7.90e-09	75.0	2697049	N/A
72_8_1465_25762_1392/1	gi|2463378371|dbj|AP027461.1|	95.652	46	2	0	14	59	1299632	1299677	7.90e-09	75.0	511145	N/A
72_8_1465_25762_1392/1	gi|2463378371|dbj|AP027461.1|	95.652	46	2	0	14	59	1628404	1628359	7.90e-09	75.0	511145	N/A
72_8_2109_15954_25009/1	gi|2978724457|gb|PV611058.1|	87.681	138	6	5	3	137	295315	295444	1.28e-31	150	3421660	N/A
72_8_2109_15954_25009/1	gi|2978724457|gb|PV611058.1|	89.231	65	3	3	3	64	295778	295841	6.10e-10	78.7	3421660	N/A
72_8_2109_15954_25009/1	gi|2830983252|gb|CP170844.1|	87.629	97	6	5	9	102	4083423	4083330	7.78e-19	108	573	N/A
72_8_2109_15954_25009/1	gi|2165834303|emb|OV196009.1|	95.652	46	2	0	9	54	115	70	7.90e-09	75.0	2697049	N/A
72_8_2109_15954_25009/1	gi|2165834303|emb|OV196009.1|	100.000	40	0	0	9	48	29912	29951	7.90e-09	75.0	2697049	N/A
72_8_2109_15954_25009/1	gi|2560271083|emb|OY714119.1|	93.750	48	3	0	7	54	4299	4346	2.84e-08	73.1	2697049	N/A
72_8_2109_15954_25009/1	gi|2557638192|emb|OY694677.1|	100.000	39	0	0	7	45	4299	4337	2.84e-08	73.1	2697049	N/A
72_8_1216_33952_16997/1	gi|2978724457|gb|PV611058.1|	92.913	127	3	5	14	137	295321	295444	1.63e-40	180	3421660	N/A
72_8_1216_33952_16997/1	gi|2978724457|gb|PV611058.1|	91.667	60	1	3	14	70	295784	295842	1.70e-10	80.5	3421660	N/A
72_8_1216_33952_16997/1	gi|2830983252|gb|CP170844.1|	86.458	96	10	2	12	104	4083425	4083330	3.62e-17	102	573	N/A
72_8_1216_33952_16997/1	gi|2557643774|emb|OY673254.1|	95.652	46	2	0	14	59	21732	21777	7.90e-09	75.0	2697049	N/A
72_8_1216_33952_16997/1	gi|2463378371|dbj|AP027461.1|	95.652	46	2	0	14	59	1299632	1299677	7.90e-09	75.0	511145	N/A
72_8_1216_33952_16997/1	gi|2463378371|dbj|AP027461.1|	95.652	46	2	0	14	59	1628404	1628359	7.90e-09	75.0	511145	N/A
72_8_1216_33952_16997/1	gi|2165836832|emb|OV197136.1|	92.593	54	1	3	7	59	122	71	7.90e-09	75.0	2697049	N/A
72_8_1408_46341_23118/1	gi|2155043183|emb|OV015804.1|	100.000	28	0	0	7	34	29938	29911	0.037	52.8	2697049	N/A
72_8_1347_19960_10203/1	gi|2978724457|gb|PV611058.1|	91.339	127	5	4	14	137	295321	295444	3.52e-37	169	3421660	N/A
72_8_1347_19960_10203/1	gi|2978724457|gb|PV611058.1|	91.667	60	1	3	14	70	295784	295842	1.70e-10	80.5	3421660	N/A
72_8_1347_19960_10203/1	gi|2830983252|gb|CP170844.1|	86.316	95	10	2	14	106	4083423	4083330	1.30e-16	100	573	N/A
72_8_1347_19960_10203/1	gi|2524352013|emb|OY072335.1|	100.000	45	0	0	3	47	21647	21691	1.31e-11	84.2	2697049	N/A
72_8_1347_19960_10203/1	gi|685042185|emb|LN590710.1|	97.727	44	1	0	4	47	9162079	9162122	2.20e-09	76.8	7962	N/A
72_8_1347_19960_10203/1	gi|685042185|emb|LN590710.1|	95.238	42	0	2	14	53	3790452	3790411	4.75e-06	65.8	7962	N/A
72_8_1347_19960_10203/1	gi|685042185|emb|LN590710.1|	95.238	42	0	2	14	53	6008694	6008735	4.75e-06	65.8	7962	N/A
72_8_1347_19960_10203/1	gi|685042185|emb|LN590710.1|	95.238	42	0	2	14	53	10218503	10218544	4.75e-06	65.8	7962	N/A
72_8_1347_19960_10203/1	gi|2755084441|gb|PP943425.1|	81.522	92	13	4	14	103	67825	67736	2.84e-08	73.1	10258	N/A
72_8_1347_19960_10203/1	gi|2755084441|gb|PP943425.1|	93.478	46	1	2	14	58	67591	67635	1.32e-06	67.6	10258	N/A
72_8_2109_13041_17725/1	gi|2978724457|gb|PV611058.1|	90.000	130	1	6	1	127	295324	295444	7.62e-34	158	3421660	N/A
72_8_2109_13041_17725/1	gi|2978724457|gb|PV611058.1|	91.228	57	1	3	1	54	295787	295842	7.90e-09	75.0	3421660	N/A
72_8_2109_13041_17725/1	gi|2830983252|gb|CP170844.1|	88.043	92	8	2	1	90	4083420	4083330	2.80e-18	106	573	N/A
72_8_2109_13041_17725/1	gi|2557643774|emb|OY673254.1|	95.349	43	2	0	1	43	21735	21777	3.67e-07	69.4	2697049	N/A
72_8_2109_13041_17725/1	gi|2463378371|dbj|AP027461.1|	95.349	43	2	0	1	43	1299635	1299677	3.67e-07	69.4	511145	N/A
72_8_2109_13041_17725/1	gi|2463378371|dbj|AP027461.1|	95.349	43	2	0	1	43	1628401	1628359	3.67e-07	69.4	511145	N/A
72_8_2109_13041_17725/1	gi|2755084441|gb|PP943425.1|	93.182	44	1	2	1	43	67822	67780	1.71e-05	63.9	10258	N/A
72_8_2109_13041_17725/1	gi|2755084441|gb|PP943425.1|	93.023	43	1	2	1	42	67594	67635	6.15e-05	62.1	10258	N/A
72_8_1405_16092_26956/1	gi|2978724457|gb|PV611058.1|	92.188	128	4	5	13	137	295320	295444	2.10e-39	176	3421660	N/A
72_8_1405_16092_26956/1	gi|2978724457|gb|PV611058.1|	91.667	60	1	3	13	69	295783	295841	1.70e-10	80.5	3421660	N/A
72_8_1405_16092_26956/1	gi|2830983252|gb|CP170844.1|	86.170	94	10	2	14	104	4083423	4083330	4.68e-16	99.0	573	N/A
72_8_1405_16092_26956/1	gi|685049950|emb|LN598462.1|	95.833	48	0	2	8	53	1938274	1938321	2.20e-09	76.8	7962	N/A
72_8_1405_16092_26956/1	gi|2557643774|emb|OY673254.1|	95.652	46	2	0	14	59	21732	21777	7.90e-09	75.0	2697049	N/A
72_8_1405_16092_26956/1	gi|2463378371|dbj|AP027461.1|	95.652	46	2	0	14	59	1299632	1299677	7.90e-09	75.0	511145	N/A
72_8_1405_16092_26956/1	gi|2463378371|dbj|AP027461.1|	95.652	46	2	0	14	59	1628404	1628359	7.90e-09	75.0	511145	N/A
72_8_1208_38079_3689/1	gi|2991388636|dbj|AP040949.1|	100.000	34	0	0	2	35	3575292	3575259	1.71e-05	63.9	573	N/A
72_8_2371_1850_19840/1	gi|2978724457|gb|PV611058.1|	87.200	125	9	4	16	137	295324	295444	3.57e-27	135	3421660	N/A
72_8_2371_1850_19840/1	gi|2978724457|gb|PV611058.1|	90.625	64	2	3	16	76	295787	295849	4.72e-11	82.4	3421660	N/A
72_8_2371_1850_19840/1	gi|2830983252|gb|CP170844.1|	90.217	92	6	2	16	105	4083420	4083330	1.29e-21	117	573	N/A
72_8_2371_1850_19840/1	gi|2557643774|emb|OY673254.1|	95.349	43	2	0	16	58	21735	21777	3.67e-07	69.4	2697049	N/A
72_8_2371_1850_19840/1	gi|2463378371|dbj|AP027461.1|	95.349	43	2	0	16	58	1299635	1299677	3.67e-07	69.4	511145	N/A
72_8_2371_1850_19840/1	gi|2463378371|dbj|AP027461.1|	95.349	43	2	0	16	58	1628401	1628359	3.67e-07	69.4	511145	N/A
72_8_2371_1850_19840/1	gi|2755084441|gb|PP943425.1|	80.682	88	15	2	16	102	67822	67736	1.32e-06	67.6	10258	N/A
72_8_2371_1850_19840/1	gi|2755084441|gb|PP943425.1|	93.023	43	1	2	16	57	67594	67635	6.15e-05	62.1	10258	N/A
72_8_2340_45588_28203/1	gi|2978724457|gb|PV611058.1|	87.629	97	8	3	44	137	295321	295416	2.16e-19	110	3421660	N/A
72_8_2340_45588_28203/1	gi|2978724457|gb|PV611058.1|	90.164	61	1	4	44	101	295784	295842	7.90e-09	75.0	3421660	N/A
72_8_2340_45588_28203/1	gi|2830983252|gb|CP170844.1|	87.234	94	9	2	44	134	4083423	4083330	1.01e-17	104	573	N/A
72_8_2340_45588_28203/1	gi|2557643774|emb|OY673254.1|	95.652	46	2	0	44	89	21732	21777	7.90e-09	75.0	2697049	N/A
72_8_2340_45588_28203/1	gi|2463378371|dbj|AP027461.1|	95.652	46	2	0	44	89	1299632	1299677	7.90e-09	75.0	511145	N/A
72_8_2340_45588_28203/1	gi|2463378371|dbj|AP027461.1|	95.652	46	2	0	44	89	1628404	1628359	7.90e-09	75.0	511145	N/A
72_8_2340_45588_28203/1	gi|2557648311|emb|OY677105.1|	97.674	43	0	1	37	78	9636	9678	2.84e-08	73.1	2697049	N/A
72_8_1211_29282_3984/1	gi|2978724457|gb|PV611058.1|	90.551	127	7	4	14	137	295320	295444	1.64e-35	163	3421660	N/A
72_8_1211_29282_3984/1	gi|2978724457|gb|PV611058.1|	91.803	61	1	3	14	71	295783	295842	4.72e-11	82.4	3421660	N/A
72_8_1211_29282_3984/1	gi|2830983252|gb|CP170844.1|	87.368	95	9	2	15	107	4083423	4083330	2.80e-18	106	573	N/A
72_8_1211_29282_3984/1	gi|2557643774|emb|OY673254.1|	95.652	46	2	0	15	60	21732	21777	7.90e-09	75.0	2697049	N/A
72_8_1211_29282_3984/1	gi|2463378371|dbj|AP027461.1|	93.878	49	3	0	12	60	1299629	1299677	7.90e-09	75.0	511145	N/A
72_8_1211_29282_3984/1	gi|2463378371|dbj|AP027461.1|	95.652	46	2	0	15	60	1628404	1628359	7.90e-09	75.0	511145	N/A
72_8_1211_29282_3984/1	gi|685047827|emb|LN596339.1|	94.000	50	1	2	7	54	601778	601827	7.90e-09	75.0	7962	N/A
72_8_1233_47247_18496/1	gi|2978724457|gb|PV611058.1|	89.231	130	8	4	11	137	295318	295444	7.62e-34	158	3421660	N/A
72_8_1233_47247_18496/1	gi|2978724457|gb|PV611058.1|	90.476	63	2	3	11	70	295781	295842	1.70e-10	80.5	3421660	N/A
72_8_1233_47247_18496/1	gi|2830983252|gb|CP170844.1|	84.536	97	10	3	14	108	4083423	4083330	7.84e-14	91.6	573	N/A
72_8_1233_47247_18496/1	gi|685046059|emb|LN594584.1|	94.231	52	1	2	4	53	7180	7129	6.10e-10	78.7	7962	N/A
72_8_1233_47247_18496/1	gi|685042189|emb|LN590714.1|	94.231	52	0	3	5	53	3608303	3608252	2.20e-09	76.8	7962	N/A
72_8_1233_47247_18496/1	gi|685042189|emb|LN590714.1|	97.727	44	1	0	4	47	6568388	6568431	2.20e-09	76.8	7962	N/A
72_8_1233_47247_18496/1	gi|685042189|emb|LN590714.1|	100.000	36	0	0	13	48	11523468	11523503	1.32e-06	67.6	7962	N/A
72_8_1233_47247_18496/1	gi|685042189|emb|LN590714.1|	95.238	42	0	2	14	53	7216113	7216072	4.75e-06	65.8	7962	N/A
72_8_1233_47247_18496/1	gi|2557643774|emb|OY673254.1|	95.652	46	2	0	14	59	21732	21777	7.90e-09	75.0	2697049	N/A
72_8_1305_6754_6841/1	gi|2978724457|gb|PV611058.1|	93.939	132	2	4	11	137	295314	295444	5.81e-45	195	3421660	N/A
72_8_1305_6754_6841/1	gi|2978724457|gb|PV611058.1|	89.552	67	1	4	11	72	295777	295842	1.70e-10	80.5	3421660	N/A
72_8_1305_6754_6841/1	gi|685042185|emb|LN590710.1|	100.000	42	0	0	8	49	9162081	9162122	6.10e-10	78.7	7962	N/A
72_8_1305_6754_6841/1	gi|685042185|emb|LN590710.1|	95.238	42	0	2	16	55	3790452	3790411	4.75e-06	65.8	7962	N/A
72_8_1305_6754_6841/1	gi|685042185|emb|LN590710.1|	95.238	42	0	2	16	55	6008694	6008735	4.75e-06	65.8	7962	N/A
72_8_1305_6754_6841/1	gi|685042185|emb|LN590710.1|	95.238	42	0	2	16	55	10218503	10218544	4.75e-06	65.8	7962	N/A
72_8_1305_6754_6841/1	gi|2557643774|emb|OY673254.1|	95.652	46	2	0	16	61	21732	21777	7.90e-09	75.0	2697049	N/A
72_8_1305_6754_6841/1	gi|2463378371|dbj|AP027461.1|	95.652	46	2	0	16	61	1299632	1299677	7.90e-09	75.0	511145	N/A
72_8_1305_6754_6841/1	gi|2463378371|dbj|AP027461.1|	95.652	46	2	0	16	61	1628404	1628359	7.90e-09	75.0	511145	N/A
72_8_1305_6754_6841/1	gi|685049916|emb|LN598428.1|	95.745	47	0	2	11	55	2460635	2460681	7.90e-09	75.0	7962	N/A
72_8_2365_5766_8410/1	gi|685049067|emb|LN597579.1|	97.500	40	0	1	9	47	1397	1436	1.32e-06	67.6	7962	N/A
72_8_2365_5766_8410/1	gi|685049565|emb|LN598077.1|	93.478	46	0	3	10	52	26370	26325	4.75e-06	65.8	7962	N/A
72_8_2365_5766_8410/1	gi|685045865|emb|LN594390.1|	93.478	46	0	3	10	52	110098	110053	4.75e-06	65.8	7962	N/A
72_8_2365_5766_8410/1	gi|685042443|emb|LN590968.1|	93.478	46	0	3	10	52	319424	319379	4.75e-06	65.8	7962	N/A
72_8_2365_5766_8410/1	gi|685042158|emb|LN590683.1|	93.478	46	0	3	10	52	7969833	7969878	4.75e-06	65.8	7962	N/A
72_8_2352_42295_16899/1	gi|2978724457|gb|PV611058.1|	93.651	126	3	4	15	137	295321	295444	1.26e-41	183	3421660	N/A
72_8_2352_42295_16899/1	gi|2978724457|gb|PV611058.1|	91.803	61	1	3	15	72	295784	295843	4.72e-11	82.4	3421660	N/A
72_8_2352_42295_16899/1	gi|2830983252|gb|CP170844.1|	85.106	94	12	1	15	106	4083423	4083330	6.06e-15	95.3	573	N/A
72_8_2352_42295_16899/1	gi|2557643774|emb|OY673254.1|	95.652	46	2	0	15	60	21732	21777	7.90e-09	75.0	2697049	N/A
72_8_2352_42295_16899/1	gi|2463378371|dbj|AP027461.1|	95.652	46	2	0	15	60	1299632	1299677	7.90e-09	75.0	511145	N/A
72_8_2352_42295_16899/1	gi|2463378371|dbj|AP027461.1|	95.652	46	2	0	15	60	1628404	1628359	7.90e-09	75.0	511145	N/A
72_8_2352_42295_16899/1	gi|2155043183|emb|OV015804.1|	100.000	40	0	0	12	51	29950	29911	7.90e-09	75.0	2697049	N/A
72_8_1482_24055_2247/1	gi|2978724457|gb|PV611058.1|	92.969	128	2	5	12	136	295321	295444	1.63e-40	180	3421660	N/A
72_8_1482_24055_2247/1	gi|2978724457|gb|PV611058.1|	90.000	60	2	3	12	68	295784	295842	7.90e-09	75.0	3421660	N/A
72_8_1482_24055_2247/1	gi|2830983252|gb|CP170844.1|	84.211	95	12	2	11	102	4083424	4083330	2.82e-13	89.8	573	N/A
72_8_1482_24055_2247/1	gi|2557643774|emb|OY673254.1|	93.478	46	3	0	12	57	21732	21777	3.67e-07	69.4	2697049	N/A
72_8_1482_24055_2247/1	gi|2463378371|dbj|AP027461.1|	93.478	46	3	0	12	57	1299632	1299677	3.67e-07	69.4	511145	N/A
72_8_1482_24055_2247/1	gi|2463378371|dbj|AP027461.1|	93.478	46	3	0	12	57	1628404	1628359	3.67e-07	69.4	511145	N/A
72_8_1482_24055_2247/1	gi|2924925013|gb|PQ571295.1|	97.436	39	1	0	8	46	225	263	1.32e-06	67.6	3385244	N/A
72_8_2263_38508_18552/1	gi|2978724457|gb|PV611058.1|	90.840	131	3	6	11	137	295319	295444	1.27e-36	167	3421660	N/A
72_8_2263_38508_18552/1	gi|2978724457|gb|PV611058.1|	90.323	62	1	4	11	68	295782	295842	2.20e-09	76.8	3421660	N/A
72_8_2263_38508_18552/1	gi|685042175|emb|LN590700.1|	94.118	51	0	3	5	52	14033949	14033899	7.90e-09	75.0	7962	N/A
72_8_2263_38508_18552/1	gi|1842001608|ref|NC_047813.1|	92.157	51	1	3	8	57	18488	18536	3.67e-07	69.4	1958907	N/A
72_8_2263_38508_18552/1	gi|1842001608|ref|NC_047813.1|	95.349	43	1	1	8	49	60	18	1.32e-06	67.6	1958907	N/A
72_8_2263_38508_18552/1	gi|685042157|emb|LN590682.1|	93.617	47	0	3	8	51	4473402	4473448	1.32e-06	67.6	7962	N/A
72_8_2263_38508_18552/1	gi|685042157|emb|LN590682.1|	93.478	46	0	3	9	51	992823	992778	4.75e-06	65.8	7962	N/A
72_8_2263_38508_18552/1	gi|685042157|emb|LN590682.1|	93.333	45	0	3	10	51	12087806	12087762	1.71e-05	63.9	7962	N/A
72_8_2263_38508_18552/1	gi|685042157|emb|LN590682.1|	97.297	37	0	1	11	46	839204	839240	6.15e-05	62.1	7962	N/A
72_8_2263_38508_18552/1	gi|685042153|emb|LN590678.1|	92.000	50	0	4	6	51	9110309	9110358	1.32e-06	67.6	7962	N/A
72_8_2398_25277_8508/1	gi|2978724457|gb|PV611058.1|	93.651	126	3	4	15	137	295321	295444	1.26e-41	183	3421660	N/A
72_8_2398_25277_8508/1	gi|2978724457|gb|PV611058.1|	90.000	60	2	3	15	71	295784	295842	7.90e-09	75.0	3421660	N/A
72_8_2398_25277_8508/1	gi|2830983252|gb|CP170844.1|	82.979	94	13	2	15	105	4083423	4083330	4.72e-11	82.4	573	N/A
72_8_2398_25277_8508/1	gi|685042160|emb|LN590685.1|	93.878	49	1	2	8	54	16867634	16867586	2.84e-08	73.1	7962	N/A
72_8_2398_25277_8508/1	gi|685042160|emb|LN590685.1|	91.667	48	2	2	9	54	850803	850850	4.75e-06	65.8	7962	N/A
72_8_2398_25277_8508/1	gi|685042160|emb|LN590685.1|	92.857	42	1	2	15	54	14193258	14193217	2.21e-04	60.2	7962	N/A
72_8_2398_25277_8508/1	gi|685042160|emb|LN590685.1|	92.857	42	1	2	15	54	18159835	18159794	2.21e-04	60.2	7962	N/A
72_8_2398_25277_8508/1	gi|2557643774|emb|OY673254.1|	93.478	46	3	0	15	60	21732	21777	3.67e-07	69.4	2697049	N/A
72_8_2398_25277_8508/1	gi|2463378371|dbj|AP027461.1|	93.478	46	3	0	15	60	1299632	1299677	3.67e-07	69.4	511145	N/A
72_8_2398_25277_8508/1	gi|2463378371|dbj|AP027461.1|	93.478	46	3	0	15	60	1628404	1628359	3.67e-07	69.4	511145	N/A
72_8_1220_31637_10273/1	gi|2978724457|gb|PV611058.1|	89.313	131	9	4	10	137	295316	295444	2.12e-34	159	3421660	N/A
72_8_1220_31637_10273/1	gi|2978724457|gb|PV611058.1|	90.769	65	2	3	10	71	295779	295842	1.31e-11	84.2	3421660	N/A
72_8_1220_31637_10273/1	gi|2830983252|gb|CP170844.1|	90.426	94	7	1	15	106	4083423	4083330	2.78e-23	122	573	N/A
72_8_1220_31637_10273/1	gi|2557643774|emb|OY673254.1|	95.652	46	2	0	15	60	21732	21777	7.90e-09	75.0	2697049	N/A
72_8_1220_31637_10273/1	gi|2463378371|dbj|AP027461.1|	93.878	49	3	0	12	60	1299629	1299677	7.90e-09	75.0	511145	N/A
72_8_1220_31637_10273/1	gi|2463378371|dbj|AP027461.1|	95.652	46	2	0	15	60	1628404	1628359	7.90e-09	75.0	511145	N/A
72_8_1220_31637_10273/1	gi|685047827|emb|LN596339.1|	94.000	50	1	2	7	54	601778	601827	7.90e-09	75.0	7962	N/A
72_8_2165_47207_20583/1	gi|2978724457|gb|PV611058.1|	86.179	123	15	2	17	137	295321	295443	4.62e-26	132	3421660	N/A
72_8_2165_47207_20583/1	gi|2978724457|gb|PV611058.1|	91.803	61	3	2	17	75	295784	295844	1.31e-11	84.2	3421660	N/A
72_8_2165_47207_20583/1	gi|2830983252|gb|CP170844.1|	90.625	96	5	3	17	110	4083423	4083330	7.73e-24	124	573	N/A
72_8_2165_47207_20583/1	gi|2557643774|emb|OY673254.1|	95.652	46	2	0	17	62	21732	21777	7.90e-09	75.0	2697049	N/A
72_8_2165_47207_20583/1	gi|780644672|ref|XM_011690559.1|	100.000	39	0	0	16	54	1037	1075	2.84e-08	73.1	64793	N/A
72_8_2165_47207_20583/1	gi|2991388636|dbj|AP040949.1|	97.561	41	1	0	11	51	3527632	3527672	1.02e-07	71.3	573	N/A
72_8_2236_26749_18202/1	gi|2978724457|gb|PV611058.1|	93.651	126	4	4	14	137	295321	295444	3.50e-42	185	3421660	N/A
72_8_2236_26749_18202/1	gi|2978724457|gb|PV611058.1|	89.831	59	4	2	14	70	295784	295842	7.90e-09	75.0	3421660	N/A
72_8_2236_26749_18202/1	gi|2830983252|gb|CP170844.1|	82.979	94	13	2	14	104	4083423	4083330	4.72e-11	82.4	573	N/A
72_8_2236_26749_18202/1	gi|2557643774|emb|OY673254.1|	93.478	46	3	0	14	59	21732	21777	3.67e-07	69.4	2697049	N/A
72_8_2236_26749_18202/1	gi|780644672|ref|XM_011690559.1|	97.500	40	1	0	12	51	1036	1075	3.67e-07	69.4	64793	N/A
72_8_2236_26749_18202/1	gi|2056797228|tpg|BK057247.1|	97.436	39	1	0	12	50	42089	42127	1.32e-06	67.6	38018	N/A
72_8_2404_16116_10721/1	gi|2978724457|gb|PV611058.1|	90.476	126	7	4	15	137	295321	295444	5.89e-35	161	3421660	N/A
72_8_2404_16116_10721/1	gi|2978724457|gb|PV611058.1|	91.667	60	1	3	15	71	295784	295842	1.70e-10	80.5	3421660	N/A
72_8_2404_16116_10721/1	gi|2830983252|gb|CP170844.1|	85.567	97	10	3	14	108	4083424	4083330	4.68e-16	99.0	573	N/A
72_8_2404_16116_10721/1	gi|2557643774|emb|OY673254.1|	95.652	46	2	0	15	60	21732	21777	7.90e-09	75.0	2697049	N/A
72_8_2404_16116_10721/1	gi|2463378371|dbj|AP027461.1|	95.652	46	2	0	15	60	1299632	1299677	7.90e-09	75.0	511145	N/A
72_8_2404_16116_10721/1	gi|2463378371|dbj|AP027461.1|	95.652	46	2	0	15	60	1628404	1628359	7.90e-09	75.0	511145	N/A
72_8_2404_16116_10721/1	gi|2924925013|gb|PQ571295.1|	100.000	39	0	0	11	49	225	263	2.84e-08	73.1	3385244	N/A
72_8_2481_51496_18790/1	gi|2978724457|gb|PV611058.1|	94.488	127	1	5	9	132	295321	295444	7.51e-44	191	3421660	N/A
72_8_2481_51496_18790/1	gi|2978724457|gb|PV611058.1|	91.667	60	1	3	9	65	295784	295842	1.70e-10	80.5	3421660	N/A
72_8_2481_51496_18790/1	gi|2830983252|gb|CP170844.1|	82.105	95	14	2	9	101	4083423	4083330	6.10e-10	78.7	573	N/A
72_8_2481_51496_18790/1	gi|2557643774|emb|OY673254.1|	95.652	46	2	0	9	54	21732	21777	7.90e-09	75.0	2697049	N/A
72_8_2481_51496_18790/1	gi|2463378371|dbj|AP027461.1|	95.652	46	2	0	9	54	1299632	1299677	7.90e-09	75.0	511145	N/A
72_8_2481_51496_18790/1	gi|2463378371|dbj|AP027461.1|	95.652	46	2	0	9	54	1628404	1628359	7.90e-09	75.0	511145	N/A
72_8_2481_51496_18790/1	gi|2155043183|emb|OV015804.1|	100.000	40	0	0	6	45	29950	29911	7.90e-09	75.0	2697049	N/A
72_8_1207_5127_26550/1	gi|2978724457|gb|PV611058.1|	96.000	125	1	3	15	136	295321	295444	1.25e-46	200	3421660	N/A
72_8_1207_5127_26550/1	gi|2978724457|gb|PV611058.1|	91.667	60	1	3	15	71	295784	295842	1.70e-10	80.5	3421660	N/A
72_8_1207_5127_26550/1	gi|2557643774|emb|OY673254.1|	95.652	46	2	0	15	60	21732	21777	7.90e-09	75.0	2697049	N/A
72_8_1207_5127_26550/1	gi|2463378371|dbj|AP027461.1|	93.878	49	3	0	12	60	1299629	1299677	7.90e-09	75.0	511145	N/A
72_8_1207_5127_26550/1	gi|2463378371|dbj|AP027461.1|	95.652	46	2	0	15	60	1628404	1628359	7.90e-09	75.0	511145	N/A
72_8_1207_5127_26550/1	gi|685045708|emb|LN594233.1|	92.453	53	2	2	4	54	80414	80362	7.90e-09	75.0	7962	N/A
72_8_1207_5127_26550/1	gi|2830983252|gb|CP170844.1|	82.105	95	5	2	14	96	4083424	4083330	1.02e-07	71.3	573	N/A
72_8_1214_32560_3521/1	gi|2978724457|gb|PV611058.1|	94.488	127	1	4	14	137	295321	295444	7.51e-44	191	3421660	N/A
72_8_1214_32560_3521/1	gi|2978724457|gb|PV611058.1|	91.667	60	1	3	14	70	295784	295842	1.70e-10	80.5	3421660	N/A
72_8_1214_32560_3521/1	gi|2830983252|gb|CP170844.1|	84.043	94	12	2	14	104	4083423	4083330	1.01e-12	87.9	573	N/A
72_8_1214_32560_3521/1	gi|2557643774|emb|OY673254.1|	92.593	54	3	1	7	59	21724	21777	2.20e-09	76.8	2697049	N/A
72_8_1214_32560_3521/1	gi|2463378371|dbj|AP027461.1|	95.652	46	2	0	14	59	1299632	1299677	7.90e-09	75.0	511145	N/A
72_8_1214_32560_3521/1	gi|2463378371|dbj|AP027461.1|	95.652	46	2	0	14	59	1628404	1628359	7.90e-09	75.0	511145	N/A
72_8_1214_32560_3521/1	gi|685044342|emb|LN592867.1|	95.745	47	0	2	9	53	33482	33436	7.90e-09	75.0	7962	N/A
72_8_1326_9003_7009/1	gi|2978724457|gb|PV611058.1|	90.698	129	4	5	12	137	295321	295444	4.55e-36	165	3421660	N/A
72_8_1326_9003_7009/1	gi|2978724457|gb|PV611058.1|	91.667	60	1	3	12	68	295784	295842	1.70e-10	80.5	3421660	N/A
72_8_1326_9003_7009/1	gi|2830983252|gb|CP170844.1|	83.838	99	11	3	10	106	4083425	4083330	2.82e-13	89.8	573	N/A
72_8_1326_9003_7009/1	gi|685042185|emb|LN590710.1|	97.778	45	1	0	1	45	9162078	9162122	6.10e-10	78.7	7962	N/A
72_8_1326_9003_7009/1	gi|685042185|emb|LN590710.1|	95.238	42	0	2	12	51	3790452	3790411	4.75e-06	65.8	7962	N/A
72_8_1326_9003_7009/1	gi|685042185|emb|LN590710.1|	95.238	42	0	2	12	51	6008694	6008735	4.75e-06	65.8	7962	N/A
72_8_1326_9003_7009/1	gi|685042185|emb|LN590710.1|	95.238	42	0	2	12	51	10218503	10218544	4.75e-06	65.8	7962	N/A
72_8_1326_9003_7009/1	gi|2557643774|emb|OY673254.1|	95.652	46	2	0	12	57	21732	21777	7.90e-09	75.0	2697049	N/A
72_8_1326_9003_7009/1	gi|2463378371|dbj|AP027461.1|	95.652	46	2	0	12	57	1299632	1299677	7.90e-09	75.0	511145	N/A
72_8_1326_9003_7009/1	gi|2463378371|dbj|AP027461.1|	95.652	46	2	0	12	57	1628404	1628359	7.90e-09	75.0	511145	N/A
72_8_2182_31152_18650/1	gi|2978724457|gb|PV611058.1|	89.147	129	7	6	12	137	295320	295444	9.86e-33	154	3421660	N/A
72_8_2182_31152_18650/1	gi|2978724457|gb|PV611058.1|	100.000	35	0	0	12	46	295783	295817	4.75e-06	65.8	3421660	N/A
72_8_2182_31152_18650/1	gi|685042175|emb|LN590700.1|	94.231	52	1	2	4	53	14033950	14033899	6.10e-10	78.7	7962	N/A
72_8_2182_31152_18650/1	gi|685042175|emb|LN590700.1|	95.238	42	0	2	13	52	15778538	15778579	4.75e-06	65.8	7962	N/A
72_8_2182_31152_18650/1	gi|2830983252|gb|CP170844.1|	81.915	94	14	2	13	103	4083423	4083330	2.20e-09	76.8	573	N/A
72_8_2182_31152_18650/1	gi|685042185|emb|LN590710.1|	97.727	44	1	0	3	46	9162079	9162122	2.20e-09	76.8	7962	N/A
72_8_2182_31152_18650/1	gi|685042185|emb|LN590710.1|	95.349	43	0	2	12	52	3790453	3790411	1.32e-06	67.6	7962	N/A
72_8_2182_31152_18650/1	gi|685042185|emb|LN590710.1|	95.349	43	0	2	12	52	6008693	6008735	1.32e-06	67.6	7962	N/A
72_8_2182_31152_18650/1	gi|685042185|emb|LN590710.1|	95.349	43	0	2	12	52	10218502	10218544	1.32e-06	67.6	7962	N/A
72_8_2182_31152_18650/1	gi|2991388621|dbj|AP040934.1|	97.619	42	1	0	7	48	146943	146984	2.84e-08	73.1	562	N/A
72_8_2182_31152_18650/1	gi|2991388621|dbj|AP040934.1|	100.000	34	0	0	15	48	4900948	4900915	1.71e-05	63.9	562	N/A
72_8_1377_22946_15484/1	gi|2978724457|gb|PV611058.1|	92.248	129	5	4	12	137	295318	295444	5.85e-40	178	3421660	N/A
72_8_1377_22946_15484/1	gi|2978724457|gb|PV611058.1|	90.625	64	1	4	12	72	295781	295842	1.70e-10	80.5	3421660	N/A
72_8_1377_22946_15484/1	gi|2830983252|gb|CP170844.1|	86.316	95	10	2	15	106	4083424	4083330	1.30e-16	100	573	N/A
72_8_1377_22946_15484/1	gi|2557643774|emb|OY673254.1|	91.379	58	4	1	5	61	21720	21777	6.10e-10	78.7	2697049	N/A
72_8_1377_22946_15484/1	gi|685042175|emb|LN590700.1|	94.231	52	1	2	7	56	14033950	14033899	6.10e-10	78.7	7962	N/A
72_8_1377_22946_15484/1	gi|685042175|emb|LN590700.1|	95.349	43	0	2	15	55	15778537	15778579	1.32e-06	67.6	7962	N/A
72_8_1377_22946_15484/1	gi|685042242|emb|LN590767.1|	95.833	48	0	2	10	55	603262	603215	2.20e-09	76.8	7962	N/A
72_8_2417_41817_3774/1	gi|2978724457|gb|PV611058.1|	91.603	131	1	8	1	128	295321	295444	2.72e-38	172	3421660	N/A
72_8_2417_41817_3774/1	gi|2978724457|gb|PV611058.1|	90.164	61	1	4	1	58	295784	295842	7.90e-09	75.0	3421660	N/A
72_8_2417_41817_3774/1	gi|2830983252|gb|CP170844.1|	82.474	97	12	4	1	95	4083423	4083330	1.70e-10	80.5	573	N/A
72_8_2417_41817_3774/1	gi|2557643774|emb|OY673254.1|	95.652	46	2	0	1	46	21732	21777	7.90e-09	75.0	2697049	N/A
72_8_2417_41817_3774/1	gi|2463378371|dbj|AP027461.1|	95.652	46	2	0	1	46	1299632	1299677	7.90e-09	75.0	511145	N/A
72_8_2417_41817_3774/1	gi|2463378371|dbj|AP027461.1|	95.652	46	2	0	1	46	1628404	1628359	7.90e-09	75.0	511145	N/A
72_8_2417_41817_3774/1	gi|2755084441|gb|PP943425.1|	93.617	47	1	2	1	46	67825	67780	3.67e-07	69.4	10258	N/A
72_8_2417_41817_3774/1	gi|2755084441|gb|PP943425.1|	93.478	46	1	2	1	45	67591	67635	1.32e-06	67.6	10258	N/A
72_8_2461_45313_29016/1	gi|2978724457|gb|PV611058.1|	93.701	127	3	4	14	137	295320	295444	3.50e-42	185	3421660	N/A
72_8_2461_45313_29016/1	gi|2978724457|gb|PV611058.1|	91.803	61	1	3	14	71	295783	295842	4.72e-11	82.4	3421660	N/A
72_8_2461_45313_29016/1	gi|2830983252|gb|CP170844.1|	85.106	94	12	1	15	106	4083423	4083330	6.06e-15	95.3	573	N/A
72_8_2461_45313_29016/1	gi|2557643774|emb|OY673254.1|	95.652	46	2	0	15	60	21732	21777	7.90e-09	75.0	2697049	N/A
72_8_2461_45313_29016/1	gi|2463378371|dbj|AP027461.1|	93.878	49	3	0	12	60	1299629	1299677	7.90e-09	75.0	511145	N/A
72_8_2461_45313_29016/1	gi|2463378371|dbj|AP027461.1|	95.652	46	2	0	15	60	1628404	1628359	7.90e-09	75.0	511145	N/A
72_8_2461_45313_29016/1	gi|685047827|emb|LN596339.1|	94.000	50	1	2	7	54	601778	601827	7.90e-09	75.0	7962	N/A
72_8_1325_27462_16605/1	gi|2978724457|gb|PV611058.1|	88.976	127	9	4	14	137	295320	295444	3.55e-32	152	3421660	N/A
72_8_1325_27462_16605/1	gi|2978724457|gb|PV611058.1|	91.803	61	1	3	14	71	295783	295842	4.72e-11	82.4	3421660	N/A
72_8_1325_27462_16605/1	gi|2830983252|gb|CP170844.1|	89.474	95	7	2	15	107	4083423	4083330	1.29e-21	117	573	N/A
72_8_1325_27462_16605/1	gi|685049950|emb|LN598462.1|	95.833	48	0	2	9	54	1938274	1938321	2.20e-09	76.8	7962	N/A
72_8_1325_27462_16605/1	gi|2557643774|emb|OY673254.1|	95.652	46	2	0	15	60	21732	21777	7.90e-09	75.0	2697049	N/A
72_8_1325_27462_16605/1	gi|2463378371|dbj|AP027461.1|	95.652	46	2	0	15	60	1299632	1299677	7.90e-09	75.0	511145	N/A
72_8_1325_27462_16605/1	gi|2463378371|dbj|AP027461.1|	95.652	46	2	0	15	60	1628404	1628359	7.90e-09	75.0	511145	N/A
72_8_1282_41728_25051/1	gi|2978724457|gb|PV611058.1|	88.462	130	9	5	11	137	295318	295444	3.55e-32	152	3421660	N/A
72_8_1282_41728_25051/1	gi|2978724457|gb|PV611058.1|	90.625	64	1	4	11	71	295781	295842	1.70e-10	80.5	3421660	N/A
72_8_1282_41728_25051/1	gi|2830983252|gb|CP170844.1|	91.579	95	6	1	14	106	4083424	4083330	1.66e-25	130	573	N/A
72_8_1282_41728_25051/1	gi|2557643774|emb|OY673254.1|	92.593	54	3	1	8	60	21724	21777	2.20e-09	76.8	2697049	N/A
72_8_1282_41728_25051/1	gi|685042242|emb|LN590767.1|	95.833	48	0	2	9	54	603262	603215	2.20e-09	76.8	7962	N/A
72_8_1282_41728_25051/1	gi|685042175|emb|LN590700.1|	94.118	51	1	2	7	55	14033949	14033899	2.20e-09	76.8	7962	N/A
72_8_1282_41728_25051/1	gi|685042175|emb|LN590700.1|	95.349	43	0	2	14	54	15778537	15778579	1.32e-06	67.6	7962	N/A
72_8_2457_19725_24505/1	gi|2978724457|gb|PV611058.1|	89.922	129	5	7	12	137	295321	295444	2.12e-34	159	3421660	N/A
72_8_2457_19725_24505/1	gi|2978724457|gb|PV611058.1|	91.667	60	1	3	12	68	295784	295842	1.70e-10	80.5	3421660	N/A
72_8_2457_19725_24505/1	gi|2830983252|gb|CP170844.1|	86.735	98	9	2	10	105	4083425	4083330	2.80e-18	106	573	N/A
72_8_2457_19725_24505/1	gi|2557643774|emb|OY673254.1|	95.652	46	2	0	12	57	21732	21777	7.90e-09	75.0	2697049	N/A
72_8_2457_19725_24505/1	gi|2463378371|dbj|AP027461.1|	95.652	46	2	0	12	57	1299632	1299677	7.90e-09	75.0	511145	N/A
72_8_2457_19725_24505/1	gi|2463378371|dbj|AP027461.1|	95.652	46	2	0	12	57	1628404	1628359	7.90e-09	75.0	511145	N/A
72_8_2457_19725_24505/1	gi|2755084441|gb|PP943425.1|	81.720	93	11	5	12	101	67825	67736	2.84e-08	73.1	10258	N/A
72_8_2457_19725_24505/1	gi|2755084441|gb|PP943425.1|	93.617	47	1	2	11	56	67590	67635	3.67e-07	69.4	10258	N/A
72_8_1294_27162_21213/1	gi|2978724457|gb|PV611058.1|	96.000	125	1	3	14	135	295321	295444	1.25e-46	200	3421660	N/A
72_8_1294_27162_21213/1	gi|2978724457|gb|PV611058.1|	91.667	60	1	3	14	70	295784	295842	1.70e-10	80.5	3421660	N/A
72_8_1294_27162_21213/1	gi|685044439|emb|LN592964.1|	95.833	48	0	2	8	53	179349	179302	2.20e-09	76.8	7962	N/A
72_8_1294_27162_21213/1	gi|685042148|emb|LN590673.1|	95.833	48	0	2	8	53	9009491	9009538	2.20e-09	76.8	7962	N/A
72_8_1294_27162_21213/1	gi|685042148|emb|LN590673.1|	95.556	45	0	2	11	53	8955770	8955814	1.02e-07	71.3	7962	N/A
72_8_1294_27162_21213/1	gi|685042148|emb|LN590673.1|	93.182	44	2	1	8	50	9322680	9322723	1.71e-05	63.9	7962	N/A
72_8_1294_27162_21213/1	gi|2557643774|emb|OY673254.1|	95.652	46	2	0	14	59	21732	21777	7.90e-09	75.0	2697049	N/A
72_8_1294_27162_21213/1	gi|2830983252|gb|CP170844.1|	81.915	94	5	2	14	95	4083423	4083330	3.67e-07	69.4	573	N/A
72_8_2192_37601_28357/1	gi|2978724457|gb|PV611058.1|	89.764	127	9	3	14	137	295318	295443	2.12e-34	159	3421660	N/A
72_8_2192_37601_28357/1	gi|2978724457|gb|PV611058.1|	90.625	64	2	3	14	74	295781	295843	4.72e-11	82.4	3421660	N/A
72_8_2192_37601_28357/1	gi|2830983252|gb|CP170844.1|	89.362	94	8	1	17	108	4083423	4083330	1.29e-21	117	573	N/A
72_8_2192_37601_28357/1	gi|2557643774|emb|OY673254.1|	95.652	46	2	0	17	62	21732	21777	7.90e-09	75.0	2697049	N/A
72_8_2192_37601_28357/1	gi|2463378371|dbj|AP027461.1|	95.652	46	2	0	17	62	1299632	1299677	7.90e-09	75.0	511145	N/A
72_8_2192_37601_28357/1	gi|2463378371|dbj|AP027461.1|	95.652	46	2	0	17	62	1628404	1628359	7.90e-09	75.0	511145	N/A
72_8_2192_37601_28357/1	gi|685042177|emb|LN590702.1|	95.745	47	0	2	12	56	3995994	3995948	7.90e-09	75.0	7962	N/A
72_8_2192_37601_28357/1	gi|685042177|emb|LN590702.1|	90.909	55	1	4	6	56	6540848	6540902	1.02e-07	71.3	7962	N/A
72_8_2192_37601_28357/1	gi|685042177|emb|LN590702.1|	95.455	44	0	2	15	56	6862997	6863040	3.67e-07	69.4	7962	N/A
72_8_2192_37601_28357/1	gi|685042177|emb|LN590702.1|	95.238	42	0	2	17	56	1181065	1181106	4.75e-06	65.8	7962	N/A
72_8_2192_37601_28357/1	gi|685042177|emb|LN590702.1|	91.667	48	2	2	11	56	6762493	6762540	4.75e-06	65.8	7962	N/A
72_8_2192_37601_28357/1	gi|685042177|emb|LN590702.1|	100.000	33	0	0	17	49	1157092	1157060	6.15e-05	62.1	7962	N/A
72_8_1180_8145_2835/1	gi|2978724457|gb|PV611058.1|	96.000	125	1	3	16	137	295321	295444	1.25e-46	200	3421660	N/A
72_8_1180_8145_2835/1	gi|2978724457|gb|PV611058.1|	91.667	60	1	3	16	72	295784	295842	1.70e-10	80.5	3421660	N/A
72_8_1180_8145_2835/1	gi|685042185|emb|LN590710.1|	97.727	44	1	0	6	49	9162079	9162122	2.20e-09	76.8	7962	N/A
72_8_1180_8145_2835/1	gi|685042185|emb|LN590710.1|	95.238	42	0	2	16	55	3790452	3790411	4.75e-06	65.8	7962	N/A
72_8_1180_8145_2835/1	gi|685042185|emb|LN590710.1|	95.238	42	0	2	16	55	6008694	6008735	4.75e-06	65.8	7962	N/A
72_8_1180_8145_2835/1	gi|685042185|emb|LN590710.1|	95.238	42	0	2	16	55	10218503	10218544	4.75e-06	65.8	7962	N/A
72_8_1180_8145_2835/1	gi|2557643774|emb|OY673254.1|	95.652	46	2	0	16	61	21732	21777	7.90e-09	75.0	2697049	N/A
72_8_1180_8145_2835/1	gi|2463378371|dbj|AP027461.1|	95.652	46	2	0	16	61	1299632	1299677	7.90e-09	75.0	511145	N/A
72_8_1180_8145_2835/1	gi|2463378371|dbj|AP027461.1|	95.652	46	2	0	16	61	1628404	1628359	7.90e-09	75.0	511145	N/A
72_8_1180_8145_2835/1	gi|2830983252|gb|CP170844.1|	81.915	94	5	2	16	97	4083423	4083330	3.67e-07	69.4	573	N/A
72_8_1489_10508_14041/1	gi|2978724457|gb|PV611058.1|	92.248	129	5	4	12	137	295318	295444	5.85e-40	178	3421660	N/A
72_8_1489_10508_14041/1	gi|2978724457|gb|PV611058.1|	90.476	63	2	3	12	71	295781	295842	1.70e-10	80.5	3421660	N/A
72_8_1489_10508_14041/1	gi|2830983252|gb|CP170844.1|	86.170	94	10	2	15	105	4083423	4083330	4.68e-16	99.0	573	N/A
72_8_1489_10508_14041/1	gi|685042177|emb|LN590702.1|	92.857	56	1	3	1	54	3996002	3995948	6.10e-10	78.7	7962	N/A
72_8_1489_10508_14041/1	gi|685042177|emb|LN590702.1|	90.741	54	1	4	5	54	6540849	6540902	3.67e-07	69.4	7962	N/A
72_8_1489_10508_14041/1	gi|685042177|emb|LN590702.1|	95.455	44	0	2	13	54	6862997	6863040	3.67e-07	69.4	7962	N/A
72_8_1489_10508_14041/1	gi|685042177|emb|LN590702.1|	89.286	56	3	3	2	54	6762485	6762540	1.32e-06	67.6	7962	N/A
72_8_1489_10508_14041/1	gi|685042177|emb|LN590702.1|	95.238	42	0	2	15	54	1181065	1181106	4.75e-06	65.8	7962	N/A
72_8_1489_10508_14041/1	gi|685042177|emb|LN590702.1|	100.000	33	0	0	15	47	1157092	1157060	6.15e-05	62.1	7962	N/A
72_8_1489_10508_14041/1	gi|685046059|emb|LN594584.1|	92.593	54	2	2	3	54	7182	7129	2.20e-09	76.8	7962	N/A
72_8_1489_10508_14041/1	gi|2557643774|emb|OY673254.1|	95.652	46	2	0	15	60	21732	21777	7.90e-09	75.0	2697049	N/A
72_8_1207_34631_18622/1	gi|2978724457|gb|PV611058.1|	95.238	126	1	4	15	137	295321	295444	5.81e-45	195	3421660	N/A
72_8_1207_34631_18622/1	gi|2978724457|gb|PV611058.1|	91.667	60	1	3	15	71	295784	295842	1.70e-10	80.5	3421660	N/A
72_8_1207_34631_18622/1	gi|2830983252|gb|CP170844.1|	83.158	95	8	2	14	100	4083424	4083330	1.70e-10	80.5	573	N/A
72_8_1207_34631_18622/1	gi|2557643774|emb|OY673254.1|	91.379	58	4	1	4	60	21720	21777	6.10e-10	78.7	2697049	N/A
72_8_1207_34631_18622/1	gi|2463378371|dbj|AP027461.1|	95.652	46	2	0	15	60	1299632	1299677	7.90e-09	75.0	511145	N/A
72_8_1207_34631_18622/1	gi|2463378371|dbj|AP027461.1|	95.652	46	2	0	15	60	1628404	1628359	7.90e-09	75.0	511145	N/A
72_8_1207_34631_18622/1	gi|2165836832|emb|OV197136.1|	92.593	54	1	3	8	60	122	71	7.90e-09	75.0	2697049	N/A
72_8_2433_17840_25388/1	gi|2978724457|gb|PV611058.1|	92.188	128	6	3	13	137	295318	295444	5.85e-40	178	3421660	N/A
72_8_2433_17840_25388/1	gi|2978724457|gb|PV611058.1|	92.063	63	1	3	13	72	295781	295842	3.65e-12	86.1	3421660	N/A
72_8_2433_17840_25388/1	gi|2830983252|gb|CP170844.1|	87.234	94	9	2	16	106	4083423	4083330	1.01e-17	104	573	N/A
72_8_2433_17840_25388/1	gi|2557643774|emb|OY673254.1|	92.593	54	3	1	9	61	21724	21777	2.20e-09	76.8	2697049	N/A
72_8_2433_17840_25388/1	gi|685042175|emb|LN590700.1|	94.118	51	1	2	8	56	14033949	14033899	2.20e-09	76.8	7962	N/A
72_8_2433_17840_25388/1	gi|685042175|emb|LN590700.1|	95.238	42	0	2	16	55	15778538	15778579	4.75e-06	65.8	7962	N/A
72_8_2433_17840_25388/1	gi|2565360070|emb|OY632882.1|	100.000	40	0	0	11	50	22461	22500	7.90e-09	75.0	2697049	N/A
72_8_1201_10484_14700/1	gi|2978724457|gb|PV611058.1|	94.574	129	2	4	12	137	295318	295444	5.81e-45	195	3421660	N/A
72_8_1201_10484_14700/1	gi|2978724457|gb|PV611058.1|	90.476	63	2	3	12	71	295781	295842	1.70e-10	80.5	3421660	N/A
72_8_1201_10484_14700/1	gi|2830983252|gb|CP170844.1|	81.250	96	15	2	14	107	4083424	4083330	7.90e-09	75.0	573	N/A
72_8_1201_10484_14700/1	gi|2557643774|emb|OY673254.1|	95.652	46	2	0	15	60	21732	21777	7.90e-09	75.0	2697049	N/A
72_8_1201_10484_14700/1	gi|2463378371|dbj|AP027461.1|	95.652	46	2	0	15	60	1299632	1299677	7.90e-09	75.0	511145	N/A
72_8_1201_10484_14700/1	gi|2463378371|dbj|AP027461.1|	95.652	46	2	0	15	60	1628404	1628359	7.90e-09	75.0	511145	N/A
72_8_1201_10484_14700/1	gi|685042175|emb|LN590700.1|	92.308	52	2	2	6	55	14033950	14033899	2.84e-08	73.1	7962	N/A
72_8_1201_10484_14700/1	gi|685042175|emb|LN590700.1|	93.750	48	0	3	9	54	15778533	15778579	3.67e-07	69.4	7962	N/A
72_8_1430_19442_17795/1	gi|2978724457|gb|PV611058.1|	89.362	141	10	4	1	137	295305	295444	2.72e-38	172	3421660	N/A
72_8_1430_19442_17795/1	gi|2978724457|gb|PV611058.1|	86.842	76	5	4	1	72	295768	295842	1.70e-10	80.5	3421660	N/A
72_8_1430_19442_17795/1	gi|2830983252|gb|CP170844.1|	87.234	94	8	2	16	105	4083423	4083330	1.01e-17	104	573	N/A
72_8_1430_19442_17795/1	gi|2557643774|emb|OY673254.1|	95.652	46	2	0	16	61	21732	21777	7.90e-09	75.0	2697049	N/A
72_8_1430_19442_17795/1	gi|2463378371|dbj|AP027461.1|	95.652	46	2	0	16	61	1299632	1299677	7.90e-09	75.0	511145	N/A
72_8_1430_19442_17795/1	gi|2463378371|dbj|AP027461.1|	95.652	46	2	0	16	61	1628404	1628359	7.90e-09	75.0	511145	N/A
72_8_1430_19442_17795/1	gi|2155043183|emb|OV015804.1|	100.000	40	0	0	13	52	29950	29911	7.90e-09	75.0	2697049	N/A
72_8_1255_19466_21591/1	gi|2830983252|gb|CP170844.1|	88.764	89	7	2	52	137	4083423	4083335	2.80e-18	106	573	N/A
72_8_1255_19466_21591/1	gi|2978724457|gb|PV611058.1|	86.667	90	8	3	51	137	295320	295408	1.69e-15	97.1	3421660	N/A
72_8_1255_19466_21591/1	gi|2978724457|gb|PV611058.1|	91.803	61	1	3	51	108	295783	295842	4.72e-11	82.4	3421660	N/A
72_8_1255_19466_21591/1	gi|685047827|emb|LN596339.1|	95.833	48	0	2	46	91	601780	601827	2.20e-09	76.8	7962	N/A
72_8_1255_19466_21591/1	gi|685042185|emb|LN590710.1|	94.118	51	1	2	43	91	10218494	10218544	2.20e-09	76.8	7962	N/A
72_8_1255_19466_21591/1	gi|685042185|emb|LN590710.1|	95.556	45	0	2	49	91	3790455	3790411	1.02e-07	71.3	7962	N/A
72_8_1255_19466_21591/1	gi|685042185|emb|LN590710.1|	95.556	45	0	2	49	91	6008691	6008735	1.02e-07	71.3	7962	N/A
72_8_1255_19466_21591/1	gi|685042185|emb|LN590710.1|	100.000	34	0	0	52	85	9162089	9162122	1.71e-05	63.9	7962	N/A
72_8_1255_19466_21591/1	gi|2557643774|emb|OY673254.1|	95.652	46	2	0	52	97	21732	21777	7.90e-09	75.0	2697049	N/A
72_8_2120_25892_28231/1	gi|2557638192|emb|OY694677.1|	92.500	40	1	2	1	39	4308	4346	0.003	56.5	2697049	N/A
72_8_2120_25892_28231/1	gi|2165834303|emb|OV196009.1|	92.308	39	3	0	1	39	108	70	0.003	56.5	2697049	N/A
72_8_2120_25892_28231/1	gi|2165834303|emb|OV196009.1|	96.970	33	1	0	1	33	29919	29951	0.003	56.5	2697049	N/A
72_8_2120_25892_28231/1	gi|2155043183|emb|OV015804.1|	100.000	30	0	0	1	30	29940	29911	0.003	56.5	2697049	N/A
72_8_2120_25892_28231/1	gi|2991388636|dbj|AP040949.1|	100.000	29	0	0	1	29	3527645	3527673	0.010	54.7	573	N/A
72_8_2120_25892_28231/1	gi|2991388621|dbj|AP040934.1|	100.000	29	0	0	1	29	146956	146984	0.010	54.7	562	N/A
72_8_2120_25892_28231/1	gi|2991388621|dbj|AP040934.1|	100.000	29	0	0	1	29	4900943	4900915	0.010	54.7	562	N/A
72_8_2173_11933_19700/1	gi|2978724457|gb|PV611058.1|	89.474	133	9	4	9	137	295313	295444	1.64e-35	163	3421660	N/A
72_8_2173_11933_19700/1	gi|2978724457|gb|PV611058.1|	89.706	68	2	4	9	72	295776	295842	4.72e-11	82.4	3421660	N/A
72_8_2173_11933_19700/1	gi|2830983252|gb|CP170844.1|	89.362	94	8	1	16	107	4083423	4083330	1.29e-21	117	573	N/A
72_8_2173_11933_19700/1	gi|685042161|emb|LN590686.1|	94.231	52	0	3	6	55	20813821	20813871	2.20e-09	76.8	7962	N/A
72_8_2173_11933_19700/1	gi|685042161|emb|LN590686.1|	95.455	44	0	2	14	55	6380192	6380235	3.67e-07	69.4	7962	N/A
72_8_2173_11933_19700/1	gi|685042161|emb|LN590686.1|	95.238	42	0	2	16	55	4545831	4545872	4.75e-06	65.8	7962	N/A
72_8_2173_11933_19700/1	gi|685042161|emb|LN590686.1|	95.238	42	0	2	16	55	12304839	12304798	4.75e-06	65.8	7962	N/A
72_8_2173_11933_19700/1	gi|685042161|emb|LN590686.1|	90.385	52	2	3	6	55	17091837	17091887	4.75e-06	65.8	7962	N/A
72_8_2173_11933_19700/1	gi|685042161|emb|LN590686.1|	95.238	42	0	2	16	55	28125760	28125801	4.75e-06	65.8	7962	N/A
72_8_2173_11933_19700/1	gi|685042161|emb|LN590686.1|	94.872	39	0	2	19	55	12436830	12436868	2.21e-04	60.2	7962	N/A
72_8_2173_11933_19700/1	gi|2557643774|emb|OY673254.1|	95.652	46	2	0	16	61	21732	21777	7.90e-09	75.0	2697049	N/A
72_8_2173_11933_19700/1	gi|2463378371|dbj|AP027461.1|	95.652	46	2	0	16	61	1299632	1299677	7.90e-09	75.0	511145	N/A
72_8_2173_11933_19700/1	gi|2463378371|dbj|AP027461.1|	95.652	46	2	0	16	61	1628404	1628359	7.90e-09	75.0	511145	N/A
72_8_2496_38281_21101/1	gi|2978724457|gb|PV611058.1|	95.968	124	3	2	16	137	295321	295444	1.25e-46	200	3421660	N/A
72_8_2496_38281_21101/1	gi|2978724457|gb|PV611058.1|	91.525	59	3	2	16	72	295784	295842	1.70e-10	80.5	3421660	N/A
72_8_2496_38281_21101/1	gi|2557643774|emb|OY673254.1|	95.652	46	2	0	16	61	21732	21777	7.90e-09	75.0	2697049	N/A
72_8_2496_38281_21101/1	gi|685042163|emb|LN590688.1|	95.652	46	2	0	3	48	11050686	11050641	7.90e-09	75.0	7962	N/A
72_8_2496_38281_21101/1	gi|685042163|emb|LN590688.1|	100.000	34	0	0	16	49	20282975	20283008	1.71e-05	63.9	7962	N/A
72_8_2496_38281_21101/1	gi|685042163|emb|LN590688.1|	96.875	32	1	0	18	49	6797244	6797275	0.010	54.7	7962	N/A
72_8_2496_38281_21101/1	gi|685045708|emb|LN594233.1|	95.556	45	2	0	5	49	80414	80370	2.84e-08	73.1	7962	N/A
72_8_2496_38281_21101/1	gi|2830983252|gb|CP170844.1|	82.105	95	5	2	15	97	4083424	4083330	1.02e-07	71.3	573	N/A
72_8_2184_33733_27321/1	gi|2978724457|gb|PV611058.1|	94.444	126	1	5	2	124	295322	295444	2.70e-43	189	3421660	N/A
72_8_2184_33733_27321/1	gi|2978724457|gb|PV611058.1|	91.525	59	1	3	2	57	295785	295842	6.10e-10	78.7	3421660	N/A
72_8_2184_33733_27321/1	gi|2830983252|gb|CP170844.1|	83.871	93	11	2	2	90	4083422	4083330	3.65e-12	86.1	573	N/A
72_8_2184_33733_27321/1	gi|2557643774|emb|OY673254.1|	95.556	45	2	0	2	46	21733	21777	2.84e-08	73.1	2697049	N/A
72_8_2184_33733_27321/1	gi|2463378371|dbj|AP027461.1|	95.556	45	2	0	2	46	1299633	1299677	2.84e-08	73.1	511145	N/A
72_8_2184_33733_27321/1	gi|2463378371|dbj|AP027461.1|	95.556	45	2	0	2	46	1628403	1628359	2.84e-08	73.1	511145	N/A
72_8_2184_33733_27321/1	gi|2755084441|gb|PP943425.1|	93.478	46	1	2	2	46	67824	67780	1.32e-06	67.6	10258	N/A
72_8_2184_33733_27321/1	gi|2755084441|gb|PP943425.1|	93.333	45	1	2	2	45	67592	67635	4.75e-06	65.8	10258	N/A
72_8_2481_37383_15400/1	gi|2978724457|gb|PV611058.1|	95.276	127	1	4	13	136	295320	295444	1.61e-45	196	3421660	N/A
72_8_2481_37383_15400/1	gi|2978724457|gb|PV611058.1|	91.803	61	1	3	13	70	295783	295842	4.72e-11	82.4	3421660	N/A
72_8_2481_37383_15400/1	gi|2830983252|gb|CP170844.1|	82.979	94	12	2	14	103	4083423	4083330	4.72e-11	82.4	573	N/A
72_8_2481_37383_15400/1	gi|2557643774|emb|OY673254.1|	92.593	54	3	1	7	59	21724	21777	2.20e-09	76.8	2697049	N/A
72_8_2481_37383_15400/1	gi|2463378371|dbj|AP027461.1|	95.652	46	2	0	14	59	1299632	1299677	7.90e-09	75.0	511145	N/A
72_8_2481_37383_15400/1	gi|2463378371|dbj|AP027461.1|	95.652	46	2	0	14	59	1628404	1628359	7.90e-09	75.0	511145	N/A
72_8_2481_37383_15400/1	gi|685042277|emb|LN590802.1|	95.745	47	0	2	9	53	1043034	1043080	7.90e-09	75.0	7962	N/A
72_8_2205_18350_18342/1	gi|685042166|emb|LN590691.1|	97.436	39	1	0	11	49	10518765	10518727	1.32e-06	67.6	7962	N/A
72_8_2205_18350_18342/1	gi|2165834303|emb|OV196009.1|	90.196	51	5	0	10	60	120	70	1.32e-06	67.6	2697049	N/A
72_8_2205_18350_18342/1	gi|2165834303|emb|OV196009.1|	95.000	40	2	0	15	54	29912	29951	1.71e-05	63.9	2697049	N/A
72_8_2205_18350_18342/1	gi|2155043183|emb|OV015804.1|	97.436	39	1	0	13	51	29949	29911	1.32e-06	67.6	2697049	N/A
72_8_2205_18350_18342/1	gi|2991388636|dbj|AP040949.1|	97.368	38	1	0	13	50	3527636	3527673	4.75e-06	65.8	573	N/A
72_8_2205_18350_18342/1	gi|2165836382|emb|OV196890.1|	95.122	41	2	0	10	50	122	82	4.75e-06	65.8	2697049	N/A
72_8_1429_13430_10553/1	gi|2978724457|gb|PV611058.1|	90.625	128	8	3	13	137	295318	295444	1.27e-36	167	3421660	N/A
72_8_1429_13430_10553/1	gi|2978724457|gb|PV611058.1|	92.063	63	1	3	13	72	295781	295842	3.65e-12	86.1	3421660	N/A
72_8_1429_13430_10553/1	gi|2830983252|gb|CP170844.1|	89.362	94	7	2	16	106	4083423	4083330	4.65e-21	115	573	N/A
72_8_1429_13430_10553/1	gi|2557643774|emb|OY673254.1|	92.593	54	3	1	9	61	21724	21777	2.20e-09	76.8	2697049	N/A
72_8_1429_13430_10553/1	gi|685042175|emb|LN590700.1|	94.118	51	1	2	8	56	14033949	14033899	2.20e-09	76.8	7962	N/A
72_8_1429_13430_10553/1	gi|685042175|emb|LN590700.1|	95.238	42	0	2	16	55	15778538	15778579	4.75e-06	65.8	7962	N/A
72_8_1429_13430_10553/1	gi|2565360070|emb|OY632882.1|	100.000	40	0	0	11	50	22461	22500	7.90e-09	75.0	2697049	N/A
72_8_1333_42934_21031/1	gi|2978724457|gb|PV611058.1|	90.551	127	6	4	14	137	295321	295444	1.64e-35	163	3421660	N/A
72_8_1333_42934_21031/1	gi|2978724457|gb|PV611058.1|	91.667	60	1	3	14	70	295784	295842	1.70e-10	80.5	3421660	N/A
72_8_1333_42934_21031/1	gi|2830983252|gb|CP170844.1|	89.362	94	8	1	14	105	4083423	4083330	1.29e-21	117	573	N/A
72_8_1333_42934_21031/1	gi|685042185|emb|LN590710.1|	97.727	44	1	0	4	47	9162079	9162122	2.20e-09	76.8	7962	N/A
72_8_1333_42934_21031/1	gi|685042185|emb|LN590710.1|	95.238	42	0	2	14	53	3790452	3790411	4.75e-06	65.8	7962	N/A
72_8_1333_42934_21031/1	gi|685042185|emb|LN590710.1|	95.238	42	0	2	14	53	6008694	6008735	4.75e-06	65.8	7962	N/A
72_8_1333_42934_21031/1	gi|685042185|emb|LN590710.1|	95.238	42	0	2	14	53	10218503	10218544	4.75e-06	65.8	7962	N/A
72_8_1333_42934_21031/1	gi|2557643774|emb|OY673254.1|	95.652	46	2	0	14	59	21732	21777	7.90e-09	75.0	2697049	N/A
72_8_1333_42934_21031/1	gi|2463378371|dbj|AP027461.1|	95.652	46	2	0	14	59	1299632	1299677	7.90e-09	75.0	511145	N/A
72_8_1333_42934_21031/1	gi|2463378371|dbj|AP027461.1|	95.652	46	2	0	14	59	1628404	1628359	7.90e-09	75.0	511145	N/A
72_8_2426_43403_16268/1	gi|2978724457|gb|PV611058.1|	94.215	121	1	5	2	119	295327	295444	1.63e-40	180	3421660	N/A
72_8_2426_43403_16268/1	gi|2978724457|gb|PV611058.1|	90.741	54	1	3	2	52	295790	295842	3.67e-07	69.4	3421660	N/A
72_8_2426_43403_16268/1	gi|2830983252|gb|CP170844.1|	82.955	88	11	2	2	85	4083417	4083330	2.20e-09	76.8	573	N/A
72_8_2426_43403_16268/1	gi|2557643774|emb|OY673254.1|	95.000	40	2	0	2	41	21738	21777	1.71e-05	63.9	2697049	N/A
72_8_2426_43403_16268/1	gi|2463378371|dbj|AP027461.1|	95.000	40	2	0	2	41	1299638	1299677	1.71e-05	63.9	511145	N/A
72_8_2426_43403_16268/1	gi|2463378371|dbj|AP027461.1|	95.000	40	2	0	2	41	1628398	1628359	1.71e-05	63.9	511145	N/A
72_8_2426_43403_16268/1	gi|2755084441|gb|PP943425.1|	92.683	41	1	2	2	41	67819	67780	7.95e-04	58.4	10258	N/A
72_8_2426_43403_16268/1	gi|2755084441|gb|PP943425.1|	92.500	40	1	2	2	40	67597	67635	0.003	56.5	10258	N/A
72_8_1344_42287_29436/1	gi|780644672|ref|XM_011690559.1|	95.238	42	1	1	9	49	1031	1072	4.75e-06	65.8	64793	N/A
72_8_1344_42287_29436/1	gi|685042160|emb|LN590685.1|	91.837	49	1	3	9	54	16867634	16867586	4.75e-06	65.8	7962	N/A
72_8_1344_42287_29436/1	gi|685042160|emb|LN590685.1|	93.023	43	0	3	15	54	850808	850850	2.21e-04	60.2	7962	N/A
72_8_1344_42287_29436/1	gi|2560502367|emb|OY629453.1|	97.368	38	0	1	14	50	5916	5953	1.71e-05	63.9	2697049	N/A
72_8_1344_42287_29436/1	gi|685047355|emb|LN595867.1|	93.333	45	0	3	13	54	19121	19165	1.71e-05	63.9	7962	N/A
72_8_1344_42287_29436/1	gi|2155043183|emb|OV015804.1|	97.368	38	0	1	15	51	29948	29911	1.71e-05	63.9	2697049	N/A
72_8_1152_48768_27237/1	gi|2978724457|gb|PV611058.1|	88.806	134	7	5	9	137	295314	295444	7.62e-34	158	3421660	N/A
72_8_1152_48768_27237/1	gi|2978724457|gb|PV611058.1|	89.552	67	1	4	9	70	295777	295842	1.70e-10	80.5	3421660	N/A
72_8_1152_48768_27237/1	gi|2830983252|gb|CP170844.1|	87.500	96	8	3	14	107	4083423	4083330	7.78e-19	108	573	N/A
72_8_1152_48768_27237/1	gi|685042185|emb|LN590710.1|	100.000	42	0	0	6	47	9162081	9162122	6.10e-10	78.7	7962	N/A
72_8_1152_48768_27237/1	gi|685042185|emb|LN590710.1|	95.238	42	0	2	14	53	3790452	3790411	4.75e-06	65.8	7962	N/A
72_8_1152_48768_27237/1	gi|685042185|emb|LN590710.1|	95.238	42	0	2	14	53	6008694	6008735	4.75e-06	65.8	7962	N/A
72_8_1152_48768_27237/1	gi|685042185|emb|LN590710.1|	95.238	42	0	2	14	53	10218503	10218544	4.75e-06	65.8	7962	N/A
72_8_1152_48768_27237/1	gi|2557643774|emb|OY673254.1|	95.652	46	2	0	14	59	21732	21777	7.90e-09	75.0	2697049	N/A
72_8_1152_48768_27237/1	gi|2463378371|dbj|AP027461.1|	95.652	46	2	0	14	59	1299632	1299677	7.90e-09	75.0	511145	N/A
72_8_1152_48768_27237/1	gi|2463378371|dbj|AP027461.1|	95.652	46	2	0	14	59	1628404	1628359	7.90e-09	75.0	511145	N/A
72_8_2358_22849_23272/1	gi|2978724457|gb|PV611058.1|	89.683	126	8	4	15	137	295321	295444	2.74e-33	156	3421660	N/A
72_8_2358_22849_23272/1	gi|2978724457|gb|PV611058.1|	91.667	60	1	3	15	71	295784	295842	1.70e-10	80.5	3421660	N/A
72_8_2358_22849_23272/1	gi|2830983252|gb|CP170844.1|	88.421	95	8	2	15	107	4083423	4083330	6.02e-20	111	573	N/A
72_8_2358_22849_23272/1	gi|2557643774|emb|OY673254.1|	95.652	46	2	0	15	60	21732	21777	7.90e-09	75.0	2697049	N/A
72_8_2358_22849_23272/1	gi|2463378371|dbj|AP027461.1|	93.878	49	3	0	12	60	1299629	1299677	7.90e-09	75.0	511145	N/A
72_8_2358_22849_23272/1	gi|2463378371|dbj|AP027461.1|	95.652	46	2	0	15	60	1628404	1628359	7.90e-09	75.0	511145	N/A
72_8_2358_22849_23272/1	gi|685043901|emb|LN592426.1|	94.118	51	0	3	6	54	375099	375148	7.90e-09	75.0	7962	N/A
72_8_1241_23221_8984/1	gi|2978724457|gb|PV611058.1|	88.976	127	9	4	14	137	295320	295444	3.55e-32	152	3421660	N/A
72_8_1241_23221_8984/1	gi|2978724457|gb|PV611058.1|	92.063	63	1	3	14	73	295783	295844	3.65e-12	86.1	3421660	N/A
72_8_1241_23221_8984/1	gi|2830983252|gb|CP170844.1|	91.489	94	5	2	15	105	4083423	4083330	2.15e-24	126	573	N/A
72_8_1241_23221_8984/1	gi|2557643774|emb|OY673254.1|	92.593	54	3	1	8	60	21724	21777	2.20e-09	76.8	2697049	N/A
72_8_1241_23221_8984/1	gi|2557638192|emb|OY694677.1|	94.000	50	1	2	12	60	4298	4346	7.90e-09	75.0	2697049	N/A
72_8_1241_23221_8984/1	gi|2463378371|dbj|AP027461.1|	95.652	46	2	0	15	60	1299632	1299677	7.90e-09	75.0	511145	N/A
72_8_1241_23221_8984/1	gi|2463378371|dbj|AP027461.1|	95.652	46	2	0	15	60	1628404	1628359	7.90e-09	75.0	511145	N/A
72_8_2463_44480_20821/1	gi|2978724457|gb|PV611058.1|	90.698	129	2	5	3	128	295323	295444	1.64e-35	163	3421660	N/A
72_8_2463_44480_20821/1	gi|2978724457|gb|PV611058.1|	89.655	58	2	3	3	57	295786	295842	1.02e-07	71.3	3421660	N/A
72_8_2463_44480_20821/1	gi|2830983252|gb|CP170844.1|	86.957	92	9	2	3	91	4083421	4083330	1.30e-16	100	573	N/A
72_8_2463_44480_20821/1	gi|2557643774|emb|OY673254.1|	93.182	44	3	0	3	46	21734	21777	4.75e-06	65.8	2697049	N/A
72_8_2463_44480_20821/1	gi|2463378371|dbj|AP027461.1|	93.182	44	3	0	3	46	1299634	1299677	4.75e-06	65.8	511145	N/A
72_8_2463_44480_20821/1	gi|2463378371|dbj|AP027461.1|	93.182	44	3	0	3	46	1628402	1628359	4.75e-06	65.8	511145	N/A
72_8_2463_44480_20821/1	gi|2991388621|dbj|AP040934.1|	97.143	35	1	0	2	36	4900949	4900915	2.21e-04	60.2	562	N/A
72_8_2463_44480_20821/1	gi|2991388621|dbj|AP040934.1|	97.059	34	1	0	3	36	146951	146984	7.95e-04	58.4	562	N/A
72_8_2288_15963_9167/1	gi|2978724457|gb|PV611058.1|	96.000	125	1	3	16	137	295321	295444	1.25e-46	200	3421660	N/A
72_8_2288_15963_9167/1	gi|2978724457|gb|PV611058.1|	91.667	60	1	3	16	72	295784	295842	1.70e-10	80.5	3421660	N/A
72_8_2288_15963_9167/1	gi|2557643774|emb|OY673254.1|	95.652	46	2	0	16	61	21732	21777	7.90e-09	75.0	2697049	N/A
72_8_2288_15963_9167/1	gi|2463378371|dbj|AP027461.1|	93.878	49	3	0	13	61	1299629	1299677	7.90e-09	75.0	511145	N/A
72_8_2288_15963_9167/1	gi|2463378371|dbj|AP027461.1|	95.652	46	2	0	16	61	1628404	1628359	7.90e-09	75.0	511145	N/A
72_8_2288_15963_9167/1	gi|2560502367|emb|OY629453.1|	100.000	39	0	0	13	51	5915	5953	2.84e-08	73.1	2697049	N/A
72_8_2288_15963_9167/1	gi|2830983252|gb|CP170844.1|	81.915	94	5	2	16	97	4083423	4083330	3.67e-07	69.4	573	N/A
72_8_2145_10371_6407/1	gi|2978724457|gb|PV611058.1|	90.400	125	6	5	16	137	295323	295444	2.12e-34	159	3421660	N/A
72_8_2145_10371_6407/1	gi|2978724457|gb|PV611058.1|	91.379	58	1	3	16	70	295786	295842	2.20e-09	76.8	3421660	N/A
72_8_2145_10371_6407/1	gi|2830983252|gb|CP170844.1|	87.097	93	9	2	16	106	4083421	4083330	3.62e-17	102	573	N/A
72_8_2145_10371_6407/1	gi|2524352013|emb|OY072335.1|	95.556	45	2	0	3	47	21647	21691	2.84e-08	73.1	2697049	N/A
72_8_2145_10371_6407/1	gi|2557643774|emb|OY673254.1|	95.455	44	2	0	16	59	21734	21777	1.02e-07	71.3	2697049	N/A
72_8_2145_10371_6407/1	gi|2463378371|dbj|AP027461.1|	95.455	44	2	0	16	59	1299634	1299677	1.02e-07	71.3	511145	N/A
72_8_2145_10371_6407/1	gi|2463378371|dbj|AP027461.1|	95.455	44	2	0	16	59	1628402	1628359	1.02e-07	71.3	511145	N/A
72_8_2408_28789_6407/1	gi|2978724457|gb|PV611058.1|	91.538	130	7	3	11	137	295316	295444	2.10e-39	176	3421660	N/A
72_8_2408_28789_6407/1	gi|2978724457|gb|PV611058.1|	90.476	63	2	3	11	70	295779	295840	1.70e-10	80.5	3421660	N/A
72_8_2408_28789_6407/1	gi|2830983252|gb|CP170844.1|	83.333	96	12	3	16	109	4083423	4083330	3.65e-12	86.1	573	N/A
72_8_2408_28789_6407/1	gi|685042161|emb|LN590686.1|	94.231	52	0	3	6	55	20813821	20813871	2.20e-09	76.8	7962	N/A
72_8_2408_28789_6407/1	gi|685042161|emb|LN590686.1|	95.455	44	0	2	14	55	28125758	28125801	3.67e-07	69.4	7962	N/A
72_8_2408_28789_6407/1	gi|685042161|emb|LN590686.1|	95.349	43	0	2	15	55	4545830	4545872	1.32e-06	67.6	7962	N/A
72_8_2408_28789_6407/1	gi|685042161|emb|LN590686.1|	93.617	47	0	3	12	55	6380189	6380235	1.32e-06	67.6	7962	N/A
72_8_2408_28789_6407/1	gi|685042161|emb|LN590686.1|	95.238	42	0	2	16	55	12304839	12304798	4.75e-06	65.8	7962	N/A
72_8_2408_28789_6407/1	gi|685042161|emb|LN590686.1|	95.238	42	0	2	16	55	17091846	17091887	4.75e-06	65.8	7962	N/A
72_8_2408_28789_6407/1	gi|685042161|emb|LN590686.1|	94.872	39	0	2	19	55	12436830	12436868	2.21e-04	60.2	7962	N/A
72_8_2408_28789_6407/1	gi|2557643774|emb|OY673254.1|	95.652	46	2	0	16	61	21732	21777	7.90e-09	75.0	2697049	N/A
72_8_2408_28789_6407/1	gi|2463378371|dbj|AP027461.1|	95.652	46	2	0	16	61	1299632	1299677	7.90e-09	75.0	511145	N/A
72_8_2408_28789_6407/1	gi|2463378371|dbj|AP027461.1|	95.652	46	2	0	16	61	1628404	1628359	7.90e-09	75.0	511145	N/A
72_8_2272_34575_1210/1	gi|2978724457|gb|PV611058.1|	93.701	127	2	5	14	137	295321	295444	3.50e-42	185	3421660	N/A
72_8_2272_34575_1210/1	gi|2978724457|gb|PV611058.1|	91.803	61	1	3	14	71	295784	295843	4.72e-11	82.4	3421660	N/A
72_8_2272_34575_1210/1	gi|2830983252|gb|CP170844.1|	85.106	94	10	2	14	103	4083423	4083330	2.18e-14	93.5	573	N/A
72_8_2272_34575_1210/1	gi|2557643774|emb|OY673254.1|	95.652	46	2	0	14	59	21732	21777	7.90e-09	75.0	2697049	N/A
72_8_2272_34575_1210/1	gi|2463378371|dbj|AP027461.1|	93.878	49	3	0	11	59	1299629	1299677	7.90e-09	75.0	511145	N/A
72_8_2272_34575_1210/1	gi|2463378371|dbj|AP027461.1|	95.652	46	2	0	14	59	1628404	1628359	7.90e-09	75.0	511145	N/A
72_8_2272_34575_1210/1	gi|685049067|emb|LN597579.1|	100.000	40	0	0	9	48	1397	1436	7.90e-09	75.0	7962	N/A
72_8_1359_40773_19252/1	gi|2978724457|gb|PV611058.1|	89.683	126	8	4	15	137	295321	295444	2.74e-33	156	3421660	N/A
72_8_1359_40773_19252/1	gi|2978724457|gb|PV611058.1|	91.667	60	1	3	15	71	295784	295842	1.70e-10	80.5	3421660	N/A
72_8_1359_40773_19252/1	gi|2830983252|gb|CP170844.1|	87.368	95	9	2	15	107	4083423	4083330	2.80e-18	106	573	N/A
72_8_1359_40773_19252/1	gi|2524352013|emb|OY072335.1|	97.727	44	1	0	5	48	21648	21691	2.20e-09	76.8	2697049	N/A
72_8_1359_40773_19252/1	gi|685044439|emb|LN592964.1|	95.833	48	0	2	9	54	179349	179302	2.20e-09	76.8	7962	N/A
72_8_1359_40773_19252/1	gi|685042148|emb|LN590673.1|	95.833	48	0	2	9	54	9009491	9009538	2.20e-09	76.8	7962	N/A
72_8_1359_40773_19252/1	gi|685042148|emb|LN590673.1|	95.556	45	0	2	12	54	8955770	8955814	1.02e-07	71.3	7962	N/A
72_8_1359_40773_19252/1	gi|685042148|emb|LN590673.1|	93.182	44	2	1	9	51	9322680	9322723	1.71e-05	63.9	7962	N/A
72_8_1235_23796_3227/1	gi|2978724457|gb|PV611058.1|	87.500	128	11	4	13	137	295319	295444	2.13e-29	143	3421660	N/A
72_8_1235_23796_3227/1	gi|2978724457|gb|PV611058.1|	90.625	64	2	3	13	73	295782	295844	4.72e-11	82.4	3421660	N/A
72_8_1235_23796_3227/1	gi|2830983252|gb|CP170844.1|	89.474	95	7	2	15	107	4083423	4083330	1.29e-21	117	573	N/A
72_8_1235_23796_3227/1	gi|685042175|emb|LN590700.1|	92.727	55	1	3	3	55	14033952	14033899	2.20e-09	76.8	7962	N/A
72_8_1235_23796_3227/1	gi|685042175|emb|LN590700.1|	92.857	42	1	2	15	54	15778538	15778579	2.21e-04	60.2	7962	N/A
72_8_1235_23796_3227/1	gi|1842001608|ref|NC_047813.1|	92.157	51	2	2	10	60	18488	18536	1.02e-07	71.3	1958907	N/A
72_8_1235_23796_3227/1	gi|1842001608|ref|NC_047813.1|	95.349	43	2	0	10	52	60	18	3.67e-07	69.4	1958907	N/A
72_8_1235_23796_3227/1	gi|2557643774|emb|OY673254.1|	90.741	54	4	1	8	60	21724	21777	1.02e-07	71.3	2697049	N/A
72_8_1157_23359_5384/1	gi|2978724457|gb|PV611058.1|	92.248	129	1	7	2	127	295322	295444	7.57e-39	174	3421660	N/A
72_8_1157_23359_5384/1	gi|2978724457|gb|PV611058.1|	91.667	60	1	3	2	58	295785	295843	1.70e-10	80.5	3421660	N/A
72_8_1157_23359_5384/1	gi|2830983252|gb|CP170844.1|	87.097	93	8	2	2	90	4083422	4083330	3.62e-17	102	573	N/A
72_8_1157_23359_5384/1	gi|2557643774|emb|OY673254.1|	95.556	45	2	0	2	46	21733	21777	2.84e-08	73.1	2697049	N/A
72_8_1157_23359_5384/1	gi|2463378371|dbj|AP027461.1|	95.556	45	2	0	2	46	1299633	1299677	2.84e-08	73.1	511145	N/A
72_8_1157_23359_5384/1	gi|2463378371|dbj|AP027461.1|	95.556	45	2	0	2	46	1628403	1628359	2.84e-08	73.1	511145	N/A
72_8_1157_23359_5384/1	gi|2755084441|gb|PP943425.1|	93.478	46	1	2	2	46	67824	67780	1.32e-06	67.6	10258	N/A
72_8_1157_23359_5384/1	gi|2755084441|gb|PP943425.1|	93.333	45	1	2	2	45	67592	67635	4.75e-06	65.8	10258	N/A
72_8_1168_42060_20163/1	gi|2978724457|gb|PV611058.1|	88.095	126	10	4	15	137	295321	295444	5.93e-30	145	3421660	N/A
72_8_1168_42060_20163/1	gi|2978724457|gb|PV611058.1|	91.071	56	1	3	15	67	295784	295838	2.84e-08	73.1	3421660	N/A
72_8_1168_42060_20163/1	gi|2830983252|gb|CP170844.1|	82.653	98	11	5	15	110	4083423	4083330	4.72e-11	82.4	573	N/A
72_8_1168_42060_20163/1	gi|2557643774|emb|OY673254.1|	95.652	46	2	0	15	60	21732	21777	7.90e-09	75.0	2697049	N/A
72_8_1168_42060_20163/1	gi|2463378371|dbj|AP027461.1|	95.652	46	2	0	15	60	1299632	1299677	7.90e-09	75.0	511145	N/A
72_8_1168_42060_20163/1	gi|2463378371|dbj|AP027461.1|	95.652	46	2	0	15	60	1628404	1628359	7.90e-09	75.0	511145	N/A
72_8_1168_42060_20163/1	gi|685046063|emb|LN594588.1|	95.652	46	0	2	11	54	121372	121417	2.84e-08	73.1	7962	N/A
72_8_2203_16173_6225/1	gi|2978724457|gb|PV611058.1|	92.063	126	5	4	15	137	295321	295444	2.72e-38	172	3421660	N/A
72_8_2203_16173_6225/1	gi|2978724457|gb|PV611058.1|	91.803	61	1	3	15	72	295784	295843	4.72e-11	82.4	3421660	N/A
72_8_2203_16173_6225/1	gi|2830983252|gb|CP170844.1|	87.234	94	9	2	15	105	4083423	4083330	1.01e-17	104	573	N/A
72_8_2203_16173_6225/1	gi|2557643774|emb|OY673254.1|	95.652	46	2	0	15	60	21732	21777	7.90e-09	75.0	2697049	N/A
72_8_2203_16173_6225/1	gi|2463378371|dbj|AP027461.1|	93.878	49	3	0	12	60	1299629	1299677	7.90e-09	75.0	511145	N/A
72_8_2203_16173_6225/1	gi|2463378371|dbj|AP027461.1|	95.652	46	2	0	15	60	1628404	1628359	7.90e-09	75.0	511145	N/A
72_8_2203_16173_6225/1	gi|685043901|emb|LN592426.1|	94.118	51	0	3	6	54	375099	375148	7.90e-09	75.0	7962	N/A
72_8_2324_3347_7360/1	gi|2978724457|gb|PV611058.1|	91.270	126	6	4	15	137	295321	295444	1.27e-36	167	3421660	N/A
72_8_2324_3347_7360/1	gi|2978724457|gb|PV611058.1|	91.667	60	1	3	15	71	295784	295842	1.70e-10	80.5	3421660	N/A
72_8_2324_3347_7360/1	gi|2830983252|gb|CP170844.1|	86.316	95	10	2	15	107	4083423	4083330	1.30e-16	100	573	N/A
72_8_2324_3347_7360/1	gi|2557643774|emb|OY673254.1|	95.652	46	2	0	15	60	21732	21777	7.90e-09	75.0	2697049	N/A
72_8_2324_3347_7360/1	gi|2463378371|dbj|AP027461.1|	93.878	49	3	0	12	60	1299629	1299677	7.90e-09	75.0	511145	N/A
72_8_2324_3347_7360/1	gi|2463378371|dbj|AP027461.1|	95.652	46	2	0	15	60	1628404	1628359	7.90e-09	75.0	511145	N/A
72_8_2324_3347_7360/1	gi|685049067|emb|LN597579.1|	100.000	40	0	0	10	49	1397	1436	7.90e-09	75.0	7962	N/A
72_8_2227_22372_26732/1	gi|2978724457|gb|PV611058.1|	94.068	118	3	3	23	137	295321	295437	2.10e-39	176	3421660	N/A
72_8_2227_22372_26732/1	gi|2978724457|gb|PV611058.1|	90.000	60	2	3	23	79	295784	295842	7.90e-09	75.0	3421660	N/A
72_8_2227_22372_26732/1	gi|2830983252|gb|CP170844.1|	82.105	95	12	2	22	111	4083424	4083330	2.20e-09	76.8	573	N/A
72_8_2227_22372_26732/1	gi|2755084441|gb|PP943425.1|	92.157	51	2	2	18	67	67586	67635	1.02e-07	71.3	10258	N/A
72_8_2227_22372_26732/1	gi|2755084441|gb|PP943425.1|	91.489	47	2	2	23	68	67825	67780	1.71e-05	63.9	10258	N/A
72_8_2227_22372_26732/1	gi|2557648311|emb|OY677105.1|	97.500	40	1	0	18	57	9639	9678	3.67e-07	69.4	2697049	N/A
72_8_2227_22372_26732/1	gi|2557643774|emb|OY673254.1|	93.478	46	3	0	23	68	21732	21777	3.67e-07	69.4	2697049	N/A
72_8_2387_1566_19686/1	gi|2978724457|gb|PV611058.1|	85.827	127	13	4	14	137	295320	295444	1.66e-25	130	3421660	N/A
72_8_2387_1566_19686/1	gi|2978724457|gb|PV611058.1|	91.379	58	1	3	14	68	295783	295839	2.20e-09	76.8	3421660	N/A
72_8_2387_1566_19686/1	gi|2830983252|gb|CP170844.1|	84.314	102	6	5	15	114	4083423	4083330	7.84e-14	91.6	573	N/A
72_8_2387_1566_19686/1	gi|2557643774|emb|OY673254.1|	95.652	46	2	0	15	60	21732	21777	7.90e-09	75.0	2697049	N/A
72_8_2387_1566_19686/1	gi|2463378371|dbj|AP027461.1|	95.652	46	2	0	15	60	1299632	1299677	7.90e-09	75.0	511145	N/A
72_8_2387_1566_19686/1	gi|2463378371|dbj|AP027461.1|	95.652	46	2	0	15	60	1628404	1628359	7.90e-09	75.0	511145	N/A
72_8_2387_1566_19686/1	gi|2557638192|emb|OY694677.1|	93.878	49	1	2	13	60	4299	4346	2.84e-08	73.1	2697049	N/A
72_8_2384_32204_17557/1	gi|2978724457|gb|PV611058.1|	90.076	131	8	4	10	137	295316	295444	4.55e-36	165	3421660	N/A
72_8_2384_32204_17557/1	gi|2978724457|gb|PV611058.1|	90.909	66	1	4	10	72	295779	295842	1.31e-11	84.2	3421660	N/A
72_8_2384_32204_17557/1	gi|2830983252|gb|CP170844.1|	85.417	96	10	3	15	108	4083423	4083330	1.69e-15	97.1	573	N/A
72_8_2384_32204_17557/1	gi|2557643774|emb|OY673254.1|	95.652	46	2	0	15	60	21732	21777	7.90e-09	75.0	2697049	N/A
72_8_2384_32204_17557/1	gi|2463378371|dbj|AP027461.1|	95.652	46	2	0	15	60	1299632	1299677	7.90e-09	75.0	511145	N/A
72_8_2384_32204_17557/1	gi|2463378371|dbj|AP027461.1|	95.652	46	2	0	15	60	1628404	1628359	7.90e-09	75.0	511145	N/A
72_8_2384_32204_17557/1	gi|2560250289|emb|OY708460.1|	93.878	49	1	2	13	60	6488	6535	2.84e-08	73.1	2697049	N/A
72_8_2196_50654_24113/1	gi|2978724457|gb|PV611058.1|	93.651	126	1	6	3	125	295323	295444	4.52e-41	182	3421660	N/A
72_8_2196_50654_24113/1	gi|2978724457|gb|PV611058.1|	91.379	58	1	3	3	57	295786	295842	2.20e-09	76.8	3421660	N/A
72_8_2196_50654_24113/1	gi|2830983252|gb|CP170844.1|	82.796	93	13	2	3	93	4083421	4083330	1.70e-10	80.5	573	N/A
72_8_2196_50654_24113/1	gi|2557643774|emb|OY673254.1|	95.455	44	2	0	3	46	21734	21777	1.02e-07	71.3	2697049	N/A
72_8_2196_50654_24113/1	gi|2463378371|dbj|AP027461.1|	95.455	44	2	0	3	46	1299634	1299677	1.02e-07	71.3	511145	N/A
72_8_2196_50654_24113/1	gi|2463378371|dbj|AP027461.1|	95.455	44	2	0	3	46	1628402	1628359	1.02e-07	71.3	511145	N/A
72_8_2196_50654_24113/1	gi|2991388621|dbj|AP040934.1|	100.000	35	0	0	2	36	4900949	4900915	4.75e-06	65.8	562	N/A
72_8_2196_50654_24113/1	gi|2991388621|dbj|AP040934.1|	100.000	34	0	0	3	36	146951	146984	1.71e-05	63.9	562	N/A
72_8_2319_16311_29296/1	gi|2978724457|gb|PV611058.1|	92.308	130	1	6	8	134	295321	295444	2.10e-39	176	3421660	N/A
72_8_2319_16311_29296/1	gi|2978724457|gb|PV611058.1|	91.667	60	1	3	8	64	295784	295842	1.70e-10	80.5	3421660	N/A
72_8_2319_16311_29296/1	gi|2830983252|gb|CP170844.1|	85.417	96	11	2	7	100	4083424	4083330	1.69e-15	97.1	573	N/A
72_8_2319_16311_29296/1	gi|2557643774|emb|OY673254.1|	95.652	46	2	0	8	53	21732	21777	7.90e-09	75.0	2697049	N/A
72_8_2319_16311_29296/1	gi|2463378371|dbj|AP027461.1|	95.652	46	2	0	8	53	1299632	1299677	7.90e-09	75.0	511145	N/A
72_8_2319_16311_29296/1	gi|2463378371|dbj|AP027461.1|	95.652	46	2	0	8	53	1628404	1628359	7.90e-09	75.0	511145	N/A
72_8_2319_16311_29296/1	gi|2755084441|gb|PP943425.1|	93.878	49	1	2	5	52	67588	67635	2.84e-08	73.1	10258	N/A
72_8_2319_16311_29296/1	gi|2755084441|gb|PP943425.1|	93.617	47	1	2	8	53	67825	67780	3.67e-07	69.4	10258	N/A
72_8_1225_36727_17179/1	gi|2978724457|gb|PV611058.1|	93.023	129	1	4	10	135	295321	295444	4.52e-41	182	3421660	N/A
72_8_1225_36727_17179/1	gi|2978724457|gb|PV611058.1|	91.667	60	1	3	10	66	295784	295842	1.70e-10	80.5	3421660	N/A
72_8_1225_36727_17179/1	gi|2830983252|gb|CP170844.1|	86.170	94	10	2	10	100	4083423	4083330	4.68e-16	99.0	573	N/A
72_8_1225_36727_17179/1	gi|2557643774|emb|OY673254.1|	95.652	46	2	0	10	55	21732	21777	7.90e-09	75.0	2697049	N/A
72_8_1225_36727_17179/1	gi|2463378371|dbj|AP027461.1|	95.652	46	2	0	10	55	1299632	1299677	7.90e-09	75.0	511145	N/A
72_8_1225_36727_17179/1	gi|2463378371|dbj|AP027461.1|	95.652	46	2	0	10	55	1628404	1628359	7.90e-09	75.0	511145	N/A
72_8_1225_36727_17179/1	gi|685042206|emb|LN590731.1|	95.652	46	0	2	7	50	347607	347652	2.84e-08	73.1	7962	N/A
72_8_1316_24548_3101/1	gi|2978724457|gb|PV611058.1|	93.600	125	4	3	16	137	295321	295444	1.26e-41	183	3421660	N/A
72_8_1316_24548_3101/1	gi|2978724457|gb|PV611058.1|	91.667	60	1	3	16	72	295784	295842	1.70e-10	80.5	3421660	N/A
72_8_1316_24548_3101/1	gi|2830983252|gb|CP170844.1|	85.106	94	10	2	16	105	4083423	4083330	2.18e-14	93.5	573	N/A
72_8_1316_24548_3101/1	gi|685042160|emb|LN590685.1|	95.918	49	0	2	9	55	16867634	16867586	6.10e-10	78.7	7962	N/A
72_8_1316_24548_3101/1	gi|685042160|emb|LN590685.1|	93.750	48	1	2	10	55	850803	850850	1.02e-07	71.3	7962	N/A
72_8_1316_24548_3101/1	gi|685042160|emb|LN590685.1|	95.238	42	0	2	16	55	14193258	14193217	4.75e-06	65.8	7962	N/A
72_8_1316_24548_3101/1	gi|685042160|emb|LN590685.1|	95.238	42	0	2	16	55	18159835	18159794	4.75e-06	65.8	7962	N/A
72_8_1316_24548_3101/1	gi|2557643774|emb|OY673254.1|	95.652	46	2	0	16	61	21732	21777	7.90e-09	75.0	2697049	N/A
72_8_1316_24548_3101/1	gi|2463378371|dbj|AP027461.1|	95.652	46	2	0	16	61	1299632	1299677	7.90e-09	75.0	511145	N/A
72_8_1316_24548_3101/1	gi|2463378371|dbj|AP027461.1|	95.652	46	2	0	16	61	1628404	1628359	7.90e-09	75.0	511145	N/A
72_8_2304_6559_7934/1	gi|2978724457|gb|PV611058.1|	90.769	130	3	4	2	129	295322	295444	4.55e-36	165	3421660	N/A
72_8_2304_6559_7934/1	gi|2978724457|gb|PV611058.1|	91.379	58	3	2	2	57	295785	295842	6.10e-10	78.7	3421660	N/A
72_8_2304_6559_7934/1	gi|2830983252|gb|CP170844.1|	89.247	93	7	2	2	91	4083422	4083330	1.67e-20	113	573	N/A
72_8_2304_6559_7934/1	gi|2557643774|emb|OY673254.1|	95.556	45	2	0	2	46	21733	21777	2.84e-08	73.1	2697049	N/A
72_8_2304_6559_7934/1	gi|780644672|ref|XM_011690559.1|	100.000	37	0	0	2	38	1039	1075	3.67e-07	69.4	64793	N/A
72_8_2304_6559_7934/1	gi|685042188|emb|LN590713.1|	100.000	37	0	0	2	38	7120049	7120085	3.67e-07	69.4	7962	N/A
72_8_2304_6559_7934/1	gi|685042188|emb|LN590713.1|	100.000	29	0	0	2	30	16189617	16189589	0.010	54.7	7962	N/A
72_8_1281_49472_10889/1	gi|2978724457|gb|PV611058.1|	90.476	126	7	4	15	137	295321	295444	5.89e-35	161	3421660	N/A
72_8_1281_49472_10889/1	gi|2978724457|gb|PV611058.1|	91.667	60	1	3	15	71	295784	295842	1.70e-10	80.5	3421660	N/A
72_8_1281_49472_10889/1	gi|2830983252|gb|CP170844.1|	86.598	97	10	2	13	107	4083425	4083330	1.01e-17	104	573	N/A
72_8_1281_49472_10889/1	gi|2557643774|emb|OY673254.1|	95.652	46	2	0	15	60	21732	21777	7.90e-09	75.0	2697049	N/A
72_8_1281_49472_10889/1	gi|2463378371|dbj|AP027461.1|	95.652	46	2	0	15	60	1299632	1299677	7.90e-09	75.0	511145	N/A
72_8_1281_49472_10889/1	gi|2463378371|dbj|AP027461.1|	95.652	46	2	0	15	60	1628404	1628359	7.90e-09	75.0	511145	N/A
72_8_1281_49472_10889/1	gi|2165836832|emb|OV197136.1|	92.593	54	1	3	8	60	122	71	7.90e-09	75.0	2697049	N/A
72_8_2431_27615_12472/1	gi|2978724457|gb|PV611058.1|	90.909	132	1	7	1	129	295321	295444	1.27e-36	167	3421660	N/A
72_8_2431_27615_12472/1	gi|2978724457|gb|PV611058.1|	91.803	61	1	3	1	58	295784	295843	4.72e-11	82.4	3421660	N/A
72_8_2431_27615_12472/1	gi|2830983252|gb|CP170844.1|	87.368	95	9	2	1	93	4083423	4083330	2.80e-18	106	573	N/A
72_8_2431_27615_12472/1	gi|2557643774|emb|OY673254.1|	95.652	46	2	0	1	46	21732	21777	7.90e-09	75.0	2697049	N/A
72_8_2431_27615_12472/1	gi|2463378371|dbj|AP027461.1|	95.652	46	2	0	1	46	1299632	1299677	7.90e-09	75.0	511145	N/A
72_8_2431_27615_12472/1	gi|2463378371|dbj|AP027461.1|	95.652	46	2	0	1	46	1628404	1628359	7.90e-09	75.0	511145	N/A
72_8_2431_27615_12472/1	gi|2755084441|gb|PP943425.1|	93.617	47	1	2	1	46	67825	67780	3.67e-07	69.4	10258	N/A
72_8_2431_27615_12472/1	gi|2755084441|gb|PP943425.1|	93.478	46	1	2	1	45	67591	67635	1.32e-06	67.6	10258	N/A
72_8_1333_36549_1714/1	gi|2155043183|emb|OV015804.1|	100.000	28	0	0	2	29	29938	29911	0.037	52.8	2697049	N/A
72_8_2177_13503_10511/1	gi|2978724457|gb|PV611058.1|	87.500	96	10	2	44	137	295321	295416	2.16e-19	110	3421660	N/A
72_8_2177_13503_10511/1	gi|2978724457|gb|PV611058.1|	91.379	58	3	2	44	99	295784	295841	6.10e-10	78.7	3421660	N/A
72_8_2177_13503_10511/1	gi|2830983252|gb|CP170844.1|	87.500	96	8	3	43	135	4083424	4083330	7.78e-19	108	573	N/A
72_8_2177_13503_10511/1	gi|2557643774|emb|OY673254.1|	95.652	46	2	0	44	89	21732	21777	7.90e-09	75.0	2697049	N/A
72_8_2177_13503_10511/1	gi|2165832678|emb|OV195277.1|	92.453	53	3	1	37	89	138	87	7.90e-09	75.0	2697049	N/A
72_8_2177_13503_10511/1	gi|2557648311|emb|OY677105.1|	97.674	43	0	1	37	78	9636	9678	2.84e-08	73.1	2697049	N/A
72_8_2175_46988_13481/1	gi|2978724457|gb|PV611058.1|	93.893	131	1	6	8	135	295318	295444	7.51e-44	191	3421660	N/A
72_8_2175_46988_13481/1	gi|2978724457|gb|PV611058.1|	90.625	64	1	4	8	68	295781	295842	1.70e-10	80.5	3421660	N/A
72_8_2175_46988_13481/1	gi|2830983252|gb|CP170844.1|	84.211	95	11	2	11	101	4083424	4083330	2.82e-13	89.8	573	N/A
72_8_2175_46988_13481/1	gi|685042175|emb|LN590700.1|	94.231	52	1	2	3	52	14033950	14033899	6.10e-10	78.7	7962	N/A
72_8_2175_46988_13481/1	gi|685042175|emb|LN590700.1|	95.349	43	0	2	11	51	15778537	15778579	1.32e-06	67.6	7962	N/A
72_8_2175_46988_13481/1	gi|2557643774|emb|OY673254.1|	91.228	57	4	1	2	57	21721	21777	2.20e-09	76.8	2697049	N/A
72_8_2175_46988_13481/1	gi|685042242|emb|LN590767.1|	95.833	48	0	2	6	51	603262	603215	2.20e-09	76.8	7962	N/A
72_8_2101_27632_7458/1	gi|2978724457|gb|PV611058.1|	87.500	128	7	5	15	137	295321	295444	2.76e-28	139	3421660	N/A
72_8_2101_27632_7458/1	gi|2978724457|gb|PV611058.1|	88.333	60	3	3	15	71	295784	295842	3.67e-07	69.4	3421660	N/A
72_8_2101_27632_7458/1	gi|685046059|emb|LN594584.1|	92.593	54	2	2	3	54	7182	7129	2.20e-09	76.8	7962	N/A
72_8_2101_27632_7458/1	gi|685047827|emb|LN596339.1|	94.000	50	1	2	7	54	601778	601827	7.90e-09	75.0	7962	N/A
72_8_2101_27632_7458/1	gi|685043901|emb|LN592426.1|	95.745	47	0	2	10	54	375102	375148	7.90e-09	75.0	7962	N/A
72_8_2101_27632_7458/1	gi|2560502367|emb|OY629453.1|	100.000	39	0	0	12	50	5915	5953	2.84e-08	73.1	2697049	N/A
72_8_1494_38993_29646/1	gi|2978724457|gb|PV611058.1|	96.032	126	1	3	15	137	295320	295444	3.47e-47	202	3421660	N/A
72_8_1494_38993_29646/1	gi|2978724457|gb|PV611058.1|	91.803	61	1	3	15	72	295783	295842	4.72e-11	82.4	3421660	N/A
72_8_1494_38993_29646/1	gi|685042175|emb|LN590700.1|	94.231	52	1	2	7	56	14033950	14033899	6.10e-10	78.7	7962	N/A
72_8_1494_38993_29646/1	gi|685042175|emb|LN590700.1|	95.238	42	0	2	16	55	15778538	15778579	4.75e-06	65.8	7962	N/A
72_8_1494_38993_29646/1	gi|685042195|emb|LN590720.1|	95.833	48	0	2	10	55	5765844	5765797	2.20e-09	76.8	7962	N/A
72_8_1494_38993_29646/1	gi|685042195|emb|LN590720.1|	95.556	45	0	2	13	55	2930131	2930175	1.02e-07	71.3	7962	N/A
72_8_1494_38993_29646/1	gi|2557643774|emb|OY673254.1|	95.652	46	2	0	16	61	21732	21777	7.90e-09	75.0	2697049	N/A
72_8_1494_38993_29646/1	gi|2830983252|gb|CP170844.1|	81.915	94	5	2	16	97	4083423	4083330	3.67e-07	69.4	573	N/A
72_8_1193_48882_4824/1	gi|2978724457|gb|PV611058.1|	96.000	125	1	3	9	130	295321	295444	1.25e-46	200	3421660	N/A
72_8_1193_48882_4824/1	gi|2978724457|gb|PV611058.1|	91.667	60	1	3	9	65	295784	295842	1.70e-10	80.5	3421660	N/A
72_8_1193_48882_4824/1	gi|2463378371|dbj|AP027461.1|	92.593	54	2	2	3	54	1299624	1299677	2.20e-09	76.8	511145	N/A
72_8_1193_48882_4824/1	gi|2463378371|dbj|AP027461.1|	95.652	46	2	0	9	54	1628404	1628359	7.90e-09	75.0	511145	N/A
72_8_1193_48882_4824/1	gi|2557643774|emb|OY673254.1|	95.652	46	2	0	9	54	21732	21777	7.90e-09	75.0	2697049	N/A
72_8_1193_48882_4824/1	gi|2560502367|emb|OY629453.1|	100.000	38	0	0	7	44	5916	5953	1.02e-07	71.3	2697049	N/A
72_8_1193_48882_4824/1	gi|2830983252|gb|CP170844.1|	81.915	94	5	2	9	90	4083423	4083330	3.67e-07	69.4	573	N/A
72_8_1378_23246_29198/1	gi|2978724457|gb|PV611058.1|	93.023	129	1	6	8	133	295321	295444	4.52e-41	182	3421660	N/A
72_8_1378_23246_29198/1	gi|2978724457|gb|PV611058.1|	91.667	60	1	3	8	64	295784	295842	1.70e-10	80.5	3421660	N/A
72_8_1378_23246_29198/1	gi|2830983252|gb|CP170844.1|	86.316	95	10	2	7	98	4083424	4083330	1.30e-16	100	573	N/A
72_8_1378_23246_29198/1	gi|2557643774|emb|OY673254.1|	95.652	46	2	0	8	53	21732	21777	7.90e-09	75.0	2697049	N/A
72_8_1378_23246_29198/1	gi|2463378371|dbj|AP027461.1|	95.652	46	2	0	8	53	1299632	1299677	7.90e-09	75.0	511145	N/A
72_8_1378_23246_29198/1	gi|2463378371|dbj|AP027461.1|	95.652	46	2	0	8	53	1628404	1628359	7.90e-09	75.0	511145	N/A
72_8_1378_23246_29198/1	gi|2755084441|gb|PP943425.1|	93.878	49	1	2	5	52	67588	67635	2.84e-08	73.1	10258	N/A
72_8_1378_23246_29198/1	gi|2755084441|gb|PP943425.1|	93.617	47	1	2	8	53	67825	67780	3.67e-07	69.4	10258	N/A
72_8_1380_38046_2373/1	gi|2978724457|gb|PV611058.1|	87.407	135	5	11	2	136	295322	295444	5.93e-30	145	3421660	N/A
72_8_1380_38046_2373/1	gi|2978724457|gb|PV611058.1|	88.525	61	1	5	2	59	295785	295842	3.67e-07	69.4	3421660	N/A
72_8_1380_38046_2373/1	gi|2830983252|gb|CP170844.1|	82.292	96	12	4	2	95	4083422	4083330	6.10e-10	78.7	573	N/A
72_8_1380_38046_2373/1	gi|2557643774|emb|OY673254.1|	95.556	45	2	0	2	46	21733	21777	2.84e-08	73.1	2697049	N/A
72_8_1380_38046_2373/1	gi|2463378371|dbj|AP027461.1|	95.556	45	2	0	2	46	1299633	1299677	2.84e-08	73.1	511145	N/A
72_8_1380_38046_2373/1	gi|2463378371|dbj|AP027461.1|	95.556	45	2	0	2	46	1628403	1628359	2.84e-08	73.1	511145	N/A
72_8_1380_38046_2373/1	gi|2755084441|gb|PP943425.1|	93.478	46	1	2	2	46	67824	67780	1.32e-06	67.6	10258	N/A
72_8_1380_38046_2373/1	gi|2755084441|gb|PP943425.1|	93.333	45	1	2	2	45	67592	67635	4.75e-06	65.8	10258	N/A
72_8_2355_39843_29352/1	gi|2978724457|gb|PV611058.1|	90.625	128	8	3	13	137	295318	295444	1.27e-36	167	3421660	N/A
72_8_2355_39843_29352/1	gi|2978724457|gb|PV611058.1|	90.625	64	2	3	13	73	295781	295843	4.72e-11	82.4	3421660	N/A
72_8_2355_39843_29352/1	gi|2830983252|gb|CP170844.1|	88.421	95	9	1	15	107	4083424	4083330	1.67e-20	113	573	N/A
72_8_2355_39843_29352/1	gi|2557643774|emb|OY673254.1|	95.652	46	2	0	16	61	21732	21777	7.90e-09	75.0	2697049	N/A
72_8_2355_39843_29352/1	gi|2463378371|dbj|AP027461.1|	95.652	46	2	0	16	61	1299632	1299677	7.90e-09	75.0	511145	N/A
72_8_2355_39843_29352/1	gi|2463378371|dbj|AP027461.1|	95.652	46	2	0	16	61	1628404	1628359	7.90e-09	75.0	511145	N/A
72_8_2355_39843_29352/1	gi|2165836832|emb|OV197136.1|	92.308	52	2	2	11	61	121	71	2.84e-08	73.1	2697049	N/A
72_8_1373_43330_6393/1	gi|2978724457|gb|PV611058.1|	92.126	127	4	5	14	137	295321	295444	7.57e-39	174	3421660	N/A
72_8_1373_43330_6393/1	gi|2978724457|gb|PV611058.1|	91.667	60	1	3	14	70	295784	295842	1.70e-10	80.5	3421660	N/A
72_8_1373_43330_6393/1	gi|2830983252|gb|CP170844.1|	87.234	94	9	2	14	104	4083423	4083330	1.01e-17	104	573	N/A
72_8_1373_43330_6393/1	gi|2557643774|emb|OY673254.1|	95.652	46	2	0	14	59	21732	21777	7.90e-09	75.0	2697049	N/A
72_8_1373_43330_6393/1	gi|2463378371|dbj|AP027461.1|	93.878	49	3	0	11	59	1299629	1299677	7.90e-09	75.0	511145	N/A
72_8_1373_43330_6393/1	gi|2463378371|dbj|AP027461.1|	95.652	46	2	0	14	59	1628404	1628359	7.90e-09	75.0	511145	N/A
72_8_1373_43330_6393/1	gi|685047827|emb|LN596339.1|	94.000	50	1	2	6	53	601778	601827	7.90e-09	75.0	7962	N/A
72_8_2359_44536_2009/1	gi|2978724457|gb|PV611058.1|	88.235	102	8	3	39	137	295321	295421	3.60e-22	119	3421660	N/A
72_8_2359_44536_2009/1	gi|2978724457|gb|PV611058.1|	91.667	60	1	3	39	95	295784	295842	1.70e-10	80.5	3421660	N/A
72_8_2359_44536_2009/1	gi|2830983252|gb|CP170844.1|	89.362	94	8	1	39	130	4083423	4083330	1.29e-21	117	573	N/A
72_8_2359_44536_2009/1	gi|2557643774|emb|OY673254.1|	95.652	46	2	0	39	84	21732	21777	7.90e-09	75.0	2697049	N/A
72_8_2359_44536_2009/1	gi|2463378371|dbj|AP027461.1|	95.652	46	2	0	39	84	1299632	1299677	7.90e-09	75.0	511145	N/A
72_8_2359_44536_2009/1	gi|2463378371|dbj|AP027461.1|	95.652	46	2	0	39	84	1628404	1628359	7.90e-09	75.0	511145	N/A
72_8_2359_44536_2009/1	gi|2155043183|emb|OV015804.1|	100.000	40	0	0	36	75	29950	29911	7.90e-09	75.0	2697049	N/A
72_8_1221_48890_5763/1	gi|2978724457|gb|PV611058.1|	90.476	126	7	4	15	137	295321	295444	5.89e-35	161	3421660	N/A
72_8_1221_48890_5763/1	gi|2978724457|gb|PV611058.1|	91.667	60	1	3	15	71	295784	295842	1.70e-10	80.5	3421660	N/A
72_8_1221_48890_5763/1	gi|2830983252|gb|CP170844.1|	85.417	96	10	3	15	108	4083423	4083330	1.69e-15	97.1	573	N/A
72_8_1221_48890_5763/1	gi|2524352013|emb|OY072335.1|	97.727	44	1	0	5	48	21648	21691	2.20e-09	76.8	2697049	N/A
72_8_1221_48890_5763/1	gi|685044439|emb|LN592964.1|	95.833	48	0	2	9	54	179349	179302	2.20e-09	76.8	7962	N/A
72_8_1221_48890_5763/1	gi|685042148|emb|LN590673.1|	95.833	48	0	2	9	54	9009491	9009538	2.20e-09	76.8	7962	N/A
72_8_1221_48890_5763/1	gi|685042148|emb|LN590673.1|	95.556	45	0	2	12	54	8955770	8955814	1.02e-07	71.3	7962	N/A
72_8_1221_48890_5763/1	gi|685042148|emb|LN590673.1|	93.182	44	2	1	9	51	9322680	9322723	1.71e-05	63.9	7962	N/A
72_8_2169_2440_18398/1	gi|2978724457|gb|PV611058.1|	85.714	126	13	4	15	137	295321	295444	5.98e-25	128	3421660	N/A
72_8_2169_2440_18398/1	gi|2978724457|gb|PV611058.1|	91.525	59	1	3	15	70	295784	295841	6.10e-10	78.7	3421660	N/A
72_8_2169_2440_18398/1	gi|2830983252|gb|CP170844.1|	90.722	97	6	2	13	107	4083425	4083330	2.15e-24	126	573	N/A
72_8_2169_2440_18398/1	gi|2557643774|emb|OY673254.1|	95.652	46	2	0	15	60	21732	21777	7.90e-09	75.0	2697049	N/A
72_8_2169_2440_18398/1	gi|2463378371|dbj|AP027461.1|	95.652	46	2	0	15	60	1299632	1299677	7.90e-09	75.0	511145	N/A
72_8_2169_2440_18398/1	gi|2463378371|dbj|AP027461.1|	95.652	46	2	0	15	60	1628404	1628359	7.90e-09	75.0	511145	N/A
72_8_2169_2440_18398/1	gi|2165836832|emb|OV197136.1|	92.593	54	1	3	8	60	122	71	7.90e-09	75.0	2697049	N/A
72_8_2378_41477_13271/1	gi|2978724457|gb|PV611058.1|	91.743	109	4	4	32	137	295318	295424	1.65e-30	147	3421660	N/A
72_8_2378_41477_13271/1	gi|2978724457|gb|PV611058.1|	90.625	64	1	4	32	92	295781	295842	1.70e-10	80.5	3421660	N/A
72_8_2378_41477_13271/1	gi|2557643774|emb|OY673254.1|	92.593	54	3	1	29	81	21724	21777	2.20e-09	76.8	2697049	N/A
72_8_2378_41477_13271/1	gi|685042242|emb|LN590767.1|	95.833	48	0	2	30	75	603262	603215	2.20e-09	76.8	7962	N/A
72_8_2378_41477_13271/1	gi|685042175|emb|LN590700.1|	94.118	51	1	2	28	76	14033949	14033899	2.20e-09	76.8	7962	N/A
72_8_2378_41477_13271/1	gi|685042175|emb|LN590700.1|	95.349	43	0	2	35	75	15778537	15778579	1.32e-06	67.6	7962	N/A
72_8_2378_41477_13271/1	gi|2830983252|gb|CP170844.1|	100.000	35	0	0	35	69	4083424	4083390	4.75e-06	65.8	573	N/A
72_8_2453_8218_11674/1	gi|2978724457|gb|PV611058.1|	89.922	129	8	4	12	137	295318	295444	5.89e-35	161	3421660	N/A
72_8_2453_8218_11674/1	gi|2978724457|gb|PV611058.1|	92.308	65	1	3	12	73	295781	295844	2.82e-13	89.8	3421660	N/A
72_8_2453_8218_11674/1	gi|2830983252|gb|CP170844.1|	90.426	94	5	2	15	104	4083423	4083330	1.00e-22	121	573	N/A
72_8_2453_8218_11674/1	gi|685042177|emb|LN590702.1|	92.727	55	1	3	3	54	6762486	6762540	2.20e-09	76.8	7962	N/A
72_8_2453_8218_11674/1	gi|685042177|emb|LN590702.1|	95.238	42	0	2	15	54	1181065	1181106	4.75e-06	65.8	7962	N/A
72_8_2453_8218_11674/1	gi|685042177|emb|LN590702.1|	95.238	42	0	2	15	54	3995989	3995948	4.75e-06	65.8	7962	N/A
72_8_2453_8218_11674/1	gi|685042177|emb|LN590702.1|	95.238	42	0	2	15	54	6540861	6540902	4.75e-06	65.8	7962	N/A
72_8_2453_8218_11674/1	gi|685042177|emb|LN590702.1|	91.837	49	0	3	8	54	6862994	6863040	4.75e-06	65.8	7962	N/A
72_8_2453_8218_11674/1	gi|685042177|emb|LN590702.1|	100.000	34	0	0	14	47	1157093	1157060	1.71e-05	63.9	7962	N/A
72_8_2453_8218_11674/1	gi|2557643774|emb|OY673254.1|	92.453	53	2	2	10	60	21725	21777	7.90e-09	75.0	2697049	N/A
72_8_2453_8218_11674/1	gi|2463378371|dbj|AP027461.1|	95.652	46	2	0	15	60	1299632	1299677	7.90e-09	75.0	511145	N/A
72_8_2453_8218_11674/1	gi|2463378371|dbj|AP027461.1|	95.652	46	2	0	15	60	1628404	1628359	7.90e-09	75.0	511145	N/A
72_8_2138_20713_10273/1	gi|2719965819|gb|PP582185.1|	100.000	36	0	0	15	50	17845	17880	1.32e-06	67.6	3138323	N/A
72_8_2138_20713_10273/1	gi|3014747989|dbj|AP041609.1|	100.000	35	0	0	16	50	869009	868975	4.75e-06	65.8	1280	N/A
72_8_2297_23691_29156/1	gi|2978724457|gb|PV611058.1|	92.366	131	5	4	10	137	295316	295444	4.52e-41	182	3421660	N/A
72_8_2297_23691_29156/1	gi|2978724457|gb|PV611058.1|	90.769	65	2	3	10	71	295779	295842	1.31e-11	84.2	3421660	N/A
72_8_2297_23691_29156/1	gi|2830983252|gb|CP170844.1|	83.333	96	12	3	15	108	4083423	4083330	3.65e-12	86.1	573	N/A
72_8_2297_23691_29156/1	gi|2557643774|emb|OY673254.1|	95.652	46	2	0	15	60	21732	21777	7.90e-09	75.0	2697049	N/A
72_8_2297_23691_29156/1	gi|2463378371|dbj|AP027461.1|	93.878	49	3	0	12	60	1299629	1299677	7.90e-09	75.0	511145	N/A
72_8_2297_23691_29156/1	gi|2463378371|dbj|AP027461.1|	95.652	46	2	0	15	60	1628404	1628359	7.90e-09	75.0	511145	N/A
72_8_2297_23691_29156/1	gi|685047827|emb|LN596339.1|	94.000	50	1	2	7	54	601778	601827	7.90e-09	75.0	7962	N/A
72_8_2470_9918_13495/1	gi|2978724457|gb|PV611058.1|	92.424	132	2	7	3	131	295318	295444	4.52e-41	182	3421660	N/A
72_8_2470_9918_13495/1	gi|2978724457|gb|PV611058.1|	90.476	63	2	3	3	62	295781	295842	1.70e-10	80.5	3421660	N/A
72_8_2470_9918_13495/1	gi|2830983252|gb|CP170844.1|	84.375	96	12	2	5	98	4083424	4083330	7.84e-14	91.6	573	N/A
72_8_2470_9918_13495/1	gi|2557643774|emb|OY673254.1|	95.652	46	2	0	6	51	21732	21777	7.90e-09	75.0	2697049	N/A
72_8_2470_9918_13495/1	gi|2463378371|dbj|AP027461.1|	95.652	46	2	0	6	51	1299632	1299677	7.90e-09	75.0	511145	N/A
72_8_2470_9918_13495/1	gi|2463378371|dbj|AP027461.1|	95.652	46	2	0	6	51	1628404	1628359	7.90e-09	75.0	511145	N/A
72_8_2470_9918_13495/1	gi|2044627981|gb|MW927522.1|	100.000	39	0	0	1	39	41935	41897	2.84e-08	73.1	2835998	N/A
72_8_2470_9918_13495/1	gi|2044627981|gb|MW927522.1|	100.000	33	0	0	7	39	39550	39582	6.15e-05	62.1	2835998	N/A
72_8_1203_31775_4040/1	gi|2978724457|gb|PV611058.1|	96.032	126	1	3	4	126	295320	295444	3.47e-47	202	3421660	N/A
72_8_1203_31775_4040/1	gi|2978724457|gb|PV611058.1|	91.803	61	1	3	4	61	295783	295842	4.72e-11	82.4	3421660	N/A
72_8_1203_31775_4040/1	gi|2557643774|emb|OY673254.1|	95.652	46	2	0	5	50	21732	21777	7.90e-09	75.0	2697049	N/A
72_8_1203_31775_4040/1	gi|2463378371|dbj|AP027461.1|	93.878	49	3	0	2	50	1299629	1299677	7.90e-09	75.0	511145	N/A
72_8_1203_31775_4040/1	gi|2463378371|dbj|AP027461.1|	95.652	46	2	0	5	50	1628404	1628359	7.90e-09	75.0	511145	N/A
72_8_1203_31775_4040/1	gi|685047827|emb|LN596339.1|	95.652	46	0	2	1	44	601782	601827	2.84e-08	73.1	7962	N/A
72_8_1203_31775_4040/1	gi|2830983252|gb|CP170844.1|	81.915	94	5	2	5	86	4083423	4083330	3.67e-07	69.4	573	N/A
72_8_2258_31022_3886/1	gi|2978724457|gb|PV611058.1|	90.551	127	6	5	14	137	295321	295444	1.64e-35	163	3421660	N/A
72_8_2258_31022_3886/1	gi|2978724457|gb|PV611058.1|	90.164	61	2	3	14	71	295784	295843	2.20e-09	76.8	3421660	N/A
72_8_2258_31022_3886/1	gi|2830983252|gb|CP170844.1|	84.211	95	12	2	14	106	4083423	4083330	2.82e-13	89.8	573	N/A
72_8_2258_31022_3886/1	gi|2557643774|emb|OY673254.1|	95.652	46	2	0	14	59	21732	21777	7.90e-09	75.0	2697049	N/A
72_8_2258_31022_3886/1	gi|2463378371|dbj|AP027461.1|	95.652	46	2	0	14	59	1299632	1299677	7.90e-09	75.0	511145	N/A
72_8_2258_31022_3886/1	gi|2463378371|dbj|AP027461.1|	95.652	46	2	0	14	59	1628404	1628359	7.90e-09	75.0	511145	N/A
72_8_2258_31022_3886/1	gi|685044439|emb|LN592964.1|	92.453	53	1	3	3	53	179353	179302	2.84e-08	73.1	7962	N/A
72_8_2486_44196_23496/1	gi|2978724457|gb|PV611058.1|	94.488	127	1	5	12	135	295321	295444	7.51e-44	191	3421660	N/A
72_8_2486_44196_23496/1	gi|2978724457|gb|PV611058.1|	91.667	60	1	3	12	68	295784	295842	1.70e-10	80.5	3421660	N/A
72_8_2486_44196_23496/1	gi|2830983252|gb|CP170844.1|	84.043	94	10	2	12	100	4083423	4083330	3.65e-12	86.1	573	N/A
72_8_2486_44196_23496/1	gi|685044439|emb|LN592964.1|	95.833	48	0	2	6	51	179349	179302	2.20e-09	76.8	7962	N/A
72_8_2486_44196_23496/1	gi|685042148|emb|LN590673.1|	95.833	48	0	2	6	51	9009491	9009538	2.20e-09	76.8	7962	N/A
72_8_2486_44196_23496/1	gi|685042148|emb|LN590673.1|	95.556	45	0	2	9	51	8955770	8955814	1.02e-07	71.3	7962	N/A
72_8_2486_44196_23496/1	gi|685042148|emb|LN590673.1|	93.182	44	2	1	6	48	9322680	9322723	1.71e-05	63.9	7962	N/A
72_8_2486_44196_23496/1	gi|2557643774|emb|OY673254.1|	95.652	46	2	0	12	57	21732	21777	7.90e-09	75.0	2697049	N/A
72_8_1475_49303_29590/1	gi|2155043183|emb|OV015804.1|	100.000	28	0	0	2	29	29938	29911	0.037	52.8	2697049	N/A
72_8_2190_15291_23973/1	gi|2978724457|gb|PV611058.1|	95.276	127	1	4	13	136	295320	295444	1.61e-45	196	3421660	N/A
72_8_2190_15291_23973/1	gi|2978724457|gb|PV611058.1|	91.803	61	1	3	13	70	295783	295842	4.72e-11	82.4	3421660	N/A
72_8_2190_15291_23973/1	gi|2830983252|gb|CP170844.1|	82.979	94	7	2	14	98	4083423	4083330	2.20e-09	76.8	573	N/A
72_8_2190_15291_23973/1	gi|2557643774|emb|OY673254.1|	95.652	46	2	0	14	59	21732	21777	7.90e-09	75.0	2697049	N/A
72_8_2190_15291_23973/1	gi|2463378371|dbj|AP027461.1|	95.652	46	2	0	14	59	1299632	1299677	7.90e-09	75.0	511145	N/A
72_8_2190_15291_23973/1	gi|2463378371|dbj|AP027461.1|	95.652	46	2	0	14	59	1628404	1628359	7.90e-09	75.0	511145	N/A
72_8_2190_15291_23973/1	gi|685042177|emb|LN590702.1|	92.593	54	0	4	4	53	6540849	6540902	7.90e-09	75.0	7962	N/A
72_8_2190_15291_23973/1	gi|685042177|emb|LN590702.1|	95.238	42	0	2	14	53	1181065	1181106	4.75e-06	65.8	7962	N/A
72_8_2190_15291_23973/1	gi|685042177|emb|LN590702.1|	95.238	42	0	2	14	53	3995989	3995948	4.75e-06	65.8	7962	N/A
72_8_2190_15291_23973/1	gi|685042177|emb|LN590702.1|	95.238	42	0	2	14	53	6762499	6762540	4.75e-06	65.8	7962	N/A
72_8_2190_15291_23973/1	gi|685042177|emb|LN590702.1|	95.238	42	0	2	14	53	6862999	6863040	4.75e-06	65.8	7962	N/A
72_8_2190_15291_23973/1	gi|685042177|emb|LN590702.1|	93.333	45	0	2	5	46	1157104	1157060	1.71e-05	63.9	7962	N/A
72_8_2337_41081_9026/1	gi|2978724457|gb|PV611058.1|	88.372	129	7	4	12	137	295321	295444	4.59e-31	148	3421660	N/A
72_8_2337_41081_9026/1	gi|2978724457|gb|PV611058.1|	91.667	60	1	3	12	68	295784	295842	1.70e-10	80.5	3421660	N/A
72_8_2337_41081_9026/1	gi|2830983252|gb|CP170844.1|	88.542	96	7	3	12	105	4083423	4083330	1.67e-20	113	573	N/A
72_8_2337_41081_9026/1	gi|2557643774|emb|OY673254.1|	91.228	57	4	1	2	57	21721	21777	2.20e-09	76.8	2697049	N/A
72_8_2337_41081_9026/1	gi|2463378371|dbj|AP027461.1|	95.652	46	2	0	12	57	1299632	1299677	7.90e-09	75.0	511145	N/A
72_8_2337_41081_9026/1	gi|2463378371|dbj|AP027461.1|	95.652	46	2	0	12	57	1628404	1628359	7.90e-09	75.0	511145	N/A
72_8_2337_41081_9026/1	gi|685044342|emb|LN592867.1|	94.118	51	0	3	3	51	33485	33436	7.90e-09	75.0	7962	N/A
72_8_2349_27421_9923/1	gi|2978724457|gb|PV611058.1|	91.603	131	1	7	1	128	295321	295444	2.72e-38	172	3421660	N/A
72_8_2349_27421_9923/1	gi|2978724457|gb|PV611058.1|	91.667	60	1	3	1	57	295784	295842	1.70e-10	80.5	3421660	N/A
72_8_2349_27421_9923/1	gi|2830983252|gb|CP170844.1|	85.263	95	11	2	1	93	4083423	4083330	6.06e-15	95.3	573	N/A
72_8_2349_27421_9923/1	gi|2557643774|emb|OY673254.1|	95.652	46	2	0	1	46	21732	21777	7.90e-09	75.0	2697049	N/A
72_8_2349_27421_9923/1	gi|2463378371|dbj|AP027461.1|	95.652	46	2	0	1	46	1299632	1299677	7.90e-09	75.0	511145	N/A
72_8_2349_27421_9923/1	gi|2463378371|dbj|AP027461.1|	95.652	46	2	0	1	46	1628404	1628359	7.90e-09	75.0	511145	N/A
72_8_2349_27421_9923/1	gi|2755084441|gb|PP943425.1|	93.617	47	1	2	1	46	67825	67780	3.67e-07	69.4	10258	N/A
72_8_2349_27421_9923/1	gi|2755084441|gb|PP943425.1|	93.478	46	1	2	1	45	67591	67635	1.32e-06	67.6	10258	N/A
72_8_2249_26499_13649/1	gi|2978724457|gb|PV611058.1|	90.840	131	7	4	10	137	295316	295444	9.79e-38	171	3421660	N/A
72_8_2249_26499_13649/1	gi|2978724457|gb|PV611058.1|	90.769	65	2	3	10	71	295779	295842	1.31e-11	84.2	3421660	N/A
72_8_2249_26499_13649/1	gi|2830983252|gb|CP170844.1|	88.043	92	7	2	17	104	4083421	4083330	2.80e-18	106	573	N/A
72_8_2249_26499_13649/1	gi|2557643774|emb|OY673254.1|	95.455	44	2	0	17	60	21734	21777	1.02e-07	71.3	2697049	N/A
72_8_2249_26499_13649/1	gi|2463378371|dbj|AP027461.1|	95.455	44	2	0	17	60	1299634	1299677	1.02e-07	71.3	511145	N/A
72_8_2249_26499_13649/1	gi|2463378371|dbj|AP027461.1|	95.455	44	2	0	17	60	1628402	1628359	1.02e-07	71.3	511145	N/A
72_8_2249_26499_13649/1	gi|685042161|emb|LN590686.1|	92.308	52	1	3	5	54	20813821	20813871	1.02e-07	71.3	7962	N/A
72_8_2249_26499_13649/1	gi|685042161|emb|LN590686.1|	91.667	48	1	3	10	54	28125754	28125801	1.71e-05	63.9	7962	N/A
72_8_2249_26499_13649/1	gi|685042161|emb|LN590686.1|	95.000	40	0	2	17	54	4545833	4545872	6.15e-05	62.1	7962	N/A
72_8_2249_26499_13649/1	gi|685042161|emb|LN590686.1|	91.489	47	1	3	11	54	6380189	6380235	6.15e-05	62.1	7962	N/A
72_8_2249_26499_13649/1	gi|685042161|emb|LN590686.1|	95.000	40	0	2	17	54	12304837	12304798	6.15e-05	62.1	7962	N/A
72_8_2249_26499_13649/1	gi|685042161|emb|LN590686.1|	95.000	40	0	2	17	54	17091848	17091887	6.15e-05	62.1	7962	N/A
72_8_2249_26499_13649/1	gi|685042161|emb|LN590686.1|	93.023	43	0	3	15	54	12436826	12436868	2.21e-04	60.2	7962	N/A
72_8_2273_34882_3479/1	gi|2978724457|gb|PV611058.1|	92.188	128	1	5	12	136	295323	295444	2.72e-38	172	3421660	N/A
72_8_2273_34882_3479/1	gi|2978724457|gb|PV611058.1|	91.379	58	1	3	12	66	295786	295842	2.20e-09	76.8	3421660	N/A
72_8_2273_34882_3479/1	gi|2830983252|gb|CP170844.1|	84.946	93	11	2	12	102	4083421	4083330	7.84e-14	91.6	573	N/A
72_8_2273_34882_3479/1	gi|2463378371|dbj|AP027461.1|	93.878	49	2	1	8	55	1299629	1299677	2.84e-08	73.1	511145	N/A
72_8_2273_34882_3479/1	gi|2463378371|dbj|AP027461.1|	95.455	44	2	0	12	55	1628402	1628359	1.02e-07	71.3	511145	N/A
72_8_2273_34882_3479/1	gi|2557643774|emb|OY673254.1|	95.455	44	2	0	12	55	21734	21777	1.02e-07	71.3	2697049	N/A
72_8_2273_34882_3479/1	gi|2991388608|dbj|AP040921.1|	97.561	41	0	1	6	45	3958	3998	3.67e-07	69.4	573	N/A
72_8_1224_19029_22488/1	gi|2557638192|emb|OY694677.1|	92.500	40	1	2	1	39	4308	4346	0.003	56.5	2697049	N/A
72_8_1224_19029_22488/1	gi|2165834303|emb|OV196009.1|	92.308	39	3	0	1	39	108	70	0.003	56.5	2697049	N/A
72_8_1224_19029_22488/1	gi|2165834303|emb|OV196009.1|	96.970	33	1	0	1	33	29919	29951	0.003	56.5	2697049	N/A
72_8_1224_19029_22488/1	gi|2155043183|emb|OV015804.1|	100.000	30	0	0	1	30	29940	29911	0.003	56.5	2697049	N/A
72_8_1224_19029_22488/1	gi|2991388636|dbj|AP040949.1|	100.000	29	0	0	1	29	3527645	3527673	0.010	54.7	573	N/A
72_8_1224_19029_22488/1	gi|2991388621|dbj|AP040934.1|	100.000	29	0	0	1	29	146956	146984	0.010	54.7	562	N/A
72_8_1224_19029_22488/1	gi|2991388621|dbj|AP040934.1|	100.000	29	0	0	1	29	4900943	4900915	0.010	54.7	562	N/A
72_8_1150_4285_27643/1	gi|2978724457|gb|PV611058.1|	95.238	126	1	4	13	135	295321	295444	5.81e-45	195	3421660	N/A
72_8_1150_4285_27643/1	gi|2978724457|gb|PV611058.1|	91.667	60	1	3	13	69	295784	295842	1.70e-10	80.5	3421660	N/A
72_8_1150_4285_27643/1	gi|2830983252|gb|CP170844.1|	83.158	95	12	2	12	102	4083424	4083330	1.31e-11	84.2	573	N/A
72_8_1150_4285_27643/1	gi|2557643774|emb|OY673254.1|	95.652	46	2	0	13	58	21732	21777	7.90e-09	75.0	2697049	N/A
72_8_1150_4285_27643/1	gi|2463378371|dbj|AP027461.1|	95.652	46	2	0	13	58	1299632	1299677	7.90e-09	75.0	511145	N/A
72_8_1150_4285_27643/1	gi|2463378371|dbj|AP027461.1|	95.652	46	2	0	13	58	1628404	1628359	7.90e-09	75.0	511145	N/A
72_8_1150_4285_27643/1	gi|685042481|emb|LN591006.1|	95.745	47	0	2	8	52	494275	494321	7.90e-09	75.0	7962	N/A
72_8_1222_32851_22040/1	gi|2978724457|gb|PV611058.1|	91.538	130	3	5	11	137	295320	295444	2.72e-38	172	3421660	N/A
72_8_1222_32851_22040/1	gi|2978724457|gb|PV611058.1|	91.803	61	1	3	11	68	295783	295842	4.72e-11	82.4	3421660	N/A
72_8_1222_32851_22040/1	gi|2830983252|gb|CP170844.1|	88.298	94	8	2	12	102	4083423	4083330	2.16e-19	110	573	N/A
72_8_1222_32851_22040/1	gi|685047827|emb|LN596339.1|	96.000	50	0	2	4	51	601778	601827	1.70e-10	80.5	7962	N/A
72_8_1222_32851_22040/1	gi|685042185|emb|LN590710.1|	95.833	48	0	2	6	51	10218497	10218544	2.20e-09	76.8	7962	N/A
72_8_1222_32851_22040/1	gi|685042185|emb|LN590710.1|	95.556	45	0	2	9	51	3790455	3790411	1.02e-07	71.3	7962	N/A
72_8_1222_32851_22040/1	gi|685042185|emb|LN590710.1|	95.556	45	0	2	9	51	6008691	6008735	1.02e-07	71.3	7962	N/A
72_8_1222_32851_22040/1	gi|685042185|emb|LN590710.1|	93.478	46	1	2	1	45	9162078	9162122	1.32e-06	67.6	7962	N/A
72_8_1222_32851_22040/1	gi|2557643774|emb|OY673254.1|	95.652	46	2	0	12	57	21732	21777	7.90e-09	75.0	2697049	N/A
72_8_1420_16221_18692/1	gi|2978724457|gb|PV611058.1|	91.935	62	1	3	68	126	295321	295381	1.31e-11	84.2	3421660	N/A
72_8_1420_16221_18692/1	gi|2978724457|gb|PV611058.1|	91.667	60	1	3	68	124	295784	295842	1.70e-10	80.5	3421660	N/A
72_8_1420_16221_18692/1	gi|2557643774|emb|OY673254.1|	95.652	46	2	0	68	113	21732	21777	7.90e-09	75.0	2697049	N/A
72_8_1420_16221_18692/1	gi|2463378371|dbj|AP027461.1|	95.652	46	2	0	68	113	1299632	1299677	7.90e-09	75.0	511145	N/A
72_8_1420_16221_18692/1	gi|2463378371|dbj|AP027461.1|	95.652	46	2	0	68	113	1628404	1628359	7.90e-09	75.0	511145	N/A
72_8_1420_16221_18692/1	gi|2165836832|emb|OV197136.1|	92.593	54	1	3	61	113	122	71	7.90e-09	75.0	2697049	N/A
72_8_1420_16221_18692/1	gi|2165834303|emb|OV196009.1|	92.453	53	3	1	61	113	121	70	7.90e-09	75.0	2697049	N/A
72_8_1420_16221_18692/1	gi|2165834303|emb|OV196009.1|	97.561	41	1	0	67	107	29911	29951	1.02e-07	71.3	2697049	N/A
72_8_1482_15906_27167/1	gi|2978724457|gb|PV611058.1|	93.701	127	3	4	14	137	295320	295444	3.50e-42	185	3421660	N/A
72_8_1482_15906_27167/1	gi|2978724457|gb|PV611058.1|	91.803	61	1	3	14	71	295783	295842	4.72e-11	82.4	3421660	N/A
72_8_1482_15906_27167/1	gi|2830983252|gb|CP170844.1|	85.106	94	11	2	15	105	4083423	4083330	2.18e-14	93.5	573	N/A
72_8_1482_15906_27167/1	gi|685047827|emb|LN596339.1|	96.000	50	0	2	7	54	601778	601827	1.70e-10	80.5	7962	N/A
72_8_1482_15906_27167/1	gi|685042185|emb|LN590710.1|	95.833	48	0	2	9	54	10218497	10218544	2.20e-09	76.8	7962	N/A
72_8_1482_15906_27167/1	gi|685042185|emb|LN590710.1|	95.556	45	0	2	12	54	3790455	3790411	1.02e-07	71.3	7962	N/A
72_8_1482_15906_27167/1	gi|685042185|emb|LN590710.1|	95.556	45	0	2	12	54	6008691	6008735	1.02e-07	71.3	7962	N/A
72_8_1482_15906_27167/1	gi|685042185|emb|LN590710.1|	93.333	45	1	2	5	48	9162079	9162122	4.75e-06	65.8	7962	N/A
72_8_1482_15906_27167/1	gi|2557643774|emb|OY673254.1|	95.652	46	2	0	15	60	21732	21777	7.90e-09	75.0	2697049	N/A
72_8_2451_21708_14938/1	gi|2978724457|gb|PV611058.1|	92.969	128	1	6	2	126	295322	295444	1.63e-40	180	3421660	N/A
72_8_2451_21708_14938/1	gi|2978724457|gb|PV611058.1|	91.525	59	1	3	2	57	295785	295842	6.10e-10	78.7	3421660	N/A
72_8_2451_21708_14938/1	gi|2830983252|gb|CP170844.1|	86.022	93	10	2	2	91	4083422	4083330	1.69e-15	97.1	573	N/A
72_8_2451_21708_14938/1	gi|2557643774|emb|OY673254.1|	95.556	45	2	0	2	46	21733	21777	2.84e-08	73.1	2697049	N/A
72_8_2451_21708_14938/1	gi|2463378371|dbj|AP027461.1|	95.556	45	2	0	2	46	1299633	1299677	2.84e-08	73.1	511145	N/A
72_8_2451_21708_14938/1	gi|2463378371|dbj|AP027461.1|	95.556	45	2	0	2	46	1628403	1628359	2.84e-08	73.1	511145	N/A
72_8_2451_21708_14938/1	gi|2755084441|gb|PP943425.1|	93.478	46	1	2	2	46	67824	67780	1.32e-06	67.6	10258	N/A
72_8_2451_21708_14938/1	gi|2755084441|gb|PP943425.1|	93.333	45	1	2	2	45	67592	67635	4.75e-06	65.8	10258	N/A
72_8_2375_35068_16465/1	gi|2978724457|gb|PV611058.1|	88.148	135	1	6	2	133	295322	295444	1.65e-30	147	3421660	N/A
72_8_2375_35068_16465/1	gi|2978724457|gb|PV611058.1|	91.379	58	1	3	2	56	295785	295841	2.20e-09	76.8	3421660	N/A
72_8_2375_35068_16465/1	gi|2830983252|gb|CP170844.1|	89.474	95	5	4	2	93	4083422	4083330	4.65e-21	115	573	N/A
72_8_2375_35068_16465/1	gi|2557643774|emb|OY673254.1|	95.556	45	2	0	2	46	21733	21777	2.84e-08	73.1	2697049	N/A
72_8_2375_35068_16465/1	gi|2463378371|dbj|AP027461.1|	95.556	45	2	0	2	46	1299633	1299677	2.84e-08	73.1	511145	N/A
72_8_2375_35068_16465/1	gi|2463378371|dbj|AP027461.1|	95.556	45	2	0	2	46	1628403	1628359	2.84e-08	73.1	511145	N/A
72_8_2375_35068_16465/1	gi|2755084441|gb|PP943425.1|	81.319	91	13	4	2	90	67824	67736	1.02e-07	71.3	10258	N/A
72_8_2375_35068_16465/1	gi|2755084441|gb|PP943425.1|	93.333	45	1	2	2	45	67592	67635	4.75e-06	65.8	10258	N/A
72_8_1218_22323_21297/1	gi|2978724457|gb|PV611058.1|	92.857	126	4	4	15	137	295321	295444	5.85e-40	178	3421660	N/A
72_8_1218_22323_21297/1	gi|2978724457|gb|PV611058.1|	91.667	60	1	3	15	71	295784	295842	1.70e-10	80.5	3421660	N/A
72_8_1218_22323_21297/1	gi|2830983252|gb|CP170844.1|	84.375	96	12	2	14	107	4083424	4083330	7.84e-14	91.6	573	N/A
72_8_1218_22323_21297/1	gi|685045708|emb|LN594233.1|	95.833	48	0	2	9	54	80409	80362	2.20e-09	76.8	7962	N/A
72_8_1218_22323_21297/1	gi|2557643774|emb|OY673254.1|	95.652	46	2	0	15	60	21732	21777	7.90e-09	75.0	2697049	N/A
72_8_1218_22323_21297/1	gi|2463378371|dbj|AP027461.1|	95.652	46	2	0	15	60	1299632	1299677	7.90e-09	75.0	511145	N/A
72_8_1218_22323_21297/1	gi|2463378371|dbj|AP027461.1|	95.652	46	2	0	15	60	1628404	1628359	7.90e-09	75.0	511145	N/A
72_8_2178_8833_24085/1	gi|2978724457|gb|PV611058.1|	88.806	134	5	7	1	134	295321	295444	2.74e-33	156	3421660	N/A
72_8_2178_8833_24085/1	gi|2978724457|gb|PV611058.1|	91.071	56	1	3	1	53	295784	295838	2.84e-08	73.1	3421660	N/A
72_8_2178_8833_24085/1	gi|2830983252|gb|CP170844.1|	81.915	94	13	2	1	90	4083423	4083330	2.20e-09	76.8	573	N/A
72_8_2178_8833_24085/1	gi|2557643774|emb|OY673254.1|	95.652	46	2	0	1	46	21732	21777	7.90e-09	75.0	2697049	N/A
72_8_2178_8833_24085/1	gi|2463378371|dbj|AP027461.1|	95.652	46	2	0	1	46	1299632	1299677	7.90e-09	75.0	511145	N/A
72_8_2178_8833_24085/1	gi|2463378371|dbj|AP027461.1|	95.652	46	2	0	1	46	1628404	1628359	7.90e-09	75.0	511145	N/A
72_8_2178_8833_24085/1	gi|2755084441|gb|PP943425.1|	93.617	47	1	2	1	46	67825	67780	3.67e-07	69.4	10258	N/A
72_8_2178_8833_24085/1	gi|2755084441|gb|PP943425.1|	93.478	46	1	2	1	45	67591	67635	1.32e-06	67.6	10258	N/A
72_8_1330_17371_14546/1	gi|2978724457|gb|PV611058.1|	89.474	133	2	6	8	137	295321	295444	7.62e-34	158	3421660	N/A
72_8_1330_17371_14546/1	gi|2978724457|gb|PV611058.1|	90.476	63	1	4	8	67	295784	295844	6.10e-10	78.7	3421660	N/A
72_8_1330_17371_14546/1	gi|2830983252|gb|CP170844.1|	89.691	97	6	3	6	99	4083425	4083330	1.00e-22	121	573	N/A
72_8_1330_17371_14546/1	gi|2557643774|emb|OY673254.1|	95.652	46	2	0	8	53	21732	21777	7.90e-09	75.0	2697049	N/A
72_8_1330_17371_14546/1	gi|2463378371|dbj|AP027461.1|	95.652	46	2	0	8	53	1299632	1299677	7.90e-09	75.0	511145	N/A
72_8_1330_17371_14546/1	gi|2463378371|dbj|AP027461.1|	95.652	46	2	0	8	53	1628404	1628359	7.90e-09	75.0	511145	N/A
72_8_1330_17371_14546/1	gi|2165836832|emb|OV197136.1|	93.878	49	1	2	6	53	118	71	2.84e-08	73.1	2697049	N/A
72_8_1447_9707_25486/1	gi|2978724457|gb|PV611058.1|	93.750	128	1	5	1	125	295321	295444	3.50e-42	185	3421660	N/A
72_8_1447_9707_25486/1	gi|2978724457|gb|PV611058.1|	91.667	60	1	3	1	57	295784	295842	1.70e-10	80.5	3421660	N/A
72_8_1447_9707_25486/1	gi|2830983252|gb|CP170844.1|	85.106	94	11	2	1	91	4083423	4083330	2.18e-14	93.5	573	N/A
72_8_1447_9707_25486/1	gi|2557643774|emb|OY673254.1|	95.652	46	2	0	1	46	21732	21777	7.90e-09	75.0	2697049	N/A
72_8_1447_9707_25486/1	gi|2463378371|dbj|AP027461.1|	95.652	46	2	0	1	46	1299632	1299677	7.90e-09	75.0	511145	N/A
72_8_1447_9707_25486/1	gi|2463378371|dbj|AP027461.1|	95.652	46	2	0	1	46	1628404	1628359	7.90e-09	75.0	511145	N/A
72_8_1447_9707_25486/1	gi|2755084441|gb|PP943425.1|	93.617	47	1	2	1	46	67825	67780	3.67e-07	69.4	10258	N/A
72_8_1447_9707_25486/1	gi|2755084441|gb|PP943425.1|	93.478	46	1	2	1	45	67591	67635	1.32e-06	67.6	10258	N/A
72_8_2380_2942_20443/1	gi|2978724457|gb|PV611058.1|	89.683	126	3	5	2	125	295327	295444	3.55e-32	152	3421660	N/A
72_8_2380_2942_20443/1	gi|2978724457|gb|PV611058.1|	90.741	54	3	2	2	53	295790	295843	1.02e-07	71.3	3421660	N/A
72_8_2380_2942_20443/1	gi|2830983252|gb|CP170844.1|	89.773	88	7	1	2	87	4083417	4083330	6.02e-20	111	573	N/A
72_8_2380_2942_20443/1	gi|2557643774|emb|OY673254.1|	95.000	40	2	0	2	41	21738	21777	1.71e-05	63.9	2697049	N/A
72_8_2380_2942_20443/1	gi|780644672|ref|XM_011690559.1|	100.000	32	0	0	2	33	1044	1075	2.21e-04	60.2	64793	N/A
72_8_2380_2942_20443/1	gi|685042188|emb|LN590713.1|	100.000	32	0	0	2	33	7120054	7120085	2.21e-04	60.2	7962	N/A
72_8_1360_19102_6505/1	gi|2991388636|dbj|AP040949.1|	100.000	37	0	0	14	50	4537863	4537899	3.67e-07	69.4	573	N/A
72_8_2441_13341_17403/1	gi|2978724457|gb|PV611058.1|	95.200	125	2	3	16	137	295321	295444	5.81e-45	195	3421660	N/A
72_8_2441_13341_17403/1	gi|2978724457|gb|PV611058.1|	91.667	60	1	3	16	72	295784	295842	1.70e-10	80.5	3421660	N/A
72_8_2441_13341_17403/1	gi|2830983252|gb|CP170844.1|	82.979	94	9	2	16	102	4083423	4083330	6.10e-10	78.7	573	N/A
72_8_2441_13341_17403/1	gi|2557643774|emb|OY673254.1|	95.652	46	2	0	16	61	21732	21777	7.90e-09	75.0	2697049	N/A
72_8_2441_13341_17403/1	gi|2463378371|dbj|AP027461.1|	93.878	49	3	0	13	61	1299629	1299677	7.90e-09	75.0	511145	N/A
72_8_2441_13341_17403/1	gi|2463378371|dbj|AP027461.1|	95.652	46	2	0	16	61	1628404	1628359	7.90e-09	75.0	511145	N/A
72_8_2441_13341_17403/1	gi|2059855482|tpg|BK040575.1|	95.745	47	1	1	6	51	48	2	7.90e-09	75.0	2832643	N/A
72_8_1442_7377_18146/1	gi|2978724457|gb|PV611058.1|	90.769	130	1	9	3	129	295323	295444	1.64e-35	163	3421660	N/A
72_8_1442_7377_18146/1	gi|2978724457|gb|PV611058.1|	91.379	58	1	3	3	57	295786	295842	2.20e-09	76.8	3421660	N/A
72_8_1442_7377_18146/1	gi|2830983252|gb|CP170844.1|	83.158	95	11	3	3	95	4083421	4083330	4.72e-11	82.4	573	N/A
72_8_1442_7377_18146/1	gi|2557643774|emb|OY673254.1|	95.455	44	2	0	3	46	21734	21777	1.02e-07	71.3	2697049	N/A
72_8_1442_7377_18146/1	gi|2463378371|dbj|AP027461.1|	95.455	44	2	0	3	46	1299634	1299677	1.02e-07	71.3	511145	N/A
72_8_1442_7377_18146/1	gi|2463378371|dbj|AP027461.1|	95.455	44	2	0	3	46	1628402	1628359	1.02e-07	71.3	511145	N/A
72_8_1442_7377_18146/1	gi|2755084441|gb|PP943425.1|	93.333	45	1	2	3	46	67823	67780	4.75e-06	65.8	10258	N/A
72_8_1442_7377_18146/1	gi|2755084441|gb|PP943425.1|	93.182	44	1	2	3	45	67593	67635	1.71e-05	63.9	10258	N/A
72_8_1463_26693_10287/1	gi|2978724457|gb|PV611058.1|	92.126	127	4	5	14	137	295321	295444	7.57e-39	174	3421660	N/A
72_8_1463_26693_10287/1	gi|2978724457|gb|PV611058.1|	91.667	60	1	3	14	70	295784	295842	1.70e-10	80.5	3421660	N/A
72_8_1463_26693_10287/1	gi|2830983252|gb|CP170844.1|	87.234	94	10	1	14	105	4083423	4083330	2.80e-18	106	573	N/A
72_8_1463_26693_10287/1	gi|685042185|emb|LN590710.1|	97.727	44	1	0	4	47	9162079	9162122	2.20e-09	76.8	7962	N/A
72_8_1463_26693_10287/1	gi|685042185|emb|LN590710.1|	95.238	42	0	2	14	53	3790452	3790411	4.75e-06	65.8	7962	N/A
72_8_1463_26693_10287/1	gi|685042185|emb|LN590710.1|	95.238	42	0	2	14	53	6008694	6008735	4.75e-06	65.8	7962	N/A
72_8_1463_26693_10287/1	gi|685042185|emb|LN590710.1|	95.238	42	0	2	14	53	10218503	10218544	4.75e-06	65.8	7962	N/A
72_8_1463_26693_10287/1	gi|2557643774|emb|OY673254.1|	95.652	46	2	0	14	59	21732	21777	7.90e-09	75.0	2697049	N/A
72_8_1463_26693_10287/1	gi|2463378371|dbj|AP027461.1|	95.652	46	2	0	14	59	1299632	1299677	7.90e-09	75.0	511145	N/A
72_8_1463_26693_10287/1	gi|2463378371|dbj|AP027461.1|	95.652	46	2	0	14	59	1628404	1628359	7.90e-09	75.0	511145	N/A
72_8_1456_11148_24141/1	gi|2978724457|gb|PV611058.1|	93.600	125	5	3	15	137	295321	295444	1.26e-41	183	3421660	N/A
72_8_1456_11148_24141/1	gi|2978724457|gb|PV611058.1|	91.525	59	3	2	15	71	295784	295842	1.70e-10	80.5	3421660	N/A
72_8_1456_11148_24141/1	gi|2830983252|gb|CP170844.1|	85.106	94	11	2	15	105	4083423	4083330	2.18e-14	93.5	573	N/A
72_8_1456_11148_24141/1	gi|685042185|emb|LN590710.1|	97.727	44	1	0	5	48	9162079	9162122	2.20e-09	76.8	7962	N/A
72_8_1456_11148_24141/1	gi|685042185|emb|LN590710.1|	100.000	34	0	0	15	48	3790452	3790419	1.71e-05	63.9	7962	N/A
72_8_1456_11148_24141/1	gi|685042185|emb|LN590710.1|	100.000	34	0	0	15	48	6008694	6008727	1.71e-05	63.9	7962	N/A
72_8_1456_11148_24141/1	gi|685042185|emb|LN590710.1|	97.368	38	0	1	12	48	10218499	10218536	1.71e-05	63.9	7962	N/A
72_8_1456_11148_24141/1	gi|2557643774|emb|OY673254.1|	95.652	46	2	0	15	60	21732	21777	7.90e-09	75.0	2697049	N/A
72_8_1456_11148_24141/1	gi|780644672|ref|XM_011690559.1|	100.000	40	0	0	13	52	1036	1075	7.90e-09	75.0	64793	N/A
72_8_2424_15720_8662/1	gi|2978724457|gb|PV611058.1|	89.844	128	9	3	13	137	295318	295444	5.89e-35	161	3421660	N/A
72_8_2424_15720_8662/1	gi|2978724457|gb|PV611058.1|	90.476	63	2	3	13	72	295781	295842	1.70e-10	80.5	3421660	N/A
72_8_2424_15720_8662/1	gi|2830983252|gb|CP170844.1|	86.316	95	10	2	16	108	4083423	4083330	1.30e-16	100	573	N/A
72_8_2424_15720_8662/1	gi|2557643774|emb|OY673254.1|	90.566	53	3	2	11	61	21725	21777	3.67e-07	69.4	2697049	N/A
72_8_2424_15720_8662/1	gi|2463378371|dbj|AP027461.1|	93.478	46	3	0	16	61	1299632	1299677	3.67e-07	69.4	511145	N/A
72_8_2424_15720_8662/1	gi|2463378371|dbj|AP027461.1|	93.478	46	3	0	16	61	1628404	1628359	3.67e-07	69.4	511145	N/A
72_8_2424_15720_8662/1	gi|2319067183|gb|CP107088.1|	97.500	40	1	0	11	50	608308	608347	3.67e-07	69.4	630	N/A
72_8_1303_12175_7037/1	gi|2978724457|gb|PV611058.1|	92.913	127	5	4	13	137	295320	295444	4.52e-41	182	3421660	N/A
72_8_1303_12175_7037/1	gi|2978724457|gb|PV611058.1|	91.379	58	3	2	13	68	295783	295840	6.10e-10	78.7	3421660	N/A
72_8_1303_12175_7037/1	gi|2830983252|gb|CP170844.1|	82.292	96	13	3	14	107	4083423	4083330	1.70e-10	80.5	573	N/A
72_8_1303_12175_7037/1	gi|2557643774|emb|OY673254.1|	95.652	46	2	0	14	59	21732	21777	7.90e-09	75.0	2697049	N/A
72_8_1303_12175_7037/1	gi|685042188|emb|LN590713.1|	100.000	39	0	0	13	51	7120047	7120085	2.84e-08	73.1	7962	N/A
72_8_1303_12175_7037/1	gi|685042188|emb|LN590713.1|	100.000	30	0	0	14	43	16189618	16189589	0.003	56.5	7962	N/A
72_8_1303_12175_7037/1	gi|1971769499|gb|MW477480.1|	97.619	42	1	0	7	48	19390	19431	2.84e-08	73.1	2803381	N/A
72_8_1303_12175_7037/1	gi|1971769499|gb|MW477480.1|	100.000	34	0	0	14	47	34	1	1.71e-05	63.9	2803381	N/A
72_8_1440_19555_4516/1	gi|2978724457|gb|PV611058.1|	88.889	126	9	4	15	137	295321	295444	1.28e-31	150	3421660	N/A
72_8_1440_19555_4516/1	gi|2978724457|gb|PV611058.1|	91.667	60	1	3	15	71	295784	295842	1.70e-10	80.5	3421660	N/A
72_8_1440_19555_4516/1	gi|2830983252|gb|CP170844.1|	89.583	96	7	2	14	107	4083424	4083330	3.60e-22	119	573	N/A
72_8_1440_19555_4516/1	gi|2557643774|emb|OY673254.1|	95.652	46	2	0	15	60	21732	21777	7.90e-09	75.0	2697049	N/A
72_8_1440_19555_4516/1	gi|2463378371|dbj|AP027461.1|	93.878	49	3	0	12	60	1299629	1299677	7.90e-09	75.0	511145	N/A
72_8_1440_19555_4516/1	gi|2463378371|dbj|AP027461.1|	95.652	46	2	0	15	60	1628404	1628359	7.90e-09	75.0	511145	N/A
72_8_1440_19555_4516/1	gi|2557648311|emb|OY677105.1|	97.674	43	0	1	8	49	9636	9678	2.84e-08	73.1	2697049	N/A
72_8_1194_29841_12682/1	gi|2978724457|gb|PV611058.1|	95.238	126	1	4	14	136	295321	295444	5.81e-45	195	3421660	N/A
72_8_1194_29841_12682/1	gi|2978724457|gb|PV611058.1|	91.667	60	1	3	14	70	295784	295842	1.70e-10	80.5	3421660	N/A
72_8_1194_29841_12682/1	gi|2830983252|gb|CP170844.1|	83.333	96	12	2	12	103	4083425	4083330	3.65e-12	86.1	573	N/A
72_8_1194_29841_12682/1	gi|2165836832|emb|OV197136.1|	94.231	52	1	2	9	59	121	71	6.10e-10	78.7	2697049	N/A
72_8_1194_29841_12682/1	gi|2165834303|emb|OV196009.1|	94.118	51	3	0	9	59	120	70	6.10e-10	78.7	2697049	N/A
72_8_1194_29841_12682/1	gi|2165834303|emb|OV196009.1|	97.561	41	1	0	13	53	29911	29951	1.02e-07	71.3	2697049	N/A
72_8_1194_29841_12682/1	gi|2165832678|emb|OV195277.1|	94.231	52	1	2	9	59	137	87	6.10e-10	78.7	2697049	N/A
72_8_1251_42400_8060/1	gi|2978724457|gb|PV611058.1|	91.473	129	2	5	2	127	295322	295444	3.52e-37	169	3421660	N/A
72_8_1251_42400_8060/1	gi|2978724457|gb|PV611058.1|	89.831	59	2	3	2	57	295785	295842	2.84e-08	73.1	3421660	N/A
72_8_1251_42400_8060/1	gi|2830983252|gb|CP170844.1|	86.667	90	9	2	5	91	4083419	4083330	1.69e-15	97.1	573	N/A
72_8_1251_42400_8060/1	gi|2557643774|emb|OY673254.1|	93.333	45	3	0	2	46	21733	21777	1.32e-06	67.6	2697049	N/A
72_8_1251_42400_8060/1	gi|2463378371|dbj|AP027461.1|	93.333	45	3	0	2	46	1299633	1299677	1.32e-06	67.6	511145	N/A
72_8_1251_42400_8060/1	gi|2463378371|dbj|AP027461.1|	95.238	42	2	0	5	46	1628400	1628359	1.32e-06	67.6	511145	N/A
72_8_1251_42400_8060/1	gi|2755084441|gb|PP943425.1|	93.023	43	1	2	5	46	67821	67780	6.15e-05	62.1	10258	N/A
72_8_1251_42400_8060/1	gi|2755084441|gb|PP943425.1|	91.111	45	2	2	2	45	67592	67635	2.21e-04	60.2	10258	N/A
72_8_1126_6195_29380/1	gi|2978724457|gb|PV611058.1|	93.548	124	6	2	16	137	295321	295444	1.26e-41	183	3421660	N/A
72_8_1126_6195_29380/1	gi|2978724457|gb|PV611058.1|	91.525	59	3	2	16	72	295784	295842	1.70e-10	80.5	3421660	N/A
72_8_1126_6195_29380/1	gi|2830983252|gb|CP170844.1|	83.333	96	13	2	15	108	4083424	4083330	3.65e-12	86.1	573	N/A
72_8_1126_6195_29380/1	gi|2557643774|emb|OY673254.1|	95.652	46	2	0	16	61	21732	21777	7.90e-09	75.0	2697049	N/A
72_8_1126_6195_29380/1	gi|685048206|emb|LN596718.1|	100.000	39	0	0	12	50	51897	51935	2.84e-08	73.1	7962	N/A
72_8_1126_6195_29380/1	gi|685043901|emb|LN592426.1|	97.674	43	0	1	7	49	375099	375140	2.84e-08	73.1	7962	N/A
72_8_2222_17541_29128/1	gi|2978724457|gb|PV611058.1|	93.023	129	1	6	12	137	295321	295444	4.52e-41	182	3421660	N/A
72_8_2222_17541_29128/1	gi|2978724457|gb|PV611058.1|	91.525	59	1	3	12	67	295784	295841	6.10e-10	78.7	3421660	N/A
72_8_2222_17541_29128/1	gi|2830983252|gb|CP170844.1|	85.263	95	7	3	11	98	4083424	4083330	7.84e-14	91.6	573	N/A
72_8_2222_17541_29128/1	gi|685042175|emb|LN590700.1|	95.833	48	0	2	6	51	15778532	15778579	2.20e-09	76.8	7962	N/A
72_8_2222_17541_29128/1	gi|685042175|emb|LN590700.1|	95.349	43	0	2	12	52	14033941	14033899	1.32e-06	67.6	7962	N/A
72_8_2222_17541_29128/1	gi|2557643774|emb|OY673254.1|	95.652	46	2	0	12	57	21732	21777	7.90e-09	75.0	2697049	N/A
72_8_2222_17541_29128/1	gi|2463378371|dbj|AP027461.1|	93.878	49	3	0	9	57	1299629	1299677	7.90e-09	75.0	511145	N/A
72_8_2222_17541_29128/1	gi|2463378371|dbj|AP027461.1|	95.652	46	2	0	12	57	1628404	1628359	7.90e-09	75.0	511145	N/A
72_8_2407_11180_17865/1	gi|2978724457|gb|PV611058.1|	88.806	134	1	7	6	136	295322	295444	3.55e-32	152	3421660	N/A
72_8_2407_11180_17865/1	gi|2978724457|gb|PV611058.1|	91.525	59	1	3	6	61	295785	295842	6.10e-10	78.7	3421660	N/A
72_8_2407_11180_17865/1	gi|2830983252|gb|CP170844.1|	81.633	98	11	4	6	101	4083422	4083330	7.90e-09	75.0	573	N/A
72_8_2407_11180_17865/1	gi|2557643774|emb|OY673254.1|	95.556	45	2	0	6	50	21733	21777	2.84e-08	73.1	2697049	N/A
72_8_2407_11180_17865/1	gi|2463378371|dbj|AP027461.1|	95.556	45	2	0	6	50	1299633	1299677	2.84e-08	73.1	511145	N/A
72_8_2407_11180_17865/1	gi|2463378371|dbj|AP027461.1|	95.556	45	2	0	6	50	1628403	1628359	2.84e-08	73.1	511145	N/A
72_8_2407_11180_17865/1	gi|2755084441|gb|PP943425.1|	93.478	46	1	2	6	50	67824	67780	1.32e-06	67.6	10258	N/A
72_8_2407_11180_17865/1	gi|2755084441|gb|PP943425.1|	93.333	45	1	2	6	49	67592	67635	4.75e-06	65.8	10258	N/A
72_8_2374_36792_13425/1	gi|2978724457|gb|PV611058.1|	90.152	132	1	7	2	130	295322	295444	5.89e-35	161	3421660	N/A
72_8_2374_36792_13425/1	gi|2978724457|gb|PV611058.1|	90.164	61	1	4	2	59	295785	295843	7.90e-09	75.0	3421660	N/A
72_8_2374_36792_13425/1	gi|2830983252|gb|CP170844.1|	88.172	93	9	1	2	92	4083422	4083330	2.16e-19	110	573	N/A
72_8_2374_36792_13425/1	gi|2557643774|emb|OY673254.1|	95.556	45	2	0	2	46	21733	21777	2.84e-08	73.1	2697049	N/A
72_8_2374_36792_13425/1	gi|2463378371|dbj|AP027461.1|	95.556	45	2	0	2	46	1299633	1299677	2.84e-08	73.1	511145	N/A
72_8_2374_36792_13425/1	gi|2463378371|dbj|AP027461.1|	95.556	45	2	0	2	46	1628403	1628359	2.84e-08	73.1	511145	N/A
72_8_2374_36792_13425/1	gi|2755084441|gb|PP943425.1|	93.478	46	1	2	2	46	67824	67780	1.32e-06	67.6	10258	N/A
72_8_2374_36792_13425/1	gi|2755084441|gb|PP943425.1|	93.333	45	1	2	2	45	67592	67635	4.75e-06	65.8	10258	N/A
72_8_1260_50266_23188/1	gi|2978724457|gb|PV611058.1|	91.339	127	6	4	14	137	295320	295444	3.52e-37	169	3421660	N/A
72_8_1260_50266_23188/1	gi|2978724457|gb|PV611058.1|	92.063	63	1	3	14	73	295783	295844	3.65e-12	86.1	3421660	N/A
72_8_1260_50266_23188/1	gi|2830983252|gb|CP170844.1|	88.298	94	7	2	15	104	4083423	4083330	2.16e-19	110	573	N/A
72_8_1260_50266_23188/1	gi|2557643774|emb|OY673254.1|	95.652	46	2	0	15	60	21732	21777	7.90e-09	75.0	2697049	N/A
72_8_1260_50266_23188/1	gi|2557638192|emb|OY694677.1|	91.228	57	2	3	5	60	4292	4346	7.90e-09	75.0	2697049	N/A
72_8_1260_50266_23188/1	gi|2463378371|dbj|AP027461.1|	95.652	46	2	0	15	60	1299632	1299677	7.90e-09	75.0	511145	N/A
72_8_1260_50266_23188/1	gi|2463378371|dbj|AP027461.1|	95.652	46	2	0	15	60	1628404	1628359	7.90e-09	75.0	511145	N/A
72_8_1429_39883_28441/1	gi|2991388636|dbj|AP040949.1|	100.000	34	0	0	2	35	1791448	1791481	1.71e-05	63.9	573	N/A
72_8_2189_51779_2919/1	gi|2978724457|gb|PV611058.1|	93.701	127	1	6	2	125	295322	295444	1.26e-41	183	3421660	N/A
72_8_2189_51779_2919/1	gi|2978724457|gb|PV611058.1|	90.164	61	1	4	2	59	295785	295843	7.90e-09	75.0	3421660	N/A
72_8_2189_51779_2919/1	gi|2830983252|gb|CP170844.1|	81.053	95	14	3	2	94	4083422	4083330	2.84e-08	73.1	573	N/A
72_8_2189_51779_2919/1	gi|2557643774|emb|OY673254.1|	93.478	46	2	1	2	47	21733	21777	1.32e-06	67.6	2697049	N/A
72_8_2189_51779_2919/1	gi|2463378371|dbj|AP027461.1|	93.478	46	2	1	2	47	1299633	1299677	1.32e-06	67.6	511145	N/A
72_8_2189_51779_2919/1	gi|2463378371|dbj|AP027461.1|	93.478	46	2	1	2	47	1628403	1628359	1.32e-06	67.6	511145	N/A
72_8_2189_51779_2919/1	gi|2755084441|gb|PP943425.1|	91.489	47	1	3	2	47	67824	67780	6.15e-05	62.1	10258	N/A
72_8_2189_51779_2919/1	gi|2755084441|gb|PP943425.1|	91.304	46	1	3	2	46	67592	67635	2.21e-04	60.2	10258	N/A
72_8_2214_38540_15778/1	gi|2978724457|gb|PV611058.1|	93.077	130	3	5	11	137	295318	295444	3.50e-42	185	3421660	N/A
72_8_2214_38540_15778/1	gi|2978724457|gb|PV611058.1|	90.323	62	1	4	11	69	295781	295840	2.20e-09	76.8	3421660	N/A
72_8_2214_38540_15778/1	gi|2830983252|gb|CP170844.1|	81.443	97	14	3	14	108	4083424	4083330	2.20e-09	76.8	573	N/A
72_8_2214_38540_15778/1	gi|2557643774|emb|OY673254.1|	92.593	54	3	1	8	60	21724	21777	2.20e-09	76.8	2697049	N/A
72_8_2214_38540_15778/1	gi|685042242|emb|LN590767.1|	95.833	48	0	2	9	54	603262	603215	2.20e-09	76.8	7962	N/A
72_8_2214_38540_15778/1	gi|2463378371|dbj|AP027461.1|	95.652	46	2	0	15	60	1299632	1299677	7.90e-09	75.0	511145	N/A
72_8_2214_38540_15778/1	gi|2463378371|dbj|AP027461.1|	95.652	46	2	0	15	60	1628404	1628359	7.90e-09	75.0	511145	N/A
72_8_2274_41073_15652/1	gi|2978724457|gb|PV611058.1|	90.625	128	7	4	13	137	295319	295444	4.55e-36	165	3421660	N/A
72_8_2274_41073_15652/1	gi|2978724457|gb|PV611058.1|	91.935	62	1	3	13	71	295782	295842	1.31e-11	84.2	3421660	N/A
72_8_2274_41073_15652/1	gi|685042175|emb|LN590700.1|	94.231	52	1	2	6	55	14033950	14033899	6.10e-10	78.7	7962	N/A
72_8_2274_41073_15652/1	gi|685042175|emb|LN590700.1|	95.238	42	0	2	15	54	15778538	15778579	4.75e-06	65.8	7962	N/A
72_8_2274_41073_15652/1	gi|2557643774|emb|OY673254.1|	93.878	49	3	0	12	60	21729	21777	7.90e-09	75.0	2697049	N/A
72_8_2274_41073_15652/1	gi|2463378371|dbj|AP027461.1|	95.652	46	2	0	15	60	1299632	1299677	7.90e-09	75.0	511145	N/A
72_8_2274_41073_15652/1	gi|2463378371|dbj|AP027461.1|	95.652	46	2	0	15	60	1628404	1628359	7.90e-09	75.0	511145	N/A
72_8_2274_41073_15652/1	gi|685049099|emb|LN597611.1|	95.745	47	0	2	10	54	1566	1520	7.90e-09	75.0	7962	N/A
72_8_1444_24209_9433/1	gi|2978724457|gb|PV611058.1|	91.270	126	6	4	15	137	295321	295444	1.27e-36	167	3421660	N/A
72_8_1444_24209_9433/1	gi|2978724457|gb|PV611058.1|	91.667	60	1	3	15	71	295784	295842	1.70e-10	80.5	3421660	N/A
72_8_1444_24209_9433/1	gi|2830983252|gb|CP170844.1|	88.542	96	7	2	13	104	4083425	4083330	1.67e-20	113	573	N/A
72_8_1444_24209_9433/1	gi|2165836832|emb|OV197136.1|	94.231	52	1	2	10	60	121	71	6.10e-10	78.7	2697049	N/A
72_8_1444_24209_9433/1	gi|2165834303|emb|OV196009.1|	94.118	51	3	0	10	60	120	70	6.10e-10	78.7	2697049	N/A
72_8_1444_24209_9433/1	gi|2165834303|emb|OV196009.1|	97.561	41	1	0	14	54	29911	29951	1.02e-07	71.3	2697049	N/A
72_8_1444_24209_9433/1	gi|2165832678|emb|OV195277.1|	94.231	52	1	2	10	60	137	87	6.10e-10	78.7	2697049	N/A
72_8_2234_37447_13691/1	gi|2978724457|gb|PV611058.1|	88.976	127	7	6	15	137	295321	295444	1.28e-31	150	3421660	N/A
72_8_2234_37447_13691/1	gi|2978724457|gb|PV611058.1|	90.164	61	2	3	15	72	295784	295843	2.20e-09	76.8	3421660	N/A
72_8_2234_37447_13691/1	gi|2557643774|emb|OY673254.1|	92.453	53	3	1	8	59	21724	21776	7.90e-09	75.0	2697049	N/A
72_8_2234_37447_13691/1	gi|2557639802|emb|OY695838.1|	100.000	40	0	0	9	48	4716	4755	7.90e-09	75.0	2697049	N/A
72_8_2234_37447_13691/1	gi|685047575|emb|LN596087.1|	95.745	47	0	2	11	55	6215	6169	7.90e-09	75.0	7962	N/A
72_8_2234_37447_13691/1	gi|685046121|emb|LN594646.1|	95.745	47	0	2	11	55	156225	156271	7.90e-09	75.0	7962	N/A
72_8_2154_24039_12332/1	gi|2978724457|gb|PV611058.1|	87.200	125	12	3	16	137	295321	295444	2.76e-28	139	3421660	N/A
72_8_2154_24039_12332/1	gi|2978724457|gb|PV611058.1|	90.323	62	2	3	16	74	295784	295844	6.10e-10	78.7	3421660	N/A
72_8_2154_24039_12332/1	gi|2830983252|gb|CP170844.1|	89.474	95	7	2	16	108	4083423	4083330	1.29e-21	117	573	N/A
72_8_2154_24039_12332/1	gi|685044439|emb|LN592964.1|	95.833	48	0	2	10	55	179349	179302	2.20e-09	76.8	7962	N/A
72_8_2154_24039_12332/1	gi|685042148|emb|LN590673.1|	95.833	48	0	2	10	55	9009491	9009538	2.20e-09	76.8	7962	N/A
72_8_2154_24039_12332/1	gi|685042148|emb|LN590673.1|	95.556	45	0	2	13	55	8955770	8955814	1.02e-07	71.3	7962	N/A
72_8_2154_24039_12332/1	gi|685042148|emb|LN590673.1|	93.182	44	2	1	10	52	9322680	9322723	1.71e-05	63.9	7962	N/A
72_8_2154_24039_12332/1	gi|2557643774|emb|OY673254.1|	95.652	46	2	0	16	61	21732	21777	7.90e-09	75.0	2697049	N/A
72_8_1142_29056_24267/1	gi|2978724457|gb|PV611058.1|	88.983	118	9	3	23	137	295321	295437	2.13e-29	143	3421660	N/A
72_8_1142_29056_24267/1	gi|2978724457|gb|PV611058.1|	91.667	60	1	3	23	79	295784	295842	1.70e-10	80.5	3421660	N/A
72_8_1142_29056_24267/1	gi|2830983252|gb|CP170844.1|	81.633	98	12	3	23	118	4083423	4083330	2.20e-09	76.8	573	N/A
72_8_1142_29056_24267/1	gi|685042383|emb|LN590908.1|	95.833	48	0	2	17	62	293205	293158	2.20e-09	76.8	7962	N/A
72_8_1142_29056_24267/1	gi|685042180|emb|LN590705.1|	95.833	48	0	2	17	62	13923835	13923882	2.20e-09	76.8	7962	N/A
72_8_1142_29056_24267/1	gi|685042180|emb|LN590705.1|	95.349	43	0	2	23	63	14955372	14955330	1.32e-06	67.6	7962	N/A
72_8_1142_29056_24267/1	gi|685042180|emb|LN590705.1|	95.238	42	0	2	23	62	10473030	10472989	4.75e-06	65.8	7962	N/A
72_8_1142_29056_24267/1	gi|685042180|emb|LN590705.1|	95.238	42	0	2	23	62	13198413	13198372	4.75e-06	65.8	7962	N/A
72_8_1142_29056_24267/1	gi|685042180|emb|LN590705.1|	94.872	39	2	0	19	57	2155400	2155438	6.15e-05	62.1	7962	N/A
72_8_1142_29056_24267/1	gi|685042180|emb|LN590705.1|	94.444	36	0	2	29	62	2425115	2425150	0.010	54.7	7962	N/A
72_8_1142_29056_24267/1	gi|2557643774|emb|OY673254.1|	93.878	49	3	0	20	68	21729	21777	7.90e-09	75.0	2697049	N/A
72_8_2203_2772_22082/1	gi|2978724457|gb|PV611058.1|	92.000	125	6	3	16	137	295321	295444	2.72e-38	172	3421660	N/A
72_8_2203_2772_22082/1	gi|2978724457|gb|PV611058.1|	89.831	59	2	3	16	71	295784	295841	2.84e-08	73.1	3421660	N/A
72_8_2203_2772_22082/1	gi|685044439|emb|LN592964.1|	95.833	48	0	2	10	55	179349	179302	2.20e-09	76.8	7962	N/A
72_8_2203_2772_22082/1	gi|685042148|emb|LN590673.1|	95.833	48	0	2	10	55	9009491	9009538	2.20e-09	76.8	7962	N/A
72_8_2203_2772_22082/1	gi|685042148|emb|LN590673.1|	95.556	45	0	2	13	55	8955770	8955814	1.02e-07	71.3	7962	N/A
72_8_2203_2772_22082/1	gi|685042148|emb|LN590673.1|	93.182	44	2	1	10	52	9322680	9322723	1.71e-05	63.9	7962	N/A
72_8_2203_2772_22082/1	gi|2557643774|emb|OY673254.1|	95.652	46	2	0	16	61	21732	21777	7.90e-09	75.0	2697049	N/A
72_8_2203_2772_22082/1	gi|2463378371|dbj|AP027461.1|	95.652	46	2	0	16	61	1299632	1299677	7.90e-09	75.0	511145	N/A
72_8_2203_2772_22082/1	gi|2463378371|dbj|AP027461.1|	95.652	46	2	0	16	61	1628404	1628359	7.90e-09	75.0	511145	N/A
72_8_2260_23148_4432/1	gi|2978724457|gb|PV611058.1|	89.062	128	10	3	13	137	295318	295444	2.74e-33	156	3421660	N/A
72_8_2260_23148_4432/1	gi|2978724457|gb|PV611058.1|	92.308	65	1	3	13	74	295781	295844	2.82e-13	89.8	3421660	N/A
72_8_2260_23148_4432/1	gi|2830983252|gb|CP170844.1|	90.426	94	6	2	16	106	4083423	4083330	1.00e-22	121	573	N/A
72_8_2260_23148_4432/1	gi|2557643774|emb|OY673254.1|	91.379	58	4	1	5	61	21720	21777	6.10e-10	78.7	2697049	N/A
72_8_2260_23148_4432/1	gi|685042175|emb|LN590700.1|	94.231	52	1	2	7	56	14033950	14033899	6.10e-10	78.7	7962	N/A
72_8_2260_23148_4432/1	gi|685042175|emb|LN590700.1|	95.238	42	0	2	16	55	15778538	15778579	4.75e-06	65.8	7962	N/A
72_8_2260_23148_4432/1	gi|2565360070|emb|OY632882.1|	100.000	40	0	0	11	50	22461	22500	7.90e-09	75.0	2697049	N/A
72_8_1154_21748_18762/1	gi|2978724457|gb|PV611058.1|	94.656	131	2	4	7	134	295316	295444	4.49e-46	198	3421660	N/A
72_8_1154_21748_18762/1	gi|2978724457|gb|PV611058.1|	90.769	65	2	3	7	68	295779	295842	1.31e-11	84.2	3421660	N/A
72_8_1154_21748_18762/1	gi|685042161|emb|LN590686.1|	94.231	52	0	3	2	51	20813821	20813871	2.20e-09	76.8	7962	N/A
72_8_1154_21748_18762/1	gi|685042161|emb|LN590686.1|	95.455	44	0	2	10	51	6380192	6380235	3.67e-07	69.4	7962	N/A
72_8_1154_21748_18762/1	gi|685042161|emb|LN590686.1|	95.238	42	0	2	12	51	4545831	4545872	4.75e-06	65.8	7962	N/A
72_8_1154_21748_18762/1	gi|685042161|emb|LN590686.1|	95.238	42	0	2	12	51	12304839	12304798	4.75e-06	65.8	7962	N/A
72_8_1154_21748_18762/1	gi|685042161|emb|LN590686.1|	95.238	42	0	2	12	51	17091846	17091887	4.75e-06	65.8	7962	N/A
72_8_1154_21748_18762/1	gi|685042161|emb|LN590686.1|	95.238	42	0	2	12	51	28125760	28125801	4.75e-06	65.8	7962	N/A
72_8_1154_21748_18762/1	gi|685042161|emb|LN590686.1|	94.872	39	0	2	15	51	12436830	12436868	2.21e-04	60.2	7962	N/A
72_8_1154_21748_18762/1	gi|2557643774|emb|OY673254.1|	95.652	46	2	0	12	57	21732	21777	7.90e-09	75.0	2697049	N/A
72_8_1154_21748_18762/1	gi|2463378371|dbj|AP027461.1|	93.878	49	3	0	9	57	1299629	1299677	7.90e-09	75.0	511145	N/A
72_8_1154_21748_18762/1	gi|2463378371|dbj|AP027461.1|	95.652	46	2	0	12	57	1628404	1628359	7.90e-09	75.0	511145	N/A
72_8_1154_21748_18762/1	gi|685047827|emb|LN596339.1|	94.000	50	1	2	4	51	601778	601827	7.90e-09	75.0	7962	N/A
72_8_2447_45362_23749/1	gi|2978724457|gb|PV611058.1|	91.473	129	4	6	8	134	295321	295444	9.79e-38	171	3421660	N/A
72_8_2447_45362_23749/1	gi|2978724457|gb|PV611058.1|	88.333	60	3	3	8	64	295784	295842	3.67e-07	69.4	3421660	N/A
72_8_2447_45362_23749/1	gi|2830983252|gb|CP170844.1|	80.208	96	18	1	7	102	4083424	4083330	1.02e-07	71.3	573	N/A
72_8_2447_45362_23749/1	gi|2924925013|gb|PQ571295.1|	100.000	36	0	0	5	40	226	261	1.32e-06	67.6	3385244	N/A
72_8_2447_45362_23749/1	gi|2755084441|gb|PP943425.1|	100.000	36	0	0	5	40	67588	67623	1.32e-06	67.6	10258	N/A
72_8_2447_45362_23749/1	gi|2755084441|gb|PP943425.1|	100.000	33	0	0	8	40	67825	67793	6.15e-05	62.1	10258	N/A
72_8_2447_45362_23749/1	gi|2557648311|emb|OY677105.1|	100.000	36	0	0	5	40	9641	9676	1.32e-06	67.6	2697049	N/A
72_8_1176_45362_1784/1	gi|2978724457|gb|PV611058.1|	86.567	134	5	4	7	137	295321	295444	3.57e-27	135	3421660	N/A
72_8_1176_45362_1784/1	gi|2978724457|gb|PV611058.1|	91.935	62	1	3	7	65	295784	295844	1.31e-11	84.2	3421660	N/A
72_8_1176_45362_1784/1	gi|2830983252|gb|CP170844.1|	89.899	99	5	3	5	101	4083425	4083330	2.78e-23	122	573	N/A
72_8_1176_45362_1784/1	gi|2557643774|emb|OY673254.1|	95.652	46	2	0	7	52	21732	21777	7.90e-09	75.0	2697049	N/A
72_8_1176_45362_1784/1	gi|2463378371|dbj|AP027461.1|	95.652	46	2	0	7	52	1299632	1299677	7.90e-09	75.0	511145	N/A
72_8_1176_45362_1784/1	gi|2463378371|dbj|AP027461.1|	95.652	46	2	0	7	52	1628404	1628359	7.90e-09	75.0	511145	N/A
72_8_1176_45362_1784/1	gi|2165836832|emb|OV197136.1|	93.878	49	1	2	5	52	118	71	2.84e-08	73.1	2697049	N/A
72_8_2448_25479_22418/1	gi|2830983252|gb|CP170844.1|	89.583	96	6	2	31	124	4083423	4083330	3.60e-22	119	573	N/A
72_8_2448_25479_22418/1	gi|2978724457|gb|PV611058.1|	85.455	110	12	3	31	137	295321	295429	6.02e-20	111	3421660	N/A
72_8_2448_25479_22418/1	gi|2978724457|gb|PV611058.1|	91.935	62	1	3	31	89	295784	295844	1.31e-11	84.2	3421660	N/A
72_8_2448_25479_22418/1	gi|2557643774|emb|OY673254.1|	91.379	58	4	1	20	76	21720	21777	6.10e-10	78.7	2697049	N/A
72_8_2448_25479_22418/1	gi|685042206|emb|LN590731.1|	95.918	49	0	2	25	71	347604	347652	6.10e-10	78.7	7962	N/A
72_8_2448_25479_22418/1	gi|2755084441|gb|PP943425.1|	81.720	93	12	4	31	121	67825	67736	2.84e-08	73.1	10258	N/A
72_8_2448_25479_22418/1	gi|2755084441|gb|PP943425.1|	93.478	46	1	2	31	75	67591	67635	1.32e-06	67.6	10258	N/A
72_8_2104_16416_13537/1	gi|2978724457|gb|PV611058.1|	93.023	129	2	5	12	137	295320	295444	4.52e-41	182	3421660	N/A
72_8_2104_16416_13537/1	gi|2978724457|gb|PV611058.1|	91.803	61	1	3	12	69	295783	295842	4.72e-11	82.4	3421660	N/A
72_8_2104_16416_13537/1	gi|2830983252|gb|CP170844.1|	86.170	94	9	2	13	102	4083423	4083330	4.68e-16	99.0	573	N/A
72_8_2104_16416_13537/1	gi|685049950|emb|LN598462.1|	95.833	48	0	2	7	52	1938274	1938321	2.20e-09	76.8	7962	N/A
72_8_2104_16416_13537/1	gi|2557643774|emb|OY673254.1|	95.652	46	2	0	13	58	21732	21777	7.90e-09	75.0	2697049	N/A
72_8_2104_16416_13537/1	gi|2463378371|dbj|AP027461.1|	95.652	46	2	0	13	58	1299632	1299677	7.90e-09	75.0	511145	N/A
72_8_2104_16416_13537/1	gi|2463378371|dbj|AP027461.1|	95.652	46	2	0	13	58	1628404	1628359	7.90e-09	75.0	511145	N/A
72_8_2429_2578_24015/1	gi|2978724457|gb|PV611058.1|	90.226	133	2	6	8	137	295320	295444	1.64e-35	163	3421660	N/A
72_8_2429_2578_24015/1	gi|2978724457|gb|PV611058.1|	92.188	64	1	3	8	68	295783	295845	1.01e-12	87.9	3421660	N/A
72_8_2429_2578_24015/1	gi|2830983252|gb|CP170844.1|	86.458	96	9	3	9	102	4083423	4083330	3.62e-17	102	573	N/A
72_8_2429_2578_24015/1	gi|2755084441|gb|PP943425.1|	83.516	91	12	3	9	97	67825	67736	4.72e-11	82.4	10258	N/A
72_8_2429_2578_24015/1	gi|2755084441|gb|PP943425.1|	93.478	46	1	2	9	53	67591	67635	1.32e-06	67.6	10258	N/A
72_8_2429_2578_24015/1	gi|2557643774|emb|OY673254.1|	95.652	46	2	0	9	54	21732	21777	7.90e-09	75.0	2697049	N/A
72_8_2429_2578_24015/1	gi|2557638192|emb|OY694677.1|	94.000	50	1	2	6	54	4298	4346	7.90e-09	75.0	2697049	N/A
72_8_1101_37334_11422/1	gi|2978724457|gb|PV611058.1|	95.200	125	1	4	6	127	295322	295444	2.09e-44	193	3421660	N/A
72_8_1101_37334_11422/1	gi|2978724457|gb|PV611058.1|	91.525	59	1	3	6	61	295785	295842	6.10e-10	78.7	3421660	N/A
72_8_1101_37334_11422/1	gi|2830983252|gb|CP170844.1|	82.796	93	13	2	6	95	4083422	4083330	1.70e-10	80.5	573	N/A
72_8_1101_37334_11422/1	gi|2557643774|emb|OY673254.1|	95.556	45	2	0	6	50	21733	21777	2.84e-08	73.1	2697049	N/A
72_8_1101_37334_11422/1	gi|2463378371|dbj|AP027461.1|	95.556	45	2	0	6	50	1299633	1299677	2.84e-08	73.1	511145	N/A
72_8_1101_37334_11422/1	gi|2463378371|dbj|AP027461.1|	95.556	45	2	0	6	50	1628403	1628359	2.84e-08	73.1	511145	N/A
72_8_1101_37334_11422/1	gi|2755084441|gb|PP943425.1|	93.478	46	1	2	6	50	67824	67780	1.32e-06	67.6	10258	N/A
72_8_1101_37334_11422/1	gi|2755084441|gb|PP943425.1|	93.333	45	1	2	6	49	67592	67635	4.75e-06	65.8	10258	N/A
72_8_2453_3857_2107/1	gi|2978724457|gb|PV611058.1|	85.827	127	14	4	13	137	295320	295444	4.62e-26	132	3421660	N/A
72_8_2453_3857_2107/1	gi|2978724457|gb|PV611058.1|	90.741	54	3	2	13	64	295783	295836	1.02e-07	71.3	3421660	N/A
72_8_2453_3857_2107/1	gi|2830983252|gb|CP170844.1|	86.316	95	10	2	14	106	4083423	4083330	1.30e-16	100	573	N/A
72_8_2453_3857_2107/1	gi|2755084441|gb|PP943425.1|	82.979	94	6	6	14	101	67825	67736	2.20e-09	76.8	10258	N/A
72_8_2453_3857_2107/1	gi|2755084441|gb|PP943425.1|	97.368	38	1	0	10	47	67587	67624	4.75e-06	65.8	10258	N/A
72_8_2453_3857_2107/1	gi|2560271083|emb|OY714119.1|	95.745	47	2	0	13	59	4300	4346	2.20e-09	76.8	2697049	N/A
72_8_2453_3857_2107/1	gi|2557643774|emb|OY673254.1|	92.593	54	3	1	7	59	21724	21777	2.20e-09	76.8	2697049	N/A
72_8_2419_23173_15876/1	gi|2978724457|gb|PV611058.1|	94.574	129	2	4	12	137	295318	295444	5.81e-45	195	3421660	N/A
72_8_2419_23173_15876/1	gi|2978724457|gb|PV611058.1|	92.063	63	1	3	12	71	295781	295842	3.65e-12	86.1	3421660	N/A
72_8_2419_23173_15876/1	gi|2830983252|gb|CP170844.1|	84.043	94	11	2	15	104	4083423	4083330	1.01e-12	87.9	573	N/A
72_8_2419_23173_15876/1	gi|685042175|emb|LN590700.1|	92.857	56	1	3	3	55	14033954	14033899	6.10e-10	78.7	7962	N/A
72_8_2419_23173_15876/1	gi|685042175|emb|LN590700.1|	95.238	42	0	2	15	54	15778538	15778579	4.75e-06	65.8	7962	N/A
72_8_2419_23173_15876/1	gi|2557643774|emb|OY673254.1|	91.228	57	4	1	5	60	21721	21777	2.20e-09	76.8	2697049	N/A
72_8_2419_23173_15876/1	gi|2565360070|emb|OY632882.1|	100.000	40	0	0	10	49	22461	22500	7.90e-09	75.0	2697049	N/A
72_8_1294_40951_4180/1	gi|2978724457|gb|PV611058.1|	95.238	126	1	4	14	136	295321	295444	5.81e-45	195	3421660	N/A
72_8_1294_40951_4180/1	gi|2978724457|gb|PV611058.1|	91.667	60	1	3	14	70	295784	295842	1.70e-10	80.5	3421660	N/A
72_8_1294_40951_4180/1	gi|2830983252|gb|CP170844.1|	82.979	94	12	2	14	103	4083423	4083330	4.72e-11	82.4	573	N/A
72_8_1294_40951_4180/1	gi|2557643774|emb|OY673254.1|	95.652	46	2	0	14	59	21732	21777	7.90e-09	75.0	2697049	N/A
72_8_1294_40951_4180/1	gi|2463378371|dbj|AP027461.1|	95.652	46	2	0	14	59	1299632	1299677	7.90e-09	75.0	511145	N/A
72_8_1294_40951_4180/1	gi|2463378371|dbj|AP027461.1|	95.652	46	2	0	14	59	1628404	1628359	7.90e-09	75.0	511145	N/A
72_8_1294_40951_4180/1	gi|2991388636|dbj|AP040949.1|	100.000	39	0	0	11	49	3527635	3527673	2.84e-08	73.1	573	N/A
72_8_2287_6786_22222/1	gi|2978724457|gb|PV611058.1|	89.683	126	9	3	15	137	295320	295444	7.62e-34	158	3421660	N/A
72_8_2287_6786_22222/1	gi|2978724457|gb|PV611058.1|	92.063	63	1	3	15	74	295783	295844	3.65e-12	86.1	3421660	N/A
72_8_2287_6786_22222/1	gi|2830983252|gb|CP170844.1|	90.426	94	7	1	16	107	4083423	4083330	2.78e-23	122	573	N/A
72_8_2287_6786_22222/1	gi|2557643774|emb|OY673254.1|	92.593	54	3	1	9	61	21724	21777	2.20e-09	76.8	2697049	N/A
72_8_2287_6786_22222/1	gi|2463378371|dbj|AP027461.1|	95.652	46	2	0	16	61	1299632	1299677	7.90e-09	75.0	511145	N/A
72_8_2287_6786_22222/1	gi|2463378371|dbj|AP027461.1|	95.652	46	2	0	16	61	1628404	1628359	7.90e-09	75.0	511145	N/A
72_8_2287_6786_22222/1	gi|685042277|emb|LN590802.1|	95.745	47	0	2	11	55	1043034	1043080	7.90e-09	75.0	7962	N/A
72_8_2141_20284_10427/1	gi|2978724457|gb|PV611058.1|	90.698	129	1	5	1	126	295324	295444	5.89e-35	161	3421660	N/A
72_8_2141_20284_10427/1	gi|2978724457|gb|PV611058.1|	91.228	57	1	3	1	54	295787	295842	7.90e-09	75.0	3421660	N/A
72_8_2141_20284_10427/1	gi|2830983252|gb|CP170844.1|	89.011	91	7	2	1	88	4083420	4083330	2.16e-19	110	573	N/A
72_8_2141_20284_10427/1	gi|2557643774|emb|OY673254.1|	95.349	43	2	0	1	43	21735	21777	3.67e-07	69.4	2697049	N/A
72_8_2141_20284_10427/1	gi|2463378371|dbj|AP027461.1|	95.349	43	2	0	1	43	1299635	1299677	3.67e-07	69.4	511145	N/A
72_8_2141_20284_10427/1	gi|2463378371|dbj|AP027461.1|	95.349	43	2	0	1	43	1628401	1628359	3.67e-07	69.4	511145	N/A
72_8_2141_20284_10427/1	gi|2755084441|gb|PP943425.1|	93.182	44	1	2	1	43	67822	67780	1.71e-05	63.9	10258	N/A
72_8_2141_20284_10427/1	gi|2755084441|gb|PP943425.1|	93.023	43	1	2	1	42	67594	67635	6.15e-05	62.1	10258	N/A
72_8_1263_34259_9993/1	gi|2978724457|gb|PV611058.1|	89.474	133	1	5	2	131	295322	295444	2.74e-33	156	3421660	N/A
72_8_1263_34259_9993/1	gi|2978724457|gb|PV611058.1|	91.803	61	1	3	2	59	295785	295844	4.72e-11	82.4	3421660	N/A
72_8_1263_34259_9993/1	gi|2830983252|gb|CP170844.1|	91.398	93	6	1	2	92	4083422	4083330	2.15e-24	126	573	N/A
72_8_1263_34259_9993/1	gi|2557643774|emb|OY673254.1|	95.556	45	2	0	2	46	21733	21777	2.84e-08	73.1	2697049	N/A
72_8_1263_34259_9993/1	gi|2463378371|dbj|AP027461.1|	95.556	45	2	0	2	46	1299633	1299677	2.84e-08	73.1	511145	N/A
72_8_1263_34259_9993/1	gi|2463378371|dbj|AP027461.1|	95.556	45	2	0	2	46	1628403	1628359	2.84e-08	73.1	511145	N/A
72_8_1263_34259_9993/1	gi|2755084441|gb|PP943425.1|	93.478	46	1	2	2	46	67824	67780	1.32e-06	67.6	10258	N/A
72_8_1263_34259_9993/1	gi|2755084441|gb|PP943425.1|	93.333	45	1	2	2	45	67592	67635	4.75e-06	65.8	10258	N/A
72_8_1412_27235_28035/1	gi|2978724457|gb|PV611058.1|	94.615	130	1	5	10	136	295318	295444	1.61e-45	196	3421660	N/A
72_8_1412_27235_28035/1	gi|2978724457|gb|PV611058.1|	90.625	64	1	4	10	70	295781	295842	1.70e-10	80.5	3421660	N/A
72_8_1412_27235_28035/1	gi|2830983252|gb|CP170844.1|	83.158	95	12	2	13	103	4083424	4083330	1.31e-11	84.2	573	N/A
72_8_1412_27235_28035/1	gi|2557643774|emb|OY673254.1|	91.379	58	4	1	3	59	21720	21777	6.10e-10	78.7	2697049	N/A
72_8_1412_27235_28035/1	gi|685042175|emb|LN590700.1|	94.231	52	1	2	5	54	14033950	14033899	6.10e-10	78.7	7962	N/A
72_8_1412_27235_28035/1	gi|685042175|emb|LN590700.1|	95.349	43	0	2	13	53	15778537	15778579	1.32e-06	67.6	7962	N/A
72_8_1412_27235_28035/1	gi|685042242|emb|LN590767.1|	95.833	48	0	2	8	53	603262	603215	2.20e-09	76.8	7962	N/A
72_8_1419_16626_24267/1	gi|2978724457|gb|PV611058.1|	90.551	127	7	4	14	137	295320	295444	1.64e-35	163	3421660	N/A
72_8_1419_16626_24267/1	gi|2978724457|gb|PV611058.1|	91.803	61	1	3	14	71	295783	295842	4.72e-11	82.4	3421660	N/A
72_8_1419_16626_24267/1	gi|2830983252|gb|CP170844.1|	89.362	94	7	2	15	105	4083423	4083330	4.65e-21	115	573	N/A
72_8_1419_16626_24267/1	gi|685047827|emb|LN596339.1|	96.000	50	0	2	7	54	601778	601827	1.70e-10	80.5	7962	N/A
72_8_1419_16626_24267/1	gi|685042185|emb|LN590710.1|	95.833	48	0	2	9	54	10218497	10218544	2.20e-09	76.8	7962	N/A
72_8_1419_16626_24267/1	gi|685042185|emb|LN590710.1|	95.556	45	0	2	12	54	3790455	3790411	1.02e-07	71.3	7962	N/A
72_8_1419_16626_24267/1	gi|685042185|emb|LN590710.1|	95.556	45	0	2	12	54	6008691	6008735	1.02e-07	71.3	7962	N/A
72_8_1419_16626_24267/1	gi|685042185|emb|LN590710.1|	93.478	46	1	2	4	48	9162078	9162122	1.32e-06	67.6	7962	N/A
72_8_1419_16626_24267/1	gi|2557643774|emb|OY673254.1|	95.652	46	2	0	15	60	21732	21777	7.90e-09	75.0	2697049	N/A
72_8_1222_34356_20247/1	gi|2978724457|gb|PV611058.1|	91.603	131	1	5	10	137	295321	295444	2.72e-38	172	3421660	N/A
72_8_1222_34356_20247/1	gi|2978724457|gb|PV611058.1|	91.667	60	1	3	10	66	295784	295842	1.70e-10	80.5	3421660	N/A
72_8_1222_34356_20247/1	gi|2830983252|gb|CP170844.1|	88.542	96	9	1	8	101	4083425	4083330	4.65e-21	115	573	N/A
72_8_1222_34356_20247/1	gi|2557643774|emb|OY673254.1|	95.652	46	2	0	10	55	21732	21777	7.90e-09	75.0	2697049	N/A
72_8_1222_34356_20247/1	gi|2463378371|dbj|AP027461.1|	95.652	46	2	0	10	55	1299632	1299677	7.90e-09	75.0	511145	N/A
72_8_1222_34356_20247/1	gi|2463378371|dbj|AP027461.1|	95.652	46	2	0	10	55	1628404	1628359	7.90e-09	75.0	511145	N/A
72_8_1222_34356_20247/1	gi|2165836832|emb|OV197136.1|	93.878	49	1	2	8	55	118	71	2.84e-08	73.1	2697049	N/A
72_8_2219_38103_25640/1	gi|2978724457|gb|PV611058.1|	88.462	130	6	8	1	130	295324	295444	4.59e-31	148	3421660	N/A
72_8_2219_38103_25640/1	gi|2978724457|gb|PV611058.1|	90.000	60	1	4	1	57	295787	295844	2.84e-08	73.1	3421660	N/A
72_8_2219_38103_25640/1	gi|2830983252|gb|CP170844.1|	84.615	91	11	2	1	88	4083420	4083330	1.01e-12	87.9	573	N/A
72_8_2219_38103_25640/1	gi|2557643774|emb|OY673254.1|	95.349	43	2	0	1	43	21735	21777	3.67e-07	69.4	2697049	N/A
72_8_2219_38103_25640/1	gi|2463378371|dbj|AP027461.1|	95.349	43	2	0	1	43	1299635	1299677	3.67e-07	69.4	511145	N/A
72_8_2219_38103_25640/1	gi|2463378371|dbj|AP027461.1|	95.349	43	2	0	1	43	1628401	1628359	3.67e-07	69.4	511145	N/A
72_8_2219_38103_25640/1	gi|2755084441|gb|PP943425.1|	93.182	44	1	2	1	43	67822	67780	1.71e-05	63.9	10258	N/A
72_8_2219_38103_25640/1	gi|2755084441|gb|PP943425.1|	93.023	43	1	2	1	42	67594	67635	6.15e-05	62.1	10258	N/A
72_8_1349_35416_15862/1	gi|2978724457|gb|PV611058.1|	90.698	129	4	6	12	137	295321	295444	4.55e-36	165	3421660	N/A
72_8_1349_35416_15862/1	gi|2978724457|gb|PV611058.1|	90.164	61	2	3	12	69	295784	295843	2.20e-09	76.8	3421660	N/A
72_8_1349_35416_15862/1	gi|2830983252|gb|CP170844.1|	87.234	94	9	2	12	102	4083423	4083330	1.01e-17	104	573	N/A
72_8_1349_35416_15862/1	gi|685042185|emb|LN590710.1|	95.556	45	2	0	1	45	9162078	9162122	2.84e-08	73.1	7962	N/A
72_8_1349_35416_15862/1	gi|685042185|emb|LN590710.1|	92.857	42	1	2	12	51	3790452	3790411	2.21e-04	60.2	7962	N/A
72_8_1349_35416_15862/1	gi|685042185|emb|LN590710.1|	92.857	42	1	2	12	51	6008694	6008735	2.21e-04	60.2	7962	N/A
72_8_1349_35416_15862/1	gi|685042185|emb|LN590710.1|	92.857	42	1	2	12	51	10218503	10218544	2.21e-04	60.2	7962	N/A
72_8_1349_35416_15862/1	gi|2557643774|emb|OY673254.1|	93.478	46	3	0	12	57	21732	21777	3.67e-07	69.4	2697049	N/A
72_8_1349_35416_15862/1	gi|2463378371|dbj|AP027461.1|	93.478	46	3	0	12	57	1299632	1299677	3.67e-07	69.4	511145	N/A
72_8_1349_35416_15862/1	gi|2463378371|dbj|AP027461.1|	93.478	46	3	0	12	57	1628404	1628359	3.67e-07	69.4	511145	N/A
72_8_1233_17913_4922/1	gi|2978724457|gb|PV611058.1|	92.969	128	1	6	2	126	295322	295444	1.63e-40	180	3421660	N/A
72_8_1233_17913_4922/1	gi|2978724457|gb|PV611058.1|	91.525	59	1	3	2	57	295785	295842	6.10e-10	78.7	3421660	N/A
72_8_1233_17913_4922/1	gi|2830983252|gb|CP170844.1|	84.043	94	12	2	2	93	4083422	4083330	1.01e-12	87.9	573	N/A
72_8_1233_17913_4922/1	gi|2557643774|emb|OY673254.1|	95.556	45	2	0	2	46	21733	21777	2.84e-08	73.1	2697049	N/A
72_8_1233_17913_4922/1	gi|2463378371|dbj|AP027461.1|	95.556	45	2	0	2	46	1299633	1299677	2.84e-08	73.1	511145	N/A
72_8_1233_17913_4922/1	gi|2463378371|dbj|AP027461.1|	95.556	45	2	0	2	46	1628403	1628359	2.84e-08	73.1	511145	N/A
72_8_1233_17913_4922/1	gi|2755084441|gb|PP943425.1|	93.478	46	1	2	2	46	67824	67780	1.32e-06	67.6	10258	N/A
72_8_1233_17913_4922/1	gi|2755084441|gb|PP943425.1|	93.333	45	1	2	2	45	67592	67635	4.75e-06	65.8	10258	N/A
72_8_2457_5758_1112/1	gi|2978724457|gb|PV611058.1|	89.855	138	3	7	3	137	295315	295444	1.27e-36	167	3421660	N/A
72_8_2457_5758_1112/1	gi|2978724457|gb|PV611058.1|	89.855	69	2	4	3	68	295778	295844	1.31e-11	84.2	3421660	N/A
72_8_2457_5758_1112/1	gi|2830983252|gb|CP170844.1|	87.368	95	9	2	10	102	4083423	4083330	2.80e-18	106	573	N/A
72_8_2457_5758_1112/1	gi|2557643774|emb|OY673254.1|	95.652	46	2	0	10	55	21732	21777	7.90e-09	75.0	2697049	N/A
72_8_2457_5758_1112/1	gi|2463378371|dbj|AP027461.1|	95.652	46	2	0	10	55	1299632	1299677	7.90e-09	75.0	511145	N/A
72_8_2457_5758_1112/1	gi|2463378371|dbj|AP027461.1|	95.652	46	2	0	10	55	1628404	1628359	7.90e-09	75.0	511145	N/A
72_8_2457_5758_1112/1	gi|2755084441|gb|PP943425.1|	81.720	93	10	5	10	98	67825	67736	1.02e-07	71.3	10258	N/A
72_8_2457_5758_1112/1	gi|2755084441|gb|PP943425.1|	93.478	46	1	2	10	54	67591	67635	1.32e-06	67.6	10258	N/A
72_8_1461_21409_5258/1	gi|2978724457|gb|PV611058.1|	91.473	129	3	5	9	134	295321	295444	9.79e-38	171	3421660	N/A
72_8_1461_21409_5258/1	gi|2978724457|gb|PV611058.1|	88.333	60	3	3	9	65	295784	295842	3.67e-07	69.4	3421660	N/A
72_8_1461_21409_5258/1	gi|2830983252|gb|CP170844.1|	84.375	96	12	2	7	99	4083425	4083330	7.84e-14	91.6	573	N/A
72_8_1461_21409_5258/1	gi|2557643774|emb|OY673254.1|	91.304	46	4	0	9	54	21732	21777	1.71e-05	63.9	2697049	N/A
72_8_1461_21409_5258/1	gi|2463378371|dbj|AP027461.1|	91.304	46	4	0	9	54	1299632	1299677	1.71e-05	63.9	511145	N/A
72_8_1461_21409_5258/1	gi|2463378371|dbj|AP027461.1|	95.000	40	2	0	15	54	1628398	1628359	1.71e-05	63.9	511145	N/A
72_8_1461_21409_5258/1	gi|2165836832|emb|OV197136.1|	89.796	49	3	2	7	54	118	71	6.15e-05	62.1	2697049	N/A
72_8_1121_44625_10147/1	gi|2978724457|gb|PV611058.1|	91.270	126	6	4	15	137	295321	295444	1.27e-36	167	3421660	N/A
72_8_1121_44625_10147/1	gi|2978724457|gb|PV611058.1|	91.667	60	1	3	15	71	295784	295842	1.70e-10	80.5	3421660	N/A
72_8_1121_44625_10147/1	gi|2830983252|gb|CP170844.1|	86.458	96	10	2	14	107	4083424	4083330	3.62e-17	102	573	N/A
72_8_1121_44625_10147/1	gi|685042175|emb|LN590700.1|	95.833	48	0	2	9	54	15778532	15778579	2.20e-09	76.8	7962	N/A
72_8_1121_44625_10147/1	gi|685042175|emb|LN590700.1|	95.349	43	0	2	15	55	14033941	14033899	1.32e-06	67.6	7962	N/A
72_8_1121_44625_10147/1	gi|2557643774|emb|OY673254.1|	95.652	46	2	0	15	60	21732	21777	7.90e-09	75.0	2697049	N/A
72_8_1121_44625_10147/1	gi|2463378371|dbj|AP027461.1|	93.878	49	3	0	12	60	1299629	1299677	7.90e-09	75.0	511145	N/A
72_8_1121_44625_10147/1	gi|2463378371|dbj|AP027461.1|	95.652	46	2	0	15	60	1628404	1628359	7.90e-09	75.0	511145	N/A
72_8_2384_15582_17641/1	gi|2978724457|gb|PV611058.1|	92.000	125	6	3	16	137	295321	295444	2.72e-38	172	3421660	N/A
72_8_2384_15582_17641/1	gi|2978724457|gb|PV611058.1|	91.667	60	1	3	16	72	295784	295842	1.70e-10	80.5	3421660	N/A
72_8_2384_15582_17641/1	gi|2830983252|gb|CP170844.1|	82.292	96	13	3	16	109	4083423	4083330	1.70e-10	80.5	573	N/A
72_8_2384_15582_17641/1	gi|2557643774|emb|OY673254.1|	95.652	46	2	0	16	61	21732	21777	7.90e-09	75.0	2697049	N/A
72_8_2384_15582_17641/1	gi|2463378371|dbj|AP027461.1|	93.878	49	3	0	13	61	1299629	1299677	7.90e-09	75.0	511145	N/A
72_8_2384_15582_17641/1	gi|2463378371|dbj|AP027461.1|	95.652	46	2	0	16	61	1628404	1628359	7.90e-09	75.0	511145	N/A
72_8_2384_15582_17641/1	gi|685049067|emb|LN597579.1|	100.000	40	0	0	11	50	1397	1436	7.90e-09	75.0	7962	N/A
72_8_2113_14822_7360/1	gi|2978724457|gb|PV611058.1|	90.476	126	7	4	15	137	295321	295444	5.89e-35	161	3421660	N/A
72_8_2113_14822_7360/1	gi|2978724457|gb|PV611058.1|	91.667	60	1	3	15	71	295784	295842	1.70e-10	80.5	3421660	N/A
72_8_2113_14822_7360/1	gi|2830983252|gb|CP170844.1|	89.583	96	8	1	13	106	4083425	4083330	1.00e-22	121	573	N/A
72_8_2113_14822_7360/1	gi|2557643774|emb|OY673254.1|	95.652	46	2	0	15	60	21732	21777	7.90e-09	75.0	2697049	N/A
72_8_2113_14822_7360/1	gi|2463378371|dbj|AP027461.1|	95.652	46	2	0	15	60	1299632	1299677	7.90e-09	75.0	511145	N/A
72_8_2113_14822_7360/1	gi|2463378371|dbj|AP027461.1|	95.652	46	2	0	15	60	1628404	1628359	7.90e-09	75.0	511145	N/A
72_8_2113_14822_7360/1	gi|2165836832|emb|OV197136.1|	92.593	54	1	3	8	60	122	71	7.90e-09	75.0	2697049	N/A
72_8_1408_20688_13229/1	gi|2978724457|gb|PV611058.1|	94.574	129	2	4	12	137	295318	295444	5.81e-45	195	3421660	N/A
72_8_1408_20688_13229/1	gi|2978724457|gb|PV611058.1|	90.476	63	2	3	12	71	295781	295842	1.70e-10	80.5	3421660	N/A
72_8_1408_20688_13229/1	gi|2830983252|gb|CP170844.1|	82.979	94	12	2	15	104	4083423	4083330	4.72e-11	82.4	573	N/A
72_8_1408_20688_13229/1	gi|2557643774|emb|OY673254.1|	95.652	46	2	0	15	60	21732	21777	7.90e-09	75.0	2697049	N/A
72_8_1408_20688_13229/1	gi|2463378371|dbj|AP027461.1|	95.652	46	2	0	15	60	1299632	1299677	7.90e-09	75.0	511145	N/A
72_8_1408_20688_13229/1	gi|2463378371|dbj|AP027461.1|	95.652	46	2	0	15	60	1628404	1628359	7.90e-09	75.0	511145	N/A
72_8_1408_20688_13229/1	gi|685043901|emb|LN592426.1|	94.118	51	0	3	6	54	375099	375148	7.90e-09	75.0	7962	N/A
72_8_1203_31467_18328/1	gi|2978724457|gb|PV611058.1|	93.750	128	1	4	7	131	295321	295444	3.50e-42	185	3421660	N/A
72_8_1203_31467_18328/1	gi|2978724457|gb|PV611058.1|	91.667	60	1	3	7	63	295784	295842	1.70e-10	80.5	3421660	N/A
72_8_1203_31467_18328/1	gi|2830983252|gb|CP170844.1|	85.417	96	11	2	5	97	4083425	4083330	1.69e-15	97.1	573	N/A
72_8_1203_31467_18328/1	gi|2557643774|emb|OY673254.1|	95.652	46	2	0	7	52	21732	21777	7.90e-09	75.0	2697049	N/A
72_8_1203_31467_18328/1	gi|2463378371|dbj|AP027461.1|	95.652	46	2	0	7	52	1299632	1299677	7.90e-09	75.0	511145	N/A
72_8_1203_31467_18328/1	gi|2463378371|dbj|AP027461.1|	95.652	46	2	0	7	52	1628404	1628359	7.90e-09	75.0	511145	N/A
72_8_1203_31467_18328/1	gi|2165836832|emb|OV197136.1|	93.878	49	1	2	5	52	118	71	2.84e-08	73.1	2697049	N/A
72_8_2424_49343_3633/1	gi|2752564609|emb|OY639300.1|	100.000	28	0	0	6	33	138117	138090	0.037	52.8	5680	N/A
72_8_2282_37625_21900/1	gi|2978724457|gb|PV611058.1|	93.023	129	1	6	1	126	295321	295444	4.52e-41	182	3421660	N/A
72_8_2282_37625_21900/1	gi|2978724457|gb|PV611058.1|	91.667	60	1	3	1	57	295784	295842	1.70e-10	80.5	3421660	N/A
72_8_2282_37625_21900/1	gi|2830983252|gb|CP170844.1|	84.211	95	12	2	1	93	4083423	4083330	2.82e-13	89.8	573	N/A
72_8_2282_37625_21900/1	gi|2557643774|emb|OY673254.1|	95.652	46	2	0	1	46	21732	21777	7.90e-09	75.0	2697049	N/A
72_8_2282_37625_21900/1	gi|2463378371|dbj|AP027461.1|	95.652	46	2	0	1	46	1299632	1299677	7.90e-09	75.0	511145	N/A
72_8_2282_37625_21900/1	gi|2463378371|dbj|AP027461.1|	95.652	46	2	0	1	46	1628404	1628359	7.90e-09	75.0	511145	N/A
72_8_2282_37625_21900/1	gi|2755084441|gb|PP943425.1|	93.617	47	1	2	1	46	67825	67780	3.67e-07	69.4	10258	N/A
72_8_2282_37625_21900/1	gi|2755084441|gb|PP943425.1|	93.478	46	1	2	1	45	67591	67635	1.32e-06	67.6	10258	N/A
72_8_2418_35910_4446/1	gi|2978724457|gb|PV611058.1|	92.248	129	1	7	2	127	295322	295444	7.57e-39	174	3421660	N/A
72_8_2418_35910_4446/1	gi|2978724457|gb|PV611058.1|	91.667	60	1	3	2	58	295785	295843	1.70e-10	80.5	3421660	N/A
72_8_2418_35910_4446/1	gi|2830983252|gb|CP170844.1|	87.097	93	9	2	2	91	4083422	4083330	3.62e-17	102	573	N/A
72_8_2418_35910_4446/1	gi|2557643774|emb|OY673254.1|	95.556	45	2	0	2	46	21733	21777	2.84e-08	73.1	2697049	N/A
72_8_2418_35910_4446/1	gi|2463378371|dbj|AP027461.1|	95.556	45	2	0	2	46	1299633	1299677	2.84e-08	73.1	511145	N/A
72_8_2418_35910_4446/1	gi|2463378371|dbj|AP027461.1|	95.556	45	2	0	2	46	1628403	1628359	2.84e-08	73.1	511145	N/A
72_8_2418_35910_4446/1	gi|2755084441|gb|PP943425.1|	93.478	46	1	2	2	46	67824	67780	1.32e-06	67.6	10258	N/A
72_8_2418_35910_4446/1	gi|2755084441|gb|PP943425.1|	93.333	45	1	2	2	45	67592	67635	4.75e-06	65.8	10258	N/A
72_8_2163_17913_22768/1	gi|2978724457|gb|PV611058.1|	92.063	126	5	4	15	137	295321	295444	2.72e-38	172	3421660	N/A
72_8_2163_17913_22768/1	gi|2978724457|gb|PV611058.1|	90.164	61	1	4	15	72	295784	295842	7.90e-09	75.0	3421660	N/A
72_8_2163_17913_22768/1	gi|2830983252|gb|CP170844.1|	85.263	95	10	2	14	104	4083424	4083330	6.06e-15	95.3	573	N/A
72_8_2163_17913_22768/1	gi|2557643774|emb|OY673254.1|	95.652	46	2	0	15	60	21732	21777	7.90e-09	75.0	2697049	N/A
72_8_2163_17913_22768/1	gi|2463378371|dbj|AP027461.1|	95.652	46	2	0	15	60	1299632	1299677	7.90e-09	75.0	511145	N/A
72_8_2163_17913_22768/1	gi|2463378371|dbj|AP027461.1|	95.652	46	2	0	15	60	1628404	1628359	7.90e-09	75.0	511145	N/A
72_8_2163_17913_22768/1	gi|2755084441|gb|PP943425.1|	93.878	49	1	2	12	59	67588	67635	2.84e-08	73.1	10258	N/A
72_8_2163_17913_22768/1	gi|2755084441|gb|PP943425.1|	93.617	47	1	2	15	60	67825	67780	3.67e-07	69.4	10258	N/A
72_8_1370_31152_13215/1	gi|2978724457|gb|PV611058.1|	92.063	126	5	4	15	137	295321	295444	2.72e-38	172	3421660	N/A
72_8_1370_31152_13215/1	gi|2978724457|gb|PV611058.1|	91.667	60	1	3	15	71	295784	295842	1.70e-10	80.5	3421660	N/A
72_8_1370_31152_13215/1	gi|2830983252|gb|CP170844.1|	87.234	94	9	2	15	105	4083423	4083330	1.01e-17	104	573	N/A
72_8_1370_31152_13215/1	gi|2557643774|emb|OY673254.1|	95.652	46	2	0	15	60	21732	21777	7.90e-09	75.0	2697049	N/A
72_8_1370_31152_13215/1	gi|2463378371|dbj|AP027461.1|	95.652	46	2	0	15	60	1299632	1299677	7.90e-09	75.0	511145	N/A
72_8_1370_31152_13215/1	gi|2463378371|dbj|AP027461.1|	95.652	46	2	0	15	60	1628404	1628359	7.90e-09	75.0	511145	N/A
72_8_1370_31152_13215/1	gi|2155043183|emb|OV015804.1|	100.000	40	0	0	12	51	29950	29911	7.90e-09	75.0	2697049	N/A
72_8_2220_51026_22404/1	gi|2978724457|gb|PV611058.1|	89.474	133	2	8	8	137	295321	295444	7.62e-34	158	3421660	N/A
72_8_2220_51026_22404/1	gi|2978724457|gb|PV611058.1|	91.228	57	1	3	8	61	295784	295839	7.90e-09	75.0	3421660	N/A
72_8_2220_51026_22404/1	gi|2830983252|gb|CP170844.1|	83.673	98	11	4	7	102	4083424	4083330	1.01e-12	87.9	573	N/A
72_8_2220_51026_22404/1	gi|2557643774|emb|OY673254.1|	95.652	46	2	0	8	53	21732	21777	7.90e-09	75.0	2697049	N/A
72_8_2220_51026_22404/1	gi|2463378371|dbj|AP027461.1|	95.652	46	2	0	8	53	1299632	1299677	7.90e-09	75.0	511145	N/A
72_8_2220_51026_22404/1	gi|2463378371|dbj|AP027461.1|	95.652	46	2	0	8	53	1628404	1628359	7.90e-09	75.0	511145	N/A
72_8_2220_51026_22404/1	gi|2755084441|gb|PP943425.1|	93.878	49	1	2	5	52	67588	67635	2.84e-08	73.1	10258	N/A
72_8_2220_51026_22404/1	gi|2755084441|gb|PP943425.1|	93.617	47	1	2	8	53	67825	67780	3.67e-07	69.4	10258	N/A
72_8_2343_25973_15456/1	gi|2978724457|gb|PV611058.1|	93.750	128	2	5	13	137	295320	295444	9.72e-43	187	3421660	N/A
72_8_2343_25973_15456/1	gi|2978724457|gb|PV611058.1|	91.803	61	1	3	13	70	295783	295842	4.72e-11	82.4	3421660	N/A
72_8_2343_25973_15456/1	gi|2830983252|gb|CP170844.1|	81.250	96	14	2	14	107	4083423	4083330	7.90e-09	75.0	573	N/A
72_8_2343_25973_15456/1	gi|2557643774|emb|OY673254.1|	92.453	53	2	2	9	59	21725	21777	7.90e-09	75.0	2697049	N/A
72_8_2343_25973_15456/1	gi|2463378371|dbj|AP027461.1|	95.652	46	2	0	14	59	1299632	1299677	7.90e-09	75.0	511145	N/A
72_8_2343_25973_15456/1	gi|2463378371|dbj|AP027461.1|	95.652	46	2	0	14	59	1628404	1628359	7.90e-09	75.0	511145	N/A
72_8_2343_25973_15456/1	gi|685047827|emb|LN596339.1|	94.000	50	1	2	6	53	601778	601827	7.90e-09	75.0	7962	N/A
72_8_1183_22210_18692/1	gi|2978724457|gb|PV611058.1|	92.188	128	4	5	13	137	295320	295444	2.10e-39	176	3421660	N/A
72_8_1183_22210_18692/1	gi|2978724457|gb|PV611058.1|	91.803	61	1	3	13	70	295783	295842	4.72e-11	82.4	3421660	N/A
72_8_1183_22210_18692/1	gi|2830983252|gb|CP170844.1|	85.263	95	11	2	14	106	4083423	4083330	6.06e-15	95.3	573	N/A
72_8_1183_22210_18692/1	gi|2557643774|emb|OY673254.1|	92.453	53	2	2	9	59	21725	21777	7.90e-09	75.0	2697049	N/A
72_8_1183_22210_18692/1	gi|2463378371|dbj|AP027461.1|	95.652	46	2	0	14	59	1299632	1299677	7.90e-09	75.0	511145	N/A
72_8_1183_22210_18692/1	gi|2463378371|dbj|AP027461.1|	95.652	46	2	0	14	59	1628404	1628359	7.90e-09	75.0	511145	N/A
72_8_1183_22210_18692/1	gi|685047827|emb|LN596339.1|	94.000	50	1	2	6	53	601778	601827	7.90e-09	75.0	7962	N/A
72_8_2132_7741_27040/1	gi|2978724457|gb|PV611058.1|	89.683	126	8	4	15	137	295321	295444	2.74e-33	156	3421660	N/A
72_8_2132_7741_27040/1	gi|2978724457|gb|PV611058.1|	91.935	62	1	3	15	73	295784	295844	1.31e-11	84.2	3421660	N/A
72_8_2132_7741_27040/1	gi|2830983252|gb|CP170844.1|	90.526	95	6	2	14	105	4083424	4083330	2.78e-23	122	573	N/A
72_8_2132_7741_27040/1	gi|2557643774|emb|OY673254.1|	95.652	46	2	0	15	60	21732	21777	7.90e-09	75.0	2697049	N/A
72_8_2132_7741_27040/1	gi|2463378371|dbj|AP027461.1|	95.652	46	2	0	15	60	1299632	1299677	7.90e-09	75.0	511145	N/A
72_8_2132_7741_27040/1	gi|2463378371|dbj|AP027461.1|	95.652	46	2	0	15	60	1628404	1628359	7.90e-09	75.0	511145	N/A
72_8_2132_7741_27040/1	gi|2924925013|gb|PQ571295.1|	100.000	39	0	0	11	49	225	263	2.84e-08	73.1	3385244	N/A
72_8_2123_35602_24645/1	gi|2978724457|gb|PV611058.1|	90.625	128	5	4	13	137	295321	295444	1.64e-35	163	3421660	N/A
72_8_2123_35602_24645/1	gi|2978724457|gb|PV611058.1|	91.667	60	1	3	13	69	295784	295842	1.70e-10	80.5	3421660	N/A
72_8_2123_35602_24645/1	gi|2830983252|gb|CP170844.1|	89.362	94	7	2	13	103	4083423	4083330	4.65e-21	115	573	N/A
72_8_2123_35602_24645/1	gi|685046795|emb|LN595320.1|	95.833	48	0	2	7	52	140295	140342	2.20e-09	76.8	7962	N/A
72_8_2123_35602_24645/1	gi|685045018|emb|LN593543.1|	95.833	48	0	2	7	52	140101	140148	2.20e-09	76.8	7962	N/A
72_8_2123_35602_24645/1	gi|2557643774|emb|OY673254.1|	95.652	46	2	0	13	58	21732	21777	7.90e-09	75.0	2697049	N/A
72_8_1428_25876_15288/1	gi|2978724457|gb|PV611058.1|	90.076	131	6	5	10	137	295318	295444	1.64e-35	163	3421660	N/A
72_8_1428_25876_15288/1	gi|2978724457|gb|PV611058.1|	90.625	64	1	4	10	70	295781	295842	1.70e-10	80.5	3421660	N/A
72_8_1428_25876_15288/1	gi|2830983252|gb|CP170844.1|	89.474	95	8	1	13	105	4083424	4083330	3.60e-22	119	573	N/A
72_8_1428_25876_15288/1	gi|2557643774|emb|OY673254.1|	92.593	54	3	1	7	59	21724	21777	2.20e-09	76.8	2697049	N/A
72_8_1428_25876_15288/1	gi|685042242|emb|LN590767.1|	95.833	48	0	2	8	53	603262	603215	2.20e-09	76.8	7962	N/A
72_8_1428_25876_15288/1	gi|685042175|emb|LN590700.1|	94.118	51	1	2	6	54	14033949	14033899	2.20e-09	76.8	7962	N/A
72_8_1428_25876_15288/1	gi|685042175|emb|LN590700.1|	95.349	43	0	2	13	53	15778537	15778579	1.32e-06	67.6	7962	N/A
72_8_2263_26280_4250/1	gi|2557638192|emb|OY694677.1|	92.500	40	1	2	1	39	4308	4346	0.003	56.5	2697049	N/A
72_8_2263_26280_4250/1	gi|2165834303|emb|OV196009.1|	92.308	39	3	0	1	39	108	70	0.003	56.5	2697049	N/A
72_8_2263_26280_4250/1	gi|2165834303|emb|OV196009.1|	96.970	33	1	0	1	33	29919	29951	0.003	56.5	2697049	N/A
72_8_2263_26280_4250/1	gi|2155043183|emb|OV015804.1|	100.000	30	0	0	1	30	29940	29911	0.003	56.5	2697049	N/A
72_8_2263_26280_4250/1	gi|2991388636|dbj|AP040949.1|	100.000	29	0	0	1	29	3527645	3527673	0.010	54.7	573	N/A
72_8_2263_26280_4250/1	gi|2991388621|dbj|AP040934.1|	100.000	29	0	0	1	29	146956	146984	0.010	54.7	562	N/A
72_8_2263_26280_4250/1	gi|2991388621|dbj|AP040934.1|	100.000	29	0	0	1	29	4900943	4900915	0.010	54.7	562	N/A
72_8_2439_16586_11982/1	gi|2978724457|gb|PV611058.1|	88.976	127	8	5	14	137	295321	295444	3.55e-32	152	3421660	N/A
72_8_2439_16586_11982/1	gi|2978724457|gb|PV611058.1|	90.164	61	2	3	14	71	295784	295843	2.20e-09	76.8	3421660	N/A
72_8_2439_16586_11982/1	gi|2830983252|gb|CP170844.1|	87.368	95	9	2	14	106	4083423	4083330	2.80e-18	106	573	N/A
72_8_2439_16586_11982/1	gi|685046795|emb|LN595320.1|	95.833	48	0	2	8	53	140295	140342	2.20e-09	76.8	7962	N/A
72_8_2439_16586_11982/1	gi|685045018|emb|LN593543.1|	95.833	48	0	2	8	53	140101	140148	2.20e-09	76.8	7962	N/A
72_8_2439_16586_11982/1	gi|2755084441|gb|PP943425.1|	81.720	93	11	5	14	103	67825	67736	2.84e-08	73.1	10258	N/A
72_8_2439_16586_11982/1	gi|2755084441|gb|PP943425.1|	92.000	50	1	3	11	58	67587	67635	1.32e-06	67.6	10258	N/A
72_8_1240_23933_3914/1	gi|2978724457|gb|PV611058.1|	88.889	126	9	4	15	137	295321	295444	1.28e-31	150	3421660	N/A
72_8_1240_23933_3914/1	gi|2978724457|gb|PV611058.1|	91.667	60	1	3	15	71	295784	295842	1.70e-10	80.5	3421660	N/A
72_8_1240_23933_3914/1	gi|2830983252|gb|CP170844.1|	89.691	97	7	2	13	107	4083425	4083330	1.00e-22	121	573	N/A
72_8_1240_23933_3914/1	gi|2165836832|emb|OV197136.1|	94.231	52	1	2	10	60	121	71	6.10e-10	78.7	2697049	N/A
72_8_1240_23933_3914/1	gi|2165834303|emb|OV196009.1|	94.118	51	3	0	10	60	120	70	6.10e-10	78.7	2697049	N/A
72_8_1240_23933_3914/1	gi|2165834303|emb|OV196009.1|	97.561	41	1	0	14	54	29911	29951	1.02e-07	71.3	2697049	N/A
72_8_1240_23933_3914/1	gi|2165832678|emb|OV195277.1|	94.231	52	1	2	10	60	137	87	6.10e-10	78.7	2697049	N/A
72_8_1432_52151_23679/1	gi|2978724457|gb|PV611058.1|	92.969	128	3	5	13	137	295320	295444	4.52e-41	182	3421660	N/A
72_8_1432_52151_23679/1	gi|2978724457|gb|PV611058.1|	91.803	61	1	3	13	70	295783	295842	4.72e-11	82.4	3421660	N/A
72_8_1432_52151_23679/1	gi|2830983252|gb|CP170844.1|	86.170	94	10	2	14	104	4083423	4083330	4.68e-16	99.0	573	N/A
72_8_1432_52151_23679/1	gi|2557643774|emb|OY673254.1|	95.652	46	2	0	14	59	21732	21777	7.90e-09	75.0	2697049	N/A
72_8_1432_52151_23679/1	gi|2463378371|dbj|AP027461.1|	93.878	49	3	0	11	59	1299629	1299677	7.90e-09	75.0	511145	N/A
72_8_1432_52151_23679/1	gi|2463378371|dbj|AP027461.1|	95.652	46	2	0	14	59	1628404	1628359	7.90e-09	75.0	511145	N/A
72_8_1432_52151_23679/1	gi|685047827|emb|LN596339.1|	94.000	50	1	2	6	53	601778	601827	7.90e-09	75.0	7962	N/A
72_8_1243_10419_23272/1	gi|2978724457|gb|PV611058.1|	93.750	128	1	6	8	132	295321	295444	3.50e-42	185	3421660	N/A
72_8_1243_10419_23272/1	gi|2978724457|gb|PV611058.1|	91.667	60	1	3	8	64	295784	295842	1.70e-10	80.5	3421660	N/A
72_8_1243_10419_23272/1	gi|2830983252|gb|CP170844.1|	83.333	96	13	2	7	100	4083424	4083330	3.65e-12	86.1	573	N/A
72_8_1243_10419_23272/1	gi|2557643774|emb|OY673254.1|	95.652	46	2	0	8	53	21732	21777	7.90e-09	75.0	2697049	N/A
72_8_1243_10419_23272/1	gi|2463378371|dbj|AP027461.1|	95.652	46	2	0	8	53	1299632	1299677	7.90e-09	75.0	511145	N/A
72_8_1243_10419_23272/1	gi|2463378371|dbj|AP027461.1|	95.652	46	2	0	8	53	1628404	1628359	7.90e-09	75.0	511145	N/A
72_8_1243_10419_23272/1	gi|2755084441|gb|PP943425.1|	93.878	49	1	2	5	52	67588	67635	2.84e-08	73.1	10258	N/A
72_8_1243_10419_23272/1	gi|2755084441|gb|PP943425.1|	93.617	47	1	2	8	53	67825	67780	3.67e-07	69.4	10258	N/A
72_8_1315_45111_19028/1	gi|2978724457|gb|PV611058.1|	89.313	131	9	4	10	137	295316	295444	2.12e-34	159	3421660	N/A
72_8_1315_45111_19028/1	gi|2978724457|gb|PV611058.1|	89.706	68	2	4	10	74	295779	295844	4.72e-11	82.4	3421660	N/A
72_8_1315_45111_19028/1	gi|2830983252|gb|CP170844.1|	86.458	96	9	3	15	108	4083423	4083330	3.62e-17	102	573	N/A
72_8_1315_45111_19028/1	gi|685042161|emb|LN590686.1|	94.231	52	0	3	5	54	20813821	20813871	2.20e-09	76.8	7962	N/A
72_8_1315_45111_19028/1	gi|685042161|emb|LN590686.1|	95.455	44	0	2	13	54	6380192	6380235	3.67e-07	69.4	7962	N/A
72_8_1315_45111_19028/1	gi|685042161|emb|LN590686.1|	95.238	42	0	2	15	54	4545831	4545872	4.75e-06	65.8	7962	N/A
72_8_1315_45111_19028/1	gi|685042161|emb|LN590686.1|	95.238	42	0	2	15	54	12304839	12304798	4.75e-06	65.8	7962	N/A
72_8_1315_45111_19028/1	gi|685042161|emb|LN590686.1|	95.238	42	0	2	15	54	17091846	17091887	4.75e-06	65.8	7962	N/A
72_8_1315_45111_19028/1	gi|685042161|emb|LN590686.1|	95.238	42	0	2	15	54	28125760	28125801	4.75e-06	65.8	7962	N/A
72_8_1315_45111_19028/1	gi|685042161|emb|LN590686.1|	94.872	39	0	2	18	54	12436830	12436868	2.21e-04	60.2	7962	N/A
72_8_1315_45111_19028/1	gi|2557643774|emb|OY673254.1|	95.652	46	2	0	15	60	21732	21777	7.90e-09	75.0	2697049	N/A
72_8_1315_45111_19028/1	gi|2463378371|dbj|AP027461.1|	93.878	49	3	0	12	60	1299629	1299677	7.90e-09	75.0	511145	N/A
72_8_1315_45111_19028/1	gi|2463378371|dbj|AP027461.1|	95.652	46	2	0	15	60	1628404	1628359	7.90e-09	75.0	511145	N/A
72_8_1101_25981_20933/1	gi|2557638192|emb|OY694677.1|	92.308	39	1	2	5	42	4309	4346	0.010	54.7	2697049	N/A
72_8_1101_25981_20933/1	gi|2165834303|emb|OV196009.1|	92.105	38	3	0	5	42	107	70	0.010	54.7	2697049	N/A
72_8_1101_25981_20933/1	gi|2165834303|emb|OV196009.1|	96.875	32	1	0	5	36	29920	29951	0.010	54.7	2697049	N/A
72_8_1101_25981_20933/1	gi|2155043183|emb|OV015804.1|	100.000	29	0	0	5	33	29939	29911	0.010	54.7	2697049	N/A
72_8_1101_25981_20933/1	gi|2991388636|dbj|AP040949.1|	100.000	28	0	0	5	32	3527646	3527673	0.037	52.8	573	N/A
72_8_1101_25981_20933/1	gi|2991388621|dbj|AP040934.1|	100.000	28	0	0	5	32	146957	146984	0.037	52.8	562	N/A
72_8_1101_25981_20933/1	gi|2991388621|dbj|AP040934.1|	100.000	28	0	0	5	32	4900942	4900915	0.037	52.8	562	N/A
72_8_2339_22291_27685/1	gi|2978724457|gb|PV611058.1|	90.551	127	7	4	14	137	295320	295444	1.64e-35	163	3421660	N/A
72_8_2339_22291_27685/1	gi|2978724457|gb|PV611058.1|	91.803	61	1	3	14	71	295783	295842	4.72e-11	82.4	3421660	N/A
72_8_2339_22291_27685/1	gi|2830983252|gb|CP170844.1|	89.362	94	8	1	15	106	4083423	4083330	1.29e-21	117	573	N/A
72_8_2339_22291_27685/1	gi|2524352013|emb|OY072335.1|	97.778	45	1	0	4	48	21647	21691	6.10e-10	78.7	2697049	N/A
72_8_2339_22291_27685/1	gi|2557643774|emb|OY673254.1|	95.652	46	2	0	15	60	21732	21777	7.90e-09	75.0	2697049	N/A
72_8_2339_22291_27685/1	gi|2463378371|dbj|AP027461.1|	95.652	46	2	0	15	60	1299632	1299677	7.90e-09	75.0	511145	N/A
72_8_2339_22291_27685/1	gi|2463378371|dbj|AP027461.1|	95.652	46	2	0	15	60	1628404	1628359	7.90e-09	75.0	511145	N/A
72_8_2375_20438_28175/1	gi|2978724457|gb|PV611058.1|	93.651	126	3	4	15	137	295321	295444	1.26e-41	183	3421660	N/A
72_8_2375_20438_28175/1	gi|2978724457|gb|PV611058.1|	91.667	60	1	3	15	71	295784	295842	1.70e-10	80.5	3421660	N/A
72_8_2375_20438_28175/1	gi|2830983252|gb|CP170844.1|	85.106	94	11	2	15	105	4083423	4083330	2.18e-14	93.5	573	N/A
72_8_2375_20438_28175/1	gi|685042185|emb|LN590710.1|	97.778	45	1	0	4	48	9162078	9162122	6.10e-10	78.7	7962	N/A
72_8_2375_20438_28175/1	gi|685042185|emb|LN590710.1|	95.238	42	0	2	15	54	3790452	3790411	4.75e-06	65.8	7962	N/A
72_8_2375_20438_28175/1	gi|685042185|emb|LN590710.1|	95.238	42	0	2	15	54	6008694	6008735	4.75e-06	65.8	7962	N/A
72_8_2375_20438_28175/1	gi|685042185|emb|LN590710.1|	95.238	42	0	2	15	54	10218503	10218544	4.75e-06	65.8	7962	N/A
72_8_2375_20438_28175/1	gi|2557643774|emb|OY673254.1|	95.652	46	2	0	15	60	21732	21777	7.90e-09	75.0	2697049	N/A
72_8_2375_20438_28175/1	gi|2463378371|dbj|AP027461.1|	95.652	46	2	0	15	60	1299632	1299677	7.90e-09	75.0	511145	N/A
72_8_2375_20438_28175/1	gi|2463378371|dbj|AP027461.1|	95.652	46	2	0	15	60	1628404	1628359	7.90e-09	75.0	511145	N/A
72_8_2484_24136_26592/1	gi|2978724457|gb|PV611058.1|	93.750	128	1	5	5	129	295321	295444	3.50e-42	185	3421660	N/A
72_8_2484_24136_26592/1	gi|2978724457|gb|PV611058.1|	91.667	60	1	3	5	61	295784	295842	1.70e-10	80.5	3421660	N/A
72_8_2484_24136_26592/1	gi|2830983252|gb|CP170844.1|	85.263	95	10	2	4	94	4083424	4083330	6.06e-15	95.3	573	N/A
72_8_2484_24136_26592/1	gi|2557643774|emb|OY673254.1|	95.652	46	2	0	5	50	21732	21777	7.90e-09	75.0	2697049	N/A
72_8_2484_24136_26592/1	gi|2463378371|dbj|AP027461.1|	95.652	46	2	0	5	50	1299632	1299677	7.90e-09	75.0	511145	N/A
72_8_2484_24136_26592/1	gi|2463378371|dbj|AP027461.1|	95.652	46	2	0	5	50	1628404	1628359	7.90e-09	75.0	511145	N/A
72_8_2484_24136_26592/1	gi|2755084441|gb|PP943425.1|	93.750	48	1	2	3	49	67589	67635	1.02e-07	71.3	10258	N/A
72_8_2484_24136_26592/1	gi|2755084441|gb|PP943425.1|	93.617	47	1	2	5	50	67825	67780	3.67e-07	69.4	10258	N/A
72_8_1412_14142_23384/1	gi|2978724457|gb|PV611058.1|	90.580	138	4	7	5	137	295311	295444	7.57e-39	174	3421660	N/A
72_8_1412_14142_23384/1	gi|2978724457|gb|PV611058.1|	88.889	72	1	5	5	71	295774	295843	4.72e-11	82.4	3421660	N/A
72_8_1412_14142_23384/1	gi|2830983252|gb|CP170844.1|	87.234	94	9	2	14	104	4083423	4083330	1.01e-17	104	573	N/A
72_8_1412_14142_23384/1	gi|685042185|emb|LN590710.1|	100.000	41	0	0	7	47	9162082	9162122	2.20e-09	76.8	7962	N/A
72_8_1412_14142_23384/1	gi|685042185|emb|LN590710.1|	95.238	42	0	2	14	53	3790452	3790411	4.75e-06	65.8	7962	N/A
72_8_1412_14142_23384/1	gi|685042185|emb|LN590710.1|	95.238	42	0	2	14	53	6008694	6008735	4.75e-06	65.8	7962	N/A
72_8_1412_14142_23384/1	gi|685042185|emb|LN590710.1|	95.238	42	0	2	14	53	10218503	10218544	4.75e-06	65.8	7962	N/A
72_8_1412_14142_23384/1	gi|2557643774|emb|OY673254.1|	95.652	46	2	0	14	59	21732	21777	7.90e-09	75.0	2697049	N/A
72_8_1412_14142_23384/1	gi|2463378371|dbj|AP027461.1|	95.652	46	2	0	14	59	1299632	1299677	7.90e-09	75.0	511145	N/A
72_8_1412_14142_23384/1	gi|2463378371|dbj|AP027461.1|	95.652	46	2	0	14	59	1628404	1628359	7.90e-09	75.0	511145	N/A
72_8_1289_12548_23931/1	gi|2978724457|gb|PV611058.1|	96.000	125	1	3	8	129	295321	295444	1.25e-46	200	3421660	N/A
72_8_1289_12548_23931/1	gi|2978724457|gb|PV611058.1|	91.667	60	1	3	8	64	295784	295842	1.70e-10	80.5	3421660	N/A
72_8_1289_12548_23931/1	gi|2557643774|emb|OY673254.1|	95.652	46	2	0	8	53	21732	21777	7.90e-09	75.0	2697049	N/A
72_8_1289_12548_23931/1	gi|2463378371|dbj|AP027461.1|	95.652	46	2	0	8	53	1299632	1299677	7.90e-09	75.0	511145	N/A
72_8_1289_12548_23931/1	gi|2463378371|dbj|AP027461.1|	95.652	46	2	0	8	53	1628404	1628359	7.90e-09	75.0	511145	N/A
72_8_1289_12548_23931/1	gi|2155043183|emb|OV015804.1|	100.000	40	0	0	5	44	29950	29911	7.90e-09	75.0	2697049	N/A
72_8_1289_12548_23931/1	gi|2830983252|gb|CP170844.1|	81.915	94	5	2	8	89	4083423	4083330	3.67e-07	69.4	573	N/A
72_8_2315_32317_15064/1	gi|2978724457|gb|PV611058.1|	90.551	127	7	4	14	137	295320	295444	1.64e-35	163	3421660	N/A
72_8_2315_32317_15064/1	gi|2978724457|gb|PV611058.1|	91.803	61	1	3	14	71	295783	295842	4.72e-11	82.4	3421660	N/A
72_8_2315_32317_15064/1	gi|2830983252|gb|CP170844.1|	89.362	94	7	2	15	105	4083423	4083330	4.65e-21	115	573	N/A
72_8_2315_32317_15064/1	gi|2557643774|emb|OY673254.1|	95.652	46	2	0	15	60	21732	21777	7.90e-09	75.0	2697049	N/A
72_8_2315_32317_15064/1	gi|2463378371|dbj|AP027461.1|	95.652	46	2	0	15	60	1299632	1299677	7.90e-09	75.0	511145	N/A
72_8_2315_32317_15064/1	gi|2463378371|dbj|AP027461.1|	95.652	46	2	0	15	60	1628404	1628359	7.90e-09	75.0	511145	N/A
72_8_2315_32317_15064/1	gi|685042177|emb|LN590702.1|	92.593	54	0	4	5	54	6540849	6540902	7.90e-09	75.0	7962	N/A
72_8_2315_32317_15064/1	gi|685042177|emb|LN590702.1|	95.238	42	0	2	15	54	1181065	1181106	4.75e-06	65.8	7962	N/A
72_8_2315_32317_15064/1	gi|685042177|emb|LN590702.1|	95.238	42	0	2	15	54	3995989	3995948	4.75e-06	65.8	7962	N/A
72_8_2315_32317_15064/1	gi|685042177|emb|LN590702.1|	95.238	42	0	2	15	54	6762499	6762540	4.75e-06	65.8	7962	N/A
72_8_2315_32317_15064/1	gi|685042177|emb|LN590702.1|	95.238	42	0	2	15	54	6862999	6863040	4.75e-06	65.8	7962	N/A
72_8_2315_32317_15064/1	gi|685042177|emb|LN590702.1|	93.333	45	0	2	6	47	1157104	1157060	1.71e-05	63.9	7962	N/A
72_8_2313_43201_19868/1	gi|2978724457|gb|PV611058.1|	93.701	127	2	5	14	137	295321	295444	3.50e-42	185	3421660	N/A
72_8_2313_43201_19868/1	gi|2978724457|gb|PV611058.1|	91.667	60	1	3	14	70	295784	295842	1.70e-10	80.5	3421660	N/A
72_8_2313_43201_19868/1	gi|2830983252|gb|CP170844.1|	83.333	96	13	2	13	106	4083424	4083330	3.65e-12	86.1	573	N/A
72_8_2313_43201_19868/1	gi|2557643774|emb|OY673254.1|	91.379	58	4	1	3	59	21720	21777	6.10e-10	78.7	2697049	N/A
72_8_2313_43201_19868/1	gi|2557639802|emb|OY695838.1|	100.000	40	0	0	8	47	4716	4755	7.90e-09	75.0	2697049	N/A
72_8_2313_43201_19868/1	gi|2463378371|dbj|AP027461.1|	95.652	46	2	0	14	59	1299632	1299677	7.90e-09	75.0	511145	N/A
72_8_2313_43201_19868/1	gi|2463378371|dbj|AP027461.1|	95.652	46	2	0	14	59	1628404	1628359	7.90e-09	75.0	511145	N/A
72_8_1153_31945_26522/1	gi|2557638192|emb|OY694677.1|	92.500	40	1	2	2	40	4308	4346	0.003	56.5	2697049	N/A
72_8_1153_31945_26522/1	gi|2165834303|emb|OV196009.1|	92.308	39	3	0	2	40	108	70	0.003	56.5	2697049	N/A
72_8_1153_31945_26522/1	gi|2165834303|emb|OV196009.1|	96.970	33	1	0	2	34	29919	29951	0.003	56.5	2697049	N/A
72_8_1153_31945_26522/1	gi|2155043183|emb|OV015804.1|	100.000	30	0	0	2	31	29940	29911	0.003	56.5	2697049	N/A
72_8_1153_31945_26522/1	gi|2991388636|dbj|AP040949.1|	100.000	29	0	0	2	30	3527645	3527673	0.010	54.7	573	N/A
72_8_1153_31945_26522/1	gi|2991388621|dbj|AP040934.1|	100.000	29	0	0	2	30	146956	146984	0.010	54.7	562	N/A
72_8_1153_31945_26522/1	gi|2991388621|dbj|AP040934.1|	100.000	29	0	0	2	30	4900943	4900915	0.010	54.7	562	N/A
72_8_1431_50338_10988/1	gi|2924925013|gb|PQ571295.1|	97.368	38	1	0	5	42	226	263	4.75e-06	65.8	3385244	N/A
72_8_1431_50338_10988/1	gi|2557648311|emb|OY677105.1|	97.368	38	1	0	5	42	9641	9678	4.75e-06	65.8	2697049	N/A
72_8_1431_50338_10988/1	gi|2165834303|emb|OV196009.1|	91.489	47	4	0	7	53	116	70	4.75e-06	65.8	2697049	N/A
72_8_1431_50338_10988/1	gi|2165834303|emb|OV196009.1|	95.122	41	2	0	7	47	29911	29951	4.75e-06	65.8	2697049	N/A
72_8_1431_50338_10988/1	gi|2557638192|emb|OY694677.1|	91.489	47	2	2	8	53	4301	4346	1.71e-05	63.9	2697049	N/A
72_8_1431_50338_10988/1	gi|2165836382|emb|OV196890.1|	97.297	37	1	0	7	43	118	82	1.71e-05	63.9	2697049	N/A
72_8_2349_41672_11534/1	gi|2978724457|gb|PV611058.1|	96.000	125	1	3	12	133	295321	295444	1.25e-46	200	3421660	N/A
72_8_2349_41672_11534/1	gi|2978724457|gb|PV611058.1|	91.667	60	1	3	12	68	295784	295842	1.70e-10	80.5	3421660	N/A
72_8_2349_41672_11534/1	gi|2557643774|emb|OY673254.1|	95.652	46	2	0	12	57	21732	21777	7.90e-09	75.0	2697049	N/A
72_8_2349_41672_11534/1	gi|2463378371|dbj|AP027461.1|	95.652	46	2	0	12	57	1299632	1299677	7.90e-09	75.0	511145	N/A
72_8_2349_41672_11534/1	gi|2463378371|dbj|AP027461.1|	95.652	46	2	0	12	57	1628404	1628359	7.90e-09	75.0	511145	N/A
72_8_2349_41672_11534/1	gi|780644672|ref|XM_011690559.1|	97.619	42	1	0	5	46	1031	1072	2.84e-08	73.1	64793	N/A
72_8_2349_41672_11534/1	gi|2830983252|gb|CP170844.1|	81.915	94	5	2	12	93	4083423	4083330	3.67e-07	69.4	573	N/A
72_8_2166_36412_4054/1	gi|2978724457|gb|PV611058.1|	93.023	129	1	6	12	137	295321	295444	4.52e-41	182	3421660	N/A
72_8_2166_36412_4054/1	gi|2978724457|gb|PV611058.1|	91.379	58	1	3	12	66	295784	295840	2.20e-09	76.8	3421660	N/A
72_8_2166_36412_4054/1	gi|2830983252|gb|CP170844.1|	84.043	94	11	2	12	101	4083423	4083330	1.01e-12	87.9	573	N/A
72_8_2166_36412_4054/1	gi|2524352013|emb|OY072335.1|	100.000	44	0	0	2	45	21648	21691	4.72e-11	82.4	2697049	N/A
72_8_2166_36412_4054/1	gi|685042185|emb|LN590710.1|	97.778	45	1	0	1	45	9162078	9162122	6.10e-10	78.7	7962	N/A
72_8_2166_36412_4054/1	gi|685042185|emb|LN590710.1|	95.238	42	0	2	12	51	3790452	3790411	4.75e-06	65.8	7962	N/A
72_8_2166_36412_4054/1	gi|685042185|emb|LN590710.1|	95.238	42	0	2	12	51	6008694	6008735	4.75e-06	65.8	7962	N/A
72_8_2166_36412_4054/1	gi|685042185|emb|LN590710.1|	95.238	42	0	2	12	51	10218503	10218544	4.75e-06	65.8	7962	N/A
72_8_2166_36412_4054/1	gi|2557643774|emb|OY673254.1|	95.652	46	2	0	12	57	21732	21777	7.90e-09	75.0	2697049	N/A
72_8_1295_30998_21129/1	gi|2978724457|gb|PV611058.1|	93.750	128	1	5	8	132	295321	295444	3.50e-42	185	3421660	N/A
72_8_1295_30998_21129/1	gi|2978724457|gb|PV611058.1|	91.667	60	1	3	8	64	295784	295842	1.70e-10	80.5	3421660	N/A
72_8_1295_30998_21129/1	gi|2830983252|gb|CP170844.1|	83.158	95	13	2	8	100	4083423	4083330	1.31e-11	84.2	573	N/A
72_8_1295_30998_21129/1	gi|2557643774|emb|OY673254.1|	95.652	46	2	0	8	53	21732	21777	7.90e-09	75.0	2697049	N/A
72_8_1295_30998_21129/1	gi|2463378371|dbj|AP027461.1|	95.652	46	2	0	8	53	1299632	1299677	7.90e-09	75.0	511145	N/A
72_8_1295_30998_21129/1	gi|2463378371|dbj|AP027461.1|	95.652	46	2	0	8	53	1628404	1628359	7.90e-09	75.0	511145	N/A
72_8_1295_30998_21129/1	gi|2155043183|emb|OV015804.1|	100.000	40	0	0	5	44	29950	29911	7.90e-09	75.0	2697049	N/A
72_8_1420_9157_29380/1	gi|2978724457|gb|PV611058.1|	90.909	132	1	7	9	137	295321	295444	1.27e-36	167	3421660	N/A
72_8_1420_9157_29380/1	gi|2978724457|gb|PV611058.1|	90.323	62	2	3	9	67	295784	295844	6.10e-10	78.7	3421660	N/A
72_8_1420_9157_29380/1	gi|2830983252|gb|CP170844.1|	87.234	94	8	2	9	98	4083423	4083330	1.01e-17	104	573	N/A
72_8_1420_9157_29380/1	gi|685042160|emb|LN590685.1|	96.000	50	0	2	1	48	16867635	16867586	1.70e-10	80.5	7962	N/A
72_8_1420_9157_29380/1	gi|685042160|emb|LN590685.1|	93.750	48	1	2	3	48	850803	850850	1.02e-07	71.3	7962	N/A
72_8_1420_9157_29380/1	gi|685042160|emb|LN590685.1|	95.238	42	0	2	9	48	14193258	14193217	4.75e-06	65.8	7962	N/A
72_8_1420_9157_29380/1	gi|685042160|emb|LN590685.1|	95.238	42	0	2	9	48	18159835	18159794	4.75e-06	65.8	7962	N/A
72_8_1420_9157_29380/1	gi|2557643774|emb|OY673254.1|	95.652	46	2	0	9	54	21732	21777	7.90e-09	75.0	2697049	N/A
72_8_1420_9157_29380/1	gi|2463378371|dbj|AP027461.1|	95.652	46	2	0	9	54	1299632	1299677	7.90e-09	75.0	511145	N/A
72_8_1420_9157_29380/1	gi|2463378371|dbj|AP027461.1|	95.652	46	2	0	9	54	1628404	1628359	7.90e-09	75.0	511145	N/A
72_8_1346_35610_17319/1	gi|2978724457|gb|PV611058.1|	90.400	125	8	3	16	137	295321	295444	5.89e-35	161	3421660	N/A
72_8_1346_35610_17319/1	gi|2978724457|gb|PV611058.1|	91.935	62	1	3	16	74	295784	295844	1.31e-11	84.2	3421660	N/A
72_8_1346_35610_17319/1	gi|2830983252|gb|CP170844.1|	89.362	94	6	2	16	105	4083423	4083330	4.65e-21	115	573	N/A
72_8_1346_35610_17319/1	gi|2557643774|emb|OY673254.1|	95.652	46	2	0	16	61	21732	21777	7.90e-09	75.0	2697049	N/A
72_8_1346_35610_17319/1	gi|2463378371|dbj|AP027461.1|	95.652	46	2	0	16	61	1299632	1299677	7.90e-09	75.0	511145	N/A
72_8_1346_35610_17319/1	gi|2463378371|dbj|AP027461.1|	95.652	46	2	0	16	61	1628404	1628359	7.90e-09	75.0	511145	N/A
72_8_1346_35610_17319/1	gi|2755084441|gb|PP943425.1|	81.319	91	11	3	16	101	67825	67736	3.67e-07	69.4	10258	N/A
72_8_1346_35610_17319/1	gi|2755084441|gb|PP943425.1|	93.478	46	1	2	16	60	67591	67635	1.32e-06	67.6	10258	N/A
72_8_2157_8566_12528/1	gi|2978724457|gb|PV611058.1|	86.508	126	13	3	14	137	295321	295444	3.57e-27	135	3421660	N/A
72_8_2157_8566_12528/1	gi|2978724457|gb|PV611058.1|	91.379	58	3	2	14	69	295784	295841	6.10e-10	78.7	3421660	N/A
72_8_2157_8566_12528/1	gi|2830983252|gb|CP170844.1|	90.625	96	6	2	13	106	4083424	4083330	7.73e-24	124	573	N/A
72_8_2157_8566_12528/1	gi|2557643774|emb|OY673254.1|	91.379	58	4	1	3	59	21720	21777	6.10e-10	78.7	2697049	N/A
72_8_2157_8566_12528/1	gi|2165832678|emb|OV195277.1|	92.453	53	3	1	7	59	138	87	7.90e-09	75.0	2697049	N/A
72_8_2157_8566_12528/1	gi|2165832904|emb|OV195202.1|	97.674	43	0	1	7	49	241	200	2.84e-08	73.1	2697049	N/A
72_8_1152_41858_1154/1	gi|2978724457|gb|PV611058.1|	89.683	126	8	4	15	137	295321	295444	2.74e-33	156	3421660	N/A
72_8_1152_41858_1154/1	gi|2978724457|gb|PV611058.1|	91.667	60	1	3	15	71	295784	295842	1.70e-10	80.5	3421660	N/A
72_8_1152_41858_1154/1	gi|2830983252|gb|CP170844.1|	90.426	94	7	1	15	106	4083423	4083330	2.78e-23	122	573	N/A
72_8_1152_41858_1154/1	gi|2557643774|emb|OY673254.1|	95.652	46	2	0	15	60	21732	21777	7.90e-09	75.0	2697049	N/A
72_8_1152_41858_1154/1	gi|2463378371|dbj|AP027461.1|	95.652	46	2	0	15	60	1299632	1299677	7.90e-09	75.0	511145	N/A
72_8_1152_41858_1154/1	gi|2463378371|dbj|AP027461.1|	95.652	46	2	0	15	60	1628404	1628359	7.90e-09	75.0	511145	N/A
72_8_1152_41858_1154/1	gi|685042524|emb|LN591049.1|	95.745	47	0	2	10	54	341738	341692	7.90e-09	75.0	7962	N/A
72_8_1215_45726_7878/1	gi|2978724457|gb|PV611058.1|	92.063	126	6	3	15	137	295320	295444	7.57e-39	174	3421660	N/A
72_8_1215_45726_7878/1	gi|2978724457|gb|PV611058.1|	91.803	61	1	3	15	72	295783	295842	4.72e-11	82.4	3421660	N/A
72_8_1215_45726_7878/1	gi|2830983252|gb|CP170844.1|	87.234	94	9	2	16	106	4083423	4083330	1.01e-17	104	573	N/A
72_8_1215_45726_7878/1	gi|685042175|emb|LN590700.1|	94.231	52	1	2	7	56	14033950	14033899	6.10e-10	78.7	7962	N/A
72_8_1215_45726_7878/1	gi|685042175|emb|LN590700.1|	95.238	42	0	2	16	55	15778538	15778579	4.75e-06	65.8	7962	N/A
72_8_1215_45726_7878/1	gi|685042185|emb|LN590710.1|	97.727	44	1	0	6	49	9162079	9162122	2.20e-09	76.8	7962	N/A
72_8_1215_45726_7878/1	gi|685042185|emb|LN590710.1|	95.349	43	0	2	15	55	3790453	3790411	1.32e-06	67.6	7962	N/A
72_8_1215_45726_7878/1	gi|685042185|emb|LN590710.1|	95.349	43	0	2	15	55	6008693	6008735	1.32e-06	67.6	7962	N/A
72_8_1215_45726_7878/1	gi|685042185|emb|LN590710.1|	95.349	43	0	2	15	55	10218502	10218544	1.32e-06	67.6	7962	N/A
72_8_1215_45726_7878/1	gi|2557643774|emb|OY673254.1|	95.652	46	2	0	16	61	21732	21777	7.90e-09	75.0	2697049	N/A
72_8_1203_41162_16675/1	gi|2978724457|gb|PV611058.1|	92.063	126	5	4	15	137	295321	295444	2.72e-38	172	3421660	N/A
72_8_1203_41162_16675/1	gi|2978724457|gb|PV611058.1|	91.667	60	1	3	15	71	295784	295842	1.70e-10	80.5	3421660	N/A
72_8_1203_41162_16675/1	gi|2830983252|gb|CP170844.1|	87.500	96	9	2	13	105	4083425	4083330	7.78e-19	108	573	N/A
72_8_1203_41162_16675/1	gi|2557643774|emb|OY673254.1|	95.652	46	2	0	15	60	21732	21777	7.90e-09	75.0	2697049	N/A
72_8_1203_41162_16675/1	gi|2463378371|dbj|AP027461.1|	95.652	46	2	0	15	60	1299632	1299677	7.90e-09	75.0	511145	N/A
72_8_1203_41162_16675/1	gi|2463378371|dbj|AP027461.1|	95.652	46	2	0	15	60	1628404	1628359	7.90e-09	75.0	511145	N/A
72_8_1203_41162_16675/1	gi|2165836832|emb|OV197136.1|	92.593	54	1	3	8	60	122	71	7.90e-09	75.0	2697049	N/A
72_8_2118_44755_15974/1	gi|2978724457|gb|PV611058.1|	88.976	127	8	5	14	137	295321	295444	3.55e-32	152	3421660	N/A
72_8_2118_44755_15974/1	gi|2978724457|gb|PV611058.1|	90.476	63	1	4	14	73	295784	295844	6.10e-10	78.7	3421660	N/A
72_8_2118_44755_15974/1	gi|2830983252|gb|CP170844.1|	87.500	96	8	3	14	107	4083423	4083330	7.78e-19	108	573	N/A
72_8_2118_44755_15974/1	gi|2557643774|emb|OY673254.1|	95.652	46	2	0	14	59	21732	21777	7.90e-09	75.0	2697049	N/A
72_8_2118_44755_15974/1	gi|2463378371|dbj|AP027461.1|	93.878	49	3	0	11	59	1299629	1299677	7.90e-09	75.0	511145	N/A
72_8_2118_44755_15974/1	gi|2463378371|dbj|AP027461.1|	95.652	46	2	0	14	59	1628404	1628359	7.90e-09	75.0	511145	N/A
72_8_2118_44755_15974/1	gi|685047827|emb|LN596339.1|	94.000	50	1	2	6	53	601778	601827	7.90e-09	75.0	7962	N/A
72_8_2255_29218_29226/1	gi|2978724457|gb|PV611058.1|	94.488	127	2	4	14	137	295320	295444	7.51e-44	191	3421660	N/A
72_8_2255_29218_29226/1	gi|2978724457|gb|PV611058.1|	91.803	61	1	3	14	71	295783	295842	4.72e-11	82.4	3421660	N/A
72_8_2255_29218_29226/1	gi|2830983252|gb|CP170844.1|	84.043	94	10	2	15	103	4083423	4083330	3.65e-12	86.1	573	N/A
72_8_2255_29218_29226/1	gi|685049950|emb|LN598462.1|	95.833	48	0	2	9	54	1938274	1938321	2.20e-09	76.8	7962	N/A
72_8_2255_29218_29226/1	gi|2557643774|emb|OY673254.1|	95.652	46	2	0	15	60	21732	21777	7.90e-09	75.0	2697049	N/A
72_8_2255_29218_29226/1	gi|2463378371|dbj|AP027461.1|	95.652	46	2	0	15	60	1299632	1299677	7.90e-09	75.0	511145	N/A
72_8_2255_29218_29226/1	gi|2463378371|dbj|AP027461.1|	95.652	46	2	0	15	60	1628404	1628359	7.90e-09	75.0	511145	N/A
72_8_1189_21190_17571/1	gi|2978724457|gb|PV611058.1|	95.238	126	1	4	14	136	295321	295444	5.81e-45	195	3421660	N/A
72_8_1189_21190_17571/1	gi|2978724457|gb|PV611058.1|	91.667	60	1	3	14	70	295784	295842	1.70e-10	80.5	3421660	N/A
72_8_1189_21190_17571/1	gi|2830983252|gb|CP170844.1|	82.979	94	9	2	14	100	4083423	4083330	6.10e-10	78.7	573	N/A
72_8_1189_21190_17571/1	gi|685042160|emb|LN590685.1|	95.918	49	0	2	7	53	16867634	16867586	6.10e-10	78.7	7962	N/A
72_8_1189_21190_17571/1	gi|685042160|emb|LN590685.1|	93.750	48	1	2	8	53	850803	850850	1.02e-07	71.3	7962	N/A
72_8_1189_21190_17571/1	gi|685042160|emb|LN590685.1|	95.238	42	0	2	14	53	14193258	14193217	4.75e-06	65.8	7962	N/A
72_8_1189_21190_17571/1	gi|685042160|emb|LN590685.1|	95.238	42	0	2	14	53	18159835	18159794	4.75e-06	65.8	7962	N/A
72_8_1189_21190_17571/1	gi|2557643774|emb|OY673254.1|	95.652	46	2	0	14	59	21732	21777	7.90e-09	75.0	2697049	N/A
72_8_1189_21190_17571/1	gi|2463378371|dbj|AP027461.1|	95.652	46	2	0	14	59	1299632	1299677	7.90e-09	75.0	511145	N/A
72_8_1189_21190_17571/1	gi|2463378371|dbj|AP027461.1|	95.652	46	2	0	14	59	1628404	1628359	7.90e-09	75.0	511145	N/A
72_8_2172_9529_9769/1	gi|2978724457|gb|PV611058.1|	92.969	128	1	6	12	135	295321	295444	1.63e-40	180	3421660	N/A
72_8_2172_9529_9769/1	gi|2978724457|gb|PV611058.1|	90.000	60	1	4	12	67	295784	295842	2.84e-08	73.1	3421660	N/A
72_8_2172_9529_9769/1	gi|2830983252|gb|CP170844.1|	84.375	96	11	3	10	101	4083425	4083330	7.84e-14	91.6	573	N/A
72_8_2172_9529_9769/1	gi|685042185|emb|LN590710.1|	95.556	45	1	1	1	44	9162078	9162122	1.02e-07	71.3	7962	N/A
72_8_2172_9529_9769/1	gi|685042185|emb|LN590710.1|	92.857	42	0	3	12	50	3790452	3790411	7.95e-04	58.4	7962	N/A
72_8_2172_9529_9769/1	gi|685042185|emb|LN590710.1|	92.857	42	0	3	12	50	6008694	6008735	7.95e-04	58.4	7962	N/A
72_8_2172_9529_9769/1	gi|685042185|emb|LN590710.1|	92.857	42	0	3	12	50	10218503	10218544	7.95e-04	58.4	7962	N/A
72_8_2172_9529_9769/1	gi|2165836832|emb|OV197136.1|	90.741	54	1	4	5	56	122	71	3.67e-07	69.4	2697049	N/A
72_8_2172_9529_9769/1	gi|2165834303|emb|OV196009.1|	90.566	53	3	2	5	56	121	70	3.67e-07	69.4	2697049	N/A
72_8_2172_9529_9769/1	gi|2165834303|emb|OV196009.1|	95.122	41	1	1	11	50	29911	29951	1.71e-05	63.9	2697049	N/A
72_8_2188_6632_12514/1	gi|2978724457|gb|PV611058.1|	90.769	130	3	9	2	129	295322	295444	4.55e-36	165	3421660	N/A
72_8_2188_6632_12514/1	gi|2978724457|gb|PV611058.1|	89.831	59	3	3	2	58	295785	295842	2.84e-08	73.1	3421660	N/A
72_8_2188_6632_12514/1	gi|2557643774|emb|OY673254.1|	95.556	45	2	0	2	46	21733	21777	2.84e-08	73.1	2697049	N/A
72_8_2188_6632_12514/1	gi|2830983252|gb|CP170844.1|	80.808	99	11	5	2	98	4083422	4083330	1.02e-07	71.3	573	N/A
72_8_2188_6632_12514/1	gi|780644672|ref|XM_011690559.1|	100.000	37	0	0	2	38	1039	1075	3.67e-07	69.4	64793	N/A
72_8_2188_6632_12514/1	gi|685042188|emb|LN590713.1|	100.000	37	0	0	2	38	7120049	7120085	3.67e-07	69.4	7962	N/A
72_8_2188_6632_12514/1	gi|685042188|emb|LN590713.1|	100.000	29	0	0	2	30	16189617	16189589	0.010	54.7	7962	N/A
72_8_2350_4698_21718/1	gi|2978724457|gb|PV611058.1|	92.424	132	4	5	9	137	295316	295444	1.26e-41	183	3421660	N/A
72_8_2350_4698_21718/1	gi|2978724457|gb|PV611058.1|	92.308	65	1	3	9	70	295779	295842	2.82e-13	89.8	3421660	N/A
72_8_2350_4698_21718/1	gi|2830983252|gb|CP170844.1|	85.263	95	11	2	14	106	4083423	4083330	6.06e-15	95.3	573	N/A
72_8_2350_4698_21718/1	gi|685042161|emb|LN590686.1|	94.231	52	0	3	4	53	20813821	20813871	2.20e-09	76.8	7962	N/A
72_8_2350_4698_21718/1	gi|685042161|emb|LN590686.1|	93.617	47	0	3	10	53	6380189	6380235	1.32e-06	67.6	7962	N/A
72_8_2350_4698_21718/1	gi|685042161|emb|LN590686.1|	95.238	42	0	2	14	53	4545831	4545872	4.75e-06	65.8	7962	N/A
72_8_2350_4698_21718/1	gi|685042161|emb|LN590686.1|	95.238	42	0	2	14	53	12304839	12304798	4.75e-06	65.8	7962	N/A
72_8_2350_4698_21718/1	gi|685042161|emb|LN590686.1|	95.238	42	0	2	14	53	17091846	17091887	4.75e-06	65.8	7962	N/A
72_8_2350_4698_21718/1	gi|685042161|emb|LN590686.1|	95.238	42	0	2	14	53	28125760	28125801	4.75e-06	65.8	7962	N/A
72_8_2350_4698_21718/1	gi|685042161|emb|LN590686.1|	94.872	39	0	2	17	53	12436830	12436868	2.21e-04	60.2	7962	N/A
72_8_2350_4698_21718/1	gi|2557643774|emb|OY673254.1|	95.652	46	2	0	14	59	21732	21777	7.90e-09	75.0	2697049	N/A
72_8_2350_4698_21718/1	gi|2755084441|gb|PP943425.1|	81.319	91	15	2	14	103	67825	67736	2.84e-08	73.1	10258	N/A
72_8_2350_4698_21718/1	gi|2755084441|gb|PP943425.1|	93.478	46	1	2	14	58	67591	67635	1.32e-06	67.6	10258	N/A
72_8_2325_13559_2905/1	gi|2978724457|gb|PV611058.1|	89.600	125	10	3	15	137	295321	295444	2.74e-33	156	3421660	N/A
72_8_2325_13559_2905/1	gi|2978724457|gb|PV611058.1|	91.525	59	3	2	15	71	295784	295842	1.70e-10	80.5	3421660	N/A
72_8_2325_13559_2905/1	gi|2830983252|gb|CP170844.1|	88.542	96	8	2	14	107	4083424	4083330	1.67e-20	113	573	N/A
72_8_2325_13559_2905/1	gi|2557643774|emb|OY673254.1|	91.379	58	4	1	4	60	21720	21777	6.10e-10	78.7	2697049	N/A
72_8_2325_13559_2905/1	gi|2165832678|emb|OV195277.1|	92.453	53	3	1	8	60	138	87	7.90e-09	75.0	2697049	N/A
72_8_2325_13559_2905/1	gi|2557653360|emb|OY683642.1|	93.478	46	1	2	1	46	22468	22511	1.32e-06	67.6	2697049	N/A
72_8_1428_24913_25556/1	gi|2978724457|gb|PV611058.1|	95.238	126	1	4	12	134	295321	295444	5.81e-45	195	3421660	N/A
72_8_1428_24913_25556/1	gi|2978724457|gb|PV611058.1|	91.667	60	1	3	12	68	295784	295842	1.70e-10	80.5	3421660	N/A
72_8_1428_24913_25556/1	gi|2830983252|gb|CP170844.1|	82.979	94	13	2	12	102	4083423	4083330	4.72e-11	82.4	573	N/A
72_8_1428_24913_25556/1	gi|2557643774|emb|OY673254.1|	95.652	46	2	0	12	57	21732	21777	7.90e-09	75.0	2697049	N/A
72_8_1428_24913_25556/1	gi|2463378371|dbj|AP027461.1|	95.652	46	2	0	12	57	1299632	1299677	7.90e-09	75.0	511145	N/A
72_8_1428_24913_25556/1	gi|2463378371|dbj|AP027461.1|	95.652	46	2	0	12	57	1628404	1628359	7.90e-09	75.0	511145	N/A
72_8_1428_24913_25556/1	gi|685046063|emb|LN594588.1|	95.652	46	0	2	8	51	121372	121417	2.84e-08	73.1	7962	N/A
72_8_2137_36379_10609/1	gi|2978724457|gb|PV611058.1|	87.500	128	9	6	13	137	295321	295444	7.68e-29	141	3421660	N/A
72_8_2137_36379_10609/1	gi|2978724457|gb|PV611058.1|	91.803	61	1	3	13	70	295784	295843	4.72e-11	82.4	3421660	N/A
72_8_2137_36379_10609/1	gi|2830983252|gb|CP170844.1|	86.000	100	7	5	12	109	4083424	4083330	1.30e-16	100	573	N/A
72_8_2137_36379_10609/1	gi|2557643774|emb|OY673254.1|	95.652	46	2	0	13	58	21732	21777	7.90e-09	75.0	2697049	N/A
72_8_2137_36379_10609/1	gi|2463378371|dbj|AP027461.1|	95.652	46	2	0	13	58	1299632	1299677	7.90e-09	75.0	511145	N/A
72_8_2137_36379_10609/1	gi|2463378371|dbj|AP027461.1|	95.652	46	2	0	13	58	1628404	1628359	7.90e-09	75.0	511145	N/A
72_8_2137_36379_10609/1	gi|2755084441|gb|PP943425.1|	93.878	49	1	2	10	57	67588	67635	2.84e-08	73.1	10258	N/A
72_8_2137_36379_10609/1	gi|2755084441|gb|PP943425.1|	93.617	47	1	2	13	58	67825	67780	3.67e-07	69.4	10258	N/A
72_8_1452_16537_12234/1	gi|2978724457|gb|PV611058.1|	92.248	129	1	6	2	127	295322	295444	7.57e-39	174	3421660	N/A
72_8_1452_16537_12234/1	gi|2978724457|gb|PV611058.1|	91.525	59	1	3	2	57	295785	295842	6.10e-10	78.7	3421660	N/A
72_8_1452_16537_12234/1	gi|2830983252|gb|CP170844.1|	85.106	94	11	2	2	93	4083422	4083330	2.18e-14	93.5	573	N/A
72_8_1452_16537_12234/1	gi|2557643774|emb|OY673254.1|	95.556	45	2	0	2	46	21733	21777	2.84e-08	73.1	2697049	N/A
72_8_1452_16537_12234/1	gi|2463378371|dbj|AP027461.1|	95.556	45	2	0	2	46	1299633	1299677	2.84e-08	73.1	511145	N/A
72_8_1452_16537_12234/1	gi|2463378371|dbj|AP027461.1|	95.556	45	2	0	2	46	1628403	1628359	2.84e-08	73.1	511145	N/A
72_8_1452_16537_12234/1	gi|2755084441|gb|PP943425.1|	93.478	46	1	2	2	46	67824	67780	1.32e-06	67.6	10258	N/A
72_8_1452_16537_12234/1	gi|2755084441|gb|PP943425.1|	93.333	45	1	2	2	45	67592	67635	4.75e-06	65.8	10258	N/A
72_8_1352_4941_6617/1	gi|2978724457|gb|PV611058.1|	90.076	131	8	4	10	137	295316	295444	4.55e-36	165	3421660	N/A
72_8_1352_4941_6617/1	gi|2978724457|gb|PV611058.1|	90.625	64	2	3	10	70	295779	295841	4.72e-11	82.4	3421660	N/A
72_8_1352_4941_6617/1	gi|2830983252|gb|CP170844.1|	85.567	97	10	3	14	108	4083424	4083330	4.68e-16	99.0	573	N/A
72_8_1352_4941_6617/1	gi|685042161|emb|LN590686.1|	94.231	52	0	3	5	54	20813821	20813871	2.20e-09	76.8	7962	N/A
72_8_1352_4941_6617/1	gi|685042161|emb|LN590686.1|	95.349	43	0	2	14	54	12304840	12304798	1.32e-06	67.6	7962	N/A
72_8_1352_4941_6617/1	gi|685042161|emb|LN590686.1|	95.238	42	0	2	15	54	4545831	4545872	4.75e-06	65.8	7962	N/A
72_8_1352_4941_6617/1	gi|685042161|emb|LN590686.1|	95.238	42	0	2	15	54	6380194	6380235	4.75e-06	65.8	7962	N/A
72_8_1352_4941_6617/1	gi|685042161|emb|LN590686.1|	95.238	42	0	2	15	54	17091846	17091887	4.75e-06	65.8	7962	N/A
72_8_1352_4941_6617/1	gi|685042161|emb|LN590686.1|	95.238	42	0	2	15	54	28125760	28125801	4.75e-06	65.8	7962	N/A
72_8_1352_4941_6617/1	gi|685042161|emb|LN590686.1|	94.872	39	0	2	18	54	12436830	12436868	2.21e-04	60.2	7962	N/A
72_8_1352_4941_6617/1	gi|2557643774|emb|OY673254.1|	95.652	46	2	0	15	60	21732	21777	7.90e-09	75.0	2697049	N/A
72_8_1352_4941_6617/1	gi|2463378371|dbj|AP027461.1|	95.652	46	2	0	15	60	1299632	1299677	7.90e-09	75.0	511145	N/A
72_8_1352_4941_6617/1	gi|2463378371|dbj|AP027461.1|	95.652	46	2	0	15	60	1628404	1628359	7.90e-09	75.0	511145	N/A
72_8_2239_49651_13551/1	gi|2978724457|gb|PV611058.1|	95.238	126	1	4	12	134	295321	295444	5.81e-45	195	3421660	N/A
72_8_2239_49651_13551/1	gi|2978724457|gb|PV611058.1|	91.667	60	1	3	12	68	295784	295842	1.70e-10	80.5	3421660	N/A
72_8_2239_49651_13551/1	gi|2830983252|gb|CP170844.1|	83.158	95	8	2	11	97	4083424	4083330	1.70e-10	80.5	573	N/A
72_8_2239_49651_13551/1	gi|2557643774|emb|OY673254.1|	95.652	46	2	0	12	57	21732	21777	7.90e-09	75.0	2697049	N/A
72_8_2239_49651_13551/1	gi|2463378371|dbj|AP027461.1|	95.652	46	2	0	12	57	1299632	1299677	7.90e-09	75.0	511145	N/A
72_8_2239_49651_13551/1	gi|2463378371|dbj|AP027461.1|	95.652	46	2	0	12	57	1628404	1628359	7.90e-09	75.0	511145	N/A
72_8_2239_49651_13551/1	gi|685042160|emb|LN590685.1|	93.878	49	1	2	5	51	16867634	16867586	2.84e-08	73.1	7962	N/A
72_8_2239_49651_13551/1	gi|685042160|emb|LN590685.1|	91.667	48	2	2	6	51	850803	850850	4.75e-06	65.8	7962	N/A
72_8_2239_49651_13551/1	gi|685042160|emb|LN590685.1|	95.238	42	0	2	12	51	14193258	14193217	4.75e-06	65.8	7962	N/A
72_8_2239_49651_13551/1	gi|685042160|emb|LN590685.1|	95.238	42	0	2	12	51	18159835	18159794	4.75e-06	65.8	7962	N/A
72_8_1118_16367_22922/1	gi|2978724457|gb|PV611058.1|	89.844	128	7	4	13	137	295320	295444	2.12e-34	159	3421660	N/A
72_8_1118_16367_22922/1	gi|2978724457|gb|PV611058.1|	91.803	61	1	3	13	70	295783	295842	4.72e-11	82.4	3421660	N/A
72_8_1118_16367_22922/1	gi|2830983252|gb|CP170844.1|	88.421	95	8	2	14	106	4083423	4083330	6.02e-20	111	573	N/A
72_8_1118_16367_22922/1	gi|685047827|emb|LN596339.1|	96.000	50	0	2	6	53	601778	601827	1.70e-10	80.5	7962	N/A
72_8_1118_16367_22922/1	gi|685042185|emb|LN590710.1|	95.833	48	0	2	8	53	10218497	10218544	2.20e-09	76.8	7962	N/A
72_8_1118_16367_22922/1	gi|685042185|emb|LN590710.1|	95.556	45	0	2	11	53	3790455	3790411	1.02e-07	71.3	7962	N/A
72_8_1118_16367_22922/1	gi|685042185|emb|LN590710.1|	95.556	45	0	2	11	53	6008691	6008735	1.02e-07	71.3	7962	N/A
72_8_1118_16367_22922/1	gi|685042185|emb|LN590710.1|	93.333	45	1	2	4	47	9162079	9162122	4.75e-06	65.8	7962	N/A
72_8_1118_16367_22922/1	gi|2557643774|emb|OY673254.1|	95.652	46	2	0	14	59	21732	21777	7.90e-09	75.0	2697049	N/A
72_8_1232_46891_5048/1	gi|2155043183|emb|OV015804.1|	100.000	28	0	0	2	29	29938	29911	0.037	52.8	2697049	N/A
72_8_1361_50897_20975/1	gi|2978724457|gb|PV611058.1|	96.000	125	1	3	15	136	295321	295444	1.25e-46	200	3421660	N/A
72_8_1361_50897_20975/1	gi|2978724457|gb|PV611058.1|	91.667	60	1	3	15	71	295784	295842	1.70e-10	80.5	3421660	N/A
72_8_1361_50897_20975/1	gi|2557643774|emb|OY673254.1|	95.652	46	2	0	15	60	21732	21777	7.90e-09	75.0	2697049	N/A
72_8_1361_50897_20975/1	gi|2463378371|dbj|AP027461.1|	93.878	49	3	0	12	60	1299629	1299677	7.90e-09	75.0	511145	N/A
72_8_1361_50897_20975/1	gi|2463378371|dbj|AP027461.1|	95.652	46	2	0	15	60	1628404	1628359	7.90e-09	75.0	511145	N/A
72_8_1361_50897_20975/1	gi|685051416|emb|LN599928.1|	95.652	46	0	2	11	54	8192	8237	2.84e-08	73.1	7962	N/A
72_8_1361_50897_20975/1	gi|2830983252|gb|CP170844.1|	82.105	95	5	2	14	96	4083424	4083330	1.02e-07	71.3	573	N/A
72_8_1403_23011_8088/1	gi|2978724457|gb|PV611058.1|	92.063	126	5	4	15	137	295321	295444	2.72e-38	172	3421660	N/A
72_8_1403_23011_8088/1	gi|2978724457|gb|PV611058.1|	91.667	60	1	3	15	71	295784	295842	1.70e-10	80.5	3421660	N/A
72_8_1403_23011_8088/1	gi|2830983252|gb|CP170844.1|	87.234	94	7	2	15	103	4083423	4083330	3.62e-17	102	573	N/A
72_8_1403_23011_8088/1	gi|2557643774|emb|OY673254.1|	95.652	46	2	0	15	60	21732	21777	7.90e-09	75.0	2697049	N/A
72_8_1403_23011_8088/1	gi|2463378371|dbj|AP027461.1|	92.453	53	2	2	10	60	1299625	1299677	7.90e-09	75.0	511145	N/A
72_8_1403_23011_8088/1	gi|2463378371|dbj|AP027461.1|	95.652	46	2	0	15	60	1628404	1628359	7.90e-09	75.0	511145	N/A
72_8_1403_23011_8088/1	gi|2560502367|emb|OY629453.1|	100.000	38	0	0	13	50	5916	5953	1.02e-07	71.3	2697049	N/A
72_8_2278_40984_10175/1	gi|2560502367|emb|OY629453.1|	91.667	48	3	1	71	118	5917	5963	4.75e-06	65.8	2697049	N/A
72_8_2278_40984_10175/1	gi|2155043183|emb|OV015804.1|	97.368	38	1	0	71	108	29948	29911	4.75e-06	65.8	2697049	N/A
72_8_2278_40984_10175/1	gi|2991388636|dbj|AP040949.1|	97.297	37	1	0	71	107	3527637	3527673	1.71e-05	63.9	573	N/A
72_8_2278_40984_10175/1	gi|2557654546|emb|OY684713.1|	91.667	48	1	3	72	118	21736	21781	1.71e-05	63.9	2697049	N/A
72_8_2278_40984_10175/1	gi|2165834303|emb|OV196009.1|	95.000	40	2	0	72	111	115	76	1.71e-05	63.9	2697049	N/A
72_8_2278_40984_10175/1	gi|2165834303|emb|OV196009.1|	95.000	40	2	0	72	111	29912	29951	1.71e-05	63.9	2697049	N/A
72_8_1226_41631_6057/1	gi|2978724457|gb|PV611058.1|	93.750	128	1	6	8	132	295321	295444	3.50e-42	185	3421660	N/A
72_8_1226_41631_6057/1	gi|2978724457|gb|PV611058.1|	91.667	60	1	3	8	64	295784	295842	1.70e-10	80.5	3421660	N/A
72_8_1226_41631_6057/1	gi|2830983252|gb|CP170844.1|	85.417	96	9	2	6	96	4083425	4083330	6.06e-15	95.3	573	N/A
72_8_1226_41631_6057/1	gi|2165836832|emb|OV197136.1|	94.118	51	1	2	4	53	120	71	2.20e-09	76.8	2697049	N/A
72_8_1226_41631_6057/1	gi|2165834303|emb|OV196009.1|	94.000	50	3	0	4	53	119	70	2.20e-09	76.8	2697049	N/A
72_8_1226_41631_6057/1	gi|2165834303|emb|OV196009.1|	97.561	41	1	0	7	47	29911	29951	1.02e-07	71.3	2697049	N/A
72_8_1226_41631_6057/1	gi|2165832678|emb|OV195277.1|	94.118	51	1	2	4	53	136	87	2.20e-09	76.8	2697049	N/A
72_8_2365_49359_18566/1	gi|2978724457|gb|PV611058.1|	92.063	126	5	4	15	137	295321	295444	2.72e-38	172	3421660	N/A
72_8_2365_49359_18566/1	gi|2978724457|gb|PV611058.1|	91.667	60	1	3	15	71	295784	295842	1.70e-10	80.5	3421660	N/A
72_8_2365_49359_18566/1	gi|2830983252|gb|CP170844.1|	87.368	95	10	1	14	106	4083424	4083330	7.78e-19	108	573	N/A
72_8_2365_49359_18566/1	gi|2557643774|emb|OY673254.1|	95.652	46	2	0	15	60	21732	21777	7.90e-09	75.0	2697049	N/A
72_8_2365_49359_18566/1	gi|2463378371|dbj|AP027461.1|	93.878	49	3	0	12	60	1299629	1299677	7.90e-09	75.0	511145	N/A
72_8_2365_49359_18566/1	gi|2463378371|dbj|AP027461.1|	95.652	46	2	0	15	60	1628404	1628359	7.90e-09	75.0	511145	N/A
72_8_2365_49359_18566/1	gi|685045708|emb|LN594233.1|	92.453	53	2	2	4	54	80414	80362	7.90e-09	75.0	7962	N/A
72_8_2136_22825_13425/1	gi|2978724457|gb|PV611058.1|	90.909	132	1	4	8	136	295321	295444	1.27e-36	167	3421660	N/A
72_8_2136_22825_13425/1	gi|2978724457|gb|PV611058.1|	91.667	60	1	3	8	64	295784	295842	1.70e-10	80.5	3421660	N/A
72_8_2136_22825_13425/1	gi|2830983252|gb|CP170844.1|	89.362	94	7	2	8	98	4083423	4083330	4.65e-21	115	573	N/A
72_8_2136_22825_13425/1	gi|2557643774|emb|OY673254.1|	95.652	46	2	0	8	53	21732	21777	7.90e-09	75.0	2697049	N/A
72_8_2136_22825_13425/1	gi|2463378371|dbj|AP027461.1|	95.652	46	2	0	8	53	1299632	1299677	7.90e-09	75.0	511145	N/A
72_8_2136_22825_13425/1	gi|2463378371|dbj|AP027461.1|	95.652	46	2	0	8	53	1628404	1628359	7.90e-09	75.0	511145	N/A
72_8_2136_22825_13425/1	gi|2155043183|emb|OV015804.1|	100.000	39	0	0	6	44	29949	29911	2.84e-08	73.1	2697049	N/A
72_8_1234_43840_2569/1	gi|685046059|emb|LN594584.1|	90.566	53	2	3	1	50	7181	7129	1.32e-06	67.6	7962	N/A
72_8_1234_43840_2569/1	gi|685043901|emb|LN592426.1|	93.617	47	0	3	7	50	375102	375148	1.32e-06	67.6	7962	N/A
72_8_1234_43840_2569/1	gi|2560502367|emb|OY629453.1|	97.436	39	0	1	9	46	5915	5953	4.75e-06	65.8	2697049	N/A
72_8_1234_43840_2569/1	gi|685042189|emb|LN590714.1|	93.333	45	2	1	1	44	6568387	6568431	4.75e-06	65.8	7962	N/A
72_8_1234_43840_2569/1	gi|685042189|emb|LN590714.1|	97.297	37	0	1	10	45	11523467	11523503	6.15e-05	62.1	7962	N/A
72_8_1234_43840_2569/1	gi|1971769499|gb|MW477480.1|	97.436	39	0	1	7	44	39	1	4.75e-06	65.8	2803381	N/A
72_8_1394_33045_2429/1	gi|2978724457|gb|PV611058.1|	95.238	126	1	4	14	136	295321	295444	5.81e-45	195	3421660	N/A
72_8_1394_33045_2429/1	gi|2978724457|gb|PV611058.1|	91.667	60	1	3	14	70	295784	295842	1.70e-10	80.5	3421660	N/A
72_8_1394_33045_2429/1	gi|2830983252|gb|CP170844.1|	83.333	96	13	2	12	104	4083425	4083330	3.65e-12	86.1	573	N/A
72_8_1394_33045_2429/1	gi|685042185|emb|LN590710.1|	97.727	44	1	0	4	47	9162079	9162122	2.20e-09	76.8	7962	N/A
72_8_1394_33045_2429/1	gi|685042185|emb|LN590710.1|	95.238	42	0	2	14	53	3790452	3790411	4.75e-06	65.8	7962	N/A
72_8_1394_33045_2429/1	gi|685042185|emb|LN590710.1|	95.238	42	0	2	14	53	6008694	6008735	4.75e-06	65.8	7962	N/A
72_8_1394_33045_2429/1	gi|685042185|emb|LN590710.1|	95.238	42	0	2	14	53	10218503	10218544	4.75e-06	65.8	7962	N/A
72_8_1394_33045_2429/1	gi|2557643774|emb|OY673254.1|	95.652	46	2	0	14	59	21732	21777	7.90e-09	75.0	2697049	N/A
72_8_1394_33045_2429/1	gi|2463378371|dbj|AP027461.1|	95.652	46	2	0	14	59	1299632	1299677	7.90e-09	75.0	511145	N/A
72_8_1394_33045_2429/1	gi|2463378371|dbj|AP027461.1|	95.652	46	2	0	14	59	1628404	1628359	7.90e-09	75.0	511145	N/A
72_8_2267_35481_7850/1	gi|2978724457|gb|PV611058.1|	95.349	129	1	4	11	136	295318	295444	1.25e-46	200	3421660	N/A
72_8_2267_35481_7850/1	gi|2978724457|gb|PV611058.1|	92.063	63	1	3	11	70	295781	295842	3.65e-12	86.1	3421660	N/A
72_8_2267_35481_7850/1	gi|2830983252|gb|CP170844.1|	82.979	94	12	2	14	103	4083423	4083330	4.72e-11	82.4	573	N/A
72_8_2267_35481_7850/1	gi|2557643774|emb|OY673254.1|	91.379	58	4	1	3	59	21720	21777	6.10e-10	78.7	2697049	N/A
72_8_2267_35481_7850/1	gi|685042175|emb|LN590700.1|	94.231	52	1	2	5	54	14033950	14033899	6.10e-10	78.7	7962	N/A
72_8_2267_35481_7850/1	gi|685042175|emb|LN590700.1|	95.238	42	0	2	14	53	15778538	15778579	4.75e-06	65.8	7962	N/A
72_8_2267_35481_7850/1	gi|2565360070|emb|OY632882.1|	100.000	40	0	0	9	48	22461	22500	7.90e-09	75.0	2697049	N/A
72_8_1328_29072_4068/1	gi|2978724457|gb|PV611058.1|	92.000	125	6	3	16	137	295321	295444	2.72e-38	172	3421660	N/A
72_8_1328_29072_4068/1	gi|2978724457|gb|PV611058.1|	91.667	60	1	3	16	72	295784	295842	1.70e-10	80.5	3421660	N/A
72_8_1328_29072_4068/1	gi|2830983252|gb|CP170844.1|	85.567	97	11	2	14	108	4083425	4083330	4.68e-16	99.0	573	N/A
72_8_1328_29072_4068/1	gi|2557643774|emb|OY673254.1|	95.652	46	2	0	16	61	21732	21777	7.90e-09	75.0	2697049	N/A
72_8_1328_29072_4068/1	gi|2463378371|dbj|AP027461.1|	95.652	46	2	0	16	61	1299632	1299677	7.90e-09	75.0	511145	N/A
72_8_1328_29072_4068/1	gi|2463378371|dbj|AP027461.1|	95.652	46	2	0	16	61	1628404	1628359	7.90e-09	75.0	511145	N/A
72_8_1328_29072_4068/1	gi|2165836832|emb|OV197136.1|	92.593	54	1	3	9	61	122	71	7.90e-09	75.0	2697049	N/A
72_8_2193_51123_26914/1	gi|2155043183|emb|OV015804.1|	100.000	28	0	0	2	29	29938	29911	0.037	52.8	2697049	N/A
72_8_1350_32519_2583/1	gi|2978724457|gb|PV611058.1|	91.603	131	1	6	1	128	295321	295444	2.72e-38	172	3421660	N/A
72_8_1350_32519_2583/1	gi|2978724457|gb|PV611058.1|	91.667	60	1	3	1	57	295784	295842	1.70e-10	80.5	3421660	N/A
72_8_1350_32519_2583/1	gi|2830983252|gb|CP170844.1|	84.375	96	11	2	1	94	4083423	4083330	7.84e-14	91.6	573	N/A
72_8_1350_32519_2583/1	gi|2557643774|emb|OY673254.1|	95.652	46	2	0	1	46	21732	21777	7.90e-09	75.0	2697049	N/A
72_8_1350_32519_2583/1	gi|2463378371|dbj|AP027461.1|	95.652	46	2	0	1	46	1299632	1299677	7.90e-09	75.0	511145	N/A
72_8_1350_32519_2583/1	gi|2463378371|dbj|AP027461.1|	95.652	46	2	0	1	46	1628404	1628359	7.90e-09	75.0	511145	N/A
72_8_1350_32519_2583/1	gi|2755084441|gb|PP943425.1|	93.617	47	1	2	1	46	67825	67780	3.67e-07	69.4	10258	N/A
72_8_1350_32519_2583/1	gi|2755084441|gb|PP943425.1|	93.478	46	1	2	1	45	67591	67635	1.32e-06	67.6	10258	N/A
72_8_2238_40854_1238/1	gi|2978724457|gb|PV611058.1|	86.260	131	13	4	10	137	295316	295444	9.93e-28	137	3421660	N/A
72_8_2238_40854_1238/1	gi|2978724457|gb|PV611058.1|	87.879	66	3	4	10	72	295779	295842	2.84e-08	73.1	3421660	N/A
72_8_2238_40854_1238/1	gi|2830983252|gb|CP170844.1|	81.633	98	12	5	15	110	4083423	4083330	2.20e-09	76.8	573	N/A
72_8_2238_40854_1238/1	gi|685042161|emb|LN590686.1|	92.308	52	1	3	5	54	20813821	20813871	1.02e-07	71.3	7962	N/A
72_8_2238_40854_1238/1	gi|685042161|emb|LN590686.1|	93.023	43	1	2	14	54	6380193	6380235	6.15e-05	62.1	7962	N/A
72_8_2238_40854_1238/1	gi|685042161|emb|LN590686.1|	92.857	42	1	2	15	54	4545831	4545872	2.21e-04	60.2	7962	N/A
72_8_2238_40854_1238/1	gi|685042161|emb|LN590686.1|	92.857	42	1	2	15	54	12304839	12304798	2.21e-04	60.2	7962	N/A
72_8_2238_40854_1238/1	gi|685042161|emb|LN590686.1|	92.857	42	1	2	15	54	17091846	17091887	2.21e-04	60.2	7962	N/A
72_8_2238_40854_1238/1	gi|685042161|emb|LN590686.1|	92.857	42	1	2	15	54	28125760	28125801	2.21e-04	60.2	7962	N/A
72_8_2238_40854_1238/1	gi|2557643774|emb|OY673254.1|	93.478	46	3	0	15	60	21732	21777	3.67e-07	69.4	2697049	N/A
72_8_2238_40854_1238/1	gi|2557638192|emb|OY694677.1|	89.474	57	3	3	5	60	4292	4346	3.67e-07	69.4	2697049	N/A
72_8_2437_46122_25205/1	gi|2978724457|gb|PV611058.1|	92.248	129	1	6	2	127	295322	295444	7.57e-39	174	3421660	N/A
72_8_2437_46122_25205/1	gi|2978724457|gb|PV611058.1|	91.525	59	1	3	2	57	295785	295842	6.10e-10	78.7	3421660	N/A
72_8_2437_46122_25205/1	gi|2830983252|gb|CP170844.1|	87.097	93	10	1	2	92	4083422	4083330	1.01e-17	104	573	N/A
72_8_2437_46122_25205/1	gi|2557643774|emb|OY673254.1|	95.556	45	2	0	2	46	21733	21777	2.84e-08	73.1	2697049	N/A
72_8_2437_46122_25205/1	gi|2463378371|dbj|AP027461.1|	95.556	45	2	0	2	46	1299633	1299677	2.84e-08	73.1	511145	N/A
72_8_2437_46122_25205/1	gi|2463378371|dbj|AP027461.1|	95.556	45	2	0	2	46	1628403	1628359	2.84e-08	73.1	511145	N/A
72_8_2437_46122_25205/1	gi|2755084441|gb|PP943425.1|	93.478	46	1	2	2	46	67824	67780	1.32e-06	67.6	10258	N/A
72_8_2437_46122_25205/1	gi|2755084441|gb|PP943425.1|	93.333	45	1	2	2	45	67592	67635	4.75e-06	65.8	10258	N/A
72_8_2363_27413_18230/1	gi|2978724457|gb|PV611058.1|	92.969	128	3	5	13	137	295320	295444	4.52e-41	182	3421660	N/A
72_8_2363_27413_18230/1	gi|2978724457|gb|PV611058.1|	91.803	61	1	3	13	70	295783	295842	4.72e-11	82.4	3421660	N/A
72_8_2363_27413_18230/1	gi|2830983252|gb|CP170844.1|	84.211	95	12	2	14	106	4083423	4083330	2.82e-13	89.8	573	N/A
72_8_2363_27413_18230/1	gi|685049950|emb|LN598462.1|	95.833	48	0	2	8	53	1938274	1938321	2.20e-09	76.8	7962	N/A
72_8_2363_27413_18230/1	gi|2557643774|emb|OY673254.1|	95.652	46	2	0	14	59	21732	21777	7.90e-09	75.0	2697049	N/A
72_8_2363_27413_18230/1	gi|2463378371|dbj|AP027461.1|	95.652	46	2	0	14	59	1299632	1299677	7.90e-09	75.0	511145	N/A
72_8_2363_27413_18230/1	gi|2463378371|dbj|AP027461.1|	95.652	46	2	0	14	59	1628404	1628359	7.90e-09	75.0	511145	N/A
72_8_2367_14870_24617/1	gi|2978724457|gb|PV611058.1|	90.625	128	6	4	13	137	295320	295444	4.55e-36	165	3421660	N/A
72_8_2367_14870_24617/1	gi|2978724457|gb|PV611058.1|	90.000	60	3	3	13	69	295783	295842	7.90e-09	75.0	3421660	N/A
72_8_2367_14870_24617/1	gi|685042188|emb|LN590713.1|	97.619	42	0	1	10	50	7120044	7120085	1.02e-07	71.3	7962	N/A
72_8_2367_14870_24617/1	gi|2710394916|tpg|BK066886.1|	93.333	45	1	2	4	46	29303	29347	4.75e-06	65.8	3116700	N/A
72_8_2367_14870_24617/1	gi|2676815380|gb|CP144850.1|	97.436	39	0	1	9	46	129812	129850	4.75e-06	65.8	2608262	N/A
72_8_2367_14870_24617/1	gi|2557653360|emb|OY683642.1|	91.111	45	1	3	1	44	22469	22511	7.95e-04	58.4	2697049	N/A
72_8_2394_7021_22628/1	gi|2978724457|gb|PV611058.1|	94.444	126	2	4	15	137	295321	295444	2.70e-43	189	3421660	N/A
72_8_2394_7021_22628/1	gi|2978724457|gb|PV611058.1|	91.667	60	1	3	15	71	295784	295842	1.70e-10	80.5	3421660	N/A
72_8_2394_7021_22628/1	gi|2830983252|gb|CP170844.1|	84.043	94	13	1	15	106	4083423	4083330	2.82e-13	89.8	573	N/A
72_8_2394_7021_22628/1	gi|2524352013|emb|OY072335.1|	97.917	48	1	0	1	48	21644	21691	1.31e-11	84.2	2697049	N/A
72_8_2394_7021_22628/1	gi|685042185|emb|LN590710.1|	97.778	45	1	0	4	48	9162078	9162122	6.10e-10	78.7	7962	N/A
72_8_2394_7021_22628/1	gi|685042185|emb|LN590710.1|	95.238	42	0	2	15	54	3790452	3790411	4.75e-06	65.8	7962	N/A
72_8_2394_7021_22628/1	gi|685042185|emb|LN590710.1|	95.238	42	0	2	15	54	6008694	6008735	4.75e-06	65.8	7962	N/A
72_8_2394_7021_22628/1	gi|685042185|emb|LN590710.1|	95.238	42	0	2	15	54	10218503	10218544	4.75e-06	65.8	7962	N/A
72_8_2394_7021_22628/1	gi|2557643774|emb|OY673254.1|	95.652	46	2	0	15	60	21732	21777	7.90e-09	75.0	2697049	N/A
72_8_2451_40199_14027/1	gi|2978724457|gb|PV611058.1|	90.909	132	1	7	8	136	295321	295444	1.27e-36	167	3421660	N/A
72_8_2451_40199_14027/1	gi|2978724457|gb|PV611058.1|	91.667	60	1	3	8	64	295784	295842	1.70e-10	80.5	3421660	N/A
72_8_2451_40199_14027/1	gi|2830983252|gb|CP170844.1|	85.714	98	10	3	6	101	4083425	4083330	1.30e-16	100	573	N/A
72_8_2451_40199_14027/1	gi|2557643774|emb|OY673254.1|	95.652	46	2	0	8	53	21732	21777	7.90e-09	75.0	2697049	N/A
72_8_2451_40199_14027/1	gi|2463378371|dbj|AP027461.1|	95.652	46	2	0	8	53	1299632	1299677	7.90e-09	75.0	511145	N/A
72_8_2451_40199_14027/1	gi|2463378371|dbj|AP027461.1|	95.652	46	2	0	8	53	1628404	1628359	7.90e-09	75.0	511145	N/A
72_8_2451_40199_14027/1	gi|2165836832|emb|OV197136.1|	93.878	49	1	2	6	53	118	71	2.84e-08	73.1	2697049	N/A
72_8_2162_11326_26522/1	gi|2978724457|gb|PV611058.1|	85.714	126	13	4	15	137	295321	295444	5.98e-25	128	3421660	N/A
72_8_2162_11326_26522/1	gi|2978724457|gb|PV611058.1|	89.286	56	2	3	15	67	295784	295838	1.32e-06	67.6	3421660	N/A
72_8_2162_11326_26522/1	gi|2557643774|emb|OY673254.1|	95.652	46	2	0	15	60	21732	21777	7.90e-09	75.0	2697049	N/A
72_8_2162_11326_26522/1	gi|2463378371|dbj|AP027461.1|	95.652	46	2	0	15	60	1299632	1299677	7.90e-09	75.0	511145	N/A
72_8_2162_11326_26522/1	gi|2463378371|dbj|AP027461.1|	95.652	46	2	0	15	60	1628404	1628359	7.90e-09	75.0	511145	N/A
72_8_2162_11326_26522/1	gi|2155043183|emb|OV015804.1|	95.652	46	1	1	7	51	29956	29911	2.84e-08	73.1	2697049	N/A
72_8_2162_11326_26522/1	gi|2755084441|gb|PP943425.1|	93.617	47	1	2	14	59	67590	67635	3.67e-07	69.4	10258	N/A
72_8_2162_11326_26522/1	gi|2755084441|gb|PP943425.1|	93.617	47	1	2	15	60	67825	67780	3.67e-07	69.4	10258	N/A
72_8_1236_7393_5959/1	gi|2978724457|gb|PV611058.1|	92.913	127	4	4	14	137	295320	295444	1.63e-40	180	3421660	N/A
72_8_1236_7393_5959/1	gi|2978724457|gb|PV611058.1|	91.803	61	1	3	14	71	295783	295842	4.72e-11	82.4	3421660	N/A
72_8_1236_7393_5959/1	gi|2830983252|gb|CP170844.1|	86.170	94	11	1	15	106	4083423	4083330	1.30e-16	100	573	N/A
72_8_1236_7393_5959/1	gi|685042161|emb|LN590686.1|	94.231	52	0	3	5	54	20813821	20813871	2.20e-09	76.8	7962	N/A
72_8_1236_7393_5959/1	gi|685042161|emb|LN590686.1|	95.455	44	0	2	13	54	6380192	6380235	3.67e-07	69.4	7962	N/A
72_8_1236_7393_5959/1	gi|685042161|emb|LN590686.1|	95.238	42	0	2	15	54	4545831	4545872	4.75e-06	65.8	7962	N/A
72_8_1236_7393_5959/1	gi|685042161|emb|LN590686.1|	95.238	42	0	2	15	54	12304839	12304798	4.75e-06	65.8	7962	N/A
72_8_1236_7393_5959/1	gi|685042161|emb|LN590686.1|	95.238	42	0	2	15	54	17091846	17091887	4.75e-06	65.8	7962	N/A
72_8_1236_7393_5959/1	gi|685042161|emb|LN590686.1|	95.238	42	0	2	15	54	28125760	28125801	4.75e-06	65.8	7962	N/A
72_8_1236_7393_5959/1	gi|685042161|emb|LN590686.1|	94.872	39	0	2	18	54	12436830	12436868	2.21e-04	60.2	7962	N/A
72_8_1236_7393_5959/1	gi|2557643774|emb|OY673254.1|	95.652	46	2	0	15	60	21732	21777	7.90e-09	75.0	2697049	N/A
72_8_1236_7393_5959/1	gi|2557638192|emb|OY694677.1|	91.228	57	2	3	5	60	4292	4346	7.90e-09	75.0	2697049	N/A
72_8_2169_45030_15022/1	gi|2978724457|gb|PV611058.1|	89.474	133	1	11	2	131	295322	295444	2.74e-33	156	3421660	N/A
72_8_2169_45030_15022/1	gi|2978724457|gb|PV611058.1|	87.500	64	1	6	2	62	295785	295844	1.32e-06	67.6	3421660	N/A
72_8_2169_45030_15022/1	gi|2830983252|gb|CP170844.1|	83.505	97	10	5	2	96	4083422	4083330	3.65e-12	86.1	573	N/A
72_8_2169_45030_15022/1	gi|2557643774|emb|OY673254.1|	93.478	46	2	1	2	47	21733	21777	1.32e-06	67.6	2697049	N/A
72_8_2169_45030_15022/1	gi|2463378371|dbj|AP027461.1|	93.478	46	2	1	2	47	1299633	1299677	1.32e-06	67.6	511145	N/A
72_8_2169_45030_15022/1	gi|2463378371|dbj|AP027461.1|	93.478	46	2	1	2	47	1628403	1628359	1.32e-06	67.6	511145	N/A
72_8_2169_45030_15022/1	gi|2755084441|gb|PP943425.1|	91.489	47	1	3	2	47	67824	67780	6.15e-05	62.1	10258	N/A
72_8_2169_45030_15022/1	gi|2755084441|gb|PP943425.1|	91.304	46	1	3	2	46	67592	67635	2.21e-04	60.2	10258	N/A
72_8_2330_50371_4712/1	gi|2978724457|gb|PV611058.1|	95.238	126	1	4	7	129	295321	295444	5.81e-45	195	3421660	N/A
72_8_2330_50371_4712/1	gi|2978724457|gb|PV611058.1|	91.667	60	1	3	7	63	295784	295842	1.70e-10	80.5	3421660	N/A
72_8_2330_50371_4712/1	gi|2830983252|gb|CP170844.1|	82.979	94	7	2	7	91	4083423	4083330	2.20e-09	76.8	573	N/A
72_8_2330_50371_4712/1	gi|2557643774|emb|OY673254.1|	95.652	46	2	0	7	52	21732	21777	7.90e-09	75.0	2697049	N/A
72_8_2330_50371_4712/1	gi|2463378371|dbj|AP027461.1|	95.652	46	2	0	7	52	1299632	1299677	7.90e-09	75.0	511145	N/A
72_8_2330_50371_4712/1	gi|2463378371|dbj|AP027461.1|	95.652	46	2	0	7	52	1628404	1628359	7.90e-09	75.0	511145	N/A
72_8_2330_50371_4712/1	gi|2991388636|dbj|AP040949.1|	100.000	39	0	0	4	42	3527635	3527673	2.84e-08	73.1	573	N/A
72_8_2271_23561_27111/1	gi|2978724457|gb|PV611058.1|	88.889	126	9	4	15	137	295321	295444	1.28e-31	150	3421660	N/A
72_8_2271_23561_27111/1	gi|2978724457|gb|PV611058.1|	91.667	60	1	3	15	71	295784	295842	1.70e-10	80.5	3421660	N/A
72_8_2271_23561_27111/1	gi|2830983252|gb|CP170844.1|	91.579	95	6	1	14	106	4083424	4083330	1.66e-25	130	573	N/A
72_8_2271_23561_27111/1	gi|2557643774|emb|OY673254.1|	95.652	46	2	0	15	60	21732	21777	7.90e-09	75.0	2697049	N/A
72_8_2271_23561_27111/1	gi|2463378371|dbj|AP027461.1|	95.652	46	2	0	15	60	1299632	1299677	7.90e-09	75.0	511145	N/A
72_8_2271_23561_27111/1	gi|2463378371|dbj|AP027461.1|	95.652	46	2	0	15	60	1628404	1628359	7.90e-09	75.0	511145	N/A
72_8_2271_23561_27111/1	gi|2755084441|gb|PP943425.1|	93.878	49	1	2	12	59	67588	67635	2.84e-08	73.1	10258	N/A
72_8_2271_23561_27111/1	gi|2755084441|gb|PP943425.1|	93.617	47	1	2	15	60	67825	67780	3.67e-07	69.4	10258	N/A
72_8_1227_41485_26984/1	gi|2978724457|gb|PV611058.1|	87.692	130	10	4	11	137	295318	295444	1.65e-30	147	3421660	N/A
72_8_1227_41485_26984/1	gi|2978724457|gb|PV611058.1|	90.769	65	2	3	11	72	295781	295844	1.31e-11	84.2	3421660	N/A
72_8_1227_41485_26984/1	gi|2830983252|gb|CP170844.1|	90.526	95	6	2	14	106	4083423	4083330	2.78e-23	122	573	N/A
72_8_1227_41485_26984/1	gi|685046059|emb|LN594584.1|	94.231	52	1	2	4	53	7180	7129	6.10e-10	78.7	7962	N/A
72_8_1227_41485_26984/1	gi|685042189|emb|LN590714.1|	94.231	52	0	3	5	53	3608303	3608252	2.20e-09	76.8	7962	N/A
72_8_1227_41485_26984/1	gi|685042189|emb|LN590714.1|	97.727	44	1	0	4	47	6568388	6568431	2.20e-09	76.8	7962	N/A
72_8_1227_41485_26984/1	gi|685042189|emb|LN590714.1|	100.000	36	0	0	13	48	11523468	11523503	1.32e-06	67.6	7962	N/A
72_8_1227_41485_26984/1	gi|685042189|emb|LN590714.1|	95.238	42	0	2	14	53	7216113	7216072	4.75e-06	65.8	7962	N/A
72_8_1227_41485_26984/1	gi|2557643774|emb|OY673254.1|	95.652	46	2	0	14	59	21732	21777	7.90e-09	75.0	2697049	N/A
72_8_2474_18180_10623/1	gi|2978724457|gb|PV611058.1|	91.270	126	6	4	15	137	295321	295444	1.27e-36	167	3421660	N/A
72_8_2474_18180_10623/1	gi|2978724457|gb|PV611058.1|	91.667	60	1	3	15	71	295784	295842	1.70e-10	80.5	3421660	N/A
72_8_2474_18180_10623/1	gi|2830983252|gb|CP170844.1|	86.598	97	10	2	13	107	4083425	4083330	1.01e-17	104	573	N/A
72_8_2474_18180_10623/1	gi|1476019893|gb|MH883760.1|	94.000	50	1	1	11	60	58057	58010	7.90e-09	75.0	10376	N/A
72_8_2474_18180_10623/1	gi|1476019893|gb|MH883760.1|	100.000	34	0	0	15	48	88232	88199	1.71e-05	63.9	10376	N/A
72_8_2474_18180_10623/1	gi|2557643774|emb|OY673254.1|	95.652	46	2	0	15	60	21732	21777	7.90e-09	75.0	2697049	N/A
72_8_2474_18180_10623/1	gi|2463378371|dbj|AP027461.1|	95.652	46	2	0	15	60	1299632	1299677	7.90e-09	75.0	511145	N/A
72_8_2474_18180_10623/1	gi|2463378371|dbj|AP027461.1|	95.652	46	2	0	15	60	1628404	1628359	7.90e-09	75.0	511145	N/A
72_8_2265_49076_12921/1	gi|2978724457|gb|PV611058.1|	89.600	125	10	3	15	137	295321	295444	2.74e-33	156	3421660	N/A
72_8_2265_49076_12921/1	gi|2978724457|gb|PV611058.1|	91.667	60	3	2	15	72	295784	295843	4.72e-11	82.4	3421660	N/A
72_8_2265_49076_12921/1	gi|2830983252|gb|CP170844.1|	88.421	95	8	2	15	107	4083423	4083330	6.02e-20	111	573	N/A
72_8_2265_49076_12921/1	gi|2557643774|emb|OY673254.1|	95.652	46	2	0	15	60	21732	21777	7.90e-09	75.0	2697049	N/A
72_8_2265_49076_12921/1	gi|780644672|ref|XM_011690559.1|	100.000	40	0	0	13	52	1036	1075	7.90e-09	75.0	64793	N/A
72_8_2265_49076_12921/1	gi|685049067|emb|LN597579.1|	100.000	40	0	0	10	49	1397	1436	7.90e-09	75.0	7962	N/A
72_8_1187_32204_29016/1	gi|2978724457|gb|PV611058.1|	88.889	126	9	4	15	137	295321	295444	1.28e-31	150	3421660	N/A
72_8_1187_32204_29016/1	gi|2978724457|gb|PV611058.1|	91.935	62	1	3	15	73	295784	295844	1.31e-11	84.2	3421660	N/A
72_8_1187_32204_29016/1	gi|2830983252|gb|CP170844.1|	91.489	94	6	1	15	106	4083423	4083330	5.98e-25	128	573	N/A
72_8_1187_32204_29016/1	gi|2557643774|emb|OY673254.1|	95.652	46	2	0	15	60	21732	21777	7.90e-09	75.0	2697049	N/A
72_8_1187_32204_29016/1	gi|2463378371|dbj|AP027461.1|	95.652	46	2	0	15	60	1299632	1299677	7.90e-09	75.0	511145	N/A
72_8_1187_32204_29016/1	gi|2463378371|dbj|AP027461.1|	95.652	46	2	0	15	60	1628404	1628359	7.90e-09	75.0	511145	N/A
72_8_1187_32204_29016/1	gi|685042524|emb|LN591049.1|	95.745	47	0	2	10	54	341738	341692	7.90e-09	75.0	7962	N/A
72_8_1420_6584_5539/1	gi|2978724457|gb|PV611058.1|	94.488	127	1	4	14	137	295321	295444	7.51e-44	191	3421660	N/A
72_8_1420_6584_5539/1	gi|2978724457|gb|PV611058.1|	91.667	60	1	3	14	70	295784	295842	1.70e-10	80.5	3421660	N/A
72_8_1420_6584_5539/1	gi|2830983252|gb|CP170844.1|	84.043	94	10	2	14	102	4083423	4083330	3.65e-12	86.1	573	N/A
72_8_1420_6584_5539/1	gi|685042185|emb|LN590710.1|	97.727	44	1	0	4	47	9162079	9162122	2.20e-09	76.8	7962	N/A
72_8_1420_6584_5539/1	gi|685042185|emb|LN590710.1|	95.238	42	0	2	14	53	3790452	3790411	4.75e-06	65.8	7962	N/A
72_8_1420_6584_5539/1	gi|685042185|emb|LN590710.1|	95.238	42	0	2	14	53	6008694	6008735	4.75e-06	65.8	7962	N/A
72_8_1420_6584_5539/1	gi|685042185|emb|LN590710.1|	95.238	42	0	2	14	53	10218503	10218544	4.75e-06	65.8	7962	N/A
72_8_1420_6584_5539/1	gi|2557643774|emb|OY673254.1|	95.652	46	2	0	14	59	21732	21777	7.90e-09	75.0	2697049	N/A
72_8_1420_6584_5539/1	gi|2463378371|dbj|AP027461.1|	95.652	46	2	0	14	59	1299632	1299677	7.90e-09	75.0	511145	N/A
72_8_1420_6584_5539/1	gi|2463378371|dbj|AP027461.1|	95.652	46	2	0	14	59	1628404	1628359	7.90e-09	75.0	511145	N/A
72_8_2103_20195_25598/1	gi|2978724457|gb|PV611058.1|	93.548	93	2	3	48	137	295320	295411	3.57e-27	135	3421660	N/A
72_8_2103_20195_25598/1	gi|2978724457|gb|PV611058.1|	91.803	61	1	3	48	105	295783	295842	4.72e-11	82.4	3421660	N/A
72_8_2103_20195_25598/1	gi|2830983252|gb|CP170844.1|	82.796	93	12	2	49	137	4083423	4083331	1.70e-10	80.5	573	N/A
72_8_2103_20195_25598/1	gi|2557643774|emb|OY673254.1|	95.652	46	2	0	49	94	21732	21777	7.90e-09	75.0	2697049	N/A
72_8_2103_20195_25598/1	gi|2463378371|dbj|AP027461.1|	93.878	49	3	0	46	94	1299629	1299677	7.90e-09	75.0	511145	N/A
72_8_2103_20195_25598/1	gi|2463378371|dbj|AP027461.1|	95.652	46	2	0	49	94	1628404	1628359	7.90e-09	75.0	511145	N/A
72_8_2103_20195_25598/1	gi|685047827|emb|LN596339.1|	94.000	50	1	2	41	88	601778	601827	7.90e-09	75.0	7962	N/A
72_8_2357_45580_1266/1	gi|2978724457|gb|PV611058.1|	93.023	129	3	6	8	134	295320	295444	1.26e-41	183	3421660	N/A
72_8_2357_45580_1266/1	gi|2978724457|gb|PV611058.1|	90.323	62	3	3	8	67	295783	295843	6.10e-10	78.7	3421660	N/A
72_8_2357_45580_1266/1	gi|2830983252|gb|CP170844.1|	84.043	94	13	1	9	100	4083423	4083330	2.82e-13	89.8	573	N/A
72_8_2357_45580_1266/1	gi|2557643774|emb|OY673254.1|	95.652	46	2	0	9	54	21732	21777	7.90e-09	75.0	2697049	N/A
72_8_2357_45580_1266/1	gi|685042188|emb|LN590713.1|	100.000	39	0	0	8	46	7120047	7120085	2.84e-08	73.1	7962	N/A
72_8_2357_45580_1266/1	gi|685042188|emb|LN590713.1|	100.000	30	0	0	9	38	16189618	16189589	0.003	56.5	7962	N/A
72_8_2357_45580_1266/1	gi|2957929922|dbj|AP038990.1|	100.000	38	0	0	5	42	4785020	4784983	1.02e-07	71.3	84557	N/A
72_8_1235_32026_24785/1	gi|2978724457|gb|PV611058.1|	91.473	129	3	5	12	137	295321	295444	9.79e-38	171	3421660	N/A
72_8_1235_32026_24785/1	gi|2978724457|gb|PV611058.1|	91.667	60	1	3	12	68	295784	295842	1.70e-10	80.5	3421660	N/A
72_8_1235_32026_24785/1	gi|2830983252|gb|CP170844.1|	88.542	96	8	2	10	102	4083425	4083330	1.67e-20	113	573	N/A
72_8_1235_32026_24785/1	gi|2557643774|emb|OY673254.1|	95.652	46	2	0	12	57	21732	21777	7.90e-09	75.0	2697049	N/A
72_8_1235_32026_24785/1	gi|2463378371|dbj|AP027461.1|	95.652	46	2	0	12	57	1299632	1299677	7.90e-09	75.0	511145	N/A
72_8_1235_32026_24785/1	gi|2463378371|dbj|AP027461.1|	95.652	46	2	0	12	57	1628404	1628359	7.90e-09	75.0	511145	N/A
72_8_1235_32026_24785/1	gi|2165836832|emb|OV197136.1|	92.593	54	1	3	5	57	122	71	7.90e-09	75.0	2697049	N/A
72_8_2306_51617_14686/1	gi|2978724457|gb|PV611058.1|	89.922	129	8	4	11	136	295318	295444	5.89e-35	161	3421660	N/A
72_8_2306_51617_14686/1	gi|2978724457|gb|PV611058.1|	91.935	62	1	3	11	69	295781	295841	1.31e-11	84.2	3421660	N/A
72_8_2306_51617_14686/1	gi|2830983252|gb|CP170844.1|	84.375	96	10	5	14	106	4083423	4083330	2.82e-13	89.8	573	N/A
72_8_2306_51617_14686/1	gi|2557643774|emb|OY673254.1|	92.453	53	2	2	9	59	21725	21777	7.90e-09	75.0	2697049	N/A
72_8_2306_51617_14686/1	gi|2463378371|dbj|AP027461.1|	95.652	46	2	0	14	59	1299632	1299677	7.90e-09	75.0	511145	N/A
72_8_2306_51617_14686/1	gi|2463378371|dbj|AP027461.1|	95.652	46	2	0	14	59	1628404	1628359	7.90e-09	75.0	511145	N/A
72_8_2306_51617_14686/1	gi|2319067183|gb|CP107088.1|	100.000	40	0	0	9	48	608308	608347	7.90e-09	75.0	630	N/A
72_8_1349_34753_17515/1	gi|2978724457|gb|PV611058.1|	93.750	128	1	6	9	133	295321	295444	3.50e-42	185	3421660	N/A
72_8_1349_34753_17515/1	gi|2978724457|gb|PV611058.1|	91.667	60	1	3	9	65	295784	295842	1.70e-10	80.5	3421660	N/A
72_8_1349_34753_17515/1	gi|2830983252|gb|CP170844.1|	83.333	96	13	2	8	101	4083424	4083330	3.65e-12	86.1	573	N/A
72_8_1349_34753_17515/1	gi|2557643774|emb|OY673254.1|	95.652	46	2	0	9	54	21732	21777	7.90e-09	75.0	2697049	N/A
72_8_1349_34753_17515/1	gi|2463378371|dbj|AP027461.1|	95.652	46	2	0	9	54	1299632	1299677	7.90e-09	75.0	511145	N/A
72_8_1349_34753_17515/1	gi|2463378371|dbj|AP027461.1|	95.652	46	2	0	9	54	1628404	1628359	7.90e-09	75.0	511145	N/A
72_8_1349_34753_17515/1	gi|2755084441|gb|PP943425.1|	93.750	48	1	2	7	53	67589	67635	1.02e-07	71.3	10258	N/A
72_8_1349_34753_17515/1	gi|2755084441|gb|PP943425.1|	93.617	47	1	2	9	54	67825	67780	3.67e-07	69.4	10258	N/A
72_8_2302_3889_21101/1	gi|2978724457|gb|PV611058.1|	88.636	132	6	5	9	137	295319	295444	3.55e-32	152	3421660	N/A
72_8_2302_3889_21101/1	gi|2978724457|gb|PV611058.1|	89.062	64	3	4	9	69	295782	295844	2.20e-09	76.8	3421660	N/A
72_8_2302_3889_21101/1	gi|2830983252|gb|CP170844.1|	90.217	92	6	2	12	100	4083421	4083330	1.29e-21	117	573	N/A
72_8_2302_3889_21101/1	gi|2557643774|emb|OY673254.1|	95.455	44	2	0	12	55	21734	21777	1.02e-07	71.3	2697049	N/A
72_8_2302_3889_21101/1	gi|780644672|ref|XM_011690559.1|	100.000	36	0	0	12	47	1040	1075	1.32e-06	67.6	64793	N/A
72_8_2302_3889_21101/1	gi|2557653360|emb|OY683642.1|	93.023	43	1	2	1	41	22469	22511	6.15e-05	62.1	2697049	N/A
72_8_1422_16772_12444/1	gi|2978724457|gb|PV611058.1|	94.444	126	1	5	2	124	295322	295444	2.70e-43	189	3421660	N/A
72_8_1422_16772_12444/1	gi|2978724457|gb|PV611058.1|	91.667	60	1	3	2	58	295785	295843	1.70e-10	80.5	3421660	N/A
72_8_1422_16772_12444/1	gi|2830983252|gb|CP170844.1|	83.871	93	11	2	2	90	4083422	4083330	3.65e-12	86.1	573	N/A
72_8_1422_16772_12444/1	gi|2557643774|emb|OY673254.1|	95.556	45	2	0	2	46	21733	21777	2.84e-08	73.1	2697049	N/A
72_8_1422_16772_12444/1	gi|2463378371|dbj|AP027461.1|	95.556	45	2	0	2	46	1299633	1299677	2.84e-08	73.1	511145	N/A
72_8_1422_16772_12444/1	gi|2463378371|dbj|AP027461.1|	95.556	45	2	0	2	46	1628403	1628359	2.84e-08	73.1	511145	N/A
72_8_1422_16772_12444/1	gi|2755084441|gb|PP943425.1|	93.478	46	1	2	2	46	67824	67780	1.32e-06	67.6	10258	N/A
72_8_1422_16772_12444/1	gi|2755084441|gb|PP943425.1|	93.333	45	1	2	2	45	67592	67635	4.75e-06	65.8	10258	N/A
72_8_1341_46551_8746/1	gi|2560502367|emb|OY629453.1|	97.436	39	1	0	12	50	5915	5953	1.32e-06	67.6	2697049	N/A
72_8_1341_46551_8746/1	gi|685049067|emb|LN597579.1|	97.368	38	1	0	12	49	1399	1436	4.75e-06	65.8	7962	N/A
72_8_1341_46551_8746/1	gi|2155043183|emb|OV015804.1|	97.368	38	1	0	14	51	29948	29911	4.75e-06	65.8	2697049	N/A
72_8_1341_46551_8746/1	gi|2991388636|dbj|AP040949.1|	97.297	37	1	0	14	50	3527637	3527673	1.71e-05	63.9	573	N/A
72_8_1341_46551_8746/1	gi|2557638192|emb|OY694677.1|	91.489	47	2	2	15	60	4301	4346	1.71e-05	63.9	2697049	N/A
72_8_2450_6778_3998/1	gi|2978724457|gb|PV611058.1|	91.339	127	5	5	14	137	295321	295444	3.52e-37	169	3421660	N/A
72_8_2450_6778_3998/1	gi|2978724457|gb|PV611058.1|	91.667	60	1	3	14	70	295784	295842	1.70e-10	80.5	3421660	N/A
72_8_2450_6778_3998/1	gi|2830983252|gb|CP170844.1|	88.298	94	9	1	14	105	4083423	4083330	6.02e-20	111	573	N/A
72_8_2450_6778_3998/1	gi|2557643774|emb|OY673254.1|	95.652	46	2	0	14	59	21732	21777	7.90e-09	75.0	2697049	N/A
72_8_2450_6778_3998/1	gi|2463378371|dbj|AP027461.1|	93.878	49	3	0	11	59	1299629	1299677	7.90e-09	75.0	511145	N/A
72_8_2450_6778_3998/1	gi|2463378371|dbj|AP027461.1|	95.652	46	2	0	14	59	1628404	1628359	7.90e-09	75.0	511145	N/A
72_8_2450_6778_3998/1	gi|685049067|emb|LN597579.1|	100.000	40	0	0	9	48	1397	1436	7.90e-09	75.0	7962	N/A
72_8_1347_26677_9867/1	gi|2978724457|gb|PV611058.1|	89.764	127	7	5	14	137	295321	295444	7.62e-34	158	3421660	N/A
72_8_1347_26677_9867/1	gi|2978724457|gb|PV611058.1|	91.379	58	1	3	14	68	295784	295840	2.20e-09	76.8	3421660	N/A
72_8_1347_26677_9867/1	gi|2830983252|gb|CP170844.1|	84.848	99	10	4	12	108	4083425	4083330	6.06e-15	95.3	573	N/A
72_8_1347_26677_9867/1	gi|2557643774|emb|OY673254.1|	95.652	46	2	0	14	59	21732	21777	7.90e-09	75.0	2697049	N/A
72_8_1347_26677_9867/1	gi|2463378371|dbj|AP027461.1|	95.652	46	2	0	14	59	1299632	1299677	7.90e-09	75.0	511145	N/A
72_8_1347_26677_9867/1	gi|2463378371|dbj|AP027461.1|	95.652	46	2	0	14	59	1628404	1628359	7.90e-09	75.0	511145	N/A
72_8_1347_26677_9867/1	gi|2165836832|emb|OV197136.1|	92.593	54	1	3	7	59	122	71	7.90e-09	75.0	2697049	N/A
72_8_2150_36007_9489/1	gi|2752542988|emb|OY639205.1|	100.000	29	0	0	15	43	444562	444534	0.010	54.7	5678	N/A
72_8_1369_32794_25864/1	gi|2978724457|gb|PV611058.1|	90.840	131	2	7	10	137	295321	295444	1.27e-36	167	3421660	N/A
72_8_1369_32794_25864/1	gi|2978724457|gb|PV611058.1|	90.323	62	1	4	10	68	295784	295843	2.20e-09	76.8	3421660	N/A
72_8_1369_32794_25864/1	gi|2830983252|gb|CP170844.1|	87.234	94	9	2	10	100	4083423	4083330	1.01e-17	104	573	N/A
72_8_1369_32794_25864/1	gi|2463378371|dbj|AP027461.1|	92.593	54	3	1	3	55	1299624	1299677	2.20e-09	76.8	511145	N/A
72_8_1369_32794_25864/1	gi|2463378371|dbj|AP027461.1|	95.652	46	2	0	10	55	1628404	1628359	7.90e-09	75.0	511145	N/A
72_8_1369_32794_25864/1	gi|2557643774|emb|OY673254.1|	95.652	46	2	0	10	55	21732	21777	7.90e-09	75.0	2697049	N/A
72_8_1369_32794_25864/1	gi|2560502367|emb|OY629453.1|	100.000	39	0	0	7	45	5915	5953	2.84e-08	73.1	2697049	N/A
72_8_1151_37577_21984/1	gi|2978724457|gb|PV611058.1|	92.969	128	1	5	2	126	295322	295444	1.63e-40	180	3421660	N/A
72_8_1151_37577_21984/1	gi|2978724457|gb|PV611058.1|	91.525	59	1	3	2	57	295785	295842	6.10e-10	78.7	3421660	N/A
72_8_1151_37577_21984/1	gi|2830983252|gb|CP170844.1|	86.022	93	8	2	2	89	4083422	4083330	6.06e-15	95.3	573	N/A
72_8_1151_37577_21984/1	gi|2557643774|emb|OY673254.1|	95.556	45	2	0	2	46	21733	21777	2.84e-08	73.1	2697049	N/A
72_8_1151_37577_21984/1	gi|2463378371|dbj|AP027461.1|	95.556	45	2	0	2	46	1299633	1299677	2.84e-08	73.1	511145	N/A
72_8_1151_37577_21984/1	gi|2463378371|dbj|AP027461.1|	95.556	45	2	0	2	46	1628403	1628359	2.84e-08	73.1	511145	N/A
72_8_1151_37577_21984/1	gi|2755084441|gb|PP943425.1|	93.478	46	1	2	2	46	67824	67780	1.32e-06	67.6	10258	N/A
72_8_1151_37577_21984/1	gi|2755084441|gb|PP943425.1|	93.333	45	1	2	2	45	67592	67635	4.75e-06	65.8	10258	N/A
72_8_2476_11682_6883/1	gi|2978724457|gb|PV611058.1|	92.063	126	5	4	15	137	295321	295444	2.72e-38	172	3421660	N/A
72_8_2476_11682_6883/1	gi|2978724457|gb|PV611058.1|	91.803	61	1	3	15	72	295784	295843	4.72e-11	82.4	3421660	N/A
72_8_2476_11682_6883/1	gi|2830983252|gb|CP170844.1|	85.263	95	11	2	15	107	4083423	4083330	6.06e-15	95.3	573	N/A
72_8_2476_11682_6883/1	gi|2557643774|emb|OY673254.1|	95.652	46	2	0	15	60	21732	21777	7.90e-09	75.0	2697049	N/A
72_8_2476_11682_6883/1	gi|2557638192|emb|OY694677.1|	91.228	57	2	3	5	60	4292	4346	7.90e-09	75.0	2697049	N/A
72_8_2476_11682_6883/1	gi|2463378371|dbj|AP027461.1|	95.652	46	2	0	15	60	1299632	1299677	7.90e-09	75.0	511145	N/A
72_8_2476_11682_6883/1	gi|2463378371|dbj|AP027461.1|	95.652	46	2	0	15	60	1628404	1628359	7.90e-09	75.0	511145	N/A
72_8_1252_24832_2107/1	gi|2978724457|gb|PV611058.1|	89.231	130	8	5	11	137	295318	295444	7.62e-34	158	3421660	N/A
72_8_1252_24832_2107/1	gi|2978724457|gb|PV611058.1|	90.476	63	2	3	11	70	295781	295842	1.70e-10	80.5	3421660	N/A
72_8_1252_24832_2107/1	gi|2830983252|gb|CP170844.1|	90.426	94	7	1	14	105	4083423	4083330	2.78e-23	122	573	N/A
72_8_1252_24832_2107/1	gi|2557643774|emb|OY673254.1|	95.652	46	2	0	14	59	21732	21777	7.90e-09	75.0	2697049	N/A
72_8_1252_24832_2107/1	gi|2463378371|dbj|AP027461.1|	95.652	46	2	0	14	59	1299632	1299677	7.90e-09	75.0	511145	N/A
72_8_1252_24832_2107/1	gi|2463378371|dbj|AP027461.1|	95.652	46	2	0	14	59	1628404	1628359	7.90e-09	75.0	511145	N/A
72_8_1252_24832_2107/1	gi|685043901|emb|LN592426.1|	94.118	51	0	3	5	53	375099	375148	7.90e-09	75.0	7962	N/A
72_8_2267_32981_18398/1	gi|2978724457|gb|PV611058.1|	92.188	128	3	6	13	137	295321	295444	7.57e-39	174	3421660	N/A
72_8_2267_32981_18398/1	gi|2978724457|gb|PV611058.1|	91.667	60	1	3	13	69	295784	295842	1.70e-10	80.5	3421660	N/A
72_8_2267_32981_18398/1	gi|2830983252|gb|CP170844.1|	85.263	95	11	2	13	105	4083423	4083330	6.06e-15	95.3	573	N/A
72_8_2267_32981_18398/1	gi|2524352013|emb|OY072335.1|	97.778	45	1	0	2	46	21647	21691	6.10e-10	78.7	2697049	N/A
72_8_2267_32981_18398/1	gi|2557643774|emb|OY673254.1|	95.652	46	2	0	13	58	21732	21777	7.90e-09	75.0	2697049	N/A
72_8_2267_32981_18398/1	gi|2463378371|dbj|AP027461.1|	95.652	46	2	0	13	58	1299632	1299677	7.90e-09	75.0	511145	N/A
72_8_2267_32981_18398/1	gi|2463378371|dbj|AP027461.1|	95.652	46	2	0	13	58	1628404	1628359	7.90e-09	75.0	511145	N/A
72_8_1412_37010_11870/1	gi|2978724457|gb|PV611058.1|	93.023	129	1	6	8	133	295321	295444	4.52e-41	182	3421660	N/A
72_8_1412_37010_11870/1	gi|2978724457|gb|PV611058.1|	91.667	60	1	3	8	64	295784	295842	1.70e-10	80.5	3421660	N/A
72_8_1412_37010_11870/1	gi|2830983252|gb|CP170844.1|	86.170	94	9	2	8	97	4083423	4083330	4.68e-16	99.0	573	N/A
72_8_1412_37010_11870/1	gi|2557643774|emb|OY673254.1|	95.652	46	2	0	8	53	21732	21777	7.90e-09	75.0	2697049	N/A
72_8_1412_37010_11870/1	gi|2463378371|dbj|AP027461.1|	95.652	46	2	0	8	53	1299632	1299677	7.90e-09	75.0	511145	N/A
72_8_1412_37010_11870/1	gi|2463378371|dbj|AP027461.1|	95.652	46	2	0	8	53	1628404	1628359	7.90e-09	75.0	511145	N/A
72_8_1412_37010_11870/1	gi|2155043183|emb|OV015804.1|	100.000	40	0	0	5	44	29950	29911	7.90e-09	75.0	2697049	N/A
72_8_2348_22574_18482/1	gi|2978724457|gb|PV611058.1|	90.840	131	1	7	2	129	295322	295444	4.55e-36	165	3421660	N/A
72_8_2348_22574_18482/1	gi|2978724457|gb|PV611058.1|	91.803	61	1	3	2	59	295785	295844	4.72e-11	82.4	3421660	N/A
72_8_2348_22574_18482/1	gi|2830983252|gb|CP170844.1|	89.247	93	8	1	2	92	4083422	4083330	4.65e-21	115	573	N/A
72_8_2348_22574_18482/1	gi|2557643774|emb|OY673254.1|	95.556	45	2	0	2	46	21733	21777	2.84e-08	73.1	2697049	N/A
72_8_2348_22574_18482/1	gi|2463378371|dbj|AP027461.1|	95.556	45	2	0	2	46	1299633	1299677	2.84e-08	73.1	511145	N/A
72_8_2348_22574_18482/1	gi|2463378371|dbj|AP027461.1|	95.556	45	2	0	2	46	1628403	1628359	2.84e-08	73.1	511145	N/A
72_8_2348_22574_18482/1	gi|2755084441|gb|PP943425.1|	93.478	46	1	2	2	46	67824	67780	1.32e-06	67.6	10258	N/A
72_8_2348_22574_18482/1	gi|2755084441|gb|PP943425.1|	93.333	45	1	2	2	45	67592	67635	4.75e-06	65.8	10258	N/A
72_8_1144_28085_27657/1	gi|2978724457|gb|PV611058.1|	88.095	126	10	4	15	137	295321	295444	5.93e-30	145	3421660	N/A
72_8_1144_28085_27657/1	gi|2978724457|gb|PV611058.1|	91.667	60	1	3	15	71	295784	295842	1.70e-10	80.5	3421660	N/A
72_8_1144_28085_27657/1	gi|2830983252|gb|CP170844.1|	90.625	96	6	2	14	107	4083424	4083330	7.73e-24	124	573	N/A
72_8_1144_28085_27657/1	gi|2557643774|emb|OY673254.1|	95.652	46	2	0	15	60	21732	21777	7.90e-09	75.0	2697049	N/A
72_8_1144_28085_27657/1	gi|2463378371|dbj|AP027461.1|	95.652	46	2	0	15	60	1299632	1299677	7.90e-09	75.0	511145	N/A
72_8_1144_28085_27657/1	gi|2463378371|dbj|AP027461.1|	95.652	46	2	0	15	60	1628404	1628359	7.90e-09	75.0	511145	N/A
72_8_1144_28085_27657/1	gi|685045708|emb|LN594233.1|	92.453	53	2	2	4	54	80414	80362	7.90e-09	75.0	7962	N/A
72_8_1301_38151_8578/1	gi|2978724457|gb|PV611058.1|	91.270	126	6	4	15	137	295321	295444	1.27e-36	167	3421660	N/A
72_8_1301_38151_8578/1	gi|2978724457|gb|PV611058.1|	91.667	60	1	3	15	71	295784	295842	1.70e-10	80.5	3421660	N/A
72_8_1301_38151_8578/1	gi|2830983252|gb|CP170844.1|	86.598	97	10	2	13	107	4083425	4083330	1.01e-17	104	573	N/A
72_8_1301_38151_8578/1	gi|2524352013|emb|OY072335.1|	95.833	48	2	0	1	48	21644	21691	6.10e-10	78.7	2697049	N/A
72_8_1301_38151_8578/1	gi|2165836832|emb|OV197136.1|	94.231	52	1	2	10	60	121	71	6.10e-10	78.7	2697049	N/A
72_8_1301_38151_8578/1	gi|2165834303|emb|OV196009.1|	94.118	51	3	0	10	60	120	70	6.10e-10	78.7	2697049	N/A
72_8_1301_38151_8578/1	gi|2165834303|emb|OV196009.1|	97.561	41	1	0	14	54	29911	29951	1.02e-07	71.3	2697049	N/A
72_8_1402_34534_3802/1	gi|2978724457|gb|PV611058.1|	90.000	130	7	5	11	137	295318	295444	1.64e-35	163	3421660	N/A
72_8_1402_34534_3802/1	gi|2978724457|gb|PV611058.1|	90.625	64	1	4	11	71	295781	295842	1.70e-10	80.5	3421660	N/A
72_8_1402_34534_3802/1	gi|2830983252|gb|CP170844.1|	87.500	96	9	2	14	107	4083424	4083330	7.78e-19	108	573	N/A
72_8_1402_34534_3802/1	gi|685042175|emb|LN590700.1|	92.857	56	1	3	3	55	14033954	14033899	6.10e-10	78.7	7962	N/A
72_8_1402_34534_3802/1	gi|685042175|emb|LN590700.1|	95.349	43	0	2	14	54	15778537	15778579	1.32e-06	67.6	7962	N/A
72_8_1402_34534_3802/1	gi|2557643774|emb|OY673254.1|	91.228	57	4	1	5	60	21721	21777	2.20e-09	76.8	2697049	N/A
72_8_1402_34534_3802/1	gi|685042242|emb|LN590767.1|	92.727	55	1	3	2	54	603268	603215	2.20e-09	76.8	7962	N/A
