72_8_2191_32066_3956/1	gi|2978724457|gb|PV611058.1|	92.208	77	2	3	64	137	295316	295391	2.80e-18	106	3421660	N/A
72_8_2191_32066_3956/1	gi|2978724457|gb|PV611058.1|	90.769	65	2	3	64	125	295779	295842	1.31e-11	84.2	3421660	N/A
72_8_2191_32066_3956/1	gi|685042161|emb|LN590686.1|	94.444	54	0	3	57	108	20813819	20813871	1.70e-10	80.5	7962	N/A
72_8_2191_32066_3956/1	gi|685042161|emb|LN590686.1|	95.455	44	0	2	67	108	28125758	28125801	3.68e-07	69.4	7962	N/A
72_8_2191_32066_3956/1	gi|685042161|emb|LN590686.1|	95.349	43	0	2	68	108	4545830	4545872	1.32e-06	67.6	7962	N/A
72_8_2191_32066_3956/1	gi|685042161|emb|LN590686.1|	93.617	47	0	3	65	108	6380189	6380235	1.32e-06	67.6	7962	N/A
72_8_2191_32066_3956/1	gi|685042161|emb|LN590686.1|	95.238	42	0	2	69	108	12304839	12304798	4.76e-06	65.8	7962	N/A
72_8_2191_32066_3956/1	gi|685042161|emb|LN590686.1|	95.238	42	0	2	69	108	17091846	17091887	4.76e-06	65.8	7962	N/A
72_8_2191_32066_3956/1	gi|685042161|emb|LN590686.1|	94.872	39	0	2	72	108	12436830	12436868	2.21e-04	60.2	7962	N/A
72_8_2191_32066_3956/1	gi|2557643774|emb|OY673254.1|	95.652	46	2	0	69	114	21732	21777	7.91e-09	75.0	2697049	N/A
72_8_2191_32066_3956/1	gi|2463378371|dbj|AP027461.1|	95.652	46	2	0	69	114	1299632	1299677	7.91e-09	75.0	511145	N/A
72_8_2191_32066_3956/1	gi|2463378371|dbj|AP027461.1|	95.652	46	2	0	69	114	1628404	1628359	7.91e-09	75.0	511145	N/A
72_8_2191_32066_3956/1	gi|685046059|emb|LN594584.1|	92.593	54	1	3	57	108	7181	7129	7.91e-09	75.0	7962	N/A
72_8_1225_11326_17641/1	gi|2978724457|gb|PV611058.1|	91.803	61	1	3	78	135	295784	295843	4.72e-11	82.4	3421660	N/A
72_8_1225_11326_17641/1	gi|2978724457|gb|PV611058.1|	91.667	60	1	3	78	134	295321	295379	1.70e-10	80.5	3421660	N/A
72_8_1225_11326_17641/1	gi|685042175|emb|LN590700.1|	95.833	48	0	2	72	117	15778532	15778579	2.20e-09	76.8	7962	N/A
72_8_1225_11326_17641/1	gi|685042175|emb|LN590700.1|	95.349	43	0	2	78	118	14033941	14033899	1.32e-06	67.6	7962	N/A
72_8_1225_11326_17641/1	gi|2557643774|emb|OY673254.1|	95.652	46	2	0	78	123	21732	21777	7.91e-09	75.0	2697049	N/A
72_8_1225_11326_17641/1	gi|2463378371|dbj|AP027461.1|	93.878	49	3	0	75	123	1299629	1299677	7.91e-09	75.0	511145	N/A
72_8_1225_11326_17641/1	gi|2463378371|dbj|AP027461.1|	95.652	46	2	0	78	123	1628404	1628359	7.91e-09	75.0	511145	N/A
72_8_1225_11326_17641/1	gi|685047827|emb|LN596339.1|	94.000	50	1	2	70	117	601778	601827	7.91e-09	75.0	7962	N/A
72_8_1210_14109_22040/1	gi|2991388636|dbj|AP040949.1|	94.737	38	2	0	81	118	4537862	4537899	2.21e-04	60.2	573	N/A
72_8_1397_50597_23034/1	gi|2978724457|gb|PV611058.1|	91.549	71	2	3	64	131	295316	295385	6.07e-15	95.3	3421660	N/A
72_8_1397_50597_23034/1	gi|2978724457|gb|PV611058.1|	90.769	65	2	3	64	125	295779	295842	1.31e-11	84.2	3421660	N/A
72_8_1397_50597_23034/1	gi|685042161|emb|LN590686.1|	94.444	54	0	3	57	108	20813819	20813871	1.70e-10	80.5	7962	N/A
72_8_1397_50597_23034/1	gi|685042161|emb|LN590686.1|	95.349	43	0	2	68	108	12304840	12304798	1.32e-06	67.6	7962	N/A
72_8_1397_50597_23034/1	gi|685042161|emb|LN590686.1|	95.238	42	0	2	69	108	4545831	4545872	4.76e-06	65.8	7962	N/A
72_8_1397_50597_23034/1	gi|685042161|emb|LN590686.1|	95.238	42	0	2	69	108	6380194	6380235	4.76e-06	65.8	7962	N/A
72_8_1397_50597_23034/1	gi|685042161|emb|LN590686.1|	95.238	42	0	2	69	108	17091846	17091887	4.76e-06	65.8	7962	N/A
72_8_1397_50597_23034/1	gi|685042161|emb|LN590686.1|	95.238	42	0	2	69	108	28125760	28125801	4.76e-06	65.8	7962	N/A
72_8_1397_50597_23034/1	gi|685042161|emb|LN590686.1|	94.872	39	0	2	72	108	12436830	12436868	2.21e-04	60.2	7962	N/A
72_8_1397_50597_23034/1	gi|2557643774|emb|OY673254.1|	95.652	46	2	0	69	114	21732	21777	7.91e-09	75.0	2697049	N/A
72_8_1397_50597_23034/1	gi|2463378371|dbj|AP027461.1|	95.652	46	2	0	69	114	1299632	1299677	7.91e-09	75.0	511145	N/A
72_8_1397_50597_23034/1	gi|2463378371|dbj|AP027461.1|	95.652	46	2	0	69	114	1628404	1628359	7.91e-09	75.0	511145	N/A
72_8_1397_50597_23034/1	gi|2557649546|emb|OY678249.1|	100.000	39	0	0	65	103	10396	10434	2.84e-08	73.1	2697049	N/A
72_8_1316_5273_12851/1	gi|685049067|emb|LN597579.1|	100.000	33	0	0	105	137	1397	1429	6.15e-05	62.1	7962	N/A
72_8_1316_5273_12851/1	gi|685042185|emb|LN590710.1|	91.304	46	3	1	92	137	9162072	9162116	6.15e-05	62.1	7962	N/A
72_8_1316_5273_12851/1	gi|685042185|emb|LN590710.1|	100.000	28	0	0	110	137	3790452	3790425	0.037	52.8	7962	N/A
72_8_1316_5273_12851/1	gi|685042185|emb|LN590710.1|	96.774	31	1	0	107	137	6008691	6008721	0.037	52.8	7962	N/A
72_8_1316_5273_12851/1	gi|685042185|emb|LN590710.1|	90.244	41	2	1	99	137	10218490	10218530	0.037	52.8	7962	N/A
72_8_1316_5273_12851/1	gi|685049565|emb|LN598077.1|	100.000	32	0	0	106	137	26370	26339	2.21e-04	60.2	7962	N/A
72_8_1316_5273_12851/1	gi|685045865|emb|LN594390.1|	100.000	32	0	0	106	137	110098	110067	2.21e-04	60.2	7962	N/A
72_8_1316_5273_12851/1	gi|685043901|emb|LN592426.1|	97.222	36	0	1	102	137	375100	375134	2.21e-04	60.2	7962	N/A
72_8_2255_8938_14574/1	gi|2978724457|gb|PV611058.1|	92.553	94	5	2	46	137	295321	295414	1.29e-26	134	3421660	N/A
72_8_2255_8938_14574/1	gi|2978724457|gb|PV611058.1|	91.525	59	3	2	46	102	295784	295842	1.70e-10	80.5	3421660	N/A
72_8_2255_8938_14574/1	gi|2830983252|gb|CP170844.1|	84.211	95	11	2	45	135	4083424	4083330	2.82e-13	89.8	573	N/A
72_8_2255_8938_14574/1	gi|2924925013|gb|PQ571295.1|	100.000	40	0	0	43	82	226	265	7.91e-09	75.0	3385244	N/A
72_8_2255_8938_14574/1	gi|2557643774|emb|OY673254.1|	95.652	46	2	0	46	91	21732	21777	7.91e-09	75.0	2697049	N/A
72_8_2255_8938_14574/1	gi|2755084565|gb|PP943426.1|	92.157	51	2	2	46	94	121082	121032	1.02e-07	71.3	10258	N/A
72_8_1181_7158_14602/1	gi|2978724457|gb|PV611058.1|	89.855	69	3	3	72	137	295321	295388	3.65e-12	86.1	3421660	N/A
72_8_1181_7158_14602/1	gi|2978724457|gb|PV611058.1|	90.164	61	1	4	72	129	295784	295842	7.91e-09	75.0	3421660	N/A
72_8_1181_7158_14602/1	gi|2557643774|emb|OY673254.1|	95.652	46	2	0	72	117	21732	21777	7.91e-09	75.0	2697049	N/A
72_8_1181_7158_14602/1	gi|2463378371|dbj|AP027461.1|	95.652	46	2	0	72	117	1299632	1299677	7.91e-09	75.0	511145	N/A
72_8_1181_7158_14602/1	gi|2463378371|dbj|AP027461.1|	95.652	46	2	0	72	117	1628404	1628359	7.91e-09	75.0	511145	N/A
72_8_1181_7158_14602/1	gi|2557638192|emb|OY694677.1|	89.831	59	3	3	60	117	4290	4346	2.84e-08	73.1	2697049	N/A
72_8_1181_7158_14602/1	gi|2165836832|emb|OV197136.1|	93.878	49	1	2	70	117	118	71	2.84e-08	73.1	2697049	N/A
72_8_1341_31742_2471/1	gi|2978724457|gb|PV611058.1|	89.000	100	7	3	41	137	295321	295419	1.00e-22	121	3421660	N/A
72_8_1341_31742_2471/1	gi|2978724457|gb|PV611058.1|	91.667	60	1	3	41	97	295784	295842	1.70e-10	80.5	3421660	N/A
72_8_1341_31742_2471/1	gi|2830983252|gb|CP170844.1|	88.298	94	8	2	41	131	4083423	4083330	2.17e-19	110	573	N/A
72_8_1341_31742_2471/1	gi|685042185|emb|LN590710.1|	97.727	44	1	0	31	74	9162079	9162122	2.20e-09	76.8	7962	N/A
72_8_1341_31742_2471/1	gi|685042185|emb|LN590710.1|	95.238	42	0	2	41	80	3790452	3790411	4.76e-06	65.8	7962	N/A
72_8_1341_31742_2471/1	gi|685042185|emb|LN590710.1|	95.238	42	0	2	41	80	6008694	6008735	4.76e-06	65.8	7962	N/A
72_8_1341_31742_2471/1	gi|685042185|emb|LN590710.1|	95.238	42	0	2	41	80	10218503	10218544	4.76e-06	65.8	7962	N/A
72_8_1341_31742_2471/1	gi|2557643774|emb|OY673254.1|	95.652	46	2	0	41	86	21732	21777	7.91e-09	75.0	2697049	N/A
72_8_1341_31742_2471/1	gi|2463378371|dbj|AP027461.1|	95.652	46	2	0	41	86	1299632	1299677	7.91e-09	75.0	511145	N/A
72_8_1341_31742_2471/1	gi|2463378371|dbj|AP027461.1|	95.652	46	2	0	41	86	1628404	1628359	7.91e-09	75.0	511145	N/A
72_8_2355_13583_25836/1	gi|2724827940|ref|NC_088474.1|	98.113	53	1	0	2	54	16083	16135	2.18e-14	93.5	1439916	N/A
72_8_2355_13583_25836/1	gi|2701784733|gb|OR911481.1|	98.113	53	1	0	2	54	15863	15915	2.18e-14	93.5	39414	N/A
72_8_2355_13583_25836/1	gi|2724827759|ref|NC_088472.1|	98.113	53	1	0	2	54	16059	16111	2.18e-14	93.5	2675945	N/A
72_8_2355_13583_25836/1	gi|2724827388|ref|NC_088468.1|	98.113	53	1	0	2	54	15827	15879	2.18e-14	93.5	197803	N/A
72_8_2355_13583_25836/1	gi|2724826922|ref|NC_088463.1|	98.113	53	1	0	2	54	15913	15965	2.18e-14	93.5	197795	N/A
72_8_2386_16108_20513/1	gi|2991388621|dbj|AP040934.1|	97.727	44	1	0	84	127	146941	146984	2.20e-09	76.8	562	N/A
72_8_2386_16108_20513/1	gi|2991388621|dbj|AP040934.1|	100.000	34	0	0	94	127	4900948	4900915	1.71e-05	63.9	562	N/A
72_8_2386_16108_20513/1	gi|2557643774|emb|OY673254.1|	95.652	46	2	0	92	137	21732	21777	7.91e-09	75.0	2697049	N/A
72_8_2386_16108_20513/1	gi|2463378371|dbj|AP027461.1|	95.652	46	2	0	92	137	1299632	1299677	7.91e-09	75.0	511145	N/A
72_8_2386_16108_20513/1	gi|2463378371|dbj|AP027461.1|	95.652	46	2	0	92	137	1628404	1628359	7.91e-09	75.0	511145	N/A
72_8_2386_16108_20513/1	gi|1084358394|gb|KT895870.1|	100.000	39	0	0	87	125	47	9	2.84e-08	73.1	29730	N/A
72_8_2386_16108_20513/1	gi|2557638192|emb|OY694677.1|	93.878	49	1	2	90	137	4299	4346	2.84e-08	73.1	2697049	N/A
72_8_1169_48445_14461/1	gi|2978724457|gb|PV611058.1|	90.551	127	7	4	14	137	295320	295444	1.64e-35	163	3421660	N/A
72_8_1169_48445_14461/1	gi|2978724457|gb|PV611058.1|	90.323	62	1	4	14	72	295783	295842	2.20e-09	76.8	3421660	N/A
72_8_1169_48445_14461/1	gi|2830983252|gb|CP170844.1|	84.536	97	10	4	15	109	4083423	4083330	7.85e-14	91.6	573	N/A
72_8_1169_48445_14461/1	gi|2710394916|tpg|BK066886.1|	97.778	45	0	1	5	48	29303	29347	2.20e-09	76.8	3116700	N/A
72_8_1169_48445_14461/1	gi|2557643774|emb|OY673254.1|	91.228	57	4	1	5	60	21721	21777	2.20e-09	76.8	2697049	N/A
72_8_1169_48445_14461/1	gi|685042802|emb|LN591327.1|	94.231	52	0	3	5	54	61998	62048	2.20e-09	76.8	7962	N/A
72_8_2202_16278_6015/1	gi|2978724457|gb|PV611058.1|	87.654	81	6	3	60	137	295321	295400	7.85e-14	91.6	3421660	N/A
72_8_2202_16278_6015/1	gi|2978724457|gb|PV611058.1|	91.667	60	1	3	60	116	295784	295842	1.70e-10	80.5	3421660	N/A
72_8_2202_16278_6015/1	gi|2830983252|gb|CP170844.1|	85.185	81	9	2	60	137	4083423	4083343	1.70e-10	80.5	573	N/A
72_8_2202_16278_6015/1	gi|2557643774|emb|OY673254.1|	95.652	46	2	0	60	105	21732	21777	7.91e-09	75.0	2697049	N/A
72_8_2202_16278_6015/1	gi|2463378371|dbj|AP027461.1|	93.878	49	3	0	57	105	1299629	1299677	7.91e-09	75.0	511145	N/A
72_8_2202_16278_6015/1	gi|2463378371|dbj|AP027461.1|	95.652	46	2	0	60	105	1628404	1628359	7.91e-09	75.0	511145	N/A
72_8_2202_16278_6015/1	gi|685047827|emb|LN596339.1|	94.000	50	1	2	52	99	601778	601827	7.91e-09	75.0	7962	N/A
72_8_2259_7733_2625/1	gi|2978724457|gb|PV611058.1|	91.339	127	3	6	14	137	295323	295444	1.27e-36	167	3421660	N/A
72_8_2259_7733_2625/1	gi|2978724457|gb|PV611058.1|	91.379	58	1	3	14	68	295786	295842	2.20e-09	76.8	3421660	N/A
72_8_2259_7733_2625/1	gi|2830983252|gb|CP170844.1|	86.022	93	10	2	14	104	4083421	4083330	1.69e-15	97.1	573	N/A
72_8_2259_7733_2625/1	gi|2557643774|emb|OY673254.1|	95.455	44	2	0	14	57	21734	21777	1.02e-07	71.3	2697049	N/A
72_8_2259_7733_2625/1	gi|2463378371|dbj|AP027461.1|	95.455	44	2	0	14	57	1299634	1299677	1.02e-07	71.3	511145	N/A
72_8_2259_7733_2625/1	gi|2463378371|dbj|AP027461.1|	95.455	44	2	0	14	57	1628402	1628359	1.02e-07	71.3	511145	N/A
72_8_2259_7733_2625/1	gi|2755084441|gb|PP943425.1|	80.899	89	15	2	14	101	67823	67736	3.68e-07	69.4	10258	N/A
72_8_2259_7733_2625/1	gi|2755084441|gb|PP943425.1|	90.196	51	2	3	8	56	67586	67635	1.71e-05	63.9	10258	N/A
72_8_1377_42772_3886/1	gi|685048206|emb|LN596718.1|	97.436	39	1	0	11	49	51897	51935	1.32e-06	67.6	7962	N/A
72_8_1377_42772_3886/1	gi|2165834303|emb|OV196009.1|	91.489	47	4	0	14	60	116	70	4.76e-06	65.8	2697049	N/A
72_8_1377_42772_3886/1	gi|2165834303|emb|OV196009.1|	95.122	41	2	0	14	54	29911	29951	4.76e-06	65.8	2697049	N/A
72_8_1377_42772_3886/1	gi|2059855482|tpg|BK040575.1|	95.122	41	2	0	10	50	42	2	4.76e-06	65.8	2832643	N/A
72_8_1377_42772_3886/1	gi|2924925013|gb|PQ571295.1|	97.297	37	1	0	13	49	227	263	1.71e-05	63.9	3385244	N/A
72_8_1377_42772_3886/1	gi|2557648311|emb|OY677105.1|	97.297	37	1	0	13	49	9642	9678	1.71e-05	63.9	2697049	N/A
72_8_2208_34939_29464/1	gi|2978724457|gb|PV611058.1|	92.126	127	5	4	14	137	295320	295444	7.58e-39	174	3421660	N/A
72_8_2208_34939_29464/1	gi|2978724457|gb|PV611058.1|	91.803	61	1	3	14	71	295783	295842	4.72e-11	82.4	3421660	N/A
72_8_2208_34939_29464/1	gi|2830983252|gb|CP170844.1|	83.333	96	12	2	15	108	4083423	4083330	3.65e-12	86.1	573	N/A
72_8_2208_34939_29464/1	gi|685042161|emb|LN590686.1|	94.231	52	0	3	5	54	20813821	20813871	2.20e-09	76.8	7962	N/A
72_8_2208_34939_29464/1	gi|685042161|emb|LN590686.1|	95.455	44	0	2	13	54	6380192	6380235	3.68e-07	69.4	7962	N/A
72_8_2208_34939_29464/1	gi|685042161|emb|LN590686.1|	95.238	42	0	2	15	54	4545831	4545872	4.76e-06	65.8	7962	N/A
72_8_2208_34939_29464/1	gi|685042161|emb|LN590686.1|	95.238	42	0	2	15	54	12304839	12304798	4.76e-06	65.8	7962	N/A
72_8_2208_34939_29464/1	gi|685042161|emb|LN590686.1|	95.238	42	0	2	15	54	17091846	17091887	4.76e-06	65.8	7962	N/A
72_8_2208_34939_29464/1	gi|685042161|emb|LN590686.1|	95.238	42	0	2	15	54	28125760	28125801	4.76e-06	65.8	7962	N/A
72_8_2208_34939_29464/1	gi|685042161|emb|LN590686.1|	94.872	39	0	2	18	54	12436830	12436868	2.21e-04	60.2	7962	N/A
72_8_2208_34939_29464/1	gi|2557643774|emb|OY673254.1|	95.652	46	2	0	15	60	21732	21777	7.91e-09	75.0	2697049	N/A
72_8_2208_34939_29464/1	gi|2557638192|emb|OY694677.1|	91.228	57	2	3	5	60	4292	4346	7.91e-09	75.0	2697049	N/A
72_8_2466_13511_4754/1	gi|2701785471|gb|OR911489.1|	96.226	53	2	0	2	54	16034	16086	1.02e-12	87.9	185002	N/A
72_8_2466_13511_4754/1	gi|2830983252|gb|CP170844.1|	87.500	72	7	1	68	137	4083424	4083353	4.72e-11	82.4	573	N/A
72_8_2466_13511_4754/1	gi|2978724457|gb|PV611058.1|	90.476	63	1	4	65	124	295318	295378	6.11e-10	78.7	3421660	N/A
72_8_2466_13511_4754/1	gi|2978724457|gb|PV611058.1|	90.476	63	1	4	65	124	295781	295841	6.11e-10	78.7	3421660	N/A
72_8_2466_13511_4754/1	gi|2557643774|emb|OY673254.1|	92.593	54	3	1	62	114	21724	21777	2.20e-09	76.8	2697049	N/A
72_8_2466_13511_4754/1	gi|685042242|emb|LN590767.1|	95.833	48	0	2	63	108	603262	603215	2.20e-09	76.8	7962	N/A
72_8_2467_48655_8242/1	gi|2917067957|gb|CP143128.1|	90.278	72	7	0	4	75	12207412	12207341	6.07e-15	95.3	83309	N/A
72_8_2467_48655_8242/1	gi|2321929434|emb|OX359267.1|	84.615	78	12	0	4	81	5982877	5982800	6.11e-10	78.7	4052	N/A
72_8_2467_48655_8242/1	gi|2557643774|emb|OY673254.1|	91.071	56	4	1	83	137	21721	21776	7.91e-09	75.0	2697049	N/A
72_8_2467_48655_8242/1	gi|685044342|emb|LN592867.1|	94.118	51	0	3	84	132	33485	33436	7.91e-09	75.0	7962	N/A
72_8_2467_48655_8242/1	gi|685042161|emb|LN590686.1|	92.593	54	1	3	81	132	20813819	20813871	7.91e-09	75.0	7962	N/A
72_8_2467_48655_8242/1	gi|685042161|emb|LN590686.1|	95.556	45	0	2	90	132	28125757	28125801	1.02e-07	71.3	7962	N/A
72_8_2467_48655_8242/1	gi|685042161|emb|LN590686.1|	95.349	43	0	2	92	132	4545830	4545872	1.32e-06	67.6	7962	N/A
72_8_2467_48655_8242/1	gi|685042161|emb|LN590686.1|	90.566	53	2	3	82	132	17091836	17091887	1.32e-06	67.6	7962	N/A
72_8_2467_48655_8242/1	gi|685042161|emb|LN590686.1|	95.238	42	0	2	93	132	6380194	6380235	4.76e-06	65.8	7962	N/A
72_8_2467_48655_8242/1	gi|685042161|emb|LN590686.1|	95.238	42	0	2	93	132	12304839	12304798	4.76e-06	65.8	7962	N/A
72_8_2467_48655_8242/1	gi|685042161|emb|LN590686.1|	94.872	39	0	2	96	132	12436830	12436868	2.21e-04	60.2	7962	N/A
72_8_2405_16982_26788/1	gi|2978724457|gb|PV611058.1|	90.278	72	3	3	69	137	295321	295391	7.85e-14	91.6	3421660	N/A
72_8_2405_16982_26788/1	gi|2978724457|gb|PV611058.1|	91.667	60	1	3	69	125	295784	295842	1.70e-10	80.5	3421660	N/A
72_8_2405_16982_26788/1	gi|2557643774|emb|OY673254.1|	95.652	46	2	0	69	114	21732	21777	7.91e-09	75.0	2697049	N/A
72_8_2405_16982_26788/1	gi|2463378371|dbj|AP027461.1|	95.652	46	2	0	69	114	1299632	1299677	7.91e-09	75.0	511145	N/A
72_8_2405_16982_26788/1	gi|2463378371|dbj|AP027461.1|	95.652	46	2	0	69	114	1628404	1628359	7.91e-09	75.0	511145	N/A
72_8_2405_16982_26788/1	gi|2165836832|emb|OV197136.1|	92.593	54	1	3	62	114	122	71	7.91e-09	75.0	2697049	N/A
72_8_2405_16982_26788/1	gi|2165834303|emb|OV196009.1|	92.453	53	3	1	62	114	121	70	7.91e-09	75.0	2697049	N/A
72_8_2405_16982_26788/1	gi|2165834303|emb|OV196009.1|	97.561	41	1	0	68	108	29911	29951	1.02e-07	71.3	2697049	N/A
72_8_1138_25892_18510/1	gi|2557638192|emb|OY694677.1|	92.308	39	1	2	73	110	4309	4346	0.010	54.7	2697049	N/A
72_8_1138_25892_18510/1	gi|2165834303|emb|OV196009.1|	92.105	38	3	0	73	110	107	70	0.010	54.7	2697049	N/A
72_8_1138_25892_18510/1	gi|2165834303|emb|OV196009.1|	96.875	32	1	0	73	104	29920	29951	0.010	54.7	2697049	N/A
72_8_1138_25892_18510/1	gi|2155043183|emb|OV015804.1|	100.000	29	0	0	73	101	29939	29911	0.010	54.7	2697049	N/A
72_8_1138_25892_18510/1	gi|2991388636|dbj|AP040949.1|	100.000	28	0	0	73	100	3527646	3527673	0.037	52.8	573	N/A
72_8_1138_25892_18510/1	gi|2991388621|dbj|AP040934.1|	100.000	28	0	0	73	100	146957	146984	0.037	52.8	562	N/A
72_8_1138_25892_18510/1	gi|2991388621|dbj|AP040934.1|	100.000	28	0	0	73	100	4900942	4900915	0.037	52.8	562	N/A
72_8_1218_18843_13061/1	gi|2978724457|gb|PV611058.1|	89.062	128	9	4	13	137	295319	295444	9.87e-33	154	3421660	N/A
72_8_1218_18843_13061/1	gi|2978724457|gb|PV611058.1|	91.935	62	1	3	13	71	295782	295842	1.31e-11	84.2	3421660	N/A
72_8_1218_18843_13061/1	gi|2830983252|gb|CP170844.1|	88.421	95	8	2	15	107	4083423	4083330	6.03e-20	111	573	N/A
72_8_1218_18843_13061/1	gi|685042175|emb|LN590700.1|	94.643	56	0	3	3	55	14033954	14033899	1.31e-11	84.2	7962	N/A
72_8_1218_18843_13061/1	gi|685042175|emb|LN590700.1|	95.238	42	0	2	15	54	15778538	15778579	4.76e-06	65.8	7962	N/A
72_8_1218_18843_13061/1	gi|1842001608|ref|NC_047813.1|	94.118	51	1	2	10	60	18488	18536	2.20e-09	76.8	1958907	N/A
72_8_1218_18843_13061/1	gi|1842001608|ref|NC_047813.1|	97.674	43	1	0	10	52	60	18	7.91e-09	75.0	1958907	N/A
72_8_1218_18843_13061/1	gi|2557643774|emb|OY673254.1|	91.228	57	4	1	5	60	21721	21777	2.20e-09	76.8	2697049	N/A
72_8_1248_14894_12977/1	gi|2830983252|gb|CP170844.1|	88.732	71	6	1	66	134	4083423	4083353	3.65e-12	86.1	573	N/A
72_8_1248_14894_12977/1	gi|2978724457|gb|PV611058.1|	90.323	62	2	3	66	124	295784	295844	6.11e-10	78.7	3421660	N/A
72_8_1248_14894_12977/1	gi|2978724457|gb|PV611058.1|	90.000	60	2	3	66	122	295321	295379	7.91e-09	75.0	3421660	N/A
72_8_1248_14894_12977/1	gi|2557643774|emb|OY673254.1|	95.652	46	2	0	66	111	21732	21777	7.91e-09	75.0	2697049	N/A
72_8_1248_14894_12977/1	gi|2463378371|dbj|AP027461.1|	93.878	49	3	0	63	111	1299629	1299677	7.91e-09	75.0	511145	N/A
72_8_1248_14894_12977/1	gi|2463378371|dbj|AP027461.1|	95.652	46	2	0	66	111	1628404	1628359	7.91e-09	75.0	511145	N/A
72_8_1248_14894_12977/1	gi|685049067|emb|LN597579.1|	100.000	40	0	0	61	100	1397	1436	7.91e-09	75.0	7962	N/A
72_8_2314_18617_10427/1	gi|780644672|ref|XM_011690559.1|	97.368	38	1	0	15	52	1038	1075	4.76e-06	65.8	64793	N/A
72_8_2314_18617_10427/1	gi|685042188|emb|LN590713.1|	97.368	38	1	0	15	52	7120048	7120085	4.76e-06	65.8	7962	N/A
72_8_2314_18617_10427/1	gi|685042180|emb|LN590705.1|	94.737	38	2	0	15	52	2155404	2155441	2.21e-04	60.2	7962	N/A
72_8_2234_20332_20485/1	gi|2978724457|gb|PV611058.1|	89.683	126	8	4	15	137	295321	295444	2.74e-33	156	3421660	N/A
72_8_2234_20332_20485/1	gi|2978724457|gb|PV611058.1|	90.476	63	1	4	15	74	295784	295844	6.11e-10	78.7	3421660	N/A
72_8_2234_20332_20485/1	gi|2830983252|gb|CP170844.1|	88.421	95	8	2	15	107	4083423	4083330	6.03e-20	111	573	N/A
72_8_2234_20332_20485/1	gi|685042185|emb|LN590710.1|	97.778	45	1	0	4	48	9162078	9162122	6.11e-10	78.7	7962	N/A
72_8_2234_20332_20485/1	gi|685042185|emb|LN590710.1|	95.238	42	0	2	15	54	3790452	3790411	4.76e-06	65.8	7962	N/A
72_8_2234_20332_20485/1	gi|685042185|emb|LN590710.1|	95.238	42	0	2	15	54	6008694	6008735	4.76e-06	65.8	7962	N/A
72_8_2234_20332_20485/1	gi|685042185|emb|LN590710.1|	95.238	42	0	2	15	54	10218503	10218544	4.76e-06	65.8	7962	N/A
72_8_2234_20332_20485/1	gi|2557643774|emb|OY673254.1|	95.652	46	2	0	15	60	21732	21777	7.91e-09	75.0	2697049	N/A
72_8_2234_20332_20485/1	gi|2463378371|dbj|AP027461.1|	95.652	46	2	0	15	60	1299632	1299677	7.91e-09	75.0	511145	N/A
72_8_2234_20332_20485/1	gi|2463378371|dbj|AP027461.1|	95.652	46	2	0	15	60	1628404	1628359	7.91e-09	75.0	511145	N/A
72_8_1336_32786_9293/1	gi|2978724457|gb|PV611058.1|	93.023	129	4	4	12	137	295318	295444	1.26e-41	183	3421660	N/A
72_8_1336_32786_9293/1	gi|2978724457|gb|PV611058.1|	90.476	63	2	3	12	71	295781	295842	1.70e-10	80.5	3421660	N/A
72_8_1336_32786_9293/1	gi|2830983252|gb|CP170844.1|	85.263	95	10	2	14	104	4083424	4083330	6.07e-15	95.3	573	N/A
72_8_1336_32786_9293/1	gi|2557643774|emb|OY673254.1|	95.652	46	2	0	15	60	21732	21777	7.91e-09	75.0	2697049	N/A
72_8_1336_32786_9293/1	gi|2463378371|dbj|AP027461.1|	95.652	46	2	0	15	60	1299632	1299677	7.91e-09	75.0	511145	N/A
72_8_1336_32786_9293/1	gi|2463378371|dbj|AP027461.1|	95.652	46	2	0	15	60	1628404	1628359	7.91e-09	75.0	511145	N/A
72_8_1336_32786_9293/1	gi|685042185|emb|LN590710.1|	95.652	46	0	2	4	48	9162078	9162122	2.84e-08	73.1	7962	N/A
72_8_1336_32786_9293/1	gi|685042185|emb|LN590710.1|	93.750	48	0	3	9	54	10218498	10218544	3.68e-07	69.4	7962	N/A
72_8_1336_32786_9293/1	gi|685042185|emb|LN590710.1|	93.478	46	0	3	11	54	3790455	3790411	4.76e-06	65.8	7962	N/A
72_8_1336_32786_9293/1	gi|685042185|emb|LN590710.1|	93.478	46	0	3	11	54	6008691	6008735	4.76e-06	65.8	7962	N/A
72_8_2482_21222_24183/1	gi|2557638192|emb|OY694677.1|	92.308	39	1	2	39	76	4309	4346	0.010	54.7	2697049	N/A
72_8_2482_21222_24183/1	gi|2165834303|emb|OV196009.1|	92.105	38	3	0	39	76	107	70	0.010	54.7	2697049	N/A
72_8_2482_21222_24183/1	gi|2165834303|emb|OV196009.1|	96.875	32	1	0	39	70	29920	29951	0.010	54.7	2697049	N/A
72_8_2482_21222_24183/1	gi|2155043183|emb|OV015804.1|	100.000	29	0	0	39	67	29939	29911	0.010	54.7	2697049	N/A
72_8_2482_21222_24183/1	gi|2991388636|dbj|AP040949.1|	100.000	28	0	0	39	66	3527646	3527673	0.037	52.8	573	N/A
72_8_2482_21222_24183/1	gi|2991388621|dbj|AP040934.1|	100.000	28	0	0	39	66	146957	146984	0.037	52.8	562	N/A
72_8_2482_21222_24183/1	gi|2991388621|dbj|AP040934.1|	100.000	28	0	0	39	66	4900942	4900915	0.037	52.8	562	N/A
72_8_1415_15744_21788/1	gi|2978724457|gb|PV611058.1|	90.551	127	7	4	14	137	295320	295444	1.64e-35	163	3421660	N/A
72_8_1415_15744_21788/1	gi|2978724457|gb|PV611058.1|	91.803	61	1	3	14	71	295783	295842	4.72e-11	82.4	3421660	N/A
72_8_1415_15744_21788/1	gi|2830983252|gb|CP170844.1|	89.362	94	8	1	15	106	4083423	4083330	1.30e-21	117	573	N/A
72_8_1415_15744_21788/1	gi|685042161|emb|LN590686.1|	94.444	54	0	3	3	54	20813819	20813871	1.70e-10	80.5	7962	N/A
72_8_1415_15744_21788/1	gi|685042161|emb|LN590686.1|	95.455	44	0	2	13	54	6380192	6380235	3.68e-07	69.4	7962	N/A
72_8_1415_15744_21788/1	gi|685042161|emb|LN590686.1|	95.238	42	0	2	15	54	4545831	4545872	4.76e-06	65.8	7962	N/A
72_8_1415_15744_21788/1	gi|685042161|emb|LN590686.1|	95.238	42	0	2	15	54	12304839	12304798	4.76e-06	65.8	7962	N/A
72_8_1415_15744_21788/1	gi|685042161|emb|LN590686.1|	95.238	42	0	2	15	54	17091846	17091887	4.76e-06	65.8	7962	N/A
72_8_1415_15744_21788/1	gi|685042161|emb|LN590686.1|	95.238	42	0	2	15	54	28125760	28125801	4.76e-06	65.8	7962	N/A
72_8_1415_15744_21788/1	gi|685042161|emb|LN590686.1|	94.872	39	0	2	18	54	12436830	12436868	2.21e-04	60.2	7962	N/A
72_8_1415_15744_21788/1	gi|2557643774|emb|OY673254.1|	91.228	57	4	1	5	60	21721	21777	2.20e-09	76.8	2697049	N/A
72_8_1415_15744_21788/1	gi|2463378371|dbj|AP027461.1|	95.652	46	2	0	15	60	1299632	1299677	7.91e-09	75.0	511145	N/A
72_8_1415_15744_21788/1	gi|2463378371|dbj|AP027461.1|	95.652	46	2	0	15	60	1628404	1628359	7.91e-09	75.0	511145	N/A
72_8_1442_21231_13691/1	gi|2830983252|gb|CP170844.1|	85.393	89	11	1	51	137	4083423	4083335	7.85e-14	91.6	573	N/A
72_8_1442_21231_13691/1	gi|2978724457|gb|PV611058.1|	92.063	63	1	3	50	109	295783	295844	3.65e-12	86.1	3421660	N/A
72_8_1442_21231_13691/1	gi|2978724457|gb|PV611058.1|	91.803	61	1	3	50	107	295320	295379	4.72e-11	82.4	3421660	N/A
72_8_1442_21231_13691/1	gi|2755084441|gb|PP943425.1|	82.955	88	10	4	51	137	67825	67742	7.91e-09	75.0	10258	N/A
72_8_1442_21231_13691/1	gi|2755084441|gb|PP943425.1|	93.478	46	1	2	51	95	67591	67635	1.32e-06	67.6	10258	N/A
72_8_1442_21231_13691/1	gi|2557643774|emb|OY673254.1|	95.652	46	2	0	51	96	21732	21777	7.91e-09	75.0	2697049	N/A
72_8_1442_21231_13691/1	gi|2557638192|emb|OY694677.1|	91.228	57	2	3	41	96	4292	4346	7.91e-09	75.0	2697049	N/A
72_8_1130_5985_28651/1	gi|2524352013|emb|OY072335.1|	95.455	44	2	0	77	120	21648	21691	1.02e-07	71.3	2697049	N/A
72_8_1130_5985_28651/1	gi|685044439|emb|LN592964.1|	93.750	48	1	2	81	126	179349	179302	1.02e-07	71.3	7962	N/A
72_8_1130_5985_28651/1	gi|685042148|emb|LN590673.1|	93.750	48	1	2	81	126	9009491	9009538	1.02e-07	71.3	7962	N/A
72_8_1130_5985_28651/1	gi|685042148|emb|LN590673.1|	93.333	45	1	2	84	126	8955770	8955814	4.76e-06	65.8	7962	N/A
72_8_1130_5985_28651/1	gi|685042148|emb|LN590673.1|	90.909	44	3	1	81	123	9322680	9322723	7.96e-04	58.4	7962	N/A
72_8_1130_5985_28651/1	gi|2557643774|emb|OY673254.1|	93.478	46	3	0	87	132	21732	21777	3.68e-07	69.4	2697049	N/A
72_8_1130_5985_28651/1	gi|2463378371|dbj|AP027461.1|	93.478	46	3	0	87	132	1299632	1299677	3.68e-07	69.4	511145	N/A
72_8_1130_5985_28651/1	gi|2463378371|dbj|AP027461.1|	93.478	46	3	0	87	132	1628404	1628359	3.68e-07	69.4	511145	N/A
72_8_1179_39090_5496/1	gi|2978724457|gb|PV611058.1|	93.798	129	3	4	12	137	295318	295444	2.71e-43	189	3421660	N/A
72_8_1179_39090_5496/1	gi|2978724457|gb|PV611058.1|	90.476	63	2	3	12	71	295781	295842	1.70e-10	80.5	3421660	N/A
72_8_1179_39090_5496/1	gi|2830983252|gb|CP170844.1|	84.211	95	12	2	14	105	4083424	4083330	2.82e-13	89.8	573	N/A
72_8_1179_39090_5496/1	gi|2557643774|emb|OY673254.1|	95.652	46	2	0	15	60	21732	21777	7.91e-09	75.0	2697049	N/A
72_8_1179_39090_5496/1	gi|2463378371|dbj|AP027461.1|	95.652	46	2	0	15	60	1299632	1299677	7.91e-09	75.0	511145	N/A
72_8_1179_39090_5496/1	gi|2463378371|dbj|AP027461.1|	95.652	46	2	0	15	60	1628404	1628359	7.91e-09	75.0	511145	N/A
72_8_1179_39090_5496/1	gi|2991388621|dbj|AP040934.1|	95.652	46	0	2	5	50	4900958	4900915	2.84e-08	73.1	562	N/A
72_8_1179_39090_5496/1	gi|2991388621|dbj|AP040934.1|	97.500	40	0	1	12	50	146945	146984	1.32e-06	67.6	562	N/A
72_8_1407_42189_20051/1	gi|2978724457|gb|PV611058.1|	93.651	126	3	4	15	137	295321	295444	1.26e-41	183	3421660	N/A
72_8_1407_42189_20051/1	gi|2978724457|gb|PV611058.1|	91.667	60	1	3	15	71	295784	295842	1.70e-10	80.5	3421660	N/A
72_8_1407_42189_20051/1	gi|2557643774|emb|OY673254.1|	95.652	46	2	0	15	60	21732	21777	7.91e-09	75.0	2697049	N/A
72_8_1407_42189_20051/1	gi|2463378371|dbj|AP027461.1|	95.652	46	2	0	15	60	1299632	1299677	7.91e-09	75.0	511145	N/A
72_8_1407_42189_20051/1	gi|2463378371|dbj|AP027461.1|	95.652	46	2	0	15	60	1628404	1628359	7.91e-09	75.0	511145	N/A
72_8_1407_42189_20051/1	gi|685043901|emb|LN592426.1|	94.118	51	0	3	6	54	375099	375148	7.91e-09	75.0	7962	N/A
72_8_1407_42189_20051/1	gi|2830983252|gb|CP170844.1|	100.000	34	0	0	15	48	4083423	4083390	1.71e-05	63.9	573	N/A
72_8_1483_47417_17193/1	gi|2438062376|gb|OM084809.1|	90.698	43	3	1	9	51	97477	97436	0.003	56.5	3024809	N/A
72_8_2248_14587_24071/1	gi|2978724457|gb|PV611058.1|	92.063	126	5	4	15	137	295321	295444	2.73e-38	172	3421660	N/A
72_8_2248_14587_24071/1	gi|2978724457|gb|PV611058.1|	91.667	60	1	3	15	71	295784	295842	1.70e-10	80.5	3421660	N/A
72_8_2248_14587_24071/1	gi|2830983252|gb|CP170844.1|	87.234	94	8	2	15	104	4083423	4083330	1.01e-17	104	573	N/A
72_8_2248_14587_24071/1	gi|685042206|emb|LN590731.1|	95.918	49	0	2	9	55	347604	347652	6.11e-10	78.7	7962	N/A
72_8_2248_14587_24071/1	gi|2557643774|emb|OY673254.1|	92.593	54	3	1	8	60	21724	21777	2.20e-09	76.8	2697049	N/A
72_8_2248_14587_24071/1	gi|2463378371|dbj|AP027461.1|	95.652	46	2	0	15	60	1299632	1299677	7.91e-09	75.0	511145	N/A
72_8_2248_14587_24071/1	gi|2463378371|dbj|AP027461.1|	95.652	46	2	0	15	60	1628404	1628359	7.91e-09	75.0	511145	N/A
72_8_1350_47911_20065/1	gi|2978724457|gb|PV611058.1|	91.379	58	1	3	72	126	295321	295377	2.20e-09	76.8	3421660	N/A
72_8_1350_47911_20065/1	gi|2978724457|gb|PV611058.1|	90.323	62	1	4	72	130	295784	295843	2.20e-09	76.8	3421660	N/A
72_8_1350_47911_20065/1	gi|2557643774|emb|OY673254.1|	95.652	46	2	0	72	117	21732	21777	7.91e-09	75.0	2697049	N/A
72_8_1350_47911_20065/1	gi|2463378371|dbj|AP027461.1|	95.652	46	2	0	72	117	1299632	1299677	7.91e-09	75.0	511145	N/A
72_8_1350_47911_20065/1	gi|2463378371|dbj|AP027461.1|	95.652	46	2	0	72	117	1628404	1628359	7.91e-09	75.0	511145	N/A
72_8_1350_47911_20065/1	gi|2924925013|gb|PQ571295.1|	100.000	39	0	0	68	106	225	263	2.84e-08	73.1	3385244	N/A
72_8_1350_47911_20065/1	gi|2755084441|gb|PP943425.1|	93.878	49	1	2	69	116	67588	67635	2.84e-08	73.1	10258	N/A
72_8_1350_47911_20065/1	gi|2755084441|gb|PP943425.1|	93.617	47	1	2	72	117	67825	67780	3.68e-07	69.4	10258	N/A
72_8_1355_9885_1588/1	gi|2978724457|gb|PV611058.1|	92.063	126	5	4	15	137	295321	295444	2.73e-38	172	3421660	N/A
72_8_1355_9885_1588/1	gi|2978724457|gb|PV611058.1|	91.667	60	1	3	15	71	295784	295842	1.70e-10	80.5	3421660	N/A
72_8_1355_9885_1588/1	gi|2830983252|gb|CP170844.1|	87.500	96	8	2	13	104	4083425	4083330	7.79e-19	108	573	N/A
72_8_1355_9885_1588/1	gi|2524352013|emb|OY072335.1|	97.727	44	1	0	5	48	21648	21691	2.20e-09	76.8	2697049	N/A
72_8_1355_9885_1588/1	gi|2557643774|emb|OY673254.1|	95.652	46	2	0	15	60	21732	21777	7.91e-09	75.0	2697049	N/A
72_8_1355_9885_1588/1	gi|2463378371|dbj|AP027461.1|	95.652	46	2	0	15	60	1299632	1299677	7.91e-09	75.0	511145	N/A
72_8_1355_9885_1588/1	gi|2463378371|dbj|AP027461.1|	95.652	46	2	0	15	60	1628404	1628359	7.91e-09	75.0	511145	N/A
72_8_1206_19345_22586/1	gi|2978724457|gb|PV611058.1|	92.857	126	4	4	15	137	295321	295444	5.86e-40	178	3421660	N/A
72_8_1206_19345_22586/1	gi|2978724457|gb|PV611058.1|	91.667	60	1	3	15	71	295784	295842	1.70e-10	80.5	3421660	N/A
72_8_1206_19345_22586/1	gi|2830983252|gb|CP170844.1|	86.170	94	9	2	15	104	4083423	4083330	4.69e-16	99.0	573	N/A
72_8_1206_19345_22586/1	gi|2557643774|emb|OY673254.1|	95.652	46	2	0	15	60	21732	21777	7.91e-09	75.0	2697049	N/A
72_8_1206_19345_22586/1	gi|2463378371|dbj|AP027461.1|	95.652	46	2	0	15	60	1299632	1299677	7.91e-09	75.0	511145	N/A
72_8_1206_19345_22586/1	gi|2463378371|dbj|AP027461.1|	95.652	46	2	0	15	60	1628404	1628359	7.91e-09	75.0	511145	N/A
72_8_1206_19345_22586/1	gi|685042524|emb|LN591049.1|	95.745	47	0	2	10	54	341738	341692	7.91e-09	75.0	7962	N/A
72_8_2198_19272_1644/1	gi|2978724457|gb|PV611058.1|	93.827	81	1	3	60	137	295321	295400	3.60e-22	119	3421660	N/A
72_8_2198_19272_1644/1	gi|2978724457|gb|PV611058.1|	91.667	60	1	3	60	116	295784	295842	1.70e-10	80.5	3421660	N/A
72_8_2198_19272_1644/1	gi|2557643774|emb|OY673254.1|	95.652	46	2	0	60	105	21732	21777	7.91e-09	75.0	2697049	N/A
72_8_2198_19272_1644/1	gi|2463378371|dbj|AP027461.1|	95.652	46	2	0	60	105	1299632	1299677	7.91e-09	75.0	511145	N/A
72_8_2198_19272_1644/1	gi|2463378371|dbj|AP027461.1|	95.652	46	2	0	60	105	1628404	1628359	7.91e-09	75.0	511145	N/A
72_8_2198_19272_1644/1	gi|2830983252|gb|CP170844.1|	88.525	61	5	1	58	116	4083425	4083365	2.84e-08	73.1	573	N/A
72_8_2198_19272_1644/1	gi|2557638192|emb|OY694677.1|	89.831	59	3	3	48	105	4290	4346	2.84e-08	73.1	2697049	N/A
72_8_2341_21805_7878/1	gi|2978724457|gb|PV611058.1|	89.147	129	6	5	12	137	295321	295444	9.87e-33	154	3421660	N/A
72_8_2341_21805_7878/1	gi|2978724457|gb|PV611058.1|	91.667	60	1	3	12	68	295784	295842	1.70e-10	80.5	3421660	N/A
72_8_2341_21805_7878/1	gi|2830983252|gb|CP170844.1|	89.474	95	7	2	12	104	4083423	4083330	1.30e-21	117	573	N/A
72_8_2341_21805_7878/1	gi|2557643774|emb|OY673254.1|	95.652	46	2	0	12	57	21732	21777	7.91e-09	75.0	2697049	N/A
72_8_2341_21805_7878/1	gi|2463378371|dbj|AP027461.1|	92.453	53	2	2	7	57	1299625	1299677	7.91e-09	75.0	511145	N/A
72_8_2341_21805_7878/1	gi|2463378371|dbj|AP027461.1|	95.652	46	2	0	12	57	1628404	1628359	7.91e-09	75.0	511145	N/A
72_8_2341_21805_7878/1	gi|2560502367|emb|OY629453.1|	100.000	38	0	0	10	47	5916	5953	1.02e-07	71.3	2697049	N/A
72_8_1326_37876_13901/1	gi|2830983252|gb|CP170844.1|	89.130	92	8	1	48	137	4083423	4083332	1.68e-20	113	573	N/A
72_8_1326_37876_13901/1	gi|2978724457|gb|PV611058.1|	87.097	93	8	3	48	137	295321	295412	3.63e-17	102	3421660	N/A
72_8_1326_37876_13901/1	gi|2978724457|gb|PV611058.1|	91.667	60	1	3	48	104	295784	295842	1.70e-10	80.5	3421660	N/A
72_8_1326_37876_13901/1	gi|2524352013|emb|OY072335.1|	97.727	44	1	0	38	81	21648	21691	2.20e-09	76.8	2697049	N/A
72_8_1326_37876_13901/1	gi|685046795|emb|LN595320.1|	95.833	48	0	2	42	87	140295	140342	2.20e-09	76.8	7962	N/A
72_8_1326_37876_13901/1	gi|685045018|emb|LN593543.1|	95.833	48	0	2	42	87	140101	140148	2.20e-09	76.8	7962	N/A
72_8_1204_50945_4810/1	gi|685047827|emb|LN596339.1|	97.619	42	1	0	7	48	601778	601819	2.84e-08	73.1	7962	N/A
72_8_1204_50945_4810/1	gi|685042188|emb|LN590713.1|	97.500	40	1	0	13	52	7120046	7120085	3.68e-07	69.4	7962	N/A
72_8_1204_50945_4810/1	gi|685042185|emb|LN590710.1|	97.500	40	1	0	9	48	10218497	10218536	3.68e-07	69.4	7962	N/A
72_8_1204_50945_4810/1	gi|685042185|emb|LN590710.1|	97.297	37	1	0	12	48	3790455	3790419	1.71e-05	63.9	7962	N/A
72_8_1204_50945_4810/1	gi|685042185|emb|LN590710.1|	97.297	37	1	0	12	48	6008691	6008727	1.71e-05	63.9	7962	N/A
72_8_1204_50945_4810/1	gi|2056808531|tpg|BK057475.1|	97.436	39	1	0	10	48	55	17	1.32e-06	67.6	2832643	N/A
72_8_1204_50945_4810/1	gi|685045086|emb|LN593611.1|	97.368	38	1	0	11	48	17883	17920	4.76e-06	65.8	7962	N/A
72_8_1482_6292_9825/1	gi|2978724457|gb|PV611058.1|	93.077	130	1	5	1	127	295320	295444	1.26e-41	183	3421660	N/A
72_8_1482_6292_9825/1	gi|2978724457|gb|PV611058.1|	91.803	61	1	3	1	58	295783	295842	4.72e-11	82.4	3421660	N/A
72_8_1482_6292_9825/1	gi|2830983252|gb|CP170844.1|	86.170	94	11	1	2	93	4083423	4083330	1.30e-16	100	573	N/A
72_8_1482_6292_9825/1	gi|2557643774|emb|OY673254.1|	95.652	46	2	0	2	47	21732	21777	7.91e-09	75.0	2697049	N/A
72_8_1482_6292_9825/1	gi|2463378371|dbj|AP027461.1|	95.652	46	2	0	2	47	1299632	1299677	7.91e-09	75.0	511145	N/A
72_8_1482_6292_9825/1	gi|2463378371|dbj|AP027461.1|	95.652	46	2	0	2	47	1628404	1628359	7.91e-09	75.0	511145	N/A
72_8_1482_6292_9825/1	gi|2560250289|emb|OY708460.1|	93.750	48	1	2	1	47	6489	6535	1.02e-07	71.3	2697049	N/A
72_8_1379_3800_28455/1	gi|2978724457|gb|PV611058.1|	94.444	126	2	4	15	137	295321	295444	2.71e-43	189	3421660	N/A
72_8_1379_3800_28455/1	gi|2978724457|gb|PV611058.1|	91.667	60	1	3	15	71	295784	295842	1.70e-10	80.5	3421660	N/A
72_8_1379_3800_28455/1	gi|2830983252|gb|CP170844.1|	84.043	94	7	2	15	100	4083423	4083330	1.31e-11	84.2	573	N/A
72_8_1379_3800_28455/1	gi|2557643774|emb|OY673254.1|	95.652	46	2	0	15	60	21732	21777	7.91e-09	75.0	2697049	N/A
72_8_1379_3800_28455/1	gi|2463378371|dbj|AP027461.1|	93.878	49	3	0	12	60	1299629	1299677	7.91e-09	75.0	511145	N/A
72_8_1379_3800_28455/1	gi|2463378371|dbj|AP027461.1|	95.652	46	2	0	15	60	1628404	1628359	7.91e-09	75.0	511145	N/A
72_8_1379_3800_28455/1	gi|685049067|emb|LN597579.1|	100.000	40	0	0	10	49	1397	1436	7.91e-09	75.0	7962	N/A
72_8_1319_3185_3241/1	gi|2978724457|gb|PV611058.1|	89.516	124	8	4	17	137	295323	295444	3.55e-32	152	3421660	N/A
72_8_1319_3185_3241/1	gi|2978724457|gb|PV611058.1|	91.379	58	1	3	17	71	295786	295842	2.20e-09	76.8	3421660	N/A
72_8_1319_3185_3241/1	gi|2830983252|gb|CP170844.1|	88.172	93	8	2	17	107	4083421	4083330	7.79e-19	108	573	N/A
72_8_1319_3185_3241/1	gi|2557643774|emb|OY673254.1|	95.455	44	2	0	17	60	21734	21777	1.02e-07	71.3	2697049	N/A
72_8_1319_3185_3241/1	gi|2463378371|dbj|AP027461.1|	95.455	44	2	0	17	60	1299634	1299677	1.02e-07	71.3	511145	N/A
72_8_1319_3185_3241/1	gi|2463378371|dbj|AP027461.1|	95.455	44	2	0	17	60	1628402	1628359	1.02e-07	71.3	511145	N/A
72_8_1319_3185_3241/1	gi|685044439|emb|LN592964.1|	93.750	48	0	3	10	54	179349	179302	3.68e-07	69.4	7962	N/A
72_8_2319_14894_8438/1	gi|2978724457|gb|PV611058.1|	88.550	131	7	4	10	137	295319	295444	3.55e-32	152	3421660	N/A
72_8_2319_14894_8438/1	gi|2978724457|gb|PV611058.1|	91.935	62	1	3	10	68	295782	295842	1.31e-11	84.2	3421660	N/A
72_8_2319_14894_8438/1	gi|2830983252|gb|CP170844.1|	88.542	96	7	2	12	105	4083423	4083330	1.68e-20	113	573	N/A
72_8_2319_14894_8438/1	gi|2557643774|emb|OY673254.1|	92.982	57	3	1	2	57	21721	21777	4.72e-11	82.4	2697049	N/A
72_8_2319_14894_8438/1	gi|685042175|emb|LN590700.1|	94.231	52	1	2	3	52	14033950	14033899	6.11e-10	78.7	7962	N/A
72_8_2319_14894_8438/1	gi|685042175|emb|LN590700.1|	95.238	42	0	2	12	51	15778538	15778579	4.76e-06	65.8	7962	N/A
72_8_2319_14894_8438/1	gi|2560250289|emb|OY708460.1|	94.000	50	1	2	9	57	6487	6535	7.91e-09	75.0	2697049	N/A
72_8_1295_23068_4376/1	gi|2524352013|emb|OY072335.1|	97.222	36	1	0	102	137	21648	21683	6.15e-05	62.1	2697049	N/A
72_8_1295_23068_4376/1	gi|685046795|emb|LN595320.1|	100.000	32	0	0	106	137	140295	140326	2.21e-04	60.2	7962	N/A
72_8_1295_23068_4376/1	gi|685045018|emb|LN593543.1|	100.000	32	0	0	106	137	140101	140132	2.21e-04	60.2	7962	N/A
72_8_1295_23068_4376/1	gi|685042185|emb|LN590710.1|	94.444	36	2	0	102	137	9162079	9162114	0.003	56.5	7962	N/A
72_8_1295_23068_4376/1	gi|2957933123|dbj|AP038994.1|	96.774	31	1	0	103	133	6357644	6357614	0.037	52.8	84557	N/A
72_8_2237_30609_29058/1	gi|2557643774|emb|OY673254.1|	95.652	46	2	0	88	133	21732	21777	7.91e-09	75.0	2697049	N/A
72_8_2237_30609_29058/1	gi|2463378371|dbj|AP027461.1|	95.652	46	2	0	88	133	1299632	1299677	7.91e-09	75.0	511145	N/A
72_8_2237_30609_29058/1	gi|2463378371|dbj|AP027461.1|	95.652	46	2	0	88	133	1628404	1628359	7.91e-09	75.0	511145	N/A
72_8_2237_30609_29058/1	gi|2165836832|emb|OV197136.1|	93.878	49	1	2	86	133	118	71	2.84e-08	73.1	2697049	N/A
72_8_2237_30609_29058/1	gi|2165834303|emb|OV196009.1|	93.750	48	3	0	86	133	117	70	2.84e-08	73.1	2697049	N/A
72_8_2237_30609_29058/1	gi|2165834303|emb|OV196009.1|	97.561	41	1	0	87	127	29911	29951	1.02e-07	71.3	2697049	N/A
72_8_2237_30609_29058/1	gi|2165832678|emb|OV195277.1|	93.878	49	1	2	86	133	134	87	2.84e-08	73.1	2697049	N/A
72_8_2429_2918_7458/1	gi|2523339554|emb|OX941093.1|	100.000	28	0	0	65	92	33473143	33473116	0.037	52.8	143172	N/A
72_8_2467_51010_22936/1	gi|2978724457|gb|PV611058.1|	92.857	126	4	4	15	137	295321	295444	5.86e-40	178	3421660	N/A
72_8_2467_51010_22936/1	gi|2978724457|gb|PV611058.1|	88.710	62	1	5	15	73	295784	295842	1.02e-07	71.3	3421660	N/A
72_8_2467_51010_22936/1	gi|2557643774|emb|OY673254.1|	95.652	46	2	0	15	60	21732	21777	7.91e-09	75.0	2697049	N/A
72_8_2467_51010_22936/1	gi|2557638192|emb|OY694677.1|	91.228	57	2	3	5	60	4292	4346	7.91e-09	75.0	2697049	N/A
72_8_2467_51010_22936/1	gi|2463378371|dbj|AP027461.1|	95.652	46	2	0	15	60	1299632	1299677	7.91e-09	75.0	511145	N/A
72_8_2467_51010_22936/1	gi|2463378371|dbj|AP027461.1|	95.652	46	2	0	15	60	1628404	1628359	7.91e-09	75.0	511145	N/A
72_8_2467_51010_22936/1	gi|2686256159|emb|OZ008443.1|	100.000	39	0	0	9	47	1871	1909	2.84e-08	73.1	2587225	N/A
72_8_1166_7352_2023/1	gi|2978724457|gb|PV611058.1|	92.000	125	7	3	15	137	295321	295444	2.73e-38	172	3421660	N/A
72_8_1166_7352_2023/1	gi|2978724457|gb|PV611058.1|	90.000	60	3	3	15	72	295784	295842	7.91e-09	75.0	3421660	N/A
72_8_1166_7352_2023/1	gi|2830983252|gb|CP170844.1|	85.417	96	9	3	14	105	4083424	4083330	6.07e-15	95.3	573	N/A
72_8_1166_7352_2023/1	gi|2557643774|emb|OY673254.1|	91.228	57	4	1	5	60	21721	21777	2.20e-09	76.8	2697049	N/A
72_8_1166_7352_2023/1	gi|2165832678|emb|OV195277.1|	92.453	53	3	1	8	60	138	87	7.91e-09	75.0	2697049	N/A
72_8_1166_7352_2023/1	gi|2165832904|emb|OV195202.1|	97.674	43	0	1	8	50	241	200	2.84e-08	73.1	2697049	N/A
72_8_1216_31516_27012/1	gi|2978724457|gb|PV611058.1|	92.857	126	4	4	15	137	295321	295444	5.86e-40	178	3421660	N/A
72_8_1216_31516_27012/1	gi|2978724457|gb|PV611058.1|	91.667	60	1	3	15	71	295784	295842	1.70e-10	80.5	3421660	N/A
72_8_1216_31516_27012/1	gi|2830983252|gb|CP170844.1|	86.458	96	9	2	13	104	4083425	4083330	3.63e-17	102	573	N/A
72_8_1216_31516_27012/1	gi|2557643774|emb|OY673254.1|	95.652	46	2	0	15	60	21732	21777	7.91e-09	75.0	2697049	N/A
72_8_1216_31516_27012/1	gi|2463378371|dbj|AP027461.1|	95.652	46	2	0	15	60	1299632	1299677	7.91e-09	75.0	511145	N/A
72_8_1216_31516_27012/1	gi|2463378371|dbj|AP027461.1|	95.652	46	2	0	15	60	1628404	1628359	7.91e-09	75.0	511145	N/A
72_8_1216_31516_27012/1	gi|2165836832|emb|OV197136.1|	92.593	54	1	3	8	60	122	71	7.91e-09	75.0	2697049	N/A
72_8_2369_12936_28721/1	gi|2978724457|gb|PV611058.1|	88.000	100	8	3	41	137	295321	295419	4.66e-21	115	3421660	N/A
72_8_2369_12936_28721/1	gi|2978724457|gb|PV611058.1|	91.935	62	1	3	41	99	295784	295844	1.31e-11	84.2	3421660	N/A
72_8_2369_12936_28721/1	gi|2830983252|gb|CP170844.1|	86.458	96	9	3	41	134	4083423	4083330	3.63e-17	102	573	N/A
72_8_2369_12936_28721/1	gi|2524352013|emb|OY072335.1|	97.727	44	1	0	31	74	21648	21691	2.20e-09	76.8	2697049	N/A
72_8_2369_12936_28721/1	gi|685046795|emb|LN595320.1|	95.833	48	0	2	35	80	140295	140342	2.20e-09	76.8	7962	N/A
72_8_2369_12936_28721/1	gi|685045018|emb|LN593543.1|	95.833	48	0	2	35	80	140101	140148	2.20e-09	76.8	7962	N/A
72_8_2206_24824_18286/1	gi|2978724457|gb|PV611058.1|	90.476	126	7	4	15	137	295321	295444	5.90e-35	161	3421660	N/A
72_8_2206_24824_18286/1	gi|2978724457|gb|PV611058.1|	91.525	59	1	3	15	70	295784	295841	6.11e-10	78.7	3421660	N/A
72_8_2206_24824_18286/1	gi|2830983252|gb|CP170844.1|	87.368	95	9	2	15	107	4083423	4083330	2.80e-18	106	573	N/A
72_8_2206_24824_18286/1	gi|2557643774|emb|OY673254.1|	95.652	46	2	0	15	60	21732	21777	7.91e-09	75.0	2697049	N/A
72_8_2206_24824_18286/1	gi|2463378371|dbj|AP027461.1|	92.453	53	2	2	10	60	1299625	1299677	7.91e-09	75.0	511145	N/A
72_8_2206_24824_18286/1	gi|2463378371|dbj|AP027461.1|	95.652	46	2	0	15	60	1628404	1628359	7.91e-09	75.0	511145	N/A
72_8_2206_24824_18286/1	gi|2560502367|emb|OY629453.1|	100.000	38	0	0	13	50	5916	5953	1.02e-07	71.3	2697049	N/A
72_8_1271_39754_4992/1	gi|2830983252|gb|CP170844.1|	91.579	95	5	2	41	133	4083423	4083330	5.98e-25	128	573	N/A
72_8_1271_39754_4992/1	gi|2978724457|gb|PV611058.1|	84.762	105	12	3	36	137	295316	295419	3.63e-17	102	3421660	N/A
72_8_1271_39754_4992/1	gi|2978724457|gb|PV611058.1|	90.909	66	2	3	36	98	295779	295843	3.65e-12	86.1	3421660	N/A
72_8_1271_39754_4992/1	gi|685042161|emb|LN590686.1|	94.231	52	0	3	31	80	20813821	20813871	2.20e-09	76.8	7962	N/A
72_8_1271_39754_4992/1	gi|685042161|emb|LN590686.1|	95.455	44	0	2	39	80	28125758	28125801	3.68e-07	69.4	7962	N/A
72_8_1271_39754_4992/1	gi|685042161|emb|LN590686.1|	95.349	43	0	2	40	80	4545830	4545872	1.32e-06	67.6	7962	N/A
72_8_1271_39754_4992/1	gi|685042161|emb|LN590686.1|	93.617	47	0	3	37	80	6380189	6380235	1.32e-06	67.6	7962	N/A
72_8_1271_39754_4992/1	gi|685042161|emb|LN590686.1|	95.238	42	0	2	41	80	12304839	12304798	4.76e-06	65.8	7962	N/A
72_8_1271_39754_4992/1	gi|685042161|emb|LN590686.1|	95.238	42	0	2	41	80	17091846	17091887	4.76e-06	65.8	7962	N/A
72_8_1271_39754_4992/1	gi|685042161|emb|LN590686.1|	94.872	39	0	2	44	80	12436830	12436868	2.21e-04	60.2	7962	N/A
72_8_1271_39754_4992/1	gi|2557643774|emb|OY673254.1|	95.652	46	2	0	41	86	21732	21777	7.91e-09	75.0	2697049	N/A
72_8_1271_39754_4992/1	gi|2463378371|dbj|AP027461.1|	95.652	46	2	0	41	86	1299632	1299677	7.91e-09	75.0	511145	N/A
72_8_1271_39754_4992/1	gi|2463378371|dbj|AP027461.1|	95.652	46	2	0	41	86	1628404	1628359	7.91e-09	75.0	511145	N/A
72_8_1305_34081_6407/1	gi|2978724457|gb|PV611058.1|	95.798	119	1	3	2	117	295327	295444	2.71e-43	189	3421660	N/A
72_8_1305_34081_6407/1	gi|2978724457|gb|PV611058.1|	90.741	54	1	3	2	52	295790	295842	3.68e-07	69.4	3421660	N/A
72_8_1305_34081_6407/1	gi|2557643774|emb|OY673254.1|	95.000	40	2	0	2	41	21738	21777	1.71e-05	63.9	2697049	N/A
72_8_1305_34081_6407/1	gi|2463378371|dbj|AP027461.1|	95.000	40	2	0	2	41	1299638	1299677	1.71e-05	63.9	511145	N/A
72_8_1305_34081_6407/1	gi|2463378371|dbj|AP027461.1|	95.000	40	2	0	2	41	1628398	1628359	1.71e-05	63.9	511145	N/A
72_8_1305_34081_6407/1	gi|2830983252|gb|CP170844.1|	80.682	88	5	2	2	77	4083417	4083330	7.96e-04	58.4	573	N/A
72_8_1305_34081_6407/1	gi|2755084441|gb|PP943425.1|	92.683	41	1	2	2	41	67819	67780	7.96e-04	58.4	10258	N/A
72_8_1305_34081_6407/1	gi|2755084441|gb|PP943425.1|	92.500	40	1	2	2	40	67597	67635	0.003	56.5	10258	N/A
72_8_1396_36484_24967/1	gi|2978724457|gb|PV611058.1|	93.600	125	1	5	1	122	295324	295444	1.63e-40	180	3421660	N/A
72_8_1396_36484_24967/1	gi|2978724457|gb|PV611058.1|	91.228	57	1	3	1	54	295787	295842	7.91e-09	75.0	3421660	N/A
72_8_1396_36484_24967/1	gi|2830983252|gb|CP170844.1|	84.615	91	8	2	1	85	4083420	4083330	3.65e-12	86.1	573	N/A
72_8_1396_36484_24967/1	gi|2557643774|emb|OY673254.1|	95.349	43	2	0	1	43	21735	21777	3.68e-07	69.4	2697049	N/A
72_8_1396_36484_24967/1	gi|2463378371|dbj|AP027461.1|	95.349	43	2	0	1	43	1299635	1299677	3.68e-07	69.4	511145	N/A
72_8_1396_36484_24967/1	gi|2463378371|dbj|AP027461.1|	95.349	43	2	0	1	43	1628401	1628359	3.68e-07	69.4	511145	N/A
72_8_1396_36484_24967/1	gi|2755084441|gb|PP943425.1|	93.182	44	1	2	1	43	67822	67780	1.71e-05	63.9	10258	N/A
72_8_1396_36484_24967/1	gi|2755084441|gb|PP943425.1|	93.023	43	1	2	1	42	67594	67635	6.15e-05	62.1	10258	N/A
72_8_1291_29355_10133/1	gi|2978724457|gb|PV611058.1|	89.764	127	8	4	14	137	295320	295444	7.63e-34	158	3421660	N/A
72_8_1291_29355_10133/1	gi|2978724457|gb|PV611058.1|	91.803	61	1	3	14	71	295783	295842	4.72e-11	82.4	3421660	N/A
72_8_1291_29355_10133/1	gi|2830983252|gb|CP170844.1|	85.417	96	10	3	15	108	4083423	4083330	1.69e-15	97.1	573	N/A
72_8_1291_29355_10133/1	gi|2557643774|emb|OY673254.1|	92.593	54	3	1	8	60	21724	21777	2.20e-09	76.8	2697049	N/A
72_8_1291_29355_10133/1	gi|2463378371|dbj|AP027461.1|	95.652	46	2	0	15	60	1299632	1299677	7.91e-09	75.0	511145	N/A
72_8_1291_29355_10133/1	gi|2463378371|dbj|AP027461.1|	95.652	46	2	0	15	60	1628404	1628359	7.91e-09	75.0	511145	N/A
72_8_1291_29355_10133/1	gi|685042277|emb|LN590802.1|	95.745	47	0	2	10	54	1043034	1043080	7.91e-09	75.0	7962	N/A
72_8_2218_16173_6477/1	gi|2978724457|gb|PV611058.1|	91.270	126	6	4	15	137	295321	295444	1.27e-36	167	3421660	N/A
72_8_2218_16173_6477/1	gi|2978724457|gb|PV611058.1|	90.164	61	1	4	15	72	295784	295842	7.91e-09	75.0	3421660	N/A
72_8_2218_16173_6477/1	gi|2830983252|gb|CP170844.1|	86.316	95	10	2	14	105	4083424	4083330	1.30e-16	100	573	N/A
72_8_2218_16173_6477/1	gi|2557643774|emb|OY673254.1|	95.652	46	2	0	15	60	21732	21777	7.91e-09	75.0	2697049	N/A
72_8_2218_16173_6477/1	gi|2557638192|emb|OY694677.1|	91.228	57	2	3	5	60	4292	4346	7.91e-09	75.0	2697049	N/A
72_8_2218_16173_6477/1	gi|2463378371|dbj|AP027461.1|	95.652	46	2	0	15	60	1299632	1299677	7.91e-09	75.0	511145	N/A
72_8_2218_16173_6477/1	gi|2463378371|dbj|AP027461.1|	95.652	46	2	0	15	60	1628404	1628359	7.91e-09	75.0	511145	N/A
72_8_2460_50549_7878/1	gi|2978724457|gb|PV611058.1|	88.550	131	10	4	10	137	295316	295444	9.87e-33	154	3421660	N/A
72_8_2460_50549_7878/1	gi|2978724457|gb|PV611058.1|	90.625	64	2	3	10	70	295779	295841	4.72e-11	82.4	3421660	N/A
72_8_2460_50549_7878/1	gi|2830983252|gb|CP170844.1|	84.536	97	10	4	15	109	4083423	4083330	7.85e-14	91.6	573	N/A
72_8_2460_50549_7878/1	gi|685042161|emb|LN590686.1|	94.444	54	0	3	3	54	20813819	20813871	1.70e-10	80.5	7962	N/A
72_8_2460_50549_7878/1	gi|685042161|emb|LN590686.1|	95.455	44	0	2	13	54	6380192	6380235	3.68e-07	69.4	7962	N/A
72_8_2460_50549_7878/1	gi|685042161|emb|LN590686.1|	95.238	42	0	2	15	54	4545831	4545872	4.76e-06	65.8	7962	N/A
72_8_2460_50549_7878/1	gi|685042161|emb|LN590686.1|	95.238	42	0	2	15	54	12304839	12304798	4.76e-06	65.8	7962	N/A
72_8_2460_50549_7878/1	gi|685042161|emb|LN590686.1|	95.238	42	0	2	15	54	17091846	17091887	4.76e-06	65.8	7962	N/A
72_8_2460_50549_7878/1	gi|685042161|emb|LN590686.1|	95.238	42	0	2	15	54	28125760	28125801	4.76e-06	65.8	7962	N/A
72_8_2460_50549_7878/1	gi|685042161|emb|LN590686.1|	94.872	39	0	2	18	54	12436830	12436868	2.21e-04	60.2	7962	N/A
72_8_2460_50549_7878/1	gi|2557643774|emb|OY673254.1|	95.652	46	2	0	15	60	21732	21777	7.91e-09	75.0	2697049	N/A
72_8_2460_50549_7878/1	gi|2463378371|dbj|AP027461.1|	93.878	49	3	0	12	60	1299629	1299677	7.91e-09	75.0	511145	N/A
72_8_2460_50549_7878/1	gi|2463378371|dbj|AP027461.1|	95.652	46	2	0	15	60	1628404	1628359	7.91e-09	75.0	511145	N/A
72_8_1232_10444_20065/1	gi|2978724457|gb|PV611058.1|	87.970	133	9	5	10	137	295314	295444	1.28e-31	150	3421660	N/A
72_8_1232_10444_20065/1	gi|2978724457|gb|PV611058.1|	89.552	67	1	4	10	71	295777	295842	1.70e-10	80.5	3421660	N/A
72_8_1232_10444_20065/1	gi|2830983252|gb|CP170844.1|	87.500	96	8	3	15	108	4083423	4083330	7.79e-19	108	573	N/A
72_8_1232_10444_20065/1	gi|685042185|emb|LN590710.1|	97.826	46	0	1	3	48	9162078	9162122	6.11e-10	78.7	7962	N/A
72_8_1232_10444_20065/1	gi|685042185|emb|LN590710.1|	95.238	42	0	2	15	54	3790452	3790411	4.76e-06	65.8	7962	N/A
72_8_1232_10444_20065/1	gi|685042185|emb|LN590710.1|	95.238	42	0	2	15	54	6008694	6008735	4.76e-06	65.8	7962	N/A
72_8_1232_10444_20065/1	gi|685042185|emb|LN590710.1|	95.238	42	0	2	15	54	10218503	10218544	4.76e-06	65.8	7962	N/A
72_8_1232_10444_20065/1	gi|2557643774|emb|OY673254.1|	95.652	46	2	0	15	60	21732	21777	7.91e-09	75.0	2697049	N/A
72_8_1232_10444_20065/1	gi|2463378371|dbj|AP027461.1|	95.652	46	2	0	15	60	1299632	1299677	7.91e-09	75.0	511145	N/A
72_8_1232_10444_20065/1	gi|2463378371|dbj|AP027461.1|	95.652	46	2	0	15	60	1628404	1628359	7.91e-09	75.0	511145	N/A
72_8_1241_7579_3872/1	gi|2978724457|gb|PV611058.1|	92.857	126	4	4	15	137	295321	295444	5.86e-40	178	3421660	N/A
72_8_1241_7579_3872/1	gi|2978724457|gb|PV611058.1|	90.000	60	2	3	15	71	295784	295842	7.91e-09	75.0	3421660	N/A
72_8_1241_7579_3872/1	gi|2830983252|gb|CP170844.1|	82.474	97	14	2	13	107	4083425	4083330	4.72e-11	82.4	573	N/A
72_8_1241_7579_3872/1	gi|2557643774|emb|OY673254.1|	93.478	46	3	0	15	60	21732	21777	3.68e-07	69.4	2697049	N/A
72_8_1241_7579_3872/1	gi|2463378371|dbj|AP027461.1|	93.478	46	3	0	15	60	1299632	1299677	3.68e-07	69.4	511145	N/A
72_8_1241_7579_3872/1	gi|2463378371|dbj|AP027461.1|	93.478	46	3	0	15	60	1628404	1628359	3.68e-07	69.4	511145	N/A
72_8_1241_7579_3872/1	gi|685049978|emb|LN598497.1|	93.617	47	1	2	10	54	5650	5604	3.68e-07	69.4	7962	N/A
72_8_1135_47118_13817/1	gi|2978724457|gb|PV611058.1|	91.803	61	1	3	69	126	295784	295843	4.72e-11	82.4	3421660	N/A
72_8_1135_47118_13817/1	gi|2978724457|gb|PV611058.1|	91.667	60	1	3	69	125	295321	295379	1.70e-10	80.5	3421660	N/A
72_8_1135_47118_13817/1	gi|2557643774|emb|OY673254.1|	95.652	46	2	0	69	114	21732	21777	7.91e-09	75.0	2697049	N/A
72_8_1135_47118_13817/1	gi|2463378371|dbj|AP027461.1|	95.652	46	2	0	69	114	1299632	1299677	7.91e-09	75.0	511145	N/A
72_8_1135_47118_13817/1	gi|2463378371|dbj|AP027461.1|	95.652	46	2	0	69	114	1628404	1628359	7.91e-09	75.0	511145	N/A
72_8_1135_47118_13817/1	gi|685042524|emb|LN591049.1|	95.745	47	0	2	64	108	341738	341692	7.91e-09	75.0	7962	N/A
72_8_1135_47118_13817/1	gi|2302111827|emb|OX327704.1|	97.619	42	1	0	16	57	26410407	26410366	2.84e-08	73.1	2768810	N/A
72_8_1132_44188_19196/1	gi|2978724457|gb|PV611058.1|	91.667	132	1	6	1	129	295320	295444	7.58e-39	174	3421660	N/A
72_8_1132_44188_19196/1	gi|2978724457|gb|PV611058.1|	91.803	61	1	3	1	58	295783	295842	4.72e-11	82.4	3421660	N/A
72_8_1132_44188_19196/1	gi|2830983252|gb|CP170844.1|	88.298	94	8	2	2	92	4083423	4083330	2.17e-19	110	573	N/A
72_8_1132_44188_19196/1	gi|2557643774|emb|OY673254.1|	95.652	46	2	0	2	47	21732	21777	7.91e-09	75.0	2697049	N/A
72_8_1132_44188_19196/1	gi|2463378371|dbj|AP027461.1|	95.652	46	2	0	2	47	1299632	1299677	7.91e-09	75.0	511145	N/A
72_8_1132_44188_19196/1	gi|2463378371|dbj|AP027461.1|	95.652	46	2	0	2	47	1628404	1628359	7.91e-09	75.0	511145	N/A
72_8_1132_44188_19196/1	gi|2560250289|emb|OY708460.1|	93.750	48	1	2	1	47	6489	6535	1.02e-07	71.3	2697049	N/A
72_8_2160_19960_8690/1	gi|2978724457|gb|PV611058.1|	89.333	75	4	3	66	137	295318	295391	7.85e-14	91.6	3421660	N/A
72_8_2160_19960_8690/1	gi|2978724457|gb|PV611058.1|	90.476	63	2	3	66	125	295781	295842	1.70e-10	80.5	3421660	N/A
72_8_2160_19960_8690/1	gi|2557643774|emb|OY673254.1|	95.652	46	2	0	69	114	21732	21777	7.91e-09	75.0	2697049	N/A
72_8_2160_19960_8690/1	gi|2463378371|dbj|AP027461.1|	95.652	46	2	0	69	114	1299632	1299677	7.91e-09	75.0	511145	N/A
72_8_2160_19960_8690/1	gi|2463378371|dbj|AP027461.1|	95.652	46	2	0	69	114	1628404	1628359	7.91e-09	75.0	511145	N/A
72_8_2160_19960_8690/1	gi|685042161|emb|LN590686.1|	92.593	54	1	3	57	108	20813819	20813871	7.91e-09	75.0	7962	N/A
72_8_2160_19960_8690/1	gi|685042161|emb|LN590686.1|	95.349	43	0	2	68	108	12304840	12304798	1.32e-06	67.6	7962	N/A
72_8_2160_19960_8690/1	gi|685042161|emb|LN590686.1|	95.238	42	0	2	69	108	4545831	4545872	4.76e-06	65.8	7962	N/A
72_8_2160_19960_8690/1	gi|685042161|emb|LN590686.1|	95.238	42	0	2	69	108	6380194	6380235	4.76e-06	65.8	7962	N/A
72_8_2160_19960_8690/1	gi|685042161|emb|LN590686.1|	95.238	42	0	2	69	108	17091846	17091887	4.76e-06	65.8	7962	N/A
72_8_2160_19960_8690/1	gi|685042161|emb|LN590686.1|	95.238	42	0	2	69	108	28125760	28125801	4.76e-06	65.8	7962	N/A
72_8_2160_19960_8690/1	gi|685042161|emb|LN590686.1|	94.872	39	0	2	72	108	12436830	12436868	2.21e-04	60.2	7962	N/A
72_8_2160_19960_8690/1	gi|685042175|emb|LN590700.1|	89.831	59	3	3	53	109	14033956	14033899	2.84e-08	73.1	7962	N/A
72_8_2160_19960_8690/1	gi|685042175|emb|LN590700.1|	93.750	48	0	3	63	108	15778533	15778579	3.68e-07	69.4	7962	N/A
72_8_2331_24767_17711/1	gi|2978724457|gb|PV611058.1|	87.302	126	11	4	15	137	295321	295444	2.76e-28	139	3421660	N/A
72_8_2331_24767_17711/1	gi|2978724457|gb|PV611058.1|	91.935	62	1	3	15	73	295784	295844	1.31e-11	84.2	3421660	N/A
72_8_2331_24767_17711/1	gi|2830983252|gb|CP170844.1|	91.579	95	5	2	15	107	4083423	4083330	5.98e-25	128	573	N/A
72_8_2331_24767_17711/1	gi|685042160|emb|LN590685.1|	95.918	49	0	2	8	54	16867634	16867586	6.11e-10	78.7	7962	N/A
72_8_2331_24767_17711/1	gi|685042160|emb|LN590685.1|	93.750	48	1	2	9	54	850803	850850	1.02e-07	71.3	7962	N/A
72_8_2331_24767_17711/1	gi|685042160|emb|LN590685.1|	95.238	42	0	2	15	54	14193258	14193217	4.76e-06	65.8	7962	N/A
72_8_2331_24767_17711/1	gi|685042160|emb|LN590685.1|	95.238	42	0	2	15	54	18159835	18159794	4.76e-06	65.8	7962	N/A
72_8_2331_24767_17711/1	gi|685046059|emb|LN594584.1|	92.593	54	2	2	3	54	7182	7129	2.20e-09	76.8	7962	N/A
72_8_2331_24767_17711/1	gi|2557643774|emb|OY673254.1|	95.652	46	2	0	15	60	21732	21777	7.91e-09	75.0	2697049	N/A
72_8_2183_44674_29114/1	gi|2978724457|gb|PV611058.1|	92.366	131	1	6	1	128	295320	295444	5.86e-40	178	3421660	N/A
72_8_2183_44674_29114/1	gi|2978724457|gb|PV611058.1|	91.803	61	1	3	1	58	295783	295842	4.72e-11	82.4	3421660	N/A
72_8_2183_44674_29114/1	gi|2830983252|gb|CP170844.1|	87.234	94	10	1	2	93	4083423	4083330	2.80e-18	106	573	N/A
72_8_2183_44674_29114/1	gi|2557643774|emb|OY673254.1|	95.652	46	2	0	2	47	21732	21777	7.91e-09	75.0	2697049	N/A
72_8_2183_44674_29114/1	gi|2463378371|dbj|AP027461.1|	95.652	46	2	0	2	47	1299632	1299677	7.91e-09	75.0	511145	N/A
72_8_2183_44674_29114/1	gi|2463378371|dbj|AP027461.1|	95.652	46	2	0	2	47	1628404	1628359	7.91e-09	75.0	511145	N/A
72_8_2183_44674_29114/1	gi|2560250289|emb|OY708460.1|	93.750	48	1	2	1	47	6489	6535	1.02e-07	71.3	2697049	N/A
72_8_1335_18058_10918/1	gi|685042161|emb|LN590686.1|	94.231	52	0	3	84	133	20813821	20813871	2.20e-09	76.8	7962	N/A
72_8_1335_18058_10918/1	gi|685042161|emb|LN590686.1|	95.455	44	0	2	92	133	6380192	6380235	3.68e-07	69.4	7962	N/A
72_8_1335_18058_10918/1	gi|685042161|emb|LN590686.1|	95.238	42	0	2	94	133	4545831	4545872	4.76e-06	65.8	7962	N/A
72_8_1335_18058_10918/1	gi|685042161|emb|LN590686.1|	95.238	42	0	2	94	133	12304839	12304798	4.76e-06	65.8	7962	N/A
72_8_1335_18058_10918/1	gi|685042161|emb|LN590686.1|	95.238	42	0	2	94	133	17091846	17091887	4.76e-06	65.8	7962	N/A
72_8_1335_18058_10918/1	gi|685042161|emb|LN590686.1|	95.238	42	0	2	94	133	28125760	28125801	4.76e-06	65.8	7962	N/A
72_8_1335_18058_10918/1	gi|685042161|emb|LN590686.1|	94.872	39	0	2	97	133	12436830	12436868	2.21e-04	60.2	7962	N/A
72_8_1335_18058_10918/1	gi|2557638192|emb|OY694677.1|	94.000	50	1	2	84	133	4292	4339	7.91e-09	75.0	2697049	N/A
72_8_1335_18058_10918/1	gi|685042530|emb|LN591055.1|	95.652	46	0	2	91	134	361337	361292	2.84e-08	73.1	7962	N/A
72_8_1335_18058_10918/1	gi|685042162|emb|LN590687.1|	95.652	46	0	2	90	133	8068427	8068472	2.84e-08	73.1	7962	N/A
72_8_1335_18058_10918/1	gi|685042162|emb|LN590687.1|	97.500	40	0	1	90	128	6550503	6550542	1.32e-06	67.6	7962	N/A
72_8_1335_18058_10918/1	gi|685042162|emb|LN590687.1|	95.238	42	0	2	94	133	10908042	10908001	4.76e-06	65.8	7962	N/A
72_8_1335_18058_10918/1	gi|685042162|emb|LN590687.1|	100.000	35	0	0	94	128	13500794	13500760	4.76e-06	65.8	7962	N/A
72_8_1335_18058_10918/1	gi|685042162|emb|LN590687.1|	95.238	42	0	2	94	133	15036898	15036939	4.76e-06	65.8	7962	N/A
72_8_1335_18058_10918/1	gi|685042162|emb|LN590687.1|	94.872	39	0	2	97	133	15537185	15537223	2.21e-04	60.2	7962	N/A
72_8_1335_18058_10918/1	gi|2560271083|emb|OY714119.1|	95.556	45	1	1	84	128	4292	4335	1.02e-07	71.3	2697049	N/A
72_8_2103_34437_5595/1	gi|2978724457|gb|PV611058.1|	91.803	61	3	2	74	132	295320	295380	1.31e-11	84.2	3421660	N/A
72_8_2103_34437_5595/1	gi|2978724457|gb|PV611058.1|	91.667	60	3	2	74	131	295783	295842	4.72e-11	82.4	3421660	N/A
72_8_2103_34437_5595/1	gi|685042188|emb|LN590713.1|	100.000	42	0	0	71	112	7120044	7120085	6.11e-10	78.7	7962	N/A
72_8_2103_34437_5595/1	gi|685042188|emb|LN590713.1|	100.000	30	0	0	75	104	16189618	16189589	0.003	56.5	7962	N/A
72_8_2103_34437_5595/1	gi|685042161|emb|LN590686.1|	97.826	46	0	1	63	108	20813819	20813863	6.11e-10	78.7	7962	N/A
72_8_2103_34437_5595/1	gi|685042161|emb|LN590686.1|	100.000	36	0	0	73	108	6380192	6380227	1.32e-06	67.6	7962	N/A
72_8_2103_34437_5595/1	gi|685042161|emb|LN590686.1|	100.000	34	0	0	75	108	4545831	4545864	1.71e-05	63.9	7962	N/A
72_8_2103_34437_5595/1	gi|685042161|emb|LN590686.1|	100.000	34	0	0	75	108	12304839	12304806	1.71e-05	63.9	7962	N/A
72_8_2103_34437_5595/1	gi|685042161|emb|LN590686.1|	100.000	34	0	0	75	108	17091846	17091879	1.71e-05	63.9	7962	N/A
72_8_2103_34437_5595/1	gi|685042161|emb|LN590686.1|	100.000	34	0	0	75	108	28125760	28125793	1.71e-05	63.9	7962	N/A
72_8_2103_34437_5595/1	gi|685042161|emb|LN590686.1|	100.000	31	0	0	78	108	12436830	12436860	7.96e-04	58.4	7962	N/A
72_8_2103_34437_5595/1	gi|2557643774|emb|OY673254.1|	91.228	57	4	1	65	120	21721	21777	2.20e-09	76.8	2697049	N/A
72_8_2103_34437_5595/1	gi|685042184|emb|LN590709.1|	94.000	50	1	2	60	108	3964925	3964973	7.91e-09	75.0	7962	N/A
72_8_2103_34437_5595/1	gi|685042184|emb|LN590709.1|	100.000	34	0	0	75	108	4006924	4006891	1.71e-05	63.9	7962	N/A
72_8_2103_34437_5595/1	gi|685042184|emb|LN590709.1|	95.122	41	1	1	68	108	5157477	5157516	1.71e-05	63.9	7962	N/A
72_8_2413_14644_24841/1	gi|2978724457|gb|PV611058.1|	92.063	126	5	4	15	137	295321	295444	2.73e-38	172	3421660	N/A
72_8_2413_14644_24841/1	gi|2978724457|gb|PV611058.1|	91.525	59	1	3	15	70	295784	295841	6.11e-10	78.7	3421660	N/A
72_8_2413_14644_24841/1	gi|2830983252|gb|CP170844.1|	86.316	95	10	2	14	105	4083424	4083330	1.30e-16	100	573	N/A
72_8_2413_14644_24841/1	gi|2557643774|emb|OY673254.1|	95.652	46	2	0	15	60	21732	21777	7.91e-09	75.0	2697049	N/A
72_8_2413_14644_24841/1	gi|2463378371|dbj|AP027461.1|	95.652	46	2	0	15	60	1299632	1299677	7.91e-09	75.0	511145	N/A
72_8_2413_14644_24841/1	gi|2463378371|dbj|AP027461.1|	95.652	46	2	0	15	60	1628404	1628359	7.91e-09	75.0	511145	N/A
72_8_2413_14644_24841/1	gi|685045708|emb|LN594233.1|	92.308	52	2	2	5	54	80413	80362	2.84e-08	73.1	7962	N/A
72_8_2391_29881_21129/1	gi|2830983252|gb|CP170844.1|	88.542	96	8	2	40	133	4083424	4083330	1.68e-20	113	573	N/A
72_8_2391_29881_21129/1	gi|2978724457|gb|PV611058.1|	87.000	100	9	3	41	137	295321	295419	2.17e-19	110	3421660	N/A
72_8_2391_29881_21129/1	gi|2978724457|gb|PV611058.1|	91.667	60	1	3	41	97	295784	295842	1.70e-10	80.5	3421660	N/A
72_8_2391_29881_21129/1	gi|2557643774|emb|OY673254.1|	95.652	46	2	0	41	86	21732	21777	7.91e-09	75.0	2697049	N/A
72_8_2391_29881_21129/1	gi|2463378371|dbj|AP027461.1|	95.652	46	2	0	41	86	1299632	1299677	7.91e-09	75.0	511145	N/A
72_8_2391_29881_21129/1	gi|2463378371|dbj|AP027461.1|	95.652	46	2	0	41	86	1628404	1628359	7.91e-09	75.0	511145	N/A
72_8_2391_29881_21129/1	gi|685042161|emb|LN590686.1|	92.593	54	1	3	29	80	20813819	20813871	7.91e-09	75.0	7962	N/A
72_8_2391_29881_21129/1	gi|685042161|emb|LN590686.1|	95.349	43	0	2	40	80	12304840	12304798	1.32e-06	67.6	7962	N/A
72_8_2391_29881_21129/1	gi|685042161|emb|LN590686.1|	95.238	42	0	2	41	80	4545831	4545872	4.76e-06	65.8	7962	N/A
72_8_2391_29881_21129/1	gi|685042161|emb|LN590686.1|	95.238	42	0	2	41	80	6380194	6380235	4.76e-06	65.8	7962	N/A
72_8_2391_29881_21129/1	gi|685042161|emb|LN590686.1|	95.238	42	0	2	41	80	17091846	17091887	4.76e-06	65.8	7962	N/A
72_8_2391_29881_21129/1	gi|685042161|emb|LN590686.1|	95.238	42	0	2	41	80	28125760	28125801	4.76e-06	65.8	7962	N/A
72_8_2391_29881_21129/1	gi|685042161|emb|LN590686.1|	94.872	39	0	2	44	80	12436830	12436868	2.21e-04	60.2	7962	N/A
72_8_2332_27033_15946/1	gi|2321929440|emb|OX359269.1|	82.278	79	14	0	1	79	30745780	30745858	3.68e-07	69.4	4052	N/A
72_8_1287_35432_24407/1	gi|2978724457|gb|PV611058.1|	89.024	82	5	3	59	137	295320	295400	4.69e-16	99.0	3421660	N/A
72_8_1287_35432_24407/1	gi|2978724457|gb|PV611058.1|	91.803	61	1	3	59	116	295783	295842	4.72e-11	82.4	3421660	N/A
72_8_1287_35432_24407/1	gi|2557643774|emb|OY673254.1|	95.652	46	2	0	60	105	21732	21777	7.91e-09	75.0	2697049	N/A
72_8_1287_35432_24407/1	gi|2463378371|dbj|AP027461.1|	95.652	46	2	0	60	105	1299632	1299677	7.91e-09	75.0	511145	N/A
72_8_1287_35432_24407/1	gi|2463378371|dbj|AP027461.1|	95.652	46	2	0	60	105	1628404	1628359	7.91e-09	75.0	511145	N/A
72_8_1287_35432_24407/1	gi|2557638192|emb|OY694677.1|	93.878	49	1	2	58	105	4299	4346	2.84e-08	73.1	2697049	N/A
72_8_1287_35432_24407/1	gi|685042193|emb|LN590718.1|	95.652	46	0	2	56	99	22898652	22898607	2.84e-08	73.1	7962	N/A
72_8_1287_35432_24407/1	gi|685042193|emb|LN590718.1|	95.556	45	0	2	57	99	2094806	2094762	1.02e-07	71.3	7962	N/A
72_8_1287_35432_24407/1	gi|685042193|emb|LN590718.1|	95.349	43	0	2	59	99	21230048	21230090	1.32e-06	67.6	7962	N/A
72_8_1287_35432_24407/1	gi|685042193|emb|LN590718.1|	100.000	35	0	0	60	94	920343	920377	4.76e-06	65.8	7962	N/A
72_8_2176_5362_24967/1	gi|2978724457|gb|PV611058.1|	93.939	99	4	2	41	137	295320	295418	4.59e-31	148	3421660	N/A
72_8_2176_5362_24967/1	gi|2978724457|gb|PV611058.1|	91.667	60	3	2	41	98	295783	295842	4.72e-11	82.4	3421660	N/A
72_8_2176_5362_24967/1	gi|2830983252|gb|CP170844.1|	82.979	94	12	2	42	131	4083423	4083330	4.72e-11	82.4	573	N/A
72_8_2176_5362_24967/1	gi|685042188|emb|LN590713.1|	100.000	42	0	0	38	79	7120044	7120085	6.11e-10	78.7	7962	N/A
72_8_2176_5362_24967/1	gi|685042188|emb|LN590713.1|	100.000	30	0	0	42	71	16189618	16189589	0.003	56.5	7962	N/A
72_8_2176_5362_24967/1	gi|2557643774|emb|OY673254.1|	92.593	54	3	1	35	87	21724	21777	2.20e-09	76.8	2697049	N/A
72_8_2176_5362_24967/1	gi|2676815380|gb|CP144850.1|	100.000	39	0	0	37	75	129812	129850	2.84e-08	73.1	2608262	N/A
72_8_1445_19021_9923/1	gi|2978724457|gb|PV611058.1|	88.119	101	8	3	40	137	295319	295418	1.30e-21	117	3421660	N/A
72_8_1445_19021_9923/1	gi|2978724457|gb|PV611058.1|	91.935	62	1	3	40	98	295782	295842	1.31e-11	84.2	3421660	N/A
72_8_1445_19021_9923/1	gi|2830983252|gb|CP170844.1|	89.362	94	8	1	42	133	4083423	4083330	1.30e-21	117	573	N/A
72_8_1445_19021_9923/1	gi|685042175|emb|LN590700.1|	94.231	52	1	2	33	82	14033950	14033899	6.11e-10	78.7	7962	N/A
72_8_1445_19021_9923/1	gi|685042175|emb|LN590700.1|	95.238	42	0	2	42	81	15778538	15778579	4.76e-06	65.8	7962	N/A
72_8_1445_19021_9923/1	gi|2557643774|emb|OY673254.1|	93.878	49	3	0	39	87	21729	21777	7.91e-09	75.0	2697049	N/A
72_8_1445_19021_9923/1	gi|2463378371|dbj|AP027461.1|	95.652	46	2	0	42	87	1299632	1299677	7.91e-09	75.0	511145	N/A
72_8_1445_19021_9923/1	gi|2463378371|dbj|AP027461.1|	95.652	46	2	0	42	87	1628404	1628359	7.91e-09	75.0	511145	N/A
72_8_2248_12054_1420/1	gi|685045708|emb|LN594233.1|	97.059	34	1	0	104	137	80413	80380	7.96e-04	58.4	7962	N/A
72_8_2248_12054_1420/1	gi|2955233929|emb|OZ250760.1|	100.000	29	0	0	37	65	11854722	11854694	0.010	54.7	988005	N/A
72_8_2248_12054_1420/1	gi|2955233880|emb|OZ250730.1|	100.000	29	0	0	37	65	3074085	3074113	0.010	54.7	988005	N/A
72_8_2248_12054_1420/1	gi|394782753|gb|JX069764.1|	100.000	28	0	0	110	137	5	32	0.037	52.8	1206910	N/A
72_8_2221_2894_3746/1	gi|2978724457|gb|PV611058.1|	90.000	130	1	6	1	127	295324	295444	7.63e-34	158	3421660	N/A
72_8_2221_2894_3746/1	gi|2978724457|gb|PV611058.1|	91.228	57	1	3	1	54	295787	295842	7.91e-09	75.0	3421660	N/A
72_8_2221_2894_3746/1	gi|2830983252|gb|CP170844.1|	88.172	93	7	3	1	91	4083420	4083330	7.79e-19	108	573	N/A
72_8_2221_2894_3746/1	gi|2557643774|emb|OY673254.1|	95.349	43	2	0	1	43	21735	21777	3.68e-07	69.4	2697049	N/A
72_8_2221_2894_3746/1	gi|2463378371|dbj|AP027461.1|	95.349	43	2	0	1	43	1299635	1299677	3.68e-07	69.4	511145	N/A
72_8_2221_2894_3746/1	gi|2463378371|dbj|AP027461.1|	95.349	43	2	0	1	43	1628401	1628359	3.68e-07	69.4	511145	N/A
72_8_2221_2894_3746/1	gi|2755084441|gb|PP943425.1|	93.182	44	1	2	1	43	67822	67780	1.71e-05	63.9	10258	N/A
72_8_2221_2894_3746/1	gi|2755084441|gb|PP943425.1|	93.023	43	1	2	1	42	67594	67635	6.15e-05	62.1	10258	N/A
72_8_1123_42335_29436/1	gi|2978724457|gb|PV611058.1|	88.636	88	6	3	53	137	295321	295407	1.01e-17	104	3421660	N/A
72_8_1123_42335_29436/1	gi|2978724457|gb|PV611058.1|	90.000	60	2	3	53	109	295784	295842	7.91e-09	75.0	3421660	N/A
72_8_1123_42335_29436/1	gi|2830983252|gb|CP170844.1|	84.444	90	11	2	51	137	4083425	4083336	3.65e-12	86.1	573	N/A
72_8_1123_42335_29436/1	gi|2165834303|emb|OV196009.1|	95.745	47	1	1	46	92	121	76	7.91e-09	75.0	2697049	N/A
72_8_1123_42335_29436/1	gi|2165834303|emb|OV196009.1|	97.561	41	1	0	52	92	29911	29951	1.02e-07	71.3	2697049	N/A
72_8_1123_42335_29436/1	gi|2565352131|emb|OY625234.1|	100.000	39	0	0	48	86	23681	23719	2.84e-08	73.1	2697049	N/A
72_8_1123_42335_29436/1	gi|2165836832|emb|OV197136.1|	95.652	46	0	2	46	90	122	78	2.84e-08	73.1	2697049	N/A
72_8_2318_45758_5076/1	gi|2991388621|dbj|AP040934.1|	91.304	46	2	2	5	50	4900958	4900915	6.15e-05	62.1	562	N/A
72_8_2318_45758_5076/1	gi|2991388621|dbj|AP040934.1|	97.059	34	1	0	17	50	146951	146984	7.96e-04	58.4	562	N/A
72_8_2318_45758_5076/1	gi|2991388608|dbj|AP040921.1|	97.143	35	1	0	16	50	3964	3998	2.21e-04	60.2	573	N/A
72_8_2318_45758_5076/1	gi|2557638192|emb|OY694677.1|	89.583	48	3	2	14	60	4300	4346	2.21e-04	60.2	2697049	N/A
72_8_2318_45758_5076/1	gi|2165834303|emb|OV196009.1|	90.909	44	4	0	17	60	113	70	2.21e-04	60.2	2697049	N/A
72_8_2318_45758_5076/1	gi|2165834303|emb|OV196009.1|	94.737	38	2	0	17	54	29914	29951	2.21e-04	60.2	2697049	N/A
72_8_2318_45758_5076/1	gi|2155043183|emb|OV015804.1|	97.143	35	1	0	17	51	29945	29911	2.21e-04	60.2	2697049	N/A
72_8_1154_4172_9825/1	gi|685042188|emb|LN590713.1|	97.436	39	1	0	93	131	7120047	7120085	1.32e-06	67.6	7962	N/A
72_8_1154_4172_9825/1	gi|780644672|ref|XM_011690559.1|	97.368	38	1	0	94	131	1038	1075	4.76e-06	65.8	64793	N/A
72_8_1154_4172_9825/1	gi|685042180|emb|LN590705.1|	94.737	38	2	0	94	131	2155404	2155441	2.21e-04	60.2	7962	N/A
72_8_2214_7854_26452/1	gi|2978724457|gb|PV611058.1|	92.742	124	4	3	1	122	295324	295444	7.58e-39	174	3421660	N/A
72_8_2214_7854_26452/1	gi|2978724457|gb|PV611058.1|	89.474	57	2	3	1	54	295787	295842	3.68e-07	69.4	3421660	N/A
72_8_2214_7854_26452/1	gi|2830983252|gb|CP170844.1|	82.609	92	6	4	1	83	4083420	4083330	2.84e-08	73.1	573	N/A
72_8_2214_7854_26452/1	gi|2557643774|emb|OY673254.1|	93.023	43	3	0	1	43	21735	21777	1.71e-05	63.9	2697049	N/A
72_8_2214_7854_26452/1	gi|2463378371|dbj|AP027461.1|	93.023	43	3	0	1	43	1299635	1299677	1.71e-05	63.9	511145	N/A
72_8_2214_7854_26452/1	gi|2463378371|dbj|AP027461.1|	93.023	43	3	0	1	43	1628401	1628359	1.71e-05	63.9	511145	N/A
72_8_2214_7854_26452/1	gi|2165836832|emb|OV197136.1|	93.182	44	1	2	1	43	113	71	1.71e-05	63.9	2697049	N/A
72_8_2304_38920_25626/1	gi|2913438694|emb|OZ224089.1|	92.308	78	6	0	4	81	40302160	40302083	6.03e-20	111	34270	N/A
72_8_2304_38920_25626/1	gi|11761|emb|X08017.1|	92.000	75	6	0	4	78	978	1052	2.80e-18	106	4092	N/A
72_8_2304_38920_25626/1	gi|2869662092|emb|OZ208753.1|	90.541	74	7	0	2	75	32529267	32529340	4.69e-16	99.0	122298	N/A
72_8_2304_38920_25626/1	gi|2925775963|emb|OZ240005.1|	88.608	79	9	0	3	81	45670471	45670393	1.69e-15	97.1	798030	N/A
72_8_2304_38920_25626/1	gi|2917067957|gb|CP143128.1|	90.278	72	7	0	4	75	12207412	12207341	6.07e-15	95.3	83309	N/A
72_8_1401_7717_20723/1	gi|2978724457|gb|PV611058.1|	92.188	64	1	3	68	128	295321	295383	1.02e-12	87.9	3421660	N/A
72_8_1401_7717_20723/1	gi|2978724457|gb|PV611058.1|	91.667	60	1	3	68	124	295784	295842	1.70e-10	80.5	3421660	N/A
72_8_1401_7717_20723/1	gi|2557643774|emb|OY673254.1|	95.652	46	2	0	68	113	21732	21777	7.91e-09	75.0	2697049	N/A
72_8_1401_7717_20723/1	gi|2463378371|dbj|AP027461.1|	95.652	46	2	0	68	113	1299632	1299677	7.91e-09	75.0	511145	N/A
72_8_1401_7717_20723/1	gi|2463378371|dbj|AP027461.1|	95.652	46	2	0	68	113	1628404	1628359	7.91e-09	75.0	511145	N/A
72_8_1401_7717_20723/1	gi|685046063|emb|LN594588.1|	95.652	46	0	2	64	107	121372	121417	2.84e-08	73.1	7962	N/A
72_8_1401_7717_20723/1	gi|685043901|emb|LN592426.1|	94.000	50	0	3	60	107	375100	375148	2.84e-08	73.1	7962	N/A
72_8_1447_10047_9853/1	gi|2978724457|gb|PV611058.1|	88.550	131	10	4	10	137	295316	295444	9.87e-33	154	3421660	N/A
72_8_1447_10047_9853/1	gi|2978724457|gb|PV611058.1|	90.769	65	2	3	10	71	295779	295842	1.31e-11	84.2	3421660	N/A
72_8_1447_10047_9853/1	gi|2830983252|gb|CP170844.1|	90.526	95	6	2	15	107	4083423	4083330	2.78e-23	122	573	N/A
72_8_1447_10047_9853/1	gi|2557643774|emb|OY673254.1|	92.593	54	3	1	8	60	21724	21777	2.20e-09	76.8	2697049	N/A
72_8_1447_10047_9853/1	gi|685042175|emb|LN590700.1|	92.727	55	1	3	3	55	14033952	14033899	2.20e-09	76.8	7962	N/A
72_8_1447_10047_9853/1	gi|685042175|emb|LN590700.1|	95.238	42	0	2	15	54	15778538	15778579	4.76e-06	65.8	7962	N/A
72_8_1447_10047_9853/1	gi|2463378371|dbj|AP027461.1|	95.652	46	2	0	15	60	1299632	1299677	7.91e-09	75.0	511145	N/A
72_8_1447_10047_9853/1	gi|2463378371|dbj|AP027461.1|	95.652	46	2	0	15	60	1628404	1628359	7.91e-09	75.0	511145	N/A
72_8_2281_23950_7275/1	gi|2978724457|gb|PV611058.1|	91.538	130	5	4	11	137	295318	295444	7.58e-39	174	3421660	N/A
72_8_2281_23950_7275/1	gi|2978724457|gb|PV611058.1|	92.308	65	1	3	11	72	295781	295844	2.82e-13	89.8	3421660	N/A
72_8_2281_23950_7275/1	gi|2830983252|gb|CP170844.1|	88.298	94	7	2	14	103	4083423	4083330	2.17e-19	110	573	N/A
72_8_2281_23950_7275/1	gi|2557643774|emb|OY673254.1|	92.453	53	2	2	9	59	21725	21777	7.91e-09	75.0	2697049	N/A
72_8_2281_23950_7275/1	gi|2463378371|dbj|AP027461.1|	95.652	46	2	0	14	59	1299632	1299677	7.91e-09	75.0	511145	N/A
72_8_2281_23950_7275/1	gi|2463378371|dbj|AP027461.1|	95.652	46	2	0	14	59	1628404	1628359	7.91e-09	75.0	511145	N/A
72_8_2281_23950_7275/1	gi|2319067183|gb|CP107088.1|	100.000	40	0	0	9	48	608308	608347	7.91e-09	75.0	630	N/A
72_8_1380_17937_22250/1	gi|2978724457|gb|PV611058.1|	90.698	86	3	4	55	137	295318	295401	2.17e-19	110	3421660	N/A
72_8_1380_17937_22250/1	gi|2978724457|gb|PV611058.1|	90.476	63	1	4	55	114	295781	295841	6.11e-10	78.7	3421660	N/A
72_8_1380_17937_22250/1	gi|685042178|emb|LN590703.1|	95.918	49	0	2	52	98	13166497	13166545	6.11e-10	78.7	7962	N/A
72_8_1380_17937_22250/1	gi|685042178|emb|LN590703.1|	95.556	45	0	2	56	98	12952798	12952842	1.02e-07	71.3	7962	N/A
72_8_1380_17937_22250/1	gi|685042178|emb|LN590703.1|	95.349	43	0	2	58	98	17684506	17684464	1.32e-06	67.6	7962	N/A
72_8_1380_17937_22250/1	gi|685042178|emb|LN590703.1|	95.238	42	0	2	59	98	1057735	1057776	4.76e-06	65.8	7962	N/A
72_8_1380_17937_22250/1	gi|685042178|emb|LN590703.1|	95.238	42	0	2	59	98	7304702	7304661	4.76e-06	65.8	7962	N/A
72_8_1380_17937_22250/1	gi|685042175|emb|LN590700.1|	94.231	52	1	2	50	99	14033950	14033899	6.11e-10	78.7	7962	N/A
72_8_1380_17937_22250/1	gi|685042175|emb|LN590700.1|	95.238	42	0	2	59	98	15778538	15778579	4.76e-06	65.8	7962	N/A
72_8_1380_17937_22250/1	gi|2557643774|emb|OY673254.1|	91.228	57	4	1	49	104	21721	21777	2.20e-09	76.8	2697049	N/A
72_8_1380_17937_22250/1	gi|685042185|emb|LN590710.1|	97.727	44	1	0	49	92	9162079	9162122	2.20e-09	76.8	7962	N/A
72_8_1380_17937_22250/1	gi|685042185|emb|LN590710.1|	95.238	42	0	2	59	98	3790452	3790411	4.76e-06	65.8	7962	N/A
72_8_1380_17937_22250/1	gi|685042185|emb|LN590710.1|	95.238	42	0	2	59	98	6008694	6008735	4.76e-06	65.8	7962	N/A
72_8_1380_17937_22250/1	gi|685042185|emb|LN590710.1|	95.238	42	0	2	59	98	10218503	10218544	4.76e-06	65.8	7962	N/A
72_8_2404_20211_26970/1	gi|2978724457|gb|PV611058.1|	91.781	73	2	3	67	136	295320	295391	4.69e-16	99.0	3421660	N/A
72_8_2404_20211_26970/1	gi|2978724457|gb|PV611058.1|	91.803	61	1	3	67	124	295783	295842	4.72e-11	82.4	3421660	N/A
72_8_2404_20211_26970/1	gi|685049950|emb|LN598462.1|	95.833	48	0	2	62	107	1938274	1938321	2.20e-09	76.8	7962	N/A
72_8_2404_20211_26970/1	gi|2557643774|emb|OY673254.1|	95.652	46	2	0	68	113	21732	21777	7.91e-09	75.0	2697049	N/A
72_8_2404_20211_26970/1	gi|2463378371|dbj|AP027461.1|	95.652	46	2	0	68	113	1299632	1299677	7.91e-09	75.0	511145	N/A
72_8_2404_20211_26970/1	gi|2463378371|dbj|AP027461.1|	95.652	46	2	0	68	113	1628404	1628359	7.91e-09	75.0	511145	N/A
72_8_2404_20211_26970/1	gi|685047827|emb|LN596339.1|	94.000	50	1	2	60	107	601778	601827	7.91e-09	75.0	7962	N/A
72_8_1225_27267_1728/1	gi|2978724457|gb|PV611058.1|	91.667	60	3	2	75	132	295321	295380	4.72e-11	82.4	3421660	N/A
72_8_1225_27267_1728/1	gi|2978724457|gb|PV611058.1|	91.525	59	3	2	75	131	295784	295842	1.70e-10	80.5	3421660	N/A
72_8_1225_27267_1728/1	gi|2830983252|gb|CP170844.1|	87.692	65	6	1	75	137	4083423	4083359	7.91e-09	75.0	573	N/A
72_8_1225_27267_1728/1	gi|2557643774|emb|OY673254.1|	95.652	46	2	0	75	120	21732	21777	7.91e-09	75.0	2697049	N/A
72_8_1225_27267_1728/1	gi|780644672|ref|XM_011690559.1|	97.727	44	0	1	70	112	1032	1075	7.91e-09	75.0	64793	N/A
72_8_1225_27267_1728/1	gi|2056797228|tpg|BK057247.1|	100.000	39	0	0	73	111	42089	42127	2.84e-08	73.1	38018	N/A
72_8_2147_30941_2457/1	gi|2830983252|gb|CP170844.1|	88.372	86	8	1	54	137	4083424	4083339	3.63e-17	102	573	N/A
72_8_2147_30941_2457/1	gi|2978724457|gb|PV611058.1|	86.047	86	8	3	55	137	295321	295405	2.82e-13	89.8	3421660	N/A
72_8_2147_30941_2457/1	gi|2978724457|gb|PV611058.1|	91.667	60	1	3	55	111	295784	295842	1.70e-10	80.5	3421660	N/A
72_8_2147_30941_2457/1	gi|2557643774|emb|OY673254.1|	95.652	46	2	0	55	100	21732	21777	7.91e-09	75.0	2697049	N/A
72_8_2147_30941_2457/1	gi|2463378371|dbj|AP027461.1|	95.652	46	2	0	55	100	1299632	1299677	7.91e-09	75.0	511145	N/A
72_8_2147_30941_2457/1	gi|2463378371|dbj|AP027461.1|	95.652	46	2	0	55	100	1628404	1628359	7.91e-09	75.0	511145	N/A
72_8_2147_30941_2457/1	gi|685042481|emb|LN591006.1|	95.745	47	0	2	50	94	494275	494321	7.91e-09	75.0	7962	N/A
72_8_1325_15679_5567/1	gi|2978724457|gb|PV611058.1|	87.302	126	11	4	15	137	295321	295444	2.76e-28	139	3421660	N/A
72_8_1325_15679_5567/1	gi|2978724457|gb|PV611058.1|	90.476	63	1	4	15	74	295784	295844	6.11e-10	78.7	3421660	N/A
72_8_1325_15679_5567/1	gi|2830983252|gb|CP170844.1|	89.583	96	6	3	15	108	4083423	4083330	3.60e-22	119	573	N/A
72_8_1325_15679_5567/1	gi|685042185|emb|LN590710.1|	97.778	45	1	0	4	48	9162078	9162122	6.11e-10	78.7	7962	N/A
72_8_1325_15679_5567/1	gi|685042185|emb|LN590710.1|	95.238	42	0	2	15	54	3790452	3790411	4.76e-06	65.8	7962	N/A
72_8_1325_15679_5567/1	gi|685042185|emb|LN590710.1|	95.238	42	0	2	15	54	6008694	6008735	4.76e-06	65.8	7962	N/A
72_8_1325_15679_5567/1	gi|685042185|emb|LN590710.1|	95.238	42	0	2	15	54	10218503	10218544	4.76e-06	65.8	7962	N/A
72_8_1325_15679_5567/1	gi|2557643774|emb|OY673254.1|	95.652	46	2	0	15	60	21732	21777	7.91e-09	75.0	2697049	N/A
72_8_1325_15679_5567/1	gi|2463378371|dbj|AP027461.1|	95.652	46	2	0	15	60	1299632	1299677	7.91e-09	75.0	511145	N/A
72_8_1325_15679_5567/1	gi|2463378371|dbj|AP027461.1|	95.652	46	2	0	15	60	1628404	1628359	7.91e-09	75.0	511145	N/A
72_8_2444_33709_7864/1	gi|2978724457|gb|PV611058.1|	88.976	127	9	4	14	137	295320	295444	3.55e-32	152	3421660	N/A
72_8_2444_33709_7864/1	gi|2978724457|gb|PV611058.1|	92.063	63	1	3	14	73	295783	295844	3.65e-12	86.1	3421660	N/A
72_8_2444_33709_7864/1	gi|2830983252|gb|CP170844.1|	89.474	95	7	2	15	107	4083423	4083330	1.30e-21	117	573	N/A
72_8_2444_33709_7864/1	gi|2557643774|emb|OY673254.1|	95.652	46	2	0	15	60	21732	21777	7.91e-09	75.0	2697049	N/A
72_8_2444_33709_7864/1	gi|2463378371|dbj|AP027461.1|	93.878	49	3	0	12	60	1299629	1299677	7.91e-09	75.0	511145	N/A
72_8_2444_33709_7864/1	gi|2463378371|dbj|AP027461.1|	95.652	46	2	0	15	60	1628404	1628359	7.91e-09	75.0	511145	N/A
72_8_2444_33709_7864/1	gi|2755084441|gb|PP943425.1|	81.720	93	11	5	15	104	67825	67736	2.84e-08	73.1	10258	N/A
72_8_2444_33709_7864/1	gi|2755084441|gb|PP943425.1|	93.478	46	1	2	15	59	67591	67635	1.32e-06	67.6	10258	N/A
72_8_1106_36808_21830/1	gi|2978724457|gb|PV611058.1|	90.551	127	7	4	14	137	295320	295444	1.64e-35	163	3421660	N/A
72_8_1106_36808_21830/1	gi|2978724457|gb|PV611058.1|	91.803	61	1	3	14	71	295783	295842	4.72e-11	82.4	3421660	N/A
72_8_1106_36808_21830/1	gi|2830983252|gb|CP170844.1|	87.368	95	9	2	15	107	4083423	4083330	2.80e-18	106	573	N/A
72_8_1106_36808_21830/1	gi|2557643774|emb|OY673254.1|	91.228	57	4	1	5	60	21721	21777	2.20e-09	76.8	2697049	N/A
72_8_1106_36808_21830/1	gi|685042161|emb|LN590686.1|	94.231	52	0	3	5	54	20813821	20813871	2.20e-09	76.8	7962	N/A
72_8_1106_36808_21830/1	gi|685042161|emb|LN590686.1|	95.455	44	0	2	13	54	6380192	6380235	3.68e-07	69.4	7962	N/A
72_8_1106_36808_21830/1	gi|685042161|emb|LN590686.1|	95.238	42	0	2	15	54	4545831	4545872	4.76e-06	65.8	7962	N/A
72_8_1106_36808_21830/1	gi|685042161|emb|LN590686.1|	95.238	42	0	2	15	54	12304839	12304798	4.76e-06	65.8	7962	N/A
72_8_1106_36808_21830/1	gi|685042161|emb|LN590686.1|	95.238	42	0	2	15	54	17091846	17091887	4.76e-06	65.8	7962	N/A
72_8_1106_36808_21830/1	gi|685042161|emb|LN590686.1|	95.238	42	0	2	15	54	28125760	28125801	4.76e-06	65.8	7962	N/A
72_8_1106_36808_21830/1	gi|685042161|emb|LN590686.1|	94.872	39	0	2	18	54	12436830	12436868	2.21e-04	60.2	7962	N/A
72_8_1106_36808_21830/1	gi|2463378371|dbj|AP027461.1|	95.652	46	2	0	15	60	1299632	1299677	7.91e-09	75.0	511145	N/A
72_8_1106_36808_21830/1	gi|2463378371|dbj|AP027461.1|	95.652	46	2	0	15	60	1628404	1628359	7.91e-09	75.0	511145	N/A
72_8_2462_15793_13887/1	gi|2978724457|gb|PV611058.1|	92.063	63	1	3	76	135	295321	295382	3.65e-12	86.1	3421660	N/A
72_8_2462_15793_13887/1	gi|2978724457|gb|PV611058.1|	91.667	60	1	3	76	132	295784	295842	1.70e-10	80.5	3421660	N/A
72_8_2462_15793_13887/1	gi|685042206|emb|LN590731.1|	95.918	49	0	2	70	116	347604	347652	6.11e-10	78.7	7962	N/A
72_8_2462_15793_13887/1	gi|2557643774|emb|OY673254.1|	91.228	57	4	1	66	121	21721	21777	2.20e-09	76.8	2697049	N/A
72_8_2462_15793_13887/1	gi|2463378371|dbj|AP027461.1|	95.652	46	2	0	76	121	1299632	1299677	7.91e-09	75.0	511145	N/A
72_8_2462_15793_13887/1	gi|2463378371|dbj|AP027461.1|	95.652	46	2	0	76	121	1628404	1628359	7.91e-09	75.0	511145	N/A
72_8_2462_15793_13887/1	gi|685046059|emb|LN594584.1|	92.593	54	1	3	64	115	7181	7129	7.91e-09	75.0	7962	N/A
72_8_1429_16739_1995/1	gi|2557643774|emb|OY673254.1|	95.652	46	2	0	87	132	21732	21777	7.91e-09	75.0	2697049	N/A
72_8_1429_16739_1995/1	gi|2463378371|dbj|AP027461.1|	95.652	46	2	0	87	132	1299632	1299677	7.91e-09	75.0	511145	N/A
72_8_1429_16739_1995/1	gi|2463378371|dbj|AP027461.1|	95.652	46	2	0	87	132	1628404	1628359	7.91e-09	75.0	511145	N/A
72_8_1429_16739_1995/1	gi|780644672|ref|XM_011690559.1|	97.619	42	1	0	80	121	1031	1072	2.84e-08	73.1	64793	N/A
72_8_1429_16739_1995/1	gi|685042160|emb|LN590685.1|	93.878	49	1	2	80	126	16867634	16867586	2.84e-08	73.1	7962	N/A
72_8_1429_16739_1995/1	gi|685042160|emb|LN590685.1|	95.349	43	0	2	86	126	850808	850850	1.32e-06	67.6	7962	N/A
72_8_1429_16739_1995/1	gi|685042160|emb|LN590685.1|	95.238	42	0	2	87	126	14193258	14193217	4.76e-06	65.8	7962	N/A
72_8_1429_16739_1995/1	gi|685042160|emb|LN590685.1|	95.238	42	0	2	87	126	18159835	18159794	4.76e-06	65.8	7962	N/A
72_8_1429_16739_1995/1	gi|2560502367|emb|OY629453.1|	100.000	38	0	0	85	122	5916	5953	1.02e-07	71.3	2697049	N/A
72_8_2255_39365_5917/1	gi|1863136313|ref|NC_049155.1|	90.000	80	8	0	2	81	659	580	1.01e-17	104	284589	N/A
72_8_2255_39365_5917/1	gi|2749856155|gb|PP873175.1|	90.000	80	8	0	2	81	658	579	1.01e-17	104	1277863	N/A
72_8_2255_39365_5917/1	gi|2694306727|gb|OQ784936.1|	90.000	80	8	0	2	81	658	579	1.01e-17	104	284589	N/A
72_8_2255_39365_5917/1	gi|2222323818|ref|NC_062416.1|	90.000	80	8	0	2	81	658	579	1.01e-17	104	60087	N/A
72_8_2255_39365_5917/1	gi|2248502267|ref|NC_063574.1|	90.000	80	8	0	2	81	612	533	1.01e-17	104	1008951	N/A
72_8_1331_7838_11436/1	gi|2978724457|gb|PV611058.1|	91.803	61	1	3	62	119	295784	295843	4.72e-11	82.4	3421660	N/A
72_8_1331_7838_11436/1	gi|2978724457|gb|PV611058.1|	91.667	60	1	3	62	118	295321	295379	1.70e-10	80.5	3421660	N/A
72_8_1331_7838_11436/1	gi|2830983252|gb|CP170844.1|	84.810	79	9	2	62	137	4083423	4083345	2.20e-09	76.8	573	N/A
72_8_1331_7838_11436/1	gi|2557643774|emb|OY673254.1|	95.652	46	2	0	62	107	21732	21777	7.91e-09	75.0	2697049	N/A
72_8_1331_7838_11436/1	gi|2463378371|dbj|AP027461.1|	95.652	46	2	0	62	107	1299632	1299677	7.91e-09	75.0	511145	N/A
72_8_1331_7838_11436/1	gi|2463378371|dbj|AP027461.1|	95.652	46	2	0	62	107	1628404	1628359	7.91e-09	75.0	511145	N/A
72_8_1331_7838_11436/1	gi|2165836832|emb|OV197136.1|	92.593	54	1	3	55	107	122	71	7.91e-09	75.0	2697049	N/A
72_8_1215_38362_12837/1	gi|2978724457|gb|PV611058.1|	89.552	134	2	5	3	133	295320	295444	2.12e-34	159	3421660	N/A
72_8_1215_38362_12837/1	gi|2978724457|gb|PV611058.1|	90.476	63	2	3	3	62	295783	295844	1.70e-10	80.5	3421660	N/A
72_8_1215_38362_12837/1	gi|2830983252|gb|CP170844.1|	90.217	92	6	2	6	94	4083421	4083330	1.30e-21	117	573	N/A
72_8_1215_38362_12837/1	gi|2557643774|emb|OY673254.1|	95.455	44	2	0	6	49	21734	21777	1.02e-07	71.3	2697049	N/A
72_8_1215_38362_12837/1	gi|2463378371|dbj|AP027461.1|	95.455	44	2	0	6	49	1299634	1299677	1.02e-07	71.3	511145	N/A
72_8_1215_38362_12837/1	gi|2463378371|dbj|AP027461.1|	95.455	44	2	0	6	49	1628402	1628359	1.02e-07	71.3	511145	N/A
72_8_1215_38362_12837/1	gi|2557638192|emb|OY694677.1|	91.837	49	2	2	2	49	4299	4346	1.32e-06	67.6	2697049	N/A
72_8_1230_19264_8998/1	gi|2830983252|gb|CP170844.1|	90.698	86	6	1	54	137	4083423	4083338	1.68e-20	113	573	N/A
72_8_1230_19264_8998/1	gi|2978724457|gb|PV611058.1|	91.935	62	1	3	53	111	295320	295380	1.31e-11	84.2	3421660	N/A
72_8_1230_19264_8998/1	gi|2978724457|gb|PV611058.1|	91.803	61	1	3	53	110	295783	295842	4.72e-11	82.4	3421660	N/A
72_8_1230_19264_8998/1	gi|2557643774|emb|OY673254.1|	95.652	46	2	0	54	99	21732	21777	7.91e-09	75.0	2697049	N/A
72_8_1230_19264_8998/1	gi|2557638192|emb|OY694677.1|	91.228	57	2	3	44	99	4292	4346	7.91e-09	75.0	2697049	N/A
72_8_1230_19264_8998/1	gi|2463378371|dbj|AP027461.1|	95.652	46	2	0	54	99	1299632	1299677	7.91e-09	75.0	511145	N/A
72_8_1230_19264_8998/1	gi|2463378371|dbj|AP027461.1|	95.652	46	2	0	54	99	1628404	1628359	7.91e-09	75.0	511145	N/A
72_8_2258_44949_10875/1	gi|2830983252|gb|CP170844.1|	86.869	99	8	3	39	135	4083425	4083330	2.80e-18	106	573	N/A
72_8_2258_44949_10875/1	gi|2557643774|emb|OY673254.1|	95.652	46	2	0	41	86	21732	21777	7.91e-09	75.0	2697049	N/A
72_8_2258_44949_10875/1	gi|2165832678|emb|OV195277.1|	92.453	53	3	1	34	86	138	87	7.91e-09	75.0	2697049	N/A
72_8_2258_44949_10875/1	gi|2978724457|gb|PV611058.1|	90.909	55	3	2	41	93	295321	295375	2.84e-08	73.1	3421660	N/A
72_8_2258_44949_10875/1	gi|2978724457|gb|PV611058.1|	90.909	55	3	2	41	93	295784	295838	2.84e-08	73.1	3421660	N/A
72_8_2258_44949_10875/1	gi|2165832904|emb|OV195202.1|	97.674	43	0	1	34	76	241	200	2.84e-08	73.1	2697049	N/A
72_8_1438_1882_17571/1	gi|2948838246|emb|OZ247456.1|	88.462	78	9	0	4	81	4274745	4274668	6.07e-15	95.3	673927	N/A
72_8_1438_1882_17571/1	gi|2999133748|emb|OZ263580.1|	87.838	74	9	0	2	75	61633141	61633214	1.02e-12	87.9	110753	N/A
72_8_1438_1882_17571/1	gi|2557643774|emb|OY673254.1|	95.556	45	2	0	93	137	21732	21776	2.84e-08	73.1	2697049	N/A
72_8_1438_1882_17571/1	gi|780644672|ref|XM_011690559.1|	100.000	39	0	0	92	130	1037	1075	2.84e-08	73.1	64793	N/A
72_8_1438_1882_17571/1	gi|685046059|emb|LN594584.1|	95.652	46	1	1	81	126	7181	7137	2.84e-08	73.1	7962	N/A
72_8_1375_13729_12052/1	gi|2978724457|gb|PV611058.1|	94.697	132	2	4	8	136	295315	295444	1.25e-46	200	3421660	N/A
72_8_1375_13729_12052/1	gi|2978724457|gb|PV611058.1|	89.552	67	2	4	8	71	295778	295842	1.70e-10	80.5	3421660	N/A
72_8_1375_13729_12052/1	gi|685046114|emb|LN594639.1|	92.727	55	0	4	4	54	435321	435267	2.20e-09	76.8	7962	N/A
72_8_1375_13729_12052/1	gi|685042178|emb|LN590703.1|	95.833	48	0	2	9	54	13166498	13166545	2.20e-09	76.8	7962	N/A
72_8_1375_13729_12052/1	gi|685042178|emb|LN590703.1|	95.556	45	0	2	12	54	12952798	12952842	1.02e-07	71.3	7962	N/A
72_8_1375_13729_12052/1	gi|685042178|emb|LN590703.1|	95.349	43	0	2	14	54	17684506	17684464	1.32e-06	67.6	7962	N/A
72_8_1375_13729_12052/1	gi|685042178|emb|LN590703.1|	95.238	42	0	2	15	54	1057735	1057776	4.76e-06	65.8	7962	N/A
72_8_1375_13729_12052/1	gi|685042178|emb|LN590703.1|	95.238	42	0	2	15	54	7304702	7304661	4.76e-06	65.8	7962	N/A
72_8_1375_13729_12052/1	gi|2557643774|emb|OY673254.1|	92.453	53	3	1	9	60	21725	21777	7.91e-09	75.0	2697049	N/A
72_8_1375_13729_12052/1	gi|2830983252|gb|CP170844.1|	81.915	94	5	2	15	96	4083423	4083330	3.68e-07	69.4	573	N/A
72_8_1182_8129_24911/1	gi|2978724457|gb|PV611058.1|	91.935	62	1	3	79	137	295319	295379	1.31e-11	84.2	3421660	N/A
72_8_1182_8129_24911/1	gi|2978724457|gb|PV611058.1|	91.935	62	1	3	79	137	295782	295842	1.31e-11	84.2	3421660	N/A
72_8_1182_8129_24911/1	gi|2557643774|emb|OY673254.1|	92.982	57	3	1	71	126	21721	21777	4.72e-11	82.4	2697049	N/A
72_8_1182_8129_24911/1	gi|685042175|emb|LN590700.1|	94.231	52	1	2	72	121	14033950	14033899	6.11e-10	78.7	7962	N/A
72_8_1182_8129_24911/1	gi|685042175|emb|LN590700.1|	95.238	42	0	2	81	120	15778538	15778579	4.76e-06	65.8	7962	N/A
72_8_1182_8129_24911/1	gi|2560250289|emb|OY708460.1|	94.000	50	1	2	78	126	6487	6535	7.91e-09	75.0	2697049	N/A
72_8_1182_8129_24911/1	gi|2557654546|emb|OY684713.1|	95.745	47	1	1	71	116	21725	21771	7.91e-09	75.0	2697049	N/A
72_8_2234_46721_13999/1	gi|2978724457|gb|PV611058.1|	89.062	64	2	4	65	125	295783	295844	7.91e-09	75.0	3421660	N/A
72_8_2234_46721_13999/1	gi|2978724457|gb|PV611058.1|	88.710	62	3	3	65	123	295320	295380	2.84e-08	73.1	3421660	N/A
72_8_2234_46721_13999/1	gi|2557643774|emb|OY673254.1|	95.455	44	2	0	68	111	21734	21777	1.02e-07	71.3	2697049	N/A
72_8_2234_46721_13999/1	gi|2463378371|dbj|AP027461.1|	95.455	44	2	0	68	111	1299634	1299677	1.02e-07	71.3	511145	N/A
72_8_2234_46721_13999/1	gi|2463378371|dbj|AP027461.1|	95.455	44	2	0	68	111	1628402	1628359	1.02e-07	71.3	511145	N/A
72_8_2234_46721_13999/1	gi|685042206|emb|LN590731.1|	93.878	49	0	3	61	106	347604	347652	1.02e-07	71.3	7962	N/A
72_8_2234_46721_13999/1	gi|685047827|emb|LN596339.1|	92.000	50	2	2	58	105	601778	601827	3.68e-07	69.4	7962	N/A
72_8_2312_20777_28763/1	gi|2701785471|gb|OR911489.1|	96.491	57	2	0	2	58	16034	16090	6.07e-15	95.3	185002	N/A
72_8_2312_20777_28763/1	gi|2978724457|gb|PV611058.1|	91.935	62	1	3	68	126	295320	295380	1.31e-11	84.2	3421660	N/A
72_8_2312_20777_28763/1	gi|2978724457|gb|PV611058.1|	90.769	65	1	4	68	129	295783	295845	4.72e-11	82.4	3421660	N/A
72_8_2312_20777_28763/1	gi|2557643774|emb|OY673254.1|	95.652	46	2	0	69	114	21732	21777	7.91e-09	75.0	2697049	N/A
72_8_2312_20777_28763/1	gi|2463378371|dbj|AP027461.1|	95.652	46	2	0	69	114	1299632	1299677	7.91e-09	75.0	511145	N/A
72_8_2312_20777_28763/1	gi|2463378371|dbj|AP027461.1|	95.652	46	2	0	69	114	1628404	1628359	7.91e-09	75.0	511145	N/A
72_8_2312_20777_28763/1	gi|2557638192|emb|OY694677.1|	93.878	49	1	2	67	114	4299	4346	2.84e-08	73.1	2697049	N/A
72_8_1231_33774_2961/1	gi|685042175|emb|LN590700.1|	94.231	52	1	2	82	131	14033950	14033899	6.11e-10	78.7	7962	N/A
72_8_1231_33774_2961/1	gi|685042175|emb|LN590700.1|	92.857	42	1	2	91	130	15778538	15778579	2.21e-04	60.2	7962	N/A
72_8_1231_33774_2961/1	gi|1842001608|ref|NC_047813.1|	92.157	51	2	2	86	136	18488	18536	1.02e-07	71.3	1958907	N/A
72_8_1231_33774_2961/1	gi|1842001608|ref|NC_047813.1|	95.349	43	2	0	86	128	60	18	3.68e-07	69.4	1958907	N/A
72_8_1231_33774_2961/1	gi|2557643774|emb|OY673254.1|	89.474	57	5	1	81	136	21721	21777	1.02e-07	71.3	2697049	N/A
72_8_1231_33774_2961/1	gi|2463378371|dbj|AP027461.1|	93.478	46	3	0	91	136	1299632	1299677	3.68e-07	69.4	511145	N/A
72_8_1231_33774_2961/1	gi|2463378371|dbj|AP027461.1|	93.478	46	3	0	91	136	1628404	1628359	3.68e-07	69.4	511145	N/A
72_8_1231_33774_2961/1	gi|685042157|emb|LN590682.1|	93.617	47	1	2	86	130	4473402	4473448	3.68e-07	69.4	7962	N/A
72_8_1231_33774_2961/1	gi|685042157|emb|LN590682.1|	93.478	46	1	2	87	130	992823	992778	1.32e-06	67.6	7962	N/A
72_8_1231_33774_2961/1	gi|685042157|emb|LN590682.1|	93.333	45	1	2	88	130	12087806	12087762	4.76e-06	65.8	7962	N/A
72_8_1231_33774_2961/1	gi|685042157|emb|LN590682.1|	97.297	37	1	0	89	125	839204	839240	1.71e-05	63.9	7962	N/A
72_8_2484_30415_26732/1	gi|2978724457|gb|PV611058.1|	94.488	127	2	4	14	137	295320	295444	7.52e-44	191	3421660	N/A
72_8_2484_30415_26732/1	gi|2978724457|gb|PV611058.1|	91.803	61	1	3	14	71	295783	295842	4.72e-11	82.4	3421660	N/A
72_8_2484_30415_26732/1	gi|2830983252|gb|CP170844.1|	84.043	94	7	2	15	100	4083423	4083330	1.31e-11	84.2	573	N/A
72_8_2484_30415_26732/1	gi|685042185|emb|LN590710.1|	97.778	45	1	0	4	48	9162078	9162122	6.11e-10	78.7	7962	N/A
72_8_2484_30415_26732/1	gi|685042185|emb|LN590710.1|	95.349	43	0	2	14	54	3790453	3790411	1.32e-06	67.6	7962	N/A
72_8_2484_30415_26732/1	gi|685042185|emb|LN590710.1|	95.349	43	0	2	14	54	6008693	6008735	1.32e-06	67.6	7962	N/A
72_8_2484_30415_26732/1	gi|685042185|emb|LN590710.1|	95.349	43	0	2	14	54	10218502	10218544	1.32e-06	67.6	7962	N/A
72_8_2484_30415_26732/1	gi|685042175|emb|LN590700.1|	92.857	56	1	3	3	55	14033954	14033899	6.11e-10	78.7	7962	N/A
72_8_2484_30415_26732/1	gi|685042175|emb|LN590700.1|	95.238	42	0	2	15	54	15778538	15778579	4.76e-06	65.8	7962	N/A
72_8_2484_30415_26732/1	gi|2557643774|emb|OY673254.1|	95.652	46	2	0	15	60	21732	21777	7.91e-09	75.0	2697049	N/A
72_8_1173_18034_26564/1	gi|2978724457|gb|PV611058.1|	94.595	111	2	3	30	137	295321	295430	3.53e-37	169	3421660	N/A
72_8_1173_18034_26564/1	gi|2978724457|gb|PV611058.1|	91.667	60	1	3	30	86	295784	295842	1.70e-10	80.5	3421660	N/A
72_8_1173_18034_26564/1	gi|2830983252|gb|CP170844.1|	82.979	94	14	1	30	121	4083423	4083330	1.31e-11	84.2	573	N/A
72_8_1173_18034_26564/1	gi|2557643774|emb|OY673254.1|	95.652	46	2	0	30	75	21732	21777	7.91e-09	75.0	2697049	N/A
72_8_1173_18034_26564/1	gi|2463378371|dbj|AP027461.1|	95.652	46	2	0	30	75	1299632	1299677	7.91e-09	75.0	511145	N/A
72_8_1173_18034_26564/1	gi|2463378371|dbj|AP027461.1|	95.652	46	2	0	30	75	1628404	1628359	7.91e-09	75.0	511145	N/A
72_8_1173_18034_26564/1	gi|685042161|emb|LN590686.1|	92.593	54	1	3	18	69	20813819	20813871	7.91e-09	75.0	7962	N/A
72_8_1173_18034_26564/1	gi|685042161|emb|LN590686.1|	95.349	43	0	2	29	69	4545830	4545872	1.32e-06	67.6	7962	N/A
72_8_1173_18034_26564/1	gi|685042161|emb|LN590686.1|	95.349	43	0	2	29	69	28125759	28125801	1.32e-06	67.6	7962	N/A
72_8_1173_18034_26564/1	gi|685042161|emb|LN590686.1|	91.837	49	0	4	25	69	6380187	6380235	4.76e-06	65.8	7962	N/A
72_8_1173_18034_26564/1	gi|685042161|emb|LN590686.1|	95.238	42	0	2	30	69	12304839	12304798	4.76e-06	65.8	7962	N/A
72_8_1173_18034_26564/1	gi|685042161|emb|LN590686.1|	95.238	42	0	2	30	69	17091846	17091887	4.76e-06	65.8	7962	N/A
72_8_1173_18034_26564/1	gi|685042161|emb|LN590686.1|	94.872	39	0	2	33	69	12436830	12436868	2.21e-04	60.2	7962	N/A
72_8_2271_3832_22824/1	gi|2557643774|emb|OY673254.1|	95.652	46	2	0	90	135	21732	21777	7.91e-09	75.0	2697049	N/A
72_8_2271_3832_22824/1	gi|2463378371|dbj|AP027461.1|	95.652	46	2	0	90	135	1299632	1299677	7.91e-09	75.0	511145	N/A
72_8_2271_3832_22824/1	gi|2463378371|dbj|AP027461.1|	95.652	46	2	0	90	135	1628404	1628359	7.91e-09	75.0	511145	N/A
72_8_2271_3832_22824/1	gi|780644672|ref|XM_011690559.1|	97.619	42	1	0	83	124	1031	1072	2.84e-08	73.1	64793	N/A
72_8_2271_3832_22824/1	gi|685042160|emb|LN590685.1|	93.878	49	1	2	83	129	16867634	16867586	2.84e-08	73.1	7962	N/A
72_8_2271_3832_22824/1	gi|685042160|emb|LN590685.1|	95.349	43	0	2	89	129	850808	850850	1.32e-06	67.6	7962	N/A
72_8_2271_3832_22824/1	gi|685042160|emb|LN590685.1|	95.238	42	0	2	90	129	14193258	14193217	4.76e-06	65.8	7962	N/A
72_8_2271_3832_22824/1	gi|685042160|emb|LN590685.1|	95.238	42	0	2	90	129	18159835	18159794	4.76e-06	65.8	7962	N/A
72_8_2271_3832_22824/1	gi|2560502367|emb|OY629453.1|	100.000	38	0	0	88	125	5916	5953	1.02e-07	71.3	2697049	N/A
72_8_2120_16351_3675/1	gi|685042161|emb|LN590686.1|	94.444	54	0	3	77	128	20813819	20813871	1.70e-10	80.5	7962	N/A
72_8_2120_16351_3675/1	gi|685042161|emb|LN590686.1|	95.556	45	0	2	86	128	6380191	6380235	1.02e-07	71.3	7962	N/A
72_8_2120_16351_3675/1	gi|685042161|emb|LN590686.1|	90.566	53	2	3	78	128	17091836	17091887	1.32e-06	67.6	7962	N/A
72_8_2120_16351_3675/1	gi|685042161|emb|LN590686.1|	95.238	42	0	2	89	128	4545831	4545872	4.76e-06	65.8	7962	N/A
72_8_2120_16351_3675/1	gi|685042161|emb|LN590686.1|	95.238	42	0	2	89	128	12304839	12304798	4.76e-06	65.8	7962	N/A
72_8_2120_16351_3675/1	gi|685042161|emb|LN590686.1|	95.238	42	0	2	89	128	28125760	28125801	4.76e-06	65.8	7962	N/A
72_8_2120_16351_3675/1	gi|685042161|emb|LN590686.1|	94.872	39	0	2	92	128	12436830	12436868	2.21e-04	60.2	7962	N/A
72_8_2120_16351_3675/1	gi|2557643774|emb|OY673254.1|	95.652	46	2	0	89	134	21732	21777	7.91e-09	75.0	2697049	N/A
72_8_2120_16351_3675/1	gi|2463378371|dbj|AP027461.1|	95.652	46	2	0	89	134	1299632	1299677	7.91e-09	75.0	511145	N/A
72_8_2120_16351_3675/1	gi|2463378371|dbj|AP027461.1|	95.652	46	2	0	89	134	1628404	1628359	7.91e-09	75.0	511145	N/A
72_8_2120_16351_3675/1	gi|2557638192|emb|OY694677.1|	89.831	59	3	3	77	134	4290	4346	2.84e-08	73.1	2697049	N/A
72_8_2120_16351_3675/1	gi|685042409|emb|LN590934.1|	95.652	46	0	2	85	128	458436	458481	2.84e-08	73.1	7962	N/A
72_8_1408_9772_7612/1	gi|2978724457|gb|PV611058.1|	88.095	84	6	3	57	137	295321	295403	1.69e-15	97.1	3421660	N/A
72_8_1408_9772_7612/1	gi|2978724457|gb|PV611058.1|	91.667	60	1	3	57	113	295784	295842	1.70e-10	80.5	3421660	N/A
72_8_1408_9772_7612/1	gi|2830983252|gb|CP170844.1|	85.714	84	9	2	57	137	4083423	4083340	3.65e-12	86.1	573	N/A
72_8_1408_9772_7612/1	gi|2557643774|emb|OY673254.1|	95.652	46	2	0	57	102	21732	21777	7.91e-09	75.0	2697049	N/A
72_8_1408_9772_7612/1	gi|2463378371|dbj|AP027461.1|	95.652	46	2	0	57	102	1299632	1299677	7.91e-09	75.0	511145	N/A
72_8_1408_9772_7612/1	gi|2463378371|dbj|AP027461.1|	95.652	46	2	0	57	102	1628404	1628359	7.91e-09	75.0	511145	N/A
72_8_1408_9772_7612/1	gi|685042161|emb|LN590686.1|	92.593	54	1	3	45	96	20813819	20813871	7.91e-09	75.0	7962	N/A
72_8_1408_9772_7612/1	gi|685042161|emb|LN590686.1|	95.349	43	0	2	56	96	4545830	4545872	1.32e-06	67.6	7962	N/A
72_8_1408_9772_7612/1	gi|685042161|emb|LN590686.1|	95.349	43	0	2	56	96	28125759	28125801	1.32e-06	67.6	7962	N/A
72_8_1408_9772_7612/1	gi|685042161|emb|LN590686.1|	91.837	49	0	4	52	96	6380187	6380235	4.76e-06	65.8	7962	N/A
72_8_1408_9772_7612/1	gi|685042161|emb|LN590686.1|	95.238	42	0	2	57	96	12304839	12304798	4.76e-06	65.8	7962	N/A
72_8_1408_9772_7612/1	gi|685042161|emb|LN590686.1|	95.238	42	0	2	57	96	17091846	17091887	4.76e-06	65.8	7962	N/A
72_8_1408_9772_7612/1	gi|685042161|emb|LN590686.1|	94.872	39	0	2	60	96	12436830	12436868	2.21e-04	60.2	7962	N/A
72_8_1240_28360_4936/1	gi|2978724457|gb|PV611058.1|	93.694	111	3	3	30	137	295321	295430	1.64e-35	163	3421660	N/A
72_8_1240_28360_4936/1	gi|2978724457|gb|PV611058.1|	91.667	60	1	3	30	86	295784	295842	1.70e-10	80.5	3421660	N/A
72_8_1240_28360_4936/1	gi|2830983252|gb|CP170844.1|	84.375	96	12	2	28	120	4083425	4083330	7.85e-14	91.6	573	N/A
72_8_1240_28360_4936/1	gi|2557643774|emb|OY673254.1|	95.652	46	2	0	30	75	21732	21777	7.91e-09	75.0	2697049	N/A
72_8_1240_28360_4936/1	gi|2463378371|dbj|AP027461.1|	95.652	46	2	0	30	75	1299632	1299677	7.91e-09	75.0	511145	N/A
72_8_1240_28360_4936/1	gi|2463378371|dbj|AP027461.1|	95.652	46	2	0	30	75	1628404	1628359	7.91e-09	75.0	511145	N/A
72_8_1240_28360_4936/1	gi|2557638192|emb|OY694677.1|	89.831	59	3	3	18	75	4290	4346	2.84e-08	73.1	2697049	N/A
72_8_2493_23561_11310/1	gi|2155043183|emb|OV015804.1|	97.368	38	1	0	13	50	29948	29911	4.76e-06	65.8	2697049	N/A
72_8_2493_23561_11310/1	gi|2991388636|dbj|AP040949.1|	97.297	37	1	0	13	49	3527637	3527673	1.71e-05	63.9	573	N/A
72_8_2493_23561_11310/1	gi|2565360070|emb|OY632882.1|	95.000	40	2	0	9	48	22461	22500	1.71e-05	63.9	2697049	N/A
72_8_2493_23561_11310/1	gi|2560502367|emb|OY629453.1|	97.297	37	1	0	13	49	5917	5953	1.71e-05	63.9	2697049	N/A
72_8_2493_23561_11310/1	gi|2557638192|emb|OY694677.1|	91.489	47	2	2	14	59	4301	4346	1.71e-05	63.9	2697049	N/A
72_8_1101_21036_10918/1	gi|2978724457|gb|PV611058.1|	95.000	100	1	3	41	137	295321	295419	9.87e-33	154	3421660	N/A
72_8_1101_21036_10918/1	gi|2978724457|gb|PV611058.1|	91.667	60	1	3	41	97	295784	295842	1.70e-10	80.5	3421660	N/A
72_8_1101_21036_10918/1	gi|685042160|emb|LN590685.1|	95.918	49	0	2	34	80	16867634	16867586	6.11e-10	78.7	7962	N/A
72_8_1101_21036_10918/1	gi|685042160|emb|LN590685.1|	93.750	48	1	2	35	80	850803	850850	1.02e-07	71.3	7962	N/A
72_8_1101_21036_10918/1	gi|685042160|emb|LN590685.1|	95.238	42	0	2	41	80	14193258	14193217	4.76e-06	65.8	7962	N/A
72_8_1101_21036_10918/1	gi|685042160|emb|LN590685.1|	95.238	42	0	2	41	80	18159835	18159794	4.76e-06	65.8	7962	N/A
72_8_1101_21036_10918/1	gi|2557643774|emb|OY673254.1|	95.652	46	2	0	41	86	21732	21777	7.91e-09	75.0	2697049	N/A
72_8_1101_21036_10918/1	gi|2463378371|dbj|AP027461.1|	95.652	46	2	0	41	86	1299632	1299677	7.91e-09	75.0	511145	N/A
72_8_1101_21036_10918/1	gi|2463378371|dbj|AP027461.1|	95.652	46	2	0	41	86	1628404	1628359	7.91e-09	75.0	511145	N/A
72_8_1101_21036_10918/1	gi|2830983252|gb|CP170844.1|	81.915	94	5	2	41	122	4083423	4083330	3.68e-07	69.4	573	N/A
72_8_1195_33142_22880/1	gi|2978724457|gb|PV611058.1|	95.833	120	1	3	2	118	295326	295444	7.52e-44	191	3421660	N/A
72_8_1195_33142_22880/1	gi|2978724457|gb|PV611058.1|	90.909	55	1	3	2	53	295789	295842	1.02e-07	71.3	3421660	N/A
72_8_1195_33142_22880/1	gi|2557643774|emb|OY673254.1|	95.122	41	2	0	2	42	21737	21777	4.76e-06	65.8	2697049	N/A
72_8_1195_33142_22880/1	gi|2463378371|dbj|AP027461.1|	95.122	41	2	0	2	42	1299637	1299677	4.76e-06	65.8	511145	N/A
72_8_1195_33142_22880/1	gi|2463378371|dbj|AP027461.1|	95.122	41	2	0	2	42	1628399	1628359	4.76e-06	65.8	511145	N/A
72_8_1195_33142_22880/1	gi|2830983252|gb|CP170844.1|	80.899	89	5	2	2	78	4083418	4083330	2.21e-04	60.2	573	N/A
72_8_1195_33142_22880/1	gi|2755084441|gb|PP943425.1|	92.857	42	1	2	2	42	67820	67780	2.21e-04	60.2	10258	N/A
72_8_1195_33142_22880/1	gi|2755084441|gb|PP943425.1|	92.683	41	1	2	2	41	67596	67635	7.96e-04	58.4	10258	N/A
72_8_1380_19507_17291/1	gi|2557643774|emb|OY673254.1|	95.652	46	2	0	89	134	21732	21777	7.91e-09	75.0	2697049	N/A
72_8_1380_19507_17291/1	gi|2463378371|dbj|AP027461.1|	95.652	46	2	0	89	134	1299632	1299677	7.91e-09	75.0	511145	N/A
72_8_1380_19507_17291/1	gi|2463378371|dbj|AP027461.1|	95.652	46	2	0	89	134	1628404	1628359	7.91e-09	75.0	511145	N/A
72_8_1380_19507_17291/1	gi|2755084441|gb|PP943425.1|	93.878	49	1	2	86	133	67588	67635	2.84e-08	73.1	10258	N/A
72_8_1380_19507_17291/1	gi|2755084441|gb|PP943425.1|	93.617	47	1	2	89	134	67825	67780	3.68e-07	69.4	10258	N/A
72_8_1380_19507_17291/1	gi|2924925013|gb|PQ571295.1|	100.000	38	0	0	86	123	226	263	1.02e-07	71.3	3385244	N/A
72_8_1380_19507_17291/1	gi|2557648311|emb|OY677105.1|	100.000	38	0	0	86	123	9641	9678	1.02e-07	71.3	2697049	N/A
72_8_2147_48420_11590/1	gi|2557638192|emb|OY694677.1|	91.667	48	2	2	14	60	4300	4346	4.76e-06	65.8	2697049	N/A
72_8_2147_48420_11590/1	gi|2059855482|tpg|BK040575.1|	95.122	41	2	0	10	50	42	2	4.76e-06	65.8	2832643	N/A
72_8_2147_48420_11590/1	gi|2165834303|emb|OV196009.1|	91.304	46	4	0	15	60	115	70	1.71e-05	63.9	2697049	N/A
72_8_2147_48420_11590/1	gi|2165834303|emb|OV196009.1|	95.000	40	2	0	15	54	29912	29951	1.71e-05	63.9	2697049	N/A
72_8_2147_48420_11590/1	gi|2155043183|emb|OV015804.1|	97.297	37	1	0	15	51	29947	29911	1.71e-05	63.9	2697049	N/A
72_8_2147_48420_11590/1	gi|1971769499|gb|MW477480.1|	97.297	37	1	0	14	50	19396	19432	1.71e-05	63.9	2803381	N/A
72_8_1409_18115_29114/1	gi|2978724457|gb|PV611058.1|	91.667	84	3	3	57	137	295321	295403	1.68e-20	113	3421660	N/A
72_8_1409_18115_29114/1	gi|2978724457|gb|PV611058.1|	91.667	60	1	3	57	113	295784	295842	1.70e-10	80.5	3421660	N/A
72_8_1409_18115_29114/1	gi|2557643774|emb|OY673254.1|	95.652	46	2	0	57	102	21732	21777	7.91e-09	75.0	2697049	N/A
72_8_1409_18115_29114/1	gi|2463378371|dbj|AP027461.1|	95.652	46	2	0	57	102	1299632	1299677	7.91e-09	75.0	511145	N/A
72_8_1409_18115_29114/1	gi|2463378371|dbj|AP027461.1|	95.652	46	2	0	57	102	1628404	1628359	7.91e-09	75.0	511145	N/A
72_8_1409_18115_29114/1	gi|2830983252|gb|CP170844.1|	82.558	86	11	2	56	137	4083424	4083339	2.84e-08	73.1	573	N/A
72_8_1409_18115_29114/1	gi|2755084441|gb|PP943425.1|	93.750	48	1	2	55	101	67589	67635	1.02e-07	71.3	10258	N/A
72_8_1409_18115_29114/1	gi|2755084441|gb|PP943425.1|	93.617	47	1	2	57	102	67825	67780	3.68e-07	69.4	10258	N/A
72_8_2430_47619_5889/1	gi|2978724457|gb|PV611058.1|	91.339	127	5	5	14	137	295321	295444	3.53e-37	169	3421660	N/A
72_8_2430_47619_5889/1	gi|2978724457|gb|PV611058.1|	89.286	56	2	3	14	66	295784	295838	1.32e-06	67.6	3421660	N/A
72_8_2430_47619_5889/1	gi|2830983252|gb|CP170844.1|	82.979	94	10	3	14	101	4083423	4083330	1.70e-10	80.5	573	N/A
72_8_2430_47619_5889/1	gi|685042524|emb|LN591049.1|	95.745	47	0	2	9	53	341738	341692	7.91e-09	75.0	7962	N/A
72_8_2430_47619_5889/1	gi|685042185|emb|LN590710.1|	95.556	45	2	0	3	47	9162078	9162122	2.84e-08	73.1	7962	N/A
72_8_2430_47619_5889/1	gi|685042185|emb|LN590710.1|	95.238	42	0	2	14	53	3790452	3790411	4.76e-06	65.8	7962	N/A
72_8_2430_47619_5889/1	gi|685042185|emb|LN590710.1|	95.238	42	0	2	14	53	6008694	6008735	4.76e-06	65.8	7962	N/A
72_8_2430_47619_5889/1	gi|685042185|emb|LN590710.1|	93.478	46	0	3	11	53	10218499	10218544	4.76e-06	65.8	7962	N/A
72_8_2430_47619_5889/1	gi|2879580981|emb|OZ217211.1|	95.455	44	2	0	4	47	16834	16791	1.02e-07	71.3	158104	N/A
72_8_2153_2724_10175/1	gi|2978724457|gb|PV611058.1|	89.313	131	9	4	10	137	295316	295444	2.12e-34	159	3421660	N/A
72_8_2153_2724_10175/1	gi|2978724457|gb|PV611058.1|	90.769	65	2	3	10	71	295779	295842	1.31e-11	84.2	3421660	N/A
72_8_2153_2724_10175/1	gi|2830983252|gb|CP170844.1|	83.505	97	11	3	15	109	4083423	4083330	3.65e-12	86.1	573	N/A
72_8_2153_2724_10175/1	gi|2557643774|emb|OY673254.1|	95.652	46	2	0	15	60	21732	21777	7.91e-09	75.0	2697049	N/A
72_8_2153_2724_10175/1	gi|2463378371|dbj|AP027461.1|	93.878	49	3	0	12	60	1299629	1299677	7.91e-09	75.0	511145	N/A
72_8_2153_2724_10175/1	gi|2463378371|dbj|AP027461.1|	95.652	46	2	0	15	60	1628404	1628359	7.91e-09	75.0	511145	N/A
72_8_2153_2724_10175/1	gi|685047827|emb|LN596339.1|	94.000	50	1	2	7	54	601778	601827	7.91e-09	75.0	7962	N/A
72_8_2334_17848_27979/1	gi|2830983252|gb|CP170844.1|	88.462	78	7	1	62	137	4083424	4083347	2.18e-14	93.5	573	N/A
72_8_2334_17848_27979/1	gi|2978724457|gb|PV611058.1|	90.625	64	2	3	60	120	295318	295380	4.72e-11	82.4	3421660	N/A
72_8_2334_17848_27979/1	gi|2978724457|gb|PV611058.1|	90.476	63	2	3	60	119	295781	295842	1.70e-10	80.5	3421660	N/A
72_8_2334_17848_27979/1	gi|2557643774|emb|OY673254.1|	95.652	46	2	0	63	108	21732	21777	7.91e-09	75.0	2697049	N/A
72_8_2334_17848_27979/1	gi|2463378371|dbj|AP027461.1|	95.652	46	2	0	63	108	1299632	1299677	7.91e-09	75.0	511145	N/A
72_8_2334_17848_27979/1	gi|2463378371|dbj|AP027461.1|	95.652	46	2	0	63	108	1628404	1628359	7.91e-09	75.0	511145	N/A
72_8_2334_17848_27979/1	gi|685042175|emb|LN590700.1|	92.308	52	2	2	54	103	14033950	14033899	2.84e-08	73.1	7962	N/A
72_8_2334_17848_27979/1	gi|685042175|emb|LN590700.1|	93.750	48	0	3	57	102	15778533	15778579	3.68e-07	69.4	7962	N/A
72_8_1265_36064_6617/1	gi|2978724457|gb|PV611058.1|	87.500	128	10	5	13	137	295320	295444	2.14e-29	143	3421660	N/A
72_8_1265_36064_6617/1	gi|2978724457|gb|PV611058.1|	90.625	64	1	4	13	73	295783	295844	1.70e-10	80.5	3421660	N/A
72_8_1265_36064_6617/1	gi|2830983252|gb|CP170844.1|	89.583	96	6	3	14	107	4083423	4083330	3.60e-22	119	573	N/A
72_8_1265_36064_6617/1	gi|685042161|emb|LN590686.1|	92.727	55	1	3	1	53	20813818	20813871	2.20e-09	76.8	7962	N/A
72_8_1265_36064_6617/1	gi|685042161|emb|LN590686.1|	95.455	44	0	2	12	53	6380192	6380235	3.68e-07	69.4	7962	N/A
72_8_1265_36064_6617/1	gi|685042161|emb|LN590686.1|	95.238	42	0	2	14	53	4545831	4545872	4.76e-06	65.8	7962	N/A
72_8_1265_36064_6617/1	gi|685042161|emb|LN590686.1|	95.238	42	0	2	14	53	12304839	12304798	4.76e-06	65.8	7962	N/A
72_8_1265_36064_6617/1	gi|685042161|emb|LN590686.1|	95.238	42	0	2	14	53	17091846	17091887	4.76e-06	65.8	7962	N/A
72_8_1265_36064_6617/1	gi|685042161|emb|LN590686.1|	95.238	42	0	2	14	53	28125760	28125801	4.76e-06	65.8	7962	N/A
72_8_1265_36064_6617/1	gi|685042161|emb|LN590686.1|	94.872	39	0	2	17	53	12436830	12436868	2.21e-04	60.2	7962	N/A
72_8_1265_36064_6617/1	gi|2557643774|emb|OY673254.1|	95.652	46	2	0	14	59	21732	21777	7.91e-09	75.0	2697049	N/A
72_8_1265_36064_6617/1	gi|2557638192|emb|OY694677.1|	91.228	57	2	3	4	59	4292	4346	7.91e-09	75.0	2697049	N/A
72_8_2263_20211_9489/1	gi|2978724457|gb|PV611058.1|	88.636	132	1	6	1	129	295324	295444	4.59e-31	148	3421660	N/A
72_8_2263_20211_9489/1	gi|2978724457|gb|PV611058.1|	90.000	60	1	4	1	57	295787	295844	2.84e-08	73.1	3421660	N/A
72_8_2263_20211_9489/1	gi|2830983252|gb|CP170844.1|	88.172	93	7	3	1	91	4083420	4083330	7.79e-19	108	573	N/A
72_8_2263_20211_9489/1	gi|2557643774|emb|OY673254.1|	95.349	43	2	0	1	43	21735	21777	3.68e-07	69.4	2697049	N/A
72_8_2263_20211_9489/1	gi|2463378371|dbj|AP027461.1|	95.349	43	2	0	1	43	1299635	1299677	3.68e-07	69.4	511145	N/A
72_8_2263_20211_9489/1	gi|2463378371|dbj|AP027461.1|	95.349	43	2	0	1	43	1628401	1628359	3.68e-07	69.4	511145	N/A
72_8_2263_20211_9489/1	gi|2755084441|gb|PP943425.1|	80.899	89	13	4	1	87	67822	67736	1.32e-06	67.6	10258	N/A
72_8_2263_20211_9489/1	gi|2755084441|gb|PP943425.1|	93.023	43	1	2	1	42	67594	67635	6.15e-05	62.1	10258	N/A
72_8_1432_10654_21774/1	gi|2978724457|gb|PV611058.1|	91.538	130	5	5	11	137	295318	295444	7.58e-39	174	3421660	N/A
72_8_1432_10654_21774/1	gi|2978724457|gb|PV611058.1|	90.625	64	1	4	11	71	295781	295842	1.70e-10	80.5	3421660	N/A
72_8_1432_10654_21774/1	gi|2830983252|gb|CP170844.1|	87.234	94	9	2	15	105	4083423	4083330	1.01e-17	104	573	N/A
72_8_1432_10654_21774/1	gi|685042178|emb|LN590703.1|	95.918	49	0	2	8	54	13166497	13166545	6.11e-10	78.7	7962	N/A
72_8_1432_10654_21774/1	gi|685042178|emb|LN590703.1|	95.556	45	0	2	12	54	12952798	12952842	1.02e-07	71.3	7962	N/A
72_8_1432_10654_21774/1	gi|685042178|emb|LN590703.1|	95.349	43	0	2	14	54	17684506	17684464	1.32e-06	67.6	7962	N/A
72_8_1432_10654_21774/1	gi|685042178|emb|LN590703.1|	95.238	42	0	2	15	54	1057735	1057776	4.76e-06	65.8	7962	N/A
72_8_1432_10654_21774/1	gi|685042178|emb|LN590703.1|	95.238	42	0	2	15	54	7304702	7304661	4.76e-06	65.8	7962	N/A
72_8_1432_10654_21774/1	gi|685042175|emb|LN590700.1|	94.231	52	1	2	6	55	14033950	14033899	6.11e-10	78.7	7962	N/A
72_8_1432_10654_21774/1	gi|685042175|emb|LN590700.1|	95.238	42	0	2	15	54	15778538	15778579	4.76e-06	65.8	7962	N/A
72_8_1432_10654_21774/1	gi|2557643774|emb|OY673254.1|	91.228	57	4	1	5	60	21721	21777	2.20e-09	76.8	2697049	N/A
72_8_1384_27737_21423/1	gi|2978724457|gb|PV611058.1|	87.179	78	8	2	62	137	295321	295398	1.02e-12	87.9	3421660	N/A
72_8_1384_27737_21423/1	gi|2978724457|gb|PV611058.1|	89.831	59	4	2	62	118	295784	295842	7.91e-09	75.0	3421660	N/A
72_8_1384_27737_21423/1	gi|780644672|ref|XM_011690559.1|	100.000	40	0	0	60	99	1036	1075	7.91e-09	75.0	64793	N/A
72_8_1384_27737_21423/1	gi|685049067|emb|LN597579.1|	100.000	40	0	0	57	96	1397	1436	7.91e-09	75.0	7962	N/A
72_8_1384_27737_21423/1	gi|2056797228|tpg|BK057247.1|	100.000	39	0	0	60	98	42089	42127	2.84e-08	73.1	38018	N/A
72_8_1384_27737_21423/1	gi|2560502367|emb|OY629453.1|	100.000	38	0	0	59	96	5915	5952	1.02e-07	71.3	2697049	N/A
72_8_1418_50961_21003/1	gi|2978724457|gb|PV611058.1|	91.525	59	1	3	80	135	295321	295378	6.11e-10	78.7	3421660	N/A
72_8_1418_50961_21003/1	gi|2978724457|gb|PV611058.1|	91.525	59	1	3	80	135	295784	295841	6.11e-10	78.7	3421660	N/A
72_8_1418_50961_21003/1	gi|2557643774|emb|OY673254.1|	95.652	46	2	0	80	125	21732	21777	7.91e-09	75.0	2697049	N/A
72_8_1418_50961_21003/1	gi|2463378371|dbj|AP027461.1|	95.652	46	2	0	80	125	1299632	1299677	7.91e-09	75.0	511145	N/A
72_8_1418_50961_21003/1	gi|2463378371|dbj|AP027461.1|	95.652	46	2	0	80	125	1628404	1628359	7.91e-09	75.0	511145	N/A
72_8_1418_50961_21003/1	gi|2557638192|emb|OY694677.1|	89.831	59	3	3	68	125	4290	4346	2.84e-08	73.1	2697049	N/A
72_8_1418_50961_21003/1	gi|2165836832|emb|OV197136.1|	93.878	49	1	2	78	125	118	71	2.84e-08	73.1	2697049	N/A
72_8_2120_19547_5595/1	gi|2978724457|gb|PV611058.1|	95.238	126	1	4	15	137	295321	295444	5.82e-45	195	3421660	N/A
72_8_2120_19547_5595/1	gi|2978724457|gb|PV611058.1|	91.667	60	1	3	15	71	295784	295842	1.70e-10	80.5	3421660	N/A
72_8_2120_19547_5595/1	gi|2830983252|gb|CP170844.1|	82.979	94	11	2	15	103	4083423	4083330	1.70e-10	80.5	573	N/A
72_8_2120_19547_5595/1	gi|2557643774|emb|OY673254.1|	95.652	46	2	0	15	60	21732	21777	7.91e-09	75.0	2697049	N/A
72_8_2120_19547_5595/1	gi|2463378371|dbj|AP027461.1|	95.652	46	2	0	15	60	1299632	1299677	7.91e-09	75.0	511145	N/A
72_8_2120_19547_5595/1	gi|2463378371|dbj|AP027461.1|	95.652	46	2	0	15	60	1628404	1628359	7.91e-09	75.0	511145	N/A
72_8_2120_19547_5595/1	gi|685046063|emb|LN594588.1|	95.652	46	0	2	11	54	121372	121417	2.84e-08	73.1	7962	N/A
72_8_1419_41065_26536/1	gi|2978724457|gb|PV611058.1|	87.619	105	9	3	36	137	295316	295419	3.60e-22	119	3421660	N/A
72_8_1419_41065_26536/1	gi|2978724457|gb|PV611058.1|	90.769	65	2	3	36	97	295779	295842	1.31e-11	84.2	3421660	N/A
72_8_1419_41065_26536/1	gi|2830983252|gb|CP170844.1|	88.421	95	8	2	41	133	4083423	4083330	6.03e-20	111	573	N/A
72_8_1419_41065_26536/1	gi|685042161|emb|LN590686.1|	94.444	54	0	3	29	80	20813819	20813871	1.70e-10	80.5	7962	N/A
72_8_1419_41065_26536/1	gi|685042161|emb|LN590686.1|	95.455	44	0	2	39	80	6380192	6380235	3.68e-07	69.4	7962	N/A
72_8_1419_41065_26536/1	gi|685042161|emb|LN590686.1|	95.238	42	0	2	41	80	4545831	4545872	4.76e-06	65.8	7962	N/A
72_8_1419_41065_26536/1	gi|685042161|emb|LN590686.1|	95.238	42	0	2	41	80	12304839	12304798	4.76e-06	65.8	7962	N/A
72_8_1419_41065_26536/1	gi|685042161|emb|LN590686.1|	95.238	42	0	2	41	80	17091846	17091887	4.76e-06	65.8	7962	N/A
72_8_1419_41065_26536/1	gi|685042161|emb|LN590686.1|	95.238	42	0	2	41	80	28125760	28125801	4.76e-06	65.8	7962	N/A
72_8_1419_41065_26536/1	gi|685042161|emb|LN590686.1|	94.872	39	0	2	44	80	12436830	12436868	2.21e-04	60.2	7962	N/A
72_8_1419_41065_26536/1	gi|2557643774|emb|OY673254.1|	95.652	46	2	0	41	86	21732	21777	7.91e-09	75.0	2697049	N/A
72_8_1419_41065_26536/1	gi|2463378371|dbj|AP027461.1|	93.878	49	3	0	38	86	1299629	1299677	7.91e-09	75.0	511145	N/A
72_8_1419_41065_26536/1	gi|2463378371|dbj|AP027461.1|	95.652	46	2	0	41	86	1628404	1628359	7.91e-09	75.0	511145	N/A
72_8_2253_37366_27531/1	gi|2978724457|gb|PV611058.1|	90.625	64	2	3	77	137	295318	295380	4.72e-11	82.4	3421660	N/A
72_8_2253_37366_27531/1	gi|2978724457|gb|PV611058.1|	90.476	63	2	3	77	136	295781	295842	1.70e-10	80.5	3421660	N/A
72_8_2253_37366_27531/1	gi|685046967|emb|LN595492.1|	88.060	67	4	4	56	119	1079	1144	2.20e-09	76.8	7962	N/A
72_8_2253_37366_27531/1	gi|2557643774|emb|OY673254.1|	95.652	46	2	0	80	125	21732	21777	7.91e-09	75.0	2697049	N/A
72_8_2253_37366_27531/1	gi|2463378371|dbj|AP027461.1|	95.652	46	2	0	80	125	1299632	1299677	7.91e-09	75.0	511145	N/A
72_8_2253_37366_27531/1	gi|2463378371|dbj|AP027461.1|	95.652	46	2	0	80	125	1628404	1628359	7.91e-09	75.0	511145	N/A
72_8_2253_37366_27531/1	gi|685042161|emb|LN590686.1|	92.593	54	1	3	68	119	20813819	20813871	7.91e-09	75.0	7962	N/A
72_8_2253_37366_27531/1	gi|685042161|emb|LN590686.1|	95.349	43	0	2	79	119	12304840	12304798	1.32e-06	67.6	7962	N/A
72_8_2253_37366_27531/1	gi|685042161|emb|LN590686.1|	95.238	42	0	2	80	119	4545831	4545872	4.76e-06	65.8	7962	N/A
72_8_2253_37366_27531/1	gi|685042161|emb|LN590686.1|	95.238	42	0	2	80	119	6380194	6380235	4.76e-06	65.8	7962	N/A
72_8_2253_37366_27531/1	gi|685042161|emb|LN590686.1|	95.238	42	0	2	80	119	17091846	17091887	4.76e-06	65.8	7962	N/A
72_8_2253_37366_27531/1	gi|685042161|emb|LN590686.1|	95.238	42	0	2	80	119	28125760	28125801	4.76e-06	65.8	7962	N/A
72_8_2253_37366_27531/1	gi|685042161|emb|LN590686.1|	94.872	39	0	2	83	119	12436830	12436868	2.21e-04	60.2	7962	N/A
72_8_2348_13543_13999/1	gi|2978724457|gb|PV611058.1|	89.313	131	1	9	1	128	295324	295444	3.55e-32	152	3421660	N/A
72_8_2348_13543_13999/1	gi|2978724457|gb|PV611058.1|	91.071	56	1	3	1	53	295787	295841	2.84e-08	73.1	3421660	N/A
72_8_2348_13543_13999/1	gi|2830983252|gb|CP170844.1|	82.979	94	11	4	1	92	4083420	4083330	1.70e-10	80.5	573	N/A
72_8_2348_13543_13999/1	gi|2755084441|gb|PP943425.1|	81.111	90	13	4	1	89	67822	67736	3.68e-07	69.4	10258	N/A
72_8_2348_13543_13999/1	gi|2755084441|gb|PP943425.1|	93.023	43	1	2	1	42	67594	67635	6.15e-05	62.1	10258	N/A
72_8_2348_13543_13999/1	gi|2557643774|emb|OY673254.1|	95.349	43	2	0	1	43	21735	21777	3.68e-07	69.4	2697049	N/A
72_8_2348_13543_13999/1	gi|2463378371|dbj|AP027461.1|	95.349	43	2	0	1	43	1299635	1299677	3.68e-07	69.4	511145	N/A
72_8_2348_13543_13999/1	gi|2463378371|dbj|AP027461.1|	95.349	43	2	0	1	43	1628401	1628359	3.68e-07	69.4	511145	N/A
72_8_2257_15785_23090/1	gi|2830983252|gb|CP170844.1|	86.047	86	10	1	54	137	4083423	4083338	7.85e-14	91.6	573	N/A
72_8_2257_15785_23090/1	gi|2978724457|gb|PV611058.1|	85.227	88	9	3	53	137	295320	295406	1.02e-12	87.9	3421660	N/A
72_8_2257_15785_23090/1	gi|2978724457|gb|PV611058.1|	90.625	64	1	4	53	113	295783	295844	1.70e-10	80.5	3421660	N/A
72_8_2257_15785_23090/1	gi|685042161|emb|LN590686.1|	94.444	54	0	3	42	93	20813819	20813871	1.70e-10	80.5	7962	N/A
72_8_2257_15785_23090/1	gi|685042161|emb|LN590686.1|	95.455	44	0	2	52	93	6380192	6380235	3.68e-07	69.4	7962	N/A
72_8_2257_15785_23090/1	gi|685042161|emb|LN590686.1|	95.238	42	0	2	54	93	4545831	4545872	4.76e-06	65.8	7962	N/A
72_8_2257_15785_23090/1	gi|685042161|emb|LN590686.1|	95.238	42	0	2	54	93	12304839	12304798	4.76e-06	65.8	7962	N/A
72_8_2257_15785_23090/1	gi|685042161|emb|LN590686.1|	95.238	42	0	2	54	93	17091846	17091887	4.76e-06	65.8	7962	N/A
72_8_2257_15785_23090/1	gi|685042161|emb|LN590686.1|	95.238	42	0	2	54	93	28125760	28125801	4.76e-06	65.8	7962	N/A
72_8_2257_15785_23090/1	gi|685042161|emb|LN590686.1|	94.872	39	0	2	57	93	12436830	12436868	2.21e-04	60.2	7962	N/A
72_8_2257_15785_23090/1	gi|2557643774|emb|OY673254.1|	91.228	57	4	1	44	99	21721	21777	2.20e-09	76.8	2697049	N/A
72_8_2257_15785_23090/1	gi|2463378371|dbj|AP027461.1|	95.652	46	2	0	54	99	1299632	1299677	7.91e-09	75.0	511145	N/A
72_8_2257_15785_23090/1	gi|2463378371|dbj|AP027461.1|	95.652	46	2	0	54	99	1628404	1628359	7.91e-09	75.0	511145	N/A
72_8_1253_29468_23328/1	gi|2004791780|ref|XM_040046797.1|	100.000	32	0	0	17	48	32	1	2.21e-04	60.2	43689	N/A
72_8_1114_27389_17907/1	gi|2978724457|gb|PV611058.1|	91.111	90	4	3	51	137	295320	295408	3.60e-22	119	3421660	N/A
72_8_1114_27389_17907/1	gi|2978724457|gb|PV611058.1|	91.803	61	1	3	51	108	295783	295842	4.72e-11	82.4	3421660	N/A
72_8_1114_27389_17907/1	gi|685042161|emb|LN590686.1|	94.444	54	0	3	40	91	20813819	20813871	1.70e-10	80.5	7962	N/A
72_8_1114_27389_17907/1	gi|685042161|emb|LN590686.1|	95.455	44	0	2	50	91	6380192	6380235	3.68e-07	69.4	7962	N/A
72_8_1114_27389_17907/1	gi|685042161|emb|LN590686.1|	95.238	42	0	2	52	91	4545831	4545872	4.76e-06	65.8	7962	N/A
72_8_1114_27389_17907/1	gi|685042161|emb|LN590686.1|	95.238	42	0	2	52	91	12304839	12304798	4.76e-06	65.8	7962	N/A
72_8_1114_27389_17907/1	gi|685042161|emb|LN590686.1|	95.238	42	0	2	52	91	17091846	17091887	4.76e-06	65.8	7962	N/A
72_8_1114_27389_17907/1	gi|685042161|emb|LN590686.1|	95.238	42	0	2	52	91	28125760	28125801	4.76e-06	65.8	7962	N/A
72_8_1114_27389_17907/1	gi|685042161|emb|LN590686.1|	94.872	39	0	2	55	91	12436830	12436868	2.21e-04	60.2	7962	N/A
72_8_1114_27389_17907/1	gi|2557643774|emb|OY673254.1|	91.228	57	4	1	42	97	21721	21777	2.20e-09	76.8	2697049	N/A
72_8_1114_27389_17907/1	gi|2830983252|gb|CP170844.1|	82.222	90	12	2	52	137	4083423	4083334	7.91e-09	75.0	573	N/A
72_8_1114_27389_17907/1	gi|2463378371|dbj|AP027461.1|	95.652	46	2	0	52	97	1299632	1299677	7.91e-09	75.0	511145	N/A
72_8_1114_27389_17907/1	gi|2463378371|dbj|AP027461.1|	95.652	46	2	0	52	97	1628404	1628359	7.91e-09	75.0	511145	N/A
72_8_1195_52094_15764/1	gi|2978724457|gb|PV611058.1|	92.308	91	3	3	50	137	295320	295409	2.15e-24	126	3421660	N/A
72_8_1195_52094_15764/1	gi|2978724457|gb|PV611058.1|	91.803	61	1	3	50	107	295783	295842	4.72e-11	82.4	3421660	N/A
72_8_1195_52094_15764/1	gi|2557643774|emb|OY673254.1|	95.652	46	2	0	51	96	21732	21777	7.91e-09	75.0	2697049	N/A
72_8_1195_52094_15764/1	gi|2463378371|dbj|AP027461.1|	93.878	49	3	0	48	96	1299629	1299677	7.91e-09	75.0	511145	N/A
72_8_1195_52094_15764/1	gi|2463378371|dbj|AP027461.1|	95.652	46	2	0	51	96	1628404	1628359	7.91e-09	75.0	511145	N/A
72_8_1195_52094_15764/1	gi|685047827|emb|LN596339.1|	94.000	50	1	2	43	90	601778	601827	7.91e-09	75.0	7962	N/A
72_8_1195_52094_15764/1	gi|685043901|emb|LN592426.1|	94.118	51	0	3	42	90	375099	375148	7.91e-09	75.0	7962	N/A
72_8_1319_42546_18762/1	gi|2978724457|gb|PV611058.1|	92.366	131	2	6	10	137	295319	295444	1.63e-40	180	3421660	N/A
72_8_1319_42546_18762/1	gi|2978724457|gb|PV611058.1|	90.323	62	2	3	10	68	295782	295842	6.11e-10	78.7	3421660	N/A
72_8_1319_42546_18762/1	gi|2830983252|gb|CP170844.1|	83.158	95	13	2	12	104	4083423	4083330	1.31e-11	84.2	573	N/A
72_8_1319_42546_18762/1	gi|2557643774|emb|OY673254.1|	89.474	57	5	1	2	57	21721	21777	1.02e-07	71.3	2697049	N/A
72_8_1319_42546_18762/1	gi|2560250289|emb|OY708460.1|	92.000	50	2	2	9	57	6487	6535	3.68e-07	69.4	2697049	N/A
72_8_1319_42546_18762/1	gi|2463378371|dbj|AP027461.1|	93.478	46	3	0	12	57	1299632	1299677	3.68e-07	69.4	511145	N/A
72_8_1319_42546_18762/1	gi|2463378371|dbj|AP027461.1|	93.478	46	3	0	12	57	1628404	1628359	3.68e-07	69.4	511145	N/A
72_8_2129_20931_3900/1	gi|2830983252|gb|CP170844.1|	90.698	86	5	2	54	137	4083423	4083339	6.03e-20	111	573	N/A
72_8_2129_20931_3900/1	gi|2978724457|gb|PV611058.1|	91.935	62	1	3	54	112	295784	295844	1.31e-11	84.2	3421660	N/A
72_8_2129_20931_3900/1	gi|2978724457|gb|PV611058.1|	91.667	60	1	3	54	110	295321	295379	1.70e-10	80.5	3421660	N/A
72_8_2129_20931_3900/1	gi|2557643774|emb|OY673254.1|	95.652	46	2	0	54	99	21732	21777	7.91e-09	75.0	2697049	N/A
72_8_2129_20931_3900/1	gi|2463378371|dbj|AP027461.1|	93.878	49	3	0	51	99	1299629	1299677	7.91e-09	75.0	511145	N/A
72_8_2129_20931_3900/1	gi|2463378371|dbj|AP027461.1|	95.652	46	2	0	54	99	1628404	1628359	7.91e-09	75.0	511145	N/A
72_8_2129_20931_3900/1	gi|685049067|emb|LN597579.1|	100.000	40	0	0	49	88	1397	1436	7.91e-09	75.0	7962	N/A
72_8_1218_39325_8816/1	gi|2978724457|gb|PV611058.1|	89.683	126	8	4	15	137	295321	295444	2.74e-33	156	3421660	N/A
72_8_1218_39325_8816/1	gi|2978724457|gb|PV611058.1|	91.667	60	1	3	15	71	295784	295842	1.70e-10	80.5	3421660	N/A
72_8_1218_39325_8816/1	gi|2830983252|gb|CP170844.1|	90.625	96	7	1	13	106	4083425	4083330	2.15e-24	126	573	N/A
72_8_1218_39325_8816/1	gi|685042185|emb|LN590710.1|	97.727	44	1	0	5	48	9162079	9162122	2.20e-09	76.8	7962	N/A
72_8_1218_39325_8816/1	gi|685042185|emb|LN590710.1|	95.238	42	0	2	15	54	3790452	3790411	4.76e-06	65.8	7962	N/A
72_8_1218_39325_8816/1	gi|685042185|emb|LN590710.1|	95.238	42	0	2	15	54	6008694	6008735	4.76e-06	65.8	7962	N/A
72_8_1218_39325_8816/1	gi|685042185|emb|LN590710.1|	95.238	42	0	2	15	54	10218503	10218544	4.76e-06	65.8	7962	N/A
72_8_1218_39325_8816/1	gi|2557643774|emb|OY673254.1|	95.652	46	2	0	15	60	21732	21777	7.91e-09	75.0	2697049	N/A
72_8_1218_39325_8816/1	gi|2463378371|dbj|AP027461.1|	95.652	46	2	0	15	60	1299632	1299677	7.91e-09	75.0	511145	N/A
72_8_1218_39325_8816/1	gi|2463378371|dbj|AP027461.1|	95.652	46	2	0	15	60	1628404	1628359	7.91e-09	75.0	511145	N/A
72_8_1239_31038_28119/1	gi|2978724457|gb|PV611058.1|	91.270	126	6	4	15	137	295321	295444	1.27e-36	167	3421660	N/A
72_8_1239_31038_28119/1	gi|2978724457|gb|PV611058.1|	91.667	60	1	3	15	71	295784	295842	1.70e-10	80.5	3421660	N/A
72_8_1239_31038_28119/1	gi|2830983252|gb|CP170844.1|	88.421	95	7	2	14	104	4083424	4083330	6.03e-20	111	573	N/A
72_8_1239_31038_28119/1	gi|2557643774|emb|OY673254.1|	95.652	46	2	0	15	60	21732	21777	7.91e-09	75.0	2697049	N/A
72_8_1239_31038_28119/1	gi|2463378371|dbj|AP027461.1|	95.652	46	2	0	15	60	1299632	1299677	7.91e-09	75.0	511145	N/A
72_8_1239_31038_28119/1	gi|2463378371|dbj|AP027461.1|	95.652	46	2	0	15	60	1628404	1628359	7.91e-09	75.0	511145	N/A
72_8_1239_31038_28119/1	gi|685045708|emb|LN594233.1|	92.308	52	2	2	5	54	80413	80362	2.84e-08	73.1	7962	N/A
72_8_1263_13551_1882/1	gi|2557638192|emb|OY694677.1|	89.130	46	3	2	1	45	4302	4346	0.003	56.5	2697049	N/A
72_8_1263_13551_1882/1	gi|2165834303|emb|OV196009.1|	92.308	39	3	0	7	45	108	70	0.003	56.5	2697049	N/A
72_8_1263_13551_1882/1	gi|2165834303|emb|OV196009.1|	92.308	39	3	0	1	39	29913	29951	0.003	56.5	2697049	N/A
72_8_1263_13551_1882/1	gi|2155043183|emb|OV015804.1|	100.000	30	0	0	7	36	29940	29911	0.003	56.5	2697049	N/A
72_8_1263_13551_1882/1	gi|2991388636|dbj|AP040949.1|	94.286	35	2	0	1	35	3527639	3527673	0.010	54.7	573	N/A
72_8_1263_13551_1882/1	gi|2991388621|dbj|AP040934.1|	94.286	35	2	0	1	35	146950	146984	0.010	54.7	562	N/A
72_8_1263_13551_1882/1	gi|2991388621|dbj|AP040934.1|	100.000	29	0	0	7	35	4900943	4900915	0.010	54.7	562	N/A
72_8_1145_42764_11100/1	gi|2978724457|gb|PV611058.1|	96.000	125	1	3	15	136	295321	295444	1.25e-46	200	3421660	N/A
72_8_1145_42764_11100/1	gi|2978724457|gb|PV611058.1|	91.667	60	1	3	15	71	295784	295842	1.70e-10	80.5	3421660	N/A
72_8_1145_42764_11100/1	gi|2165836832|emb|OV197136.1|	94.231	52	1	2	10	60	121	71	6.11e-10	78.7	2697049	N/A
72_8_1145_42764_11100/1	gi|2165834303|emb|OV196009.1|	94.118	51	3	0	10	60	120	70	6.11e-10	78.7	2697049	N/A
72_8_1145_42764_11100/1	gi|2165834303|emb|OV196009.1|	97.561	41	1	0	14	54	29911	29951	1.02e-07	71.3	2697049	N/A
72_8_1145_42764_11100/1	gi|2165832678|emb|OV195277.1|	94.231	52	1	2	10	60	137	87	6.11e-10	78.7	2697049	N/A
72_8_1145_42764_11100/1	gi|2830983252|gb|CP170844.1|	82.292	96	5	2	13	96	4083425	4083330	2.84e-08	73.1	573	N/A
72_8_1318_42813_6449/1	gi|2813315218|emb|OZ187094.1|	100.000	32	0	0	8	39	19740902	19740933	2.21e-04	60.2	516509	N/A
72_8_1318_42813_6449/1	gi|3035405373|emb|OZ295845.1|	89.130	46	3	2	1	44	82420422	82420377	0.003	56.5	39297	N/A
72_8_1318_42813_6449/1	gi|3035241333|emb|OZ295816.1|	89.130	46	3	2	1	44	88733770	88733725	0.003	56.5	39297	N/A
72_8_1318_42813_6449/1	gi|2968110998|emb|OZ255659.1|	100.000	29	0	0	1	29	2350605	2350577	0.010	54.7	475394	N/A
72_8_1318_42813_6449/1	gi|2523338344|emb|OX940952.1|	100.000	29	0	0	1	29	46410516	46410544	0.010	54.7	475003	N/A
72_8_1150_39090_22614/1	gi|2978724457|gb|PV611058.1|	91.603	131	6	4	10	137	295316	295444	2.11e-39	176	3421660	N/A
72_8_1150_39090_22614/1	gi|2978724457|gb|PV611058.1|	90.769	65	2	3	10	71	295779	295842	1.31e-11	84.2	3421660	N/A
72_8_1150_39090_22614/1	gi|2830983252|gb|CP170844.1|	87.368	95	9	2	14	105	4083424	4083330	2.80e-18	106	573	N/A
72_8_1150_39090_22614/1	gi|2557643774|emb|OY673254.1|	95.652	46	2	0	15	60	21732	21777	7.91e-09	75.0	2697049	N/A
72_8_1150_39090_22614/1	gi|2463378371|dbj|AP027461.1|	95.652	46	2	0	15	60	1299632	1299677	7.91e-09	75.0	511145	N/A
72_8_1150_39090_22614/1	gi|2463378371|dbj|AP027461.1|	95.652	46	2	0	15	60	1628404	1628359	7.91e-09	75.0	511145	N/A
72_8_1150_39090_22614/1	gi|2557649546|emb|OY678249.1|	100.000	39	0	0	11	49	10396	10434	2.84e-08	73.1	2697049	N/A
72_8_2176_10622_6449/1	gi|2978724457|gb|PV611058.1|	90.090	111	7	3	30	137	295321	295430	7.68e-29	141	3421660	N/A
72_8_2176_10622_6449/1	gi|2978724457|gb|PV611058.1|	91.803	61	1	3	30	87	295784	295843	4.72e-11	82.4	3421660	N/A
72_8_2176_10622_6449/1	gi|2830983252|gb|CP170844.1|	88.542	96	9	1	28	121	4083425	4083330	4.66e-21	115	573	N/A
72_8_2176_10622_6449/1	gi|685042185|emb|LN590710.1|	97.727	44	1	0	20	63	9162079	9162122	2.20e-09	76.8	7962	N/A
72_8_2176_10622_6449/1	gi|685042185|emb|LN590710.1|	95.238	42	0	2	30	69	3790452	3790411	4.76e-06	65.8	7962	N/A
72_8_2176_10622_6449/1	gi|685042185|emb|LN590710.1|	95.238	42	0	2	30	69	6008694	6008735	4.76e-06	65.8	7962	N/A
72_8_2176_10622_6449/1	gi|685042185|emb|LN590710.1|	95.238	42	0	2	30	69	10218503	10218544	4.76e-06	65.8	7962	N/A
72_8_2176_10622_6449/1	gi|2557643774|emb|OY673254.1|	95.652	46	2	0	30	75	21732	21777	7.91e-09	75.0	2697049	N/A
72_8_2176_10622_6449/1	gi|2463378371|dbj|AP027461.1|	95.652	46	2	0	30	75	1299632	1299677	7.91e-09	75.0	511145	N/A
72_8_2176_10622_6449/1	gi|2463378371|dbj|AP027461.1|	95.652	46	2	0	30	75	1628404	1628359	7.91e-09	75.0	511145	N/A
72_8_2304_17492_4166/1	gi|2830983252|gb|CP170844.1|	88.095	84	8	1	56	137	4083423	4083340	4.69e-16	99.0	573	N/A
72_8_2304_17492_4166/1	gi|2978724457|gb|PV611058.1|	91.045	67	2	3	51	114	295779	295844	1.02e-12	87.9	3421660	N/A
72_8_2304_17492_4166/1	gi|2978724457|gb|PV611058.1|	90.769	65	2	3	51	112	295316	295379	1.31e-11	84.2	3421660	N/A
72_8_2304_17492_4166/1	gi|2557643774|emb|OY673254.1|	92.593	54	3	1	49	101	21724	21777	2.20e-09	76.8	2697049	N/A
72_8_2304_17492_4166/1	gi|685042175|emb|LN590700.1|	94.118	51	1	2	48	96	14033949	14033899	2.20e-09	76.8	7962	N/A
72_8_2304_17492_4166/1	gi|685042175|emb|LN590700.1|	95.238	42	0	2	56	95	15778538	15778579	4.76e-06	65.8	7962	N/A
72_8_2304_17492_4166/1	gi|2463378371|dbj|AP027461.1|	95.652	46	2	0	56	101	1299632	1299677	7.91e-09	75.0	511145	N/A
72_8_2304_17492_4166/1	gi|2463378371|dbj|AP027461.1|	95.652	46	2	0	56	101	1628404	1628359	7.91e-09	75.0	511145	N/A
72_8_1326_24556_14994/1	gi|2978724457|gb|PV611058.1|	90.698	86	4	3	55	137	295321	295405	6.03e-20	111	3421660	N/A
72_8_1326_24556_14994/1	gi|2978724457|gb|PV611058.1|	91.667	60	1	3	55	111	295784	295842	1.70e-10	80.5	3421660	N/A
72_8_1326_24556_14994/1	gi|2830983252|gb|CP170844.1|	83.721	86	11	2	55	137	4083423	4083338	6.11e-10	78.7	573	N/A
72_8_1326_24556_14994/1	gi|2524352013|emb|OY072335.1|	97.727	44	1	0	45	88	21648	21691	2.20e-09	76.8	2697049	N/A
72_8_1326_24556_14994/1	gi|685046795|emb|LN595320.1|	95.833	48	0	2	49	94	140295	140342	2.20e-09	76.8	7962	N/A
72_8_1326_24556_14994/1	gi|685045018|emb|LN593543.1|	95.833	48	0	2	49	94	140101	140148	2.20e-09	76.8	7962	N/A
72_8_2370_11981_23819/1	gi|2978724457|gb|PV611058.1|	88.462	130	9	5	11	137	295318	295444	3.55e-32	152	3421660	N/A
72_8_2370_11981_23819/1	gi|2978724457|gb|PV611058.1|	90.323	62	1	4	11	69	295781	295840	2.20e-09	76.8	3421660	N/A
72_8_2370_11981_23819/1	gi|2830983252|gb|CP170844.1|	87.629	97	6	3	14	106	4083424	4083330	7.79e-19	108	573	N/A
72_8_2370_11981_23819/1	gi|2557643774|emb|OY673254.1|	92.593	54	3	1	8	60	21724	21777	2.20e-09	76.8	2697049	N/A
72_8_2370_11981_23819/1	gi|685042242|emb|LN590767.1|	92.727	55	1	3	2	54	603268	603215	2.20e-09	76.8	7962	N/A
72_8_2370_11981_23819/1	gi|685042175|emb|LN590700.1|	92.727	55	1	3	3	55	14033952	14033899	2.20e-09	76.8	7962	N/A
72_8_2370_11981_23819/1	gi|685042175|emb|LN590700.1|	95.349	43	0	2	14	54	15778537	15778579	1.32e-06	67.6	7962	N/A
72_8_1331_41987_11016/1	gi|2978724457|gb|PV611058.1|	91.935	62	1	3	79	137	295321	295381	1.31e-11	84.2	3421660	N/A
72_8_1331_41987_11016/1	gi|2978724457|gb|PV611058.1|	91.667	60	1	3	79	135	295784	295842	1.70e-10	80.5	3421660	N/A
72_8_1331_41987_11016/1	gi|2557643774|emb|OY673254.1|	95.652	46	2	0	79	124	21732	21777	7.91e-09	75.0	2697049	N/A
72_8_1331_41987_11016/1	gi|2463378371|dbj|AP027461.1|	95.652	46	2	0	79	124	1299632	1299677	7.91e-09	75.0	511145	N/A
72_8_1331_41987_11016/1	gi|2463378371|dbj|AP027461.1|	95.652	46	2	0	79	124	1628404	1628359	7.91e-09	75.0	511145	N/A
72_8_1331_41987_11016/1	gi|2755084441|gb|PP943425.1|	93.878	49	1	2	76	123	67588	67635	2.84e-08	73.1	10258	N/A
72_8_1331_41987_11016/1	gi|2755084441|gb|PP943425.1|	93.617	47	1	2	79	124	67825	67780	3.68e-07	69.4	10258	N/A
72_8_1331_41987_11016/1	gi|2924925013|gb|PQ571295.1|	100.000	38	0	0	76	113	226	263	1.02e-07	71.3	3385244	N/A
72_8_2284_4868_1252/1	gi|2978724457|gb|PV611058.1|	85.600	125	12	4	16	137	295323	295444	2.15e-24	126	3421660	N/A
72_8_2284_4868_1252/1	gi|2978724457|gb|PV611058.1|	91.667	60	1	3	16	72	295786	295844	1.70e-10	80.5	3421660	N/A
72_8_2284_4868_1252/1	gi|2830983252|gb|CP170844.1|	87.629	97	5	6	16	110	4083421	4083330	2.80e-18	106	573	N/A
72_8_2284_4868_1252/1	gi|2557643774|emb|OY673254.1|	95.455	44	2	0	16	59	21734	21777	1.02e-07	71.3	2697049	N/A
72_8_2284_4868_1252/1	gi|2463378371|dbj|AP027461.1|	95.455	44	2	0	16	59	1299634	1299677	1.02e-07	71.3	511145	N/A
72_8_2284_4868_1252/1	gi|2463378371|dbj|AP027461.1|	95.455	44	2	0	16	59	1628402	1628359	1.02e-07	71.3	511145	N/A
72_8_2284_4868_1252/1	gi|685046795|emb|LN595320.1|	93.750	48	1	2	8	53	140295	140342	1.02e-07	71.3	7962	N/A
72_8_1106_14660_2933/1	gi|2978724457|gb|PV611058.1|	96.000	125	1	3	14	135	295321	295444	1.25e-46	200	3421660	N/A
72_8_1106_14660_2933/1	gi|2978724457|gb|PV611058.1|	91.667	60	1	3	14	70	295784	295842	1.70e-10	80.5	3421660	N/A
72_8_1106_14660_2933/1	gi|2557643774|emb|OY673254.1|	95.652	46	2	0	14	59	21732	21777	7.91e-09	75.0	2697049	N/A
72_8_1106_14660_2933/1	gi|2463378371|dbj|AP027461.1|	95.652	46	2	0	14	59	1299632	1299677	7.91e-09	75.0	511145	N/A
72_8_1106_14660_2933/1	gi|2463378371|dbj|AP027461.1|	95.652	46	2	0	14	59	1628404	1628359	7.91e-09	75.0	511145	N/A
72_8_1106_14660_2933/1	gi|2155043183|emb|OV015804.1|	100.000	40	0	0	11	50	29950	29911	7.91e-09	75.0	2697049	N/A
72_8_1106_14660_2933/1	gi|2830983252|gb|CP170844.1|	81.915	94	5	2	14	95	4083423	4083330	3.68e-07	69.4	573	N/A
72_8_1392_35238_27965/1	gi|2978724457|gb|PV611058.1|	93.407	91	2	3	50	137	295320	295409	4.63e-26	132	3421660	N/A
72_8_1392_35238_27965/1	gi|2978724457|gb|PV611058.1|	91.803	61	1	3	50	107	295783	295842	4.72e-11	82.4	3421660	N/A
72_8_1392_35238_27965/1	gi|685042802|emb|LN591327.1|	92.982	57	1	3	36	90	61993	62048	1.70e-10	80.5	7962	N/A
72_8_1392_35238_27965/1	gi|2830983252|gb|CP170844.1|	82.979	94	8	2	51	136	4083423	4083330	6.11e-10	78.7	573	N/A
72_8_1392_35238_27965/1	gi|2557638192|emb|OY694677.1|	91.525	59	2	3	39	96	4290	4346	6.11e-10	78.7	2697049	N/A
72_8_1392_35238_27965/1	gi|2710394916|tpg|BK066886.1|	97.778	45	0	1	41	84	29303	29347	2.20e-09	76.8	3116700	N/A
72_8_1278_19199_11072/1	gi|2978724457|gb|PV611058.1|	89.922	129	5	5	12	137	295321	295444	2.12e-34	159	3421660	N/A
72_8_1278_19199_11072/1	gi|2978724457|gb|PV611058.1|	91.525	59	1	3	12	67	295784	295841	6.11e-10	78.7	3421660	N/A
72_8_1278_19199_11072/1	gi|2830983252|gb|CP170844.1|	86.869	99	7	4	10	105	4083425	4083330	2.80e-18	106	573	N/A
72_8_1278_19199_11072/1	gi|2557643774|emb|OY673254.1|	95.652	46	2	0	12	57	21732	21777	7.91e-09	75.0	2697049	N/A
72_8_1278_19199_11072/1	gi|2463378371|dbj|AP027461.1|	95.652	46	2	0	12	57	1299632	1299677	7.91e-09	75.0	511145	N/A
72_8_1278_19199_11072/1	gi|2463378371|dbj|AP027461.1|	95.652	46	2	0	12	57	1628404	1628359	7.91e-09	75.0	511145	N/A
72_8_1278_19199_11072/1	gi|2165836832|emb|OV197136.1|	93.878	49	1	2	10	57	118	71	2.84e-08	73.1	2697049	N/A
72_8_1140_17015_9839/1	gi|2165836382|emb|OV196890.1|	100.000	41	0	0	96	136	122	82	2.20e-09	76.8	2697049	N/A
72_8_1140_17015_9839/1	gi|2165834670|emb|OV196177.1|	100.000	41	0	0	96	136	122	82	2.20e-09	76.8	2697049	N/A
72_8_1140_17015_9839/1	gi|2165834303|emb|OV196009.1|	100.000	41	0	0	96	136	120	80	2.20e-09	76.8	2697049	N/A
72_8_1140_17015_9839/1	gi|2165834303|emb|OV196009.1|	100.000	37	0	0	100	136	29911	29947	3.68e-07	69.4	2697049	N/A
72_8_1140_17015_9839/1	gi|2165834194|emb|OV195900.1|	100.000	40	0	0	96	135	200	161	7.91e-09	75.0	2697049	N/A
72_8_1140_17015_9839/1	gi|2165832904|emb|OV195202.1|	100.000	40	0	0	96	135	240	201	7.91e-09	75.0	2697049	N/A
72_8_2134_8591_17613/1	gi|2830983252|gb|CP170844.1|	87.013	77	8	1	63	137	4083423	4083347	3.65e-12	86.1	573	N/A
72_8_2134_8591_17613/1	gi|2978724457|gb|PV611058.1|	91.935	62	1	3	63	121	295321	295381	1.31e-11	84.2	3421660	N/A
72_8_2134_8591_17613/1	gi|2978724457|gb|PV611058.1|	91.667	60	1	3	63	119	295784	295842	1.70e-10	80.5	3421660	N/A
72_8_2134_8591_17613/1	gi|2557643774|emb|OY673254.1|	95.652	46	2	0	63	108	21732	21777	7.91e-09	75.0	2697049	N/A
72_8_2134_8591_17613/1	gi|2463378371|dbj|AP027461.1|	95.652	46	2	0	63	108	1299632	1299677	7.91e-09	75.0	511145	N/A
72_8_2134_8591_17613/1	gi|2463378371|dbj|AP027461.1|	95.652	46	2	0	63	108	1628404	1628359	7.91e-09	75.0	511145	N/A
72_8_2134_8591_17613/1	gi|685043901|emb|LN592426.1|	94.118	51	0	3	54	102	375099	375148	7.91e-09	75.0	7962	N/A
72_8_1438_16675_8522/1	gi|685042161|emb|LN590686.1|	94.444	54	0	3	78	129	20813819	20813871	1.70e-10	80.5	7962	N/A
72_8_1438_16675_8522/1	gi|685042161|emb|LN590686.1|	95.455	44	0	2	88	129	6380192	6380235	3.68e-07	69.4	7962	N/A
72_8_1438_16675_8522/1	gi|685042161|emb|LN590686.1|	90.566	53	2	3	79	129	17091836	17091887	1.32e-06	67.6	7962	N/A
72_8_1438_16675_8522/1	gi|685042161|emb|LN590686.1|	95.238	42	0	2	90	129	4545831	4545872	4.76e-06	65.8	7962	N/A
72_8_1438_16675_8522/1	gi|685042161|emb|LN590686.1|	95.238	42	0	2	90	129	12304839	12304798	4.76e-06	65.8	7962	N/A
72_8_1438_16675_8522/1	gi|685042161|emb|LN590686.1|	95.238	42	0	2	90	129	28125760	28125801	4.76e-06	65.8	7962	N/A
72_8_1438_16675_8522/1	gi|685042161|emb|LN590686.1|	94.872	39	0	2	93	129	12436830	12436868	2.21e-04	60.2	7962	N/A
72_8_1438_16675_8522/1	gi|685047827|emb|LN596339.1|	94.000	50	1	2	82	129	601778	601827	7.91e-09	75.0	7962	N/A
72_8_1438_16675_8522/1	gi|685042530|emb|LN591055.1|	95.745	47	0	2	86	130	361338	361292	7.91e-09	75.0	7962	N/A
72_8_1438_16675_8522/1	gi|2557643774|emb|OY673254.1|	95.556	45	2	0	90	134	21732	21776	2.84e-08	73.1	2697049	N/A
72_8_1438_16675_8522/1	gi|2557638192|emb|OY694677.1|	89.831	59	2	4	71	129	4285	4339	2.84e-08	73.1	2697049	N/A
72_8_1226_40207_29030/1	gi|2978724457|gb|PV611058.1|	85.263	95	10	3	46	137	295316	295409	6.07e-15	95.3	3421660	N/A
72_8_1226_40207_29030/1	gi|2978724457|gb|PV611058.1|	86.364	66	5	3	46	109	295779	295842	3.68e-07	69.4	3421660	N/A
72_8_1226_40207_29030/1	gi|685042161|emb|LN590686.1|	97.727	44	0	1	41	84	20813821	20813863	7.91e-09	75.0	7962	N/A
72_8_1226_40207_29030/1	gi|685042161|emb|LN590686.1|	100.000	36	0	0	49	84	6380192	6380227	1.32e-06	67.6	7962	N/A
72_8_1226_40207_29030/1	gi|685042161|emb|LN590686.1|	100.000	34	0	0	51	84	4545831	4545864	1.71e-05	63.9	7962	N/A
72_8_1226_40207_29030/1	gi|685042161|emb|LN590686.1|	100.000	34	0	0	51	84	12304839	12304806	1.71e-05	63.9	7962	N/A
72_8_1226_40207_29030/1	gi|685042161|emb|LN590686.1|	100.000	34	0	0	51	84	17091846	17091879	1.71e-05	63.9	7962	N/A
72_8_1226_40207_29030/1	gi|685042161|emb|LN590686.1|	100.000	34	0	0	51	84	28125760	28125793	1.71e-05	63.9	7962	N/A
72_8_1226_40207_29030/1	gi|685042161|emb|LN590686.1|	100.000	31	0	0	54	84	12436830	12436860	7.96e-04	58.4	7962	N/A
72_8_1226_40207_29030/1	gi|2165834303|emb|OV196009.1|	100.000	40	0	0	51	90	115	76	7.91e-09	75.0	2697049	N/A
72_8_1226_40207_29030/1	gi|2165834303|emb|OV196009.1|	100.000	40	0	0	51	90	29912	29951	7.91e-09	75.0	2697049	N/A
72_8_1226_40207_29030/1	gi|685047827|emb|LN596339.1|	97.619	42	1	0	43	84	601778	601819	2.84e-08	73.1	7962	N/A
72_8_1226_40207_29030/1	gi|2557638192|emb|OY694677.1|	100.000	38	0	0	50	87	4300	4337	1.02e-07	71.3	2697049	N/A
72_8_1352_39649_1252/1	gi|2830983252|gb|CP170844.1|	90.217	92	7	1	48	137	4083423	4083332	3.60e-22	119	573	N/A
72_8_1352_39649_1252/1	gi|2978724457|gb|PV611058.1|	86.022	93	9	3	48	137	295321	295412	1.69e-15	97.1	3421660	N/A
72_8_1352_39649_1252/1	gi|2978724457|gb|PV611058.1|	91.667	60	1	3	48	104	295784	295842	1.70e-10	80.5	3421660	N/A
72_8_1352_39649_1252/1	gi|2557643774|emb|OY673254.1|	95.652	46	2	0	48	93	21732	21777	7.91e-09	75.0	2697049	N/A
72_8_1352_39649_1252/1	gi|2463378371|dbj|AP027461.1|	93.878	49	3	0	45	93	1299629	1299677	7.91e-09	75.0	511145	N/A
72_8_1352_39649_1252/1	gi|2463378371|dbj|AP027461.1|	95.652	46	2	0	48	93	1628404	1628359	7.91e-09	75.0	511145	N/A
72_8_1352_39649_1252/1	gi|685047827|emb|LN596339.1|	94.000	50	1	2	40	87	601778	601827	7.91e-09	75.0	7962	N/A
72_8_1107_37423_6309/1	gi|2978724457|gb|PV611058.1|	91.803	61	1	3	75	132	295321	295380	4.72e-11	82.4	3421660	N/A
72_8_1107_37423_6309/1	gi|2978724457|gb|PV611058.1|	91.667	60	1	3	75	131	295784	295842	1.70e-10	80.5	3421660	N/A
72_8_1107_37423_6309/1	gi|2557643774|emb|OY673254.1|	93.878	49	3	0	72	120	21729	21777	7.91e-09	75.0	2697049	N/A
72_8_1107_37423_6309/1	gi|2463378371|dbj|AP027461.1|	95.652	46	2	0	75	120	1299632	1299677	7.91e-09	75.0	511145	N/A
72_8_1107_37423_6309/1	gi|2463378371|dbj|AP027461.1|	95.652	46	2	0	75	120	1628404	1628359	7.91e-09	75.0	511145	N/A
72_8_1107_37423_6309/1	gi|685042383|emb|LN590908.1|	95.745	47	0	2	70	114	293204	293158	7.91e-09	75.0	7962	N/A
72_8_1107_37423_6309/1	gi|685042180|emb|LN590705.1|	95.745	47	0	2	70	114	13923836	13923882	7.91e-09	75.0	7962	N/A
72_8_1107_37423_6309/1	gi|685042180|emb|LN590705.1|	95.349	43	0	2	75	115	14955372	14955330	1.32e-06	67.6	7962	N/A
72_8_1107_37423_6309/1	gi|685042180|emb|LN590705.1|	95.238	42	0	2	75	114	10473030	10472989	4.76e-06	65.8	7962	N/A
72_8_1107_37423_6309/1	gi|685042180|emb|LN590705.1|	95.238	42	0	2	75	114	13198413	13198372	4.76e-06	65.8	7962	N/A
72_8_1107_37423_6309/1	gi|685042180|emb|LN590705.1|	94.872	39	2	0	71	109	2155400	2155438	6.15e-05	62.1	7962	N/A
72_8_1107_37423_6309/1	gi|685042180|emb|LN590705.1|	94.444	36	0	2	81	114	2425115	2425150	0.010	54.7	7962	N/A
72_8_2252_4310_12304/1	gi|2978724457|gb|PV611058.1|	89.147	129	6	6	12	137	295321	295444	9.87e-33	154	3421660	N/A
72_8_2252_4310_12304/1	gi|2978724457|gb|PV611058.1|	88.889	63	2	4	12	71	295784	295844	2.84e-08	73.1	3421660	N/A
72_8_2252_4310_12304/1	gi|2830983252|gb|CP170844.1|	87.234	94	8	2	12	101	4083423	4083330	1.01e-17	104	573	N/A
72_8_2252_4310_12304/1	gi|2557643774|emb|OY673254.1|	95.652	46	2	0	12	57	21732	21777	7.91e-09	75.0	2697049	N/A
72_8_2252_4310_12304/1	gi|2463378371|dbj|AP027461.1|	95.652	46	2	0	12	57	1299632	1299677	7.91e-09	75.0	511145	N/A
72_8_2252_4310_12304/1	gi|2463378371|dbj|AP027461.1|	95.652	46	2	0	12	57	1628404	1628359	7.91e-09	75.0	511145	N/A
72_8_2252_4310_12304/1	gi|2755084441|gb|PP943425.1|	81.319	91	11	3	12	97	67825	67736	3.68e-07	69.4	10258	N/A
72_8_2252_4310_12304/1	gi|2755084441|gb|PP943425.1|	92.000	50	1	3	9	56	67587	67635	1.32e-06	67.6	10258	N/A
72_8_2168_26482_24855/1	gi|2978724457|gb|PV611058.1|	92.800	125	1	7	2	123	295325	295444	7.58e-39	174	3421660	N/A
72_8_2168_26482_24855/1	gi|2978724457|gb|PV611058.1|	91.071	56	1	3	2	54	295788	295842	2.84e-08	73.1	3421660	N/A
72_8_2168_26482_24855/1	gi|2830983252|gb|CP170844.1|	83.516	91	12	2	2	90	4083419	4083330	4.72e-11	82.4	573	N/A
72_8_2168_26482_24855/1	gi|2557643774|emb|OY673254.1|	95.238	42	2	0	2	43	21736	21777	1.32e-06	67.6	2697049	N/A
72_8_2168_26482_24855/1	gi|2463378371|dbj|AP027461.1|	95.238	42	2	0	2	43	1299636	1299677	1.32e-06	67.6	511145	N/A
72_8_2168_26482_24855/1	gi|2463378371|dbj|AP027461.1|	95.238	42	2	0	2	43	1628400	1628359	1.32e-06	67.6	511145	N/A
72_8_2168_26482_24855/1	gi|2755084441|gb|PP943425.1|	93.023	43	1	2	2	43	67821	67780	6.15e-05	62.1	10258	N/A
72_8_2168_26482_24855/1	gi|2755084441|gb|PP943425.1|	92.857	42	1	2	2	42	67595	67635	2.21e-04	60.2	10258	N/A
72_8_2260_41631_16002/1	gi|2978724457|gb|PV611058.1|	89.552	67	5	2	73	137	295321	295387	1.31e-11	84.2	3421660	N/A
72_8_2260_41631_16002/1	gi|2978724457|gb|PV611058.1|	90.000	60	4	2	73	130	295784	295843	2.20e-09	76.8	3421660	N/A
72_8_2260_41631_16002/1	gi|780644672|ref|XM_011690559.1|	100.000	40	0	0	71	110	1036	1075	7.91e-09	75.0	64793	N/A
72_8_2260_41631_16002/1	gi|685042161|emb|LN590686.1|	95.652	46	1	1	61	106	20813819	20813863	2.84e-08	73.1	7962	N/A
72_8_2260_41631_16002/1	gi|685042161|emb|LN590686.1|	100.000	35	0	0	72	106	4545830	4545864	4.76e-06	65.8	7962	N/A
72_8_2260_41631_16002/1	gi|685042161|emb|LN590686.1|	100.000	35	0	0	72	106	28125759	28125793	4.76e-06	65.8	7962	N/A
72_8_2260_41631_16002/1	gi|685042161|emb|LN590686.1|	100.000	34	0	0	73	106	6380194	6380227	1.71e-05	63.9	7962	N/A
72_8_2260_41631_16002/1	gi|685042161|emb|LN590686.1|	100.000	34	0	0	73	106	12304839	12304806	1.71e-05	63.9	7962	N/A
72_8_2260_41631_16002/1	gi|685042161|emb|LN590686.1|	100.000	34	0	0	73	106	17091846	17091879	1.71e-05	63.9	7962	N/A
72_8_2260_41631_16002/1	gi|685042161|emb|LN590686.1|	100.000	31	0	0	76	106	12436830	12436860	7.96e-04	58.4	7962	N/A
72_8_2260_41631_16002/1	gi|2056797228|tpg|BK057247.1|	100.000	39	0	0	71	109	42089	42127	2.84e-08	73.1	38018	N/A
72_8_2260_41631_16002/1	gi|2560502367|emb|OY629453.1|	100.000	38	0	0	70	107	5915	5952	1.02e-07	71.3	2697049	N/A
72_8_1498_17557_17949/1	gi|2978724457|gb|PV611058.1|	92.391	92	3	3	49	137	295319	295409	5.98e-25	128	3421660	N/A
72_8_1498_17557_17949/1	gi|2978724457|gb|PV611058.1|	90.323	62	2	3	49	107	295782	295842	6.11e-10	78.7	3421660	N/A
72_8_1498_17557_17949/1	gi|2557643774|emb|OY673254.1|	91.228	57	4	1	41	96	21721	21777	2.20e-09	76.8	2697049	N/A
72_8_1498_17557_17949/1	gi|2830983252|gb|CP170844.1|	81.915	94	9	2	51	136	4083423	4083330	2.84e-08	73.1	573	N/A
72_8_1498_17557_17949/1	gi|685042175|emb|LN590700.1|	92.308	52	2	2	42	91	14033950	14033899	2.84e-08	73.1	7962	N/A
72_8_1498_17557_17949/1	gi|685042175|emb|LN590700.1|	92.857	42	1	2	51	90	15778538	15778579	2.21e-04	60.2	7962	N/A
72_8_1498_17557_17949/1	gi|2560250289|emb|OY708460.1|	92.000	50	2	2	48	96	6487	6535	3.68e-07	69.4	2697049	N/A
72_8_1363_43436_9965/1	gi|2557638192|emb|OY694677.1|	94.231	52	1	2	81	132	4290	4339	6.11e-10	78.7	2697049	N/A
72_8_1363_43436_9965/1	gi|2560271083|emb|OY714119.1|	95.745	47	1	1	81	127	4290	4335	7.91e-09	75.0	2697049	N/A
72_8_1363_43436_9965/1	gi|685042802|emb|LN591327.1|	92.593	54	1	3	81	132	61996	62048	7.91e-09	75.0	7962	N/A
72_8_1363_43436_9965/1	gi|685042161|emb|LN590686.1|	92.593	54	1	3	81	132	20813819	20813871	7.91e-09	75.0	7962	N/A
72_8_1363_43436_9965/1	gi|685042161|emb|LN590686.1|	86.567	67	4	5	68	132	17091824	17091887	3.68e-07	69.4	7962	N/A
72_8_1363_43436_9965/1	gi|685042161|emb|LN590686.1|	95.349	43	0	2	92	132	6380193	6380235	1.32e-06	67.6	7962	N/A
72_8_1363_43436_9965/1	gi|685042161|emb|LN590686.1|	95.238	42	0	2	93	132	4545831	4545872	4.76e-06	65.8	7962	N/A
72_8_1363_43436_9965/1	gi|685042161|emb|LN590686.1|	95.238	42	0	2	93	132	12304839	12304798	4.76e-06	65.8	7962	N/A
72_8_1363_43436_9965/1	gi|685042161|emb|LN590686.1|	95.238	42	0	2	93	132	28125760	28125801	4.76e-06	65.8	7962	N/A
72_8_1363_43436_9965/1	gi|685042161|emb|LN590686.1|	94.872	39	0	2	96	132	12436830	12436868	2.21e-04	60.2	7962	N/A
72_8_1363_43436_9965/1	gi|1971769499|gb|MW477480.1|	97.674	43	1	0	86	128	19390	19432	7.91e-09	75.0	2803381	N/A
72_8_1363_43436_9965/1	gi|1971769499|gb|MW477480.1|	100.000	34	0	0	93	126	34	1	1.71e-05	63.9	2803381	N/A
72_8_1233_21247_29632/1	gi|2978724457|gb|PV611058.1|	90.977	133	1	6	3	132	295320	295444	3.53e-37	169	3421660	N/A
72_8_1233_21247_29632/1	gi|2978724457|gb|PV611058.1|	91.935	62	1	3	3	61	295783	295843	1.31e-11	84.2	3421660	N/A
72_8_1233_21247_29632/1	gi|2830983252|gb|CP170844.1|	89.362	94	7	2	4	94	4083423	4083330	4.66e-21	115	573	N/A
72_8_1233_21247_29632/1	gi|2557643774|emb|OY673254.1|	95.652	46	2	0	4	49	21732	21777	7.91e-09	75.0	2697049	N/A
72_8_1233_21247_29632/1	gi|2463378371|dbj|AP027461.1|	95.652	46	2	0	4	49	1299632	1299677	7.91e-09	75.0	511145	N/A
72_8_1233_21247_29632/1	gi|2463378371|dbj|AP027461.1|	95.652	46	2	0	4	49	1628404	1628359	7.91e-09	75.0	511145	N/A
72_8_1233_21247_29632/1	gi|2557638192|emb|OY694677.1|	93.878	49	1	2	2	49	4299	4346	2.84e-08	73.1	2697049	N/A
72_8_1432_30108_12108/1	gi|2565360070|emb|OY632882.1|	100.000	40	0	0	94	133	22461	22500	7.91e-09	75.0	2697049	N/A
72_8_1432_30108_12108/1	gi|2557652398|emb|OY682303.1|	100.000	39	0	0	94	132	22845	22883	2.84e-08	73.1	2697049	N/A
72_8_1432_30108_12108/1	gi|685042175|emb|LN590700.1|	95.652	46	1	1	91	135	14033949	14033904	2.84e-08	73.1	7962	N/A
72_8_1432_30108_12108/1	gi|685042175|emb|LN590700.1|	97.368	38	0	1	99	135	15778538	15778575	1.71e-05	63.9	7962	N/A
72_8_1432_30108_12108/1	gi|2319067183|gb|CP107088.1|	97.619	42	0	1	92	133	608307	608347	1.02e-07	71.3	630	N/A
72_8_1432_30108_12108/1	gi|2028580473|gb|MW408732.1|	100.000	38	0	0	95	132	1035	998	1.02e-07	71.3	2829358	N/A
72_8_1311_44544_17627/1	gi|2978724457|gb|PV611058.1|	90.000	100	6	3	41	137	295321	295419	2.15e-24	126	3421660	N/A
72_8_1311_44544_17627/1	gi|2978724457|gb|PV611058.1|	91.667	60	1	3	41	97	295784	295842	1.70e-10	80.5	3421660	N/A
72_8_1311_44544_17627/1	gi|2830983252|gb|CP170844.1|	87.368	95	9	2	40	131	4083424	4083330	2.80e-18	106	573	N/A
72_8_1311_44544_17627/1	gi|2557643774|emb|OY673254.1|	95.652	46	2	0	41	86	21732	21777	7.91e-09	75.0	2697049	N/A
72_8_1311_44544_17627/1	gi|2463378371|dbj|AP027461.1|	93.878	49	3	0	38	86	1299629	1299677	7.91e-09	75.0	511145	N/A
72_8_1311_44544_17627/1	gi|2463378371|dbj|AP027461.1|	95.652	46	2	0	41	86	1628404	1628359	7.91e-09	75.0	511145	N/A
72_8_1311_44544_17627/1	gi|685045708|emb|LN594233.1|	90.000	60	2	3	23	80	80419	80362	7.91e-09	75.0	7962	N/A
72_8_2453_46883_21451/1	gi|2991388636|dbj|AP040949.1|	97.368	38	1	0	69	106	4537862	4537899	4.76e-06	65.8	573	N/A
72_8_2484_41906_13789/1	gi|2978724457|gb|PV611058.1|	88.542	96	7	3	45	137	295316	295410	1.68e-20	113	3421660	N/A
72_8_2484_41906_13789/1	gi|2978724457|gb|PV611058.1|	89.552	67	2	4	45	108	295779	295843	1.70e-10	80.5	3421660	N/A
72_8_2484_41906_13789/1	gi|2830983252|gb|CP170844.1|	84.615	91	11	2	50	137	4083423	4083333	1.02e-12	87.9	573	N/A
72_8_2484_41906_13789/1	gi|2557643774|emb|OY673254.1|	95.652	46	2	0	50	95	21732	21777	7.91e-09	75.0	2697049	N/A
72_8_2484_41906_13789/1	gi|2463378371|dbj|AP027461.1|	95.652	46	2	0	50	95	1299632	1299677	7.91e-09	75.0	511145	N/A
72_8_2484_41906_13789/1	gi|2463378371|dbj|AP027461.1|	95.652	46	2	0	50	95	1628404	1628359	7.91e-09	75.0	511145	N/A
72_8_2484_41906_13789/1	gi|685042247|emb|LN590772.1|	95.745	47	0	2	45	89	76662	76708	7.91e-09	75.0	7962	N/A
72_8_1229_36662_23062/1	gi|2978724457|gb|PV611058.1|	91.379	58	1	3	66	120	295321	295377	2.20e-09	76.8	3421660	N/A
72_8_1229_36662_23062/1	gi|2978724457|gb|PV611058.1|	91.379	58	1	3	66	120	295784	295840	2.20e-09	76.8	3421660	N/A
72_8_1229_36662_23062/1	gi|2557643774|emb|OY673254.1|	95.652	46	2	0	66	111	21732	21777	7.91e-09	75.0	2697049	N/A
72_8_1229_36662_23062/1	gi|2463378371|dbj|AP027461.1|	95.652	46	2	0	66	111	1299632	1299677	7.91e-09	75.0	511145	N/A
72_8_1229_36662_23062/1	gi|2463378371|dbj|AP027461.1|	95.652	46	2	0	66	111	1628404	1628359	7.91e-09	75.0	511145	N/A
72_8_1229_36662_23062/1	gi|685046063|emb|LN594588.1|	95.652	46	0	2	62	105	121372	121417	2.84e-08	73.1	7962	N/A
72_8_1229_36662_23062/1	gi|685043901|emb|LN592426.1|	94.000	50	0	3	58	105	375100	375148	2.84e-08	73.1	7962	N/A
72_8_1390_15695_27783/1	gi|2978724457|gb|PV611058.1|	93.103	87	2	3	54	137	295321	295406	7.74e-24	124	3421660	N/A
72_8_1390_15695_27783/1	gi|2978724457|gb|PV611058.1|	91.667	60	1	3	54	110	295784	295842	1.70e-10	80.5	3421660	N/A
72_8_1390_15695_27783/1	gi|2830983252|gb|CP170844.1|	82.609	92	8	2	54	137	4083423	4083332	7.91e-09	75.0	573	N/A
72_8_1390_15695_27783/1	gi|2557643774|emb|OY673254.1|	95.652	46	2	0	54	99	21732	21777	7.91e-09	75.0	2697049	N/A
72_8_1390_15695_27783/1	gi|2463378371|dbj|AP027461.1|	95.652	46	2	0	54	99	1299632	1299677	7.91e-09	75.0	511145	N/A
72_8_1390_15695_27783/1	gi|2463378371|dbj|AP027461.1|	95.652	46	2	0	54	99	1628404	1628359	7.91e-09	75.0	511145	N/A
72_8_1390_15695_27783/1	gi|780644672|ref|XM_011690559.1|	97.619	42	1	0	47	88	1031	1072	2.84e-08	73.1	64793	N/A
72_8_1283_31160_17851/1	gi|3014747989|dbj|AP041609.1|	100.000	35	0	0	66	100	869009	868975	4.76e-06	65.8	1280	N/A
72_8_1283_31160_17851/1	gi|2719965819|gb|PP582185.1|	100.000	35	0	0	66	100	17846	17880	4.76e-06	65.8	3138323	N/A
72_8_2384_5006_13985/1	gi|2978724457|gb|PV611058.1|	86.260	131	13	4	10	137	295316	295444	9.94e-28	137	3421660	N/A
72_8_2384_5006_13985/1	gi|2978724457|gb|PV611058.1|	90.164	61	2	3	10	67	295779	295838	2.20e-09	76.8	3421660	N/A
72_8_2384_5006_13985/1	gi|2830983252|gb|CP170844.1|	84.694	98	9	5	15	110	4083423	4083330	2.18e-14	93.5	573	N/A
72_8_2384_5006_13985/1	gi|2557643774|emb|OY673254.1|	95.652	46	2	0	15	60	21732	21777	7.91e-09	75.0	2697049	N/A
72_8_2384_5006_13985/1	gi|2463378371|dbj|AP027461.1|	93.878	49	3	0	12	60	1299629	1299677	7.91e-09	75.0	511145	N/A
72_8_2384_5006_13985/1	gi|2463378371|dbj|AP027461.1|	95.652	46	2	0	15	60	1628404	1628359	7.91e-09	75.0	511145	N/A
72_8_2384_5006_13985/1	gi|685047827|emb|LN596339.1|	94.000	50	1	2	7	54	601778	601827	7.91e-09	75.0	7962	N/A
72_8_1431_44504_18790/1	gi|2978724457|gb|PV611058.1|	92.126	127	5	4	14	137	295320	295444	7.58e-39	174	3421660	N/A
72_8_1431_44504_18790/1	gi|2978724457|gb|PV611058.1|	91.803	61	1	3	14	71	295783	295842	4.72e-11	82.4	3421660	N/A
72_8_1431_44504_18790/1	gi|2830983252|gb|CP170844.1|	87.234	94	8	2	15	104	4083423	4083330	1.01e-17	104	573	N/A
72_8_1431_44504_18790/1	gi|685042175|emb|LN590700.1|	94.231	52	1	2	6	55	14033950	14033899	6.11e-10	78.7	7962	N/A
72_8_1431_44504_18790/1	gi|685042175|emb|LN590700.1|	95.238	42	0	2	15	54	15778538	15778579	4.76e-06	65.8	7962	N/A
72_8_1431_44504_18790/1	gi|685042185|emb|LN590710.1|	97.727	44	1	0	5	48	9162079	9162122	2.20e-09	76.8	7962	N/A
72_8_1431_44504_18790/1	gi|685042185|emb|LN590710.1|	95.349	43	0	2	14	54	3790453	3790411	1.32e-06	67.6	7962	N/A
72_8_1431_44504_18790/1	gi|685042185|emb|LN590710.1|	95.349	43	0	2	14	54	6008693	6008735	1.32e-06	67.6	7962	N/A
72_8_1431_44504_18790/1	gi|685042185|emb|LN590710.1|	95.349	43	0	2	14	54	10218502	10218544	1.32e-06	67.6	7962	N/A
72_8_1431_44504_18790/1	gi|2557643774|emb|OY673254.1|	95.652	46	2	0	15	60	21732	21777	7.91e-09	75.0	2697049	N/A
72_8_2304_28611_5595/1	gi|2978724457|gb|PV611058.1|	91.045	67	2	3	57	120	295316	295381	1.02e-12	87.9	3421660	N/A
72_8_2304_28611_5595/1	gi|2978724457|gb|PV611058.1|	90.769	65	2	3	57	118	295779	295842	1.31e-11	84.2	3421660	N/A
72_8_2304_28611_5595/1	gi|2560250289|emb|OY708460.1|	94.118	51	1	2	58	107	6486	6535	2.20e-09	76.8	2697049	N/A
72_8_2304_28611_5595/1	gi|2557643774|emb|OY673254.1|	91.228	57	4	1	52	107	21721	21777	2.20e-09	76.8	2697049	N/A
72_8_2304_28611_5595/1	gi|2557638192|emb|OY694677.1|	91.228	57	2	3	52	107	4292	4346	7.91e-09	75.0	2697049	N/A
72_8_2304_28611_5595/1	gi|2463378371|dbj|AP027461.1|	95.652	46	2	0	62	107	1299632	1299677	7.91e-09	75.0	511145	N/A
72_8_2304_28611_5595/1	gi|2463378371|dbj|AP027461.1|	95.652	46	2	0	62	107	1628404	1628359	7.91e-09	75.0	511145	N/A
72_8_2237_30715_21395/1	gi|2978724457|gb|PV611058.1|	90.551	127	6	5	14	137	295321	295444	1.64e-35	163	3421660	N/A
72_8_2237_30715_21395/1	gi|2978724457|gb|PV611058.1|	90.000	60	2	3	14	70	295784	295842	7.91e-09	75.0	3421660	N/A
72_8_2237_30715_21395/1	gi|2830983252|gb|CP170844.1|	81.443	97	16	2	13	109	4083424	4083330	6.11e-10	78.7	573	N/A
72_8_2237_30715_21395/1	gi|2557648311|emb|OY677105.1|	97.674	43	0	1	7	48	9636	9678	2.84e-08	73.1	2697049	N/A
72_8_2237_30715_21395/1	gi|2557643774|emb|OY673254.1|	95.455	44	2	0	14	57	21732	21775	1.02e-07	71.3	2697049	N/A
72_8_2237_30715_21395/1	gi|2463378371|dbj|AP027461.1|	93.617	47	3	0	11	57	1299629	1299675	1.02e-07	71.3	511145	N/A
72_8_2237_30715_21395/1	gi|2463378371|dbj|AP027461.1|	95.455	44	2	0	14	57	1628404	1628361	1.02e-07	71.3	511145	N/A
72_8_2278_44504_11058/1	gi|2978724457|gb|PV611058.1|	90.476	105	6	3	36	137	295316	295419	3.58e-27	135	3421660	N/A
72_8_2278_44504_11058/1	gi|2978724457|gb|PV611058.1|	90.769	65	2	3	36	97	295779	295842	1.31e-11	84.2	3421660	N/A
72_8_2278_44504_11058/1	gi|2830983252|gb|CP170844.1|	84.211	95	12	2	41	133	4083423	4083330	2.82e-13	89.8	573	N/A
72_8_2278_44504_11058/1	gi|2560250289|emb|OY708460.1|	94.118	51	1	2	37	86	6486	6535	2.20e-09	76.8	2697049	N/A
72_8_2278_44504_11058/1	gi|2557643774|emb|OY673254.1|	92.593	54	3	1	34	86	21724	21777	2.20e-09	76.8	2697049	N/A
72_8_2278_44504_11058/1	gi|2463378371|dbj|AP027461.1|	95.652	46	2	0	41	86	1299632	1299677	7.91e-09	75.0	511145	N/A
72_8_2278_44504_11058/1	gi|2463378371|dbj|AP027461.1|	95.652	46	2	0	41	86	1628404	1628359	7.91e-09	75.0	511145	N/A
72_8_2405_35861_10441/1	gi|2978724457|gb|PV611058.1|	92.857	126	4	4	15	137	295321	295444	5.86e-40	178	3421660	N/A
72_8_2405_35861_10441/1	gi|2978724457|gb|PV611058.1|	91.667	60	1	3	15	71	295784	295842	1.70e-10	80.5	3421660	N/A
72_8_2405_35861_10441/1	gi|2830983252|gb|CP170844.1|	82.292	96	13	3	15	108	4083423	4083330	1.70e-10	80.5	573	N/A
72_8_2405_35861_10441/1	gi|2524352013|emb|OY072335.1|	95.833	48	2	0	1	48	21644	21691	6.11e-10	78.7	2697049	N/A
72_8_2405_35861_10441/1	gi|2557643774|emb|OY673254.1|	95.652	46	2	0	15	60	21732	21777	7.91e-09	75.0	2697049	N/A
72_8_2405_35861_10441/1	gi|2463378371|dbj|AP027461.1|	95.652	46	2	0	15	60	1299632	1299677	7.91e-09	75.0	511145	N/A
72_8_2405_35861_10441/1	gi|2463378371|dbj|AP027461.1|	95.652	46	2	0	15	60	1628404	1628359	7.91e-09	75.0	511145	N/A
72_8_2323_31840_12668/1	gi|1519244157|ref|NM_005762.3|	100.000	137	0	0	1	137	1656	1520	9.46e-63	254	9606	N/A
72_8_2323_31840_12668/1	gi|1147704567|emb|LT744417.1|	100.000	137	0	0	1	137	1449	1313	9.46e-63	254	1958742	N/A
72_8_2323_31840_12668/1	gi|649105886|gb|KJ892940.1|	100.000	137	0	0	1	137	1027	891	9.46e-63	254	32630	N/A
72_8_2323_31840_12668/1	gi|168278113|dbj|AB385179.1|	100.000	137	0	0	1	137	971	835	9.46e-63	254	32630	N/A
72_8_2323_31840_12668/1	gi|164694667|dbj|AK313478.1|	100.000	137	0	0	1	137	968	832	9.46e-63	254	9606	N/A
72_8_2234_43824_25177/1	gi|2978724457|gb|PV611058.1|	94.488	127	3	3	3	127	295320	295444	2.09e-44	193	3421660	N/A
72_8_2234_43824_25177/1	gi|2978724457|gb|PV611058.1|	91.667	60	3	2	3	60	295783	295842	4.72e-11	82.4	3421660	N/A
72_8_2234_43824_25177/1	gi|2830983252|gb|CP170844.1|	84.043	94	10	2	4	92	4083423	4083330	3.65e-12	86.1	573	N/A
72_8_2234_43824_25177/1	gi|2557643774|emb|OY673254.1|	95.652	46	2	0	4	49	21732	21777	7.91e-09	75.0	2697049	N/A
72_8_2234_43824_25177/1	gi|685042188|emb|LN590713.1|	100.000	39	0	0	3	41	7120047	7120085	2.84e-08	73.1	7962	N/A
72_8_2234_43824_25177/1	gi|685042188|emb|LN590713.1|	100.000	30	0	0	4	33	16189618	16189589	0.003	56.5	7962	N/A
72_8_2234_43824_25177/1	gi|2557653360|emb|OY683642.1|	100.000	35	0	0	1	35	22477	22511	4.76e-06	65.8	2697049	N/A
72_8_2314_41324_17655/1	gi|2701785471|gb|OR911489.1|	94.737	57	3	0	2	58	16034	16090	2.82e-13	89.8	185002	N/A
72_8_2314_41324_17655/1	gi|2978724457|gb|PV611058.1|	88.571	70	6	2	69	136	295321	295390	1.31e-11	84.2	3421660	N/A
72_8_2314_41324_17655/1	gi|2978724457|gb|PV611058.1|	89.831	59	4	2	69	125	295784	295842	7.91e-09	75.0	3421660	N/A
72_8_2314_41324_17655/1	gi|780644672|ref|XM_011690559.1|	100.000	39	0	0	68	106	1037	1075	2.84e-08	73.1	64793	N/A
72_8_2314_41324_17655/1	gi|2560271083|emb|OY714119.1|	95.556	45	1	1	59	103	4292	4335	1.02e-07	71.3	2697049	N/A
72_8_2314_41324_17655/1	gi|2557643774|emb|OY673254.1|	95.455	44	2	0	69	112	21732	21775	1.02e-07	71.3	2697049	N/A
72_8_1364_34469_22404/1	gi|2978724457|gb|PV611058.1|	91.667	84	3	3	57	137	295321	295403	1.68e-20	113	3421660	N/A
72_8_1364_34469_22404/1	gi|2978724457|gb|PV611058.1|	91.667	60	1	3	57	113	295784	295842	1.70e-10	80.5	3421660	N/A
72_8_1364_34469_22404/1	gi|685042175|emb|LN590700.1|	95.833	48	0	2	51	96	15778532	15778579	2.20e-09	76.8	7962	N/A
72_8_1364_34469_22404/1	gi|685042175|emb|LN590700.1|	95.349	43	0	2	57	97	14033941	14033899	1.32e-06	67.6	7962	N/A
72_8_1364_34469_22404/1	gi|2557643774|emb|OY673254.1|	95.652	46	2	0	57	102	21732	21777	7.91e-09	75.0	2697049	N/A
72_8_1364_34469_22404/1	gi|2463378371|dbj|AP027461.1|	93.878	49	3	0	54	102	1299629	1299677	7.91e-09	75.0	511145	N/A
72_8_1364_34469_22404/1	gi|2463378371|dbj|AP027461.1|	95.652	46	2	0	57	102	1628404	1628359	7.91e-09	75.0	511145	N/A
72_8_1364_34469_22404/1	gi|685047827|emb|LN596339.1|	94.000	50	1	2	49	96	601778	601827	7.91e-09	75.0	7962	N/A
72_8_2454_9473_3984/1	gi|2557638192|emb|OY694677.1|	91.667	48	2	2	64	110	4300	4346	4.76e-06	65.8	2697049	N/A
72_8_2454_9473_3984/1	gi|685042188|emb|LN590713.1|	97.297	37	1	0	63	99	7120046	7120082	1.71e-05	63.9	7962	N/A
72_8_2454_9473_3984/1	gi|2165834303|emb|OV196009.1|	91.304	46	4	0	65	110	115	70	1.71e-05	63.9	2697049	N/A
72_8_2454_9473_3984/1	gi|2165834303|emb|OV196009.1|	95.000	40	2	0	65	104	29912	29951	1.71e-05	63.9	2697049	N/A
72_8_2454_9473_3984/1	gi|2155043183|emb|OV015804.1|	97.297	37	1	0	65	101	29947	29911	1.71e-05	63.9	2697049	N/A
72_8_2454_9473_3984/1	gi|1971769499|gb|MW477480.1|	97.297	37	1	0	64	100	19396	19432	1.71e-05	63.9	2803381	N/A
72_8_2454_19903_5118/1	gi|685047819|emb|LN596331.1|	95.238	42	1	1	79	119	65301	65342	4.76e-06	65.8	7962	N/A
72_8_1355_47296_19616/1	gi|2978724457|gb|PV611058.1|	88.000	100	8	3	41	137	295320	295418	4.66e-21	115	3421660	N/A
72_8_1355_47296_19616/1	gi|2978724457|gb|PV611058.1|	90.625	64	1	4	41	101	295783	295844	1.70e-10	80.5	3421660	N/A
72_8_1355_47296_19616/1	gi|2830983252|gb|CP170844.1|	88.298	94	8	2	42	132	4083423	4083330	2.17e-19	110	573	N/A
72_8_1355_47296_19616/1	gi|2557643774|emb|OY673254.1|	95.652	46	2	0	42	87	21732	21777	7.91e-09	75.0	2697049	N/A
72_8_1355_47296_19616/1	gi|2463378371|dbj|AP027461.1|	95.652	46	2	0	42	87	1299632	1299677	7.91e-09	75.0	511145	N/A
72_8_1355_47296_19616/1	gi|2463378371|dbj|AP027461.1|	95.652	46	2	0	42	87	1628404	1628359	7.91e-09	75.0	511145	N/A
72_8_1355_47296_19616/1	gi|2755084441|gb|PP943425.1|	81.522	92	10	4	42	128	67825	67736	3.68e-07	69.4	10258	N/A
72_8_1355_47296_19616/1	gi|2755084441|gb|PP943425.1|	93.478	46	1	2	42	86	67591	67635	1.32e-06	67.6	10258	N/A
72_8_1393_1995_3844/1	gi|2978724457|gb|PV611058.1|	92.647	68	1	3	72	136	295321	295387	6.07e-15	95.3	3421660	N/A
72_8_1393_1995_3844/1	gi|2978724457|gb|PV611058.1|	91.667	60	1	3	72	128	295784	295842	1.70e-10	80.5	3421660	N/A
72_8_1393_1995_3844/1	gi|2557643774|emb|OY673254.1|	95.652	46	2	0	72	117	21732	21777	7.91e-09	75.0	2697049	N/A
72_8_1393_1995_3844/1	gi|2463378371|dbj|AP027461.1|	95.652	46	2	0	72	117	1299632	1299677	7.91e-09	75.0	511145	N/A
72_8_1393_1995_3844/1	gi|2463378371|dbj|AP027461.1|	95.652	46	2	0	72	117	1628404	1628359	7.91e-09	75.0	511145	N/A
72_8_1393_1995_3844/1	gi|685042161|emb|LN590686.1|	92.593	54	1	3	60	111	20813819	20813871	7.91e-09	75.0	7962	N/A
72_8_1393_1995_3844/1	gi|685042161|emb|LN590686.1|	95.349	43	0	2	71	111	12304840	12304798	1.32e-06	67.6	7962	N/A
72_8_1393_1995_3844/1	gi|685042161|emb|LN590686.1|	95.238	42	0	2	72	111	4545831	4545872	4.76e-06	65.8	7962	N/A
72_8_1393_1995_3844/1	gi|685042161|emb|LN590686.1|	95.238	42	0	2	72	111	6380194	6380235	4.76e-06	65.8	7962	N/A
72_8_1393_1995_3844/1	gi|685042161|emb|LN590686.1|	95.238	42	0	2	72	111	17091846	17091887	4.76e-06	65.8	7962	N/A
72_8_1393_1995_3844/1	gi|685042161|emb|LN590686.1|	95.238	42	0	2	72	111	28125760	28125801	4.76e-06	65.8	7962	N/A
72_8_1393_1995_3844/1	gi|685042161|emb|LN590686.1|	94.872	39	0	2	75	111	12436830	12436868	2.21e-04	60.2	7962	N/A
72_8_1393_1995_3844/1	gi|2924925013|gb|PQ571295.1|	100.000	39	0	0	68	106	225	263	2.84e-08	73.1	3385244	N/A
72_8_2216_51261_17543/1	gi|2978724457|gb|PV611058.1|	90.977	133	1	9	1	130	295320	295444	3.53e-37	169	3421660	N/A
72_8_2216_51261_17543/1	gi|2978724457|gb|PV611058.1|	91.228	57	1	3	1	54	295783	295838	7.91e-09	75.0	3421660	N/A
72_8_2216_51261_17543/1	gi|2830983252|gb|CP170844.1|	82.474	97	12	4	2	96	4083423	4083330	1.70e-10	80.5	573	N/A
72_8_2216_51261_17543/1	gi|2557643774|emb|OY673254.1|	95.652	46	2	0	2	47	21732	21777	7.91e-09	75.0	2697049	N/A
72_8_2216_51261_17543/1	gi|2463378371|dbj|AP027461.1|	95.652	46	2	0	2	47	1299632	1299677	7.91e-09	75.0	511145	N/A
72_8_2216_51261_17543/1	gi|2463378371|dbj|AP027461.1|	95.652	46	2	0	2	47	1628404	1628359	7.91e-09	75.0	511145	N/A
72_8_2216_51261_17543/1	gi|2560250289|emb|OY708460.1|	93.750	48	1	2	1	47	6489	6535	1.02e-07	71.3	2697049	N/A
72_8_1227_24168_26676/1	gi|2830983252|gb|CP170844.1|	90.426	94	6	2	42	132	4083423	4083330	1.00e-22	121	573	N/A
72_8_1227_24168_26676/1	gi|2978724457|gb|PV611058.1|	86.869	99	9	3	42	137	295321	295418	7.79e-19	108	3421660	N/A
72_8_1227_24168_26676/1	gi|2978724457|gb|PV611058.1|	91.935	62	1	3	42	100	295784	295844	1.31e-11	84.2	3421660	N/A
72_8_1227_24168_26676/1	gi|685042185|emb|LN590710.1|	92.727	55	1	2	21	75	9162071	9162122	2.20e-09	76.8	7962	N/A
72_8_1227_24168_26676/1	gi|685042185|emb|LN590710.1|	95.238	42	0	2	42	81	3790452	3790411	4.76e-06	65.8	7962	N/A
72_8_1227_24168_26676/1	gi|685042185|emb|LN590710.1|	95.238	42	0	2	42	81	6008694	6008735	4.76e-06	65.8	7962	N/A
72_8_1227_24168_26676/1	gi|685042185|emb|LN590710.1|	95.238	42	0	2	42	81	10218503	10218544	4.76e-06	65.8	7962	N/A
72_8_1227_24168_26676/1	gi|2557643774|emb|OY673254.1|	95.652	46	2	0	42	87	21732	21777	7.91e-09	75.0	2697049	N/A
72_8_1227_24168_26676/1	gi|2463378371|dbj|AP027461.1|	95.652	46	2	0	42	87	1299632	1299677	7.91e-09	75.0	511145	N/A
72_8_1227_24168_26676/1	gi|2463378371|dbj|AP027461.1|	95.652	46	2	0	42	87	1628404	1628359	7.91e-09	75.0	511145	N/A
72_8_1459_18779_6141/1	gi|2978724457|gb|PV611058.1|	92.308	130	1	7	9	135	295321	295444	2.11e-39	176	3421660	N/A
72_8_1459_18779_6141/1	gi|2978724457|gb|PV611058.1|	91.667	60	1	3	9	65	295784	295842	1.70e-10	80.5	3421660	N/A
72_8_1459_18779_6141/1	gi|2830983252|gb|CP170844.1|	85.263	95	11	2	9	101	4083423	4083330	6.07e-15	95.3	573	N/A
72_8_1459_18779_6141/1	gi|2557643774|emb|OY673254.1|	95.652	46	2	0	9	54	21732	21777	7.91e-09	75.0	2697049	N/A
72_8_1459_18779_6141/1	gi|2463378371|dbj|AP027461.1|	93.878	49	3	0	6	54	1299629	1299677	7.91e-09	75.0	511145	N/A
72_8_1459_18779_6141/1	gi|2463378371|dbj|AP027461.1|	95.652	46	2	0	9	54	1628404	1628359	7.91e-09	75.0	511145	N/A
72_8_1459_18779_6141/1	gi|685042440|emb|LN590965.1|	94.000	50	1	2	2	49	76687	76638	7.91e-09	75.0	7962	N/A
72_8_1196_19936_7668/1	gi|2978724457|gb|PV611058.1|	95.238	126	1	4	15	137	295321	295444	5.82e-45	195	3421660	N/A
72_8_1196_19936_7668/1	gi|2978724457|gb|PV611058.1|	91.667	60	1	3	15	71	295784	295842	1.70e-10	80.5	3421660	N/A
72_8_1196_19936_7668/1	gi|2830983252|gb|CP170844.1|	83.158	95	8	2	14	100	4083424	4083330	1.70e-10	80.5	573	N/A
72_8_1196_19936_7668/1	gi|685045708|emb|LN594233.1|	95.833	48	0	2	9	54	80409	80362	2.20e-09	76.8	7962	N/A
72_8_1196_19936_7668/1	gi|2557643774|emb|OY673254.1|	95.652	46	2	0	15	60	21732	21777	7.91e-09	75.0	2697049	N/A
72_8_1196_19936_7668/1	gi|2463378371|dbj|AP027461.1|	95.652	46	2	0	15	60	1299632	1299677	7.91e-09	75.0	511145	N/A
72_8_1196_19936_7668/1	gi|2463378371|dbj|AP027461.1|	95.652	46	2	0	15	60	1628404	1628359	7.91e-09	75.0	511145	N/A
72_8_1149_22752_1868/1	gi|2978724457|gb|PV611058.1|	91.339	127	6	4	14	137	295320	295444	3.53e-37	169	3421660	N/A
72_8_1149_22752_1868/1	gi|2978724457|gb|PV611058.1|	91.803	61	1	3	14	71	295783	295842	4.72e-11	82.4	3421660	N/A
72_8_1149_22752_1868/1	gi|2830983252|gb|CP170844.1|	88.298	94	7	2	15	104	4083423	4083330	2.17e-19	110	573	N/A
72_8_1149_22752_1868/1	gi|685047827|emb|LN596339.1|	96.000	50	0	2	7	54	601778	601827	1.70e-10	80.5	7962	N/A
72_8_1149_22752_1868/1	gi|685042185|emb|LN590710.1|	95.833	48	0	2	9	54	10218497	10218544	2.20e-09	76.8	7962	N/A
72_8_1149_22752_1868/1	gi|685042185|emb|LN590710.1|	95.556	45	0	2	12	54	3790455	3790411	1.02e-07	71.3	7962	N/A
72_8_1149_22752_1868/1	gi|685042185|emb|LN590710.1|	95.556	45	0	2	12	54	6008691	6008735	1.02e-07	71.3	7962	N/A
72_8_1149_22752_1868/1	gi|685042185|emb|LN590710.1|	93.478	46	1	2	4	48	9162078	9162122	1.32e-06	67.6	7962	N/A
72_8_1149_22752_1868/1	gi|2557643774|emb|OY673254.1|	95.652	46	2	0	15	60	21732	21777	7.91e-09	75.0	2697049	N/A
72_8_1225_32228_7177/1	gi|2978724457|gb|PV611058.1|	91.860	86	3	3	55	137	295320	295404	1.30e-21	117	3421660	N/A
72_8_1225_32228_7177/1	gi|2978724457|gb|PV611058.1|	91.803	61	1	3	55	112	295783	295842	4.72e-11	82.4	3421660	N/A
72_8_1225_32228_7177/1	gi|2557643774|emb|OY673254.1|	92.453	53	2	2	51	101	21725	21777	7.91e-09	75.0	2697049	N/A
72_8_1225_32228_7177/1	gi|2463378371|dbj|AP027461.1|	95.652	46	2	0	56	101	1299632	1299677	7.91e-09	75.0	511145	N/A
72_8_1225_32228_7177/1	gi|2463378371|dbj|AP027461.1|	95.652	46	2	0	56	101	1628404	1628359	7.91e-09	75.0	511145	N/A
72_8_1225_32228_7177/1	gi|685047827|emb|LN596339.1|	94.000	50	1	2	48	95	601778	601827	7.91e-09	75.0	7962	N/A
72_8_1225_32228_7177/1	gi|685042161|emb|LN590686.1|	92.593	54	1	3	44	95	20813819	20813871	7.91e-09	75.0	7962	N/A
72_8_1225_32228_7177/1	gi|685042161|emb|LN590686.1|	95.349	43	0	2	55	95	6380193	6380235	1.32e-06	67.6	7962	N/A
72_8_1225_32228_7177/1	gi|685042161|emb|LN590686.1|	90.566	53	2	3	45	95	17091836	17091887	1.32e-06	67.6	7962	N/A
72_8_1225_32228_7177/1	gi|685042161|emb|LN590686.1|	95.238	42	0	2	56	95	4545831	4545872	4.76e-06	65.8	7962	N/A
72_8_1225_32228_7177/1	gi|685042161|emb|LN590686.1|	95.238	42	0	2	56	95	12304839	12304798	4.76e-06	65.8	7962	N/A
72_8_1225_32228_7177/1	gi|685042161|emb|LN590686.1|	95.238	42	0	2	56	95	28125760	28125801	4.76e-06	65.8	7962	N/A
72_8_1225_32228_7177/1	gi|685042161|emb|LN590686.1|	94.872	39	0	2	59	95	12436830	12436868	2.21e-04	60.2	7962	N/A
72_8_2305_28101_5020/1	gi|2978724457|gb|PV611058.1|	90.909	66	2	3	64	126	295321	295385	3.65e-12	86.1	3421660	N/A
72_8_2305_28101_5020/1	gi|2978724457|gb|PV611058.1|	91.667	60	1	3	64	120	295784	295842	1.70e-10	80.5	3421660	N/A
72_8_2305_28101_5020/1	gi|2557643774|emb|OY673254.1|	95.652	46	2	0	64	109	21732	21777	7.91e-09	75.0	2697049	N/A
72_8_2305_28101_5020/1	gi|2463378371|dbj|AP027461.1|	92.453	53	2	2	59	109	1299625	1299677	7.91e-09	75.0	511145	N/A
72_8_2305_28101_5020/1	gi|2463378371|dbj|AP027461.1|	95.652	46	2	0	64	109	1628404	1628359	7.91e-09	75.0	511145	N/A
72_8_2305_28101_5020/1	gi|2830983252|gb|CP170844.1|	84.211	76	10	1	64	137	4083423	4083348	2.84e-08	73.1	573	N/A
72_8_2305_28101_5020/1	gi|2560502367|emb|OY629453.1|	100.000	38	0	0	62	99	5916	5953	1.02e-07	71.3	2697049	N/A
72_8_2116_46899_24393/1	gi|2978724457|gb|PV611058.1|	90.179	112	7	3	29	137	295320	295430	2.14e-29	143	3421660	N/A
72_8_2116_46899_24393/1	gi|2978724457|gb|PV611058.1|	91.379	58	1	3	29	83	295783	295839	2.20e-09	76.8	3421660	N/A
72_8_2116_46899_24393/1	gi|2830983252|gb|CP170844.1|	82.474	97	12	4	30	124	4083423	4083330	1.70e-10	80.5	573	N/A
72_8_2116_46899_24393/1	gi|2557643774|emb|OY673254.1|	92.593	54	3	1	23	75	21724	21777	2.20e-09	76.8	2697049	N/A
72_8_2116_46899_24393/1	gi|2463378371|dbj|AP027461.1|	95.652	46	2	0	30	75	1299632	1299677	7.91e-09	75.0	511145	N/A
72_8_2116_46899_24393/1	gi|2463378371|dbj|AP027461.1|	95.652	46	2	0	30	75	1628404	1628359	7.91e-09	75.0	511145	N/A
72_8_2116_46899_24393/1	gi|685042277|emb|LN590802.1|	95.745	47	0	2	25	69	1043034	1043080	7.91e-09	75.0	7962	N/A
72_8_2143_30860_22320/1	gi|2978724457|gb|PV611058.1|	89.683	126	8	4	15	137	295321	295444	2.74e-33	156	3421660	N/A
72_8_2143_30860_22320/1	gi|2978724457|gb|PV611058.1|	91.935	62	1	3	15	73	295784	295844	1.31e-11	84.2	3421660	N/A
72_8_2143_30860_22320/1	gi|2830983252|gb|CP170844.1|	90.526	95	7	1	14	106	4083424	4083330	7.74e-24	124	573	N/A
72_8_2143_30860_22320/1	gi|2557643774|emb|OY673254.1|	95.652	46	2	0	15	60	21732	21777	7.91e-09	75.0	2697049	N/A
72_8_2143_30860_22320/1	gi|2463378371|dbj|AP027461.1|	95.652	46	2	0	15	60	1299632	1299677	7.91e-09	75.0	511145	N/A
72_8_2143_30860_22320/1	gi|2463378371|dbj|AP027461.1|	95.652	46	2	0	15	60	1628404	1628359	7.91e-09	75.0	511145	N/A
72_8_2143_30860_22320/1	gi|685045708|emb|LN594233.1|	92.308	52	2	2	5	54	80413	80362	2.84e-08	73.1	7962	N/A
72_8_2156_49659_19252/1	gi|2978724457|gb|PV611058.1|	90.476	126	7	4	15	137	295321	295444	5.90e-35	161	3421660	N/A
72_8_2156_49659_19252/1	gi|2978724457|gb|PV611058.1|	91.667	60	1	3	15	71	295784	295842	1.70e-10	80.5	3421660	N/A
72_8_2156_49659_19252/1	gi|2830983252|gb|CP170844.1|	88.421	95	8	2	15	107	4083423	4083330	6.03e-20	111	573	N/A
72_8_2156_49659_19252/1	gi|2557643774|emb|OY673254.1|	95.652	46	2	0	15	60	21732	21777	7.91e-09	75.0	2697049	N/A
72_8_2156_49659_19252/1	gi|2463378371|dbj|AP027461.1|	95.652	46	2	0	15	60	1299632	1299677	7.91e-09	75.0	511145	N/A
72_8_2156_49659_19252/1	gi|2463378371|dbj|AP027461.1|	95.652	46	2	0	15	60	1628404	1628359	7.91e-09	75.0	511145	N/A
72_8_2156_49659_19252/1	gi|685043901|emb|LN592426.1|	94.118	51	0	3	6	54	375099	375148	7.91e-09	75.0	7962	N/A
72_8_1352_36258_10315/1	gi|2978724457|gb|PV611058.1|	90.226	133	1	4	2	131	295321	295444	1.64e-35	163	3421660	N/A
72_8_1352_36258_10315/1	gi|2978724457|gb|PV611058.1|	91.667	60	1	3	2	58	295784	295842	1.70e-10	80.5	3421660	N/A
72_8_1352_36258_10315/1	gi|2830983252|gb|CP170844.1|	90.526	95	6	2	1	92	4083424	4083330	2.78e-23	122	573	N/A
72_8_1352_36258_10315/1	gi|2557643774|emb|OY673254.1|	95.652	46	2	0	2	47	21732	21777	7.91e-09	75.0	2697049	N/A
72_8_1352_36258_10315/1	gi|2463378371|dbj|AP027461.1|	95.652	46	2	0	2	47	1299632	1299677	7.91e-09	75.0	511145	N/A
72_8_1352_36258_10315/1	gi|2463378371|dbj|AP027461.1|	95.652	46	2	0	2	47	1628404	1628359	7.91e-09	75.0	511145	N/A
72_8_1352_36258_10315/1	gi|2165836832|emb|OV197136.1|	93.750	48	1	2	1	47	117	71	1.02e-07	71.3	2697049	N/A
72_8_2397_34558_16170/1	gi|2557643774|emb|OY673254.1|	95.652	46	2	0	87	132	21732	21777	7.91e-09	75.0	2697049	N/A
72_8_2397_34558_16170/1	gi|2463378371|dbj|AP027461.1|	95.652	46	2	0	87	132	1299632	1299677	7.91e-09	75.0	511145	N/A
72_8_2397_34558_16170/1	gi|2463378371|dbj|AP027461.1|	95.652	46	2	0	87	132	1628404	1628359	7.91e-09	75.0	511145	N/A
72_8_2397_34558_16170/1	gi|685042161|emb|LN590686.1|	92.593	54	1	3	75	126	20813819	20813871	7.91e-09	75.0	7962	N/A
72_8_2397_34558_16170/1	gi|685042161|emb|LN590686.1|	95.455	44	0	2	85	126	6380192	6380235	3.68e-07	69.4	7962	N/A
72_8_2397_34558_16170/1	gi|685042161|emb|LN590686.1|	95.238	42	0	2	87	126	4545831	4545872	4.76e-06	65.8	7962	N/A
72_8_2397_34558_16170/1	gi|685042161|emb|LN590686.1|	95.238	42	0	2	87	126	12304839	12304798	4.76e-06	65.8	7962	N/A
72_8_2397_34558_16170/1	gi|685042161|emb|LN590686.1|	95.238	42	0	2	87	126	17091846	17091887	4.76e-06	65.8	7962	N/A
72_8_2397_34558_16170/1	gi|685042161|emb|LN590686.1|	95.238	42	0	2	87	126	28125760	28125801	4.76e-06	65.8	7962	N/A
72_8_2397_34558_16170/1	gi|685042161|emb|LN590686.1|	94.872	39	0	2	90	126	12436830	12436868	2.21e-04	60.2	7962	N/A
72_8_2397_34558_16170/1	gi|2557638192|emb|OY694677.1|	87.692	65	5	3	69	132	4284	4346	2.84e-08	73.1	2697049	N/A
72_8_2397_34558_16170/1	gi|685043277|emb|LN591802.1|	90.000	60	1	4	70	127	63551	63607	2.84e-08	73.1	7962	N/A
72_8_2306_15315_29506/1	gi|685042185|emb|LN590710.1|	97.826	46	0	1	69	114	9162078	9162122	6.11e-10	78.7	7962	N/A
72_8_2306_15315_29506/1	gi|685042185|emb|LN590710.1|	95.238	42	0	2	81	120	3790452	3790411	4.76e-06	65.8	7962	N/A
72_8_2306_15315_29506/1	gi|685042185|emb|LN590710.1|	95.238	42	0	2	81	120	6008694	6008735	4.76e-06	65.8	7962	N/A
72_8_2306_15315_29506/1	gi|685042185|emb|LN590710.1|	95.238	42	0	2	81	120	10218503	10218544	4.76e-06	65.8	7962	N/A
72_8_2306_15315_29506/1	gi|2978724457|gb|PV611058.1|	88.060	67	2	4	76	137	295314	295379	7.91e-09	75.0	3421660	N/A
72_8_2306_15315_29506/1	gi|2978724457|gb|PV611058.1|	88.060	67	2	4	76	137	295777	295842	7.91e-09	75.0	3421660	N/A
72_8_2306_15315_29506/1	gi|685049916|emb|LN598428.1|	95.745	47	0	2	76	120	2460635	2460681	7.91e-09	75.0	7962	N/A
72_8_2306_15315_29506/1	gi|2991388636|dbj|AP040949.1|	100.000	39	0	0	78	116	3527635	3527673	2.84e-08	73.1	573	N/A
72_8_2306_15315_29506/1	gi|2991388621|dbj|AP040934.1|	97.619	42	1	0	75	116	146943	146984	2.84e-08	73.1	562	N/A
72_8_2306_15315_29506/1	gi|2991388621|dbj|AP040934.1|	93.478	46	1	2	71	116	4900958	4900915	1.32e-06	67.6	562	N/A
72_8_2414_27251_24449/1	gi|685042175|emb|LN590700.1|	90.625	64	3	3	45	106	14033961	14033899	4.72e-11	82.4	7962	N/A
72_8_2414_27251_24449/1	gi|685042175|emb|LN590700.1|	93.750	48	0	3	60	105	15778533	15778579	3.68e-07	69.4	7962	N/A
72_8_2414_27251_24449/1	gi|685042177|emb|LN590702.1|	89.552	67	2	5	41	105	3996011	3995948	1.70e-10	80.5	7962	N/A
72_8_2414_27251_24449/1	gi|685042177|emb|LN590702.1|	95.238	42	0	2	66	105	1181065	1181106	4.76e-06	65.8	7962	N/A
72_8_2414_27251_24449/1	gi|685042177|emb|LN590702.1|	95.238	42	0	2	66	105	6540861	6540902	4.76e-06	65.8	7962	N/A
72_8_2414_27251_24449/1	gi|685042177|emb|LN590702.1|	91.667	48	2	2	60	105	6762493	6762540	4.76e-06	65.8	7962	N/A
72_8_2414_27251_24449/1	gi|685042177|emb|LN590702.1|	91.837	49	0	4	59	105	6862994	6863040	4.76e-06	65.8	7962	N/A
72_8_2414_27251_24449/1	gi|685042177|emb|LN590702.1|	93.333	45	0	1	57	98	1157104	1157060	1.71e-05	63.9	7962	N/A
72_8_2414_27251_24449/1	gi|2978724457|gb|PV611058.1|	90.323	62	2	3	66	124	295784	295844	6.11e-10	78.7	3421660	N/A
72_8_2414_27251_24449/1	gi|2978724457|gb|PV611058.1|	90.000	60	2	3	66	122	295321	295379	7.91e-09	75.0	3421660	N/A
72_8_2414_27251_24449/1	gi|2830983252|gb|CP170844.1|	86.301	73	8	1	65	135	4083424	4083352	6.11e-10	78.7	573	N/A
72_8_2414_27251_24449/1	gi|685045708|emb|LN594233.1|	94.231	52	1	2	56	105	80413	80362	6.11e-10	78.7	7962	N/A
72_8_2124_21255_6729/1	gi|685042161|emb|LN590686.1|	94.444	54	0	3	60	111	20813819	20813871	1.70e-10	80.5	7962	N/A
72_8_2124_21255_6729/1	gi|685042161|emb|LN590686.1|	95.455	44	0	2	70	111	28125758	28125801	3.68e-07	69.4	7962	N/A
72_8_2124_21255_6729/1	gi|685042161|emb|LN590686.1|	95.349	43	0	2	71	111	4545830	4545872	1.32e-06	67.6	7962	N/A
72_8_2124_21255_6729/1	gi|685042161|emb|LN590686.1|	93.617	47	0	3	68	111	6380189	6380235	1.32e-06	67.6	7962	N/A
72_8_2124_21255_6729/1	gi|685042161|emb|LN590686.1|	95.238	42	0	2	72	111	12304839	12304798	4.76e-06	65.8	7962	N/A
72_8_2124_21255_6729/1	gi|685042161|emb|LN590686.1|	95.238	42	0	2	72	111	17091846	17091887	4.76e-06	65.8	7962	N/A
72_8_2124_21255_6729/1	gi|685042161|emb|LN590686.1|	94.872	39	0	2	75	111	12436830	12436868	2.21e-04	60.2	7962	N/A
72_8_2124_21255_6729/1	gi|2978724457|gb|PV611058.1|	90.164	61	2	3	67	124	295316	295375	2.20e-09	76.8	3421660	N/A
72_8_2124_21255_6729/1	gi|2978724457|gb|PV611058.1|	90.164	61	2	3	67	124	295779	295838	2.20e-09	76.8	3421660	N/A
72_8_2124_21255_6729/1	gi|2557643774|emb|OY673254.1|	95.652	46	2	0	72	117	21732	21777	7.91e-09	75.0	2697049	N/A
72_8_2124_21255_6729/1	gi|2463378371|dbj|AP027461.1|	95.652	46	2	0	72	117	1299632	1299677	7.91e-09	75.0	511145	N/A
72_8_2124_21255_6729/1	gi|2463378371|dbj|AP027461.1|	95.652	46	2	0	72	117	1628404	1628359	7.91e-09	75.0	511145	N/A
72_8_2124_21255_6729/1	gi|685046059|emb|LN594584.1|	92.593	54	1	3	60	111	7181	7129	7.91e-09	75.0	7962	N/A
72_8_2403_39511_9447/1	gi|685045708|emb|LN594233.1|	95.833	48	0	2	78	123	80409	80362	2.20e-09	76.8	7962	N/A
72_8_2403_39511_9447/1	gi|2978724457|gb|PV611058.1|	91.228	57	1	3	84	137	295321	295376	7.91e-09	75.0	3421660	N/A
72_8_2403_39511_9447/1	gi|2978724457|gb|PV611058.1|	91.228	57	1	3	84	137	295784	295839	7.91e-09	75.0	3421660	N/A
72_8_2403_39511_9447/1	gi|2557643774|emb|OY673254.1|	95.652	46	2	0	84	129	21732	21777	7.91e-09	75.0	2697049	N/A
72_8_2403_39511_9447/1	gi|2463378371|dbj|AP027461.1|	95.652	46	2	0	84	129	1299632	1299677	7.91e-09	75.0	511145	N/A
72_8_2403_39511_9447/1	gi|2463378371|dbj|AP027461.1|	95.652	46	2	0	84	129	1628404	1628359	7.91e-09	75.0	511145	N/A
72_8_2403_39511_9447/1	gi|2755084441|gb|PP943425.1|	93.750	48	1	2	82	128	67589	67635	1.02e-07	71.3	10258	N/A
72_8_2403_39511_9447/1	gi|2755084441|gb|PP943425.1|	93.617	47	1	2	84	129	67825	67780	3.68e-07	69.4	10258	N/A
72_8_2103_31872_21605/1	gi|685047827|emb|LN596339.1|	100.000	29	0	0	109	137	601778	601806	0.010	54.7	7962	N/A
72_8_1185_32608_16409/1	gi|2978724457|gb|PV611058.1|	88.660	97	6	4	44	137	295318	295412	1.68e-20	113	3421660	N/A
72_8_1185_32608_16409/1	gi|2978724457|gb|PV611058.1|	89.062	64	2	4	44	104	295781	295842	7.91e-09	75.0	3421660	N/A
72_8_1185_32608_16409/1	gi|2830983252|gb|CP170844.1|	84.946	93	12	1	47	137	4083424	4083332	2.18e-14	93.5	573	N/A
72_8_1185_32608_16409/1	gi|2557643774|emb|OY673254.1|	90.741	54	4	1	41	93	21724	21777	1.02e-07	71.3	2697049	N/A
72_8_1185_32608_16409/1	gi|685042242|emb|LN590767.1|	93.750	48	1	2	42	87	603262	603215	1.02e-07	71.3	7962	N/A
72_8_1185_32608_16409/1	gi|685042175|emb|LN590700.1|	92.157	51	2	2	40	88	14033949	14033899	1.02e-07	71.3	7962	N/A
72_8_1185_32608_16409/1	gi|685042175|emb|LN590700.1|	93.023	43	1	2	47	87	15778537	15778579	6.15e-05	62.1	7962	N/A
72_8_2135_4350_11534/1	gi|2978724457|gb|PV611058.1|	87.778	90	7	3	51	137	295321	295409	3.63e-17	102	3421660	N/A
72_8_2135_4350_11534/1	gi|2978724457|gb|PV611058.1|	91.667	60	1	3	51	107	295784	295842	1.70e-10	80.5	3421660	N/A
72_8_2135_4350_11534/1	gi|2830983252|gb|CP170844.1|	85.714	91	10	2	50	137	4083424	4083334	2.18e-14	93.5	573	N/A
72_8_2135_4350_11534/1	gi|2557643774|emb|OY673254.1|	95.652	46	2	0	51	96	21732	21777	7.91e-09	75.0	2697049	N/A
72_8_2135_4350_11534/1	gi|2463378371|dbj|AP027461.1|	93.878	49	3	0	48	96	1299629	1299677	7.91e-09	75.0	511145	N/A
72_8_2135_4350_11534/1	gi|2463378371|dbj|AP027461.1|	95.652	46	2	0	51	96	1628404	1628359	7.91e-09	75.0	511145	N/A
72_8_2135_4350_11534/1	gi|685042175|emb|LN590700.1|	95.745	47	0	2	46	90	15778533	15778579	7.91e-09	75.0	7962	N/A
72_8_2135_4350_11534/1	gi|685042175|emb|LN590700.1|	95.349	43	0	2	51	91	14033941	14033899	1.32e-06	67.6	7962	N/A
72_8_1235_28117_21549/1	gi|2978724457|gb|PV611058.1|	92.063	126	5	4	15	137	295321	295444	2.73e-38	172	3421660	N/A
72_8_1235_28117_21549/1	gi|2978724457|gb|PV611058.1|	91.667	60	1	3	15	71	295784	295842	1.70e-10	80.5	3421660	N/A
72_8_1235_28117_21549/1	gi|2830983252|gb|CP170844.1|	87.234	94	8	2	15	104	4083423	4083330	1.01e-17	104	573	N/A
72_8_1235_28117_21549/1	gi|2557643774|emb|OY673254.1|	95.652	46	2	0	15	60	21732	21777	7.91e-09	75.0	2697049	N/A
72_8_1235_28117_21549/1	gi|2463378371|dbj|AP027461.1|	95.652	46	2	0	15	60	1299632	1299677	7.91e-09	75.0	511145	N/A
72_8_1235_28117_21549/1	gi|2463378371|dbj|AP027461.1|	95.652	46	2	0	15	60	1628404	1628359	7.91e-09	75.0	511145	N/A
72_8_1235_28117_21549/1	gi|685042206|emb|LN590731.1|	93.878	49	1	2	9	55	347604	347652	2.84e-08	73.1	7962	N/A
72_8_2295_25714_4782/1	gi|2978724457|gb|PV611058.1|	91.566	83	2	4	59	137	295321	295402	2.17e-19	110	3421660	N/A
72_8_2295_25714_4782/1	gi|2978724457|gb|PV611058.1|	90.000	60	2	3	59	115	295784	295842	7.91e-09	75.0	3421660	N/A
72_8_2295_25714_4782/1	gi|685042481|emb|LN591006.1|	95.745	47	0	2	54	98	494275	494321	7.91e-09	75.0	7962	N/A
72_8_2295_25714_4782/1	gi|2557643774|emb|OY673254.1|	95.556	45	2	0	59	103	21732	21776	2.84e-08	73.1	2697049	N/A
72_8_2295_25714_4782/1	gi|2463378371|dbj|AP027461.1|	95.556	45	2	0	59	103	1299632	1299676	2.84e-08	73.1	511145	N/A
72_8_2295_25714_4782/1	gi|2463378371|dbj|AP027461.1|	95.556	45	2	0	59	103	1628404	1628360	2.84e-08	73.1	511145	N/A
72_8_2295_25714_4782/1	gi|685045708|emb|LN594233.1|	92.308	52	2	2	49	98	80413	80362	2.84e-08	73.1	7962	N/A
72_8_2126_45370_22558/1	gi|2978724457|gb|PV611058.1|	93.023	129	4	4	12	137	295318	295444	1.26e-41	183	3421660	N/A
72_8_2126_45370_22558/1	gi|2978724457|gb|PV611058.1|	90.164	61	2	3	12	69	295781	295840	2.20e-09	76.8	3421660	N/A
72_8_2126_45370_22558/1	gi|685046059|emb|LN594584.1|	94.444	54	1	2	3	54	7182	7129	4.72e-11	82.4	7962	N/A
72_8_2126_45370_22558/1	gi|2830983252|gb|CP170844.1|	83.158	95	8	3	14	100	4083424	4083330	1.70e-10	80.5	573	N/A
72_8_2126_45370_22558/1	gi|685042189|emb|LN590714.1|	97.778	45	1	0	4	48	6568387	6568431	6.11e-10	78.7	7962	N/A
72_8_2126_45370_22558/1	gi|685042189|emb|LN590714.1|	95.455	44	0	2	13	54	7216115	7216072	3.68e-07	69.4	7962	N/A
72_8_2126_45370_22558/1	gi|685042189|emb|LN590714.1|	91.837	49	1	3	9	54	3608300	3608252	4.76e-06	65.8	7962	N/A
72_8_2126_45370_22558/1	gi|685042189|emb|LN590714.1|	100.000	35	0	0	15	49	11523469	11523503	4.76e-06	65.8	7962	N/A
72_8_2126_45370_22558/1	gi|685045708|emb|LN594233.1|	94.231	52	0	3	6	54	80413	80362	2.20e-09	76.8	7962	N/A
72_8_2227_27656_14700/1	gi|2978724457|gb|PV611058.1|	91.071	112	6	3	29	137	295320	295430	4.59e-31	148	3421660	N/A
72_8_2227_27656_14700/1	gi|2978724457|gb|PV611058.1|	91.667	60	1	3	29	85	295783	295841	1.70e-10	80.5	3421660	N/A
72_8_2227_27656_14700/1	gi|2830983252|gb|CP170844.1|	83.333	96	12	3	30	123	4083423	4083330	3.65e-12	86.1	573	N/A
72_8_2227_27656_14700/1	gi|2710394916|tpg|BK066886.1|	97.826	46	0	1	19	63	29302	29347	6.11e-10	78.7	3116700	N/A
72_8_2227_27656_14700/1	gi|2557643774|emb|OY673254.1|	91.228	57	4	1	20	75	21721	21777	2.20e-09	76.8	2697049	N/A
72_8_2227_27656_14700/1	gi|685042802|emb|LN591327.1|	94.231	52	0	3	20	69	61998	62048	2.20e-09	76.8	7962	N/A
72_8_1482_12774_26956/1	gi|685042185|emb|LN590710.1|	94.444	54	3	0	64	117	9162069	9162122	1.31e-11	84.2	7962	N/A
72_8_1482_12774_26956/1	gi|685042185|emb|LN590710.1|	95.238	42	0	2	84	123	3790452	3790411	4.76e-06	65.8	7962	N/A
72_8_1482_12774_26956/1	gi|685042185|emb|LN590710.1|	95.238	42	0	2	84	123	6008694	6008735	4.76e-06	65.8	7962	N/A
72_8_1482_12774_26956/1	gi|685042185|emb|LN590710.1|	95.238	42	0	2	84	123	10218503	10218544	4.76e-06	65.8	7962	N/A
72_8_1482_12774_26956/1	gi|2524352013|emb|OY072335.1|	97.727	44	1	0	74	117	21648	21691	2.20e-09	76.8	2697049	N/A
72_8_1482_12774_26956/1	gi|2978724457|gb|PV611058.1|	89.062	64	1	4	79	137	295314	295376	7.91e-09	75.0	3421660	N/A
72_8_1482_12774_26956/1	gi|2978724457|gb|PV611058.1|	89.062	64	1	4	79	137	295777	295839	7.91e-09	75.0	3421660	N/A
72_8_1482_12774_26956/1	gi|2557643774|emb|OY673254.1|	95.652	46	2	0	84	129	21732	21777	7.91e-09	75.0	2697049	N/A
72_8_1482_12774_26956/1	gi|2463378371|dbj|AP027461.1|	95.652	46	2	0	84	129	1299632	1299677	7.91e-09	75.0	511145	N/A
72_8_1482_12774_26956/1	gi|2463378371|dbj|AP027461.1|	95.652	46	2	0	84	129	1628404	1628359	7.91e-09	75.0	511145	N/A
72_8_2385_14312_23062/1	gi|2978724457|gb|PV611058.1|	90.551	127	6	4	14	137	295321	295444	1.64e-35	163	3421660	N/A
72_8_2385_14312_23062/1	gi|2978724457|gb|PV611058.1|	91.667	60	1	3	14	70	295784	295842	1.70e-10	80.5	3421660	N/A
72_8_2385_14312_23062/1	gi|2830983252|gb|CP170844.1|	87.368	95	9	2	14	106	4083423	4083330	2.80e-18	106	573	N/A
72_8_2385_14312_23062/1	gi|2557643774|emb|OY673254.1|	95.652	46	2	0	14	59	21732	21777	7.91e-09	75.0	2697049	N/A
72_8_2385_14312_23062/1	gi|2463378371|dbj|AP027461.1|	95.652	46	2	0	14	59	1299632	1299677	7.91e-09	75.0	511145	N/A
72_8_2385_14312_23062/1	gi|2463378371|dbj|AP027461.1|	95.652	46	2	0	14	59	1628404	1628359	7.91e-09	75.0	511145	N/A
72_8_2385_14312_23062/1	gi|685043901|emb|LN592426.1|	94.118	51	0	3	5	53	375099	375148	7.91e-09	75.0	7962	N/A
72_8_1418_20454_25822/1	gi|685042242|emb|LN590767.1|	95.833	48	0	2	92	137	603262	603215	2.20e-09	76.8	7962	N/A
72_8_1418_20454_25822/1	gi|685042175|emb|LN590700.1|	94.118	51	1	2	89	137	14033950	14033900	2.20e-09	76.8	7962	N/A
72_8_1418_20454_25822/1	gi|685042175|emb|LN590700.1|	95.349	43	0	2	97	137	15778537	15778579	1.32e-06	67.6	7962	N/A
72_8_1418_20454_25822/1	gi|685045708|emb|LN594233.1|	92.308	52	2	2	88	137	80413	80362	2.84e-08	73.1	7962	N/A
72_8_1418_20454_25822/1	gi|685042178|emb|LN590703.1|	93.878	49	1	2	91	137	13166497	13166545	2.84e-08	73.1	7962	N/A
72_8_1418_20454_25822/1	gi|685042178|emb|LN590703.1|	95.455	44	0	2	96	137	7304704	7304661	3.68e-07	69.4	7962	N/A
72_8_1418_20454_25822/1	gi|685042178|emb|LN590703.1|	95.238	42	0	2	98	137	1057735	1057776	4.76e-06	65.8	7962	N/A
72_8_1418_20454_25822/1	gi|685042178|emb|LN590703.1|	93.333	45	1	2	95	137	12952798	12952842	4.76e-06	65.8	7962	N/A
72_8_1418_20454_25822/1	gi|685042178|emb|LN590703.1|	95.238	42	0	2	98	137	17684505	17684464	4.76e-06	65.8	7962	N/A
72_8_1418_20454_25822/1	gi|2524352013|emb|OY072335.1|	95.556	45	0	2	88	131	21648	21691	1.02e-07	71.3	2697049	N/A
72_8_1381_28837_14812/1	gi|2978724457|gb|PV611058.1|	89.683	126	8	4	15	137	295321	295444	2.74e-33	156	3421660	N/A
72_8_1381_28837_14812/1	gi|2978724457|gb|PV611058.1|	91.935	62	1	3	15	73	295784	295844	1.31e-11	84.2	3421660	N/A
72_8_1381_28837_14812/1	gi|2830983252|gb|CP170844.1|	90.526	95	7	1	14	106	4083424	4083330	7.74e-24	124	573	N/A
72_8_1381_28837_14812/1	gi|685045708|emb|LN594233.1|	94.231	52	1	2	5	54	80413	80362	6.11e-10	78.7	7962	N/A
72_8_1381_28837_14812/1	gi|2557643774|emb|OY673254.1|	95.652	46	2	0	15	60	21732	21777	7.91e-09	75.0	2697049	N/A
72_8_1381_28837_14812/1	gi|2463378371|dbj|AP027461.1|	95.652	46	2	0	15	60	1299632	1299677	7.91e-09	75.0	511145	N/A
72_8_1381_28837_14812/1	gi|2463378371|dbj|AP027461.1|	95.652	46	2	0	15	60	1628404	1628359	7.91e-09	75.0	511145	N/A
72_8_2293_12904_18804/1	gi|2978724457|gb|PV611058.1|	90.588	85	4	3	56	137	295321	295404	2.17e-19	110	3421660	N/A
72_8_2293_12904_18804/1	gi|2978724457|gb|PV611058.1|	91.667	60	1	3	56	112	295784	295842	1.70e-10	80.5	3421660	N/A
72_8_2293_12904_18804/1	gi|2557643774|emb|OY673254.1|	95.652	46	2	0	56	101	21732	21777	7.91e-09	75.0	2697049	N/A
72_8_2293_12904_18804/1	gi|2463378371|dbj|AP027461.1|	95.652	46	2	0	56	101	1299632	1299677	7.91e-09	75.0	511145	N/A
72_8_2293_12904_18804/1	gi|2463378371|dbj|AP027461.1|	95.652	46	2	0	56	101	1628404	1628359	7.91e-09	75.0	511145	N/A
72_8_2293_12904_18804/1	gi|685042161|emb|LN590686.1|	92.593	54	1	3	44	95	20813819	20813871	7.91e-09	75.0	7962	N/A
72_8_2293_12904_18804/1	gi|685042161|emb|LN590686.1|	95.349	43	0	2	55	95	12304840	12304798	1.32e-06	67.6	7962	N/A
72_8_2293_12904_18804/1	gi|685042161|emb|LN590686.1|	90.566	53	2	3	45	95	17091836	17091887	1.32e-06	67.6	7962	N/A
72_8_2293_12904_18804/1	gi|685042161|emb|LN590686.1|	95.238	42	0	2	56	95	4545831	4545872	4.76e-06	65.8	7962	N/A
72_8_2293_12904_18804/1	gi|685042161|emb|LN590686.1|	95.238	42	0	2	56	95	6380194	6380235	4.76e-06	65.8	7962	N/A
72_8_2293_12904_18804/1	gi|685042161|emb|LN590686.1|	95.238	42	0	2	56	95	28125760	28125801	4.76e-06	65.8	7962	N/A
72_8_2293_12904_18804/1	gi|685042161|emb|LN590686.1|	94.872	39	0	2	59	95	12436830	12436868	2.21e-04	60.2	7962	N/A
72_8_2293_12904_18804/1	gi|2755084441|gb|PP943425.1|	93.878	49	1	2	53	100	67588	67635	2.84e-08	73.1	10258	N/A
72_8_2293_12904_18804/1	gi|2755084441|gb|PP943425.1|	93.617	47	1	2	56	101	67825	67780	3.68e-07	69.4	10258	N/A
72_8_1325_35238_29478/1	gi|2978724457|gb|PV611058.1|	89.231	130	6	5	11	137	295320	295444	2.74e-33	156	3421660	N/A
72_8_1325_35238_29478/1	gi|2978724457|gb|PV611058.1|	90.323	62	2	3	11	69	295783	295843	6.11e-10	78.7	3421660	N/A
72_8_1325_35238_29478/1	gi|2830983252|gb|CP170844.1|	89.362	94	8	1	12	103	4083423	4083330	1.30e-21	117	573	N/A
72_8_1325_35238_29478/1	gi|2557643774|emb|OY673254.1|	93.478	46	3	0	12	57	21732	21777	3.68e-07	69.4	2697049	N/A
72_8_1325_35238_29478/1	gi|2557638192|emb|OY694677.1|	89.474	57	3	3	2	57	4292	4346	3.68e-07	69.4	2697049	N/A
72_8_1325_35238_29478/1	gi|2463378371|dbj|AP027461.1|	93.478	46	3	0	12	57	1299632	1299677	3.68e-07	69.4	511145	N/A
72_8_1325_35238_29478/1	gi|2463378371|dbj|AP027461.1|	93.478	46	3	0	12	57	1628404	1628359	3.68e-07	69.4	511145	N/A
72_8_1462_32503_17543/1	gi|685042206|emb|LN590731.1|	95.918	49	0	2	78	124	347604	347652	6.11e-10	78.7	7962	N/A
72_8_1462_32503_17543/1	gi|2557643774|emb|OY673254.1|	91.228	57	4	1	74	129	21721	21777	2.20e-09	76.8	2697049	N/A
72_8_1462_32503_17543/1	gi|2978724457|gb|PV611058.1|	91.228	57	1	3	84	137	295321	295376	7.91e-09	75.0	3421660	N/A
72_8_1462_32503_17543/1	gi|2978724457|gb|PV611058.1|	91.228	57	1	3	84	137	295784	295839	7.91e-09	75.0	3421660	N/A
72_8_1462_32503_17543/1	gi|2463378371|dbj|AP027461.1|	95.652	46	2	0	84	129	1299632	1299677	7.91e-09	75.0	511145	N/A
72_8_1462_32503_17543/1	gi|2463378371|dbj|AP027461.1|	95.652	46	2	0	84	129	1628404	1628359	7.91e-09	75.0	511145	N/A
72_8_1462_32503_17543/1	gi|685042175|emb|LN590700.1|	86.957	69	5	4	60	124	14033967	14033899	7.91e-09	75.0	7962	N/A
72_8_1462_32503_17543/1	gi|685042175|emb|LN590700.1|	95.238	42	0	2	84	123	15778538	15778579	4.76e-06	65.8	7962	N/A
72_8_1318_21182_28651/1	gi|780644672|ref|XM_011690559.1|	100.000	39	0	0	62	100	1037	1075	2.84e-08	73.1	64793	N/A
72_8_1318_21182_28651/1	gi|685042185|emb|LN590710.1|	95.652	46	1	1	51	96	9162078	9162122	2.84e-08	73.1	7962	N/A
72_8_1318_21182_28651/1	gi|685042185|emb|LN590710.1|	100.000	34	0	0	63	96	3790452	3790419	1.71e-05	63.9	7962	N/A
72_8_1318_21182_28651/1	gi|685042185|emb|LN590710.1|	100.000	34	0	0	63	96	6008694	6008727	1.71e-05	63.9	7962	N/A
72_8_1318_21182_28651/1	gi|685042185|emb|LN590710.1|	100.000	34	0	0	63	96	10218503	10218536	1.71e-05	63.9	7962	N/A
72_8_1318_21182_28651/1	gi|2165832904|emb|OV195202.1|	97.674	43	0	1	56	98	241	200	2.84e-08	73.1	2697049	N/A
72_8_1318_21182_28651/1	gi|2978724457|gb|PV611058.1|	88.333	60	5	2	63	120	295784	295843	1.02e-07	71.3	3421660	N/A
72_8_1318_21182_28651/1	gi|2978724457|gb|PV611058.1|	88.136	59	5	2	63	119	295321	295379	3.68e-07	69.4	3421660	N/A
72_8_1318_21182_28651/1	gi|1241299067|gb|KY965816.2|	100.000	34	0	0	63	96	100004	100037	1.71e-05	63.9	149440	N/A
72_8_1318_21182_28651/1	gi|1241299067|gb|KY965816.2|	100.000	34	0	0	63	96	103451	103484	1.71e-05	63.9	149440	N/A
72_8_1318_21182_28651/1	gi|1241299067|gb|KY965816.2|	100.000	34	0	0	63	96	104359	104392	1.71e-05	63.9	149440	N/A
72_8_1318_21182_28651/1	gi|1241299067|gb|KY965816.2|	95.122	41	0	2	63	101	130360	130320	1.71e-05	63.9	149440	N/A
72_8_1318_21182_28651/1	gi|1241299067|gb|KY965816.2|	95.122	41	0	2	63	101	131268	131228	1.71e-05	63.9	149440	N/A
72_8_1318_21182_28651/1	gi|1241299067|gb|KY965816.2|	95.122	41	0	2	63	101	134715	134675	1.71e-05	63.9	149440	N/A
72_8_2412_4714_17263/1	gi|2830983252|gb|CP170844.1|	87.629	97	7	4	23	117	4083423	4083330	7.79e-19	108	573	N/A
72_8_2412_4714_17263/1	gi|2978724457|gb|PV611058.1|	82.906	117	18	2	23	137	295321	295437	1.01e-17	104	3421660	N/A
72_8_2412_4714_17263/1	gi|2978724457|gb|PV611058.1|	88.525	61	5	2	23	81	295784	295844	2.84e-08	73.1	3421660	N/A
72_8_2412_4714_17263/1	gi|2557643774|emb|OY673254.1|	95.652	46	2	0	23	68	21732	21777	7.91e-09	75.0	2697049	N/A
72_8_2412_4714_17263/1	gi|2165832678|emb|OV195277.1|	92.453	53	3	1	16	68	138	87	7.91e-09	75.0	2697049	N/A
72_8_2412_4714_17263/1	gi|2165832904|emb|OV195202.1|	97.674	43	0	1	16	58	241	200	2.84e-08	73.1	2697049	N/A
72_8_2338_21530_2891/1	gi|2978724457|gb|PV611058.1|	89.062	128	9	4	13	137	295319	295444	9.87e-33	154	3421660	N/A
72_8_2338_21530_2891/1	gi|2978724457|gb|PV611058.1|	90.769	65	1	4	13	74	295782	295844	4.72e-11	82.4	3421660	N/A
72_8_2338_21530_2891/1	gi|2830983252|gb|CP170844.1|	86.458	96	9	3	15	108	4083423	4083330	3.63e-17	102	573	N/A
72_8_2338_21530_2891/1	gi|685042175|emb|LN590700.1|	92.727	55	1	3	3	55	14033952	14033899	2.20e-09	76.8	7962	N/A
72_8_2338_21530_2891/1	gi|685042175|emb|LN590700.1|	95.238	42	0	2	15	54	15778538	15778579	4.76e-06	65.8	7962	N/A
72_8_2338_21530_2891/1	gi|2557643774|emb|OY673254.1|	93.878	49	3	0	12	60	21729	21777	7.91e-09	75.0	2697049	N/A
72_8_2338_21530_2891/1	gi|2755084441|gb|PP943425.1|	81.522	92	13	4	15	104	67825	67736	2.84e-08	73.1	10258	N/A
72_8_2338_21530_2891/1	gi|2755084441|gb|PP943425.1|	93.478	46	1	2	15	59	67591	67635	1.32e-06	67.6	10258	N/A
72_8_1443_48493_3563/1	gi|2978724457|gb|PV611058.1|	87.879	132	6	7	6	137	295321	295442	1.65e-30	147	3421660	N/A
72_8_1443_48493_3563/1	gi|2978724457|gb|PV611058.1|	90.476	63	1	4	6	65	295784	295844	6.11e-10	78.7	3421660	N/A
72_8_1443_48493_3563/1	gi|2830983252|gb|CP170844.1|	85.567	97	10	3	5	99	4083424	4083330	4.69e-16	99.0	573	N/A
72_8_1443_48493_3563/1	gi|2557643774|emb|OY673254.1|	95.652	46	2	0	6	51	21732	21777	7.91e-09	75.0	2697049	N/A
72_8_1443_48493_3563/1	gi|2463378371|dbj|AP027461.1|	95.652	46	2	0	6	51	1299632	1299677	7.91e-09	75.0	511145	N/A
72_8_1443_48493_3563/1	gi|2463378371|dbj|AP027461.1|	95.652	46	2	0	6	51	1628404	1628359	7.91e-09	75.0	511145	N/A
72_8_1443_48493_3563/1	gi|2755084441|gb|PP943425.1|	93.750	48	1	2	4	50	67589	67635	1.02e-07	71.3	10258	N/A
72_8_1443_48493_3563/1	gi|2755084441|gb|PP943425.1|	81.522	92	12	5	6	94	67825	67736	1.02e-07	71.3	10258	N/A
72_8_2122_49570_23889/1	gi|2978724457|gb|PV611058.1|	93.750	128	1	6	10	134	295321	295444	3.50e-42	185	3421660	N/A
72_8_2122_49570_23889/1	gi|2978724457|gb|PV611058.1|	91.525	59	1	3	10	65	295784	295841	6.11e-10	78.7	3421660	N/A
72_8_2122_49570_23889/1	gi|2830983252|gb|CP170844.1|	81.915	94	13	3	10	99	4083423	4083330	2.20e-09	76.8	573	N/A
72_8_2122_49570_23889/1	gi|2557643774|emb|OY673254.1|	95.652	46	2	0	10	55	21732	21777	7.91e-09	75.0	2697049	N/A
72_8_2122_49570_23889/1	gi|2463378371|dbj|AP027461.1|	93.878	49	3	0	7	55	1299629	1299677	7.91e-09	75.0	511145	N/A
72_8_2122_49570_23889/1	gi|2463378371|dbj|AP027461.1|	95.652	46	2	0	10	55	1628404	1628359	7.91e-09	75.0	511145	N/A
72_8_2122_49570_23889/1	gi|685049067|emb|LN597579.1|	100.000	40	0	0	5	44	1397	1436	7.91e-09	75.0	7962	N/A
72_8_1330_1469_16493/1	gi|2978724457|gb|PV611058.1|	88.889	126	9	4	15	137	295321	295444	1.28e-31	150	3421660	N/A
72_8_1330_1469_16493/1	gi|2978724457|gb|PV611058.1|	91.803	61	1	3	15	72	295784	295843	4.72e-11	82.4	3421660	N/A
72_8_1330_1469_16493/1	gi|2830983252|gb|CP170844.1|	91.579	95	6	1	14	106	4083424	4083330	1.66e-25	130	573	N/A
72_8_1330_1469_16493/1	gi|685045708|emb|LN594233.1|	94.231	52	1	2	5	54	80413	80362	6.11e-10	78.7	7962	N/A
72_8_1330_1469_16493/1	gi|2557643774|emb|OY673254.1|	95.652	46	2	0	15	60	21732	21777	7.91e-09	75.0	2697049	N/A
72_8_1330_1469_16493/1	gi|2463378371|dbj|AP027461.1|	95.652	46	2	0	15	60	1299632	1299677	7.91e-09	75.0	511145	N/A
72_8_1330_1469_16493/1	gi|2463378371|dbj|AP027461.1|	95.652	46	2	0	15	60	1628404	1628359	7.91e-09	75.0	511145	N/A
72_8_2435_11390_20079/1	gi|2557643774|emb|OY673254.1|	95.652	46	2	0	89	134	21732	21777	7.91e-09	75.0	2697049	N/A
72_8_2435_11390_20079/1	gi|2463378371|dbj|AP027461.1|	95.652	46	2	0	89	134	1299632	1299677	7.91e-09	75.0	511145	N/A
72_8_2435_11390_20079/1	gi|2463378371|dbj|AP027461.1|	95.652	46	2	0	89	134	1628404	1628359	7.91e-09	75.0	511145	N/A
72_8_2435_11390_20079/1	gi|2755084441|gb|PP943425.1|	93.878	49	1	2	86	133	67588	67635	2.84e-08	73.1	10258	N/A
72_8_2435_11390_20079/1	gi|2755084441|gb|PP943425.1|	93.617	47	1	2	89	134	67825	67780	3.68e-07	69.4	10258	N/A
72_8_2435_11390_20079/1	gi|2924925013|gb|PQ571295.1|	100.000	38	0	0	86	123	226	263	1.02e-07	71.3	3385244	N/A
72_8_2435_11390_20079/1	gi|2557648311|emb|OY677105.1|	100.000	38	0	0	86	123	9641	9678	1.02e-07	71.3	2697049	N/A
72_8_2153_25261_13579/1	gi|2557638192|emb|OY694677.1|	91.667	48	2	2	11	57	4300	4346	4.76e-06	65.8	2697049	N/A
72_8_2153_25261_13579/1	gi|685042188|emb|LN590713.1|	97.297	37	1	0	10	46	7120046	7120082	1.71e-05	63.9	7962	N/A
72_8_2153_25261_13579/1	gi|2165834303|emb|OV196009.1|	91.304	46	4	0	12	57	115	70	1.71e-05	63.9	2697049	N/A
72_8_2153_25261_13579/1	gi|2165834303|emb|OV196009.1|	95.000	40	2	0	12	51	29912	29951	1.71e-05	63.9	2697049	N/A
72_8_2153_25261_13579/1	gi|2155043183|emb|OV015804.1|	97.297	37	1	0	12	48	29947	29911	1.71e-05	63.9	2697049	N/A
72_8_2153_25261_13579/1	gi|1971769499|gb|MW477480.1|	97.297	37	1	0	11	47	19396	19432	1.71e-05	63.9	2803381	N/A
72_8_1283_47838_15932/1	gi|2557638192|emb|OY694677.1|	92.500	40	1	2	2	40	4308	4346	0.003	56.5	2697049	N/A
72_8_1283_47838_15932/1	gi|2165834303|emb|OV196009.1|	92.308	39	3	0	2	40	108	70	0.003	56.5	2697049	N/A
72_8_1283_47838_15932/1	gi|2165834303|emb|OV196009.1|	96.970	33	1	0	2	34	29919	29951	0.003	56.5	2697049	N/A
72_8_1283_47838_15932/1	gi|2155043183|emb|OV015804.1|	100.000	30	0	0	2	31	29940	29911	0.003	56.5	2697049	N/A
72_8_1283_47838_15932/1	gi|2991388636|dbj|AP040949.1|	100.000	29	0	0	2	30	3527645	3527673	0.010	54.7	573	N/A
72_8_1283_47838_15932/1	gi|2991388621|dbj|AP040934.1|	100.000	29	0	0	2	30	146956	146984	0.010	54.7	562	N/A
72_8_1283_47838_15932/1	gi|2991388621|dbj|AP040934.1|	100.000	29	0	0	2	30	4900943	4900915	0.010	54.7	562	N/A
72_8_2375_34178_20303/1	gi|685042185|emb|LN590710.1|	92.727	55	2	2	64	117	9162069	9162122	6.11e-10	78.7	7962	N/A
72_8_2375_34178_20303/1	gi|685042185|emb|LN590710.1|	95.238	42	0	2	84	123	3790452	3790411	4.76e-06	65.8	7962	N/A
72_8_2375_34178_20303/1	gi|685042185|emb|LN590710.1|	95.238	42	0	2	84	123	6008694	6008735	4.76e-06	65.8	7962	N/A
72_8_2375_34178_20303/1	gi|685042185|emb|LN590710.1|	89.091	55	2	3	73	123	10218490	10218544	4.76e-06	65.8	7962	N/A
72_8_2375_34178_20303/1	gi|2978724457|gb|PV611058.1|	90.000	60	2	3	81	137	295318	295376	7.91e-09	75.0	3421660	N/A
72_8_2375_34178_20303/1	gi|2978724457|gb|PV611058.1|	90.000	60	2	3	81	137	295781	295839	7.91e-09	75.0	3421660	N/A
72_8_2375_34178_20303/1	gi|2557643774|emb|OY673254.1|	95.652	46	2	0	84	129	21732	21777	7.91e-09	75.0	2697049	N/A
72_8_2375_34178_20303/1	gi|2463378371|dbj|AP027461.1|	95.652	46	2	0	84	129	1299632	1299677	7.91e-09	75.0	511145	N/A
72_8_2375_34178_20303/1	gi|2463378371|dbj|AP027461.1|	95.652	46	2	0	84	129	1628404	1628359	7.91e-09	75.0	511145	N/A
72_8_2375_34178_20303/1	gi|685046059|emb|LN594584.1|	92.593	54	1	3	72	123	7181	7129	7.91e-09	75.0	7962	N/A
72_8_1347_24354_19042/1	gi|2978724457|gb|PV611058.1|	91.270	126	6	4	15	137	295321	295444	1.27e-36	167	3421660	N/A
72_8_1347_24354_19042/1	gi|2978724457|gb|PV611058.1|	91.667	60	1	3	15	71	295784	295842	1.70e-10	80.5	3421660	N/A
72_8_1347_24354_19042/1	gi|2830983252|gb|CP170844.1|	88.298	94	8	2	15	105	4083423	4083330	2.17e-19	110	573	N/A
72_8_1347_24354_19042/1	gi|685042206|emb|LN590731.1|	95.918	49	0	2	9	55	347604	347652	6.11e-10	78.7	7962	N/A
72_8_1347_24354_19042/1	gi|2557643774|emb|OY673254.1|	91.228	57	4	1	5	60	21721	21777	2.20e-09	76.8	2697049	N/A
72_8_1347_24354_19042/1	gi|2463378371|dbj|AP027461.1|	95.652	46	2	0	15	60	1299632	1299677	7.91e-09	75.0	511145	N/A
72_8_1347_24354_19042/1	gi|2463378371|dbj|AP027461.1|	95.652	46	2	0	15	60	1628404	1628359	7.91e-09	75.0	511145	N/A
72_8_2446_38087_17235/1	gi|2978724457|gb|PV611058.1|	92.063	63	1	3	76	135	295783	295844	3.65e-12	86.1	3421660	N/A
72_8_2446_38087_17235/1	gi|2978724457|gb|PV611058.1|	91.803	61	1	3	76	133	295320	295379	4.72e-11	82.4	3421660	N/A
72_8_2446_38087_17235/1	gi|685047827|emb|LN596339.1|	96.000	50	0	2	69	116	601778	601827	1.70e-10	80.5	7962	N/A
72_8_2446_38087_17235/1	gi|685042185|emb|LN590710.1|	92.727	55	0	3	66	116	10218490	10218544	2.20e-09	76.8	7962	N/A
72_8_2446_38087_17235/1	gi|685042185|emb|LN590710.1|	95.556	45	0	2	74	116	3790455	3790411	1.02e-07	71.3	7962	N/A
72_8_2446_38087_17235/1	gi|685042185|emb|LN590710.1|	95.556	45	0	2	74	116	6008691	6008735	1.02e-07	71.3	7962	N/A
72_8_2446_38087_17235/1	gi|685042185|emb|LN590710.1|	90.196	51	3	2	61	110	9162073	9162122	4.76e-06	65.8	7962	N/A
72_8_2446_38087_17235/1	gi|2557643774|emb|OY673254.1|	95.652	46	2	0	77	122	21732	21777	7.91e-09	75.0	2697049	N/A
72_8_2446_38087_17235/1	gi|2463378371|dbj|AP027461.1|	93.878	49	3	0	74	122	1299629	1299677	7.91e-09	75.0	511145	N/A
72_8_2446_38087_17235/1	gi|2463378371|dbj|AP027461.1|	95.652	46	2	0	77	122	1628404	1628359	7.91e-09	75.0	511145	N/A
72_8_2310_29145_9517/1	gi|2830983252|gb|CP170844.1|	90.426	94	6	2	45	135	4083423	4083330	1.00e-22	121	573	N/A
72_8_2310_29145_9517/1	gi|2978724457|gb|PV611058.1|	86.458	96	9	3	45	137	295321	295415	3.63e-17	102	3421660	N/A
72_8_2310_29145_9517/1	gi|2978724457|gb|PV611058.1|	91.935	62	1	3	45	103	295784	295844	1.31e-11	84.2	3421660	N/A
72_8_2310_29145_9517/1	gi|2557643774|emb|OY673254.1|	95.652	46	2	0	45	90	21732	21777	7.91e-09	75.0	2697049	N/A
72_8_2310_29145_9517/1	gi|2463378371|dbj|AP027461.1|	92.453	53	2	2	40	90	1299625	1299677	7.91e-09	75.0	511145	N/A
72_8_2310_29145_9517/1	gi|2463378371|dbj|AP027461.1|	95.652	46	2	0	45	90	1628404	1628359	7.91e-09	75.0	511145	N/A
72_8_2310_29145_9517/1	gi|685042161|emb|LN590686.1|	92.593	54	1	3	33	84	20813819	20813871	7.91e-09	75.0	7962	N/A
72_8_2310_29145_9517/1	gi|685042161|emb|LN590686.1|	95.349	43	0	2	44	84	4545830	4545872	1.32e-06	67.6	7962	N/A
72_8_2310_29145_9517/1	gi|685042161|emb|LN590686.1|	95.349	43	0	2	44	84	28125759	28125801	1.32e-06	67.6	7962	N/A
72_8_2310_29145_9517/1	gi|685042161|emb|LN590686.1|	95.238	42	0	2	45	84	6380194	6380235	4.76e-06	65.8	7962	N/A
72_8_2310_29145_9517/1	gi|685042161|emb|LN590686.1|	95.238	42	0	2	45	84	12304839	12304798	4.76e-06	65.8	7962	N/A
72_8_2310_29145_9517/1	gi|685042161|emb|LN590686.1|	95.238	42	0	2	45	84	17091846	17091887	4.76e-06	65.8	7962	N/A
72_8_2310_29145_9517/1	gi|685042161|emb|LN590686.1|	94.872	39	0	2	48	84	12436830	12436868	2.21e-04	60.2	7962	N/A
72_8_1474_36687_29492/1	gi|685042185|emb|LN590710.1|	100.000	44	0	0	87	130	9162079	9162122	4.72e-11	82.4	7962	N/A
72_8_1474_36687_29492/1	gi|685042185|emb|LN590710.1|	95.238	42	0	2	97	136	3790452	3790411	4.76e-06	65.8	7962	N/A
72_8_1474_36687_29492/1	gi|685042185|emb|LN590710.1|	95.238	42	0	2	97	136	6008694	6008735	4.76e-06	65.8	7962	N/A
72_8_1474_36687_29492/1	gi|685042185|emb|LN590710.1|	95.238	42	0	2	97	136	10218503	10218544	4.76e-06	65.8	7962	N/A
72_8_1474_36687_29492/1	gi|2524352013|emb|OY072335.1|	97.727	44	1	0	87	130	21648	21691	2.20e-09	76.8	2697049	N/A
72_8_1474_36687_29492/1	gi|685049916|emb|LN598428.1|	95.745	47	0	2	92	136	2460635	2460681	7.91e-09	75.0	7962	N/A
72_8_1474_36687_29492/1	gi|685046059|emb|LN594584.1|	92.593	54	1	3	85	136	7181	7129	7.91e-09	75.0	7962	N/A
72_8_1474_36687_29492/1	gi|2991388636|dbj|AP040949.1|	100.000	39	0	0	94	132	3527635	3527673	2.84e-08	73.1	573	N/A
72_8_1436_22865_21535/1	gi|2978724457|gb|PV611058.1|	88.298	94	7	3	47	137	295320	295412	2.17e-19	110	3421660	N/A
72_8_1436_22865_21535/1	gi|2978724457|gb|PV611058.1|	91.803	61	1	3	47	104	295783	295842	4.72e-11	82.4	3421660	N/A
72_8_1436_22865_21535/1	gi|2830983252|gb|CP170844.1|	88.043	92	9	1	48	137	4083423	4083332	7.79e-19	108	573	N/A
72_8_1436_22865_21535/1	gi|685042175|emb|LN590700.1|	94.231	52	1	2	39	88	14033950	14033899	6.11e-10	78.7	7962	N/A
72_8_1436_22865_21535/1	gi|685042175|emb|LN590700.1|	95.238	42	0	2	48	87	15778538	15778579	4.76e-06	65.8	7962	N/A
72_8_1436_22865_21535/1	gi|685042185|emb|LN590710.1|	94.000	50	3	0	32	81	9162073	9162122	2.20e-09	76.8	7962	N/A
72_8_1436_22865_21535/1	gi|685042185|emb|LN590710.1|	95.349	43	0	2	47	87	3790453	3790411	1.32e-06	67.6	7962	N/A
72_8_1436_22865_21535/1	gi|685042185|emb|LN590710.1|	95.349	43	0	2	47	87	6008693	6008735	1.32e-06	67.6	7962	N/A
72_8_1436_22865_21535/1	gi|685042185|emb|LN590710.1|	95.349	43	0	2	47	87	10218502	10218544	1.32e-06	67.6	7962	N/A
72_8_1436_22865_21535/1	gi|2557643774|emb|OY673254.1|	95.652	46	2	0	48	93	21732	21777	7.91e-09	75.0	2697049	N/A
72_8_2352_19127_5623/1	gi|2830983252|gb|CP170844.1|	88.571	70	6	1	68	135	4083425	4083356	1.31e-11	84.2	573	N/A
72_8_2352_19127_5623/1	gi|2978724457|gb|PV611058.1|	91.803	61	1	3	70	127	295321	295380	4.72e-11	82.4	3421660	N/A
72_8_2352_19127_5623/1	gi|2978724457|gb|PV611058.1|	91.667	60	1	3	70	126	295784	295842	1.70e-10	80.5	3421660	N/A
72_8_2352_19127_5623/1	gi|685042185|emb|LN590710.1|	97.727	44	1	0	60	103	9162079	9162122	2.20e-09	76.8	7962	N/A
72_8_2352_19127_5623/1	gi|685042185|emb|LN590710.1|	95.238	42	0	2	70	109	3790452	3790411	4.76e-06	65.8	7962	N/A
72_8_2352_19127_5623/1	gi|685042185|emb|LN590710.1|	95.238	42	0	2	70	109	6008694	6008735	4.76e-06	65.8	7962	N/A
72_8_2352_19127_5623/1	gi|685042185|emb|LN590710.1|	95.238	42	0	2	70	109	10218503	10218544	4.76e-06	65.8	7962	N/A
72_8_2352_19127_5623/1	gi|2557643774|emb|OY673254.1|	95.652	46	2	0	70	115	21732	21777	7.91e-09	75.0	2697049	N/A
72_8_2352_19127_5623/1	gi|2463378371|dbj|AP027461.1|	95.652	46	2	0	70	115	1299632	1299677	7.91e-09	75.0	511145	N/A
72_8_2352_19127_5623/1	gi|2463378371|dbj|AP027461.1|	95.652	46	2	0	70	115	1628404	1628359	7.91e-09	75.0	511145	N/A
72_8_1459_29274_14672/1	gi|2978724457|gb|PV611058.1|	90.551	127	7	4	14	137	295320	295444	1.64e-35	163	3421660	N/A
72_8_1459_29274_14672/1	gi|2978724457|gb|PV611058.1|	91.803	61	1	3	14	71	295783	295842	4.72e-11	82.4	3421660	N/A
72_8_1459_29274_14672/1	gi|2830983252|gb|CP170844.1|	85.417	96	10	3	15	108	4083423	4083330	1.69e-15	97.1	573	N/A
72_8_1459_29274_14672/1	gi|2557643774|emb|OY673254.1|	92.453	53	2	2	10	60	21725	21777	7.91e-09	75.0	2697049	N/A
72_8_1459_29274_14672/1	gi|2463378371|dbj|AP027461.1|	95.652	46	2	0	15	60	1299632	1299677	7.91e-09	75.0	511145	N/A
72_8_1459_29274_14672/1	gi|2463378371|dbj|AP027461.1|	95.652	46	2	0	15	60	1628404	1628359	7.91e-09	75.0	511145	N/A
72_8_1459_29274_14672/1	gi|685047827|emb|LN596339.1|	94.000	50	1	2	7	54	601778	601827	7.91e-09	75.0	7962	N/A
72_8_1491_11876_1953/1	gi|2978724457|gb|PV611058.1|	95.050	101	1	3	40	137	295320	295419	2.74e-33	156	3421660	N/A
72_8_1491_11876_1953/1	gi|2978724457|gb|PV611058.1|	91.803	61	1	3	40	97	295783	295842	4.72e-11	82.4	3421660	N/A
72_8_1491_11876_1953/1	gi|2557638192|emb|OY694677.1|	91.525	59	2	3	29	86	4290	4346	6.11e-10	78.7	2697049	N/A
72_8_1491_11876_1953/1	gi|685042178|emb|LN590703.1|	95.833	48	0	2	35	80	1057729	1057776	2.20e-09	76.8	7962	N/A
72_8_1491_11876_1953/1	gi|685042178|emb|LN590703.1|	95.238	42	0	2	41	80	7304702	7304661	4.76e-06	65.8	7962	N/A
72_8_1491_11876_1953/1	gi|685042178|emb|LN590703.1|	95.238	42	0	2	41	80	12952801	12952842	4.76e-06	65.8	7962	N/A
72_8_1491_11876_1953/1	gi|685042178|emb|LN590703.1|	95.238	42	0	2	41	80	13166504	13166545	4.76e-06	65.8	7962	N/A
72_8_1491_11876_1953/1	gi|685042178|emb|LN590703.1|	95.238	42	0	2	41	80	17684505	17684464	4.76e-06	65.8	7962	N/A
72_8_1491_11876_1953/1	gi|2560271083|emb|OY714119.1|	95.745	47	1	1	29	75	4290	4335	7.91e-09	75.0	2697049	N/A
72_8_1491_11876_1953/1	gi|2830983252|gb|CP170844.1|	81.915	94	5	2	41	122	4083423	4083330	3.68e-07	69.4	573	N/A
72_8_1109_27405_17487/1	gi|2978724457|gb|PV611058.1|	94.444	126	2	4	15	137	295321	295444	2.71e-43	189	3421660	N/A
72_8_1109_27405_17487/1	gi|2978724457|gb|PV611058.1|	91.667	60	1	3	15	71	295784	295842	1.70e-10	80.5	3421660	N/A
72_8_1109_27405_17487/1	gi|2830983252|gb|CP170844.1|	82.292	96	14	2	14	107	4083424	4083330	1.70e-10	80.5	573	N/A
72_8_1109_27405_17487/1	gi|2557643774|emb|OY673254.1|	95.652	46	2	0	15	60	21732	21777	7.91e-09	75.0	2697049	N/A
72_8_1109_27405_17487/1	gi|2463378371|dbj|AP027461.1|	95.652	46	2	0	15	60	1299632	1299677	7.91e-09	75.0	511145	N/A
72_8_1109_27405_17487/1	gi|2463378371|dbj|AP027461.1|	95.652	46	2	0	15	60	1628404	1628359	7.91e-09	75.0	511145	N/A
72_8_1109_27405_17487/1	gi|2924925013|gb|PQ571295.1|	100.000	39	0	0	11	49	225	263	2.84e-08	73.1	3385244	N/A
72_8_2161_50087_4838/1	gi|2978724457|gb|PV611058.1|	93.269	104	3	3	37	137	295316	295418	1.28e-31	150	3421660	N/A
72_8_2161_50087_4838/1	gi|2978724457|gb|PV611058.1|	90.769	65	2	3	37	98	295779	295842	1.31e-11	84.2	3421660	N/A
72_8_2161_50087_4838/1	gi|2830983252|gb|CP170844.1|	82.979	94	12	2	42	131	4083423	4083330	4.72e-11	82.4	573	N/A
72_8_2161_50087_4838/1	gi|685042161|emb|LN590686.1|	94.231	52	0	3	32	81	20813821	20813871	2.20e-09	76.8	7962	N/A
72_8_2161_50087_4838/1	gi|685042161|emb|LN590686.1|	95.455	44	0	2	40	81	28125758	28125801	3.68e-07	69.4	7962	N/A
72_8_2161_50087_4838/1	gi|685042161|emb|LN590686.1|	95.349	43	0	2	41	81	4545830	4545872	1.32e-06	67.6	7962	N/A
72_8_2161_50087_4838/1	gi|685042161|emb|LN590686.1|	93.617	47	0	3	38	81	6380189	6380235	1.32e-06	67.6	7962	N/A
72_8_2161_50087_4838/1	gi|685042161|emb|LN590686.1|	95.238	42	0	2	42	81	12304839	12304798	4.76e-06	65.8	7962	N/A
72_8_2161_50087_4838/1	gi|685042161|emb|LN590686.1|	95.238	42	0	2	42	81	17091846	17091887	4.76e-06	65.8	7962	N/A
72_8_2161_50087_4838/1	gi|685042161|emb|LN590686.1|	94.872	39	0	2	45	81	12436830	12436868	2.21e-04	60.2	7962	N/A
72_8_2161_50087_4838/1	gi|2557643774|emb|OY673254.1|	95.652	46	2	0	42	87	21732	21777	7.91e-09	75.0	2697049	N/A
72_8_2161_50087_4838/1	gi|2463378371|dbj|AP027461.1|	95.652	46	2	0	42	87	1299632	1299677	7.91e-09	75.0	511145	N/A
72_8_2161_50087_4838/1	gi|2463378371|dbj|AP027461.1|	95.652	46	2	0	42	87	1628404	1628359	7.91e-09	75.0	511145	N/A
72_8_2253_7814_19098/1	gi|2978724457|gb|PV611058.1|	88.095	126	10	4	15	137	295321	295444	5.94e-30	145	3421660	N/A
72_8_2253_7814_19098/1	gi|2978724457|gb|PV611058.1|	91.667	60	1	3	15	71	295784	295842	1.70e-10	80.5	3421660	N/A
72_8_2253_7814_19098/1	gi|2830983252|gb|CP170844.1|	89.691	97	7	2	13	107	4083425	4083330	1.00e-22	121	573	N/A
72_8_2253_7814_19098/1	gi|2524352013|emb|OY072335.1|	95.833	48	2	0	1	48	21644	21691	6.11e-10	78.7	2697049	N/A
72_8_2253_7814_19098/1	gi|2755084441|gb|PP943425.1|	81.720	93	13	4	15	106	67825	67736	7.91e-09	75.0	10258	N/A
72_8_2253_7814_19098/1	gi|2755084441|gb|PP943425.1|	93.617	47	1	2	14	59	67590	67635	3.68e-07	69.4	10258	N/A
72_8_2253_7814_19098/1	gi|2557643774|emb|OY673254.1|	95.652	46	2	0	15	60	21732	21777	7.91e-09	75.0	2697049	N/A
72_8_2306_48356_6183/1	gi|3062961609|gb|PX394567.1|	92.000	75	6	0	2	76	330587	330661	2.80e-18	106	3029072	N/A
72_8_2306_48356_6183/1	gi|2879910168|gb|PQ850635.1|	92.000	75	6	0	2	76	355688	355762	2.80e-18	106	871918	N/A
72_8_2306_48356_6183/1	gi|2850723390|emb|OZ202115.1|	93.056	72	5	0	3	74	65021749	65021678	2.80e-18	106	337392	N/A
72_8_2306_48356_6183/1	gi|2732882387|gb|PP542009.1|	92.000	75	6	0	2	76	403436	403510	2.80e-18	106	121481	N/A
72_8_2306_48356_6183/1	gi|2715317311|ref|NC_087815.1|	92.000	75	6	0	2	76	534714	534640	2.80e-18	106	1846138	N/A
72_8_1434_24095_16577/1	gi|1080084264|gb|KX995853.1|	86.047	129	18	0	2	130	161	33	2.76e-28	139	77133	N/A
72_8_1434_24095_16577/1	gi|1080083857|gb|KX995446.1|	86.047	129	18	0	2	130	161	33	2.76e-28	139	77133	N/A
72_8_1434_24095_16577/1	gi|1080084943|gb|KX996532.1|	85.271	129	19	0	2	130	161	33	1.29e-26	134	77133	N/A
72_8_1434_24095_16577/1	gi|1080084932|gb|KX996521.1|	85.271	129	19	0	2	130	161	33	1.29e-26	134	77133	N/A
72_8_1434_24095_16577/1	gi|1080084779|gb|KX996368.1|	85.271	129	19	0	2	130	161	33	1.29e-26	134	77133	N/A
72_8_1140_49149_16577/1	gi|2978724457|gb|PV611058.1|	91.339	127	6	4	14	137	295320	295444	3.53e-37	169	3421660	N/A
72_8_1140_49149_16577/1	gi|2978724457|gb|PV611058.1|	92.063	63	1	3	14	73	295783	295844	3.65e-12	86.1	3421660	N/A
72_8_1140_49149_16577/1	gi|2830983252|gb|CP170844.1|	86.316	95	10	2	15	107	4083423	4083330	1.30e-16	100	573	N/A
72_8_1140_49149_16577/1	gi|2557643774|emb|OY673254.1|	95.652	46	2	0	15	60	21732	21777	7.91e-09	75.0	2697049	N/A
72_8_1140_49149_16577/1	gi|2463378371|dbj|AP027461.1|	93.878	49	3	0	12	60	1299629	1299677	7.91e-09	75.0	511145	N/A
72_8_1140_49149_16577/1	gi|2463378371|dbj|AP027461.1|	95.652	46	2	0	15	60	1628404	1628359	7.91e-09	75.0	511145	N/A
72_8_1140_49149_16577/1	gi|685047827|emb|LN596339.1|	94.000	50	1	2	7	54	601778	601827	7.91e-09	75.0	7962	N/A
72_8_2243_11358_7304/1	gi|2978724457|gb|PV611058.1|	88.976	127	9	4	14	137	295320	295444	3.55e-32	152	3421660	N/A
72_8_2243_11358_7304/1	gi|2978724457|gb|PV611058.1|	92.063	63	1	3	14	73	295783	295844	3.65e-12	86.1	3421660	N/A
72_8_2243_11358_7304/1	gi|2830983252|gb|CP170844.1|	88.421	95	8	2	15	107	4083423	4083330	6.03e-20	111	573	N/A
72_8_2243_11358_7304/1	gi|2557643774|emb|OY673254.1|	92.593	54	3	1	8	60	21724	21777	2.20e-09	76.8	2697049	N/A
72_8_2243_11358_7304/1	gi|2557638192|emb|OY694677.1|	94.000	50	1	2	12	60	4298	4346	7.91e-09	75.0	2697049	N/A
72_8_2243_11358_7304/1	gi|2463378371|dbj|AP027461.1|	95.652	46	2	0	15	60	1299632	1299677	7.91e-09	75.0	511145	N/A
72_8_2243_11358_7304/1	gi|2463378371|dbj|AP027461.1|	95.652	46	2	0	15	60	1628404	1628359	7.91e-09	75.0	511145	N/A
72_8_1235_46098_5188/1	gi|2978724457|gb|PV611058.1|	88.550	131	10	4	10	137	295316	295444	9.87e-33	154	3421660	N/A
72_8_1235_46098_5188/1	gi|2978724457|gb|PV611058.1|	90.625	64	2	3	10	70	295779	295841	4.72e-11	82.4	3421660	N/A
72_8_1235_46098_5188/1	gi|2830983252|gb|CP170844.1|	89.474	95	6	3	15	106	4083423	4083330	1.30e-21	117	573	N/A
72_8_1235_46098_5188/1	gi|2557643774|emb|OY673254.1|	92.593	54	3	1	8	60	21724	21777	2.20e-09	76.8	2697049	N/A
72_8_1235_46098_5188/1	gi|685042175|emb|LN590700.1|	94.118	51	1	2	7	55	14033949	14033899	2.20e-09	76.8	7962	N/A
72_8_1235_46098_5188/1	gi|685042175|emb|LN590700.1|	95.238	42	0	2	15	54	15778538	15778579	4.76e-06	65.8	7962	N/A
72_8_1235_46098_5188/1	gi|2463378371|dbj|AP027461.1|	95.652	46	2	0	15	60	1299632	1299677	7.91e-09	75.0	511145	N/A
72_8_1235_46098_5188/1	gi|2463378371|dbj|AP027461.1|	95.652	46	2	0	15	60	1628404	1628359	7.91e-09	75.0	511145	N/A
72_8_2458_33620_22474/1	gi|2978724457|gb|PV611058.1|	91.379	58	1	3	83	137	295320	295376	2.20e-09	76.8	3421660	N/A
72_8_2458_33620_22474/1	gi|2978724457|gb|PV611058.1|	91.379	58	1	3	83	137	295783	295839	2.20e-09	76.8	3421660	N/A
72_8_2458_33620_22474/1	gi|2557643774|emb|OY673254.1|	95.652	46	2	0	84	129	21732	21777	7.91e-09	75.0	2697049	N/A
72_8_2458_33620_22474/1	gi|2463378371|dbj|AP027461.1|	93.878	49	3	0	81	129	1299629	1299677	7.91e-09	75.0	511145	N/A
72_8_2458_33620_22474/1	gi|2463378371|dbj|AP027461.1|	95.652	46	2	0	84	129	1628404	1628359	7.91e-09	75.0	511145	N/A
72_8_2458_33620_22474/1	gi|685047827|emb|LN596339.1|	94.000	50	1	2	76	123	601778	601827	7.91e-09	75.0	7962	N/A
72_8_2458_33620_22474/1	gi|685043901|emb|LN592426.1|	94.118	51	0	3	75	123	375099	375148	7.91e-09	75.0	7962	N/A
72_8_1117_8388_10763/1	gi|2978724457|gb|PV611058.1|	92.913	127	4	4	14	137	295320	295444	1.63e-40	180	3421660	N/A
72_8_1117_8388_10763/1	gi|2978724457|gb|PV611058.1|	91.803	61	1	3	14	71	295783	295842	4.72e-11	82.4	3421660	N/A
72_8_1117_8388_10763/1	gi|2830983252|gb|CP170844.1|	86.170	94	10	2	15	105	4083423	4083330	4.69e-16	99.0	573	N/A
72_8_1117_8388_10763/1	gi|2557643774|emb|OY673254.1|	92.593	54	3	1	8	60	21724	21777	2.20e-09	76.8	2697049	N/A
72_8_1117_8388_10763/1	gi|2463378371|dbj|AP027461.1|	95.652	46	2	0	15	60	1299632	1299677	7.91e-09	75.0	511145	N/A
72_8_1117_8388_10763/1	gi|2463378371|dbj|AP027461.1|	95.652	46	2	0	15	60	1628404	1628359	7.91e-09	75.0	511145	N/A
72_8_1117_8388_10763/1	gi|685042277|emb|LN590802.1|	95.745	47	0	2	10	54	1043034	1043080	7.91e-09	75.0	7962	N/A
72_8_1449_46584_21073/1	gi|2701785471|gb|OR911489.1|	93.827	81	5	0	2	82	715	635	2.78e-23	122	185002	N/A
72_8_1449_46584_21073/1	gi|2701784733|gb|OR911481.1|	93.827	81	5	0	2	82	659	579	2.78e-23	122	39414	N/A
72_8_1449_46584_21073/1	gi|2724826922|ref|NC_088463.1|	93.827	81	5	0	2	82	670	590	2.78e-23	122	197795	N/A
72_8_1449_46584_21073/1	gi|2328376401|ref|NC_068049.1|	93.827	81	5	0	2	82	664	584	2.78e-23	122	39414	N/A
72_8_1449_46584_21073/1	gi|2288448399|gb|ON641301.1|	93.827	81	5	0	2	82	670	590	2.78e-23	122	185001	N/A
72_8_2189_31532_27237/1	gi|2978724457|gb|PV611058.1|	93.701	127	2	5	14	137	295321	295444	3.50e-42	185	3421660	N/A
72_8_2189_31532_27237/1	gi|2978724457|gb|PV611058.1|	91.667	60	1	3	14	70	295784	295842	1.70e-10	80.5	3421660	N/A
72_8_2189_31532_27237/1	gi|2830983252|gb|CP170844.1|	85.417	96	10	2	12	103	4083425	4083330	1.69e-15	97.1	573	N/A
72_8_2189_31532_27237/1	gi|2557643774|emb|OY673254.1|	95.652	46	2	0	14	59	21732	21777	7.91e-09	75.0	2697049	N/A
72_8_2189_31532_27237/1	gi|2463378371|dbj|AP027461.1|	95.652	46	2	0	14	59	1299632	1299677	7.91e-09	75.0	511145	N/A
72_8_2189_31532_27237/1	gi|2463378371|dbj|AP027461.1|	95.652	46	2	0	14	59	1628404	1628359	7.91e-09	75.0	511145	N/A
72_8_2189_31532_27237/1	gi|2165836832|emb|OV197136.1|	92.593	54	1	3	7	59	122	71	7.91e-09	75.0	2697049	N/A
72_8_2154_18868_22796/1	gi|2978724457|gb|PV611058.1|	90.476	126	7	4	15	137	295321	295444	5.90e-35	161	3421660	N/A
72_8_2154_18868_22796/1	gi|2978724457|gb|PV611058.1|	91.525	59	1	3	15	70	295784	295841	6.11e-10	78.7	3421660	N/A
72_8_2154_18868_22796/1	gi|2830983252|gb|CP170844.1|	88.421	95	8	2	14	105	4083424	4083330	6.03e-20	111	573	N/A
72_8_2154_18868_22796/1	gi|2557643774|emb|OY673254.1|	92.593	54	3	1	8	60	21724	21777	2.20e-09	76.8	2697049	N/A
72_8_2154_18868_22796/1	gi|2557639802|emb|OY695838.1|	100.000	40	0	0	9	48	4716	4755	7.91e-09	75.0	2697049	N/A
72_8_2154_18868_22796/1	gi|2463378371|dbj|AP027461.1|	95.652	46	2	0	15	60	1299632	1299677	7.91e-09	75.0	511145	N/A
72_8_2154_18868_22796/1	gi|2463378371|dbj|AP027461.1|	95.652	46	2	0	15	60	1628404	1628359	7.91e-09	75.0	511145	N/A
72_8_2229_47571_15946/1	gi|2978724457|gb|PV611058.1|	91.339	127	3	5	1	125	295324	295444	1.27e-36	167	3421660	N/A
72_8_2229_47571_15946/1	gi|2978724457|gb|PV611058.1|	90.909	55	3	2	1	53	295787	295841	2.84e-08	73.1	3421660	N/A
72_8_2229_47571_15946/1	gi|2830983252|gb|CP170844.1|	85.714	91	8	3	1	86	4083420	4083330	7.85e-14	91.6	573	N/A
72_8_2229_47571_15946/1	gi|2557643774|emb|OY673254.1|	95.349	43	2	0	1	43	21735	21777	3.68e-07	69.4	2697049	N/A
72_8_2229_47571_15946/1	gi|780644672|ref|XM_011690559.1|	100.000	35	0	0	1	35	1041	1075	4.76e-06	65.8	64793	N/A
72_8_2229_47571_15946/1	gi|685042188|emb|LN590713.1|	100.000	35	0	0	1	35	7120051	7120085	4.76e-06	65.8	7962	N/A
72_8_2346_26143_23314/1	gi|685042161|emb|LN590686.1|	96.000	50	0	2	87	135	20813819	20813867	1.70e-10	80.5	7962	N/A
72_8_2346_26143_23314/1	gi|685042161|emb|LN590686.1|	97.500	40	0	1	97	135	6380192	6380231	1.32e-06	67.6	7962	N/A
72_8_2346_26143_23314/1	gi|685042161|emb|LN590686.1|	97.368	38	0	1	99	135	4545831	4545868	1.71e-05	63.9	7962	N/A
72_8_2346_26143_23314/1	gi|685042161|emb|LN590686.1|	97.368	38	0	1	99	135	12304839	12304802	1.71e-05	63.9	7962	N/A
72_8_2346_26143_23314/1	gi|685042161|emb|LN590686.1|	97.368	38	0	1	99	135	17091846	17091883	1.71e-05	63.9	7962	N/A
72_8_2346_26143_23314/1	gi|685042161|emb|LN590686.1|	97.368	38	0	1	99	135	28125760	28125797	1.71e-05	63.9	7962	N/A
72_8_2346_26143_23314/1	gi|685042161|emb|LN590686.1|	97.143	35	0	1	102	135	12436830	12436864	7.96e-04	58.4	7962	N/A
72_8_2346_26143_23314/1	gi|685042802|emb|LN591327.1|	94.000	50	1	2	87	135	61996	62044	7.91e-09	75.0	7962	N/A
72_8_2346_26143_23314/1	gi|685042184|emb|LN590709.1|	94.000	50	1	2	87	135	3964929	3964977	7.91e-09	75.0	7962	N/A
72_8_2346_26143_23314/1	gi|685042184|emb|LN590709.1|	93.333	45	1	2	92	135	5157477	5157520	4.76e-06	65.8	7962	N/A
72_8_2346_26143_23314/1	gi|685042184|emb|LN590709.1|	97.368	38	0	1	99	135	4006924	4006887	1.71e-05	63.9	7962	N/A
72_8_2346_26143_23314/1	gi|2676815380|gb|CP144850.1|	100.000	39	0	0	94	132	129812	129850	2.84e-08	73.1	2608262	N/A
72_8_2346_26143_23314/1	gi|685042277|emb|LN590802.1|	97.674	43	0	1	94	135	1043034	1043076	2.84e-08	73.1	7962	N/A
72_8_2168_10800_16535/1	gi|2978724457|gb|PV611058.1|	92.188	128	5	4	13	137	295319	295444	2.11e-39	176	3421660	N/A
72_8_2168_10800_16535/1	gi|2978724457|gb|PV611058.1|	91.935	62	1	3	13	71	295782	295842	1.31e-11	84.2	3421660	N/A
72_8_2168_10800_16535/1	gi|2830983252|gb|CP170844.1|	85.417	96	9	4	15	107	4083423	4083330	6.07e-15	95.3	573	N/A
72_8_2168_10800_16535/1	gi|685043992|emb|LN592517.1|	95.652	46	0	2	11	54	50657	50702	2.84e-08	73.1	7962	N/A
72_8_2168_10800_16535/1	gi|685043992|emb|LN592517.1|	95.349	43	0	2	14	54	76076	76118	1.32e-06	67.6	7962	N/A
72_8_2168_10800_16535/1	gi|685042177|emb|LN590702.1|	91.071	56	2	3	2	54	6762485	6762540	2.84e-08	73.1	7962	N/A
72_8_2168_10800_16535/1	gi|685042177|emb|LN590702.1|	95.238	42	0	2	15	54	1181065	1181106	4.76e-06	65.8	7962	N/A
72_8_2168_10800_16535/1	gi|685042177|emb|LN590702.1|	95.238	42	0	2	15	54	3995989	3995948	4.76e-06	65.8	7962	N/A
72_8_2168_10800_16535/1	gi|685042177|emb|LN590702.1|	93.333	45	1	2	12	54	6540858	6540902	4.76e-06	65.8	7962	N/A
72_8_2168_10800_16535/1	gi|685042177|emb|LN590702.1|	95.238	42	0	2	15	54	6862999	6863040	4.76e-06	65.8	7962	N/A
72_8_2168_10800_16535/1	gi|685042177|emb|LN590702.1|	100.000	34	0	0	14	47	1157093	1157060	1.71e-05	63.9	7962	N/A
72_8_2168_10800_16535/1	gi|685042175|emb|LN590700.1|	91.071	56	2	3	3	55	14033954	14033899	2.84e-08	73.1	7962	N/A
72_8_2168_10800_16535/1	gi|685042175|emb|LN590700.1|	95.238	42	0	2	15	54	15778538	15778579	4.76e-06	65.8	7962	N/A
72_8_2257_30488_6099/1	gi|2978724457|gb|PV611058.1|	91.304	69	2	3	72	137	295321	295388	7.85e-14	91.6	3421660	N/A
72_8_2257_30488_6099/1	gi|2978724457|gb|PV611058.1|	91.525	59	1	3	72	127	295784	295841	6.11e-10	78.7	3421660	N/A
72_8_2257_30488_6099/1	gi|2557643774|emb|OY673254.1|	95.652	46	2	0	72	117	21732	21777	7.91e-09	75.0	2697049	N/A
72_8_2257_30488_6099/1	gi|2463378371|dbj|AP027461.1|	95.652	46	2	0	72	117	1299632	1299677	7.91e-09	75.0	511145	N/A
72_8_2257_30488_6099/1	gi|2463378371|dbj|AP027461.1|	95.652	46	2	0	72	117	1628404	1628359	7.91e-09	75.0	511145	N/A
72_8_2257_30488_6099/1	gi|685042161|emb|LN590686.1|	92.593	54	1	3	60	111	20813819	20813871	7.91e-09	75.0	7962	N/A
72_8_2257_30488_6099/1	gi|685042161|emb|LN590686.1|	95.349	43	0	2	71	111	4545830	4545872	1.32e-06	67.6	7962	N/A
72_8_2257_30488_6099/1	gi|685042161|emb|LN590686.1|	90.566	53	2	3	61	111	17091836	17091887	1.32e-06	67.6	7962	N/A
72_8_2257_30488_6099/1	gi|685042161|emb|LN590686.1|	95.349	43	0	2	71	111	28125759	28125801	1.32e-06	67.6	7962	N/A
72_8_2257_30488_6099/1	gi|685042161|emb|LN590686.1|	95.238	42	0	2	72	111	6380194	6380235	4.76e-06	65.8	7962	N/A
72_8_2257_30488_6099/1	gi|685042161|emb|LN590686.1|	95.238	42	0	2	72	111	12304839	12304798	4.76e-06	65.8	7962	N/A
72_8_2257_30488_6099/1	gi|685042161|emb|LN590686.1|	94.872	39	0	2	75	111	12436830	12436868	2.21e-04	60.2	7962	N/A
72_8_2257_30488_6099/1	gi|780644672|ref|XM_011690559.1|	97.619	42	1	0	65	106	1031	1072	2.84e-08	73.1	64793	N/A
72_8_1422_41316_1560/1	gi|2978724457|gb|PV611058.1|	91.538	130	8	3	10	137	295316	295444	2.11e-39	176	3421660	N/A
72_8_1422_41316_1560/1	gi|2978724457|gb|PV611058.1|	92.308	65	3	2	10	72	295779	295843	7.85e-14	91.6	3421660	N/A
72_8_1422_41316_1560/1	gi|2830983252|gb|CP170844.1|	88.298	94	9	1	15	106	4083423	4083330	6.03e-20	111	573	N/A
72_8_1422_41316_1560/1	gi|2557643774|emb|OY673254.1|	95.652	46	2	0	15	60	21732	21777	7.91e-09	75.0	2697049	N/A
72_8_1422_41316_1560/1	gi|685042161|emb|LN590686.1|	97.727	44	0	1	5	48	20813821	20813863	7.91e-09	75.0	7962	N/A
72_8_1422_41316_1560/1	gi|685042161|emb|LN590686.1|	97.436	39	0	1	11	48	6380189	6380227	4.76e-06	65.8	7962	N/A
72_8_1422_41316_1560/1	gi|685042161|emb|LN590686.1|	100.000	34	0	0	15	48	4545831	4545864	1.71e-05	63.9	7962	N/A
72_8_1422_41316_1560/1	gi|685042161|emb|LN590686.1|	100.000	34	0	0	15	48	12304839	12304806	1.71e-05	63.9	7962	N/A
72_8_1422_41316_1560/1	gi|685042161|emb|LN590686.1|	100.000	34	0	0	15	48	17091846	17091879	1.71e-05	63.9	7962	N/A
72_8_1422_41316_1560/1	gi|685042161|emb|LN590686.1|	100.000	34	0	0	15	48	28125760	28125793	1.71e-05	63.9	7962	N/A
72_8_1422_41316_1560/1	gi|685042161|emb|LN590686.1|	100.000	31	0	0	18	48	12436830	12436860	7.96e-04	58.4	7962	N/A
72_8_1422_41316_1560/1	gi|2565360070|emb|OY632882.1|	100.000	39	0	0	12	50	22463	22501	2.84e-08	73.1	2697049	N/A
72_8_1170_39365_4320/1	gi|2830983252|gb|CP170844.1|	90.110	91	7	1	49	137	4083425	4083335	1.30e-21	117	573	N/A
72_8_1170_39365_4320/1	gi|2978724457|gb|PV611058.1|	85.556	90	9	3	51	137	295321	295409	7.85e-14	91.6	3421660	N/A
72_8_1170_39365_4320/1	gi|2978724457|gb|PV611058.1|	91.667	60	1	3	51	107	295784	295842	1.70e-10	80.5	3421660	N/A
72_8_1170_39365_4320/1	gi|2557643774|emb|OY673254.1|	95.652	46	2	0	51	96	21732	21777	7.91e-09	75.0	2697049	N/A
72_8_1170_39365_4320/1	gi|2463378371|dbj|AP027461.1|	95.652	46	2	0	51	96	1299632	1299677	7.91e-09	75.0	511145	N/A
72_8_1170_39365_4320/1	gi|2463378371|dbj|AP027461.1|	95.652	46	2	0	51	96	1628404	1628359	7.91e-09	75.0	511145	N/A
72_8_1170_39365_4320/1	gi|2165836832|emb|OV197136.1|	92.593	54	1	3	44	96	122	71	7.91e-09	75.0	2697049	N/A
72_8_2304_13915_27727/1	gi|2978724457|gb|PV611058.1|	90.977	133	1	5	1	130	295320	295444	3.53e-37	169	3421660	N/A
72_8_2304_13915_27727/1	gi|2978724457|gb|PV611058.1|	91.803	61	1	3	1	58	295783	295842	4.72e-11	82.4	3421660	N/A
72_8_2304_13915_27727/1	gi|2830983252|gb|CP170844.1|	89.362	94	7	2	2	92	4083423	4083330	4.66e-21	115	573	N/A
72_8_2304_13915_27727/1	gi|2557643774|emb|OY673254.1|	95.652	46	2	0	2	47	21732	21777	7.91e-09	75.0	2697049	N/A
72_8_2304_13915_27727/1	gi|2463378371|dbj|AP027461.1|	95.652	46	2	0	2	47	1299632	1299677	7.91e-09	75.0	511145	N/A
72_8_2304_13915_27727/1	gi|2463378371|dbj|AP027461.1|	95.652	46	2	0	2	47	1628404	1628359	7.91e-09	75.0	511145	N/A
72_8_2304_13915_27727/1	gi|2560250289|emb|OY708460.1|	93.750	48	1	2	1	47	6489	6535	1.02e-07	71.3	2697049	N/A
72_8_1291_39195_24225/1	gi|2978724457|gb|PV611058.1|	95.238	126	1	4	15	137	295321	295444	5.82e-45	195	3421660	N/A
72_8_1291_39195_24225/1	gi|2978724457|gb|PV611058.1|	91.667	60	1	3	15	71	295784	295842	1.70e-10	80.5	3421660	N/A
72_8_1291_39195_24225/1	gi|2830983252|gb|CP170844.1|	82.979	94	12	2	15	104	4083423	4083330	4.72e-11	82.4	573	N/A
72_8_1291_39195_24225/1	gi|2557643774|emb|OY673254.1|	95.652	46	2	0	15	60	21732	21777	7.91e-09	75.0	2697049	N/A
72_8_1291_39195_24225/1	gi|2463378371|dbj|AP027461.1|	95.652	46	2	0	15	60	1299632	1299677	7.91e-09	75.0	511145	N/A
72_8_1291_39195_24225/1	gi|2463378371|dbj|AP027461.1|	95.652	46	2	0	15	60	1628404	1628359	7.91e-09	75.0	511145	N/A
72_8_1291_39195_24225/1	gi|780644672|ref|XM_011690559.1|	97.619	42	1	0	8	49	1031	1072	2.84e-08	73.1	64793	N/A
72_8_1291_50751_27335/1	gi|2978724457|gb|PV611058.1|	92.857	126	4	4	15	137	295321	295444	5.86e-40	178	3421660	N/A
72_8_1291_50751_27335/1	gi|2978724457|gb|PV611058.1|	91.667	60	1	3	15	71	295784	295842	1.70e-10	80.5	3421660	N/A
72_8_1291_50751_27335/1	gi|2830983252|gb|CP170844.1|	84.375	96	12	2	14	107	4083424	4083330	7.85e-14	91.6	573	N/A
72_8_1291_50751_27335/1	gi|2557643774|emb|OY673254.1|	95.652	46	2	0	15	60	21732	21777	7.91e-09	75.0	2697049	N/A
72_8_1291_50751_27335/1	gi|2463378371|dbj|AP027461.1|	95.652	46	2	0	15	60	1299632	1299677	7.91e-09	75.0	511145	N/A
72_8_1291_50751_27335/1	gi|2463378371|dbj|AP027461.1|	95.652	46	2	0	15	60	1628404	1628359	7.91e-09	75.0	511145	N/A
72_8_1291_50751_27335/1	gi|685045708|emb|LN594233.1|	92.308	52	2	2	5	54	80413	80362	2.84e-08	73.1	7962	N/A
72_8_2297_3751_6939/1	gi|2780040507|emb|OZ123686.1|	82.836	134	23	0	2	135	21064762	21064895	1.00e-22	121	148897	N/A
72_8_2297_3751_6939/1	gi|2795781640|emb|OZ174162.1|	82.759	116	20	0	12	127	18328223	18328338	1.01e-17	104	254029	N/A
72_8_2147_28902_3017/1	gi|2978724457|gb|PV611058.1|	90.625	128	6	5	13	137	295320	295444	4.56e-36	165	3421660	N/A
72_8_2147_28902_3017/1	gi|2978724457|gb|PV611058.1|	91.803	61	1	3	13	70	295783	295842	4.72e-11	82.4	3421660	N/A
72_8_2147_28902_3017/1	gi|2830983252|gb|CP170844.1|	85.417	96	10	3	14	107	4083423	4083330	1.69e-15	97.1	573	N/A
72_8_2147_28902_3017/1	gi|685042161|emb|LN590686.1|	92.727	55	1	3	1	53	20813818	20813871	2.20e-09	76.8	7962	N/A
72_8_2147_28902_3017/1	gi|685042161|emb|LN590686.1|	95.556	45	0	2	11	53	6380191	6380235	1.02e-07	71.3	7962	N/A
72_8_2147_28902_3017/1	gi|685042161|emb|LN590686.1|	95.238	42	0	2	14	53	4545831	4545872	4.76e-06	65.8	7962	N/A
72_8_2147_28902_3017/1	gi|685042161|emb|LN590686.1|	95.238	42	0	2	14	53	12304839	12304798	4.76e-06	65.8	7962	N/A
72_8_2147_28902_3017/1	gi|685042161|emb|LN590686.1|	90.385	52	2	3	4	53	17091837	17091887	4.76e-06	65.8	7962	N/A
72_8_2147_28902_3017/1	gi|685042161|emb|LN590686.1|	95.238	42	0	2	14	53	28125760	28125801	4.76e-06	65.8	7962	N/A
72_8_2147_28902_3017/1	gi|685042161|emb|LN590686.1|	94.872	39	0	2	17	53	12436830	12436868	2.21e-04	60.2	7962	N/A
72_8_2147_28902_3017/1	gi|2557643774|emb|OY673254.1|	95.652	46	2	0	14	59	21732	21777	7.91e-09	75.0	2697049	N/A
72_8_2147_28902_3017/1	gi|2463378371|dbj|AP027461.1|	95.652	46	2	0	14	59	1299632	1299677	7.91e-09	75.0	511145	N/A
72_8_2147_28902_3017/1	gi|2463378371|dbj|AP027461.1|	95.652	46	2	0	14	59	1628404	1628359	7.91e-09	75.0	511145	N/A
72_8_2229_30966_3143/1	gi|685042160|emb|LN590685.1|	95.918	49	0	2	65	111	16867634	16867586	6.11e-10	78.7	7962	N/A
72_8_2229_30966_3143/1	gi|685042160|emb|LN590685.1|	93.750	48	1	2	66	111	850803	850850	1.02e-07	71.3	7962	N/A
72_8_2229_30966_3143/1	gi|685042160|emb|LN590685.1|	95.238	42	0	2	72	111	14193258	14193217	4.76e-06	65.8	7962	N/A
72_8_2229_30966_3143/1	gi|685042160|emb|LN590685.1|	95.238	42	0	2	72	111	18159835	18159794	4.76e-06	65.8	7962	N/A
72_8_2229_30966_3143/1	gi|2557643774|emb|OY673254.1|	95.652	46	2	0	72	117	21732	21777	7.91e-09	75.0	2697049	N/A
72_8_2229_30966_3143/1	gi|2463378371|dbj|AP027461.1|	95.652	46	2	0	72	117	1299632	1299677	7.91e-09	75.0	511145	N/A
72_8_2229_30966_3143/1	gi|2463378371|dbj|AP027461.1|	95.652	46	2	0	72	117	1628404	1628359	7.91e-09	75.0	511145	N/A
72_8_2229_30966_3143/1	gi|2978724457|gb|PV611058.1|	89.831	59	2	3	72	127	295321	295378	2.84e-08	73.1	3421660	N/A
72_8_2229_30966_3143/1	gi|2978724457|gb|PV611058.1|	89.831	59	2	3	72	127	295784	295841	2.84e-08	73.1	3421660	N/A
72_8_2229_30966_3143/1	gi|685042206|emb|LN590731.1|	93.878	49	1	2	66	112	347604	347652	2.84e-08	73.1	7962	N/A
72_8_1417_27008_23581/1	gi|2830983252|gb|CP170844.1|	88.571	70	6	1	70	137	4083425	4083356	1.31e-11	84.2	573	N/A
72_8_1417_27008_23581/1	gi|2978724457|gb|PV611058.1|	91.667	60	3	2	72	129	295321	295380	4.72e-11	82.4	3421660	N/A
72_8_1417_27008_23581/1	gi|2978724457|gb|PV611058.1|	91.525	59	3	2	72	128	295784	295842	1.70e-10	80.5	3421660	N/A
72_8_1417_27008_23581/1	gi|2165832678|emb|OV195277.1|	94.118	51	3	0	67	117	137	87	6.11e-10	78.7	2697049	N/A
72_8_1417_27008_23581/1	gi|2165832904|emb|OV195202.1|	100.000	41	0	0	67	107	240	200	2.20e-09	76.8	2697049	N/A
72_8_1417_27008_23581/1	gi|2557643774|emb|OY673254.1|	95.652	46	2	0	72	117	21732	21777	7.91e-09	75.0	2697049	N/A
72_8_2418_19418_6435/1	gi|2978724457|gb|PV611058.1|	93.701	127	2	5	14	137	295321	295444	3.50e-42	185	3421660	N/A
72_8_2418_19418_6435/1	gi|2978724457|gb|PV611058.1|	91.667	60	1	3	14	70	295784	295842	1.70e-10	80.5	3421660	N/A
72_8_2418_19418_6435/1	gi|2830983252|gb|CP170844.1|	85.263	95	11	2	13	104	4083424	4083330	6.07e-15	95.3	573	N/A
72_8_2418_19418_6435/1	gi|2557643774|emb|OY673254.1|	95.652	46	2	0	14	59	21732	21777	7.91e-09	75.0	2697049	N/A
72_8_2418_19418_6435/1	gi|2463378371|dbj|AP027461.1|	95.652	46	2	0	14	59	1299632	1299677	7.91e-09	75.0	511145	N/A
72_8_2418_19418_6435/1	gi|2463378371|dbj|AP027461.1|	95.652	46	2	0	14	59	1628404	1628359	7.91e-09	75.0	511145	N/A
72_8_2418_19418_6435/1	gi|2686256159|emb|OZ008443.1|	100.000	39	0	0	8	46	1871	1909	2.84e-08	73.1	2587225	N/A
72_8_1355_22177_9167/1	gi|2978724457|gb|PV611058.1|	91.935	62	1	3	79	137	295321	295381	1.31e-11	84.2	3421660	N/A
72_8_1355_22177_9167/1	gi|2978724457|gb|PV611058.1|	91.667	60	1	3	79	135	295784	295842	1.70e-10	80.5	3421660	N/A
72_8_1355_22177_9167/1	gi|2557643774|emb|OY673254.1|	93.878	49	3	0	76	124	21729	21777	7.91e-09	75.0	2697049	N/A
72_8_1355_22177_9167/1	gi|2463378371|dbj|AP027461.1|	95.652	46	2	0	79	124	1299632	1299677	7.91e-09	75.0	511145	N/A
72_8_1355_22177_9167/1	gi|2463378371|dbj|AP027461.1|	95.652	46	2	0	79	124	1628404	1628359	7.91e-09	75.0	511145	N/A
72_8_1355_22177_9167/1	gi|2524352013|emb|OY072335.1|	90.909	55	3	2	58	112	21639	21691	2.84e-08	73.1	2697049	N/A
72_8_1355_22177_9167/1	gi|685047575|emb|LN596087.1|	95.652	46	0	2	76	119	6214	6169	2.84e-08	73.1	7962	N/A
72_8_1391_30124_4768/1	gi|2978724457|gb|PV611058.1|	95.200	125	2	3	15	136	295321	295444	5.82e-45	195	3421660	N/A
72_8_1391_30124_4768/1	gi|2978724457|gb|PV611058.1|	90.000	60	2	3	15	71	295784	295842	7.91e-09	75.0	3421660	N/A
72_8_1391_30124_4768/1	gi|2165836832|emb|OV197136.1|	92.308	52	2	2	10	60	121	71	2.84e-08	73.1	2697049	N/A
72_8_1391_30124_4768/1	gi|2165834303|emb|OV196009.1|	92.157	51	4	0	10	60	120	70	2.84e-08	73.1	2697049	N/A
72_8_1391_30124_4768/1	gi|2165834303|emb|OV196009.1|	95.122	41	2	0	14	54	29911	29951	4.76e-06	65.8	2697049	N/A
72_8_1391_30124_4768/1	gi|2165832678|emb|OV195277.1|	92.308	52	2	2	10	60	137	87	2.84e-08	73.1	2697049	N/A
72_8_1391_30124_4768/1	gi|2830983252|gb|CP170844.1|	81.250	96	6	2	13	96	4083425	4083330	1.32e-06	67.6	573	N/A
72_8_1283_17290_6617/1	gi|2978724457|gb|PV611058.1|	90.323	62	2	3	68	126	295318	295378	6.11e-10	78.7	3421660	N/A
72_8_1283_17290_6617/1	gi|2978724457|gb|PV611058.1|	89.394	66	2	4	68	130	295781	295844	6.11e-10	78.7	3421660	N/A
72_8_1283_17290_6617/1	gi|685042175|emb|LN590700.1|	94.231	52	1	2	62	111	14033950	14033899	6.11e-10	78.7	7962	N/A
72_8_1283_17290_6617/1	gi|685042175|emb|LN590700.1|	95.238	42	0	2	71	110	15778538	15778579	4.76e-06	65.8	7962	N/A
72_8_1283_17290_6617/1	gi|2557643774|emb|OY673254.1|	91.228	57	4	1	61	116	21721	21777	2.20e-09	76.8	2697049	N/A
72_8_1283_17290_6617/1	gi|2565360070|emb|OY632882.1|	100.000	40	0	0	66	105	22461	22500	7.91e-09	75.0	2697049	N/A
72_8_1283_17290_6617/1	gi|2463378371|dbj|AP027461.1|	95.652	46	2	0	71	116	1299632	1299677	7.91e-09	75.0	511145	N/A
72_8_1283_17290_6617/1	gi|2463378371|dbj|AP027461.1|	95.652	46	2	0	71	116	1628404	1628359	7.91e-09	75.0	511145	N/A
72_8_1125_31605_5511/1	gi|2978724457|gb|PV611058.1|	95.238	126	1	4	15	137	295321	295444	5.82e-45	195	3421660	N/A
72_8_1125_31605_5511/1	gi|2978724457|gb|PV611058.1|	91.667	60	1	3	15	71	295784	295842	1.70e-10	80.5	3421660	N/A
72_8_1125_31605_5511/1	gi|2830983252|gb|CP170844.1|	82.979	94	7	2	15	99	4083423	4083330	2.20e-09	76.8	573	N/A
72_8_1125_31605_5511/1	gi|2557643774|emb|OY673254.1|	95.652	46	2	0	15	60	21732	21777	7.91e-09	75.0	2697049	N/A
72_8_1125_31605_5511/1	gi|2463378371|dbj|AP027461.1|	93.878	49	3	0	12	60	1299629	1299677	7.91e-09	75.0	511145	N/A
72_8_1125_31605_5511/1	gi|2463378371|dbj|AP027461.1|	95.652	46	2	0	15	60	1628404	1628359	7.91e-09	75.0	511145	N/A
72_8_1125_31605_5511/1	gi|685047827|emb|LN596339.1|	94.000	50	1	2	7	54	601778	601827	7.91e-09	75.0	7962	N/A
72_8_1393_32268_28399/1	gi|2978724457|gb|PV611058.1|	95.238	126	1	4	12	134	295321	295444	5.82e-45	195	3421660	N/A
72_8_1393_32268_28399/1	gi|2978724457|gb|PV611058.1|	91.667	60	1	3	12	68	295784	295842	1.70e-10	80.5	3421660	N/A
72_8_1393_32268_28399/1	gi|2830983252|gb|CP170844.1|	82.979	94	12	2	12	101	4083423	4083330	4.72e-11	82.4	573	N/A
72_8_1393_32268_28399/1	gi|2557643774|emb|OY673254.1|	95.652	46	2	0	12	57	21732	21777	7.91e-09	75.0	2697049	N/A
72_8_1393_32268_28399/1	gi|2463378371|dbj|AP027461.1|	93.878	49	3	0	9	57	1299629	1299677	7.91e-09	75.0	511145	N/A
72_8_1393_32268_28399/1	gi|2463378371|dbj|AP027461.1|	95.652	46	2	0	12	57	1628404	1628359	7.91e-09	75.0	511145	N/A
72_8_1393_32268_28399/1	gi|685049067|emb|LN597579.1|	100.000	40	0	0	7	46	1397	1436	7.91e-09	75.0	7962	N/A
72_8_1229_11229_23581/1	gi|2991388636|dbj|AP040949.1|	97.143	35	1	0	15	49	4537865	4537899	2.21e-04	60.2	573	N/A
72_8_1296_24605_19728/1	gi|2978724457|gb|PV611058.1|	94.000	100	2	3	41	137	295321	295419	4.59e-31	148	3421660	N/A
72_8_1296_24605_19728/1	gi|2978724457|gb|PV611058.1|	91.667	60	1	3	41	97	295784	295842	1.70e-10	80.5	3421660	N/A
72_8_1296_24605_19728/1	gi|2830983252|gb|CP170844.1|	83.333	96	10	2	39	128	4083425	4083330	1.31e-11	84.2	573	N/A
72_8_1296_24605_19728/1	gi|2165836832|emb|OV197136.1|	94.231	52	1	2	36	86	121	71	6.11e-10	78.7	2697049	N/A
72_8_1296_24605_19728/1	gi|2165834303|emb|OV196009.1|	94.118	51	3	0	36	86	120	70	6.11e-10	78.7	2697049	N/A
72_8_1296_24605_19728/1	gi|2165834303|emb|OV196009.1|	97.561	41	1	0	40	80	29911	29951	1.02e-07	71.3	2697049	N/A
72_8_1296_24605_19728/1	gi|2165832678|emb|OV195277.1|	94.231	52	1	2	36	86	137	87	6.11e-10	78.7	2697049	N/A
72_8_2438_45297_18538/1	gi|2560502367|emb|OY629453.1|	100.000	38	0	0	93	130	5916	5953	1.02e-07	71.3	2697049	N/A
72_8_2438_45297_18538/1	gi|780644672|ref|XM_011690559.1|	100.000	38	0	0	92	129	1035	1072	1.02e-07	71.3	64793	N/A
72_8_2438_45297_18538/1	gi|685047355|emb|LN595867.1|	95.556	45	0	2	92	134	19121	19165	1.02e-07	71.3	7962	N/A
72_8_2438_45297_18538/1	gi|685046063|emb|LN594588.1|	95.556	45	0	2	92	134	121373	121417	1.02e-07	71.3	7962	N/A
72_8_2438_45297_18538/1	gi|2155043183|emb|OV015804.1|	100.000	38	0	0	94	131	29948	29911	1.02e-07	71.3	2697049	N/A
72_8_2417_26709_18888/1	gi|2978724457|gb|PV611058.1|	91.176	102	4	4	40	137	295321	295421	1.29e-26	134	3421660	N/A
72_8_2417_26709_18888/1	gi|2978724457|gb|PV611058.1|	90.000	60	2	3	40	96	295784	295842	7.91e-09	75.0	3421660	N/A
72_8_2417_26709_18888/1	gi|2830983252|gb|CP170844.1|	84.043	94	11	3	40	129	4083423	4083330	1.02e-12	87.9	573	N/A
72_8_2417_26709_18888/1	gi|685047827|emb|LN596339.1|	94.000	50	1	2	32	79	601778	601827	7.91e-09	75.0	7962	N/A
72_8_2417_26709_18888/1	gi|685043901|emb|LN592426.1|	94.118	51	0	3	31	79	375099	375148	7.91e-09	75.0	7962	N/A
72_8_2417_26709_18888/1	gi|2560502367|emb|OY629453.1|	100.000	39	0	0	37	75	5915	5953	2.84e-08	73.1	2697049	N/A
72_8_1136_1421_18258/1	gi|2978724457|gb|PV611058.1|	87.302	126	11	4	15	137	295321	295444	2.76e-28	139	3421660	N/A
72_8_1136_1421_18258/1	gi|2978724457|gb|PV611058.1|	91.935	62	1	3	15	73	295784	295844	1.31e-11	84.2	3421660	N/A
72_8_1136_1421_18258/1	gi|2830983252|gb|CP170844.1|	91.579	95	5	2	15	107	4083423	4083330	5.98e-25	128	573	N/A
72_8_1136_1421_18258/1	gi|2557643774|emb|OY673254.1|	95.652	46	2	0	15	60	21732	21777	7.91e-09	75.0	2697049	N/A
72_8_1136_1421_18258/1	gi|2463378371|dbj|AP027461.1|	95.652	46	2	0	15	60	1299632	1299677	7.91e-09	75.0	511145	N/A
72_8_1136_1421_18258/1	gi|2463378371|dbj|AP027461.1|	95.652	46	2	0	15	60	1628404	1628359	7.91e-09	75.0	511145	N/A
72_8_1136_1421_18258/1	gi|685042524|emb|LN591049.1|	95.745	47	0	2	10	54	341738	341692	7.91e-09	75.0	7962	N/A
72_8_2443_11026_16619/1	gi|2978724457|gb|PV611058.1|	91.270	126	6	4	15	137	295321	295444	1.27e-36	167	3421660	N/A
72_8_2443_11026_16619/1	gi|2978724457|gb|PV611058.1|	91.667	60	1	3	15	71	295784	295842	1.70e-10	80.5	3421660	N/A
72_8_2443_11026_16619/1	gi|2830983252|gb|CP170844.1|	86.316	95	10	2	15	107	4083423	4083330	1.30e-16	100	573	N/A
72_8_2443_11026_16619/1	gi|2557643774|emb|OY673254.1|	95.652	46	2	0	15	60	21732	21777	7.91e-09	75.0	2697049	N/A
72_8_2443_11026_16619/1	gi|2463378371|dbj|AP027461.1|	95.652	46	2	0	15	60	1299632	1299677	7.91e-09	75.0	511145	N/A
72_8_2443_11026_16619/1	gi|2463378371|dbj|AP027461.1|	95.652	46	2	0	15	60	1628404	1628359	7.91e-09	75.0	511145	N/A
72_8_2443_11026_16619/1	gi|685042524|emb|LN591049.1|	95.745	47	0	2	10	54	341738	341692	7.91e-09	75.0	7962	N/A
72_8_2416_29695_22824/1	gi|2978724457|gb|PV611058.1|	89.815	108	6	4	34	137	295313	295419	1.29e-26	134	3421660	N/A
72_8_2416_29695_22824/1	gi|2978724457|gb|PV611058.1|	89.706	68	2	4	34	97	295776	295842	4.72e-11	82.4	3421660	N/A
72_8_2416_29695_22824/1	gi|2830983252|gb|CP170844.1|	86.170	94	11	1	41	132	4083423	4083330	1.30e-16	100	573	N/A
72_8_2416_29695_22824/1	gi|685042161|emb|LN590686.1|	94.231	52	0	3	31	80	20813821	20813871	2.20e-09	76.8	7962	N/A
72_8_2416_29695_22824/1	gi|685042161|emb|LN590686.1|	95.455	44	0	2	39	80	6380192	6380235	3.68e-07	69.4	7962	N/A
72_8_2416_29695_22824/1	gi|685042161|emb|LN590686.1|	95.238	42	0	2	41	80	4545831	4545872	4.76e-06	65.8	7962	N/A
72_8_2416_29695_22824/1	gi|685042161|emb|LN590686.1|	95.238	42	0	2	41	80	12304839	12304798	4.76e-06	65.8	7962	N/A
72_8_2416_29695_22824/1	gi|685042161|emb|LN590686.1|	90.385	52	2	3	31	80	17091837	17091887	4.76e-06	65.8	7962	N/A
72_8_2416_29695_22824/1	gi|685042161|emb|LN590686.1|	95.238	42	0	2	41	80	28125760	28125801	4.76e-06	65.8	7962	N/A
72_8_2416_29695_22824/1	gi|685042161|emb|LN590686.1|	94.872	39	0	2	44	80	12436830	12436868	2.21e-04	60.2	7962	N/A
72_8_2416_29695_22824/1	gi|2557643774|emb|OY673254.1|	95.652	46	2	0	41	86	21732	21777	7.91e-09	75.0	2697049	N/A
72_8_2416_29695_22824/1	gi|2463378371|dbj|AP027461.1|	95.652	46	2	0	41	86	1299632	1299677	7.91e-09	75.0	511145	N/A
72_8_2416_29695_22824/1	gi|2463378371|dbj|AP027461.1|	95.652	46	2	0	41	86	1628404	1628359	7.91e-09	75.0	511145	N/A
72_8_2225_23440_16983/1	gi|2978724457|gb|PV611058.1|	90.141	71	3	3	70	137	295316	295385	2.82e-13	89.8	3421660	N/A
72_8_2225_23440_16983/1	gi|2978724457|gb|PV611058.1|	90.769	65	2	3	70	131	295779	295842	1.31e-11	84.2	3421660	N/A
72_8_2225_23440_16983/1	gi|685042161|emb|LN590686.1|	94.231	52	0	3	65	114	20813821	20813871	2.20e-09	76.8	7962	N/A
72_8_2225_23440_16983/1	gi|685042161|emb|LN590686.1|	95.349	43	0	2	74	114	12304840	12304798	1.32e-06	67.6	7962	N/A
72_8_2225_23440_16983/1	gi|685042161|emb|LN590686.1|	95.238	42	0	2	75	114	4545831	4545872	4.76e-06	65.8	7962	N/A
72_8_2225_23440_16983/1	gi|685042161|emb|LN590686.1|	95.238	42	0	2	75	114	6380194	6380235	4.76e-06	65.8	7962	N/A
72_8_2225_23440_16983/1	gi|685042161|emb|LN590686.1|	95.238	42	0	2	75	114	17091846	17091887	4.76e-06	65.8	7962	N/A
72_8_2225_23440_16983/1	gi|685042161|emb|LN590686.1|	95.238	42	0	2	75	114	28125760	28125801	4.76e-06	65.8	7962	N/A
72_8_2225_23440_16983/1	gi|685042161|emb|LN590686.1|	94.872	39	0	2	78	114	12436830	12436868	2.21e-04	60.2	7962	N/A
72_8_2225_23440_16983/1	gi|2557643774|emb|OY673254.1|	95.652	46	2	0	75	120	21732	21777	7.91e-09	75.0	2697049	N/A
72_8_2225_23440_16983/1	gi|2463378371|dbj|AP027461.1|	95.652	46	2	0	75	120	1299632	1299677	7.91e-09	75.0	511145	N/A
72_8_2225_23440_16983/1	gi|2463378371|dbj|AP027461.1|	95.652	46	2	0	75	120	1628404	1628359	7.91e-09	75.0	511145	N/A
72_8_2225_23440_16983/1	gi|2557649546|emb|OY678249.1|	100.000	39	0	0	71	109	10396	10434	2.84e-08	73.1	2697049	N/A
72_8_1489_12005_24029/1	gi|2978724457|gb|PV611058.1|	91.200	125	8	3	15	137	295321	295444	1.27e-36	167	3421660	N/A
72_8_1489_12005_24029/1	gi|2978724457|gb|PV611058.1|	91.379	58	3	2	15	70	295784	295841	6.11e-10	78.7	3421660	N/A
72_8_1489_12005_24029/1	gi|2830983252|gb|CP170844.1|	87.368	95	8	3	14	104	4083424	4083330	2.80e-18	106	573	N/A
72_8_1489_12005_24029/1	gi|2557643774|emb|OY673254.1|	95.652	46	2	0	15	60	21732	21777	7.91e-09	75.0	2697049	N/A
72_8_1489_12005_24029/1	gi|2165832678|emb|OV195277.1|	92.453	53	3	1	8	60	138	87	7.91e-09	75.0	2697049	N/A
72_8_1489_12005_24029/1	gi|2557648311|emb|OY677105.1|	97.674	43	0	1	8	49	9636	9678	2.84e-08	73.1	2697049	N/A
72_8_2187_17209_26648/1	gi|2978724457|gb|PV611058.1|	93.548	93	2	3	48	137	295321	295412	3.58e-27	135	3421660	N/A
72_8_2187_17209_26648/1	gi|2978724457|gb|PV611058.1|	91.667	60	1	3	48	104	295784	295842	1.70e-10	80.5	3421660	N/A
72_8_2187_17209_26648/1	gi|2830983252|gb|CP170844.1|	83.333	96	9	2	46	134	4083425	4083330	4.72e-11	82.4	573	N/A
72_8_2187_17209_26648/1	gi|2557643774|emb|OY673254.1|	95.652	46	2	0	48	93	21732	21777	7.91e-09	75.0	2697049	N/A
72_8_2187_17209_26648/1	gi|2463378371|dbj|AP027461.1|	95.652	46	2	0	48	93	1299632	1299677	7.91e-09	75.0	511145	N/A
72_8_2187_17209_26648/1	gi|2463378371|dbj|AP027461.1|	95.652	46	2	0	48	93	1628404	1628359	7.91e-09	75.0	511145	N/A
72_8_2187_17209_26648/1	gi|685049978|emb|LN598497.1|	95.745	47	0	2	43	87	5650	5604	7.91e-09	75.0	7962	N/A
72_8_1111_40069_20415/1	gi|2978724457|gb|PV611058.1|	90.323	62	2	3	72	130	295784	295844	6.11e-10	78.7	3421660	N/A
72_8_1111_40069_20415/1	gi|2978724457|gb|PV611058.1|	90.000	60	2	3	72	128	295321	295379	7.91e-09	75.0	3421660	N/A
72_8_1111_40069_20415/1	gi|2830983252|gb|CP170844.1|	87.879	66	6	1	71	134	4083424	4083359	2.20e-09	76.8	573	N/A
72_8_1111_40069_20415/1	gi|2557643774|emb|OY673254.1|	95.652	46	2	0	72	117	21732	21777	7.91e-09	75.0	2697049	N/A
72_8_1111_40069_20415/1	gi|2463378371|dbj|AP027461.1|	93.878	49	3	0	69	117	1299629	1299677	7.91e-09	75.0	511145	N/A
72_8_1111_40069_20415/1	gi|2463378371|dbj|AP027461.1|	95.652	46	2	0	72	117	1628404	1628359	7.91e-09	75.0	511145	N/A
72_8_1111_40069_20415/1	gi|685051416|emb|LN599928.1|	95.652	46	0	2	68	111	8192	8237	2.84e-08	73.1	7962	N/A
72_8_2114_42602_18160/1	gi|2978724457|gb|PV611058.1|	90.000	80	3	5	62	137	295320	295398	4.69e-16	99.0	3421660	N/A
72_8_2114_42602_18160/1	gi|2978724457|gb|PV611058.1|	90.164	61	1	4	62	118	295783	295842	7.91e-09	75.0	3421660	N/A
72_8_2114_42602_18160/1	gi|685047827|emb|LN596339.1|	94.000	50	0	3	55	101	601778	601827	2.84e-08	73.1	7962	N/A
72_8_2114_42602_18160/1	gi|685042185|emb|LN590710.1|	90.909	55	0	4	52	101	10218490	10218544	3.68e-07	69.4	7962	N/A
72_8_2114_42602_18160/1	gi|685042185|emb|LN590710.1|	93.333	45	0	3	60	101	3790455	3790411	1.71e-05	63.9	7962	N/A
72_8_2114_42602_18160/1	gi|685042185|emb|LN590710.1|	93.333	45	0	3	60	101	6008691	6008735	1.71e-05	63.9	7962	N/A
72_8_2114_42602_18160/1	gi|685042161|emb|LN590686.1|	90.741	54	1	4	51	101	20813819	20813871	3.68e-07	69.4	7962	N/A
72_8_2114_42602_18160/1	gi|685042161|emb|LN590686.1|	93.182	44	0	3	61	101	6380192	6380235	6.15e-05	62.1	7962	N/A
72_8_2114_42602_18160/1	gi|685042321|emb|LN590846.1|	97.436	39	1	0	57	95	252306	252268	1.32e-06	67.6	7962	N/A
72_8_1328_37197_18692/1	gi|2978724457|gb|PV611058.1|	91.379	58	1	3	83	137	295321	295377	2.20e-09	76.8	3421660	N/A
72_8_1328_37197_18692/1	gi|2978724457|gb|PV611058.1|	91.379	58	1	3	83	137	295784	295840	2.20e-09	76.8	3421660	N/A
72_8_1328_37197_18692/1	gi|1476019893|gb|MH883760.1|	94.000	50	1	1	79	128	58057	58010	7.91e-09	75.0	10376	N/A
72_8_1328_37197_18692/1	gi|1476019893|gb|MH883760.1|	100.000	34	0	0	83	116	88232	88199	1.71e-05	63.9	10376	N/A
72_8_1328_37197_18692/1	gi|1465382783|emb|LS992247.1|	94.000	50	1	1	79	128	58057	58010	7.91e-09	75.0	10376	N/A
72_8_1328_37197_18692/1	gi|1465382783|emb|LS992247.1|	100.000	34	0	0	83	116	88232	88199	1.71e-05	63.9	10376	N/A
72_8_1328_37197_18692/1	gi|2557643774|emb|OY673254.1|	95.652	46	2	0	83	128	21732	21777	7.91e-09	75.0	2697049	N/A
72_8_1328_37197_18692/1	gi|2463378371|dbj|AP027461.1|	95.652	46	2	0	83	128	1299632	1299677	7.91e-09	75.0	511145	N/A
72_8_1328_37197_18692/1	gi|2463378371|dbj|AP027461.1|	95.652	46	2	0	83	128	1628404	1628359	7.91e-09	75.0	511145	N/A
72_8_2188_32179_29702/1	gi|2978724457|gb|PV611058.1|	89.764	127	8	4	14	137	295320	295444	7.63e-34	158	3421660	N/A
72_8_2188_32179_29702/1	gi|2978724457|gb|PV611058.1|	90.323	62	2	3	14	72	295783	295843	6.11e-10	78.7	3421660	N/A
72_8_2188_32179_29702/1	gi|2830983252|gb|CP170844.1|	85.417	96	10	3	15	108	4083423	4083330	1.69e-15	97.1	573	N/A
72_8_2188_32179_29702/1	gi|2557643774|emb|OY673254.1|	95.652	46	2	0	15	60	21732	21777	7.91e-09	75.0	2697049	N/A
72_8_2188_32179_29702/1	gi|2463378371|dbj|AP027461.1|	95.652	46	2	0	15	60	1299632	1299677	7.91e-09	75.0	511145	N/A
72_8_2188_32179_29702/1	gi|2463378371|dbj|AP027461.1|	95.652	46	2	0	15	60	1628404	1628359	7.91e-09	75.0	511145	N/A
72_8_2188_32179_29702/1	gi|685042177|emb|LN590702.1|	92.593	54	0	4	5	54	6540849	6540902	7.91e-09	75.0	7962	N/A
72_8_2188_32179_29702/1	gi|685042177|emb|LN590702.1|	89.286	56	3	3	1	54	3996002	3995948	1.32e-06	67.6	7962	N/A
72_8_2188_32179_29702/1	gi|685042177|emb|LN590702.1|	89.286	56	3	3	2	54	6762485	6762540	1.32e-06	67.6	7962	N/A
72_8_2188_32179_29702/1	gi|685042177|emb|LN590702.1|	95.238	42	0	2	15	54	1181065	1181106	4.76e-06	65.8	7962	N/A
72_8_2188_32179_29702/1	gi|685042177|emb|LN590702.1|	95.238	42	0	2	15	54	6862999	6863040	4.76e-06	65.8	7962	N/A
72_8_2188_32179_29702/1	gi|685042177|emb|LN590702.1|	93.333	45	0	2	6	47	1157104	1157060	1.71e-05	63.9	7962	N/A
72_8_2282_28845_17487/1	gi|2978724457|gb|PV611058.1|	86.517	89	7	4	53	137	295313	295400	2.18e-14	93.5	3421660	N/A
72_8_2282_28845_17487/1	gi|2978724457|gb|PV611058.1|	89.706	68	2	4	53	116	295776	295842	4.72e-11	82.4	3421660	N/A
72_8_2282_28845_17487/1	gi|685042161|emb|LN590686.1|	94.231	52	0	3	50	99	20813821	20813871	2.20e-09	76.8	7962	N/A
72_8_2282_28845_17487/1	gi|685042161|emb|LN590686.1|	95.455	44	0	2	58	99	6380192	6380235	3.68e-07	69.4	7962	N/A
72_8_2282_28845_17487/1	gi|685042161|emb|LN590686.1|	95.238	42	0	2	60	99	4545831	4545872	4.76e-06	65.8	7962	N/A
72_8_2282_28845_17487/1	gi|685042161|emb|LN590686.1|	95.238	42	0	2	60	99	12304839	12304798	4.76e-06	65.8	7962	N/A
72_8_2282_28845_17487/1	gi|685042161|emb|LN590686.1|	90.385	52	2	3	50	99	17091837	17091887	4.76e-06	65.8	7962	N/A
72_8_2282_28845_17487/1	gi|685042161|emb|LN590686.1|	95.238	42	0	2	60	99	28125760	28125801	4.76e-06	65.8	7962	N/A
72_8_2282_28845_17487/1	gi|685042161|emb|LN590686.1|	94.872	39	0	2	63	99	12436830	12436868	2.21e-04	60.2	7962	N/A
72_8_2282_28845_17487/1	gi|2557643774|emb|OY673254.1|	95.652	46	2	0	60	105	21732	21777	7.91e-09	75.0	2697049	N/A
72_8_2282_28845_17487/1	gi|2463378371|dbj|AP027461.1|	95.652	46	2	0	60	105	1299632	1299677	7.91e-09	75.0	511145	N/A
72_8_2282_28845_17487/1	gi|2463378371|dbj|AP027461.1|	95.652	46	2	0	60	105	1628404	1628359	7.91e-09	75.0	511145	N/A
72_8_2282_28845_17487/1	gi|685047827|emb|LN596339.1|	94.000	50	1	2	52	99	601778	601827	7.91e-09	75.0	7962	N/A
72_8_1332_38451_29016/1	gi|2978724457|gb|PV611058.1|	88.172	93	7	3	48	137	295321	295412	7.79e-19	108	3421660	N/A
72_8_1332_38451_29016/1	gi|2978724457|gb|PV611058.1|	91.667	60	1	3	48	104	295784	295842	1.70e-10	80.5	3421660	N/A
72_8_1332_38451_29016/1	gi|2830983252|gb|CP170844.1|	88.172	93	8	2	48	137	4083423	4083331	7.79e-19	108	573	N/A
72_8_1332_38451_29016/1	gi|2557643774|emb|OY673254.1|	95.652	46	2	0	48	93	21732	21777	7.91e-09	75.0	2697049	N/A
72_8_1332_38451_29016/1	gi|2463378371|dbj|AP027461.1|	93.878	49	3	0	45	93	1299629	1299677	7.91e-09	75.0	511145	N/A
72_8_1332_38451_29016/1	gi|2463378371|dbj|AP027461.1|	95.652	46	2	0	48	93	1628404	1628359	7.91e-09	75.0	511145	N/A
72_8_1332_38451_29016/1	gi|685043901|emb|LN592426.1|	94.118	51	0	3	39	87	375099	375148	7.91e-09	75.0	7962	N/A
72_8_2210_11609_14574/1	gi|2978724457|gb|PV611058.1|	91.729	133	2	7	8	137	295318	295444	2.11e-39	176	3421660	N/A
72_8_2210_11609_14574/1	gi|2978724457|gb|PV611058.1|	90.625	64	1	4	8	68	295781	295842	1.70e-10	80.5	3421660	N/A
72_8_2210_11609_14574/1	gi|2830983252|gb|CP170844.1|	87.234	94	10	1	12	103	4083423	4083330	2.80e-18	106	573	N/A
72_8_2210_11609_14574/1	gi|685042185|emb|LN590710.1|	97.778	45	1	0	1	45	9162078	9162122	6.11e-10	78.7	7962	N/A
72_8_2210_11609_14574/1	gi|685042185|emb|LN590710.1|	95.238	42	0	2	12	51	3790452	3790411	4.76e-06	65.8	7962	N/A
72_8_2210_11609_14574/1	gi|685042185|emb|LN590710.1|	95.238	42	0	2	12	51	6008694	6008735	4.76e-06	65.8	7962	N/A
72_8_2210_11609_14574/1	gi|685042185|emb|LN590710.1|	95.238	42	0	2	12	51	10218503	10218544	4.76e-06	65.8	7962	N/A
72_8_2210_11609_14574/1	gi|685042178|emb|LN590703.1|	95.918	49	0	2	5	51	13166497	13166545	6.11e-10	78.7	7962	N/A
72_8_2210_11609_14574/1	gi|685042178|emb|LN590703.1|	95.556	45	0	2	9	51	12952798	12952842	1.02e-07	71.3	7962	N/A
72_8_2210_11609_14574/1	gi|685042178|emb|LN590703.1|	95.349	43	0	2	11	51	17684506	17684464	1.32e-06	67.6	7962	N/A
72_8_2210_11609_14574/1	gi|685042178|emb|LN590703.1|	95.238	42	0	2	12	51	1057735	1057776	4.76e-06	65.8	7962	N/A
72_8_2210_11609_14574/1	gi|685042178|emb|LN590703.1|	95.238	42	0	2	12	51	7304702	7304661	4.76e-06	65.8	7962	N/A
72_8_2210_11609_14574/1	gi|685042175|emb|LN590700.1|	94.231	52	1	2	3	52	14033950	14033899	6.11e-10	78.7	7962	N/A
72_8_2210_11609_14574/1	gi|685042175|emb|LN590700.1|	95.238	42	0	2	12	51	15778538	15778579	4.76e-06	65.8	7962	N/A
72_8_2489_15768_25247/1	gi|2978724457|gb|PV611058.1|	92.000	75	4	2	65	137	295321	295395	1.01e-17	104	3421660	N/A
72_8_2489_15768_25247/1	gi|2978724457|gb|PV611058.1|	89.831	59	4	2	65	121	295784	295842	7.91e-09	75.0	3421660	N/A
72_8_2489_15768_25247/1	gi|2557643774|emb|OY673254.1|	92.308	52	3	1	58	108	21724	21775	2.84e-08	73.1	2697049	N/A
72_8_2489_15768_25247/1	gi|2165832904|emb|OV195202.1|	97.674	43	0	1	58	100	241	200	2.84e-08	73.1	2697049	N/A
72_8_2489_15768_25247/1	gi|2165836382|emb|OV196890.1|	97.619	42	0	1	58	99	123	83	1.02e-07	71.3	2697049	N/A
72_8_2489_15768_25247/1	gi|2165834670|emb|OV196177.1|	97.619	42	0	1	58	99	123	83	1.02e-07	71.3	2697049	N/A
72_8_2445_31532_25640/1	gi|2056921867|tpg|BK054328.1|	100.000	28	0	0	5	32	29	2	0.037	52.8	2832643	N/A
72_8_1434_35967_18384/1	gi|2830983252|gb|CP170844.1|	89.412	85	5	3	56	137	4083424	4083341	1.01e-17	104	573	N/A
72_8_1434_35967_18384/1	gi|2978724457|gb|PV611058.1|	91.525	59	1	3	57	112	295321	295378	6.11e-10	78.7	3421660	N/A
72_8_1434_35967_18384/1	gi|2978724457|gb|PV611058.1|	91.525	59	1	3	57	112	295784	295841	6.11e-10	78.7	3421660	N/A
72_8_1434_35967_18384/1	gi|2557643774|emb|OY673254.1|	95.652	46	2	0	57	102	21732	21777	7.91e-09	75.0	2697049	N/A
72_8_1434_35967_18384/1	gi|2463378371|dbj|AP027461.1|	93.878	49	3	0	54	102	1299629	1299677	7.91e-09	75.0	511145	N/A
72_8_1434_35967_18384/1	gi|2463378371|dbj|AP027461.1|	95.652	46	2	0	57	102	1628404	1628359	7.91e-09	75.0	511145	N/A
72_8_1434_35967_18384/1	gi|685051416|emb|LN599928.1|	95.652	46	0	2	53	96	8192	8237	2.84e-08	73.1	7962	N/A
72_8_2421_43678_27615/1	gi|2978724457|gb|PV611058.1|	93.893	131	3	4	10	137	295316	295444	2.09e-44	193	3421660	N/A
72_8_2421_43678_27615/1	gi|2978724457|gb|PV611058.1|	90.769	65	2	3	10	71	295779	295842	1.31e-11	84.2	3421660	N/A
72_8_2421_43678_27615/1	gi|2830983252|gb|CP170844.1|	84.043	94	7	2	15	100	4083423	4083330	1.31e-11	84.2	573	N/A
72_8_2421_43678_27615/1	gi|2557643774|emb|OY673254.1|	92.593	54	3	1	8	60	21724	21777	2.20e-09	76.8	2697049	N/A
72_8_2421_43678_27615/1	gi|685042175|emb|LN590700.1|	94.118	51	1	2	7	55	14033949	14033899	2.20e-09	76.8	7962	N/A
72_8_2421_43678_27615/1	gi|685042175|emb|LN590700.1|	95.238	42	0	2	15	54	15778538	15778579	4.76e-06	65.8	7962	N/A
72_8_2421_43678_27615/1	gi|2463378371|dbj|AP027461.1|	95.652	46	2	0	15	60	1299632	1299677	7.91e-09	75.0	511145	N/A
72_8_2421_43678_27615/1	gi|2463378371|dbj|AP027461.1|	95.652	46	2	0	15	60	1628404	1628359	7.91e-09	75.0	511145	N/A
72_8_1436_9643_18314/1	gi|2978724457|gb|PV611058.1|	89.683	126	8	4	15	137	295321	295444	2.74e-33	156	3421660	N/A
72_8_1436_9643_18314/1	gi|2978724457|gb|PV611058.1|	91.667	60	1	3	15	71	295784	295842	1.70e-10	80.5	3421660	N/A
72_8_1436_9643_18314/1	gi|2830983252|gb|CP170844.1|	88.421	95	8	2	15	107	4083423	4083330	6.03e-20	111	573	N/A
72_8_1436_9643_18314/1	gi|685042206|emb|LN590731.1|	95.918	49	0	2	9	55	347604	347652	6.11e-10	78.7	7962	N/A
72_8_1436_9643_18314/1	gi|2557643774|emb|OY673254.1|	91.228	57	4	1	5	60	21721	21777	2.20e-09	76.8	2697049	N/A
72_8_1436_9643_18314/1	gi|2755084441|gb|PP943425.1|	81.522	92	13	4	15	104	67825	67736	2.84e-08	73.1	10258	N/A
72_8_1436_9643_18314/1	gi|2755084441|gb|PP943425.1|	93.478	46	1	2	15	59	67591	67635	1.32e-06	67.6	10258	N/A
72_8_1462_6381_5384/1	gi|685047827|emb|LN596339.1|	96.000	50	0	2	57	104	601778	601827	1.70e-10	80.5	7962	N/A
72_8_1462_6381_5384/1	gi|2978724457|gb|PV611058.1|	90.323	62	2	3	64	122	295783	295843	6.11e-10	78.7	3421660	N/A
72_8_1462_6381_5384/1	gi|2978724457|gb|PV611058.1|	91.379	58	1	3	64	118	295320	295376	2.20e-09	76.8	3421660	N/A
72_8_1462_6381_5384/1	gi|685042185|emb|LN590710.1|	92.727	55	0	3	54	104	10218490	10218544	2.20e-09	76.8	7962	N/A
72_8_1462_6381_5384/1	gi|685042185|emb|LN590710.1|	95.556	45	0	2	62	104	3790455	3790411	1.02e-07	71.3	7962	N/A
72_8_1462_6381_5384/1	gi|685042185|emb|LN590710.1|	95.556	45	0	2	62	104	6008691	6008735	1.02e-07	71.3	7962	N/A
72_8_1462_6381_5384/1	gi|685042185|emb|LN590710.1|	93.333	45	1	2	55	98	9162079	9162122	4.76e-06	65.8	7962	N/A
72_8_1462_6381_5384/1	gi|2557643774|emb|OY673254.1|	95.652	46	2	0	65	110	21732	21777	7.91e-09	75.0	2697049	N/A
72_8_1462_6381_5384/1	gi|2463378371|dbj|AP027461.1|	93.878	49	3	0	62	110	1299629	1299677	7.91e-09	75.0	511145	N/A
72_8_1462_6381_5384/1	gi|2463378371|dbj|AP027461.1|	95.652	46	2	0	65	110	1628404	1628359	7.91e-09	75.0	511145	N/A
72_8_1149_26660_11128/1	gi|2978724457|gb|PV611058.1|	93.600	125	1	5	1	122	295324	295444	1.63e-40	180	3421660	N/A
72_8_1149_26660_11128/1	gi|2978724457|gb|PV611058.1|	91.228	57	1	3	1	54	295787	295842	7.91e-09	75.0	3421660	N/A
72_8_1149_26660_11128/1	gi|2830983252|gb|CP170844.1|	84.615	91	12	1	1	89	4083420	4083330	2.82e-13	89.8	573	N/A
72_8_1149_26660_11128/1	gi|2557643774|emb|OY673254.1|	95.349	43	2	0	1	43	21735	21777	3.68e-07	69.4	2697049	N/A
72_8_1149_26660_11128/1	gi|2463378371|dbj|AP027461.1|	95.349	43	2	0	1	43	1299635	1299677	3.68e-07	69.4	511145	N/A
72_8_1149_26660_11128/1	gi|2463378371|dbj|AP027461.1|	95.349	43	2	0	1	43	1628401	1628359	3.68e-07	69.4	511145	N/A
72_8_1149_26660_11128/1	gi|2755084441|gb|PP943425.1|	93.182	44	1	2	1	43	67822	67780	1.71e-05	63.9	10258	N/A
72_8_1149_26660_11128/1	gi|2755084441|gb|PP943425.1|	93.023	43	1	2	1	42	67594	67635	6.15e-05	62.1	10258	N/A
72_8_1234_23602_16703/1	gi|2978724457|gb|PV611058.1|	91.379	58	1	3	83	137	295321	295377	2.20e-09	76.8	3421660	N/A
72_8_1234_23602_16703/1	gi|2978724457|gb|PV611058.1|	91.379	58	1	3	83	137	295784	295840	2.20e-09	76.8	3421660	N/A
72_8_1234_23602_16703/1	gi|685042185|emb|LN590710.1|	97.727	44	1	0	73	116	9162079	9162122	2.20e-09	76.8	7962	N/A
72_8_1234_23602_16703/1	gi|685042185|emb|LN590710.1|	95.238	42	0	2	83	122	3790452	3790411	4.76e-06	65.8	7962	N/A
72_8_1234_23602_16703/1	gi|685042185|emb|LN590710.1|	95.238	42	0	2	83	122	6008694	6008735	4.76e-06	65.8	7962	N/A
72_8_1234_23602_16703/1	gi|685042185|emb|LN590710.1|	93.478	46	0	3	80	122	10218499	10218544	4.76e-06	65.8	7962	N/A
72_8_1234_23602_16703/1	gi|2557643774|emb|OY673254.1|	95.652	46	2	0	83	128	21732	21777	7.91e-09	75.0	2697049	N/A
72_8_1234_23602_16703/1	gi|2463378371|dbj|AP027461.1|	95.652	46	2	0	83	128	1299632	1299677	7.91e-09	75.0	511145	N/A
72_8_1234_23602_16703/1	gi|2463378371|dbj|AP027461.1|	95.652	46	2	0	83	128	1628404	1628359	7.91e-09	75.0	511145	N/A
72_8_1234_23602_16703/1	gi|685046059|emb|LN594584.1|	92.593	54	1	3	71	122	7181	7129	7.91e-09	75.0	7962	N/A
72_8_1174_41809_11996/1	gi|2830983252|gb|CP170844.1|	87.912	91	8	2	50	137	4083424	4083334	1.01e-17	104	573	N/A
72_8_1174_41809_11996/1	gi|2978724457|gb|PV611058.1|	84.444	90	10	3	51	137	295321	295409	3.65e-12	86.1	3421660	N/A
72_8_1174_41809_11996/1	gi|2978724457|gb|PV611058.1|	89.831	59	2	3	51	106	295784	295841	2.84e-08	73.1	3421660	N/A
72_8_1174_41809_11996/1	gi|2557643774|emb|OY673254.1|	93.478	46	3	0	51	96	21732	21777	3.68e-07	69.4	2697049	N/A
72_8_1174_41809_11996/1	gi|2463378371|dbj|AP027461.1|	93.478	46	3	0	51	96	1299632	1299677	3.68e-07	69.4	511145	N/A
72_8_1174_41809_11996/1	gi|2463378371|dbj|AP027461.1|	93.478	46	3	0	51	96	1628404	1628359	3.68e-07	69.4	511145	N/A
72_8_1174_41809_11996/1	gi|685042161|emb|LN590686.1|	90.741	54	2	3	39	90	20813819	20813871	3.68e-07	69.4	7962	N/A
72_8_1174_41809_11996/1	gi|685042161|emb|LN590686.1|	93.023	43	1	2	50	90	12304840	12304798	6.15e-05	62.1	7962	N/A
72_8_1174_41809_11996/1	gi|685042161|emb|LN590686.1|	88.679	53	3	3	40	90	17091836	17091887	6.15e-05	62.1	7962	N/A
72_8_1174_41809_11996/1	gi|685042161|emb|LN590686.1|	92.857	42	1	2	51	90	4545831	4545872	2.21e-04	60.2	7962	N/A
72_8_1174_41809_11996/1	gi|685042161|emb|LN590686.1|	91.111	45	2	2	48	90	6380191	6380235	2.21e-04	60.2	7962	N/A
72_8_1174_41809_11996/1	gi|685042161|emb|LN590686.1|	92.857	42	1	2	51	90	28125760	28125801	2.21e-04	60.2	7962	N/A
72_8_1174_41809_11996/1	gi|685042161|emb|LN590686.1|	92.308	39	1	2	54	90	12436830	12436868	0.010	54.7	7962	N/A
72_8_2169_11609_20317/1	gi|2978724457|gb|PV611058.1|	91.270	126	6	4	15	137	295321	295444	1.27e-36	167	3421660	N/A
72_8_2169_11609_20317/1	gi|2978724457|gb|PV611058.1|	91.667	60	1	3	15	71	295784	295842	1.70e-10	80.5	3421660	N/A
72_8_2169_11609_20317/1	gi|2830983252|gb|CP170844.1|	86.316	95	10	2	15	107	4083423	4083330	1.30e-16	100	573	N/A
72_8_2169_11609_20317/1	gi|685046059|emb|LN594584.1|	92.593	54	2	2	3	54	7182	7129	2.20e-09	76.8	7962	N/A
72_8_2169_11609_20317/1	gi|2557643774|emb|OY673254.1|	95.652	46	2	0	15	60	21732	21777	7.91e-09	75.0	2697049	N/A
72_8_2169_11609_20317/1	gi|2463378371|dbj|AP027461.1|	93.878	49	3	0	12	60	1299629	1299677	7.91e-09	75.0	511145	N/A
72_8_2169_11609_20317/1	gi|2463378371|dbj|AP027461.1|	95.652	46	2	0	15	60	1628404	1628359	7.91e-09	75.0	511145	N/A
72_8_1429_12879_19098/1	gi|2978724457|gb|PV611058.1|	90.476	126	7	4	15	137	295321	295444	5.90e-35	161	3421660	N/A
72_8_1429_12879_19098/1	gi|2978724457|gb|PV611058.1|	91.667	60	1	3	15	71	295784	295842	1.70e-10	80.5	3421660	N/A
72_8_1429_12879_19098/1	gi|2830983252|gb|CP170844.1|	89.362	94	8	1	15	106	4083423	4083330	1.30e-21	117	573	N/A
72_8_1429_12879_19098/1	gi|685042185|emb|LN590710.1|	97.778	45	1	0	4	48	9162078	9162122	6.11e-10	78.7	7962	N/A
72_8_1429_12879_19098/1	gi|685042185|emb|LN590710.1|	95.238	42	0	2	15	54	3790452	3790411	4.76e-06	65.8	7962	N/A
72_8_1429_12879_19098/1	gi|685042185|emb|LN590710.1|	95.238	42	0	2	15	54	6008694	6008735	4.76e-06	65.8	7962	N/A
72_8_1429_12879_19098/1	gi|685042185|emb|LN590710.1|	95.238	42	0	2	15	54	10218503	10218544	4.76e-06	65.8	7962	N/A
72_8_1429_12879_19098/1	gi|2557643774|emb|OY673254.1|	95.652	46	2	0	15	60	21732	21777	7.91e-09	75.0	2697049	N/A
72_8_1429_12879_19098/1	gi|2463378371|dbj|AP027461.1|	95.652	46	2	0	15	60	1299632	1299677	7.91e-09	75.0	511145	N/A
72_8_1429_12879_19098/1	gi|2463378371|dbj|AP027461.1|	95.652	46	2	0	15	60	1628404	1628359	7.91e-09	75.0	511145	N/A
72_8_2138_26353_25219/1	gi|2978724457|gb|PV611058.1|	91.803	61	1	3	64	121	295784	295843	4.72e-11	82.4	3421660	N/A
72_8_2138_26353_25219/1	gi|2978724457|gb|PV611058.1|	91.667	60	1	3	64	120	295321	295379	1.70e-10	80.5	3421660	N/A
72_8_2138_26353_25219/1	gi|2830983252|gb|CP170844.1|	88.710	62	5	1	62	121	4083425	4083364	7.91e-09	75.0	573	N/A
72_8_2138_26353_25219/1	gi|2557643774|emb|OY673254.1|	95.652	46	2	0	64	109	21732	21777	7.91e-09	75.0	2697049	N/A
72_8_2138_26353_25219/1	gi|2463378371|dbj|AP027461.1|	95.652	46	2	0	64	109	1299632	1299677	7.91e-09	75.0	511145	N/A
72_8_2138_26353_25219/1	gi|2463378371|dbj|AP027461.1|	95.652	46	2	0	64	109	1628404	1628359	7.91e-09	75.0	511145	N/A
72_8_2138_26353_25219/1	gi|685049978|emb|LN598497.1|	95.745	47	0	2	59	103	5650	5604	7.91e-09	75.0	7962	N/A
72_8_1382_38629_25598/1	gi|2830983252|gb|CP170844.1|	87.805	82	8	1	58	137	4083425	4083344	6.07e-15	95.3	573	N/A
72_8_1382_38629_25598/1	gi|2978724457|gb|PV611058.1|	91.803	61	1	3	60	117	295321	295380	4.72e-11	82.4	3421660	N/A
72_8_1382_38629_25598/1	gi|2978724457|gb|PV611058.1|	91.667	60	1	3	60	116	295784	295842	1.70e-10	80.5	3421660	N/A
72_8_1382_38629_25598/1	gi|2557643774|emb|OY673254.1|	95.652	46	2	0	60	105	21732	21777	7.91e-09	75.0	2697049	N/A
72_8_1382_38629_25598/1	gi|2463378371|dbj|AP027461.1|	95.652	46	2	0	60	105	1299632	1299677	7.91e-09	75.0	511145	N/A
72_8_1382_38629_25598/1	gi|2463378371|dbj|AP027461.1|	95.652	46	2	0	60	105	1628404	1628359	7.91e-09	75.0	511145	N/A
72_8_1382_38629_25598/1	gi|2165836832|emb|OV197136.1|	92.593	54	1	3	53	105	122	71	7.91e-09	75.0	2697049	N/A
72_8_1488_4876_5637/1	gi|685042242|emb|LN590767.1|	93.750	48	1	2	49	94	603262	603215	1.02e-07	71.3	7962	N/A
72_8_1488_4876_5637/1	gi|2054713905|tpg|BK053283.1|	100.000	28	0	0	55	82	29053	29080	0.037	52.8	2832643	N/A
72_8_2265_14239_16689/1	gi|2830983252|gb|CP170844.1|	86.364	88	11	1	51	137	4083424	4083337	6.07e-15	95.3	573	N/A
72_8_2265_14239_16689/1	gi|2978724457|gb|PV611058.1|	85.393	89	9	3	52	137	295321	295408	2.82e-13	89.8	3421660	N/A
72_8_2265_14239_16689/1	gi|2978724457|gb|PV611058.1|	90.000	60	2	3	52	108	295784	295842	7.91e-09	75.0	3421660	N/A
72_8_2265_14239_16689/1	gi|685051416|emb|LN599928.1|	95.652	46	0	2	48	91	8192	8237	2.84e-08	73.1	7962	N/A
72_8_2265_14239_16689/1	gi|685048206|emb|LN596718.1|	100.000	39	0	0	48	86	51897	51935	2.84e-08	73.1	7962	N/A
72_8_2265_14239_16689/1	gi|685045708|emb|LN594233.1|	92.308	52	2	2	42	91	80413	80362	2.84e-08	73.1	7962	N/A
72_8_2172_41672_7332/1	gi|2978724457|gb|PV611058.1|	89.764	127	8	4	14	137	295320	295444	7.63e-34	158	3421660	N/A
72_8_2172_41672_7332/1	gi|2978724457|gb|PV611058.1|	91.803	61	1	3	14	71	295783	295842	4.72e-11	82.4	3421660	N/A
72_8_2172_41672_7332/1	gi|2830983252|gb|CP170844.1|	88.421	95	8	2	15	107	4083423	4083330	6.03e-20	111	573	N/A
72_8_2172_41672_7332/1	gi|2557643774|emb|OY673254.1|	95.652	46	2	0	15	60	21732	21777	7.91e-09	75.0	2697049	N/A
72_8_2172_41672_7332/1	gi|2463378371|dbj|AP027461.1|	93.878	49	3	0	12	60	1299629	1299677	7.91e-09	75.0	511145	N/A
72_8_2172_41672_7332/1	gi|2463378371|dbj|AP027461.1|	95.652	46	2	0	15	60	1628404	1628359	7.91e-09	75.0	511145	N/A
72_8_2172_41672_7332/1	gi|685047827|emb|LN596339.1|	94.000	50	1	2	7	54	601778	601827	7.91e-09	75.0	7962	N/A
72_8_2138_41680_6841/1	gi|2978724457|gb|PV611058.1|	92.063	126	5	4	15	137	295321	295444	2.73e-38	172	3421660	N/A
72_8_2138_41680_6841/1	gi|2978724457|gb|PV611058.1|	91.667	60	1	3	15	71	295784	295842	1.70e-10	80.5	3421660	N/A
72_8_2138_41680_6841/1	gi|2830983252|gb|CP170844.1|	85.263	95	11	2	15	107	4083423	4083330	6.07e-15	95.3	573	N/A
72_8_2138_41680_6841/1	gi|685042178|emb|LN590703.1|	95.833	48	0	2	9	54	12952795	12952842	2.20e-09	76.8	7962	N/A
72_8_2138_41680_6841/1	gi|685042178|emb|LN590703.1|	95.556	45	0	2	12	54	13166501	13166545	1.02e-07	71.3	7962	N/A
72_8_2138_41680_6841/1	gi|685042178|emb|LN590703.1|	93.878	49	0	3	9	54	17684512	17684464	1.02e-07	71.3	7962	N/A
72_8_2138_41680_6841/1	gi|685042178|emb|LN590703.1|	95.238	42	0	2	15	54	1057735	1057776	4.76e-06	65.8	7962	N/A
72_8_2138_41680_6841/1	gi|685042178|emb|LN590703.1|	95.238	42	0	2	15	54	7304702	7304661	4.76e-06	65.8	7962	N/A
72_8_2138_41680_6841/1	gi|685042161|emb|LN590686.1|	95.833	48	0	2	9	54	28125754	28125801	2.20e-09	76.8	7962	N/A
72_8_2138_41680_6841/1	gi|685042161|emb|LN590686.1|	95.349	43	0	2	14	54	4545830	4545872	1.32e-06	67.6	7962	N/A
72_8_2138_41680_6841/1	gi|685042161|emb|LN590686.1|	95.238	42	0	2	15	54	6380194	6380235	4.76e-06	65.8	7962	N/A
72_8_2138_41680_6841/1	gi|685042161|emb|LN590686.1|	95.238	42	0	2	15	54	12304839	12304798	4.76e-06	65.8	7962	N/A
72_8_2138_41680_6841/1	gi|685042161|emb|LN590686.1|	95.238	42	0	2	15	54	17091846	17091887	4.76e-06	65.8	7962	N/A
72_8_2138_41680_6841/1	gi|685042161|emb|LN590686.1|	95.238	42	0	2	15	54	20813830	20813871	4.76e-06	65.8	7962	N/A
72_8_2138_41680_6841/1	gi|685042161|emb|LN590686.1|	94.872	39	0	2	18	54	12436830	12436868	2.21e-04	60.2	7962	N/A
72_8_2138_41680_6841/1	gi|2557643774|emb|OY673254.1|	93.878	49	3	0	12	60	21729	21777	7.91e-09	75.0	2697049	N/A
72_8_1205_22631_27153/1	gi|2978724457|gb|PV611058.1|	91.270	126	6	4	15	137	295321	295444	1.27e-36	167	3421660	N/A
72_8_1205_22631_27153/1	gi|2978724457|gb|PV611058.1|	91.803	61	1	3	15	72	295784	295843	4.72e-11	82.4	3421660	N/A
72_8_1205_22631_27153/1	gi|2830983252|gb|CP170844.1|	88.298	94	8	2	15	105	4083423	4083330	2.17e-19	110	573	N/A
72_8_1205_22631_27153/1	gi|2557643774|emb|OY673254.1|	95.652	46	2	0	15	60	21732	21777	7.91e-09	75.0	2697049	N/A
72_8_1205_22631_27153/1	gi|2463378371|dbj|AP027461.1|	95.652	46	2	0	15	60	1299632	1299677	7.91e-09	75.0	511145	N/A
72_8_1205_22631_27153/1	gi|2463378371|dbj|AP027461.1|	95.652	46	2	0	15	60	1628404	1628359	7.91e-09	75.0	511145	N/A
72_8_1205_22631_27153/1	gi|685042206|emb|LN590731.1|	93.878	49	1	2	9	55	347604	347652	2.84e-08	73.1	7962	N/A
72_8_2123_21190_2303/1	gi|685042185|emb|LN590710.1|	88.889	63	4	3	38	99	9162062	9162122	7.91e-09	75.0	7962	N/A
72_8_2123_21190_2303/1	gi|685042185|emb|LN590710.1|	91.667	48	1	3	60	105	10218498	10218544	1.71e-05	63.9	7962	N/A
72_8_2123_21190_2303/1	gi|685042185|emb|LN590710.1|	95.000	40	0	2	68	105	3790450	3790411	6.15e-05	62.1	7962	N/A
72_8_2123_21190_2303/1	gi|685042185|emb|LN590710.1|	95.000	40	0	2	68	105	6008696	6008735	6.15e-05	62.1	7962	N/A
72_8_2123_21190_2303/1	gi|2557643774|emb|OY673254.1|	95.455	44	2	0	68	111	21734	21777	1.02e-07	71.3	2697049	N/A
72_8_2123_21190_2303/1	gi|2463378371|dbj|AP027461.1|	95.455	44	2	0	68	111	1299634	1299677	1.02e-07	71.3	511145	N/A
72_8_2123_21190_2303/1	gi|2463378371|dbj|AP027461.1|	95.455	44	2	0	68	111	1628402	1628359	1.02e-07	71.3	511145	N/A
72_8_2123_21190_2303/1	gi|2991388621|dbj|AP040934.1|	97.561	41	0	1	61	101	4900954	4900915	3.68e-07	69.4	562	N/A
72_8_2123_21190_2303/1	gi|2991388621|dbj|AP040934.1|	100.000	34	0	0	68	101	146951	146984	1.71e-05	63.9	562	N/A
72_8_2123_21190_2303/1	gi|685049794|emb|LN598306.1|	93.750	48	0	3	61	105	38410	38363	3.68e-07	69.4	7962	N/A
72_8_2415_11164_25794/1	gi|2557643774|emb|OY673254.1|	95.652	46	2	0	91	136	21732	21777	7.91e-09	75.0	2697049	N/A
72_8_2415_11164_25794/1	gi|2463378371|dbj|AP027461.1|	95.652	46	2	0	91	136	1299632	1299677	7.91e-09	75.0	511145	N/A
72_8_2415_11164_25794/1	gi|2463378371|dbj|AP027461.1|	95.652	46	2	0	91	136	1628404	1628359	7.91e-09	75.0	511145	N/A
72_8_2415_11164_25794/1	gi|2991388636|dbj|AP040949.1|	100.000	39	0	0	88	126	3527635	3527673	2.84e-08	73.1	573	N/A
72_8_2415_11164_25794/1	gi|2524352013|emb|OY072335.1|	97.619	42	1	0	83	124	21650	21691	2.84e-08	73.1	2697049	N/A
72_8_2415_11164_25794/1	gi|2155043183|emb|OV015804.1|	100.000	39	0	0	89	127	29949	29911	2.84e-08	73.1	2697049	N/A
72_8_1262_23059_20079/1	gi|2978724457|gb|PV611058.1|	92.857	126	2	6	2	124	295323	295444	2.11e-39	176	3421660	N/A
72_8_1262_23059_20079/1	gi|2978724457|gb|PV611058.1|	89.655	58	2	3	2	56	295786	295842	1.02e-07	71.3	3421660	N/A
72_8_1262_23059_20079/1	gi|2830983252|gb|CP170844.1|	81.720	93	14	2	2	92	4083421	4083330	7.91e-09	75.0	573	N/A
72_8_1262_23059_20079/1	gi|2557643774|emb|OY673254.1|	93.182	44	3	0	2	45	21734	21777	4.76e-06	65.8	2697049	N/A
72_8_1262_23059_20079/1	gi|2463378371|dbj|AP027461.1|	93.182	44	3	0	2	45	1299634	1299677	4.76e-06	65.8	511145	N/A
72_8_1262_23059_20079/1	gi|2463378371|dbj|AP027461.1|	93.182	44	3	0	2	45	1628402	1628359	4.76e-06	65.8	511145	N/A
72_8_1262_23059_20079/1	gi|2991388621|dbj|AP040934.1|	97.143	35	1	0	1	35	4900949	4900915	2.21e-04	60.2	562	N/A
72_8_1262_23059_20079/1	gi|2991388621|dbj|AP040934.1|	97.059	34	1	0	2	35	146951	146984	7.96e-04	58.4	562	N/A
72_8_1393_19645_12206/1	gi|685043901|emb|LN592426.1|	97.059	34	0	1	104	137	375100	375132	0.003	56.5	7962	N/A
72_8_1393_19645_12206/1	gi|1776731377|ref|XM_031580269.1|	100.000	29	0	0	109	137	1965	1993	0.010	54.7	7950	N/A
72_8_1393_19645_12206/1	gi|2560502367|emb|OY629453.1|	100.000	29	0	0	109	137	5915	5943	0.010	54.7	2697049	N/A
72_8_1393_19645_12206/1	gi|2073541974|ref|XM_031580258.2|	100.000	29	0	0	109	137	2185	2213	0.010	54.7	7950	N/A
72_8_1393_19645_12206/1	gi|1971769499|gb|MW477480.1|	100.000	29	0	0	109	137	37	9	0.010	54.7	2803381	N/A
72_8_2380_22307_11296/1	gi|2978724457|gb|PV611058.1|	92.857	126	4	4	15	137	295321	295444	5.86e-40	178	3421660	N/A
72_8_2380_22307_11296/1	gi|2978724457|gb|PV611058.1|	91.667	60	1	3	15	71	295784	295842	1.70e-10	80.5	3421660	N/A
72_8_2380_22307_11296/1	gi|2830983252|gb|CP170844.1|	84.211	95	12	2	15	107	4083423	4083330	2.82e-13	89.8	573	N/A
72_8_2380_22307_11296/1	gi|2557643774|emb|OY673254.1|	95.652	46	2	0	15	60	21732	21777	7.91e-09	75.0	2697049	N/A
72_8_2380_22307_11296/1	gi|2463378371|dbj|AP027461.1|	95.652	46	2	0	15	60	1299632	1299677	7.91e-09	75.0	511145	N/A
72_8_2380_22307_11296/1	gi|2463378371|dbj|AP027461.1|	95.652	46	2	0	15	60	1628404	1628359	7.91e-09	75.0	511145	N/A
72_8_2380_22307_11296/1	gi|780644672|ref|XM_011690559.1|	97.619	42	1	0	8	49	1031	1072	2.84e-08	73.1	64793	N/A
72_8_2429_31354_2471/1	gi|2978724457|gb|PV611058.1|	90.476	126	7	4	15	137	295321	295444	5.90e-35	161	3421660	N/A
72_8_2429_31354_2471/1	gi|2978724457|gb|PV611058.1|	91.667	60	1	3	15	71	295784	295842	1.70e-10	80.5	3421660	N/A
72_8_2429_31354_2471/1	gi|2830983252|gb|CP170844.1|	87.500	96	9	2	14	107	4083424	4083330	7.79e-19	108	573	N/A
72_8_2429_31354_2471/1	gi|685042175|emb|LN590700.1|	95.833	48	0	2	9	54	15778532	15778579	2.20e-09	76.8	7962	N/A
72_8_2429_31354_2471/1	gi|685042175|emb|LN590700.1|	95.349	43	0	2	15	55	14033941	14033899	1.32e-06	67.6	7962	N/A
72_8_2429_31354_2471/1	gi|2557643774|emb|OY673254.1|	95.652	46	2	0	15	60	21732	21777	7.91e-09	75.0	2697049	N/A
72_8_2429_31354_2471/1	gi|2463378371|dbj|AP027461.1|	93.878	49	3	0	12	60	1299629	1299677	7.91e-09	75.0	511145	N/A
72_8_2429_31354_2471/1	gi|2463378371|dbj|AP027461.1|	95.652	46	2	0	15	60	1628404	1628359	7.91e-09	75.0	511145	N/A
72_8_1284_22784_1812/1	gi|2830983252|gb|CP170844.1|	90.123	81	6	1	59	137	4083425	4083345	1.01e-17	104	573	N/A
72_8_1284_22784_1812/1	gi|1489969704|gb|CP032738.1|	100.000	47	0	0	2	48	5548739	5548693	1.02e-12	87.9	2447890	N/A
72_8_1284_22784_1812/1	gi|1231777256|emb|LT906479.1|	100.000	47	0	0	2	48	3755140	3755094	1.02e-12	87.9	61651	N/A
72_8_1284_22784_1812/1	gi|2978724457|gb|PV611058.1|	91.803	61	1	3	61	118	295321	295380	4.72e-11	82.4	3421660	N/A
72_8_1284_22784_1812/1	gi|2978724457|gb|PV611058.1|	91.667	60	1	3	61	117	295784	295842	1.70e-10	80.5	3421660	N/A
72_8_1284_22784_1812/1	gi|2557643774|emb|OY673254.1|	95.652	46	2	0	61	106	21732	21777	7.91e-09	75.0	2697049	N/A
72_8_1107_7984_20541/1	gi|2978724457|gb|PV611058.1|	95.238	126	1	4	12	134	295321	295444	5.82e-45	195	3421660	N/A
72_8_1107_7984_20541/1	gi|2978724457|gb|PV611058.1|	91.667	60	1	3	12	68	295784	295842	1.70e-10	80.5	3421660	N/A
72_8_1107_7984_20541/1	gi|2830983252|gb|CP170844.1|	82.979	94	11	2	12	100	4083423	4083330	1.70e-10	80.5	573	N/A
72_8_1107_7984_20541/1	gi|2557643774|emb|OY673254.1|	93.878	49	3	0	9	57	21729	21777	7.91e-09	75.0	2697049	N/A
72_8_1107_7984_20541/1	gi|2463378371|dbj|AP027461.1|	95.652	46	2	0	12	57	1299632	1299677	7.91e-09	75.0	511145	N/A
72_8_1107_7984_20541/1	gi|2463378371|dbj|AP027461.1|	95.652	46	2	0	12	57	1628404	1628359	7.91e-09	75.0	511145	N/A
72_8_1107_7984_20541/1	gi|685042383|emb|LN590908.1|	95.745	47	0	2	7	51	293204	293158	7.91e-09	75.0	7962	N/A
72_8_2139_7425_12122/1	gi|2978724457|gb|PV611058.1|	88.095	126	10	4	15	137	295321	295444	5.94e-30	145	3421660	N/A
72_8_2139_7425_12122/1	gi|2978724457|gb|PV611058.1|	90.164	61	2	3	15	72	295784	295843	2.20e-09	76.8	3421660	N/A
72_8_2139_7425_12122/1	gi|2830983252|gb|CP170844.1|	89.474	95	8	1	14	106	4083424	4083330	3.60e-22	119	573	N/A
72_8_2139_7425_12122/1	gi|2557643774|emb|OY673254.1|	95.652	46	2	0	15	60	21732	21777	7.91e-09	75.0	2697049	N/A
72_8_2139_7425_12122/1	gi|2463378371|dbj|AP027461.1|	93.878	49	3	0	12	60	1299629	1299677	7.91e-09	75.0	511145	N/A
72_8_2139_7425_12122/1	gi|2463378371|dbj|AP027461.1|	95.652	46	2	0	15	60	1628404	1628359	7.91e-09	75.0	511145	N/A
72_8_2139_7425_12122/1	gi|685051416|emb|LN599928.1|	95.652	46	0	2	11	54	8192	8237	2.84e-08	73.1	7962	N/A
72_8_2221_21506_25962/1	gi|2978724457|gb|PV611058.1|	91.803	61	1	3	60	117	295320	295379	4.72e-11	82.4	3421660	N/A
72_8_2221_21506_25962/1	gi|2978724457|gb|PV611058.1|	91.803	61	1	3	60	117	295783	295842	4.72e-11	82.4	3421660	N/A
72_8_2221_21506_25962/1	gi|685042175|emb|LN590700.1|	94.231	52	1	2	52	101	14033950	14033899	6.11e-10	78.7	7962	N/A
72_8_2221_21506_25962/1	gi|685042175|emb|LN590700.1|	95.238	42	0	2	61	100	15778538	15778579	4.76e-06	65.8	7962	N/A
72_8_2221_21506_25962/1	gi|685042195|emb|LN590720.1|	95.833	48	0	2	55	100	5765844	5765797	2.20e-09	76.8	7962	N/A
72_8_2221_21506_25962/1	gi|685042195|emb|LN590720.1|	95.556	45	0	2	58	100	2930131	2930175	1.02e-07	71.3	7962	N/A
72_8_2221_21506_25962/1	gi|2557643774|emb|OY673254.1|	95.652	46	2	0	61	106	21732	21777	7.91e-09	75.0	2697049	N/A
72_8_2221_21506_25962/1	gi|2463378371|dbj|AP027461.1|	95.652	46	2	0	61	106	1299632	1299677	7.91e-09	75.0	511145	N/A
72_8_2221_21506_25962/1	gi|2463378371|dbj|AP027461.1|	95.652	46	2	0	61	106	1628404	1628359	7.91e-09	75.0	511145	N/A
72_8_2308_44318_28553/1	gi|2978724457|gb|PV611058.1|	91.071	112	6	3	29	137	295320	295430	4.59e-31	148	3421660	N/A
72_8_2308_44318_28553/1	gi|2978724457|gb|PV611058.1|	91.803	61	1	3	29	86	295783	295842	4.72e-11	82.4	3421660	N/A
72_8_2308_44318_28553/1	gi|2830983252|gb|CP170844.1|	87.234	94	9	2	30	120	4083423	4083330	1.01e-17	104	573	N/A
72_8_2308_44318_28553/1	gi|685042175|emb|LN590700.1|	94.231	52	1	2	21	70	14033950	14033899	6.11e-10	78.7	7962	N/A
72_8_2308_44318_28553/1	gi|685042175|emb|LN590700.1|	95.238	42	0	2	30	69	15778538	15778579	4.76e-06	65.8	7962	N/A
72_8_2308_44318_28553/1	gi|685042195|emb|LN590720.1|	95.833	48	0	2	24	69	5765844	5765797	2.20e-09	76.8	7962	N/A
72_8_2308_44318_28553/1	gi|685042195|emb|LN590720.1|	95.556	45	0	2	27	69	2930131	2930175	1.02e-07	71.3	7962	N/A
72_8_2308_44318_28553/1	gi|2557643774|emb|OY673254.1|	95.652	46	2	0	30	75	21732	21777	7.91e-09	75.0	2697049	N/A
72_8_1260_47004_9082/1	gi|2155043183|emb|OV015804.1|	100.000	28	0	0	2	29	29938	29911	0.037	52.8	2697049	N/A
72_8_2133_48736_6141/1	gi|2978724457|gb|PV611058.1|	91.525	59	1	3	80	135	295321	295378	6.11e-10	78.7	3421660	N/A
72_8_2133_48736_6141/1	gi|2978724457|gb|PV611058.1|	91.525	59	1	3	80	135	295784	295841	6.11e-10	78.7	3421660	N/A
72_8_2133_48736_6141/1	gi|2524352013|emb|OY072335.1|	97.727	44	1	0	70	113	21648	21691	2.20e-09	76.8	2697049	N/A
72_8_2133_48736_6141/1	gi|685044439|emb|LN592964.1|	95.833	48	0	2	74	119	179349	179302	2.20e-09	76.8	7962	N/A
72_8_2133_48736_6141/1	gi|685042148|emb|LN590673.1|	95.833	48	0	2	74	119	9009491	9009538	2.20e-09	76.8	7962	N/A
72_8_2133_48736_6141/1	gi|685042148|emb|LN590673.1|	95.556	45	0	2	77	119	8955770	8955814	1.02e-07	71.3	7962	N/A
72_8_2133_48736_6141/1	gi|685042148|emb|LN590673.1|	93.182	44	2	1	74	116	9322680	9322723	1.71e-05	63.9	7962	N/A
72_8_2133_48736_6141/1	gi|2557643774|emb|OY673254.1|	95.652	46	2	0	80	125	21732	21777	7.91e-09	75.0	2697049	N/A
72_8_2278_11528_2331/1	gi|2978724457|gb|PV611058.1|	93.651	126	3	4	15	137	295321	295444	1.26e-41	183	3421660	N/A
72_8_2278_11528_2331/1	gi|2978724457|gb|PV611058.1|	91.803	61	1	3	15	72	295784	295843	4.72e-11	82.4	3421660	N/A
72_8_2278_11528_2331/1	gi|2830983252|gb|CP170844.1|	85.106	94	11	2	15	105	4083423	4083330	2.18e-14	93.5	573	N/A
72_8_2278_11528_2331/1	gi|2557643774|emb|OY673254.1|	92.593	54	3	1	8	60	21724	21777	2.20e-09	76.8	2697049	N/A
72_8_2278_11528_2331/1	gi|2463378371|dbj|AP027461.1|	95.652	46	2	0	15	60	1299632	1299677	7.91e-09	75.0	511145	N/A
72_8_2278_11528_2331/1	gi|2463378371|dbj|AP027461.1|	95.652	46	2	0	15	60	1628404	1628359	7.91e-09	75.0	511145	N/A
72_8_2278_11528_2331/1	gi|685044342|emb|LN592867.1|	95.745	47	0	2	10	54	33482	33436	7.91e-09	75.0	7962	N/A
72_8_2384_43088_11156/1	gi|2978724457|gb|PV611058.1|	94.656	131	2	4	10	137	295316	295444	4.50e-46	198	3421660	N/A
72_8_2384_43088_11156/1	gi|2978724457|gb|PV611058.1|	92.308	65	1	3	10	71	295779	295842	2.82e-13	89.8	3421660	N/A
72_8_2384_43088_11156/1	gi|2830983252|gb|CP170844.1|	84.043	94	11	2	15	104	4083423	4083330	1.02e-12	87.9	573	N/A
72_8_2384_43088_11156/1	gi|685042161|emb|LN590686.1|	94.444	54	0	3	3	54	20813819	20813871	1.70e-10	80.5	7962	N/A
72_8_2384_43088_11156/1	gi|685042161|emb|LN590686.1|	93.617	47	0	3	11	54	6380189	6380235	1.32e-06	67.6	7962	N/A
72_8_2384_43088_11156/1	gi|685042161|emb|LN590686.1|	95.238	42	0	2	15	54	4545831	4545872	4.76e-06	65.8	7962	N/A
72_8_2384_43088_11156/1	gi|685042161|emb|LN590686.1|	95.238	42	0	2	15	54	12304839	12304798	4.76e-06	65.8	7962	N/A
72_8_2384_43088_11156/1	gi|685042161|emb|LN590686.1|	95.238	42	0	2	15	54	17091846	17091887	4.76e-06	65.8	7962	N/A
72_8_2384_43088_11156/1	gi|685042161|emb|LN590686.1|	95.238	42	0	2	15	54	28125760	28125801	4.76e-06	65.8	7962	N/A
72_8_2384_43088_11156/1	gi|685042161|emb|LN590686.1|	94.872	39	0	2	18	54	12436830	12436868	2.21e-04	60.2	7962	N/A
72_8_2384_43088_11156/1	gi|2557643774|emb|OY673254.1|	95.652	46	2	0	15	60	21732	21777	7.91e-09	75.0	2697049	N/A
72_8_2384_43088_11156/1	gi|2463378371|dbj|AP027461.1|	95.652	46	2	0	15	60	1299632	1299677	7.91e-09	75.0	511145	N/A
72_8_2384_43088_11156/1	gi|2463378371|dbj|AP027461.1|	95.652	46	2	0	15	60	1628404	1628359	7.91e-09	75.0	511145	N/A
72_8_2116_27729_9307/1	gi|685042160|emb|LN590685.1|	95.918	49	0	2	78	124	16867634	16867586	6.11e-10	78.7	7962	N/A
72_8_2116_27729_9307/1	gi|685042160|emb|LN590685.1|	93.750	48	1	2	79	124	850803	850850	1.02e-07	71.3	7962	N/A
72_8_2116_27729_9307/1	gi|685042160|emb|LN590685.1|	95.238	42	0	2	85	124	14193258	14193217	4.76e-06	65.8	7962	N/A
72_8_2116_27729_9307/1	gi|685042160|emb|LN590685.1|	95.238	42	0	2	85	124	18159835	18159794	4.76e-06	65.8	7962	N/A
72_8_2116_27729_9307/1	gi|2557643774|emb|OY673254.1|	95.652	46	2	0	85	130	21732	21777	7.91e-09	75.0	2697049	N/A
72_8_2116_27729_9307/1	gi|2463378371|dbj|AP027461.1|	95.652	46	2	0	85	130	1299632	1299677	7.91e-09	75.0	511145	N/A
72_8_2116_27729_9307/1	gi|2463378371|dbj|AP027461.1|	95.652	46	2	0	85	130	1628404	1628359	7.91e-09	75.0	511145	N/A
72_8_2116_27729_9307/1	gi|685046059|emb|LN594584.1|	92.308	52	2	2	75	124	7180	7129	2.84e-08	73.1	7962	N/A
72_8_2116_27729_9307/1	gi|685042206|emb|LN590731.1|	93.878	49	1	2	79	125	347604	347652	2.84e-08	73.1	7962	N/A
72_8_2196_51690_23693/1	gi|2978724457|gb|PV611058.1|	87.500	96	7	4	46	137	295316	295410	2.80e-18	106	3421660	N/A
72_8_2196_51690_23693/1	gi|2978724457|gb|PV611058.1|	89.231	65	3	3	46	107	295779	295842	6.11e-10	78.7	3421660	N/A
72_8_2196_51690_23693/1	gi|685042161|emb|LN590686.1|	94.444	54	0	3	39	90	20813819	20813871	1.70e-10	80.5	7962	N/A
72_8_2196_51690_23693/1	gi|685042161|emb|LN590686.1|	95.455	44	0	2	49	90	28125758	28125801	3.68e-07	69.4	7962	N/A
72_8_2196_51690_23693/1	gi|685042161|emb|LN590686.1|	95.349	43	0	2	50	90	4545830	4545872	1.32e-06	67.6	7962	N/A
72_8_2196_51690_23693/1	gi|685042161|emb|LN590686.1|	93.617	47	0	3	47	90	6380189	6380235	1.32e-06	67.6	7962	N/A
72_8_2196_51690_23693/1	gi|685042161|emb|LN590686.1|	95.238	42	0	2	51	90	12304839	12304798	4.76e-06	65.8	7962	N/A
72_8_2196_51690_23693/1	gi|685042161|emb|LN590686.1|	95.238	42	0	2	51	90	17091846	17091887	4.76e-06	65.8	7962	N/A
72_8_2196_51690_23693/1	gi|685042161|emb|LN590686.1|	94.872	39	0	2	54	90	12436830	12436868	2.21e-04	60.2	7962	N/A
72_8_2196_51690_23693/1	gi|685042177|emb|LN590702.1|	88.406	69	2	5	25	90	3996013	3995948	6.11e-10	78.7	7962	N/A
72_8_2196_51690_23693/1	gi|685042177|emb|LN590702.1|	95.455	44	0	2	49	90	6862997	6863040	3.68e-07	69.4	7962	N/A
72_8_2196_51690_23693/1	gi|685042177|emb|LN590702.1|	95.238	42	0	2	51	90	1181065	1181106	4.76e-06	65.8	7962	N/A
72_8_2196_51690_23693/1	gi|685042177|emb|LN590702.1|	95.238	42	0	2	51	90	6540861	6540902	4.76e-06	65.8	7962	N/A
72_8_2196_51690_23693/1	gi|685042177|emb|LN590702.1|	95.238	42	0	2	51	90	6762499	6762540	4.76e-06	65.8	7962	N/A
72_8_2196_51690_23693/1	gi|685042177|emb|LN590702.1|	100.000	33	0	0	51	83	1157092	1157060	6.15e-05	62.1	7962	N/A
72_8_2196_51690_23693/1	gi|2830983252|gb|CP170844.1|	82.222	90	13	2	51	137	4083423	4083334	7.91e-09	75.0	573	N/A
72_8_2196_51690_23693/1	gi|685046059|emb|LN594584.1|	92.593	54	1	3	39	90	7181	7129	7.91e-09	75.0	7962	N/A
72_8_1451_38022_17375/1	gi|2978724457|gb|PV611058.1|	92.366	131	1	8	1	128	295320	295444	5.86e-40	178	3421660	N/A
72_8_1451_38022_17375/1	gi|2978724457|gb|PV611058.1|	91.803	61	1	3	1	58	295783	295842	4.72e-11	82.4	3421660	N/A
72_8_1451_38022_17375/1	gi|2830983252|gb|CP170844.1|	85.263	95	11	2	2	94	4083423	4083330	6.07e-15	95.3	573	N/A
72_8_1451_38022_17375/1	gi|2557643774|emb|OY673254.1|	95.652	46	2	0	2	47	21732	21777	7.91e-09	75.0	2697049	N/A
72_8_1451_38022_17375/1	gi|2463378371|dbj|AP027461.1|	95.652	46	2	0	2	47	1299632	1299677	7.91e-09	75.0	511145	N/A
72_8_1451_38022_17375/1	gi|2463378371|dbj|AP027461.1|	95.652	46	2	0	2	47	1628404	1628359	7.91e-09	75.0	511145	N/A
72_8_1451_38022_17375/1	gi|2560250289|emb|OY708460.1|	93.750	48	1	2	1	47	6489	6535	1.02e-07	71.3	2697049	N/A
72_8_1476_48178_23300/1	gi|2978724457|gb|PV611058.1|	90.123	81	4	3	60	137	295321	295400	3.63e-17	102	3421660	N/A
72_8_1476_48178_23300/1	gi|2978724457|gb|PV611058.1|	91.667	60	1	3	60	116	295784	295842	1.70e-10	80.5	3421660	N/A
72_8_1476_48178_23300/1	gi|2557643774|emb|OY673254.1|	91.228	57	4	1	50	105	21721	21777	2.20e-09	76.8	2697049	N/A
72_8_1476_48178_23300/1	gi|2557639802|emb|OY695838.1|	100.000	40	0	0	54	93	4716	4755	7.91e-09	75.0	2697049	N/A
72_8_1476_48178_23300/1	gi|2463378371|dbj|AP027461.1|	95.652	46	2	0	60	105	1299632	1299677	7.91e-09	75.0	511145	N/A
72_8_1476_48178_23300/1	gi|2463378371|dbj|AP027461.1|	95.652	46	2	0	60	105	1628404	1628359	7.91e-09	75.0	511145	N/A
72_8_1476_48178_23300/1	gi|685047575|emb|LN596087.1|	95.745	47	0	2	56	100	6215	6169	7.91e-09	75.0	7962	N/A
72_8_2304_40676_9363/1	gi|2978724457|gb|PV611058.1|	89.922	129	8	4	12	137	295318	295444	5.90e-35	161	3421660	N/A
72_8_2304_40676_9363/1	gi|2978724457|gb|PV611058.1|	90.625	64	2	3	12	72	295781	295843	4.72e-11	82.4	3421660	N/A
72_8_2304_40676_9363/1	gi|2830983252|gb|CP170844.1|	85.567	97	10	3	14	108	4083424	4083330	4.69e-16	99.0	573	N/A
72_8_2304_40676_9363/1	gi|2557643774|emb|OY673254.1|	95.652	46	2	0	15	60	21732	21777	7.91e-09	75.0	2697049	N/A
72_8_2304_40676_9363/1	gi|2463378371|dbj|AP027461.1|	95.652	46	2	0	15	60	1299632	1299677	7.91e-09	75.0	511145	N/A
72_8_2304_40676_9363/1	gi|2463378371|dbj|AP027461.1|	95.652	46	2	0	15	60	1628404	1628359	7.91e-09	75.0	511145	N/A
72_8_2304_40676_9363/1	gi|2991388621|dbj|AP040934.1|	95.652	46	0	2	5	50	4900958	4900915	2.84e-08	73.1	562	N/A
72_8_2304_40676_9363/1	gi|2991388621|dbj|AP040934.1|	97.500	40	0	1	12	50	146945	146984	1.32e-06	67.6	562	N/A
72_8_2267_48866_23370/1	gi|1810954291|gb|MN727300.2|	100.000	34	0	0	51	84	15253	15286	1.71e-05	63.9	2560319	N/A
72_8_2455_40409_18089/1	gi|2978724457|gb|PV611058.1|	90.123	81	4	3	60	137	295321	295400	3.63e-17	102	3421660	N/A
72_8_2455_40409_18089/1	gi|2978724457|gb|PV611058.1|	91.803	61	1	3	60	117	295784	295843	4.72e-11	82.4	3421660	N/A
72_8_2455_40409_18089/1	gi|685042175|emb|LN590700.1|	95.833	48	0	2	54	99	15778532	15778579	2.20e-09	76.8	7962	N/A
72_8_2455_40409_18089/1	gi|685042175|emb|LN590700.1|	95.349	43	0	2	60	100	14033941	14033899	1.32e-06	67.6	7962	N/A
72_8_2455_40409_18089/1	gi|2557643774|emb|OY673254.1|	95.652	46	2	0	60	105	21732	21777	7.91e-09	75.0	2697049	N/A
72_8_2455_40409_18089/1	gi|2463378371|dbj|AP027461.1|	93.878	49	3	0	57	105	1299629	1299677	7.91e-09	75.0	511145	N/A
72_8_2455_40409_18089/1	gi|2463378371|dbj|AP027461.1|	95.652	46	2	0	60	105	1628404	1628359	7.91e-09	75.0	511145	N/A
72_8_2455_40409_18089/1	gi|685047827|emb|LN596339.1|	94.000	50	1	2	52	99	601778	601827	7.91e-09	75.0	7962	N/A
72_8_1236_6341_6827/1	gi|2830983252|gb|CP170844.1|	90.588	85	5	2	55	137	4083423	4083340	2.17e-19	110	573	N/A
72_8_1236_6341_6827/1	gi|2978724457|gb|PV611058.1|	90.323	62	3	3	55	114	295784	295844	6.11e-10	78.7	3421660	N/A
72_8_1236_6341_6827/1	gi|2978724457|gb|PV611058.1|	91.228	57	3	2	55	109	295321	295377	2.20e-09	76.8	3421660	N/A
72_8_1236_6341_6827/1	gi|2557643774|emb|OY673254.1|	95.652	46	2	0	55	100	21732	21777	7.91e-09	75.0	2697049	N/A
72_8_1236_6341_6827/1	gi|2165832678|emb|OV195277.1|	92.308	52	3	1	49	100	137	87	2.84e-08	73.1	2697049	N/A
72_8_1236_6341_6827/1	gi|1241299067|gb|KY965816.2|	100.000	34	0	0	55	88	100004	100037	1.71e-05	63.9	149440	N/A
72_8_1236_6341_6827/1	gi|1241299067|gb|KY965816.2|	100.000	34	0	0	55	88	103451	103484	1.71e-05	63.9	149440	N/A
72_8_1236_6341_6827/1	gi|1241299067|gb|KY965816.2|	100.000	34	0	0	55	88	104359	104392	1.71e-05	63.9	149440	N/A
72_8_1236_6341_6827/1	gi|1241299067|gb|KY965816.2|	95.122	41	0	2	55	93	130360	130320	1.71e-05	63.9	149440	N/A
72_8_1236_6341_6827/1	gi|1241299067|gb|KY965816.2|	95.122	41	0	2	55	93	131268	131228	1.71e-05	63.9	149440	N/A
72_8_1236_6341_6827/1	gi|1241299067|gb|KY965816.2|	95.122	41	0	2	55	93	134715	134675	1.71e-05	63.9	149440	N/A
72_8_2434_22825_17907/1	gi|2978724457|gb|PV611058.1|	93.496	123	4	3	18	137	295321	295442	1.63e-40	180	3421660	N/A
72_8_2434_22825_17907/1	gi|2978724457|gb|PV611058.1|	88.525	61	3	3	18	76	295784	295842	1.02e-07	71.3	3421660	N/A
72_8_2434_22825_17907/1	gi|2830983252|gb|CP170844.1|	81.250	96	12	2	16	105	4083425	4083330	2.84e-08	73.1	573	N/A
72_8_2434_22825_17907/1	gi|2165834303|emb|OV196009.1|	97.619	42	1	0	16	57	117	76	2.84e-08	73.1	2697049	N/A
72_8_2434_22825_17907/1	gi|2165834303|emb|OV196009.1|	97.561	41	1	0	17	57	29911	29951	1.02e-07	71.3	2697049	N/A
72_8_2434_22825_17907/1	gi|2557643774|emb|OY673254.1|	95.455	44	2	0	18	61	21732	21775	1.02e-07	71.3	2697049	N/A
72_8_2434_22825_17907/1	gi|2463378371|dbj|AP027461.1|	95.455	44	2	0	18	61	1299632	1299675	1.02e-07	71.3	511145	N/A
72_8_2434_22825_17907/1	gi|2463378371|dbj|AP027461.1|	95.455	44	2	0	18	61	1628404	1628361	1.02e-07	71.3	511145	N/A
72_8_1484_14530_25990/1	gi|685042185|emb|LN590710.1|	97.727	44	1	0	94	137	9162079	9162122	2.20e-09	76.8	7962	N/A
72_8_1484_14530_25990/1	gi|685042185|emb|LN590710.1|	100.000	34	0	0	104	137	3790452	3790419	1.71e-05	63.9	7962	N/A
72_8_1484_14530_25990/1	gi|685042185|emb|LN590710.1|	100.000	34	0	0	104	137	6008694	6008727	1.71e-05	63.9	7962	N/A
72_8_1484_14530_25990/1	gi|685042185|emb|LN590710.1|	100.000	34	0	0	104	137	10218503	10218536	1.71e-05	63.9	7962	N/A
72_8_1484_14530_25990/1	gi|2524352013|emb|OY072335.1|	95.455	44	2	0	94	137	21648	21691	1.02e-07	71.3	2697049	N/A
72_8_1484_14530_25990/1	gi|685045708|emb|LN594233.1|	95.455	44	2	0	94	137	80413	80370	1.02e-07	71.3	7962	N/A
72_8_1484_14530_25990/1	gi|685045157|emb|LN593682.1|	100.000	38	0	0	100	137	993866	993903	1.02e-07	71.3	7962	N/A
72_8_1484_14530_25990/1	gi|2991388621|dbj|AP040934.1|	97.500	40	1	0	98	137	146943	146982	3.68e-07	69.4	562	N/A
72_8_1484_14530_25990/1	gi|2991388621|dbj|AP040934.1|	100.000	32	0	0	106	137	4900948	4900917	2.21e-04	60.2	562	N/A
72_8_2246_49497_5468/1	gi|2452977696|gb|OP752675.1|	100.000	32	0	0	87	118	13822	13853	2.21e-04	60.2	70177	N/A
72_8_2473_30237_11296/1	gi|2978724457|gb|PV611058.1|	88.889	126	9	4	15	137	295321	295444	1.28e-31	150	3421660	N/A
72_8_2473_30237_11296/1	gi|2978724457|gb|PV611058.1|	91.935	62	1	3	15	73	295784	295844	1.31e-11	84.2	3421660	N/A
72_8_2473_30237_11296/1	gi|2830983252|gb|CP170844.1|	86.598	97	8	4	15	109	4083423	4083330	3.63e-17	102	573	N/A
72_8_2473_30237_11296/1	gi|2557643774|emb|OY673254.1|	95.652	46	2	0	15	60	21732	21777	7.91e-09	75.0	2697049	N/A
72_8_2473_30237_11296/1	gi|2463378371|dbj|AP027461.1|	92.453	53	2	2	10	60	1299625	1299677	7.91e-09	75.0	511145	N/A
72_8_2473_30237_11296/1	gi|2463378371|dbj|AP027461.1|	95.652	46	2	0	15	60	1628404	1628359	7.91e-09	75.0	511145	N/A
72_8_2473_30237_11296/1	gi|2560502367|emb|OY629453.1|	100.000	38	0	0	13	50	5916	5953	1.02e-07	71.3	2697049	N/A
72_8_1246_43881_7850/1	gi|2978724457|gb|PV611058.1|	92.126	127	1	6	1	124	295324	295444	9.80e-38	171	3421660	N/A
72_8_1246_43881_7850/1	gi|2978724457|gb|PV611058.1|	91.228	57	1	3	1	54	295787	295842	7.91e-09	75.0	3421660	N/A
72_8_1246_43881_7850/1	gi|2830983252|gb|CP170844.1|	86.813	91	8	2	1	87	4083420	4083330	4.69e-16	99.0	573	N/A
72_8_1246_43881_7850/1	gi|2557643774|emb|OY673254.1|	95.349	43	2	0	1	43	21735	21777	3.68e-07	69.4	2697049	N/A
72_8_1246_43881_7850/1	gi|2463378371|dbj|AP027461.1|	95.349	43	2	0	1	43	1299635	1299677	3.68e-07	69.4	511145	N/A
72_8_1246_43881_7850/1	gi|2463378371|dbj|AP027461.1|	95.349	43	2	0	1	43	1628401	1628359	3.68e-07	69.4	511145	N/A
72_8_1246_43881_7850/1	gi|2755084441|gb|PP943425.1|	93.182	44	1	2	1	43	67822	67780	1.71e-05	63.9	10258	N/A
72_8_1246_43881_7850/1	gi|2755084441|gb|PP943425.1|	93.023	43	1	2	1	42	67594	67635	6.15e-05	62.1	10258	N/A
72_8_2418_31257_28133/1	gi|2978724457|gb|PV611058.1|	86.022	93	11	2	47	137	295316	295408	4.69e-16	99.0	3421660	N/A
72_8_2418_31257_28133/1	gi|2978724457|gb|PV611058.1|	90.625	64	4	2	47	108	295779	295842	1.31e-11	84.2	3421660	N/A
72_8_2418_31257_28133/1	gi|2557643774|emb|OY673254.1|	95.652	46	2	0	52	97	21732	21777	7.91e-09	75.0	2697049	N/A
72_8_2418_31257_28133/1	gi|780644672|ref|XM_011690559.1|	97.674	43	0	1	47	89	1034	1075	2.84e-08	73.1	64793	N/A
72_8_2418_31257_28133/1	gi|685042247|emb|LN590772.1|	100.000	39	0	0	47	85	76662	76700	2.84e-08	73.1	7962	N/A
72_8_2418_31257_28133/1	gi|685042165|emb|LN590690.1|	100.000	39	0	0	47	85	9025310	9025272	2.84e-08	73.1	7962	N/A
72_8_2418_31257_28133/1	gi|685042165|emb|LN590690.1|	100.000	37	0	0	49	85	2184299	2184335	3.68e-07	69.4	7962	N/A
72_8_2418_31257_28133/1	gi|685042165|emb|LN590690.1|	100.000	34	0	0	52	85	6084799	6084832	1.71e-05	63.9	7962	N/A
72_8_2418_31257_28133/1	gi|685042165|emb|LN590690.1|	100.000	34	0	0	52	85	9280435	9280468	1.71e-05	63.9	7962	N/A
72_8_2218_17435_5553/1	gi|2978724457|gb|PV611058.1|	91.270	126	6	4	15	137	295321	295444	1.27e-36	167	3421660	N/A
72_8_2218_17435_5553/1	gi|2978724457|gb|PV611058.1|	91.667	60	1	3	15	71	295784	295842	1.70e-10	80.5	3421660	N/A
72_8_2218_17435_5553/1	gi|2830983252|gb|CP170844.1|	88.298	94	8	2	15	105	4083423	4083330	2.17e-19	110	573	N/A
72_8_2218_17435_5553/1	gi|2557643774|emb|OY673254.1|	95.652	46	2	0	15	60	21732	21777	7.91e-09	75.0	2697049	N/A
72_8_2218_17435_5553/1	gi|2463378371|dbj|AP027461.1|	95.652	46	2	0	15	60	1299632	1299677	7.91e-09	75.0	511145	N/A
72_8_2218_17435_5553/1	gi|2463378371|dbj|AP027461.1|	95.652	46	2	0	15	60	1628404	1628359	7.91e-09	75.0	511145	N/A
72_8_2218_17435_5553/1	gi|2557638192|emb|OY694677.1|	89.831	59	3	3	3	60	4290	4346	2.84e-08	73.1	2697049	N/A
72_8_2308_21117_14307/1	gi|2978724457|gb|PV611058.1|	92.063	126	5	4	15	137	295321	295444	2.73e-38	172	3421660	N/A
72_8_2308_21117_14307/1	gi|2978724457|gb|PV611058.1|	91.667	60	1	3	15	71	295784	295842	1.70e-10	80.5	3421660	N/A
72_8_2308_21117_14307/1	gi|2830983252|gb|CP170844.1|	87.368	95	10	1	14	106	4083424	4083330	7.79e-19	108	573	N/A
72_8_2308_21117_14307/1	gi|2557643774|emb|OY673254.1|	93.878	49	3	0	12	60	21729	21777	7.91e-09	75.0	2697049	N/A
72_8_2308_21117_14307/1	gi|2463378371|dbj|AP027461.1|	95.652	46	2	0	15	60	1299632	1299677	7.91e-09	75.0	511145	N/A
72_8_2308_21117_14307/1	gi|2463378371|dbj|AP027461.1|	95.652	46	2	0	15	60	1628404	1628359	7.91e-09	75.0	511145	N/A
72_8_2308_21117_14307/1	gi|685047575|emb|LN596087.1|	95.652	46	0	2	12	55	6214	6169	2.84e-08	73.1	7962	N/A
72_8_2228_12887_9167/1	gi|2978724457|gb|PV611058.1|	85.227	88	8	4	54	137	295321	295407	3.65e-12	86.1	3421660	N/A
72_8_2228_12887_9167/1	gi|2978724457|gb|PV611058.1|	89.286	56	1	4	54	105	295784	295838	4.76e-06	65.8	3421660	N/A
72_8_2228_12887_9167/1	gi|2524352013|emb|OY072335.1|	100.000	44	0	0	44	87	21648	21691	4.72e-11	82.4	2697049	N/A
72_8_2228_12887_9167/1	gi|685042185|emb|LN590710.1|	97.727	44	1	0	44	87	9162079	9162122	2.20e-09	76.8	7962	N/A
72_8_2228_12887_9167/1	gi|685042185|emb|LN590710.1|	95.238	42	0	2	54	93	3790452	3790411	4.76e-06	65.8	7962	N/A
72_8_2228_12887_9167/1	gi|685042185|emb|LN590710.1|	95.238	42	0	2	54	93	6008694	6008735	4.76e-06	65.8	7962	N/A
72_8_2228_12887_9167/1	gi|685042185|emb|LN590710.1|	89.091	55	2	4	43	93	10218490	10218544	4.76e-06	65.8	7962	N/A
72_8_2228_12887_9167/1	gi|2991388636|dbj|AP040949.1|	100.000	39	0	0	51	89	3527635	3527673	2.84e-08	73.1	573	N/A
72_8_2228_12887_9167/1	gi|2557643774|emb|OY673254.1|	95.556	45	2	0	54	98	21732	21776	2.84e-08	73.1	2697049	N/A
72_8_2336_36315_23665/1	gi|2978724457|gb|PV611058.1|	88.550	131	10	4	10	137	295316	295444	9.87e-33	154	3421660	N/A
72_8_2336_36315_23665/1	gi|2978724457|gb|PV611058.1|	90.769	65	2	3	10	71	295779	295842	1.31e-11	84.2	3421660	N/A
72_8_2336_36315_23665/1	gi|2830983252|gb|CP170844.1|	87.500	96	8	2	15	108	4083423	4083330	7.79e-19	108	573	N/A
72_8_2336_36315_23665/1	gi|2557643774|emb|OY673254.1|	92.593	54	3	1	8	60	21724	21777	2.20e-09	76.8	2697049	N/A
72_8_2336_36315_23665/1	gi|685042175|emb|LN590700.1|	92.727	55	1	3	3	55	14033952	14033899	2.20e-09	76.8	7962	N/A
72_8_2336_36315_23665/1	gi|685042175|emb|LN590700.1|	95.238	42	0	2	15	54	15778538	15778579	4.76e-06	65.8	7962	N/A
72_8_2336_36315_23665/1	gi|2463378371|dbj|AP027461.1|	95.652	46	2	0	15	60	1299632	1299677	7.91e-09	75.0	511145	N/A
72_8_2336_36315_23665/1	gi|2463378371|dbj|AP027461.1|	95.652	46	2	0	15	60	1628404	1628359	7.91e-09	75.0	511145	N/A
72_8_2136_36671_28623/1	gi|2978724457|gb|PV611058.1|	90.323	62	2	3	70	128	295318	295378	6.11e-10	78.7	3421660	N/A
72_8_2136_36671_28623/1	gi|2978724457|gb|PV611058.1|	90.323	62	2	3	70	128	295781	295841	6.11e-10	78.7	3421660	N/A
72_8_2136_36671_28623/1	gi|685046059|emb|LN594584.1|	94.231	52	1	2	63	112	7180	7129	6.11e-10	78.7	7962	N/A
72_8_2136_36671_28623/1	gi|685042189|emb|LN590714.1|	94.231	52	0	3	64	112	3608303	3608252	2.20e-09	76.8	7962	N/A
72_8_2136_36671_28623/1	gi|685042189|emb|LN590714.1|	97.727	44	1	0	63	106	6568388	6568431	2.20e-09	76.8	7962	N/A
72_8_2136_36671_28623/1	gi|685042189|emb|LN590714.1|	100.000	36	0	0	72	107	11523468	11523503	1.32e-06	67.6	7962	N/A
72_8_2136_36671_28623/1	gi|685042189|emb|LN590714.1|	95.238	42	0	2	73	112	7216113	7216072	4.76e-06	65.8	7962	N/A
72_8_2136_36671_28623/1	gi|2557643774|emb|OY673254.1|	95.652	46	2	0	73	118	21732	21777	7.91e-09	75.0	2697049	N/A
72_8_2136_36671_28623/1	gi|2463378371|dbj|AP027461.1|	95.652	46	2	0	73	118	1299632	1299677	7.91e-09	75.0	511145	N/A
72_8_2136_36671_28623/1	gi|2463378371|dbj|AP027461.1|	95.652	46	2	0	73	118	1628404	1628359	7.91e-09	75.0	511145	N/A
72_8_1252_28611_28259/1	gi|2978724457|gb|PV611058.1|	88.288	111	9	3	30	137	295321	295430	1.66e-25	130	3421660	N/A
72_8_1252_28611_28259/1	gi|2978724457|gb|PV611058.1|	91.667	60	1	3	30	86	295784	295842	1.70e-10	80.5	3421660	N/A
72_8_1252_28611_28259/1	gi|2830983252|gb|CP170844.1|	88.421	95	8	2	30	122	4083423	4083330	6.03e-20	111	573	N/A
72_8_1252_28611_28259/1	gi|685042160|emb|LN590685.1|	95.918	49	0	2	23	69	16867634	16867586	6.11e-10	78.7	7962	N/A
72_8_1252_28611_28259/1	gi|685042160|emb|LN590685.1|	93.750	48	1	2	24	69	850803	850850	1.02e-07	71.3	7962	N/A
72_8_1252_28611_28259/1	gi|685042160|emb|LN590685.1|	95.238	42	0	2	30	69	14193258	14193217	4.76e-06	65.8	7962	N/A
72_8_1252_28611_28259/1	gi|685042160|emb|LN590685.1|	95.238	42	0	2	30	69	18159835	18159794	4.76e-06	65.8	7962	N/A
72_8_1252_28611_28259/1	gi|2557643774|emb|OY673254.1|	95.652	46	2	0	30	75	21732	21777	7.91e-09	75.0	2697049	N/A
72_8_1252_28611_28259/1	gi|2463378371|dbj|AP027461.1|	95.652	46	2	0	30	75	1299632	1299677	7.91e-09	75.0	511145	N/A
72_8_1252_28611_28259/1	gi|2463378371|dbj|AP027461.1|	95.652	46	2	0	30	75	1628404	1628359	7.91e-09	75.0	511145	N/A
72_8_2182_27138_6687/1	gi|2978724457|gb|PV611058.1|	89.394	66	3	3	73	135	295316	295380	1.70e-10	80.5	3421660	N/A
72_8_2182_27138_6687/1	gi|2978724457|gb|PV611058.1|	89.231	65	3	3	73	134	295779	295842	6.11e-10	78.7	3421660	N/A
72_8_2182_27138_6687/1	gi|685042175|emb|LN590700.1|	94.231	52	1	2	69	118	14033950	14033899	6.11e-10	78.7	7962	N/A
72_8_2182_27138_6687/1	gi|685042175|emb|LN590700.1|	95.238	42	0	2	78	117	15778538	15778579	4.76e-06	65.8	7962	N/A
72_8_2182_27138_6687/1	gi|685042161|emb|LN590686.1|	92.593	54	1	3	66	117	20813819	20813871	7.91e-09	75.0	7962	N/A
72_8_2182_27138_6687/1	gi|685042161|emb|LN590686.1|	87.302	63	4	4	58	117	17091826	17091887	3.68e-07	69.4	7962	N/A
72_8_2182_27138_6687/1	gi|685042161|emb|LN590686.1|	93.750	48	0	3	73	117	28125754	28125801	3.68e-07	69.4	7962	N/A
72_8_2182_27138_6687/1	gi|685042161|emb|LN590686.1|	95.349	43	0	2	77	117	6380193	6380235	1.32e-06	67.6	7962	N/A
72_8_2182_27138_6687/1	gi|685042161|emb|LN590686.1|	95.238	42	0	2	78	117	4545831	4545872	4.76e-06	65.8	7962	N/A
72_8_2182_27138_6687/1	gi|685042161|emb|LN590686.1|	95.238	42	0	2	78	117	12304839	12304798	4.76e-06	65.8	7962	N/A
72_8_2182_27138_6687/1	gi|685042161|emb|LN590686.1|	94.872	39	0	2	81	117	12436830	12436868	2.21e-04	60.2	7962	N/A
72_8_2182_27138_6687/1	gi|685042151|emb|LN590676.1|	92.593	54	0	4	67	117	3877010	3876958	7.91e-09	75.0	7962	N/A
72_8_2182_27138_6687/1	gi|685042151|emb|LN590676.1|	95.556	45	0	2	75	117	5167443	5167399	1.02e-07	71.3	7962	N/A
72_8_2182_27138_6687/1	gi|685042151|emb|LN590676.1|	95.349	43	0	2	77	117	1475371	1475329	1.32e-06	67.6	7962	N/A
72_8_2182_27138_6687/1	gi|685042151|emb|LN590676.1|	95.122	41	0	2	79	117	5133961	5133921	1.71e-05	63.9	7962	N/A
72_8_2182_27138_6687/1	gi|2557643774|emb|OY673254.1|	90.909	55	4	1	68	121	21721	21775	2.84e-08	73.1	2697049	N/A
72_8_1262_41251_18230/1	gi|2917703847|emb|OZ235040.1|	95.238	63	3	0	4	66	12847040	12847102	1.30e-16	100	39358	N/A
72_8_1262_41251_18230/1	gi|2917703847|emb|OZ235040.1|	96.296	54	2	0	10	63	10990607	10990660	2.82e-13	89.8	39358	N/A
72_8_1262_41251_18230/1	gi|2917703687|emb|OZ235026.1|	95.238	63	3	0	4	66	13038794	13038856	1.30e-16	100	39358	N/A
72_8_1262_41251_18230/1	gi|2917703687|emb|OZ235026.1|	96.296	54	2	0	10	63	11004245	11004298	2.82e-13	89.8	39358	N/A
72_8_1262_41251_18230/1	gi|2438742188|emb|OX419222.1|	93.939	66	4	0	2	67	16423452	16423517	1.30e-16	100	3559	N/A
72_8_1262_41251_18230/1	gi|3018623512|emb|OZ277387.1|	95.161	62	3	0	2	63	28709256	28709317	4.69e-16	99.0	76506	N/A
72_8_1262_41251_18230/1	gi|2978820495|emb|OZ258484.1|	95.161	62	3	0	2	63	40282492	40282553	4.69e-16	99.0	28509	N/A
72_8_1193_26434_16367/1	gi|2978724457|gb|PV611058.1|	95.161	124	1	4	17	137	295323	295444	7.52e-44	191	3421660	N/A
72_8_1193_26434_16367/1	gi|2978724457|gb|PV611058.1|	91.379	58	1	3	17	71	295786	295842	2.20e-09	76.8	3421660	N/A
72_8_1193_26434_16367/1	gi|2830983252|gb|CP170844.1|	82.609	92	13	2	17	105	4083421	4083330	6.11e-10	78.7	573	N/A
72_8_1193_26434_16367/1	gi|2557643774|emb|OY673254.1|	95.455	44	2	0	17	60	21734	21777	1.02e-07	71.3	2697049	N/A
72_8_1193_26434_16367/1	gi|2524352013|emb|OY072335.1|	95.455	44	2	0	5	48	21648	21691	1.02e-07	71.3	2697049	N/A
72_8_1193_26434_16367/1	gi|2463378371|dbj|AP027461.1|	95.455	44	2	0	17	60	1299634	1299677	1.02e-07	71.3	511145	N/A
72_8_1193_26434_16367/1	gi|2463378371|dbj|AP027461.1|	95.455	44	2	0	17	60	1628402	1628359	1.02e-07	71.3	511145	N/A
72_8_2307_16642_11436/1	gi|2978724457|gb|PV611058.1|	91.954	87	3	3	54	137	295321	295406	3.60e-22	119	3421660	N/A
72_8_2307_16642_11436/1	gi|2978724457|gb|PV611058.1|	90.164	61	1	4	54	111	295784	295842	7.91e-09	75.0	3421660	N/A
72_8_2307_16642_11436/1	gi|2557643774|emb|OY673254.1|	95.652	46	2	0	54	99	21732	21777	7.91e-09	75.0	2697049	N/A
72_8_2307_16642_11436/1	gi|2463378371|dbj|AP027461.1|	95.652	46	2	0	54	99	1299632	1299677	7.91e-09	75.0	511145	N/A
72_8_2307_16642_11436/1	gi|2463378371|dbj|AP027461.1|	95.652	46	2	0	54	99	1628404	1628359	7.91e-09	75.0	511145	N/A
72_8_2307_16642_11436/1	gi|2830983252|gb|CP170844.1|	82.105	95	7	3	52	137	4083425	4083332	2.84e-08	73.1	573	N/A
72_8_2307_16642_11436/1	gi|2165836832|emb|OV197136.1|	93.878	49	1	2	52	99	118	71	2.84e-08	73.1	2697049	N/A
72_8_2123_9286_12094/1	gi|2978724457|gb|PV611058.1|	93.077	130	1	6	11	137	295320	295444	1.26e-41	183	3421660	N/A
72_8_2123_9286_12094/1	gi|2978724457|gb|PV611058.1|	91.803	61	1	3	11	68	295783	295842	4.72e-11	82.4	3421660	N/A
72_8_2123_9286_12094/1	gi|2830983252|gb|CP170844.1|	86.170	94	10	2	12	102	4083423	4083330	4.69e-16	99.0	573	N/A
72_8_2123_9286_12094/1	gi|685042161|emb|LN590686.1|	94.231	52	0	3	2	51	20813821	20813871	2.20e-09	76.8	7962	N/A
72_8_2123_9286_12094/1	gi|685042161|emb|LN590686.1|	95.455	44	0	2	10	51	6380192	6380235	3.68e-07	69.4	7962	N/A
72_8_2123_9286_12094/1	gi|685042161|emb|LN590686.1|	95.238	42	0	2	12	51	4545831	4545872	4.76e-06	65.8	7962	N/A
72_8_2123_9286_12094/1	gi|685042161|emb|LN590686.1|	95.238	42	0	2	12	51	12304839	12304798	4.76e-06	65.8	7962	N/A
72_8_2123_9286_12094/1	gi|685042161|emb|LN590686.1|	95.238	42	0	2	12	51	17091846	17091887	4.76e-06	65.8	7962	N/A
72_8_2123_9286_12094/1	gi|685042161|emb|LN590686.1|	95.238	42	0	2	12	51	28125760	28125801	4.76e-06	65.8	7962	N/A
72_8_2123_9286_12094/1	gi|685042161|emb|LN590686.1|	94.872	39	0	2	15	51	12436830	12436868	2.21e-04	60.2	7962	N/A
72_8_2123_9286_12094/1	gi|2557643774|emb|OY673254.1|	95.652	46	2	0	12	57	21732	21777	7.91e-09	75.0	2697049	N/A
72_8_2123_9286_12094/1	gi|2557638192|emb|OY694677.1|	91.228	57	2	3	2	57	4292	4346	7.91e-09	75.0	2697049	N/A
72_8_2126_9990_24995/1	gi|2978724457|gb|PV611058.1|	89.683	126	8	4	15	137	295321	295444	2.74e-33	156	3421660	N/A
72_8_2126_9990_24995/1	gi|2978724457|gb|PV611058.1|	91.667	60	1	3	15	71	295784	295842	1.70e-10	80.5	3421660	N/A
72_8_2126_9990_24995/1	gi|2830983252|gb|CP170844.1|	89.362	94	7	2	15	105	4083423	4083330	4.66e-21	115	573	N/A
72_8_2126_9990_24995/1	gi|2557643774|emb|OY673254.1|	95.652	46	2	0	15	60	21732	21777	7.91e-09	75.0	2697049	N/A
72_8_2126_9990_24995/1	gi|2463378371|dbj|AP027461.1|	95.652	46	2	0	15	60	1299632	1299677	7.91e-09	75.0	511145	N/A
72_8_2126_9990_24995/1	gi|2463378371|dbj|AP027461.1|	95.652	46	2	0	15	60	1628404	1628359	7.91e-09	75.0	511145	N/A
72_8_2126_9990_24995/1	gi|2155043183|emb|OV015804.1|	100.000	40	0	0	12	51	29950	29911	7.91e-09	75.0	2697049	N/A
72_8_1406_39131_26802/1	gi|2978724457|gb|PV611058.1|	94.488	127	1	4	10	133	295321	295444	7.52e-44	191	3421660	N/A
72_8_1406_39131_26802/1	gi|2978724457|gb|PV611058.1|	91.667	60	1	3	10	66	295784	295842	1.70e-10	80.5	3421660	N/A
72_8_1406_39131_26802/1	gi|2830983252|gb|CP170844.1|	84.211	95	6	2	9	94	4083424	4083330	1.31e-11	84.2	573	N/A
72_8_1406_39131_26802/1	gi|2557643774|emb|OY673254.1|	95.652	46	2	0	10	55	21732	21777	7.91e-09	75.0	2697049	N/A
72_8_1406_39131_26802/1	gi|2463378371|dbj|AP027461.1|	95.652	46	2	0	10	55	1299632	1299677	7.91e-09	75.0	511145	N/A
72_8_1406_39131_26802/1	gi|2463378371|dbj|AP027461.1|	95.652	46	2	0	10	55	1628404	1628359	7.91e-09	75.0	511145	N/A
72_8_1406_39131_26802/1	gi|2686256159|emb|OZ008443.1|	100.000	39	0	0	4	42	1871	1909	2.84e-08	73.1	2587225	N/A
72_8_1292_31759_16451/1	gi|2978724457|gb|PV611058.1|	88.750	80	5	3	61	137	295321	295399	6.07e-15	95.3	3421660	N/A
72_8_1292_31759_16451/1	gi|2978724457|gb|PV611058.1|	91.667	60	1	3	61	117	295784	295842	1.70e-10	80.5	3421660	N/A
72_8_1292_31759_16451/1	gi|685042185|emb|LN590710.1|	97.727	44	1	0	51	94	9162079	9162122	2.20e-09	76.8	7962	N/A
72_8_1292_31759_16451/1	gi|685042185|emb|LN590710.1|	95.238	42	0	2	61	100	3790452	3790411	4.76e-06	65.8	7962	N/A
72_8_1292_31759_16451/1	gi|685042185|emb|LN590710.1|	95.238	42	0	2	61	100	6008694	6008735	4.76e-06	65.8	7962	N/A
72_8_1292_31759_16451/1	gi|685042185|emb|LN590710.1|	95.238	42	0	2	61	100	10218503	10218544	4.76e-06	65.8	7962	N/A
72_8_1292_31759_16451/1	gi|2557643774|emb|OY673254.1|	95.652	46	2	0	61	106	21732	21777	7.91e-09	75.0	2697049	N/A
72_8_1292_31759_16451/1	gi|2463378371|dbj|AP027461.1|	95.652	46	2	0	61	106	1299632	1299677	7.91e-09	75.0	511145	N/A
72_8_1292_31759_16451/1	gi|2463378371|dbj|AP027461.1|	95.652	46	2	0	61	106	1628404	1628359	7.91e-09	75.0	511145	N/A
72_8_1292_31759_16451/1	gi|2165836832|emb|OV197136.1|	92.593	54	1	3	54	106	122	71	7.91e-09	75.0	2697049	N/A
72_8_1183_25867_20905/1	gi|2978724457|gb|PV611058.1|	87.755	98	8	3	43	137	295316	295412	6.03e-20	111	3421660	N/A
72_8_1183_25867_20905/1	gi|2978724457|gb|PV611058.1|	90.909	66	2	3	43	105	295779	295843	3.65e-12	86.1	3421660	N/A
72_8_1183_25867_20905/1	gi|2830983252|gb|CP170844.1|	87.097	93	9	2	48	137	4083423	4083331	3.63e-17	102	573	N/A
72_8_1183_25867_20905/1	gi|685042161|emb|LN590686.1|	94.231	52	0	3	38	87	20813821	20813871	2.20e-09	76.8	7962	N/A
72_8_1183_25867_20905/1	gi|685042161|emb|LN590686.1|	95.455	44	0	2	46	87	28125758	28125801	3.68e-07	69.4	7962	N/A
72_8_1183_25867_20905/1	gi|685042161|emb|LN590686.1|	95.349	43	0	2	47	87	4545830	4545872	1.32e-06	67.6	7962	N/A
72_8_1183_25867_20905/1	gi|685042161|emb|LN590686.1|	93.617	47	0	3	44	87	6380189	6380235	1.32e-06	67.6	7962	N/A
72_8_1183_25867_20905/1	gi|685042161|emb|LN590686.1|	95.238	42	0	2	48	87	12304839	12304798	4.76e-06	65.8	7962	N/A
72_8_1183_25867_20905/1	gi|685042161|emb|LN590686.1|	95.238	42	0	2	48	87	17091846	17091887	4.76e-06	65.8	7962	N/A
72_8_1183_25867_20905/1	gi|685042161|emb|LN590686.1|	94.872	39	0	2	51	87	12436830	12436868	2.21e-04	60.2	7962	N/A
72_8_1183_25867_20905/1	gi|2557643774|emb|OY673254.1|	95.652	46	2	0	48	93	21732	21777	7.91e-09	75.0	2697049	N/A
72_8_1183_25867_20905/1	gi|2463378371|dbj|AP027461.1|	95.652	46	2	0	48	93	1299632	1299677	7.91e-09	75.0	511145	N/A
72_8_1183_25867_20905/1	gi|2463378371|dbj|AP027461.1|	95.652	46	2	0	48	93	1628404	1628359	7.91e-09	75.0	511145	N/A
72_8_2129_37108_21928/1	gi|2978724457|gb|PV611058.1|	91.803	61	3	2	72	130	295784	295844	1.31e-11	84.2	3421660	N/A
72_8_2129_37108_21928/1	gi|2978724457|gb|PV611058.1|	91.525	59	3	2	72	128	295321	295379	1.70e-10	80.5	3421660	N/A
72_8_2129_37108_21928/1	gi|2830983252|gb|CP170844.1|	88.889	63	5	1	72	132	4083423	4083361	2.20e-09	76.8	573	N/A
72_8_2129_37108_21928/1	gi|2557643774|emb|OY673254.1|	95.652	46	2	0	72	117	21732	21777	7.91e-09	75.0	2697049	N/A
72_8_2129_37108_21928/1	gi|780644672|ref|XM_011690559.1|	100.000	39	0	0	71	109	1037	1075	2.84e-08	73.1	64793	N/A
72_8_2129_37108_21928/1	gi|685046758|emb|LN595283.1|	100.000	39	0	0	67	105	98119	98157	2.84e-08	73.1	7962	N/A
72_8_2376_41178_5412/1	gi|2978724457|gb|PV611058.1|	93.023	129	4	4	12	137	295318	295444	1.26e-41	183	3421660	N/A
72_8_2376_41178_5412/1	gi|2978724457|gb|PV611058.1|	90.476	63	2	3	12	71	295781	295842	1.70e-10	80.5	3421660	N/A
72_8_2376_41178_5412/1	gi|2830983252|gb|CP170844.1|	85.106	94	9	2	15	103	4083423	4083330	7.85e-14	91.6	573	N/A
72_8_2376_41178_5412/1	gi|685046059|emb|LN594584.1|	94.231	52	1	2	5	54	7180	7129	6.11e-10	78.7	7962	N/A
72_8_2376_41178_5412/1	gi|685042189|emb|LN590714.1|	94.231	52	0	3	6	54	3608303	3608252	2.20e-09	76.8	7962	N/A
72_8_2376_41178_5412/1	gi|685042189|emb|LN590714.1|	97.727	44	1	0	5	48	6568388	6568431	2.20e-09	76.8	7962	N/A
72_8_2376_41178_5412/1	gi|685042189|emb|LN590714.1|	100.000	36	0	0	14	49	11523468	11523503	1.32e-06	67.6	7962	N/A
72_8_2376_41178_5412/1	gi|685042189|emb|LN590714.1|	95.238	42	0	2	15	54	7216113	7216072	4.76e-06	65.8	7962	N/A
72_8_2376_41178_5412/1	gi|2557643774|emb|OY673254.1|	95.652	46	2	0	15	60	21732	21777	7.91e-09	75.0	2697049	N/A
72_8_2460_18771_11730/1	gi|2978724457|gb|PV611058.1|	88.976	127	9	4	14	137	295320	295444	3.55e-32	152	3421660	N/A
72_8_2460_18771_11730/1	gi|2978724457|gb|PV611058.1|	90.625	64	1	4	14	74	295783	295844	1.70e-10	80.5	3421660	N/A
72_8_2460_18771_11730/1	gi|2830983252|gb|CP170844.1|	89.474	95	6	3	15	106	4083423	4083330	1.30e-21	117	573	N/A
72_8_2460_18771_11730/1	gi|2557643774|emb|OY673254.1|	91.228	57	4	1	5	60	21721	21777	2.20e-09	76.8	2697049	N/A
72_8_2460_18771_11730/1	gi|685042161|emb|LN590686.1|	94.231	52	0	3	5	54	20813821	20813871	2.20e-09	76.8	7962	N/A
72_8_2460_18771_11730/1	gi|685042161|emb|LN590686.1|	95.455	44	0	2	13	54	6380192	6380235	3.68e-07	69.4	7962	N/A
72_8_2460_18771_11730/1	gi|685042161|emb|LN590686.1|	95.238	42	0	2	15	54	4545831	4545872	4.76e-06	65.8	7962	N/A
72_8_2460_18771_11730/1	gi|685042161|emb|LN590686.1|	95.238	42	0	2	15	54	12304839	12304798	4.76e-06	65.8	7962	N/A
72_8_2460_18771_11730/1	gi|685042161|emb|LN590686.1|	95.238	42	0	2	15	54	17091846	17091887	4.76e-06	65.8	7962	N/A
72_8_2460_18771_11730/1	gi|685042161|emb|LN590686.1|	95.238	42	0	2	15	54	28125760	28125801	4.76e-06	65.8	7962	N/A
72_8_2460_18771_11730/1	gi|685042161|emb|LN590686.1|	94.872	39	0	2	18	54	12436830	12436868	2.21e-04	60.2	7962	N/A
72_8_2460_18771_11730/1	gi|2463378371|dbj|AP027461.1|	95.652	46	2	0	15	60	1299632	1299677	7.91e-09	75.0	511145	N/A
72_8_2460_18771_11730/1	gi|2463378371|dbj|AP027461.1|	95.652	46	2	0	15	60	1628404	1628359	7.91e-09	75.0	511145	N/A
72_8_2202_2845_11338/1	gi|2978724457|gb|PV611058.1|	93.701	127	3	4	14	137	295320	295444	3.50e-42	185	3421660	N/A
72_8_2202_2845_11338/1	gi|2978724457|gb|PV611058.1|	91.803	61	1	3	14	71	295783	295842	4.72e-11	82.4	3421660	N/A
72_8_2202_2845_11338/1	gi|2830983252|gb|CP170844.1|	85.106	94	10	2	15	104	4083423	4083330	2.18e-14	93.5	573	N/A
72_8_2202_2845_11338/1	gi|2557643774|emb|OY673254.1|	95.652	46	2	0	15	60	21732	21777	7.91e-09	75.0	2697049	N/A
72_8_2202_2845_11338/1	gi|2463378371|dbj|AP027461.1|	95.652	46	2	0	15	60	1299632	1299677	7.91e-09	75.0	511145	N/A
72_8_2202_2845_11338/1	gi|2463378371|dbj|AP027461.1|	95.652	46	2	0	15	60	1628404	1628359	7.91e-09	75.0	511145	N/A
72_8_2202_2845_11338/1	gi|685042177|emb|LN590702.1|	92.593	54	0	4	5	54	6540849	6540902	7.91e-09	75.0	7962	N/A
72_8_2202_2845_11338/1	gi|685042177|emb|LN590702.1|	89.286	56	3	3	1	54	3996002	3995948	1.32e-06	67.6	7962	N/A
72_8_2202_2845_11338/1	gi|685042177|emb|LN590702.1|	89.286	56	3	3	2	54	6762485	6762540	1.32e-06	67.6	7962	N/A
72_8_2202_2845_11338/1	gi|685042177|emb|LN590702.1|	95.238	42	0	2	15	54	1181065	1181106	4.76e-06	65.8	7962	N/A
72_8_2202_2845_11338/1	gi|685042177|emb|LN590702.1|	95.238	42	0	2	15	54	6862999	6863040	4.76e-06	65.8	7962	N/A
72_8_2202_2845_11338/1	gi|685042177|emb|LN590702.1|	93.333	45	0	2	6	47	1157104	1157060	1.71e-05	63.9	7962	N/A
72_8_1382_21036_4474/1	gi|2978724457|gb|PV611058.1|	93.056	72	1	3	69	137	295321	295391	3.63e-17	102	3421660	N/A
72_8_1382_21036_4474/1	gi|2978724457|gb|PV611058.1|	91.667	60	1	3	69	125	295784	295842	1.70e-10	80.5	3421660	N/A
72_8_1382_21036_4474/1	gi|2557643774|emb|OY673254.1|	95.652	46	2	0	69	114	21732	21777	7.91e-09	75.0	2697049	N/A
72_8_1382_21036_4474/1	gi|2463378371|dbj|AP027461.1|	93.878	49	3	0	66	114	1299629	1299677	7.91e-09	75.0	511145	N/A
72_8_1382_21036_4474/1	gi|2463378371|dbj|AP027461.1|	95.652	46	2	0	69	114	1628404	1628359	7.91e-09	75.0	511145	N/A
72_8_1382_21036_4474/1	gi|685047827|emb|LN596339.1|	94.000	50	1	2	61	108	601778	601827	7.91e-09	75.0	7962	N/A
72_8_1382_21036_4474/1	gi|685043901|emb|LN592426.1|	95.745	47	0	2	64	108	375102	375148	7.91e-09	75.0	7962	N/A
72_8_2476_4302_17725/1	gi|685042161|emb|LN590686.1|	92.593	54	1	3	57	108	20813819	20813871	7.91e-09	75.0	7962	N/A
72_8_2476_4302_17725/1	gi|685042161|emb|LN590686.1|	95.349	43	0	2	68	108	4545830	4545872	1.32e-06	67.6	7962	N/A
72_8_2476_4302_17725/1	gi|685042161|emb|LN590686.1|	90.566	53	2	3	58	108	17091836	17091887	1.32e-06	67.6	7962	N/A
72_8_2476_4302_17725/1	gi|685042161|emb|LN590686.1|	95.349	43	0	2	68	108	28125759	28125801	1.32e-06	67.6	7962	N/A
72_8_2476_4302_17725/1	gi|685042161|emb|LN590686.1|	95.238	42	0	2	69	108	6380194	6380235	4.76e-06	65.8	7962	N/A
72_8_2476_4302_17725/1	gi|685042161|emb|LN590686.1|	95.238	42	0	2	69	108	12304839	12304798	4.76e-06	65.8	7962	N/A
72_8_2476_4302_17725/1	gi|685042161|emb|LN590686.1|	94.872	39	0	2	72	108	12436830	12436868	2.21e-04	60.2	7962	N/A
72_8_2476_4302_17725/1	gi|2557643774|emb|OY673254.1|	95.556	45	2	0	69	113	21732	21776	2.84e-08	73.1	2697049	N/A
72_8_2476_4302_17725/1	gi|2463378371|dbj|AP027461.1|	95.556	45	2	0	69	113	1299632	1299676	2.84e-08	73.1	511145	N/A
72_8_2476_4302_17725/1	gi|2463378371|dbj|AP027461.1|	95.556	45	2	0	69	113	1628404	1628360	2.84e-08	73.1	511145	N/A
72_8_2476_4302_17725/1	gi|780644672|ref|XM_011690559.1|	97.619	42	1	0	62	103	1031	1072	2.84e-08	73.1	64793	N/A
72_8_2476_4302_17725/1	gi|685042160|emb|LN590685.1|	93.878	49	1	2	62	108	16867634	16867586	2.84e-08	73.1	7962	N/A
72_8_2476_4302_17725/1	gi|685042160|emb|LN590685.1|	95.349	43	0	2	68	108	850808	850850	1.32e-06	67.6	7962	N/A
72_8_2476_4302_17725/1	gi|685042160|emb|LN590685.1|	95.238	42	0	2	69	108	14193258	14193217	4.76e-06	65.8	7962	N/A
72_8_2476_4302_17725/1	gi|685042160|emb|LN590685.1|	95.238	42	0	2	69	108	18159835	18159794	4.76e-06	65.8	7962	N/A
72_8_1374_25115_3381/1	gi|2978724457|gb|PV611058.1|	90.164	61	2	3	76	133	295784	295843	2.20e-09	76.8	3421660	N/A
72_8_1374_25115_3381/1	gi|2978724457|gb|PV611058.1|	90.000	60	2	3	76	132	295321	295379	7.91e-09	75.0	3421660	N/A
72_8_1374_25115_3381/1	gi|685042185|emb|LN590710.1|	95.455	44	2	0	66	109	9162079	9162122	1.02e-07	71.3	7962	N/A
72_8_1374_25115_3381/1	gi|685042185|emb|LN590710.1|	92.857	42	1	2	76	115	3790452	3790411	2.21e-04	60.2	7962	N/A
72_8_1374_25115_3381/1	gi|685042185|emb|LN590710.1|	92.857	42	1	2	76	115	6008694	6008735	2.21e-04	60.2	7962	N/A
72_8_1374_25115_3381/1	gi|685042185|emb|LN590710.1|	92.857	42	1	2	76	115	10218503	10218544	2.21e-04	60.2	7962	N/A
72_8_1374_25115_3381/1	gi|2557643774|emb|OY673254.1|	93.478	46	3	0	76	121	21732	21777	3.68e-07	69.4	2697049	N/A
72_8_1374_25115_3381/1	gi|2463378371|dbj|AP027461.1|	93.478	46	3	0	76	121	1299632	1299677	3.68e-07	69.4	511145	N/A
72_8_1374_25115_3381/1	gi|2463378371|dbj|AP027461.1|	93.478	46	3	0	76	121	1628404	1628359	3.68e-07	69.4	511145	N/A
72_8_1374_25115_3381/1	gi|685042164|emb|LN590689.1|	93.617	47	1	2	71	115	16044098	16044144	3.68e-07	69.4	7962	N/A
72_8_1374_25115_3381/1	gi|685042164|emb|LN590689.1|	97.222	36	1	0	75	110	16451533	16451498	6.15e-05	62.1	7962	N/A
72_8_1374_25115_3381/1	gi|685042164|emb|LN590689.1|	92.857	42	1	2	76	115	6291547	6291588	2.21e-04	60.2	7962	N/A
72_8_2288_7045_6057/1	gi|2978724457|gb|PV611058.1|	91.525	59	1	3	82	137	295321	295378	6.11e-10	78.7	3421660	N/A
72_8_2288_7045_6057/1	gi|2978724457|gb|PV611058.1|	91.525	59	1	3	82	137	295784	295841	6.11e-10	78.7	3421660	N/A
72_8_2288_7045_6057/1	gi|2557643774|emb|OY673254.1|	95.652	46	2	0	82	127	21732	21777	7.91e-09	75.0	2697049	N/A
72_8_2288_7045_6057/1	gi|2463378371|dbj|AP027461.1|	95.652	46	2	0	82	127	1299632	1299677	7.91e-09	75.0	511145	N/A
72_8_2288_7045_6057/1	gi|2463378371|dbj|AP027461.1|	95.652	46	2	0	82	127	1628404	1628359	7.91e-09	75.0	511145	N/A
72_8_2288_7045_6057/1	gi|2165836832|emb|OV197136.1|	92.593	54	1	3	75	127	122	71	7.91e-09	75.0	2697049	N/A
72_8_2288_7045_6057/1	gi|2165834303|emb|OV196009.1|	92.453	53	3	1	75	127	121	70	7.91e-09	75.0	2697049	N/A
72_8_2288_7045_6057/1	gi|2165834303|emb|OV196009.1|	97.561	41	1	0	81	121	29911	29951	1.02e-07	71.3	2697049	N/A
72_8_1464_32131_20401/1	gi|2978724457|gb|PV611058.1|	90.226	133	3	5	1	131	295320	295444	4.56e-36	165	3421660	N/A
72_8_1464_32131_20401/1	gi|2978724457|gb|PV611058.1|	91.071	56	3	2	1	54	295783	295838	7.91e-09	75.0	3421660	N/A
72_8_1464_32131_20401/1	gi|2830983252|gb|CP170844.1|	87.234	94	8	3	2	91	4083423	4083330	1.01e-17	104	573	N/A
72_8_1464_32131_20401/1	gi|2557643774|emb|OY673254.1|	95.652	46	2	0	2	47	21732	21777	7.91e-09	75.0	2697049	N/A
72_8_1464_32131_20401/1	gi|685042188|emb|LN590713.1|	100.000	39	0	0	1	39	7120047	7120085	2.84e-08	73.1	7962	N/A
72_8_1464_32131_20401/1	gi|685042188|emb|LN590713.1|	100.000	30	0	0	2	31	16189618	16189589	0.003	56.5	7962	N/A
72_8_1464_32131_20401/1	gi|780644672|ref|XM_011690559.1|	100.000	38	0	0	2	39	1038	1075	1.02e-07	71.3	64793	N/A
72_8_2376_6721_17515/1	gi|2978724457|gb|PV611058.1|	90.090	111	7	3	30	137	295321	295430	7.68e-29	141	3421660	N/A
72_8_2376_6721_17515/1	gi|2978724457|gb|PV611058.1|	91.667	60	1	3	30	86	295784	295842	1.70e-10	80.5	3421660	N/A
72_8_2376_6721_17515/1	gi|2830983252|gb|CP170844.1|	88.298	94	9	1	30	121	4083423	4083330	6.03e-20	111	573	N/A
72_8_2376_6721_17515/1	gi|2557643774|emb|OY673254.1|	91.228	57	4	1	20	75	21721	21777	2.20e-09	76.8	2697049	N/A
72_8_2376_6721_17515/1	gi|2463378371|dbj|AP027461.1|	95.652	46	2	0	30	75	1299632	1299677	7.91e-09	75.0	511145	N/A
72_8_2376_6721_17515/1	gi|2463378371|dbj|AP027461.1|	95.652	46	2	0	30	75	1628404	1628359	7.91e-09	75.0	511145	N/A
72_8_2376_6721_17515/1	gi|685044342|emb|LN592867.1|	94.118	51	0	3	21	69	33485	33436	7.91e-09	75.0	7962	N/A
72_8_1452_49740_8802/1	gi|2978724457|gb|PV611058.1|	91.045	67	2	3	69	132	295321	295386	1.02e-12	87.9	3421660	N/A
72_8_1452_49740_8802/1	gi|2978724457|gb|PV611058.1|	91.667	60	1	3	69	125	295784	295842	1.70e-10	80.5	3421660	N/A
72_8_1452_49740_8802/1	gi|2557643774|emb|OY673254.1|	95.652	46	2	0	69	114	21732	21777	7.91e-09	75.0	2697049	N/A
72_8_1452_49740_8802/1	gi|2463378371|dbj|AP027461.1|	95.652	46	2	0	69	114	1299632	1299677	7.91e-09	75.0	511145	N/A
72_8_1452_49740_8802/1	gi|2463378371|dbj|AP027461.1|	95.652	46	2	0	69	114	1628404	1628359	7.91e-09	75.0	511145	N/A
72_8_1452_49740_8802/1	gi|2165836832|emb|OV197136.1|	92.593	54	1	3	62	114	122	71	7.91e-09	75.0	2697049	N/A
72_8_1452_49740_8802/1	gi|2165834303|emb|OV196009.1|	92.453	53	3	1	62	114	121	70	7.91e-09	75.0	2697049	N/A
72_8_1452_49740_8802/1	gi|2165834303|emb|OV196009.1|	97.561	41	1	0	68	108	29911	29951	1.02e-07	71.3	2697049	N/A
72_8_2268_51115_3311/1	gi|2978724457|gb|PV611058.1|	90.551	127	6	4	14	137	295321	295444	1.64e-35	163	3421660	N/A
72_8_2268_51115_3311/1	gi|2978724457|gb|PV611058.1|	91.667	60	1	3	14	70	295784	295842	1.70e-10	80.5	3421660	N/A
72_8_2268_51115_3311/1	gi|2830983252|gb|CP170844.1|	86.316	95	10	2	14	106	4083423	4083330	1.30e-16	100	573	N/A
72_8_2268_51115_3311/1	gi|2557643774|emb|OY673254.1|	95.652	46	2	0	14	59	21732	21777	7.91e-09	75.0	2697049	N/A
72_8_2268_51115_3311/1	gi|2463378371|dbj|AP027461.1|	95.652	46	2	0	14	59	1299632	1299677	7.91e-09	75.0	511145	N/A
72_8_2268_51115_3311/1	gi|2463378371|dbj|AP027461.1|	95.652	46	2	0	14	59	1628404	1628359	7.91e-09	75.0	511145	N/A
72_8_2268_51115_3311/1	gi|2755084441|gb|PP943425.1|	81.522	92	12	4	14	102	67825	67736	1.02e-07	71.3	10258	N/A
72_8_2268_51115_3311/1	gi|2755084441|gb|PP943425.1|	93.478	46	1	2	14	58	67591	67635	1.32e-06	67.6	10258	N/A
72_8_1463_43646_7500/1	gi|2978724457|gb|PV611058.1|	92.366	131	5	4	10	137	295316	295444	4.53e-41	182	3421660	N/A
72_8_1463_43646_7500/1	gi|2978724457|gb|PV611058.1|	89.062	64	3	3	10	70	295779	295841	2.20e-09	76.8	3421660	N/A
72_8_1463_43646_7500/1	gi|2830983252|gb|CP170844.1|	82.796	93	12	3	17	106	4083421	4083330	1.70e-10	80.5	573	N/A
72_8_1463_43646_7500/1	gi|2557643774|emb|OY673254.1|	95.455	44	2	0	17	60	21734	21777	1.02e-07	71.3	2697049	N/A
72_8_1463_43646_7500/1	gi|2463378371|dbj|AP027461.1|	95.455	44	2	0	17	60	1299634	1299677	1.02e-07	71.3	511145	N/A
72_8_1463_43646_7500/1	gi|2463378371|dbj|AP027461.1|	95.455	44	2	0	17	60	1628402	1628359	1.02e-07	71.3	511145	N/A
72_8_1463_43646_7500/1	gi|2991388621|dbj|AP040934.1|	93.478	46	1	2	5	50	4900958	4900915	1.32e-06	67.6	562	N/A
72_8_1463_43646_7500/1	gi|2991388621|dbj|AP040934.1|	100.000	34	0	0	17	50	146951	146984	1.71e-05	63.9	562	N/A
72_8_1476_14692_11786/1	gi|2978724457|gb|PV611058.1|	89.655	87	5	3	54	137	295321	295406	7.79e-19	108	3421660	N/A
72_8_1476_14692_11786/1	gi|2978724457|gb|PV611058.1|	91.667	60	1	3	54	110	295784	295842	1.70e-10	80.5	3421660	N/A
72_8_1476_14692_11786/1	gi|2830983252|gb|CP170844.1|	85.227	88	10	2	53	137	4083424	4083337	1.02e-12	87.9	573	N/A
72_8_1476_14692_11786/1	gi|2557643774|emb|OY673254.1|	95.652	46	2	0	54	99	21732	21777	7.91e-09	75.0	2697049	N/A
72_8_1476_14692_11786/1	gi|2463378371|dbj|AP027461.1|	93.878	49	3	0	51	99	1299629	1299677	7.91e-09	75.0	511145	N/A
72_8_1476_14692_11786/1	gi|2463378371|dbj|AP027461.1|	95.652	46	2	0	54	99	1628404	1628359	7.91e-09	75.0	511145	N/A
72_8_1476_14692_11786/1	gi|685051416|emb|LN599928.1|	95.652	46	0	2	50	93	8192	8237	2.84e-08	73.1	7962	N/A
72_8_1450_43379_23791/1	gi|2978724457|gb|PV611058.1|	92.913	127	4	4	14	137	295320	295444	1.63e-40	180	3421660	N/A
72_8_1450_43379_23791/1	gi|2978724457|gb|PV611058.1|	91.935	62	1	3	14	72	295783	295843	1.31e-11	84.2	3421660	N/A
72_8_1450_43379_23791/1	gi|2830983252|gb|CP170844.1|	86.170	94	10	2	15	105	4083423	4083330	4.69e-16	99.0	573	N/A
72_8_1450_43379_23791/1	gi|685042161|emb|LN590686.1|	94.444	54	0	3	3	54	20813819	20813871	1.70e-10	80.5	7962	N/A
72_8_1450_43379_23791/1	gi|685042161|emb|LN590686.1|	95.455	44	0	2	13	54	6380192	6380235	3.68e-07	69.4	7962	N/A
72_8_1450_43379_23791/1	gi|685042161|emb|LN590686.1|	95.238	42	0	2	15	54	4545831	4545872	4.76e-06	65.8	7962	N/A
72_8_1450_43379_23791/1	gi|685042161|emb|LN590686.1|	95.238	42	0	2	15	54	12304839	12304798	4.76e-06	65.8	7962	N/A
72_8_1450_43379_23791/1	gi|685042161|emb|LN590686.1|	95.238	42	0	2	15	54	17091846	17091887	4.76e-06	65.8	7962	N/A
72_8_1450_43379_23791/1	gi|685042161|emb|LN590686.1|	95.238	42	0	2	15	54	28125760	28125801	4.76e-06	65.8	7962	N/A
72_8_1450_43379_23791/1	gi|685042161|emb|LN590686.1|	94.872	39	0	2	18	54	12436830	12436868	2.21e-04	60.2	7962	N/A
72_8_1450_43379_23791/1	gi|2557643774|emb|OY673254.1|	91.228	57	4	1	5	60	21721	21777	2.20e-09	76.8	2697049	N/A
72_8_1450_43379_23791/1	gi|2463378371|dbj|AP027461.1|	95.652	46	2	0	15	60	1299632	1299677	7.91e-09	75.0	511145	N/A
72_8_1450_43379_23791/1	gi|2463378371|dbj|AP027461.1|	95.652	46	2	0	15	60	1628404	1628359	7.91e-09	75.0	511145	N/A
72_8_1224_52038_1939/1	gi|685042177|emb|LN590702.1|	84.783	92	5	9	38	123	6540814	6540902	1.31e-11	84.2	7962	N/A
72_8_1224_52038_1939/1	gi|685042177|emb|LN590702.1|	95.238	42	0	2	84	123	1181065	1181106	4.76e-06	65.8	7962	N/A
72_8_1224_52038_1939/1	gi|685042177|emb|LN590702.1|	95.238	42	0	2	84	123	3995989	3995948	4.76e-06	65.8	7962	N/A
72_8_1224_52038_1939/1	gi|685042177|emb|LN590702.1|	95.238	42	0	2	84	123	6762499	6762540	4.76e-06	65.8	7962	N/A
72_8_1224_52038_1939/1	gi|685042177|emb|LN590702.1|	95.238	42	0	2	84	123	6862999	6863040	4.76e-06	65.8	7962	N/A
72_8_1224_52038_1939/1	gi|685042177|emb|LN590702.1|	93.333	45	0	2	75	116	1157104	1157060	1.71e-05	63.9	7962	N/A
72_8_1224_52038_1939/1	gi|2557643774|emb|OY673254.1|	95.652	46	2	0	84	129	21732	21777	7.91e-09	75.0	2697049	N/A
72_8_1224_52038_1939/1	gi|2463378371|dbj|AP027461.1|	95.652	46	2	0	84	129	1299632	1299677	7.91e-09	75.0	511145	N/A
72_8_1224_52038_1939/1	gi|2463378371|dbj|AP027461.1|	95.652	46	2	0	84	129	1628404	1628359	7.91e-09	75.0	511145	N/A
72_8_1224_52038_1939/1	gi|685042802|emb|LN591327.1|	91.228	57	2	3	69	123	61993	62048	7.91e-09	75.0	7962	N/A
72_8_1224_52038_1939/1	gi|685042168|emb|LN590693.1|	95.745	47	0	2	79	123	11958545	11958499	7.91e-09	75.0	7962	N/A
72_8_1224_52038_1939/1	gi|685042168|emb|LN590693.1|	95.349	43	0	2	83	123	320675	320633	1.32e-06	67.6	7962	N/A
72_8_1224_52038_1939/1	gi|685042168|emb|LN590693.1|	95.238	42	0	2	84	123	320171	320212	4.76e-06	65.8	7962	N/A
72_8_1139_16068_26046/1	gi|685042161|emb|LN590686.1|	94.444	54	0	3	72	123	20813819	20813871	1.70e-10	80.5	7962	N/A
72_8_1139_16068_26046/1	gi|685042161|emb|LN590686.1|	95.455	44	0	2	82	123	28125758	28125801	3.68e-07	69.4	7962	N/A
72_8_1139_16068_26046/1	gi|685042161|emb|LN590686.1|	95.349	43	0	2	83	123	4545830	4545872	1.32e-06	67.6	7962	N/A
72_8_1139_16068_26046/1	gi|685042161|emb|LN590686.1|	93.617	47	0	3	80	123	6380189	6380235	1.32e-06	67.6	7962	N/A
72_8_1139_16068_26046/1	gi|685042161|emb|LN590686.1|	95.238	42	0	2	84	123	12304839	12304798	4.76e-06	65.8	7962	N/A
72_8_1139_16068_26046/1	gi|685042161|emb|LN590686.1|	95.238	42	0	2	84	123	17091846	17091887	4.76e-06	65.8	7962	N/A
72_8_1139_16068_26046/1	gi|685042161|emb|LN590686.1|	94.872	39	0	2	87	123	12436830	12436868	2.21e-04	60.2	7962	N/A
72_8_1139_16068_26046/1	gi|2978724457|gb|PV611058.1|	90.323	62	2	3	79	137	295316	295376	6.11e-10	78.7	3421660	N/A
72_8_1139_16068_26046/1	gi|2978724457|gb|PV611058.1|	90.323	62	2	3	79	137	295779	295839	6.11e-10	78.7	3421660	N/A
72_8_1139_16068_26046/1	gi|685042185|emb|LN590710.1|	92.727	55	2	2	64	117	9162069	9162122	6.11e-10	78.7	7962	N/A
72_8_1139_16068_26046/1	gi|685042185|emb|LN590710.1|	95.238	42	0	2	84	123	3790452	3790411	4.76e-06	65.8	7962	N/A
72_8_1139_16068_26046/1	gi|685042185|emb|LN590710.1|	95.238	42	0	2	84	123	6008694	6008735	4.76e-06	65.8	7962	N/A
72_8_1139_16068_26046/1	gi|685042185|emb|LN590710.1|	95.238	42	0	2	84	123	10218503	10218544	4.76e-06	65.8	7962	N/A
72_8_1139_16068_26046/1	gi|2557643774|emb|OY673254.1|	95.652	46	2	0	84	129	21732	21777	7.91e-09	75.0	2697049	N/A
72_8_1139_16068_26046/1	gi|2463378371|dbj|AP027461.1|	95.652	46	2	0	84	129	1299632	1299677	7.91e-09	75.0	511145	N/A
72_8_1139_16068_26046/1	gi|2463378371|dbj|AP027461.1|	95.652	46	2	0	84	129	1628404	1628359	7.91e-09	75.0	511145	N/A
72_8_1169_8299_23721/1	gi|2573961727|gb|CP133596.1|	100.000	32	0	0	106	137	518154	518123	2.21e-04	60.2	2268204	N/A
72_8_1169_8299_23721/1	gi|685042601|emb|LN591126.1|	100.000	32	0	0	106	137	256195	256226	2.21e-04	60.2	7962	N/A
72_8_1169_8299_23721/1	gi|2193644585|gb|CP092025.1|	100.000	31	0	0	105	135	1498104	1498074	7.96e-04	58.4	195	N/A
72_8_1318_38726_27615/1	gi|2978724457|gb|PV611058.1|	95.385	130	2	3	10	136	295316	295444	9.66e-48	204	3421660	N/A
72_8_1318_38726_27615/1	gi|2978724457|gb|PV611058.1|	90.769	65	2	3	10	71	295779	295842	1.31e-11	84.2	3421660	N/A
72_8_1318_38726_27615/1	gi|685042161|emb|LN590686.1|	94.231	52	0	3	5	54	20813821	20813871	2.20e-09	76.8	7962	N/A
72_8_1318_38726_27615/1	gi|685042161|emb|LN590686.1|	95.349	43	0	2	14	54	12304840	12304798	1.32e-06	67.6	7962	N/A
72_8_1318_38726_27615/1	gi|685042161|emb|LN590686.1|	95.238	42	0	2	15	54	4545831	4545872	4.76e-06	65.8	7962	N/A
72_8_1318_38726_27615/1	gi|685042161|emb|LN590686.1|	95.238	42	0	2	15	54	6380194	6380235	4.76e-06	65.8	7962	N/A
72_8_1318_38726_27615/1	gi|685042161|emb|LN590686.1|	95.238	42	0	2	15	54	17091846	17091887	4.76e-06	65.8	7962	N/A
72_8_1318_38726_27615/1	gi|685042161|emb|LN590686.1|	95.238	42	0	2	15	54	28125760	28125801	4.76e-06	65.8	7962	N/A
72_8_1318_38726_27615/1	gi|685042161|emb|LN590686.1|	94.872	39	0	2	18	54	12436830	12436868	2.21e-04	60.2	7962	N/A
72_8_1318_38726_27615/1	gi|2557643774|emb|OY673254.1|	95.652	46	2	0	15	60	21732	21777	7.91e-09	75.0	2697049	N/A
72_8_1318_38726_27615/1	gi|2463378371|dbj|AP027461.1|	95.652	46	2	0	15	60	1299632	1299677	7.91e-09	75.0	511145	N/A
72_8_1318_38726_27615/1	gi|2463378371|dbj|AP027461.1|	95.652	46	2	0	15	60	1628404	1628359	7.91e-09	75.0	511145	N/A
72_8_1318_38726_27615/1	gi|2830983252|gb|CP170844.1|	82.105	95	5	2	14	96	4083424	4083330	1.02e-07	71.3	573	N/A
72_8_2373_17710_17795/1	gi|2830983252|gb|CP170844.1|	89.362	94	7	2	45	135	4083423	4083330	4.66e-21	115	573	N/A
72_8_2373_17710_17795/1	gi|2978724457|gb|PV611058.1|	84.375	96	11	3	45	137	295321	295415	7.85e-14	91.6	3421660	N/A
72_8_2373_17710_17795/1	gi|2978724457|gb|PV611058.1|	91.071	56	1	3	45	97	295784	295838	2.84e-08	73.1	3421660	N/A
72_8_2373_17710_17795/1	gi|2557643774|emb|OY673254.1|	95.652	46	2	0	45	90	21732	21777	7.91e-09	75.0	2697049	N/A
72_8_2373_17710_17795/1	gi|2463378371|dbj|AP027461.1|	95.652	46	2	0	45	90	1299632	1299677	7.91e-09	75.0	511145	N/A
72_8_2373_17710_17795/1	gi|2463378371|dbj|AP027461.1|	95.652	46	2	0	45	90	1628404	1628359	7.91e-09	75.0	511145	N/A
72_8_2373_17710_17795/1	gi|685043901|emb|LN592426.1|	94.118	51	0	3	36	84	375099	375148	7.91e-09	75.0	7962	N/A
72_8_1130_1704_29254/1	gi|2978724457|gb|PV611058.1|	88.095	126	10	4	15	137	295321	295444	5.94e-30	145	3421660	N/A
72_8_1130_1704_29254/1	gi|2978724457|gb|PV611058.1|	91.935	62	1	3	15	73	295784	295844	1.31e-11	84.2	3421660	N/A
72_8_1130_1704_29254/1	gi|2830983252|gb|CP170844.1|	91.579	95	5	2	15	107	4083423	4083330	5.98e-25	128	573	N/A
72_8_1130_1704_29254/1	gi|2557643774|emb|OY673254.1|	95.652	46	2	0	15	60	21732	21777	7.91e-09	75.0	2697049	N/A
72_8_1130_1704_29254/1	gi|2463378371|dbj|AP027461.1|	93.878	49	3	0	12	60	1299629	1299677	7.91e-09	75.0	511145	N/A
72_8_1130_1704_29254/1	gi|2463378371|dbj|AP027461.1|	95.652	46	2	0	15	60	1628404	1628359	7.91e-09	75.0	511145	N/A
72_8_1130_1704_29254/1	gi|2560502367|emb|OY629453.1|	100.000	39	0	0	12	50	5915	5953	2.84e-08	73.1	2697049	N/A
72_8_1214_46276_13425/1	gi|2978724457|gb|PV611058.1|	89.147	129	9	4	12	137	295318	295444	2.74e-33	156	3421660	N/A
72_8_1214_46276_13425/1	gi|2978724457|gb|PV611058.1|	90.476	63	2	3	12	71	295781	295842	1.70e-10	80.5	3421660	N/A
72_8_1214_46276_13425/1	gi|2830983252|gb|CP170844.1|	89.362	94	8	1	15	106	4083423	4083330	1.30e-21	117	573	N/A
72_8_1214_46276_13425/1	gi|685042175|emb|LN590700.1|	92.308	52	2	2	6	55	14033950	14033899	2.84e-08	73.1	7962	N/A
72_8_1214_46276_13425/1	gi|685042175|emb|LN590700.1|	92.857	42	1	2	15	54	15778538	15778579	2.21e-04	60.2	7962	N/A
72_8_1214_46276_13425/1	gi|2557643774|emb|OY673254.1|	89.474	57	5	1	5	60	21721	21777	1.02e-07	71.3	2697049	N/A
72_8_1214_46276_13425/1	gi|2565360070|emb|OY632882.1|	97.500	40	1	0	10	49	22461	22500	3.68e-07	69.4	2697049	N/A
72_8_1405_39381_22194/1	gi|2155043183|emb|OV015804.1|	97.500	40	1	0	27	66	29950	29911	3.68e-07	69.4	2697049	N/A
72_8_1405_39381_22194/1	gi|2991388636|dbj|AP040949.1|	97.368	38	1	0	28	65	3527636	3527673	4.76e-06	65.8	573	N/A
72_8_1405_39381_22194/1	gi|2924925013|gb|PQ571295.1|	95.122	41	1	1	25	64	223	263	1.71e-05	63.9	3385244	N/A
72_8_1405_39381_22194/1	gi|2560502367|emb|OY629453.1|	97.297	37	1	0	29	65	5917	5953	1.71e-05	63.9	2697049	N/A
72_8_1405_39381_22194/1	gi|2557638192|emb|OY694677.1|	87.719	57	4	3	20	75	4292	4346	1.71e-05	63.9	2697049	N/A
72_8_2163_25811_21900/1	gi|1810954291|gb|MN727300.2|	100.000	34	0	0	60	93	15253	15286	1.71e-05	63.9	2560319	N/A
72_8_1413_42400_7304/1	gi|2978724457|gb|PV611058.1|	92.473	93	3	3	48	137	295321	295412	1.66e-25	130	3421660	N/A
72_8_1413_42400_7304/1	gi|2978724457|gb|PV611058.1|	91.667	60	1	3	48	104	295784	295842	1.70e-10	80.5	3421660	N/A
72_8_1413_42400_7304/1	gi|2830983252|gb|CP170844.1|	83.696	92	13	1	48	137	4083423	4083332	3.65e-12	86.1	573	N/A
72_8_1413_42400_7304/1	gi|2557643774|emb|OY673254.1|	95.652	46	2	0	48	93	21732	21777	7.91e-09	75.0	2697049	N/A
72_8_1413_42400_7304/1	gi|2463378371|dbj|AP027461.1|	93.878	49	3	0	45	93	1299629	1299677	7.91e-09	75.0	511145	N/A
72_8_1413_42400_7304/1	gi|2463378371|dbj|AP027461.1|	95.652	46	2	0	48	93	1628404	1628359	7.91e-09	75.0	511145	N/A
72_8_1413_42400_7304/1	gi|685043901|emb|LN592426.1|	94.118	51	0	3	39	87	375099	375148	7.91e-09	75.0	7962	N/A
72_8_1230_45596_16731/1	gi|685042161|emb|LN590686.1|	94.444	54	0	3	72	123	20813819	20813871	1.70e-10	80.5	7962	N/A
72_8_1230_45596_16731/1	gi|685042161|emb|LN590686.1|	95.455	44	0	2	82	123	28125758	28125801	3.68e-07	69.4	7962	N/A
72_8_1230_45596_16731/1	gi|685042161|emb|LN590686.1|	95.349	43	0	2	83	123	4545830	4545872	1.32e-06	67.6	7962	N/A
72_8_1230_45596_16731/1	gi|685042161|emb|LN590686.1|	93.617	47	0	3	80	123	6380189	6380235	1.32e-06	67.6	7962	N/A
72_8_1230_45596_16731/1	gi|685042161|emb|LN590686.1|	95.238	42	0	2	84	123	12304839	12304798	4.76e-06	65.8	7962	N/A
72_8_1230_45596_16731/1	gi|685042161|emb|LN590686.1|	95.238	42	0	2	84	123	17091846	17091887	4.76e-06	65.8	7962	N/A
72_8_1230_45596_16731/1	gi|685042161|emb|LN590686.1|	94.872	39	0	2	87	123	12436830	12436868	2.21e-04	60.2	7962	N/A
72_8_1230_45596_16731/1	gi|2978724457|gb|PV611058.1|	90.323	62	2	3	79	137	295316	295376	6.11e-10	78.7	3421660	N/A
72_8_1230_45596_16731/1	gi|2978724457|gb|PV611058.1|	90.323	62	2	3	79	137	295779	295839	6.11e-10	78.7	3421660	N/A
72_8_1230_45596_16731/1	gi|2557643774|emb|OY673254.1|	95.652	46	2	0	84	129	21732	21777	7.91e-09	75.0	2697049	N/A
72_8_1230_45596_16731/1	gi|2463378371|dbj|AP027461.1|	95.652	46	2	0	84	129	1299632	1299677	7.91e-09	75.0	511145	N/A
72_8_1230_45596_16731/1	gi|2463378371|dbj|AP027461.1|	95.652	46	2	0	84	129	1628404	1628359	7.91e-09	75.0	511145	N/A
72_8_1230_45596_16731/1	gi|685046059|emb|LN594584.1|	92.593	54	1	3	72	123	7181	7129	7.91e-09	75.0	7962	N/A
72_8_2125_4933_2709/1	gi|2978724457|gb|PV611058.1|	90.476	126	7	4	15	137	295321	295444	5.90e-35	161	3421660	N/A
72_8_2125_4933_2709/1	gi|2978724457|gb|PV611058.1|	91.667	60	1	3	15	71	295784	295842	1.70e-10	80.5	3421660	N/A
72_8_2125_4933_2709/1	gi|2830983252|gb|CP170844.1|	89.362	94	8	1	15	106	4083423	4083330	1.30e-21	117	573	N/A
72_8_2125_4933_2709/1	gi|685042206|emb|LN590731.1|	95.918	49	0	2	9	55	347604	347652	6.11e-10	78.7	7962	N/A
72_8_2125_4933_2709/1	gi|2557643774|emb|OY673254.1|	92.593	54	3	1	8	60	21724	21777	2.20e-09	76.8	2697049	N/A
72_8_2125_4933_2709/1	gi|2463378371|dbj|AP027461.1|	95.652	46	2	0	15	60	1299632	1299677	7.91e-09	75.0	511145	N/A
72_8_2125_4933_2709/1	gi|2463378371|dbj|AP027461.1|	95.652	46	2	0	15	60	1628404	1628359	7.91e-09	75.0	511145	N/A
72_8_2182_35311_25009/1	gi|2978724457|gb|PV611058.1|	89.683	126	8	4	15	137	295321	295444	2.74e-33	156	3421660	N/A
72_8_2182_35311_25009/1	gi|2978724457|gb|PV611058.1|	91.667	60	1	3	15	71	295784	295842	1.70e-10	80.5	3421660	N/A
72_8_2182_35311_25009/1	gi|2830983252|gb|CP170844.1|	88.421	95	8	2	15	107	4083423	4083330	6.03e-20	111	573	N/A
72_8_2182_35311_25009/1	gi|685042185|emb|LN590710.1|	97.727	44	1	0	5	48	9162079	9162122	2.20e-09	76.8	7962	N/A
72_8_2182_35311_25009/1	gi|685042185|emb|LN590710.1|	95.238	42	0	2	15	54	3790452	3790411	4.76e-06	65.8	7962	N/A
72_8_2182_35311_25009/1	gi|685042185|emb|LN590710.1|	95.238	42	0	2	15	54	6008694	6008735	4.76e-06	65.8	7962	N/A
72_8_2182_35311_25009/1	gi|685042185|emb|LN590710.1|	95.238	42	0	2	15	54	10218503	10218544	4.76e-06	65.8	7962	N/A
72_8_2182_35311_25009/1	gi|2557643774|emb|OY673254.1|	95.652	46	2	0	15	60	21732	21777	7.91e-09	75.0	2697049	N/A
72_8_2182_35311_25009/1	gi|2463378371|dbj|AP027461.1|	95.652	46	2	0	15	60	1299632	1299677	7.91e-09	75.0	511145	N/A
72_8_2182_35311_25009/1	gi|2463378371|dbj|AP027461.1|	95.652	46	2	0	15	60	1628404	1628359	7.91e-09	75.0	511145	N/A
72_8_1390_5386_22992/1	gi|2978724457|gb|PV611058.1|	91.228	57	1	3	84	137	295321	295376	7.91e-09	75.0	3421660	N/A
72_8_1390_5386_22992/1	gi|2978724457|gb|PV611058.1|	91.228	57	1	3	84	137	295784	295839	7.91e-09	75.0	3421660	N/A
72_8_1390_5386_22992/1	gi|2557643774|emb|OY673254.1|	95.652	46	2	0	84	129	21732	21777	7.91e-09	75.0	2697049	N/A
72_8_1390_5386_22992/1	gi|2463378371|dbj|AP027461.1|	93.878	49	3	0	81	129	1299629	1299677	7.91e-09	75.0	511145	N/A
72_8_1390_5386_22992/1	gi|2463378371|dbj|AP027461.1|	95.652	46	2	0	84	129	1628404	1628359	7.91e-09	75.0	511145	N/A
72_8_1390_5386_22992/1	gi|685049067|emb|LN597579.1|	100.000	40	0	0	79	118	1397	1436	7.91e-09	75.0	7962	N/A
72_8_1390_5386_22992/1	gi|685043901|emb|LN592426.1|	94.118	51	0	3	75	123	375099	375148	7.91e-09	75.0	7962	N/A
72_8_2408_42821_18118/1	gi|685042175|emb|LN590700.1|	94.231	52	1	2	75	124	14033950	14033899	6.11e-10	78.7	7962	N/A
72_8_2408_42821_18118/1	gi|685042175|emb|LN590700.1|	95.349	43	0	2	83	123	15778537	15778579	1.32e-06	67.6	7962	N/A
72_8_2408_42821_18118/1	gi|2557643774|emb|OY673254.1|	91.228	57	4	1	74	129	21721	21777	2.20e-09	76.8	2697049	N/A
72_8_2408_42821_18118/1	gi|685042242|emb|LN590767.1|	95.833	48	0	2	78	123	603262	603215	2.20e-09	76.8	7962	N/A
72_8_2408_42821_18118/1	gi|2463378371|dbj|AP027461.1|	95.652	46	2	0	84	129	1299632	1299677	7.91e-09	75.0	511145	N/A
72_8_2408_42821_18118/1	gi|2463378371|dbj|AP027461.1|	95.652	46	2	0	84	129	1628404	1628359	7.91e-09	75.0	511145	N/A
72_8_2408_42821_18118/1	gi|685047575|emb|LN596087.1|	95.652	46	0	2	81	124	6214	6169	2.84e-08	73.1	7962	N/A
72_8_2215_13899_16437/1	gi|2978724457|gb|PV611058.1|	87.640	89	7	3	52	137	295320	295407	1.30e-16	100	3421660	N/A
72_8_2215_13899_16437/1	gi|2978724457|gb|PV611058.1|	91.803	61	1	3	52	109	295783	295842	4.72e-11	82.4	3421660	N/A
72_8_2215_13899_16437/1	gi|2830983252|gb|CP170844.1|	84.091	88	11	2	53	137	4083423	4083336	4.72e-11	82.4	573	N/A
72_8_2215_13899_16437/1	gi|2557643774|emb|OY673254.1|	95.652	46	2	0	53	98	21732	21777	7.91e-09	75.0	2697049	N/A
72_8_2215_13899_16437/1	gi|2463378371|dbj|AP027461.1|	95.652	46	2	0	53	98	1299632	1299677	7.91e-09	75.0	511145	N/A
72_8_2215_13899_16437/1	gi|2463378371|dbj|AP027461.1|	95.652	46	2	0	53	98	1628404	1628359	7.91e-09	75.0	511145	N/A
72_8_2215_13899_16437/1	gi|685042161|emb|LN590686.1|	92.593	54	1	3	41	92	20813819	20813871	7.91e-09	75.0	7962	N/A
72_8_2215_13899_16437/1	gi|685042161|emb|LN590686.1|	95.556	45	0	2	50	92	6380191	6380235	1.02e-07	71.3	7962	N/A
72_8_2215_13899_16437/1	gi|685042161|emb|LN590686.1|	95.238	42	0	2	53	92	4545831	4545872	4.76e-06	65.8	7962	N/A
72_8_2215_13899_16437/1	gi|685042161|emb|LN590686.1|	95.238	42	0	2	53	92	12304839	12304798	4.76e-06	65.8	7962	N/A
72_8_2215_13899_16437/1	gi|685042161|emb|LN590686.1|	95.238	42	0	2	53	92	17091846	17091887	4.76e-06	65.8	7962	N/A
72_8_2215_13899_16437/1	gi|685042161|emb|LN590686.1|	95.238	42	0	2	53	92	28125760	28125801	4.76e-06	65.8	7962	N/A
72_8_2215_13899_16437/1	gi|685042161|emb|LN590686.1|	94.872	39	0	2	56	92	12436830	12436868	2.21e-04	60.2	7962	N/A
72_8_2159_46276_6897/1	gi|2978724457|gb|PV611058.1|	91.045	67	2	3	67	130	295316	295381	1.02e-12	87.9	3421660	N/A
72_8_2159_46276_6897/1	gi|2978724457|gb|PV611058.1|	90.769	65	2	3	67	128	295779	295842	1.31e-11	84.2	3421660	N/A
72_8_2159_46276_6897/1	gi|685042161|emb|LN590686.1|	94.231	52	0	3	62	111	20813821	20813871	2.20e-09	76.8	7962	N/A
72_8_2159_46276_6897/1	gi|685042161|emb|LN590686.1|	95.349	43	0	2	71	111	6380193	6380235	1.32e-06	67.6	7962	N/A
72_8_2159_46276_6897/1	gi|685042161|emb|LN590686.1|	95.238	42	0	2	72	111	4545831	4545872	4.76e-06	65.8	7962	N/A
72_8_2159_46276_6897/1	gi|685042161|emb|LN590686.1|	95.238	42	0	2	72	111	12304839	12304798	4.76e-06	65.8	7962	N/A
72_8_2159_46276_6897/1	gi|685042161|emb|LN590686.1|	95.238	42	0	2	72	111	17091846	17091887	4.76e-06	65.8	7962	N/A
72_8_2159_46276_6897/1	gi|685042161|emb|LN590686.1|	95.238	42	0	2	72	111	28125760	28125801	4.76e-06	65.8	7962	N/A
72_8_2159_46276_6897/1	gi|685042161|emb|LN590686.1|	94.872	39	0	2	75	111	12436830	12436868	2.21e-04	60.2	7962	N/A
72_8_2159_46276_6897/1	gi|2557643774|emb|OY673254.1|	95.652	46	2	0	72	117	21732	21777	7.91e-09	75.0	2697049	N/A
72_8_2159_46276_6897/1	gi|2557638192|emb|OY694677.1|	91.228	57	2	3	62	117	4292	4346	7.91e-09	75.0	2697049	N/A
72_8_2159_46276_6897/1	gi|2463378371|dbj|AP027461.1|	95.652	46	2	0	72	117	1299632	1299677	7.91e-09	75.0	511145	N/A
72_8_2159_46276_6897/1	gi|2463378371|dbj|AP027461.1|	95.652	46	2	0	72	117	1628404	1628359	7.91e-09	75.0	511145	N/A
72_8_1331_31346_17697/1	gi|2978724457|gb|PV611058.1|	89.313	131	1	6	1	128	295324	295444	3.55e-32	152	3421660	N/A
72_8_1331_31346_17697/1	gi|2978724457|gb|PV611058.1|	91.525	59	1	3	1	56	295787	295844	6.11e-10	78.7	3421660	N/A
72_8_1331_31346_17697/1	gi|2830983252|gb|CP170844.1|	88.172	93	7	3	1	91	4083420	4083330	7.79e-19	108	573	N/A
72_8_1331_31346_17697/1	gi|2557643774|emb|OY673254.1|	95.349	43	2	0	1	43	21735	21777	3.68e-07	69.4	2697049	N/A
72_8_1331_31346_17697/1	gi|2463378371|dbj|AP027461.1|	95.349	43	2	0	1	43	1299635	1299677	3.68e-07	69.4	511145	N/A
72_8_1331_31346_17697/1	gi|2463378371|dbj|AP027461.1|	95.349	43	2	0	1	43	1628401	1628359	3.68e-07	69.4	511145	N/A
72_8_1331_31346_17697/1	gi|2755084441|gb|PP943425.1|	93.182	44	1	2	1	43	67822	67780	1.71e-05	63.9	10258	N/A
72_8_1331_31346_17697/1	gi|2755084441|gb|PP943425.1|	93.023	43	1	2	1	42	67594	67635	6.15e-05	62.1	10258	N/A
72_8_2320_38321_29352/1	gi|2978724457|gb|PV611058.1|	87.097	93	8	3	48	137	295321	295412	3.63e-17	102	3421660	N/A
72_8_2320_38321_29352/1	gi|2978724457|gb|PV611058.1|	91.667	60	1	3	48	104	295784	295842	1.70e-10	80.5	3421660	N/A
72_8_2320_38321_29352/1	gi|2830983252|gb|CP170844.1|	87.097	93	9	2	48	137	4083423	4083331	3.63e-17	102	573	N/A
72_8_2320_38321_29352/1	gi|2557643774|emb|OY673254.1|	95.652	46	2	0	48	93	21732	21777	7.91e-09	75.0	2697049	N/A
72_8_2320_38321_29352/1	gi|2463378371|dbj|AP027461.1|	92.453	53	2	2	43	93	1299625	1299677	7.91e-09	75.0	511145	N/A
72_8_2320_38321_29352/1	gi|2463378371|dbj|AP027461.1|	95.652	46	2	0	48	93	1628404	1628359	7.91e-09	75.0	511145	N/A
72_8_2320_38321_29352/1	gi|2560502367|emb|OY629453.1|	100.000	38	0	0	46	83	5916	5953	1.02e-07	71.3	2697049	N/A
72_8_2439_11908_9461/1	gi|2978724457|gb|PV611058.1|	92.188	64	1	3	75	135	295321	295383	1.02e-12	87.9	3421660	N/A
72_8_2439_11908_9461/1	gi|2978724457|gb|PV611058.1|	91.667	60	1	3	75	131	295784	295842	1.70e-10	80.5	3421660	N/A
72_8_2439_11908_9461/1	gi|2557643774|emb|OY673254.1|	95.652	46	2	0	75	120	21732	21777	7.91e-09	75.0	2697049	N/A
72_8_2439_11908_9461/1	gi|2463378371|dbj|AP027461.1|	95.652	46	2	0	75	120	1299632	1299677	7.91e-09	75.0	511145	N/A
72_8_2439_11908_9461/1	gi|2463378371|dbj|AP027461.1|	95.652	46	2	0	75	120	1628404	1628359	7.91e-09	75.0	511145	N/A
72_8_2439_11908_9461/1	gi|2165836832|emb|OV197136.1|	92.593	54	1	3	68	120	122	71	7.91e-09	75.0	2697049	N/A
72_8_2439_11908_9461/1	gi|2165834303|emb|OV196009.1|	92.453	53	3	1	68	120	121	70	7.91e-09	75.0	2697049	N/A
72_8_2439_11908_9461/1	gi|2165834303|emb|OV196009.1|	97.500	40	1	0	75	114	29912	29951	3.68e-07	69.4	2697049	N/A
72_8_1380_38532_26102/1	gi|2978724457|gb|PV611058.1|	93.137	102	3	3	39	137	295319	295419	1.65e-30	147	3421660	N/A
72_8_1380_38532_26102/1	gi|2978724457|gb|PV611058.1|	91.935	62	1	3	39	97	295782	295842	1.31e-11	84.2	3421660	N/A
72_8_1380_38532_26102/1	gi|2830983252|gb|CP170844.1|	84.043	94	11	2	41	130	4083423	4083330	1.02e-12	87.9	573	N/A
72_8_1380_38532_26102/1	gi|2557643774|emb|OY673254.1|	92.982	57	3	1	31	86	21721	21777	4.72e-11	82.4	2697049	N/A
72_8_1380_38532_26102/1	gi|685042175|emb|LN590700.1|	94.231	52	1	2	32	81	14033950	14033899	6.11e-10	78.7	7962	N/A
72_8_1380_38532_26102/1	gi|685042175|emb|LN590700.1|	95.238	42	0	2	41	80	15778538	15778579	4.76e-06	65.8	7962	N/A
72_8_1380_38532_26102/1	gi|2560250289|emb|OY708460.1|	94.000	50	1	2	38	86	6487	6535	7.91e-09	75.0	2697049	N/A
72_8_1120_40959_1504/1	gi|2805792360|gb|PQ124709.1|	100.000	60	0	0	2	61	12991	12932	6.03e-20	111	113209	N/A
72_8_1120_40959_1504/1	gi|2805792263|gb|PQ124708.1|	100.000	60	0	0	2	61	12990	12931	6.03e-20	111	197811	N/A
72_8_1120_40959_1504/1	gi|2805792167|gb|PQ124707.1|	100.000	60	0	0	2	61	12990	12931	6.03e-20	111	29818	N/A
72_8_1120_40959_1504/1	gi|2805792070|gb|PQ124706.1|	100.000	60	0	0	2	61	13030	12971	6.03e-20	111	197796	N/A
72_8_1120_40959_1504/1	gi|2724828596|ref|NC_088481.1|	100.000	60	0	0	2	61	12996	12937	6.03e-20	111	113209	N/A
72_8_2319_47660_15512/1	gi|2978724457|gb|PV611058.1|	92.063	126	5	4	15	137	295321	295444	2.73e-38	172	3421660	N/A
72_8_2319_47660_15512/1	gi|2978724457|gb|PV611058.1|	91.667	60	1	3	15	71	295784	295842	1.70e-10	80.5	3421660	N/A
72_8_2319_47660_15512/1	gi|2830983252|gb|CP170844.1|	85.106	94	11	2	15	105	4083423	4083330	2.18e-14	93.5	573	N/A
72_8_2319_47660_15512/1	gi|685042185|emb|LN590710.1|	97.778	45	1	0	4	48	9162078	9162122	6.11e-10	78.7	7962	N/A
72_8_2319_47660_15512/1	gi|685042185|emb|LN590710.1|	95.238	42	0	2	15	54	3790452	3790411	4.76e-06	65.8	7962	N/A
72_8_2319_47660_15512/1	gi|685042185|emb|LN590710.1|	95.238	42	0	2	15	54	6008694	6008735	4.76e-06	65.8	7962	N/A
72_8_2319_47660_15512/1	gi|685042185|emb|LN590710.1|	95.238	42	0	2	15	54	10218503	10218544	4.76e-06	65.8	7962	N/A
72_8_2319_47660_15512/1	gi|2557643774|emb|OY673254.1|	95.652	46	2	0	15	60	21732	21777	7.91e-09	75.0	2697049	N/A
72_8_2319_47660_15512/1	gi|2463378371|dbj|AP027461.1|	95.652	46	2	0	15	60	1299632	1299677	7.91e-09	75.0	511145	N/A
72_8_2319_47660_15512/1	gi|2463378371|dbj|AP027461.1|	95.652	46	2	0	15	60	1628404	1628359	7.91e-09	75.0	511145	N/A
72_8_2268_7870_15134/1	gi|2978724457|gb|PV611058.1|	92.188	128	4	5	13	137	295320	295444	2.11e-39	176	3421660	N/A
72_8_2268_7870_15134/1	gi|2978724457|gb|PV611058.1|	90.164	61	2	3	13	70	295783	295842	2.20e-09	76.8	3421660	N/A
72_8_2268_7870_15134/1	gi|2830983252|gb|CP170844.1|	83.871	93	12	2	16	106	4083421	4083330	3.65e-12	86.1	573	N/A
72_8_2268_7870_15134/1	gi|2557643774|emb|OY673254.1|	95.455	44	2	0	16	59	21734	21777	1.02e-07	71.3	2697049	N/A
72_8_2268_7870_15134/1	gi|2463378371|dbj|AP027461.1|	95.455	44	2	0	16	59	1299634	1299677	1.02e-07	71.3	511145	N/A
72_8_2268_7870_15134/1	gi|2463378371|dbj|AP027461.1|	95.455	44	2	0	16	59	1628402	1628359	1.02e-07	71.3	511145	N/A
72_8_2268_7870_15134/1	gi|685042206|emb|LN590731.1|	93.878	49	0	3	9	54	347604	347652	1.02e-07	71.3	7962	N/A
72_8_1279_31257_27096/1	gi|2978724457|gb|PV611058.1|	90.476	126	7	4	15	137	295321	295444	5.90e-35	161	3421660	N/A
72_8_1279_31257_27096/1	gi|2978724457|gb|PV611058.1|	91.667	60	1	3	15	71	295784	295842	1.70e-10	80.5	3421660	N/A
72_8_1279_31257_27096/1	gi|2830983252|gb|CP170844.1|	89.362	94	8	1	15	106	4083423	4083330	1.30e-21	117	573	N/A
72_8_1279_31257_27096/1	gi|2557643774|emb|OY673254.1|	95.652	46	2	0	15	60	21732	21777	7.91e-09	75.0	2697049	N/A
72_8_1279_31257_27096/1	gi|2463378371|dbj|AP027461.1|	95.652	46	2	0	15	60	1299632	1299677	7.91e-09	75.0	511145	N/A
72_8_1279_31257_27096/1	gi|2463378371|dbj|AP027461.1|	95.652	46	2	0	15	60	1628404	1628359	7.91e-09	75.0	511145	N/A
72_8_1279_31257_27096/1	gi|2155043183|emb|OV015804.1|	100.000	40	0	0	12	51	29950	29911	7.91e-09	75.0	2697049	N/A
72_8_2280_35651_26382/1	gi|2557643774|emb|OY673254.1|	95.652	46	2	0	92	137	21732	21777	7.91e-09	75.0	2697049	N/A
72_8_2280_35651_26382/1	gi|2463378371|dbj|AP027461.1|	93.878	49	3	0	89	137	1299629	1299677	7.91e-09	75.0	511145	N/A
72_8_2280_35651_26382/1	gi|2463378371|dbj|AP027461.1|	95.652	46	2	0	92	137	1628404	1628359	7.91e-09	75.0	511145	N/A
72_8_2280_35651_26382/1	gi|685047827|emb|LN596339.1|	94.000	50	1	2	84	131	601778	601827	7.91e-09	75.0	7962	N/A
72_8_2280_35651_26382/1	gi|685042149|emb|LN590674.1|	95.745	47	0	2	87	131	7527030	7527076	7.91e-09	75.0	7962	N/A
72_8_2280_35651_26382/1	gi|685042149|emb|LN590674.1|	95.349	43	0	1	92	132	13172347	13172305	1.32e-06	67.6	7962	N/A
72_8_2280_35651_26382/1	gi|685043901|emb|LN592426.1|	94.000	50	0	3	84	131	375100	375148	2.84e-08	73.1	7962	N/A
72_8_2240_9416_28483/1	gi|2978724457|gb|PV611058.1|	91.667	60	3	2	80	137	295784	295843	4.72e-11	82.4	3421660	N/A
72_8_2240_9416_28483/1	gi|2978724457|gb|PV611058.1|	91.525	59	3	2	80	136	295321	295379	1.70e-10	80.5	3421660	N/A
72_8_2240_9416_28483/1	gi|2557643774|emb|OY673254.1|	95.652	46	2	0	80	125	21732	21777	7.91e-09	75.0	2697049	N/A
72_8_2240_9416_28483/1	gi|2830983252|gb|CP170844.1|	88.525	61	5	1	79	137	4083424	4083364	2.84e-08	73.1	573	N/A
72_8_2240_9416_28483/1	gi|780644672|ref|XM_011690559.1|	95.556	45	2	0	73	117	1031	1075	2.84e-08	73.1	64793	N/A
72_8_2240_9416_28483/1	gi|2924925013|gb|PQ571295.1|	100.000	38	0	0	77	114	226	263	1.02e-07	71.3	3385244	N/A
72_8_2334_44261_8368/1	gi|2978724457|gb|PV611058.1|	90.476	126	7	4	15	137	295321	295444	5.90e-35	161	3421660	N/A
72_8_2334_44261_8368/1	gi|2978724457|gb|PV611058.1|	91.667	60	1	3	15	71	295784	295842	1.70e-10	80.5	3421660	N/A
72_8_2334_44261_8368/1	gi|2830983252|gb|CP170844.1|	89.362	94	7	2	15	105	4083423	4083330	4.66e-21	115	573	N/A
72_8_2334_44261_8368/1	gi|2557643774|emb|OY673254.1|	95.652	46	2	0	15	60	21732	21777	7.91e-09	75.0	2697049	N/A
72_8_2334_44261_8368/1	gi|2463378371|dbj|AP027461.1|	95.652	46	2	0	15	60	1299632	1299677	7.91e-09	75.0	511145	N/A
72_8_2334_44261_8368/1	gi|2463378371|dbj|AP027461.1|	95.652	46	2	0	15	60	1628404	1628359	7.91e-09	75.0	511145	N/A
72_8_2334_44261_8368/1	gi|780644672|ref|XM_011690559.1|	97.619	42	1	0	8	49	1031	1072	2.84e-08	73.1	64793	N/A
72_8_1356_14037_2247/1	gi|2978724457|gb|PV611058.1|	91.729	133	4	5	10	137	295314	295444	5.86e-40	178	3421660	N/A
72_8_1356_14037_2247/1	gi|2978724457|gb|PV611058.1|	89.552	67	1	4	10	71	295777	295842	1.70e-10	80.5	3421660	N/A
72_8_1356_14037_2247/1	gi|2830983252|gb|CP170844.1|	86.170	94	10	2	15	105	4083423	4083330	4.69e-16	99.0	573	N/A
72_8_1356_14037_2247/1	gi|685042185|emb|LN590710.1|	100.000	45	0	0	4	48	9162078	9162122	1.31e-11	84.2	7962	N/A
72_8_1356_14037_2247/1	gi|685042185|emb|LN590710.1|	95.238	42	0	2	15	54	3790452	3790411	4.76e-06	65.8	7962	N/A
72_8_1356_14037_2247/1	gi|685042185|emb|LN590710.1|	95.238	42	0	2	15	54	6008694	6008735	4.76e-06	65.8	7962	N/A
72_8_1356_14037_2247/1	gi|685042185|emb|LN590710.1|	95.238	42	0	2	15	54	10218503	10218544	4.76e-06	65.8	7962	N/A
72_8_1356_14037_2247/1	gi|2524352013|emb|OY072335.1|	97.727	44	1	0	5	48	21648	21691	2.20e-09	76.8	2697049	N/A
72_8_1356_14037_2247/1	gi|2557643774|emb|OY673254.1|	95.652	46	2	0	15	60	21732	21777	7.91e-09	75.0	2697049	N/A
72_8_1327_13948_11002/1	gi|2978724457|gb|PV611058.1|	91.228	57	1	3	84	137	295321	295376	7.91e-09	75.0	3421660	N/A
72_8_1327_13948_11002/1	gi|2978724457|gb|PV611058.1|	91.228	57	1	3	84	137	295784	295839	7.91e-09	75.0	3421660	N/A
72_8_1327_13948_11002/1	gi|2557643774|emb|OY673254.1|	95.652	46	2	0	84	129	21732	21777	7.91e-09	75.0	2697049	N/A
72_8_1327_13948_11002/1	gi|2463378371|dbj|AP027461.1|	95.652	46	2	0	84	129	1299632	1299677	7.91e-09	75.0	511145	N/A
72_8_1327_13948_11002/1	gi|2463378371|dbj|AP027461.1|	95.652	46	2	0	84	129	1628404	1628359	7.91e-09	75.0	511145	N/A
72_8_1327_13948_11002/1	gi|685042161|emb|LN590686.1|	92.593	54	1	3	72	123	20813819	20813871	7.91e-09	75.0	7962	N/A
72_8_1327_13948_11002/1	gi|685042161|emb|LN590686.1|	95.349	43	0	2	83	123	4545830	4545872	1.32e-06	67.6	7962	N/A
72_8_1327_13948_11002/1	gi|685042161|emb|LN590686.1|	95.349	43	0	2	83	123	28125759	28125801	1.32e-06	67.6	7962	N/A
72_8_1327_13948_11002/1	gi|685042161|emb|LN590686.1|	95.238	42	0	2	84	123	6380194	6380235	4.76e-06	65.8	7962	N/A
72_8_1327_13948_11002/1	gi|685042161|emb|LN590686.1|	95.238	42	0	2	84	123	12304839	12304798	4.76e-06	65.8	7962	N/A
72_8_1327_13948_11002/1	gi|685042161|emb|LN590686.1|	95.238	42	0	2	84	123	17091846	17091887	4.76e-06	65.8	7962	N/A
72_8_1327_13948_11002/1	gi|685042161|emb|LN590686.1|	94.872	39	0	2	87	123	12436830	12436868	2.21e-04	60.2	7962	N/A
72_8_1327_13948_11002/1	gi|2557648311|emb|OY677105.1|	97.674	43	0	1	77	118	9636	9678	2.84e-08	73.1	2697049	N/A
72_8_1122_25576_2751/1	gi|2978724457|gb|PV611058.1|	91.791	134	5	5	8	137	295313	295444	4.53e-41	182	3421660	N/A
72_8_1122_25576_2751/1	gi|2978724457|gb|PV611058.1|	89.706	68	2	4	8	71	295776	295842	4.72e-11	82.4	3421660	N/A
72_8_1122_25576_2751/1	gi|2830983252|gb|CP170844.1|	86.170	94	9	2	15	104	4083423	4083330	4.69e-16	99.0	573	N/A
72_8_1122_25576_2751/1	gi|685042161|emb|LN590686.1|	94.231	52	0	3	5	54	20813821	20813871	2.20e-09	76.8	7962	N/A
72_8_1122_25576_2751/1	gi|685042161|emb|LN590686.1|	95.455	44	0	2	13	54	6380192	6380235	3.68e-07	69.4	7962	N/A
72_8_1122_25576_2751/1	gi|685042161|emb|LN590686.1|	95.238	42	0	2	15	54	4545831	4545872	4.76e-06	65.8	7962	N/A
72_8_1122_25576_2751/1	gi|685042161|emb|LN590686.1|	95.238	42	0	2	15	54	12304839	12304798	4.76e-06	65.8	7962	N/A
72_8_1122_25576_2751/1	gi|685042161|emb|LN590686.1|	90.385	52	2	3	5	54	17091837	17091887	4.76e-06	65.8	7962	N/A
72_8_1122_25576_2751/1	gi|685042161|emb|LN590686.1|	95.238	42	0	2	15	54	28125760	28125801	4.76e-06	65.8	7962	N/A
72_8_1122_25576_2751/1	gi|685042161|emb|LN590686.1|	94.872	39	0	2	18	54	12436830	12436868	2.21e-04	60.2	7962	N/A
72_8_1122_25576_2751/1	gi|2557643774|emb|OY673254.1|	95.652	46	2	0	15	60	21732	21777	7.91e-09	75.0	2697049	N/A
72_8_1122_25576_2751/1	gi|2463378371|dbj|AP027461.1|	95.652	46	2	0	15	60	1299632	1299677	7.91e-09	75.0	511145	N/A
72_8_1122_25576_2751/1	gi|2463378371|dbj|AP027461.1|	95.652	46	2	0	15	60	1628404	1628359	7.91e-09	75.0	511145	N/A
72_8_1216_17152_7135/1	gi|2830983252|gb|CP170844.1|	87.671	73	7	1	67	137	4083423	4083351	1.31e-11	84.2	573	N/A
72_8_1216_17152_7135/1	gi|2978724457|gb|PV611058.1|	89.552	67	3	3	62	125	295779	295844	4.72e-11	82.4	3421660	N/A
72_8_1216_17152_7135/1	gi|2978724457|gb|PV611058.1|	90.476	63	2	3	62	121	295316	295377	1.70e-10	80.5	3421660	N/A
72_8_1216_17152_7135/1	gi|685042161|emb|LN590686.1|	94.444	54	0	3	55	106	20813819	20813871	1.70e-10	80.5	7962	N/A
72_8_1216_17152_7135/1	gi|685042161|emb|LN590686.1|	95.455	44	0	2	65	106	28125758	28125801	3.68e-07	69.4	7962	N/A
72_8_1216_17152_7135/1	gi|685042161|emb|LN590686.1|	95.349	43	0	2	66	106	4545830	4545872	1.32e-06	67.6	7962	N/A
72_8_1216_17152_7135/1	gi|685042161|emb|LN590686.1|	93.617	47	0	3	63	106	6380189	6380235	1.32e-06	67.6	7962	N/A
72_8_1216_17152_7135/1	gi|685042161|emb|LN590686.1|	95.238	42	0	2	67	106	12304839	12304798	4.76e-06	65.8	7962	N/A
72_8_1216_17152_7135/1	gi|685042161|emb|LN590686.1|	95.238	42	0	2	67	106	17091846	17091887	4.76e-06	65.8	7962	N/A
72_8_1216_17152_7135/1	gi|685042161|emb|LN590686.1|	94.872	39	0	2	70	106	12436830	12436868	2.21e-04	60.2	7962	N/A
72_8_1216_17152_7135/1	gi|2557643774|emb|OY673254.1|	95.652	46	2	0	67	112	21732	21777	7.91e-09	75.0	2697049	N/A
72_8_1216_17152_7135/1	gi|2463378371|dbj|AP027461.1|	95.652	46	2	0	67	112	1299632	1299677	7.91e-09	75.0	511145	N/A
72_8_1216_17152_7135/1	gi|2463378371|dbj|AP027461.1|	95.652	46	2	0	67	112	1628404	1628359	7.91e-09	75.0	511145	N/A
72_8_1218_19046_2681/1	gi|2978724457|gb|PV611058.1|	92.969	128	4	4	13	137	295319	295444	4.53e-41	182	3421660	N/A
72_8_1218_19046_2681/1	gi|2978724457|gb|PV611058.1|	91.935	62	1	3	13	71	295782	295842	1.31e-11	84.2	3421660	N/A
72_8_1218_19046_2681/1	gi|2830983252|gb|CP170844.1|	86.170	94	9	2	15	104	4083423	4083330	4.69e-16	99.0	573	N/A
72_8_1218_19046_2681/1	gi|2557643774|emb|OY673254.1|	92.593	54	3	1	8	60	21724	21777	2.20e-09	76.8	2697049	N/A
72_8_1218_19046_2681/1	gi|2560250289|emb|OY708460.1|	94.000	50	1	2	12	60	6487	6535	7.91e-09	75.0	2697049	N/A
72_8_1218_19046_2681/1	gi|2463378371|dbj|AP027461.1|	95.652	46	2	0	15	60	1299632	1299677	7.91e-09	75.0	511145	N/A
72_8_1218_19046_2681/1	gi|2463378371|dbj|AP027461.1|	95.652	46	2	0	15	60	1628404	1628359	7.91e-09	75.0	511145	N/A
72_8_1301_30148_8564/1	gi|2978724457|gb|PV611058.1|	89.831	59	2	3	82	137	295320	295377	2.84e-08	73.1	3421660	N/A
72_8_1301_30148_8564/1	gi|2978724457|gb|PV611058.1|	89.831	59	2	3	82	137	295783	295840	2.84e-08	73.1	3421660	N/A
72_8_1301_30148_8564/1	gi|685042175|emb|LN590700.1|	92.308	52	2	2	74	123	14033950	14033899	2.84e-08	73.1	7962	N/A
72_8_1301_30148_8564/1	gi|685042175|emb|LN590700.1|	95.000	40	0	2	85	122	15778540	15778579	6.15e-05	62.1	7962	N/A
72_8_1301_30148_8564/1	gi|2557643774|emb|OY673254.1|	95.455	44	2	0	85	128	21734	21777	1.02e-07	71.3	2697049	N/A
72_8_1301_30148_8564/1	gi|2463378371|dbj|AP027461.1|	95.455	44	2	0	85	128	1299634	1299677	1.02e-07	71.3	511145	N/A
72_8_1301_30148_8564/1	gi|2463378371|dbj|AP027461.1|	95.455	44	2	0	85	128	1628402	1628359	1.02e-07	71.3	511145	N/A
72_8_1301_30148_8564/1	gi|1973745234|dbj|LC529901.1|	97.561	41	1	0	77	117	11759	11719	1.02e-07	71.3	76106	N/A
72_8_1301_30148_8564/1	gi|1973745234|dbj|LC529901.1|	100.000	33	0	0	85	117	117101	117133	6.15e-05	62.1	76106	N/A
72_8_1301_30148_8564/1	gi|1973745234|dbj|LC529901.1|	100.000	33	0	0	85	117	164423	164455	6.15e-05	62.1	76106	N/A
72_8_1181_43500_11814/1	gi|2978724457|gb|PV611058.1|	93.651	126	3	4	15	137	295321	295444	1.26e-41	183	3421660	N/A
72_8_1181_43500_11814/1	gi|2978724457|gb|PV611058.1|	91.667	60	1	3	15	71	295784	295842	1.70e-10	80.5	3421660	N/A
72_8_1181_43500_11814/1	gi|2830983252|gb|CP170844.1|	85.417	96	10	2	13	104	4083425	4083330	1.69e-15	97.1	573	N/A
72_8_1181_43500_11814/1	gi|1476019893|gb|MH883760.1|	94.000	50	1	1	11	60	58057	58010	7.91e-09	75.0	10376	N/A
72_8_1181_43500_11814/1	gi|1476019893|gb|MH883760.1|	100.000	34	0	0	15	48	88232	88199	1.71e-05	63.9	10376	N/A
72_8_1181_43500_11814/1	gi|2557643774|emb|OY673254.1|	95.652	46	2	0	15	60	21732	21777	7.91e-09	75.0	2697049	N/A
72_8_1181_43500_11814/1	gi|2463378371|dbj|AP027461.1|	95.652	46	2	0	15	60	1299632	1299677	7.91e-09	75.0	511145	N/A
72_8_1181_43500_11814/1	gi|2463378371|dbj|AP027461.1|	95.652	46	2	0	15	60	1628404	1628359	7.91e-09	75.0	511145	N/A
72_8_1122_45443_17613/1	gi|2978724457|gb|PV611058.1|	91.781	73	2	3	68	137	295320	295391	4.69e-16	99.0	3421660	N/A
72_8_1122_45443_17613/1	gi|2978724457|gb|PV611058.1|	91.803	61	1	3	68	125	295783	295842	4.72e-11	82.4	3421660	N/A
72_8_1122_45443_17613/1	gi|2557643774|emb|OY673254.1|	95.652	46	2	0	69	114	21732	21777	7.91e-09	75.0	2697049	N/A
72_8_1122_45443_17613/1	gi|2463378371|dbj|AP027461.1|	93.878	49	3	0	66	114	1299629	1299677	7.91e-09	75.0	511145	N/A
72_8_1122_45443_17613/1	gi|2463378371|dbj|AP027461.1|	95.652	46	2	0	69	114	1628404	1628359	7.91e-09	75.0	511145	N/A
72_8_1122_45443_17613/1	gi|685047827|emb|LN596339.1|	94.000	50	1	2	61	108	601778	601827	7.91e-09	75.0	7962	N/A
72_8_1122_45443_17613/1	gi|685042161|emb|LN590686.1|	92.593	54	1	3	57	108	20813819	20813871	7.91e-09	75.0	7962	N/A
72_8_1122_45443_17613/1	gi|685042161|emb|LN590686.1|	95.455	44	0	2	67	108	6380192	6380235	3.68e-07	69.4	7962	N/A
72_8_1122_45443_17613/1	gi|685042161|emb|LN590686.1|	95.238	42	0	2	69	108	4545831	4545872	4.76e-06	65.8	7962	N/A
72_8_1122_45443_17613/1	gi|685042161|emb|LN590686.1|	95.238	42	0	2	69	108	12304839	12304798	4.76e-06	65.8	7962	N/A
72_8_1122_45443_17613/1	gi|685042161|emb|LN590686.1|	95.238	42	0	2	69	108	17091846	17091887	4.76e-06	65.8	7962	N/A
72_8_1122_45443_17613/1	gi|685042161|emb|LN590686.1|	95.238	42	0	2	69	108	28125760	28125801	4.76e-06	65.8	7962	N/A
72_8_1122_45443_17613/1	gi|685042161|emb|LN590686.1|	94.872	39	0	2	72	108	12436830	12436868	2.21e-04	60.2	7962	N/A
72_8_1171_44277_29632/1	gi|685043901|emb|LN592426.1|	92.000	50	0	4	22	68	375100	375148	1.32e-06	67.6	7962	N/A
72_8_1171_44277_29632/1	gi|685046063|emb|LN594588.1|	93.478	46	0	3	26	68	121372	121417	4.76e-06	65.8	7962	N/A
72_8_1171_44277_29632/1	gi|685042206|emb|LN590731.1|	91.837	49	1	3	24	69	347604	347652	4.76e-06	65.8	7962	N/A
72_8_1171_44277_29632/1	gi|2863125063|dbj|AP038805.1|	90.196	51	2	3	26	74	406644	406595	1.71e-05	63.9	70125	N/A
72_8_1171_44277_29632/1	gi|2560502367|emb|OY629453.1|	97.368	38	0	1	28	64	5916	5953	1.71e-05	63.9	2697049	N/A
72_8_1459_15161_15316/1	gi|2830983252|gb|CP170844.1|	88.000	75	7	1	65	137	4083423	4083349	1.02e-12	87.9	573	N/A
72_8_1459_15161_15316/1	gi|2978724457|gb|PV611058.1|	91.803	61	1	3	65	122	295321	295380	4.72e-11	82.4	3421660	N/A
72_8_1459_15161_15316/1	gi|2978724457|gb|PV611058.1|	91.667	60	1	3	65	121	295784	295842	1.70e-10	80.5	3421660	N/A
72_8_1459_15161_15316/1	gi|2557643774|emb|OY673254.1|	95.652	46	2	0	65	110	21732	21777	7.91e-09	75.0	2697049	N/A
72_8_1459_15161_15316/1	gi|2463378371|dbj|AP027461.1|	95.652	46	2	0	65	110	1299632	1299677	7.91e-09	75.0	511145	N/A
72_8_1459_15161_15316/1	gi|2463378371|dbj|AP027461.1|	95.652	46	2	0	65	110	1628404	1628359	7.91e-09	75.0	511145	N/A
72_8_1459_15161_15316/1	gi|685042161|emb|LN590686.1|	92.593	54	1	3	53	104	20813819	20813871	7.91e-09	75.0	7962	N/A
72_8_1459_15161_15316/1	gi|685042161|emb|LN590686.1|	95.349	43	0	2	64	104	4545830	4545872	1.32e-06	67.6	7962	N/A
72_8_1459_15161_15316/1	gi|685042161|emb|LN590686.1|	95.349	43	0	2	64	104	28125759	28125801	1.32e-06	67.6	7962	N/A
72_8_1459_15161_15316/1	gi|685042161|emb|LN590686.1|	95.238	42	0	2	65	104	6380194	6380235	4.76e-06	65.8	7962	N/A
72_8_1459_15161_15316/1	gi|685042161|emb|LN590686.1|	95.238	42	0	2	65	104	12304839	12304798	4.76e-06	65.8	7962	N/A
72_8_1459_15161_15316/1	gi|685042161|emb|LN590686.1|	95.238	42	0	2	65	104	17091846	17091887	4.76e-06	65.8	7962	N/A
72_8_1459_15161_15316/1	gi|685042161|emb|LN590686.1|	94.872	39	0	2	68	104	12436830	12436868	2.21e-04	60.2	7962	N/A
72_8_2348_9796_24295/1	gi|2524352013|emb|OY072335.1|	97.727	44	1	0	79	122	21648	21691	2.20e-09	76.8	2697049	N/A
72_8_2348_9796_24295/1	gi|2557643774|emb|OY673254.1|	95.652	46	2	0	89	134	21732	21777	7.91e-09	75.0	2697049	N/A
72_8_2348_9796_24295/1	gi|2463378371|dbj|AP027461.1|	95.652	46	2	0	89	134	1299632	1299677	7.91e-09	75.0	511145	N/A
72_8_2348_9796_24295/1	gi|2463378371|dbj|AP027461.1|	95.652	46	2	0	89	134	1628404	1628359	7.91e-09	75.0	511145	N/A
72_8_2348_9796_24295/1	gi|2155043183|emb|OV015804.1|	100.000	40	0	0	86	125	29950	29911	7.91e-09	75.0	2697049	N/A
72_8_2348_9796_24295/1	gi|2557638192|emb|OY694677.1|	89.831	59	3	3	77	134	4290	4346	2.84e-08	73.1	2697049	N/A
72_8_1263_26798_11142/1	gi|2978724457|gb|PV611058.1|	90.000	130	1	7	1	127	295324	295444	7.63e-34	158	3421660	N/A
72_8_1263_26798_11142/1	gi|2978724457|gb|PV611058.1|	91.379	58	1	3	1	55	295787	295843	2.20e-09	76.8	3421660	N/A
72_8_1263_26798_11142/1	gi|2830983252|gb|CP170844.1|	88.043	92	8	2	1	90	4083420	4083330	2.80e-18	106	573	N/A
72_8_1263_26798_11142/1	gi|2557643774|emb|OY673254.1|	95.349	43	2	0	1	43	21735	21777	3.68e-07	69.4	2697049	N/A
72_8_1263_26798_11142/1	gi|2463378371|dbj|AP027461.1|	95.349	43	2	0	1	43	1299635	1299677	3.68e-07	69.4	511145	N/A
72_8_1263_26798_11142/1	gi|2463378371|dbj|AP027461.1|	95.349	43	2	0	1	43	1628401	1628359	3.68e-07	69.4	511145	N/A
72_8_1263_26798_11142/1	gi|2755084441|gb|PP943425.1|	81.111	90	11	5	1	87	67822	67736	1.32e-06	67.6	10258	N/A
72_8_1263_26798_11142/1	gi|2755084441|gb|PP943425.1|	93.023	43	1	2	1	42	67594	67635	6.15e-05	62.1	10258	N/A
72_8_2397_42084_12052/1	gi|2978724457|gb|PV611058.1|	91.228	57	1	3	84	137	295321	295376	7.91e-09	75.0	3421660	N/A
72_8_2397_42084_12052/1	gi|2978724457|gb|PV611058.1|	91.228	57	1	3	84	137	295784	295839	7.91e-09	75.0	3421660	N/A
72_8_2397_42084_12052/1	gi|2557643774|emb|OY673254.1|	95.652	46	2	0	84	129	21732	21777	7.91e-09	75.0	2697049	N/A
72_8_2397_42084_12052/1	gi|2463378371|dbj|AP027461.1|	93.878	49	3	0	81	129	1299629	1299677	7.91e-09	75.0	511145	N/A
72_8_2397_42084_12052/1	gi|2463378371|dbj|AP027461.1|	95.652	46	2	0	84	129	1628404	1628359	7.91e-09	75.0	511145	N/A
72_8_2397_42084_12052/1	gi|685043901|emb|LN592426.1|	94.118	51	0	3	75	123	375099	375148	7.91e-09	75.0	7962	N/A
72_8_2397_42084_12052/1	gi|2560502367|emb|OY629453.1|	100.000	39	0	0	81	119	5915	5953	2.84e-08	73.1	2697049	N/A
72_8_2460_49974_10217/1	gi|2978724457|gb|PV611058.1|	90.476	126	7	4	15	137	295321	295444	5.90e-35	161	3421660	N/A
72_8_2460_49974_10217/1	gi|2978724457|gb|PV611058.1|	91.379	58	1	3	15	69	295784	295840	2.20e-09	76.8	3421660	N/A
72_8_2460_49974_10217/1	gi|2557643774|emb|OY673254.1|	95.652	46	2	0	15	60	21732	21777	7.91e-09	75.0	2697049	N/A
72_8_2460_49974_10217/1	gi|2463378371|dbj|AP027461.1|	95.652	46	2	0	15	60	1299632	1299677	7.91e-09	75.0	511145	N/A
72_8_2460_49974_10217/1	gi|2463378371|dbj|AP027461.1|	95.652	46	2	0	15	60	1628404	1628359	7.91e-09	75.0	511145	N/A
72_8_2460_49974_10217/1	gi|780644672|ref|XM_011690559.1|	97.619	42	1	0	8	49	1031	1072	2.84e-08	73.1	64793	N/A
72_8_2460_49974_10217/1	gi|685042185|emb|LN590710.1|	95.652	46	0	2	4	48	9162078	9162122	2.84e-08	73.1	7962	N/A
72_8_2460_49974_10217/1	gi|685042185|emb|LN590710.1|	95.238	42	0	2	15	54	3790452	3790411	4.76e-06	65.8	7962	N/A
72_8_2460_49974_10217/1	gi|685042185|emb|LN590710.1|	95.238	42	0	2	15	54	6008694	6008735	4.76e-06	65.8	7962	N/A
72_8_2460_49974_10217/1	gi|685042185|emb|LN590710.1|	91.667	48	2	2	9	54	10218497	10218544	4.76e-06	65.8	7962	N/A
72_8_2318_34842_4810/1	gi|2978724457|gb|PV611058.1|	89.683	126	8	4	15	137	295321	295444	2.74e-33	156	3421660	N/A
72_8_2318_34842_4810/1	gi|2978724457|gb|PV611058.1|	91.667	60	1	3	15	71	295784	295842	1.70e-10	80.5	3421660	N/A
72_8_2318_34842_4810/1	gi|2830983252|gb|CP170844.1|	85.417	96	10	3	15	108	4083423	4083330	1.69e-15	97.1	573	N/A
72_8_2318_34842_4810/1	gi|2524352013|emb|OY072335.1|	97.727	44	1	0	5	48	21648	21691	2.20e-09	76.8	2697049	N/A
72_8_2318_34842_4810/1	gi|685044439|emb|LN592964.1|	95.833	48	0	2	9	54	179349	179302	2.20e-09	76.8	7962	N/A
72_8_2318_34842_4810/1	gi|685042148|emb|LN590673.1|	95.833	48	0	2	9	54	9009491	9009538	2.20e-09	76.8	7962	N/A
72_8_2318_34842_4810/1	gi|685042148|emb|LN590673.1|	95.556	45	0	2	12	54	8955770	8955814	1.02e-07	71.3	7962	N/A
72_8_2318_34842_4810/1	gi|685042148|emb|LN590673.1|	93.182	44	2	1	9	51	9322680	9322723	1.71e-05	63.9	7962	N/A
72_8_2226_41324_28161/1	gi|3014747989|dbj|AP041609.1|	100.000	36	0	0	63	98	869010	868975	1.32e-06	67.6	1280	N/A
72_8_2226_41324_28161/1	gi|2719965819|gb|PP582185.1|	97.436	39	0	1	61	98	17842	17880	4.76e-06	65.8	3138323	N/A
72_8_1284_50015_4096/1	gi|2978724457|gb|PV611058.1|	88.506	87	6	3	54	137	295321	295406	3.63e-17	102	3421660	N/A
72_8_1284_50015_4096/1	gi|2978724457|gb|PV611058.1|	91.667	60	1	3	54	110	295784	295842	1.70e-10	80.5	3421660	N/A
72_8_1284_50015_4096/1	gi|2830983252|gb|CP170844.1|	86.364	88	9	2	53	137	4083424	4083337	2.18e-14	93.5	573	N/A
72_8_1284_50015_4096/1	gi|2557643774|emb|OY673254.1|	95.652	46	2	0	54	99	21732	21777	7.91e-09	75.0	2697049	N/A
72_8_1284_50015_4096/1	gi|2463378371|dbj|AP027461.1|	95.652	46	2	0	54	99	1299632	1299677	7.91e-09	75.0	511145	N/A
72_8_1284_50015_4096/1	gi|2463378371|dbj|AP027461.1|	95.652	46	2	0	54	99	1628404	1628359	7.91e-09	75.0	511145	N/A
72_8_1284_50015_4096/1	gi|2924925013|gb|PQ571295.1|	100.000	39	0	0	50	88	225	263	2.84e-08	73.1	3385244	N/A
72_8_2182_46438_12220/1	gi|2978724457|gb|PV611058.1|	91.729	133	4	5	10	137	295314	295444	5.86e-40	178	3421660	N/A
72_8_2182_46438_12220/1	gi|2978724457|gb|PV611058.1|	89.552	67	1	4	10	71	295777	295842	1.70e-10	80.5	3421660	N/A
72_8_2182_46438_12220/1	gi|2830983252|gb|CP170844.1|	86.170	94	11	1	15	106	4083423	4083330	1.30e-16	100	573	N/A
72_8_2182_46438_12220/1	gi|685042185|emb|LN590710.1|	100.000	45	0	0	4	48	9162078	9162122	1.31e-11	84.2	7962	N/A
72_8_2182_46438_12220/1	gi|685042185|emb|LN590710.1|	95.238	42	0	2	15	54	3790452	3790411	4.76e-06	65.8	7962	N/A
72_8_2182_46438_12220/1	gi|685042185|emb|LN590710.1|	95.238	42	0	2	15	54	6008694	6008735	4.76e-06	65.8	7962	N/A
72_8_2182_46438_12220/1	gi|685042185|emb|LN590710.1|	95.238	42	0	2	15	54	10218503	10218544	4.76e-06	65.8	7962	N/A
72_8_2182_46438_12220/1	gi|2524352013|emb|OY072335.1|	97.727	44	1	0	5	48	21648	21691	2.20e-09	76.8	2697049	N/A
72_8_2182_46438_12220/1	gi|2557643774|emb|OY673254.1|	95.652	46	2	0	15	60	21732	21777	7.91e-09	75.0	2697049	N/A
72_8_2410_33134_10791/1	gi|2978724457|gb|PV611058.1|	88.421	95	7	3	46	137	295316	295409	6.03e-20	111	3421660	N/A
72_8_2410_33134_10791/1	gi|2978724457|gb|PV611058.1|	90.909	66	2	3	46	108	295779	295843	3.65e-12	86.1	3421660	N/A
72_8_2410_33134_10791/1	gi|2830983252|gb|CP170844.1|	84.444	90	11	2	51	137	4083423	4083334	3.65e-12	86.1	573	N/A
72_8_2410_33134_10791/1	gi|685042161|emb|LN590686.1|	94.231	52	0	3	41	90	20813821	20813871	2.20e-09	76.8	7962	N/A
72_8_2410_33134_10791/1	gi|685042161|emb|LN590686.1|	95.455	44	0	2	49	90	28125758	28125801	3.68e-07	69.4	7962	N/A
72_8_2410_33134_10791/1	gi|685042161|emb|LN590686.1|	95.349	43	0	2	50	90	4545830	4545872	1.32e-06	67.6	7962	N/A
72_8_2410_33134_10791/1	gi|685042161|emb|LN590686.1|	93.617	47	0	3	47	90	6380189	6380235	1.32e-06	67.6	7962	N/A
72_8_2410_33134_10791/1	gi|685042161|emb|LN590686.1|	95.238	42	0	2	51	90	12304839	12304798	4.76e-06	65.8	7962	N/A
72_8_2410_33134_10791/1	gi|685042161|emb|LN590686.1|	95.238	42	0	2	51	90	17091846	17091887	4.76e-06	65.8	7962	N/A
72_8_2410_33134_10791/1	gi|685042161|emb|LN590686.1|	94.872	39	0	2	54	90	12436830	12436868	2.21e-04	60.2	7962	N/A
72_8_2410_33134_10791/1	gi|2557643774|emb|OY673254.1|	95.652	46	2	0	51	96	21732	21777	7.91e-09	75.0	2697049	N/A
72_8_2410_33134_10791/1	gi|2463378371|dbj|AP027461.1|	95.652	46	2	0	51	96	1299632	1299677	7.91e-09	75.0	511145	N/A
72_8_2410_33134_10791/1	gi|2463378371|dbj|AP027461.1|	95.652	46	2	0	51	96	1628404	1628359	7.91e-09	75.0	511145	N/A
72_8_1345_25099_12514/1	gi|685042185|emb|LN590710.1|	97.826	46	0	1	76	121	9162078	9162122	6.11e-10	78.7	7962	N/A
72_8_1345_25099_12514/1	gi|685042185|emb|LN590710.1|	95.238	42	0	2	88	127	3790452	3790411	4.76e-06	65.8	7962	N/A
72_8_1345_25099_12514/1	gi|685042185|emb|LN590710.1|	95.238	42	0	2	88	127	6008694	6008735	4.76e-06	65.8	7962	N/A
72_8_1345_25099_12514/1	gi|685042185|emb|LN590710.1|	95.238	42	0	2	88	127	10218503	10218544	4.76e-06	65.8	7962	N/A
72_8_1345_25099_12514/1	gi|2557643774|emb|OY673254.1|	95.652	46	2	0	88	133	21732	21777	7.91e-09	75.0	2697049	N/A
72_8_1345_25099_12514/1	gi|2524352013|emb|OY072335.1|	94.000	50	1	2	72	121	21644	21691	7.91e-09	75.0	2697049	N/A
72_8_1345_25099_12514/1	gi|2463378371|dbj|AP027461.1|	95.652	46	2	0	88	133	1299632	1299677	7.91e-09	75.0	511145	N/A
72_8_1345_25099_12514/1	gi|2463378371|dbj|AP027461.1|	95.652	46	2	0	88	133	1628404	1628359	7.91e-09	75.0	511145	N/A
72_8_1345_25099_12514/1	gi|685049916|emb|LN598428.1|	95.745	47	0	2	83	127	2460635	2460681	7.91e-09	75.0	7962	N/A
72_8_1387_45062_10595/1	gi|2978724457|gb|PV611058.1|	92.784	97	2	4	44	137	295318	295412	3.58e-27	135	3421660	N/A
72_8_1387_45062_10595/1	gi|2978724457|gb|PV611058.1|	89.062	64	2	4	44	104	295781	295842	7.91e-09	75.0	3421660	N/A
72_8_1387_45062_10595/1	gi|685042178|emb|LN590703.1|	95.918	49	0	2	41	87	13166497	13166545	6.11e-10	78.7	7962	N/A
72_8_1387_45062_10595/1	gi|685042178|emb|LN590703.1|	95.556	45	0	2	45	87	12952798	12952842	1.02e-07	71.3	7962	N/A
72_8_1387_45062_10595/1	gi|685042178|emb|LN590703.1|	95.349	43	0	2	47	87	17684506	17684464	1.32e-06	67.6	7962	N/A
72_8_1387_45062_10595/1	gi|685042178|emb|LN590703.1|	95.238	42	0	2	48	87	1057735	1057776	4.76e-06	65.8	7962	N/A
72_8_1387_45062_10595/1	gi|685042178|emb|LN590703.1|	95.238	42	0	2	48	87	7304702	7304661	4.76e-06	65.8	7962	N/A
72_8_1387_45062_10595/1	gi|685042175|emb|LN590700.1|	94.231	52	1	2	39	88	14033950	14033899	6.11e-10	78.7	7962	N/A
72_8_1387_45062_10595/1	gi|685042175|emb|LN590700.1|	95.238	42	0	2	48	87	15778538	15778579	4.76e-06	65.8	7962	N/A
72_8_1387_45062_10595/1	gi|685042185|emb|LN590710.1|	97.727	44	1	0	38	81	9162079	9162122	2.20e-09	76.8	7962	N/A
72_8_1387_45062_10595/1	gi|685042185|emb|LN590710.1|	95.238	42	0	2	48	87	3790452	3790411	4.76e-06	65.8	7962	N/A
72_8_1387_45062_10595/1	gi|685042185|emb|LN590710.1|	95.238	42	0	2	48	87	6008694	6008735	4.76e-06	65.8	7962	N/A
72_8_1387_45062_10595/1	gi|685042185|emb|LN590710.1|	95.238	42	0	2	48	87	10218503	10218544	4.76e-06	65.8	7962	N/A
72_8_1387_45062_10595/1	gi|685046059|emb|LN594584.1|	92.593	54	1	3	36	87	7181	7129	7.91e-09	75.0	7962	N/A
72_8_1255_46640_9909/1	gi|2978724457|gb|PV611058.1|	91.270	126	6	4	15	137	295321	295444	1.27e-36	167	3421660	N/A
72_8_1255_46640_9909/1	gi|2978724457|gb|PV611058.1|	91.667	60	1	3	15	71	295784	295842	1.70e-10	80.5	3421660	N/A
72_8_1255_46640_9909/1	gi|2830983252|gb|CP170844.1|	88.542	96	7	2	13	104	4083425	4083330	1.68e-20	113	573	N/A
72_8_1255_46640_9909/1	gi|2165836832|emb|OV197136.1|	94.231	52	1	2	10	60	121	71	6.11e-10	78.7	2697049	N/A
72_8_1255_46640_9909/1	gi|2165834303|emb|OV196009.1|	94.118	51	3	0	10	60	120	70	6.11e-10	78.7	2697049	N/A
72_8_1255_46640_9909/1	gi|2165834303|emb|OV196009.1|	97.561	41	1	0	14	54	29911	29951	1.02e-07	71.3	2697049	N/A
72_8_1255_46640_9909/1	gi|2165832678|emb|OV195277.1|	94.231	52	1	2	10	60	137	87	6.11e-10	78.7	2697049	N/A
72_8_2255_7482_11268/1	gi|840010732|emb|LK064705.1|	94.595	37	1	1	12	48	12814115	12814080	0.003	56.5	202946	N/A
72_8_1183_25455_22768/1	gi|685047575|emb|LN596087.1|	93.478	46	0	3	12	54	6214	6169	4.76e-06	65.8	7962	N/A
72_8_1183_25455_22768/1	gi|685046121|emb|LN594646.1|	93.478	46	0	3	12	54	156226	156271	4.76e-06	65.8	7962	N/A
72_8_1183_25455_22768/1	gi|685042242|emb|LN590767.1|	91.837	49	0	4	9	53	603263	603215	4.76e-06	65.8	7962	N/A
72_8_1183_25455_22768/1	gi|685042189|emb|LN590714.1|	93.333	45	0	3	12	53	7216116	7216072	1.71e-05	63.9	7962	N/A
72_8_1183_25455_22768/1	gi|2557639802|emb|OY695838.1|	95.000	40	1	1	9	47	4716	4755	6.15e-05	62.1	2697049	N/A
72_8_2417_43517_6883/1	gi|2978724457|gb|PV611058.1|	93.985	133	1	5	10	137	295314	295444	5.82e-45	195	3421660	N/A
72_8_2417_43517_6883/1	gi|2978724457|gb|PV611058.1|	89.706	68	1	4	10	72	295777	295843	4.72e-11	82.4	3421660	N/A
72_8_2417_43517_6883/1	gi|685042185|emb|LN590710.1|	100.000	44	0	0	5	48	9162079	9162122	4.72e-11	82.4	7962	N/A
72_8_2417_43517_6883/1	gi|685042185|emb|LN590710.1|	95.238	42	0	2	15	54	3790452	3790411	4.76e-06	65.8	7962	N/A
72_8_2417_43517_6883/1	gi|685042185|emb|LN590710.1|	95.238	42	0	2	15	54	6008694	6008735	4.76e-06	65.8	7962	N/A
72_8_2417_43517_6883/1	gi|685042185|emb|LN590710.1|	95.238	42	0	2	15	54	10218503	10218544	4.76e-06	65.8	7962	N/A
72_8_2417_43517_6883/1	gi|2524352013|emb|OY072335.1|	97.727	44	1	0	5	48	21648	21691	2.20e-09	76.8	2697049	N/A
72_8_2417_43517_6883/1	gi|2830983252|gb|CP170844.1|	82.979	94	5	2	15	97	4083423	4083330	7.91e-09	75.0	573	N/A
72_8_2417_43517_6883/1	gi|2557643774|emb|OY673254.1|	95.652	46	2	0	15	60	21732	21777	7.91e-09	75.0	2697049	N/A
72_8_1206_18568_6841/1	gi|2952419604|emb|OZ249250.1|	92.500	80	6	0	2	81	18139919	18139840	4.66e-21	115	22511	N/A
72_8_1206_18568_6841/1	gi|2948838246|emb|OZ247456.1|	92.308	78	6	0	4	81	4274745	4274668	6.03e-20	111	673927	N/A
72_8_1206_18568_6841/1	gi|2104762522|emb|OU744996.1|	92.308	78	6	0	4	81	12373817	12373740	6.03e-20	111	3750	N/A
72_8_1206_18568_6841/1	gi|2510678853|emb|OX637466.1|	92.208	77	6	0	2	78	28042062	28042138	2.17e-19	110	3900	N/A
72_8_1206_18568_6841/1	gi|2979100082|emb|OZ259476.1|	92.000	75	6	0	4	78	39028757	39028831	2.80e-18	106	121540	N/A
72_8_1476_50686_25514/1	gi|2978724457|gb|PV611058.1|	87.654	81	8	1	56	134	295320	295400	2.18e-14	93.5	3421660	N/A
72_8_1476_50686_25514/1	gi|2978724457|gb|PV611058.1|	90.000	60	4	1	56	113	295783	295842	2.20e-09	76.8	3421660	N/A
72_8_1476_50686_25514/1	gi|685042185|emb|LN590710.1|	97.727	44	1	0	47	90	9162079	9162122	2.20e-09	76.8	7962	N/A
72_8_1476_50686_25514/1	gi|685042185|emb|LN590710.1|	97.436	39	0	1	56	93	3790453	3790415	4.76e-06	65.8	7962	N/A
72_8_1476_50686_25514/1	gi|685042185|emb|LN590710.1|	97.436	39	0	1	56	93	6008693	6008731	4.76e-06	65.8	7962	N/A
72_8_1476_50686_25514/1	gi|685042185|emb|LN590710.1|	97.436	39	0	1	56	93	10218502	10218540	4.76e-06	65.8	7962	N/A
72_8_1476_50686_25514/1	gi|2830983252|gb|CP170844.1|	83.333	84	11	3	57	137	4083423	4083340	7.91e-09	75.0	573	N/A
72_8_1476_50686_25514/1	gi|2463378371|dbj|AP027461.1|	95.652	46	2	0	57	102	1299632	1299677	7.91e-09	75.0	511145	N/A
72_8_1476_50686_25514/1	gi|2463378371|dbj|AP027461.1|	95.652	46	2	0	57	102	1628404	1628359	7.91e-09	75.0	511145	N/A
72_8_1476_50686_25514/1	gi|685042802|emb|LN591327.1|	94.000	50	1	2	45	93	61996	62044	7.91e-09	75.0	7962	N/A
72_8_1108_19038_11548/1	gi|2978724457|gb|PV611058.1|	93.023	129	4	4	12	137	295318	295444	1.26e-41	183	3421660	N/A
72_8_1108_19038_11548/1	gi|2978724457|gb|PV611058.1|	90.476	63	2	3	12	71	295781	295842	1.70e-10	80.5	3421660	N/A
72_8_1108_19038_11548/1	gi|2830983252|gb|CP170844.1|	85.106	94	11	2	15	105	4083423	4083330	2.18e-14	93.5	573	N/A
72_8_1108_19038_11548/1	gi|685046059|emb|LN594584.1|	94.231	52	1	2	5	54	7180	7129	6.11e-10	78.7	7962	N/A
72_8_1108_19038_11548/1	gi|685042189|emb|LN590714.1|	94.231	52	0	3	6	54	3608303	3608252	2.20e-09	76.8	7962	N/A
72_8_1108_19038_11548/1	gi|685042189|emb|LN590714.1|	97.727	44	1	0	5	48	6568388	6568431	2.20e-09	76.8	7962	N/A
72_8_1108_19038_11548/1	gi|685042189|emb|LN590714.1|	100.000	36	0	0	14	49	11523468	11523503	1.32e-06	67.6	7962	N/A
72_8_1108_19038_11548/1	gi|685042189|emb|LN590714.1|	95.238	42	0	2	15	54	7216113	7216072	4.76e-06	65.8	7962	N/A
72_8_1108_19038_11548/1	gi|2557643774|emb|OY673254.1|	95.652	46	2	0	15	60	21732	21777	7.91e-09	75.0	2697049	N/A
72_8_2454_18317_14784/1	gi|685042185|emb|LN590710.1|	100.000	42	0	0	75	116	9162081	9162122	6.11e-10	78.7	7962	N/A
72_8_2454_18317_14784/1	gi|685042185|emb|LN590710.1|	95.238	42	0	2	83	122	3790452	3790411	4.76e-06	65.8	7962	N/A
72_8_2454_18317_14784/1	gi|685042185|emb|LN590710.1|	95.238	42	0	2	83	122	6008694	6008735	4.76e-06	65.8	7962	N/A
72_8_2454_18317_14784/1	gi|685042185|emb|LN590710.1|	95.238	42	0	2	83	122	10218503	10218544	4.76e-06	65.8	7962	N/A
72_8_2454_18317_14784/1	gi|2978724457|gb|PV611058.1|	89.231	65	1	4	78	137	295314	295377	2.20e-09	76.8	3421660	N/A
72_8_2454_18317_14784/1	gi|2978724457|gb|PV611058.1|	89.231	65	1	4	78	137	295777	295840	2.20e-09	76.8	3421660	N/A
72_8_2454_18317_14784/1	gi|2557643774|emb|OY673254.1|	95.652	46	2	0	83	128	21732	21777	7.91e-09	75.0	2697049	N/A
72_8_2454_18317_14784/1	gi|2463378371|dbj|AP027461.1|	95.652	46	2	0	83	128	1299632	1299677	7.91e-09	75.0	511145	N/A
72_8_2454_18317_14784/1	gi|2463378371|dbj|AP027461.1|	95.652	46	2	0	83	128	1628404	1628359	7.91e-09	75.0	511145	N/A
72_8_2454_18317_14784/1	gi|685049916|emb|LN598428.1|	95.745	47	0	2	78	122	2460635	2460681	7.91e-09	75.0	7962	N/A
72_8_2273_28481_16997/1	gi|2978724457|gb|PV611058.1|	92.126	127	4	4	14	137	295321	295444	7.58e-39	174	3421660	N/A
72_8_2273_28481_16997/1	gi|2978724457|gb|PV611058.1|	91.667	60	1	3	14	70	295784	295842	1.70e-10	80.5	3421660	N/A
72_8_2273_28481_16997/1	gi|2830983252|gb|CP170844.1|	85.263	95	11	2	14	106	4083423	4083330	6.07e-15	95.3	573	N/A
72_8_2273_28481_16997/1	gi|2557643774|emb|OY673254.1|	95.652	46	2	0	14	59	21732	21777	7.91e-09	75.0	2697049	N/A
72_8_2273_28481_16997/1	gi|2463378371|dbj|AP027461.1|	93.878	49	3	0	11	59	1299629	1299677	7.91e-09	75.0	511145	N/A
72_8_2273_28481_16997/1	gi|2463378371|dbj|AP027461.1|	95.652	46	2	0	14	59	1628404	1628359	7.91e-09	75.0	511145	N/A
72_8_2273_28481_16997/1	gi|685043901|emb|LN592426.1|	94.118	51	0	3	5	53	375099	375148	7.91e-09	75.0	7962	N/A
72_8_1429_46616_6841/1	gi|2978724457|gb|PV611058.1|	91.339	127	6	4	14	137	295320	295444	3.53e-37	169	3421660	N/A
72_8_1429_46616_6841/1	gi|2978724457|gb|PV611058.1|	91.803	61	1	3	14	71	295783	295842	4.72e-11	82.4	3421660	N/A
72_8_1429_46616_6841/1	gi|2830983252|gb|CP170844.1|	88.298	94	9	1	15	106	4083423	4083330	6.03e-20	111	573	N/A
72_8_1429_46616_6841/1	gi|2557643774|emb|OY673254.1|	95.652	46	2	0	15	60	21732	21777	7.91e-09	75.0	2697049	N/A
72_8_1429_46616_6841/1	gi|2463378371|dbj|AP027461.1|	95.652	46	2	0	15	60	1299632	1299677	7.91e-09	75.0	511145	N/A
72_8_1429_46616_6841/1	gi|2463378371|dbj|AP027461.1|	95.652	46	2	0	15	60	1628404	1628359	7.91e-09	75.0	511145	N/A
72_8_1429_46616_6841/1	gi|685042177|emb|LN590702.1|	92.593	54	0	4	5	54	6540849	6540902	7.91e-09	75.0	7962	N/A
72_8_1429_46616_6841/1	gi|685042177|emb|LN590702.1|	89.286	56	3	3	1	54	3996002	3995948	1.32e-06	67.6	7962	N/A
72_8_1429_46616_6841/1	gi|685042177|emb|LN590702.1|	89.286	56	3	3	2	54	6762485	6762540	1.32e-06	67.6	7962	N/A
72_8_1429_46616_6841/1	gi|685042177|emb|LN590702.1|	95.238	42	0	2	15	54	1181065	1181106	4.76e-06	65.8	7962	N/A
72_8_1429_46616_6841/1	gi|685042177|emb|LN590702.1|	95.238	42	0	2	15	54	6862999	6863040	4.76e-06	65.8	7962	N/A
72_8_1429_46616_6841/1	gi|685042177|emb|LN590702.1|	93.333	45	0	2	6	47	1157104	1157060	1.71e-05	63.9	7962	N/A
72_8_1252_29630_1504/1	gi|2830983252|gb|CP170844.1|	87.671	73	7	1	63	133	4083423	4083351	1.31e-11	84.2	573	N/A
72_8_1252_29630_1504/1	gi|2978724457|gb|PV611058.1|	90.323	62	2	3	60	118	295318	295378	6.11e-10	78.7	3421660	N/A
72_8_1252_29630_1504/1	gi|2978724457|gb|PV611058.1|	90.323	62	2	3	60	118	295781	295841	6.11e-10	78.7	3421660	N/A
72_8_1252_29630_1504/1	gi|685046059|emb|LN594584.1|	95.833	48	0	2	57	102	7176	7129	2.20e-09	76.8	7962	N/A
72_8_1252_29630_1504/1	gi|2557643774|emb|OY673254.1|	95.652	46	2	0	63	108	21732	21777	7.91e-09	75.0	2697049	N/A
72_8_1252_29630_1504/1	gi|2463378371|dbj|AP027461.1|	95.652	46	2	0	63	108	1299632	1299677	7.91e-09	75.0	511145	N/A
72_8_1252_29630_1504/1	gi|2463378371|dbj|AP027461.1|	95.652	46	2	0	63	108	1628404	1628359	7.91e-09	75.0	511145	N/A
72_8_2123_26952_6533/1	gi|2978724457|gb|PV611058.1|	92.857	126	4	4	15	137	295321	295444	5.86e-40	178	3421660	N/A
72_8_2123_26952_6533/1	gi|2978724457|gb|PV611058.1|	91.803	61	1	3	15	72	295784	295843	4.72e-11	82.4	3421660	N/A
72_8_2123_26952_6533/1	gi|2830983252|gb|CP170844.1|	84.375	96	12	2	14	107	4083424	4083330	7.85e-14	91.6	573	N/A
72_8_2123_26952_6533/1	gi|2755084441|gb|PP943425.1|	94.000	50	1	2	11	59	67587	67635	7.91e-09	75.0	10258	N/A
72_8_2123_26952_6533/1	gi|2755084441|gb|PP943425.1|	93.617	47	1	2	15	60	67825	67780	3.68e-07	69.4	10258	N/A
72_8_2123_26952_6533/1	gi|2557643774|emb|OY673254.1|	95.652	46	2	0	15	60	21732	21777	7.91e-09	75.0	2697049	N/A
72_8_2123_26952_6533/1	gi|2463378371|dbj|AP027461.1|	95.652	46	2	0	15	60	1299632	1299677	7.91e-09	75.0	511145	N/A
72_8_2123_26952_6533/1	gi|2463378371|dbj|AP027461.1|	95.652	46	2	0	15	60	1628404	1628359	7.91e-09	75.0	511145	N/A
72_8_1265_13349_6715/1	gi|2978724457|gb|PV611058.1|	88.976	127	9	4	14	137	295320	295444	3.55e-32	152	3421660	N/A
72_8_1265_13349_6715/1	gi|2978724457|gb|PV611058.1|	92.063	63	1	3	14	73	295783	295844	3.65e-12	86.1	3421660	N/A
72_8_1265_13349_6715/1	gi|2830983252|gb|CP170844.1|	91.489	94	5	2	15	105	4083423	4083330	2.15e-24	126	573	N/A
72_8_1265_13349_6715/1	gi|685042195|emb|LN590720.1|	95.833	48	0	2	9	54	5765844	5765797	2.20e-09	76.8	7962	N/A
72_8_1265_13349_6715/1	gi|685042195|emb|LN590720.1|	95.556	45	0	2	12	54	2930131	2930175	1.02e-07	71.3	7962	N/A
72_8_1265_13349_6715/1	gi|685042175|emb|LN590700.1|	92.727	55	1	3	3	55	14033952	14033899	2.20e-09	76.8	7962	N/A
72_8_1265_13349_6715/1	gi|685042175|emb|LN590700.1|	95.238	42	0	2	15	54	15778538	15778579	4.76e-06	65.8	7962	N/A
72_8_1265_13349_6715/1	gi|2557643774|emb|OY673254.1|	95.652	46	2	0	15	60	21732	21777	7.91e-09	75.0	2697049	N/A
72_8_1432_11431_13313/1	gi|2978724457|gb|PV611058.1|	92.063	126	5	4	15	137	295321	295444	2.73e-38	172	3421660	N/A
72_8_1432_11431_13313/1	gi|2978724457|gb|PV611058.1|	91.667	60	1	3	15	71	295784	295842	1.70e-10	80.5	3421660	N/A
72_8_1432_11431_13313/1	gi|2830983252|gb|CP170844.1|	87.368	95	9	2	14	105	4083424	4083330	2.80e-18	106	573	N/A
72_8_1432_11431_13313/1	gi|2557643774|emb|OY673254.1|	95.652	46	2	0	15	60	21732	21777	7.91e-09	75.0	2697049	N/A
72_8_1432_11431_13313/1	gi|2463378371|dbj|AP027461.1|	95.652	46	2	0	15	60	1299632	1299677	7.91e-09	75.0	511145	N/A
72_8_1432_11431_13313/1	gi|2463378371|dbj|AP027461.1|	95.652	46	2	0	15	60	1628404	1628359	7.91e-09	75.0	511145	N/A
72_8_1432_11431_13313/1	gi|685042161|emb|LN590686.1|	92.593	54	1	3	3	54	20813819	20813871	7.91e-09	75.0	7962	N/A
72_8_1432_11431_13313/1	gi|685042161|emb|LN590686.1|	95.349	43	0	2	14	54	12304840	12304798	1.32e-06	67.6	7962	N/A
72_8_1432_11431_13313/1	gi|685042161|emb|LN590686.1|	90.566	53	2	3	4	54	17091836	17091887	1.32e-06	67.6	7962	N/A
72_8_1432_11431_13313/1	gi|685042161|emb|LN590686.1|	95.238	42	0	2	15	54	4545831	4545872	4.76e-06	65.8	7962	N/A
72_8_1432_11431_13313/1	gi|685042161|emb|LN590686.1|	93.333	45	1	2	12	54	6380191	6380235	4.76e-06	65.8	7962	N/A
72_8_1432_11431_13313/1	gi|685042161|emb|LN590686.1|	95.238	42	0	2	15	54	28125760	28125801	4.76e-06	65.8	7962	N/A
72_8_1432_11431_13313/1	gi|685042161|emb|LN590686.1|	94.872	39	0	2	18	54	12436830	12436868	2.21e-04	60.2	7962	N/A
72_8_1157_10096_28988/1	gi|2978724457|gb|PV611058.1|	89.922	129	5	5	12	137	295321	295444	2.12e-34	159	3421660	N/A
72_8_1157_10096_28988/1	gi|2978724457|gb|PV611058.1|	91.667	60	1	3	12	68	295784	295842	1.70e-10	80.5	3421660	N/A
72_8_1157_10096_28988/1	gi|2830983252|gb|CP170844.1|	90.625	96	7	1	10	103	4083425	4083330	2.15e-24	126	573	N/A
72_8_1157_10096_28988/1	gi|685042185|emb|LN590710.1|	97.778	45	1	0	1	45	9162078	9162122	6.11e-10	78.7	7962	N/A
72_8_1157_10096_28988/1	gi|685042185|emb|LN590710.1|	95.238	42	0	2	12	51	3790452	3790411	4.76e-06	65.8	7962	N/A
72_8_1157_10096_28988/1	gi|685042185|emb|LN590710.1|	95.238	42	0	2	12	51	6008694	6008735	4.76e-06	65.8	7962	N/A
72_8_1157_10096_28988/1	gi|685042185|emb|LN590710.1|	95.238	42	0	2	12	51	10218503	10218544	4.76e-06	65.8	7962	N/A
72_8_1157_10096_28988/1	gi|2557643774|emb|OY673254.1|	95.652	46	2	0	12	57	21732	21777	7.91e-09	75.0	2697049	N/A
72_8_1157_10096_28988/1	gi|2463378371|dbj|AP027461.1|	95.652	46	2	0	12	57	1299632	1299677	7.91e-09	75.0	511145	N/A
72_8_1157_10096_28988/1	gi|2463378371|dbj|AP027461.1|	95.652	46	2	0	12	57	1628404	1628359	7.91e-09	75.0	511145	N/A
72_8_2119_51059_20107/1	gi|2978724457|gb|PV611058.1|	91.339	127	6	4	14	137	295320	295444	3.53e-37	169	3421660	N/A
72_8_2119_51059_20107/1	gi|2978724457|gb|PV611058.1|	90.164	61	2	3	14	71	295783	295842	2.20e-09	76.8	3421660	N/A
72_8_2119_51059_20107/1	gi|685042195|emb|LN590720.1|	95.833	48	0	2	9	54	5765844	5765797	2.20e-09	76.8	7962	N/A
72_8_2119_51059_20107/1	gi|685042195|emb|LN590720.1|	95.556	45	0	2	12	54	2930131	2930175	1.02e-07	71.3	7962	N/A
72_8_2119_51059_20107/1	gi|685042175|emb|LN590700.1|	92.727	55	1	3	3	55	14033952	14033899	2.20e-09	76.8	7962	N/A
72_8_2119_51059_20107/1	gi|685042175|emb|LN590700.1|	95.238	42	0	2	15	54	15778538	15778579	4.76e-06	65.8	7962	N/A
72_8_2119_51059_20107/1	gi|685046299|emb|LN594824.1|	95.745	47	0	2	10	54	5192	5146	7.91e-09	75.0	7962	N/A
72_8_2119_51059_20107/1	gi|2830983252|gb|CP170844.1|	79.798	99	13	6	15	111	4083423	4083330	4.76e-06	65.8	573	N/A
72_8_1424_49035_27531/1	gi|2830983252|gb|CP170844.1|	85.227	88	10	2	53	137	4083424	4083337	1.02e-12	87.9	573	N/A
72_8_1424_49035_27531/1	gi|2978724457|gb|PV611058.1|	85.057	87	9	3	54	137	295321	295406	3.65e-12	86.1	3421660	N/A
72_8_1424_49035_27531/1	gi|2978724457|gb|PV611058.1|	91.667	60	1	3	54	110	295784	295842	1.70e-10	80.5	3421660	N/A
72_8_1424_49035_27531/1	gi|2557643774|emb|OY673254.1|	95.652	46	2	0	54	99	21732	21777	7.91e-09	75.0	2697049	N/A
72_8_1424_49035_27531/1	gi|2463378371|dbj|AP027461.1|	93.878	49	3	0	51	99	1299629	1299677	7.91e-09	75.0	511145	N/A
72_8_1424_49035_27531/1	gi|2463378371|dbj|AP027461.1|	95.652	46	2	0	54	99	1628404	1628359	7.91e-09	75.0	511145	N/A
72_8_1424_49035_27531/1	gi|685042161|emb|LN590686.1|	92.593	54	1	3	42	93	20813819	20813871	7.91e-09	75.0	7962	N/A
72_8_1424_49035_27531/1	gi|685042161|emb|LN590686.1|	95.349	43	0	2	53	93	12304840	12304798	1.32e-06	67.6	7962	N/A
72_8_1424_49035_27531/1	gi|685042161|emb|LN590686.1|	95.238	42	0	2	54	93	4545831	4545872	4.76e-06	65.8	7962	N/A
72_8_1424_49035_27531/1	gi|685042161|emb|LN590686.1|	95.238	42	0	2	54	93	6380194	6380235	4.76e-06	65.8	7962	N/A
72_8_1424_49035_27531/1	gi|685042161|emb|LN590686.1|	95.238	42	0	2	54	93	17091846	17091887	4.76e-06	65.8	7962	N/A
72_8_1424_49035_27531/1	gi|685042161|emb|LN590686.1|	95.238	42	0	2	54	93	28125760	28125801	4.76e-06	65.8	7962	N/A
72_8_1424_49035_27531/1	gi|685042161|emb|LN590686.1|	94.872	39	0	2	57	93	12436830	12436868	2.21e-04	60.2	7962	N/A
72_8_2125_15598_26718/1	gi|2978724457|gb|PV611058.1|	92.126	127	5	4	14	137	295320	295444	7.58e-39	174	3421660	N/A
72_8_2125_15598_26718/1	gi|2978724457|gb|PV611058.1|	91.935	62	1	3	14	72	295783	295843	1.31e-11	84.2	3421660	N/A
72_8_2125_15598_26718/1	gi|2830983252|gb|CP170844.1|	87.234	94	8	2	15	104	4083423	4083330	1.01e-17	104	573	N/A
72_8_2125_15598_26718/1	gi|685049950|emb|LN598462.1|	95.833	48	0	2	9	54	1938274	1938321	2.20e-09	76.8	7962	N/A
72_8_2125_15598_26718/1	gi|2557643774|emb|OY673254.1|	95.652	46	2	0	15	60	21732	21777	7.91e-09	75.0	2697049	N/A
72_8_2125_15598_26718/1	gi|2463378371|dbj|AP027461.1|	95.652	46	2	0	15	60	1299632	1299677	7.91e-09	75.0	511145	N/A
72_8_2125_15598_26718/1	gi|2463378371|dbj|AP027461.1|	95.652	46	2	0	15	60	1628404	1628359	7.91e-09	75.0	511145	N/A
72_8_1436_7093_6057/1	gi|2978724457|gb|PV611058.1|	90.769	65	2	3	74	135	295781	295844	1.31e-11	84.2	3421660	N/A
72_8_1436_7093_6057/1	gi|2978724457|gb|PV611058.1|	90.476	63	2	3	74	133	295318	295379	1.70e-10	80.5	3421660	N/A
72_8_1436_7093_6057/1	gi|2830983252|gb|CP170844.1|	88.889	63	5	1	77	137	4083423	4083361	2.20e-09	76.8	573	N/A
72_8_1436_7093_6057/1	gi|2557643774|emb|OY673254.1|	95.652	46	2	0	77	122	21732	21777	7.91e-09	75.0	2697049	N/A
72_8_1436_7093_6057/1	gi|2463378371|dbj|AP027461.1|	95.652	46	2	0	77	122	1299632	1299677	7.91e-09	75.0	511145	N/A
72_8_1436_7093_6057/1	gi|2463378371|dbj|AP027461.1|	95.652	46	2	0	77	122	1628404	1628359	7.91e-09	75.0	511145	N/A
72_8_1436_7093_6057/1	gi|685043901|emb|LN592426.1|	94.118	51	0	3	68	116	375099	375148	7.91e-09	75.0	7962	N/A
72_8_2369_13592_10161/1	gi|2978724457|gb|PV611058.1|	90.164	61	2	3	80	137	295320	295379	2.20e-09	76.8	3421660	N/A
72_8_2369_13592_10161/1	gi|2978724457|gb|PV611058.1|	90.164	61	2	3	80	137	295783	295842	2.20e-09	76.8	3421660	N/A
72_8_2369_13592_10161/1	gi|2557638192|emb|OY694677.1|	89.062	64	3	4	64	126	4286	4346	2.20e-09	76.8	2697049	N/A
72_8_2369_13592_10161/1	gi|2524352013|emb|OY072335.1|	97.727	44	1	0	71	114	21648	21691	2.20e-09	76.8	2697049	N/A
72_8_2369_13592_10161/1	gi|2557643774|emb|OY673254.1|	95.652	46	2	0	81	126	21732	21777	7.91e-09	75.0	2697049	N/A
72_8_2369_13592_10161/1	gi|2463378371|dbj|AP027461.1|	95.652	46	2	0	81	126	1299632	1299677	7.91e-09	75.0	511145	N/A
72_8_2369_13592_10161/1	gi|2463378371|dbj|AP027461.1|	95.652	46	2	0	81	126	1628404	1628359	7.91e-09	75.0	511145	N/A
72_8_1268_29153_24659/1	gi|2978724457|gb|PV611058.1|	91.525	59	1	3	77	132	295323	295380	6.11e-10	78.7	3421660	N/A
72_8_1268_29153_24659/1	gi|2978724457|gb|PV611058.1|	91.379	58	1	3	77	131	295786	295842	2.20e-09	76.8	3421660	N/A
72_8_1268_29153_24659/1	gi|685047827|emb|LN596339.1|	94.000	50	0	3	68	114	601778	601827	2.84e-08	73.1	7962	N/A
72_8_1268_29153_24659/1	gi|2830983252|gb|CP170844.1|	87.302	63	6	1	77	137	4083421	4083359	1.02e-07	71.3	573	N/A
72_8_1268_29153_24659/1	gi|2557643774|emb|OY673254.1|	95.455	44	2	0	77	120	21734	21777	1.02e-07	71.3	2697049	N/A
72_8_1268_29153_24659/1	gi|2463378371|dbj|AP027461.1|	95.455	44	2	0	77	120	1299634	1299677	1.02e-07	71.3	511145	N/A
72_8_1268_29153_24659/1	gi|2463378371|dbj|AP027461.1|	95.455	44	2	0	77	120	1628402	1628359	1.02e-07	71.3	511145	N/A
72_8_1488_13511_2849/1	gi|2978724457|gb|PV611058.1|	87.356	87	7	3	54	137	295321	295406	1.69e-15	97.1	3421660	N/A
72_8_1488_13511_2849/1	gi|2978724457|gb|PV611058.1|	90.000	60	2	3	54	110	295784	295842	7.91e-09	75.0	3421660	N/A
72_8_1488_13511_2849/1	gi|2830983252|gb|CP170844.1|	85.057	87	10	2	54	137	4083423	4083337	3.65e-12	86.1	573	N/A
72_8_1488_13511_2849/1	gi|685043901|emb|LN592426.1|	94.118	51	0	3	45	93	375099	375148	7.91e-09	75.0	7962	N/A
72_8_1488_13511_2849/1	gi|685042164|emb|LN590689.1|	95.745	47	0	2	49	93	16044098	16044144	7.91e-09	75.0	7962	N/A
72_8_1488_13511_2849/1	gi|685042164|emb|LN590689.1|	100.000	36	0	0	53	88	16451533	16451498	1.32e-06	67.6	7962	N/A
72_8_1488_13511_2849/1	gi|685042164|emb|LN590689.1|	95.238	42	0	2	54	93	6291547	6291588	4.76e-06	65.8	7962	N/A
72_8_1488_13511_2849/1	gi|2155043183|emb|OV015804.1|	100.000	39	0	0	52	90	29949	29911	2.84e-08	73.1	2697049	N/A
72_8_1484_10541_1658/1	gi|2978724457|gb|PV611058.1|	91.803	61	1	3	75	132	295784	295843	4.72e-11	82.4	3421660	N/A
72_8_1484_10541_1658/1	gi|2978724457|gb|PV611058.1|	91.667	60	1	3	75	131	295321	295379	1.70e-10	80.5	3421660	N/A
72_8_1484_10541_1658/1	gi|2524352013|emb|OY072335.1|	97.727	44	1	0	65	108	21648	21691	2.20e-09	76.8	2697049	N/A
72_8_1484_10541_1658/1	gi|685042185|emb|LN590710.1|	97.727	44	1	0	65	108	9162079	9162122	2.20e-09	76.8	7962	N/A
72_8_1484_10541_1658/1	gi|685042185|emb|LN590710.1|	95.238	42	0	2	75	114	3790452	3790411	4.76e-06	65.8	7962	N/A
72_8_1484_10541_1658/1	gi|685042185|emb|LN590710.1|	95.238	42	0	2	75	114	6008694	6008735	4.76e-06	65.8	7962	N/A
72_8_1484_10541_1658/1	gi|685042185|emb|LN590710.1|	95.238	42	0	2	75	114	10218503	10218544	4.76e-06	65.8	7962	N/A
72_8_1484_10541_1658/1	gi|2557643774|emb|OY673254.1|	95.652	46	2	0	75	120	21732	21777	7.91e-09	75.0	2697049	N/A
72_8_1484_10541_1658/1	gi|2463378371|dbj|AP027461.1|	95.652	46	2	0	75	120	1299632	1299677	7.91e-09	75.0	511145	N/A
72_8_1484_10541_1658/1	gi|2463378371|dbj|AP027461.1|	95.652	46	2	0	75	120	1628404	1628359	7.91e-09	75.0	511145	N/A
72_8_2454_42448_8452/1	gi|2719965819|gb|PP582185.1|	97.561	41	0	1	10	49	17840	17880	3.68e-07	69.4	3138323	N/A
72_8_2454_42448_8452/1	gi|3014747989|dbj|AP041609.1|	97.436	39	1	0	11	49	869013	868975	1.32e-06	67.6	1280	N/A
72_8_1109_27017_27040/1	gi|2978724457|gb|PV611058.1|	94.444	126	2	4	15	137	295321	295444	2.71e-43	189	3421660	N/A
72_8_1109_27017_27040/1	gi|2978724457|gb|PV611058.1|	91.667	60	1	3	15	71	295784	295842	1.70e-10	80.5	3421660	N/A
72_8_1109_27017_27040/1	gi|2830983252|gb|CP170844.1|	82.105	95	14	2	15	107	4083423	4083330	6.11e-10	78.7	573	N/A
72_8_1109_27017_27040/1	gi|2557643774|emb|OY673254.1|	95.652	46	2	0	15	60	21732	21777	7.91e-09	75.0	2697049	N/A
72_8_1109_27017_27040/1	gi|2463378371|dbj|AP027461.1|	95.652	46	2	0	15	60	1299632	1299677	7.91e-09	75.0	511145	N/A
72_8_1109_27017_27040/1	gi|2463378371|dbj|AP027461.1|	95.652	46	2	0	15	60	1628404	1628359	7.91e-09	75.0	511145	N/A
72_8_1109_27017_27040/1	gi|685042206|emb|LN590731.1|	93.878	49	1	2	9	55	347604	347652	2.84e-08	73.1	7962	N/A
72_8_2301_47118_21157/1	gi|2978724457|gb|PV611058.1|	93.750	128	3	4	13	137	295319	295444	9.73e-43	187	3421660	N/A
72_8_2301_47118_21157/1	gi|2978724457|gb|PV611058.1|	91.935	62	1	3	13	71	295782	295842	1.31e-11	84.2	3421660	N/A
72_8_2301_47118_21157/1	gi|2830983252|gb|CP170844.1|	85.106	94	8	2	15	102	4083423	4083330	7.85e-14	91.6	573	N/A
72_8_2301_47118_21157/1	gi|685042175|emb|LN590700.1|	94.118	51	1	2	7	55	14033949	14033899	2.20e-09	76.8	7962	N/A
72_8_2301_47118_21157/1	gi|685042175|emb|LN590700.1|	95.238	42	0	2	15	54	15778538	15778579	4.76e-06	65.8	7962	N/A
72_8_2301_47118_21157/1	gi|2557643774|emb|OY673254.1|	93.878	49	3	0	12	60	21729	21777	7.91e-09	75.0	2697049	N/A
72_8_2301_47118_21157/1	gi|2463378371|dbj|AP027461.1|	95.652	46	2	0	15	60	1299632	1299677	7.91e-09	75.0	511145	N/A
72_8_2301_47118_21157/1	gi|2463378371|dbj|AP027461.1|	95.652	46	2	0	15	60	1628404	1628359	7.91e-09	75.0	511145	N/A
72_8_2424_32657_20919/1	gi|2978724457|gb|PV611058.1|	93.701	127	3	4	14	137	295320	295444	3.50e-42	185	3421660	N/A
72_8_2424_32657_20919/1	gi|2978724457|gb|PV611058.1|	91.935	62	1	3	14	72	295783	295843	1.31e-11	84.2	3421660	N/A
72_8_2424_32657_20919/1	gi|2830983252|gb|CP170844.1|	85.106	94	9	2	15	103	4083423	4083330	7.85e-14	91.6	573	N/A
72_8_2424_32657_20919/1	gi|2557643774|emb|OY673254.1|	92.453	53	2	2	10	60	21725	21777	7.91e-09	75.0	2697049	N/A
72_8_2424_32657_20919/1	gi|2463378371|dbj|AP027461.1|	95.652	46	2	0	15	60	1299632	1299677	7.91e-09	75.0	511145	N/A
72_8_2424_32657_20919/1	gi|2463378371|dbj|AP027461.1|	95.652	46	2	0	15	60	1628404	1628359	7.91e-09	75.0	511145	N/A
72_8_2424_32657_20919/1	gi|685047827|emb|LN596339.1|	94.000	50	1	2	7	54	601778	601827	7.91e-09	75.0	7962	N/A
72_8_1346_33757_22712/1	gi|2155043183|emb|OV015804.1|	100.000	28	0	0	2	29	29938	29911	0.037	52.8	2697049	N/A
72_8_1431_30431_14714/1	gi|2978724457|gb|PV611058.1|	92.063	126	5	4	15	137	295321	295444	2.73e-38	172	3421660	N/A
72_8_1431_30431_14714/1	gi|2978724457|gb|PV611058.1|	91.803	61	1	3	15	72	295784	295843	4.72e-11	82.4	3421660	N/A
72_8_1431_30431_14714/1	gi|2830983252|gb|CP170844.1|	87.368	95	9	2	14	105	4083424	4083330	2.80e-18	106	573	N/A
72_8_1431_30431_14714/1	gi|2557643774|emb|OY673254.1|	92.593	54	3	1	8	60	21724	21777	2.20e-09	76.8	2697049	N/A
72_8_1431_30431_14714/1	gi|2463378371|dbj|AP027461.1|	95.652	46	2	0	15	60	1299632	1299677	7.91e-09	75.0	511145	N/A
72_8_1431_30431_14714/1	gi|2463378371|dbj|AP027461.1|	95.652	46	2	0	15	60	1628404	1628359	7.91e-09	75.0	511145	N/A
72_8_1431_30431_14714/1	gi|2165836832|emb|OV197136.1|	92.593	54	1	3	8	60	122	71	7.91e-09	75.0	2697049	N/A
72_8_1388_11382_11912/1	gi|2978724457|gb|PV611058.1|	91.935	62	1	3	74	132	295320	295380	1.31e-11	84.2	3421660	N/A
72_8_1388_11382_11912/1	gi|2978724457|gb|PV611058.1|	91.803	61	1	3	74	131	295783	295842	4.72e-11	82.4	3421660	N/A
72_8_1388_11382_11912/1	gi|2557643774|emb|OY673254.1|	95.652	46	2	0	75	120	21732	21777	7.91e-09	75.0	2697049	N/A
72_8_1388_11382_11912/1	gi|2463378371|dbj|AP027461.1|	95.652	46	2	0	75	120	1299632	1299677	7.91e-09	75.0	511145	N/A
72_8_1388_11382_11912/1	gi|2463378371|dbj|AP027461.1|	95.652	46	2	0	75	120	1628404	1628359	7.91e-09	75.0	511145	N/A
72_8_1388_11382_11912/1	gi|685042802|emb|LN591327.1|	92.593	54	1	3	63	114	61996	62048	7.91e-09	75.0	7962	N/A
72_8_1388_11382_11912/1	gi|685042177|emb|LN590702.1|	92.593	54	1	3	64	114	6540849	6540902	7.91e-09	75.0	7962	N/A
72_8_1388_11382_11912/1	gi|685042177|emb|LN590702.1|	95.238	42	0	2	75	114	1181065	1181106	4.76e-06	65.8	7962	N/A
72_8_1388_11382_11912/1	gi|685042177|emb|LN590702.1|	95.238	42	0	2	75	114	3995989	3995948	4.76e-06	65.8	7962	N/A
72_8_1388_11382_11912/1	gi|685042177|emb|LN590702.1|	95.238	42	0	2	75	114	6762499	6762540	4.76e-06	65.8	7962	N/A
72_8_1388_11382_11912/1	gi|685042177|emb|LN590702.1|	95.238	42	0	2	75	114	6862999	6863040	4.76e-06	65.8	7962	N/A
72_8_1388_11382_11912/1	gi|685042177|emb|LN590702.1|	93.333	45	0	2	66	107	1157104	1157060	1.71e-05	63.9	7962	N/A
72_8_1166_50881_8452/1	gi|2830983252|gb|CP170844.1|	88.542	96	8	2	40	133	4083424	4083330	1.68e-20	113	573	N/A
72_8_1166_50881_8452/1	gi|2978724457|gb|PV611058.1|	86.408	103	10	3	38	137	295318	295419	2.17e-19	110	3421660	N/A
72_8_1166_50881_8452/1	gi|2978724457|gb|PV611058.1|	90.769	65	2	3	38	99	295781	295844	1.31e-11	84.2	3421660	N/A
72_8_1166_50881_8452/1	gi|2755084441|gb|PP943425.1|	82.418	91	13	3	41	129	67825	67736	2.20e-09	76.8	10258	N/A
72_8_1166_50881_8452/1	gi|2755084441|gb|PP943425.1|	93.617	47	1	2	40	85	67590	67635	3.68e-07	69.4	10258	N/A
72_8_1166_50881_8452/1	gi|2557643774|emb|OY673254.1|	95.652	46	2	0	41	86	21732	21777	7.91e-09	75.0	2697049	N/A
72_8_1166_50881_8452/1	gi|2463378371|dbj|AP027461.1|	95.652	46	2	0	41	86	1299632	1299677	7.91e-09	75.0	511145	N/A
72_8_1166_50881_8452/1	gi|2463378371|dbj|AP027461.1|	95.652	46	2	0	41	86	1628404	1628359	7.91e-09	75.0	511145	N/A
72_8_2452_24346_7766/1	gi|2978724457|gb|PV611058.1|	92.424	66	1	3	67	129	295316	295380	7.85e-14	91.6	3421660	N/A
72_8_2452_24346_7766/1	gi|2978724457|gb|PV611058.1|	92.308	65	1	3	67	128	295779	295842	2.82e-13	89.8	3421660	N/A
72_8_2452_24346_7766/1	gi|2830983252|gb|CP170844.1|	88.235	68	6	1	72	137	4083423	4083356	1.70e-10	80.5	573	N/A
72_8_2452_24346_7766/1	gi|2557643774|emb|OY673254.1|	95.652	46	2	0	72	117	21732	21777	7.91e-09	75.0	2697049	N/A
72_8_2452_24346_7766/1	gi|2463378371|dbj|AP027461.1|	95.652	46	2	0	72	117	1299632	1299677	7.91e-09	75.0	511145	N/A
72_8_2452_24346_7766/1	gi|2463378371|dbj|AP027461.1|	95.652	46	2	0	72	117	1628404	1628359	7.91e-09	75.0	511145	N/A
72_8_2452_24346_7766/1	gi|2560250289|emb|OY708460.1|	93.878	49	1	2	70	117	6488	6535	2.84e-08	73.1	2697049	N/A
72_8_2292_7061_1322/1	gi|2978724457|gb|PV611058.1|	90.625	64	2	3	68	128	295320	295382	4.72e-11	82.4	3421660	N/A
72_8_2292_7061_1322/1	gi|2978724457|gb|PV611058.1|	90.164	61	2	3	68	125	295783	295842	2.20e-09	76.8	3421660	N/A
72_8_2292_7061_1322/1	gi|685042161|emb|LN590686.1|	96.000	50	0	2	57	105	20813819	20813867	1.70e-10	80.5	7962	N/A
72_8_2292_7061_1322/1	gi|685042161|emb|LN590686.1|	97.500	40	0	1	67	105	6380192	6380231	1.32e-06	67.6	7962	N/A
72_8_2292_7061_1322/1	gi|685042161|emb|LN590686.1|	97.368	38	0	1	69	105	4545831	4545868	1.71e-05	63.9	7962	N/A
72_8_2292_7061_1322/1	gi|685042161|emb|LN590686.1|	97.368	38	0	1	69	105	12304839	12304802	1.71e-05	63.9	7962	N/A
72_8_2292_7061_1322/1	gi|685042161|emb|LN590686.1|	97.368	38	0	1	69	105	17091846	17091883	1.71e-05	63.9	7962	N/A
72_8_2292_7061_1322/1	gi|685042161|emb|LN590686.1|	97.368	38	0	1	69	105	28125760	28125797	1.71e-05	63.9	7962	N/A
72_8_2292_7061_1322/1	gi|685042161|emb|LN590686.1|	97.143	35	0	1	72	105	12436830	12436864	7.96e-04	58.4	7962	N/A
72_8_2292_7061_1322/1	gi|685042802|emb|LN591327.1|	94.000	50	1	2	57	105	61996	62044	7.91e-09	75.0	7962	N/A
72_8_2292_7061_1322/1	gi|685042188|emb|LN590713.1|	97.674	43	1	0	65	107	7120044	7120086	7.91e-09	75.0	7962	N/A
72_8_2292_7061_1322/1	gi|685042188|emb|LN590713.1|	100.000	30	0	0	69	98	16189618	16189589	0.003	56.5	7962	N/A
72_8_2292_7061_1322/1	gi|685042184|emb|LN590709.1|	94.000	50	1	2	57	105	3964929	3964977	7.91e-09	75.0	7962	N/A
72_8_2292_7061_1322/1	gi|685042184|emb|LN590709.1|	93.333	45	1	2	62	105	5157477	5157520	4.76e-06	65.8	7962	N/A
72_8_2292_7061_1322/1	gi|685042184|emb|LN590709.1|	97.368	38	0	1	69	105	4006924	4006887	1.71e-05	63.9	7962	N/A
72_8_1412_17055_9713/1	gi|2978724457|gb|PV611058.1|	94.444	126	2	4	15	137	295321	295444	2.71e-43	189	3421660	N/A
72_8_1412_17055_9713/1	gi|2978724457|gb|PV611058.1|	91.667	60	1	3	15	71	295784	295842	1.70e-10	80.5	3421660	N/A
72_8_1412_17055_9713/1	gi|2830983252|gb|CP170844.1|	84.043	94	9	2	15	102	4083423	4083330	3.65e-12	86.1	573	N/A
72_8_1412_17055_9713/1	gi|2557643774|emb|OY673254.1|	95.652	46	2	0	15	60	21732	21777	7.91e-09	75.0	2697049	N/A
72_8_1412_17055_9713/1	gi|2463378371|dbj|AP027461.1|	95.652	46	2	0	15	60	1299632	1299677	7.91e-09	75.0	511145	N/A
72_8_1412_17055_9713/1	gi|2463378371|dbj|AP027461.1|	95.652	46	2	0	15	60	1628404	1628359	7.91e-09	75.0	511145	N/A
72_8_1412_17055_9713/1	gi|780644672|ref|XM_011690559.1|	97.619	42	1	0	8	49	1031	1072	2.84e-08	73.1	64793	N/A
72_8_1123_26199_20499/1	gi|2978724457|gb|PV611058.1|	92.063	63	3	2	69	129	295321	295383	1.02e-12	87.9	3421660	N/A
72_8_1123_26199_20499/1	gi|2978724457|gb|PV611058.1|	91.525	59	3	2	69	125	295784	295842	1.70e-10	80.5	3421660	N/A
72_8_1123_26199_20499/1	gi|780644672|ref|XM_011690559.1|	100.000	41	0	0	66	106	1035	1075	2.20e-09	76.8	64793	N/A
72_8_1123_26199_20499/1	gi|2557643774|emb|OY673254.1|	95.652	46	2	0	69	114	21732	21777	7.91e-09	75.0	2697049	N/A
72_8_1123_26199_20499/1	gi|685042161|emb|LN590686.1|	95.652	46	1	1	57	102	20813819	20813863	2.84e-08	73.1	7962	N/A
72_8_1123_26199_20499/1	gi|685042161|emb|LN590686.1|	100.000	35	0	0	68	102	4545830	4545864	4.76e-06	65.8	7962	N/A
72_8_1123_26199_20499/1	gi|685042161|emb|LN590686.1|	100.000	35	0	0	68	102	28125759	28125793	4.76e-06	65.8	7962	N/A
72_8_1123_26199_20499/1	gi|685042161|emb|LN590686.1|	100.000	34	0	0	69	102	6380194	6380227	1.71e-05	63.9	7962	N/A
72_8_1123_26199_20499/1	gi|685042161|emb|LN590686.1|	100.000	34	0	0	69	102	12304839	12304806	1.71e-05	63.9	7962	N/A
72_8_1123_26199_20499/1	gi|685042161|emb|LN590686.1|	100.000	34	0	0	69	102	17091846	17091879	1.71e-05	63.9	7962	N/A
72_8_1123_26199_20499/1	gi|685042161|emb|LN590686.1|	100.000	31	0	0	72	102	12436830	12436860	7.96e-04	58.4	7962	N/A
72_8_1123_26199_20499/1	gi|2056797228|tpg|BK057247.1|	100.000	39	0	0	67	105	42089	42127	2.84e-08	73.1	38018	N/A
72_8_2133_51803_22068/1	gi|2978724457|gb|PV611058.1|	91.045	134	4	6	7	137	295316	295444	7.58e-39	174	3421660	N/A
72_8_2133_51803_22068/1	gi|2978724457|gb|PV611058.1|	90.769	65	2	3	7	68	295779	295842	1.31e-11	84.2	3421660	N/A
72_8_2133_51803_22068/1	gi|2830983252|gb|CP170844.1|	84.375	96	11	3	12	105	4083423	4083330	7.85e-14	91.6	573	N/A
72_8_2133_51803_22068/1	gi|2560250289|emb|OY708460.1|	94.118	51	1	2	8	57	6486	6535	2.20e-09	76.8	2697049	N/A
72_8_2133_51803_22068/1	gi|2557643774|emb|OY673254.1|	91.228	57	4	1	2	57	21721	21777	2.20e-09	76.8	2697049	N/A
72_8_2133_51803_22068/1	gi|2557638192|emb|OY694677.1|	91.228	57	2	3	2	57	4292	4346	7.91e-09	75.0	2697049	N/A
72_8_1141_4213_14433/1	gi|2978724457|gb|PV611058.1|	90.099	101	6	3	40	137	295320	295419	5.98e-25	128	3421660	N/A
72_8_1141_4213_14433/1	gi|2978724457|gb|PV611058.1|	91.803	61	1	3	40	97	295783	295842	4.72e-11	82.4	3421660	N/A
72_8_1141_4213_14433/1	gi|2830983252|gb|CP170844.1|	87.234	94	9	2	41	131	4083423	4083330	1.01e-17	104	573	N/A
72_8_1141_4213_14433/1	gi|2557643774|emb|OY673254.1|	95.652	46	2	0	41	86	21732	21777	7.91e-09	75.0	2697049	N/A
72_8_1141_4213_14433/1	gi|2463378371|dbj|AP027461.1|	93.878	49	3	0	38	86	1299629	1299677	7.91e-09	75.0	511145	N/A
72_8_1141_4213_14433/1	gi|2463378371|dbj|AP027461.1|	95.652	46	2	0	41	86	1628404	1628359	7.91e-09	75.0	511145	N/A
72_8_1141_4213_14433/1	gi|685047827|emb|LN596339.1|	94.000	50	1	2	33	80	601778	601827	7.91e-09	75.0	7962	N/A
72_8_2320_39390_23861/1	gi|2978724457|gb|PV611058.1|	91.379	58	1	3	83	137	295320	295376	2.20e-09	76.8	3421660	N/A
72_8_2320_39390_23861/1	gi|2978724457|gb|PV611058.1|	91.379	58	1	3	83	137	295783	295839	2.20e-09	76.8	3421660	N/A
72_8_2320_39390_23861/1	gi|2524352013|emb|OY072335.1|	97.727	44	1	0	74	117	21648	21691	2.20e-09	76.8	2697049	N/A
72_8_2320_39390_23861/1	gi|2557643774|emb|OY673254.1|	95.652	46	2	0	84	129	21732	21777	7.91e-09	75.0	2697049	N/A
72_8_2320_39390_23861/1	gi|2463378371|dbj|AP027461.1|	95.652	46	2	0	84	129	1299632	1299677	7.91e-09	75.0	511145	N/A
72_8_2320_39390_23861/1	gi|2463378371|dbj|AP027461.1|	95.652	46	2	0	84	129	1628404	1628359	7.91e-09	75.0	511145	N/A
72_8_2320_39390_23861/1	gi|685042175|emb|LN590700.1|	86.957	69	5	4	60	124	14033967	14033899	7.91e-09	75.0	7962	N/A
72_8_2320_39390_23861/1	gi|685042175|emb|LN590700.1|	95.238	42	0	2	84	123	15778538	15778579	4.76e-06	65.8	7962	N/A
72_8_2337_48631_8732/1	gi|2978724457|gb|PV611058.1|	84.444	90	10	3	51	137	295321	295409	3.65e-12	86.1	3421660	N/A
72_8_2337_48631_8732/1	gi|2978724457|gb|PV611058.1|	88.710	62	1	5	51	109	295784	295842	1.02e-07	71.3	3421660	N/A
72_8_2337_48631_8732/1	gi|2830983252|gb|CP170844.1|	83.146	89	11	4	51	137	4083423	4083337	6.11e-10	78.7	573	N/A
72_8_2337_48631_8732/1	gi|2557643774|emb|OY673254.1|	95.652	46	2	0	51	96	21732	21777	7.91e-09	75.0	2697049	N/A
72_8_2337_48631_8732/1	gi|2463378371|dbj|AP027461.1|	92.453	53	2	2	46	96	1299625	1299677	7.91e-09	75.0	511145	N/A
72_8_2337_48631_8732/1	gi|2463378371|dbj|AP027461.1|	95.652	46	2	0	51	96	1628404	1628359	7.91e-09	75.0	511145	N/A
72_8_2337_48631_8732/1	gi|2560502367|emb|OY629453.1|	100.000	38	0	0	49	86	5916	5953	1.02e-07	71.3	2697049	N/A
72_8_2427_41243_4516/1	gi|2872521186|emb|OZ211468.1|	85.185	81	12	0	2	82	18887798	18887878	1.31e-11	84.2	29760	N/A
72_8_2427_41243_4516/1	gi|2872515601|emb|OZ210987.1|	85.185	81	12	0	2	82	18443565	18443645	1.31e-11	84.2	29760	N/A
72_8_2427_41243_4516/1	gi|2787448815|gb|CP161621.1|	85.185	81	12	0	2	82	18852231	18852311	1.31e-11	84.2	29760	N/A
72_8_2427_41243_4516/1	gi|2787448795|gb|CP161678.1|	85.185	81	12	0	2	82	18807836	18807916	1.31e-11	84.2	29760	N/A
72_8_2427_41243_4516/1	gi|147769107|emb|AM441351.2|	82.716	81	14	0	2	82	1337	1257	2.20e-09	76.8	29760	N/A
72_8_2282_9278_21213/1	gi|2978724457|gb|PV611058.1|	91.200	125	8	3	15	137	295321	295444	1.27e-36	167	3421660	N/A
72_8_2282_9278_21213/1	gi|2978724457|gb|PV611058.1|	91.525	59	3	2	15	71	295784	295842	1.70e-10	80.5	3421660	N/A
72_8_2282_9278_21213/1	gi|2830983252|gb|CP170844.1|	87.500	96	9	2	14	107	4083424	4083330	7.79e-19	108	573	N/A
72_8_2282_9278_21213/1	gi|2557643774|emb|OY673254.1|	93.878	49	3	0	12	60	21729	21777	7.91e-09	75.0	2697049	N/A
72_8_2282_9278_21213/1	gi|780644672|ref|XM_011690559.1|	100.000	38	0	0	15	52	1038	1075	1.02e-07	71.3	64793	N/A
72_8_2282_9278_21213/1	gi|2165832678|emb|OV195277.1|	93.617	47	3	0	14	60	133	87	1.02e-07	71.3	2697049	N/A
72_8_1380_20389_19995/1	gi|2830983252|gb|CP170844.1|	90.625	96	5	3	42	135	4083423	4083330	7.74e-24	124	573	N/A
72_8_1380_20389_19995/1	gi|2978724457|gb|PV611058.1|	82.828	99	13	3	42	137	295321	295418	3.65e-12	86.1	3421660	N/A
72_8_1380_20389_19995/1	gi|2978724457|gb|PV611058.1|	91.935	62	1	3	42	100	295784	295844	1.31e-11	84.2	3421660	N/A
72_8_1380_20389_19995/1	gi|685042185|emb|LN590710.1|	97.727	44	1	0	32	75	9162079	9162122	2.20e-09	76.8	7962	N/A
72_8_1380_20389_19995/1	gi|685042185|emb|LN590710.1|	95.238	42	0	2	42	81	3790452	3790411	4.76e-06	65.8	7962	N/A
72_8_1380_20389_19995/1	gi|685042185|emb|LN590710.1|	95.238	42	0	2	42	81	6008694	6008735	4.76e-06	65.8	7962	N/A
72_8_1380_20389_19995/1	gi|685042185|emb|LN590710.1|	95.238	42	0	2	42	81	10218503	10218544	4.76e-06	65.8	7962	N/A
72_8_1380_20389_19995/1	gi|2557643774|emb|OY673254.1|	95.652	46	2	0	42	87	21732	21777	7.91e-09	75.0	2697049	N/A
72_8_1380_20389_19995/1	gi|2463378371|dbj|AP027461.1|	95.652	46	2	0	42	87	1299632	1299677	7.91e-09	75.0	511145	N/A
72_8_1380_20389_19995/1	gi|2463378371|dbj|AP027461.1|	95.652	46	2	0	42	87	1628404	1628359	7.91e-09	75.0	511145	N/A
72_8_2357_43573_21886/1	gi|2978724457|gb|PV611058.1|	91.228	57	1	3	69	122	295321	295376	7.91e-09	75.0	3421660	N/A
72_8_2357_43573_21886/1	gi|2978724457|gb|PV611058.1|	91.228	57	1	3	69	122	295784	295839	7.91e-09	75.0	3421660	N/A
72_8_2357_43573_21886/1	gi|2557643774|emb|OY673254.1|	95.652	46	2	0	69	114	21732	21777	7.91e-09	75.0	2697049	N/A
72_8_2357_43573_21886/1	gi|2463378371|dbj|AP027461.1|	95.652	46	2	0	69	114	1299632	1299677	7.91e-09	75.0	511145	N/A
72_8_2357_43573_21886/1	gi|2463378371|dbj|AP027461.1|	95.652	46	2	0	69	114	1628404	1628359	7.91e-09	75.0	511145	N/A
72_8_2357_43573_21886/1	gi|685042161|emb|LN590686.1|	92.593	54	1	3	57	108	20813819	20813871	7.91e-09	75.0	7962	N/A
72_8_2357_43573_21886/1	gi|685042161|emb|LN590686.1|	95.349	43	0	2	68	108	4545830	4545872	1.32e-06	67.6	7962	N/A
72_8_2357_43573_21886/1	gi|685042161|emb|LN590686.1|	95.349	43	0	2	68	108	28125759	28125801	1.32e-06	67.6	7962	N/A
72_8_2357_43573_21886/1	gi|685042161|emb|LN590686.1|	91.837	49	0	4	64	108	6380187	6380235	4.76e-06	65.8	7962	N/A
72_8_2357_43573_21886/1	gi|685042161|emb|LN590686.1|	95.238	42	0	2	69	108	12304839	12304798	4.76e-06	65.8	7962	N/A
72_8_2357_43573_21886/1	gi|685042161|emb|LN590686.1|	95.238	42	0	2	69	108	17091846	17091887	4.76e-06	65.8	7962	N/A
72_8_2357_43573_21886/1	gi|685042161|emb|LN590686.1|	94.872	39	0	2	72	108	12436830	12436868	2.21e-04	60.2	7962	N/A
72_8_2357_43573_21886/1	gi|2830983252|gb|CP170844.1|	85.915	71	7	2	69	137	4083423	4083354	2.84e-08	73.1	573	N/A
72_8_1358_20972_24449/1	gi|2830983252|gb|CP170844.1|	89.583	96	7	2	40	133	4083424	4083330	3.60e-22	119	573	N/A
72_8_1358_20972_24449/1	gi|2978724457|gb|PV611058.1|	84.000	100	12	3	41	137	295321	295419	2.18e-14	93.5	3421660	N/A
72_8_1358_20972_24449/1	gi|2978724457|gb|PV611058.1|	90.323	62	2	3	41	99	295784	295844	6.11e-10	78.7	3421660	N/A
72_8_1358_20972_24449/1	gi|2557643774|emb|OY673254.1|	91.228	57	4	1	31	86	21721	21777	2.20e-09	76.8	2697049	N/A
72_8_1358_20972_24449/1	gi|2463378371|dbj|AP027461.1|	95.652	46	2	0	41	86	1299632	1299677	7.91e-09	75.0	511145	N/A
72_8_1358_20972_24449/1	gi|2463378371|dbj|AP027461.1|	95.652	46	2	0	41	86	1628404	1628359	7.91e-09	75.0	511145	N/A
72_8_1358_20972_24449/1	gi|2165836832|emb|OV197136.1|	92.593	54	1	3	34	86	122	71	7.91e-09	75.0	2697049	N/A
72_8_1205_24840_2457/1	gi|2978724457|gb|PV611058.1|	93.798	129	1	5	11	136	295320	295444	9.73e-43	187	3421660	N/A
72_8_1205_24840_2457/1	gi|2978724457|gb|PV611058.1|	91.803	61	1	3	11	68	295783	295842	4.72e-11	82.4	3421660	N/A
72_8_1205_24840_2457/1	gi|2830983252|gb|CP170844.1|	85.106	94	11	2	12	102	4083423	4083330	2.18e-14	93.5	573	N/A
72_8_1205_24840_2457/1	gi|2710394916|tpg|BK066886.1|	97.778	45	0	1	2	45	29303	29347	2.20e-09	76.8	3116700	N/A
72_8_1205_24840_2457/1	gi|2557643774|emb|OY673254.1|	91.228	57	4	1	2	57	21721	21777	2.20e-09	76.8	2697049	N/A
72_8_1205_24840_2457/1	gi|685042802|emb|LN591327.1|	94.231	52	0	3	2	51	61998	62048	2.20e-09	76.8	7962	N/A
72_8_2139_17751_2737/1	gi|2830983252|gb|CP170844.1|	84.884	86	10	2	55	137	4083424	4083339	1.31e-11	84.2	573	N/A
72_8_2139_17751_2737/1	gi|2978724457|gb|PV611058.1|	84.706	85	9	3	56	137	295321	295404	4.72e-11	82.4	3421660	N/A
72_8_2139_17751_2737/1	gi|2978724457|gb|PV611058.1|	90.476	63	1	4	56	115	295784	295844	6.11e-10	78.7	3421660	N/A
72_8_2139_17751_2737/1	gi|2755084441|gb|PP943425.1|	94.000	50	1	2	52	100	67587	67635	7.91e-09	75.0	10258	N/A
72_8_2139_17751_2737/1	gi|2755084441|gb|PP943425.1|	93.617	47	1	2	56	101	67825	67780	3.68e-07	69.4	10258	N/A
72_8_2139_17751_2737/1	gi|2557643774|emb|OY673254.1|	95.652	46	2	0	56	101	21732	21777	7.91e-09	75.0	2697049	N/A
72_8_2139_17751_2737/1	gi|2463378371|dbj|AP027461.1|	95.652	46	2	0	56	101	1299632	1299677	7.91e-09	75.0	511145	N/A
72_8_2139_17751_2737/1	gi|2463378371|dbj|AP027461.1|	95.652	46	2	0	56	101	1628404	1628359	7.91e-09	75.0	511145	N/A
72_8_1273_36525_12654/1	gi|2978724457|gb|PV611058.1|	89.313	131	1	6	1	128	295324	295444	3.55e-32	152	3421660	N/A
72_8_1273_36525_12654/1	gi|2978724457|gb|PV611058.1|	91.228	57	1	3	1	54	295787	295842	7.91e-09	75.0	3421660	N/A
72_8_1273_36525_12654/1	gi|2830983252|gb|CP170844.1|	87.234	94	7	3	1	92	4083420	4083330	3.63e-17	102	573	N/A
72_8_1273_36525_12654/1	gi|2557643774|emb|OY673254.1|	95.349	43	2	0	1	43	21735	21777	3.68e-07	69.4	2697049	N/A
72_8_1273_36525_12654/1	gi|2463378371|dbj|AP027461.1|	95.349	43	2	0	1	43	1299635	1299677	3.68e-07	69.4	511145	N/A
72_8_1273_36525_12654/1	gi|2463378371|dbj|AP027461.1|	95.349	43	2	0	1	43	1628401	1628359	3.68e-07	69.4	511145	N/A
72_8_1273_36525_12654/1	gi|2755084441|gb|PP943425.1|	93.182	44	1	2	1	43	67822	67780	1.71e-05	63.9	10258	N/A
72_8_1273_36525_12654/1	gi|2755084441|gb|PP943425.1|	93.023	43	1	2	1	42	67594	67635	6.15e-05	62.1	10258	N/A
72_8_2223_21069_23637/1	gi|2810943409|gb|CP168792.1|	85.294	136	20	0	2	137	39509882	39509747	7.68e-29	141	3750	N/A
72_8_2223_21069_23637/1	gi|2810943377|gb|CP168775.1|	85.294	136	20	0	2	137	39471779	39471644	7.68e-29	141	3750	N/A
72_8_2223_21069_23637/1	gi|2785275855|gb|CP165711.1|	85.294	136	20	0	2	137	39861084	39860949	7.68e-29	141	3750	N/A
72_8_2223_21069_23637/1	gi|2785275837|gb|CP165694.1|	85.294	136	20	0	2	137	40702606	40702471	7.68e-29	141	3750	N/A
72_8_2223_21069_23637/1	gi|2700491681|gb|CP147812.1|	85.294	136	20	0	2	137	1861037	1861172	7.68e-29	141	3750	N/A
72_8_2484_45119_19882/1	gi|2978724457|gb|PV611058.1|	89.474	76	4	3	65	137	295321	295395	2.18e-14	93.5	3421660	N/A
72_8_2484_45119_19882/1	gi|2978724457|gb|PV611058.1|	91.667	60	1	3	65	121	295784	295842	1.70e-10	80.5	3421660	N/A
72_8_2484_45119_19882/1	gi|2165836832|emb|OV197136.1|	94.231	52	1	2	60	110	121	71	6.11e-10	78.7	2697049	N/A
72_8_2484_45119_19882/1	gi|2165834303|emb|OV196009.1|	94.118	51	3	0	60	110	120	70	6.11e-10	78.7	2697049	N/A
72_8_2484_45119_19882/1	gi|2165834303|emb|OV196009.1|	97.561	41	1	0	64	104	29911	29951	1.02e-07	71.3	2697049	N/A
72_8_2484_45119_19882/1	gi|2165832678|emb|OV195277.1|	94.231	52	1	2	60	110	137	87	6.11e-10	78.7	2697049	N/A
72_8_2484_45119_19882/1	gi|2165836382|emb|OV196890.1|	100.000	41	0	0	60	100	122	82	2.20e-09	76.8	2697049	N/A
72_8_1179_22283_10861/1	gi|2978724457|gb|PV611058.1|	89.313	131	9	4	10	137	295316	295444	2.12e-34	159	3421660	N/A
72_8_1179_22283_10861/1	gi|2978724457|gb|PV611058.1|	90.769	65	2	3	10	71	295779	295842	1.31e-11	84.2	3421660	N/A
72_8_1179_22283_10861/1	gi|2830983252|gb|CP170844.1|	90.426	94	6	2	15	105	4083423	4083330	1.00e-22	121	573	N/A
72_8_1179_22283_10861/1	gi|2557643774|emb|OY673254.1|	95.652	46	2	0	15	60	21732	21777	7.91e-09	75.0	2697049	N/A
72_8_1179_22283_10861/1	gi|2463378371|dbj|AP027461.1|	95.652	46	2	0	15	60	1299632	1299677	7.91e-09	75.0	511145	N/A
72_8_1179_22283_10861/1	gi|2463378371|dbj|AP027461.1|	95.652	46	2	0	15	60	1628404	1628359	7.91e-09	75.0	511145	N/A
72_8_1179_22283_10861/1	gi|685042247|emb|LN590772.1|	95.745	47	0	2	10	54	76662	76708	7.91e-09	75.0	7962	N/A
72_8_1307_2246_13999/1	gi|685042161|emb|LN590686.1|	92.593	54	1	3	72	123	20813819	20813871	7.91e-09	75.0	7962	N/A
72_8_1307_2246_13999/1	gi|685042161|emb|LN590686.1|	95.349	43	0	2	83	123	4545830	4545872	1.32e-06	67.6	7962	N/A
72_8_1307_2246_13999/1	gi|685042161|emb|LN590686.1|	95.349	43	0	2	83	123	28125759	28125801	1.32e-06	67.6	7962	N/A
72_8_1307_2246_13999/1	gi|685042161|emb|LN590686.1|	95.238	42	0	2	84	123	6380194	6380235	4.76e-06	65.8	7962	N/A
72_8_1307_2246_13999/1	gi|685042161|emb|LN590686.1|	95.238	42	0	2	84	123	12304839	12304798	4.76e-06	65.8	7962	N/A
72_8_1307_2246_13999/1	gi|685042161|emb|LN590686.1|	95.238	42	0	2	84	123	17091846	17091887	4.76e-06	65.8	7962	N/A
72_8_1307_2246_13999/1	gi|685042161|emb|LN590686.1|	94.872	39	0	2	87	123	12436830	12436868	2.21e-04	60.2	7962	N/A
72_8_1307_2246_13999/1	gi|2560502367|emb|OY629453.1|	100.000	39	0	0	81	119	5915	5953	2.84e-08	73.1	2697049	N/A
72_8_1307_2246_13999/1	gi|685043901|emb|LN592426.1|	94.000	50	0	3	76	123	375100	375148	2.84e-08	73.1	7962	N/A
72_8_1307_2246_13999/1	gi|685042185|emb|LN590710.1|	90.741	54	5	0	64	117	9162069	9162122	2.84e-08	73.1	7962	N/A
72_8_1307_2246_13999/1	gi|685042185|emb|LN590710.1|	95.238	42	0	2	84	123	3790452	3790411	4.76e-06	65.8	7962	N/A
72_8_1307_2246_13999/1	gi|685042185|emb|LN590710.1|	93.333	45	1	2	81	123	6008691	6008735	4.76e-06	65.8	7962	N/A
72_8_1307_2246_13999/1	gi|685042185|emb|LN590710.1|	89.091	55	2	3	73	123	10218490	10218544	4.76e-06	65.8	7962	N/A
72_8_1307_2246_13999/1	gi|2557643774|emb|OY673254.1|	95.455	44	2	0	84	127	21732	21775	1.02e-07	71.3	2697049	N/A
72_8_1209_21247_6631/1	gi|2978724457|gb|PV611058.1|	90.909	66	2	3	69	131	295321	295385	3.65e-12	86.1	3421660	N/A
72_8_1209_21247_6631/1	gi|2978724457|gb|PV611058.1|	91.667	60	1	3	69	125	295784	295842	1.70e-10	80.5	3421660	N/A
72_8_1209_21247_6631/1	gi|685046795|emb|LN595320.1|	95.833	48	0	2	63	108	140295	140342	2.20e-09	76.8	7962	N/A
72_8_1209_21247_6631/1	gi|685045018|emb|LN593543.1|	95.833	48	0	2	63	108	140101	140148	2.20e-09	76.8	7962	N/A
72_8_1209_21247_6631/1	gi|2557643774|emb|OY673254.1|	95.652	46	2	0	69	114	21732	21777	7.91e-09	75.0	2697049	N/A
72_8_1209_21247_6631/1	gi|2463378371|dbj|AP027461.1|	95.652	46	2	0	69	114	1299632	1299677	7.91e-09	75.0	511145	N/A
72_8_1209_21247_6631/1	gi|2463378371|dbj|AP027461.1|	95.652	46	2	0	69	114	1628404	1628359	7.91e-09	75.0	511145	N/A
72_8_2273_9553_19700/1	gi|685042161|emb|LN590686.1|	94.444	54	0	3	57	108	20813819	20813871	1.70e-10	80.5	7962	N/A
72_8_2273_9553_19700/1	gi|685042161|emb|LN590686.1|	95.455	44	0	2	67	108	6380192	6380235	3.68e-07	69.4	7962	N/A
72_8_2273_9553_19700/1	gi|685042161|emb|LN590686.1|	95.238	42	0	2	69	108	4545831	4545872	4.76e-06	65.8	7962	N/A
72_8_2273_9553_19700/1	gi|685042161|emb|LN590686.1|	95.238	42	0	2	69	108	12304839	12304798	4.76e-06	65.8	7962	N/A
72_8_2273_9553_19700/1	gi|685042161|emb|LN590686.1|	95.238	42	0	2	69	108	17091846	17091887	4.76e-06	65.8	7962	N/A
72_8_2273_9553_19700/1	gi|685042161|emb|LN590686.1|	95.238	42	0	2	69	108	28125760	28125801	4.76e-06	65.8	7962	N/A
72_8_2273_9553_19700/1	gi|685042161|emb|LN590686.1|	94.872	39	0	2	72	108	12436830	12436868	2.21e-04	60.2	7962	N/A
72_8_2273_9553_19700/1	gi|2978724457|gb|PV611058.1|	90.323	62	2	3	64	122	295316	295376	6.11e-10	78.7	3421660	N/A
72_8_2273_9553_19700/1	gi|2978724457|gb|PV611058.1|	90.323	62	2	3	64	122	295779	295839	6.11e-10	78.7	3421660	N/A
72_8_2273_9553_19700/1	gi|2557643774|emb|OY673254.1|	95.652	46	2	0	69	114	21732	21777	7.91e-09	75.0	2697049	N/A
72_8_2273_9553_19700/1	gi|2463378371|dbj|AP027461.1|	93.878	49	3	0	66	114	1299629	1299677	7.91e-09	75.0	511145	N/A
72_8_2273_9553_19700/1	gi|2463378371|dbj|AP027461.1|	95.652	46	2	0	69	114	1628404	1628359	7.91e-09	75.0	511145	N/A
72_8_2273_9553_19700/1	gi|685047827|emb|LN596339.1|	94.000	50	1	2	61	108	601778	601827	7.91e-09	75.0	7962	N/A
72_8_2273_38742_28932/1	gi|2978724457|gb|PV611058.1|	94.488	127	1	5	12	135	295321	295444	7.52e-44	191	3421660	N/A
72_8_2273_38742_28932/1	gi|2978724457|gb|PV611058.1|	91.667	60	1	3	12	68	295784	295842	1.70e-10	80.5	3421660	N/A
72_8_2273_38742_28932/1	gi|1476019893|gb|MH883760.1|	94.000	50	1	1	8	57	58057	58010	7.91e-09	75.0	10376	N/A
72_8_2273_38742_28932/1	gi|1476019893|gb|MH883760.1|	100.000	34	0	0	12	45	88232	88199	1.71e-05	63.9	10376	N/A
72_8_2273_38742_28932/1	gi|2557643774|emb|OY673254.1|	95.652	46	2	0	12	57	21732	21777	7.91e-09	75.0	2697049	N/A
72_8_2273_38742_28932/1	gi|2463378371|dbj|AP027461.1|	95.652	46	2	0	12	57	1299632	1299677	7.91e-09	75.0	511145	N/A
72_8_2273_38742_28932/1	gi|2463378371|dbj|AP027461.1|	95.652	46	2	0	12	57	1628404	1628359	7.91e-09	75.0	511145	N/A
72_8_2273_38742_28932/1	gi|2830983252|gb|CP170844.1|	100.000	36	0	0	10	45	4083425	4083390	1.32e-06	67.6	573	N/A
72_8_2175_12580_11072/1	gi|2978724457|gb|PV611058.1|	93.077	130	3	5	11	137	295318	295444	3.50e-42	185	3421660	N/A
72_8_2175_12580_11072/1	gi|2978724457|gb|PV611058.1|	90.625	64	1	4	11	71	295781	295842	1.70e-10	80.5	3421660	N/A
72_8_2175_12580_11072/1	gi|2830983252|gb|CP170844.1|	85.263	95	10	2	14	104	4083424	4083330	6.07e-15	95.3	573	N/A
72_8_2175_12580_11072/1	gi|2557643774|emb|OY673254.1|	93.878	49	3	0	12	60	21729	21777	7.91e-09	75.0	2697049	N/A
72_8_2175_12580_11072/1	gi|2463378371|dbj|AP027461.1|	95.652	46	2	0	15	60	1299632	1299677	7.91e-09	75.0	511145	N/A
72_8_2175_12580_11072/1	gi|2463378371|dbj|AP027461.1|	95.652	46	2	0	15	60	1628404	1628359	7.91e-09	75.0	511145	N/A
72_8_2175_12580_11072/1	gi|685042242|emb|LN590767.1|	95.745	47	0	2	10	54	603261	603215	7.91e-09	75.0	7962	N/A
72_8_1327_47862_7878/1	gi|685042180|emb|LN590705.1|	95.238	42	0	2	17	56	14508260	14508301	4.76e-06	65.8	7962	N/A
72_8_2260_16084_27643/1	gi|2524352013|emb|OY072335.1|	100.000	44	0	0	77	120	21648	21691	4.72e-11	82.4	2697049	N/A
72_8_2260_16084_27643/1	gi|685042185|emb|LN590710.1|	94.118	51	3	0	70	120	9162072	9162122	6.11e-10	78.7	7962	N/A
72_8_2260_16084_27643/1	gi|685042185|emb|LN590710.1|	95.238	42	0	2	87	126	3790452	3790411	4.76e-06	65.8	7962	N/A
72_8_2260_16084_27643/1	gi|685042185|emb|LN590710.1|	95.238	42	0	2	87	126	6008694	6008735	4.76e-06	65.8	7962	N/A
72_8_2260_16084_27643/1	gi|685042185|emb|LN590710.1|	89.091	55	2	4	76	126	10218490	10218544	4.76e-06	65.8	7962	N/A
72_8_2260_16084_27643/1	gi|2557643774|emb|OY673254.1|	95.652	46	2	0	87	132	21732	21777	7.91e-09	75.0	2697049	N/A
72_8_2260_16084_27643/1	gi|2463378371|dbj|AP027461.1|	95.652	46	2	0	87	132	1299632	1299677	7.91e-09	75.0	511145	N/A
72_8_2260_16084_27643/1	gi|2463378371|dbj|AP027461.1|	95.652	46	2	0	87	132	1628404	1628359	7.91e-09	75.0	511145	N/A
72_8_2260_16084_27643/1	gi|2991388636|dbj|AP040949.1|	100.000	39	0	0	84	122	3527635	3527673	2.84e-08	73.1	573	N/A
72_8_2432_28069_13705/1	gi|2978724457|gb|PV611058.1|	92.913	127	4	4	14	137	295320	295444	1.63e-40	180	3421660	N/A
72_8_2432_28069_13705/1	gi|2978724457|gb|PV611058.1|	91.803	61	1	3	14	71	295783	295842	4.72e-11	82.4	3421660	N/A
72_8_2432_28069_13705/1	gi|2830983252|gb|CP170844.1|	86.170	94	10	2	15	105	4083423	4083330	4.69e-16	99.0	573	N/A
72_8_2432_28069_13705/1	gi|685049950|emb|LN598462.1|	95.833	48	0	2	9	54	1938274	1938321	2.20e-09	76.8	7962	N/A
72_8_2432_28069_13705/1	gi|2557643774|emb|OY673254.1|	95.652	46	2	0	15	60	21732	21777	7.91e-09	75.0	2697049	N/A
72_8_2432_28069_13705/1	gi|2463378371|dbj|AP027461.1|	95.652	46	2	0	15	60	1299632	1299677	7.91e-09	75.0	511145	N/A
72_8_2432_28069_13705/1	gi|2463378371|dbj|AP027461.1|	95.652	46	2	0	15	60	1628404	1628359	7.91e-09	75.0	511145	N/A
72_8_2131_10096_13103/1	gi|2978724457|gb|PV611058.1|	91.339	127	6	4	14	137	295320	295444	3.53e-37	169	3421660	N/A
72_8_2131_10096_13103/1	gi|2978724457|gb|PV611058.1|	91.803	61	1	3	14	71	295783	295842	4.72e-11	82.4	3421660	N/A
72_8_2131_10096_13103/1	gi|2830983252|gb|CP170844.1|	84.375	96	11	2	15	108	4083423	4083330	7.85e-14	91.6	573	N/A
72_8_2131_10096_13103/1	gi|2557643774|emb|OY673254.1|	92.593	54	3	1	8	60	21724	21777	2.20e-09	76.8	2697049	N/A
72_8_2131_10096_13103/1	gi|2463378371|dbj|AP027461.1|	95.652	46	2	0	15	60	1299632	1299677	7.91e-09	75.0	511145	N/A
72_8_2131_10096_13103/1	gi|2463378371|dbj|AP027461.1|	95.652	46	2	0	15	60	1628404	1628359	7.91e-09	75.0	511145	N/A
72_8_2131_10096_13103/1	gi|685042277|emb|LN590802.1|	95.745	47	0	2	10	54	1043034	1043080	7.91e-09	75.0	7962	N/A
72_8_2137_23634_23679/1	gi|2978724457|gb|PV611058.1|	84.921	126	14	4	15	137	295321	295444	2.78e-23	122	3421660	N/A
72_8_2137_23634_23679/1	gi|2978724457|gb|PV611058.1|	88.889	63	2	4	15	74	295784	295844	2.84e-08	73.1	3421660	N/A
72_8_2137_23634_23679/1	gi|2830983252|gb|CP170844.1|	85.714	98	8	4	15	110	4083423	4083330	4.69e-16	99.0	573	N/A
72_8_2137_23634_23679/1	gi|2557643774|emb|OY673254.1|	95.652	46	2	0	15	60	21732	21777	7.91e-09	75.0	2697049	N/A
72_8_2137_23634_23679/1	gi|2463378371|dbj|AP027461.1|	95.652	46	2	0	15	60	1299632	1299677	7.91e-09	75.0	511145	N/A
72_8_2137_23634_23679/1	gi|2463378371|dbj|AP027461.1|	93.878	49	3	0	15	63	1628404	1628356	7.91e-09	75.0	511145	N/A
72_8_2137_23634_23679/1	gi|685043901|emb|LN592426.1|	94.118	51	0	3	6	54	375099	375148	7.91e-09	75.0	7962	N/A
72_8_1430_50314_29604/1	gi|685051416|emb|LN599928.1|	93.478	46	1	2	93	136	8192	8237	1.32e-06	67.6	7962	N/A
72_8_1430_50314_29604/1	gi|685048206|emb|LN596718.1|	97.436	39	1	0	93	131	51897	51935	1.32e-06	67.6	7962	N/A
72_8_1430_50314_29604/1	gi|685045708|emb|LN594233.1|	90.385	52	3	2	87	136	80413	80362	1.32e-06	67.6	7962	N/A
72_8_1430_50314_29604/1	gi|685043901|emb|LN592426.1|	92.000	50	1	3	89	136	375100	375148	1.32e-06	67.6	7962	N/A
72_8_1430_50314_29604/1	gi|2991388621|dbj|AP040934.1|	100.000	35	0	0	98	132	4900949	4900915	4.76e-06	65.8	562	N/A
72_8_1430_50314_29604/1	gi|2991388621|dbj|AP040934.1|	100.000	34	0	0	99	132	146951	146984	1.71e-05	63.9	562	N/A
72_8_2253_28700_23482/1	gi|2978724457|gb|PV611058.1|	93.701	127	1	5	2	125	295322	295444	1.26e-41	183	3421660	N/A
72_8_2253_28700_23482/1	gi|2978724457|gb|PV611058.1|	91.525	59	1	3	2	57	295785	295842	6.11e-10	78.7	3421660	N/A
72_8_2253_28700_23482/1	gi|2830983252|gb|CP170844.1|	84.946	93	11	2	2	91	4083422	4083330	7.85e-14	91.6	573	N/A
72_8_2253_28700_23482/1	gi|2557643774|emb|OY673254.1|	95.556	45	2	0	2	46	21733	21777	2.84e-08	73.1	2697049	N/A
72_8_2253_28700_23482/1	gi|2463378371|dbj|AP027461.1|	95.556	45	2	0	2	46	1299633	1299677	2.84e-08	73.1	511145	N/A
72_8_2253_28700_23482/1	gi|2463378371|dbj|AP027461.1|	95.556	45	2	0	2	46	1628403	1628359	2.84e-08	73.1	511145	N/A
72_8_2253_28700_23482/1	gi|2755084441|gb|PP943425.1|	93.478	46	1	2	2	46	67824	67780	1.32e-06	67.6	10258	N/A
72_8_2253_28700_23482/1	gi|2755084441|gb|PP943425.1|	93.333	45	1	2	2	45	67592	67635	4.76e-06	65.8	10258	N/A
72_8_2412_28570_9307/1	gi|2830983252|gb|CP170844.1|	86.747	83	9	1	57	137	4083423	4083341	7.85e-14	91.6	573	N/A
72_8_2412_28570_9307/1	gi|2978724457|gb|PV611058.1|	85.714	84	8	3	57	137	295321	295403	3.65e-12	86.1	3421660	N/A
72_8_2412_28570_9307/1	gi|2978724457|gb|PV611058.1|	91.667	60	1	3	57	113	295784	295842	1.70e-10	80.5	3421660	N/A
72_8_2412_28570_9307/1	gi|2557643774|emb|OY673254.1|	95.652	46	2	0	57	102	21732	21777	7.91e-09	75.0	2697049	N/A
72_8_2412_28570_9307/1	gi|2463378371|dbj|AP027461.1|	93.878	49	3	0	54	102	1299629	1299677	7.91e-09	75.0	511145	N/A
72_8_2412_28570_9307/1	gi|2463378371|dbj|AP027461.1|	95.652	46	2	0	57	102	1628404	1628359	7.91e-09	75.0	511145	N/A
72_8_2412_28570_9307/1	gi|685049067|emb|LN597579.1|	100.000	40	0	0	52	91	1397	1436	7.91e-09	75.0	7962	N/A
72_8_2480_24128_3129/1	gi|2978724457|gb|PV611058.1|	89.189	111	10	2	29	137	295320	295430	9.94e-28	137	3421660	N/A
72_8_2480_24128_3129/1	gi|2978724457|gb|PV611058.1|	91.667	60	3	2	29	86	295783	295842	4.72e-11	82.4	3421660	N/A
72_8_2480_24128_3129/1	gi|2830983252|gb|CP170844.1|	89.362	94	8	1	30	121	4083423	4083330	1.30e-21	117	573	N/A
72_8_2480_24128_3129/1	gi|2557643774|emb|OY673254.1|	95.652	46	2	0	30	75	21732	21777	7.91e-09	75.0	2697049	N/A
72_8_2480_24128_3129/1	gi|685042188|emb|LN590713.1|	100.000	39	0	0	29	67	7120047	7120085	2.84e-08	73.1	7962	N/A
72_8_2480_24128_3129/1	gi|685042188|emb|LN590713.1|	100.000	30	0	0	30	59	16189618	16189589	0.003	56.5	7962	N/A
72_8_2480_24128_3129/1	gi|2957929922|dbj|AP038990.1|	100.000	38	0	0	26	63	4785020	4784983	1.02e-07	71.3	84557	N/A
72_8_2473_34607_24631/1	gi|2978724457|gb|PV611058.1|	94.488	127	1	5	12	135	295321	295444	7.52e-44	191	3421660	N/A
72_8_2473_34607_24631/1	gi|2978724457|gb|PV611058.1|	91.667	60	1	3	12	68	295784	295842	1.70e-10	80.5	3421660	N/A
72_8_2473_34607_24631/1	gi|2830983252|gb|CP170844.1|	84.043	94	11	2	12	101	4083423	4083330	1.02e-12	87.9	573	N/A
72_8_2473_34607_24631/1	gi|2557643774|emb|OY673254.1|	92.593	54	3	1	5	57	21724	21777	2.20e-09	76.8	2697049	N/A
72_8_2473_34607_24631/1	gi|2463378371|dbj|AP027461.1|	95.652	46	2	0	12	57	1299632	1299677	7.91e-09	75.0	511145	N/A
72_8_2473_34607_24631/1	gi|2463378371|dbj|AP027461.1|	95.652	46	2	0	12	57	1628404	1628359	7.91e-09	75.0	511145	N/A
72_8_2473_34607_24631/1	gi|685044342|emb|LN592867.1|	95.745	47	0	2	7	51	33482	33436	7.91e-09	75.0	7962	N/A
72_8_2184_21538_8256/1	gi|2978724457|gb|PV611058.1|	88.542	96	7	3	45	137	295318	295412	1.68e-20	113	3421660	N/A
72_8_2184_21538_8256/1	gi|2978724457|gb|PV611058.1|	92.063	63	1	3	45	104	295781	295842	3.65e-12	86.1	3421660	N/A
72_8_2184_21538_8256/1	gi|2830983252|gb|CP170844.1|	88.043	92	9	1	48	137	4083423	4083332	7.79e-19	108	573	N/A
72_8_2184_21538_8256/1	gi|685042175|emb|LN590700.1|	94.231	52	1	2	39	88	14033950	14033899	6.11e-10	78.7	7962	N/A
72_8_2184_21538_8256/1	gi|685042175|emb|LN590700.1|	95.238	42	0	2	48	87	15778538	15778579	4.76e-06	65.8	7962	N/A
72_8_2184_21538_8256/1	gi|2557643774|emb|OY673254.1|	91.228	57	4	1	38	93	21721	21777	2.20e-09	76.8	2697049	N/A
72_8_2184_21538_8256/1	gi|2565360070|emb|OY632882.1|	100.000	40	0	0	43	82	22461	22500	7.91e-09	75.0	2697049	N/A
72_8_2363_24686_5833/1	gi|2978724457|gb|PV611058.1|	91.473	129	3	4	12	137	295321	295444	9.80e-38	171	3421660	N/A
72_8_2363_24686_5833/1	gi|2978724457|gb|PV611058.1|	91.667	60	1	3	12	68	295784	295842	1.70e-10	80.5	3421660	N/A
72_8_2363_24686_5833/1	gi|2830983252|gb|CP170844.1|	84.375	96	11	3	12	105	4083423	4083330	7.85e-14	91.6	573	N/A
72_8_2363_24686_5833/1	gi|2557643774|emb|OY673254.1|	95.652	46	2	0	12	57	21732	21777	7.91e-09	75.0	2697049	N/A
72_8_2363_24686_5833/1	gi|2463378371|dbj|AP027461.1|	95.652	46	2	0	12	57	1299632	1299677	7.91e-09	75.0	511145	N/A
72_8_2363_24686_5833/1	gi|2463378371|dbj|AP027461.1|	95.652	46	2	0	12	57	1628404	1628359	7.91e-09	75.0	511145	N/A
72_8_2363_24686_5833/1	gi|2557648311|emb|OY677105.1|	97.674	43	0	1	5	46	9636	9678	2.84e-08	73.1	2697049	N/A
72_8_1218_37577_16745/1	gi|2830983252|gb|CP170844.1|	91.304	92	6	1	48	137	4083423	4083332	7.74e-24	124	573	N/A
72_8_1218_37577_16745/1	gi|2978724457|gb|PV611058.1|	84.694	98	11	3	43	137	295316	295412	6.07e-15	95.3	3421660	N/A
72_8_1218_37577_16745/1	gi|2978724457|gb|PV611058.1|	90.769	65	2	3	43	104	295779	295842	1.31e-11	84.2	3421660	N/A
72_8_1218_37577_16745/1	gi|2557643774|emb|OY673254.1|	95.652	46	2	0	48	93	21732	21777	7.91e-09	75.0	2697049	N/A
72_8_1218_37577_16745/1	gi|2463378371|dbj|AP027461.1|	93.878	49	3	0	45	93	1299629	1299677	7.91e-09	75.0	511145	N/A
72_8_1218_37577_16745/1	gi|2463378371|dbj|AP027461.1|	95.652	46	2	0	48	93	1628404	1628359	7.91e-09	75.0	511145	N/A
72_8_1218_37577_16745/1	gi|685047827|emb|LN596339.1|	94.000	50	1	2	40	87	601778	601827	7.91e-09	75.0	7962	N/A
72_8_1450_17087_13103/1	gi|2978724457|gb|PV611058.1|	88.889	72	4	3	69	137	295321	295391	3.65e-12	86.1	3421660	N/A
72_8_1450_17087_13103/1	gi|2978724457|gb|PV611058.1|	91.667	60	1	3	69	125	295784	295842	1.70e-10	80.5	3421660	N/A
72_8_1450_17087_13103/1	gi|685044439|emb|LN592964.1|	95.833	48	0	2	63	108	179349	179302	2.20e-09	76.8	7962	N/A
72_8_1450_17087_13103/1	gi|685042148|emb|LN590673.1|	95.833	48	0	2	63	108	9009491	9009538	2.20e-09	76.8	7962	N/A
72_8_1450_17087_13103/1	gi|685042148|emb|LN590673.1|	95.556	45	0	2	66	108	8955770	8955814	1.02e-07	71.3	7962	N/A
72_8_1450_17087_13103/1	gi|685042148|emb|LN590673.1|	93.182	44	2	1	63	105	9322680	9322723	1.71e-05	63.9	7962	N/A
72_8_1450_17087_13103/1	gi|2557643774|emb|OY673254.1|	95.652	46	2	0	69	114	21732	21777	7.91e-09	75.0	2697049	N/A
72_8_1450_17087_13103/1	gi|2463378371|dbj|AP027461.1|	95.652	46	2	0	69	114	1299632	1299677	7.91e-09	75.0	511145	N/A
72_8_1450_17087_13103/1	gi|2463378371|dbj|AP027461.1|	95.652	46	2	0	69	114	1628404	1628359	7.91e-09	75.0	511145	N/A
72_8_2471_27971_9811/1	gi|2978724457|gb|PV611058.1|	90.625	64	2	3	68	128	295320	295382	4.72e-11	82.4	3421660	N/A
72_8_2471_27971_9811/1	gi|2978724457|gb|PV611058.1|	90.323	62	1	4	68	126	295783	295842	2.20e-09	76.8	3421660	N/A
72_8_2471_27971_9811/1	gi|685049950|emb|LN598462.1|	95.833	48	0	2	63	108	1938274	1938321	2.20e-09	76.8	7962	N/A
72_8_2471_27971_9811/1	gi|2557643774|emb|OY673254.1|	95.652	46	2	0	69	114	21732	21777	7.91e-09	75.0	2697049	N/A
72_8_2471_27971_9811/1	gi|2463378371|dbj|AP027461.1|	95.652	46	2	0	69	114	1299632	1299677	7.91e-09	75.0	511145	N/A
72_8_2471_27971_9811/1	gi|2463378371|dbj|AP027461.1|	95.652	46	2	0	69	114	1628404	1628359	7.91e-09	75.0	511145	N/A
72_8_2471_27971_9811/1	gi|685047827|emb|LN596339.1|	94.000	50	1	2	61	108	601778	601827	7.91e-09	75.0	7962	N/A
72_8_1347_48550_10077/1	gi|2557638192|emb|OY694677.1|	91.525	59	2	3	72	129	4290	4346	6.11e-10	78.7	2697049	N/A
72_8_1347_48550_10077/1	gi|2978724457|gb|PV611058.1|	91.379	58	1	3	83	137	295320	295376	2.20e-09	76.8	3421660	N/A
72_8_1347_48550_10077/1	gi|2978724457|gb|PV611058.1|	91.379	58	1	3	83	137	295783	295839	2.20e-09	76.8	3421660	N/A
72_8_1347_48550_10077/1	gi|685042802|emb|LN591327.1|	91.379	58	2	3	68	123	61992	62048	2.20e-09	76.8	7962	N/A
72_8_1347_48550_10077/1	gi|2560271083|emb|OY714119.1|	95.745	47	1	1	72	118	4290	4335	7.91e-09	75.0	2697049	N/A
72_8_1347_48550_10077/1	gi|2557643774|emb|OY673254.1|	95.652	46	2	0	84	129	21732	21777	7.91e-09	75.0	2697049	N/A
72_8_1422_26223_26256/1	gi|2978724457|gb|PV611058.1|	95.312	128	2	3	12	136	295318	295444	1.25e-46	200	3421660	N/A
72_8_1422_26223_26256/1	gi|2978724457|gb|PV611058.1|	90.476	63	2	3	12	71	295781	295842	1.70e-10	80.5	3421660	N/A
72_8_1422_26223_26256/1	gi|2557643774|emb|OY673254.1|	95.652	46	2	0	15	60	21732	21777	7.91e-09	75.0	2697049	N/A
72_8_1422_26223_26256/1	gi|2463378371|dbj|AP027461.1|	95.652	46	2	0	15	60	1299632	1299677	7.91e-09	75.0	511145	N/A
72_8_1422_26223_26256/1	gi|2463378371|dbj|AP027461.1|	95.652	46	2	0	15	60	1628404	1628359	7.91e-09	75.0	511145	N/A
72_8_1422_26223_26256/1	gi|2991388621|dbj|AP040934.1|	95.652	46	0	2	5	50	4900958	4900915	2.84e-08	73.1	562	N/A
72_8_1422_26223_26256/1	gi|2991388621|dbj|AP040934.1|	97.500	40	0	1	12	50	146945	146984	1.32e-06	67.6	562	N/A
72_8_1422_26223_26256/1	gi|2830983252|gb|CP170844.1|	82.105	95	5	2	14	96	4083424	4083330	1.02e-07	71.3	573	N/A
72_8_2235_37609_10721/1	gi|2978724457|gb|PV611058.1|	88.372	129	10	4	12	137	295318	295444	1.28e-31	150	3421660	N/A
72_8_2235_37609_10721/1	gi|2978724457|gb|PV611058.1|	90.476	63	2	3	12	71	295781	295842	1.70e-10	80.5	3421660	N/A
72_8_2235_37609_10721/1	gi|2830983252|gb|CP170844.1|	89.474	95	7	2	15	107	4083423	4083330	1.30e-21	117	573	N/A
72_8_2235_37609_10721/1	gi|2557643774|emb|OY673254.1|	95.652	46	2	0	15	60	21732	21777	7.91e-09	75.0	2697049	N/A
72_8_2235_37609_10721/1	gi|2463378371|dbj|AP027461.1|	95.652	46	2	0	15	60	1299632	1299677	7.91e-09	75.0	511145	N/A
72_8_2235_37609_10721/1	gi|2463378371|dbj|AP027461.1|	95.652	46	2	0	15	60	1628404	1628359	7.91e-09	75.0	511145	N/A
72_8_2235_37609_10721/1	gi|685045935|emb|LN594460.1|	95.652	46	0	2	11	54	172591	172546	2.84e-08	73.1	7962	N/A
72_8_1343_49400_7065/1	gi|2978724457|gb|PV611058.1|	90.076	131	8	4	10	137	295316	295444	4.56e-36	165	3421660	N/A
72_8_1343_49400_7065/1	gi|2978724457|gb|PV611058.1|	89.706	68	2	4	10	74	295779	295844	4.72e-11	82.4	3421660	N/A
72_8_1343_49400_7065/1	gi|2830983252|gb|CP170844.1|	87.234	94	8	3	15	104	4083423	4083330	1.01e-17	104	573	N/A
72_8_1343_49400_7065/1	gi|2560250289|emb|OY708460.1|	94.118	51	1	2	11	60	6486	6535	2.20e-09	76.8	2697049	N/A
72_8_1343_49400_7065/1	gi|2557643774|emb|OY673254.1|	91.228	57	4	1	5	60	21721	21777	2.20e-09	76.8	2697049	N/A
72_8_1343_49400_7065/1	gi|2557638192|emb|OY694677.1|	91.228	57	2	3	5	60	4292	4346	7.91e-09	75.0	2697049	N/A
72_8_1178_20802_14854/1	gi|2978724457|gb|PV611058.1|	89.024	82	5	3	59	137	295316	295396	4.69e-16	99.0	3421660	N/A
72_8_1178_20802_14854/1	gi|2978724457|gb|PV611058.1|	90.769	65	2	3	59	120	295779	295842	1.31e-11	84.2	3421660	N/A
72_8_1178_20802_14854/1	gi|685042161|emb|LN590686.1|	94.444	54	0	3	52	103	20813819	20813871	1.70e-10	80.5	7962	N/A
72_8_1178_20802_14854/1	gi|685042161|emb|LN590686.1|	95.349	43	0	2	63	103	12304840	12304798	1.32e-06	67.6	7962	N/A
72_8_1178_20802_14854/1	gi|685042161|emb|LN590686.1|	95.238	42	0	2	64	103	4545831	4545872	4.76e-06	65.8	7962	N/A
72_8_1178_20802_14854/1	gi|685042161|emb|LN590686.1|	95.238	42	0	2	64	103	6380194	6380235	4.76e-06	65.8	7962	N/A
72_8_1178_20802_14854/1	gi|685042161|emb|LN590686.1|	95.238	42	0	2	64	103	17091846	17091887	4.76e-06	65.8	7962	N/A
72_8_1178_20802_14854/1	gi|685042161|emb|LN590686.1|	95.238	42	0	2	64	103	28125760	28125801	4.76e-06	65.8	7962	N/A
72_8_1178_20802_14854/1	gi|685042161|emb|LN590686.1|	94.872	39	0	2	67	103	12436830	12436868	2.21e-04	60.2	7962	N/A
72_8_1178_20802_14854/1	gi|2557643774|emb|OY673254.1|	95.652	46	2	0	64	109	21732	21777	7.91e-09	75.0	2697049	N/A
72_8_1178_20802_14854/1	gi|2463378371|dbj|AP027461.1|	95.652	46	2	0	64	109	1299632	1299677	7.91e-09	75.0	511145	N/A
72_8_1178_20802_14854/1	gi|2463378371|dbj|AP027461.1|	95.652	46	2	0	64	109	1628404	1628359	7.91e-09	75.0	511145	N/A
72_8_1178_20802_14854/1	gi|2557649546|emb|OY678249.1|	100.000	39	0	0	60	98	10396	10434	2.84e-08	73.1	2697049	N/A
72_8_2482_28344_22894/1	gi|2978724457|gb|PV611058.1|	92.857	126	4	4	15	137	295321	295444	5.86e-40	178	3421660	N/A
72_8_2482_28344_22894/1	gi|2978724457|gb|PV611058.1|	91.667	60	1	3	15	71	295784	295842	1.70e-10	80.5	3421660	N/A
72_8_2482_28344_22894/1	gi|2830983252|gb|CP170844.1|	84.375	96	12	2	14	107	4083424	4083330	7.85e-14	91.6	573	N/A
72_8_2482_28344_22894/1	gi|2557643774|emb|OY673254.1|	93.878	49	3	0	12	60	21729	21777	7.91e-09	75.0	2697049	N/A
72_8_2482_28344_22894/1	gi|2463378371|dbj|AP027461.1|	95.652	46	2	0	15	60	1299632	1299677	7.91e-09	75.0	511145	N/A
72_8_2482_28344_22894/1	gi|2463378371|dbj|AP027461.1|	95.652	46	2	0	15	60	1628404	1628359	7.91e-09	75.0	511145	N/A
72_8_2482_28344_22894/1	gi|685042151|emb|LN590676.1|	92.593	54	0	4	4	54	3877010	3876958	7.91e-09	75.0	7962	N/A
72_8_2482_28344_22894/1	gi|685042151|emb|LN590676.1|	95.238	42	0	2	15	54	1475370	1475329	4.76e-06	65.8	7962	N/A
72_8_2482_28344_22894/1	gi|685042151|emb|LN590676.1|	93.478	46	0	3	11	54	5167443	5167399	4.76e-06	65.8	7962	N/A
72_8_2482_28344_22894/1	gi|685042151|emb|LN590676.1|	95.122	41	0	2	16	54	5133961	5133921	1.71e-05	63.9	7962	N/A
72_8_1278_6681_16689/1	gi|2978724457|gb|PV611058.1|	86.538	104	9	4	38	137	295318	295420	2.17e-19	110	3421660	N/A
72_8_1278_6681_16689/1	gi|2978724457|gb|PV611058.1|	90.476	63	1	4	38	96	295781	295842	6.11e-10	78.7	3421660	N/A
72_8_1278_6681_16689/1	gi|685042175|emb|LN590700.1|	92.308	52	1	3	32	80	14033950	14033899	1.02e-07	71.3	7962	N/A
72_8_1278_6681_16689/1	gi|685042161|emb|LN590686.1|	90.741	54	1	4	29	79	20813819	20813871	3.68e-07	69.4	7962	N/A
72_8_1278_6681_16689/1	gi|685042161|emb|LN590686.1|	93.023	43	0	3	40	79	6380193	6380235	2.21e-04	60.2	7962	N/A
72_8_1278_6681_16689/1	gi|2565360070|emb|OY632882.1|	97.500	40	0	1	36	74	22461	22500	1.32e-06	67.6	2697049	N/A
72_8_1278_6681_16689/1	gi|2560250289|emb|OY708460.1|	91.837	49	1	3	39	85	6488	6535	4.76e-06	65.8	2697049	N/A
72_8_2215_31241_12640/1	gi|2978724457|gb|PV611058.1|	88.636	88	6	3	53	137	295320	295406	1.01e-17	104	3421660	N/A
72_8_2215_31241_12640/1	gi|2978724457|gb|PV611058.1|	91.935	62	1	3	53	111	295783	295843	1.31e-11	84.2	3421660	N/A
72_8_2215_31241_12640/1	gi|2830983252|gb|CP170844.1|	86.207	87	9	2	54	137	4083423	4083337	7.85e-14	91.6	573	N/A
72_8_2215_31241_12640/1	gi|685042161|emb|LN590686.1|	94.444	54	0	3	42	93	20813819	20813871	1.70e-10	80.5	7962	N/A
72_8_2215_31241_12640/1	gi|685042161|emb|LN590686.1|	95.556	45	0	2	51	93	6380191	6380235	1.02e-07	71.3	7962	N/A
72_8_2215_31241_12640/1	gi|685042161|emb|LN590686.1|	90.566	53	2	3	43	93	17091836	17091887	1.32e-06	67.6	7962	N/A
72_8_2215_31241_12640/1	gi|685042161|emb|LN590686.1|	95.238	42	0	2	54	93	4545831	4545872	4.76e-06	65.8	7962	N/A
72_8_2215_31241_12640/1	gi|685042161|emb|LN590686.1|	95.238	42	0	2	54	93	12304839	12304798	4.76e-06	65.8	7962	N/A
72_8_2215_31241_12640/1	gi|685042161|emb|LN590686.1|	95.238	42	0	2	54	93	28125760	28125801	4.76e-06	65.8	7962	N/A
72_8_2215_31241_12640/1	gi|685042161|emb|LN590686.1|	94.872	39	0	2	57	93	12436830	12436868	2.21e-04	60.2	7962	N/A
72_8_2215_31241_12640/1	gi|2557643774|emb|OY673254.1|	95.652	46	2	0	54	99	21732	21777	7.91e-09	75.0	2697049	N/A
72_8_2215_31241_12640/1	gi|2463378371|dbj|AP027461.1|	95.652	46	2	0	54	99	1299632	1299677	7.91e-09	75.0	511145	N/A
72_8_2215_31241_12640/1	gi|2463378371|dbj|AP027461.1|	95.652	46	2	0	54	99	1628404	1628359	7.91e-09	75.0	511145	N/A
72_8_2339_14546_5034/1	gi|2978724457|gb|PV611058.1|	93.651	126	3	4	15	137	295321	295444	1.26e-41	183	3421660	N/A
72_8_2339_14546_5034/1	gi|2978724457|gb|PV611058.1|	91.667	60	1	3	15	71	295784	295842	1.70e-10	80.5	3421660	N/A
72_8_2339_14546_5034/1	gi|2830983252|gb|CP170844.1|	85.106	94	7	2	15	101	4083423	4083330	2.82e-13	89.8	573	N/A
72_8_2339_14546_5034/1	gi|2557643774|emb|OY673254.1|	95.652	46	2	0	15	60	21732	21777	7.91e-09	75.0	2697049	N/A
72_8_2339_14546_5034/1	gi|2463378371|dbj|AP027461.1|	92.453	53	2	2	10	60	1299625	1299677	7.91e-09	75.0	511145	N/A
72_8_2339_14546_5034/1	gi|2463378371|dbj|AP027461.1|	95.652	46	2	0	15	60	1628404	1628359	7.91e-09	75.0	511145	N/A
72_8_2339_14546_5034/1	gi|2560502367|emb|OY629453.1|	100.000	38	0	0	13	50	5916	5953	1.02e-07	71.3	2697049	N/A
72_8_1349_34842_13187/1	gi|2978724457|gb|PV611058.1|	91.667	60	1	3	81	137	295321	295379	1.70e-10	80.5	3421660	N/A
72_8_1349_34842_13187/1	gi|2978724457|gb|PV611058.1|	91.667	60	1	3	81	137	295784	295842	1.70e-10	80.5	3421660	N/A
72_8_1349_34842_13187/1	gi|2557643774|emb|OY673254.1|	95.652	46	2	0	81	126	21732	21777	7.91e-09	75.0	2697049	N/A
72_8_1349_34842_13187/1	gi|2463378371|dbj|AP027461.1|	95.652	46	2	0	81	126	1299632	1299677	7.91e-09	75.0	511145	N/A
72_8_1349_34842_13187/1	gi|2463378371|dbj|AP027461.1|	95.652	46	2	0	81	126	1628404	1628359	7.91e-09	75.0	511145	N/A
72_8_1349_34842_13187/1	gi|2830983252|gb|CP170844.1|	88.525	61	5	1	79	137	4083425	4083365	2.84e-08	73.1	573	N/A
72_8_1349_34842_13187/1	gi|2165836832|emb|OV197136.1|	93.878	49	1	2	79	126	118	71	2.84e-08	73.1	2697049	N/A
72_8_2228_15590_19672/1	gi|2978724457|gb|PV611058.1|	86.822	129	9	5	12	137	295321	295444	9.94e-28	137	3421660	N/A
72_8_2228_15590_19672/1	gi|2978724457|gb|PV611058.1|	91.935	62	1	3	12	70	295784	295844	1.31e-11	84.2	3421660	N/A
72_8_2228_15590_19672/1	gi|2830983252|gb|CP170844.1|	88.660	97	6	3	12	106	4083423	4083330	1.68e-20	113	573	N/A
72_8_2228_15590_19672/1	gi|685042206|emb|LN590731.1|	95.918	49	0	2	6	52	347604	347652	6.11e-10	78.7	7962	N/A
72_8_2228_15590_19672/1	gi|2557643774|emb|OY673254.1|	91.228	57	4	1	2	57	21721	21777	2.20e-09	76.8	2697049	N/A
72_8_2228_15590_19672/1	gi|2463378371|dbj|AP027461.1|	95.652	46	2	0	12	57	1299632	1299677	7.91e-09	75.0	511145	N/A
72_8_2228_15590_19672/1	gi|2463378371|dbj|AP027461.1|	95.652	46	2	0	12	57	1628404	1628359	7.91e-09	75.0	511145	N/A
72_8_1194_39341_27839/1	gi|2978724457|gb|PV611058.1|	90.000	100	6	3	41	137	295321	295419	2.15e-24	126	3421660	N/A
72_8_1194_39341_27839/1	gi|2978724457|gb|PV611058.1|	91.667	60	1	3	41	97	295784	295842	1.70e-10	80.5	3421660	N/A
72_8_1194_39341_27839/1	gi|2830983252|gb|CP170844.1|	87.368	95	10	1	40	132	4083424	4083330	7.79e-19	108	573	N/A
72_8_1194_39341_27839/1	gi|2557643774|emb|OY673254.1|	91.228	57	4	1	31	86	21721	21777	2.20e-09	76.8	2697049	N/A
72_8_1194_39341_27839/1	gi|2463378371|dbj|AP027461.1|	95.652	46	2	0	41	86	1299632	1299677	7.91e-09	75.0	511145	N/A
72_8_1194_39341_27839/1	gi|2463378371|dbj|AP027461.1|	95.652	46	2	0	41	86	1628404	1628359	7.91e-09	75.0	511145	N/A
72_8_1194_39341_27839/1	gi|2165836832|emb|OV197136.1|	92.593	54	1	3	34	86	122	71	7.91e-09	75.0	2697049	N/A
72_8_2362_40692_17179/1	gi|2724827940|ref|NC_088474.1|	98.246	57	1	0	2	58	16083	16139	1.30e-16	100	1439916	N/A
72_8_2362_40692_17179/1	gi|2701784733|gb|OR911481.1|	98.246	57	1	0	2	58	15863	15919	1.30e-16	100	39414	N/A
72_8_2362_40692_17179/1	gi|2724827759|ref|NC_088472.1|	98.246	57	1	0	2	58	16059	16115	1.30e-16	100	2675945	N/A
72_8_2362_40692_17179/1	gi|2724826836|ref|NC_088462.1|	98.246	57	1	0	2	58	15975	16031	1.30e-16	100	197793	N/A
72_8_2362_40692_17179/1	gi|2328376401|ref|NC_068049.1|	98.246	57	1	0	2	58	15854	15910	1.30e-16	100	39414	N/A
72_8_2103_43347_8242/1	gi|685042802|emb|LN591327.1|	91.379	58	2	3	72	127	61992	62048	2.20e-09	76.8	7962	N/A
72_8_2103_43347_8242/1	gi|2557638192|emb|OY694677.1|	89.831	59	3	3	76	133	4290	4346	2.84e-08	73.1	2697049	N/A
72_8_2103_43347_8242/1	gi|2494998033|dbj|LC710218.1|	93.750	48	3	0	88	135	50	3	2.84e-08	73.1	12022	N/A
72_8_2103_43347_8242/1	gi|2494998033|dbj|LC710218.1|	93.333	45	3	0	89	133	3557	3601	1.32e-06	67.6	12022	N/A
72_8_2103_43347_8242/1	gi|2710394916|tpg|BK066886.1|	95.556	45	1	1	78	121	29303	29347	1.02e-07	71.3	3116700	N/A
72_8_2103_43347_8242/1	gi|1971769499|gb|MW477480.1|	97.561	41	1	0	85	125	19394	19434	1.02e-07	71.3	2803381	N/A
72_8_2103_43347_8242/1	gi|1971769499|gb|MW477480.1|	100.000	33	0	0	89	121	33	1	6.15e-05	62.1	2803381	N/A
72_8_1312_14554_12416/1	gi|2978724457|gb|PV611058.1|	91.339	127	6	4	14	137	295320	295444	3.53e-37	169	3421660	N/A
72_8_1312_14554_12416/1	gi|2978724457|gb|PV611058.1|	91.803	61	1	3	14	71	295783	295842	4.72e-11	82.4	3421660	N/A
72_8_1312_14554_12416/1	gi|2830983252|gb|CP170844.1|	84.375	96	11	3	15	108	4083423	4083330	7.85e-14	91.6	573	N/A
72_8_1312_14554_12416/1	gi|2557643774|emb|OY673254.1|	95.652	46	2	0	15	60	21732	21777	7.91e-09	75.0	2697049	N/A
72_8_1312_14554_12416/1	gi|2463378371|dbj|AP027461.1|	95.652	46	2	0	15	60	1299632	1299677	7.91e-09	75.0	511145	N/A
72_8_1312_14554_12416/1	gi|2463378371|dbj|AP027461.1|	95.652	46	2	0	15	60	1628404	1628359	7.91e-09	75.0	511145	N/A
72_8_1312_14554_12416/1	gi|685042177|emb|LN590702.1|	92.593	54	0	4	5	54	6540849	6540902	7.91e-09	75.0	7962	N/A
72_8_1312_14554_12416/1	gi|685042177|emb|LN590702.1|	89.286	56	3	3	1	54	3996002	3995948	1.32e-06	67.6	7962	N/A
72_8_1312_14554_12416/1	gi|685042177|emb|LN590702.1|	89.286	56	3	3	2	54	6762485	6762540	1.32e-06	67.6	7962	N/A
72_8_1312_14554_12416/1	gi|685042177|emb|LN590702.1|	95.238	42	0	2	15	54	1181065	1181106	4.76e-06	65.8	7962	N/A
72_8_1312_14554_12416/1	gi|685042177|emb|LN590702.1|	95.238	42	0	2	15	54	6862999	6863040	4.76e-06	65.8	7962	N/A
72_8_1312_14554_12416/1	gi|685042177|emb|LN590702.1|	93.333	45	0	2	6	47	1157104	1157060	1.71e-05	63.9	7962	N/A
72_8_2415_16675_17123/1	gi|2978724457|gb|PV611058.1|	91.228	57	1	3	84	137	295321	295376	7.91e-09	75.0	3421660	N/A
72_8_2415_16675_17123/1	gi|2978724457|gb|PV611058.1|	91.228	57	1	3	84	137	295784	295839	7.91e-09	75.0	3421660	N/A
72_8_2415_16675_17123/1	gi|2557643774|emb|OY673254.1|	95.652	46	2	0	84	129	21732	21777	7.91e-09	75.0	2697049	N/A
72_8_2415_16675_17123/1	gi|2463378371|dbj|AP027461.1|	93.878	49	3	0	81	129	1299629	1299677	7.91e-09	75.0	511145	N/A
72_8_2415_16675_17123/1	gi|2463378371|dbj|AP027461.1|	95.652	46	2	0	84	129	1628404	1628359	7.91e-09	75.0	511145	N/A
72_8_2415_16675_17123/1	gi|2557648311|emb|OY677105.1|	97.674	43	0	1	77	118	9636	9678	2.84e-08	73.1	2697049	N/A
72_8_2415_16675_17123/1	gi|2755084441|gb|PP943425.1|	93.750	48	1	2	82	128	67589	67635	1.02e-07	71.3	10258	N/A
72_8_2415_16675_17123/1	gi|2755084441|gb|PP943425.1|	93.617	47	1	2	84	129	67825	67780	3.68e-07	69.4	10258	N/A
72_8_2419_36242_26452/1	gi|2978724457|gb|PV611058.1|	92.188	128	7	3	12	137	295318	295444	5.86e-40	178	3421660	N/A
72_8_2419_36242_26452/1	gi|2978724457|gb|PV611058.1|	91.935	62	3	2	12	71	295781	295842	3.65e-12	86.1	3421660	N/A
72_8_2419_36242_26452/1	gi|2830983252|gb|CP170844.1|	85.263	95	11	2	15	107	4083423	4083330	6.07e-15	95.3	573	N/A
72_8_2419_36242_26452/1	gi|2565360070|emb|OY632882.1|	100.000	41	0	0	10	50	22461	22501	2.20e-09	76.8	2697049	N/A
72_8_2419_36242_26452/1	gi|2557643774|emb|OY673254.1|	91.228	57	4	1	5	60	21721	21777	2.20e-09	76.8	2697049	N/A
72_8_2419_36242_26452/1	gi|685042175|emb|LN590700.1|	95.745	47	1	1	3	48	14033954	14033908	7.91e-09	75.0	7962	N/A
72_8_2419_36242_26452/1	gi|685042175|emb|LN590700.1|	100.000	34	0	0	15	48	15778538	15778571	1.71e-05	63.9	7962	N/A
72_8_2445_14239_22992/1	gi|2978724457|gb|PV611058.1|	89.764	127	7	4	14	137	295321	295444	7.63e-34	158	3421660	N/A
72_8_2445_14239_22992/1	gi|2978724457|gb|PV611058.1|	91.935	62	1	3	14	72	295784	295844	1.31e-11	84.2	3421660	N/A
72_8_2445_14239_22992/1	gi|2830983252|gb|CP170844.1|	90.625	96	7	1	12	105	4083425	4083330	2.15e-24	126	573	N/A
72_8_2445_14239_22992/1	gi|1476019893|gb|MH883760.1|	94.000	50	1	1	10	59	58057	58010	7.91e-09	75.0	10376	N/A
72_8_2445_14239_22992/1	gi|1476019893|gb|MH883760.1|	100.000	34	0	0	14	47	88232	88199	1.71e-05	63.9	10376	N/A
72_8_2445_14239_22992/1	gi|2557643774|emb|OY673254.1|	95.652	46	2	0	14	59	21732	21777	7.91e-09	75.0	2697049	N/A
72_8_2445_14239_22992/1	gi|2463378371|dbj|AP027461.1|	95.652	46	2	0	14	59	1299632	1299677	7.91e-09	75.0	511145	N/A
72_8_2445_14239_22992/1	gi|2463378371|dbj|AP027461.1|	95.652	46	2	0	14	59	1628404	1628359	7.91e-09	75.0	511145	N/A
72_8_1221_19604_1911/1	gi|2978724457|gb|PV611058.1|	90.476	126	7	4	15	137	295321	295444	5.90e-35	161	3421660	N/A
72_8_1221_19604_1911/1	gi|2978724457|gb|PV611058.1|	91.667	60	1	3	15	71	295784	295842	1.70e-10	80.5	3421660	N/A
72_8_1221_19604_1911/1	gi|2830983252|gb|CP170844.1|	89.474	95	7	2	14	105	4083424	4083330	1.30e-21	117	573	N/A
72_8_1221_19604_1911/1	gi|2557643774|emb|OY673254.1|	95.652	46	2	0	15	60	21732	21777	7.91e-09	75.0	2697049	N/A
72_8_1221_19604_1911/1	gi|2463378371|dbj|AP027461.1|	95.652	46	2	0	15	60	1299632	1299677	7.91e-09	75.0	511145	N/A
72_8_1221_19604_1911/1	gi|2463378371|dbj|AP027461.1|	95.652	46	2	0	15	60	1628404	1628359	7.91e-09	75.0	511145	N/A
72_8_1221_19604_1911/1	gi|685042161|emb|LN590686.1|	92.593	54	1	3	3	54	20813819	20813871	7.91e-09	75.0	7962	N/A
72_8_1221_19604_1911/1	gi|685042161|emb|LN590686.1|	95.349	43	0	2	14	54	12304840	12304798	1.32e-06	67.6	7962	N/A
72_8_1221_19604_1911/1	gi|685042161|emb|LN590686.1|	90.566	53	2	3	4	54	17091836	17091887	1.32e-06	67.6	7962	N/A
72_8_1221_19604_1911/1	gi|685042161|emb|LN590686.1|	95.238	42	0	2	15	54	4545831	4545872	4.76e-06	65.8	7962	N/A
72_8_1221_19604_1911/1	gi|685042161|emb|LN590686.1|	93.333	45	1	2	12	54	6380191	6380235	4.76e-06	65.8	7962	N/A
72_8_1221_19604_1911/1	gi|685042161|emb|LN590686.1|	95.238	42	0	2	15	54	28125760	28125801	4.76e-06	65.8	7962	N/A
72_8_1221_19604_1911/1	gi|685042161|emb|LN590686.1|	94.872	39	0	2	18	54	12436830	12436868	2.21e-04	60.2	7962	N/A
72_8_2494_50800_24897/1	gi|2978724457|gb|PV611058.1|	96.000	125	1	3	15	136	295321	295444	1.25e-46	200	3421660	N/A
72_8_2494_50800_24897/1	gi|2978724457|gb|PV611058.1|	91.667	60	1	3	15	71	295784	295842	1.70e-10	80.5	3421660	N/A
72_8_2494_50800_24897/1	gi|2557643774|emb|OY673254.1|	95.652	46	2	0	15	60	21732	21777	7.91e-09	75.0	2697049	N/A
72_8_2494_50800_24897/1	gi|2463378371|dbj|AP027461.1|	92.453	53	2	2	10	60	1299625	1299677	7.91e-09	75.0	511145	N/A
72_8_2494_50800_24897/1	gi|2463378371|dbj|AP027461.1|	95.652	46	2	0	15	60	1628404	1628359	7.91e-09	75.0	511145	N/A
72_8_2494_50800_24897/1	gi|2560502367|emb|OY629453.1|	100.000	38	0	0	13	50	5916	5953	1.02e-07	71.3	2697049	N/A
72_8_2494_50800_24897/1	gi|2830983252|gb|CP170844.1|	81.915	94	5	2	15	96	4083423	4083330	3.68e-07	69.4	573	N/A
72_8_2405_8388_11380/1	gi|2978724457|gb|PV611058.1|	89.286	56	4	2	84	137	295321	295376	3.68e-07	69.4	3421660	N/A
72_8_2405_8388_11380/1	gi|2978724457|gb|PV611058.1|	89.286	56	4	2	84	137	295784	295839	3.68e-07	69.4	3421660	N/A
72_8_2405_8388_11380/1	gi|2560271083|emb|OY714119.1|	90.566	53	3	2	66	118	4285	4335	3.68e-07	69.4	2697049	N/A
72_8_2405_8388_11380/1	gi|2557643774|emb|OY673254.1|	93.478	46	3	0	84	129	21732	21777	3.68e-07	69.4	2697049	N/A
72_8_2405_8388_11380/1	gi|2557638192|emb|OY694677.1|	90.566	53	3	2	66	118	4285	4335	3.68e-07	69.4	2697049	N/A
72_8_2405_8388_11380/1	gi|1973745234|dbj|LC529901.1|	97.436	39	1	0	80	118	117095	117133	1.32e-06	67.6	76106	N/A
72_8_2405_8388_11380/1	gi|1973745234|dbj|LC529901.1|	97.143	35	1	0	84	118	164421	164455	2.21e-04	60.2	76106	N/A
72_8_2405_8388_11380/1	gi|1973745234|dbj|LC529901.1|	96.970	33	1	0	86	118	11751	11719	0.003	56.5	76106	N/A
72_8_2358_20308_13915/1	gi|2978724457|gb|PV611058.1|	87.121	132	11	5	9	137	295316	295444	5.94e-30	145	3421660	N/A
72_8_2358_20308_13915/1	gi|2978724457|gb|PV611058.1|	88.235	68	3	4	9	73	295779	295844	2.20e-09	76.8	3421660	N/A
72_8_2358_20308_13915/1	gi|2830983252|gb|CP170844.1|	84.536	97	10	4	14	108	4083423	4083330	7.85e-14	91.6	573	N/A
72_8_2358_20308_13915/1	gi|2557643774|emb|OY673254.1|	95.652	46	2	0	14	59	21732	21777	7.91e-09	75.0	2697049	N/A
72_8_2358_20308_13915/1	gi|2463378371|dbj|AP027461.1|	93.878	49	3	0	11	59	1299629	1299677	7.91e-09	75.0	511145	N/A
72_8_2358_20308_13915/1	gi|2463378371|dbj|AP027461.1|	95.652	46	2	0	14	59	1628404	1628359	7.91e-09	75.0	511145	N/A
72_8_2358_20308_13915/1	gi|685047827|emb|LN596339.1|	94.000	50	1	2	6	53	601778	601827	7.91e-09	75.0	7962	N/A
72_8_2323_9424_4880/1	gi|2978724457|gb|PV611058.1|	90.476	126	7	4	15	137	295321	295444	5.90e-35	161	3421660	N/A
72_8_2323_9424_4880/1	gi|2978724457|gb|PV611058.1|	91.667	60	1	3	15	71	295784	295842	1.70e-10	80.5	3421660	N/A
72_8_2323_9424_4880/1	gi|2830983252|gb|CP170844.1|	89.362	94	8	1	15	106	4083423	4083330	1.30e-21	117	573	N/A
72_8_2323_9424_4880/1	gi|2557643774|emb|OY673254.1|	95.652	46	2	0	15	60	21732	21777	7.91e-09	75.0	2697049	N/A
72_8_2323_9424_4880/1	gi|2463378371|dbj|AP027461.1|	93.878	49	3	0	12	60	1299629	1299677	7.91e-09	75.0	511145	N/A
72_8_2323_9424_4880/1	gi|2463378371|dbj|AP027461.1|	95.652	46	2	0	15	60	1628404	1628359	7.91e-09	75.0	511145	N/A
72_8_2323_9424_4880/1	gi|2560502367|emb|OY629453.1|	100.000	39	0	0	12	50	5915	5953	2.84e-08	73.1	2697049	N/A
72_8_1487_47134_11744/1	gi|2155043183|emb|OV015804.1|	100.000	28	0	0	2	29	29938	29911	0.037	52.8	2697049	N/A
72_8_2211_17468_8298/1	gi|2978724457|gb|PV611058.1|	88.776	98	7	3	43	137	295323	295419	1.30e-21	117	3421660	N/A
72_8_2211_17468_8298/1	gi|2978724457|gb|PV611058.1|	91.071	56	1	3	43	95	295786	295840	2.84e-08	73.1	3421660	N/A
72_8_2211_17468_8298/1	gi|2991388621|dbj|AP040934.1|	90.164	61	3	3	17	76	4900973	4900915	2.20e-09	76.8	562	N/A
72_8_2211_17468_8298/1	gi|2991388621|dbj|AP040934.1|	100.000	34	0	0	43	76	146951	146984	1.71e-05	63.9	562	N/A
72_8_2211_17468_8298/1	gi|2830983252|gb|CP170844.1|	82.105	95	12	3	43	135	4083421	4083330	2.20e-09	76.8	573	N/A
72_8_2211_17468_8298/1	gi|2557643774|emb|OY673254.1|	95.455	44	2	0	43	86	21734	21777	1.02e-07	71.3	2697049	N/A
72_8_2211_17468_8298/1	gi|2463378371|dbj|AP027461.1|	95.455	44	2	0	43	86	1299634	1299677	1.02e-07	71.3	511145	N/A
72_8_2211_17468_8298/1	gi|2463378371|dbj|AP027461.1|	95.455	44	2	0	43	86	1628402	1628359	1.02e-07	71.3	511145	N/A
72_8_1328_43735_5581/1	gi|2978724457|gb|PV611058.1|	92.063	126	5	4	15	137	295321	295444	2.73e-38	172	3421660	N/A
72_8_1328_43735_5581/1	gi|2978724457|gb|PV611058.1|	91.667	60	1	3	15	71	295784	295842	1.70e-10	80.5	3421660	N/A
72_8_1328_43735_5581/1	gi|2830983252|gb|CP170844.1|	87.500	96	9	2	13	105	4083425	4083330	7.79e-19	108	573	N/A
72_8_1328_43735_5581/1	gi|2165836832|emb|OV197136.1|	94.231	52	1	2	10	60	121	71	6.11e-10	78.7	2697049	N/A
72_8_1328_43735_5581/1	gi|2165834303|emb|OV196009.1|	94.118	51	3	0	10	60	120	70	6.11e-10	78.7	2697049	N/A
72_8_1328_43735_5581/1	gi|2165834303|emb|OV196009.1|	97.561	41	1	0	14	54	29911	29951	1.02e-07	71.3	2697049	N/A
72_8_1328_43735_5581/1	gi|2165832678|emb|OV195277.1|	94.231	52	1	2	10	60	137	87	6.11e-10	78.7	2697049	N/A
72_8_2214_28465_20611/1	gi|2978724457|gb|PV611058.1|	91.473	129	3	6	12	137	295321	295444	9.80e-38	171	3421660	N/A
72_8_2214_28465_20611/1	gi|2978724457|gb|PV611058.1|	91.667	60	1	3	12	68	295784	295842	1.70e-10	80.5	3421660	N/A
72_8_2214_28465_20611/1	gi|2830983252|gb|CP170844.1|	86.598	97	10	2	10	104	4083425	4083330	1.01e-17	104	573	N/A
72_8_2214_28465_20611/1	gi|1476019893|gb|MH883760.1|	94.000	50	1	1	8	57	58057	58010	7.91e-09	75.0	10376	N/A
72_8_2214_28465_20611/1	gi|1476019893|gb|MH883760.1|	100.000	34	0	0	12	45	88232	88199	1.71e-05	63.9	10376	N/A
72_8_2214_28465_20611/1	gi|2557643774|emb|OY673254.1|	95.652	46	2	0	12	57	21732	21777	7.91e-09	75.0	2697049	N/A
72_8_2214_28465_20611/1	gi|2463378371|dbj|AP027461.1|	95.652	46	2	0	12	57	1299632	1299677	7.91e-09	75.0	511145	N/A
72_8_2214_28465_20611/1	gi|2463378371|dbj|AP027461.1|	95.652	46	2	0	12	57	1628404	1628359	7.91e-09	75.0	511145	N/A
72_8_2198_38888_24421/1	gi|2978724457|gb|PV611058.1|	95.238	126	1	4	15	137	295321	295444	5.82e-45	195	3421660	N/A
72_8_2198_38888_24421/1	gi|2978724457|gb|PV611058.1|	91.667	60	1	3	15	71	295784	295842	1.70e-10	80.5	3421660	N/A
72_8_2198_38888_24421/1	gi|2830983252|gb|CP170844.1|	83.158	95	6	2	14	98	4083424	4083330	6.11e-10	78.7	573	N/A
72_8_2198_38888_24421/1	gi|685042175|emb|LN590700.1|	95.833	48	0	2	9	54	15778532	15778579	2.20e-09	76.8	7962	N/A
72_8_2198_38888_24421/1	gi|685042175|emb|LN590700.1|	95.349	43	0	2	15	55	14033941	14033899	1.32e-06	67.6	7962	N/A
72_8_2198_38888_24421/1	gi|2557643774|emb|OY673254.1|	95.652	46	2	0	15	60	21732	21777	7.91e-09	75.0	2697049	N/A
72_8_2198_38888_24421/1	gi|2463378371|dbj|AP027461.1|	93.878	49	3	0	12	60	1299629	1299677	7.91e-09	75.0	511145	N/A
72_8_2198_38888_24421/1	gi|2463378371|dbj|AP027461.1|	95.652	46	2	0	15	60	1628404	1628359	7.91e-09	75.0	511145	N/A
72_8_1435_34947_17347/1	gi|2978724457|gb|PV611058.1|	93.701	127	3	4	14	137	295320	295444	3.50e-42	185	3421660	N/A
72_8_1435_34947_17347/1	gi|2978724457|gb|PV611058.1|	91.803	61	1	3	14	71	295783	295842	4.72e-11	82.4	3421660	N/A
72_8_1435_34947_17347/1	gi|2830983252|gb|CP170844.1|	85.106	94	10	2	15	104	4083423	4083330	2.18e-14	93.5	573	N/A
72_8_1435_34947_17347/1	gi|2557643774|emb|OY673254.1|	92.453	53	2	2	10	60	21725	21777	7.91e-09	75.0	2697049	N/A
72_8_1435_34947_17347/1	gi|2463378371|dbj|AP027461.1|	95.652	46	2	0	15	60	1299632	1299677	7.91e-09	75.0	511145	N/A
72_8_1435_34947_17347/1	gi|2463378371|dbj|AP027461.1|	95.652	46	2	0	15	60	1628404	1628359	7.91e-09	75.0	511145	N/A
72_8_1435_34947_17347/1	gi|685047827|emb|LN596339.1|	94.000	50	1	2	7	54	601778	601827	7.91e-09	75.0	7962	N/A
72_8_2405_3233_20667/1	gi|2978724457|gb|PV611058.1|	91.852	135	2	6	5	136	295316	295444	1.63e-40	180	3421660	N/A
72_8_2405_3233_20667/1	gi|2978724457|gb|PV611058.1|	90.769	65	2	3	5	66	295779	295842	1.31e-11	84.2	3421660	N/A
72_8_2405_3233_20667/1	gi|2830983252|gb|CP170844.1|	83.333	96	12	2	10	103	4083423	4083330	3.65e-12	86.1	573	N/A
72_8_2405_3233_20667/1	gi|2560250289|emb|OY708460.1|	94.118	51	1	2	6	55	6486	6535	2.20e-09	76.8	2697049	N/A
72_8_2405_3233_20667/1	gi|2557643774|emb|OY673254.1|	92.593	54	3	1	3	55	21724	21777	2.20e-09	76.8	2697049	N/A
72_8_2405_3233_20667/1	gi|2463378371|dbj|AP027461.1|	95.652	46	2	0	10	55	1299632	1299677	7.91e-09	75.0	511145	N/A
72_8_2405_3233_20667/1	gi|2463378371|dbj|AP027461.1|	95.652	46	2	0	10	55	1628404	1628359	7.91e-09	75.0	511145	N/A
72_8_2138_48420_26158/1	gi|2978724457|gb|PV611058.1|	89.844	128	6	5	14	137	295320	295444	7.63e-34	158	3421660	N/A
72_8_2138_48420_26158/1	gi|2978724457|gb|PV611058.1|	90.164	61	2	3	14	71	295783	295842	2.20e-09	76.8	3421660	N/A
72_8_2138_48420_26158/1	gi|2830983252|gb|CP170844.1|	85.417	96	10	3	15	108	4083423	4083330	1.69e-15	97.1	573	N/A
72_8_2138_48420_26158/1	gi|685047827|emb|LN596339.1|	96.000	50	0	2	7	54	601778	601827	1.70e-10	80.5	7962	N/A
72_8_2138_48420_26158/1	gi|685042185|emb|LN590710.1|	95.833	48	0	2	9	54	10218497	10218544	2.20e-09	76.8	7962	N/A
72_8_2138_48420_26158/1	gi|685042185|emb|LN590710.1|	95.556	45	0	2	12	54	3790455	3790411	1.02e-07	71.3	7962	N/A
72_8_2138_48420_26158/1	gi|685042185|emb|LN590710.1|	95.556	45	0	2	12	54	6008691	6008735	1.02e-07	71.3	7962	N/A
72_8_2138_48420_26158/1	gi|685042185|emb|LN590710.1|	93.478	46	1	2	4	48	9162078	9162122	1.32e-06	67.6	7962	N/A
72_8_2138_48420_26158/1	gi|2557643774|emb|OY673254.1|	95.556	45	2	0	15	59	21732	21776	2.84e-08	73.1	2697049	N/A
72_8_1351_48971_20947/1	gi|2978724457|gb|PV611058.1|	92.913	127	3	5	14	137	295321	295444	1.63e-40	180	3421660	N/A
72_8_1351_48971_20947/1	gi|2978724457|gb|PV611058.1|	91.667	60	1	3	14	70	295784	295842	1.70e-10	80.5	3421660	N/A
72_8_1351_48971_20947/1	gi|2830983252|gb|CP170844.1|	84.375	96	12	2	13	106	4083424	4083330	7.85e-14	91.6	573	N/A
72_8_1351_48971_20947/1	gi|2557643774|emb|OY673254.1|	95.652	46	2	0	14	59	21732	21777	7.91e-09	75.0	2697049	N/A
72_8_1351_48971_20947/1	gi|2463378371|dbj|AP027461.1|	93.878	49	3	0	11	59	1299629	1299677	7.91e-09	75.0	511145	N/A
72_8_1351_48971_20947/1	gi|2463378371|dbj|AP027461.1|	95.652	46	2	0	14	59	1628404	1628359	7.91e-09	75.0	511145	N/A
72_8_1351_48971_20947/1	gi|2557648311|emb|OY677105.1|	97.674	43	0	1	7	48	9636	9678	2.84e-08	73.1	2697049	N/A
72_8_1427_43808_27335/1	gi|2978724457|gb|PV611058.1|	90.323	62	2	3	64	122	295321	295381	6.11e-10	78.7	3421660	N/A
72_8_1427_43808_27335/1	gi|2978724457|gb|PV611058.1|	90.000	60	2	3	64	120	295784	295842	7.91e-09	75.0	3421660	N/A
72_8_1427_43808_27335/1	gi|2557643774|emb|OY673254.1|	93.478	46	3	0	64	109	21732	21777	3.68e-07	69.4	2697049	N/A
72_8_1427_43808_27335/1	gi|2463378371|dbj|AP027461.1|	93.478	46	3	0	64	109	1299632	1299677	3.68e-07	69.4	511145	N/A
72_8_1427_43808_27335/1	gi|2463378371|dbj|AP027461.1|	93.478	46	3	0	64	109	1628404	1628359	3.68e-07	69.4	511145	N/A
72_8_1427_43808_27335/1	gi|2165836832|emb|OV197136.1|	90.741	54	2	3	57	109	122	71	3.68e-07	69.4	2697049	N/A
72_8_1427_43808_27335/1	gi|2165834303|emb|OV196009.1|	90.566	53	4	1	57	109	121	70	3.68e-07	69.4	2697049	N/A
72_8_1427_43808_27335/1	gi|2165834303|emb|OV196009.1|	95.122	41	2	0	63	103	29911	29951	4.76e-06	65.8	2697049	N/A
72_8_1124_40854_4096/1	gi|2978724457|gb|PV611058.1|	93.798	129	1	6	11	136	295320	295444	9.73e-43	187	3421660	N/A
72_8_1124_40854_4096/1	gi|2978724457|gb|PV611058.1|	91.803	61	1	3	11	68	295783	295842	4.72e-11	82.4	3421660	N/A
72_8_1124_40854_4096/1	gi|2830983252|gb|CP170844.1|	83.158	95	13	2	12	104	4083423	4083330	1.31e-11	84.2	573	N/A
72_8_1124_40854_4096/1	gi|2557643774|emb|OY673254.1|	95.652	46	2	0	12	57	21732	21777	7.91e-09	75.0	2697049	N/A
72_8_1124_40854_4096/1	gi|2463378371|dbj|AP027461.1|	93.878	49	3	0	9	57	1299629	1299677	7.91e-09	75.0	511145	N/A
72_8_1124_40854_4096/1	gi|2463378371|dbj|AP027461.1|	95.652	46	2	0	12	57	1628404	1628359	7.91e-09	75.0	511145	N/A
72_8_1124_40854_4096/1	gi|685047827|emb|LN596339.1|	94.000	50	1	2	4	51	601778	601827	7.91e-09	75.0	7962	N/A
72_8_1475_38329_7289/1	gi|2557638192|emb|OY694677.1|	94.231	52	1	2	84	135	4290	4339	6.11e-10	78.7	2697049	N/A
72_8_1475_38329_7289/1	gi|685042178|emb|LN590703.1|	95.833	48	0	2	90	135	1057729	1057776	2.20e-09	76.8	7962	N/A
72_8_1475_38329_7289/1	gi|685042178|emb|LN590703.1|	95.238	42	0	2	96	135	7304702	7304661	4.76e-06	65.8	7962	N/A
72_8_1475_38329_7289/1	gi|685042178|emb|LN590703.1|	95.238	42	0	2	96	135	12952801	12952842	4.76e-06	65.8	7962	N/A
72_8_1475_38329_7289/1	gi|685042178|emb|LN590703.1|	95.238	42	0	2	96	135	13166504	13166545	4.76e-06	65.8	7962	N/A
72_8_1475_38329_7289/1	gi|685042178|emb|LN590703.1|	95.238	42	0	2	96	135	17684505	17684464	4.76e-06	65.8	7962	N/A
72_8_1475_38329_7289/1	gi|2560271083|emb|OY714119.1|	95.745	47	1	1	84	130	4290	4335	7.91e-09	75.0	2697049	N/A
72_8_1475_38329_7289/1	gi|685042802|emb|LN591327.1|	92.593	54	1	3	84	135	61996	62048	7.91e-09	75.0	7962	N/A
72_8_1475_38329_7289/1	gi|685042161|emb|LN590686.1|	92.593	54	1	3	84	135	20813819	20813871	7.91e-09	75.0	7962	N/A
72_8_1475_38329_7289/1	gi|685042161|emb|LN590686.1|	95.349	43	0	2	95	135	6380193	6380235	1.32e-06	67.6	7962	N/A
72_8_1475_38329_7289/1	gi|685042161|emb|LN590686.1|	90.566	53	2	3	85	135	17091836	17091887	1.32e-06	67.6	7962	N/A
72_8_1475_38329_7289/1	gi|685042161|emb|LN590686.1|	95.238	42	0	2	96	135	4545831	4545872	4.76e-06	65.8	7962	N/A
72_8_1475_38329_7289/1	gi|685042161|emb|LN590686.1|	95.238	42	0	2	96	135	12304839	12304798	4.76e-06	65.8	7962	N/A
72_8_1475_38329_7289/1	gi|685042161|emb|LN590686.1|	95.238	42	0	2	96	135	28125760	28125801	4.76e-06	65.8	7962	N/A
72_8_1475_38329_7289/1	gi|685042161|emb|LN590686.1|	94.872	39	0	2	99	135	12436830	12436868	2.21e-04	60.2	7962	N/A
72_8_2433_47967_13691/1	gi|2978724457|gb|PV611058.1|	89.062	64	3	3	71	131	295320	295382	2.20e-09	76.8	3421660	N/A
72_8_2433_47967_13691/1	gi|2978724457|gb|PV611058.1|	88.710	62	2	4	71	129	295783	295842	1.02e-07	71.3	3421660	N/A
72_8_2433_47967_13691/1	gi|2557643774|emb|OY673254.1|	93.478	46	3	0	72	117	21732	21777	3.68e-07	69.4	2697049	N/A
72_8_2433_47967_13691/1	gi|2463378371|dbj|AP027461.1|	91.837	49	4	0	69	117	1299629	1299677	3.68e-07	69.4	511145	N/A
72_8_2433_47967_13691/1	gi|2463378371|dbj|AP027461.1|	93.478	46	3	0	72	117	1628404	1628359	3.68e-07	69.4	511145	N/A
72_8_2433_47967_13691/1	gi|685047827|emb|LN596339.1|	92.000	50	2	2	64	111	601778	601827	3.68e-07	69.4	7962	N/A
72_8_2433_47967_13691/1	gi|685042161|emb|LN590686.1|	90.741	54	2	3	60	111	20813819	20813871	3.68e-07	69.4	7962	N/A
72_8_2433_47967_13691/1	gi|685042161|emb|LN590686.1|	93.182	44	1	2	70	111	6380192	6380235	1.71e-05	63.9	7962	N/A
72_8_2433_47967_13691/1	gi|685042161|emb|LN590686.1|	92.857	42	1	2	72	111	4545831	4545872	2.21e-04	60.2	7962	N/A
72_8_2433_47967_13691/1	gi|685042161|emb|LN590686.1|	92.857	42	1	2	72	111	12304839	12304798	2.21e-04	60.2	7962	N/A
72_8_2433_47967_13691/1	gi|685042161|emb|LN590686.1|	92.857	42	1	2	72	111	17091846	17091887	2.21e-04	60.2	7962	N/A
72_8_2433_47967_13691/1	gi|685042161|emb|LN590686.1|	92.857	42	1	2	72	111	28125760	28125801	2.21e-04	60.2	7962	N/A
72_8_2433_47967_13691/1	gi|685042161|emb|LN590686.1|	92.308	39	1	2	75	111	12436830	12436868	0.010	54.7	7962	N/A
72_8_1345_36080_17739/1	gi|2328376323|ref|NC_068048.1|	91.250	80	7	0	2	81	692	613	2.17e-19	110	223169	N/A
72_8_1345_36080_17739/1	gi|2050190627|gb|MW877563.1|	91.250	80	7	0	2	81	692	613	2.17e-19	110	223169	N/A
72_8_1345_36080_17739/1	gi|2624860192|gb|OR730557.1|	91.026	78	7	0	4	81	832	755	2.80e-18	106	126431	N/A
72_8_1345_36080_17739/1	gi|1980526959|ref|NC_052770.1|	91.026	78	7	0	4	81	856	779	2.80e-18	106	490842	N/A
72_8_1345_36080_17739/1	gi|2701785471|gb|OR911489.1|	90.000	80	8	0	2	81	715	636	1.01e-17	104	185002	N/A
72_8_2305_41210_15442/1	gi|2978724457|gb|PV611058.1|	90.226	133	7	5	8	137	295315	295444	3.53e-37	169	3421660	N/A
72_8_2305_41210_15442/1	gi|2978724457|gb|PV611058.1|	89.552	67	2	4	8	71	295778	295842	1.70e-10	80.5	3421660	N/A
72_8_2305_41210_15442/1	gi|2830983252|gb|CP170844.1|	86.598	97	9	2	14	108	4083424	4083330	1.01e-17	104	573	N/A
72_8_2305_41210_15442/1	gi|685042242|emb|LN590767.1|	95.833	48	0	2	9	54	603262	603215	2.20e-09	76.8	7962	N/A
72_8_2305_41210_15442/1	gi|2557643774|emb|OY673254.1|	92.453	53	3	1	9	60	21725	21777	7.91e-09	75.0	2697049	N/A
72_8_2305_41210_15442/1	gi|2463378371|dbj|AP027461.1|	95.652	46	2	0	15	60	1299632	1299677	7.91e-09	75.0	511145	N/A
72_8_2305_41210_15442/1	gi|2463378371|dbj|AP027461.1|	95.652	46	2	0	15	60	1628404	1628359	7.91e-09	75.0	511145	N/A
72_8_1148_34340_4362/1	gi|2978724457|gb|PV611058.1|	95.385	130	2	3	5	131	295316	295444	9.66e-48	204	3421660	N/A
72_8_1148_34340_4362/1	gi|2978724457|gb|PV611058.1|	90.769	65	2	3	5	66	295779	295842	1.31e-11	84.2	3421660	N/A
72_8_1148_34340_4362/1	gi|2557643774|emb|OY673254.1|	95.652	46	2	0	10	55	21732	21777	7.91e-09	75.0	2697049	N/A
72_8_1148_34340_4362/1	gi|2463378371|dbj|AP027461.1|	95.652	46	2	0	10	55	1299632	1299677	7.91e-09	75.0	511145	N/A
72_8_1148_34340_4362/1	gi|2463378371|dbj|AP027461.1|	95.652	46	2	0	10	55	1628404	1628359	7.91e-09	75.0	511145	N/A
72_8_1148_34340_4362/1	gi|685042161|emb|LN590686.1|	94.118	51	0	3	1	49	20813822	20813871	7.91e-09	75.0	7962	N/A
72_8_1148_34340_4362/1	gi|685042161|emb|LN590686.1|	95.349	43	0	2	9	49	6380193	6380235	1.32e-06	67.6	7962	N/A
72_8_1148_34340_4362/1	gi|685042161|emb|LN590686.1|	95.238	42	0	2	10	49	4545831	4545872	4.76e-06	65.8	7962	N/A
72_8_1148_34340_4362/1	gi|685042161|emb|LN590686.1|	95.238	42	0	2	10	49	12304839	12304798	4.76e-06	65.8	7962	N/A
72_8_1148_34340_4362/1	gi|685042161|emb|LN590686.1|	95.238	42	0	2	10	49	17091846	17091887	4.76e-06	65.8	7962	N/A
72_8_1148_34340_4362/1	gi|685042161|emb|LN590686.1|	95.238	42	0	2	10	49	28125760	28125801	4.76e-06	65.8	7962	N/A
72_8_1148_34340_4362/1	gi|685042161|emb|LN590686.1|	94.872	39	0	2	13	49	12436830	12436868	2.21e-04	60.2	7962	N/A
72_8_1148_34340_4362/1	gi|2830983252|gb|CP170844.1|	81.915	94	5	2	10	91	4083423	4083330	3.68e-07	69.4	573	N/A
72_8_1242_9019_25864/1	gi|2978724457|gb|PV611058.1|	90.476	126	7	4	15	137	295321	295444	5.90e-35	161	3421660	N/A
72_8_1242_9019_25864/1	gi|2978724457|gb|PV611058.1|	91.667	60	1	3	15	71	295784	295842	1.70e-10	80.5	3421660	N/A
72_8_1242_9019_25864/1	gi|2830983252|gb|CP170844.1|	89.362	94	7	2	15	105	4083423	4083330	4.66e-21	115	573	N/A
72_8_1242_9019_25864/1	gi|2557638192|emb|OY694677.1|	91.525	59	2	3	3	60	4290	4346	6.11e-10	78.7	2697049	N/A
72_8_1242_9019_25864/1	gi|2560271083|emb|OY714119.1|	95.745	47	1	1	3	49	4290	4335	7.91e-09	75.0	2697049	N/A
72_8_1242_9019_25864/1	gi|2557643774|emb|OY673254.1|	95.652	46	2	0	15	60	21732	21777	7.91e-09	75.0	2697049	N/A
72_8_1496_51714_17907/1	gi|2978724457|gb|PV611058.1|	89.899	99	6	3	42	137	295321	295418	7.74e-24	124	3421660	N/A
72_8_1496_51714_17907/1	gi|2978724457|gb|PV611058.1|	91.667	60	1	3	42	98	295784	295842	1.70e-10	80.5	3421660	N/A
72_8_1496_51714_17907/1	gi|2830983252|gb|CP170844.1|	85.417	96	10	3	41	133	4083424	4083330	1.69e-15	97.1	573	N/A
72_8_1496_51714_17907/1	gi|2557643774|emb|OY673254.1|	91.228	57	4	1	32	87	21721	21777	2.20e-09	76.8	2697049	N/A
72_8_1496_51714_17907/1	gi|2557639802|emb|OY695838.1|	100.000	40	0	0	36	75	4716	4755	7.91e-09	75.0	2697049	N/A
72_8_1496_51714_17907/1	gi|2463378371|dbj|AP027461.1|	95.652	46	2	0	42	87	1299632	1299677	7.91e-09	75.0	511145	N/A
72_8_1496_51714_17907/1	gi|2463378371|dbj|AP027461.1|	95.652	46	2	0	42	87	1628404	1628359	7.91e-09	75.0	511145	N/A
72_8_1494_2392_28203/1	gi|2573961727|gb|CP133596.1|	97.059	34	0	1	33	65	518151	518118	0.003	56.5	2268204	N/A
72_8_1494_2392_28203/1	gi|685042601|emb|LN591126.1|	94.595	37	1	1	30	65	256195	256231	0.003	56.5	7962	N/A
72_8_1302_36015_8074/1	gi|2557636725|emb|OY693138.1|	100.000	28	0	0	110	137	23675	23702	0.037	52.8	2697049	N/A
72_8_1302_36015_8074/1	gi|2155043488|emb|OV016109.1|	100.000	28	0	0	110	137	29944	29917	0.037	52.8	2697049	N/A
72_8_1302_36015_8074/1	gi|2155043487|emb|OV016108.1|	100.000	28	0	0	110	137	29944	29917	0.037	52.8	2697049	N/A
72_8_1302_36015_8074/1	gi|2155043183|emb|OV015804.1|	100.000	28	0	0	110	137	29950	29923	0.037	52.8	2697049	N/A
72_8_1302_36015_8074/1	gi|1241299067|gb|KY965816.2|	100.000	25	0	0	113	137	104359	104383	1.7	47.3	149440	N/A
72_8_2376_47320_5482/1	gi|2978724457|gb|PV611058.1|	89.524	105	5	5	37	137	295318	295420	5.98e-25	128	3421660	N/A
72_8_2376_47320_5482/1	gi|2978724457|gb|PV611058.1|	89.062	64	2	4	37	97	295781	295842	7.91e-09	75.0	3421660	N/A
72_8_2376_47320_5482/1	gi|2830983252|gb|CP170844.1|	85.263	95	11	2	40	131	4083424	4083330	6.07e-15	95.3	573	N/A
72_8_2376_47320_5482/1	gi|685042175|emb|LN590700.1|	94.231	52	1	2	32	81	14033950	14033899	6.11e-10	78.7	7962	N/A
72_8_2376_47320_5482/1	gi|685042175|emb|LN590700.1|	95.349	43	0	2	40	80	15778537	15778579	1.32e-06	67.6	7962	N/A
72_8_2376_47320_5482/1	gi|685042242|emb|LN590767.1|	95.833	48	0	2	35	80	603262	603215	2.20e-09	76.8	7962	N/A
72_8_2376_47320_5482/1	gi|2557643774|emb|OY673254.1|	91.071	56	4	1	31	85	21721	21776	7.91e-09	75.0	2697049	N/A
72_8_2385_38160_23553/1	gi|2978724457|gb|PV611058.1|	93.893	131	1	6	9	136	295318	295444	7.52e-44	191	3421660	N/A
72_8_2385_38160_23553/1	gi|2978724457|gb|PV611058.1|	92.063	63	1	3	9	68	295781	295842	3.65e-12	86.1	3421660	N/A
72_8_2385_38160_23553/1	gi|2830983252|gb|CP170844.1|	85.106	94	12	1	12	103	4083423	4083330	6.07e-15	95.3	573	N/A
72_8_2385_38160_23553/1	gi|2557643774|emb|OY673254.1|	92.453	53	2	2	7	57	21725	21777	7.91e-09	75.0	2697049	N/A
72_8_2385_38160_23553/1	gi|2463378371|dbj|AP027461.1|	95.652	46	2	0	12	57	1299632	1299677	7.91e-09	75.0	511145	N/A
72_8_2385_38160_23553/1	gi|2463378371|dbj|AP027461.1|	95.652	46	2	0	12	57	1628404	1628359	7.91e-09	75.0	511145	N/A
72_8_2385_38160_23553/1	gi|2319067183|gb|CP107088.1|	100.000	40	0	0	7	46	608308	608347	7.91e-09	75.0	630	N/A
72_8_1269_39956_7892/1	gi|2978724457|gb|PV611058.1|	92.063	63	1	3	67	126	295321	295382	3.65e-12	86.1	3421660	N/A
72_8_1269_39956_7892/1	gi|2978724457|gb|PV611058.1|	91.667	60	1	3	67	123	295784	295842	1.70e-10	80.5	3421660	N/A
72_8_1269_39956_7892/1	gi|2557643774|emb|OY673254.1|	95.652	46	2	0	67	112	21732	21777	7.91e-09	75.0	2697049	N/A
72_8_1269_39956_7892/1	gi|2463378371|dbj|AP027461.1|	95.652	46	2	0	67	112	1299632	1299677	7.91e-09	75.0	511145	N/A
72_8_1269_39956_7892/1	gi|2463378371|dbj|AP027461.1|	95.652	46	2	0	67	112	1628404	1628359	7.91e-09	75.0	511145	N/A
72_8_1269_39956_7892/1	gi|2991388636|dbj|AP040949.1|	100.000	39	0	0	64	102	3527635	3527673	2.84e-08	73.1	573	N/A
72_8_1269_39956_7892/1	gi|2524352013|emb|OY072335.1|	93.878	49	1	2	52	100	21645	21691	2.84e-08	73.1	2697049	N/A
72_8_2401_13648_3704/1	gi|2557643774|emb|OY673254.1|	94.444	54	2	1	81	133	21724	21777	4.72e-11	82.4	2697049	N/A
72_8_2401_13648_3704/1	gi|685042175|emb|LN590700.1|	94.118	51	1	2	80	128	14033949	14033899	2.20e-09	76.8	7962	N/A
72_8_2401_13648_3704/1	gi|685042175|emb|LN590700.1|	95.238	42	0	2	88	127	15778538	15778579	4.76e-06	65.8	7962	N/A
72_8_2401_13648_3704/1	gi|2560250289|emb|OY708460.1|	94.000	50	1	2	85	133	6487	6535	7.91e-09	75.0	2697049	N/A
72_8_2401_13648_3704/1	gi|2557654546|emb|OY684713.1|	97.727	44	0	1	81	123	21728	21771	7.91e-09	75.0	2697049	N/A
72_8_2401_13648_3704/1	gi|2463378371|dbj|AP027461.1|	95.652	46	2	0	88	133	1299632	1299677	7.91e-09	75.0	511145	N/A
72_8_2401_13648_3704/1	gi|2463378371|dbj|AP027461.1|	95.652	46	2	0	88	133	1628404	1628359	7.91e-09	75.0	511145	N/A
72_8_1121_7822_9839/1	gi|2830983252|gb|CP170844.1|	89.362	94	8	1	40	131	4083423	4083330	1.30e-21	117	573	N/A
72_8_1121_7822_9839/1	gi|2978724457|gb|PV611058.1|	85.294	102	11	3	39	137	295320	295420	3.63e-17	102	3421660	N/A
72_8_1121_7822_9839/1	gi|2978724457|gb|PV611058.1|	90.625	64	2	3	39	99	295783	295845	4.72e-11	82.4	3421660	N/A
72_8_1121_7822_9839/1	gi|2557638192|emb|OY694677.1|	89.552	67	4	3	20	85	4282	4346	4.72e-11	82.4	2697049	N/A
72_8_1121_7822_9839/1	gi|2560271083|emb|OY714119.1|	92.727	55	3	1	20	74	4282	4335	6.11e-10	78.7	2697049	N/A
72_8_1121_7822_9839/1	gi|685042802|emb|LN591327.1|	94.118	51	1	2	31	79	61998	62048	2.20e-09	76.8	7962	N/A
72_8_1453_36347_15932/1	gi|2830983252|gb|CP170844.1|	91.489	94	6	1	41	132	4083423	4083330	5.98e-25	128	573	N/A
72_8_1453_36347_15932/1	gi|2978724457|gb|PV611058.1|	85.185	108	11	4	34	137	295313	295419	2.80e-18	106	3421660	N/A
72_8_1453_36347_15932/1	gi|2978724457|gb|PV611058.1|	89.706	68	2	4	34	97	295776	295842	4.72e-11	82.4	3421660	N/A
72_8_1453_36347_15932/1	gi|685042161|emb|LN590686.1|	94.231	52	0	3	31	80	20813821	20813871	2.20e-09	76.8	7962	N/A
72_8_1453_36347_15932/1	gi|685042161|emb|LN590686.1|	95.455	44	0	2	39	80	6380192	6380235	3.68e-07	69.4	7962	N/A
72_8_1453_36347_15932/1	gi|685042161|emb|LN590686.1|	95.238	42	0	2	41	80	4545831	4545872	4.76e-06	65.8	7962	N/A
72_8_1453_36347_15932/1	gi|685042161|emb|LN590686.1|	95.238	42	0	2	41	80	12304839	12304798	4.76e-06	65.8	7962	N/A
72_8_1453_36347_15932/1	gi|685042161|emb|LN590686.1|	90.385	52	2	3	31	80	17091837	17091887	4.76e-06	65.8	7962	N/A
72_8_1453_36347_15932/1	gi|685042161|emb|LN590686.1|	95.238	42	0	2	41	80	28125760	28125801	4.76e-06	65.8	7962	N/A
72_8_1453_36347_15932/1	gi|685042161|emb|LN590686.1|	94.872	39	0	2	44	80	12436830	12436868	2.21e-04	60.2	7962	N/A
72_8_1453_36347_15932/1	gi|2557643774|emb|OY673254.1|	95.652	46	2	0	41	86	21732	21777	7.91e-09	75.0	2697049	N/A
72_8_1453_36347_15932/1	gi|2463378371|dbj|AP027461.1|	95.652	46	2	0	41	86	1299632	1299677	7.91e-09	75.0	511145	N/A
72_8_1453_36347_15932/1	gi|2463378371|dbj|AP027461.1|	95.652	46	2	0	41	86	1628404	1628359	7.91e-09	75.0	511145	N/A
72_8_1142_5313_22894/1	gi|2978724457|gb|PV611058.1|	88.976	127	9	4	14	137	295320	295444	3.55e-32	152	3421660	N/A
72_8_1142_5313_22894/1	gi|2978724457|gb|PV611058.1|	90.323	62	1	4	14	72	295783	295842	2.20e-09	76.8	3421660	N/A
72_8_1142_5313_22894/1	gi|2830983252|gb|CP170844.1|	89.362	94	8	1	15	106	4083423	4083330	1.30e-21	117	573	N/A
72_8_1142_5313_22894/1	gi|2557643774|emb|OY673254.1|	95.652	46	2	0	15	60	21732	21777	7.91e-09	75.0	2697049	N/A
72_8_1142_5313_22894/1	gi|2463378371|dbj|AP027461.1|	93.878	49	3	0	12	60	1299629	1299677	7.91e-09	75.0	511145	N/A
72_8_1142_5313_22894/1	gi|2463378371|dbj|AP027461.1|	95.652	46	2	0	15	60	1628404	1628359	7.91e-09	75.0	511145	N/A
72_8_1142_5313_22894/1	gi|685047827|emb|LN596339.1|	94.000	50	1	2	7	54	601778	601827	7.91e-09	75.0	7962	N/A
72_8_2178_8056_21059/1	gi|2155043183|emb|OV015804.1|	97.500	40	1	0	24	63	29950	29911	3.68e-07	69.4	2697049	N/A
72_8_2178_8056_21059/1	gi|2991388636|dbj|AP040949.1|	97.368	38	1	0	25	62	3527636	3527673	4.76e-06	65.8	573	N/A
72_8_2178_8056_21059/1	gi|2557638192|emb|OY694677.1|	87.931	58	4	3	16	72	4291	4346	4.76e-06	65.8	2697049	N/A
72_8_2178_8056_21059/1	gi|2560502367|emb|OY629453.1|	97.297	37	1	0	26	62	5917	5953	1.71e-05	63.9	2697049	N/A
72_8_2178_8056_21059/1	gi|2165834303|emb|OV196009.1|	88.679	53	5	1	20	72	121	70	1.71e-05	63.9	2697049	N/A
72_8_2178_8056_21059/1	gi|2165834303|emb|OV196009.1|	95.000	40	2	0	27	66	29912	29951	1.71e-05	63.9	2697049	N/A
72_8_1262_16416_21353/1	gi|2978724457|gb|PV611058.1|	90.698	129	7	4	12	137	295318	295444	1.27e-36	167	3421660	N/A
72_8_1262_16416_21353/1	gi|2978724457|gb|PV611058.1|	90.476	63	2	3	12	71	295781	295842	1.70e-10	80.5	3421660	N/A
72_8_1262_16416_21353/1	gi|2830983252|gb|CP170844.1|	88.298	94	7	2	15	104	4083423	4083330	2.17e-19	110	573	N/A
72_8_1262_16416_21353/1	gi|2557643774|emb|OY673254.1|	95.652	46	2	0	15	60	21732	21777	7.91e-09	75.0	2697049	N/A
72_8_1262_16416_21353/1	gi|2463378371|dbj|AP027461.1|	95.652	46	2	0	15	60	1299632	1299677	7.91e-09	75.0	511145	N/A
72_8_1262_16416_21353/1	gi|2463378371|dbj|AP027461.1|	95.652	46	2	0	15	60	1628404	1628359	7.91e-09	75.0	511145	N/A
72_8_1262_16416_21353/1	gi|685042177|emb|LN590702.1|	95.745	47	0	2	10	54	3995994	3995948	7.91e-09	75.0	7962	N/A
72_8_1262_16416_21353/1	gi|685042177|emb|LN590702.1|	90.909	55	1	4	4	54	6540848	6540902	1.02e-07	71.3	7962	N/A
72_8_1262_16416_21353/1	gi|685042177|emb|LN590702.1|	95.455	44	0	2	13	54	6862997	6863040	3.68e-07	69.4	7962	N/A
72_8_1262_16416_21353/1	gi|685042177|emb|LN590702.1|	95.238	42	0	2	15	54	1181065	1181106	4.76e-06	65.8	7962	N/A
72_8_1262_16416_21353/1	gi|685042177|emb|LN590702.1|	91.667	48	2	2	9	54	6762493	6762540	4.76e-06	65.8	7962	N/A
72_8_1262_16416_21353/1	gi|685042177|emb|LN590702.1|	100.000	33	0	0	15	47	1157092	1157060	6.15e-05	62.1	7962	N/A
72_8_2198_11123_23595/1	gi|2978724457|gb|PV611058.1|	93.204	103	3	3	38	137	295318	295419	4.59e-31	148	3421660	N/A
72_8_2198_11123_23595/1	gi|2978724457|gb|PV611058.1|	90.476	63	2	3	38	97	295781	295842	1.70e-10	80.5	3421660	N/A
72_8_2198_11123_23595/1	gi|2830983252|gb|CP170844.1|	81.915	94	13	2	41	130	4083423	4083330	2.20e-09	76.8	573	N/A
72_8_2198_11123_23595/1	gi|2557643774|emb|OY673254.1|	90.741	54	4	1	34	86	21724	21777	1.02e-07	71.3	2697049	N/A
72_8_2198_11123_23595/1	gi|685042175|emb|LN590700.1|	92.157	51	2	2	33	81	14033949	14033899	1.02e-07	71.3	7962	N/A
72_8_2198_11123_23595/1	gi|685042175|emb|LN590700.1|	92.857	42	1	2	41	80	15778538	15778579	2.21e-04	60.2	7962	N/A
72_8_2198_11123_23595/1	gi|2565360070|emb|OY632882.1|	97.500	40	1	0	36	75	22461	22500	3.68e-07	69.4	2697049	N/A
72_8_1184_37326_21465/1	gi|2978724457|gb|PV611058.1|	91.270	126	7	3	15	137	295320	295444	3.53e-37	169	3421660	N/A
72_8_1184_37326_21465/1	gi|2978724457|gb|PV611058.1|	91.803	61	1	3	15	72	295783	295842	4.72e-11	82.4	3421660	N/A
72_8_1184_37326_21465/1	gi|2830983252|gb|CP170844.1|	88.298	94	8	2	16	106	4083423	4083330	2.17e-19	110	573	N/A
72_8_1184_37326_21465/1	gi|2557643774|emb|OY673254.1|	95.652	46	2	0	16	61	21732	21777	7.91e-09	75.0	2697049	N/A
72_8_1184_37326_21465/1	gi|2463378371|dbj|AP027461.1|	95.652	46	2	0	16	61	1299632	1299677	7.91e-09	75.0	511145	N/A
72_8_1184_37326_21465/1	gi|2463378371|dbj|AP027461.1|	95.652	46	2	0	16	61	1628404	1628359	7.91e-09	75.0	511145	N/A
72_8_1184_37326_21465/1	gi|685050005|emb|LN598517.1|	95.745	47	0	2	11	55	113242	113288	7.91e-09	75.0	7962	N/A
72_8_2426_7976_3774/1	gi|685047827|emb|LN596339.1|	97.561	41	1	0	97	137	601778	601818	1.02e-07	71.3	7962	N/A
72_8_2426_7976_3774/1	gi|685042440|emb|LN590965.1|	100.000	37	0	0	101	137	76684	76648	3.68e-07	69.4	7962	N/A
72_8_2426_7976_3774/1	gi|685042161|emb|LN590686.1|	97.561	41	0	1	97	137	20813823	20813862	3.68e-07	69.4	7962	N/A
72_8_2426_7976_3774/1	gi|685042161|emb|LN590686.1|	100.000	35	0	0	103	137	6380192	6380226	4.76e-06	65.8	7962	N/A
72_8_2426_7976_3774/1	gi|685042161|emb|LN590686.1|	100.000	33	0	0	105	137	4545831	4545863	6.15e-05	62.1	7962	N/A
72_8_2426_7976_3774/1	gi|685042161|emb|LN590686.1|	100.000	33	0	0	105	137	12304839	12304807	6.15e-05	62.1	7962	N/A
72_8_2426_7976_3774/1	gi|685042161|emb|LN590686.1|	100.000	33	0	0	105	137	17091846	17091878	6.15e-05	62.1	7962	N/A
72_8_2426_7976_3774/1	gi|685042161|emb|LN590686.1|	100.000	33	0	0	105	137	28125760	28125792	6.15e-05	62.1	7962	N/A
72_8_2426_7976_3774/1	gi|685042161|emb|LN590686.1|	100.000	30	0	0	108	137	12436830	12436859	0.003	56.5	7962	N/A
72_8_2426_7976_3774/1	gi|685049842|emb|LN598354.1|	100.000	36	0	0	102	137	1042170	1042205	1.32e-06	67.6	7962	N/A
72_8_2426_7976_3774/1	gi|2056808531|tpg|BK057475.1|	100.000	36	0	0	102	137	53	18	1.32e-06	67.6	2832643	N/A
72_8_1333_33256_28455/1	gi|2978724457|gb|PV611058.1|	93.651	126	3	4	15	137	295321	295444	1.26e-41	183	3421660	N/A
72_8_1333_33256_28455/1	gi|2978724457|gb|PV611058.1|	91.667	60	1	3	15	71	295784	295842	1.70e-10	80.5	3421660	N/A
72_8_1333_33256_28455/1	gi|2830983252|gb|CP170844.1|	85.263	95	10	2	14	104	4083424	4083330	6.07e-15	95.3	573	N/A
72_8_1333_33256_28455/1	gi|685045708|emb|LN594233.1|	95.833	48	0	2	9	54	80409	80362	2.20e-09	76.8	7962	N/A
72_8_1333_33256_28455/1	gi|2557643774|emb|OY673254.1|	95.652	46	2	0	15	60	21732	21777	7.91e-09	75.0	2697049	N/A
72_8_1333_33256_28455/1	gi|2463378371|dbj|AP027461.1|	95.652	46	2	0	15	60	1299632	1299677	7.91e-09	75.0	511145	N/A
72_8_1333_33256_28455/1	gi|2463378371|dbj|AP027461.1|	95.652	46	2	0	15	60	1628404	1628359	7.91e-09	75.0	511145	N/A
72_8_2131_13802_11842/1	gi|2830983252|gb|CP170844.1|	87.059	85	8	3	56	137	4083423	4083339	2.18e-14	93.5	573	N/A
72_8_2131_13802_11842/1	gi|2978724457|gb|PV611058.1|	89.062	64	2	4	55	115	295783	295844	7.91e-09	75.0	3421660	N/A
72_8_2131_13802_11842/1	gi|2978724457|gb|PV611058.1|	88.710	62	3	3	55	113	295320	295380	2.84e-08	73.1	3421660	N/A
72_8_2131_13802_11842/1	gi|685049950|emb|LN598462.1|	93.750	48	1	2	50	95	1938274	1938321	1.02e-07	71.3	7962	N/A
72_8_2131_13802_11842/1	gi|2557643774|emb|OY673254.1|	93.478	46	3	0	56	101	21732	21777	3.68e-07	69.4	2697049	N/A
72_8_2131_13802_11842/1	gi|2463378371|dbj|AP027461.1|	93.478	46	3	0	56	101	1299632	1299677	3.68e-07	69.4	511145	N/A
72_8_2131_13802_11842/1	gi|2463378371|dbj|AP027461.1|	93.478	46	3	0	56	101	1628404	1628359	3.68e-07	69.4	511145	N/A
72_8_2459_18091_29016/1	gi|2560502367|emb|OY629453.1|	100.000	38	0	0	100	137	5916	5953	1.02e-07	71.3	2697049	N/A
72_8_2459_18091_29016/1	gi|780644672|ref|XM_011690559.1|	100.000	38	0	0	99	136	1035	1072	1.02e-07	71.3	64793	N/A
72_8_2459_18091_29016/1	gi|685045281|emb|LN593806.1|	100.000	38	0	0	99	136	5478	5515	1.02e-07	71.3	7962	N/A
72_8_2459_18091_29016/1	gi|2991388636|dbj|AP040949.1|	100.000	37	0	0	101	137	3527637	3527673	3.68e-07	69.4	573	N/A
72_8_2459_18091_29016/1	gi|2863125063|dbj|AP038805.1|	100.000	37	0	0	99	135	406643	406607	3.68e-07	69.4	70125	N/A
72_8_2267_46090_2765/1	gi|2991388636|dbj|AP040949.1|	97.500	40	1	0	10	49	4537860	4537899	3.68e-07	69.4	573	N/A
72_8_1146_17435_11436/1	gi|2978724457|gb|PV611058.1|	94.531	128	2	4	13	137	295319	295444	2.09e-44	193	3421660	N/A
72_8_1146_17435_11436/1	gi|2978724457|gb|PV611058.1|	90.323	62	2	3	13	71	295782	295842	6.11e-10	78.7	3421660	N/A
72_8_1146_17435_11436/1	gi|685042175|emb|LN590700.1|	94.643	56	0	3	3	55	14033954	14033899	1.31e-11	84.2	7962	N/A
72_8_1146_17435_11436/1	gi|685042175|emb|LN590700.1|	95.238	42	0	2	15	54	15778538	15778579	4.76e-06	65.8	7962	N/A
72_8_1146_17435_11436/1	gi|2830983252|gb|CP170844.1|	81.915	94	13	2	15	104	4083423	4083330	2.20e-09	76.8	573	N/A
72_8_1146_17435_11436/1	gi|1842001608|ref|NC_047813.1|	94.000	50	1	2	10	59	60	13	7.91e-09	75.0	1958907	N/A
72_8_1146_17435_11436/1	gi|1842001608|ref|NC_047813.1|	97.674	43	1	0	10	52	18488	18530	7.91e-09	75.0	1958907	N/A
72_8_1146_17435_11436/1	gi|685042157|emb|LN590682.1|	92.593	54	1	3	3	54	4473396	4473448	7.91e-09	75.0	7962	N/A
72_8_1146_17435_11436/1	gi|685042157|emb|LN590682.1|	95.652	46	0	2	11	54	992823	992778	2.84e-08	73.1	7962	N/A
72_8_1146_17435_11436/1	gi|685042157|emb|LN590682.1|	95.556	45	0	2	12	54	12087806	12087762	1.02e-07	71.3	7962	N/A
72_8_1146_17435_11436/1	gi|685042157|emb|LN590682.1|	100.000	37	0	0	13	49	839204	839240	3.68e-07	69.4	7962	N/A
72_8_2341_3055_25065/1	gi|2978724457|gb|PV611058.1|	86.047	129	10	5	12	137	295321	295444	4.63e-26	132	3421660	N/A
72_8_2341_3055_25065/1	gi|2978724457|gb|PV611058.1|	91.071	56	1	3	12	64	295784	295838	2.84e-08	73.1	3421660	N/A
72_8_2341_3055_25065/1	gi|2830983252|gb|CP170844.1|	86.458	96	9	2	12	105	4083423	4083330	3.63e-17	102	573	N/A
72_8_2341_3055_25065/1	gi|2755084441|gb|PP943425.1|	83.871	93	11	4	12	103	67825	67736	3.65e-12	86.1	10258	N/A
72_8_2341_3055_25065/1	gi|2755084441|gb|PP943425.1|	93.478	46	1	2	12	56	67591	67635	1.32e-06	67.6	10258	N/A
72_8_2341_3055_25065/1	gi|2557643774|emb|OY673254.1|	95.652	46	2	0	12	57	21732	21777	7.91e-09	75.0	2697049	N/A
72_8_2341_3055_25065/1	gi|2463378371|dbj|AP027461.1|	93.878	49	3	0	9	57	1299629	1299677	7.91e-09	75.0	511145	N/A
72_8_2341_3055_25065/1	gi|2463378371|dbj|AP027461.1|	95.652	46	2	0	12	57	1628404	1628359	7.91e-09	75.0	511145	N/A
72_8_1491_19669_11940/1	gi|2978724457|gb|PV611058.1|	93.258	89	2	3	52	137	295316	295403	5.98e-25	128	3421660	N/A
72_8_1491_19669_11940/1	gi|2978724457|gb|PV611058.1|	90.769	65	2	3	52	113	295779	295842	1.31e-11	84.2	3421660	N/A
72_8_1491_19669_11940/1	gi|2557643774|emb|OY673254.1|	95.652	46	2	0	57	102	21732	21777	7.91e-09	75.0	2697049	N/A
72_8_1491_19669_11940/1	gi|2463378371|dbj|AP027461.1|	93.878	49	3	0	54	102	1299629	1299677	7.91e-09	75.0	511145	N/A
72_8_1491_19669_11940/1	gi|2463378371|dbj|AP027461.1|	95.652	46	2	0	57	102	1628404	1628359	7.91e-09	75.0	511145	N/A
72_8_1491_19669_11940/1	gi|685047827|emb|LN596339.1|	94.000	50	1	2	49	96	601778	601827	7.91e-09	75.0	7962	N/A
72_8_1491_19669_11940/1	gi|685042440|emb|LN590965.1|	95.745	47	0	2	53	97	76684	76638	7.91e-09	75.0	7962	N/A
72_8_1206_51868_28343/1	gi|2978724457|gb|PV611058.1|	92.366	131	1	6	7	134	295320	295444	5.86e-40	178	3421660	N/A
72_8_1206_51868_28343/1	gi|2978724457|gb|PV611058.1|	91.803	61	1	3	7	64	295783	295842	4.72e-11	82.4	3421660	N/A
72_8_1206_51868_28343/1	gi|2830983252|gb|CP170844.1|	85.263	95	11	2	8	100	4083423	4083330	6.07e-15	95.3	573	N/A
72_8_1206_51868_28343/1	gi|2710394916|tpg|BK066886.1|	100.000	41	0	0	1	41	29307	29347	2.20e-09	76.8	3116700	N/A
72_8_1206_51868_28343/1	gi|2557643774|emb|OY673254.1|	95.652	46	2	0	8	53	21732	21777	7.91e-09	75.0	2697049	N/A
72_8_1206_51868_28343/1	gi|2557638192|emb|OY694677.1|	94.000	50	1	2	5	53	4298	4346	7.91e-09	75.0	2697049	N/A
72_8_2305_46834_24001/1	gi|2810943409|gb|CP168792.1|	88.550	131	15	0	2	132	39509882	39509752	2.12e-34	159	3750	N/A
72_8_2305_46834_24001/1	gi|2810943377|gb|CP168775.1|	88.550	131	15	0	2	132	39471779	39471649	2.12e-34	159	3750	N/A
72_8_2305_46834_24001/1	gi|2785275855|gb|CP165711.1|	88.550	131	15	0	2	132	39861084	39860954	2.12e-34	159	3750	N/A
72_8_2305_46834_24001/1	gi|2785275837|gb|CP165694.1|	88.550	131	15	0	2	132	40702606	40702476	2.12e-34	159	3750	N/A
72_8_2305_46834_24001/1	gi|2700491681|gb|CP147812.1|	88.550	131	15	0	2	132	1861037	1861167	2.12e-34	159	3750	N/A
72_8_2313_40231_23160/1	gi|2948838246|emb|OZ247456.1|	89.873	79	8	0	4	82	4274745	4274667	3.63e-17	102	673927	N/A
72_8_2313_40231_23160/1	gi|2565447243|emb|OY723404.1|	88.750	80	9	0	3	82	11588627	11588548	4.69e-16	99.0	486073	N/A
72_8_2313_40231_23160/1	gi|2952419604|emb|OZ249250.1|	87.654	81	10	0	2	82	18139919	18139839	6.07e-15	95.3	22511	N/A
72_8_2313_40231_23160/1	gi|1752269902|gb|MK726067.1|	87.342	79	10	0	4	82	444	366	7.85e-14	91.6	646076	N/A
72_8_2313_40231_23160/1	gi|2979126765|emb|OZ260063.1|	87.342	79	10	0	4	82	46607931	46607853	7.85e-14	91.6	160988	N/A
72_8_1118_15396_28021/1	gi|2978724457|gb|PV611058.1|	93.651	126	3	4	15	137	295321	295444	1.26e-41	183	3421660	N/A
72_8_1118_15396_28021/1	gi|2978724457|gb|PV611058.1|	91.803	61	1	3	15	72	295784	295843	4.72e-11	82.4	3421660	N/A
72_8_1118_15396_28021/1	gi|2830983252|gb|CP170844.1|	85.106	94	8	2	15	102	4083423	4083330	7.85e-14	91.6	573	N/A
72_8_1118_15396_28021/1	gi|2557643774|emb|OY673254.1|	95.652	46	2	0	15	60	21732	21777	7.91e-09	75.0	2697049	N/A
72_8_1118_15396_28021/1	gi|2463378371|dbj|AP027461.1|	95.652	46	2	0	15	60	1299632	1299677	7.91e-09	75.0	511145	N/A
72_8_1118_15396_28021/1	gi|2463378371|dbj|AP027461.1|	95.652	46	2	0	15	60	1628404	1628359	7.91e-09	75.0	511145	N/A
72_8_1118_15396_28021/1	gi|685046063|emb|LN594588.1|	95.652	46	0	2	11	54	121372	121417	2.84e-08	73.1	7962	N/A
72_8_2370_41267_17585/1	gi|2739942110|emb|OZ060455.1|	100.000	28	0	0	4	31	99293	99320	0.037	52.8	195145	N/A
72_8_1225_51617_8802/1	gi|2165834303|emb|OV196009.1|	90.196	51	5	0	79	129	120	70	1.32e-06	67.6	2697049	N/A
72_8_1225_51617_8802/1	gi|2165834303|emb|OV196009.1|	95.122	41	2	0	83	123	29911	29951	4.76e-06	65.8	2697049	N/A
72_8_1225_51617_8802/1	gi|685048206|emb|LN596718.1|	97.368	38	1	0	81	118	51898	51935	4.76e-06	65.8	7962	N/A
72_8_1225_51617_8802/1	gi|2165836382|emb|OV196890.1|	95.122	41	2	0	79	119	122	82	4.76e-06	65.8	2697049	N/A
72_8_1225_51617_8802/1	gi|2165834670|emb|OV196177.1|	95.122	41	2	0	79	119	122	82	4.76e-06	65.8	2697049	N/A
72_8_1225_51617_8802/1	gi|2924925013|gb|PQ571295.1|	97.297	37	1	0	82	118	227	263	1.71e-05	63.9	3385244	N/A
72_8_2229_28643_15092/1	gi|685042188|emb|LN590713.1|	95.238	42	2	0	11	52	7120044	7120085	1.32e-06	67.6	7962	N/A
72_8_2229_28643_15092/1	gi|780644672|ref|XM_011690559.1|	95.122	41	2	0	12	52	1035	1075	4.76e-06	65.8	64793	N/A
72_8_2229_28643_15092/1	gi|685042180|emb|LN590705.1|	94.737	38	2	0	15	52	2155404	2155441	2.21e-04	60.2	7962	N/A
72_8_1181_31896_24281/1	gi|685051416|emb|LN599928.1|	93.478	46	1	2	80	123	8192	8237	1.32e-06	67.6	7962	N/A
72_8_1181_31896_24281/1	gi|685048206|emb|LN596718.1|	97.436	39	1	0	80	118	51897	51935	1.32e-06	67.6	7962	N/A
72_8_1181_31896_24281/1	gi|2755084441|gb|PP943425.1|	91.667	48	2	2	82	128	67589	67635	4.76e-06	65.8	10258	N/A
72_8_1181_31896_24281/1	gi|2165836832|emb|OV197136.1|	91.667	48	2	2	83	129	117	71	4.76e-06	65.8	2697049	N/A
72_8_1181_31896_24281/1	gi|2165834303|emb|OV196009.1|	91.489	47	4	0	83	129	116	70	4.76e-06	65.8	2697049	N/A
72_8_1181_31896_24281/1	gi|2165834303|emb|OV196009.1|	95.122	41	2	0	83	123	29911	29951	4.76e-06	65.8	2697049	N/A
72_8_2188_18528_10749/1	gi|2978724457|gb|PV611058.1|	91.270	126	6	4	15	137	295321	295444	1.27e-36	167	3421660	N/A
72_8_2188_18528_10749/1	gi|2978724457|gb|PV611058.1|	91.667	60	1	3	15	71	295784	295842	1.70e-10	80.5	3421660	N/A
72_8_2188_18528_10749/1	gi|2830983252|gb|CP170844.1|	86.316	95	10	2	15	107	4083423	4083330	1.30e-16	100	573	N/A
72_8_2188_18528_10749/1	gi|2557643774|emb|OY673254.1|	95.652	46	2	0	15	60	21732	21777	7.91e-09	75.0	2697049	N/A
72_8_2188_18528_10749/1	gi|2557638192|emb|OY694677.1|	91.228	57	2	3	5	60	4292	4346	7.91e-09	75.0	2697049	N/A
72_8_2188_18528_10749/1	gi|2463378371|dbj|AP027461.1|	95.652	46	2	0	15	60	1299632	1299677	7.91e-09	75.0	511145	N/A
72_8_2188_18528_10749/1	gi|2463378371|dbj|AP027461.1|	95.652	46	2	0	15	60	1628404	1628359	7.91e-09	75.0	511145	N/A
72_8_1291_31443_29632/1	gi|2978724457|gb|PV611058.1|	92.063	126	5	4	15	137	295321	295444	2.73e-38	172	3421660	N/A
72_8_1291_31443_29632/1	gi|2978724457|gb|PV611058.1|	90.000	60	2	3	15	71	295784	295842	7.91e-09	75.0	3421660	N/A
72_8_1291_31443_29632/1	gi|685042160|emb|LN590685.1|	95.918	49	0	2	8	54	16867634	16867586	6.11e-10	78.7	7962	N/A
72_8_1291_31443_29632/1	gi|685042160|emb|LN590685.1|	93.750	48	1	2	9	54	850803	850850	1.02e-07	71.3	7962	N/A
72_8_1291_31443_29632/1	gi|685042160|emb|LN590685.1|	95.238	42	0	2	15	54	14193258	14193217	4.76e-06	65.8	7962	N/A
72_8_1291_31443_29632/1	gi|685042160|emb|LN590685.1|	95.238	42	0	2	15	54	18159835	18159794	4.76e-06	65.8	7962	N/A
72_8_1291_31443_29632/1	gi|685046059|emb|LN594584.1|	92.593	54	2	2	3	54	7182	7129	2.20e-09	76.8	7962	N/A
72_8_1291_31443_29632/1	gi|2557643774|emb|OY673254.1|	95.556	45	2	0	15	59	21732	21776	2.84e-08	73.1	2697049	N/A
72_8_1291_31443_29632/1	gi|2463378371|dbj|AP027461.1|	95.556	45	2	0	15	59	1299632	1299676	2.84e-08	73.1	511145	N/A
72_8_1291_31443_29632/1	gi|2463378371|dbj|AP027461.1|	95.556	45	2	0	15	59	1628404	1628360	2.84e-08	73.1	511145	N/A
72_8_2474_17840_25023/1	gi|2978724457|gb|PV611058.1|	88.722	133	5	7	3	133	295320	295444	9.87e-33	154	3421660	N/A
72_8_2474_17840_25023/1	gi|2978724457|gb|PV611058.1|	85.246	61	5	3	3	60	295783	295842	2.21e-04	60.2	3421660	N/A
72_8_2474_17840_25023/1	gi|2830983252|gb|CP170844.1|	81.522	92	15	1	6	95	4083421	4083330	7.91e-09	75.0	573	N/A
72_8_2474_17840_25023/1	gi|2557643774|emb|OY673254.1|	92.857	42	3	0	6	47	21734	21775	6.15e-05	62.1	2697049	N/A
72_8_2474_17840_25023/1	gi|2463378371|dbj|AP027461.1|	92.857	42	3	0	6	47	1299634	1299675	6.15e-05	62.1	511145	N/A
72_8_2474_17840_25023/1	gi|2463378371|dbj|AP027461.1|	92.857	42	3	0	6	47	1628402	1628361	6.15e-05	62.1	511145	N/A
72_8_2474_17840_25023/1	gi|1973745234|dbj|LC529901.1|	97.222	36	1	0	3	38	11754	11719	6.15e-05	62.1	76106	N/A
72_8_2474_17840_25023/1	gi|1973745234|dbj|LC529901.1|	96.970	33	1	0	6	38	117101	117133	0.003	56.5	76106	N/A
72_8_2474_17840_25023/1	gi|1973745234|dbj|LC529901.1|	96.970	33	1	0	6	38	164423	164455	0.003	56.5	76106	N/A
72_8_1203_39033_18174/1	gi|2978724457|gb|PV611058.1|	93.023	129	2	5	11	136	295320	295444	4.53e-41	182	3421660	N/A
72_8_1203_39033_18174/1	gi|2978724457|gb|PV611058.1|	90.164	61	2	3	11	68	295783	295842	2.20e-09	76.8	3421660	N/A
72_8_1203_39033_18174/1	gi|2830983252|gb|CP170844.1|	84.783	92	10	2	14	101	4083421	4083330	2.82e-13	89.8	573	N/A
72_8_1203_39033_18174/1	gi|2557643774|emb|OY673254.1|	95.455	44	2	0	14	57	21734	21777	1.02e-07	71.3	2697049	N/A
72_8_1203_39033_18174/1	gi|2463378371|dbj|AP027461.1|	95.455	44	2	0	14	57	1299634	1299677	1.02e-07	71.3	511145	N/A
72_8_1203_39033_18174/1	gi|2463378371|dbj|AP027461.1|	95.455	44	2	0	14	57	1628402	1628359	1.02e-07	71.3	511145	N/A
72_8_1203_39033_18174/1	gi|1973745234|dbj|LC529901.1|	97.561	41	1	0	6	46	11759	11719	1.02e-07	71.3	76106	N/A
72_8_1203_39033_18174/1	gi|1973745234|dbj|LC529901.1|	100.000	33	0	0	14	46	117101	117133	6.15e-05	62.1	76106	N/A
72_8_1203_39033_18174/1	gi|1973745234|dbj|LC529901.1|	100.000	33	0	0	14	46	164423	164455	6.15e-05	62.1	76106	N/A
72_8_1393_8372_14041/1	gi|2991388636|dbj|AP040949.1|	97.143	35	1	0	12	46	4537865	4537899	2.21e-04	60.2	573	N/A
72_8_1195_31653_7051/1	gi|2978724457|gb|PV611058.1|	95.000	100	1	3	41	137	295321	295419	9.87e-33	154	3421660	N/A
72_8_1195_31653_7051/1	gi|2978724457|gb|PV611058.1|	91.667	60	1	3	41	97	295784	295842	1.70e-10	80.5	3421660	N/A
72_8_1195_31653_7051/1	gi|2557643774|emb|OY673254.1|	95.652	46	2	0	41	86	21732	21777	7.91e-09	75.0	2697049	N/A
72_8_1195_31653_7051/1	gi|2463378371|dbj|AP027461.1|	95.652	46	2	0	41	86	1299632	1299677	7.91e-09	75.0	511145	N/A
72_8_1195_31653_7051/1	gi|2463378371|dbj|AP027461.1|	95.652	46	2	0	41	86	1628404	1628359	7.91e-09	75.0	511145	N/A
72_8_1195_31653_7051/1	gi|685042524|emb|LN591049.1|	95.745	47	0	2	36	80	341738	341692	7.91e-09	75.0	7962	N/A
72_8_1195_31653_7051/1	gi|2830983252|gb|CP170844.1|	81.915	94	5	2	41	122	4083423	4083330	3.68e-07	69.4	573	N/A
72_8_1219_46317_12374/1	gi|2830983252|gb|CP170844.1|	90.625	96	6	2	40	133	4083424	4083330	7.74e-24	124	573	N/A
72_8_1219_46317_12374/1	gi|2978724457|gb|PV611058.1|	85.437	103	11	3	38	137	295318	295419	1.01e-17	104	3421660	N/A
72_8_1219_46317_12374/1	gi|2978724457|gb|PV611058.1|	90.476	63	2	3	38	97	295781	295842	1.70e-10	80.5	3421660	N/A
72_8_1219_46317_12374/1	gi|2557643774|emb|OY673254.1|	95.652	46	2	0	41	86	21732	21777	7.91e-09	75.0	2697049	N/A
72_8_1219_46317_12374/1	gi|2463378371|dbj|AP027461.1|	95.652	46	2	0	41	86	1299632	1299677	7.91e-09	75.0	511145	N/A
72_8_1219_46317_12374/1	gi|2463378371|dbj|AP027461.1|	95.652	46	2	0	41	86	1628404	1628359	7.91e-09	75.0	511145	N/A
72_8_1219_46317_12374/1	gi|2165836832|emb|OV197136.1|	92.308	52	2	2	36	86	121	71	2.84e-08	73.1	2697049	N/A
72_8_2113_39568_7023/1	gi|2830983252|gb|CP170844.1|	83.333	78	9	3	64	137	4083424	4083347	3.68e-07	69.4	573	N/A
72_8_2113_39568_7023/1	gi|685047575|emb|LN596087.1|	93.478	46	0	3	62	104	6214	6169	4.76e-06	65.8	7962	N/A
72_8_2113_39568_7023/1	gi|685046121|emb|LN594646.1|	93.478	46	0	3	62	104	156226	156271	4.76e-06	65.8	7962	N/A
72_8_2113_39568_7023/1	gi|685042242|emb|LN590767.1|	91.837	49	0	4	59	103	603263	603215	4.76e-06	65.8	7962	N/A
72_8_2113_39568_7023/1	gi|2165836832|emb|OV197136.1|	91.667	48	1	3	64	109	117	71	1.71e-05	63.9	2697049	N/A
72_8_2486_24476_27068/1	gi|685047580|emb|LN596092.1|	100.000	35	0	0	5	39	44221	44255	4.76e-06	65.8	7962	N/A
72_8_2498_22266_19406/1	gi|2978724457|gb|PV611058.1|	88.889	90	6	3	51	137	295320	295408	7.79e-19	108	3421660	N/A
72_8_2498_22266_19406/1	gi|2978724457|gb|PV611058.1|	91.803	61	1	3	51	108	295783	295842	4.72e-11	82.4	3421660	N/A
72_8_2498_22266_19406/1	gi|2830983252|gb|CP170844.1|	85.227	88	10	2	52	137	4083423	4083337	1.02e-12	87.9	573	N/A
72_8_2498_22266_19406/1	gi|2557643774|emb|OY673254.1|	92.453	53	2	2	47	97	21725	21777	7.91e-09	75.0	2697049	N/A
72_8_2498_22266_19406/1	gi|2463378371|dbj|AP027461.1|	95.652	46	2	0	52	97	1299632	1299677	7.91e-09	75.0	511145	N/A
72_8_2498_22266_19406/1	gi|2463378371|dbj|AP027461.1|	95.652	46	2	0	52	97	1628404	1628359	7.91e-09	75.0	511145	N/A
72_8_2498_22266_19406/1	gi|685047827|emb|LN596339.1|	94.000	50	1	2	44	91	601778	601827	7.91e-09	75.0	7962	N/A
72_8_2215_23197_29086/1	gi|2978724457|gb|PV611058.1|	87.302	126	11	4	15	137	295321	295444	2.76e-28	139	3421660	N/A
72_8_2215_23197_29086/1	gi|2978724457|gb|PV611058.1|	88.710	62	3	3	15	73	295784	295844	2.84e-08	73.1	3421660	N/A
72_8_2215_23197_29086/1	gi|2830983252|gb|CP170844.1|	89.362	94	8	1	15	106	4083423	4083330	1.30e-21	117	573	N/A
72_8_2215_23197_29086/1	gi|2557643774|emb|OY673254.1|	95.652	46	2	0	15	60	21732	21777	7.91e-09	75.0	2697049	N/A
72_8_2215_23197_29086/1	gi|2463378371|dbj|AP027461.1|	93.878	49	3	0	12	60	1299629	1299677	7.91e-09	75.0	511145	N/A
72_8_2215_23197_29086/1	gi|2463378371|dbj|AP027461.1|	95.652	46	2	0	15	60	1628404	1628359	7.91e-09	75.0	511145	N/A
72_8_2215_23197_29086/1	gi|2560502367|emb|OY629453.1|	100.000	39	0	0	12	50	5915	5953	2.84e-08	73.1	2697049	N/A
72_8_1120_38394_19308/1	gi|2557643774|emb|OY673254.1|	95.652	46	2	0	87	132	21732	21777	7.91e-09	75.0	2697049	N/A
72_8_1120_38394_19308/1	gi|2463378371|dbj|AP027461.1|	95.652	46	2	0	87	132	1299632	1299677	7.91e-09	75.0	511145	N/A
72_8_1120_38394_19308/1	gi|2463378371|dbj|AP027461.1|	95.652	46	2	0	87	132	1628404	1628359	7.91e-09	75.0	511145	N/A
72_8_1120_38394_19308/1	gi|685042524|emb|LN591049.1|	95.745	47	0	2	82	126	341738	341692	7.91e-09	75.0	7962	N/A
72_8_1120_38394_19308/1	gi|685042161|emb|LN590686.1|	92.593	54	1	3	75	126	20813819	20813871	7.91e-09	75.0	7962	N/A
72_8_1120_38394_19308/1	gi|685042161|emb|LN590686.1|	95.349	43	0	2	86	126	4545830	4545872	1.32e-06	67.6	7962	N/A
72_8_1120_38394_19308/1	gi|685042161|emb|LN590686.1|	90.566	53	2	3	76	126	17091836	17091887	1.32e-06	67.6	7962	N/A
72_8_1120_38394_19308/1	gi|685042161|emb|LN590686.1|	95.349	43	0	2	86	126	28125759	28125801	1.32e-06	67.6	7962	N/A
72_8_1120_38394_19308/1	gi|685042161|emb|LN590686.1|	93.333	45	1	2	84	126	6380191	6380235	4.76e-06	65.8	7962	N/A
72_8_1120_38394_19308/1	gi|685042161|emb|LN590686.1|	95.238	42	0	2	87	126	12304839	12304798	4.76e-06	65.8	7962	N/A
72_8_1120_38394_19308/1	gi|685042161|emb|LN590686.1|	94.872	39	0	2	90	126	12436830	12436868	2.21e-04	60.2	7962	N/A
72_8_1120_38394_19308/1	gi|2879580981|emb|OZ217211.1|	95.556	45	1	1	76	120	16834	16791	1.02e-07	71.3	158104	N/A
72_8_1334_21676_21774/1	gi|2978724457|gb|PV611058.1|	91.667	60	1	3	78	134	295321	295379	1.70e-10	80.5	3421660	N/A
72_8_1334_21676_21774/1	gi|2978724457|gb|PV611058.1|	91.667	60	1	3	78	134	295784	295842	1.70e-10	80.5	3421660	N/A
72_8_1334_21676_21774/1	gi|2524352013|emb|OY072335.1|	97.727	44	1	0	68	111	21648	21691	2.20e-09	76.8	2697049	N/A
72_8_1334_21676_21774/1	gi|2557643774|emb|OY673254.1|	95.652	46	2	0	78	123	21732	21777	7.91e-09	75.0	2697049	N/A
72_8_1334_21676_21774/1	gi|2463378371|dbj|AP027461.1|	95.652	46	2	0	78	123	1299632	1299677	7.91e-09	75.0	511145	N/A
72_8_1334_21676_21774/1	gi|2463378371|dbj|AP027461.1|	95.652	46	2	0	78	123	1628404	1628359	7.91e-09	75.0	511145	N/A
72_8_1334_21676_21774/1	gi|2155043183|emb|OV015804.1|	100.000	40	0	0	75	114	29950	29911	7.91e-09	75.0	2697049	N/A
72_8_2223_26806_2219/1	gi|2978724457|gb|PV611058.1|	91.803	61	3	2	74	132	295784	295844	1.31e-11	84.2	3421660	N/A
72_8_2223_26806_2219/1	gi|2978724457|gb|PV611058.1|	91.525	59	3	2	74	130	295321	295379	1.70e-10	80.5	3421660	N/A
72_8_2223_26806_2219/1	gi|2830983252|gb|CP170844.1|	89.062	64	5	1	74	135	4083423	4083360	6.11e-10	78.7	573	N/A
72_8_2223_26806_2219/1	gi|2557643774|emb|OY673254.1|	92.593	54	3	1	67	119	21724	21777	2.20e-09	76.8	2697049	N/A
72_8_2223_26806_2219/1	gi|685042206|emb|LN590731.1|	100.000	40	0	0	68	107	347604	347643	7.91e-09	75.0	7962	N/A
72_8_2223_26806_2219/1	gi|780644672|ref|XM_011690559.1|	100.000	39	0	0	73	111	1037	1075	2.84e-08	73.1	64793	N/A
72_8_1292_37075_7808/1	gi|2978724457|gb|PV611058.1|	94.444	126	2	4	15	137	295321	295444	2.71e-43	189	3421660	N/A
72_8_1292_37075_7808/1	gi|2978724457|gb|PV611058.1|	91.667	60	1	3	15	71	295784	295842	1.70e-10	80.5	3421660	N/A
72_8_1292_37075_7808/1	gi|2830983252|gb|CP170844.1|	84.211	95	8	2	14	101	4083424	4083330	3.65e-12	86.1	573	N/A
72_8_1292_37075_7808/1	gi|2557643774|emb|OY673254.1|	95.652	46	2	0	15	60	21732	21777	7.91e-09	75.0	2697049	N/A
72_8_1292_37075_7808/1	gi|2463378371|dbj|AP027461.1|	95.652	46	2	0	15	60	1299632	1299677	7.91e-09	75.0	511145	N/A
72_8_1292_37075_7808/1	gi|2463378371|dbj|AP027461.1|	95.652	46	2	0	15	60	1628404	1628359	7.91e-09	75.0	511145	N/A
72_8_1292_37075_7808/1	gi|2755084441|gb|PP943425.1|	93.878	49	1	2	12	59	67588	67635	2.84e-08	73.1	10258	N/A
72_8_1292_37075_7808/1	gi|2755084441|gb|PP943425.1|	93.617	47	1	2	15	60	67825	67780	3.68e-07	69.4	10258	N/A
72_8_2120_22889_22782/1	gi|2978724457|gb|PV611058.1|	91.228	57	1	3	84	137	295321	295376	7.91e-09	75.0	3421660	N/A
72_8_2120_22889_22782/1	gi|2978724457|gb|PV611058.1|	91.228	57	1	3	84	137	295784	295839	7.91e-09	75.0	3421660	N/A
72_8_2120_22889_22782/1	gi|2557643774|emb|OY673254.1|	95.652	46	2	0	84	129	21732	21777	7.91e-09	75.0	2697049	N/A
72_8_2120_22889_22782/1	gi|2463378371|dbj|AP027461.1|	95.652	46	2	0	84	129	1299632	1299677	7.91e-09	75.0	511145	N/A
72_8_2120_22889_22782/1	gi|2463378371|dbj|AP027461.1|	95.652	46	2	0	84	129	1628404	1628359	7.91e-09	75.0	511145	N/A
72_8_2120_22889_22782/1	gi|685042481|emb|LN591006.1|	95.745	47	0	2	79	123	494275	494321	7.91e-09	75.0	7962	N/A
72_8_2120_22889_22782/1	gi|685042175|emb|LN590700.1|	86.957	69	5	4	60	124	14033967	14033899	7.91e-09	75.0	7962	N/A
72_8_2120_22889_22782/1	gi|685042175|emb|LN590700.1|	93.878	49	0	3	78	123	15778531	15778579	1.02e-07	71.3	7962	N/A
72_8_2365_6187_14994/1	gi|2978724457|gb|PV611058.1|	90.244	82	4	3	59	137	295323	295403	1.01e-17	104	3421660	N/A
72_8_2365_6187_14994/1	gi|2978724457|gb|PV611058.1|	91.379	58	1	3	59	113	295786	295842	2.20e-09	76.8	3421660	N/A
72_8_2365_6187_14994/1	gi|2557643774|emb|OY673254.1|	95.455	44	2	0	59	102	21734	21777	1.02e-07	71.3	2697049	N/A
72_8_2365_6187_14994/1	gi|2463378371|dbj|AP027461.1|	95.455	44	2	0	59	102	1299634	1299677	1.02e-07	71.3	511145	N/A
72_8_2365_6187_14994/1	gi|2463378371|dbj|AP027461.1|	95.455	44	2	0	59	102	1628402	1628359	1.02e-07	71.3	511145	N/A
72_8_2365_6187_14994/1	gi|685042185|emb|LN590710.1|	95.455	44	2	0	47	90	9162079	9162122	1.02e-07	71.3	7962	N/A
72_8_2365_6187_14994/1	gi|685042185|emb|LN590710.1|	95.000	40	0	2	59	96	3790450	3790411	6.15e-05	62.1	7962	N/A
72_8_2365_6187_14994/1	gi|685042185|emb|LN590710.1|	95.000	40	0	2	59	96	6008696	6008735	6.15e-05	62.1	7962	N/A
72_8_2365_6187_14994/1	gi|685042185|emb|LN590710.1|	95.000	40	0	2	59	96	10218505	10218544	6.15e-05	62.1	7962	N/A
72_8_2365_6187_14994/1	gi|685042164|emb|LN590689.1|	93.617	47	1	2	52	96	16044098	16044144	3.68e-07	69.4	7962	N/A
72_8_2365_6187_14994/1	gi|685042164|emb|LN590689.1|	95.000	40	0	2	59	96	6291549	6291588	6.15e-05	62.1	7962	N/A
72_8_2365_6187_14994/1	gi|685042164|emb|LN590689.1|	100.000	33	0	0	59	91	16451530	16451498	6.15e-05	62.1	7962	N/A
72_8_1358_33199_16170/1	gi|2978724457|gb|PV611058.1|	92.308	130	4	5	11	137	295318	295444	1.63e-40	180	3421660	N/A
72_8_1358_33199_16170/1	gi|2978724457|gb|PV611058.1|	89.231	65	1	5	11	72	295781	295842	2.20e-09	76.8	3421660	N/A
72_8_1358_33199_16170/1	gi|2830983252|gb|CP170844.1|	84.375	96	11	3	14	106	4083424	4083330	7.85e-14	91.6	573	N/A
72_8_1358_33199_16170/1	gi|685042175|emb|LN590700.1|	91.228	57	1	4	3	56	14033954	14033899	7.91e-09	75.0	7962	N/A
72_8_1358_33199_16170/1	gi|685042175|emb|LN590700.1|	93.182	44	0	3	14	55	15778537	15778579	6.15e-05	62.1	7962	N/A
72_8_1358_33199_16170/1	gi|2557643774|emb|OY673254.1|	89.655	58	4	2	5	61	21721	21777	2.84e-08	73.1	2697049	N/A
72_8_1358_33199_16170/1	gi|685042242|emb|LN590767.1|	93.878	49	0	3	9	55	603262	603215	1.02e-07	71.3	7962	N/A
72_8_2320_50233_26802/1	gi|2830983252|gb|CP170844.1|	83.908	87	9	5	54	137	4083425	4083341	6.11e-10	78.7	573	N/A
72_8_2320_50233_26802/1	gi|2165836832|emb|OV197136.1|	94.231	52	1	2	51	101	121	71	6.11e-10	78.7	2697049	N/A
72_8_2320_50233_26802/1	gi|2165834303|emb|OV196009.1|	94.118	51	3	0	51	101	120	70	6.11e-10	78.7	2697049	N/A
72_8_2320_50233_26802/1	gi|2165834303|emb|OV196009.1|	97.561	41	1	0	55	95	29911	29951	1.02e-07	71.3	2697049	N/A
72_8_2320_50233_26802/1	gi|2165832678|emb|OV195277.1|	94.231	52	1	2	51	101	137	87	6.11e-10	78.7	2697049	N/A
72_8_2320_50233_26802/1	gi|2165836382|emb|OV196890.1|	100.000	41	0	0	51	91	122	82	2.20e-09	76.8	2697049	N/A
72_8_2488_11390_24869/1	gi|2978724457|gb|PV611058.1|	89.024	82	5	3	59	137	295321	295401	4.69e-16	99.0	3421660	N/A
72_8_2488_11390_24869/1	gi|2978724457|gb|PV611058.1|	91.525	59	1	3	59	114	295784	295841	6.11e-10	78.7	3421660	N/A
72_8_2488_11390_24869/1	gi|685045708|emb|LN594233.1|	94.231	52	1	2	49	98	80413	80362	6.11e-10	78.7	7962	N/A
72_8_2488_11390_24869/1	gi|2557643774|emb|OY673254.1|	95.652	46	2	0	59	104	21732	21777	7.91e-09	75.0	2697049	N/A
72_8_2488_11390_24869/1	gi|2463378371|dbj|AP027461.1|	95.652	46	2	0	59	104	1299632	1299677	7.91e-09	75.0	511145	N/A
72_8_2488_11390_24869/1	gi|2463378371|dbj|AP027461.1|	95.652	46	2	0	59	104	1628404	1628359	7.91e-09	75.0	511145	N/A
72_8_2488_11390_24869/1	gi|685046059|emb|LN594584.1|	92.593	54	1	3	47	98	7181	7129	7.91e-09	75.0	7962	N/A
72_8_1137_39770_2919/1	gi|2917850900|emb|OZ231132.1|	94.595	37	0	2	37	73	62389220	62389254	0.003	56.5	366393	N/A
72_8_2281_39090_23539/1	gi|2978724457|gb|PV611058.1|	87.786	131	6	9	1	131	295324	295444	5.94e-30	145	3421660	N/A
72_8_2281_39090_23539/1	gi|2978724457|gb|PV611058.1|	89.655	58	1	4	1	55	295787	295842	3.68e-07	69.4	3421660	N/A
72_8_2281_39090_23539/1	gi|2830983252|gb|CP170844.1|	82.796	93	12	3	1	91	4083420	4083330	1.70e-10	80.5	573	N/A
72_8_2281_39090_23539/1	gi|2557643774|emb|OY673254.1|	95.349	43	2	0	1	43	21735	21777	3.68e-07	69.4	2697049	N/A
72_8_2281_39090_23539/1	gi|2463378371|dbj|AP027461.1|	95.349	43	2	0	1	43	1299635	1299677	3.68e-07	69.4	511145	N/A
72_8_2281_39090_23539/1	gi|2463378371|dbj|AP027461.1|	95.349	43	2	0	1	43	1628401	1628359	3.68e-07	69.4	511145	N/A
72_8_2281_39090_23539/1	gi|2755084441|gb|PP943425.1|	93.182	44	1	2	1	43	67822	67780	1.71e-05	63.9	10258	N/A
72_8_2281_39090_23539/1	gi|2755084441|gb|PP943425.1|	93.023	43	1	2	1	42	67594	67635	6.15e-05	62.1	10258	N/A
72_8_2303_38508_22306/1	gi|2978724457|gb|PV611058.1|	92.308	130	3	6	1	128	295320	295444	5.86e-40	178	3421660	N/A
72_8_2303_38508_22306/1	gi|2978724457|gb|PV611058.1|	91.667	60	3	2	1	58	295783	295842	4.72e-11	82.4	3421660	N/A
72_8_2303_38508_22306/1	gi|2830983252|gb|CP170844.1|	85.263	95	11	2	2	94	4083423	4083330	6.07e-15	95.3	573	N/A
72_8_2303_38508_22306/1	gi|2557643774|emb|OY673254.1|	95.652	46	2	0	2	47	21732	21777	7.91e-09	75.0	2697049	N/A
72_8_2303_38508_22306/1	gi|685042188|emb|LN590713.1|	100.000	39	0	0	1	39	7120047	7120085	2.84e-08	73.1	7962	N/A
72_8_2303_38508_22306/1	gi|685042188|emb|LN590713.1|	100.000	30	0	0	2	31	16189618	16189589	0.003	56.5	7962	N/A
72_8_2303_38508_22306/1	gi|780644672|ref|XM_011690559.1|	100.000	38	0	0	2	39	1038	1075	1.02e-07	71.3	64793	N/A
72_8_1326_14708_3213/1	gi|2978724457|gb|PV611058.1|	89.474	95	6	3	46	137	295320	295413	1.30e-21	117	3421660	N/A
72_8_1326_14708_3213/1	gi|2978724457|gb|PV611058.1|	91.803	61	1	3	46	103	295783	295842	4.72e-11	82.4	3421660	N/A
72_8_1326_14708_3213/1	gi|2830983252|gb|CP170844.1|	87.234	94	9	2	47	137	4083423	4083330	1.01e-17	104	573	N/A
72_8_1326_14708_3213/1	gi|2557643774|emb|OY673254.1|	92.593	54	3	1	40	92	21724	21777	2.20e-09	76.8	2697049	N/A
72_8_1326_14708_3213/1	gi|2463378371|dbj|AP027461.1|	95.652	46	2	0	47	92	1299632	1299677	7.91e-09	75.0	511145	N/A
72_8_1326_14708_3213/1	gi|2463378371|dbj|AP027461.1|	95.652	46	2	0	47	92	1628404	1628359	7.91e-09	75.0	511145	N/A
72_8_1326_14708_3213/1	gi|685042277|emb|LN590802.1|	95.745	47	0	2	42	86	1043034	1043080	7.91e-09	75.0	7962	N/A
72_8_1231_26571_16212/1	gi|2755084441|gb|PP943425.1|	94.000	50	1	2	80	128	67587	67635	7.91e-09	75.0	10258	N/A
72_8_1231_26571_16212/1	gi|2755084441|gb|PP943425.1|	93.617	47	1	2	84	129	67825	67780	3.68e-07	69.4	10258	N/A
72_8_1231_26571_16212/1	gi|2557643774|emb|OY673254.1|	95.652	46	2	0	84	129	21732	21777	7.91e-09	75.0	2697049	N/A
72_8_1231_26571_16212/1	gi|2463378371|dbj|AP027461.1|	95.652	46	2	0	84	129	1299632	1299677	7.91e-09	75.0	511145	N/A
72_8_1231_26571_16212/1	gi|2463378371|dbj|AP027461.1|	95.652	46	2	0	84	129	1628404	1628359	7.91e-09	75.0	511145	N/A
72_8_1231_26571_16212/1	gi|2165836832|emb|OV197136.1|	92.593	54	1	3	77	129	122	71	7.91e-09	75.0	2697049	N/A
72_8_1231_26571_16212/1	gi|2165834303|emb|OV196009.1|	92.453	53	3	1	77	129	121	70	7.91e-09	75.0	2697049	N/A
72_8_1231_26571_16212/1	gi|2165834303|emb|OV196009.1|	97.561	41	1	0	83	123	29911	29951	1.02e-07	71.3	2697049	N/A
72_8_2484_39187_6169/1	gi|2978724457|gb|PV611058.1|	90.323	62	1	4	80	137	295321	295381	2.20e-09	76.8	3421660	N/A
72_8_2484_39187_6169/1	gi|2978724457|gb|PV611058.1|	90.000	60	2	3	80	136	295784	295842	7.91e-09	75.0	3421660	N/A
72_8_2484_39187_6169/1	gi|2557643774|emb|OY673254.1|	91.071	56	4	1	70	124	21721	21776	7.91e-09	75.0	2697049	N/A
72_8_2484_39187_6169/1	gi|685044342|emb|LN592867.1|	94.118	51	0	3	71	119	33485	33436	7.91e-09	75.0	7962	N/A
72_8_2484_39187_6169/1	gi|2463378371|dbj|AP027461.1|	95.556	45	2	0	80	124	1299632	1299676	2.84e-08	73.1	511145	N/A
72_8_2484_39187_6169/1	gi|2463378371|dbj|AP027461.1|	95.556	45	2	0	80	124	1628404	1628360	2.84e-08	73.1	511145	N/A
72_8_2484_39187_6169/1	gi|685042178|emb|LN590703.1|	93.878	49	1	2	73	119	13166497	13166545	2.84e-08	73.1	7962	N/A
72_8_2484_39187_6169/1	gi|685042178|emb|LN590703.1|	95.556	45	0	2	77	119	12952798	12952842	1.02e-07	71.3	7962	N/A
72_8_2484_39187_6169/1	gi|685042178|emb|LN590703.1|	95.349	43	0	2	79	119	17684506	17684464	1.32e-06	67.6	7962	N/A
72_8_2484_39187_6169/1	gi|685042178|emb|LN590703.1|	95.238	42	0	2	80	119	1057735	1057776	4.76e-06	65.8	7962	N/A
72_8_2484_39187_6169/1	gi|685042178|emb|LN590703.1|	95.238	42	0	2	80	119	7304702	7304661	4.76e-06	65.8	7962	N/A
72_8_2203_33417_8872/1	gi|2560502367|emb|OY629453.1|	100.000	39	0	0	98	136	5915	5953	2.84e-08	73.1	2697049	N/A
72_8_2203_33417_8872/1	gi|685043901|emb|LN592426.1|	95.652	46	0	2	93	137	375100	375144	2.84e-08	73.1	7962	N/A
72_8_2203_33417_8872/1	gi|685049067|emb|LN597579.1|	100.000	38	0	0	98	135	1399	1436	1.02e-07	71.3	7962	N/A
72_8_2203_33417_8872/1	gi|685042161|emb|LN590686.1|	93.750	48	1	2	91	137	20813821	20813867	1.02e-07	71.3	7962	N/A
72_8_2203_33417_8872/1	gi|685042161|emb|LN590686.1|	97.436	39	0	1	100	137	4545830	4545868	4.76e-06	65.8	7962	N/A
72_8_2203_33417_8872/1	gi|685042161|emb|LN590686.1|	97.436	39	0	1	100	137	28125759	28125797	4.76e-06	65.8	7962	N/A
72_8_2203_33417_8872/1	gi|685042161|emb|LN590686.1|	97.368	38	0	1	101	137	6380194	6380231	1.71e-05	63.9	7962	N/A
72_8_2203_33417_8872/1	gi|685042161|emb|LN590686.1|	97.368	38	0	1	101	137	12304839	12304802	1.71e-05	63.9	7962	N/A
72_8_2203_33417_8872/1	gi|685042161|emb|LN590686.1|	97.368	38	0	1	101	137	17091846	17091883	1.71e-05	63.9	7962	N/A
72_8_2203_33417_8872/1	gi|685042161|emb|LN590686.1|	97.143	35	0	1	104	137	12436830	12436864	7.96e-04	58.4	7962	N/A
72_8_2203_33417_8872/1	gi|2155043183|emb|OV015804.1|	100.000	38	0	0	100	137	29948	29911	1.02e-07	71.3	2697049	N/A
72_8_2462_12807_17515/1	gi|2917850899|emb|OZ231131.1|	100.000	28	0	0	110	137	57551581	57551608	0.037	52.8	366393	N/A
72_8_2462_12807_17515/1	gi|2370428304|gb|OM296203.1|	100.000	28	0	0	110	137	33	6	0.037	52.8	126071	N/A
72_8_2462_12807_17515/1	gi|685042460|emb|LN590985.1|	100.000	28	0	0	110	137	60387	60360	0.037	52.8	7962	N/A
72_8_2116_46689_10329/1	gi|685043901|emb|LN592426.1|	97.619	42	0	1	78	119	375099	375139	1.02e-07	71.3	7962	N/A
72_8_2116_46689_10329/1	gi|685051416|emb|LN599928.1|	100.000	37	0	0	83	119	8192	8228	3.68e-07	69.4	7962	N/A
72_8_2116_46689_10329/1	gi|685048206|emb|LN596718.1|	100.000	37	0	0	83	119	51897	51933	3.68e-07	69.4	7962	N/A
72_8_2116_46689_10329/1	gi|685045708|emb|LN594233.1|	97.436	39	1	0	81	119	80409	80371	1.32e-06	67.6	7962	N/A
72_8_2116_46689_10329/1	gi|685042175|emb|LN590700.1|	97.436	39	1	0	81	119	15778532	15778570	1.32e-06	67.6	7962	N/A
72_8_2116_46689_10329/1	gi|685042175|emb|LN590700.1|	93.023	43	1	2	87	127	14033941	14033899	6.15e-05	62.1	7962	N/A
72_8_2273_44213_23721/1	gi|2830983252|gb|CP170844.1|	88.889	90	7	2	50	137	4083424	4083336	7.79e-19	108	573	N/A
72_8_2273_44213_23721/1	gi|2978724457|gb|PV611058.1|	91.228	57	1	3	51	104	295321	295376	7.91e-09	75.0	3421660	N/A
72_8_2273_44213_23721/1	gi|2978724457|gb|PV611058.1|	91.228	57	1	3	51	104	295784	295839	7.91e-09	75.0	3421660	N/A
72_8_2273_44213_23721/1	gi|2557643774|emb|OY673254.1|	95.652	46	2	0	51	96	21732	21777	7.91e-09	75.0	2697049	N/A
72_8_2273_44213_23721/1	gi|2463378371|dbj|AP027461.1|	93.878	49	3	0	48	96	1299629	1299677	7.91e-09	75.0	511145	N/A
72_8_2273_44213_23721/1	gi|2463378371|dbj|AP027461.1|	95.652	46	2	0	51	96	1628404	1628359	7.91e-09	75.0	511145	N/A
72_8_2273_44213_23721/1	gi|685042161|emb|LN590686.1|	92.593	54	1	3	39	90	20813819	20813871	7.91e-09	75.0	7962	N/A
72_8_2273_44213_23721/1	gi|685042161|emb|LN590686.1|	95.349	43	0	2	50	90	12304840	12304798	1.32e-06	67.6	7962	N/A
72_8_2273_44213_23721/1	gi|685042161|emb|LN590686.1|	95.238	42	0	2	51	90	4545831	4545872	4.76e-06	65.8	7962	N/A
72_8_2273_44213_23721/1	gi|685042161|emb|LN590686.1|	95.238	42	0	2	51	90	6380194	6380235	4.76e-06	65.8	7962	N/A
72_8_2273_44213_23721/1	gi|685042161|emb|LN590686.1|	95.238	42	0	2	51	90	17091846	17091887	4.76e-06	65.8	7962	N/A
72_8_2273_44213_23721/1	gi|685042161|emb|LN590686.1|	95.238	42	0	2	51	90	28125760	28125801	4.76e-06	65.8	7962	N/A
72_8_2273_44213_23721/1	gi|685042161|emb|LN590686.1|	94.872	39	0	2	54	90	12436830	12436868	2.21e-04	60.2	7962	N/A
72_8_2109_6851_23426/1	gi|2978724457|gb|PV611058.1|	93.651	126	3	4	15	137	295321	295444	1.26e-41	183	3421660	N/A
72_8_2109_6851_23426/1	gi|2978724457|gb|PV611058.1|	91.667	60	1	3	15	71	295784	295842	1.70e-10	80.5	3421660	N/A
72_8_2109_6851_23426/1	gi|2557643774|emb|OY673254.1|	95.652	46	2	0	15	60	21732	21777	7.91e-09	75.0	2697049	N/A
72_8_2109_6851_23426/1	gi|2463378371|dbj|AP027461.1|	95.652	46	2	0	15	60	1299632	1299677	7.91e-09	75.0	511145	N/A
72_8_2109_6851_23426/1	gi|2463378371|dbj|AP027461.1|	95.652	46	2	0	15	60	1628404	1628359	7.91e-09	75.0	511145	N/A
72_8_2109_6851_23426/1	gi|2755084441|gb|PP943425.1|	93.878	49	1	2	12	59	67588	67635	2.84e-08	73.1	10258	N/A
72_8_2109_6851_23426/1	gi|2755084441|gb|PP943425.1|	93.617	47	1	2	15	60	67825	67780	3.68e-07	69.4	10258	N/A
72_8_2109_6851_23426/1	gi|2924925013|gb|PQ571295.1|	100.000	38	0	0	12	49	226	263	1.02e-07	71.3	3385244	N/A
72_8_1110_37302_8116/1	gi|2978724457|gb|PV611058.1|	90.476	126	7	4	15	137	295321	295444	5.90e-35	161	3421660	N/A
72_8_1110_37302_8116/1	gi|2978724457|gb|PV611058.1|	91.667	60	1	3	15	71	295784	295842	1.70e-10	80.5	3421660	N/A
72_8_1110_37302_8116/1	gi|2830983252|gb|CP170844.1|	89.362	94	6	2	15	104	4083423	4083330	4.66e-21	115	573	N/A
72_8_1110_37302_8116/1	gi|2557643774|emb|OY673254.1|	95.652	46	2	0	15	60	21732	21777	7.91e-09	75.0	2697049	N/A
72_8_1110_37302_8116/1	gi|2463378371|dbj|AP027461.1|	93.878	49	3	0	12	60	1299629	1299677	7.91e-09	75.0	511145	N/A
72_8_1110_37302_8116/1	gi|2463378371|dbj|AP027461.1|	95.652	46	2	0	15	60	1628404	1628359	7.91e-09	75.0	511145	N/A
72_8_1110_37302_8116/1	gi|685043901|emb|LN592426.1|	95.745	47	0	2	10	54	375102	375148	7.91e-09	75.0	7962	N/A
72_8_2416_32179_22026/1	gi|2978724457|gb|PV611058.1|	91.339	127	6	4	14	137	295320	295444	3.53e-37	169	3421660	N/A
72_8_2416_32179_22026/1	gi|2978724457|gb|PV611058.1|	91.803	61	1	3	14	71	295783	295842	4.72e-11	82.4	3421660	N/A
72_8_2416_32179_22026/1	gi|2830983252|gb|CP170844.1|	88.298	94	9	1	15	106	4083423	4083330	6.03e-20	111	573	N/A
72_8_2416_32179_22026/1	gi|685047827|emb|LN596339.1|	96.000	50	0	2	7	54	601778	601827	1.70e-10	80.5	7962	N/A
72_8_2416_32179_22026/1	gi|685042185|emb|LN590710.1|	95.833	48	0	2	9	54	10218497	10218544	2.20e-09	76.8	7962	N/A
72_8_2416_32179_22026/1	gi|685042185|emb|LN590710.1|	95.556	45	0	2	12	54	3790455	3790411	1.02e-07	71.3	7962	N/A
72_8_2416_32179_22026/1	gi|685042185|emb|LN590710.1|	95.556	45	0	2	12	54	6008691	6008735	1.02e-07	71.3	7962	N/A
72_8_2416_32179_22026/1	gi|685042185|emb|LN590710.1|	100.000	34	0	0	15	48	9162089	9162122	1.71e-05	63.9	7962	N/A
72_8_2416_32179_22026/1	gi|2557643774|emb|OY673254.1|	95.652	46	2	0	15	60	21732	21777	7.91e-09	75.0	2697049	N/A
72_8_1239_42392_11996/1	gi|2978724457|gb|PV611058.1|	90.476	126	7	4	15	137	295321	295444	5.90e-35	161	3421660	N/A
72_8_1239_42392_11996/1	gi|2978724457|gb|PV611058.1|	91.667	60	1	3	15	71	295784	295842	1.70e-10	80.5	3421660	N/A
72_8_1239_42392_11996/1	gi|2830983252|gb|CP170844.1|	89.362	94	7	2	15	105	4083423	4083330	4.66e-21	115	573	N/A
72_8_1239_42392_11996/1	gi|2524352013|emb|OY072335.1|	97.727	44	1	0	5	48	21648	21691	2.20e-09	76.8	2697049	N/A
72_8_1239_42392_11996/1	gi|685046795|emb|LN595320.1|	95.833	48	0	2	9	54	140295	140342	2.20e-09	76.8	7962	N/A
72_8_1239_42392_11996/1	gi|685045018|emb|LN593543.1|	95.833	48	0	2	9	54	140101	140148	2.20e-09	76.8	7962	N/A
72_8_1120_41752_17697/1	gi|2830983252|gb|CP170844.1|	86.869	99	5	4	41	137	4083423	4083331	1.01e-17	104	573	N/A
72_8_1120_41752_17697/1	gi|2978724457|gb|PV611058.1|	85.000	100	11	3	41	137	295321	295419	4.69e-16	99.0	3421660	N/A
72_8_1120_41752_17697/1	gi|2978724457|gb|PV611058.1|	91.935	62	1	3	41	99	295784	295844	1.31e-11	84.2	3421660	N/A
72_8_1120_41752_17697/1	gi|2557643774|emb|OY673254.1|	95.652	46	2	0	41	86	21732	21777	7.91e-09	75.0	2697049	N/A
72_8_1120_41752_17697/1	gi|2463378371|dbj|AP027461.1|	93.878	49	3	0	38	86	1299629	1299677	7.91e-09	75.0	511145	N/A
72_8_1120_41752_17697/1	gi|2463378371|dbj|AP027461.1|	95.652	46	2	0	41	86	1628404	1628359	7.91e-09	75.0	511145	N/A
72_8_1120_41752_17697/1	gi|685043901|emb|LN592426.1|	94.118	51	0	3	32	80	375099	375148	7.91e-09	75.0	7962	N/A
72_8_2356_32301_27026/1	gi|2830983252|gb|CP170844.1|	86.667	90	9	3	51	137	4083425	4083336	1.69e-15	97.1	573	N/A
72_8_2356_32301_27026/1	gi|2978724457|gb|PV611058.1|	91.525	59	1	3	53	108	295321	295378	6.11e-10	78.7	3421660	N/A
72_8_2356_32301_27026/1	gi|2978724457|gb|PV611058.1|	91.525	59	1	3	53	108	295784	295841	6.11e-10	78.7	3421660	N/A
72_8_2356_32301_27026/1	gi|2557643774|emb|OY673254.1|	95.652	46	2	0	53	98	21732	21777	7.91e-09	75.0	2697049	N/A
72_8_2356_32301_27026/1	gi|2463378371|dbj|AP027461.1|	95.652	46	2	0	53	98	1299632	1299677	7.91e-09	75.0	511145	N/A
72_8_2356_32301_27026/1	gi|2463378371|dbj|AP027461.1|	95.652	46	2	0	53	98	1628404	1628359	7.91e-09	75.0	511145	N/A
72_8_2356_32301_27026/1	gi|2165836832|emb|OV197136.1|	92.593	54	1	3	46	98	122	71	7.91e-09	75.0	2697049	N/A
72_8_2232_24200_16058/1	gi|2978724457|gb|PV611058.1|	91.803	61	1	3	71	128	295784	295843	4.72e-11	82.4	3421660	N/A
72_8_2232_24200_16058/1	gi|2978724457|gb|PV611058.1|	91.667	60	1	3	71	127	295321	295379	1.70e-10	80.5	3421660	N/A
72_8_2232_24200_16058/1	gi|2830983252|gb|CP170844.1|	85.915	71	8	1	69	137	4083425	4083355	7.91e-09	75.0	573	N/A
72_8_2232_24200_16058/1	gi|2557643774|emb|OY673254.1|	95.652	46	2	0	71	116	21732	21777	7.91e-09	75.0	2697049	N/A
72_8_2232_24200_16058/1	gi|2463378371|dbj|AP027461.1|	95.652	46	2	0	71	116	1299632	1299677	7.91e-09	75.0	511145	N/A
72_8_2232_24200_16058/1	gi|2463378371|dbj|AP027461.1|	95.652	46	2	0	71	116	1628404	1628359	7.91e-09	75.0	511145	N/A
72_8_2232_24200_16058/1	gi|2165836832|emb|OV197136.1|	93.878	49	1	2	69	116	118	71	2.84e-08	73.1	2697049	N/A
72_8_2498_47773_18174/1	gi|2978724457|gb|PV611058.1|	94.656	131	2	4	10	137	295316	295444	4.50e-46	198	3421660	N/A
72_8_2498_47773_18174/1	gi|2978724457|gb|PV611058.1|	92.308	65	1	3	10	71	295779	295842	2.82e-13	89.8	3421660	N/A
72_8_2498_47773_18174/1	gi|2830983252|gb|CP170844.1|	84.043	94	9	2	15	102	4083423	4083330	3.65e-12	86.1	573	N/A
72_8_2498_47773_18174/1	gi|685042161|emb|LN590686.1|	94.231	52	0	3	5	54	20813821	20813871	2.20e-09	76.8	7962	N/A
72_8_2498_47773_18174/1	gi|685042161|emb|LN590686.1|	93.617	47	0	3	11	54	6380189	6380235	1.32e-06	67.6	7962	N/A
72_8_2498_47773_18174/1	gi|685042161|emb|LN590686.1|	95.238	42	0	2	15	54	4545831	4545872	4.76e-06	65.8	7962	N/A
72_8_2498_47773_18174/1	gi|685042161|emb|LN590686.1|	95.238	42	0	2	15	54	12304839	12304798	4.76e-06	65.8	7962	N/A
72_8_2498_47773_18174/1	gi|685042161|emb|LN590686.1|	95.238	42	0	2	15	54	17091846	17091887	4.76e-06	65.8	7962	N/A
72_8_2498_47773_18174/1	gi|685042161|emb|LN590686.1|	95.238	42	0	2	15	54	28125760	28125801	4.76e-06	65.8	7962	N/A
72_8_2498_47773_18174/1	gi|685042161|emb|LN590686.1|	94.872	39	0	2	18	54	12436830	12436868	2.21e-04	60.2	7962	N/A
72_8_2498_47773_18174/1	gi|2557643774|emb|OY673254.1|	95.652	46	2	0	15	60	21732	21777	7.91e-09	75.0	2697049	N/A
72_8_2498_47773_18174/1	gi|2463378371|dbj|AP027461.1|	95.652	46	2	0	15	60	1299632	1299677	7.91e-09	75.0	511145	N/A
72_8_2498_47773_18174/1	gi|2463378371|dbj|AP027461.1|	95.652	46	2	0	15	60	1628404	1628359	7.91e-09	75.0	511145	N/A
72_8_2369_43808_24253/1	gi|2978724457|gb|PV611058.1|	91.339	127	4	6	15	137	295321	295444	1.27e-36	167	3421660	N/A
72_8_2369_43808_24253/1	gi|2978724457|gb|PV611058.1|	90.164	61	2	3	15	72	295784	295843	2.20e-09	76.8	3421660	N/A
72_8_2369_43808_24253/1	gi|2830983252|gb|CP170844.1|	83.333	96	12	3	15	108	4083423	4083330	3.65e-12	86.1	573	N/A
72_8_2369_43808_24253/1	gi|2557643774|emb|OY673254.1|	95.556	45	2	0	15	59	21732	21776	2.84e-08	73.1	2697049	N/A
72_8_2369_43808_24253/1	gi|2463378371|dbj|AP027461.1|	95.556	45	2	0	15	59	1299632	1299676	2.84e-08	73.1	511145	N/A
72_8_2369_43808_24253/1	gi|2463378371|dbj|AP027461.1|	95.556	45	2	0	15	59	1628404	1628360	2.84e-08	73.1	511145	N/A
72_8_2369_43808_24253/1	gi|780644672|ref|XM_011690559.1|	97.619	42	1	0	8	49	1031	1072	2.84e-08	73.1	64793	N/A
72_8_1298_16796_22768/1	gi|2165834303|emb|OV196009.1|	95.556	45	1	1	91	134	120	76	1.02e-07	71.3	2697049	N/A
72_8_1298_16796_22768/1	gi|2165834303|emb|OV196009.1|	97.368	38	1	0	97	134	29914	29951	4.76e-06	65.8	2697049	N/A
72_8_1298_16796_22768/1	gi|2165836832|emb|OV197136.1|	95.455	44	0	2	91	132	121	78	3.68e-07	69.4	2697049	N/A
72_8_1298_16796_22768/1	gi|2165836382|emb|OV196890.1|	97.561	41	0	1	91	130	122	82	3.68e-07	69.4	2697049	N/A
72_8_1298_16796_22768/1	gi|2165834670|emb|OV196177.1|	97.561	41	0	1	91	130	122	82	3.68e-07	69.4	2697049	N/A
72_8_1298_16796_22768/1	gi|2991388621|dbj|AP040934.1|	100.000	36	0	0	95	130	4900950	4900915	1.32e-06	67.6	562	N/A
72_8_1298_16796_22768/1	gi|2991388621|dbj|AP040934.1|	100.000	34	0	0	97	130	146951	146984	1.71e-05	63.9	562	N/A
72_8_1369_30051_18958/1	gi|2978724457|gb|PV611058.1|	90.769	65	2	3	66	127	295318	295381	1.31e-11	84.2	3421660	N/A
72_8_1369_30051_18958/1	gi|2978724457|gb|PV611058.1|	90.476	63	2	3	66	125	295781	295842	1.70e-10	80.5	3421660	N/A
72_8_1369_30051_18958/1	gi|2557643774|emb|OY673254.1|	95.652	46	2	0	69	114	21732	21777	7.91e-09	75.0	2697049	N/A
72_8_1369_30051_18958/1	gi|2463378371|dbj|AP027461.1|	95.652	46	2	0	69	114	1299632	1299677	7.91e-09	75.0	511145	N/A
72_8_1369_30051_18958/1	gi|2463378371|dbj|AP027461.1|	95.652	46	2	0	69	114	1628404	1628359	7.91e-09	75.0	511145	N/A
72_8_1369_30051_18958/1	gi|685046059|emb|LN594584.1|	92.593	54	1	3	57	108	7181	7129	7.91e-09	75.0	7962	N/A
72_8_1369_30051_18958/1	gi|685042177|emb|LN590702.1|	95.745	47	0	2	64	108	3995994	3995948	7.91e-09	75.0	7962	N/A
72_8_1369_30051_18958/1	gi|685042177|emb|LN590702.1|	90.741	54	2	3	58	108	6540849	6540902	3.68e-07	69.4	7962	N/A
72_8_1369_30051_18958/1	gi|685042177|emb|LN590702.1|	95.455	44	0	2	67	108	6862997	6863040	3.68e-07	69.4	7962	N/A
72_8_1369_30051_18958/1	gi|685042177|emb|LN590702.1|	95.238	42	0	2	69	108	1181065	1181106	4.76e-06	65.8	7962	N/A
72_8_1369_30051_18958/1	gi|685042177|emb|LN590702.1|	91.667	48	2	2	63	108	6762493	6762540	4.76e-06	65.8	7962	N/A
72_8_1369_30051_18958/1	gi|685042177|emb|LN590702.1|	100.000	33	0	0	69	101	1157092	1157060	6.15e-05	62.1	7962	N/A
72_8_2307_16642_3171/1	gi|2978724457|gb|PV611058.1|	93.651	126	3	4	15	137	295321	295444	1.26e-41	183	3421660	N/A
72_8_2307_16642_3171/1	gi|2978724457|gb|PV611058.1|	91.667	60	1	3	15	71	295784	295842	1.70e-10	80.5	3421660	N/A
72_8_2307_16642_3171/1	gi|2830983252|gb|CP170844.1|	85.106	94	11	2	15	105	4083423	4083330	2.18e-14	93.5	573	N/A
72_8_2307_16642_3171/1	gi|685042185|emb|LN590710.1|	97.727	44	1	0	5	48	9162079	9162122	2.20e-09	76.8	7962	N/A
72_8_2307_16642_3171/1	gi|685042185|emb|LN590710.1|	95.238	42	0	2	15	54	3790452	3790411	4.76e-06	65.8	7962	N/A
72_8_2307_16642_3171/1	gi|685042185|emb|LN590710.1|	95.238	42	0	2	15	54	6008694	6008735	4.76e-06	65.8	7962	N/A
72_8_2307_16642_3171/1	gi|685042185|emb|LN590710.1|	95.238	42	0	2	15	54	10218503	10218544	4.76e-06	65.8	7962	N/A
72_8_2307_16642_3171/1	gi|2557643774|emb|OY673254.1|	95.652	46	2	0	15	60	21732	21777	7.91e-09	75.0	2697049	N/A
72_8_2307_16642_3171/1	gi|2463378371|dbj|AP027461.1|	95.652	46	2	0	15	60	1299632	1299677	7.91e-09	75.0	511145	N/A
72_8_2307_16642_3171/1	gi|2463378371|dbj|AP027461.1|	95.652	46	2	0	15	60	1628404	1628359	7.91e-09	75.0	511145	N/A
72_8_2259_42546_5034/1	gi|2557643774|emb|OY673254.1|	95.652	46	2	0	85	130	21732	21777	7.91e-09	75.0	2697049	N/A
72_8_2259_42546_5034/1	gi|2463378371|dbj|AP027461.1|	95.652	46	2	0	85	130	1299632	1299677	7.91e-09	75.0	511145	N/A
72_8_2259_42546_5034/1	gi|2463378371|dbj|AP027461.1|	95.652	46	2	0	85	130	1628404	1628359	7.91e-09	75.0	511145	N/A
72_8_2259_42546_5034/1	gi|2978724457|gb|PV611058.1|	91.071	56	1	3	85	137	295321	295375	2.84e-08	73.1	3421660	N/A
72_8_2259_42546_5034/1	gi|2978724457|gb|PV611058.1|	91.071	56	1	3	85	137	295784	295838	2.84e-08	73.1	3421660	N/A
72_8_2259_42546_5034/1	gi|685046063|emb|LN594588.1|	95.652	46	0	2	81	124	121372	121417	2.84e-08	73.1	7962	N/A
72_8_2259_42546_5034/1	gi|685043901|emb|LN592426.1|	94.000	50	0	3	77	124	375100	375148	2.84e-08	73.1	7962	N/A
72_8_2443_11415_21886/1	gi|2978724457|gb|PV611058.1|	91.473	129	3	5	12	137	295321	295444	9.80e-38	171	3421660	N/A
72_8_2443_11415_21886/1	gi|2978724457|gb|PV611058.1|	91.667	60	1	3	12	68	295784	295842	1.70e-10	80.5	3421660	N/A
72_8_2443_11415_21886/1	gi|2830983252|gb|CP170844.1|	87.500	96	10	1	10	103	4083425	4083330	2.17e-19	110	573	N/A
72_8_2443_11415_21886/1	gi|2557643774|emb|OY673254.1|	95.652	46	2	0	12	57	21732	21777	7.91e-09	75.0	2697049	N/A
72_8_2443_11415_21886/1	gi|2463378371|dbj|AP027461.1|	95.652	46	2	0	12	57	1299632	1299677	7.91e-09	75.0	511145	N/A
72_8_2443_11415_21886/1	gi|2463378371|dbj|AP027461.1|	95.652	46	2	0	12	57	1628404	1628359	7.91e-09	75.0	511145	N/A
72_8_2443_11415_21886/1	gi|2165836832|emb|OV197136.1|	92.593	54	1	3	5	57	122	71	7.91e-09	75.0	2697049	N/A
72_8_2355_31119_3633/1	gi|2978724457|gb|PV611058.1|	88.000	125	12	3	15	137	295321	295444	5.94e-30	145	3421660	N/A
72_8_2355_31119_3633/1	gi|2978724457|gb|PV611058.1|	91.525	59	3	2	15	71	295784	295842	1.70e-10	80.5	3421660	N/A
72_8_2355_31119_3633/1	gi|2830983252|gb|CP170844.1|	89.796	98	6	3	13	108	4083425	4083330	2.78e-23	122	573	N/A
72_8_2355_31119_3633/1	gi|685042185|emb|LN590710.1|	97.778	45	1	0	4	48	9162078	9162122	6.11e-10	78.7	7962	N/A
72_8_2355_31119_3633/1	gi|685042185|emb|LN590710.1|	100.000	34	0	0	15	48	3790452	3790419	1.71e-05	63.9	7962	N/A
72_8_2355_31119_3633/1	gi|685042185|emb|LN590710.1|	100.000	34	0	0	15	48	6008694	6008727	1.71e-05	63.9	7962	N/A
72_8_2355_31119_3633/1	gi|685042185|emb|LN590710.1|	100.000	34	0	0	15	48	10218503	10218536	1.71e-05	63.9	7962	N/A
72_8_2355_31119_3633/1	gi|2557643774|emb|OY673254.1|	95.652	46	2	0	15	60	21732	21777	7.91e-09	75.0	2697049	N/A
72_8_2355_31119_3633/1	gi|2165832678|emb|OV195277.1|	92.453	53	3	1	8	60	138	87	7.91e-09	75.0	2697049	N/A
72_8_1430_36145_9979/1	gi|2978724457|gb|PV611058.1|	88.158	76	5	3	65	137	295321	295395	1.02e-12	87.9	3421660	N/A
72_8_1430_36145_9979/1	gi|2978724457|gb|PV611058.1|	91.667	60	1	3	65	121	295784	295842	1.70e-10	80.5	3421660	N/A
72_8_1430_36145_9979/1	gi|2557643774|emb|OY673254.1|	95.652	46	2	0	65	110	21732	21777	7.91e-09	75.0	2697049	N/A
72_8_1430_36145_9979/1	gi|2463378371|dbj|AP027461.1|	93.878	49	3	0	62	110	1299629	1299677	7.91e-09	75.0	511145	N/A
72_8_1430_36145_9979/1	gi|2463378371|dbj|AP027461.1|	95.652	46	2	0	65	110	1628404	1628359	7.91e-09	75.0	511145	N/A
72_8_1430_36145_9979/1	gi|685042161|emb|LN590686.1|	92.593	54	1	3	53	104	20813819	20813871	7.91e-09	75.0	7962	N/A
72_8_1430_36145_9979/1	gi|685042161|emb|LN590686.1|	95.349	43	0	2	64	104	12304840	12304798	1.32e-06	67.6	7962	N/A
72_8_1430_36145_9979/1	gi|685042161|emb|LN590686.1|	95.238	42	0	2	65	104	4545831	4545872	4.76e-06	65.8	7962	N/A
72_8_1430_36145_9979/1	gi|685042161|emb|LN590686.1|	95.238	42	0	2	65	104	6380194	6380235	4.76e-06	65.8	7962	N/A
72_8_1430_36145_9979/1	gi|685042161|emb|LN590686.1|	95.238	42	0	2	65	104	17091846	17091887	4.76e-06	65.8	7962	N/A
72_8_1430_36145_9979/1	gi|685042161|emb|LN590686.1|	95.238	42	0	2	65	104	28125760	28125801	4.76e-06	65.8	7962	N/A
72_8_1430_36145_9979/1	gi|685042161|emb|LN590686.1|	94.872	39	0	2	68	104	12436830	12436868	2.21e-04	60.2	7962	N/A
72_8_1430_36145_9979/1	gi|2557648311|emb|OY677105.1|	97.674	43	0	1	58	99	9636	9678	2.84e-08	73.1	2697049	N/A
72_8_1113_32293_12921/1	gi|2524352013|emb|OY072335.1|	97.727	44	1	0	82	125	21648	21691	2.20e-09	76.8	2697049	N/A
72_8_1113_32293_12921/1	gi|2557643774|emb|OY673254.1|	95.652	46	2	0	92	137	21732	21777	7.91e-09	75.0	2697049	N/A
72_8_1113_32293_12921/1	gi|2463378371|dbj|AP027461.1|	95.652	46	2	0	92	137	1299632	1299677	7.91e-09	75.0	511145	N/A
72_8_1113_32293_12921/1	gi|2463378371|dbj|AP027461.1|	95.652	46	2	0	92	137	1628404	1628359	7.91e-09	75.0	511145	N/A
72_8_1113_32293_12921/1	gi|685049978|emb|LN598497.1|	95.745	47	0	2	87	131	5650	5604	7.91e-09	75.0	7962	N/A
72_8_1113_32293_12921/1	gi|2165836832|emb|OV197136.1|	93.878	49	1	2	90	137	118	71	2.84e-08	73.1	2697049	N/A
72_8_1311_25584_22236/1	gi|2830983252|gb|CP170844.1|	88.506	87	7	2	54	137	4083423	4083337	3.63e-17	102	573	N/A
72_8_1311_25584_22236/1	gi|2978724457|gb|PV611058.1|	86.207	87	8	3	54	137	295321	295406	7.85e-14	91.6	3421660	N/A
72_8_1311_25584_22236/1	gi|2978724457|gb|PV611058.1|	91.667	60	1	3	54	110	295784	295842	1.70e-10	80.5	3421660	N/A
72_8_1311_25584_22236/1	gi|2524352013|emb|OY072335.1|	100.000	44	0	0	44	87	21648	21691	4.72e-11	82.4	2697049	N/A
72_8_1311_25584_22236/1	gi|685042185|emb|LN590710.1|	94.118	51	3	0	37	87	9162072	9162122	6.11e-10	78.7	7962	N/A
72_8_1311_25584_22236/1	gi|685042185|emb|LN590710.1|	95.238	42	0	2	54	93	3790452	3790411	4.76e-06	65.8	7962	N/A
72_8_1311_25584_22236/1	gi|685042185|emb|LN590710.1|	95.238	42	0	2	54	93	6008694	6008735	4.76e-06	65.8	7962	N/A
72_8_1311_25584_22236/1	gi|685042185|emb|LN590710.1|	89.091	55	2	4	43	93	10218490	10218544	4.76e-06	65.8	7962	N/A
72_8_1311_25584_22236/1	gi|2557643774|emb|OY673254.1|	95.652	46	2	0	54	99	21732	21777	7.91e-09	75.0	2697049	N/A
72_8_1446_20688_5244/1	gi|2978724457|gb|PV611058.1|	91.538	130	3	5	11	137	295320	295444	2.73e-38	172	3421660	N/A
72_8_1446_20688_5244/1	gi|2978724457|gb|PV611058.1|	90.164	61	2	3	11	68	295783	295842	2.20e-09	76.8	3421660	N/A
72_8_1446_20688_5244/1	gi|2830983252|gb|CP170844.1|	84.211	95	12	2	12	104	4083423	4083330	2.82e-13	89.8	573	N/A
72_8_1446_20688_5244/1	gi|2710394916|tpg|BK066886.1|	95.556	45	1	1	2	45	29303	29347	1.02e-07	71.3	3116700	N/A
72_8_1446_20688_5244/1	gi|2557643774|emb|OY673254.1|	89.474	57	5	1	2	57	21721	21777	1.02e-07	71.3	2697049	N/A
72_8_1446_20688_5244/1	gi|685042802|emb|LN591327.1|	92.308	52	1	3	2	51	61998	62048	1.02e-07	71.3	7962	N/A
72_8_2472_20033_25205/1	gi|2978724457|gb|PV611058.1|	93.651	126	3	4	15	137	295321	295444	1.26e-41	183	3421660	N/A
72_8_2472_20033_25205/1	gi|2978724457|gb|PV611058.1|	91.667	60	1	3	15	71	295784	295842	1.70e-10	80.5	3421660	N/A
72_8_2472_20033_25205/1	gi|2830983252|gb|CP170844.1|	85.106	94	10	2	15	104	4083423	4083330	2.18e-14	93.5	573	N/A
72_8_2472_20033_25205/1	gi|2524352013|emb|OY072335.1|	95.833	48	2	0	1	48	21644	21691	6.11e-10	78.7	2697049	N/A
72_8_2472_20033_25205/1	gi|685044439|emb|LN592964.1|	95.833	48	0	2	9	54	179349	179302	2.20e-09	76.8	7962	N/A
72_8_2472_20033_25205/1	gi|685042148|emb|LN590673.1|	95.833	48	0	2	9	54	9009491	9009538	2.20e-09	76.8	7962	N/A
72_8_2472_20033_25205/1	gi|685042148|emb|LN590673.1|	95.556	45	0	2	12	54	8955770	8955814	1.02e-07	71.3	7962	N/A
72_8_2472_20033_25205/1	gi|685042148|emb|LN590673.1|	93.182	44	2	1	9	51	9322680	9322723	1.71e-05	63.9	7962	N/A
72_8_1317_19224_11142/1	gi|2830983252|gb|CP170844.1|	88.095	84	8	1	56	137	4083423	4083340	4.69e-16	99.0	573	N/A
72_8_1317_19224_11142/1	gi|2978724457|gb|PV611058.1|	89.855	69	2	4	55	120	295783	295849	1.31e-11	84.2	3421660	N/A
72_8_1317_19224_11142/1	gi|2978724457|gb|PV611058.1|	91.667	60	1	3	55	111	295320	295378	1.70e-10	80.5	3421660	N/A
72_8_1317_19224_11142/1	gi|685042178|emb|LN590703.1|	95.833	48	0	2	50	95	1057729	1057776	2.20e-09	76.8	7962	N/A
72_8_1317_19224_11142/1	gi|685042178|emb|LN590703.1|	95.238	42	0	2	56	95	7304702	7304661	4.76e-06	65.8	7962	N/A
72_8_1317_19224_11142/1	gi|685042178|emb|LN590703.1|	95.238	42	0	2	56	95	12952801	12952842	4.76e-06	65.8	7962	N/A
72_8_1317_19224_11142/1	gi|685042178|emb|LN590703.1|	95.238	42	0	2	56	95	13166504	13166545	4.76e-06	65.8	7962	N/A
72_8_1317_19224_11142/1	gi|685042178|emb|LN590703.1|	95.238	42	0	2	56	95	17684505	17684464	4.76e-06	65.8	7962	N/A
72_8_1317_19224_11142/1	gi|2557643774|emb|OY673254.1|	95.652	46	2	0	56	101	21732	21777	7.91e-09	75.0	2697049	N/A
72_8_1317_19224_11142/1	gi|2557638192|emb|OY694677.1|	91.228	57	2	3	46	101	4292	4346	7.91e-09	75.0	2697049	N/A
72_8_2202_26733_3017/1	gi|2978724457|gb|PV611058.1|	90.476	63	4	2	72	132	295781	295843	4.72e-11	82.4	3421660	N/A
72_8_2202_26733_3017/1	gi|2978724457|gb|PV611058.1|	90.323	62	4	2	72	131	295318	295379	1.70e-10	80.5	3421660	N/A
72_8_2202_26733_3017/1	gi|2560516847|emb|OY702104.1|	95.745	47	2	0	74	120	23284	23330	2.20e-09	76.8	2697049	N/A
72_8_2202_26733_3017/1	gi|780644672|ref|XM_011690559.1|	100.000	41	0	0	74	114	1037	1077	2.20e-09	76.8	64793	N/A
72_8_2202_26733_3017/1	gi|685043901|emb|LN592426.1|	97.674	43	0	1	66	108	375099	375140	2.84e-08	73.1	7962	N/A
72_8_2202_26733_3017/1	gi|685042188|emb|LN590713.1|	100.000	39	0	0	75	113	7120048	7120086	2.84e-08	73.1	7962	N/A
72_8_2202_26733_3017/1	gi|685042188|emb|LN590713.1|	100.000	31	0	0	74	104	16189619	16189589	7.96e-04	58.4	7962	N/A
72_8_2208_6300_12640/1	gi|2978724457|gb|PV611058.1|	92.913	127	4	4	14	137	295320	295444	1.63e-40	180	3421660	N/A
72_8_2208_6300_12640/1	gi|2978724457|gb|PV611058.1|	90.323	62	1	4	14	72	295783	295842	2.20e-09	76.8	3421660	N/A
72_8_2208_6300_12640/1	gi|2557638192|emb|OY694677.1|	91.525	59	2	3	3	60	4290	4346	6.11e-10	78.7	2697049	N/A
72_8_2208_6300_12640/1	gi|2560271083|emb|OY714119.1|	95.745	47	1	1	3	49	4290	4335	7.91e-09	75.0	2697049	N/A
72_8_2208_6300_12640/1	gi|2557643774|emb|OY673254.1|	95.652	46	2	0	15	60	21732	21777	7.91e-09	75.0	2697049	N/A
72_8_2208_6300_12640/1	gi|2463378371|dbj|AP027461.1|	95.652	46	2	0	15	60	1299632	1299677	7.91e-09	75.0	511145	N/A
72_8_2208_6300_12640/1	gi|2463378371|dbj|AP027461.1|	95.652	46	2	0	15	60	1628404	1628359	7.91e-09	75.0	511145	N/A
72_8_2388_37706_22572/1	gi|2978724457|gb|PV611058.1|	87.500	104	9	3	37	137	295316	295418	1.30e-21	117	3421660	N/A
72_8_2388_37706_22572/1	gi|2978724457|gb|PV611058.1|	90.909	66	2	3	37	99	295779	295843	3.65e-12	86.1	3421660	N/A
72_8_2388_37706_22572/1	gi|2830983252|gb|CP170844.1|	85.567	97	9	2	42	136	4083423	4083330	1.69e-15	97.1	573	N/A
72_8_2388_37706_22572/1	gi|2557643774|emb|OY673254.1|	95.652	46	2	0	42	87	21732	21777	7.91e-09	75.0	2697049	N/A
72_8_2388_37706_22572/1	gi|2463378371|dbj|AP027461.1|	95.652	46	2	0	42	87	1299632	1299677	7.91e-09	75.0	511145	N/A
72_8_2388_37706_22572/1	gi|2463378371|dbj|AP027461.1|	95.652	46	2	0	42	87	1628404	1628359	7.91e-09	75.0	511145	N/A
72_8_2388_37706_22572/1	gi|685042161|emb|LN590686.1|	92.593	54	1	3	30	81	20813819	20813871	7.91e-09	75.0	7962	N/A
72_8_2388_37706_22572/1	gi|685042161|emb|LN590686.1|	95.349	43	0	2	41	81	6380193	6380235	1.32e-06	67.6	7962	N/A
72_8_2388_37706_22572/1	gi|685042161|emb|LN590686.1|	95.238	42	0	2	42	81	4545831	4545872	4.76e-06	65.8	7962	N/A
72_8_2388_37706_22572/1	gi|685042161|emb|LN590686.1|	95.238	42	0	2	42	81	12304839	12304798	4.76e-06	65.8	7962	N/A
72_8_2388_37706_22572/1	gi|685042161|emb|LN590686.1|	95.238	42	0	2	42	81	17091846	17091887	4.76e-06	65.8	7962	N/A
72_8_2388_37706_22572/1	gi|685042161|emb|LN590686.1|	95.238	42	0	2	42	81	28125760	28125801	4.76e-06	65.8	7962	N/A
72_8_2388_37706_22572/1	gi|685042161|emb|LN590686.1|	94.872	39	0	2	45	81	12436830	12436868	2.21e-04	60.2	7962	N/A
72_8_2286_30124_3760/1	gi|2978724457|gb|PV611058.1|	91.111	90	4	3	51	137	295321	295409	3.60e-22	119	3421660	N/A
72_8_2286_30124_3760/1	gi|2978724457|gb|PV611058.1|	91.667	60	1	3	51	107	295784	295842	1.70e-10	80.5	3421660	N/A
72_8_2286_30124_3760/1	gi|2830983252|gb|CP170844.1|	84.615	91	10	2	51	137	4083423	4083333	1.02e-12	87.9	573	N/A
72_8_2286_30124_3760/1	gi|2524352013|emb|OY072335.1|	92.857	56	0	3	29	84	21640	21691	6.11e-10	78.7	2697049	N/A
72_8_2286_30124_3760/1	gi|2557643774|emb|OY673254.1|	95.652	46	2	0	51	96	21732	21777	7.91e-09	75.0	2697049	N/A
72_8_2286_30124_3760/1	gi|2463378371|dbj|AP027461.1|	95.652	46	2	0	51	96	1299632	1299677	7.91e-09	75.0	511145	N/A
72_8_2286_30124_3760/1	gi|2463378371|dbj|AP027461.1|	95.652	46	2	0	51	96	1628404	1628359	7.91e-09	75.0	511145	N/A
72_8_2287_28692_16661/1	gi|685042178|emb|LN590703.1|	93.878	49	0	3	8	53	13166497	13166545	1.02e-07	71.3	7962	N/A
72_8_2287_28692_16661/1	gi|685042153|emb|LN590678.1|	100.000	30	0	0	14	43	8201654	8201625	0.003	56.5	7962	N/A
72_8_2287_28692_16661/1	gi|685042369|emb|LN590894.1|	100.000	29	0	0	11	39	97665	97693	0.010	54.7	7962	N/A
72_8_2287_28692_16661/1	gi|1862849758|emb|LR812614.1|	96.774	31	1	0	8	38	22219255	22219285	0.037	52.8	7955	N/A
72_8_2395_49489_16044/1	gi|2978724457|gb|PV611058.1|	92.857	98	3	3	43	137	295323	295419	2.76e-28	139	3421660	N/A
72_8_2395_49489_16044/1	gi|2978724457|gb|PV611058.1|	89.474	57	2	3	43	96	295786	295841	3.68e-07	69.4	3421660	N/A
72_8_2395_49489_16044/1	gi|685042802|emb|LN591327.1|	90.741	54	2	3	29	80	61996	62048	3.68e-07	69.4	7962	N/A
72_8_2395_49489_16044/1	gi|2165834303|emb|OV196009.1|	93.617	47	2	1	34	80	121	76	3.68e-07	69.4	2697049	N/A
72_8_2395_49489_16044/1	gi|2165834303|emb|OV196009.1|	95.122	41	2	0	40	80	29911	29951	4.76e-06	65.8	2697049	N/A
72_8_2395_49489_16044/1	gi|2565352131|emb|OY625234.1|	97.436	39	1	0	36	74	23681	23719	1.32e-06	67.6	2697049	N/A
72_8_2395_49489_16044/1	gi|2557643774|emb|OY673254.1|	95.238	42	2	0	43	84	21734	21775	1.32e-06	67.6	2697049	N/A
72_8_2488_21506_3718/1	gi|2978724457|gb|PV611058.1|	93.056	72	1	3	69	137	295318	295388	3.63e-17	102	3421660	N/A
72_8_2488_21506_3718/1	gi|2978724457|gb|PV611058.1|	92.063	63	1	3	69	128	295781	295842	3.65e-12	86.1	3421660	N/A
72_8_2488_21506_3718/1	gi|2557643774|emb|OY673254.1|	92.453	53	2	2	67	117	21725	21777	7.91e-09	75.0	2697049	N/A
72_8_2488_21506_3718/1	gi|2463378371|dbj|AP027461.1|	95.652	46	2	0	72	117	1299632	1299677	7.91e-09	75.0	511145	N/A
72_8_2488_21506_3718/1	gi|2463378371|dbj|AP027461.1|	95.652	46	2	0	72	117	1628404	1628359	7.91e-09	75.0	511145	N/A
72_8_2488_21506_3718/1	gi|2319067183|gb|CP107088.1|	100.000	40	0	0	67	106	608308	608347	7.91e-09	75.0	630	N/A
72_8_2488_21506_3718/1	gi|685047827|emb|LN596339.1|	94.000	50	1	2	64	111	601778	601827	7.91e-09	75.0	7962	N/A
72_8_1222_33676_23272/1	gi|2701784733|gb|OR911481.1|	90.991	111	10	0	2	112	108416	108306	1.28e-31	150	39414	N/A
72_8_1222_33676_23272/1	gi|2328376401|ref|NC_068049.1|	90.991	111	10	0	2	112	108416	108306	1.28e-31	150	39414	N/A
72_8_1222_33676_23272/1	gi|2288448399|gb|ON641301.1|	90.991	111	10	0	2	112	108818	108708	1.28e-31	150	185001	N/A
72_8_1222_33676_23272/1	gi|2050192475|gb|MW877582.1|	90.991	111	10	0	2	112	108510	108400	1.28e-31	150	39414	N/A
72_8_1222_33676_23272/1	gi|2050192381|gb|MW877581.1|	90.991	111	10	0	2	112	108694	108584	1.28e-31	150	185001	N/A
72_8_1202_19377_26060/1	gi|2978724457|gb|PV611058.1|	90.625	96	5	3	45	137	295321	295415	7.74e-24	124	3421660	N/A
72_8_1202_19377_26060/1	gi|2978724457|gb|PV611058.1|	91.667	60	1	3	45	101	295784	295842	1.70e-10	80.5	3421660	N/A
72_8_1202_19377_26060/1	gi|2830983252|gb|CP170844.1|	86.170	94	10	2	45	135	4083423	4083330	4.69e-16	99.0	573	N/A
72_8_1202_19377_26060/1	gi|2557643774|emb|OY673254.1|	95.652	46	2	0	45	90	21732	21777	7.91e-09	75.0	2697049	N/A
72_8_1202_19377_26060/1	gi|2463378371|dbj|AP027461.1|	93.878	49	3	0	42	90	1299629	1299677	7.91e-09	75.0	511145	N/A
72_8_1202_19377_26060/1	gi|2463378371|dbj|AP027461.1|	95.652	46	2	0	45	90	1628404	1628359	7.91e-09	75.0	511145	N/A
72_8_1202_19377_26060/1	gi|685049067|emb|LN597579.1|	100.000	40	0	0	40	79	1397	1436	7.91e-09	75.0	7962	N/A
72_8_1106_7514_3115/1	gi|685047827|emb|LN596339.1|	94.000	50	1	2	86	133	601778	601827	7.91e-09	75.0	7962	N/A
72_8_1106_7514_3115/1	gi|685043901|emb|LN592426.1|	94.118	51	0	3	85	133	375099	375148	7.91e-09	75.0	7962	N/A
72_8_1106_7514_3115/1	gi|685042149|emb|LN590674.1|	95.745	47	0	2	89	133	7527030	7527076	7.91e-09	75.0	7962	N/A
72_8_1106_7514_3115/1	gi|685042149|emb|LN590674.1|	95.349	43	0	1	94	134	13172347	13172305	1.32e-06	67.6	7962	N/A
72_8_1106_7514_3115/1	gi|685042470|emb|LN590995.1|	95.652	46	0	2	90	133	373933	373888	2.84e-08	73.1	7962	N/A
72_8_1106_7514_3115/1	gi|685042440|emb|LN590965.1|	95.652	46	0	2	91	134	76683	76638	2.84e-08	73.1	7962	N/A
72_8_2291_34122_21157/1	gi|2978724457|gb|PV611058.1|	92.126	127	5	4	14	137	295320	295444	7.58e-39	174	3421660	N/A
72_8_2291_34122_21157/1	gi|2978724457|gb|PV611058.1|	91.803	61	1	3	14	71	295783	295842	4.72e-11	82.4	3421660	N/A
72_8_2291_34122_21157/1	gi|2830983252|gb|CP170844.1|	87.234	94	9	2	15	105	4083423	4083330	1.01e-17	104	573	N/A
72_8_2291_34122_21157/1	gi|2557643774|emb|OY673254.1|	95.652	46	2	0	15	60	21732	21777	7.91e-09	75.0	2697049	N/A
72_8_2291_34122_21157/1	gi|2557638192|emb|OY694677.1|	91.228	57	2	3	5	60	4292	4346	7.91e-09	75.0	2697049	N/A
72_8_2291_34122_21157/1	gi|2463378371|dbj|AP027461.1|	95.652	46	2	0	15	60	1299632	1299677	7.91e-09	75.0	511145	N/A
72_8_2291_34122_21157/1	gi|2463378371|dbj|AP027461.1|	95.652	46	2	0	15	60	1628404	1628359	7.91e-09	75.0	511145	N/A
72_8_2119_7959_28651/1	gi|2978724457|gb|PV611058.1|	92.063	63	1	3	72	131	295783	295844	3.65e-12	86.1	3421660	N/A
72_8_2119_7959_28651/1	gi|2978724457|gb|PV611058.1|	91.803	61	1	3	72	129	295320	295379	4.72e-11	82.4	3421660	N/A
72_8_2119_7959_28651/1	gi|2830983252|gb|CP170844.1|	89.552	67	5	1	73	137	4083423	4083357	1.31e-11	84.2	573	N/A
72_8_2119_7959_28651/1	gi|2557643774|emb|OY673254.1|	95.652	46	2	0	73	118	21732	21777	7.91e-09	75.0	2697049	N/A
72_8_2119_7959_28651/1	gi|2463378371|dbj|AP027461.1|	93.878	49	3	0	70	118	1299629	1299677	7.91e-09	75.0	511145	N/A
72_8_2119_7959_28651/1	gi|2463378371|dbj|AP027461.1|	95.652	46	2	0	73	118	1628404	1628359	7.91e-09	75.0	511145	N/A
72_8_2119_7959_28651/1	gi|685047827|emb|LN596339.1|	94.000	50	1	2	65	112	601778	601827	7.91e-09	75.0	7962	N/A
72_8_1205_48259_3493/1	gi|2978724457|gb|PV611058.1|	94.444	126	2	4	15	137	295321	295444	2.71e-43	189	3421660	N/A
72_8_1205_48259_3493/1	gi|2978724457|gb|PV611058.1|	91.667	60	1	3	15	71	295784	295842	1.70e-10	80.5	3421660	N/A
72_8_1205_48259_3493/1	gi|2830983252|gb|CP170844.1|	84.043	94	11	2	15	104	4083423	4083330	1.02e-12	87.9	573	N/A
72_8_1205_48259_3493/1	gi|685042206|emb|LN590731.1|	95.918	49	0	2	9	55	347604	347652	6.11e-10	78.7	7962	N/A
72_8_1205_48259_3493/1	gi|2557643774|emb|OY673254.1|	91.228	57	4	1	5	60	21721	21777	2.20e-09	76.8	2697049	N/A
72_8_1205_48259_3493/1	gi|2463378371|dbj|AP027461.1|	95.652	46	2	0	15	60	1299632	1299677	7.91e-09	75.0	511145	N/A
72_8_1205_48259_3493/1	gi|2463378371|dbj|AP027461.1|	95.652	46	2	0	15	60	1628404	1628359	7.91e-09	75.0	511145	N/A
72_8_1245_18002_9839/1	gi|2978724457|gb|PV611058.1|	85.185	81	8	3	60	137	295321	295400	1.70e-10	80.5	3421660	N/A
72_8_1245_18002_9839/1	gi|2978724457|gb|PV611058.1|	90.164	61	2	3	60	117	295784	295843	2.20e-09	76.8	3421660	N/A
72_8_1245_18002_9839/1	gi|2830983252|gb|CP170844.1|	85.185	81	9	2	60	137	4083423	4083343	1.70e-10	80.5	573	N/A
72_8_1245_18002_9839/1	gi|2557643774|emb|OY673254.1|	93.478	46	3	0	60	105	21732	21777	3.68e-07	69.4	2697049	N/A
72_8_1245_18002_9839/1	gi|2463378371|dbj|AP027461.1|	93.478	46	3	0	60	105	1299632	1299677	3.68e-07	69.4	511145	N/A
72_8_1245_18002_9839/1	gi|2463378371|dbj|AP027461.1|	93.478	46	3	0	60	105	1628404	1628359	3.68e-07	69.4	511145	N/A
72_8_1245_18002_9839/1	gi|2155043183|emb|OV015804.1|	97.500	40	1	0	57	96	29950	29911	3.68e-07	69.4	2697049	N/A
72_8_2221_44124_21493/1	gi|2978724457|gb|PV611058.1|	91.935	62	1	3	68	126	295321	295381	1.31e-11	84.2	3421660	N/A
72_8_2221_44124_21493/1	gi|2978724457|gb|PV611058.1|	91.667	60	1	3	68	124	295784	295842	1.70e-10	80.5	3421660	N/A
72_8_2221_44124_21493/1	gi|2557643774|emb|OY673254.1|	95.652	46	2	0	68	113	21732	21777	7.91e-09	75.0	2697049	N/A
72_8_2221_44124_21493/1	gi|2463378371|dbj|AP027461.1|	92.453	53	2	2	63	113	1299625	1299677	7.91e-09	75.0	511145	N/A
72_8_2221_44124_21493/1	gi|2463378371|dbj|AP027461.1|	95.652	46	2	0	68	113	1628404	1628359	7.91e-09	75.0	511145	N/A
72_8_2221_44124_21493/1	gi|2560502367|emb|OY629453.1|	100.000	38	0	0	66	103	5916	5953	1.02e-07	71.3	2697049	N/A
72_8_2221_44124_21493/1	gi|2155043183|emb|OV015804.1|	100.000	38	0	0	67	104	29948	29911	1.02e-07	71.3	2697049	N/A
72_8_2192_41906_8242/1	gi|2165837707|emb|OV197600.1|	96.875	32	0	1	106	137	125	95	0.037	52.8	2697049	N/A
72_8_2192_41906_8242/1	gi|2165837646|emb|OV197539.1|	96.875	32	0	1	106	137	83	53	0.037	52.8	2697049	N/A
72_8_2192_41906_8242/1	gi|2165837593|emb|OV197487.1|	96.875	32	0	1	106	137	184	154	0.037	52.8	2697049	N/A
72_8_2192_41906_8242/1	gi|2165836885|emb|OV197189.1|	96.875	32	0	1	106	137	120	90	0.037	52.8	2697049	N/A
72_8_2192_41906_8242/1	gi|2416696040|emb|OX394076.1|	96.552	29	1	0	109	137	1218	1190	0.13	51.0	3004166	N/A
72_8_2352_8016_17207/1	gi|2830983252|gb|CP170844.1|	85.366	82	10	1	58	137	4083423	4083342	1.31e-11	84.2	573	N/A
72_8_2352_8016_17207/1	gi|2978724457|gb|PV611058.1|	91.525	59	1	3	58	113	295321	295378	6.11e-10	78.7	3421660	N/A
72_8_2352_8016_17207/1	gi|2978724457|gb|PV611058.1|	90.476	63	1	4	58	117	295784	295844	6.11e-10	78.7	3421660	N/A
72_8_2352_8016_17207/1	gi|2557638192|emb|OY694677.1|	91.525	59	2	3	46	103	4290	4346	6.11e-10	78.7	2697049	N/A
72_8_2352_8016_17207/1	gi|2560271083|emb|OY714119.1|	95.745	47	1	1	46	92	4290	4335	7.91e-09	75.0	2697049	N/A
72_8_2352_8016_17207/1	gi|2557643774|emb|OY673254.1|	95.652	46	2	0	58	103	21732	21777	7.91e-09	75.0	2697049	N/A
72_8_2214_6325_5931/1	gi|2978724457|gb|PV611058.1|	90.323	62	2	4	57	115	295784	295844	6.11e-10	78.7	3421660	N/A
72_8_2214_6325_5931/1	gi|2978724457|gb|PV611058.1|	90.164	61	1	5	57	113	295321	295380	7.91e-09	75.0	3421660	N/A
72_8_2214_6325_5931/1	gi|2830983252|gb|CP170844.1|	83.333	84	11	2	55	136	4083425	4083343	7.91e-09	75.0	573	N/A
72_8_2214_6325_5931/1	gi|2557643774|emb|OY673254.1|	93.333	45	3	0	57	101	21732	21776	1.32e-06	67.6	2697049	N/A
72_8_2214_6325_5931/1	gi|2463378371|dbj|AP027461.1|	93.333	45	3	0	57	101	1299632	1299676	1.32e-06	67.6	511145	N/A
72_8_2214_6325_5931/1	gi|2463378371|dbj|AP027461.1|	93.333	45	3	0	57	101	1628404	1628360	1.32e-06	67.6	511145	N/A
72_8_2214_6325_5931/1	gi|2165834303|emb|OV196009.1|	95.238	42	2	0	55	96	117	76	1.32e-06	67.6	2697049	N/A
72_8_2214_6325_5931/1	gi|2165834303|emb|OV196009.1|	95.122	41	2	0	56	96	29911	29951	4.76e-06	65.8	2697049	N/A
72_8_1459_37836_29660/1	gi|2978724457|gb|PV611058.1|	92.126	127	4	5	14	137	295321	295444	7.58e-39	174	3421660	N/A
72_8_1459_37836_29660/1	gi|2978724457|gb|PV611058.1|	91.667	60	1	3	14	70	295784	295842	1.70e-10	80.5	3421660	N/A
72_8_1459_37836_29660/1	gi|2830983252|gb|CP170844.1|	87.234	94	9	2	14	104	4083423	4083330	1.01e-17	104	573	N/A
72_8_1459_37836_29660/1	gi|2557643774|emb|OY673254.1|	95.652	46	2	0	14	59	21732	21777	7.91e-09	75.0	2697049	N/A
72_8_1459_37836_29660/1	gi|2463378371|dbj|AP027461.1|	95.652	46	2	0	14	59	1299632	1299677	7.91e-09	75.0	511145	N/A
72_8_1459_37836_29660/1	gi|2463378371|dbj|AP027461.1|	95.652	46	2	0	14	59	1628404	1628359	7.91e-09	75.0	511145	N/A
72_8_1459_37836_29660/1	gi|685046063|emb|LN594588.1|	95.652	46	0	2	10	53	121372	121417	2.84e-08	73.1	7962	N/A
72_8_2226_29574_3619/1	gi|2978724457|gb|PV611058.1|	91.935	62	1	3	63	121	295321	295381	1.31e-11	84.2	3421660	N/A
72_8_2226_29574_3619/1	gi|2978724457|gb|PV611058.1|	91.667	60	1	3	63	119	295784	295842	1.70e-10	80.5	3421660	N/A
72_8_2226_29574_3619/1	gi|685046795|emb|LN595320.1|	95.833	48	0	2	57	102	140295	140342	2.20e-09	76.8	7962	N/A
72_8_2226_29574_3619/1	gi|685045018|emb|LN593543.1|	95.833	48	0	2	57	102	140101	140148	2.20e-09	76.8	7962	N/A
72_8_2226_29574_3619/1	gi|2557643774|emb|OY673254.1|	95.652	46	2	0	63	108	21732	21777	7.91e-09	75.0	2697049	N/A
72_8_2226_29574_3619/1	gi|2463378371|dbj|AP027461.1|	95.652	46	2	0	63	108	1299632	1299677	7.91e-09	75.0	511145	N/A
72_8_2226_29574_3619/1	gi|2463378371|dbj|AP027461.1|	95.652	46	2	0	63	108	1628404	1628359	7.91e-09	75.0	511145	N/A
72_8_2169_12612_29730/1	gi|2609791700|gb|OR652422.1|	97.297	37	1	0	38	74	9241	9277	1.71e-05	63.9	10376	N/A
72_8_2169_12612_29730/1	gi|685042780|emb|LN591305.1|	95.122	41	0	2	41	79	216432	216392	1.71e-05	63.9	7962	N/A
72_8_2169_12612_29730/1	gi|2165834303|emb|OV196009.1|	91.489	47	3	1	40	85	116	70	1.71e-05	63.9	2697049	N/A
72_8_2169_12612_29730/1	gi|2165834303|emb|OV196009.1|	95.122	41	1	1	40	79	29911	29951	1.71e-05	63.9	2697049	N/A
72_8_2169_12612_29730/1	gi|2059855482|tpg|BK040575.1|	95.122	41	1	1	36	75	42	2	1.71e-05	63.9	2832643	N/A
72_8_2169_12612_29730/1	gi|2560502367|emb|OY629453.1|	95.000	40	0	2	37	75	5915	5953	6.15e-05	62.1	2697049	N/A
72_8_2440_17411_14027/1	gi|2978724457|gb|PV611058.1|	90.323	62	2	3	62	120	295320	295380	6.11e-10	78.7	3421660	N/A
72_8_2440_17411_14027/1	gi|2978724457|gb|PV611058.1|	90.164	61	2	3	62	119	295783	295842	2.20e-09	76.8	3421660	N/A
72_8_2440_17411_14027/1	gi|2557638192|emb|OY694677.1|	94.231	52	1	2	51	102	4290	4339	6.11e-10	78.7	2697049	N/A
72_8_2440_17411_14027/1	gi|685042178|emb|LN590703.1|	95.833	48	0	2	57	102	1057729	1057776	2.20e-09	76.8	7962	N/A
72_8_2440_17411_14027/1	gi|685042178|emb|LN590703.1|	95.238	42	0	2	63	102	7304702	7304661	4.76e-06	65.8	7962	N/A
72_8_2440_17411_14027/1	gi|685042178|emb|LN590703.1|	95.238	42	0	2	63	102	12952801	12952842	4.76e-06	65.8	7962	N/A
72_8_2440_17411_14027/1	gi|685042178|emb|LN590703.1|	95.238	42	0	2	63	102	13166504	13166545	4.76e-06	65.8	7962	N/A
72_8_2440_17411_14027/1	gi|685042178|emb|LN590703.1|	95.238	42	0	2	63	102	17684505	17684464	4.76e-06	65.8	7962	N/A
72_8_2440_17411_14027/1	gi|2830983252|gb|CP170844.1|	84.416	77	10	2	63	137	4083423	4083347	7.91e-09	75.0	573	N/A
72_8_2440_17411_14027/1	gi|2560271083|emb|OY714119.1|	95.745	47	1	1	51	97	4290	4335	7.91e-09	75.0	2697049	N/A
72_8_1452_29396_20065/1	gi|2978724457|gb|PV611058.1|	91.270	126	6	4	15	137	295321	295444	1.27e-36	167	3421660	N/A
72_8_1452_29396_20065/1	gi|2978724457|gb|PV611058.1|	91.667	60	1	3	15	71	295784	295842	1.70e-10	80.5	3421660	N/A
72_8_1452_29396_20065/1	gi|2830983252|gb|CP170844.1|	88.298	94	9	1	15	106	4083423	4083330	6.03e-20	111	573	N/A
72_8_1452_29396_20065/1	gi|2524352013|emb|OY072335.1|	97.727	44	1	0	5	48	21648	21691	2.20e-09	76.8	2697049	N/A
72_8_1452_29396_20065/1	gi|685042185|emb|LN590710.1|	97.727	44	1	0	5	48	9162079	9162122	2.20e-09	76.8	7962	N/A
72_8_1452_29396_20065/1	gi|685042185|emb|LN590710.1|	95.238	42	0	2	15	54	3790452	3790411	4.76e-06	65.8	7962	N/A
72_8_1452_29396_20065/1	gi|685042185|emb|LN590710.1|	95.238	42	0	2	15	54	6008694	6008735	4.76e-06	65.8	7962	N/A
72_8_1452_29396_20065/1	gi|685042185|emb|LN590710.1|	95.238	42	0	2	15	54	10218503	10218544	4.76e-06	65.8	7962	N/A
72_8_1452_29396_20065/1	gi|2557643774|emb|OY673254.1|	95.652	46	2	0	15	60	21732	21777	7.91e-09	75.0	2697049	N/A
72_8_2327_32616_12977/1	gi|2978724457|gb|PV611058.1|	90.698	129	1	7	1	126	295324	295444	5.90e-35	161	3421660	N/A
72_8_2327_32616_12977/1	gi|2978724457|gb|PV611058.1|	91.071	56	1	3	1	53	295787	295841	2.84e-08	73.1	3421660	N/A
72_8_2327_32616_12977/1	gi|2830983252|gb|CP170844.1|	87.912	91	8	2	1	88	4083420	4083330	1.01e-17	104	573	N/A
72_8_2327_32616_12977/1	gi|2557643774|emb|OY673254.1|	95.349	43	2	0	1	43	21735	21777	3.68e-07	69.4	2697049	N/A
72_8_2327_32616_12977/1	gi|2463378371|dbj|AP027461.1|	95.349	43	2	0	1	43	1299635	1299677	3.68e-07	69.4	511145	N/A
72_8_2327_32616_12977/1	gi|2463378371|dbj|AP027461.1|	95.349	43	2	0	1	43	1628401	1628359	3.68e-07	69.4	511145	N/A
72_8_2327_32616_12977/1	gi|2755084441|gb|PP943425.1|	93.182	44	1	2	1	43	67822	67780	1.71e-05	63.9	10258	N/A
72_8_2327_32616_12977/1	gi|2755084441|gb|PP943425.1|	93.023	43	1	2	1	42	67594	67635	6.15e-05	62.1	10258	N/A
72_8_2442_4326_17543/1	gi|2978724457|gb|PV611058.1|	94.444	126	1	4	2	124	295322	295444	2.71e-43	189	3421660	N/A
72_8_2442_4326_17543/1	gi|2978724457|gb|PV611058.1|	91.525	59	1	3	2	57	295785	295842	6.11e-10	78.7	3421660	N/A
72_8_2442_4326_17543/1	gi|2830983252|gb|CP170844.1|	83.871	93	11	2	2	90	4083422	4083330	3.65e-12	86.1	573	N/A
72_8_2442_4326_17543/1	gi|2557643774|emb|OY673254.1|	95.556	45	2	0	2	46	21733	21777	2.84e-08	73.1	2697049	N/A
72_8_2442_4326_17543/1	gi|2463378371|dbj|AP027461.1|	95.556	45	2	0	2	46	1299633	1299677	2.84e-08	73.1	511145	N/A
72_8_2442_4326_17543/1	gi|2463378371|dbj|AP027461.1|	95.556	45	2	0	2	46	1628403	1628359	2.84e-08	73.1	511145	N/A
72_8_2442_4326_17543/1	gi|2755084441|gb|PP943425.1|	93.478	46	1	2	2	46	67824	67780	1.32e-06	67.6	10258	N/A
72_8_2442_4326_17543/1	gi|2755084441|gb|PP943425.1|	93.333	45	1	2	2	45	67592	67635	4.76e-06	65.8	10258	N/A
72_8_2304_3185_21647/1	gi|2710217043|gb|PP584592.1|	89.706	136	14	0	2	137	1061	1196	7.58e-39	174	1968120	N/A
72_8_2304_3185_21647/1	gi|2930241284|emb|OZ242995.1|	89.706	136	14	0	2	137	50194907	50194772	7.58e-39	174	135518	N/A
72_8_2304_3185_21647/1	gi|2813512266|gb|PQ427293.1|	89.706	136	14	0	2	137	1063	1198	7.58e-39	174	1968120	N/A
72_8_2304_3185_21647/1	gi|2813512178|gb|PQ427292.1|	89.706	136	14	0	2	137	1064	1199	7.58e-39	174	1968120	N/A
72_8_2304_3185_21647/1	gi|2515409591|gb|OP581002.1|	89.706	136	14	0	2	137	1053	1188	7.58e-39	174	66380	N/A
72_8_2137_27729_5048/1	gi|2978724457|gb|PV611058.1|	91.667	60	1	3	59	115	295320	295378	1.70e-10	80.5	3421660	N/A
72_8_2137_27729_5048/1	gi|2978724457|gb|PV611058.1|	91.667	60	1	3	59	115	295783	295841	1.70e-10	80.5	3421660	N/A
72_8_2137_27729_5048/1	gi|685042161|emb|LN590686.1|	94.231	52	0	3	50	99	20813821	20813871	2.20e-09	76.8	7962	N/A
72_8_2137_27729_5048/1	gi|685042161|emb|LN590686.1|	95.556	45	0	2	57	99	6380191	6380235	1.02e-07	71.3	7962	N/A
72_8_2137_27729_5048/1	gi|685042161|emb|LN590686.1|	95.238	42	0	2	60	99	4545831	4545872	4.76e-06	65.8	7962	N/A
72_8_2137_27729_5048/1	gi|685042161|emb|LN590686.1|	95.238	42	0	2	60	99	12304839	12304798	4.76e-06	65.8	7962	N/A
72_8_2137_27729_5048/1	gi|685042161|emb|LN590686.1|	90.385	52	2	3	50	99	17091837	17091887	4.76e-06	65.8	7962	N/A
72_8_2137_27729_5048/1	gi|685042161|emb|LN590686.1|	95.238	42	0	2	60	99	28125760	28125801	4.76e-06	65.8	7962	N/A
72_8_2137_27729_5048/1	gi|685042161|emb|LN590686.1|	94.872	39	0	2	63	99	12436830	12436868	2.21e-04	60.2	7962	N/A
72_8_2137_27729_5048/1	gi|2557643774|emb|OY673254.1|	95.652	46	2	0	60	105	21732	21777	7.91e-09	75.0	2697049	N/A
72_8_2137_27729_5048/1	gi|2463378371|dbj|AP027461.1|	95.652	46	2	0	60	105	1299632	1299677	7.91e-09	75.0	511145	N/A
72_8_2137_27729_5048/1	gi|2463378371|dbj|AP027461.1|	95.652	46	2	0	60	105	1628404	1628359	7.91e-09	75.0	511145	N/A
72_8_2137_27729_5048/1	gi|685042409|emb|LN590934.1|	95.652	46	0	2	56	99	458436	458481	2.84e-08	73.1	7962	N/A
72_8_2133_12758_14686/1	gi|2978724457|gb|PV611058.1|	88.189	127	9	4	14	137	295321	295444	1.65e-30	147	3421660	N/A
72_8_2133_12758_14686/1	gi|2978724457|gb|PV611058.1|	91.935	62	1	3	14	72	295784	295844	1.31e-11	84.2	3421660	N/A
72_8_2133_12758_14686/1	gi|2830983252|gb|CP170844.1|	89.474	95	7	2	14	106	4083423	4083330	1.30e-21	117	573	N/A
72_8_2133_12758_14686/1	gi|2524352013|emb|OY072335.1|	97.727	44	1	0	4	47	21648	21691	2.20e-09	76.8	2697049	N/A
72_8_2133_12758_14686/1	gi|685044439|emb|LN592964.1|	95.833	48	0	2	8	53	179349	179302	2.20e-09	76.8	7962	N/A
72_8_2133_12758_14686/1	gi|685042148|emb|LN590673.1|	95.833	48	0	2	8	53	9009491	9009538	2.20e-09	76.8	7962	N/A
72_8_2133_12758_14686/1	gi|685042148|emb|LN590673.1|	95.556	45	0	2	11	53	8955770	8955814	1.02e-07	71.3	7962	N/A
72_8_2133_12758_14686/1	gi|685042148|emb|LN590673.1|	93.182	44	2	1	8	50	9322680	9322723	1.71e-05	63.9	7962	N/A
72_8_1279_14603_17151/1	gi|2978724457|gb|PV611058.1|	91.667	84	3	3	57	137	295321	295403	1.68e-20	113	3421660	N/A
72_8_1279_14603_17151/1	gi|2978724457|gb|PV611058.1|	91.667	60	1	3	57	113	295784	295842	1.70e-10	80.5	3421660	N/A
72_8_1279_14603_17151/1	gi|685042175|emb|LN590700.1|	95.833	48	0	2	51	96	15778532	15778579	2.20e-09	76.8	7962	N/A
72_8_1279_14603_17151/1	gi|685042175|emb|LN590700.1|	95.349	43	0	2	57	97	14033941	14033899	1.32e-06	67.6	7962	N/A
72_8_1279_14603_17151/1	gi|2557643774|emb|OY673254.1|	95.652	46	2	0	57	102	21732	21777	7.91e-09	75.0	2697049	N/A
72_8_1279_14603_17151/1	gi|2463378371|dbj|AP027461.1|	93.878	49	3	0	54	102	1299629	1299677	7.91e-09	75.0	511145	N/A
72_8_1279_14603_17151/1	gi|2463378371|dbj|AP027461.1|	95.652	46	2	0	57	102	1628404	1628359	7.91e-09	75.0	511145	N/A
72_8_1279_14603_17151/1	gi|685047827|emb|LN596339.1|	94.000	50	1	2	49	96	601778	601827	7.91e-09	75.0	7962	N/A
72_8_1471_9853_23356/1	gi|2991388636|dbj|AP040949.1|	100.000	32	0	0	1	32	4537868	4537899	2.21e-04	60.2	573	N/A
72_8_1235_16715_12514/1	gi|2978724457|gb|PV611058.1|	89.000	100	7	3	41	137	295321	295419	1.00e-22	121	3421660	N/A
72_8_1235_16715_12514/1	gi|2978724457|gb|PV611058.1|	91.667	60	1	3	41	97	295784	295842	1.70e-10	80.5	3421660	N/A
72_8_1235_16715_12514/1	gi|2830983252|gb|CP170844.1|	88.298	94	8	2	41	131	4083423	4083330	2.17e-19	110	573	N/A
72_8_1235_16715_12514/1	gi|2557643774|emb|OY673254.1|	95.652	46	2	0	41	86	21732	21777	7.91e-09	75.0	2697049	N/A
72_8_1235_16715_12514/1	gi|2463378371|dbj|AP027461.1|	95.652	46	2	0	41	86	1299632	1299677	7.91e-09	75.0	511145	N/A
72_8_1235_16715_12514/1	gi|2463378371|dbj|AP027461.1|	95.652	46	2	0	41	86	1628404	1628359	7.91e-09	75.0	511145	N/A
72_8_1235_16715_12514/1	gi|780644672|ref|XM_011690559.1|	97.619	42	1	0	34	75	1031	1072	2.84e-08	73.1	64793	N/A
72_8_2255_34769_25023/1	gi|2978724457|gb|PV611058.1|	93.798	129	3	4	12	137	295318	295444	2.71e-43	189	3421660	N/A
72_8_2255_34769_25023/1	gi|2978724457|gb|PV611058.1|	92.063	63	1	3	12	71	295781	295842	3.65e-12	86.1	3421660	N/A
72_8_2255_34769_25023/1	gi|2830983252|gb|CP170844.1|	83.158	95	13	2	15	107	4083423	4083330	1.31e-11	84.2	573	N/A
72_8_2255_34769_25023/1	gi|2557643774|emb|OY673254.1|	92.593	54	3	1	8	60	21724	21777	2.20e-09	76.8	2697049	N/A
72_8_2255_34769_25023/1	gi|685042175|emb|LN590700.1|	92.727	55	1	3	3	55	14033952	14033899	2.20e-09	76.8	7962	N/A
72_8_2255_34769_25023/1	gi|685042175|emb|LN590700.1|	95.238	42	0	2	15	54	15778538	15778579	4.76e-06	65.8	7962	N/A
72_8_2255_34769_25023/1	gi|2565360070|emb|OY632882.1|	100.000	40	0	0	10	49	22461	22500	7.91e-09	75.0	2697049	N/A
72_8_1464_38726_13999/1	gi|2978724457|gb|PV611058.1|	91.954	87	3	3	54	137	295321	295406	3.60e-22	119	3421660	N/A
72_8_1464_38726_13999/1	gi|2978724457|gb|PV611058.1|	90.000	60	2	3	54	110	295784	295842	7.91e-09	75.0	3421660	N/A
72_8_1464_38726_13999/1	gi|685045708|emb|LN594233.1|	92.308	52	2	2	44	93	80413	80362	2.84e-08	73.1	7962	N/A
72_8_1464_38726_13999/1	gi|2557643774|emb|OY673254.1|	93.478	46	3	0	54	99	21732	21777	3.68e-07	69.4	2697049	N/A
72_8_1464_38726_13999/1	gi|2463378371|dbj|AP027461.1|	93.478	46	3	0	54	99	1299632	1299677	3.68e-07	69.4	511145	N/A
72_8_1464_38726_13999/1	gi|2463378371|dbj|AP027461.1|	93.478	46	3	0	54	99	1628404	1628359	3.68e-07	69.4	511145	N/A
72_8_1464_38726_13999/1	gi|685046059|emb|LN594584.1|	90.741	54	2	3	42	93	7181	7129	3.68e-07	69.4	7962	N/A
72_8_2492_21967_19000/1	gi|685042161|emb|LN590686.1|	94.000	50	1	2	87	135	20813819	20813867	7.91e-09	75.0	7962	N/A
72_8_2492_21967_19000/1	gi|685042161|emb|LN590686.1|	91.837	49	2	2	88	135	17091836	17091883	1.32e-06	67.6	7962	N/A
72_8_2492_21967_19000/1	gi|685042161|emb|LN590686.1|	97.436	39	0	1	98	135	4545830	4545868	4.76e-06	65.8	7962	N/A
72_8_2492_21967_19000/1	gi|685042161|emb|LN590686.1|	97.436	39	0	1	98	135	28125759	28125797	4.76e-06	65.8	7962	N/A
72_8_2492_21967_19000/1	gi|685042161|emb|LN590686.1|	95.122	41	1	1	96	135	6380191	6380231	1.71e-05	63.9	7962	N/A
72_8_2492_21967_19000/1	gi|685042161|emb|LN590686.1|	97.368	38	0	1	99	135	12304839	12304802	1.71e-05	63.9	7962	N/A
72_8_2492_21967_19000/1	gi|685042161|emb|LN590686.1|	97.143	35	0	1	102	135	12436830	12436864	7.96e-04	58.4	7962	N/A
72_8_2492_21967_19000/1	gi|685042524|emb|LN591049.1|	97.674	43	0	1	94	135	341738	341696	2.84e-08	73.1	7962	N/A
72_8_2492_21967_19000/1	gi|2879580981|emb|OZ217211.1|	95.556	45	1	1	88	132	16834	16791	1.02e-07	71.3	158104	N/A
72_8_2492_21967_19000/1	gi|2560502367|emb|OY629453.1|	100.000	38	0	0	97	134	5916	5953	1.02e-07	71.3	2697049	N/A
72_8_2492_21967_19000/1	gi|2524352013|emb|OY072335.1|	95.455	44	2	0	89	132	21648	21691	1.02e-07	71.3	2697049	N/A
72_8_1233_42796_28833/1	gi|2165834303|emb|OV196009.1|	91.489	47	4	0	14	60	116	70	4.76e-06	65.8	2697049	N/A
72_8_1233_42796_28833/1	gi|2165834303|emb|OV196009.1|	95.122	41	2	0	14	54	29911	29951	4.76e-06	65.8	2697049	N/A
72_8_1233_42796_28833/1	gi|2557649546|emb|OY678249.1|	97.297	37	1	0	13	49	10398	10434	1.71e-05	63.9	2697049	N/A
72_8_1233_42796_28833/1	gi|2557638192|emb|OY694677.1|	91.489	47	2	2	15	60	4301	4346	1.71e-05	63.9	2697049	N/A
72_8_1233_42796_28833/1	gi|2497597930|dbj|AP025639.1|	88.679	53	4	1	11	61	1092585	1092533	1.71e-05	63.9	955	N/A
72_8_1233_42796_28833/1	gi|2165836382|emb|OV196890.1|	97.297	37	1	0	14	50	118	82	1.71e-05	63.9	2697049	N/A
72_8_2126_47749_28357/1	gi|2978724457|gb|PV611058.1|	90.400	125	9	3	15	137	295321	295444	5.90e-35	161	3421660	N/A
72_8_2126_47749_28357/1	gi|2978724457|gb|PV611058.1|	91.525	59	3	2	15	71	295784	295842	1.70e-10	80.5	3421660	N/A
72_8_2126_47749_28357/1	gi|2830983252|gb|CP170844.1|	89.362	94	7	2	15	105	4083423	4083330	4.66e-21	115	573	N/A
72_8_2126_47749_28357/1	gi|2557643774|emb|OY673254.1|	95.652	46	2	0	15	60	21732	21777	7.91e-09	75.0	2697049	N/A
72_8_2126_47749_28357/1	gi|780644672|ref|XM_011690559.1|	100.000	40	0	0	13	52	1036	1075	7.91e-09	75.0	64793	N/A
72_8_2126_47749_28357/1	gi|2056797228|tpg|BK057247.1|	100.000	39	0	0	13	51	42089	42127	2.84e-08	73.1	38018	N/A
72_8_2419_43767_24211/1	gi|2978724457|gb|PV611058.1|	91.339	127	6	4	14	137	295320	295444	3.53e-37	169	3421660	N/A
72_8_2419_43767_24211/1	gi|2978724457|gb|PV611058.1|	91.803	61	1	3	14	71	295783	295842	4.72e-11	82.4	3421660	N/A
72_8_2419_43767_24211/1	gi|2830983252|gb|CP170844.1|	88.298	94	8	2	15	105	4083423	4083330	2.17e-19	110	573	N/A
72_8_2419_43767_24211/1	gi|685042161|emb|LN590686.1|	94.444	54	0	3	3	54	20813819	20813871	1.70e-10	80.5	7962	N/A
72_8_2419_43767_24211/1	gi|685042161|emb|LN590686.1|	95.455	44	0	2	13	54	6380192	6380235	3.68e-07	69.4	7962	N/A
72_8_2419_43767_24211/1	gi|685042161|emb|LN590686.1|	95.238	42	0	2	15	54	4545831	4545872	4.76e-06	65.8	7962	N/A
72_8_2419_43767_24211/1	gi|685042161|emb|LN590686.1|	95.238	42	0	2	15	54	12304839	12304798	4.76e-06	65.8	7962	N/A
72_8_2419_43767_24211/1	gi|685042161|emb|LN590686.1|	95.238	42	0	2	15	54	17091846	17091887	4.76e-06	65.8	7962	N/A
72_8_2419_43767_24211/1	gi|685042161|emb|LN590686.1|	95.238	42	0	2	15	54	28125760	28125801	4.76e-06	65.8	7962	N/A
72_8_2419_43767_24211/1	gi|685042161|emb|LN590686.1|	94.872	39	0	2	18	54	12436830	12436868	2.21e-04	60.2	7962	N/A
72_8_2419_43767_24211/1	gi|2557638192|emb|OY694677.1|	91.525	59	2	3	3	60	4290	4346	6.11e-10	78.7	2697049	N/A
72_8_2419_43767_24211/1	gi|2560271083|emb|OY714119.1|	95.745	47	1	1	3	49	4290	4335	7.91e-09	75.0	2697049	N/A
72_8_1147_9691_20919/1	gi|2978724457|gb|PV611058.1|	90.625	128	6	5	13	137	295320	295444	4.56e-36	165	3421660	N/A
72_8_1147_9691_20919/1	gi|2978724457|gb|PV611058.1|	91.803	61	1	3	13	70	295783	295842	4.72e-11	82.4	3421660	N/A
72_8_1147_9691_20919/1	gi|2830983252|gb|CP170844.1|	87.368	95	9	2	14	106	4083423	4083330	2.80e-18	106	573	N/A
72_8_1147_9691_20919/1	gi|685042177|emb|LN590702.1|	92.727	55	0	4	3	53	6540848	6540902	2.20e-09	76.8	7962	N/A
72_8_1147_9691_20919/1	gi|685042177|emb|LN590702.1|	95.238	42	0	2	14	53	1181065	1181106	4.76e-06	65.8	7962	N/A
72_8_1147_9691_20919/1	gi|685042177|emb|LN590702.1|	95.238	42	0	2	14	53	3995989	3995948	4.76e-06	65.8	7962	N/A
72_8_1147_9691_20919/1	gi|685042177|emb|LN590702.1|	95.238	42	0	2	14	53	6762499	6762540	4.76e-06	65.8	7962	N/A
72_8_1147_9691_20919/1	gi|685042177|emb|LN590702.1|	95.238	42	0	2	14	53	6862999	6863040	4.76e-06	65.8	7962	N/A
72_8_1147_9691_20919/1	gi|685042177|emb|LN590702.1|	93.333	45	0	2	5	46	1157104	1157060	1.71e-05	63.9	7962	N/A
72_8_1147_9691_20919/1	gi|2557643774|emb|OY673254.1|	95.652	46	2	0	14	59	21732	21777	7.91e-09	75.0	2697049	N/A
72_8_1147_9691_20919/1	gi|2463378371|dbj|AP027461.1|	95.652	46	2	0	14	59	1299632	1299677	7.91e-09	75.0	511145	N/A
72_8_1147_9691_20919/1	gi|2463378371|dbj|AP027461.1|	95.652	46	2	0	14	59	1628404	1628359	7.91e-09	75.0	511145	N/A
72_8_1214_51261_2947/1	gi|2978724457|gb|PV611058.1|	92.857	126	4	4	15	137	295321	295444	5.86e-40	178	3421660	N/A
72_8_1214_51261_2947/1	gi|2978724457|gb|PV611058.1|	91.667	60	1	3	15	71	295784	295842	1.70e-10	80.5	3421660	N/A
72_8_1214_51261_2947/1	gi|2830983252|gb|CP170844.1|	86.458	96	10	2	13	105	4083425	4083330	3.63e-17	102	573	N/A
72_8_1214_51261_2947/1	gi|2557643774|emb|OY673254.1|	95.652	46	2	0	15	60	21732	21777	7.91e-09	75.0	2697049	N/A
72_8_1214_51261_2947/1	gi|2463378371|dbj|AP027461.1|	95.652	46	2	0	15	60	1299632	1299677	7.91e-09	75.0	511145	N/A
72_8_1214_51261_2947/1	gi|2463378371|dbj|AP027461.1|	95.652	46	2	0	15	60	1628404	1628359	7.91e-09	75.0	511145	N/A
72_8_1214_51261_2947/1	gi|2165836832|emb|OV197136.1|	92.593	54	1	3	8	60	122	71	7.91e-09	75.0	2697049	N/A
72_8_1159_28781_9587/1	gi|2978724457|gb|PV611058.1|	95.238	126	1	4	3	125	295321	295444	5.82e-45	195	3421660	N/A
72_8_1159_28781_9587/1	gi|2978724457|gb|PV611058.1|	91.667	60	1	3	3	59	295784	295842	1.70e-10	80.5	3421660	N/A
72_8_1159_28781_9587/1	gi|2830983252|gb|CP170844.1|	82.979	94	12	2	3	92	4083423	4083330	4.72e-11	82.4	573	N/A
72_8_1159_28781_9587/1	gi|2557643774|emb|OY673254.1|	95.652	46	2	0	3	48	21732	21777	7.91e-09	75.0	2697049	N/A
72_8_1159_28781_9587/1	gi|2463378371|dbj|AP027461.1|	95.652	46	2	0	3	48	1299632	1299677	7.91e-09	75.0	511145	N/A
72_8_1159_28781_9587/1	gi|2463378371|dbj|AP027461.1|	95.652	46	2	0	3	48	1628404	1628359	7.91e-09	75.0	511145	N/A
72_8_1159_28781_9587/1	gi|2155043183|emb|OV015804.1|	100.000	39	0	0	1	39	29949	29911	2.84e-08	73.1	2697049	N/A
72_8_1490_19240_25682/1	gi|2978724457|gb|PV611058.1|	90.000	130	7	5	2	131	295321	295444	1.64e-35	163	3421660	N/A
72_8_1490_19240_25682/1	gi|2978724457|gb|PV611058.1|	90.000	60	2	3	2	58	295784	295842	7.91e-09	75.0	3421660	N/A
72_8_1490_19240_25682/1	gi|2830983252|gb|CP170844.1|	84.211	95	12	2	1	92	4083424	4083330	2.82e-13	89.8	573	N/A
72_8_1490_19240_25682/1	gi|2557643774|emb|OY673254.1|	95.556	45	2	0	2	46	21732	21776	2.84e-08	73.1	2697049	N/A
72_8_1490_19240_25682/1	gi|2463378371|dbj|AP027461.1|	95.556	45	2	0	2	46	1299632	1299676	2.84e-08	73.1	511145	N/A
72_8_1490_19240_25682/1	gi|2463378371|dbj|AP027461.1|	95.556	45	2	0	2	46	1628404	1628360	2.84e-08	73.1	511145	N/A
72_8_1490_19240_25682/1	gi|2165834303|emb|OV196009.1|	97.561	41	1	0	1	41	116	76	1.02e-07	71.3	2697049	N/A
72_8_1490_19240_25682/1	gi|2165834303|emb|OV196009.1|	97.561	41	1	0	1	41	29911	29951	1.02e-07	71.3	2697049	N/A
72_8_2367_32722_24645/1	gi|2978724457|gb|PV611058.1|	91.339	127	6	4	14	137	295320	295444	3.53e-37	169	3421660	N/A
72_8_2367_32722_24645/1	gi|2978724457|gb|PV611058.1|	91.803	61	1	3	14	71	295783	295842	4.72e-11	82.4	3421660	N/A
72_8_2367_32722_24645/1	gi|2830983252|gb|CP170844.1|	88.298	94	8	2	15	105	4083423	4083330	2.17e-19	110	573	N/A
72_8_2367_32722_24645/1	gi|685047827|emb|LN596339.1|	96.000	50	0	2	7	54	601778	601827	1.70e-10	80.5	7962	N/A
72_8_2367_32722_24645/1	gi|685042185|emb|LN590710.1|	95.833	48	0	2	9	54	10218497	10218544	2.20e-09	76.8	7962	N/A
72_8_2367_32722_24645/1	gi|685042185|emb|LN590710.1|	95.556	45	0	2	12	54	3790455	3790411	1.02e-07	71.3	7962	N/A
72_8_2367_32722_24645/1	gi|685042185|emb|LN590710.1|	95.556	45	0	2	12	54	6008691	6008735	1.02e-07	71.3	7962	N/A
72_8_2367_32722_24645/1	gi|685042185|emb|LN590710.1|	100.000	34	0	0	15	48	9162089	9162122	1.71e-05	63.9	7962	N/A
72_8_2367_32722_24645/1	gi|2557643774|emb|OY673254.1|	95.652	46	2	0	15	60	21732	21777	7.91e-09	75.0	2697049	N/A
72_8_2422_47644_3689/1	gi|2978724457|gb|PV611058.1|	88.372	129	10	4	12	137	295318	295444	1.28e-31	150	3421660	N/A
72_8_2422_47644_3689/1	gi|2978724457|gb|PV611058.1|	90.909	66	1	4	12	74	295781	295844	1.31e-11	84.2	3421660	N/A
72_8_2422_47644_3689/1	gi|2830983252|gb|CP170844.1|	86.598	97	8	3	15	109	4083423	4083330	3.63e-17	102	573	N/A
72_8_2422_47644_3689/1	gi|2557643774|emb|OY673254.1|	92.593	54	3	1	8	60	21724	21777	2.20e-09	76.8	2697049	N/A
72_8_2422_47644_3689/1	gi|685042175|emb|LN590700.1|	94.118	51	1	2	7	55	14033949	14033899	2.20e-09	76.8	7962	N/A
72_8_2422_47644_3689/1	gi|685042175|emb|LN590700.1|	95.238	42	0	2	15	54	15778538	15778579	4.76e-06	65.8	7962	N/A
72_8_2422_47644_3689/1	gi|2755084441|gb|PP943425.1|	81.522	92	13	4	15	104	67825	67736	2.84e-08	73.1	10258	N/A
72_8_2422_47644_3689/1	gi|2755084441|gb|PP943425.1|	93.478	46	1	2	15	59	67591	67635	1.32e-06	67.6	10258	N/A
72_8_2473_11714_5875/1	gi|2830983252|gb|CP170844.1|	87.097	93	9	2	48	137	4083423	4083331	3.63e-17	102	573	N/A
72_8_2473_11714_5875/1	gi|2557643774|emb|OY673254.1|	95.652	46	2	0	48	93	21732	21777	7.91e-09	75.0	2697049	N/A
72_8_2473_11714_5875/1	gi|2463378371|dbj|AP027461.1|	95.652	46	2	0	48	93	1299632	1299677	7.91e-09	75.0	511145	N/A
72_8_2473_11714_5875/1	gi|2463378371|dbj|AP027461.1|	95.652	46	2	0	48	93	1628404	1628359	7.91e-09	75.0	511145	N/A
72_8_2473_11714_5875/1	gi|2991388636|dbj|AP040949.1|	100.000	39	0	0	45	83	3527635	3527673	2.84e-08	73.1	573	N/A
72_8_2473_11714_5875/1	gi|2978724457|gb|PV611058.1|	88.710	62	3	3	48	106	295784	295844	2.84e-08	73.1	3421660	N/A
72_8_2473_11714_5875/1	gi|2978724457|gb|PV611058.1|	90.909	55	1	3	48	99	295321	295374	1.02e-07	71.3	3421660	N/A
72_8_2272_22736_9545/1	gi|2978724457|gb|PV611058.1|	91.667	60	1	3	81	137	295320	295378	1.70e-10	80.5	3421660	N/A
72_8_2272_22736_9545/1	gi|2978724457|gb|PV611058.1|	91.667	60	1	3	81	137	295783	295841	1.70e-10	80.5	3421660	N/A
72_8_2272_22736_9545/1	gi|2557643774|emb|OY673254.1|	95.652	46	2	0	82	127	21732	21777	7.91e-09	75.0	2697049	N/A
72_8_2272_22736_9545/1	gi|2463378371|dbj|AP027461.1|	95.652	46	2	0	82	127	1299632	1299677	7.91e-09	75.0	511145	N/A
72_8_2272_22736_9545/1	gi|2463378371|dbj|AP027461.1|	95.652	46	2	0	82	127	1628404	1628359	7.91e-09	75.0	511145	N/A
72_8_2272_22736_9545/1	gi|685042161|emb|LN590686.1|	92.593	54	1	3	70	121	20813819	20813871	7.91e-09	75.0	7962	N/A
72_8_2272_22736_9545/1	gi|685042161|emb|LN590686.1|	95.455	44	0	2	80	121	6380192	6380235	3.68e-07	69.4	7962	N/A
72_8_2272_22736_9545/1	gi|685042161|emb|LN590686.1|	95.238	42	0	2	82	121	4545831	4545872	4.76e-06	65.8	7962	N/A
72_8_2272_22736_9545/1	gi|685042161|emb|LN590686.1|	95.238	42	0	2	82	121	12304839	12304798	4.76e-06	65.8	7962	N/A
72_8_2272_22736_9545/1	gi|685042161|emb|LN590686.1|	95.238	42	0	2	82	121	17091846	17091887	4.76e-06	65.8	7962	N/A
72_8_2272_22736_9545/1	gi|685042161|emb|LN590686.1|	95.238	42	0	2	82	121	28125760	28125801	4.76e-06	65.8	7962	N/A
72_8_2272_22736_9545/1	gi|685042161|emb|LN590686.1|	94.872	39	0	2	85	121	12436830	12436868	2.21e-04	60.2	7962	N/A
72_8_2272_22736_9545/1	gi|2557638192|emb|OY694677.1|	89.831	59	3	3	70	127	4290	4346	2.84e-08	73.1	2697049	N/A
72_8_1493_21004_4390/1	gi|2978724457|gb|PV611058.1|	90.164	61	2	3	80	137	295321	295380	2.20e-09	76.8	3421660	N/A
72_8_1493_21004_4390/1	gi|2978724457|gb|PV611058.1|	90.000	60	2	3	80	136	295784	295842	7.91e-09	75.0	3421660	N/A
72_8_1493_21004_4390/1	gi|2557643774|emb|OY673254.1|	91.837	49	4	0	77	125	21729	21777	3.68e-07	69.4	2697049	N/A
72_8_1493_21004_4390/1	gi|2463378371|dbj|AP027461.1|	93.478	46	3	0	80	125	1299632	1299677	3.68e-07	69.4	511145	N/A
72_8_1493_21004_4390/1	gi|2463378371|dbj|AP027461.1|	93.478	46	3	0	80	125	1628404	1628359	3.68e-07	69.4	511145	N/A
72_8_1493_21004_4390/1	gi|685042151|emb|LN590676.1|	90.741	54	1	4	69	119	3877010	3876958	3.68e-07	69.4	7962	N/A
72_8_1493_21004_4390/1	gi|685042151|emb|LN590676.1|	92.857	42	1	2	80	119	1475370	1475329	2.21e-04	60.2	7962	N/A
72_8_1493_21004_4390/1	gi|685042151|emb|LN590676.1|	91.304	46	1	3	76	119	5167443	5167399	2.21e-04	60.2	7962	N/A
72_8_1493_21004_4390/1	gi|685042151|emb|LN590676.1|	92.683	41	1	2	81	119	5133961	5133921	7.96e-04	58.4	7962	N/A
72_8_1493_21004_4390/1	gi|685047575|emb|LN596087.1|	93.478	46	1	2	77	120	6214	6169	1.32e-06	67.6	7962	N/A
72_8_1308_20607_5805/1	gi|2155043183|emb|OV015804.1|	97.368	38	1	0	56	93	29948	29911	4.76e-06	65.8	2697049	N/A
72_8_1308_20607_5805/1	gi|2991388636|dbj|AP040949.1|	97.297	37	1	0	56	92	3527637	3527673	1.71e-05	63.9	573	N/A
72_8_1308_20607_5805/1	gi|2560502367|emb|OY629453.1|	97.297	37	1	0	56	92	5917	5953	1.71e-05	63.9	2697049	N/A
72_8_1308_20607_5805/1	gi|2557638192|emb|OY694677.1|	91.489	47	2	2	57	102	4301	4346	1.71e-05	63.9	2697049	N/A
72_8_1308_20607_5805/1	gi|2319067183|gb|CP107088.1|	95.000	40	2	0	52	91	608308	608347	1.71e-05	63.9	630	N/A
72_8_1336_22177_7934/1	gi|2978724457|gb|PV611058.1|	94.488	127	2	4	14	137	295320	295444	7.52e-44	191	3421660	N/A
72_8_1336_22177_7934/1	gi|2978724457|gb|PV611058.1|	91.803	61	1	3	14	71	295783	295842	4.72e-11	82.4	3421660	N/A
72_8_1336_22177_7934/1	gi|2830983252|gb|CP170844.1|	84.043	94	12	2	15	105	4083423	4083330	1.02e-12	87.9	573	N/A
72_8_1336_22177_7934/1	gi|685042161|emb|LN590686.1|	94.231	52	0	3	5	54	20813821	20813871	2.20e-09	76.8	7962	N/A
72_8_1336_22177_7934/1	gi|685042161|emb|LN590686.1|	95.556	45	0	2	12	54	6380191	6380235	1.02e-07	71.3	7962	N/A
72_8_1336_22177_7934/1	gi|685042161|emb|LN590686.1|	95.238	42	0	2	15	54	4545831	4545872	4.76e-06	65.8	7962	N/A
72_8_1336_22177_7934/1	gi|685042161|emb|LN590686.1|	95.238	42	0	2	15	54	12304839	12304798	4.76e-06	65.8	7962	N/A
72_8_1336_22177_7934/1	gi|685042161|emb|LN590686.1|	90.385	52	2	3	5	54	17091837	17091887	4.76e-06	65.8	7962	N/A
72_8_1336_22177_7934/1	gi|685042161|emb|LN590686.1|	95.238	42	0	2	15	54	28125760	28125801	4.76e-06	65.8	7962	N/A
72_8_1336_22177_7934/1	gi|685042161|emb|LN590686.1|	94.872	39	0	2	18	54	12436830	12436868	2.21e-04	60.2	7962	N/A
72_8_1336_22177_7934/1	gi|2557643774|emb|OY673254.1|	95.652	46	2	0	15	60	21732	21777	7.91e-09	75.0	2697049	N/A
72_8_1336_22177_7934/1	gi|2463378371|dbj|AP027461.1|	95.652	46	2	0	15	60	1299632	1299677	7.91e-09	75.0	511145	N/A
72_8_1336_22177_7934/1	gi|2463378371|dbj|AP027461.1|	95.652	46	2	0	15	60	1628404	1628359	7.91e-09	75.0	511145	N/A
72_8_1409_7069_6715/1	gi|2557638192|emb|OY694677.1|	89.394	66	3	4	66	129	4283	4346	1.70e-10	80.5	2697049	N/A
72_8_1409_7069_6715/1	gi|2978724457|gb|PV611058.1|	91.379	58	1	3	83	137	295320	295376	2.20e-09	76.8	3421660	N/A
72_8_1409_7069_6715/1	gi|2978724457|gb|PV611058.1|	91.379	58	1	3	83	137	295783	295839	2.20e-09	76.8	3421660	N/A
72_8_1409_7069_6715/1	gi|2560271083|emb|OY714119.1|	92.593	54	2	2	66	118	4283	4335	2.20e-09	76.8	2697049	N/A
72_8_1409_7069_6715/1	gi|685042802|emb|LN591327.1|	91.379	58	1	4	68	123	61993	62048	2.20e-09	76.8	7962	N/A
72_8_1409_7069_6715/1	gi|2557643774|emb|OY673254.1|	95.652	46	2	0	84	129	21732	21777	7.91e-09	75.0	2697049	N/A
72_8_2181_47797_29674/1	gi|2978724457|gb|PV611058.1|	92.857	126	4	4	15	137	295321	295444	5.86e-40	178	3421660	N/A
72_8_2181_47797_29674/1	gi|2978724457|gb|PV611058.1|	90.164	61	2	3	15	72	295784	295843	2.20e-09	76.8	3421660	N/A
72_8_2181_47797_29674/1	gi|2830983252|gb|CP170844.1|	84.043	94	11	2	15	104	4083423	4083330	1.02e-12	87.9	573	N/A
72_8_2181_47797_29674/1	gi|685046059|emb|LN594584.1|	90.741	54	3	2	3	54	7182	7129	1.02e-07	71.3	7962	N/A
72_8_2181_47797_29674/1	gi|2557643774|emb|OY673254.1|	93.478	46	3	0	15	60	21732	21777	3.68e-07	69.4	2697049	N/A
72_8_2181_47797_29674/1	gi|2463378371|dbj|AP027461.1|	91.837	49	4	0	12	60	1299629	1299677	3.68e-07	69.4	511145	N/A
72_8_2181_47797_29674/1	gi|2463378371|dbj|AP027461.1|	93.478	46	3	0	15	60	1628404	1628359	3.68e-07	69.4	511145	N/A
72_8_2461_12111_12080/1	gi|2952419604|emb|OZ249250.1|	88.750	80	9	0	2	81	18139919	18139840	4.69e-16	99.0	22511	N/A
72_8_2461_12111_12080/1	gi|2979126765|emb|OZ260063.1|	88.462	78	9	0	4	81	46607931	46607854	6.07e-15	95.3	160988	N/A
72_8_2461_12111_12080/1	gi|2948838246|emb|OZ247456.1|	88.462	78	9	0	4	81	4274745	4274668	6.07e-15	95.3	673927	N/A
72_8_2461_12111_12080/1	gi|1677634129|gb|CP032561.1|	87.500	80	10	0	2	81	30245407	30245328	2.18e-14	93.5	29730	N/A
72_8_2461_12111_12080/1	gi|2748525363|gb|CP156739.1|	87.500	80	10	0	2	81	41258689	41258610	2.18e-14	93.5	29730	N/A
72_8_1149_34291_8844/1	gi|685042161|emb|LN590686.1|	95.556	45	1	1	93	137	20813819	20813862	1.02e-07	71.3	7962	N/A
72_8_1149_34291_8844/1	gi|685042161|emb|LN590686.1|	100.000	34	0	0	104	137	12304840	12304807	1.71e-05	63.9	7962	N/A
72_8_1149_34291_8844/1	gi|685042161|emb|LN590686.1|	93.182	44	2	1	94	137	17091836	17091878	1.71e-05	63.9	7962	N/A
72_8_1149_34291_8844/1	gi|685042161|emb|LN590686.1|	100.000	33	0	0	105	137	4545831	4545863	6.15e-05	62.1	7962	N/A
72_8_1149_34291_8844/1	gi|685042161|emb|LN590686.1|	100.000	33	0	0	105	137	6380194	6380226	6.15e-05	62.1	7962	N/A
72_8_1149_34291_8844/1	gi|685042161|emb|LN590686.1|	100.000	33	0	0	105	137	28125760	28125792	6.15e-05	62.1	7962	N/A
72_8_1149_34291_8844/1	gi|685042161|emb|LN590686.1|	100.000	30	0	0	108	137	12436830	12436859	0.003	56.5	7962	N/A
72_8_1149_34291_8844/1	gi|2524352013|emb|OY072335.1|	89.655	58	1	5	83	137	21635	21690	3.68e-07	69.4	2697049	N/A
72_8_1149_34291_8844/1	gi|685042185|emb|LN590710.1|	95.455	44	0	2	95	137	9162079	9162121	3.68e-07	69.4	7962	N/A
72_8_1149_34291_8844/1	gi|685042185|emb|LN590710.1|	100.000	33	0	0	105	137	3790452	3790420	6.15e-05	62.1	7962	N/A
72_8_1149_34291_8844/1	gi|685042185|emb|LN590710.1|	100.000	33	0	0	105	137	6008694	6008726	6.15e-05	62.1	7962	N/A
72_8_1149_34291_8844/1	gi|685042185|emb|LN590710.1|	91.304	46	2	1	94	137	10218490	10218535	6.15e-05	62.1	7962	N/A
72_8_1149_34291_8844/1	gi|2924925013|gb|PQ571295.1|	100.000	36	0	0	102	137	226	261	1.32e-06	67.6	3385244	N/A
72_8_1149_34291_8844/1	gi|2755084441|gb|PP943425.1|	100.000	36	0	0	102	137	67588	67623	1.32e-06	67.6	10258	N/A
72_8_1149_34291_8844/1	gi|2755084441|gb|PP943425.1|	100.000	33	0	0	105	137	67825	67793	6.15e-05	62.1	10258	N/A
72_8_1203_18560_15176/1	gi|2557643774|emb|OY673254.1|	92.982	57	3	1	79	134	21721	21777	4.72e-11	82.4	2697049	N/A
72_8_1203_18560_15176/1	gi|685042175|emb|LN590700.1|	91.525	59	2	3	73	129	14033956	14033899	6.11e-10	78.7	7962	N/A
72_8_1203_18560_15176/1	gi|685042175|emb|LN590700.1|	95.238	42	0	2	89	128	15778538	15778579	4.76e-06	65.8	7962	N/A
72_8_1203_18560_15176/1	gi|2560250289|emb|OY708460.1|	94.000	50	1	2	86	134	6487	6535	7.91e-09	75.0	2697049	N/A
72_8_1203_18560_15176/1	gi|2557654546|emb|OY684713.1|	95.745	47	1	1	79	124	21725	21771	7.91e-09	75.0	2697049	N/A
72_8_1203_18560_15176/1	gi|2463378371|dbj|AP027461.1|	95.652	46	2	0	89	134	1299632	1299677	7.91e-09	75.0	511145	N/A
72_8_1203_18560_15176/1	gi|2463378371|dbj|AP027461.1|	95.652	46	2	0	89	134	1628404	1628359	7.91e-09	75.0	511145	N/A
72_8_2234_11601_5230/1	gi|2978724457|gb|PV611058.1|	93.182	88	2	3	53	137	295321	295407	2.15e-24	126	3421660	N/A
72_8_2234_11601_5230/1	gi|2978724457|gb|PV611058.1|	91.667	60	1	3	53	109	295784	295842	1.70e-10	80.5	3421660	N/A
72_8_2234_11601_5230/1	gi|2557643774|emb|OY673254.1|	95.652	46	2	0	53	98	21732	21777	7.91e-09	75.0	2697049	N/A
72_8_2234_11601_5230/1	gi|2463378371|dbj|AP027461.1|	95.652	46	2	0	53	98	1299632	1299677	7.91e-09	75.0	511145	N/A
72_8_2234_11601_5230/1	gi|2463378371|dbj|AP027461.1|	95.652	46	2	0	53	98	1628404	1628359	7.91e-09	75.0	511145	N/A
72_8_2234_11601_5230/1	gi|2830983252|gb|CP170844.1|	82.022	89	12	2	53	137	4083423	4083335	2.84e-08	73.1	573	N/A
72_8_2234_11601_5230/1	gi|2557648311|emb|OY677105.1|	97.674	43	0	1	46	87	9636	9678	2.84e-08	73.1	2697049	N/A
72_8_2213_44172_5272/1	gi|780644672|ref|XM_011690559.1|	97.500	40	1	0	39	78	1036	1075	3.68e-07	69.4	64793	N/A
72_8_2213_44172_5272/1	gi|685042188|emb|LN590713.1|	93.182	44	3	0	35	78	7120042	7120085	4.76e-06	65.8	7962	N/A
72_8_2213_44172_5272/1	gi|685042180|emb|LN590705.1|	94.737	38	2	0	41	78	2155404	2155441	2.21e-04	60.2	7962	N/A
72_8_1111_34275_5763/1	gi|2978724457|gb|PV611058.1|	92.857	84	2	3	57	137	295321	295403	3.60e-22	119	3421660	N/A
72_8_1111_34275_5763/1	gi|2978724457|gb|PV611058.1|	91.667	60	1	3	57	113	295784	295842	1.70e-10	80.5	3421660	N/A
72_8_1111_34275_5763/1	gi|2557643774|emb|OY673254.1|	95.652	46	2	0	57	102	21732	21777	7.91e-09	75.0	2697049	N/A
72_8_1111_34275_5763/1	gi|2463378371|dbj|AP027461.1|	95.652	46	2	0	57	102	1299632	1299677	7.91e-09	75.0	511145	N/A
72_8_1111_34275_5763/1	gi|2463378371|dbj|AP027461.1|	95.652	46	2	0	57	102	1628404	1628359	7.91e-09	75.0	511145	N/A
72_8_1111_34275_5763/1	gi|2165836832|emb|OV197136.1|	92.593	54	1	3	50	102	122	71	7.91e-09	75.0	2697049	N/A
72_8_1111_34275_5763/1	gi|2165834303|emb|OV196009.1|	92.453	53	3	1	50	102	121	70	7.91e-09	75.0	2697049	N/A
72_8_1111_34275_5763/1	gi|2165834303|emb|OV196009.1|	97.561	41	1	0	56	96	29911	29951	1.02e-07	71.3	2697049	N/A
72_8_1432_18690_27139/1	gi|2524352013|emb|OY072335.1|	97.727	44	1	0	88	131	21648	21691	2.20e-09	76.8	2697049	N/A
72_8_1432_18690_27139/1	gi|685042185|emb|LN590710.1|	97.727	44	1	0	88	131	9162079	9162122	2.20e-09	76.8	7962	N/A
72_8_1432_18690_27139/1	gi|685042185|emb|LN590710.1|	95.238	42	0	2	98	137	3790452	3790411	4.76e-06	65.8	7962	N/A
72_8_1432_18690_27139/1	gi|685042185|emb|LN590710.1|	95.238	42	0	2	98	137	6008694	6008735	4.76e-06	65.8	7962	N/A
72_8_1432_18690_27139/1	gi|685042185|emb|LN590710.1|	95.238	42	0	2	98	137	10218503	10218544	4.76e-06	65.8	7962	N/A
72_8_1432_18690_27139/1	gi|2991388636|dbj|AP040949.1|	100.000	39	0	0	95	133	3527635	3527673	2.84e-08	73.1	573	N/A
72_8_1432_18690_27139/1	gi|2155043183|emb|OV015804.1|	100.000	39	0	0	96	134	29949	29911	2.84e-08	73.1	2697049	N/A
72_8_1432_18690_27139/1	gi|2165835426|emb|OV196492.1|	97.368	38	0	1	98	135	138	102	1.71e-05	63.9	2697049	N/A
72_8_1432_18690_27139/1	gi|2165835426|emb|OV196492.1|	97.368	38	0	1	98	135	253	217	1.71e-05	63.9	2697049	N/A
72_8_2125_9270_28203/1	gi|2978724457|gb|PV611058.1|	88.596	114	9	3	27	137	295318	295430	3.58e-27	135	3421660	N/A
72_8_2125_9270_28203/1	gi|2978724457|gb|PV611058.1|	92.308	65	1	3	27	88	295781	295844	2.82e-13	89.8	3421660	N/A
72_8_2125_9270_28203/1	gi|2830983252|gb|CP170844.1|	90.426	94	7	1	30	121	4083423	4083330	2.78e-23	122	573	N/A
72_8_2125_9270_28203/1	gi|685042175|emb|LN590700.1|	94.231	52	1	2	21	70	14033950	14033899	6.11e-10	78.7	7962	N/A
72_8_2125_9270_28203/1	gi|685042175|emb|LN590700.1|	95.238	42	0	2	30	69	15778538	15778579	4.76e-06	65.8	7962	N/A
72_8_2125_9270_28203/1	gi|2557643774|emb|OY673254.1|	91.228	57	4	1	20	75	21721	21777	2.20e-09	76.8	2697049	N/A
72_8_2125_9270_28203/1	gi|2565360070|emb|OY632882.1|	100.000	40	0	0	25	64	22461	22500	7.91e-09	75.0	2697049	N/A
72_8_2482_23958_6337/1	gi|2978724457|gb|PV611058.1|	92.500	80	2	3	61	137	295321	295399	6.03e-20	111	3421660	N/A
72_8_2482_23958_6337/1	gi|2978724457|gb|PV611058.1|	91.667	60	1	3	61	117	295784	295842	1.70e-10	80.5	3421660	N/A
72_8_2482_23958_6337/1	gi|2557643774|emb|OY673254.1|	95.652	46	2	0	61	106	21732	21777	7.91e-09	75.0	2697049	N/A
72_8_2482_23958_6337/1	gi|2463378371|dbj|AP027461.1|	95.652	46	2	0	61	106	1299632	1299677	7.91e-09	75.0	511145	N/A
72_8_2482_23958_6337/1	gi|2463378371|dbj|AP027461.1|	95.652	46	2	0	61	106	1628404	1628359	7.91e-09	75.0	511145	N/A
72_8_2482_23958_6337/1	gi|2165836832|emb|OV197136.1|	92.593	54	1	3	54	106	122	71	7.91e-09	75.0	2697049	N/A
72_8_2482_23958_6337/1	gi|2165834303|emb|OV196009.1|	92.453	53	3	1	54	106	121	70	7.91e-09	75.0	2697049	N/A
72_8_2482_23958_6337/1	gi|2165834303|emb|OV196009.1|	97.561	41	1	0	60	100	29911	29951	1.02e-07	71.3	2697049	N/A
72_8_2151_25374_22124/1	gi|2978724457|gb|PV611058.1|	91.270	126	6	4	15	137	295321	295444	1.27e-36	167	3421660	N/A
72_8_2151_25374_22124/1	gi|2978724457|gb|PV611058.1|	91.667	60	1	3	15	71	295784	295842	1.70e-10	80.5	3421660	N/A
72_8_2151_25374_22124/1	gi|2830983252|gb|CP170844.1|	84.375	96	11	3	15	108	4083423	4083330	7.85e-14	91.6	573	N/A
72_8_2151_25374_22124/1	gi|2557643774|emb|OY673254.1|	95.652	46	2	0	15	60	21732	21777	7.91e-09	75.0	2697049	N/A
72_8_2151_25374_22124/1	gi|2463378371|dbj|AP027461.1|	93.878	49	3	0	12	60	1299629	1299677	7.91e-09	75.0	511145	N/A
72_8_2151_25374_22124/1	gi|2463378371|dbj|AP027461.1|	95.652	46	2	0	15	60	1628404	1628359	7.91e-09	75.0	511145	N/A
72_8_2151_25374_22124/1	gi|685049067|emb|LN597579.1|	100.000	40	0	0	10	49	1397	1436	7.91e-09	75.0	7962	N/A
72_8_2328_22566_4236/1	gi|2978724457|gb|PV611058.1|	91.803	61	1	3	74	131	295784	295843	4.72e-11	82.4	3421660	N/A
72_8_2328_22566_4236/1	gi|2978724457|gb|PV611058.1|	91.667	60	1	3	74	130	295321	295379	1.70e-10	80.5	3421660	N/A
72_8_2328_22566_4236/1	gi|685046795|emb|LN595320.1|	95.833	48	0	2	68	113	140295	140342	2.20e-09	76.8	7962	N/A
72_8_2328_22566_4236/1	gi|685045018|emb|LN593543.1|	95.833	48	0	2	68	113	140101	140148	2.20e-09	76.8	7962	N/A
72_8_2328_22566_4236/1	gi|2557643774|emb|OY673254.1|	95.652	46	2	0	74	119	21732	21777	7.91e-09	75.0	2697049	N/A
72_8_2328_22566_4236/1	gi|2463378371|dbj|AP027461.1|	95.652	46	2	0	74	119	1299632	1299677	7.91e-09	75.0	511145	N/A
72_8_2328_22566_4236/1	gi|2463378371|dbj|AP027461.1|	95.652	46	2	0	74	119	1628404	1628359	7.91e-09	75.0	511145	N/A
72_8_2392_15477_10988/1	gi|2978724457|gb|PV611058.1|	92.000	100	4	3	41	137	295321	295419	9.94e-28	137	3421660	N/A
72_8_2392_15477_10988/1	gi|2978724457|gb|PV611058.1|	91.667	60	1	3	41	97	295784	295842	1.70e-10	80.5	3421660	N/A
72_8_2392_15477_10988/1	gi|2830983252|gb|CP170844.1|	83.333	96	12	2	41	134	4083423	4083330	3.65e-12	86.1	573	N/A
72_8_2392_15477_10988/1	gi|685042185|emb|LN590710.1|	97.727	44	1	0	31	74	9162079	9162122	2.20e-09	76.8	7962	N/A
72_8_2392_15477_10988/1	gi|685042185|emb|LN590710.1|	95.238	42	0	2	41	80	3790452	3790411	4.76e-06	65.8	7962	N/A
72_8_2392_15477_10988/1	gi|685042185|emb|LN590710.1|	95.238	42	0	2	41	80	6008694	6008735	4.76e-06	65.8	7962	N/A
72_8_2392_15477_10988/1	gi|685042185|emb|LN590710.1|	93.478	46	0	3	38	80	10218499	10218544	4.76e-06	65.8	7962	N/A
72_8_2392_15477_10988/1	gi|2557643774|emb|OY673254.1|	95.652	46	2	0	41	86	21732	21777	7.91e-09	75.0	2697049	N/A
72_8_2392_15477_10988/1	gi|2463378371|dbj|AP027461.1|	95.652	46	2	0	41	86	1299632	1299677	7.91e-09	75.0	511145	N/A
72_8_2392_15477_10988/1	gi|2463378371|dbj|AP027461.1|	95.652	46	2	0	41	86	1628404	1628359	7.91e-09	75.0	511145	N/A
72_8_2489_42675_22488/1	gi|2978724457|gb|PV611058.1|	95.902	122	1	3	1	119	295324	295444	5.82e-45	195	3421660	N/A
72_8_2489_42675_22488/1	gi|2978724457|gb|PV611058.1|	91.228	57	1	3	1	54	295787	295842	7.91e-09	75.0	3421660	N/A
72_8_2489_42675_22488/1	gi|2557643774|emb|OY673254.1|	95.349	43	2	0	1	43	21735	21777	3.68e-07	69.4	2697049	N/A
72_8_2489_42675_22488/1	gi|2463378371|dbj|AP027461.1|	95.349	43	2	0	1	43	1299635	1299677	3.68e-07	69.4	511145	N/A
72_8_2489_42675_22488/1	gi|2463378371|dbj|AP027461.1|	95.349	43	2	0	1	43	1628401	1628359	3.68e-07	69.4	511145	N/A
72_8_2489_42675_22488/1	gi|2830983252|gb|CP170844.1|	81.319	91	5	2	1	79	4083420	4083330	1.71e-05	63.9	573	N/A
72_8_2489_42675_22488/1	gi|2755084441|gb|PP943425.1|	93.182	44	1	2	1	43	67822	67780	1.71e-05	63.9	10258	N/A
72_8_2489_42675_22488/1	gi|2755084441|gb|PP943425.1|	93.023	43	1	2	1	42	67594	67635	6.15e-05	62.1	10258	N/A
72_8_1135_25155_4628/1	gi|2978724457|gb|PV611058.1|	95.238	126	1	4	15	137	295321	295444	5.82e-45	195	3421660	N/A
72_8_1135_25155_4628/1	gi|2978724457|gb|PV611058.1|	91.667	60	1	3	15	71	295784	295842	1.70e-10	80.5	3421660	N/A
72_8_1135_25155_4628/1	gi|2524352013|emb|OY072335.1|	97.917	48	1	0	1	48	21644	21691	1.31e-11	84.2	2697049	N/A
72_8_1135_25155_4628/1	gi|2830983252|gb|CP170844.1|	82.979	94	12	2	15	104	4083423	4083330	4.72e-11	82.4	573	N/A
72_8_1135_25155_4628/1	gi|685042185|emb|LN590710.1|	97.778	45	1	0	4	48	9162078	9162122	6.11e-10	78.7	7962	N/A
72_8_1135_25155_4628/1	gi|685042185|emb|LN590710.1|	95.238	42	0	2	15	54	3790452	3790411	4.76e-06	65.8	7962	N/A
72_8_1135_25155_4628/1	gi|685042185|emb|LN590710.1|	95.238	42	0	2	15	54	6008694	6008735	4.76e-06	65.8	7962	N/A
72_8_1135_25155_4628/1	gi|685042185|emb|LN590710.1|	95.238	42	0	2	15	54	10218503	10218544	4.76e-06	65.8	7962	N/A
72_8_1135_25155_4628/1	gi|2557643774|emb|OY673254.1|	95.652	46	2	0	15	60	21732	21777	7.91e-09	75.0	2697049	N/A
72_8_2117_10007_16002/1	gi|2978724457|gb|PV611058.1|	88.889	126	9	4	15	137	295321	295444	1.28e-31	150	3421660	N/A
72_8_2117_10007_16002/1	gi|2978724457|gb|PV611058.1|	90.476	63	1	4	15	74	295784	295844	6.11e-10	78.7	3421660	N/A
72_8_2117_10007_16002/1	gi|2830983252|gb|CP170844.1|	89.583	96	7	2	13	105	4083425	4083330	3.60e-22	119	573	N/A
72_8_2117_10007_16002/1	gi|2165836832|emb|OV197136.1|	94.231	52	1	2	10	60	121	71	6.11e-10	78.7	2697049	N/A
72_8_2117_10007_16002/1	gi|2165834303|emb|OV196009.1|	94.118	51	3	0	10	60	120	70	6.11e-10	78.7	2697049	N/A
72_8_2117_10007_16002/1	gi|2165834303|emb|OV196009.1|	97.561	41	1	0	14	54	29911	29951	1.02e-07	71.3	2697049	N/A
72_8_2117_10007_16002/1	gi|2165832678|emb|OV195277.1|	94.231	52	1	2	10	60	137	87	6.11e-10	78.7	2697049	N/A
72_8_1145_38265_24855/1	gi|2978724457|gb|PV611058.1|	90.076	131	8	4	10	137	295316	295444	4.56e-36	165	3421660	N/A
72_8_1145_38265_24855/1	gi|2978724457|gb|PV611058.1|	89.394	66	3	3	10	72	295779	295843	1.70e-10	80.5	3421660	N/A
72_8_1145_38265_24855/1	gi|2830983252|gb|CP170844.1|	85.263	95	11	2	15	107	4083423	4083330	6.07e-15	95.3	573	N/A
72_8_1145_38265_24855/1	gi|685042161|emb|LN590686.1|	92.593	54	1	3	3	54	20813819	20813871	7.91e-09	75.0	7962	N/A
72_8_1145_38265_24855/1	gi|685042161|emb|LN590686.1|	93.182	44	1	2	13	54	28125758	28125801	1.71e-05	63.9	7962	N/A
72_8_1145_38265_24855/1	gi|685042161|emb|LN590686.1|	93.023	43	1	2	14	54	4545830	4545872	6.15e-05	62.1	7962	N/A
72_8_1145_38265_24855/1	gi|685042161|emb|LN590686.1|	91.489	47	1	3	11	54	6380189	6380235	6.15e-05	62.1	7962	N/A
72_8_1145_38265_24855/1	gi|685042161|emb|LN590686.1|	92.857	42	1	2	15	54	12304839	12304798	2.21e-04	60.2	7962	N/A
72_8_1145_38265_24855/1	gi|685042161|emb|LN590686.1|	92.857	42	1	2	15	54	17091846	17091887	2.21e-04	60.2	7962	N/A
72_8_1145_38265_24855/1	gi|685042161|emb|LN590686.1|	94.737	38	0	2	19	54	12436831	12436868	7.96e-04	58.4	7962	N/A
72_8_1145_38265_24855/1	gi|2557643774|emb|OY673254.1|	93.478	46	3	0	15	60	21732	21777	3.68e-07	69.4	2697049	N/A
72_8_1145_38265_24855/1	gi|2463378371|dbj|AP027461.1|	93.478	46	3	0	15	60	1299632	1299677	3.68e-07	69.4	511145	N/A
72_8_1145_38265_24855/1	gi|2463378371|dbj|AP027461.1|	93.478	46	3	0	15	60	1628404	1628359	3.68e-07	69.4	511145	N/A
72_8_1470_29889_16156/1	gi|2710394916|tpg|BK066886.1|	95.652	46	1	1	73	117	29302	29347	2.84e-08	73.1	3116700	N/A
72_8_1470_29889_16156/1	gi|2978724457|gb|PV611058.1|	89.655	58	2	3	83	137	295320	295376	1.02e-07	71.3	3421660	N/A
72_8_1470_29889_16156/1	gi|2978724457|gb|PV611058.1|	89.655	58	2	3	83	137	295783	295839	1.02e-07	71.3	3421660	N/A
72_8_1470_29889_16156/1	gi|2557643774|emb|OY673254.1|	89.474	57	5	1	74	129	21721	21777	1.02e-07	71.3	2697049	N/A
72_8_1470_29889_16156/1	gi|2463378371|dbj|AP027461.1|	95.455	44	2	0	86	129	1299634	1299677	1.02e-07	71.3	511145	N/A
72_8_1470_29889_16156/1	gi|2463378371|dbj|AP027461.1|	95.455	44	2	0	86	129	1628402	1628359	1.02e-07	71.3	511145	N/A
72_8_1470_29889_16156/1	gi|685042802|emb|LN591327.1|	89.655	58	3	3	68	123	61992	62048	1.02e-07	71.3	7962	N/A
72_8_2264_36007_3998/1	gi|2978724457|gb|PV611058.1|	90.000	60	4	2	80	137	295316	295375	2.20e-09	76.8	3421660	N/A
72_8_2264_36007_3998/1	gi|2978724457|gb|PV611058.1|	90.000	60	4	2	80	137	295779	295838	2.20e-09	76.8	3421660	N/A
72_8_2264_36007_3998/1	gi|2557643774|emb|OY673254.1|	95.652	46	2	0	85	130	21732	21777	7.91e-09	75.0	2697049	N/A
72_8_2264_36007_3998/1	gi|685042161|emb|LN590686.1|	97.727	44	0	1	75	118	20813821	20813863	7.91e-09	75.0	7962	N/A
72_8_2264_36007_3998/1	gi|685042161|emb|LN590686.1|	100.000	35	0	0	84	118	6380193	6380227	4.76e-06	65.8	7962	N/A
72_8_2264_36007_3998/1	gi|685042161|emb|LN590686.1|	100.000	34	0	0	85	118	4545831	4545864	1.71e-05	63.9	7962	N/A
72_8_2264_36007_3998/1	gi|685042161|emb|LN590686.1|	100.000	34	0	0	85	118	12304839	12304806	1.71e-05	63.9	7962	N/A
72_8_2264_36007_3998/1	gi|685042161|emb|LN590686.1|	100.000	34	0	0	85	118	17091846	17091879	1.71e-05	63.9	7962	N/A
72_8_2264_36007_3998/1	gi|685042161|emb|LN590686.1|	100.000	34	0	0	85	118	28125760	28125793	1.71e-05	63.9	7962	N/A
72_8_2264_36007_3998/1	gi|685042161|emb|LN590686.1|	100.000	31	0	0	88	118	12436830	12436860	7.96e-04	58.4	7962	N/A
72_8_2264_36007_3998/1	gi|685042188|emb|LN590713.1|	100.000	39	0	0	84	122	7120047	7120085	2.84e-08	73.1	7962	N/A
72_8_2264_36007_3998/1	gi|685042188|emb|LN590713.1|	100.000	30	0	0	85	114	16189618	16189589	0.003	56.5	7962	N/A
72_8_2264_36007_3998/1	gi|685042162|emb|LN590687.1|	100.000	39	0	0	81	119	6550504	6550542	2.84e-08	73.1	7962	N/A
72_8_2264_36007_3998/1	gi|685042162|emb|LN590687.1|	100.000	35	0	0	84	118	8068430	8068464	4.76e-06	65.8	7962	N/A
72_8_2264_36007_3998/1	gi|685042162|emb|LN590687.1|	100.000	35	0	0	85	119	13500794	13500760	4.76e-06	65.8	7962	N/A
72_8_2264_36007_3998/1	gi|685042162|emb|LN590687.1|	100.000	34	0	0	85	118	10908042	10908009	1.71e-05	63.9	7962	N/A
72_8_2264_36007_3998/1	gi|685042162|emb|LN590687.1|	100.000	34	0	0	85	118	15036898	15036931	1.71e-05	63.9	7962	N/A
72_8_2264_36007_3998/1	gi|685042162|emb|LN590687.1|	100.000	31	0	0	88	118	15537185	15537215	7.96e-04	58.4	7962	N/A
72_8_1489_17549_4992/1	gi|2978724457|gb|PV611058.1|	93.548	124	3	4	17	137	295323	295444	1.63e-40	180	3421660	N/A
72_8_1489_17549_4992/1	gi|2978724457|gb|PV611058.1|	91.379	58	1	3	17	71	295786	295842	2.20e-09	76.8	3421660	N/A
72_8_1489_17549_4992/1	gi|2830983252|gb|CP170844.1|	84.783	92	10	2	17	104	4083421	4083330	2.82e-13	89.8	573	N/A
72_8_1489_17549_4992/1	gi|2557643774|emb|OY673254.1|	95.455	44	2	0	17	60	21734	21777	1.02e-07	71.3	2697049	N/A
72_8_1489_17549_4992/1	gi|2463378371|dbj|AP027461.1|	95.455	44	2	0	17	60	1299634	1299677	1.02e-07	71.3	511145	N/A
72_8_1489_17549_4992/1	gi|2463378371|dbj|AP027461.1|	95.455	44	2	0	17	60	1628402	1628359	1.02e-07	71.3	511145	N/A
72_8_1489_17549_4992/1	gi|2924925013|gb|PQ571295.1|	97.436	39	1	0	11	49	225	263	1.32e-06	67.6	3385244	N/A
72_8_1142_36711_13089/1	gi|2978724457|gb|PV611058.1|	93.651	126	3	4	15	137	295321	295444	1.26e-41	183	3421660	N/A
72_8_1142_36711_13089/1	gi|2978724457|gb|PV611058.1|	91.667	60	1	3	15	71	295784	295842	1.70e-10	80.5	3421660	N/A
72_8_1142_36711_13089/1	gi|2830983252|gb|CP170844.1|	85.417	96	11	2	13	105	4083425	4083330	1.69e-15	97.1	573	N/A
72_8_1142_36711_13089/1	gi|2165836832|emb|OV197136.1|	94.231	52	1	2	10	60	121	71	6.11e-10	78.7	2697049	N/A
72_8_1142_36711_13089/1	gi|2165834303|emb|OV196009.1|	94.118	51	3	0	10	60	120	70	6.11e-10	78.7	2697049	N/A
72_8_1142_36711_13089/1	gi|2165834303|emb|OV196009.1|	97.561	41	1	0	14	54	29911	29951	1.02e-07	71.3	2697049	N/A
72_8_1142_36711_13089/1	gi|2165832678|emb|OV195277.1|	94.231	52	1	2	10	60	137	87	6.11e-10	78.7	2697049	N/A
72_8_2149_15420_3858/1	gi|2978724457|gb|PV611058.1|	88.889	126	9	4	15	137	295321	295444	1.28e-31	150	3421660	N/A
72_8_2149_15420_3858/1	gi|2978724457|gb|PV611058.1|	90.323	62	2	3	15	73	295784	295844	6.11e-10	78.7	3421660	N/A
72_8_2149_15420_3858/1	gi|2830983252|gb|CP170844.1|	89.362	94	7	2	15	105	4083423	4083330	4.66e-21	115	573	N/A
72_8_2149_15420_3858/1	gi|2557643774|emb|OY673254.1|	95.652	46	2	0	15	60	21732	21777	7.91e-09	75.0	2697049	N/A
72_8_2149_15420_3858/1	gi|2463378371|dbj|AP027461.1|	93.878	49	3	0	12	60	1299629	1299677	7.91e-09	75.0	511145	N/A
72_8_2149_15420_3858/1	gi|2463378371|dbj|AP027461.1|	95.652	46	2	0	15	60	1628404	1628359	7.91e-09	75.0	511145	N/A
72_8_2149_15420_3858/1	gi|685049067|emb|LN597579.1|	100.000	40	0	0	10	49	1397	1436	7.91e-09	75.0	7962	N/A
72_8_1224_30658_9082/1	gi|2978724457|gb|PV611058.1|	91.339	127	5	5	14	137	295321	295444	3.53e-37	169	3421660	N/A
72_8_1224_30658_9082/1	gi|2978724457|gb|PV611058.1|	91.667	60	1	3	14	70	295784	295842	1.70e-10	80.5	3421660	N/A
72_8_1224_30658_9082/1	gi|2830983252|gb|CP170844.1|	88.298	94	9	1	14	105	4083423	4083330	6.03e-20	111	573	N/A
72_8_1224_30658_9082/1	gi|2557643774|emb|OY673254.1|	92.593	54	3	1	7	59	21724	21777	2.20e-09	76.8	2697049	N/A
72_8_1224_30658_9082/1	gi|2463378371|dbj|AP027461.1|	95.652	46	2	0	14	59	1299632	1299677	7.91e-09	75.0	511145	N/A
72_8_1224_30658_9082/1	gi|2463378371|dbj|AP027461.1|	95.652	46	2	0	14	59	1628404	1628359	7.91e-09	75.0	511145	N/A
72_8_1224_30658_9082/1	gi|685044342|emb|LN592867.1|	95.745	47	0	2	9	53	33482	33436	7.91e-09	75.0	7962	N/A
72_8_2382_37714_26424/1	gi|2978724457|gb|PV611058.1|	85.714	126	13	4	15	137	295321	295444	5.98e-25	128	3421660	N/A
72_8_2382_37714_26424/1	gi|2978724457|gb|PV611058.1|	88.889	63	2	4	15	74	295784	295844	2.84e-08	73.1	3421660	N/A
72_8_2382_37714_26424/1	gi|2830983252|gb|CP170844.1|	88.776	98	6	4	14	109	4083424	4083330	4.66e-21	115	573	N/A
72_8_2382_37714_26424/1	gi|685042175|emb|LN590700.1|	95.833	48	0	2	9	54	15778532	15778579	2.20e-09	76.8	7962	N/A
72_8_2382_37714_26424/1	gi|685042175|emb|LN590700.1|	95.349	43	0	2	15	55	14033941	14033899	1.32e-06	67.6	7962	N/A
72_8_2382_37714_26424/1	gi|2557643774|emb|OY673254.1|	95.652	46	2	0	15	60	21732	21777	7.91e-09	75.0	2697049	N/A
72_8_2382_37714_26424/1	gi|2463378371|dbj|AP027461.1|	93.878	49	3	0	12	60	1299629	1299677	7.91e-09	75.0	511145	N/A
72_8_2382_37714_26424/1	gi|2463378371|dbj|AP027461.1|	95.652	46	2	0	15	60	1628404	1628359	7.91e-09	75.0	511145	N/A
72_8_1285_18827_17403/1	gi|2978724457|gb|PV611058.1|	95.238	126	1	4	15	137	295321	295444	5.82e-45	195	3421660	N/A
72_8_1285_18827_17403/1	gi|2978724457|gb|PV611058.1|	91.667	60	1	3	15	71	295784	295842	1.70e-10	80.5	3421660	N/A
72_8_1285_18827_17403/1	gi|2830983252|gb|CP170844.1|	82.979	94	12	2	15	104	4083423	4083330	4.72e-11	82.4	573	N/A
72_8_1285_18827_17403/1	gi|2557643774|emb|OY673254.1|	95.652	46	2	0	15	60	21732	21777	7.91e-09	75.0	2697049	N/A
72_8_1285_18827_17403/1	gi|2463378371|dbj|AP027461.1|	93.878	49	3	0	12	60	1299629	1299677	7.91e-09	75.0	511145	N/A
72_8_1285_18827_17403/1	gi|2463378371|dbj|AP027461.1|	95.652	46	2	0	15	60	1628404	1628359	7.91e-09	75.0	511145	N/A
72_8_1285_18827_17403/1	gi|685047827|emb|LN596339.1|	94.000	50	1	2	7	54	601778	601827	7.91e-09	75.0	7962	N/A
72_8_2408_19782_2611/1	gi|2978724457|gb|PV611058.1|	90.625	64	2	3	65	125	295783	295845	4.72e-11	82.4	3421660	N/A
72_8_2408_19782_2611/1	gi|2978724457|gb|PV611058.1|	90.164	61	2	3	65	122	295320	295379	2.20e-09	76.8	3421660	N/A
72_8_2408_19782_2611/1	gi|685047827|emb|LN596339.1|	97.826	46	0	1	58	102	601778	601823	6.11e-10	78.7	7962	N/A
72_8_2408_19782_2611/1	gi|685042185|emb|LN590710.1|	97.727	44	0	1	60	102	10218497	10218540	7.91e-09	75.0	7962	N/A
72_8_2408_19782_2611/1	gi|685042185|emb|LN590710.1|	97.561	41	0	1	63	102	3790455	3790415	3.68e-07	69.4	7962	N/A
72_8_2408_19782_2611/1	gi|685042185|emb|LN590710.1|	97.561	41	0	1	63	102	6008691	6008731	3.68e-07	69.4	7962	N/A
72_8_2408_19782_2611/1	gi|685042185|emb|LN590710.1|	93.333	45	1	2	56	99	9162079	9162122	4.76e-06	65.8	7962	N/A
72_8_2408_19782_2611/1	gi|2830983252|gb|CP170844.1|	88.525	61	5	1	66	124	4083423	4083363	2.84e-08	73.1	573	N/A
72_8_2408_19782_2611/1	gi|2056808531|tpg|BK057475.1|	100.000	39	0	0	61	99	55	17	2.84e-08	73.1	2832643	N/A
72_8_1493_40733_18930/1	gi|2978724457|gb|PV611058.1|	90.244	82	4	3	59	137	295316	295396	1.01e-17	104	3421660	N/A
72_8_1493_40733_18930/1	gi|2978724457|gb|PV611058.1|	90.769	65	2	3	59	120	295779	295842	1.31e-11	84.2	3421660	N/A
72_8_1493_40733_18930/1	gi|685042161|emb|LN590686.1|	94.444	54	0	3	52	103	20813819	20813871	1.70e-10	80.5	7962	N/A
72_8_1493_40733_18930/1	gi|685042161|emb|LN590686.1|	95.455	44	0	2	62	103	6380192	6380235	3.68e-07	69.4	7962	N/A
72_8_1493_40733_18930/1	gi|685042161|emb|LN590686.1|	95.238	42	0	2	64	103	4545831	4545872	4.76e-06	65.8	7962	N/A
72_8_1493_40733_18930/1	gi|685042161|emb|LN590686.1|	95.238	42	0	2	64	103	12304839	12304798	4.76e-06	65.8	7962	N/A
72_8_1493_40733_18930/1	gi|685042161|emb|LN590686.1|	95.238	42	0	2	64	103	17091846	17091887	4.76e-06	65.8	7962	N/A
72_8_1493_40733_18930/1	gi|685042161|emb|LN590686.1|	95.238	42	0	2	64	103	28125760	28125801	4.76e-06	65.8	7962	N/A
72_8_1493_40733_18930/1	gi|685042161|emb|LN590686.1|	94.872	39	0	2	67	103	12436830	12436868	2.21e-04	60.2	7962	N/A
72_8_1493_40733_18930/1	gi|2557643774|emb|OY673254.1|	95.652	46	2	0	64	109	21732	21777	7.91e-09	75.0	2697049	N/A
72_8_1493_40733_18930/1	gi|2463378371|dbj|AP027461.1|	93.878	49	3	0	61	109	1299629	1299677	7.91e-09	75.0	511145	N/A
72_8_1493_40733_18930/1	gi|2463378371|dbj|AP027461.1|	95.652	46	2	0	64	109	1628404	1628359	7.91e-09	75.0	511145	N/A
72_8_1493_40733_18930/1	gi|685047827|emb|LN596339.1|	94.000	50	1	2	56	103	601778	601827	7.91e-09	75.0	7962	N/A
72_8_2153_39883_11520/1	gi|2978724457|gb|PV611058.1|	88.806	134	9	5	8	137	295313	295444	2.12e-34	159	3421660	N/A
72_8_2153_39883_11520/1	gi|2978724457|gb|PV611058.1|	89.706	68	2	4	8	71	295776	295842	4.72e-11	82.4	3421660	N/A
72_8_2153_39883_11520/1	gi|2830983252|gb|CP170844.1|	88.421	95	8	2	15	107	4083423	4083330	6.03e-20	111	573	N/A
72_8_2153_39883_11520/1	gi|2557643774|emb|OY673254.1|	95.652	46	2	0	15	60	21732	21777	7.91e-09	75.0	2697049	N/A
72_8_2153_39883_11520/1	gi|2463378371|dbj|AP027461.1|	95.652	46	2	0	15	60	1299632	1299677	7.91e-09	75.0	511145	N/A
72_8_2153_39883_11520/1	gi|2463378371|dbj|AP027461.1|	95.652	46	2	0	15	60	1628404	1628359	7.91e-09	75.0	511145	N/A
72_8_2153_39883_11520/1	gi|685047827|emb|LN596339.1|	94.000	50	1	2	7	54	601778	601827	7.91e-09	75.0	7962	N/A
72_8_1440_26612_13565/1	gi|2978724457|gb|PV611058.1|	91.935	62	1	3	75	133	295784	295844	1.31e-11	84.2	3421660	N/A
72_8_1440_26612_13565/1	gi|2978724457|gb|PV611058.1|	91.667	60	1	3	75	131	295321	295379	1.70e-10	80.5	3421660	N/A
72_8_1440_26612_13565/1	gi|2830983252|gb|CP170844.1|	88.889	63	5	1	75	135	4083423	4083361	2.20e-09	76.8	573	N/A
72_8_1440_26612_13565/1	gi|2557643774|emb|OY673254.1|	95.652	46	2	0	75	120	21732	21777	7.91e-09	75.0	2697049	N/A
72_8_1440_26612_13565/1	gi|2463378371|dbj|AP027461.1|	95.652	46	2	0	75	120	1299632	1299677	7.91e-09	75.0	511145	N/A
72_8_1440_26612_13565/1	gi|2463378371|dbj|AP027461.1|	95.652	46	2	0	75	120	1628404	1628359	7.91e-09	75.0	511145	N/A
72_8_1440_26612_13565/1	gi|685042161|emb|LN590686.1|	92.593	54	1	3	63	114	20813819	20813871	7.91e-09	75.0	7962	N/A
72_8_1440_26612_13565/1	gi|685042161|emb|LN590686.1|	95.349	43	0	2	74	114	4545830	4545872	1.32e-06	67.6	7962	N/A
72_8_1440_26612_13565/1	gi|685042161|emb|LN590686.1|	95.349	43	0	2	74	114	28125759	28125801	1.32e-06	67.6	7962	N/A
72_8_1440_26612_13565/1	gi|685042161|emb|LN590686.1|	91.837	49	0	4	70	114	6380187	6380235	4.76e-06	65.8	7962	N/A
72_8_1440_26612_13565/1	gi|685042161|emb|LN590686.1|	95.238	42	0	2	75	114	12304839	12304798	4.76e-06	65.8	7962	N/A
72_8_1440_26612_13565/1	gi|685042161|emb|LN590686.1|	95.238	42	0	2	75	114	17091846	17091887	4.76e-06	65.8	7962	N/A
72_8_1440_26612_13565/1	gi|685042161|emb|LN590686.1|	94.872	39	0	2	78	114	12436830	12436868	2.21e-04	60.2	7962	N/A
72_8_2463_8251_15820/1	gi|2978724457|gb|PV611058.1|	89.683	126	8	4	15	137	295321	295444	2.74e-33	156	3421660	N/A
72_8_2463_8251_15820/1	gi|2978724457|gb|PV611058.1|	90.000	60	2	3	15	71	295784	295842	7.91e-09	75.0	3421660	N/A
72_8_2463_8251_15820/1	gi|2830983252|gb|CP170844.1|	87.368	95	9	2	14	105	4083424	4083330	2.80e-18	106	573	N/A
72_8_2463_8251_15820/1	gi|2557643774|emb|OY673254.1|	95.652	46	2	0	15	60	21732	21777	7.91e-09	75.0	2697049	N/A
72_8_2463_8251_15820/1	gi|2463378371|dbj|AP027461.1|	95.652	46	2	0	15	60	1299632	1299677	7.91e-09	75.0	511145	N/A
72_8_2463_8251_15820/1	gi|2463378371|dbj|AP027461.1|	95.652	46	2	0	15	60	1628404	1628359	7.91e-09	75.0	511145	N/A
72_8_2463_8251_15820/1	gi|685045708|emb|LN594233.1|	92.308	52	2	2	5	54	80413	80362	2.84e-08	73.1	7962	N/A
72_8_2369_7781_18089/1	gi|2978724457|gb|PV611058.1|	94.488	127	2	4	14	137	295320	295444	7.52e-44	191	3421660	N/A
72_8_2369_7781_18089/1	gi|2978724457|gb|PV611058.1|	91.803	61	1	3	14	71	295783	295842	4.72e-11	82.4	3421660	N/A
72_8_2369_7781_18089/1	gi|685042161|emb|LN590686.1|	94.231	52	0	3	5	54	20813821	20813871	2.20e-09	76.8	7962	N/A
72_8_2369_7781_18089/1	gi|685042161|emb|LN590686.1|	95.556	45	0	2	12	54	6380191	6380235	1.02e-07	71.3	7962	N/A
72_8_2369_7781_18089/1	gi|685042161|emb|LN590686.1|	95.238	42	0	2	15	54	4545831	4545872	4.76e-06	65.8	7962	N/A
72_8_2369_7781_18089/1	gi|685042161|emb|LN590686.1|	95.238	42	0	2	15	54	12304839	12304798	4.76e-06	65.8	7962	N/A
72_8_2369_7781_18089/1	gi|685042161|emb|LN590686.1|	90.385	52	2	3	5	54	17091837	17091887	4.76e-06	65.8	7962	N/A
72_8_2369_7781_18089/1	gi|685042161|emb|LN590686.1|	95.238	42	0	2	15	54	28125760	28125801	4.76e-06	65.8	7962	N/A
72_8_2369_7781_18089/1	gi|685042161|emb|LN590686.1|	94.872	39	0	2	18	54	12436830	12436868	2.21e-04	60.2	7962	N/A
72_8_2369_7781_18089/1	gi|2557643774|emb|OY673254.1|	95.652	46	2	0	15	60	21732	21777	7.91e-09	75.0	2697049	N/A
72_8_2369_7781_18089/1	gi|2463378371|dbj|AP027461.1|	95.652	46	2	0	15	60	1299632	1299677	7.91e-09	75.0	511145	N/A
72_8_2369_7781_18089/1	gi|2463378371|dbj|AP027461.1|	95.652	46	2	0	15	60	1628404	1628359	7.91e-09	75.0	511145	N/A
72_8_2369_7781_18089/1	gi|685042409|emb|LN590934.1|	95.652	46	0	2	11	54	458436	458481	2.84e-08	73.1	7962	N/A
72_8_2284_26442_16156/1	gi|2978724457|gb|PV611058.1|	88.189	127	12	3	13	137	295319	295444	4.59e-31	148	3421660	N/A
72_8_2284_26442_16156/1	gi|2978724457|gb|PV611058.1|	91.803	61	3	2	13	71	295782	295842	1.31e-11	84.2	3421660	N/A
72_8_2284_26442_16156/1	gi|2830983252|gb|CP170844.1|	90.526	95	6	2	15	107	4083423	4083330	2.78e-23	122	573	N/A
72_8_2284_26442_16156/1	gi|685042175|emb|LN590700.1|	97.872	47	0	1	3	48	14033954	14033908	1.70e-10	80.5	7962	N/A
72_8_2284_26442_16156/1	gi|685042175|emb|LN590700.1|	100.000	34	0	0	15	48	15778538	15778571	1.71e-05	63.9	7962	N/A
72_8_2284_26442_16156/1	gi|2557643774|emb|OY673254.1|	91.228	57	4	1	5	60	21721	21777	2.20e-09	76.8	2697049	N/A
72_8_2284_26442_16156/1	gi|1842001608|ref|NC_047813.1|	100.000	39	0	0	10	48	60	22	2.84e-08	73.1	1958907	N/A
72_8_2284_26442_16156/1	gi|1842001608|ref|NC_047813.1|	100.000	39	0	0	10	48	18488	18526	2.84e-08	73.1	1958907	N/A
72_8_2419_11560_12781/1	gi|685047580|emb|LN596092.1|	100.000	35	0	0	15	49	44221	44255	4.76e-06	65.8	7962	N/A
72_8_2102_15218_9615/1	gi|2978724457|gb|PV611058.1|	89.000	100	7	3	41	137	295321	295419	1.00e-22	121	3421660	N/A
72_8_2102_15218_9615/1	gi|2978724457|gb|PV611058.1|	91.667	60	1	3	41	97	295784	295842	1.70e-10	80.5	3421660	N/A
72_8_2102_15218_9615/1	gi|2830983252|gb|CP170844.1|	88.542	96	9	1	39	132	4083425	4083330	4.66e-21	115	573	N/A
72_8_2102_15218_9615/1	gi|2165836832|emb|OV197136.1|	94.231	52	1	2	36	86	121	71	6.11e-10	78.7	2697049	N/A
72_8_2102_15218_9615/1	gi|2165834303|emb|OV196009.1|	94.118	51	3	0	36	86	120	70	6.11e-10	78.7	2697049	N/A
72_8_2102_15218_9615/1	gi|2165834303|emb|OV196009.1|	97.561	41	1	0	40	80	29911	29951	1.02e-07	71.3	2697049	N/A
72_8_2102_15218_9615/1	gi|2165832678|emb|OV195277.1|	94.231	52	1	2	36	86	137	87	6.11e-10	78.7	2697049	N/A
72_8_2286_12103_4502/1	gi|2978724457|gb|PV611058.1|	90.123	81	4	3	60	137	295321	295400	3.63e-17	102	3421660	N/A
72_8_2286_12103_4502/1	gi|2978724457|gb|PV611058.1|	91.803	61	1	3	60	117	295784	295843	4.72e-11	82.4	3421660	N/A
72_8_2286_12103_4502/1	gi|685045708|emb|LN594233.1|	90.164	61	4	2	41	99	80422	80362	6.11e-10	78.7	7962	N/A
72_8_2286_12103_4502/1	gi|685042185|emb|LN590710.1|	94.000	50	3	0	44	93	9162073	9162122	2.20e-09	76.8	7962	N/A
72_8_2286_12103_4502/1	gi|685042185|emb|LN590710.1|	95.238	42	0	2	60	99	3790452	3790411	4.76e-06	65.8	7962	N/A
72_8_2286_12103_4502/1	gi|685042185|emb|LN590710.1|	95.238	42	0	2	60	99	6008694	6008735	4.76e-06	65.8	7962	N/A
72_8_2286_12103_4502/1	gi|685042185|emb|LN590710.1|	93.478	46	0	3	57	99	10218499	10218544	4.76e-06	65.8	7962	N/A
72_8_2286_12103_4502/1	gi|2557643774|emb|OY673254.1|	95.652	46	2	0	60	105	21732	21777	7.91e-09	75.0	2697049	N/A
72_8_2286_12103_4502/1	gi|2463378371|dbj|AP027461.1|	95.652	46	2	0	60	105	1299632	1299677	7.91e-09	75.0	511145	N/A
72_8_2286_12103_4502/1	gi|2463378371|dbj|AP027461.1|	95.652	46	2	0	60	105	1628404	1628359	7.91e-09	75.0	511145	N/A
72_8_2225_40401_24239/1	gi|2978724457|gb|PV611058.1|	88.158	76	5	3	65	137	295321	295395	1.02e-12	87.9	3421660	N/A
72_8_2225_40401_24239/1	gi|2978724457|gb|PV611058.1|	88.525	61	2	4	65	122	295784	295842	3.68e-07	69.4	3421660	N/A
72_8_2225_40401_24239/1	gi|2557648311|emb|OY677105.1|	97.674	43	0	1	58	99	9636	9678	2.84e-08	73.1	2697049	N/A
72_8_2225_40401_24239/1	gi|2557643774|emb|OY673254.1|	95.455	44	2	0	65	108	21732	21775	1.02e-07	71.3	2697049	N/A
72_8_2225_40401_24239/1	gi|2463378371|dbj|AP027461.1|	93.617	47	3	0	62	108	1299629	1299675	1.02e-07	71.3	511145	N/A
72_8_2225_40401_24239/1	gi|2463378371|dbj|AP027461.1|	95.455	44	2	0	65	108	1628404	1628361	1.02e-07	71.3	511145	N/A
72_8_2225_40401_24239/1	gi|2165834303|emb|OV196009.1|	97.561	41	1	0	64	104	116	76	1.02e-07	71.3	2697049	N/A
72_8_2225_40401_24239/1	gi|2165834303|emb|OV196009.1|	97.561	41	1	0	64	104	29911	29951	1.02e-07	71.3	2697049	N/A
72_8_2447_32689_6799/1	gi|2978724457|gb|PV611058.1|	88.189	127	10	4	14	137	295320	295444	1.65e-30	147	3421660	N/A
72_8_2447_32689_6799/1	gi|2978724457|gb|PV611058.1|	88.710	62	2	4	14	72	295783	295842	1.02e-07	71.3	3421660	N/A
72_8_2447_32689_6799/1	gi|2830983252|gb|CP170844.1|	82.292	96	13	3	15	108	4083423	4083330	1.70e-10	80.5	573	N/A
72_8_2447_32689_6799/1	gi|685042195|emb|LN590720.1|	95.833	48	0	2	9	54	5765844	5765797	2.20e-09	76.8	7962	N/A
72_8_2447_32689_6799/1	gi|685042195|emb|LN590720.1|	95.556	45	0	2	12	54	2930131	2930175	1.02e-07	71.3	7962	N/A
72_8_2447_32689_6799/1	gi|685042175|emb|LN590700.1|	92.727	55	1	3	3	55	14033952	14033899	2.20e-09	76.8	7962	N/A
72_8_2447_32689_6799/1	gi|685042175|emb|LN590700.1|	95.238	42	0	2	15	54	15778538	15778579	4.76e-06	65.8	7962	N/A
72_8_2447_32689_6799/1	gi|2557643774|emb|OY673254.1|	95.652	46	2	0	15	60	21732	21777	7.91e-09	75.0	2697049	N/A
72_8_2173_21360_21255/1	gi|2978724457|gb|PV611058.1|	87.640	89	7	3	52	137	295321	295408	1.30e-16	100	3421660	N/A
72_8_2173_21360_21255/1	gi|2978724457|gb|PV611058.1|	91.525	59	1	3	52	107	295784	295841	6.11e-10	78.7	3421660	N/A
72_8_2173_21360_21255/1	gi|2830983252|gb|CP170844.1|	82.955	88	12	2	52	137	4083423	4083337	2.20e-09	76.8	573	N/A
72_8_2173_21360_21255/1	gi|2557643774|emb|OY673254.1|	95.652	46	2	0	52	97	21732	21777	7.91e-09	75.0	2697049	N/A
72_8_2173_21360_21255/1	gi|2463378371|dbj|AP027461.1|	95.652	46	2	0	52	97	1299632	1299677	7.91e-09	75.0	511145	N/A
72_8_2173_21360_21255/1	gi|2463378371|dbj|AP027461.1|	95.652	46	2	0	52	97	1628404	1628359	7.91e-09	75.0	511145	N/A
72_8_2173_21360_21255/1	gi|2155043183|emb|OV015804.1|	100.000	40	0	0	49	88	29950	29911	7.91e-09	75.0	2697049	N/A
72_8_1357_7118_17977/1	gi|2830983252|gb|CP170844.1|	89.362	94	6	3	47	137	4083423	4083331	4.66e-21	115	573	N/A
72_8_1357_7118_17977/1	gi|2978724457|gb|PV611058.1|	84.946	93	12	2	47	137	295321	295413	2.18e-14	93.5	3421660	N/A
72_8_1357_7118_17977/1	gi|2978724457|gb|PV611058.1|	91.379	58	3	2	47	102	295784	295841	6.11e-10	78.7	3421660	N/A
72_8_1357_7118_17977/1	gi|2557643774|emb|OY673254.1|	95.652	46	2	0	47	92	21732	21777	7.91e-09	75.0	2697049	N/A
72_8_1357_7118_17977/1	gi|780644672|ref|XM_011690559.1|	100.000	39	0	0	46	84	1037	1075	2.84e-08	73.1	64793	N/A
72_8_1357_7118_17977/1	gi|2560516847|emb|OY702104.1|	93.617	47	3	0	46	92	23284	23330	1.02e-07	71.3	2697049	N/A
72_8_2327_39487_19210/1	gi|2978724457|gb|PV611058.1|	92.222	90	3	3	51	137	295321	295409	7.74e-24	124	3421660	N/A
72_8_2327_39487_19210/1	gi|2978724457|gb|PV611058.1|	91.667	60	1	3	51	107	295784	295842	1.70e-10	80.5	3421660	N/A
72_8_2327_39487_19210/1	gi|2830983252|gb|CP170844.1|	83.871	93	9	2	51	137	4083423	4083331	1.31e-11	84.2	573	N/A
72_8_2327_39487_19210/1	gi|2557643774|emb|OY673254.1|	95.652	46	2	0	51	96	21732	21777	7.91e-09	75.0	2697049	N/A
72_8_2327_39487_19210/1	gi|2463378371|dbj|AP027461.1|	93.878	49	3	0	48	96	1299629	1299677	7.91e-09	75.0	511145	N/A
72_8_2327_39487_19210/1	gi|2463378371|dbj|AP027461.1|	95.652	46	2	0	51	96	1628404	1628359	7.91e-09	75.0	511145	N/A
72_8_2327_39487_19210/1	gi|685043901|emb|LN592426.1|	94.118	51	0	3	42	90	375099	375148	7.91e-09	75.0	7962	N/A
72_8_1351_27308_6757/1	gi|2978724457|gb|PV611058.1|	91.270	126	6	4	15	137	295321	295444	1.27e-36	167	3421660	N/A
72_8_1351_27308_6757/1	gi|2978724457|gb|PV611058.1|	91.667	60	1	3	15	71	295784	295842	1.70e-10	80.5	3421660	N/A
72_8_1351_27308_6757/1	gi|2830983252|gb|CP170844.1|	88.421	95	8	2	14	105	4083424	4083330	6.03e-20	111	573	N/A
72_8_1351_27308_6757/1	gi|2557643774|emb|OY673254.1|	95.652	46	2	0	15	60	21732	21777	7.91e-09	75.0	2697049	N/A
72_8_1351_27308_6757/1	gi|2463378371|dbj|AP027461.1|	95.652	46	2	0	15	60	1299632	1299677	7.91e-09	75.0	511145	N/A
72_8_1351_27308_6757/1	gi|2463378371|dbj|AP027461.1|	95.652	46	2	0	15	60	1628404	1628359	7.91e-09	75.0	511145	N/A
72_8_1351_27308_6757/1	gi|2524352013|emb|OY072335.1|	93.878	49	1	2	1	48	21644	21691	2.84e-08	73.1	2697049	N/A
72_8_1216_42448_24141/1	gi|2978724457|gb|PV611058.1|	90.511	137	4	6	5	137	295313	295444	2.73e-38	172	3421660	N/A
72_8_1216_42448_24141/1	gi|2978724457|gb|PV611058.1|	89.706	68	2	4	5	68	295776	295842	4.72e-11	82.4	3421660	N/A
72_8_1216_42448_24141/1	gi|2830983252|gb|CP170844.1|	88.298	94	9	1	12	103	4083423	4083330	6.03e-20	111	573	N/A
72_8_1216_42448_24141/1	gi|685042161|emb|LN590686.1|	94.231	52	0	3	2	51	20813821	20813871	2.20e-09	76.8	7962	N/A
72_8_1216_42448_24141/1	gi|685042161|emb|LN590686.1|	95.455	44	0	2	10	51	6380192	6380235	3.68e-07	69.4	7962	N/A
72_8_1216_42448_24141/1	gi|685042161|emb|LN590686.1|	95.238	42	0	2	12	51	4545831	4545872	4.76e-06	65.8	7962	N/A
72_8_1216_42448_24141/1	gi|685042161|emb|LN590686.1|	95.238	42	0	2	12	51	12304839	12304798	4.76e-06	65.8	7962	N/A
72_8_1216_42448_24141/1	gi|685042161|emb|LN590686.1|	90.385	52	2	3	2	51	17091837	17091887	4.76e-06	65.8	7962	N/A
72_8_1216_42448_24141/1	gi|685042161|emb|LN590686.1|	95.238	42	0	2	12	51	28125760	28125801	4.76e-06	65.8	7962	N/A
72_8_1216_42448_24141/1	gi|685042161|emb|LN590686.1|	94.872	39	0	2	15	51	12436830	12436868	2.21e-04	60.2	7962	N/A
72_8_1216_42448_24141/1	gi|2557643774|emb|OY673254.1|	95.652	46	2	0	12	57	21732	21777	7.91e-09	75.0	2697049	N/A
72_8_1216_42448_24141/1	gi|2463378371|dbj|AP027461.1|	95.652	46	2	0	12	57	1299632	1299677	7.91e-09	75.0	511145	N/A
72_8_1216_42448_24141/1	gi|2463378371|dbj|AP027461.1|	95.652	46	2	0	12	57	1628404	1628359	7.91e-09	75.0	511145	N/A
72_8_2363_29323_16773/1	gi|2978724457|gb|PV611058.1|	91.270	126	6	4	15	137	295321	295444	1.27e-36	167	3421660	N/A
72_8_2363_29323_16773/1	gi|2978724457|gb|PV611058.1|	91.667	60	1	3	15	71	295784	295842	1.70e-10	80.5	3421660	N/A
72_8_2363_29323_16773/1	gi|2830983252|gb|CP170844.1|	86.598	97	10	2	13	107	4083425	4083330	1.01e-17	104	573	N/A
72_8_2363_29323_16773/1	gi|685042185|emb|LN590710.1|	97.727	44	1	0	5	48	9162079	9162122	2.20e-09	76.8	7962	N/A
72_8_2363_29323_16773/1	gi|685042185|emb|LN590710.1|	95.238	42	0	2	15	54	3790452	3790411	4.76e-06	65.8	7962	N/A
72_8_2363_29323_16773/1	gi|685042185|emb|LN590710.1|	95.238	42	0	2	15	54	6008694	6008735	4.76e-06	65.8	7962	N/A
72_8_2363_29323_16773/1	gi|685042185|emb|LN590710.1|	95.238	42	0	2	15	54	10218503	10218544	4.76e-06	65.8	7962	N/A
72_8_2363_29323_16773/1	gi|2557643774|emb|OY673254.1|	95.652	46	2	0	15	60	21732	21777	7.91e-09	75.0	2697049	N/A
72_8_2363_29323_16773/1	gi|2463378371|dbj|AP027461.1|	95.652	46	2	0	15	60	1299632	1299677	7.91e-09	75.0	511145	N/A
72_8_2363_29323_16773/1	gi|2463378371|dbj|AP027461.1|	95.652	46	2	0	15	60	1628404	1628359	7.91e-09	75.0	511145	N/A
72_8_2140_10978_1995/1	gi|2978724457|gb|PV611058.1|	92.366	131	5	4	10	137	295316	295444	4.53e-41	182	3421660	N/A
72_8_2140_10978_1995/1	gi|2978724457|gb|PV611058.1|	90.769	65	2	3	10	71	295779	295842	1.31e-11	84.2	3421660	N/A
72_8_2140_10978_1995/1	gi|2830983252|gb|CP170844.1|	85.106	94	11	2	15	105	4083423	4083330	2.18e-14	93.5	573	N/A
72_8_2140_10978_1995/1	gi|2557643774|emb|OY673254.1|	92.593	54	3	1	8	60	21724	21777	2.20e-09	76.8	2697049	N/A
72_8_2140_10978_1995/1	gi|685042175|emb|LN590700.1|	92.727	55	1	3	3	55	14033952	14033899	2.20e-09	76.8	7962	N/A
72_8_2140_10978_1995/1	gi|685042175|emb|LN590700.1|	95.238	42	0	2	15	54	15778538	15778579	4.76e-06	65.8	7962	N/A
72_8_2140_10978_1995/1	gi|2463378371|dbj|AP027461.1|	95.652	46	2	0	15	60	1299632	1299677	7.91e-09	75.0	511145	N/A
72_8_2140_10978_1995/1	gi|2463378371|dbj|AP027461.1|	95.652	46	2	0	15	60	1628404	1628359	7.91e-09	75.0	511145	N/A
72_8_1130_38176_17557/1	gi|2978724457|gb|PV611058.1|	95.238	126	1	4	12	134	295321	295444	5.82e-45	195	3421660	N/A
72_8_1130_38176_17557/1	gi|2978724457|gb|PV611058.1|	90.164	61	1	4	12	69	295784	295842	7.91e-09	75.0	3421660	N/A
72_8_1130_38176_17557/1	gi|2557643774|emb|OY673254.1|	95.652	46	2	0	12	57	21732	21777	7.91e-09	75.0	2697049	N/A
72_8_1130_38176_17557/1	gi|2557638192|emb|OY694677.1|	91.228	57	2	3	2	57	4292	4346	7.91e-09	75.0	2697049	N/A
72_8_1130_38176_17557/1	gi|2463378371|dbj|AP027461.1|	95.652	46	2	0	12	57	1299632	1299677	7.91e-09	75.0	511145	N/A
72_8_1130_38176_17557/1	gi|2463378371|dbj|AP027461.1|	95.652	46	2	0	12	57	1628404	1628359	7.91e-09	75.0	511145	N/A
72_8_1130_38176_17557/1	gi|2830983252|gb|CP170844.1|	80.851	94	6	2	12	93	4083423	4083330	1.71e-05	63.9	573	N/A
72_8_2408_11989_18454/1	gi|2978724457|gb|PV611058.1|	89.683	126	8	4	15	137	295321	295444	2.74e-33	156	3421660	N/A
72_8_2408_11989_18454/1	gi|2978724457|gb|PV611058.1|	91.667	60	1	3	15	71	295784	295842	1.70e-10	80.5	3421660	N/A
72_8_2408_11989_18454/1	gi|2830983252|gb|CP170844.1|	88.542	96	8	2	14	107	4083424	4083330	1.68e-20	113	573	N/A
72_8_2408_11989_18454/1	gi|2557643774|emb|OY673254.1|	95.652	46	2	0	15	60	21732	21777	7.91e-09	75.0	2697049	N/A
72_8_2408_11989_18454/1	gi|2463378371|dbj|AP027461.1|	95.652	46	2	0	15	60	1299632	1299677	7.91e-09	75.0	511145	N/A
72_8_2408_11989_18454/1	gi|2463378371|dbj|AP027461.1|	95.652	46	2	0	15	60	1628404	1628359	7.91e-09	75.0	511145	N/A
72_8_2408_11989_18454/1	gi|2924925013|gb|PQ571295.1|	100.000	39	0	0	11	49	225	263	2.84e-08	73.1	3385244	N/A
72_8_1373_30512_23511/1	gi|2557638192|emb|OY694677.1|	89.474	57	3	3	2	57	4292	4346	3.68e-07	69.4	2697049	N/A
72_8_1373_30512_23511/1	gi|2560271083|emb|OY714119.1|	93.333	45	2	1	2	46	4292	4335	4.76e-06	65.8	2697049	N/A
72_8_1373_30512_23511/1	gi|2565360070|emb|OY632882.1|	97.297	37	1	0	10	46	22464	22500	1.71e-05	63.9	2697049	N/A
72_8_1373_30512_23511/1	gi|2557654546|emb|OY684713.1|	91.489	47	3	1	2	47	21725	21771	1.71e-05	63.9	2697049	N/A
72_8_1373_30512_23511/1	gi|2319067183|gb|CP107088.1|	97.297	37	1	0	10	46	608311	608347	1.71e-05	63.9	630	N/A
72_8_2159_4261_6505/1	gi|685042185|emb|LN590710.1|	97.727	44	1	0	59	102	9162079	9162122	2.20e-09	76.8	7962	N/A
72_8_2159_4261_6505/1	gi|685042185|emb|LN590710.1|	100.000	34	0	0	69	102	3790452	3790419	1.71e-05	63.9	7962	N/A
72_8_2159_4261_6505/1	gi|685042185|emb|LN590710.1|	100.000	34	0	0	69	102	6008694	6008727	1.71e-05	63.9	7962	N/A
72_8_2159_4261_6505/1	gi|685042185|emb|LN590710.1|	97.368	38	0	1	66	102	10218499	10218536	1.71e-05	63.9	7962	N/A
72_8_2159_4261_6505/1	gi|780644672|ref|XM_011690559.1|	100.000	40	0	0	67	106	1036	1075	7.91e-09	75.0	64793	N/A
72_8_2159_4261_6505/1	gi|685042189|emb|LN590714.1|	100.000	39	0	0	65	103	11523465	11523503	2.84e-08	73.1	7962	N/A
72_8_2159_4261_6505/1	gi|685042189|emb|LN590714.1|	95.455	44	1	1	60	102	3608303	3608260	3.68e-07	69.4	7962	N/A
72_8_2159_4261_6505/1	gi|685042189|emb|LN590714.1|	95.455	44	1	1	59	102	6568389	6568431	3.68e-07	69.4	7962	N/A
72_8_2159_4261_6505/1	gi|685042189|emb|LN590714.1|	100.000	34	0	0	69	102	7216113	7216080	1.71e-05	63.9	7962	N/A
72_8_2159_4261_6505/1	gi|2056797228|tpg|BK057247.1|	100.000	39	0	0	67	105	42089	42127	2.84e-08	73.1	38018	N/A
72_8_2159_4261_6505/1	gi|2879580981|emb|OZ217211.1|	95.455	44	2	0	59	102	16834	16791	1.02e-07	71.3	158104	N/A
72_8_1404_27559_3241/1	gi|2978724457|gb|PV611058.1|	93.056	72	1	3	69	137	295321	295391	3.63e-17	102	3421660	N/A
72_8_1404_27559_3241/1	gi|2978724457|gb|PV611058.1|	91.667	60	1	3	69	125	295784	295842	1.70e-10	80.5	3421660	N/A
72_8_1404_27559_3241/1	gi|2557643774|emb|OY673254.1|	95.652	46	2	0	69	114	21732	21777	7.91e-09	75.0	2697049	N/A
72_8_1404_27559_3241/1	gi|2463378371|dbj|AP027461.1|	95.652	46	2	0	69	114	1299632	1299677	7.91e-09	75.0	511145	N/A
72_8_1404_27559_3241/1	gi|2463378371|dbj|AP027461.1|	95.652	46	2	0	69	114	1628404	1628359	7.91e-09	75.0	511145	N/A
72_8_1404_27559_3241/1	gi|2165836832|emb|OV197136.1|	92.593	54	1	3	62	114	122	71	7.91e-09	75.0	2697049	N/A
72_8_1404_27559_3241/1	gi|2165834303|emb|OV196009.1|	92.453	53	3	1	62	114	121	70	7.91e-09	75.0	2697049	N/A
72_8_1404_27559_3241/1	gi|2165834303|emb|OV196009.1|	97.561	41	1	0	68	108	29911	29951	1.02e-07	71.3	2697049	N/A
72_8_1475_20365_9699/1	gi|2978724457|gb|PV611058.1|	91.935	62	1	3	78	136	295320	295380	1.31e-11	84.2	3421660	N/A
72_8_1475_20365_9699/1	gi|2978724457|gb|PV611058.1|	91.803	61	1	3	78	135	295783	295842	4.72e-11	82.4	3421660	N/A
72_8_1475_20365_9699/1	gi|2557643774|emb|OY673254.1|	95.652	46	2	0	79	124	21732	21777	7.91e-09	75.0	2697049	N/A
72_8_1475_20365_9699/1	gi|2463378371|dbj|AP027461.1|	95.652	46	2	0	79	124	1299632	1299677	7.91e-09	75.0	511145	N/A
72_8_1475_20365_9699/1	gi|2463378371|dbj|AP027461.1|	95.652	46	2	0	79	124	1628404	1628359	7.91e-09	75.0	511145	N/A
72_8_1475_20365_9699/1	gi|685042168|emb|LN590693.1|	95.745	47	0	2	74	118	11958545	11958499	7.91e-09	75.0	7962	N/A
72_8_1475_20365_9699/1	gi|685042168|emb|LN590693.1|	95.349	43	0	2	78	118	320675	320633	1.32e-06	67.6	7962	N/A
72_8_1475_20365_9699/1	gi|685042168|emb|LN590693.1|	95.238	42	0	2	79	118	320171	320212	4.76e-06	65.8	7962	N/A
72_8_1475_20365_9699/1	gi|2557638192|emb|OY694677.1|	93.878	49	1	2	77	124	4299	4346	2.84e-08	73.1	2697049	N/A
72_8_2279_13551_24211/1	gi|2978724457|gb|PV611058.1|	89.313	131	1	7	1	128	295324	295444	3.55e-32	152	3421660	N/A
72_8_2279_13551_24211/1	gi|2978724457|gb|PV611058.1|	90.909	55	1	3	1	52	295787	295840	1.02e-07	71.3	3421660	N/A
72_8_2279_13551_24211/1	gi|2830983252|gb|CP170844.1|	86.022	93	9	3	1	91	4083420	4083330	1.69e-15	97.1	573	N/A
72_8_2279_13551_24211/1	gi|2557643774|emb|OY673254.1|	95.349	43	2	0	1	43	21735	21777	3.68e-07	69.4	2697049	N/A
72_8_2279_13551_24211/1	gi|2463378371|dbj|AP027461.1|	95.349	43	2	0	1	43	1299635	1299677	3.68e-07	69.4	511145	N/A
72_8_2279_13551_24211/1	gi|2463378371|dbj|AP027461.1|	95.349	43	2	0	1	43	1628401	1628359	3.68e-07	69.4	511145	N/A
72_8_2279_13551_24211/1	gi|2755084441|gb|PP943425.1|	80.899	89	12	5	1	86	67822	67736	4.76e-06	65.8	10258	N/A
72_8_2279_13551_24211/1	gi|2755084441|gb|PP943425.1|	93.023	43	1	2	1	42	67594	67635	6.15e-05	62.1	10258	N/A
72_8_1319_42465_14447/1	gi|2978724457|gb|PV611058.1|	91.765	85	3	3	56	137	295321	295404	4.66e-21	115	3421660	N/A
72_8_1319_42465_14447/1	gi|2978724457|gb|PV611058.1|	91.667	60	1	3	56	112	295784	295842	1.70e-10	80.5	3421660	N/A
72_8_1319_42465_14447/1	gi|2524352013|emb|OY072335.1|	97.727	44	1	0	46	89	21648	21691	2.20e-09	76.8	2697049	N/A
72_8_1319_42465_14447/1	gi|685044439|emb|LN592964.1|	95.833	48	0	2	50	95	179349	179302	2.20e-09	76.8	7962	N/A
72_8_1319_42465_14447/1	gi|685042148|emb|LN590673.1|	95.833	48	0	2	50	95	9009491	9009538	2.20e-09	76.8	7962	N/A
72_8_1319_42465_14447/1	gi|685042148|emb|LN590673.1|	95.556	45	0	2	53	95	8955770	8955814	1.02e-07	71.3	7962	N/A
72_8_1319_42465_14447/1	gi|685042148|emb|LN590673.1|	93.182	44	2	1	50	92	9322680	9322723	1.71e-05	63.9	7962	N/A
72_8_1319_42465_14447/1	gi|2557643774|emb|OY673254.1|	95.652	46	2	0	56	101	21732	21777	7.91e-09	75.0	2697049	N/A
72_8_1371_34219_20401/1	gi|2978724457|gb|PV611058.1|	92.063	126	5	4	15	137	295321	295444	2.73e-38	172	3421660	N/A
72_8_1371_34219_20401/1	gi|2978724457|gb|PV611058.1|	91.667	60	1	3	15	71	295784	295842	1.70e-10	80.5	3421660	N/A
72_8_1371_34219_20401/1	gi|2830983252|gb|CP170844.1|	85.417	96	11	2	14	107	4083424	4083330	1.69e-15	97.1	573	N/A
72_8_1371_34219_20401/1	gi|2557643774|emb|OY673254.1|	95.652	46	2	0	15	60	21732	21777	7.91e-09	75.0	2697049	N/A
72_8_1371_34219_20401/1	gi|2463378371|dbj|AP027461.1|	95.652	46	2	0	15	60	1299632	1299677	7.91e-09	75.0	511145	N/A
72_8_1371_34219_20401/1	gi|2463378371|dbj|AP027461.1|	95.652	46	2	0	15	60	1628404	1628359	7.91e-09	75.0	511145	N/A
72_8_1371_34219_20401/1	gi|2924925013|gb|PQ571295.1|	100.000	39	0	0	11	49	225	263	2.84e-08	73.1	3385244	N/A
72_8_2230_42788_25514/1	gi|2978724457|gb|PV611058.1|	90.551	127	7	4	14	137	295320	295444	1.64e-35	163	3421660	N/A
72_8_2230_42788_25514/1	gi|2978724457|gb|PV611058.1|	91.803	61	1	3	14	71	295783	295842	4.72e-11	82.4	3421660	N/A
72_8_2230_42788_25514/1	gi|2830983252|gb|CP170844.1|	87.500	96	8	2	15	108	4083423	4083330	7.79e-19	108	573	N/A
72_8_2230_42788_25514/1	gi|685047827|emb|LN596339.1|	96.000	50	0	2	7	54	601778	601827	1.70e-10	80.5	7962	N/A
72_8_2230_42788_25514/1	gi|685042185|emb|LN590710.1|	95.833	48	0	2	9	54	10218497	10218544	2.20e-09	76.8	7962	N/A
72_8_2230_42788_25514/1	gi|685042185|emb|LN590710.1|	95.556	45	0	2	12	54	3790455	3790411	1.02e-07	71.3	7962	N/A
72_8_2230_42788_25514/1	gi|685042185|emb|LN590710.1|	95.556	45	0	2	12	54	6008691	6008735	1.02e-07	71.3	7962	N/A
72_8_2230_42788_25514/1	gi|685042185|emb|LN590710.1|	100.000	34	0	0	15	48	9162089	9162122	1.71e-05	63.9	7962	N/A
72_8_2230_42788_25514/1	gi|2557643774|emb|OY673254.1|	95.652	46	2	0	15	60	21732	21777	7.91e-09	75.0	2697049	N/A
72_8_2118_24467_10918/1	gi|2978724457|gb|PV611058.1|	93.750	128	2	5	13	137	295320	295444	9.73e-43	187	3421660	N/A
72_8_2118_24467_10918/1	gi|2978724457|gb|PV611058.1|	91.803	61	1	3	13	70	295783	295842	4.72e-11	82.4	3421660	N/A
72_8_2118_24467_10918/1	gi|2830983252|gb|CP170844.1|	85.106	94	9	2	14	102	4083423	4083330	7.85e-14	91.6	573	N/A
72_8_2118_24467_10918/1	gi|2557643774|emb|OY673254.1|	95.652	46	2	0	14	59	21732	21777	7.91e-09	75.0	2697049	N/A
72_8_2118_24467_10918/1	gi|2463378371|dbj|AP027461.1|	93.878	49	3	0	11	59	1299629	1299677	7.91e-09	75.0	511145	N/A
72_8_2118_24467_10918/1	gi|2463378371|dbj|AP027461.1|	95.652	46	2	0	14	59	1628404	1628359	7.91e-09	75.0	511145	N/A
72_8_2118_24467_10918/1	gi|685047827|emb|LN596339.1|	94.000	50	1	2	6	53	601778	601827	7.91e-09	75.0	7962	N/A
72_8_2379_7409_5398/1	gi|2978724457|gb|PV611058.1|	88.889	72	4	3	69	137	295321	295391	3.65e-12	86.1	3421660	N/A
72_8_2379_7409_5398/1	gi|2978724457|gb|PV611058.1|	90.164	61	1	4	69	126	295784	295842	7.91e-09	75.0	3421660	N/A
72_8_2379_7409_5398/1	gi|2755084441|gb|PP943425.1|	94.000	50	1	2	65	113	67587	67635	7.91e-09	75.0	10258	N/A
72_8_2379_7409_5398/1	gi|2755084441|gb|PP943425.1|	93.617	47	1	2	69	114	67825	67780	3.68e-07	69.4	10258	N/A
72_8_2379_7409_5398/1	gi|2557643774|emb|OY673254.1|	95.652	46	2	0	69	114	21732	21777	7.91e-09	75.0	2697049	N/A
72_8_2379_7409_5398/1	gi|2463378371|dbj|AP027461.1|	95.652	46	2	0	69	114	1299632	1299677	7.91e-09	75.0	511145	N/A
72_8_2379_7409_5398/1	gi|2463378371|dbj|AP027461.1|	95.652	46	2	0	69	114	1628404	1628359	7.91e-09	75.0	511145	N/A
72_8_2379_7409_5398/1	gi|2165836832|emb|OV197136.1|	92.593	54	1	3	62	114	122	71	7.91e-09	75.0	2697049	N/A
72_8_2184_3120_17753/1	gi|2978724457|gb|PV611058.1|	91.935	62	1	3	68	126	295321	295381	1.31e-11	84.2	3421660	N/A
72_8_2184_3120_17753/1	gi|2978724457|gb|PV611058.1|	91.667	60	1	3	68	124	295784	295842	1.70e-10	80.5	3421660	N/A
72_8_2184_3120_17753/1	gi|2557643774|emb|OY673254.1|	95.652	46	2	0	68	113	21732	21777	7.91e-09	75.0	2697049	N/A
72_8_2184_3120_17753/1	gi|2463378371|dbj|AP027461.1|	95.652	46	2	0	68	113	1299632	1299677	7.91e-09	75.0	511145	N/A
72_8_2184_3120_17753/1	gi|2463378371|dbj|AP027461.1|	95.652	46	2	0	68	113	1628404	1628359	7.91e-09	75.0	511145	N/A
72_8_2184_3120_17753/1	gi|2830983252|gb|CP170844.1|	88.525	61	5	1	66	124	4083425	4083365	2.84e-08	73.1	573	N/A
72_8_2184_3120_17753/1	gi|2557638192|emb|OY694677.1|	89.831	59	3	3	56	113	4290	4346	2.84e-08	73.1	2697049	N/A
72_8_1420_7263_14924/1	gi|2978724457|gb|PV611058.1|	92.063	126	5	4	15	137	295321	295444	2.73e-38	172	3421660	N/A
72_8_1420_7263_14924/1	gi|2978724457|gb|PV611058.1|	91.667	60	1	3	15	71	295784	295842	1.70e-10	80.5	3421660	N/A
72_8_1420_7263_14924/1	gi|2830983252|gb|CP170844.1|	87.500	96	9	2	13	105	4083425	4083330	7.79e-19	108	573	N/A
72_8_1420_7263_14924/1	gi|2557643774|emb|OY673254.1|	95.652	46	2	0	15	60	21732	21777	7.91e-09	75.0	2697049	N/A
72_8_1420_7263_14924/1	gi|2463378371|dbj|AP027461.1|	95.652	46	2	0	15	60	1299632	1299677	7.91e-09	75.0	511145	N/A
72_8_1420_7263_14924/1	gi|2463378371|dbj|AP027461.1|	95.652	46	2	0	15	60	1628404	1628359	7.91e-09	75.0	511145	N/A
72_8_1420_7263_14924/1	gi|2165836832|emb|OV197136.1|	92.593	54	1	3	8	60	122	71	7.91e-09	75.0	2697049	N/A
72_8_2405_29841_13215/1	gi|2978724457|gb|PV611058.1|	93.590	78	1	3	63	137	295320	295396	1.68e-20	113	3421660	N/A
72_8_2405_29841_13215/1	gi|2978724457|gb|PV611058.1|	91.803	61	1	3	63	120	295783	295842	4.72e-11	82.4	3421660	N/A
72_8_2405_29841_13215/1	gi|685042802|emb|LN591327.1|	92.593	54	1	3	52	103	61996	62048	7.91e-09	75.0	7962	N/A
72_8_2405_29841_13215/1	gi|685042177|emb|LN590702.1|	92.593	54	1	3	53	103	6540849	6540902	7.91e-09	75.0	7962	N/A
72_8_2405_29841_13215/1	gi|685042177|emb|LN590702.1|	95.238	42	0	2	64	103	1181065	1181106	4.76e-06	65.8	7962	N/A
72_8_2405_29841_13215/1	gi|685042177|emb|LN590702.1|	95.238	42	0	2	64	103	3995989	3995948	4.76e-06	65.8	7962	N/A
72_8_2405_29841_13215/1	gi|685042177|emb|LN590702.1|	95.238	42	0	2	64	103	6762499	6762540	4.76e-06	65.8	7962	N/A
72_8_2405_29841_13215/1	gi|685042177|emb|LN590702.1|	95.238	42	0	2	64	103	6862999	6863040	4.76e-06	65.8	7962	N/A
72_8_2405_29841_13215/1	gi|685042177|emb|LN590702.1|	93.333	45	0	2	55	96	1157104	1157060	1.71e-05	63.9	7962	N/A
72_8_2405_29841_13215/1	gi|685042168|emb|LN590693.1|	95.745	47	0	2	59	103	11958545	11958499	7.91e-09	75.0	7962	N/A
72_8_2405_29841_13215/1	gi|685042168|emb|LN590693.1|	95.349	43	0	2	63	103	320675	320633	1.32e-06	67.6	7962	N/A
72_8_2405_29841_13215/1	gi|685042168|emb|LN590693.1|	95.238	42	0	2	64	103	320171	320212	4.76e-06	65.8	7962	N/A
72_8_2405_29841_13215/1	gi|685042161|emb|LN590686.1|	92.593	54	1	3	52	103	20813819	20813871	7.91e-09	75.0	7962	N/A
72_8_2405_29841_13215/1	gi|685042161|emb|LN590686.1|	95.349	43	0	2	63	103	6380193	6380235	1.32e-06	67.6	7962	N/A
72_8_2405_29841_13215/1	gi|685042161|emb|LN590686.1|	95.238	42	0	2	64	103	4545831	4545872	4.76e-06	65.8	7962	N/A
72_8_2405_29841_13215/1	gi|685042161|emb|LN590686.1|	95.238	42	0	2	64	103	12304839	12304798	4.76e-06	65.8	7962	N/A
72_8_2405_29841_13215/1	gi|685042161|emb|LN590686.1|	95.238	42	0	2	64	103	17091846	17091887	4.76e-06	65.8	7962	N/A
72_8_2405_29841_13215/1	gi|685042161|emb|LN590686.1|	95.238	42	0	2	64	103	28125760	28125801	4.76e-06	65.8	7962	N/A
72_8_2405_29841_13215/1	gi|685042161|emb|LN590686.1|	94.872	39	0	2	67	103	12436830	12436868	2.21e-04	60.2	7962	N/A
72_8_2350_6009_14461/1	gi|2978724457|gb|PV611058.1|	90.551	127	7	4	14	137	295320	295444	1.64e-35	163	3421660	N/A
72_8_2350_6009_14461/1	gi|2978724457|gb|PV611058.1|	91.935	62	1	3	14	72	295783	295843	1.31e-11	84.2	3421660	N/A
72_8_2350_6009_14461/1	gi|2830983252|gb|CP170844.1|	89.362	94	8	1	15	106	4083423	4083330	1.30e-21	117	573	N/A
72_8_2350_6009_14461/1	gi|2524352013|emb|OY072335.1|	95.833	48	2	0	1	48	21644	21691	6.11e-10	78.7	2697049	N/A
72_8_2350_6009_14461/1	gi|2557643774|emb|OY673254.1|	95.652	46	2	0	15	60	21732	21777	7.91e-09	75.0	2697049	N/A
72_8_2350_6009_14461/1	gi|2463378371|dbj|AP027461.1|	95.652	46	2	0	15	60	1299632	1299677	7.91e-09	75.0	511145	N/A
72_8_2350_6009_14461/1	gi|2463378371|dbj|AP027461.1|	95.652	46	2	0	15	60	1628404	1628359	7.91e-09	75.0	511145	N/A
72_8_1311_16917_24491/1	gi|2978724457|gb|PV611058.1|	91.525	59	1	3	79	134	295323	295380	6.11e-10	78.7	3421660	N/A
72_8_1311_16917_24491/1	gi|2978724457|gb|PV611058.1|	91.379	58	1	3	79	133	295786	295842	2.20e-09	76.8	3421660	N/A
72_8_1311_16917_24491/1	gi|2557643774|emb|OY673254.1|	95.455	44	2	0	79	122	21734	21777	1.02e-07	71.3	2697049	N/A
72_8_1311_16917_24491/1	gi|2463378371|dbj|AP027461.1|	95.455	44	2	0	79	122	1299634	1299677	1.02e-07	71.3	511145	N/A
72_8_1311_16917_24491/1	gi|2463378371|dbj|AP027461.1|	95.455	44	2	0	79	122	1628402	1628359	1.02e-07	71.3	511145	N/A
72_8_1311_16917_24491/1	gi|2830983252|gb|CP170844.1|	86.885	61	6	1	79	137	4083421	4083361	1.32e-06	67.6	573	N/A
72_8_1311_16917_24491/1	gi|2557648311|emb|OY677105.1|	95.349	43	1	1	70	111	9636	9678	1.32e-06	67.6	2697049	N/A
72_8_2404_16068_21535/1	gi|2978724457|gb|PV611058.1|	89.888	89	7	2	51	137	295321	295409	1.68e-20	113	3421660	N/A
72_8_2404_16068_21535/1	gi|2978724457|gb|PV611058.1|	91.525	59	3	2	51	107	295784	295842	1.70e-10	80.5	3421660	N/A
72_8_2404_16068_21535/1	gi|2830983252|gb|CP170844.1|	86.022	93	9	2	49	137	4083425	4083333	1.69e-15	97.1	573	N/A
72_8_2404_16068_21535/1	gi|2557643774|emb|OY673254.1|	95.652	46	2	0	51	96	21732	21777	7.91e-09	75.0	2697049	N/A
72_8_2404_16068_21535/1	gi|2165832678|emb|OV195277.1|	93.878	49	3	0	48	96	135	87	7.91e-09	75.0	2697049	N/A
72_8_2404_16068_21535/1	gi|2165832904|emb|OV195202.1|	100.000	39	0	0	48	86	238	200	2.84e-08	73.1	2697049	N/A
72_8_2207_7717_10413/1	gi|2155043183|emb|OV015804.1|	100.000	28	0	0	2	29	29938	29911	0.037	52.8	2697049	N/A
72_8_2389_37917_5931/1	gi|2978724457|gb|PV611058.1|	92.126	127	6	4	2	128	295322	295444	2.11e-39	176	3421660	N/A
72_8_2389_37917_5931/1	gi|2978724457|gb|PV611058.1|	90.000	60	1	4	2	58	295785	295842	2.84e-08	73.1	3421660	N/A
72_8_2389_37917_5931/1	gi|2557643774|emb|OY673254.1|	95.556	45	2	0	2	46	21733	21777	2.84e-08	73.1	2697049	N/A
72_8_2389_37917_5931/1	gi|2463378371|dbj|AP027461.1|	95.556	45	2	0	2	46	1299633	1299677	2.84e-08	73.1	511145	N/A
72_8_2389_37917_5931/1	gi|2463378371|dbj|AP027461.1|	95.556	45	2	0	2	46	1628403	1628359	2.84e-08	73.1	511145	N/A
72_8_2389_37917_5931/1	gi|2755084441|gb|PP943425.1|	93.478	46	1	2	2	46	67824	67780	1.32e-06	67.6	10258	N/A
72_8_2389_37917_5931/1	gi|2755084441|gb|PP943425.1|	93.333	45	1	2	2	45	67592	67635	4.76e-06	65.8	10258	N/A
72_8_2389_37917_5931/1	gi|2830983252|gb|CP170844.1|	80.645	93	6	2	2	82	4083422	4083330	6.15e-05	62.1	573	N/A
72_8_1224_18593_3970/1	gi|2978724457|gb|PV611058.1|	92.248	129	5	4	12	137	295318	295444	5.86e-40	178	3421660	N/A
72_8_1224_18593_3970/1	gi|2978724457|gb|PV611058.1|	90.476	63	2	3	12	71	295781	295842	1.70e-10	80.5	3421660	N/A
72_8_1224_18593_3970/1	gi|2830983252|gb|CP170844.1|	86.316	95	11	1	14	106	4083424	4083330	3.63e-17	102	573	N/A
72_8_1224_18593_3970/1	gi|2557643774|emb|OY673254.1|	95.652	46	2	0	15	60	21732	21777	7.91e-09	75.0	2697049	N/A
72_8_1224_18593_3970/1	gi|2463378371|dbj|AP027461.1|	95.652	46	2	0	15	60	1299632	1299677	7.91e-09	75.0	511145	N/A
72_8_1224_18593_3970/1	gi|2463378371|dbj|AP027461.1|	95.652	46	2	0	15	60	1628404	1628359	7.91e-09	75.0	511145	N/A
72_8_1224_18593_3970/1	gi|685046059|emb|LN594584.1|	92.593	54	1	3	3	54	7181	7129	7.91e-09	75.0	7962	N/A
72_8_1422_24662_15064/1	gi|2978724457|gb|PV611058.1|	92.063	126	5	4	15	137	295321	295444	2.73e-38	172	3421660	N/A
72_8_1422_24662_15064/1	gi|2978724457|gb|PV611058.1|	91.803	61	1	3	15	72	295784	295843	4.72e-11	82.4	3421660	N/A
72_8_1422_24662_15064/1	gi|2830983252|gb|CP170844.1|	87.234	94	10	1	15	106	4083423	4083330	2.80e-18	106	573	N/A
72_8_1422_24662_15064/1	gi|685042185|emb|LN590710.1|	97.778	45	1	0	4	48	9162078	9162122	6.11e-10	78.7	7962	N/A
72_8_1422_24662_15064/1	gi|685042185|emb|LN590710.1|	95.238	42	0	2	15	54	3790452	3790411	4.76e-06	65.8	7962	N/A
72_8_1422_24662_15064/1	gi|685042185|emb|LN590710.1|	95.238	42	0	2	15	54	6008694	6008735	4.76e-06	65.8	7962	N/A
72_8_1422_24662_15064/1	gi|685042185|emb|LN590710.1|	93.478	46	0	3	12	54	10218499	10218544	4.76e-06	65.8	7962	N/A
72_8_1422_24662_15064/1	gi|2557643774|emb|OY673254.1|	95.652	46	2	0	15	60	21732	21777	7.91e-09	75.0	2697049	N/A
72_8_1422_24662_15064/1	gi|2463378371|dbj|AP027461.1|	95.652	46	2	0	15	60	1299632	1299677	7.91e-09	75.0	511145	N/A
72_8_1422_24662_15064/1	gi|2463378371|dbj|AP027461.1|	95.652	46	2	0	15	60	1628404	1628359	7.91e-09	75.0	511145	N/A
72_8_2426_12734_21059/1	gi|2978724457|gb|PV611058.1|	91.270	126	6	4	15	137	295321	295444	1.27e-36	167	3421660	N/A
72_8_2426_12734_21059/1	gi|2978724457|gb|PV611058.1|	91.525	59	1	3	15	70	295784	295841	6.11e-10	78.7	3421660	N/A
72_8_2426_12734_21059/1	gi|2830983252|gb|CP170844.1|	85.106	94	12	1	15	106	4083423	4083330	6.07e-15	95.3	573	N/A
72_8_2426_12734_21059/1	gi|2557643774|emb|OY673254.1|	95.652	46	2	0	15	60	21732	21777	7.91e-09	75.0	2697049	N/A
72_8_2426_12734_21059/1	gi|2557638192|emb|OY694677.1|	91.228	57	2	3	5	60	4292	4346	7.91e-09	75.0	2697049	N/A
72_8_2426_12734_21059/1	gi|2463378371|dbj|AP027461.1|	95.652	46	2	0	15	60	1299632	1299677	7.91e-09	75.0	511145	N/A
72_8_2426_12734_21059/1	gi|2463378371|dbj|AP027461.1|	95.652	46	2	0	15	60	1628404	1628359	7.91e-09	75.0	511145	N/A
72_8_1221_49189_28749/1	gi|685042195|emb|LN590720.1|	95.833	48	0	2	83	128	5765844	5765797	2.20e-09	76.8	7962	N/A
72_8_1221_49189_28749/1	gi|685042195|emb|LN590720.1|	95.556	45	0	2	86	128	2930131	2930175	1.02e-07	71.3	7962	N/A
72_8_1221_49189_28749/1	gi|685042175|emb|LN590700.1|	94.118	51	1	2	81	129	14033949	14033899	2.20e-09	76.8	7962	N/A
72_8_1221_49189_28749/1	gi|685042175|emb|LN590700.1|	95.238	42	0	2	89	128	15778538	15778579	4.76e-06	65.8	7962	N/A
72_8_1221_49189_28749/1	gi|2557643774|emb|OY673254.1|	95.652	46	2	0	89	134	21732	21777	7.91e-09	75.0	2697049	N/A
72_8_1221_49189_28749/1	gi|2463378371|dbj|AP027461.1|	95.652	46	2	0	89	134	1299632	1299677	7.91e-09	75.0	511145	N/A
72_8_1221_49189_28749/1	gi|2463378371|dbj|AP027461.1|	95.652	46	2	0	89	134	1628404	1628359	7.91e-09	75.0	511145	N/A
72_8_1221_49189_28749/1	gi|685046299|emb|LN594824.1|	95.745	47	0	2	84	128	5192	5146	7.91e-09	75.0	7962	N/A
72_8_2223_13146_29142/1	gi|2978724457|gb|PV611058.1|	92.188	128	5	4	13	137	295319	295444	2.11e-39	176	3421660	N/A
72_8_2223_13146_29142/1	gi|2978724457|gb|PV611058.1|	90.476	63	1	4	13	72	295782	295842	6.11e-10	78.7	3421660	N/A
72_8_2223_13146_29142/1	gi|2830983252|gb|CP170844.1|	84.211	95	9	3	15	104	4083423	4083330	1.02e-12	87.9	573	N/A
72_8_2223_13146_29142/1	gi|2557643774|emb|OY673254.1|	94.444	54	2	1	8	60	21724	21777	4.72e-11	82.4	2697049	N/A
72_8_2223_13146_29142/1	gi|685042175|emb|LN590700.1|	92.727	55	1	3	3	55	14033952	14033899	2.20e-09	76.8	7962	N/A
72_8_2223_13146_29142/1	gi|685042175|emb|LN590700.1|	95.238	42	0	2	15	54	15778538	15778579	4.76e-06	65.8	7962	N/A
72_8_2223_13146_29142/1	gi|2560250289|emb|OY708460.1|	94.000	50	1	2	12	60	6487	6535	7.91e-09	75.0	2697049	N/A
72_8_1152_35942_28147/1	gi|2978724457|gb|PV611058.1|	92.857	126	4	4	15	137	295321	295444	5.86e-40	178	3421660	N/A
72_8_1152_35942_28147/1	gi|2978724457|gb|PV611058.1|	91.667	60	1	3	15	71	295784	295842	1.70e-10	80.5	3421660	N/A
72_8_1152_35942_28147/1	gi|2830983252|gb|CP170844.1|	86.170	94	11	1	15	106	4083423	4083330	1.30e-16	100	573	N/A
72_8_1152_35942_28147/1	gi|685042185|emb|LN590710.1|	97.727	44	1	0	5	48	9162079	9162122	2.20e-09	76.8	7962	N/A
72_8_1152_35942_28147/1	gi|685042185|emb|LN590710.1|	95.238	42	0	2	15	54	3790452	3790411	4.76e-06	65.8	7962	N/A
72_8_1152_35942_28147/1	gi|685042185|emb|LN590710.1|	95.238	42	0	2	15	54	6008694	6008735	4.76e-06	65.8	7962	N/A
72_8_1152_35942_28147/1	gi|685042185|emb|LN590710.1|	95.238	42	0	2	15	54	10218503	10218544	4.76e-06	65.8	7962	N/A
72_8_1152_35942_28147/1	gi|2557643774|emb|OY673254.1|	95.652	46	2	0	15	60	21732	21777	7.91e-09	75.0	2697049	N/A
72_8_1152_35942_28147/1	gi|2463378371|dbj|AP027461.1|	95.652	46	2	0	15	60	1299632	1299677	7.91e-09	75.0	511145	N/A
72_8_1152_35942_28147/1	gi|2463378371|dbj|AP027461.1|	95.652	46	2	0	15	60	1628404	1628359	7.91e-09	75.0	511145	N/A
72_8_1469_26887_19784/1	gi|2978724457|gb|PV611058.1|	90.476	126	7	4	15	137	295321	295444	5.90e-35	161	3421660	N/A
72_8_1469_26887_19784/1	gi|2978724457|gb|PV611058.1|	91.667	60	1	3	15	71	295784	295842	1.70e-10	80.5	3421660	N/A
72_8_1469_26887_19784/1	gi|2830983252|gb|CP170844.1|	88.421	95	8	2	15	107	4083423	4083330	6.03e-20	111	573	N/A
72_8_1469_26887_19784/1	gi|2557643774|emb|OY673254.1|	95.652	46	2	0	15	60	21732	21777	7.91e-09	75.0	2697049	N/A
72_8_1469_26887_19784/1	gi|2463378371|dbj|AP027461.1|	95.652	46	2	0	15	60	1299632	1299677	7.91e-09	75.0	511145	N/A
72_8_1469_26887_19784/1	gi|2463378371|dbj|AP027461.1|	95.652	46	2	0	15	60	1628404	1628359	7.91e-09	75.0	511145	N/A
72_8_1469_26887_19784/1	gi|2155043183|emb|OV015804.1|	100.000	40	0	0	12	51	29950	29911	7.91e-09	75.0	2697049	N/A
72_8_1401_21862_4866/1	gi|2524352013|emb|OY072335.1|	95.833	48	1	1	68	115	21648	21694	2.20e-09	76.8	2697049	N/A
72_8_1401_21862_4866/1	gi|685042166|emb|LN590691.1|	100.000	41	0	0	74	114	10518765	10518725	2.20e-09	76.8	7962	N/A
72_8_1401_21862_4866/1	gi|685046795|emb|LN595320.1|	100.000	40	0	0	72	111	140295	140334	7.91e-09	75.0	7962	N/A
72_8_1401_21862_4866/1	gi|685045018|emb|LN593543.1|	100.000	40	0	0	72	111	140101	140140	7.91e-09	75.0	7962	N/A
72_8_1401_21862_4866/1	gi|685046059|emb|LN594584.1|	95.652	46	1	1	66	111	7181	7137	2.84e-08	73.1	7962	N/A
72_8_2417_38775_16633/1	gi|2978724457|gb|PV611058.1|	83.333	84	10	3	57	137	295321	295403	7.91e-09	75.0	3421660	N/A
72_8_2417_38775_16633/1	gi|2978724457|gb|PV611058.1|	88.889	63	2	4	57	116	295784	295844	2.84e-08	73.1	3421660	N/A
72_8_2417_38775_16633/1	gi|2830983252|gb|CP170844.1|	83.333	84	11	3	56	137	4083424	4083342	7.91e-09	75.0	573	N/A
72_8_2417_38775_16633/1	gi|2557643774|emb|OY673254.1|	95.652	46	2	0	57	102	21732	21777	7.91e-09	75.0	2697049	N/A
72_8_2417_38775_16633/1	gi|2463378371|dbj|AP027461.1|	95.652	46	2	0	57	102	1299632	1299677	7.91e-09	75.0	511145	N/A
72_8_2417_38775_16633/1	gi|2463378371|dbj|AP027461.1|	95.652	46	2	0	57	102	1628404	1628359	7.91e-09	75.0	511145	N/A
72_8_2417_38775_16633/1	gi|685042161|emb|LN590686.1|	92.593	54	1	3	45	96	20813819	20813871	7.91e-09	75.0	7962	N/A
72_8_2417_38775_16633/1	gi|685042161|emb|LN590686.1|	95.349	43	0	2	56	96	12304840	12304798	1.32e-06	67.6	7962	N/A
72_8_2417_38775_16633/1	gi|685042161|emb|LN590686.1|	90.566	53	2	3	46	96	17091836	17091887	1.32e-06	67.6	7962	N/A
72_8_2417_38775_16633/1	gi|685042161|emb|LN590686.1|	95.238	42	0	2	57	96	4545831	4545872	4.76e-06	65.8	7962	N/A
72_8_2417_38775_16633/1	gi|685042161|emb|LN590686.1|	93.333	45	1	2	54	96	6380191	6380235	4.76e-06	65.8	7962	N/A
72_8_2417_38775_16633/1	gi|685042161|emb|LN590686.1|	95.238	42	0	2	57	96	28125760	28125801	4.76e-06	65.8	7962	N/A
72_8_2417_38775_16633/1	gi|685042161|emb|LN590686.1|	94.872	39	0	2	60	96	12436830	12436868	2.21e-04	60.2	7962	N/A
72_8_2427_20470_9293/1	gi|2978724457|gb|PV611058.1|	91.667	132	3	7	9	137	295318	295444	2.11e-39	176	3421660	N/A
72_8_2427_20470_9293/1	gi|2978724457|gb|PV611058.1|	90.625	64	1	4	9	69	295781	295842	1.70e-10	80.5	3421660	N/A
72_8_2427_20470_9293/1	gi|2557643774|emb|OY673254.1|	92.593	54	3	1	5	57	21724	21777	2.20e-09	76.8	2697049	N/A
72_8_2427_20470_9293/1	gi|685042175|emb|LN590700.1|	94.118	51	1	2	4	52	14033949	14033899	2.20e-09	76.8	7962	N/A
72_8_2427_20470_9293/1	gi|685042175|emb|LN590700.1|	95.238	42	0	2	12	51	15778538	15778579	4.76e-06	65.8	7962	N/A
72_8_2427_20470_9293/1	gi|2565360070|emb|OY632882.1|	100.000	40	0	0	7	46	22461	22500	7.91e-09	75.0	2697049	N/A
72_8_2427_20470_9293/1	gi|2463378371|dbj|AP027461.1|	95.652	46	2	0	12	57	1299632	1299677	7.91e-09	75.0	511145	N/A
72_8_2427_20470_9293/1	gi|2463378371|dbj|AP027461.1|	95.652	46	2	0	12	57	1628404	1628359	7.91e-09	75.0	511145	N/A
72_8_2182_32009_10777/1	gi|2978724457|gb|PV611058.1|	90.164	61	2	3	80	137	295318	295377	2.20e-09	76.8	3421660	N/A
72_8_2182_32009_10777/1	gi|2978724457|gb|PV611058.1|	90.164	61	2	3	80	137	295781	295840	2.20e-09	76.8	3421660	N/A
72_8_2182_32009_10777/1	gi|2557643774|emb|OY673254.1|	95.652	46	2	0	83	128	21732	21777	7.91e-09	75.0	2697049	N/A
72_8_2182_32009_10777/1	gi|2463378371|dbj|AP027461.1|	95.652	46	2	0	83	128	1299632	1299677	7.91e-09	75.0	511145	N/A
72_8_2182_32009_10777/1	gi|2463378371|dbj|AP027461.1|	95.652	46	2	0	83	128	1628404	1628359	7.91e-09	75.0	511145	N/A
72_8_2182_32009_10777/1	gi|685042175|emb|LN590700.1|	92.308	52	2	2	74	123	14033950	14033899	2.84e-08	73.1	7962	N/A
72_8_2182_32009_10777/1	gi|685042175|emb|LN590700.1|	93.750	48	0	3	77	122	15778533	15778579	3.68e-07	69.4	7962	N/A
72_8_2182_32009_10777/1	gi|2557649546|emb|OY678249.1|	100.000	38	0	0	80	117	10397	10434	1.02e-07	71.3	2697049	N/A
72_8_1453_28951_20835/1	gi|2978724457|gb|PV611058.1|	89.844	128	8	4	13	137	295319	295444	2.12e-34	159	3421660	N/A
72_8_1453_28951_20835/1	gi|2978724457|gb|PV611058.1|	91.803	61	1	3	13	70	295782	295841	4.72e-11	82.4	3421660	N/A
72_8_1453_28951_20835/1	gi|2830983252|gb|CP170844.1|	88.421	95	7	3	15	106	4083423	4083330	6.03e-20	111	573	N/A
72_8_1453_28951_20835/1	gi|2557643774|emb|OY673254.1|	94.444	54	2	1	8	60	21724	21777	4.72e-11	82.4	2697049	N/A
72_8_1453_28951_20835/1	gi|685042175|emb|LN590700.1|	92.727	55	1	3	3	55	14033952	14033899	2.20e-09	76.8	7962	N/A
72_8_1453_28951_20835/1	gi|685042175|emb|LN590700.1|	95.238	42	0	2	15	54	15778538	15778579	4.76e-06	65.8	7962	N/A
72_8_1453_28951_20835/1	gi|2560250289|emb|OY708460.1|	94.000	50	1	2	12	60	6487	6535	7.91e-09	75.0	2697049	N/A
72_8_1143_46252_10273/1	gi|780644672|ref|XM_011690559.1|	97.619	42	1	0	53	94	1031	1072	2.84e-08	73.1	64793	N/A
72_8_1143_46252_10273/1	gi|2560502367|emb|OY629453.1|	100.000	38	0	0	58	95	5916	5953	1.02e-07	71.3	2697049	N/A
72_8_1143_46252_10273/1	gi|685045281|emb|LN593806.1|	100.000	38	0	0	57	94	5478	5515	1.02e-07	71.3	7962	N/A
72_8_1143_46252_10273/1	gi|685042176|emb|LN590701.1|	95.556	45	0	2	54	96	10841429	10841473	1.02e-07	71.3	7962	N/A
72_8_1143_46252_10273/1	gi|685042176|emb|LN590701.1|	97.368	38	0	1	60	96	6044396	6044433	1.71e-05	63.9	7962	N/A
72_8_1143_46252_10273/1	gi|2155043183|emb|OV015804.1|	100.000	38	0	0	59	96	29948	29911	1.02e-07	71.3	2697049	N/A
72_8_1345_51131_11632/1	gi|2978724457|gb|PV611058.1|	93.701	127	3	4	14	137	295320	295444	3.50e-42	185	3421660	N/A
72_8_1345_51131_11632/1	gi|2978724457|gb|PV611058.1|	91.803	61	1	3	14	71	295783	295842	4.72e-11	82.4	3421660	N/A
72_8_1345_51131_11632/1	gi|2830983252|gb|CP170844.1|	85.106	94	10	2	15	104	4083423	4083330	2.18e-14	93.5	573	N/A
72_8_1345_51131_11632/1	gi|2557643774|emb|OY673254.1|	95.652	46	2	0	15	60	21732	21777	7.91e-09	75.0	2697049	N/A
72_8_1345_51131_11632/1	gi|2463378371|dbj|AP027461.1|	93.878	49	3	0	12	60	1299629	1299677	7.91e-09	75.0	511145	N/A
72_8_1345_51131_11632/1	gi|2463378371|dbj|AP027461.1|	95.652	46	2	0	15	60	1628404	1628359	7.91e-09	75.0	511145	N/A
72_8_1345_51131_11632/1	gi|685047827|emb|LN596339.1|	94.000	50	1	2	7	54	601778	601827	7.91e-09	75.0	7962	N/A
72_8_2325_9918_6519/1	gi|2978724457|gb|PV611058.1|	91.270	126	6	4	15	137	295321	295444	1.27e-36	167	3421660	N/A
72_8_2325_9918_6519/1	gi|2978724457|gb|PV611058.1|	91.667	60	1	3	15	71	295784	295842	1.70e-10	80.5	3421660	N/A
72_8_2325_9918_6519/1	gi|2830983252|gb|CP170844.1|	88.298	94	8	2	15	105	4083423	4083330	2.17e-19	110	573	N/A
72_8_2325_9918_6519/1	gi|2557643774|emb|OY673254.1|	95.652	46	2	0	15	60	21732	21777	7.91e-09	75.0	2697049	N/A
72_8_2325_9918_6519/1	gi|2463378371|dbj|AP027461.1|	95.652	46	2	0	15	60	1299632	1299677	7.91e-09	75.0	511145	N/A
72_8_2325_9918_6519/1	gi|2463378371|dbj|AP027461.1|	95.652	46	2	0	15	60	1628404	1628359	7.91e-09	75.0	511145	N/A
72_8_2325_9918_6519/1	gi|685042524|emb|LN591049.1|	95.745	47	0	2	10	54	341738	341692	7.91e-09	75.0	7962	N/A
72_8_2308_15283_26396/1	gi|2978724457|gb|PV611058.1|	87.786	131	11	4	10	137	295316	295444	4.59e-31	148	3421660	N/A
72_8_2308_15283_26396/1	gi|2978724457|gb|PV611058.1|	91.045	67	2	3	10	73	295779	295844	1.02e-12	87.9	3421660	N/A
72_8_2308_15283_26396/1	gi|2830983252|gb|CP170844.1|	88.660	97	6	4	15	109	4083423	4083330	1.68e-20	113	573	N/A
72_8_2308_15283_26396/1	gi|2557643774|emb|OY673254.1|	95.652	46	2	0	15	60	21732	21777	7.91e-09	75.0	2697049	N/A
72_8_2308_15283_26396/1	gi|2463378371|dbj|AP027461.1|	93.878	49	3	0	12	60	1299629	1299677	7.91e-09	75.0	511145	N/A
72_8_2308_15283_26396/1	gi|2463378371|dbj|AP027461.1|	95.652	46	2	0	15	60	1628404	1628359	7.91e-09	75.0	511145	N/A
72_8_2308_15283_26396/1	gi|685047827|emb|LN596339.1|	94.000	50	1	2	7	54	601778	601827	7.91e-09	75.0	7962	N/A
72_8_1317_48566_15008/1	gi|2978724457|gb|PV611058.1|	95.349	129	1	4	12	137	295318	295444	1.25e-46	200	3421660	N/A
72_8_1317_48566_15008/1	gi|2978724457|gb|PV611058.1|	92.063	63	1	3	12	71	295781	295842	3.65e-12	86.1	3421660	N/A
72_8_1317_48566_15008/1	gi|2830983252|gb|CP170844.1|	82.979	94	12	2	15	104	4083423	4083330	4.72e-11	82.4	573	N/A
72_8_1317_48566_15008/1	gi|685042175|emb|LN590700.1|	92.857	56	1	3	3	55	14033954	14033899	6.11e-10	78.7	7962	N/A
72_8_1317_48566_15008/1	gi|685042175|emb|LN590700.1|	95.238	42	0	2	15	54	15778538	15778579	4.76e-06	65.8	7962	N/A
72_8_1317_48566_15008/1	gi|2557643774|emb|OY673254.1|	91.228	57	4	1	5	60	21721	21777	2.20e-09	76.8	2697049	N/A
72_8_1317_48566_15008/1	gi|2565360070|emb|OY632882.1|	100.000	40	0	0	10	49	22461	22500	7.91e-09	75.0	2697049	N/A
72_8_1380_50047_10539/1	gi|685043992|emb|LN592517.1|	93.478	46	1	2	83	126	50657	50702	1.32e-06	67.6	7962	N/A
72_8_1380_50047_10539/1	gi|685042172|emb|LN590697.1|	92.000	50	1	3	80	126	288256	288305	1.32e-06	67.6	7962	N/A
72_8_1380_50047_10539/1	gi|2163361773|dbj|LC597692.1|	100.000	29	0	0	81	109	59	87	0.010	54.7	32630	N/A
72_8_1341_44310_23020/1	gi|2978724457|gb|PV611058.1|	91.525	59	1	3	82	137	295320	295377	6.11e-10	78.7	3421660	N/A
72_8_1341_44310_23020/1	gi|2978724457|gb|PV611058.1|	91.525	59	1	3	82	137	295783	295840	6.11e-10	78.7	3421660	N/A
72_8_1341_44310_23020/1	gi|685042177|emb|LN590702.1|	92.727	55	0	4	72	122	6540848	6540902	2.20e-09	76.8	7962	N/A
72_8_1341_44310_23020/1	gi|685042177|emb|LN590702.1|	95.238	42	0	2	83	122	1181065	1181106	4.76e-06	65.8	7962	N/A
72_8_1341_44310_23020/1	gi|685042177|emb|LN590702.1|	95.238	42	0	2	83	122	3995989	3995948	4.76e-06	65.8	7962	N/A
72_8_1341_44310_23020/1	gi|685042177|emb|LN590702.1|	95.238	42	0	2	83	122	6762499	6762540	4.76e-06	65.8	7962	N/A
72_8_1341_44310_23020/1	gi|685042177|emb|LN590702.1|	95.238	42	0	2	83	122	6862999	6863040	4.76e-06	65.8	7962	N/A
72_8_1341_44310_23020/1	gi|685042177|emb|LN590702.1|	93.333	45	0	2	74	115	1157104	1157060	1.71e-05	63.9	7962	N/A
72_8_1341_44310_23020/1	gi|2557643774|emb|OY673254.1|	95.652	46	2	0	83	128	21732	21777	7.91e-09	75.0	2697049	N/A
72_8_1341_44310_23020/1	gi|2463378371|dbj|AP027461.1|	95.652	46	2	0	83	128	1299632	1299677	7.91e-09	75.0	511145	N/A
72_8_1341_44310_23020/1	gi|2463378371|dbj|AP027461.1|	95.652	46	2	0	83	128	1628404	1628359	7.91e-09	75.0	511145	N/A
72_8_1341_44310_23020/1	gi|685042168|emb|LN590693.1|	95.745	47	0	2	78	122	11958545	11958499	7.91e-09	75.0	7962	N/A
72_8_1341_44310_23020/1	gi|685042168|emb|LN590693.1|	95.349	43	0	2	82	122	320675	320633	1.32e-06	67.6	7962	N/A
72_8_1341_44310_23020/1	gi|685042168|emb|LN590693.1|	95.238	42	0	2	83	122	320171	320212	4.76e-06	65.8	7962	N/A
72_8_2275_6972_10805/1	gi|2701784733|gb|OR911481.1|	90.476	105	10	0	7	111	108411	108307	2.76e-28	139	39414	N/A
72_8_2275_6972_10805/1	gi|2328376401|ref|NC_068049.1|	90.476	105	10	0	7	111	108411	108307	2.76e-28	139	39414	N/A
72_8_2275_6972_10805/1	gi|2288448399|gb|ON641301.1|	90.476	105	10	0	7	111	108813	108709	2.76e-28	139	185001	N/A
72_8_2275_6972_10805/1	gi|2050192475|gb|MW877582.1|	90.476	105	10	0	7	111	108505	108401	2.76e-28	139	39414	N/A
72_8_2275_6972_10805/1	gi|2050192381|gb|MW877581.1|	90.476	105	10	0	7	111	108689	108585	2.76e-28	139	185001	N/A
72_8_2280_28643_26858/1	gi|2978724457|gb|PV611058.1|	93.651	126	3	4	15	137	295321	295444	1.26e-41	183	3421660	N/A
72_8_2280_28643_26858/1	gi|2978724457|gb|PV611058.1|	91.667	60	1	3	15	71	295784	295842	1.70e-10	80.5	3421660	N/A
72_8_2280_28643_26858/1	gi|2830983252|gb|CP170844.1|	83.158	95	13	2	15	107	4083423	4083330	1.31e-11	84.2	573	N/A
72_8_2280_28643_26858/1	gi|2557643774|emb|OY673254.1|	95.652	46	2	0	15	60	21732	21777	7.91e-09	75.0	2697049	N/A
72_8_2280_28643_26858/1	gi|2463378371|dbj|AP027461.1|	95.652	46	2	0	15	60	1299632	1299677	7.91e-09	75.0	511145	N/A
72_8_2280_28643_26858/1	gi|2463378371|dbj|AP027461.1|	95.652	46	2	0	15	60	1628404	1628359	7.91e-09	75.0	511145	N/A
72_8_2280_28643_26858/1	gi|685042161|emb|LN590686.1|	92.593	54	1	3	3	54	20813819	20813871	7.91e-09	75.0	7962	N/A
72_8_2280_28643_26858/1	gi|685042161|emb|LN590686.1|	95.349	43	0	2	14	54	4545830	4545872	1.32e-06	67.6	7962	N/A
72_8_2280_28643_26858/1	gi|685042161|emb|LN590686.1|	90.566	53	2	3	4	54	17091836	17091887	1.32e-06	67.6	7962	N/A
72_8_2280_28643_26858/1	gi|685042161|emb|LN590686.1|	95.349	43	0	2	14	54	28125759	28125801	1.32e-06	67.6	7962	N/A
72_8_2280_28643_26858/1	gi|685042161|emb|LN590686.1|	95.238	42	0	2	15	54	6380194	6380235	4.76e-06	65.8	7962	N/A
72_8_2280_28643_26858/1	gi|685042161|emb|LN590686.1|	95.238	42	0	2	15	54	12304839	12304798	4.76e-06	65.8	7962	N/A
72_8_2280_28643_26858/1	gi|685042161|emb|LN590686.1|	94.872	39	0	2	18	54	12436830	12436868	2.21e-04	60.2	7962	N/A
72_8_2267_8081_14966/1	gi|2978724457|gb|PV611058.1|	88.189	127	10	4	14	137	295320	295444	1.65e-30	147	3421660	N/A
72_8_2267_8081_14966/1	gi|2978724457|gb|PV611058.1|	90.625	64	1	4	14	74	295783	295844	1.70e-10	80.5	3421660	N/A
72_8_2267_8081_14966/1	gi|2830983252|gb|CP170844.1|	85.567	97	9	3	15	109	4083423	4083330	1.69e-15	97.1	573	N/A
72_8_2267_8081_14966/1	gi|2710394916|tpg|BK066886.1|	97.826	46	0	1	4	48	29302	29347	6.11e-10	78.7	3116700	N/A
72_8_2267_8081_14966/1	gi|2557643774|emb|OY673254.1|	91.228	57	4	1	5	60	21721	21777	2.20e-09	76.8	2697049	N/A
72_8_2267_8081_14966/1	gi|2755084441|gb|PP943425.1|	81.720	93	13	3	15	106	67825	67736	7.91e-09	75.0	10258	N/A
72_8_2267_8081_14966/1	gi|2755084441|gb|PP943425.1|	93.478	46	1	2	15	59	67591	67635	1.32e-06	67.6	10258	N/A
72_8_1462_11868_23567/1	gi|2978724457|gb|PV611058.1|	96.000	125	1	3	15	136	295321	295444	1.25e-46	200	3421660	N/A
72_8_1462_11868_23567/1	gi|2978724457|gb|PV611058.1|	91.667	60	1	3	15	71	295784	295842	1.70e-10	80.5	3421660	N/A
72_8_1462_11868_23567/1	gi|2557643774|emb|OY673254.1|	95.652	46	2	0	15	60	21732	21777	7.91e-09	75.0	2697049	N/A
72_8_1462_11868_23567/1	gi|2463378371|dbj|AP027461.1|	95.652	46	2	0	15	60	1299632	1299677	7.91e-09	75.0	511145	N/A
72_8_1462_11868_23567/1	gi|2463378371|dbj|AP027461.1|	95.652	46	2	0	15	60	1628404	1628359	7.91e-09	75.0	511145	N/A
72_8_1462_11868_23567/1	gi|2557648311|emb|OY677105.1|	97.674	43	0	1	8	49	9636	9678	2.84e-08	73.1	2697049	N/A
72_8_1462_11868_23567/1	gi|2830983252|gb|CP170844.1|	81.915	94	5	2	15	96	4083423	4083330	3.68e-07	69.4	573	N/A
72_8_1491_43646_22404/1	gi|2978724457|gb|PV611058.1|	94.444	126	2	4	15	137	295321	295444	2.71e-43	189	3421660	N/A
72_8_1491_43646_22404/1	gi|2978724457|gb|PV611058.1|	91.667	60	1	3	15	71	295784	295842	1.70e-10	80.5	3421660	N/A
72_8_1491_43646_22404/1	gi|2830983252|gb|CP170844.1|	84.043	94	11	2	15	104	4083423	4083330	1.02e-12	87.9	573	N/A
72_8_1491_43646_22404/1	gi|2557643774|emb|OY673254.1|	95.652	46	2	0	15	60	21732	21777	7.91e-09	75.0	2697049	N/A
72_8_1491_43646_22404/1	gi|2463378371|dbj|AP027461.1|	95.652	46	2	0	15	60	1299632	1299677	7.91e-09	75.0	511145	N/A
72_8_1491_43646_22404/1	gi|2463378371|dbj|AP027461.1|	95.652	46	2	0	15	60	1628404	1628359	7.91e-09	75.0	511145	N/A
72_8_1491_43646_22404/1	gi|685042206|emb|LN590731.1|	93.878	49	1	2	9	55	347604	347652	2.84e-08	73.1	7962	N/A
72_8_1268_32624_19210/1	gi|2978724457|gb|PV611058.1|	91.228	57	1	3	84	137	295321	295376	7.91e-09	75.0	3421660	N/A
72_8_1268_32624_19210/1	gi|2978724457|gb|PV611058.1|	91.228	57	1	3	84	137	295784	295839	7.91e-09	75.0	3421660	N/A
72_8_1268_32624_19210/1	gi|2557643774|emb|OY673254.1|	95.652	46	2	0	84	129	21732	21777	7.91e-09	75.0	2697049	N/A
72_8_1268_32624_19210/1	gi|2463378371|dbj|AP027461.1|	95.652	46	2	0	84	129	1299632	1299677	7.91e-09	75.0	511145	N/A
72_8_1268_32624_19210/1	gi|2463378371|dbj|AP027461.1|	95.652	46	2	0	84	129	1628404	1628359	7.91e-09	75.0	511145	N/A
72_8_1268_32624_19210/1	gi|685042161|emb|LN590686.1|	92.593	54	1	3	72	123	20813819	20813871	7.91e-09	75.0	7962	N/A
72_8_1268_32624_19210/1	gi|685042161|emb|LN590686.1|	95.349	43	0	2	83	123	4545830	4545872	1.32e-06	67.6	7962	N/A
72_8_1268_32624_19210/1	gi|685042161|emb|LN590686.1|	95.349	43	0	2	83	123	28125759	28125801	1.32e-06	67.6	7962	N/A
72_8_1268_32624_19210/1	gi|685042161|emb|LN590686.1|	95.238	42	0	2	84	123	6380194	6380235	4.76e-06	65.8	7962	N/A
72_8_1268_32624_19210/1	gi|685042161|emb|LN590686.1|	95.238	42	0	2	84	123	12304839	12304798	4.76e-06	65.8	7962	N/A
72_8_1268_32624_19210/1	gi|685042161|emb|LN590686.1|	95.238	42	0	2	84	123	17091846	17091887	4.76e-06	65.8	7962	N/A
72_8_1268_32624_19210/1	gi|685042161|emb|LN590686.1|	94.872	39	0	2	87	123	12436830	12436868	2.21e-04	60.2	7962	N/A
72_8_1268_32624_19210/1	gi|2557648311|emb|OY677105.1|	97.674	43	0	1	77	118	9636	9678	2.84e-08	73.1	2697049	N/A
72_8_1428_21878_21816/1	gi|2978724457|gb|PV611058.1|	91.803	61	1	3	69	126	295321	295380	4.72e-11	82.4	3421660	N/A
72_8_1428_21878_21816/1	gi|2978724457|gb|PV611058.1|	91.667	60	1	3	69	125	295784	295842	1.70e-10	80.5	3421660	N/A
72_8_1428_21878_21816/1	gi|2830983252|gb|CP170844.1|	86.957	69	7	1	67	133	4083425	4083357	2.20e-09	76.8	573	N/A
72_8_1428_21878_21816/1	gi|2557643774|emb|OY673254.1|	95.652	46	2	0	69	114	21732	21777	7.91e-09	75.0	2697049	N/A
72_8_1428_21878_21816/1	gi|2463378371|dbj|AP027461.1|	95.652	46	2	0	69	114	1299632	1299677	7.91e-09	75.0	511145	N/A
72_8_1428_21878_21816/1	gi|2463378371|dbj|AP027461.1|	95.652	46	2	0	69	114	1628404	1628359	7.91e-09	75.0	511145	N/A
72_8_1428_21878_21816/1	gi|2165836832|emb|OV197136.1|	93.878	49	1	2	67	114	118	71	2.84e-08	73.1	2697049	N/A
72_8_1397_24581_27307/1	gi|2978724457|gb|PV611058.1|	93.333	90	2	3	51	137	295321	295409	1.66e-25	130	3421660	N/A
72_8_1397_24581_27307/1	gi|2978724457|gb|PV611058.1|	91.667	60	1	3	51	107	295784	295842	1.70e-10	80.5	3421660	N/A
72_8_1397_24581_27307/1	gi|2557638192|emb|OY694677.1|	91.525	59	2	3	39	96	4290	4346	6.11e-10	78.7	2697049	N/A
72_8_1397_24581_27307/1	gi|2830983252|gb|CP170844.1|	82.022	89	14	1	51	137	4083423	4083335	7.91e-09	75.0	573	N/A
72_8_1397_24581_27307/1	gi|2560271083|emb|OY714119.1|	95.745	47	1	1	39	85	4290	4335	7.91e-09	75.0	2697049	N/A
72_8_1397_24581_27307/1	gi|2557643774|emb|OY673254.1|	95.652	46	2	0	51	96	21732	21777	7.91e-09	75.0	2697049	N/A
72_8_1151_22898_21143/1	gi|2830983252|gb|CP170844.1|	88.421	95	8	2	45	137	4083423	4083330	6.03e-20	111	573	N/A
72_8_1151_22898_21143/1	gi|2978724457|gb|PV611058.1|	84.375	96	13	2	44	137	295320	295415	2.18e-14	93.5	3421660	N/A
72_8_1151_22898_21143/1	gi|2978724457|gb|PV611058.1|	91.803	61	3	2	44	102	295783	295843	1.31e-11	84.2	3421660	N/A
72_8_1151_22898_21143/1	gi|2560271083|emb|OY714119.1|	95.745	47	1	1	33	79	4290	4335	7.91e-09	75.0	2697049	N/A
72_8_1151_22898_21143/1	gi|2557643774|emb|OY673254.1|	95.652	46	2	0	45	90	21732	21777	7.91e-09	75.0	2697049	N/A
72_8_1151_22898_21143/1	gi|2557638192|emb|OY694677.1|	95.745	47	1	1	33	79	4290	4335	7.91e-09	75.0	2697049	N/A
72_8_2383_17006_13663/1	gi|2609791700|gb|OR652422.1|	100.000	34	0	0	96	129	9244	9277	1.71e-05	63.9	10376	N/A
72_8_2383_17006_13663/1	gi|685042780|emb|LN591305.1|	95.122	41	0	2	96	134	216432	216392	1.71e-05	63.9	7962	N/A
72_8_2383_17006_13663/1	gi|2165834303|emb|OV196009.1|	95.122	41	1	1	95	134	116	76	1.71e-05	63.9	2697049	N/A
72_8_2383_17006_13663/1	gi|2165834303|emb|OV196009.1|	95.122	41	1	1	95	134	29911	29951	1.71e-05	63.9	2697049	N/A
72_8_2383_17006_13663/1	gi|2557638192|emb|OY694677.1|	95.000	40	0	2	96	134	4301	4339	6.15e-05	62.1	2697049	N/A
72_8_2383_17006_13663/1	gi|2313021230|gb|CP102930.1|	100.000	33	0	0	96	128	909492	909460	6.15e-05	62.1	959	N/A
72_8_1205_20761_7612/1	gi|2978724457|gb|PV611058.1|	92.857	126	4	4	15	137	295321	295444	5.86e-40	178	3421660	N/A
72_8_1205_20761_7612/1	gi|2978724457|gb|PV611058.1|	91.667	60	1	3	15	71	295784	295842	1.70e-10	80.5	3421660	N/A
72_8_1205_20761_7612/1	gi|2830983252|gb|CP170844.1|	86.170	94	10	2	15	105	4083423	4083330	4.69e-16	99.0	573	N/A
72_8_1205_20761_7612/1	gi|2557643774|emb|OY673254.1|	95.652	46	2	0	15	60	21732	21777	7.91e-09	75.0	2697049	N/A
72_8_1205_20761_7612/1	gi|2463378371|dbj|AP027461.1|	95.652	46	2	0	15	60	1299632	1299677	7.91e-09	75.0	511145	N/A
72_8_1205_20761_7612/1	gi|2463378371|dbj|AP027461.1|	95.652	46	2	0	15	60	1628404	1628359	7.91e-09	75.0	511145	N/A
72_8_1205_20761_7612/1	gi|780644672|ref|XM_011690559.1|	97.619	42	1	0	8	49	1031	1072	2.84e-08	73.1	64793	N/A
72_8_2252_34834_8858/1	gi|2978724457|gb|PV611058.1|	88.596	114	9	3	27	137	295321	295433	3.58e-27	135	3421660	N/A
72_8_2252_34834_8858/1	gi|2978724457|gb|PV611058.1|	91.667	60	1	3	27	83	295784	295842	1.70e-10	80.5	3421660	N/A
72_8_2252_34834_8858/1	gi|2830983252|gb|CP170844.1|	90.426	94	7	1	27	118	4083423	4083330	2.78e-23	122	573	N/A
72_8_2252_34834_8858/1	gi|2557643774|emb|OY673254.1|	95.652	46	2	0	27	72	21732	21777	7.91e-09	75.0	2697049	N/A
72_8_2252_34834_8858/1	gi|2463378371|dbj|AP027461.1|	95.652	46	2	0	27	72	1299632	1299677	7.91e-09	75.0	511145	N/A
72_8_2252_34834_8858/1	gi|2463378371|dbj|AP027461.1|	95.652	46	2	0	27	72	1628404	1628359	7.91e-09	75.0	511145	N/A
72_8_2252_34834_8858/1	gi|2165836832|emb|OV197136.1|	92.593	54	1	3	20	72	122	71	7.91e-09	75.0	2697049	N/A
72_8_2159_35764_26830/1	gi|2830983252|gb|CP170844.1|	88.462	78	6	3	63	137	4083423	4083346	7.85e-14	91.6	573	N/A
72_8_2159_35764_26830/1	gi|2978724457|gb|PV611058.1|	91.525	59	1	3	63	118	295321	295378	6.11e-10	78.7	3421660	N/A
72_8_2159_35764_26830/1	gi|2978724457|gb|PV611058.1|	90.476	63	1	4	63	122	295784	295844	6.11e-10	78.7	3421660	N/A
72_8_2159_35764_26830/1	gi|2557643774|emb|OY673254.1|	95.652	46	2	0	63	108	21732	21777	7.91e-09	75.0	2697049	N/A
72_8_2159_35764_26830/1	gi|2463378371|dbj|AP027461.1|	92.453	53	2	2	58	108	1299625	1299677	7.91e-09	75.0	511145	N/A
72_8_2159_35764_26830/1	gi|2463378371|dbj|AP027461.1|	95.652	46	2	0	63	108	1628404	1628359	7.91e-09	75.0	511145	N/A
72_8_2159_35764_26830/1	gi|2560502367|emb|OY629453.1|	100.000	38	0	0	61	98	5916	5953	1.02e-07	71.3	2697049	N/A
72_8_1217_11447_1518/1	gi|2978724457|gb|PV611058.1|	92.913	127	1	6	3	126	295323	295444	5.86e-40	178	3421660	N/A
72_8_1217_11447_1518/1	gi|2978724457|gb|PV611058.1|	91.379	58	1	3	3	57	295786	295842	2.20e-09	76.8	3421660	N/A
72_8_1217_11447_1518/1	gi|2830983252|gb|CP170844.1|	85.870	92	11	1	3	92	4083421	4083330	1.69e-15	97.1	573	N/A
72_8_1217_11447_1518/1	gi|2557643774|emb|OY673254.1|	95.455	44	2	0	3	46	21734	21777	1.02e-07	71.3	2697049	N/A
72_8_1217_11447_1518/1	gi|2463378371|dbj|AP027461.1|	95.455	44	2	0	3	46	1299634	1299677	1.02e-07	71.3	511145	N/A
72_8_1217_11447_1518/1	gi|2463378371|dbj|AP027461.1|	95.455	44	2	0	3	46	1628402	1628359	1.02e-07	71.3	511145	N/A
72_8_1217_11447_1518/1	gi|2991388621|dbj|AP040934.1|	100.000	35	0	0	2	36	4900949	4900915	4.76e-06	65.8	562	N/A
72_8_1217_11447_1518/1	gi|2991388621|dbj|AP040934.1|	100.000	34	0	0	3	36	146951	146984	1.71e-05	63.9	562	N/A
72_8_1251_26669_13523/1	gi|2557638192|emb|OY694677.1|	91.525	59	2	3	75	132	4290	4346	6.11e-10	78.7	2697049	N/A
72_8_1251_26669_13523/1	gi|2560271083|emb|OY714119.1|	95.745	47	1	1	75	121	4290	4335	7.91e-09	75.0	2697049	N/A
72_8_1251_26669_13523/1	gi|2557643774|emb|OY673254.1|	95.652	46	2	0	87	132	21732	21777	7.91e-09	75.0	2697049	N/A
72_8_1251_26669_13523/1	gi|2463378371|dbj|AP027461.1|	95.652	46	2	0	87	132	1299632	1299677	7.91e-09	75.0	511145	N/A
72_8_1251_26669_13523/1	gi|2463378371|dbj|AP027461.1|	95.652	46	2	0	87	132	1628404	1628359	7.91e-09	75.0	511145	N/A
72_8_1251_26669_13523/1	gi|685042802|emb|LN591327.1|	91.228	57	2	3	72	126	61993	62048	7.91e-09	75.0	7962	N/A
72_8_1260_39891_20751/1	gi|2978724457|gb|PV611058.1|	91.603	131	1	6	3	130	295321	295444	2.73e-38	172	3421660	N/A
72_8_1260_39891_20751/1	gi|2978724457|gb|PV611058.1|	91.667	60	1	3	3	59	295784	295842	1.70e-10	80.5	3421660	N/A
72_8_1260_39891_20751/1	gi|2830983252|gb|CP170844.1|	88.421	95	9	1	2	94	4083424	4083330	1.68e-20	113	573	N/A
72_8_1260_39891_20751/1	gi|2557643774|emb|OY673254.1|	95.652	46	2	0	3	48	21732	21777	7.91e-09	75.0	2697049	N/A
72_8_1260_39891_20751/1	gi|2463378371|dbj|AP027461.1|	95.652	46	2	0	3	48	1299632	1299677	7.91e-09	75.0	511145	N/A
72_8_1260_39891_20751/1	gi|2463378371|dbj|AP027461.1|	95.652	46	2	0	3	48	1628404	1628359	7.91e-09	75.0	511145	N/A
72_8_1260_39891_20751/1	gi|2165836832|emb|OV197136.1|	93.750	48	1	2	2	48	117	71	1.02e-07	71.3	2697049	N/A
72_8_2242_49068_5819/1	gi|2978724457|gb|PV611058.1|	90.541	74	5	2	65	136	295321	295394	1.69e-15	97.1	3421660	N/A
72_8_2242_49068_5819/1	gi|2978724457|gb|PV611058.1|	88.525	61	3	4	65	123	295784	295842	1.02e-07	71.3	3421660	N/A
72_8_2242_49068_5819/1	gi|2557643774|emb|OY673254.1|	95.652	46	2	0	65	110	21732	21777	7.91e-09	75.0	2697049	N/A
72_8_2242_49068_5819/1	gi|2165832678|emb|OV195277.1|	92.453	53	3	1	58	110	138	87	7.91e-09	75.0	2697049	N/A
72_8_2242_49068_5819/1	gi|2165832904|emb|OV195202.1|	97.674	43	0	1	58	100	241	200	2.84e-08	73.1	2697049	N/A
72_8_2242_49068_5819/1	gi|2165836382|emb|OV196890.1|	97.619	42	0	1	58	99	123	83	1.02e-07	71.3	2697049	N/A
72_8_2438_31888_10735/1	gi|2978724457|gb|PV611058.1|	92.188	64	1	3	73	133	295318	295380	1.02e-12	87.9	3421660	N/A
72_8_2438_31888_10735/1	gi|2978724457|gb|PV611058.1|	92.063	63	1	3	73	132	295781	295842	3.65e-12	86.1	3421660	N/A
72_8_2438_31888_10735/1	gi|2557643774|emb|OY673254.1|	92.453	53	2	2	71	121	21725	21777	7.91e-09	75.0	2697049	N/A
72_8_2438_31888_10735/1	gi|2463378371|dbj|AP027461.1|	95.652	46	2	0	76	121	1299632	1299677	7.91e-09	75.0	511145	N/A
72_8_2438_31888_10735/1	gi|2463378371|dbj|AP027461.1|	95.652	46	2	0	76	121	1628404	1628359	7.91e-09	75.0	511145	N/A
72_8_2438_31888_10735/1	gi|2319067183|gb|CP107088.1|	100.000	40	0	0	71	110	608308	608347	7.91e-09	75.0	630	N/A
72_8_2438_31888_10735/1	gi|685047827|emb|LN596339.1|	94.000	50	1	2	68	115	601778	601827	7.91e-09	75.0	7962	N/A
72_8_1417_30860_16409/1	gi|2978724457|gb|PV611058.1|	92.126	127	1	8	1	124	295324	295444	9.80e-38	171	3421660	N/A
72_8_1417_30860_16409/1	gi|2978724457|gb|PV611058.1|	91.228	57	1	3	1	54	295787	295842	7.91e-09	75.0	3421660	N/A
72_8_1417_30860_16409/1	gi|2830983252|gb|CP170844.1|	82.796	93	12	3	1	91	4083420	4083330	1.70e-10	80.5	573	N/A
72_8_1417_30860_16409/1	gi|2557643774|emb|OY673254.1|	95.349	43	2	0	1	43	21735	21777	3.68e-07	69.4	2697049	N/A
72_8_1417_30860_16409/1	gi|2463378371|dbj|AP027461.1|	95.349	43	2	0	1	43	1299635	1299677	3.68e-07	69.4	511145	N/A
72_8_1417_30860_16409/1	gi|2463378371|dbj|AP027461.1|	95.349	43	2	0	1	43	1628401	1628359	3.68e-07	69.4	511145	N/A
72_8_1417_30860_16409/1	gi|2755084441|gb|PP943425.1|	93.182	44	1	2	1	43	67822	67780	1.71e-05	63.9	10258	N/A
72_8_1417_30860_16409/1	gi|2755084441|gb|PP943425.1|	93.023	43	1	2	1	42	67594	67635	6.15e-05	62.1	10258	N/A
72_8_1189_6721_14686/1	gi|2459368738|ref|NC_072123.1|	87.879	66	8	0	12	77	573	508	6.11e-10	78.7	2764642	N/A
72_8_1189_6721_14686/1	gi|499285638|gb|KC998044.1|	92.000	50	4	0	28	77	601	650	1.02e-07	71.3	155900	N/A
72_8_1189_6721_14686/1	gi|2321929434|emb|OX359267.1|	86.441	59	8	0	24	82	5982857	5982799	4.76e-06	65.8	4052	N/A
72_8_1189_6721_14686/1	gi|2452977696|gb|OP752675.1|	100.000	32	0	0	93	124	13822	13853	2.21e-04	60.2	70177	N/A
72_8_2292_7377_23104/1	gi|2978724457|gb|PV611058.1|	92.308	65	1	3	72	133	295321	295384	2.82e-13	89.8	3421660	N/A
72_8_2292_7377_23104/1	gi|2978724457|gb|PV611058.1|	91.667	60	1	3	72	128	295784	295842	1.70e-10	80.5	3421660	N/A
72_8_2292_7377_23104/1	gi|685042185|emb|LN590710.1|	97.727	44	1	0	62	105	9162079	9162122	2.20e-09	76.8	7962	N/A
72_8_2292_7377_23104/1	gi|685042185|emb|LN590710.1|	95.238	42	0	2	72	111	3790452	3790411	4.76e-06	65.8	7962	N/A
72_8_2292_7377_23104/1	gi|685042185|emb|LN590710.1|	95.238	42	0	2	72	111	6008694	6008735	4.76e-06	65.8	7962	N/A
72_8_2292_7377_23104/1	gi|685042185|emb|LN590710.1|	95.238	42	0	2	72	111	10218503	10218544	4.76e-06	65.8	7962	N/A
72_8_2292_7377_23104/1	gi|2557643774|emb|OY673254.1|	95.652	46	2	0	72	117	21732	21777	7.91e-09	75.0	2697049	N/A
72_8_2292_7377_23104/1	gi|2463378371|dbj|AP027461.1|	95.652	46	2	0	72	117	1299632	1299677	7.91e-09	75.0	511145	N/A
72_8_2292_7377_23104/1	gi|2463378371|dbj|AP027461.1|	95.652	46	2	0	72	117	1628404	1628359	7.91e-09	75.0	511145	N/A
72_8_2292_7377_23104/1	gi|2165836832|emb|OV197136.1|	92.593	54	1	3	65	117	122	71	7.91e-09	75.0	2697049	N/A
72_8_2131_6260_2961/1	gi|2978724457|gb|PV611058.1|	89.683	126	8	4	15	137	295321	295444	2.74e-33	156	3421660	N/A
72_8_2131_6260_2961/1	gi|2978724457|gb|PV611058.1|	91.667	60	1	3	15	71	295784	295842	1.70e-10	80.5	3421660	N/A
72_8_2131_6260_2961/1	gi|2830983252|gb|CP170844.1|	88.421	95	8	2	15	107	4083423	4083330	6.03e-20	111	573	N/A
72_8_2131_6260_2961/1	gi|2524352013|emb|OY072335.1|	97.727	44	1	0	5	48	21648	21691	2.20e-09	76.8	2697049	N/A
72_8_2131_6260_2961/1	gi|685046059|emb|LN594584.1|	92.593	54	2	2	3	54	7182	7129	2.20e-09	76.8	7962	N/A
72_8_2131_6260_2961/1	gi|2557643774|emb|OY673254.1|	93.878	49	3	0	12	60	21729	21777	7.91e-09	75.0	2697049	N/A
72_8_2432_12394_24337/1	gi|2842144962|emb|OZ196742.1|	100.000	30	0	0	58	87	9190446	9190417	0.003	56.5	988042	N/A
72_8_2480_16917_5468/1	gi|2957934459|dbj|AP038996.1|	100.000	32	0	0	1	32	10050490	10050459	2.21e-04	60.2	84557	N/A
72_8_1410_11059_15974/1	gi|2805792360|gb|PQ124709.1|	100.000	60	0	0	2	61	12991	12932	6.03e-20	111	113209	N/A
72_8_1410_11059_15974/1	gi|2805792263|gb|PQ124708.1|	100.000	60	0	0	2	61	12990	12931	6.03e-20	111	197811	N/A
72_8_1410_11059_15974/1	gi|2805792167|gb|PQ124707.1|	100.000	60	0	0	2	61	12990	12931	6.03e-20	111	29818	N/A
72_8_1410_11059_15974/1	gi|2805792070|gb|PQ124706.1|	100.000	60	0	0	2	61	13030	12971	6.03e-20	111	197796	N/A
72_8_1410_11059_15974/1	gi|2724828596|ref|NC_088481.1|	100.000	60	0	0	2	61	12996	12937	6.03e-20	111	113209	N/A
72_8_2439_18285_25037/1	gi|2557648311|emb|OY677105.1|	97.674	43	0	1	94	135	9636	9678	2.84e-08	73.1	2697049	N/A
72_8_2439_18285_25037/1	gi|2165832904|emb|OV195202.1|	97.674	43	0	1	94	136	241	200	2.84e-08	73.1	2697049	N/A
72_8_2439_18285_25037/1	gi|2165836382|emb|OV196890.1|	97.619	42	0	1	94	135	123	83	1.02e-07	71.3	2697049	N/A
72_8_2439_18285_25037/1	gi|2165834670|emb|OV196177.1|	97.619	42	0	1	94	135	123	83	1.02e-07	71.3	2697049	N/A
72_8_2439_18285_25037/1	gi|2165834303|emb|OV196009.1|	97.619	42	0	1	94	135	121	81	1.02e-07	71.3	2697049	N/A
72_8_2439_18285_25037/1	gi|2165834303|emb|OV196009.1|	100.000	36	0	0	100	135	29911	29946	1.32e-06	67.6	2697049	N/A
72_8_1172_2732_8424/1	gi|2830983252|gb|CP170844.1|	90.698	86	6	1	54	137	4083423	4083338	1.68e-20	113	573	N/A
72_8_1172_2732_8424/1	gi|2978724457|gb|PV611058.1|	91.935	62	1	3	54	112	295784	295844	1.31e-11	84.2	3421660	N/A
72_8_1172_2732_8424/1	gi|2978724457|gb|PV611058.1|	91.667	60	1	3	54	110	295321	295379	1.70e-10	80.5	3421660	N/A
72_8_1172_2732_8424/1	gi|2557643774|emb|OY673254.1|	95.652	46	2	0	54	99	21732	21777	7.91e-09	75.0	2697049	N/A
72_8_1172_2732_8424/1	gi|2463378371|dbj|AP027461.1|	95.652	46	2	0	54	99	1299632	1299677	7.91e-09	75.0	511145	N/A
72_8_1172_2732_8424/1	gi|2463378371|dbj|AP027461.1|	95.652	46	2	0	54	99	1628404	1628359	7.91e-09	75.0	511145	N/A
72_8_1172_2732_8424/1	gi|685042160|emb|LN590685.1|	95.745	47	0	2	49	93	16867632	16867586	7.91e-09	75.0	7962	N/A
72_8_1172_2732_8424/1	gi|685042160|emb|LN590685.1|	93.617	47	1	2	49	93	850804	850850	3.68e-07	69.4	7962	N/A
72_8_1172_2732_8424/1	gi|685042160|emb|LN590685.1|	95.238	42	0	2	54	93	14193258	14193217	4.76e-06	65.8	7962	N/A
72_8_1172_2732_8424/1	gi|685042160|emb|LN590685.1|	95.238	42	0	2	54	93	18159835	18159794	4.76e-06	65.8	7962	N/A
72_8_1245_10670_17403/1	gi|2978724457|gb|PV611058.1|	88.889	126	9	4	15	137	295321	295444	1.28e-31	150	3421660	N/A
72_8_1245_10670_17403/1	gi|2978724457|gb|PV611058.1|	91.803	61	1	3	15	72	295784	295843	4.72e-11	82.4	3421660	N/A
72_8_1245_10670_17403/1	gi|2830983252|gb|CP170844.1|	89.474	95	7	2	15	107	4083423	4083330	1.30e-21	117	573	N/A
72_8_1245_10670_17403/1	gi|2557643774|emb|OY673254.1|	95.652	46	2	0	15	60	21732	21777	7.91e-09	75.0	2697049	N/A
72_8_1245_10670_17403/1	gi|2463378371|dbj|AP027461.1|	93.878	49	3	0	12	60	1299629	1299677	7.91e-09	75.0	511145	N/A
72_8_1245_10670_17403/1	gi|2463378371|dbj|AP027461.1|	95.652	46	2	0	15	60	1628404	1628359	7.91e-09	75.0	511145	N/A
72_8_1245_10670_17403/1	gi|685049067|emb|LN597579.1|	100.000	40	0	0	10	49	1397	1436	7.91e-09	75.0	7962	N/A
72_8_2241_45815_27643/1	gi|2978724457|gb|PV611058.1|	88.776	98	7	3	43	137	295316	295412	1.30e-21	117	3421660	N/A
72_8_2241_45815_27643/1	gi|2978724457|gb|PV611058.1|	87.879	66	3	4	43	105	295779	295842	2.84e-08	73.1	3421660	N/A
72_8_2241_45815_27643/1	gi|2830983252|gb|CP170844.1|	82.796	93	13	2	48	137	4083423	4083331	1.70e-10	80.5	573	N/A
72_8_2241_45815_27643/1	gi|685042247|emb|LN590772.1|	95.745	47	0	2	43	87	76662	76708	7.91e-09	75.0	7962	N/A
72_8_2241_45815_27643/1	gi|685042165|emb|LN590690.1|	95.745	47	0	2	43	87	9025310	9025264	7.91e-09	75.0	7962	N/A
72_8_2241_45815_27643/1	gi|685042165|emb|LN590690.1|	95.556	45	0	2	45	87	2184299	2184343	1.02e-07	71.3	7962	N/A
72_8_2241_45815_27643/1	gi|685042165|emb|LN590690.1|	95.238	42	0	2	48	87	6084799	6084840	4.76e-06	65.8	7962	N/A
72_8_2241_45815_27643/1	gi|685042165|emb|LN590690.1|	95.238	42	0	2	48	87	9280435	9280476	4.76e-06	65.8	7962	N/A
72_8_2241_45815_27643/1	gi|685042161|emb|LN590686.1|	92.593	54	1	3	36	87	20813819	20813871	7.91e-09	75.0	7962	N/A
72_8_2241_45815_27643/1	gi|685042161|emb|LN590686.1|	95.455	44	0	2	46	87	28125758	28125801	3.68e-07	69.4	7962	N/A
72_8_2241_45815_27643/1	gi|685042161|emb|LN590686.1|	95.349	43	0	2	47	87	4545830	4545872	1.32e-06	67.6	7962	N/A
72_8_2241_45815_27643/1	gi|685042161|emb|LN590686.1|	93.617	47	0	3	44	87	6380189	6380235	1.32e-06	67.6	7962	N/A
72_8_2241_45815_27643/1	gi|685042161|emb|LN590686.1|	95.238	42	0	2	48	87	12304839	12304798	4.76e-06	65.8	7962	N/A
72_8_2241_45815_27643/1	gi|685042161|emb|LN590686.1|	95.238	42	0	2	48	87	17091846	17091887	4.76e-06	65.8	7962	N/A
72_8_2241_45815_27643/1	gi|685042161|emb|LN590686.1|	94.872	39	0	2	51	87	12436830	12436868	2.21e-04	60.2	7962	N/A
72_8_1326_17613_20233/1	gi|2978724457|gb|PV611058.1|	91.011	89	6	2	51	137	295321	295409	3.60e-22	119	3421660	N/A
72_8_1326_17613_20233/1	gi|2978724457|gb|PV611058.1|	91.525	59	3	2	51	107	295784	295842	1.70e-10	80.5	3421660	N/A
72_8_1326_17613_20233/1	gi|2830983252|gb|CP170844.1|	84.444	90	11	2	51	137	4083423	4083334	3.65e-12	86.1	573	N/A
72_8_1326_17613_20233/1	gi|2557643774|emb|OY673254.1|	91.228	57	4	1	41	96	21721	21777	2.20e-09	76.8	2697049	N/A
72_8_1326_17613_20233/1	gi|780644672|ref|XM_011690559.1|	100.000	39	0	0	50	88	1037	1075	2.84e-08	73.1	64793	N/A
72_8_1326_17613_20233/1	gi|685044342|emb|LN592867.1|	97.674	43	0	1	42	84	33485	33444	2.84e-08	73.1	7962	N/A
72_8_1352_48793_6407/1	gi|2978724457|gb|PV611058.1|	92.793	111	4	3	30	137	295321	295430	7.63e-34	158	3421660	N/A
72_8_1352_48793_6407/1	gi|2978724457|gb|PV611058.1|	91.935	62	1	3	30	88	295784	295844	1.31e-11	84.2	3421660	N/A
72_8_1352_48793_6407/1	gi|2830983252|gb|CP170844.1|	85.106	94	11	2	30	120	4083423	4083330	2.18e-14	93.5	573	N/A
72_8_1352_48793_6407/1	gi|2557643774|emb|OY673254.1|	95.652	46	2	0	30	75	21732	21777	7.91e-09	75.0	2697049	N/A
72_8_1352_48793_6407/1	gi|2557638192|emb|OY694677.1|	91.228	57	2	3	20	75	4292	4346	7.91e-09	75.0	2697049	N/A
72_8_1352_48793_6407/1	gi|2463378371|dbj|AP027461.1|	95.652	46	2	0	30	75	1299632	1299677	7.91e-09	75.0	511145	N/A
72_8_1352_48793_6407/1	gi|2463378371|dbj|AP027461.1|	95.652	46	2	0	30	75	1628404	1628359	7.91e-09	75.0	511145	N/A
72_8_1252_31896_7163/1	gi|2978724457|gb|PV611058.1|	91.339	127	6	4	14	137	295320	295444	3.53e-37	169	3421660	N/A
72_8_1252_31896_7163/1	gi|2978724457|gb|PV611058.1|	91.803	61	1	3	14	71	295783	295842	4.72e-11	82.4	3421660	N/A
72_8_1252_31896_7163/1	gi|2830983252|gb|CP170844.1|	88.298	94	9	1	15	106	4083423	4083330	6.03e-20	111	573	N/A
72_8_1252_31896_7163/1	gi|2557643774|emb|OY673254.1|	95.652	46	2	0	15	60	21732	21777	7.91e-09	75.0	2697049	N/A
72_8_1252_31896_7163/1	gi|2463378371|dbj|AP027461.1|	95.652	46	2	0	15	60	1299632	1299677	7.91e-09	75.0	511145	N/A
72_8_1252_31896_7163/1	gi|2463378371|dbj|AP027461.1|	95.652	46	2	0	15	60	1628404	1628359	7.91e-09	75.0	511145	N/A
72_8_1252_31896_7163/1	gi|685042802|emb|LN591327.1|	92.593	54	1	3	3	54	61996	62048	7.91e-09	75.0	7962	N/A
72_8_2173_40846_7724/1	gi|2978724457|gb|PV611058.1|	89.011	91	6	3	50	137	295318	295407	2.17e-19	110	3421660	N/A
72_8_2173_40846_7724/1	gi|2978724457|gb|PV611058.1|	90.476	63	2	3	50	109	295781	295842	1.70e-10	80.5	3421660	N/A
72_8_2173_40846_7724/1	gi|2830983252|gb|CP170844.1|	85.227	88	11	1	52	137	4083424	4083337	2.82e-13	89.8	573	N/A
72_8_2173_40846_7724/1	gi|2557643774|emb|OY673254.1|	95.652	46	2	0	53	98	21732	21777	7.91e-09	75.0	2697049	N/A
72_8_2173_40846_7724/1	gi|2463378371|dbj|AP027461.1|	95.652	46	2	0	53	98	1299632	1299677	7.91e-09	75.0	511145	N/A
72_8_2173_40846_7724/1	gi|2463378371|dbj|AP027461.1|	95.652	46	2	0	53	98	1628404	1628359	7.91e-09	75.0	511145	N/A
72_8_2173_40846_7724/1	gi|685042161|emb|LN590686.1|	92.593	54	1	3	41	92	20813819	20813871	7.91e-09	75.0	7962	N/A
72_8_2173_40846_7724/1	gi|685042161|emb|LN590686.1|	95.349	43	0	2	52	92	12304840	12304798	1.32e-06	67.6	7962	N/A
72_8_2173_40846_7724/1	gi|685042161|emb|LN590686.1|	95.238	42	0	2	53	92	4545831	4545872	4.76e-06	65.8	7962	N/A
72_8_2173_40846_7724/1	gi|685042161|emb|LN590686.1|	95.238	42	0	2	53	92	6380194	6380235	4.76e-06	65.8	7962	N/A
72_8_2173_40846_7724/1	gi|685042161|emb|LN590686.1|	95.238	42	0	2	53	92	17091846	17091887	4.76e-06	65.8	7962	N/A
72_8_2173_40846_7724/1	gi|685042161|emb|LN590686.1|	95.238	42	0	2	53	92	28125760	28125801	4.76e-06	65.8	7962	N/A
72_8_2173_40846_7724/1	gi|685042161|emb|LN590686.1|	94.872	39	0	2	56	92	12436830	12436868	2.21e-04	60.2	7962	N/A
72_8_1335_50913_10105/1	gi|2978724457|gb|PV611058.1|	86.508	126	12	4	15	137	295321	295444	1.29e-26	134	3421660	N/A
72_8_1335_50913_10105/1	gi|2978724457|gb|PV611058.1|	90.164	61	2	3	15	72	295784	295843	2.20e-09	76.8	3421660	N/A
72_8_1335_50913_10105/1	gi|2557643774|emb|OY673254.1|	95.652	46	2	0	15	60	21732	21777	7.91e-09	75.0	2697049	N/A
72_8_1335_50913_10105/1	gi|2463378371|dbj|AP027461.1|	95.652	46	2	0	15	60	1299632	1299677	7.91e-09	75.0	511145	N/A
72_8_1335_50913_10105/1	gi|2463378371|dbj|AP027461.1|	95.652	46	2	0	15	60	1628404	1628359	7.91e-09	75.0	511145	N/A
72_8_1335_50913_10105/1	gi|2165836832|emb|OV197136.1|	92.593	54	1	3	8	60	122	71	7.91e-09	75.0	2697049	N/A
72_8_1335_50913_10105/1	gi|2165834303|emb|OV196009.1|	92.453	53	3	1	8	60	121	70	7.91e-09	75.0	2697049	N/A
72_8_1335_50913_10105/1	gi|2165834303|emb|OV196009.1|	97.561	41	1	0	14	54	29911	29951	1.02e-07	71.3	2697049	N/A
72_8_1144_45758_22614/1	gi|2978724457|gb|PV611058.1|	90.351	114	7	3	27	137	295321	295433	1.65e-30	147	3421660	N/A
72_8_1144_45758_22614/1	gi|2978724457|gb|PV611058.1|	91.935	62	1	3	27	85	295784	295844	1.31e-11	84.2	3421660	N/A
72_8_1144_45758_22614/1	gi|2830983252|gb|CP170844.1|	88.298	94	8	2	27	117	4083423	4083330	2.17e-19	110	573	N/A
72_8_1144_45758_22614/1	gi|2557643774|emb|OY673254.1|	95.652	46	2	0	27	72	21732	21777	7.91e-09	75.0	2697049	N/A
72_8_1144_45758_22614/1	gi|2463378371|dbj|AP027461.1|	93.878	49	3	0	24	72	1299629	1299677	7.91e-09	75.0	511145	N/A
72_8_1144_45758_22614/1	gi|2463378371|dbj|AP027461.1|	95.652	46	2	0	27	72	1628404	1628359	7.91e-09	75.0	511145	N/A
72_8_1144_45758_22614/1	gi|685049067|emb|LN597579.1|	100.000	40	0	0	22	61	1397	1436	7.91e-09	75.0	7962	N/A
72_8_2201_22105_6463/1	gi|2978724457|gb|PV611058.1|	94.309	123	3	4	1	121	295324	295444	3.50e-42	185	3421660	N/A
72_8_2201_22105_6463/1	gi|2978724457|gb|PV611058.1|	91.071	56	3	2	1	54	295787	295842	7.91e-09	75.0	3421660	N/A
72_8_2201_22105_6463/1	gi|2830983252|gb|CP170844.1|	83.516	91	9	2	1	85	4083420	4083330	1.70e-10	80.5	573	N/A
72_8_2201_22105_6463/1	gi|2557643774|emb|OY673254.1|	95.349	43	2	0	1	43	21735	21777	3.68e-07	69.4	2697049	N/A
72_8_2201_22105_6463/1	gi|780644672|ref|XM_011690559.1|	100.000	35	0	0	1	35	1041	1075	4.76e-06	65.8	64793	N/A
72_8_2201_22105_6463/1	gi|685042188|emb|LN590713.1|	100.000	35	0	0	1	35	7120051	7120085	4.76e-06	65.8	7962	N/A
72_8_2406_23650_19616/1	gi|2978724457|gb|PV611058.1|	91.954	87	3	3	54	137	295321	295406	3.60e-22	119	3421660	N/A
72_8_2406_23650_19616/1	gi|2978724457|gb|PV611058.1|	91.525	59	1	3	54	109	295784	295841	6.11e-10	78.7	3421660	N/A
72_8_2406_23650_19616/1	gi|2557643774|emb|OY673254.1|	95.652	46	2	0	54	99	21732	21777	7.91e-09	75.0	2697049	N/A
72_8_2406_23650_19616/1	gi|2557638192|emb|OY694677.1|	91.228	57	2	3	44	99	4292	4346	7.91e-09	75.0	2697049	N/A
72_8_2406_23650_19616/1	gi|2463378371|dbj|AP027461.1|	95.652	46	2	0	54	99	1299632	1299677	7.91e-09	75.0	511145	N/A
72_8_2406_23650_19616/1	gi|2463378371|dbj|AP027461.1|	95.652	46	2	0	54	99	1628404	1628359	7.91e-09	75.0	511145	N/A
72_8_2406_23650_19616/1	gi|685042206|emb|LN590731.1|	93.878	49	1	2	48	94	347604	347652	2.84e-08	73.1	7962	N/A
72_8_2387_20033_25261/1	gi|2978724457|gb|PV611058.1|	92.000	125	7	3	15	137	295321	295444	2.73e-38	172	3421660	N/A
72_8_2387_20033_25261/1	gi|2978724457|gb|PV611058.1|	91.525	59	3	2	15	71	295784	295842	1.70e-10	80.5	3421660	N/A
72_8_2387_20033_25261/1	gi|2830983252|gb|CP170844.1|	87.234	94	10	1	15	106	4083423	4083330	2.80e-18	106	573	N/A
72_8_2387_20033_25261/1	gi|2557643774|emb|OY673254.1|	95.652	46	2	0	15	60	21732	21777	7.91e-09	75.0	2697049	N/A
72_8_2387_20033_25261/1	gi|780644672|ref|XM_011690559.1|	100.000	40	0	0	13	52	1036	1075	7.91e-09	75.0	64793	N/A
72_8_2387_20033_25261/1	gi|2056797228|tpg|BK057247.1|	100.000	39	0	0	13	51	42089	42127	2.84e-08	73.1	38018	N/A
72_8_1346_49829_7079/1	gi|2830983252|gb|CP170844.1|	90.625	96	6	2	41	134	4083424	4083330	7.74e-24	124	573	N/A
72_8_1346_49829_7079/1	gi|2978724457|gb|PV611058.1|	84.848	99	11	3	42	137	295321	295418	1.69e-15	97.1	3421660	N/A
72_8_1346_49829_7079/1	gi|2978724457|gb|PV611058.1|	91.935	62	1	3	42	100	295784	295844	1.31e-11	84.2	3421660	N/A
72_8_1346_49829_7079/1	gi|685045708|emb|LN594233.1|	94.231	52	1	2	32	81	80413	80362	6.11e-10	78.7	7962	N/A
72_8_1346_49829_7079/1	gi|2557643774|emb|OY673254.1|	95.652	46	2	0	42	87	21732	21777	7.91e-09	75.0	2697049	N/A
72_8_1346_49829_7079/1	gi|2755084441|gb|PP943425.1|	81.319	91	15	2	42	131	67825	67736	2.84e-08	73.1	10258	N/A
72_8_1346_49829_7079/1	gi|2755084441|gb|PP943425.1|	93.750	48	1	2	40	86	67589	67635	1.02e-07	71.3	10258	N/A
72_8_2406_23165_2947/1	gi|2978724457|gb|PV611058.1|	90.698	129	7	4	12	137	295318	295444	1.27e-36	167	3421660	N/A
72_8_2406_23165_2947/1	gi|2978724457|gb|PV611058.1|	90.323	62	2	3	12	70	295781	295841	6.11e-10	78.7	3421660	N/A
72_8_2406_23165_2947/1	gi|2830983252|gb|CP170844.1|	86.458	96	9	3	14	106	4083424	4083330	3.63e-17	102	573	N/A
72_8_2406_23165_2947/1	gi|685046059|emb|LN594584.1|	92.593	54	2	2	3	54	7182	7129	2.20e-09	76.8	7962	N/A
72_8_2406_23165_2947/1	gi|2557643774|emb|OY673254.1|	95.652	46	2	0	15	60	21732	21777	7.91e-09	75.0	2697049	N/A
72_8_2406_23165_2947/1	gi|2463378371|dbj|AP027461.1|	95.652	46	2	0	15	60	1299632	1299677	7.91e-09	75.0	511145	N/A
72_8_2406_23165_2947/1	gi|2463378371|dbj|AP027461.1|	95.652	46	2	0	15	60	1628404	1628359	7.91e-09	75.0	511145	N/A
72_8_2398_3322_9615/1	gi|2978724457|gb|PV611058.1|	91.398	93	4	3	48	137	295321	295412	7.74e-24	124	3421660	N/A
72_8_2398_3322_9615/1	gi|2978724457|gb|PV611058.1|	90.000	60	2	3	48	104	295784	295842	7.91e-09	75.0	3421660	N/A
72_8_2398_3322_9615/1	gi|2830983252|gb|CP170844.1|	83.333	96	12	2	46	137	4083425	4083330	3.65e-12	86.1	573	N/A
72_8_2398_3322_9615/1	gi|2524352013|emb|OY072335.1|	97.727	44	1	0	38	81	21648	21691	2.20e-09	76.8	2697049	N/A
72_8_2398_3322_9615/1	gi|685049978|emb|LN598497.1|	95.745	47	0	2	43	87	5650	5604	7.91e-09	75.0	7962	N/A
72_8_2398_3322_9615/1	gi|2165834303|emb|OV196009.1|	97.619	42	1	0	46	87	117	76	2.84e-08	73.1	2697049	N/A
72_8_2398_3322_9615/1	gi|2165834303|emb|OV196009.1|	97.561	41	1	0	47	87	29911	29951	1.02e-07	71.3	2697049	N/A
72_8_2132_17395_21171/1	gi|2978724457|gb|PV611058.1|	86.842	76	6	3	60	132	295320	295394	4.72e-11	82.4	3421660	N/A
72_8_2132_17395_21171/1	gi|2978724457|gb|PV611058.1|	89.062	64	1	5	60	120	295783	295843	7.91e-09	75.0	3421660	N/A
72_8_2132_17395_21171/1	gi|2557643774|emb|OY673254.1|	95.652	46	2	0	61	106	21732	21777	7.91e-09	75.0	2697049	N/A
72_8_2132_17395_21171/1	gi|2463378371|dbj|AP027461.1|	93.878	49	3	0	58	106	1299629	1299677	7.91e-09	75.0	511145	N/A
72_8_2132_17395_21171/1	gi|2463378371|dbj|AP027461.1|	95.652	46	2	0	61	106	1628404	1628359	7.91e-09	75.0	511145	N/A
72_8_2132_17395_21171/1	gi|685047827|emb|LN596339.1|	94.000	50	1	2	53	100	601778	601827	7.91e-09	75.0	7962	N/A
72_8_2132_17395_21171/1	gi|685042161|emb|LN590686.1|	92.593	54	1	3	49	100	20813819	20813871	7.91e-09	75.0	7962	N/A
72_8_2132_17395_21171/1	gi|685042161|emb|LN590686.1|	95.455	44	0	2	59	100	6380192	6380235	3.68e-07	69.4	7962	N/A
72_8_2132_17395_21171/1	gi|685042161|emb|LN590686.1|	95.238	42	0	2	61	100	4545831	4545872	4.76e-06	65.8	7962	N/A
72_8_2132_17395_21171/1	gi|685042161|emb|LN590686.1|	95.238	42	0	2	61	100	12304839	12304798	4.76e-06	65.8	7962	N/A
72_8_2132_17395_21171/1	gi|685042161|emb|LN590686.1|	95.238	42	0	2	61	100	17091846	17091887	4.76e-06	65.8	7962	N/A
72_8_2132_17395_21171/1	gi|685042161|emb|LN590686.1|	95.238	42	0	2	61	100	28125760	28125801	4.76e-06	65.8	7962	N/A
72_8_2132_17395_21171/1	gi|685042161|emb|LN590686.1|	94.872	39	0	2	64	100	12436830	12436868	2.21e-04	60.2	7962	N/A
72_8_2317_40506_10946/1	gi|2978724457|gb|PV611058.1|	91.270	126	6	4	15	137	295321	295444	1.27e-36	167	3421660	N/A
72_8_2317_40506_10946/1	gi|2978724457|gb|PV611058.1|	91.667	60	1	3	15	71	295784	295842	1.70e-10	80.5	3421660	N/A
72_8_2317_40506_10946/1	gi|2830983252|gb|CP170844.1|	88.421	95	9	1	14	106	4083424	4083330	1.68e-20	113	573	N/A
72_8_2317_40506_10946/1	gi|2557643774|emb|OY673254.1|	95.652	46	2	0	15	60	21732	21777	7.91e-09	75.0	2697049	N/A
72_8_2317_40506_10946/1	gi|2557638192|emb|OY694677.1|	91.228	57	2	3	5	60	4292	4346	7.91e-09	75.0	2697049	N/A
72_8_2317_40506_10946/1	gi|2463378371|dbj|AP027461.1|	95.652	46	2	0	15	60	1299632	1299677	7.91e-09	75.0	511145	N/A
72_8_2317_40506_10946/1	gi|2463378371|dbj|AP027461.1|	95.652	46	2	0	15	60	1628404	1628359	7.91e-09	75.0	511145	N/A
72_8_2182_29477_13985/1	gi|2978724457|gb|PV611058.1|	93.651	126	3	4	15	137	295321	295444	1.26e-41	183	3421660	N/A
72_8_2182_29477_13985/1	gi|2978724457|gb|PV611058.1|	91.667	60	1	3	15	71	295784	295842	1.70e-10	80.5	3421660	N/A
72_8_2182_29477_13985/1	gi|2830983252|gb|CP170844.1|	85.106	94	12	1	15	106	4083423	4083330	6.07e-15	95.3	573	N/A
72_8_2182_29477_13985/1	gi|2557643774|emb|OY673254.1|	95.652	46	2	0	15	60	21732	21777	7.91e-09	75.0	2697049	N/A
72_8_2182_29477_13985/1	gi|2463378371|dbj|AP027461.1|	93.878	49	3	0	12	60	1299629	1299677	7.91e-09	75.0	511145	N/A
72_8_2182_29477_13985/1	gi|2463378371|dbj|AP027461.1|	95.652	46	2	0	15	60	1628404	1628359	7.91e-09	75.0	511145	N/A
72_8_2182_29477_13985/1	gi|685049067|emb|LN597579.1|	100.000	40	0	0	10	49	1397	1436	7.91e-09	75.0	7962	N/A
72_8_2468_40919_24967/1	gi|2978724457|gb|PV611058.1|	86.905	84	7	3	57	137	295321	295403	7.85e-14	91.6	3421660	N/A
72_8_2468_40919_24967/1	gi|2978724457|gb|PV611058.1|	91.667	60	1	3	57	113	295784	295842	1.70e-10	80.5	3421660	N/A
72_8_2468_40919_24967/1	gi|2830983252|gb|CP170844.1|	86.747	83	9	1	57	137	4083423	4083341	7.85e-14	91.6	573	N/A
72_8_2468_40919_24967/1	gi|2557643774|emb|OY673254.1|	95.652	46	2	0	57	102	21732	21777	7.91e-09	75.0	2697049	N/A
72_8_2468_40919_24967/1	gi|2463378371|dbj|AP027461.1|	95.652	46	2	0	57	102	1299632	1299677	7.91e-09	75.0	511145	N/A
72_8_2468_40919_24967/1	gi|2463378371|dbj|AP027461.1|	95.652	46	2	0	57	102	1628404	1628359	7.91e-09	75.0	511145	N/A
72_8_2468_40919_24967/1	gi|2155043183|emb|OV015804.1|	100.000	40	0	0	54	93	29950	29911	7.91e-09	75.0	2697049	N/A
72_8_2162_34607_16058/1	gi|685042168|emb|LN590693.1|	95.745	47	0	2	93	137	11958545	11958499	7.91e-09	75.0	7962	N/A
72_8_2162_34607_16058/1	gi|685042168|emb|LN590693.1|	95.349	43	0	2	97	137	320675	320633	1.32e-06	67.6	7962	N/A
72_8_2162_34607_16058/1	gi|685042168|emb|LN590693.1|	95.238	42	0	2	98	137	320171	320212	4.76e-06	65.8	7962	N/A
72_8_2162_34607_16058/1	gi|685042177|emb|LN590702.1|	94.000	50	0	3	91	137	6540853	6540902	2.84e-08	73.1	7962	N/A
72_8_2162_34607_16058/1	gi|685042177|emb|LN590702.1|	95.238	42	0	2	98	137	1181065	1181106	4.76e-06	65.8	7962	N/A
72_8_2162_34607_16058/1	gi|685042177|emb|LN590702.1|	95.238	42	0	2	98	137	3995989	3995948	4.76e-06	65.8	7962	N/A
72_8_2162_34607_16058/1	gi|685042177|emb|LN590702.1|	95.238	42	0	2	98	137	6762499	6762540	4.76e-06	65.8	7962	N/A
72_8_2162_34607_16058/1	gi|685042177|emb|LN590702.1|	95.238	42	0	2	98	137	6862999	6863040	4.76e-06	65.8	7962	N/A
72_8_2162_34607_16058/1	gi|685042177|emb|LN590702.1|	100.000	34	0	0	97	130	1157093	1157060	1.71e-05	63.9	7962	N/A
72_8_2162_34607_16058/1	gi|2056808531|tpg|BK057475.1|	92.453	53	1	3	80	131	67	17	2.84e-08	73.1	2832643	N/A
72_8_2162_34607_16058/1	gi|2557638192|emb|OY694677.1|	97.619	42	0	1	96	137	4299	4339	1.02e-07	71.3	2697049	N/A
72_8_2162_34607_16058/1	gi|1971769499|gb|MW477480.1|	100.000	38	0	0	96	133	19395	19432	1.02e-07	71.3	2803381	N/A
72_8_2162_34607_16058/1	gi|1971769499|gb|MW477480.1|	100.000	34	0	0	98	131	34	1	1.71e-05	63.9	2803381	N/A
72_8_1101_21829_5567/1	gi|2978724457|gb|PV611058.1|	94.355	124	1	5	1	121	295324	295444	3.50e-42	185	3421660	N/A
72_8_1101_21829_5567/1	gi|2978724457|gb|PV611058.1|	91.228	57	1	3	1	54	295787	295842	7.91e-09	75.0	3421660	N/A
72_8_1101_21829_5567/1	gi|2830983252|gb|CP170844.1|	83.516	91	11	2	1	87	4083420	4083330	4.72e-11	82.4	573	N/A
72_8_1101_21829_5567/1	gi|2557643774|emb|OY673254.1|	95.349	43	2	0	1	43	21735	21777	3.68e-07	69.4	2697049	N/A
72_8_1101_21829_5567/1	gi|2463378371|dbj|AP027461.1|	95.349	43	2	0	1	43	1299635	1299677	3.68e-07	69.4	511145	N/A
72_8_1101_21829_5567/1	gi|2463378371|dbj|AP027461.1|	95.349	43	2	0	1	43	1628401	1628359	3.68e-07	69.4	511145	N/A
72_8_1101_21829_5567/1	gi|2755084441|gb|PP943425.1|	93.182	44	1	2	1	43	67822	67780	1.71e-05	63.9	10258	N/A
72_8_1101_21829_5567/1	gi|2755084441|gb|PP943425.1|	93.023	43	1	2	1	42	67594	67635	6.15e-05	62.1	10258	N/A
72_8_1408_16270_2723/1	gi|2557638192|emb|OY694677.1|	95.833	48	1	1	88	135	4290	4336	2.20e-09	76.8	2697049	N/A
72_8_1408_16270_2723/1	gi|2560271083|emb|OY714119.1|	95.745	47	1	1	88	134	4290	4335	7.91e-09	75.0	2697049	N/A
72_8_1408_16270_2723/1	gi|685042802|emb|LN591327.1|	94.000	50	1	2	88	136	61996	62044	7.91e-09	75.0	7962	N/A
72_8_1408_16270_2723/1	gi|685042161|emb|LN590686.1|	94.000	50	1	2	88	136	20813819	20813867	7.91e-09	75.0	7962	N/A
72_8_1408_16270_2723/1	gi|685042161|emb|LN590686.1|	97.500	40	0	1	98	136	28125758	28125797	1.32e-06	67.6	7962	N/A
72_8_1408_16270_2723/1	gi|685042161|emb|LN590686.1|	97.436	39	0	1	99	136	4545830	4545868	4.76e-06	65.8	7962	N/A
72_8_1408_16270_2723/1	gi|685042161|emb|LN590686.1|	97.368	38	0	1	100	136	6380194	6380231	1.71e-05	63.9	7962	N/A
72_8_1408_16270_2723/1	gi|685042161|emb|LN590686.1|	97.368	38	0	1	100	136	12304839	12304802	1.71e-05	63.9	7962	N/A
72_8_1408_16270_2723/1	gi|685042161|emb|LN590686.1|	97.368	38	0	1	100	136	17091846	17091883	1.71e-05	63.9	7962	N/A
72_8_1408_16270_2723/1	gi|685042161|emb|LN590686.1|	97.143	35	0	1	103	136	12436830	12436864	7.96e-04	58.4	7962	N/A
72_8_1408_16270_2723/1	gi|2155043183|emb|OV015804.1|	100.000	38	0	0	99	136	29948	29911	1.02e-07	71.3	2697049	N/A
72_8_1429_37326_10399/1	gi|2978724457|gb|PV611058.1|	88.095	126	10	4	15	137	295321	295444	5.94e-30	145	3421660	N/A
72_8_1429_37326_10399/1	gi|2978724457|gb|PV611058.1|	91.667	60	1	3	15	71	295784	295842	1.70e-10	80.5	3421660	N/A
72_8_1429_37326_10399/1	gi|2830983252|gb|CP170844.1|	91.579	95	5	2	15	107	4083423	4083330	5.98e-25	128	573	N/A
72_8_1429_37326_10399/1	gi|2524352013|emb|OY072335.1|	95.833	48	2	0	1	48	21644	21691	6.11e-10	78.7	2697049	N/A
72_8_1429_37326_10399/1	gi|685046795|emb|LN595320.1|	95.833	48	0	2	9	54	140295	140342	2.20e-09	76.8	7962	N/A
72_8_1429_37326_10399/1	gi|685046059|emb|LN594584.1|	92.593	54	2	2	3	54	7182	7129	2.20e-09	76.8	7962	N/A
72_8_1460_29015_6295/1	gi|2978724457|gb|PV611058.1|	91.667	60	1	3	81	137	295320	295378	1.70e-10	80.5	3421660	N/A
72_8_1460_29015_6295/1	gi|2978724457|gb|PV611058.1|	91.667	60	1	3	81	137	295783	295841	1.70e-10	80.5	3421660	N/A
72_8_1460_29015_6295/1	gi|2557638192|emb|OY694677.1|	91.525	59	2	3	70	127	4290	4346	6.11e-10	78.7	2697049	N/A
72_8_1460_29015_6295/1	gi|2560271083|emb|OY714119.1|	95.745	47	1	1	70	116	4290	4335	7.91e-09	75.0	2697049	N/A
72_8_1460_29015_6295/1	gi|2557643774|emb|OY673254.1|	95.652	46	2	0	82	127	21732	21777	7.91e-09	75.0	2697049	N/A
72_8_1460_29015_6295/1	gi|2463378371|dbj|AP027461.1|	95.652	46	2	0	82	127	1299632	1299677	7.91e-09	75.0	511145	N/A
72_8_1460_29015_6295/1	gi|2463378371|dbj|AP027461.1|	95.652	46	2	0	82	127	1628404	1628359	7.91e-09	75.0	511145	N/A
72_8_1186_17411_20107/1	gi|2978724457|gb|PV611058.1|	90.909	132	4	5	9	137	295318	295444	9.80e-38	171	3421660	N/A
72_8_1186_17411_20107/1	gi|2978724457|gb|PV611058.1|	92.308	65	1	3	9	70	295781	295844	2.82e-13	89.8	3421660	N/A
72_8_1186_17411_20107/1	gi|2830983252|gb|CP170844.1|	85.417	96	10	2	12	105	4083423	4083330	1.69e-15	97.1	573	N/A
72_8_1186_17411_20107/1	gi|2557643774|emb|OY673254.1|	92.453	53	2	2	7	57	21725	21777	7.91e-09	75.0	2697049	N/A
72_8_1186_17411_20107/1	gi|2463378371|dbj|AP027461.1|	95.652	46	2	0	12	57	1299632	1299677	7.91e-09	75.0	511145	N/A
72_8_1186_17411_20107/1	gi|2463378371|dbj|AP027461.1|	95.652	46	2	0	12	57	1628404	1628359	7.91e-09	75.0	511145	N/A
72_8_1186_17411_20107/1	gi|2319067183|gb|CP107088.1|	100.000	40	0	0	7	46	608308	608347	7.91e-09	75.0	630	N/A
72_8_1357_6147_11814/1	gi|2978724457|gb|PV611058.1|	88.889	126	9	4	15	137	295321	295444	1.28e-31	150	3421660	N/A
72_8_1357_6147_11814/1	gi|2978724457|gb|PV611058.1|	90.000	60	2	3	15	71	295784	295842	7.91e-09	75.0	3421660	N/A
72_8_1357_6147_11814/1	gi|2830983252|gb|CP170844.1|	89.362	94	8	1	15	106	4083423	4083330	1.30e-21	117	573	N/A
72_8_1357_6147_11814/1	gi|2557643774|emb|OY673254.1|	89.474	57	5	1	5	60	21721	21777	1.02e-07	71.3	2697049	N/A
72_8_1357_6147_11814/1	gi|2463378371|dbj|AP027461.1|	93.478	46	3	0	15	60	1299632	1299677	3.68e-07	69.4	511145	N/A
72_8_1357_6147_11814/1	gi|2463378371|dbj|AP027461.1|	93.478	46	3	0	15	60	1628404	1628359	3.68e-07	69.4	511145	N/A
72_8_1357_6147_11814/1	gi|685044342|emb|LN592867.1|	92.157	51	1	3	6	54	33485	33436	3.68e-07	69.4	7962	N/A
72_8_1296_4593_1336/1	gi|2978724457|gb|PV611058.1|	92.537	67	1	3	72	135	295321	295386	2.18e-14	93.5	3421660	N/A
72_8_1296_4593_1336/1	gi|2978724457|gb|PV611058.1|	91.667	60	1	3	72	128	295784	295842	1.70e-10	80.5	3421660	N/A
72_8_1296_4593_1336/1	gi|2557643774|emb|OY673254.1|	95.652	46	2	0	72	117	21732	21777	7.91e-09	75.0	2697049	N/A
72_8_1296_4593_1336/1	gi|2463378371|dbj|AP027461.1|	95.652	46	2	0	72	117	1299632	1299677	7.91e-09	75.0	511145	N/A
72_8_1296_4593_1336/1	gi|2463378371|dbj|AP027461.1|	95.652	46	2	0	72	117	1628404	1628359	7.91e-09	75.0	511145	N/A
72_8_1296_4593_1336/1	gi|2165836832|emb|OV197136.1|	92.593	54	1	3	65	117	122	71	7.91e-09	75.0	2697049	N/A
72_8_1296_4593_1336/1	gi|2165834303|emb|OV196009.1|	92.453	53	3	1	65	117	121	70	7.91e-09	75.0	2697049	N/A
72_8_1296_4593_1336/1	gi|2165834303|emb|OV196009.1|	97.561	41	1	0	71	111	29911	29951	1.02e-07	71.3	2697049	N/A
72_8_1173_32754_12879/1	gi|2560271874|emb|OY714649.1|	100.000	31	0	0	107	137	10395	10425	7.96e-04	58.4	2697049	N/A
72_8_1173_32754_12879/1	gi|2557653524|emb|OY683806.1|	100.000	31	0	0	107	137	10394	10424	7.96e-04	58.4	2697049	N/A
72_8_1173_32754_12879/1	gi|2557649546|emb|OY678249.1|	100.000	31	0	0	107	137	10396	10426	7.96e-04	58.4	2697049	N/A
72_8_1173_32754_12879/1	gi|2686256159|emb|OZ008443.1|	96.970	33	1	0	105	137	1871	1903	0.003	56.5	2587225	N/A
72_8_1173_32754_12879/1	gi|2165836883|emb|OV197187.1|	100.000	28	0	0	110	137	222	195	0.037	52.8	2697049	N/A
72_8_1173_32754_12879/1	gi|2165836883|emb|OV197187.1|	100.000	27	0	0	111	137	134	108	0.13	51.0	2697049	N/A
72_8_2294_12944_22768/1	gi|3014747989|dbj|AP041609.1|	100.000	35	0	0	10	44	869009	868975	4.76e-06	65.8	1280	N/A
72_8_2294_12944_22768/1	gi|2719965819|gb|PP582185.1|	100.000	35	0	0	10	44	17846	17880	4.76e-06	65.8	3138323	N/A
72_8_2142_23699_4600/1	gi|685049950|emb|LN598462.1|	92.593	54	2	2	79	130	1938268	1938321	2.20e-09	76.8	7962	N/A
72_8_2142_23699_4600/1	gi|2557643774|emb|OY673254.1|	95.652	46	2	0	91	136	21732	21777	7.91e-09	75.0	2697049	N/A
72_8_2142_23699_4600/1	gi|2463378371|dbj|AP027461.1|	95.652	46	2	0	91	136	1299632	1299677	7.91e-09	75.0	511145	N/A
72_8_2142_23699_4600/1	gi|2463378371|dbj|AP027461.1|	95.652	46	2	0	91	136	1628404	1628359	7.91e-09	75.0	511145	N/A
72_8_2142_23699_4600/1	gi|685047827|emb|LN596339.1|	94.000	50	1	2	83	130	601778	601827	7.91e-09	75.0	7962	N/A
72_8_2142_23699_4600/1	gi|685042195|emb|LN590720.1|	94.000	50	0	3	84	130	5765846	5765797	2.84e-08	73.1	7962	N/A
72_8_2142_23699_4600/1	gi|685042195|emb|LN590720.1|	95.556	45	0	2	88	130	2930131	2930175	1.02e-07	71.3	7962	N/A
72_8_1153_50306_22194/1	gi|2557643774|emb|OY673254.1|	95.238	42	2	0	96	137	21734	21775	1.32e-06	67.6	2697049	N/A
72_8_1153_50306_22194/1	gi|2463378371|dbj|AP027461.1|	95.238	42	2	0	96	137	1299634	1299675	1.32e-06	67.6	511145	N/A
72_8_1153_50306_22194/1	gi|2463378371|dbj|AP027461.1|	95.238	42	2	0	96	137	1628402	1628361	1.32e-06	67.6	511145	N/A
72_8_1153_50306_22194/1	gi|685045725|emb|LN594250.1|	93.617	47	0	3	90	133	197685	197731	1.32e-06	67.6	7962	N/A
72_8_1153_50306_22194/1	gi|685045725|emb|LN594250.1|	95.000	40	0	2	96	133	230181	230220	6.15e-05	62.1	7962	N/A
72_8_1153_50306_22194/1	gi|2165834303|emb|OV196009.1|	95.238	42	2	0	92	133	117	76	1.32e-06	67.6	2697049	N/A
72_8_1153_50306_22194/1	gi|2165834303|emb|OV196009.1|	95.122	41	2	0	93	133	29911	29951	4.76e-06	65.8	2697049	N/A
72_8_1153_50306_22194/1	gi|2155043183|emb|OV015804.1|	97.500	40	0	1	92	130	29950	29911	1.32e-06	67.6	2697049	N/A
72_8_1212_35627_21858/1	gi|2978724457|gb|PV611058.1|	87.023	131	12	4	10	137	295316	295444	2.14e-29	143	3421660	N/A
72_8_1212_35627_21858/1	gi|2978724457|gb|PV611058.1|	91.045	67	2	3	10	73	295779	295844	1.02e-12	87.9	3421660	N/A
72_8_1212_35627_21858/1	gi|2830983252|gb|CP170844.1|	91.579	95	5	2	15	107	4083423	4083330	5.98e-25	128	573	N/A
72_8_1212_35627_21858/1	gi|685042161|emb|LN590686.1|	94.231	52	0	3	5	54	20813821	20813871	2.20e-09	76.8	7962	N/A
72_8_1212_35627_21858/1	gi|685042161|emb|LN590686.1|	95.455	44	0	2	13	54	6380192	6380235	3.68e-07	69.4	7962	N/A
72_8_1212_35627_21858/1	gi|685042161|emb|LN590686.1|	95.238	42	0	2	15	54	4545831	4545872	4.76e-06	65.8	7962	N/A
72_8_1212_35627_21858/1	gi|685042161|emb|LN590686.1|	95.238	42	0	2	15	54	12304839	12304798	4.76e-06	65.8	7962	N/A
72_8_1212_35627_21858/1	gi|685042161|emb|LN590686.1|	95.238	42	0	2	15	54	17091846	17091887	4.76e-06	65.8	7962	N/A
72_8_1212_35627_21858/1	gi|685042161|emb|LN590686.1|	95.238	42	0	2	15	54	28125760	28125801	4.76e-06	65.8	7962	N/A
72_8_1212_35627_21858/1	gi|685042161|emb|LN590686.1|	94.872	39	0	2	18	54	12436830	12436868	2.21e-04	60.2	7962	N/A
72_8_1212_35627_21858/1	gi|2557643774|emb|OY673254.1|	95.652	46	2	0	15	60	21732	21777	7.91e-09	75.0	2697049	N/A
72_8_1212_35627_21858/1	gi|2463378371|dbj|AP027461.1|	93.878	49	3	0	12	60	1299629	1299677	7.91e-09	75.0	511145	N/A
72_8_1212_35627_21858/1	gi|2463378371|dbj|AP027461.1|	95.652	46	2	0	15	60	1628404	1628359	7.91e-09	75.0	511145	N/A
72_8_2495_29145_2205/1	gi|2978724457|gb|PV611058.1|	95.238	126	1	4	15	137	295321	295444	5.82e-45	195	3421660	N/A
72_8_2495_29145_2205/1	gi|2978724457|gb|PV611058.1|	91.667	60	1	3	15	71	295784	295842	1.70e-10	80.5	3421660	N/A
72_8_2495_29145_2205/1	gi|2830983252|gb|CP170844.1|	82.979	94	8	2	15	100	4083423	4083330	6.11e-10	78.7	573	N/A
72_8_2495_29145_2205/1	gi|2557643774|emb|OY673254.1|	95.652	46	2	0	15	60	21732	21777	7.91e-09	75.0	2697049	N/A
72_8_2495_29145_2205/1	gi|2463378371|dbj|AP027461.1|	95.652	46	2	0	15	60	1299632	1299677	7.91e-09	75.0	511145	N/A
72_8_2495_29145_2205/1	gi|2463378371|dbj|AP027461.1|	95.652	46	2	0	15	60	1628404	1628359	7.91e-09	75.0	511145	N/A
72_8_2495_29145_2205/1	gi|685043901|emb|LN592426.1|	94.118	51	0	3	6	54	375099	375148	7.91e-09	75.0	7962	N/A
72_8_1430_36735_27167/1	gi|2978724457|gb|PV611058.1|	93.651	126	3	4	15	137	295321	295444	1.26e-41	183	3421660	N/A
72_8_1430_36735_27167/1	gi|2978724457|gb|PV611058.1|	91.667	60	1	3	15	71	295784	295842	1.70e-10	80.5	3421660	N/A
72_8_1430_36735_27167/1	gi|2830983252|gb|CP170844.1|	85.106	94	12	1	15	106	4083423	4083330	6.07e-15	95.3	573	N/A
72_8_1430_36735_27167/1	gi|2524352013|emb|OY072335.1|	97.727	44	1	0	5	48	21648	21691	2.20e-09	76.8	2697049	N/A
72_8_1430_36735_27167/1	gi|685044439|emb|LN592964.1|	95.833	48	0	2	9	54	179349	179302	2.20e-09	76.8	7962	N/A
72_8_1430_36735_27167/1	gi|685042148|emb|LN590673.1|	95.833	48	0	2	9	54	9009491	9009538	2.20e-09	76.8	7962	N/A
72_8_1430_36735_27167/1	gi|685042148|emb|LN590673.1|	95.556	45	0	2	12	54	8955770	8955814	1.02e-07	71.3	7962	N/A
72_8_1430_36735_27167/1	gi|685042148|emb|LN590673.1|	93.182	44	2	1	9	51	9322680	9322723	1.71e-05	63.9	7962	N/A
72_8_1259_23415_23889/1	gi|685042161|emb|LN590686.1|	92.593	54	1	3	83	134	20813819	20813871	7.91e-09	75.0	7962	N/A
72_8_1259_23415_23889/1	gi|685042161|emb|LN590686.1|	91.667	48	1	3	90	134	28125754	28125801	1.71e-05	63.9	7962	N/A
72_8_1259_23415_23889/1	gi|685042161|emb|LN590686.1|	95.000	40	0	2	97	134	4545833	4545872	6.15e-05	62.1	7962	N/A
72_8_1259_23415_23889/1	gi|685042161|emb|LN590686.1|	91.489	47	1	3	91	134	6380189	6380235	6.15e-05	62.1	7962	N/A
72_8_1259_23415_23889/1	gi|685042161|emb|LN590686.1|	95.000	40	0	2	97	134	12304837	12304798	6.15e-05	62.1	7962	N/A
72_8_1259_23415_23889/1	gi|685042161|emb|LN590686.1|	95.000	40	0	2	97	134	17091848	17091887	6.15e-05	62.1	7962	N/A
72_8_1259_23415_23889/1	gi|685042161|emb|LN590686.1|	93.023	43	0	3	95	134	12436826	12436868	2.21e-04	60.2	7962	N/A
72_8_1259_23415_23889/1	gi|1973745234|dbj|LC529901.1|	100.000	37	0	0	93	129	11755	11719	3.68e-07	69.4	76106	N/A
72_8_1259_23415_23889/1	gi|1973745234|dbj|LC529901.1|	100.000	33	0	0	97	129	117101	117133	6.15e-05	62.1	76106	N/A
72_8_1259_23415_23889/1	gi|1973745234|dbj|LC529901.1|	100.000	33	0	0	97	129	164423	164455	6.15e-05	62.1	76106	N/A
72_8_1259_23415_23889/1	gi|2978724457|gb|PV611058.1|	97.436	39	1	0	90	128	295316	295354	1.32e-06	67.6	3421660	N/A
72_8_1259_23415_23889/1	gi|2978724457|gb|PV611058.1|	97.436	39	1	0	90	128	295779	295817	1.32e-06	67.6	3421660	N/A
72_8_1259_23415_23889/1	gi|2557638192|emb|OY694677.1|	90.385	52	3	2	83	134	4290	4339	1.32e-06	67.6	2697049	N/A
72_8_1259_23415_23889/1	gi|685042178|emb|LN590703.1|	92.000	50	0	4	88	134	13166497	13166545	1.32e-06	67.6	7962	N/A
72_8_1259_23415_23889/1	gi|685042178|emb|LN590703.1|	91.667	48	1	3	90	134	12952795	12952842	1.71e-05	63.9	7962	N/A
72_8_1259_23415_23889/1	gi|685042178|emb|LN590703.1|	93.023	43	1	2	94	134	1057734	1057776	6.15e-05	62.1	7962	N/A
72_8_1259_23415_23889/1	gi|685042178|emb|LN590703.1|	95.000	40	0	2	97	134	7304700	7304661	6.15e-05	62.1	7962	N/A
72_8_1259_23415_23889/1	gi|685042178|emb|LN590703.1|	95.000	40	0	2	97	134	17684503	17684464	6.15e-05	62.1	7962	N/A
72_8_1356_50023_17109/1	gi|2978724457|gb|PV611058.1|	88.095	126	10	4	15	137	295321	295444	5.94e-30	145	3421660	N/A
72_8_1356_50023_17109/1	gi|2978724457|gb|PV611058.1|	91.935	62	1	3	15	73	295784	295844	1.31e-11	84.2	3421660	N/A
72_8_1356_50023_17109/1	gi|2830983252|gb|CP170844.1|	90.526	95	6	2	15	107	4083423	4083330	2.78e-23	122	573	N/A
72_8_1356_50023_17109/1	gi|685042185|emb|LN590710.1|	97.778	45	1	0	4	48	9162078	9162122	6.11e-10	78.7	7962	N/A
72_8_1356_50023_17109/1	gi|685042185|emb|LN590710.1|	95.238	42	0	2	15	54	3790452	3790411	4.76e-06	65.8	7962	N/A
72_8_1356_50023_17109/1	gi|685042185|emb|LN590710.1|	95.238	42	0	2	15	54	6008694	6008735	4.76e-06	65.8	7962	N/A
72_8_1356_50023_17109/1	gi|685042185|emb|LN590710.1|	95.238	42	0	2	15	54	10218503	10218544	4.76e-06	65.8	7962	N/A
72_8_1356_50023_17109/1	gi|2557643774|emb|OY673254.1|	95.652	46	2	0	15	60	21732	21777	7.91e-09	75.0	2697049	N/A
72_8_1356_50023_17109/1	gi|2463378371|dbj|AP027461.1|	95.652	46	2	0	15	60	1299632	1299677	7.91e-09	75.0	511145	N/A
72_8_1356_50023_17109/1	gi|2463378371|dbj|AP027461.1|	95.652	46	2	0	15	60	1628404	1628359	7.91e-09	75.0	511145	N/A
72_8_1110_29711_7444/1	gi|2978724457|gb|PV611058.1|	90.411	73	3	3	68	137	295320	295391	2.18e-14	93.5	3421660	N/A
72_8_1110_29711_7444/1	gi|2978724457|gb|PV611058.1|	90.323	62	1	4	68	126	295783	295842	2.20e-09	76.8	3421660	N/A
72_8_1110_29711_7444/1	gi|2701785471|gb|OR911489.1|	94.737	57	3	0	2	58	16034	16090	2.82e-13	89.8	185002	N/A
72_8_1110_29711_7444/1	gi|685042161|emb|LN590686.1|	94.231	52	0	3	59	108	20813821	20813871	2.20e-09	76.8	7962	N/A
72_8_1110_29711_7444/1	gi|685042161|emb|LN590686.1|	95.556	45	0	2	66	108	6380191	6380235	1.02e-07	71.3	7962	N/A
72_8_1110_29711_7444/1	gi|685042161|emb|LN590686.1|	95.238	42	0	2	69	108	4545831	4545872	4.76e-06	65.8	7962	N/A
72_8_1110_29711_7444/1	gi|685042161|emb|LN590686.1|	95.238	42	0	2	69	108	12304839	12304798	4.76e-06	65.8	7962	N/A
72_8_1110_29711_7444/1	gi|685042161|emb|LN590686.1|	90.385	52	2	3	59	108	17091837	17091887	4.76e-06	65.8	7962	N/A
72_8_1110_29711_7444/1	gi|685042161|emb|LN590686.1|	95.238	42	0	2	69	108	28125760	28125801	4.76e-06	65.8	7962	N/A
72_8_1110_29711_7444/1	gi|685042161|emb|LN590686.1|	94.872	39	0	2	72	108	12436830	12436868	2.21e-04	60.2	7962	N/A
72_8_1110_29711_7444/1	gi|2557643774|emb|OY673254.1|	95.652	46	2	0	69	114	21732	21777	7.91e-09	75.0	2697049	N/A
72_8_1110_29711_7444/1	gi|2463378371|dbj|AP027461.1|	95.652	46	2	0	69	114	1299632	1299677	7.91e-09	75.0	511145	N/A
72_8_1110_29711_7444/1	gi|2463378371|dbj|AP027461.1|	95.652	46	2	0	69	114	1628404	1628359	7.91e-09	75.0	511145	N/A
72_8_2472_27866_4726/1	gi|2978724457|gb|PV611058.1|	89.683	126	8	4	15	137	295321	295444	2.74e-33	156	3421660	N/A
72_8_2472_27866_4726/1	gi|2978724457|gb|PV611058.1|	91.525	59	1	3	15	70	295784	295841	6.11e-10	78.7	3421660	N/A
72_8_2472_27866_4726/1	gi|2830983252|gb|CP170844.1|	86.598	97	9	3	14	108	4083424	4083330	1.01e-17	104	573	N/A
72_8_2472_27866_4726/1	gi|2557643774|emb|OY673254.1|	91.228	57	4	1	5	60	21721	21777	2.20e-09	76.8	2697049	N/A
72_8_2472_27866_4726/1	gi|2463378371|dbj|AP027461.1|	95.652	46	2	0	15	60	1299632	1299677	7.91e-09	75.0	511145	N/A
72_8_2472_27866_4726/1	gi|2463378371|dbj|AP027461.1|	95.652	46	2	0	15	60	1628404	1628359	7.91e-09	75.0	511145	N/A
72_8_2472_27866_4726/1	gi|2165836832|emb|OV197136.1|	92.593	54	1	3	8	60	122	71	7.91e-09	75.0	2697049	N/A
72_8_1281_14530_12178/1	gi|2978724457|gb|PV611058.1|	90.476	126	7	4	15	137	295321	295444	5.90e-35	161	3421660	N/A
72_8_1281_14530_12178/1	gi|2978724457|gb|PV611058.1|	90.000	60	2	3	15	71	295784	295842	7.91e-09	75.0	3421660	N/A
72_8_1281_14530_12178/1	gi|2830983252|gb|CP170844.1|	87.234	94	10	1	15	106	4083423	4083330	2.80e-18	106	573	N/A
72_8_1281_14530_12178/1	gi|2557643774|emb|OY673254.1|	93.478	46	3	0	15	60	21732	21777	3.68e-07	69.4	2697049	N/A
72_8_1281_14530_12178/1	gi|2463378371|dbj|AP027461.1|	93.478	46	3	0	15	60	1299632	1299677	3.68e-07	69.4	511145	N/A
72_8_1281_14530_12178/1	gi|2463378371|dbj|AP027461.1|	93.478	46	3	0	15	60	1628404	1628359	3.68e-07	69.4	511145	N/A
72_8_1281_14530_12178/1	gi|2155043183|emb|OV015804.1|	97.500	40	1	0	12	51	29950	29911	3.68e-07	69.4	2697049	N/A
72_8_2134_20349_2023/1	gi|2978724457|gb|PV611058.1|	87.129	101	9	3	40	137	295320	295419	6.03e-20	111	3421660	N/A
72_8_2134_20349_2023/1	gi|2978724457|gb|PV611058.1|	92.063	63	1	3	40	99	295783	295844	3.65e-12	86.1	3421660	N/A
72_8_2134_20349_2023/1	gi|2830983252|gb|CP170844.1|	88.421	95	8	2	41	133	4083423	4083330	6.03e-20	111	573	N/A
72_8_2134_20349_2023/1	gi|685042161|emb|LN590686.1|	94.444	54	0	3	29	80	20813819	20813871	1.70e-10	80.5	7962	N/A
72_8_2134_20349_2023/1	gi|685042161|emb|LN590686.1|	95.556	45	0	2	38	80	6380191	6380235	1.02e-07	71.3	7962	N/A
72_8_2134_20349_2023/1	gi|685042161|emb|LN590686.1|	90.566	53	2	3	30	80	17091836	17091887	1.32e-06	67.6	7962	N/A
72_8_2134_20349_2023/1	gi|685042161|emb|LN590686.1|	95.238	42	0	2	41	80	4545831	4545872	4.76e-06	65.8	7962	N/A
72_8_2134_20349_2023/1	gi|685042161|emb|LN590686.1|	95.238	42	0	2	41	80	12304839	12304798	4.76e-06	65.8	7962	N/A
72_8_2134_20349_2023/1	gi|685042161|emb|LN590686.1|	95.238	42	0	2	41	80	28125760	28125801	4.76e-06	65.8	7962	N/A
72_8_2134_20349_2023/1	gi|685042161|emb|LN590686.1|	94.872	39	0	2	44	80	12436830	12436868	2.21e-04	60.2	7962	N/A
72_8_2134_20349_2023/1	gi|2557643774|emb|OY673254.1|	95.652	46	2	0	41	86	21732	21777	7.91e-09	75.0	2697049	N/A
72_8_2134_20349_2023/1	gi|2463378371|dbj|AP027461.1|	95.652	46	2	0	41	86	1299632	1299677	7.91e-09	75.0	511145	N/A
72_8_2134_20349_2023/1	gi|2463378371|dbj|AP027461.1|	95.652	46	2	0	41	86	1628404	1628359	7.91e-09	75.0	511145	N/A
72_8_2360_8963_9797/1	gi|2978724457|gb|PV611058.1|	88.462	130	7	5	11	137	295320	295444	1.28e-31	150	3421660	N/A
72_8_2360_8963_9797/1	gi|2978724457|gb|PV611058.1|	88.889	63	3	3	11	70	295783	295844	7.91e-09	75.0	3421660	N/A
72_8_2360_8963_9797/1	gi|2830983252|gb|CP170844.1|	88.298	94	8	2	12	102	4083423	4083330	2.17e-19	110	573	N/A
72_8_2360_8963_9797/1	gi|2710394916|tpg|BK066886.1|	97.778	45	0	1	2	45	29303	29347	2.20e-09	76.8	3116700	N/A
72_8_2360_8963_9797/1	gi|685042802|emb|LN591327.1|	94.231	52	0	3	2	51	61998	62048	2.20e-09	76.8	7962	N/A
72_8_2360_8963_9797/1	gi|2557638192|emb|OY694677.1|	94.000	50	1	2	2	51	4292	4339	7.91e-09	75.0	2697049	N/A
72_8_1417_31937_14546/1	gi|685046059|emb|LN594584.1|	100.000	40	0	0	87	126	7176	7137	7.91e-09	75.0	7962	N/A
72_8_1417_31937_14546/1	gi|685042189|emb|LN590714.1|	100.000	40	0	0	87	126	6568392	6568431	7.91e-09	75.0	7962	N/A
72_8_1417_31937_14546/1	gi|685042189|emb|LN590714.1|	97.674	43	0	1	85	126	3608302	3608260	2.84e-08	73.1	7962	N/A
72_8_1417_31937_14546/1	gi|685042189|emb|LN590714.1|	100.000	36	0	0	92	127	11523468	11523503	1.32e-06	67.6	7962	N/A
72_8_1417_31937_14546/1	gi|685042189|emb|LN590714.1|	100.000	34	0	0	93	126	7216113	7216080	1.71e-05	63.9	7962	N/A
72_8_1417_31937_14546/1	gi|2557643774|emb|OY673254.1|	95.556	45	2	0	93	137	21732	21776	2.84e-08	73.1	2697049	N/A
72_8_1417_31937_14546/1	gi|780644672|ref|XM_011690559.1|	100.000	39	0	0	92	130	1037	1075	2.84e-08	73.1	64793	N/A
72_8_1417_31937_14546/1	gi|2056797228|tpg|BK057247.1|	100.000	38	0	0	92	129	42090	42127	1.02e-07	71.3	38018	N/A
72_8_1205_13365_7023/1	gi|685042161|emb|LN590686.1|	95.349	43	1	1	95	137	20813819	20813860	1.32e-06	67.6	7962	N/A
72_8_1205_13365_7023/1	gi|685042161|emb|LN590686.1|	100.000	32	0	0	106	137	4545830	4545861	2.21e-04	60.2	7962	N/A
72_8_1205_13365_7023/1	gi|685042161|emb|LN590686.1|	100.000	32	0	0	106	137	28125759	28125790	2.21e-04	60.2	7962	N/A
72_8_1205_13365_7023/1	gi|685042161|emb|LN590686.1|	100.000	31	0	0	107	137	6380194	6380224	7.96e-04	58.4	7962	N/A
72_8_1205_13365_7023/1	gi|685042161|emb|LN590686.1|	100.000	31	0	0	107	137	12304839	12304809	7.96e-04	58.4	7962	N/A
72_8_1205_13365_7023/1	gi|685042161|emb|LN590686.1|	100.000	31	0	0	107	137	17091846	17091876	7.96e-04	58.4	7962	N/A
72_8_1205_13365_7023/1	gi|685042161|emb|LN590686.1|	100.000	28	0	0	110	137	12436830	12436857	0.037	52.8	7962	N/A
72_8_1205_13365_7023/1	gi|2557648311|emb|OY677105.1|	97.436	39	0	1	100	137	9636	9674	4.76e-06	65.8	2697049	N/A
72_8_1205_13365_7023/1	gi|2524352013|emb|OY072335.1|	95.122	41	2	0	97	137	21648	21688	4.76e-06	65.8	2697049	N/A
72_8_1205_13365_7023/1	gi|685042334|emb|LN590859.1|	100.000	35	0	0	103	137	56900	56934	4.76e-06	65.8	7962	N/A
72_8_1205_13365_7023/1	gi|685042185|emb|LN590710.1|	95.122	41	2	0	97	137	9162079	9162119	4.76e-06	65.8	7962	N/A
72_8_1205_13365_7023/1	gi|685042185|emb|LN590710.1|	100.000	31	0	0	107	137	3790452	3790422	7.96e-04	58.4	7962	N/A
72_8_1205_13365_7023/1	gi|685042185|emb|LN590710.1|	100.000	31	0	0	107	137	6008694	6008724	7.96e-04	58.4	7962	N/A
72_8_1205_13365_7023/1	gi|685042185|emb|LN590710.1|	100.000	31	0	0	107	137	10218503	10218533	7.96e-04	58.4	7962	N/A
72_8_1355_43557_14433/1	gi|2978724457|gb|PV611058.1|	91.803	61	1	3	64	121	295321	295380	4.72e-11	82.4	3421660	N/A
72_8_1355_43557_14433/1	gi|2978724457|gb|PV611058.1|	91.667	60	1	3	64	120	295784	295842	1.70e-10	80.5	3421660	N/A
72_8_1355_43557_14433/1	gi|2830983252|gb|CP170844.1|	85.714	77	9	1	63	137	4083424	4083348	1.70e-10	80.5	573	N/A
72_8_1355_43557_14433/1	gi|2557643774|emb|OY673254.1|	93.878	49	3	0	61	109	21729	21777	7.91e-09	75.0	2697049	N/A
72_8_1355_43557_14433/1	gi|2463378371|dbj|AP027461.1|	95.652	46	2	0	64	109	1299632	1299677	7.91e-09	75.0	511145	N/A
72_8_1355_43557_14433/1	gi|2463378371|dbj|AP027461.1|	95.652	46	2	0	64	109	1628404	1628359	7.91e-09	75.0	511145	N/A
72_8_1355_43557_14433/1	gi|685042151|emb|LN590676.1|	92.593	54	0	4	53	103	3877010	3876958	7.91e-09	75.0	7962	N/A
72_8_1355_43557_14433/1	gi|685042151|emb|LN590676.1|	95.238	42	0	2	64	103	1475370	1475329	4.76e-06	65.8	7962	N/A
72_8_1355_43557_14433/1	gi|685042151|emb|LN590676.1|	93.478	46	0	3	60	103	5167443	5167399	4.76e-06	65.8	7962	N/A
72_8_1355_43557_14433/1	gi|685042151|emb|LN590676.1|	95.122	41	0	2	65	103	5133961	5133921	1.71e-05	63.9	7962	N/A
72_8_1414_22979_27419/1	gi|2978724457|gb|PV611058.1|	94.444	126	2	4	15	137	295321	295444	2.71e-43	189	3421660	N/A
72_8_1414_22979_27419/1	gi|2978724457|gb|PV611058.1|	91.667	60	1	3	15	71	295784	295842	1.70e-10	80.5	3421660	N/A
72_8_1414_22979_27419/1	gi|2830983252|gb|CP170844.1|	84.211	95	13	1	14	106	4083424	4083330	7.85e-14	91.6	573	N/A
72_8_1414_22979_27419/1	gi|2557643774|emb|OY673254.1|	95.652	46	2	0	15	60	21732	21777	7.91e-09	75.0	2697049	N/A
72_8_1414_22979_27419/1	gi|2463378371|dbj|AP027461.1|	95.652	46	2	0	15	60	1299632	1299677	7.91e-09	75.0	511145	N/A
72_8_1414_22979_27419/1	gi|2463378371|dbj|AP027461.1|	95.652	46	2	0	15	60	1628404	1628359	7.91e-09	75.0	511145	N/A
72_8_1414_22979_27419/1	gi|685042160|emb|LN590685.1|	93.878	49	1	2	8	54	16867634	16867586	2.84e-08	73.1	7962	N/A
72_8_1414_22979_27419/1	gi|685042160|emb|LN590685.1|	91.667	48	2	2	9	54	850803	850850	4.76e-06	65.8	7962	N/A
72_8_1414_22979_27419/1	gi|685042160|emb|LN590685.1|	95.238	42	0	2	15	54	14193258	14193217	4.76e-06	65.8	7962	N/A
72_8_1414_22979_27419/1	gi|685042160|emb|LN590685.1|	95.238	42	0	2	15	54	18159835	18159794	4.76e-06	65.8	7962	N/A
72_8_2448_46260_18496/1	gi|2978724457|gb|PV611058.1|	93.651	126	3	4	15	137	295321	295444	1.26e-41	183	3421660	N/A
72_8_2448_46260_18496/1	gi|2978724457|gb|PV611058.1|	91.667	60	1	3	15	71	295784	295842	1.70e-10	80.5	3421660	N/A
72_8_2448_46260_18496/1	gi|2830983252|gb|CP170844.1|	85.106	94	12	1	15	106	4083423	4083330	6.07e-15	95.3	573	N/A
72_8_2448_46260_18496/1	gi|2557643774|emb|OY673254.1|	95.652	46	2	0	15	60	21732	21777	7.91e-09	75.0	2697049	N/A
72_8_2448_46260_18496/1	gi|2463378371|dbj|AP027461.1|	95.652	46	2	0	15	60	1299632	1299677	7.91e-09	75.0	511145	N/A
72_8_2448_46260_18496/1	gi|2463378371|dbj|AP027461.1|	95.652	46	2	0	15	60	1628404	1628359	7.91e-09	75.0	511145	N/A
72_8_2448_46260_18496/1	gi|685044342|emb|LN592867.1|	94.118	51	0	3	6	54	33485	33436	7.91e-09	75.0	7962	N/A
72_8_2116_35392_11674/1	gi|2978724457|gb|PV611058.1|	89.394	132	6	6	3	134	295321	295444	2.12e-34	159	3421660	N/A
72_8_2116_35392_11674/1	gi|2978724457|gb|PV611058.1|	90.164	61	1	4	3	60	295784	295842	7.91e-09	75.0	3421660	N/A
72_8_2116_35392_11674/1	gi|2830983252|gb|CP170844.1|	84.211	95	12	2	2	93	4083424	4083330	2.82e-13	89.8	573	N/A
72_8_2116_35392_11674/1	gi|2557643774|emb|OY673254.1|	95.652	46	2	0	3	48	21732	21777	7.91e-09	75.0	2697049	N/A
72_8_2116_35392_11674/1	gi|2463378371|dbj|AP027461.1|	95.652	46	2	0	3	48	1299632	1299677	7.91e-09	75.0	511145	N/A
72_8_2116_35392_11674/1	gi|2463378371|dbj|AP027461.1|	95.652	46	2	0	3	48	1628404	1628359	7.91e-09	75.0	511145	N/A
72_8_2116_35392_11674/1	gi|2165836832|emb|OV197136.1|	93.750	48	1	2	2	48	117	71	1.02e-07	71.3	2697049	N/A
72_8_2484_27834_29548/1	gi|2978724457|gb|PV611058.1|	95.238	126	1	4	15	137	295321	295444	5.82e-45	195	3421660	N/A
72_8_2484_27834_29548/1	gi|2978724457|gb|PV611058.1|	91.667	60	1	3	15	71	295784	295842	1.70e-10	80.5	3421660	N/A
72_8_2484_27834_29548/1	gi|2830983252|gb|CP170844.1|	82.979	94	6	2	15	98	4083423	4083330	2.20e-09	76.8	573	N/A
72_8_2484_27834_29548/1	gi|2557643774|emb|OY673254.1|	95.652	46	2	0	15	60	21732	21777	7.91e-09	75.0	2697049	N/A
72_8_2484_27834_29548/1	gi|2463378371|dbj|AP027461.1|	93.878	49	3	0	12	60	1299629	1299677	7.91e-09	75.0	511145	N/A
72_8_2484_27834_29548/1	gi|2463378371|dbj|AP027461.1|	95.652	46	2	0	15	60	1628404	1628359	7.91e-09	75.0	511145	N/A
72_8_2484_27834_29548/1	gi|685049067|emb|LN597579.1|	100.000	40	0	0	10	49	1397	1436	7.91e-09	75.0	7962	N/A
72_8_1136_4569_15246/1	gi|2830983252|gb|CP170844.1|	88.312	77	7	1	63	137	4083423	4083347	7.85e-14	91.6	573	N/A
72_8_1136_4569_15246/1	gi|2978724457|gb|PV611058.1|	90.909	66	2	3	58	120	295316	295380	3.65e-12	86.1	3421660	N/A
72_8_1136_4569_15246/1	gi|2978724457|gb|PV611058.1|	90.769	65	2	3	58	119	295779	295842	1.31e-11	84.2	3421660	N/A
72_8_1136_4569_15246/1	gi|2557638192|emb|OY694677.1|	91.525	59	2	3	51	108	4290	4346	6.11e-10	78.7	2697049	N/A
72_8_1136_4569_15246/1	gi|2560250289|emb|OY708460.1|	94.118	51	1	2	59	108	6486	6535	2.20e-09	76.8	2697049	N/A
72_8_1136_4569_15246/1	gi|2557643774|emb|OY673254.1|	91.228	57	4	1	53	108	21721	21777	2.20e-09	76.8	2697049	N/A
72_8_1291_18544_21788/1	gi|2978724457|gb|PV611058.1|	90.840	131	4	7	10	137	295319	295444	3.53e-37	169	3421660	N/A
72_8_1291_18544_21788/1	gi|2978724457|gb|PV611058.1|	91.935	62	1	3	10	68	295782	295842	1.31e-11	84.2	3421660	N/A
72_8_1291_18544_21788/1	gi|2830983252|gb|CP170844.1|	87.368	95	9	2	12	104	4083423	4083330	2.80e-18	106	573	N/A
72_8_1291_18544_21788/1	gi|2557643774|emb|OY673254.1|	91.228	57	4	1	2	57	21721	21777	2.20e-09	76.8	2697049	N/A
72_8_1291_18544_21788/1	gi|2560250289|emb|OY708460.1|	94.000	50	1	2	9	57	6487	6535	7.91e-09	75.0	2697049	N/A
72_8_1291_18544_21788/1	gi|2463378371|dbj|AP027461.1|	95.652	46	2	0	12	57	1299632	1299677	7.91e-09	75.0	511145	N/A
72_8_1291_18544_21788/1	gi|2463378371|dbj|AP027461.1|	95.652	46	2	0	12	57	1628404	1628359	7.91e-09	75.0	511145	N/A
72_8_1287_6770_2891/1	gi|2842159477|emb|OZ198176.1|	92.188	64	5	0	5	68	5602623	5602560	7.85e-14	91.6	434553	N/A
72_8_1287_6770_2891/1	gi|2321929434|emb|OX359267.1|	85.714	70	10	0	12	81	5982869	5982800	7.91e-09	75.0	4052	N/A
72_8_1287_6770_2891/1	gi|685042161|emb|LN590686.1|	92.593	54	1	3	81	132	20813819	20813871	7.91e-09	75.0	7962	N/A
72_8_1287_6770_2891/1	gi|685042161|emb|LN590686.1|	95.349	43	0	2	92	132	4545830	4545872	1.32e-06	67.6	7962	N/A
72_8_1287_6770_2891/1	gi|685042161|emb|LN590686.1|	95.349	43	0	2	92	132	28125759	28125801	1.32e-06	67.6	7962	N/A
72_8_1287_6770_2891/1	gi|685042161|emb|LN590686.1|	95.238	42	0	2	93	132	6380194	6380235	4.76e-06	65.8	7962	N/A
72_8_1287_6770_2891/1	gi|685042161|emb|LN590686.1|	95.238	42	0	2	93	132	12304839	12304798	4.76e-06	65.8	7962	N/A
72_8_1287_6770_2891/1	gi|685042161|emb|LN590686.1|	95.238	42	0	2	93	132	17091846	17091887	4.76e-06	65.8	7962	N/A
72_8_1287_6770_2891/1	gi|685042161|emb|LN590686.1|	94.872	39	0	2	96	132	12436830	12436868	2.21e-04	60.2	7962	N/A
72_8_1287_6770_2891/1	gi|2560502367|emb|OY629453.1|	100.000	39	0	0	90	128	5915	5953	2.84e-08	73.1	2697049	N/A
72_8_1287_6770_2891/1	gi|2557643774|emb|OY673254.1|	95.556	45	2	0	93	137	21732	21776	2.84e-08	73.1	2697049	N/A
72_8_2204_49416_28329/1	gi|2978724457|gb|PV611058.1|	92.000	125	7	3	15	137	295321	295444	2.73e-38	172	3421660	N/A
72_8_2204_49416_28329/1	gi|2978724457|gb|PV611058.1|	91.525	59	3	2	15	71	295784	295842	1.70e-10	80.5	3421660	N/A
72_8_2204_49416_28329/1	gi|2830983252|gb|CP170844.1|	86.458	96	11	1	13	106	4083425	4083330	1.01e-17	104	573	N/A
72_8_2204_49416_28329/1	gi|2557643774|emb|OY673254.1|	95.652	46	2	0	15	60	21732	21777	7.91e-09	75.0	2697049	N/A
72_8_2204_49416_28329/1	gi|2165832678|emb|OV195277.1|	93.750	48	3	0	13	60	134	87	2.84e-08	73.1	2697049	N/A
72_8_2204_49416_28329/1	gi|2524352013|emb|OY072335.1|	95.455	44	2	0	5	48	21648	21691	1.02e-07	71.3	2697049	N/A
72_8_1289_27575_28735/1	gi|2978724457|gb|PV611058.1|	93.204	103	3	3	38	137	295318	295419	4.59e-31	148	3421660	N/A
72_8_1289_27575_28735/1	gi|2978724457|gb|PV611058.1|	92.063	63	1	3	38	97	295781	295842	3.65e-12	86.1	3421660	N/A
72_8_1289_27575_28735/1	gi|2830983252|gb|CP170844.1|	84.043	94	11	2	41	130	4083423	4083330	1.02e-12	87.9	573	N/A
72_8_1289_27575_28735/1	gi|2557643774|emb|OY673254.1|	92.593	54	3	1	34	86	21724	21777	2.20e-09	76.8	2697049	N/A
72_8_1289_27575_28735/1	gi|685042175|emb|LN590700.1|	94.118	51	1	2	33	81	14033949	14033899	2.20e-09	76.8	7962	N/A
72_8_1289_27575_28735/1	gi|685042175|emb|LN590700.1|	95.238	42	0	2	41	80	15778538	15778579	4.76e-06	65.8	7962	N/A
72_8_1289_27575_28735/1	gi|2565360070|emb|OY632882.1|	100.000	40	0	0	36	75	22461	22500	7.91e-09	75.0	2697049	N/A
72_8_2471_23464_15652/1	gi|2978724457|gb|PV611058.1|	90.977	133	1	6	3	132	295320	295444	3.53e-37	169	3421660	N/A
72_8_2471_23464_15652/1	gi|2978724457|gb|PV611058.1|	91.803	61	1	3	3	60	295783	295842	4.72e-11	82.4	3421660	N/A
72_8_2471_23464_15652/1	gi|2830983252|gb|CP170844.1|	86.458	96	9	3	4	97	4083423	4083330	3.63e-17	102	573	N/A
72_8_2471_23464_15652/1	gi|2557643774|emb|OY673254.1|	95.652	46	2	0	4	49	21732	21777	7.91e-09	75.0	2697049	N/A
72_8_2471_23464_15652/1	gi|2463378371|dbj|AP027461.1|	95.652	46	2	0	4	49	1299632	1299677	7.91e-09	75.0	511145	N/A
72_8_2471_23464_15652/1	gi|2463378371|dbj|AP027461.1|	95.652	46	2	0	4	49	1628404	1628359	7.91e-09	75.0	511145	N/A
72_8_2471_23464_15652/1	gi|2557638192|emb|OY694677.1|	93.878	49	1	2	2	49	4299	4346	2.84e-08	73.1	2697049	N/A
72_8_2308_46867_25822/1	gi|2557638192|emb|OY694677.1|	92.308	39	1	2	2	39	4309	4346	0.010	54.7	2697049	N/A
72_8_2308_46867_25822/1	gi|2165834303|emb|OV196009.1|	92.105	38	3	0	2	39	107	70	0.010	54.7	2697049	N/A
72_8_2308_46867_25822/1	gi|2165834303|emb|OV196009.1|	96.875	32	1	0	2	33	29920	29951	0.010	54.7	2697049	N/A
72_8_2308_46867_25822/1	gi|2155043183|emb|OV015804.1|	100.000	29	0	0	2	30	29939	29911	0.010	54.7	2697049	N/A
72_8_2308_46867_25822/1	gi|2991388636|dbj|AP040949.1|	100.000	28	0	0	2	29	3527646	3527673	0.037	52.8	573	N/A
72_8_2308_46867_25822/1	gi|2991388621|dbj|AP040934.1|	100.000	28	0	0	2	29	146957	146984	0.037	52.8	562	N/A
72_8_2308_46867_25822/1	gi|2991388621|dbj|AP040934.1|	100.000	28	0	0	2	29	4900942	4900915	0.037	52.8	562	N/A
72_8_1246_48631_25486/1	gi|2830983252|gb|CP170844.1|	91.489	94	5	2	28	119	4083422	4083330	2.15e-24	126	573	N/A
72_8_1246_48631_25486/1	gi|2978724457|gb|PV611058.1|	86.726	113	11	3	28	137	295322	295433	2.78e-23	122	3421660	N/A
72_8_1246_48631_25486/1	gi|2978724457|gb|PV611058.1|	91.803	61	1	3	28	85	295785	295844	4.72e-11	82.4	3421660	N/A
72_8_1246_48631_25486/1	gi|2557643774|emb|OY673254.1|	95.556	45	2	0	28	72	21733	21777	2.84e-08	73.1	2697049	N/A
72_8_1246_48631_25486/1	gi|2463378371|dbj|AP027461.1|	95.556	45	2	0	28	72	1299633	1299677	2.84e-08	73.1	511145	N/A
72_8_1246_48631_25486/1	gi|2463378371|dbj|AP027461.1|	95.556	45	2	0	28	72	1628403	1628359	2.84e-08	73.1	511145	N/A
72_8_1246_48631_25486/1	gi|685042184|emb|LN590709.1|	90.741	54	2	3	16	66	4006936	4006883	3.68e-07	69.4	7962	N/A
72_8_1246_48631_25486/1	gi|685042184|emb|LN590709.1|	95.122	41	0	2	28	66	3964941	3964981	1.71e-05	63.9	7962	N/A
72_8_1246_48631_25486/1	gi|685042184|emb|LN590709.1|	95.122	41	0	2	28	66	5157484	5157524	1.71e-05	63.9	7962	N/A
72_8_1196_9861_18860/1	gi|2676815380|gb|CP144850.1|	100.000	39	0	0	97	135	129812	129850	2.84e-08	73.1	2608262	N/A
72_8_1196_9861_18860/1	gi|685042277|emb|LN590802.1|	100.000	39	0	0	97	135	1043034	1043072	2.84e-08	73.1	7962	N/A
72_8_1196_9861_18860/1	gi|685042188|emb|LN590713.1|	100.000	39	0	0	98	136	7120044	7120082	2.84e-08	73.1	7962	N/A
72_8_1196_9861_18860/1	gi|685042188|emb|LN590713.1|	100.000	30	0	0	102	131	16189618	16189589	0.003	56.5	7962	N/A
72_8_1196_9861_18860/1	gi|685042161|emb|LN590686.1|	95.652	46	1	1	90	135	20813819	20813863	2.84e-08	73.1	7962	N/A
72_8_1196_9861_18860/1	gi|685042161|emb|LN590686.1|	100.000	36	0	0	100	135	6380192	6380227	1.32e-06	67.6	7962	N/A
72_8_1196_9861_18860/1	gi|685042161|emb|LN590686.1|	100.000	34	0	0	102	135	4545831	4545864	1.71e-05	63.9	7962	N/A
72_8_1196_9861_18860/1	gi|685042161|emb|LN590686.1|	100.000	34	0	0	102	135	12304839	12304806	1.71e-05	63.9	7962	N/A
72_8_1196_9861_18860/1	gi|685042161|emb|LN590686.1|	100.000	34	0	0	102	135	17091846	17091879	1.71e-05	63.9	7962	N/A
72_8_1196_9861_18860/1	gi|685042161|emb|LN590686.1|	100.000	34	0	0	102	135	28125760	28125793	1.71e-05	63.9	7962	N/A
72_8_1196_9861_18860/1	gi|685042161|emb|LN590686.1|	100.000	31	0	0	105	135	12436830	12436860	7.96e-04	58.4	7962	N/A
72_8_1196_9861_18860/1	gi|2957931649|dbj|AP038992.1|	100.000	38	0	0	98	135	3353447	3353410	1.02e-07	71.3	84557	N/A
72_8_2378_16950_21185/1	gi|2978724457|gb|PV611058.1|	91.603	131	6	4	10	137	295316	295444	2.11e-39	176	3421660	N/A
72_8_2378_16950_21185/1	gi|2978724457|gb|PV611058.1|	92.308	65	1	3	10	71	295779	295842	2.82e-13	89.8	3421660	N/A
72_8_2378_16950_21185/1	gi|2830983252|gb|CP170844.1|	86.316	95	10	2	15	107	4083423	4083330	1.30e-16	100	573	N/A
72_8_2378_16950_21185/1	gi|685042161|emb|LN590686.1|	94.231	52	0	3	5	54	20813821	20813871	2.20e-09	76.8	7962	N/A
72_8_2378_16950_21185/1	gi|685042161|emb|LN590686.1|	93.617	47	0	3	11	54	6380189	6380235	1.32e-06	67.6	7962	N/A
72_8_2378_16950_21185/1	gi|685042161|emb|LN590686.1|	95.238	42	0	2	15	54	4545831	4545872	4.76e-06	65.8	7962	N/A
72_8_2378_16950_21185/1	gi|685042161|emb|LN590686.1|	95.238	42	0	2	15	54	12304839	12304798	4.76e-06	65.8	7962	N/A
72_8_2378_16950_21185/1	gi|685042161|emb|LN590686.1|	95.238	42	0	2	15	54	17091846	17091887	4.76e-06	65.8	7962	N/A
72_8_2378_16950_21185/1	gi|685042161|emb|LN590686.1|	95.238	42	0	2	15	54	28125760	28125801	4.76e-06	65.8	7962	N/A
72_8_2378_16950_21185/1	gi|685042161|emb|LN590686.1|	94.872	39	0	2	18	54	12436830	12436868	2.21e-04	60.2	7962	N/A
72_8_2378_16950_21185/1	gi|2557643774|emb|OY673254.1|	95.652	46	2	0	15	60	21732	21777	7.91e-09	75.0	2697049	N/A
72_8_2378_16950_21185/1	gi|2463378371|dbj|AP027461.1|	95.652	46	2	0	15	60	1299632	1299677	7.91e-09	75.0	511145	N/A
72_8_2378_16950_21185/1	gi|2463378371|dbj|AP027461.1|	95.652	46	2	0	15	60	1628404	1628359	7.91e-09	75.0	511145	N/A
72_8_1398_50970_3956/1	gi|2978724457|gb|PV611058.1|	96.000	125	1	3	5	126	295321	295444	1.25e-46	200	3421660	N/A
72_8_1398_50970_3956/1	gi|2978724457|gb|PV611058.1|	91.667	60	1	3	5	61	295784	295842	1.70e-10	80.5	3421660	N/A
72_8_1398_50970_3956/1	gi|2557643774|emb|OY673254.1|	95.652	46	2	0	5	50	21732	21777	7.91e-09	75.0	2697049	N/A
72_8_1398_50970_3956/1	gi|2463378371|dbj|AP027461.1|	95.652	46	2	0	5	50	1299632	1299677	7.91e-09	75.0	511145	N/A
72_8_1398_50970_3956/1	gi|2463378371|dbj|AP027461.1|	95.652	46	2	0	5	50	1628404	1628359	7.91e-09	75.0	511145	N/A
72_8_1398_50970_3956/1	gi|685042206|emb|LN590731.1|	95.652	46	0	2	2	45	347607	347652	2.84e-08	73.1	7962	N/A
72_8_1398_50970_3956/1	gi|2830983252|gb|CP170844.1|	81.915	94	5	2	5	86	4083423	4083330	3.68e-07	69.4	573	N/A
72_8_2290_46106_14616/1	gi|2978724457|gb|PV611058.1|	94.355	124	2	4	17	137	295323	295444	3.50e-42	185	3421660	N/A
72_8_2290_46106_14616/1	gi|2978724457|gb|PV611058.1|	91.525	59	1	3	17	72	295786	295843	6.11e-10	78.7	3421660	N/A
72_8_2290_46106_14616/1	gi|2830983252|gb|CP170844.1|	81.720	93	14	2	17	107	4083421	4083330	7.91e-09	75.0	573	N/A
72_8_2290_46106_14616/1	gi|2557643774|emb|OY673254.1|	95.455	44	2	0	17	60	21734	21777	1.02e-07	71.3	2697049	N/A
72_8_2290_46106_14616/1	gi|2463378371|dbj|AP027461.1|	95.455	44	2	0	17	60	1299634	1299677	1.02e-07	71.3	511145	N/A
72_8_2290_46106_14616/1	gi|2463378371|dbj|AP027461.1|	95.455	44	2	0	17	60	1628402	1628359	1.02e-07	71.3	511145	N/A
72_8_2290_46106_14616/1	gi|685042185|emb|LN590710.1|	95.556	45	0	2	5	48	9162079	9162122	1.02e-07	71.3	7962	N/A
72_8_2290_46106_14616/1	gi|685042185|emb|LN590710.1|	91.667	48	1	3	9	54	10218498	10218544	1.71e-05	63.9	7962	N/A
72_8_2290_46106_14616/1	gi|685042185|emb|LN590710.1|	95.000	40	0	2	17	54	3790450	3790411	6.15e-05	62.1	7962	N/A
72_8_2290_46106_14616/1	gi|685042185|emb|LN590710.1|	95.000	40	0	2	17	54	6008696	6008735	6.15e-05	62.1	7962	N/A
72_8_1237_19887_12486/1	gi|2978724457|gb|PV611058.1|	89.855	69	3	3	55	120	295316	295383	3.65e-12	86.1	3421660	N/A
72_8_1237_19887_12486/1	gi|2978724457|gb|PV611058.1|	90.909	66	2	3	55	117	295779	295843	3.65e-12	86.1	3421660	N/A
72_8_1237_19887_12486/1	gi|2830983252|gb|CP170844.1|	83.750	80	11	1	60	137	4083423	4083344	7.91e-09	75.0	573	N/A
72_8_1237_19887_12486/1	gi|2557643774|emb|OY673254.1|	95.652	46	2	0	60	105	21732	21777	7.91e-09	75.0	2697049	N/A
72_8_1237_19887_12486/1	gi|2463378371|dbj|AP027461.1|	95.652	46	2	0	60	105	1299632	1299677	7.91e-09	75.0	511145	N/A
72_8_1237_19887_12486/1	gi|2463378371|dbj|AP027461.1|	95.652	46	2	0	60	105	1628404	1628359	7.91e-09	75.0	511145	N/A
72_8_1237_19887_12486/1	gi|685042161|emb|LN590686.1|	92.593	54	1	3	48	99	20813819	20813871	7.91e-09	75.0	7962	N/A
72_8_1237_19887_12486/1	gi|685042161|emb|LN590686.1|	95.349	43	0	2	59	99	6380193	6380235	1.32e-06	67.6	7962	N/A
72_8_1237_19887_12486/1	gi|685042161|emb|LN590686.1|	95.238	42	0	2	60	99	4545831	4545872	4.76e-06	65.8	7962	N/A
72_8_1237_19887_12486/1	gi|685042161|emb|LN590686.1|	95.238	42	0	2	60	99	12304839	12304798	4.76e-06	65.8	7962	N/A
72_8_1237_19887_12486/1	gi|685042161|emb|LN590686.1|	95.238	42	0	2	60	99	17091846	17091887	4.76e-06	65.8	7962	N/A
72_8_1237_19887_12486/1	gi|685042161|emb|LN590686.1|	95.238	42	0	2	60	99	28125760	28125801	4.76e-06	65.8	7962	N/A
72_8_1237_19887_12486/1	gi|685042161|emb|LN590686.1|	94.872	39	0	2	63	99	12436830	12436868	2.21e-04	60.2	7962	N/A
72_8_1184_12361_26326/1	gi|2978724457|gb|PV611058.1|	91.667	96	4	3	45	137	295321	295415	1.66e-25	130	3421660	N/A
72_8_1184_12361_26326/1	gi|2978724457|gb|PV611058.1|	91.667	60	1	3	45	101	295784	295842	1.70e-10	80.5	3421660	N/A
72_8_1184_12361_26326/1	gi|2830983252|gb|CP170844.1|	83.505	97	13	2	43	137	4083425	4083330	1.02e-12	87.9	573	N/A
72_8_1184_12361_26326/1	gi|2557643774|emb|OY673254.1|	95.652	46	2	0	45	90	21732	21777	7.91e-09	75.0	2697049	N/A
72_8_1184_12361_26326/1	gi|2463378371|dbj|AP027461.1|	95.652	46	2	0	45	90	1299632	1299677	7.91e-09	75.0	511145	N/A
72_8_1184_12361_26326/1	gi|2463378371|dbj|AP027461.1|	95.652	46	2	0	45	90	1628404	1628359	7.91e-09	75.0	511145	N/A
72_8_1184_12361_26326/1	gi|2165836832|emb|OV197136.1|	93.878	49	1	2	43	90	118	71	2.84e-08	73.1	2697049	N/A
72_8_2440_10945_5160/1	gi|2978724457|gb|PV611058.1|	86.207	87	8	3	54	137	295321	295406	7.85e-14	91.6	3421660	N/A
72_8_2440_10945_5160/1	gi|2978724457|gb|PV611058.1|	91.667	60	1	3	54	110	295784	295842	1.70e-10	80.5	3421660	N/A
72_8_2440_10945_5160/1	gi|2524352013|emb|OY072335.1|	97.727	44	1	0	44	87	21648	21691	2.20e-09	76.8	2697049	N/A
72_8_2440_10945_5160/1	gi|685044439|emb|LN592964.1|	95.833	48	0	2	48	93	179349	179302	2.20e-09	76.8	7962	N/A
72_8_2440_10945_5160/1	gi|685042148|emb|LN590673.1|	95.833	48	0	2	48	93	9009491	9009538	2.20e-09	76.8	7962	N/A
72_8_2440_10945_5160/1	gi|685042148|emb|LN590673.1|	95.556	45	0	2	51	93	8955770	8955814	1.02e-07	71.3	7962	N/A
72_8_2440_10945_5160/1	gi|685042148|emb|LN590673.1|	93.182	44	2	1	48	90	9322680	9322723	1.71e-05	63.9	7962	N/A
72_8_2440_10945_5160/1	gi|2557643774|emb|OY673254.1|	95.652	46	2	0	54	99	21732	21777	7.91e-09	75.0	2697049	N/A
72_8_2187_30715_17669/1	gi|2978724457|gb|PV611058.1|	94.488	127	1	5	3	125	295320	295444	7.52e-44	191	3421660	N/A
72_8_2187_30715_17669/1	gi|2978724457|gb|PV611058.1|	90.164	61	1	4	3	59	295783	295842	7.91e-09	75.0	3421660	N/A
72_8_2187_30715_17669/1	gi|2830983252|gb|CP170844.1|	81.915	94	9	3	4	89	4083423	4083330	2.84e-08	73.1	573	N/A
72_8_2187_30715_17669/1	gi|2557643774|emb|OY673254.1|	93.478	46	2	1	4	48	21732	21777	1.32e-06	67.6	2697049	N/A
72_8_2187_30715_17669/1	gi|2463378371|dbj|AP027461.1|	93.478	46	2	1	4	48	1299632	1299677	1.32e-06	67.6	511145	N/A
72_8_2187_30715_17669/1	gi|2463378371|dbj|AP027461.1|	93.478	46	2	1	4	48	1628404	1628359	1.32e-06	67.6	511145	N/A
72_8_2187_30715_17669/1	gi|2557638192|emb|OY694677.1|	91.837	49	1	3	2	48	4299	4346	4.76e-06	65.8	2697049	N/A
72_8_1368_28570_11436/1	gi|685047580|emb|LN596092.1|	100.000	35	0	0	15	49	44221	44255	4.76e-06	65.8	7962	N/A
72_8_1124_42562_15344/1	gi|2739924050|emb|OZ060157.1|	89.189	74	8	0	2	75	848151	848224	2.18e-14	93.5	241234	N/A
72_8_1124_42562_15344/1	gi|2862966525|emb|OZ205482.1|	86.486	74	10	0	2	75	701772	701699	4.72e-11	82.4	241207	N/A
72_8_1124_42562_15344/1	gi|2321929434|emb|OX359267.1|	84.810	79	12	0	4	82	5982877	5982799	1.70e-10	80.5	4052	N/A
72_8_1124_42562_15344/1	gi|685042177|emb|LN590702.1|	92.727	55	0	4	82	132	6540848	6540902	2.20e-09	76.8	7962	N/A
72_8_1124_42562_15344/1	gi|685042177|emb|LN590702.1|	95.238	42	0	2	93	132	1181065	1181106	4.76e-06	65.8	7962	N/A
72_8_1124_42562_15344/1	gi|685042177|emb|LN590702.1|	95.238	42	0	2	93	132	3995989	3995948	4.76e-06	65.8	7962	N/A
72_8_1124_42562_15344/1	gi|685042177|emb|LN590702.1|	95.238	42	0	2	93	132	6762499	6762540	4.76e-06	65.8	7962	N/A
72_8_1124_42562_15344/1	gi|685042177|emb|LN590702.1|	95.238	42	0	2	93	132	6862999	6863040	4.76e-06	65.8	7962	N/A
72_8_1124_42562_15344/1	gi|685042177|emb|LN590702.1|	93.333	45	0	2	84	125	1157104	1157060	1.71e-05	63.9	7962	N/A
72_8_1124_42562_15344/1	gi|685042168|emb|LN590693.1|	95.745	47	0	2	88	132	11958545	11958499	7.91e-09	75.0	7962	N/A
72_8_1124_42562_15344/1	gi|685042168|emb|LN590693.1|	95.349	43	0	2	92	132	320675	320633	1.32e-06	67.6	7962	N/A
72_8_1124_42562_15344/1	gi|685042168|emb|LN590693.1|	95.238	42	0	2	93	132	320171	320212	4.76e-06	65.8	7962	N/A
72_8_2385_1194_12767/1	gi|2978724457|gb|PV611058.1|	93.694	111	3	3	30	137	295321	295430	1.64e-35	163	3421660	N/A
72_8_2385_1194_12767/1	gi|2978724457|gb|PV611058.1|	91.667	60	1	3	30	86	295784	295842	1.70e-10	80.5	3421660	N/A
72_8_2385_1194_12767/1	gi|2830983252|gb|CP170844.1|	84.375	96	10	2	28	118	4083425	4083330	2.82e-13	89.8	573	N/A
72_8_2385_1194_12767/1	gi|2991388621|dbj|AP040934.1|	97.727	44	1	0	22	65	146941	146984	2.20e-09	76.8	562	N/A
72_8_2385_1194_12767/1	gi|2991388621|dbj|AP040934.1|	100.000	34	0	0	32	65	4900948	4900915	1.71e-05	63.9	562	N/A
72_8_2385_1194_12767/1	gi|2557643774|emb|OY673254.1|	95.652	46	2	0	30	75	21732	21777	7.91e-09	75.0	2697049	N/A
72_8_2385_1194_12767/1	gi|2463378371|dbj|AP027461.1|	95.652	46	2	0	30	75	1299632	1299677	7.91e-09	75.0	511145	N/A
72_8_2385_1194_12767/1	gi|2463378371|dbj|AP027461.1|	95.652	46	2	0	30	75	1628404	1628359	7.91e-09	75.0	511145	N/A
72_8_2208_30229_24897/1	gi|2978724457|gb|PV611058.1|	81.081	111	17	3	30	137	295321	295430	3.65e-12	86.1	3421660	N/A
72_8_2208_30229_24897/1	gi|2978724457|gb|PV611058.1|	88.136	59	3	3	30	85	295784	295841	1.32e-06	67.6	3421660	N/A
72_8_2208_30229_24897/1	gi|2557643774|emb|OY673254.1|	95.652	46	2	0	30	75	21732	21777	7.91e-09	75.0	2697049	N/A
72_8_2208_30229_24897/1	gi|2463378371|dbj|AP027461.1|	95.652	46	2	0	30	75	1299632	1299677	7.91e-09	75.0	511145	N/A
72_8_2208_30229_24897/1	gi|2463378371|dbj|AP027461.1|	95.652	46	2	0	30	75	1628404	1628359	7.91e-09	75.0	511145	N/A
72_8_2208_30229_24897/1	gi|685042161|emb|LN590686.1|	92.593	54	1	3	18	69	20813819	20813871	7.91e-09	75.0	7962	N/A
72_8_2208_30229_24897/1	gi|685042161|emb|LN590686.1|	95.349	43	0	2	29	69	4545830	4545872	1.32e-06	67.6	7962	N/A
72_8_2208_30229_24897/1	gi|685042161|emb|LN590686.1|	95.349	43	0	2	29	69	28125759	28125801	1.32e-06	67.6	7962	N/A
72_8_2208_30229_24897/1	gi|685042161|emb|LN590686.1|	91.837	49	0	4	25	69	6380187	6380235	4.76e-06	65.8	7962	N/A
72_8_2208_30229_24897/1	gi|685042161|emb|LN590686.1|	95.238	42	0	2	30	69	12304839	12304798	4.76e-06	65.8	7962	N/A
72_8_2208_30229_24897/1	gi|685042161|emb|LN590686.1|	95.238	42	0	2	30	69	17091846	17091887	4.76e-06	65.8	7962	N/A
72_8_2208_30229_24897/1	gi|685042161|emb|LN590686.1|	94.872	39	0	2	33	69	12436830	12436868	2.21e-04	60.2	7962	N/A
72_8_2208_30229_24897/1	gi|2830983252|gb|CP170844.1|	81.000	100	11	7	30	127	4083423	4083330	2.84e-08	73.1	573	N/A
72_8_1454_42602_22698/1	gi|2978724457|gb|PV611058.1|	89.362	94	4	4	49	137	295314	295406	1.68e-20	113	3421660	N/A
72_8_1454_42602_22698/1	gi|2978724457|gb|PV611058.1|	89.552	67	1	4	49	110	295777	295842	1.70e-10	80.5	3421660	N/A
72_8_1454_42602_22698/1	gi|685042185|emb|LN590710.1|	100.000	44	0	0	44	87	9162079	9162122	4.72e-11	82.4	7962	N/A
72_8_1454_42602_22698/1	gi|685042185|emb|LN590710.1|	95.238	42	0	2	54	93	3790452	3790411	4.76e-06	65.8	7962	N/A
72_8_1454_42602_22698/1	gi|685042185|emb|LN590710.1|	95.238	42	0	2	54	93	6008694	6008735	4.76e-06	65.8	7962	N/A
72_8_1454_42602_22698/1	gi|685042185|emb|LN590710.1|	95.238	42	0	2	54	93	10218503	10218544	4.76e-06	65.8	7962	N/A
72_8_1454_42602_22698/1	gi|2830983252|gb|CP170844.1|	83.908	87	11	2	54	137	4083423	4083337	1.70e-10	80.5	573	N/A
72_8_1454_42602_22698/1	gi|2524352013|emb|OY072335.1|	97.727	44	1	0	44	87	21648	21691	2.20e-09	76.8	2697049	N/A
72_8_1454_42602_22698/1	gi|2557643774|emb|OY673254.1|	95.652	46	2	0	54	99	21732	21777	7.91e-09	75.0	2697049	N/A
72_8_2429_11496_19560/1	gi|2978724457|gb|PV611058.1|	89.683	126	8	4	15	137	295321	295444	2.74e-33	156	3421660	N/A
72_8_2429_11496_19560/1	gi|2978724457|gb|PV611058.1|	90.323	62	1	4	15	73	295784	295843	2.20e-09	76.8	3421660	N/A
72_8_2429_11496_19560/1	gi|2830983252|gb|CP170844.1|	82.653	98	12	3	14	109	4083424	4083330	4.72e-11	82.4	573	N/A
72_8_2429_11496_19560/1	gi|2557643774|emb|OY673254.1|	95.652	46	2	0	15	60	21732	21777	7.91e-09	75.0	2697049	N/A
72_8_2429_11496_19560/1	gi|2463378371|dbj|AP027461.1|	95.652	46	2	0	15	60	1299632	1299677	7.91e-09	75.0	511145	N/A
72_8_2429_11496_19560/1	gi|2463378371|dbj|AP027461.1|	95.652	46	2	0	15	60	1628404	1628359	7.91e-09	75.0	511145	N/A
72_8_2429_11496_19560/1	gi|2755084441|gb|PP943425.1|	81.720	93	12	5	15	105	67825	67736	2.84e-08	73.1	10258	N/A
72_8_2429_11496_19560/1	gi|2755084441|gb|PP943425.1|	93.750	48	1	2	13	59	67589	67635	1.02e-07	71.3	10258	N/A
72_8_1241_44059_12977/1	gi|2978724457|gb|PV611058.1|	96.032	126	1	3	11	133	295320	295444	3.48e-47	202	3421660	N/A
72_8_1241_44059_12977/1	gi|2978724457|gb|PV611058.1|	91.803	61	1	3	11	68	295783	295842	4.72e-11	82.4	3421660	N/A
72_8_1241_44059_12977/1	gi|685042161|emb|LN590686.1|	94.231	52	0	3	2	51	20813821	20813871	2.20e-09	76.8	7962	N/A
72_8_1241_44059_12977/1	gi|685042161|emb|LN590686.1|	95.455	44	0	2	10	51	6380192	6380235	3.68e-07	69.4	7962	N/A
72_8_1241_44059_12977/1	gi|685042161|emb|LN590686.1|	95.238	42	0	2	12	51	4545831	4545872	4.76e-06	65.8	7962	N/A
72_8_1241_44059_12977/1	gi|685042161|emb|LN590686.1|	95.238	42	0	2	12	51	12304839	12304798	4.76e-06	65.8	7962	N/A
72_8_1241_44059_12977/1	gi|685042161|emb|LN590686.1|	95.238	42	0	2	12	51	17091846	17091887	4.76e-06	65.8	7962	N/A
72_8_1241_44059_12977/1	gi|685042161|emb|LN590686.1|	95.238	42	0	2	12	51	28125760	28125801	4.76e-06	65.8	7962	N/A
72_8_1241_44059_12977/1	gi|685042161|emb|LN590686.1|	94.872	39	0	2	15	51	12436830	12436868	2.21e-04	60.2	7962	N/A
72_8_1241_44059_12977/1	gi|2557643774|emb|OY673254.1|	95.652	46	2	0	12	57	21732	21777	7.91e-09	75.0	2697049	N/A
72_8_1241_44059_12977/1	gi|2557638192|emb|OY694677.1|	91.228	57	2	3	2	57	4292	4346	7.91e-09	75.0	2697049	N/A
72_8_1241_44059_12977/1	gi|2830983252|gb|CP170844.1|	81.915	94	5	2	12	93	4083423	4083330	3.68e-07	69.4	573	N/A
72_8_1211_37803_17165/1	gi|2978724457|gb|PV611058.1|	93.130	131	4	4	10	137	295316	295444	9.73e-43	187	3421660	N/A
72_8_1211_37803_17165/1	gi|2978724457|gb|PV611058.1|	90.769	65	2	3	10	71	295779	295842	1.31e-11	84.2	3421660	N/A
72_8_1211_37803_17165/1	gi|2830983252|gb|CP170844.1|	85.106	94	11	2	15	105	4083423	4083330	2.18e-14	93.5	573	N/A
72_8_1211_37803_17165/1	gi|685042161|emb|LN590686.1|	94.231	52	0	3	5	54	20813821	20813871	2.20e-09	76.8	7962	N/A
72_8_1211_37803_17165/1	gi|685042161|emb|LN590686.1|	95.455	44	0	2	13	54	6380192	6380235	3.68e-07	69.4	7962	N/A
72_8_1211_37803_17165/1	gi|685042161|emb|LN590686.1|	95.238	42	0	2	15	54	4545831	4545872	4.76e-06	65.8	7962	N/A
72_8_1211_37803_17165/1	gi|685042161|emb|LN590686.1|	95.238	42	0	2	15	54	12304839	12304798	4.76e-06	65.8	7962	N/A
72_8_1211_37803_17165/1	gi|685042161|emb|LN590686.1|	95.238	42	0	2	15	54	17091846	17091887	4.76e-06	65.8	7962	N/A
72_8_1211_37803_17165/1	gi|685042161|emb|LN590686.1|	95.238	42	0	2	15	54	28125760	28125801	4.76e-06	65.8	7962	N/A
72_8_1211_37803_17165/1	gi|685042161|emb|LN590686.1|	94.872	39	0	2	18	54	12436830	12436868	2.21e-04	60.2	7962	N/A
72_8_1211_37803_17165/1	gi|2557643774|emb|OY673254.1|	95.652	46	2	0	15	60	21732	21777	7.91e-09	75.0	2697049	N/A
72_8_1211_37803_17165/1	gi|2463378371|dbj|AP027461.1|	93.878	49	3	0	12	60	1299629	1299677	7.91e-09	75.0	511145	N/A
72_8_1211_37803_17165/1	gi|2463378371|dbj|AP027461.1|	95.652	46	2	0	15	60	1628404	1628359	7.91e-09	75.0	511145	N/A
72_8_2431_15606_14489/1	gi|2830983252|gb|CP170844.1|	87.640	89	8	2	51	137	4083424	4083337	1.30e-16	100	573	N/A
72_8_2431_15606_14489/1	gi|2978724457|gb|PV611058.1|	86.517	89	8	3	52	137	295321	295408	6.07e-15	95.3	3421660	N/A
72_8_2431_15606_14489/1	gi|2978724457|gb|PV611058.1|	91.667	60	1	3	52	108	295784	295842	1.70e-10	80.5	3421660	N/A
72_8_2431_15606_14489/1	gi|685045708|emb|LN594233.1|	93.103	58	2	2	36	91	80419	80362	1.31e-11	84.2	7962	N/A
72_8_2431_15606_14489/1	gi|2557643774|emb|OY673254.1|	95.652	46	2	0	52	97	21732	21777	7.91e-09	75.0	2697049	N/A
72_8_2431_15606_14489/1	gi|2463378371|dbj|AP027461.1|	95.652	46	2	0	52	97	1299632	1299677	7.91e-09	75.0	511145	N/A
72_8_2431_15606_14489/1	gi|2463378371|dbj|AP027461.1|	95.652	46	2	0	52	97	1628404	1628359	7.91e-09	75.0	511145	N/A
72_8_1123_22194_19504/1	gi|2978724457|gb|PV611058.1|	92.857	126	4	4	15	137	295321	295444	5.86e-40	178	3421660	N/A
72_8_1123_22194_19504/1	gi|2978724457|gb|PV611058.1|	91.667	60	1	3	15	71	295784	295842	1.70e-10	80.5	3421660	N/A
72_8_1123_22194_19504/1	gi|2830983252|gb|CP170844.1|	86.170	94	10	2	15	105	4083423	4083330	4.69e-16	99.0	573	N/A
72_8_1123_22194_19504/1	gi|685042206|emb|LN590731.1|	95.918	49	0	2	9	55	347604	347652	6.11e-10	78.7	7962	N/A
72_8_1123_22194_19504/1	gi|2557643774|emb|OY673254.1|	91.228	57	4	1	5	60	21721	21777	2.20e-09	76.8	2697049	N/A
72_8_1123_22194_19504/1	gi|2463378371|dbj|AP027461.1|	95.652	46	2	0	15	60	1299632	1299677	7.91e-09	75.0	511145	N/A
72_8_1123_22194_19504/1	gi|2463378371|dbj|AP027461.1|	95.652	46	2	0	15	60	1628404	1628359	7.91e-09	75.0	511145	N/A
72_8_1149_23383_25766/1	gi|2978724457|gb|PV611058.1|	92.857	126	4	4	15	137	295321	295444	5.86e-40	178	3421660	N/A
72_8_1149_23383_25766/1	gi|2978724457|gb|PV611058.1|	91.667	60	1	3	15	71	295784	295842	1.70e-10	80.5	3421660	N/A
72_8_1149_23383_25766/1	gi|2830983252|gb|CP170844.1|	86.458	96	10	2	13	105	4083425	4083330	3.63e-17	102	573	N/A
72_8_1149_23383_25766/1	gi|2557643774|emb|OY673254.1|	95.652	46	2	0	15	60	21732	21777	7.91e-09	75.0	2697049	N/A
72_8_1149_23383_25766/1	gi|2463378371|dbj|AP027461.1|	95.652	46	2	0	15	60	1299632	1299677	7.91e-09	75.0	511145	N/A
72_8_1149_23383_25766/1	gi|2463378371|dbj|AP027461.1|	95.652	46	2	0	15	60	1628404	1628359	7.91e-09	75.0	511145	N/A
72_8_1149_23383_25766/1	gi|2165836832|emb|OV197136.1|	92.593	54	1	3	8	60	122	71	7.91e-09	75.0	2697049	N/A
72_8_1143_1793_17053/1	gi|2978724457|gb|PV611058.1|	87.402	127	11	4	14	137	295320	295444	7.68e-29	141	3421660	N/A
72_8_1143_1793_17053/1	gi|2978724457|gb|PV611058.1|	90.625	64	1	4	14	74	295783	295844	1.70e-10	80.5	3421660	N/A
72_8_1143_1793_17053/1	gi|2830983252|gb|CP170844.1|	89.583	96	6	3	15	108	4083423	4083330	3.60e-22	119	573	N/A
72_8_1143_1793_17053/1	gi|685042161|emb|LN590686.1|	94.231	52	0	3	5	54	20813821	20813871	2.20e-09	76.8	7962	N/A
72_8_1143_1793_17053/1	gi|685042161|emb|LN590686.1|	95.455	44	0	2	13	54	6380192	6380235	3.68e-07	69.4	7962	N/A
72_8_1143_1793_17053/1	gi|685042161|emb|LN590686.1|	95.238	42	0	2	15	54	4545831	4545872	4.76e-06	65.8	7962	N/A
72_8_1143_1793_17053/1	gi|685042161|emb|LN590686.1|	95.238	42	0	2	15	54	12304839	12304798	4.76e-06	65.8	7962	N/A
72_8_1143_1793_17053/1	gi|685042161|emb|LN590686.1|	95.238	42	0	2	15	54	17091846	17091887	4.76e-06	65.8	7962	N/A
72_8_1143_1793_17053/1	gi|685042161|emb|LN590686.1|	95.238	42	0	2	15	54	28125760	28125801	4.76e-06	65.8	7962	N/A
72_8_1143_1793_17053/1	gi|685042161|emb|LN590686.1|	94.872	39	0	2	18	54	12436830	12436868	2.21e-04	60.2	7962	N/A
72_8_1143_1793_17053/1	gi|2557643774|emb|OY673254.1|	95.652	46	2	0	15	60	21732	21777	7.91e-09	75.0	2697049	N/A
72_8_1143_1793_17053/1	gi|2557638192|emb|OY694677.1|	91.228	57	2	3	5	60	4292	4346	7.91e-09	75.0	2697049	N/A
72_8_1284_40401_7289/1	gi|2978724457|gb|PV611058.1|	95.122	123	1	4	1	120	295324	295444	2.71e-43	189	3421660	N/A
72_8_1284_40401_7289/1	gi|2978724457|gb|PV611058.1|	91.228	57	1	3	1	54	295787	295842	7.91e-09	75.0	3421660	N/A
72_8_1284_40401_7289/1	gi|2830983252|gb|CP170844.1|	82.418	91	12	2	1	87	4083420	4083330	2.20e-09	76.8	573	N/A
72_8_1284_40401_7289/1	gi|2557643774|emb|OY673254.1|	95.349	43	2	0	1	43	21735	21777	3.68e-07	69.4	2697049	N/A
72_8_1284_40401_7289/1	gi|2463378371|dbj|AP027461.1|	95.349	43	2	0	1	43	1299635	1299677	3.68e-07	69.4	511145	N/A
72_8_1284_40401_7289/1	gi|2463378371|dbj|AP027461.1|	95.349	43	2	0	1	43	1628401	1628359	3.68e-07	69.4	511145	N/A
72_8_1284_40401_7289/1	gi|2755084441|gb|PP943425.1|	93.182	44	1	2	1	43	67822	67780	1.71e-05	63.9	10258	N/A
72_8_1284_40401_7289/1	gi|2755084441|gb|PP943425.1|	93.023	43	1	2	1	42	67594	67635	6.15e-05	62.1	10258	N/A
72_8_2487_10096_26298/1	gi|2978724457|gb|PV611058.1|	92.063	63	1	3	77	136	295321	295382	3.65e-12	86.1	3421660	N/A
72_8_2487_10096_26298/1	gi|2978724457|gb|PV611058.1|	91.667	60	1	3	77	133	295784	295842	1.70e-10	80.5	3421660	N/A
72_8_2487_10096_26298/1	gi|685045708|emb|LN594233.1|	95.833	48	0	2	71	116	80409	80362	2.20e-09	76.8	7962	N/A
72_8_2487_10096_26298/1	gi|2557643774|emb|OY673254.1|	95.652	46	2	0	77	122	21732	21777	7.91e-09	75.0	2697049	N/A
72_8_2487_10096_26298/1	gi|2463378371|dbj|AP027461.1|	95.652	46	2	0	77	122	1299632	1299677	7.91e-09	75.0	511145	N/A
72_8_2487_10096_26298/1	gi|2463378371|dbj|AP027461.1|	95.652	46	2	0	77	122	1628404	1628359	7.91e-09	75.0	511145	N/A
72_8_2487_10096_26298/1	gi|2830983252|gb|CP170844.1|	88.333	60	5	1	76	133	4083424	4083365	1.02e-07	71.3	573	N/A
72_8_1138_6478_23202/1	gi|2978724457|gb|PV611058.1|	88.983	118	9	3	23	137	295321	295437	2.14e-29	143	3421660	N/A
72_8_1138_6478_23202/1	gi|2978724457|gb|PV611058.1|	90.476	63	1	4	23	82	295784	295844	6.11e-10	78.7	3421660	N/A
72_8_1138_6478_23202/1	gi|2830983252|gb|CP170844.1|	86.598	97	9	3	22	116	4083424	4083330	1.01e-17	104	573	N/A
72_8_1138_6478_23202/1	gi|2557643774|emb|OY673254.1|	95.652	46	2	0	23	68	21732	21777	7.91e-09	75.0	2697049	N/A
72_8_1138_6478_23202/1	gi|2463378371|dbj|AP027461.1|	93.878	49	3	0	20	68	1299629	1299677	7.91e-09	75.0	511145	N/A
72_8_1138_6478_23202/1	gi|2463378371|dbj|AP027461.1|	95.652	46	2	0	23	68	1628404	1628359	7.91e-09	75.0	511145	N/A
72_8_1138_6478_23202/1	gi|685042161|emb|LN590686.1|	92.593	54	1	3	11	62	20813819	20813871	7.91e-09	75.0	7962	N/A
72_8_1138_6478_23202/1	gi|685042161|emb|LN590686.1|	95.349	43	0	2	22	62	12304840	12304798	1.32e-06	67.6	7962	N/A
72_8_1138_6478_23202/1	gi|685042161|emb|LN590686.1|	95.238	42	0	2	23	62	4545831	4545872	4.76e-06	65.8	7962	N/A
72_8_1138_6478_23202/1	gi|685042161|emb|LN590686.1|	95.238	42	0	2	23	62	6380194	6380235	4.76e-06	65.8	7962	N/A
72_8_1138_6478_23202/1	gi|685042161|emb|LN590686.1|	95.238	42	0	2	23	62	17091846	17091887	4.76e-06	65.8	7962	N/A
72_8_1138_6478_23202/1	gi|685042161|emb|LN590686.1|	95.238	42	0	2	23	62	28125760	28125801	4.76e-06	65.8	7962	N/A
72_8_1138_6478_23202/1	gi|685042161|emb|LN590686.1|	94.872	39	0	2	26	62	12436830	12436868	2.21e-04	60.2	7962	N/A
72_8_1310_44132_19602/1	gi|685047580|emb|LN596092.1|	100.000	35	0	0	84	118	44221	44255	4.76e-06	65.8	7962	N/A
72_8_1316_29493_17711/1	gi|2978724457|gb|PV611058.1|	94.444	126	1	5	1	123	295322	295444	2.71e-43	189	3421660	N/A
72_8_1316_29493_17711/1	gi|2978724457|gb|PV611058.1|	91.525	59	1	3	1	56	295785	295842	6.11e-10	78.7	3421660	N/A
72_8_1316_29493_17711/1	gi|2830983252|gb|CP170844.1|	83.871	93	9	2	1	87	4083422	4083330	1.31e-11	84.2	573	N/A
72_8_1316_29493_17711/1	gi|2557643774|emb|OY673254.1|	95.556	45	2	0	1	45	21733	21777	2.84e-08	73.1	2697049	N/A
72_8_1316_29493_17711/1	gi|2463378371|dbj|AP027461.1|	95.556	45	2	0	1	45	1299633	1299677	2.84e-08	73.1	511145	N/A
72_8_1316_29493_17711/1	gi|2463378371|dbj|AP027461.1|	95.556	45	2	0	1	45	1628403	1628359	2.84e-08	73.1	511145	N/A
72_8_1316_29493_17711/1	gi|2755084441|gb|PP943425.1|	93.478	46	1	2	1	45	67824	67780	1.32e-06	67.6	10258	N/A
72_8_1316_29493_17711/1	gi|2755084441|gb|PP943425.1|	93.333	45	1	2	1	44	67592	67635	4.76e-06	65.8	10258	N/A
72_8_2106_46737_5595/1	gi|2830983252|gb|CP170844.1|	89.157	83	7	1	57	137	4083423	4083341	3.63e-17	102	573	N/A
72_8_2106_46737_5595/1	gi|685046059|emb|LN594584.1|	93.220	59	0	4	40	96	7185	7129	1.31e-11	84.2	7962	N/A
72_8_2106_46737_5595/1	gi|2978724457|gb|PV611058.1|	90.625	64	2	3	54	114	295318	295380	4.72e-11	82.4	3421660	N/A
72_8_2106_46737_5595/1	gi|2978724457|gb|PV611058.1|	90.476	63	2	3	54	113	295781	295842	1.70e-10	80.5	3421660	N/A
72_8_2106_46737_5595/1	gi|685042189|emb|LN590714.1|	97.826	46	0	1	45	90	6568387	6568431	6.11e-10	78.7	7962	N/A
72_8_2106_46737_5595/1	gi|685042189|emb|LN590714.1|	94.231	52	0	3	48	96	3608303	3608252	2.20e-09	76.8	7962	N/A
72_8_2106_46737_5595/1	gi|685042189|emb|LN590714.1|	100.000	36	0	0	56	91	11523468	11523503	1.32e-06	67.6	7962	N/A
72_8_2106_46737_5595/1	gi|685042189|emb|LN590714.1|	95.238	42	0	2	57	96	7216113	7216072	4.76e-06	65.8	7962	N/A
72_8_2106_46737_5595/1	gi|2557643774|emb|OY673254.1|	95.652	46	2	0	57	102	21732	21777	7.91e-09	75.0	2697049	N/A
72_8_2333_8178_17599/1	gi|2978724457|gb|PV611058.1|	88.889	126	9	4	15	137	295321	295444	1.28e-31	150	3421660	N/A
72_8_2333_8178_17599/1	gi|2978724457|gb|PV611058.1|	91.525	59	1	3	15	70	295784	295841	6.11e-10	78.7	3421660	N/A
72_8_2333_8178_17599/1	gi|2830983252|gb|CP170844.1|	86.458	96	9	3	15	108	4083423	4083330	3.63e-17	102	573	N/A
72_8_2333_8178_17599/1	gi|2557643774|emb|OY673254.1|	95.652	46	2	0	15	60	21732	21777	7.91e-09	75.0	2697049	N/A
72_8_2333_8178_17599/1	gi|2463378371|dbj|AP027461.1|	92.453	53	2	2	10	60	1299625	1299677	7.91e-09	75.0	511145	N/A
72_8_2333_8178_17599/1	gi|2463378371|dbj|AP027461.1|	95.652	46	2	0	15	60	1628404	1628359	7.91e-09	75.0	511145	N/A
72_8_2333_8178_17599/1	gi|2560502367|emb|OY629453.1|	100.000	38	0	0	13	50	5916	5953	1.02e-07	71.3	2697049	N/A
72_8_1374_15121_7514/1	gi|2560502367|emb|OY629453.1|	97.368	38	1	0	49	86	5916	5953	4.76e-06	65.8	2697049	N/A
72_8_1374_15121_7514/1	gi|685042189|emb|LN590714.1|	97.368	38	1	0	48	85	11523466	11523503	4.76e-06	65.8	7962	N/A
72_8_1374_15121_7514/1	gi|2155043183|emb|OV015804.1|	97.368	38	1	0	50	87	29948	29911	4.76e-06	65.8	2697049	N/A
72_8_1374_15121_7514/1	gi|2991388636|dbj|AP040949.1|	97.297	37	1	0	50	86	3527637	3527673	1.71e-05	63.9	573	N/A
72_8_1374_15121_7514/1	gi|2557638192|emb|OY694677.1|	91.489	47	2	2	51	96	4301	4346	1.71e-05	63.9	2697049	N/A
72_8_1245_43403_2961/1	gi|2978724457|gb|PV611058.1|	85.294	136	10	6	7	137	295314	295444	4.63e-26	132	3421660	N/A
72_8_1245_43403_2961/1	gi|2978724457|gb|PV611058.1|	89.062	64	1	4	7	65	295777	295839	7.91e-09	75.0	3421660	N/A
72_8_1245_43403_2961/1	gi|2830983252|gb|CP170844.1|	89.583	96	6	2	12	105	4083423	4083330	3.60e-22	119	573	N/A
72_8_1245_43403_2961/1	gi|685042185|emb|LN590710.1|	100.000	45	0	0	1	45	9162078	9162122	1.31e-11	84.2	7962	N/A
72_8_1245_43403_2961/1	gi|685042185|emb|LN590710.1|	95.238	42	0	2	12	51	3790452	3790411	4.76e-06	65.8	7962	N/A
72_8_1245_43403_2961/1	gi|685042185|emb|LN590710.1|	95.238	42	0	2	12	51	6008694	6008735	4.76e-06	65.8	7962	N/A
72_8_1245_43403_2961/1	gi|685042185|emb|LN590710.1|	95.238	42	0	2	12	51	10218503	10218544	4.76e-06	65.8	7962	N/A
72_8_1245_43403_2961/1	gi|2524352013|emb|OY072335.1|	97.727	44	1	0	2	45	21648	21691	2.20e-09	76.8	2697049	N/A
72_8_1245_43403_2961/1	gi|2557643774|emb|OY673254.1|	95.652	46	2	0	12	57	21732	21777	7.91e-09	75.0	2697049	N/A
72_8_2483_16578_26984/1	gi|2978724457|gb|PV611058.1|	90.476	126	7	4	15	137	295321	295444	5.90e-35	161	3421660	N/A
72_8_2483_16578_26984/1	gi|2978724457|gb|PV611058.1|	91.667	60	1	3	15	71	295784	295842	1.70e-10	80.5	3421660	N/A
72_8_2483_16578_26984/1	gi|2830983252|gb|CP170844.1|	88.421	95	8	2	15	107	4083423	4083330	6.03e-20	111	573	N/A
72_8_2483_16578_26984/1	gi|2557643774|emb|OY673254.1|	95.652	46	2	0	15	60	21732	21777	7.91e-09	75.0	2697049	N/A
72_8_2483_16578_26984/1	gi|2463378371|dbj|AP027461.1|	95.652	46	2	0	15	60	1299632	1299677	7.91e-09	75.0	511145	N/A
72_8_2483_16578_26984/1	gi|2463378371|dbj|AP027461.1|	95.652	46	2	0	15	60	1628404	1628359	7.91e-09	75.0	511145	N/A
72_8_2483_16578_26984/1	gi|685046063|emb|LN594588.1|	95.652	46	0	2	11	54	121372	121417	2.84e-08	73.1	7962	N/A
72_8_1255_30658_25500/1	gi|2811323665|ref|XM_068793211.1|	92.308	52	4	0	28	79	355	304	7.91e-09	75.0	171875	N/A
72_8_1255_30658_25500/1	gi|685042175|emb|LN590700.1|	100.000	31	0	0	107	137	15778532	15778562	7.96e-04	58.4	7962	N/A
72_8_1255_30658_25500/1	gi|930416156|ref|XM_014326876.1|	100.000	28	0	0	110	137	913	940	0.037	52.8	1186058	N/A
72_8_1255_30658_25500/1	gi|685051416|emb|LN599928.1|	100.000	28	0	0	110	137	8193	8220	0.037	52.8	7962	N/A
72_8_1255_30658_25500/1	gi|2057092053|tpg|BK038136.1|	100.000	28	0	0	110	137	38029	38056	0.037	52.8	2832643	N/A
72_8_2291_3913_6267/1	gi|685042161|emb|LN590686.1|	97.778	45	0	1	81	125	20813819	20813862	2.20e-09	76.8	7962	N/A
72_8_2291_3913_6267/1	gi|685042161|emb|LN590686.1|	100.000	34	0	0	92	125	12304840	12304807	1.71e-05	63.9	7962	N/A
72_8_2291_3913_6267/1	gi|685042161|emb|LN590686.1|	100.000	33	0	0	93	125	4545831	4545863	6.15e-05	62.1	7962	N/A
72_8_2291_3913_6267/1	gi|685042161|emb|LN590686.1|	100.000	33	0	0	93	125	6380194	6380226	6.15e-05	62.1	7962	N/A
72_8_2291_3913_6267/1	gi|685042161|emb|LN590686.1|	100.000	33	0	0	93	125	17091846	17091878	6.15e-05	62.1	7962	N/A
72_8_2291_3913_6267/1	gi|685042161|emb|LN590686.1|	100.000	33	0	0	93	125	28125760	28125792	6.15e-05	62.1	7962	N/A
72_8_2291_3913_6267/1	gi|685042161|emb|LN590686.1|	100.000	30	0	0	96	125	12436830	12436859	0.003	56.5	7962	N/A
72_8_2291_3913_6267/1	gi|2560271874|emb|OY714649.1|	100.000	37	0	0	89	125	10395	10431	3.68e-07	69.4	2697049	N/A
72_8_2291_3913_6267/1	gi|2557653524|emb|OY683806.1|	100.000	37	0	0	89	125	10394	10430	3.68e-07	69.4	2697049	N/A
72_8_2291_3913_6267/1	gi|2557649546|emb|OY678249.1|	100.000	37	0	0	89	125	10396	10432	3.68e-07	69.4	2697049	N/A
72_8_2291_3913_6267/1	gi|2557389714|emb|OY652490.1|	97.561	41	0	1	86	125	20438	20478	3.68e-07	69.4	2697049	N/A
72_8_1337_19361_14602/1	gi|685042178|emb|LN590703.1|	93.878	49	1	2	47	93	13166497	13166545	2.84e-08	73.1	7962	N/A
72_8_1337_19361_14602/1	gi|685042178|emb|LN590703.1|	93.333	45	1	2	51	93	12952798	12952842	4.76e-06	65.8	7962	N/A
72_8_1337_19361_14602/1	gi|685042178|emb|LN590703.1|	93.023	43	1	2	53	93	17684506	17684464	6.15e-05	62.1	7962	N/A
72_8_1337_19361_14602/1	gi|685042178|emb|LN590703.1|	92.857	42	1	2	54	93	1057735	1057776	2.21e-04	60.2	7962	N/A
72_8_1337_19361_14602/1	gi|685042178|emb|LN590703.1|	92.857	42	1	2	54	93	7304702	7304661	2.21e-04	60.2	7962	N/A
72_8_1337_19361_14602/1	gi|2557643774|emb|OY673254.1|	90.741	54	4	1	47	99	21724	21777	1.02e-07	71.3	2697049	N/A
72_8_1337_19361_14602/1	gi|685042175|emb|LN590700.1|	92.157	51	2	2	46	94	14033949	14033899	1.02e-07	71.3	7962	N/A
72_8_1337_19361_14602/1	gi|685042175|emb|LN590700.1|	92.857	42	1	2	54	93	15778538	15778579	2.21e-04	60.2	7962	N/A
72_8_1337_19361_14602/1	gi|2463378371|dbj|AP027461.1|	93.478	46	3	0	54	99	1299632	1299677	3.68e-07	69.4	511145	N/A
72_8_1337_19361_14602/1	gi|2463378371|dbj|AP027461.1|	93.478	46	3	0	54	99	1628404	1628359	3.68e-07	69.4	511145	N/A
72_8_1337_19361_14602/1	gi|685042206|emb|LN590731.1|	91.837	49	2	2	48	94	347604	347652	1.32e-06	67.6	7962	N/A
72_8_2355_2683_1420/1	gi|2978724457|gb|PV611058.1|	91.803	61	1	3	72	129	295784	295843	4.72e-11	82.4	3421660	N/A
72_8_2355_2683_1420/1	gi|2978724457|gb|PV611058.1|	91.667	60	1	3	72	128	295321	295379	1.70e-10	80.5	3421660	N/A
72_8_2355_2683_1420/1	gi|685042206|emb|LN590731.1|	95.918	49	0	2	66	112	347604	347652	6.11e-10	78.7	7962	N/A
72_8_2355_2683_1420/1	gi|2557643774|emb|OY673254.1|	91.228	57	4	1	62	117	21721	21777	2.20e-09	76.8	2697049	N/A
72_8_2355_2683_1420/1	gi|2463378371|dbj|AP027461.1|	95.652	46	2	0	72	117	1299632	1299677	7.91e-09	75.0	511145	N/A
72_8_2355_2683_1420/1	gi|2463378371|dbj|AP027461.1|	95.652	46	2	0	72	117	1628404	1628359	7.91e-09	75.0	511145	N/A
72_8_2355_2683_1420/1	gi|685046059|emb|LN594584.1|	92.593	54	1	3	60	111	7181	7129	7.91e-09	75.0	7962	N/A
72_8_1158_33013_17865/1	gi|2978724457|gb|PV611058.1|	91.339	127	6	4	14	137	295320	295444	3.53e-37	169	3421660	N/A
72_8_1158_33013_17865/1	gi|2978724457|gb|PV611058.1|	91.803	61	1	3	14	71	295783	295842	4.72e-11	82.4	3421660	N/A
72_8_1158_33013_17865/1	gi|2830983252|gb|CP170844.1|	88.298	94	9	1	15	106	4083423	4083330	6.03e-20	111	573	N/A
72_8_1158_33013_17865/1	gi|685047827|emb|LN596339.1|	96.000	50	0	2	7	54	601778	601827	1.70e-10	80.5	7962	N/A
72_8_1158_33013_17865/1	gi|685042185|emb|LN590710.1|	95.833	48	0	2	9	54	10218497	10218544	2.20e-09	76.8	7962	N/A
72_8_1158_33013_17865/1	gi|685042185|emb|LN590710.1|	95.556	45	0	2	12	54	3790455	3790411	1.02e-07	71.3	7962	N/A
72_8_1158_33013_17865/1	gi|685042185|emb|LN590710.1|	95.556	45	0	2	12	54	6008691	6008735	1.02e-07	71.3	7962	N/A
72_8_1158_33013_17865/1	gi|685042185|emb|LN590710.1|	100.000	34	0	0	15	48	9162089	9162122	1.71e-05	63.9	7962	N/A
72_8_1158_33013_17865/1	gi|2557643774|emb|OY673254.1|	95.652	46	2	0	15	60	21732	21777	7.91e-09	75.0	2697049	N/A
72_8_1461_16440_12542/1	gi|2978724457|gb|PV611058.1|	90.076	131	8	4	10	137	295316	295444	4.56e-36	165	3421660	N/A
72_8_1461_16440_12542/1	gi|2978724457|gb|PV611058.1|	90.476	63	2	3	10	69	295779	295840	1.70e-10	80.5	3421660	N/A
72_8_1461_16440_12542/1	gi|2830983252|gb|CP170844.1|	87.234	94	9	2	15	105	4083423	4083330	1.01e-17	104	573	N/A
72_8_1461_16440_12542/1	gi|685042161|emb|LN590686.1|	94.231	52	0	3	5	54	20813821	20813871	2.20e-09	76.8	7962	N/A
72_8_1461_16440_12542/1	gi|685042161|emb|LN590686.1|	95.455	44	0	2	13	54	6380192	6380235	3.68e-07	69.4	7962	N/A
72_8_1461_16440_12542/1	gi|685042161|emb|LN590686.1|	95.238	42	0	2	15	54	4545831	4545872	4.76e-06	65.8	7962	N/A
72_8_1461_16440_12542/1	gi|685042161|emb|LN590686.1|	95.238	42	0	2	15	54	12304839	12304798	4.76e-06	65.8	7962	N/A
72_8_1461_16440_12542/1	gi|685042161|emb|LN590686.1|	95.238	42	0	2	15	54	17091846	17091887	4.76e-06	65.8	7962	N/A
72_8_1461_16440_12542/1	gi|685042161|emb|LN590686.1|	95.238	42	0	2	15	54	28125760	28125801	4.76e-06	65.8	7962	N/A
72_8_1461_16440_12542/1	gi|685042161|emb|LN590686.1|	94.872	39	0	2	18	54	12436830	12436868	2.21e-04	60.2	7962	N/A
72_8_1461_16440_12542/1	gi|2557643774|emb|OY673254.1|	95.652	46	2	0	15	60	21732	21777	7.91e-09	75.0	2697049	N/A
72_8_1461_16440_12542/1	gi|2463378371|dbj|AP027461.1|	93.878	49	3	0	12	60	1299629	1299677	7.91e-09	75.0	511145	N/A
72_8_1461_16440_12542/1	gi|2463378371|dbj|AP027461.1|	95.652	46	2	0	15	60	1628404	1628359	7.91e-09	75.0	511145	N/A
72_8_1232_32997_17781/1	gi|2830983252|gb|CP170844.1|	91.489	94	6	1	41	132	4083423	4083330	5.98e-25	128	573	N/A
72_8_1232_32997_17781/1	gi|2978724457|gb|PV611058.1|	86.139	101	10	3	40	137	295320	295419	2.80e-18	106	3421660	N/A
72_8_1232_32997_17781/1	gi|2978724457|gb|PV611058.1|	92.063	63	1	3	40	99	295783	295844	3.65e-12	86.1	3421660	N/A
72_8_1232_32997_17781/1	gi|685042175|emb|LN590700.1|	94.231	52	1	2	32	81	14033950	14033899	6.11e-10	78.7	7962	N/A
72_8_1232_32997_17781/1	gi|685042175|emb|LN590700.1|	95.238	42	0	2	41	80	15778538	15778579	4.76e-06	65.8	7962	N/A
72_8_1232_32997_17781/1	gi|685042185|emb|LN590710.1|	92.593	54	2	2	21	74	9162071	9162122	2.20e-09	76.8	7962	N/A
72_8_1232_32997_17781/1	gi|685042185|emb|LN590710.1|	95.349	43	0	2	40	80	3790453	3790411	1.32e-06	67.6	7962	N/A
72_8_1232_32997_17781/1	gi|685042185|emb|LN590710.1|	95.349	43	0	2	40	80	6008693	6008735	1.32e-06	67.6	7962	N/A
72_8_1232_32997_17781/1	gi|685042185|emb|LN590710.1|	95.349	43	0	2	40	80	10218502	10218544	1.32e-06	67.6	7962	N/A
72_8_1232_32997_17781/1	gi|2557643774|emb|OY673254.1|	95.652	46	2	0	41	86	21732	21777	7.91e-09	75.0	2697049	N/A
72_8_1472_25066_8480/1	gi|2978724457|gb|PV611058.1|	91.935	62	1	3	76	134	295321	295381	1.31e-11	84.2	3421660	N/A
72_8_1472_25066_8480/1	gi|2978724457|gb|PV611058.1|	91.667	60	1	3	76	132	295784	295842	1.70e-10	80.5	3421660	N/A
72_8_1472_25066_8480/1	gi|685042185|emb|LN590710.1|	97.727	44	1	0	66	109	9162079	9162122	2.20e-09	76.8	7962	N/A
72_8_1472_25066_8480/1	gi|685042185|emb|LN590710.1|	95.238	42	0	2	76	115	3790452	3790411	4.76e-06	65.8	7962	N/A
72_8_1472_25066_8480/1	gi|685042185|emb|LN590710.1|	95.238	42	0	2	76	115	6008694	6008735	4.76e-06	65.8	7962	N/A
72_8_1472_25066_8480/1	gi|685042185|emb|LN590710.1|	95.238	42	0	2	76	115	10218503	10218544	4.76e-06	65.8	7962	N/A
72_8_1472_25066_8480/1	gi|2557643774|emb|OY673254.1|	95.652	46	2	0	76	121	21732	21777	7.91e-09	75.0	2697049	N/A
72_8_1472_25066_8480/1	gi|2463378371|dbj|AP027461.1|	95.652	46	2	0	76	121	1299632	1299677	7.91e-09	75.0	511145	N/A
72_8_1472_25066_8480/1	gi|2463378371|dbj|AP027461.1|	95.652	46	2	0	76	121	1628404	1628359	7.91e-09	75.0	511145	N/A
72_8_1472_25066_8480/1	gi|2165836832|emb|OV197136.1|	92.593	54	1	3	69	121	122	71	7.91e-09	75.0	2697049	N/A
72_8_1353_12370_22082/1	gi|685042177|emb|LN590702.1|	91.071	56	3	1	80	135	3996009	3995956	7.91e-09	75.0	7962	N/A
72_8_1353_12370_22082/1	gi|685042177|emb|LN590702.1|	93.478	46	2	1	91	135	6540849	6540894	1.32e-06	67.6	7962	N/A
72_8_1353_12370_22082/1	gi|685042177|emb|LN590702.1|	100.000	34	0	0	102	135	1181065	1181098	1.71e-05	63.9	7962	N/A
72_8_1353_12370_22082/1	gi|685042177|emb|LN590702.1|	95.000	40	2	0	96	135	6762493	6762532	1.71e-05	63.9	7962	N/A
72_8_1353_12370_22082/1	gi|685042177|emb|LN590702.1|	100.000	34	0	0	102	135	6862999	6863032	1.71e-05	63.9	7962	N/A
72_8_1353_12370_22082/1	gi|685042177|emb|LN590702.1|	100.000	33	0	0	102	134	1157092	1157060	6.15e-05	62.1	7962	N/A
72_8_1353_12370_22082/1	gi|685042185|emb|LN590710.1|	92.308	52	2	2	85	135	9162072	9162122	2.84e-08	73.1	7962	N/A
72_8_1353_12370_22082/1	gi|685042185|emb|LN590710.1|	97.500	40	0	1	96	135	10218498	10218536	1.32e-06	67.6	7962	N/A
72_8_1353_12370_22082/1	gi|685042185|emb|LN590710.1|	97.368	38	0	1	98	135	3790455	3790419	1.71e-05	63.9	7962	N/A
72_8_1353_12370_22082/1	gi|685042185|emb|LN590710.1|	97.368	38	0	1	98	135	6008691	6008727	1.71e-05	63.9	7962	N/A
72_8_1353_12370_22082/1	gi|685042161|emb|LN590686.1|	95.652	46	1	1	90	135	20813819	20813863	2.84e-08	73.1	7962	N/A
72_8_1353_12370_22082/1	gi|685042161|emb|LN590686.1|	100.000	35	0	0	101	135	12304840	12304806	4.76e-06	65.8	7962	N/A
72_8_1353_12370_22082/1	gi|685042161|emb|LN590686.1|	100.000	34	0	0	102	135	4545831	4545864	1.71e-05	63.9	7962	N/A
72_8_1353_12370_22082/1	gi|685042161|emb|LN590686.1|	100.000	34	0	0	102	135	6380194	6380227	1.71e-05	63.9	7962	N/A
72_8_1353_12370_22082/1	gi|685042161|emb|LN590686.1|	100.000	34	0	0	102	135	17091846	17091879	1.71e-05	63.9	7962	N/A
72_8_1353_12370_22082/1	gi|685042161|emb|LN590686.1|	100.000	34	0	0	102	135	28125760	28125793	1.71e-05	63.9	7962	N/A
72_8_1353_12370_22082/1	gi|685042161|emb|LN590686.1|	100.000	31	0	0	105	135	12436830	12436860	7.96e-04	58.4	7962	N/A
72_8_1353_12370_22082/1	gi|2557649546|emb|OY678249.1|	100.000	38	0	0	99	136	10397	10434	1.02e-07	71.3	2697049	N/A
72_8_1353_12370_22082/1	gi|2991388621|dbj|AP040934.1|	97.561	41	0	1	97	137	4900954	4900915	3.68e-07	69.4	562	N/A
72_8_1353_12370_22082/1	gi|2991388621|dbj|AP040934.1|	97.500	40	0	1	99	137	146945	146984	1.32e-06	67.6	562	N/A
72_8_2340_19070_20205/1	gi|2830983252|gb|CP170844.1|	89.130	92	8	1	48	137	4083423	4083332	1.68e-20	113	573	N/A
72_8_2340_19070_20205/1	gi|2978724457|gb|PV611058.1|	87.234	94	8	3	47	137	295320	295412	1.01e-17	104	3421660	N/A
72_8_2340_19070_20205/1	gi|2978724457|gb|PV611058.1|	91.803	61	1	3	47	104	295783	295842	4.72e-11	82.4	3421660	N/A
72_8_2340_19070_20205/1	gi|2557638192|emb|OY694677.1|	91.525	59	2	3	36	93	4290	4346	6.11e-10	78.7	2697049	N/A
72_8_2340_19070_20205/1	gi|2560271083|emb|OY714119.1|	95.745	47	1	1	36	82	4290	4335	7.91e-09	75.0	2697049	N/A
72_8_2340_19070_20205/1	gi|2557643774|emb|OY673254.1|	95.652	46	2	0	48	93	21732	21777	7.91e-09	75.0	2697049	N/A
72_8_2487_19596_23356/1	gi|685042185|emb|LN590710.1|	100.000	41	0	0	97	137	9162079	9162119	2.20e-09	76.8	7962	N/A
72_8_2487_19596_23356/1	gi|685042185|emb|LN590710.1|	100.000	31	0	0	107	137	3790452	3790422	7.96e-04	58.4	7962	N/A
72_8_2487_19596_23356/1	gi|685042185|emb|LN590710.1|	100.000	31	0	0	107	137	6008694	6008724	7.96e-04	58.4	7962	N/A
72_8_2487_19596_23356/1	gi|685042185|emb|LN590710.1|	100.000	31	0	0	107	137	10218503	10218533	7.96e-04	58.4	7962	N/A
72_8_2487_19596_23356/1	gi|2524352013|emb|OY072335.1|	97.561	41	1	0	97	137	21648	21688	1.02e-07	71.3	2697049	N/A
72_8_2487_19596_23356/1	gi|685049916|emb|LN598428.1|	100.000	36	0	0	102	137	2460635	2460670	1.32e-06	67.6	7962	N/A
72_8_2487_19596_23356/1	gi|685046059|emb|LN594584.1|	95.349	43	1	1	95	137	7181	7140	1.32e-06	67.6	7962	N/A
72_8_2487_19596_23356/1	gi|685042189|emb|LN590714.1|	95.349	43	1	1	95	137	6568387	6568428	1.32e-06	67.6	7962	N/A
72_8_2487_19596_23356/1	gi|685042189|emb|LN590714.1|	97.143	35	1	0	103	137	11523465	11523499	2.21e-04	60.2	7962	N/A
72_8_2487_19596_23356/1	gi|685042189|emb|LN590714.1|	92.683	41	2	1	98	137	3608303	3608263	7.96e-04	58.4	7962	N/A
72_8_2487_19596_23356/1	gi|685042189|emb|LN590714.1|	100.000	31	0	0	107	137	7216113	7216083	7.96e-04	58.4	7962	N/A
72_8_1293_33555_17823/1	gi|2978724457|gb|PV611058.1|	92.381	105	4	3	36	137	295316	295419	1.65e-30	147	3421660	N/A
72_8_1293_33555_17823/1	gi|2978724457|gb|PV611058.1|	90.769	65	2	3	36	97	295779	295842	1.31e-11	84.2	3421660	N/A
72_8_1293_33555_17823/1	gi|2830983252|gb|CP170844.1|	84.043	94	12	2	41	131	4083423	4083330	1.02e-12	87.9	573	N/A
72_8_1293_33555_17823/1	gi|2557638192|emb|OY694677.1|	88.235	68	4	4	20	86	4282	4346	6.11e-10	78.7	2697049	N/A
72_8_1293_33555_17823/1	gi|2560271083|emb|OY714119.1|	91.071	56	3	2	20	75	4282	4335	7.91e-09	75.0	2697049	N/A
72_8_1293_33555_17823/1	gi|2557643774|emb|OY673254.1|	95.652	46	2	0	41	86	21732	21777	7.91e-09	75.0	2697049	N/A
72_8_1159_46446_16100/1	gi|2978724457|gb|PV611058.1|	93.651	126	3	4	15	137	295321	295444	1.26e-41	183	3421660	N/A
72_8_1159_46446_16100/1	gi|2978724457|gb|PV611058.1|	91.667	60	1	3	15	71	295784	295842	1.70e-10	80.5	3421660	N/A
72_8_1159_46446_16100/1	gi|2830983252|gb|CP170844.1|	85.106	94	10	2	15	104	4083423	4083330	2.18e-14	93.5	573	N/A
72_8_1159_46446_16100/1	gi|685046795|emb|LN595320.1|	95.833	48	0	2	9	54	140295	140342	2.20e-09	76.8	7962	N/A
72_8_1159_46446_16100/1	gi|685045018|emb|LN593543.1|	95.833	48	0	2	9	54	140101	140148	2.20e-09	76.8	7962	N/A
72_8_1159_46446_16100/1	gi|2557643774|emb|OY673254.1|	95.652	46	2	0	15	60	21732	21777	7.91e-09	75.0	2697049	N/A
72_8_1431_31500_23258/1	gi|2978724457|gb|PV611058.1|	90.299	134	7	5	8	137	295313	295444	9.80e-38	171	3421660	N/A
72_8_1431_31500_23258/1	gi|2978724457|gb|PV611058.1|	89.706	68	2	4	8	71	295776	295842	4.72e-11	82.4	3421660	N/A
72_8_1431_31500_23258/1	gi|2830983252|gb|CP170844.1|	86.316	95	10	2	15	107	4083423	4083330	1.30e-16	100	573	N/A
72_8_1431_31500_23258/1	gi|2557643774|emb|OY673254.1|	95.652	46	2	0	15	60	21732	21777	7.91e-09	75.0	2697049	N/A
72_8_1431_31500_23258/1	gi|2463378371|dbj|AP027461.1|	95.652	46	2	0	15	60	1299632	1299677	7.91e-09	75.0	511145	N/A
72_8_1431_31500_23258/1	gi|2463378371|dbj|AP027461.1|	95.652	46	2	0	15	60	1628404	1628359	7.91e-09	75.0	511145	N/A
72_8_1431_31500_23258/1	gi|685047827|emb|LN596339.1|	94.000	50	1	2	7	54	601778	601827	7.91e-09	75.0	7962	N/A
72_8_2136_10217_17963/1	gi|2155043183|emb|OV015804.1|	100.000	28	0	0	2	29	29938	29911	0.037	52.8	2697049	N/A
72_8_1229_12823_18636/1	gi|2978724457|gb|PV611058.1|	91.803	61	1	3	78	135	295321	295380	4.72e-11	82.4	3421660	N/A
72_8_1229_12823_18636/1	gi|2978724457|gb|PV611058.1|	91.667	60	1	3	78	134	295784	295842	1.70e-10	80.5	3421660	N/A
72_8_1229_12823_18636/1	gi|2557643774|emb|OY673254.1|	95.652	46	2	0	78	123	21732	21777	7.91e-09	75.0	2697049	N/A
72_8_1229_12823_18636/1	gi|2463378371|dbj|AP027461.1|	95.652	46	2	0	78	123	1299632	1299677	7.91e-09	75.0	511145	N/A
72_8_1229_12823_18636/1	gi|2463378371|dbj|AP027461.1|	95.652	46	2	0	78	123	1628404	1628359	7.91e-09	75.0	511145	N/A
72_8_1229_12823_18636/1	gi|780644672|ref|XM_011690559.1|	97.619	42	1	0	71	112	1031	1072	2.84e-08	73.1	64793	N/A
72_8_1229_12823_18636/1	gi|685042160|emb|LN590685.1|	93.878	49	1	2	71	117	16867634	16867586	2.84e-08	73.1	7962	N/A
72_8_1229_12823_18636/1	gi|685042160|emb|LN590685.1|	95.349	43	0	2	77	117	850808	850850	1.32e-06	67.6	7962	N/A
72_8_1229_12823_18636/1	gi|685042160|emb|LN590685.1|	95.238	42	0	2	78	117	14193258	14193217	4.76e-06	65.8	7962	N/A
72_8_1229_12823_18636/1	gi|685042160|emb|LN590685.1|	95.238	42	0	2	78	117	18159835	18159794	4.76e-06	65.8	7962	N/A
72_8_1349_42610_7976/1	gi|2978724457|gb|PV611058.1|	90.476	84	4	3	57	137	295321	295403	7.79e-19	108	3421660	N/A
72_8_1349_42610_7976/1	gi|2978724457|gb|PV611058.1|	89.655	58	2	3	57	111	295784	295840	1.02e-07	71.3	3421660	N/A
72_8_1349_42610_7976/1	gi|2557643774|emb|OY673254.1|	93.478	46	3	0	57	102	21732	21777	3.68e-07	69.4	2697049	N/A
72_8_1349_42610_7976/1	gi|2463378371|dbj|AP027461.1|	91.837	49	4	0	54	102	1299629	1299677	3.68e-07	69.4	511145	N/A
72_8_1349_42610_7976/1	gi|2463378371|dbj|AP027461.1|	93.478	46	3	0	57	102	1628404	1628359	3.68e-07	69.4	511145	N/A
72_8_1349_42610_7976/1	gi|685043901|emb|LN592426.1|	92.157	51	1	3	48	96	375099	375148	3.68e-07	69.4	7962	N/A
72_8_1349_42610_7976/1	gi|685051416|emb|LN599928.1|	93.478	46	1	2	53	96	8192	8237	1.32e-06	67.6	7962	N/A
72_8_1204_4229_10007/1	gi|2978724457|gb|PV611058.1|	90.909	66	2	3	63	125	295318	295382	3.65e-12	86.1	3421660	N/A
72_8_1204_4229_10007/1	gi|2978724457|gb|PV611058.1|	90.476	63	2	3	63	122	295781	295842	1.70e-10	80.5	3421660	N/A
72_8_1204_4229_10007/1	gi|2557643774|emb|OY673254.1|	95.652	46	2	0	66	111	21732	21777	7.91e-09	75.0	2697049	N/A
72_8_1204_4229_10007/1	gi|2463378371|dbj|AP027461.1|	95.652	46	2	0	66	111	1299632	1299677	7.91e-09	75.0	511145	N/A
72_8_1204_4229_10007/1	gi|2463378371|dbj|AP027461.1|	95.652	46	2	0	66	111	1628404	1628359	7.91e-09	75.0	511145	N/A
72_8_1204_4229_10007/1	gi|685042161|emb|LN590686.1|	92.593	54	1	3	54	105	20813819	20813871	7.91e-09	75.0	7962	N/A
72_8_1204_4229_10007/1	gi|685042161|emb|LN590686.1|	95.349	43	0	2	65	105	12304840	12304798	1.32e-06	67.6	7962	N/A
72_8_1204_4229_10007/1	gi|685042161|emb|LN590686.1|	95.238	42	0	2	66	105	4545831	4545872	4.76e-06	65.8	7962	N/A
72_8_1204_4229_10007/1	gi|685042161|emb|LN590686.1|	95.238	42	0	2	66	105	6380194	6380235	4.76e-06	65.8	7962	N/A
72_8_1204_4229_10007/1	gi|685042161|emb|LN590686.1|	95.238	42	0	2	66	105	17091846	17091887	4.76e-06	65.8	7962	N/A
72_8_1204_4229_10007/1	gi|685042161|emb|LN590686.1|	95.238	42	0	2	66	105	28125760	28125801	4.76e-06	65.8	7962	N/A
72_8_1204_4229_10007/1	gi|685042161|emb|LN590686.1|	94.872	39	0	2	69	105	12436830	12436868	2.21e-04	60.2	7962	N/A
72_8_1204_4229_10007/1	gi|685042175|emb|LN590700.1|	92.308	52	2	2	57	106	14033950	14033899	2.84e-08	73.1	7962	N/A
72_8_1204_4229_10007/1	gi|685042175|emb|LN590700.1|	93.750	48	0	3	60	105	15778533	15778579	3.68e-07	69.4	7962	N/A
72_8_2386_43816_25640/1	gi|2524352013|emb|OY072335.1|	97.727	44	1	0	90	133	21648	21691	2.20e-09	76.8	2697049	N/A
72_8_2386_43816_25640/1	gi|2155043183|emb|OV015804.1|	100.000	40	0	0	97	136	29950	29911	7.91e-09	75.0	2697049	N/A
72_8_2386_43816_25640/1	gi|685042160|emb|LN590685.1|	90.000	60	1	5	81	136	16867648	16867590	2.84e-08	73.1	7962	N/A
72_8_2386_43816_25640/1	gi|685042160|emb|LN590685.1|	97.436	39	0	1	99	136	850808	850846	4.76e-06	65.8	7962	N/A
72_8_2386_43816_25640/1	gi|685042160|emb|LN590685.1|	97.368	38	0	1	100	136	14193258	14193221	1.71e-05	63.9	7962	N/A
72_8_2386_43816_25640/1	gi|685042160|emb|LN590685.1|	97.368	38	0	1	100	136	18159835	18159798	1.71e-05	63.9	7962	N/A
72_8_2386_43816_25640/1	gi|2991388636|dbj|AP040949.1|	100.000	38	0	0	98	135	3527636	3527673	1.02e-07	71.3	573	N/A
72_8_2386_43816_25640/1	gi|685049978|emb|LN598497.1|	95.556	45	0	2	93	136	5651	5608	1.02e-07	71.3	7962	N/A
72_8_2404_28352_13467/1	gi|2978724457|gb|PV611058.1|	93.651	126	3	4	15	137	295321	295444	1.26e-41	183	3421660	N/A
72_8_2404_28352_13467/1	gi|2978724457|gb|PV611058.1|	91.667	60	1	3	15	71	295784	295842	1.70e-10	80.5	3421660	N/A
72_8_2404_28352_13467/1	gi|2830983252|gb|CP170844.1|	85.106	94	10	2	15	104	4083423	4083330	2.18e-14	93.5	573	N/A
72_8_2404_28352_13467/1	gi|685042206|emb|LN590731.1|	96.000	50	0	2	8	55	347603	347652	1.70e-10	80.5	7962	N/A
72_8_2404_28352_13467/1	gi|685046059|emb|LN594584.1|	92.593	54	2	2	3	54	7182	7129	2.20e-09	76.8	7962	N/A
72_8_2404_28352_13467/1	gi|2557643774|emb|OY673254.1|	92.453	53	3	1	9	60	21725	21777	7.91e-09	75.0	2697049	N/A
72_8_2445_4698_10960/1	gi|2978724457|gb|PV611058.1|	86.614	127	12	4	14	137	295320	295444	3.58e-27	135	3421660	N/A
72_8_2445_4698_10960/1	gi|2978724457|gb|PV611058.1|	91.228	57	1	3	14	67	295783	295838	7.91e-09	75.0	3421660	N/A
72_8_2445_4698_10960/1	gi|2755084441|gb|PP943425.1|	84.615	91	12	2	15	104	67825	67736	2.82e-13	89.8	10258	N/A
72_8_2445_4698_10960/1	gi|2755084441|gb|PP943425.1|	93.478	46	1	2	15	59	67591	67635	1.32e-06	67.6	10258	N/A
72_8_2445_4698_10960/1	gi|2830983252|gb|CP170844.1|	83.333	96	12	2	15	108	4083423	4083330	3.65e-12	86.1	573	N/A
72_8_2445_4698_10960/1	gi|685042177|emb|LN590702.1|	92.727	55	0	4	4	54	6540848	6540902	2.20e-09	76.8	7962	N/A
72_8_2445_4698_10960/1	gi|685042177|emb|LN590702.1|	95.238	42	0	2	15	54	1181065	1181106	4.76e-06	65.8	7962	N/A
72_8_2445_4698_10960/1	gi|685042177|emb|LN590702.1|	95.238	42	0	2	15	54	3995989	3995948	4.76e-06	65.8	7962	N/A
72_8_2445_4698_10960/1	gi|685042177|emb|LN590702.1|	95.238	42	0	2	15	54	6762499	6762540	4.76e-06	65.8	7962	N/A
72_8_2445_4698_10960/1	gi|685042177|emb|LN590702.1|	95.238	42	0	2	15	54	6862999	6863040	4.76e-06	65.8	7962	N/A
72_8_2445_4698_10960/1	gi|685042177|emb|LN590702.1|	93.333	45	0	2	6	47	1157104	1157060	1.71e-05	63.9	7962	N/A
72_8_2445_4698_10960/1	gi|2557643774|emb|OY673254.1|	95.652	46	2	0	15	60	21732	21777	7.91e-09	75.0	2697049	N/A
72_8_2131_45710_10651/1	gi|2319067183|gb|CP107088.1|	100.000	40	0	0	92	131	608308	608347	7.91e-09	75.0	630	N/A
72_8_2131_45710_10651/1	gi|685047827|emb|LN596339.1|	94.000	50	1	2	89	136	601778	601827	7.91e-09	75.0	7962	N/A
72_8_2131_45710_10651/1	gi|685042177|emb|LN590702.1|	94.118	51	0	3	89	136	6762490	6762540	7.91e-09	75.0	7962	N/A
72_8_2131_45710_10651/1	gi|685042177|emb|LN590702.1|	95.238	42	0	2	97	136	1181065	1181106	4.76e-06	65.8	7962	N/A
72_8_2131_45710_10651/1	gi|685042177|emb|LN590702.1|	95.238	42	0	2	97	136	3995989	3995948	4.76e-06	65.8	7962	N/A
72_8_2131_45710_10651/1	gi|685042177|emb|LN590702.1|	95.238	42	0	2	97	136	6540861	6540902	4.76e-06	65.8	7962	N/A
72_8_2131_45710_10651/1	gi|685042177|emb|LN590702.1|	91.837	49	0	3	90	136	6862994	6863040	4.76e-06	65.8	7962	N/A
72_8_2131_45710_10651/1	gi|685042177|emb|LN590702.1|	100.000	34	0	0	96	129	1157093	1157060	1.71e-05	63.9	7962	N/A
72_8_2131_45710_10651/1	gi|685042566|emb|LN591091.1|	95.652	46	0	2	93	136	421610	421655	2.84e-08	73.1	7962	N/A
72_8_2131_45710_10651/1	gi|685042195|emb|LN590720.1|	94.000	50	0	3	90	136	5765846	5765797	2.84e-08	73.1	7962	N/A
72_8_2131_45710_10651/1	gi|685042195|emb|LN590720.1|	95.349	43	0	2	96	136	2930133	2930175	1.32e-06	67.6	7962	N/A
72_8_1392_24322_17249/1	gi|2978724457|gb|PV611058.1|	94.624	93	1	3	48	137	295318	295409	7.68e-29	141	3421660	N/A
72_8_1392_24322_17249/1	gi|2978724457|gb|PV611058.1|	92.063	63	1	3	48	107	295781	295842	3.65e-12	86.1	3421660	N/A
72_8_1392_24322_17249/1	gi|685042177|emb|LN590702.1|	88.406	69	2	5	25	90	3996013	3995948	6.11e-10	78.7	7962	N/A
72_8_1392_24322_17249/1	gi|685042177|emb|LN590702.1|	90.741	54	2	3	40	90	6540849	6540902	3.68e-07	69.4	7962	N/A
72_8_1392_24322_17249/1	gi|685042177|emb|LN590702.1|	92.157	51	1	3	43	90	6762490	6762540	3.68e-07	69.4	7962	N/A
72_8_1392_24322_17249/1	gi|685042177|emb|LN590702.1|	95.238	42	0	2	51	90	1181065	1181106	4.76e-06	65.8	7962	N/A
72_8_1392_24322_17249/1	gi|685042177|emb|LN590702.1|	95.238	42	0	2	51	90	6862999	6863040	4.76e-06	65.8	7962	N/A
72_8_1392_24322_17249/1	gi|685042177|emb|LN590702.1|	100.000	34	0	0	50	83	1157093	1157060	1.71e-05	63.9	7962	N/A
72_8_1392_24322_17249/1	gi|685042175|emb|LN590700.1|	90.323	62	3	3	32	91	14033959	14033899	6.11e-10	78.7	7962	N/A
72_8_1392_24322_17249/1	gi|685042175|emb|LN590700.1|	95.238	42	0	2	51	90	15778538	15778579	4.76e-06	65.8	7962	N/A
72_8_1392_24322_17249/1	gi|2557643774|emb|OY673254.1|	91.228	57	4	1	41	96	21721	21777	2.20e-09	76.8	2697049	N/A
72_8_1392_24322_17249/1	gi|2565360070|emb|OY632882.1|	100.000	40	0	0	46	85	22461	22500	7.91e-09	75.0	2697049	N/A
72_8_1394_35311_14475/1	gi|2978724457|gb|PV611058.1|	96.032	126	1	3	14	136	295320	295444	3.48e-47	202	3421660	N/A
72_8_1394_35311_14475/1	gi|2978724457|gb|PV611058.1|	91.803	61	1	3	14	71	295783	295842	4.72e-11	82.4	3421660	N/A
72_8_1394_35311_14475/1	gi|2557643774|emb|OY673254.1|	95.652	46	2	0	15	60	21732	21777	7.91e-09	75.0	2697049	N/A
72_8_1394_35311_14475/1	gi|2463378371|dbj|AP027461.1|	95.652	46	2	0	15	60	1299632	1299677	7.91e-09	75.0	511145	N/A
72_8_1394_35311_14475/1	gi|2463378371|dbj|AP027461.1|	95.652	46	2	0	15	60	1628404	1628359	7.91e-09	75.0	511145	N/A
72_8_1394_35311_14475/1	gi|685042530|emb|LN591055.1|	95.652	46	0	2	12	55	361337	361292	2.84e-08	73.1	7962	N/A
72_8_1394_35311_14475/1	gi|2830983252|gb|CP170844.1|	81.915	94	5	2	15	96	4083423	4083330	3.68e-07	69.4	573	N/A
72_8_1428_39568_21367/1	gi|2719965819|gb|PP582185.1|	100.000	37	0	0	13	49	17844	17880	3.68e-07	69.4	3138323	N/A
72_8_1428_39568_21367/1	gi|3014747989|dbj|AP041609.1|	100.000	35	0	0	15	49	869009	868975	4.76e-06	65.8	1280	N/A
72_8_1307_29711_4054/1	gi|2978724457|gb|PV611058.1|	92.941	85	2	3	56	137	295320	295403	1.00e-22	121	3421660	N/A
72_8_1307_29711_4054/1	gi|2978724457|gb|PV611058.1|	91.803	61	1	3	56	113	295783	295842	4.72e-11	82.4	3421660	N/A
72_8_1307_29711_4054/1	gi|685042161|emb|LN590686.1|	94.444	54	0	3	45	96	20813819	20813871	1.70e-10	80.5	7962	N/A
72_8_1307_29711_4054/1	gi|685042161|emb|LN590686.1|	95.455	44	0	2	55	96	6380192	6380235	3.68e-07	69.4	7962	N/A
72_8_1307_29711_4054/1	gi|685042161|emb|LN590686.1|	95.238	42	0	2	57	96	4545831	4545872	4.76e-06	65.8	7962	N/A
72_8_1307_29711_4054/1	gi|685042161|emb|LN590686.1|	95.238	42	0	2	57	96	12304839	12304798	4.76e-06	65.8	7962	N/A
72_8_1307_29711_4054/1	gi|685042161|emb|LN590686.1|	95.238	42	0	2	57	96	17091846	17091887	4.76e-06	65.8	7962	N/A
72_8_1307_29711_4054/1	gi|685042161|emb|LN590686.1|	95.238	42	0	2	57	96	28125760	28125801	4.76e-06	65.8	7962	N/A
72_8_1307_29711_4054/1	gi|685042161|emb|LN590686.1|	94.872	39	0	2	60	96	12436830	12436868	2.21e-04	60.2	7962	N/A
72_8_1307_29711_4054/1	gi|2557643774|emb|OY673254.1|	91.228	57	4	1	47	102	21721	21777	2.20e-09	76.8	2697049	N/A
72_8_1307_29711_4054/1	gi|2463378371|dbj|AP027461.1|	95.652	46	2	0	57	102	1299632	1299677	7.91e-09	75.0	511145	N/A
72_8_1307_29711_4054/1	gi|2463378371|dbj|AP027461.1|	95.652	46	2	0	57	102	1628404	1628359	7.91e-09	75.0	511145	N/A
72_8_1307_29711_4054/1	gi|685042802|emb|LN591327.1|	91.228	57	2	3	42	96	61993	62048	7.91e-09	75.0	7962	N/A
72_8_2366_3242_15386/1	gi|2978724457|gb|PV611058.1|	90.476	126	7	4	15	137	295321	295444	5.90e-35	161	3421660	N/A
72_8_2366_3242_15386/1	gi|2978724457|gb|PV611058.1|	90.476	63	1	4	15	74	295784	295844	6.11e-10	78.7	3421660	N/A
72_8_2366_3242_15386/1	gi|2830983252|gb|CP170844.1|	84.375	96	11	3	15	108	4083423	4083330	7.85e-14	91.6	573	N/A
72_8_2366_3242_15386/1	gi|2557643774|emb|OY673254.1|	95.652	46	2	0	15	60	21732	21777	7.91e-09	75.0	2697049	N/A
72_8_2366_3242_15386/1	gi|2463378371|dbj|AP027461.1|	93.878	49	3	0	12	60	1299629	1299677	7.91e-09	75.0	511145	N/A
72_8_2366_3242_15386/1	gi|2463378371|dbj|AP027461.1|	95.652	46	2	0	15	60	1628404	1628359	7.91e-09	75.0	511145	N/A
72_8_2366_3242_15386/1	gi|685049067|emb|LN597579.1|	100.000	40	0	0	10	49	1397	1436	7.91e-09	75.0	7962	N/A
72_8_2417_38354_16941/1	gi|2560502367|emb|OY629453.1|	97.436	39	1	0	12	50	5915	5953	1.32e-06	67.6	2697049	N/A
72_8_2417_38354_16941/1	gi|685049067|emb|LN597579.1|	97.368	38	1	0	12	49	1399	1436	4.76e-06	65.8	7962	N/A
72_8_2417_38354_16941/1	gi|2155043183|emb|OV015804.1|	97.368	38	1	0	14	51	29948	29911	4.76e-06	65.8	2697049	N/A
72_8_2417_38354_16941/1	gi|2991388636|dbj|AP040949.1|	97.297	37	1	0	14	50	3527637	3527673	1.71e-05	63.9	573	N/A
72_8_2417_38354_16941/1	gi|2557638192|emb|OY694677.1|	91.489	47	2	2	15	60	4301	4346	1.71e-05	63.9	2697049	N/A
72_8_1376_49529_23707/1	gi|2978724457|gb|PV611058.1|	90.476	63	2	3	75	134	295320	295381	1.70e-10	80.5	3421660	N/A
72_8_1376_49529_23707/1	gi|2978724457|gb|PV611058.1|	90.323	62	1	4	75	133	295783	295842	2.20e-09	76.8	3421660	N/A
72_8_1376_49529_23707/1	gi|685042161|emb|LN590686.1|	94.444	54	0	3	64	115	20813819	20813871	1.70e-10	80.5	7962	N/A
72_8_1376_49529_23707/1	gi|685042161|emb|LN590686.1|	95.556	45	0	2	73	115	6380191	6380235	1.02e-07	71.3	7962	N/A
72_8_1376_49529_23707/1	gi|685042161|emb|LN590686.1|	90.566	53	2	3	65	115	17091836	17091887	1.32e-06	67.6	7962	N/A
72_8_1376_49529_23707/1	gi|685042161|emb|LN590686.1|	95.238	42	0	2	76	115	4545831	4545872	4.76e-06	65.8	7962	N/A
72_8_1376_49529_23707/1	gi|685042161|emb|LN590686.1|	95.238	42	0	2	76	115	12304839	12304798	4.76e-06	65.8	7962	N/A
72_8_1376_49529_23707/1	gi|685042161|emb|LN590686.1|	95.238	42	0	2	76	115	28125760	28125801	4.76e-06	65.8	7962	N/A
72_8_1376_49529_23707/1	gi|685042161|emb|LN590686.1|	94.872	39	0	2	79	115	12436830	12436868	2.21e-04	60.2	7962	N/A
72_8_1376_49529_23707/1	gi|2557643774|emb|OY673254.1|	95.652	46	2	0	76	121	21732	21777	7.91e-09	75.0	2697049	N/A
72_8_1376_49529_23707/1	gi|2463378371|dbj|AP027461.1|	95.652	46	2	0	76	121	1299632	1299677	7.91e-09	75.0	511145	N/A
72_8_1376_49529_23707/1	gi|2463378371|dbj|AP027461.1|	95.652	46	2	0	76	121	1628404	1628359	7.91e-09	75.0	511145	N/A
72_8_1376_49529_23707/1	gi|2557638192|emb|OY694677.1|	89.831	59	3	3	64	121	4290	4346	2.84e-08	73.1	2697049	N/A
72_8_2120_15631_17501/1	gi|2701785471|gb|OR911489.1|	100.000	81	0	0	2	82	715	635	1.28e-31	150	185002	N/A
72_8_2120_15631_17501/1	gi|2701784733|gb|OR911481.1|	100.000	81	0	0	2	82	659	579	1.28e-31	150	39414	N/A
72_8_2120_15631_17501/1	gi|2724826922|ref|NC_088463.1|	100.000	81	0	0	2	82	670	590	1.28e-31	150	197795	N/A
72_8_2120_15631_17501/1	gi|2328376401|ref|NC_068049.1|	100.000	81	0	0	2	82	664	584	1.28e-31	150	39414	N/A
72_8_2120_15631_17501/1	gi|2288448399|gb|ON641301.1|	100.000	81	0	0	2	82	670	590	1.28e-31	150	185001	N/A
72_8_2336_37059_1981/1	gi|2978724457|gb|PV611058.1|	88.550	131	2	7	1	128	295324	295444	1.65e-30	147	3421660	N/A
72_8_2336_37059_1981/1	gi|2978724457|gb|PV611058.1|	88.136	59	2	4	1	55	295787	295844	4.76e-06	65.8	3421660	N/A
72_8_2336_37059_1981/1	gi|2830983252|gb|CP170844.1|	86.022	93	8	3	1	90	4083420	4083330	6.07e-15	95.3	573	N/A
72_8_2336_37059_1981/1	gi|2557643774|emb|OY673254.1|	95.238	42	2	0	1	42	21735	21776	1.32e-06	67.6	2697049	N/A
72_8_2336_37059_1981/1	gi|2463378371|dbj|AP027461.1|	95.238	42	2	0	1	42	1299635	1299676	1.32e-06	67.6	511145	N/A
72_8_2336_37059_1981/1	gi|2463378371|dbj|AP027461.1|	95.238	42	2	0	1	42	1628401	1628360	1.32e-06	67.6	511145	N/A
72_8_2336_37059_1981/1	gi|2165834303|emb|OV196009.1|	97.297	37	1	0	1	37	112	76	1.71e-05	63.9	2697049	N/A
72_8_2336_37059_1981/1	gi|2165834303|emb|OV196009.1|	97.297	37	1	0	1	37	29915	29951	1.71e-05	63.9	2697049	N/A
72_8_2382_33150_13089/1	gi|2978724457|gb|PV611058.1|	92.063	126	5	4	15	137	295321	295444	2.73e-38	172	3421660	N/A
72_8_2382_33150_13089/1	gi|2978724457|gb|PV611058.1|	91.667	60	1	3	15	71	295784	295842	1.70e-10	80.5	3421660	N/A
72_8_2382_33150_13089/1	gi|2830983252|gb|CP170844.1|	87.234	94	8	2	15	104	4083423	4083330	1.01e-17	104	573	N/A
72_8_2382_33150_13089/1	gi|2557643774|emb|OY673254.1|	95.652	46	2	0	15	60	21732	21777	7.91e-09	75.0	2697049	N/A
72_8_2382_33150_13089/1	gi|2463378371|dbj|AP027461.1|	93.878	49	3	0	12	60	1299629	1299677	7.91e-09	75.0	511145	N/A
72_8_2382_33150_13089/1	gi|2463378371|dbj|AP027461.1|	95.652	46	2	0	15	60	1628404	1628359	7.91e-09	75.0	511145	N/A
72_8_2382_33150_13089/1	gi|2560502367|emb|OY629453.1|	100.000	39	0	0	12	50	5915	5953	2.84e-08	73.1	2697049	N/A
72_8_1437_40223_19392/1	gi|2978724457|gb|PV611058.1|	90.977	133	1	5	1	130	295320	295444	3.53e-37	169	3421660	N/A
72_8_1437_40223_19392/1	gi|2978724457|gb|PV611058.1|	91.803	61	1	3	1	58	295783	295842	4.72e-11	82.4	3421660	N/A
72_8_1437_40223_19392/1	gi|2830983252|gb|CP170844.1|	89.362	94	8	1	2	93	4083423	4083330	1.30e-21	117	573	N/A
72_8_1437_40223_19392/1	gi|2557643774|emb|OY673254.1|	95.652	46	2	0	2	47	21732	21777	7.91e-09	75.0	2697049	N/A
72_8_1437_40223_19392/1	gi|2463378371|dbj|AP027461.1|	95.652	46	2	0	2	47	1299632	1299677	7.91e-09	75.0	511145	N/A
72_8_1437_40223_19392/1	gi|2463378371|dbj|AP027461.1|	95.652	46	2	0	2	47	1628404	1628359	7.91e-09	75.0	511145	N/A
72_8_1437_40223_19392/1	gi|2560250289|emb|OY708460.1|	93.750	48	1	2	1	47	6489	6535	1.02e-07	71.3	2697049	N/A
72_8_2276_45604_2625/1	gi|2978724457|gb|PV611058.1|	86.170	94	9	3	47	137	295323	295415	4.69e-16	99.0	3421660	N/A
72_8_2276_45604_2625/1	gi|2978724457|gb|PV611058.1|	90.000	60	2	3	47	103	295786	295844	7.91e-09	75.0	3421660	N/A
72_8_2276_45604_2625/1	gi|2830983252|gb|CP170844.1|	86.022	93	9	3	47	137	4083421	4083331	1.69e-15	97.1	573	N/A
72_8_2276_45604_2625/1	gi|685045708|emb|LN594233.1|	92.308	52	2	2	35	84	80413	80362	2.84e-08	73.1	7962	N/A
72_8_2276_45604_2625/1	gi|2557643774|emb|OY673254.1|	95.455	44	2	0	47	90	21734	21777	1.02e-07	71.3	2697049	N/A
72_8_2276_45604_2625/1	gi|2755084441|gb|PP943425.1|	80.899	89	14	3	47	133	67823	67736	1.32e-06	67.6	10258	N/A
72_8_2276_45604_2625/1	gi|2755084441|gb|PP943425.1|	91.667	48	2	2	43	89	67589	67635	4.76e-06	65.8	10258	N/A
72_8_2388_10646_2541/1	gi|2978724457|gb|PV611058.1|	90.476	63	2	3	69	128	295318	295379	1.70e-10	80.5	3421660	N/A
72_8_2388_10646_2541/1	gi|2978724457|gb|PV611058.1|	90.476	63	2	3	69	128	295781	295842	1.70e-10	80.5	3421660	N/A
72_8_2388_10646_2541/1	gi|2557643774|emb|OY673254.1|	95.652	46	2	0	72	117	21732	21777	7.91e-09	75.0	2697049	N/A
72_8_2388_10646_2541/1	gi|2463378371|dbj|AP027461.1|	95.652	46	2	0	72	117	1299632	1299677	7.91e-09	75.0	511145	N/A
72_8_2388_10646_2541/1	gi|2463378371|dbj|AP027461.1|	95.652	46	2	0	72	117	1628404	1628359	7.91e-09	75.0	511145	N/A
72_8_2388_10646_2541/1	gi|685042177|emb|LN590702.1|	95.745	47	0	2	67	111	3995994	3995948	7.91e-09	75.0	7962	N/A
72_8_2388_10646_2541/1	gi|685042177|emb|LN590702.1|	90.909	55	1	4	61	111	6540848	6540902	1.02e-07	71.3	7962	N/A
72_8_2388_10646_2541/1	gi|685042177|emb|LN590702.1|	95.455	44	0	2	70	111	6862997	6863040	3.68e-07	69.4	7962	N/A
72_8_2388_10646_2541/1	gi|685042177|emb|LN590702.1|	95.238	42	0	2	72	111	1181065	1181106	4.76e-06	65.8	7962	N/A
72_8_2388_10646_2541/1	gi|685042177|emb|LN590702.1|	91.667	48	2	2	66	111	6762493	6762540	4.76e-06	65.8	7962	N/A
72_8_2388_10646_2541/1	gi|685042177|emb|LN590702.1|	100.000	33	0	0	72	104	1157092	1157060	6.15e-05	62.1	7962	N/A
72_8_2388_10646_2541/1	gi|685042159|emb|LN590684.1|	95.745	47	0	2	67	111	19172450	19172496	7.91e-09	75.0	7962	N/A
72_8_2388_10646_2541/1	gi|685042159|emb|LN590684.1|	95.349	43	0	2	71	111	16336079	16336121	1.32e-06	67.6	7962	N/A
72_8_2122_48946_2443/1	gi|2978724457|gb|PV611058.1|	86.400	125	14	3	15	137	295321	295444	1.29e-26	134	3421660	N/A
72_8_2122_48946_2443/1	gi|2978724457|gb|PV611058.1|	90.323	62	4	2	15	74	295784	295845	1.70e-10	80.5	3421660	N/A
72_8_2122_48946_2443/1	gi|2830983252|gb|CP170844.1|	83.871	93	12	2	14	103	4083424	4083332	3.65e-12	86.1	573	N/A
72_8_2122_48946_2443/1	gi|2755084441|gb|PP943425.1|	84.615	91	9	5	15	103	67825	67738	3.65e-12	86.1	10258	N/A
72_8_2122_48946_2443/1	gi|2755084441|gb|PP943425.1|	93.750	48	1	2	13	59	67589	67635	1.02e-07	71.3	10258	N/A
72_8_2122_48946_2443/1	gi|2557643774|emb|OY673254.1|	97.826	46	1	0	15	60	21732	21777	1.70e-10	80.5	2697049	N/A
72_8_2122_48946_2443/1	gi|2755084565|gb|PP943426.1|	92.157	51	2	2	15	63	121082	121032	1.02e-07	71.3	10258	N/A
72_8_1470_24937_11534/1	gi|2978724457|gb|PV611058.1|	92.126	127	1	8	1	124	295324	295444	9.80e-38	171	3421660	N/A
72_8_1470_24937_11534/1	gi|2978724457|gb|PV611058.1|	91.379	58	1	3	1	55	295787	295843	2.20e-09	76.8	3421660	N/A
72_8_1470_24937_11534/1	gi|2830983252|gb|CP170844.1|	84.783	92	11	2	1	90	4083420	4083330	2.82e-13	89.8	573	N/A
72_8_1470_24937_11534/1	gi|2557643774|emb|OY673254.1|	95.349	43	2	0	1	43	21735	21777	3.68e-07	69.4	2697049	N/A
72_8_1470_24937_11534/1	gi|2463378371|dbj|AP027461.1|	95.349	43	2	0	1	43	1299635	1299677	3.68e-07	69.4	511145	N/A
72_8_1470_24937_11534/1	gi|2463378371|dbj|AP027461.1|	95.349	43	2	0	1	43	1628401	1628359	3.68e-07	69.4	511145	N/A
72_8_1470_24937_11534/1	gi|2755084441|gb|PP943425.1|	93.182	44	1	2	1	43	67822	67780	1.71e-05	63.9	10258	N/A
72_8_1470_24937_11534/1	gi|2755084441|gb|PP943425.1|	93.023	43	1	2	1	42	67594	67635	6.15e-05	62.1	10258	N/A
72_8_1389_41380_15932/1	gi|2978724457|gb|PV611058.1|	92.754	69	1	3	72	137	295321	295388	1.69e-15	97.1	3421660	N/A
72_8_1389_41380_15932/1	gi|2978724457|gb|PV611058.1|	91.667	60	1	3	72	128	295784	295842	1.70e-10	80.5	3421660	N/A
72_8_1389_41380_15932/1	gi|685042185|emb|LN590710.1|	97.727	44	1	0	62	105	9162079	9162122	2.20e-09	76.8	7962	N/A
72_8_1389_41380_15932/1	gi|685042185|emb|LN590710.1|	95.238	42	0	2	72	111	3790452	3790411	4.76e-06	65.8	7962	N/A
72_8_1389_41380_15932/1	gi|685042185|emb|LN590710.1|	95.238	42	0	2	72	111	6008694	6008735	4.76e-06	65.8	7962	N/A
72_8_1389_41380_15932/1	gi|685042185|emb|LN590710.1|	95.238	42	0	2	72	111	10218503	10218544	4.76e-06	65.8	7962	N/A
72_8_1389_41380_15932/1	gi|2557643774|emb|OY673254.1|	95.652	46	2	0	72	117	21732	21777	7.91e-09	75.0	2697049	N/A
72_8_1389_41380_15932/1	gi|2463378371|dbj|AP027461.1|	95.652	46	2	0	72	117	1299632	1299677	7.91e-09	75.0	511145	N/A
72_8_1389_41380_15932/1	gi|2463378371|dbj|AP027461.1|	95.652	46	2	0	72	117	1628404	1628359	7.91e-09	75.0	511145	N/A
72_8_1389_41380_15932/1	gi|2165836832|emb|OV197136.1|	92.593	54	1	3	65	117	122	71	7.91e-09	75.0	2697049	N/A
72_8_1263_49335_24687/1	gi|2978724457|gb|PV611058.1|	91.935	62	1	3	62	120	295320	295380	1.31e-11	84.2	3421660	N/A
72_8_1263_49335_24687/1	gi|2978724457|gb|PV611058.1|	91.803	61	1	3	62	119	295783	295842	4.72e-11	82.4	3421660	N/A
72_8_1263_49335_24687/1	gi|685042161|emb|LN590686.1|	94.444	54	0	3	51	102	20813819	20813871	1.70e-10	80.5	7962	N/A
72_8_1263_49335_24687/1	gi|685042161|emb|LN590686.1|	95.455	44	0	2	61	102	6380192	6380235	3.68e-07	69.4	7962	N/A
72_8_1263_49335_24687/1	gi|685042161|emb|LN590686.1|	95.238	42	0	2	63	102	4545831	4545872	4.76e-06	65.8	7962	N/A
72_8_1263_49335_24687/1	gi|685042161|emb|LN590686.1|	95.238	42	0	2	63	102	12304839	12304798	4.76e-06	65.8	7962	N/A
72_8_1263_49335_24687/1	gi|685042161|emb|LN590686.1|	95.238	42	0	2	63	102	17091846	17091887	4.76e-06	65.8	7962	N/A
72_8_1263_49335_24687/1	gi|685042161|emb|LN590686.1|	95.238	42	0	2	63	102	28125760	28125801	4.76e-06	65.8	7962	N/A
72_8_1263_49335_24687/1	gi|685042161|emb|LN590686.1|	94.872	39	0	2	66	102	12436830	12436868	2.21e-04	60.2	7962	N/A
72_8_1263_49335_24687/1	gi|2830983252|gb|CP170844.1|	87.143	70	7	1	63	130	4083423	4083354	6.11e-10	78.7	573	N/A
72_8_1263_49335_24687/1	gi|2557643774|emb|OY673254.1|	91.228	57	4	1	53	108	21721	21777	2.20e-09	76.8	2697049	N/A
72_8_1263_49335_24687/1	gi|2463378371|dbj|AP027461.1|	95.652	46	2	0	63	108	1299632	1299677	7.91e-09	75.0	511145	N/A
72_8_1263_49335_24687/1	gi|2463378371|dbj|AP027461.1|	95.652	46	2	0	63	108	1628404	1628359	7.91e-09	75.0	511145	N/A
72_8_2117_43444_3059/1	gi|2978724457|gb|PV611058.1|	93.701	127	3	4	14	137	295320	295444	3.50e-42	185	3421660	N/A
72_8_2117_43444_3059/1	gi|2978724457|gb|PV611058.1|	91.803	61	1	3	14	71	295783	295842	4.72e-11	82.4	3421660	N/A
72_8_2117_43444_3059/1	gi|2830983252|gb|CP170844.1|	85.106	94	11	2	15	105	4083423	4083330	2.18e-14	93.5	573	N/A
72_8_2117_43444_3059/1	gi|685042175|emb|LN590700.1|	94.231	52	1	2	6	55	14033950	14033899	6.11e-10	78.7	7962	N/A
72_8_2117_43444_3059/1	gi|685042175|emb|LN590700.1|	95.238	42	0	2	15	54	15778538	15778579	4.76e-06	65.8	7962	N/A
72_8_2117_43444_3059/1	gi|685042195|emb|LN590720.1|	95.833	48	0	2	9	54	5765844	5765797	2.20e-09	76.8	7962	N/A
72_8_2117_43444_3059/1	gi|685042195|emb|LN590720.1|	95.556	45	0	2	12	54	2930131	2930175	1.02e-07	71.3	7962	N/A
72_8_2117_43444_3059/1	gi|2557643774|emb|OY673254.1|	95.652	46	2	0	15	60	21732	21777	7.91e-09	75.0	2697049	N/A
72_8_2483_28069_5412/1	gi|2978724457|gb|PV611058.1|	95.276	127	1	4	14	137	295320	295444	1.62e-45	196	3421660	N/A
72_8_2483_28069_5412/1	gi|2978724457|gb|PV611058.1|	91.803	61	1	3	14	71	295783	295842	4.72e-11	82.4	3421660	N/A
72_8_2483_28069_5412/1	gi|2830983252|gb|CP170844.1|	82.979	94	6	2	15	98	4083423	4083330	2.20e-09	76.8	573	N/A
72_8_2483_28069_5412/1	gi|2557643774|emb|OY673254.1|	95.652	46	2	0	15	60	21732	21777	7.91e-09	75.0	2697049	N/A
72_8_2483_28069_5412/1	gi|2557638192|emb|OY694677.1|	91.228	57	2	3	5	60	4292	4346	7.91e-09	75.0	2697049	N/A
72_8_2483_28069_5412/1	gi|2463378371|dbj|AP027461.1|	95.652	46	2	0	15	60	1299632	1299677	7.91e-09	75.0	511145	N/A
72_8_2483_28069_5412/1	gi|2463378371|dbj|AP027461.1|	95.652	46	2	0	15	60	1628404	1628359	7.91e-09	75.0	511145	N/A
72_8_2231_18463_29436/1	gi|2978724457|gb|PV611058.1|	88.095	126	10	4	15	137	295321	295444	5.94e-30	145	3421660	N/A
72_8_2231_18463_29436/1	gi|2978724457|gb|PV611058.1|	91.935	62	1	3	15	73	295784	295844	1.31e-11	84.2	3421660	N/A
72_8_2231_18463_29436/1	gi|2830983252|gb|CP170844.1|	91.579	95	5	2	15	107	4083423	4083330	5.98e-25	128	573	N/A
72_8_2231_18463_29436/1	gi|2557643774|emb|OY673254.1|	91.228	57	4	1	5	60	21721	21777	2.20e-09	76.8	2697049	N/A
72_8_2231_18463_29436/1	gi|2463378371|dbj|AP027461.1|	95.652	46	2	0	15	60	1299632	1299677	7.91e-09	75.0	511145	N/A
72_8_2231_18463_29436/1	gi|2463378371|dbj|AP027461.1|	95.652	46	2	0	15	60	1628404	1628359	7.91e-09	75.0	511145	N/A
72_8_2231_18463_29436/1	gi|685044342|emb|LN592867.1|	94.118	51	0	3	6	54	33485	33436	7.91e-09	75.0	7962	N/A
72_8_1315_39996_21802/1	gi|2978724457|gb|PV611058.1|	89.655	58	2	3	83	137	295320	295376	1.02e-07	71.3	3421660	N/A
72_8_1315_39996_21802/1	gi|2978724457|gb|PV611058.1|	89.655	58	2	3	83	137	295783	295839	1.02e-07	71.3	3421660	N/A
72_8_1315_39996_21802/1	gi|2557643774|emb|OY673254.1|	90.566	53	3	2	79	129	21725	21777	3.68e-07	69.4	2697049	N/A
72_8_1315_39996_21802/1	gi|2463378371|dbj|AP027461.1|	93.478	46	3	0	84	129	1299632	1299677	3.68e-07	69.4	511145	N/A
72_8_1315_39996_21802/1	gi|2463378371|dbj|AP027461.1|	93.478	46	3	0	84	129	1628404	1628359	3.68e-07	69.4	511145	N/A
72_8_1315_39996_21802/1	gi|685047827|emb|LN596339.1|	92.000	50	2	2	76	123	601778	601827	3.68e-07	69.4	7962	N/A
72_8_1315_39996_21802/1	gi|2557638192|emb|OY694677.1|	91.837	49	2	2	82	129	4299	4346	1.32e-06	67.6	2697049	N/A
72_8_2488_26515_1350/1	gi|2978724457|gb|PV611058.1|	89.535	86	5	3	55	137	295321	295405	2.80e-18	106	3421660	N/A
72_8_2488_26515_1350/1	gi|2978724457|gb|PV611058.1|	90.164	61	1	4	55	112	295784	295842	7.91e-09	75.0	3421660	N/A
72_8_2488_26515_1350/1	gi|685042185|emb|LN590710.1|	97.727	44	1	0	45	88	9162079	9162122	2.20e-09	76.8	7962	N/A
72_8_2488_26515_1350/1	gi|685042185|emb|LN590710.1|	95.238	42	0	2	55	94	3790452	3790411	4.76e-06	65.8	7962	N/A
72_8_2488_26515_1350/1	gi|685042185|emb|LN590710.1|	95.238	42	0	2	55	94	6008694	6008735	4.76e-06	65.8	7962	N/A
72_8_2488_26515_1350/1	gi|685042185|emb|LN590710.1|	93.478	46	0	3	52	94	10218499	10218544	4.76e-06	65.8	7962	N/A
72_8_2488_26515_1350/1	gi|2557643774|emb|OY673254.1|	95.652	46	2	0	55	100	21732	21777	7.91e-09	75.0	2697049	N/A
72_8_2488_26515_1350/1	gi|2463378371|dbj|AP027461.1|	95.652	46	2	0	55	100	1299632	1299677	7.91e-09	75.0	511145	N/A
72_8_2488_26515_1350/1	gi|2463378371|dbj|AP027461.1|	95.652	46	2	0	55	100	1628404	1628359	7.91e-09	75.0	511145	N/A
72_8_2488_26515_1350/1	gi|685046059|emb|LN594584.1|	92.593	54	1	3	43	94	7181	7129	7.91e-09	75.0	7962	N/A
72_8_1242_1397_3507/1	gi|2560271083|emb|OY714119.1|	95.000	40	1	1	98	137	4290	4328	6.15e-05	62.1	2697049	N/A
72_8_1242_1397_3507/1	gi|2557638192|emb|OY694677.1|	95.000	40	1	1	98	137	4290	4328	6.15e-05	62.1	2697049	N/A
72_8_1242_1397_3507/1	gi|685042802|emb|LN591327.1|	93.023	43	2	1	95	137	61993	62034	6.15e-05	62.1	7962	N/A
72_8_1242_1397_3507/1	gi|685042161|emb|LN590686.1|	95.000	40	1	1	98	137	20813819	20813857	6.15e-05	62.1	7962	N/A
72_8_1242_1397_3507/1	gi|685042161|emb|LN590686.1|	100.000	29	0	0	109	137	6380193	6380221	0.010	54.7	7962	N/A
72_8_1242_1397_3507/1	gi|685042161|emb|LN590686.1|	100.000	28	0	0	110	137	4545831	4545858	0.037	52.8	7962	N/A
72_8_1242_1397_3507/1	gi|685042161|emb|LN590686.1|	100.000	28	0	0	110	137	12304839	12304812	0.037	52.8	7962	N/A
72_8_1242_1397_3507/1	gi|685042161|emb|LN590686.1|	100.000	28	0	0	110	137	17091846	17091873	0.037	52.8	7962	N/A
72_8_1242_1397_3507/1	gi|685042161|emb|LN590686.1|	100.000	28	0	0	110	137	28125760	28125787	0.037	52.8	7962	N/A
72_8_1242_1397_3507/1	gi|2710394916|tpg|BK066886.1|	94.872	39	1	1	100	137	29303	29341	2.21e-04	60.2	3116700	N/A
72_8_2178_38370_11534/1	gi|2830983252|gb|CP170844.1|	88.421	95	8	2	41	133	4083423	4083330	6.03e-20	111	573	N/A
72_8_2178_38370_11534/1	gi|2978724457|gb|PV611058.1|	86.000	100	12	2	40	137	295320	295419	2.80e-18	106	3421660	N/A
72_8_2178_38370_11534/1	gi|2978724457|gb|PV611058.1|	90.476	63	3	3	40	100	295783	295844	1.70e-10	80.5	3421660	N/A
72_8_2178_38370_11534/1	gi|2524352013|emb|OY072335.1|	97.727	44	1	0	31	74	21648	21691	2.20e-09	76.8	2697049	N/A
72_8_2178_38370_11534/1	gi|2557643774|emb|OY673254.1|	95.652	46	2	0	41	86	21732	21777	7.91e-09	75.0	2697049	N/A
72_8_2178_38370_11534/1	gi|2557653360|emb|OY683642.1|	100.000	36	0	0	37	72	22476	22511	1.32e-06	67.6	2697049	N/A
72_8_2135_14045_6659/1	gi|2978724457|gb|PV611058.1|	89.474	76	6	2	64	137	295321	295396	6.07e-15	95.3	3421660	N/A
72_8_2135_14045_6659/1	gi|2978724457|gb|PV611058.1|	91.525	59	3	2	64	120	295784	295842	1.70e-10	80.5	3421660	N/A
72_8_2135_14045_6659/1	gi|2557643774|emb|OY673254.1|	95.652	46	2	0	64	109	21732	21777	7.91e-09	75.0	2697049	N/A
72_8_2135_14045_6659/1	gi|780644672|ref|XM_011690559.1|	100.000	40	0	0	62	101	1036	1075	7.91e-09	75.0	64793	N/A
72_8_2135_14045_6659/1	gi|2056797228|tpg|BK057247.1|	100.000	39	0	0	62	100	42089	42127	2.84e-08	73.1	38018	N/A
72_8_2135_14045_6659/1	gi|1971769499|gb|MW477480.1|	100.000	39	0	0	59	97	39	1	2.84e-08	73.1	2803381	N/A
72_8_2135_14045_6659/1	gi|1971769499|gb|MW477480.1|	100.000	35	0	0	64	98	19397	19431	4.76e-06	65.8	2803381	N/A
72_8_1211_35352_25836/1	gi|2617192347|dbj|AP028943.1|	81.600	125	23	0	2	126	33475943	33476067	1.01e-17	104	4081	N/A
72_8_1302_5572_18047/1	gi|2978724457|gb|PV611058.1|	91.358	81	3	3	60	137	295321	295400	7.79e-19	108	3421660	N/A
72_8_1302_5572_18047/1	gi|2978724457|gb|PV611058.1|	91.667	60	1	3	60	116	295784	295842	1.70e-10	80.5	3421660	N/A
72_8_1302_5572_18047/1	gi|685042175|emb|LN590700.1|	95.833	48	0	2	54	99	15778532	15778579	2.20e-09	76.8	7962	N/A
72_8_1302_5572_18047/1	gi|685042175|emb|LN590700.1|	95.349	43	0	2	60	100	14033941	14033899	1.32e-06	67.6	7962	N/A
72_8_1302_5572_18047/1	gi|2557643774|emb|OY673254.1|	95.652	46	2	0	60	105	21732	21777	7.91e-09	75.0	2697049	N/A
72_8_1302_5572_18047/1	gi|2463378371|dbj|AP027461.1|	93.878	49	3	0	57	105	1299629	1299677	7.91e-09	75.0	511145	N/A
72_8_1302_5572_18047/1	gi|2463378371|dbj|AP027461.1|	95.652	46	2	0	60	105	1628404	1628359	7.91e-09	75.0	511145	N/A
72_8_1302_5572_18047/1	gi|685047827|emb|LN596339.1|	94.000	50	1	2	52	99	601778	601827	7.91e-09	75.0	7962	N/A
72_8_2377_17055_27951/1	gi|2978724457|gb|PV611058.1|	91.803	61	1	3	74	131	295321	295380	4.72e-11	82.4	3421660	N/A
72_8_2377_17055_27951/1	gi|2978724457|gb|PV611058.1|	91.667	60	1	3	74	130	295784	295842	1.70e-10	80.5	3421660	N/A
72_8_2377_17055_27951/1	gi|2165836832|emb|OV197136.1|	94.231	52	1	2	69	119	121	71	6.11e-10	78.7	2697049	N/A
72_8_2377_17055_27951/1	gi|2165834303|emb|OV196009.1|	94.118	51	3	0	69	119	120	70	6.11e-10	78.7	2697049	N/A
72_8_2377_17055_27951/1	gi|2165834303|emb|OV196009.1|	97.561	41	1	0	73	113	29911	29951	1.02e-07	71.3	2697049	N/A
72_8_2377_17055_27951/1	gi|2165832678|emb|OV195277.1|	94.231	52	1	2	69	119	137	87	6.11e-10	78.7	2697049	N/A
72_8_2377_17055_27951/1	gi|2165836382|emb|OV196890.1|	100.000	41	0	0	69	109	122	82	2.20e-09	76.8	2697049	N/A
72_8_1123_37261_16114/1	gi|2155043183|emb|OV015804.1|	100.000	28	0	0	2	29	29938	29911	0.037	52.8	2697049	N/A
72_8_1438_41842_11632/1	gi|2952419604|emb|OZ249250.1|	91.250	80	7	0	2	81	18139919	18139840	2.17e-19	110	22511	N/A
72_8_1438_41842_11632/1	gi|2948838246|emb|OZ247456.1|	91.026	78	7	0	4	81	4274745	4274668	2.80e-18	106	673927	N/A
72_8_1438_41842_11632/1	gi|2979126765|emb|OZ260063.1|	89.744	78	8	0	4	81	46607931	46607854	1.30e-16	100	160988	N/A
72_8_1438_41842_11632/1	gi|240152475|gb|FJ427822.1|	91.667	72	6	0	4	75	73	2	1.30e-16	100	646076	N/A
72_8_1438_41842_11632/1	gi|1752269902|gb|MK726067.1|	90.541	74	7	0	4	77	444	371	4.69e-16	99.0	646076	N/A
72_8_2383_26717_3073/1	gi|2978724457|gb|PV611058.1|	90.551	127	7	4	14	137	295320	295444	1.64e-35	163	3421660	N/A
72_8_2383_26717_3073/1	gi|2978724457|gb|PV611058.1|	91.803	61	1	3	14	71	295783	295842	4.72e-11	82.4	3421660	N/A
72_8_2383_26717_3073/1	gi|2830983252|gb|CP170844.1|	89.362	94	7	2	15	105	4083423	4083330	4.66e-21	115	573	N/A
72_8_2383_26717_3073/1	gi|685047827|emb|LN596339.1|	96.000	50	0	2	7	54	601778	601827	1.70e-10	80.5	7962	N/A
72_8_2383_26717_3073/1	gi|685042185|emb|LN590710.1|	95.833	48	0	2	9	54	10218497	10218544	2.20e-09	76.8	7962	N/A
72_8_2383_26717_3073/1	gi|685042185|emb|LN590710.1|	95.556	45	0	2	12	54	3790455	3790411	1.02e-07	71.3	7962	N/A
72_8_2383_26717_3073/1	gi|685042185|emb|LN590710.1|	95.556	45	0	2	12	54	6008691	6008735	1.02e-07	71.3	7962	N/A
72_8_2383_26717_3073/1	gi|685042185|emb|LN590710.1|	100.000	34	0	0	15	48	9162089	9162122	1.71e-05	63.9	7962	N/A
72_8_2383_26717_3073/1	gi|2557643774|emb|OY673254.1|	95.652	46	2	0	15	60	21732	21777	7.91e-09	75.0	2697049	N/A
72_8_1457_19021_10007/1	gi|2701785471|gb|OR911489.1|	98.113	53	1	0	2	54	16034	16086	2.18e-14	93.5	185002	N/A
72_8_1457_19021_10007/1	gi|2978724457|gb|PV611058.1|	92.063	63	1	3	68	127	295320	295381	3.65e-12	86.1	3421660	N/A
72_8_1457_19021_10007/1	gi|2978724457|gb|PV611058.1|	91.803	61	1	3	68	125	295783	295842	4.72e-11	82.4	3421660	N/A
72_8_1457_19021_10007/1	gi|2557643774|emb|OY673254.1|	95.652	46	2	0	69	114	21732	21777	7.91e-09	75.0	2697049	N/A
72_8_1457_19021_10007/1	gi|2463378371|dbj|AP027461.1|	95.652	46	2	0	69	114	1299632	1299677	7.91e-09	75.0	511145	N/A
72_8_1457_19021_10007/1	gi|2463378371|dbj|AP027461.1|	95.652	46	2	0	69	114	1628404	1628359	7.91e-09	75.0	511145	N/A
72_8_1457_19021_10007/1	gi|2557638192|emb|OY694677.1|	89.831	59	3	3	57	114	4290	4346	2.84e-08	73.1	2697049	N/A
72_8_1237_15890_6743/1	gi|2978724457|gb|PV611058.1|	92.982	114	4	3	27	137	295321	295433	1.64e-35	163	3421660	N/A
72_8_1237_15890_6743/1	gi|2978724457|gb|PV611058.1|	91.667	60	1	3	27	83	295784	295842	1.70e-10	80.5	3421660	N/A
72_8_1237_15890_6743/1	gi|2830983252|gb|CP170844.1|	85.417	96	12	1	25	118	4083425	4083330	4.69e-16	99.0	573	N/A
72_8_1237_15890_6743/1	gi|2557643774|emb|OY673254.1|	95.652	46	2	0	27	72	21732	21777	7.91e-09	75.0	2697049	N/A
72_8_1237_15890_6743/1	gi|2463378371|dbj|AP027461.1|	95.652	46	2	0	27	72	1299632	1299677	7.91e-09	75.0	511145	N/A
72_8_1237_15890_6743/1	gi|2463378371|dbj|AP027461.1|	95.652	46	2	0	27	72	1628404	1628359	7.91e-09	75.0	511145	N/A
72_8_1237_15890_6743/1	gi|2165836832|emb|OV197136.1|	92.593	54	1	3	20	72	122	71	7.91e-09	75.0	2697049	N/A
72_8_2314_17929_26438/1	gi|2978724457|gb|PV611058.1|	86.747	83	9	2	57	137	295321	295403	7.85e-14	91.6	3421660	N/A
72_8_2314_17929_26438/1	gi|2978724457|gb|PV611058.1|	91.525	59	3	2	57	113	295784	295842	1.70e-10	80.5	3421660	N/A
72_8_2314_17929_26438/1	gi|2830983252|gb|CP170844.1|	86.747	83	9	1	57	137	4083423	4083341	7.85e-14	91.6	573	N/A
72_8_2314_17929_26438/1	gi|2557643774|emb|OY673254.1|	95.652	46	2	0	57	102	21732	21777	7.91e-09	75.0	2697049	N/A
72_8_2314_17929_26438/1	gi|780644672|ref|XM_011690559.1|	100.000	40	0	0	55	94	1036	1075	7.91e-09	75.0	64793	N/A
72_8_2314_17929_26438/1	gi|2056797228|tpg|BK057247.1|	100.000	39	0	0	55	93	42089	42127	2.84e-08	73.1	38018	N/A
72_8_1120_46389_19308/1	gi|2978724457|gb|PV611058.1|	92.063	126	5	4	15	137	295321	295444	2.73e-38	172	3421660	N/A
72_8_1120_46389_19308/1	gi|2978724457|gb|PV611058.1|	91.667	60	1	3	15	71	295784	295842	1.70e-10	80.5	3421660	N/A
72_8_1120_46389_19308/1	gi|2830983252|gb|CP170844.1|	87.234	94	9	2	15	105	4083423	4083330	1.01e-17	104	573	N/A
72_8_1120_46389_19308/1	gi|2557643774|emb|OY673254.1|	95.652	46	2	0	15	60	21732	21777	7.91e-09	75.0	2697049	N/A
72_8_1120_46389_19308/1	gi|2463378371|dbj|AP027461.1|	95.652	46	2	0	15	60	1299632	1299677	7.91e-09	75.0	511145	N/A
72_8_1120_46389_19308/1	gi|2463378371|dbj|AP027461.1|	95.652	46	2	0	15	60	1628404	1628359	7.91e-09	75.0	511145	N/A
72_8_1120_46389_19308/1	gi|685046063|emb|LN594588.1|	95.652	46	0	2	11	54	121372	121417	2.84e-08	73.1	7962	N/A
72_8_2444_28586_1967/1	gi|1973745234|dbj|LC529901.1|	97.436	39	1	0	11	49	117095	117133	1.32e-06	67.6	76106	N/A
72_8_2444_28586_1967/1	gi|1973745234|dbj|LC529901.1|	97.143	35	1	0	15	49	164421	164455	2.21e-04	60.2	76106	N/A
72_8_2444_28586_1967/1	gi|1973745234|dbj|LC529901.1|	96.970	33	1	0	17	49	11751	11719	0.003	56.5	76106	N/A
72_8_2444_28586_1967/1	gi|2557638192|emb|OY694677.1|	89.091	55	3	3	7	60	4294	4346	4.76e-06	65.8	2697049	N/A
72_8_2444_28586_1967/1	gi|2165834303|emb|OV196009.1|	91.489	47	4	0	14	60	116	70	4.76e-06	65.8	2697049	N/A
72_8_2444_28586_1967/1	gi|2165834303|emb|OV196009.1|	95.122	41	2	0	14	54	29911	29951	4.76e-06	65.8	2697049	N/A
72_8_2444_28586_1967/1	gi|2557649546|emb|OY678249.1|	97.297	37	1	0	13	49	10398	10434	1.71e-05	63.9	2697049	N/A
72_8_2444_28586_1967/1	gi|2165836382|emb|OV196890.1|	97.297	37	1	0	14	50	118	82	1.71e-05	63.9	2697049	N/A
72_8_1188_2117_22796/1	gi|685042175|emb|LN590700.1|	97.436	39	1	0	99	137	14033950	14033912	1.32e-06	67.6	7962	N/A
72_8_1188_2117_22796/1	gi|685042175|emb|LN590700.1|	100.000	30	0	0	108	137	15778538	15778567	0.003	56.5	7962	N/A
72_8_1188_2117_22796/1	gi|2565360070|emb|OY632882.1|	100.000	35	0	0	103	137	22461	22495	4.76e-06	65.8	2697049	N/A
72_8_1188_2117_22796/1	gi|2557652398|emb|OY682303.1|	100.000	35	0	0	103	137	22845	22879	4.76e-06	65.8	2697049	N/A
72_8_1188_2117_22796/1	gi|685042161|emb|LN590686.1|	95.238	42	1	1	96	137	20813819	20813859	4.76e-06	65.8	7962	N/A
72_8_1188_2117_22796/1	gi|685042161|emb|LN590686.1|	100.000	31	0	0	107	137	6380193	6380223	7.96e-04	58.4	7962	N/A
72_8_1188_2117_22796/1	gi|685042161|emb|LN590686.1|	100.000	30	0	0	108	137	4545831	4545860	0.003	56.5	7962	N/A
72_8_1188_2117_22796/1	gi|685042161|emb|LN590686.1|	100.000	30	0	0	108	137	12304839	12304810	0.003	56.5	7962	N/A
72_8_1188_2117_22796/1	gi|685042161|emb|LN590686.1|	100.000	30	0	0	108	137	17091846	17091875	0.003	56.5	7962	N/A
72_8_1188_2117_22796/1	gi|685042161|emb|LN590686.1|	100.000	30	0	0	108	137	28125760	28125789	0.003	56.5	7962	N/A
72_8_1188_2117_22796/1	gi|2991388677|dbj|AP040990.1|	97.368	38	0	1	100	136	4842215	4842178	1.71e-05	63.9	562	N/A
72_8_1231_21862_28427/1	gi|2830983252|gb|CP170844.1|	91.111	90	6	1	50	137	4083424	4083335	1.00e-22	121	573	N/A
72_8_1231_21862_28427/1	gi|2978724457|gb|PV611058.1|	84.043	94	10	4	47	137	295318	295409	3.65e-12	86.1	3421660	N/A
72_8_1231_21862_28427/1	gi|2978724457|gb|PV611058.1|	90.625	64	1	4	47	107	295781	295842	1.70e-10	80.5	3421660	N/A
72_8_1231_21862_28427/1	gi|2557643774|emb|OY673254.1|	92.593	54	3	1	44	96	21724	21777	2.20e-09	76.8	2697049	N/A
72_8_1231_21862_28427/1	gi|685042242|emb|LN590767.1|	95.833	48	0	2	45	90	603262	603215	2.20e-09	76.8	7962	N/A
72_8_1231_21862_28427/1	gi|685042175|emb|LN590700.1|	94.118	51	1	2	43	91	14033949	14033899	2.20e-09	76.8	7962	N/A
72_8_1231_21862_28427/1	gi|685042175|emb|LN590700.1|	95.349	43	0	2	50	90	15778537	15778579	1.32e-06	67.6	7962	N/A
