chr	start	end	strand	pvalue	qvalue	meth.diff
CAMZJZ010000024.1	219292	219292	-	0.000286675351842399	0.00407247328907417	-21.8599244405696
CAMZJZ010000024.1	219376	219376	-	0.00025209978729147	0.00372502558043548	-12.8901461574729
CAMZJZ010000125.1	16379	16379	-	2.79191235823437e-05	0.000685432923150148	15.9432769672363
CAMZJZ010000125.1	16504	16504	-	8.5900755966171e-05	0.00164825433657395	12.5011109600402
CAMZJZ010000342.1	20984	20984	+	0.000158037512395655	0.00264078685700556	-14.7563374439968
CAMZJZ010000440.1	10838	10838	+	0.0101167352559146	0.0492341546385062	10.2223280151475
OX371314.1	1474119	1474119	+	0.000160638853849195	0.00267027444939861	-17.5660304079833
OX371314.1	1474203	1474203	+	8.47485222628614e-09	7.87812189874363e-07	-16.4855547208488
OX371314.1	2536516	2536516	+	0.000140031050476729	0.00242015047182915	-18.1824105932645
OX371314.1	2536521	2536521	+	0.00466391188818067	0.0291677502834904	-12.3356865864572
OX371314.1	2536693	2536693	+	1.13872570717558e-05	0.000346127701317122	-15.4568923413261
OX371314.1	7491166	7491166	+	0.00751174386086184	0.0402615502522437	-11.8220211161388
OX371314.1	14737778	14737778	-	0.00162208429833047	0.013854651136447	24.9464553437567
OX371314.1	14737896	14737896	-	0.000713694023463257	0.00777411519673236	-36.6630248166068
OX371314.1	20741547	20741547	-	2.27085126648487e-05	0.000585993752851194	-24.663092305463
OX371314.1	23451398	23451398	-	0.00393987513369522	0.02587161163651	-11.3214198286414
OX371314.1	23451470	23451470	-	0.00787500673190531	0.0415434051600289	-16.3363143864477
OX371314.1	26414329	26414329	-	5.41549843511403e-08	3.78482369840229e-06	-14.7584618248432
OX371314.1	26414492	26414492	-	0.00315923922842439	0.0224066294340644	-10.4874998221093
OX371314.1	26414497	26414497	-	5.61159484597391e-07	2.89354592896852e-05	-15.860445585252
OX371314.1	32570344	32570344	+	0.00265294087774218	0.0197983365293835	-17.3997421275804
OX371314.1	32570349	32570349	+	0.00867030337471512	0.0443225055638923	-24.3619330162861
OX371314.1	33321243	33321243	-	3.35129144213232e-12	6.29172610277019e-10	33.1918449445834
OX371314.1	49145906	49145906	+	0.00362908900803628	0.0245046879215754	-12.4088740533136
OX371314.1	49146083	49146083	+	0.000760653340095203	0.00815963029271902	-11.8363032316521
OX371314.1	55678023	55678023	+	2.84327451722485e-05	0.000692714102385678	-20.0142125096163
OX371314.1	55678025	55678025	-	3.15810216763419e-07	1.74786489332786e-05	-25.4561570390868
OX371314.1	55678167	55678167	+	0.00169573469025426	0.0142924723344956	-19.8626518753302
OX371314.1	61887617	61887617	-	0.000204627786034557	0.00318970898400901	-14.8398504513343
OX371314.1	61887622	61887622	-	0.000922602818593525	0.00925694916110666	-15.4458300675004
OX371314.1	62469895	62469895	+	0.00109451956818411	0.0104484142844324	-19.159638173154
OX371314.1	62470096	62470096	+	6.22982181665615e-19	3.97660224230989e-16	-68.342315789049
OX371314.1	64241147	64241147	+	0.00829521245056043	0.0429405799263309	-18.1599931479724
OX371314.1	64241265	64241265	+	0.00600556737107557	0.0343294636913006	25.7506908787844
OX371314.1	86542734	86542734	+	0.000423177484565503	0.00537821632188462	-14.6849078914477
OX371314.1	86542747	86542747	+	0.00269730886526046	0.0200824871631499	10.4222727585412
OX371314.1	91199084	91199084	-	0.000447128193209272	0.00558912836167233	-16.0204081632653
OX371314.1	91199138	91199138	-	0.00509229373437529	0.0306843788616695	12.016393442623
OX371314.1	105877474	105877474	+	0.00579156880208155	0.033628179055944	27.4032503352372
OX371314.1	105935112	105935112	+	0.00558305260449661	0.032855793005997	19.0299607809898
OX371314.1	126337909	126337909	+	0.000184017803234788	0.00293445037615875	-22.9013304518133
OX371314.1	135543661	135543661	-	0.000100814379872662	0.00185273176090418	-23.3536223432505
OX371314.1	142773073	142773073	+	0.00304200598706156	0.0217849438071186	-12.7537136081288
OX371314.1	142773079	142773079	+	0.00820695257056537	0.0426439910927159	-12.3300246905397
OX371314.1	153948382	153948382	+	0.000239421009307918	0.00358187206666643	-15.0210436112572
OX371314.1	153948559	153948559	+	4.81095261715348e-05	0.00105650699581883	-10.4476991685453
OX371314.1	261020956	261020956	+	0.000383624335241064	0.00497711383481619	-32.0954482803886
OX371314.1	261021262	261021262	+	6.23683589898379e-05	0.0013067000387867	-61.7188073731365
OX371314.1	261021293	261021293	+	0.00228809397119305	0.0176479630489598	-28.2466484065448
OX371314.1	265753585	265753585	-	0.00272014379438126	0.0202053664875112	-12.8627313292441
OX371314.1	312005965	312005965	-	0.00137145385357761	0.0123763790521623	-34.4035278023178
OX371314.1	317253268	317253268	-	0.000147827973802046	0.00252302497695194	-16.1889630478084
OX371314.1	317253298	317253298	-	4.28036997263426e-07	2.27686137902918e-05	-14.2332322210988
OX371314.1	317253448	317253448	-	0.0070583706635225	0.0384386178875922	-11.0943457451124
OX371314.1	317253475	317253475	-	3.77665691332394e-06	0.000130074008603905	-23.0588235294118
OX371314.1	318204219	318204219	+	0.00565035250121416	0.0331702976190688	-12.5226034439966
OX371314.1	318204241	318204241	+	0.00808032749475715	0.0423383840508356	11.318108974359
OX371314.1	320484321	320484321	-	0.000579048347509722	0.00669595114981719	-14.120290596684
OX371314.1	321102013	321102013	+	0.00687778809916054	0.0378249016122302	-15.9826116809936
OX371314.1	325954032	325954032	-	1.13378963490211e-07	7.2371739307296e-06	39.8889386790381
OX371314.1	331948268	331948268	-	0.00113368963186085	0.0106943875775542	-18.9427029460472
OX371314.1	331948290	331948290	-	0.000293595442223023	0.00414006654585094	-17.8234744486575
OX371314.1	331948355	331948355	-	0.00906390241919797	0.0457001939726927	-14.8892172347616
OX371314.1	333493623	333493623	-	0.00621495569773224	0.0350864941921342	-13.6866942909761
OX371314.1	335322306	335322306	+	0.000834310656364397	0.00865473702877606	-10.6122561370176
OX371314.1	335322390	335322390	+	0.00147192634780685	0.0129892515664709	-12.7447878071739
OX371314.1	335322507	335322507	+	0.000566109478561113	0.00660766128704582	-16.4875124875125
OX371314.1	335322513	335322513	+	0.00765592237543162	0.0407242226464311	-17.9099918386382
OX371314.1	335322525	335322525	+	1.64675920443773e-09	1.87706192477842e-07	-44.3840444993084
OX371314.1	339523255	339523255	+	9.11432853635916e-05	0.00173139335484555	-18.3849469013675
OX371314.1	343899805	343899805	+	0.00268883687378076	0.0200349892818744	-19.2181818181818
OX371314.1	343899891	343899891	-	9.45699903432926e-06	0.000296880239829103	22.1207410777475
OX371314.1	343899985	343899985	+	0.00466146894254188	0.0291677502834904	10.3662737904569
OX371314.1	344020186	344020186	+	0.000322456000413403	0.00441693566925139	-22.2627361043111
OX371314.1	344020354	344020354	+	0.000502194072506741	0.00606353909235117	-18.638782188078
OX371314.1	344020363	344020363	+	0.000137712372948331	0.00239013961834833	-18.8936645671704
OX371314.1	345378148	345378148	+	0.000941196423648928	0.00936770019501926	-15.5087261635451
OX371314.1	345378316	345378316	+	1.1726382468655e-05	0.000353073174144608	-16.0644785443367
OX371314.1	348043370	348043370	-	0.00845712293595173	0.0435620292530712	-26.3994465887384
OX371314.1	348043586	348043586	-	0.000956960142575291	0.00946877775783652	-39.4632726463718
OX371314.1	348939082	348939082	-	0.00358980828021872	0.0242908438350117	-11.1799660684296
OX371314.1	355356578	355356578	-	0.00471882118463476	0.0293386810949526	17.6265091189314
OX371314.1	361697919	361697919	+	0.00395312022521043	0.02587161163651	-11.3770880544639
OX371314.1	361698147	361698147	+	0.00443423744601439	0.0280798601712528	12.9300788567997
OX371314.1	361698186	361698186	+	0.00138958325338356	0.0125046266752633	-11.0892967593526
OX371314.1	364421678	364421678	+	0.000205212583044859	0.00318970898400901	-18.5749547474083
OX371314.1	364421796	364421796	+	9.95244693737302e-06	0.000309390476334214	11.9957297419368
OX371314.1	364421850	364421850	+	0.000420482172659279	0.00535374317571868	-18.9573798627002
OX371314.1	367264138	367264138	+	0.00389110665273243	0.0256940709664349	-16.1750503930986
OX371314.1	372096322	372096322	-	0.00679514151209673	0.0374133597879776	-10.1336294916347
OX371314.1	376173883	376173883	+	0.000611252207150447	0.00699985433584256	-10.2774706392135
OX371314.1	376174046	376174046	+	0.00113930080111738	0.0107274223425389	-10.2190459799469
OX371314.1	386295259	386295259	-	0.000673945745835811	0.00747725044680305	-11.0136609090584
OX371314.1	386295289	386295289	-	2.06134145684857e-06	8.32034406174034e-05	-14.2350461841987
OX371314.1	386295422	386295422	-	0.00596371879291803	0.0341923123905268	-10.6909791471638
OX371314.1	386295427	386295427	-	7.9543563298165e-05	0.00156067691658168	-16.8318039232905
OX371314.1	386411565	386411565	-	0.000762378946561759	0.00815963029271902	-17.0609318996416
OX371314.1	387345489	387345489	+	0.00103466724074273	0.0100371712276491	-38.5332586509834
OX371314.1	388232820	388232820	+	0.00327703908798129	0.0228861085584993	-23.7606837606838
OX371314.1	388233027	388233027	+	0.0015875224572242	0.0136801488121315	-21.6002582549345
OX371314.1	393228539	393228539	+	0.00148656301131206	0.0130822430647069	-16.6911797828731
OX371314.1	393228741	393228741	+	4.97078925918914e-06	0.000164117593506606	-17.1219931271478
OX371314.1	394411054	394411054	+	0.00806495926594371	0.0423355426698305	-24.8914139185291
OX371314.1	394411059	394411059	+	0.000120587993137096	0.00215410597170675	-30.2033904133141
OX371314.1	394411177	394411177	+	3.58488911473415e-08	2.78451140420803e-06	-39.7454809932569
OX371314.1	394411261	394411261	+	0.00543484761271263	0.0321814151842352	-19.6650124069479
OX371314.1	395515313	395515313	-	3.35886403766978e-06	0.000120450595095949	-21.6340466716851
OX371314.1	395515335	395515335	-	0.00167808698132055	0.014181179203159	-14.9025576978118
OX371314.1	395515340	395515340	-	0.00749646155954913	0.0402110936183017	-13.8754681380257
OX371314.1	395894485	395894485	+	0.00658786037520321	0.0365664730640639	-14.5022984441301
OX371314.1	404041247	404041247	+	0.00355162057225171	0.0240835028189686	-23.1560336670153
OX371314.1	404041252	404041252	+	0.00321155493051991	0.0226434903541658	-20.9574703509601
OX371314.1	404041415	404041415	+	0.00314473125164832	0.0223202664013651	-20.3248228524019
OX371314.1	404041424	404041424	+	0.00469527087857937	0.0292851918059033	-11.0948322815445
OX371314.1	404041454	404041454	+	0.000680762113148484	0.00751803021932779	-15.2943249083905
OX371314.1	406137512	406137512	+	0.000149157860197857	0.00253667913306078	-16.5111776095758
OX371314.1	406157382	406157382	+	0.00519199595391466	0.0311479339555434	-10.7072945943681
OX371314.1	406157550	406157550	+	0.00499955633131944	0.0302780138258872	-10.3874092009685
OX371314.1	409572801	409572801	+	5.0668612380368e-06	0.000166143726110292	-22.4656873564346
OX371314.1	409572870	409572870	+	0.000143568865001726	0.00245551253155403	-15.046984151809
OX371314.1	416053671	416053671	-	7.47672745790502e-05	0.00148831294946883	-17.6835581014581
OX371314.1	423624010	423624010	+	0.000170950944558033	0.0027990278429987	27.4886409103789
OX371314.1	423624106	423624106	+	4.4746459172212e-09	4.50985788365753e-07	38.0465957477108
OX371314.1	423624190	423624190	+	5.12472715437704e-05	0.00111013620237697	-16.3241086712437
OX371314.1	426220881	426220881	+	0.00668070539613988	0.036910637393592	-12.5360373383999
OX371314.1	427860807	427860807	-	0.00307783732637451	0.0219430724182084	-16.3526669134641
OX371314.1	429306897	429306897	-	0.00912783736143818	0.045925817092335	-11.6239797354348
OX371314.1	435982289	435982289	+	0.00436506407483473	0.0277888499462707	-14.9943184223122
OX371314.1	438866335	438866335	-	5.22037864498209e-08	3.70250814661966e-06	-24.1921392611037
OX371314.1	438866494	438866494	-	0.00870765326835274	0.0444659568523897	13.6084425939896
OX371314.1	439456627	439456627	-	0.00322118374656016	0.0226779805002089	11.7019978723197
OX371314.1	439456804	439456804	-	1.46850427383064e-05	0.000418469417288462	-21.7183343286823
OX371314.1	439702409	439702409	+	6.56299214357912e-05	0.00136310322660243	-27.2676830270762
OX371314.1	442590469	442590469	+	2.20040586097847e-12	4.29966381370307e-10	-26.2328305790094
OX371314.1	442590587	442590587	+	0.00437597046166872	0.0278397716472784	-10.5324040602678
OX371314.1	442590671	442590671	+	2.32682878859034e-14	6.18856154751283e-12	29.0694634632142
OX371314.1	449323090	449323090	-	7.83843900648843e-09	7.35795620191068e-07	-41.9844693134148
OX371314.1	469775948	469775948	-	0.00496350559697363	0.0302348382917361	16.1708596826469
OX371314.1	470942408	470942408	-	0.000292549139856494	0.00413602431447725	-32.7783487495718
OX371314.1	471520281	471520281	-	0.00832832877525543	0.0430803506398039	-11.8402667513496
OX371314.1	471520383	471520383	-	3.63571194810832e-06	0.00012704766612563	27.2133008496407
OX371314.1	471520398	471520398	-	1.27574809409066e-05	0.000374016329730146	39.5299145299145
OX371314.1	479453570	479453570	-	0.00103018735274997	0.0100140042235457	-14.6645021645022
OX371314.1	481140325	481140325	-	0.00104975398776102	0.0101169925886876	-19.8884522226937
OX371314.1	482660551	482660551	+	0.0079027776346665	0.0416669493541028	34.0129449838188
OX371314.1	482660746	482660746	+	0.00130058408260957	0.0119623220920997	-31.1826625100279
OX371314.1	484757687	484757687	+	0.000389917619597105	0.00501796597064349	-18.3690550922189
OX371314.1	485101319	485101319	+	0.00446864514116964	0.0282417121576148	-13.7861978722194
OX371314.1	487205518	487205518	+	0.00557088605523786	0.032815588054826	20.6857090241833
OX371314.1	492181167	492181167	+	0.00121686936590783	0.0113228660640752	-15.8660014255168
OX371314.1	492181200	492181200	+	0.00131893813122211	0.0121056278480418	-12.48538346899
OX371314.1	492181335	492181335	+	0.000478667914459136	0.00585329404883743	-13.156088892017
OX371314.1	497081331	497081331	+	0.00914823053291822	0.0459518855430289	-12.9112081513828
OX371314.1	497081415	497081415	+	6.38994969731303e-07	3.16502402585182e-05	-20.6516829496788
OX371314.1	497159363	497159363	+	0.00314340709306277	0.0223202664013651	-15.8104743244347
OX371314.1	497159501	497159501	+	0.00373472114006642	0.024953977340679	-18.1676878716886
OX371314.1	497159603	497159603	+	0.000204922550454436	0.00318970898400901	-15.0594429304476
OX371314.1	498377175	498377175	-	0.00319341052465288	0.0225624082444932	-24.590026612025
OX371314.1	499880019	499880019	-	0.000459267331079502	0.0056810898560231	-18.3913791250134
OX371314.1	511236810	511236810	-	2.38888934094474e-05	0.00060510678081633	-28.8040156391388
OX371314.1	511236990	511236990	-	0.000564676607492048	0.00660151602617532	-22.4701768819416
OX371314.1	511237011	511237011	-	0.0023574917314024	0.0180454612177989	24.2834871314253
OX371314.1	519916515	519916515	-	1.76483545126969e-05	0.000482796331628857	-36.0166964818128
OX371314.1	519916695	519916695	-	0.00659499107407241	0.0365848440026237	19.0326935867362
OX371314.1	528465599	528465599	+	0.000806540322626938	0.00845830017987542	-18.9832922059555
OX371314.1	528465620	528465620	+	1.20474789940607e-06	5.30935587868635e-05	-23.9804357492219
OX371314.1	528465626	528465626	+	0.00954860129840418	0.0472710492687329	-12.4481420475167
OX371314.1	528465686	528465686	+	0.00726084051785569	0.0392772812173483	-13.6453201970443
OX371314.1	529361224	529361224	-	0.00113943234970091	0.0107274223425389	21.73490011543
OX371314.1	529361246	529361246	-	0.00035105229707101	0.00466191489718136	-26.0779557647168
OX371315.1	12262123	12262123	-	0.010066965607872	0.049174082911091	-26.9443831113074
OX371315.1	12262162	12262162	-	0.000632500504419331	0.00711637954918859	-31.0031050759715
OX371315.1	20970938	20970938	-	0.00200046418956814	0.0160020748329368	19.6886202077891
OX371315.1	20970947	20970947	-	0.00170836195917545	0.0143735954400274	-14.3078398111955
OX371315.1	20971115	20971115	-	0.000605795970138223	0.00694652641250823	-24.1567774858834
OX371315.1	23654968	23654968	-	0.001426490343283	0.0126935866367044	29.2399845528728
OX371315.1	23655052	23655052	-	0.00120476373041808	0.0112539713705546	-23.901664737523
OX371315.1	24033341	24033341	+	0.00289903861933978	0.0210125601687641	-21.2379233011288
OX371315.1	24470444	24470444	+	0.00229414383392749	0.0176574526155746	-17.9806114245088
OX371315.1	24470510	24470510	+	4.53162817600127e-05	0.00101140422397867	-11.2230121547685
OX371315.1	24470711	24470711	+	0.000119412243869537	0.00214109229705629	-32.484243697479
OX371315.1	28323555	28323555	+	0.00011475508303515	0.00208096988758995	-30.2719362239773
OX371315.1	28323757	28323757	+	2.09209649800066e-07	1.21401919960289e-05	-36.5155049539516
OX371315.1	32139842	32139842	+	0.00122745781015031	0.0113992346912313	19.5635466386215
OX371315.1	32139854	32139854	+	0.00540172623481156	0.0320845032189395	-13.9563701334256
OX371315.1	40797073	40797073	+	7.22291641787132e-12	1.21329252089609e-09	50.8752803754781
OX371315.1	40797178	40797178	+	0.00660627999990005	0.0366262475255466	-19.7824568813015
OX371315.1	40797232	40797232	+	0.00605535910809852	0.0345316232842163	-10.3988230861695
OX371315.1	42302919	42302919	-	0.000226096346738098	0.00344168157199001	-24.7190189010469
OX371315.1	42302925	42302925	-	0.00697193343600981	0.0381236850280483	-15.5495047972458
OX371315.1	55609466	55609466	-	0.000839851923948246	0.0086839941375141	-25.2974854063763
OX371315.1	86962702	86962702	-	0.00634588157669654	0.0356993406000798	-12.8312975956191
OX371315.1	86962735	86962735	-	0.000408270319936034	0.0052244329288173	-17.813583976726
OX371315.1	86962924	86962924	-	8.95242279900862e-05	0.00171434556032386	-18.1910914654879
OX371315.1	86962942	86962942	-	0.000204816154607135	0.00318970898400901	-19.722797331493
OX371315.1	90166298	90166298	+	0.0035304139440292	0.0240077114035183	-15.0988505747126
OX371315.1	93217811	93217811	-	0.000340287748662639	0.00458856486743103	-11.7572359198483
OX371315.1	101337288	101337288	+	0.00693462357228678	0.038006490889399	-15.2892561983471
OX371315.1	101666928	101666928	+	3.13490187632187e-06	0.000113696687460491	30.2908498268378
OX371315.1	105383412	105383412	+	0.00862120608879898	0.0441658417928815	-17.2234813778914
OX371315.1	130811990	130811990	+	0.00753731997821894	0.040310508999132	-26.7266432920269
OX371315.1	130812158	130812158	+	0.00431439349504512	0.0275762829115371	-27.0783852109979
OX371315.1	131442563	131442563	+	0.000164626843339807	0.00273135152296525	-17.8480412255103
OX371315.1	131442770	131442770	+	0.00388296220539913	0.0256757056578216	-11.1570747482074
OX371315.1	138320245	138320245	+	0.00200983689906259	0.016049792389772	-23.5200027939302
OX371315.1	138320258	138320258	+	2.32325716017167e-06	8.93358397380996e-05	-28.7165464584819
OX371315.1	138320363	138320363	+	0.00294147762436219	0.0212305431789475	-24.159870754298
OX371315.1	145035378	145035378	-	2.40051470927938e-05	0.000606447134522171	20.3785633083421
OX371315.1	145487267	145487267	+	0.00629975831313749	0.0354815639024441	-14.3601902070976
OX371315.1	147171414	147171414	+	0.0086967749887434	0.0444341047001761	-12.506999656318
OX371315.1	147171474	147171474	+	2.87733976904527e-06	0.000108463900597224	-20.3368674670838
OX371315.1	147171597	147171597	+	0.00827208471244115	0.0428588775799537	-14.8834951630208
OX371315.1	147171681	147171681	+	0.000142870328264361	0.0024515341578015	-24.617515022107
OX371315.1	147171714	147171714	+	0.000218276975908088	0.00334391860590307	-17.3621454150267
OX371315.1	223070278	223070278	+	0.00410910060181072	0.0266555840899304	-18.1826162290359
OX371315.1	233648231	233648231	-	2.10566741162858e-05	0.000553880631909797	-11.8920384053452
OX371315.1	233648279	233648279	-	4.47684744428833e-05	0.00100597403542966	10.9637095480933
OX371315.1	245254124	245254124	-	2.35113938896561e-08	1.90776183696276e-06	39.7534814358429
OX371315.1	282097174	282097174	+	0.00139547803109135	0.0125092606421339	-26.0800970873786
OX371315.1	326840242	326840242	+	4.70865824757565e-05	0.00103641979833629	-19.1388839365306
OX371315.1	326840410	326840410	+	0.000625975505164038	0.00709103725547334	-21.1466558682594
OX371315.1	326840482	326840482	+	0.00364397925471849	0.0245532849929763	-12.5768363186467
OX371315.1	356328269	356328269	+	9.26136024493744e-05	0.00173873096405951	-11.7812252401736
OX371315.1	357802366	357802366	+	0.00706164394547866	0.0384386178875922	19.7535990998
OX371315.1	357802529	357802529	+	0.00221268202219999	0.0172383189217266	-19.8898071625344
OX371315.1	371492921	371492921	-	0.00287396781993932	0.0209418151875552	-10.4642032882058
OX371315.1	371492926	371492926	-	1.91983775259745e-05	0.000514901430417588	-17.3131213447336
OX371315.1	373107559	373107559	-	0.000922158898270476	0.00925694916110666	-15.1451133217106
OX371315.1	377732730	377732730	+	0.00155260659623255	0.013489865489518	17.817433905843
OX371315.1	377732796	377732796	+	0.00166946754096853	0.014133286459213	20.8254805066396
OX371315.1	377732827	377732827	+	0.00133442990190684	0.0121496858513165	-25.7794914234664
OX371315.1	395279813	395279813	+	2.97298992633064e-06	0.000110761314473873	33.0638070158357
OX371316.1	1755329	1755329	-	0.00305378429371925	0.0218529479080852	-21.9494475125004
OX371316.1	10639338	10639338	-	0.00487128855258384	0.0298983378029188	-17.5024125236785
OX371316.1	14899006	14899006	+	0.000684599751075643	0.00754301110813956	14.6553038968962
OX371316.1	28380009	28380009	+	6.73648028886167e-05	0.00137883591054296	21.8167007411193
OX371316.1	28850328	28850328	-	0.000320679409576055	0.00439889341866448	22.3534717089852
OX371316.1	30900692	30900692	-	3.77186762972686e-06	0.000130074008603905	34.5450121654501
OX371316.1	46579003	46579003	-	0.0089691979155401	0.0453181507600458	-12.0565560674454
OX371316.1	53926863	53926863	-	0.00185593676651409	0.015227201898293	-11.3577533577534
OX371316.1	53926968	53926968	-	0.00493152209862965	0.0301520616691381	-19.487772976508
OX371316.1	73361346	73361346	+	0.00319567045652359	0.0225624082444932	-24.9954770008152
OX371316.1	73361514	73361514	+	0.00650657320941717	0.0361572032089892	-25.6619073119172
OX371316.1	80276396	80276396	-	0.00316194140856016	0.0224091950079297	-14.4922235394641
OX371316.1	80276454	80276454	+	0.000312729880348366	0.00431200942994574	-19.2011189271463
OX371316.1	90826538	90826538	-	0.000751781757794868	0.00810600009094907	-33.3961507183519
OX371316.1	92629369	92629369	+	0.00195616755334018	0.0157611331923332	-24.6370365786685
OX371316.1	92629396	92629396	+	0.00295075807130784	0.0212746936728031	-16.4256670883228
OX371316.1	92629537	92629537	+	0.000718251900047065	0.00781487252417946	-25.1754207555804
OX371316.1	92629576	92629576	+	1.90602310823564e-07	1.11961406105204e-05	-45.4331626932713
OX371316.1	93339896	93339896	+	0.000205962235475865	0.00319290346986712	-14.721436399317
OX371316.1	102172889	102172889	+	5.26277115331143e-06	0.00017197869614214	-37.2505305639634
OX371316.1	102173066	102173066	+	3.64399415839684e-05	0.000848913885015246	-40.3607907947711
OX371316.1	110944381	110944381	+	2.26246101199677e-06	8.80590069693997e-05	-16.2625418060201
OX371316.1	112926268	112926268	+	0.00128079633517627	0.0118371760745478	26.679092853731
OX371316.1	112926490	112926490	+	0.00919728536915704	0.0461056428087649	-19.637767693655
OX371316.1	120201275	120201275	+	0.000177835307974287	0.00286654875802018	-30.1719859612041
OX371316.1	120201398	120201398	+	0.000197565859249837	0.00310614976611402	-36.6127141267819
OX371316.1	120201452	120201452	+	1.60271576523339e-08	1.38248783017608e-06	54.7865580249489
OX371316.1	120201482	120201482	+	0.0088398018215279	0.0449728796274549	-20.9339429562342
OX371316.1	123042367	123042367	-	0.0095201742091353	0.0471808282253884	-20.1420436239448
OX371316.1	134811893	134811893	-	0.00707916058708193	0.0384902024197429	-32.884557463104
OX371316.1	134812031	134812031	-	0.00928841826440113	0.0463924638204903	-27.7839065141475
OX371316.1	134812091	134812091	-	1.35084416171171e-06	5.80000240852787e-05	-67.9676511954993
OX371316.1	135832217	135832217	-	0.00210028877650605	0.0166059090620396	-10.2764264515092
OX371316.1	143427796	143427796	+	4.95736365985211e-08	3.56883874119958e-06	-36.8966330251499
OX371316.1	156021229	156021229	+	0.00498273775882534	0.0302525479285821	-30.7679847739375
OX371316.1	157354742	157354742	-	0.000830312091472732	0.00863196198487696	-11.6235761288094
OX371316.1	157354781	157354781	-	1.89410582934834e-05	0.000509427082551675	-23.9428545548538
OX371316.1	157354826	157354826	-	0.00194152278295257	0.0157006841001529	-12.9301635652161
OX371316.1	157354949	157354949	-	0.000168260160717461	0.00277289199402358	-14.6382454079755
OX371316.1	174064687	174064687	+	0.00560966317553854	0.0329718630984875	-40.4519866644805
OX371316.1	174064765	174064765	+	0.000125571179091776	0.00222650666352925	-46.9590636535795
OX371316.1	180039202	180039202	+	5.62185679880278e-07	2.89354592896852e-05	-21.0974993685274
OX371316.1	180039233	180039233	+	1.71180373271281e-06	7.06470075775952e-05	-25.0096116878124
OX371316.1	180039269	180039269	+	0.000272277634565702	0.00392645245701969	-18.9497716894977
OX371316.1	182931965	182931965	+	0.00614923733965853	0.0348181293926831	-17.0682071551637
OX371316.1	182931992	182931992	+	0.00591754702010786	0.0341319747955901	-17.9218277784872
OX371316.1	188562054	188562054	-	2.83253080925676e-05	0.000692714102385678	-46.3838469114957
OX371316.1	188562204	188562204	-	0.000629535530717091	0.00709732505739472	-49.3348756506651
OX371316.1	189592104	189592104	-	0.0088810829912322	0.0450639939688303	-13.199412951752
OX371316.1	189592143	189592143	-	0.00132895205951309	0.0121415971370626	-12.9478092164659
OX371316.1	189592158	189592158	-	2.01945755283593e-09	2.24835075615543e-07	-16.2845186670781
OX371316.1	189592341	189592341	-	0.00474947206934835	0.0294336852277296	-17.2512077294686
OX371316.1	191646133	191646133	-	0.00518311012412706	0.0311141209573489	18.8669313271774
OX371316.1	196022865	196022865	+	0.000338573019733512	0.00458325179259083	-16.8637773031076
OX371316.1	196022870	196022870	+	6.02949256586573e-05	0.0012744134574613	-13.3627546019827
OX371316.1	203859758	203859758	-	0.0022901418776629	0.0176479630489598	-17.3915471719189
OX371316.1	203859767	203859767	-	0.00216907660483794	0.0169869236779108	-18.6297673364712
OX371316.1	213421565	213421565	+	0.00260261911531969	0.0195446643852696	-20.5710011958622
OX371316.1	213421570	213421570	+	0.00774948465600717	0.0410561424900546	-20.5513104334785
OX371316.1	213421583	213421583	+	0.000262778892656352	0.003829595423456	15.9347409347409
OX371316.1	213421598	213421598	+	0.00026967577782286	0.00390632404948223	-14.7676238637048
OX371316.1	213421688	213421688	+	1.17149059186234e-06	5.21708763691289e-05	-27.1443196281335
OX371316.1	213421703	213421703	+	0.000184193141405136	0.00293445037615875	-27.6613100579166
OX371316.1	213421805	213421805	+	0.00836728394797398	0.0432351405123469	-17.9940999406631
OX371316.1	235467644	235467644	-	0.0100858864978241	0.049174082911091	12.5744667083666
OX371316.1	252713158	252713158	+	0.000334070871742993	0.0045499966003715	-17.4050184201232
OX371316.1	252713179	252713179	+	0.00063006569629082	0.00709732505739472	-14.7476225886537
OX371316.1	252713245	252713245	+	0.00236641590092578	0.0180684677629844	-12.4132751911934
OX371316.1	255640261	255640261	+	0.00143658226646867	0.0127596724852225	-15.4705181655748
OX371316.1	255640294	255640294	+	6.48599616057074e-05	0.00135004001901651	-15.0643079947015
OX371316.1	256763856	256763856	+	0.00428598921432916	0.0274680774427801	-15.1138716356108
OX371316.1	268541023	268541023	-	0.00570153044552278	0.0333073653610017	-35.9673387768705
OX371316.1	275158777	275158777	-	0.00250147847551483	0.0189486154936948	-32.5021729682747
OX371316.1	285505068	285505068	+	0.00172676456410596	0.014515673478247	23.8413369182694
OX371316.1	293199221	293199221	+	6.35769013932621e-08	4.34809584470235e-06	-40.9369213990413
OX371316.1	294351231	294351231	-	0.00129321381353312	0.0119059699598083	-25.0619856055649
OX371316.1	303581600	303581600	+	5.48372321127989e-13	1.19330273546727e-10	-20.7820467157564
OX371316.1	317023775	317023775	-	0.00113319222738677	0.0106943875775542	-25.3721194538255
OX371316.1	322289926	322289926	-	0.00337493395866207	0.0233821812506377	-23.7199837199837
OX371316.1	322654624	322654624	-	0.00291914268088011	0.0211422719353057	-11.6219706741944
OX371316.1	327936753	327936753	-	3.21319693043156e-05	0.000763413936775449	-36.371743819479
OX371316.1	327936762	327936762	-	0.00325692585879494	0.0227955230556854	-27.434766504869
OX371316.1	328365755	328365755	+	0.0102359458402062	0.0496236455587637	-22.5601577604605
OX371316.1	345474485	345474485	-	0.00405249214463206	0.0263956665731387	-10.0519569639487
OX371316.1	345474684	345474684	+	0.000697289322400798	0.00763887439605483	-13.1846049840315
OX371316.1	345551994	345551994	+	0.00162106689659061	0.013854651136447	-18.0899243842919
OX371316.1	345890080	345890080	+	1.26881439785531e-05	0.000373802777479861	-39.3063583815029
OX371316.1	347727717	347727717	+	0.000128627442996323	0.00226718176629099	-16.9478011710477
OX371316.1	347727735	347727735	+	0.00353906841209497	0.0240494833852596	-22.2910216718266
OX371316.1	350047074	350047074	-	0.00640408267606272	0.0358025460194688	-11.8921581629753
OX371316.1	358093881	358093881	+	0.000134142394110906	0.00233949162885912	-22.1386783124588
OX371316.1	361030718	361030718	+	0.00541889229209466	0.0321266749386674	-17.8546791405889
OX371316.1	361030886	361030886	+	0.000792388569035327	0.00836898918502626	-16.9092402220265
OX371316.1	362724833	362724833	+	0.00110723211908143	0.0105277846279017	-15.7785993910396
OX371316.1	362724887	362724887	+	0.000272144043920713	0.00392645245701969	18.9026891413635
OX371316.1	362724917	362724917	+	0.000678365762283489	0.00750888753937388	-11.5122361292733
OX371316.1	362766624	362766624	+	2.57558749355185e-18	1.54128911661951e-15	-29.3794175040135
OX371316.1	363566319	363566319	-	5.8528512307099e-05	0.00124256389492288	24.889216519233
OX371316.1	363566521	363566521	-	0.00142990108131466	0.0127121227584972	-24.5478205328676
OX371316.1	363566559	363566559	-	1.17962340036983e-10	1.63689972307709e-08	-17.5521930633631
OX371316.1	363696204	363696204	+	0.0017825598267825	0.0147800220645807	-16.7251331792946
OX371316.1	365581136	365581136	-	1.12238389613698e-05	0.000343340374199549	-38.6121304593188
OX371316.1	365581205	365581205	-	0.0089006175970945	0.045114481612865	21.4498888122076
OX371316.1	366156209	366156209	+	0.00909070350674824	0.0457630295847549	-10.2444004083348
OX371316.1	369936438	369936438	+	0.000394000284838287	0.00506370095584703	-28.7548923913606
OX371316.1	369936443	369936443	+	0.000924109386150167	0.00925694916110666	-32.0729270729271
OX371316.1	372690532	372690532	-	0.00791833956739823	0.0417030702752295	-20.3660543860134
OX371316.1	374350462	374350462	+	0.00702763584980255	0.0383188551210493	-17.0438741362076
OX371316.1	387117312	387117312	+	0.00457073493742805	0.0287246303395825	-10.6763098184818
OX371316.1	387117318	387117318	+	0.00635515621187477	0.0357305226569412	-14.2277050395257
OX371316.1	394629830	394629830	+	0.000166829477121187	0.00275405482745821	-15.6121831672778
OX371316.1	394629998	394629998	+	0.000972997056267528	0.00959444998525989	-11.1534253841436
OX371316.1	394630007	394630007	+	1.15570183167297e-08	1.03416494094651e-06	-16.6784298097785
OX371316.1	394630070	394630070	+	0.000223786898151238	0.00341739282046071	-10.0585869103573
OX371316.1	397350831	397350831	+	0.000100767525511739	0.00185273176090418	-21.602204383603
OX371316.1	397351008	397351008	+	0.0101385727135705	0.0492616914697807	-12.5681785879259
OX371316.1	398421034	398421034	+	8.2398391286611e-05	0.00159970560978297	-22.2225998685791
OX371316.1	398421061	398421061	+	0.000277547378475912	0.00398418120643763	-17.2669712793734
OX371316.1	398421172	398421172	+	0.00244336954643738	0.0185671992659736	-16.0317002585044
OX371316.1	409635444	409635444	+	3.17413589195141e-16	1.08541363135521e-13	-29.7994269340974
OX371316.1	409635446	409635446	-	5.18826252526908e-09	5.03745877778851e-07	-41.1996152362113
OX371316.1	409635483	409635483	-	0.00751427800980818	0.0402615502522437	-17.6219645289546
OX371316.1	409635652	409635652	+	0.000417214124269308	0.00531920652071988	-14.5743450812287
OX371316.1	409635658	409635658	+	0.000152323422911855	0.0025836377637603	-17.1003845491592
OX371316.1	411479198	411479198	+	0.00119024179977296	0.0111291764544526	-12.8462709284627
OX371316.1	411976152	411976152	-	4.01964232560366e-06	0.000136479080882658	-19.8329406725209
OX371316.1	418283765	418283765	+	1.65612467981382e-06	6.89434448888977e-05	-21.3992456158123
OX371316.1	421707949	421707949	-	0.00146559523524568	0.0129765256893615	-23.3674677785911
OX371316.1	421708156	421708156	-	0.000759582135939211	0.00815963029271902	-31.0885150749718
OX371316.1	421842903	421842903	+	0.00460083586756364	0.0288864839854244	-13.2644551519644
OX371316.1	424579018	424579018	-	0.010079313590176	0.049174082911091	-17.3042354791596
OX371316.1	424579135	424579135	-	0.00254233203118043	0.0192124805648272	-10.3462280434562
OX371316.1	431237156	431237156	+	0.00544854153663332	0.0322226462969177	-13.9140271493213
OX371316.1	431237240	431237240	+	0.000154897225400038	0.00260562555073316	-17.4664550178409
OX371316.1	431237273	431237273	+	0.00559441888011254	0.0329024597999502	-17.1116766596213
OX371316.1	431393465	431393465	-	0.00853495403283637	0.0438813717024078	-11.2326033021578
OX371316.1	433717729	433717729	+	3.02094111197687e-06	0.00011146873932575	-35.6776938139496
OX371316.1	433717892	433717892	+	0.00102877858618586	0.0100140042235457	-30.0664648982256
OX371316.1	436162029	436162029	-	3.00586993999464e-06	0.00011146873932575	-49.8901756590957
OX371316.1	436162119	436162119	-	0.00175042088093318	0.0146119054842888	-56.0722954230236
OX371316.1	437275063	437275063	-	0.00067027501742853	0.00747448404273027	-17.0477032545998
OX371316.1	437392537	437392537	-	0.00900569229597448	0.0454545706567335	-13.8764004045285
OX371316.1	437392714	437392714	-	0.00758182658075372	0.0404424242296111	-13.429513871879
OX371316.1	440770416	440770416	+	0.000102638840060711	0.00187904782301772	-17.2998749218261
OX371316.1	444608851	444608851	-	0.00129153694388051	0.0119019760710209	-15.6359732911231
OX371316.1	448031141	448031141	+	1.26569888304469e-05	0.000373802777479861	-20.0003525781229
OX371316.1	457837810	457837810	-	0.000690438690474708	0.00758987724709399	-10.6986334233146
OX371316.1	457837819	457837819	-	0.00798755595785198	0.0420240063746851	-11.0840686495366
OX371316.1	457837837	457837837	-	0.000229868055731534	0.0034875038356892	-19.109861684161
OX371316.1	458338014	458338014	+	0.00363637675098141	0.0245193139751888	-14.9854550165471
OX371316.1	458338019	458338019	+	0.000589429507334294	0.00678322673163954	-13.8750555802579
OX371316.1	461396792	461396792	-	0.00542905883500536	0.0321670310703597	24.2319107135393
OX371316.1	461396909	461396909	-	0.00231943200838741	0.0178234343449133	-19.3862735656876
OX371316.1	463828164	463828164	+	0.0019438148785582	0.0157059546281397	15.6126761334399
OX371316.1	465351964	465351964	-	0.00462428704673641	0.0290015099900621	-13.5787458609272
OX371316.1	465352127	465352127	-	0.00259293579782662	0.019502538628196	-10.0858123569794
OX371316.1	465352132	465352132	-	0.000143615857298763	0.00245551253155403	-16.4250152021891
OX371316.1	465584344	465584344	-	0.0015845007317283	0.0136677571035216	-15.1462395543176
OX371316.1	465584572	465584572	-	0.00692520445637723	0.0379766058604628	-10.442238588252
OX371316.1	493751108	493751108	+	0.000496859016071245	0.00600669776289346	-12.042351283592
OX371316.1	493751241	493751241	+	0.00385835548051176	0.0255836692292215	-12.0155958637057
OX371316.1	493751280	493751280	+	0.00289032493975895	0.0209970869600593	-12.4418582665255
OX371316.1	498680973	498680973	-	0.000611908764555498	0.00699985433584256	-10.3634853561823
OX371316.1	500434794	500434794	+	3.86193388110907e-06	0.000132061002447229	-13.0939846325474
OX371316.1	502898889	502898889	+	2.23930226805091e-06	8.75133728793129e-05	-47.8135659375159
OX371316.1	503393329	503393329	+	9.29376456371007e-05	0.00174140005212701	-11.1902411404647
OX371316.1	503393401	503393401	+	0.000246224721658405	0.0036607795326671	-10.6617779864899
OX371317.1	44147533	44147533	-	0.0015147488538315	0.0132693074689783	-17.2131398013751
OX371317.1	48699625	48699625	-	0.000819704400633254	0.00856819969415403	-22.5543808767805
OX371317.1	57580126	57580126	+	4.09807461187114e-06	0.00013816222160575	-39.2206510036555
OX371317.1	57580328	57580328	+	0.00146843707511601	0.0129823905904805	-19.1415971706763
OX371317.1	57580361	57580361	+	0.00371315812618439	0.0248445764491054	-21.5533848921294
OX371317.1	71760806	71760806	+	0.000798781192714399	0.00841379128307468	-21.7954370109115
OX371317.1	72650660	72650660	+	2.21425309972704e-06	8.72466528446759e-05	-21.034965034965
OX371317.1	106656150	106656150	+	0.00130540430712742	0.0119951341450046	-16.072054102394
OX371317.1	106656215	106656215	+	0.000792779674133756	0.00836898918502626	-23.8277807974207
OX371317.1	106656237	106656237	+	0.00723174324687332	0.0391641337324288	-13.737689698907
OX371317.1	106656417	106656417	+	6.14291727398332e-07	3.1120076035092e-05	45.579091992487
OX371317.1	127147989	127147989	+	0.00185082697739143	0.0151983015636322	20.8658118353725
OX371317.1	127148076	127148076	+	2.23113237769968e-05	0.000578930938642225	-20.933118518594
OX371317.1	220546149	220546149	+	0.000493272572838683	0.00597843709329193	-22.8306490516263
OX371317.1	220546329	220546329	+	1.67804962385532e-24	3.21338366970118e-21	54.3860398957813
OX371317.1	230222188	230222188	+	0.00317888699461745	0.022495988421427	-14.6652171026424
OX371317.1	259311804	259311804	+	2.31478629100897e-06	8.93358397380996e-05	-30.2614483069499
OX371317.1	259311972	259311972	+	0.00676814276821194	0.0372864731679522	-18.2879359347077
OX371317.1	259312011	259312011	+	2.76311398654291e-07	1.58420039373254e-05	46.1999485434425
OX371317.1	259448432	259448432	+	2.92748924161121e-05	0.000704271351609693	-27.7688352501162
OX371317.1	290046883	290046883	-	0.00434517178111153	0.0277180580242746	-15.4453856000099
OX371317.1	305664897	305664897	+	0.00773312339080298	0.0410436706044119	22.4162826266326
OX371317.1	305664912	305664912	+	0.00104110968168446	0.0100701760025688	-24.5278475943383
OX371317.1	316442467	316442467	-	0.000138624810165825	0.00240017893548497	-20.1271186440678
OX371317.1	316442651	316442651	-	0.00611125106475085	0.0347262596021246	-35.9588770921653
OX371317.1	316442669	316442669	-	0.000917467717440657	0.00925694916110666	-13.9530051150895
OX371317.1	316442674	316442674	-	1.51039706734849e-05	0.000427860525532456	49.352525029987
OX371317.1	316442765	316442765	-	2.274778419473e-06	8.81799672267975e-05	63.9148613567966
OX371317.1	334161149	334161149	+	0.000280894343807885	0.00401417200949553	-27.2637852913881
OX371317.1	336161116	336161116	-	0.0019400948224507	0.0157006841001529	28.3320556701254
OX371317.1	346362905	346362905	-	0.00307204493221861	0.0219331060303332	-25.3487615374237
OX371317.1	346690572	346690572	-	0.000557559828446211	0.00653427196004096	-18.1513789355391
OX371317.1	359796694	359796694	+	0.000353322504548466	0.00467262061755674	-14.6232165804475
OX371317.1	359796759	359796759	+	0.00494455409044671	0.0301860548080504	-12.6416239546803
OX371317.1	362473655	362473655	-	4.35032050808737e-06	0.000145640784062179	-17.6449657923335
OX371317.1	362473778	362473778	-	0.00866014886633577	0.0443155575271323	-13.6090373867095
OX371317.1	368965137	368965137	+	0.000142871090910623	0.0024515341578015	-11.8283849399029
OX371317.1	371106901	371106901	+	0.00207645530706482	0.0164582418725505	-16.7573737744349
OX371317.1	371106919	371106919	+	0.00296889168974351	0.0213571887287569	-15.7114854146248
OX371317.1	395250712	395250712	-	8.02120923829151e-05	0.00157057533580917	-20.2596779719082
OX371317.1	398523007	398523007	-	0.00366022877292367	0.0246281118570322	-12.9340729789489
OX371317.1	398523040	398523040	-	0.00936383138270436	0.046671741525073	-14.9004013477545
OX371317.1	398523109	398523109	-	0.000447141589869679	0.00558912836167233	-15.6082218726319
OX371317.1	404673667	404673667	+	5.78888665416514e-05	0.00123445849325545	-15.2112302253059
OX371317.1	404673751	404673751	+	0.00567400862661013	0.0332548973535493	-15.678183685446
OX371317.1	409740825	409740825	+	1.89931314203243e-07	1.11961406105204e-05	28.1391017835399
OX371317.1	416880024	416880024	+	0.0103106901497114	0.0499243052351483	-11.5680730864503
OX371317.1	430221015	430221015	-	0.00346778777181406	0.0238026808819081	-23.4913951125496
OX371317.1	434849277	434849277	+	0.000777150508760672	0.00824947640937929	-13.3960784313725
OX371318.1	301338	301338	-	0.00569345094224076	0.0333008017968381	23.1093800714054
OX371318.1	301347	301347	-	0.00759850944341673	0.0405088451324165	15.1956448870635
OX371318.1	837371	837371	+	5.23188824734487e-07	2.72250334955339e-05	-15.7919121990753
OX371318.1	1081080	1081080	-	9.19767078732093e-05	0.00173139335484555	-10.2496205914895
OX371318.1	5375052	5375052	+	0.000762647968910798	0.00815963029271902	-15.3533434650456
OX371318.1	5375259	5375259	+	0.00160697062273582	0.0137870556846413	-12.1955985234962
OX371318.1	7091184	7091184	-	0.00346231254105011	0.0238026808819081	-17.8909574634443
OX371318.1	7091322	7091322	-	0.000829339408612658	0.00863122150596562	-14.285446462677
OX371318.1	8843238	8843238	+	0.00395229122509285	0.02587161163651	-18.3338196124199
OX371318.1	12884188	12884188	-	0.00464180377017213	0.0290674596557461	-18.6105846065773
OX371318.1	15191122	15191122	-	0.0102153533587521	0.049574015185379	14.0590241011842
OX371318.1	15191130	15191130	-	0.00153163408477568	0.0133704137427552	10.0007915852868
OX371318.1	15191276	15191276	-	0.00468764112599108	0.0292588183725658	-14.5368191166804
OX371318.1	16024306	16024306	-	0.00646009995330416	0.0359824845654743	-26.0104513401029
OX371318.1	17137136	17137136	+	0.00197373276005267	0.0158673490317677	-35.8816917476135
OX371318.1	17137145	17137145	+	0.00498016576808595	0.0302525479285821	-30.7801854578998
OX371318.1	17137256	17137256	+	0.001729745505652	0.0145279770915563	35.1912804064602
OX371318.1	17904716	17904716	+	0.00168553841367367	0.0142315887967835	-16.7113022113022
OX371318.1	20869656	20869656	-	0.00258711070490431	0.0194827772640727	-27.4055896136575
OX371318.1	31830976	31830976	+	1.19530580682621e-08	1.05970030826447e-06	-26.2292560575467
OX371318.1	31831009	31831009	+	0.00074723065922356	0.00808424001721935	-17.0912710982397
OX371318.1	35846000	35846000	-	0.000171282204757899	0.0027990278429987	-16.9047619047619
OX371318.1	35846138	35846138	-	3.40154670872481e-06	0.000121526063875583	-20.1819856444134
OX371318.1	39656760	39656760	-	0.000206085044844778	0.00319290346986712	-16.8888231860908
OX371318.1	39656790	39656790	-	0.0035105796419202	0.023957910920724	16.9625558407582
OX371318.1	39656844	39656844	-	0.000170884017375593	0.0027990278429987	23.9195469114313
OX371318.1	43642062	43642062	+	0.00325657751342413	0.0227955230556854	-13.8727326754973
OX371318.1	47563368	47563368	+	3.83647751820523e-05	0.000887278796658436	-23.3925390491991
OX371318.1	48224557	48224557	+	3.53934480029796e-06	0.000125049330036425	-14.3201901834598
OX371318.1	52088686	52088686	+	0.000581378676372803	0.00671478876475804	-36.4581294288063
OX371318.1	52088704	52088704	+	4.67196783096952e-07	2.45785491116875e-05	-56.1150242326333
OX371318.1	52088708	52088708	+	6.72278487201828e-05	0.00137883591054296	-44.6383849595893
OX371318.1	53590565	53590565	+	1.35197921155673e-07	8.40576181696078e-06	-30.3093630550495
OX371318.1	68695208	68695208	+	0.000963605992808912	0.00952145900897064	-18.7920218302529
OX371318.1	70652429	70652429	+	2.13541103044757e-06	8.51918455880593e-05	29.1302694480661
OX371318.1	70652438	70652438	+	0.00261894174379606	0.0196518278227893	-12.868809069838
OX371318.1	70652534	70652534	+	0.00082265366224278	0.00858029344747689	-12.1840917043135
OX371318.1	70652549	70652549	+	0.000300327354178288	0.00418567919887307	-18.315150860094
OX371318.1	77649916	77649916	+	0.00424292441115085	0.0272833933170137	13.5079729251561
OX371318.1	77649946	77649946	+	7.66657521644786e-05	0.00151351750791339	-17.3949505463709
OX371318.1	77649952	77649952	+	0.00576319423139358	0.0335389790556703	-20.437432026102
OX371318.1	77649964	77649964	+	3.20235127364157e-05	0.000762729779043199	-16.0236948681268
OX371318.1	77650096	77650096	+	0.000209533168595372	0.00323585369900166	28.1837435399363
OX371318.1	77668326	77668326	-	0.00955812725911503	0.0472710492687329	-22.4529126807856
OX371318.1	77668533	77668533	-	0.00226501181464289	0.0175227342908206	-29.7315304331025
OX371318.1	82306473	82306473	-	0.00591171934512007	0.0341189147591568	-12.6542286904129
OX371318.1	82306596	82306596	-	0.00148324776953651	0.0130650761896	-10.3885095772941
OX371318.1	82306656	82306656	-	0.00310170695334981	0.0220803659103094	12.2388084791635
OX371318.1	85488339	85488339	-	1.30316607620155e-06	5.6204951624239e-05	-54.2312419418217
OX371318.1	85488378	85488378	-	0.000237259183356165	0.0035693778880715	-37.7258076796183
OX371318.1	85488606	85488606	-	0.000198941216758768	0.00312264577424827	-37.466458860965
OX371318.1	103630575	103630575	-	0.0014093657631244	0.0125997530508765	-14.1681819202191
OX371318.1	108383010	108383010	-	0.000540995229561631	0.00637918494174131	-11.9546209764352
OX371318.1	108383106	108383106	-	0.000483187688024055	0.0058900419380471	-11.8030425603283
OX371318.1	108383128	108383128	-	1.52981894952585e-05	0.000430813105191475	-22.0409027842686
OX371318.1	113268718	113268718	-	0.00043761260579035	0.00551320343755023	-21.7740088086686
OX371318.1	115948539	115948539	-	0.000430169136521394	0.00544090515028444	-21.9221895973154
OX371318.1	136036029	136036029	+	0.000817728084019381	0.00855688324303203	-27.1019915207162
OX371318.1	136036227	136036227	+	0.0059615335454526	0.0341923123905268	-22.2553314863733
OX371318.1	146125490	146125490	+	0.000337681109725764	0.00458325179259083	-28.6493087880517
OX371318.1	146125495	146125495	+	0.0005039212890281	0.00607673070492107	41.3607770220615
OX371318.1	146125697	146125697	+	0.00487478869657786	0.0299006534290688	-20.1464500085035
OX371318.1	168097282	168097282	-	0.00226565997941931	0.0175227342908206	-32.1665100148587
OX371318.1	168566576	168566576	+	0.00394470713056315	0.02587161163651	-14.1029796969257
OX371318.1	179216491	179216491	+	0.00786602151271587	0.0415188804134226	-33.3147502903601
OX371318.1	184696256	184696256	+	0.000148224166227788	0.00252528551334497	-47.4057548716081
OX371318.1	184696306	184696306	+	0.00256821653295323	0.0193622446496692	-36.9746707193516
OX371318.1	184696391	184696391	+	0.00376131313729655	0.0250791514318431	-36.8312891867482
OX371318.1	184696434	184696434	+	0.00213150056227507	0.0167833891088609	-44.0310846560847
OX371318.1	184696459	184696459	+	2.48961648120355e-06	9.49700169885843e-05	67.4940812238208
OX371318.1	184696498	184696498	+	0.000532027289355292	0.00629670249600045	-44.1500865051903
OX371318.1	186312155	186312155	+	0.00409932480425928	0.0266101974407271	-12.9436317251179
OX371318.1	186312323	186312323	+	0.00544155925180702	0.0322012426886113	-11.9250741839763
OX371318.1	201764162	201764162	+	2.27943620719126e-05	0.000585993752851194	-19.3400493421053
OX371318.1	208166100	208166100	+	0.00648743102152099	0.0360717649944907	-46.3003171920007
OX371318.1	224393919	224393919	+	0.00925915184985797	0.0462776227123216	-13.8279999390179
OX371318.1	224394159	224394159	+	0.000507107240826627	0.00609978504500789	-21.3397448741067
OX371318.1	230330303	230330303	-	0.000888747199754568	0.00905209957325717	-50.3707164684055
OX371318.1	230330363	230330363	-	3.26171733921206e-05	0.000773023584247538	60.6561064064399
OX371318.1	245536286	245536286	-	4.30934523631603e-09	4.38946127106083e-07	52.5589344947206
OX371318.1	247036721	247036721	+	0.00102199319023447	0.00999191204882475	-10.4628698128601
OX371318.1	250295436	250295436	+	0.000440895922238575	0.00553998893907405	-15.3936308937443
OX371318.1	257838736	257838736	+	0.000782562748991946	0.00829638300252624	-11.2136689652447
OX371318.1	274249607	274249607	-	4.88840345350105e-05	0.00106617945329769	-11.2463983641602
OX371318.1	274249770	274249770	-	0.00274664621734586	0.0203233938774793	-11.4665073511108
OX371318.1	274249775	274249775	-	0.000459542819054573	0.0056810898560231	-16.2866771179223
OX371318.1	303235200	303235200	+	0.00453963700196569	0.0286148280288087	-14.8130706716372
OX371318.1	307616112	307616112	+	1.00789750959553e-06	4.61740397874978e-05	-37.3640479430545
OX371318.1	307616319	307616319	+	0.00048351855665011	0.0058900419380471	-48.4666158433613
OX371318.1	307616343	307616343	+	5.05432443878872e-06	0.000166143726110292	-51.79359122332
OX371318.1	310276664	310276664	-	0.000302677499352081	0.00420494789153672	17.585068258363
OX371318.1	310276703	310276703	-	0.000585025057704263	0.00674064152017078	-25.5119894893493
OX371318.1	310276841	310276841	-	0.00270802364799021	0.0201465966891414	-14.5485067055286
OX371318.1	310276901	310276901	-	0.00017060492679941	0.0027990278429987	-12.0218797945434
OX371318.1	316529937	316529937	-	1.66386866958493e-15	5.31037971639134e-13	-50.1272264631043
OX371318.1	316964225	316964225	+	1.05091618586415e-05	0.000324589281035131	-51.5518625931552
OX371318.1	316964227	316964227	-	0.006657994103538	0.0368489476775722	-19.9341555183946
OX371318.1	316964343	316964343	+	0.000352099490156636	0.00466934523656182	-51.3800842114263
OX371318.1	316964345	316964345	-	0.00237116238382627	0.0180902828668462	-24.7662965054269
OX371318.1	316964397	316964397	+	5.87188175720527e-08	4.04473700278806e-06	-28.4757118927973
OX371318.1	317042732	317042732	-	0.000373093899303603	0.00487351110344627	-31.2965798617294
OX371318.1	317609954	317609954	+	0.000410051789197976	0.00523486196676837	-17.1218735252478
OX371318.1	317609959	317609959	+	0.000255570557005821	0.00375621824612104	-15.805428069579
OX371318.1	317610077	317610077	+	0.000385276261255321	0.00498024339584892	-11.57913338517
OX371318.1	319499451	319499451	-	0.000925234950032468	0.00925694916110666	-46.5653622997458
OX371318.1	320828657	320828657	-	0.000250094530036533	0.00370680262557713	-19.4197635135135
OX371318.1	320828675	320828675	-	0.00292961566647743	0.021186072353975	-18.3197275252286
OX371318.1	322810299	322810299	-	0.00915221560830196	0.0459518855430289	-29.2201540436457
OX371318.1	324695608	324695608	+	0.00733345188006637	0.0395460683325732	-19.2324706923247
OX371318.1	330093637	330093637	+	3.77132099463537e-07	2.0286227114606e-05	-18.45889715039
OX371318.1	331908586	331908586	-	0.00176168494390214	0.0146585655394848	-53.9118577786925
OX371318.1	331908781	331908781	-	5.30273664660489e-08	3.73326602053879e-06	-65.4847487543437
OX371318.1	331908799	331908799	-	3.90190390735016e-15	1.16749324989935e-12	-46.3248263697498
OX371318.1	332686709	332686709	-	0.000267983623961086	0.00388769429348543	-15.7736577547898
OX371318.1	334254759	334254759	+	0.000453703978924028	0.0056416955965639	-33.9894423506551
OX371318.1	334254900	334254900	+	2.98801057603216e-09	3.10972574992475e-07	62.4714475849603
OX371318.1	334254909	334254909	+	6.14176701303487e-14	1.50784436504086e-11	-63.3849937609635
OX371318.1	336535628	336535628	+	0.00462920439455727	0.0290075326220665	-13.6747670063583
OX371318.1	353558941	353558941	-	0.010302655870981	0.0499217775056168	18.9401386758943
OX371318.1	353558968	353558968	-	0.000460432099026288	0.0056810898560231	-23.3882978723404
OX371318.1	369837801	369837801	-	1.32880290939219e-05	0.000386175540522762	15.3501267753705
OX371318.1	369837976	369837976	+	0.00984658775066843	0.0484205607469843	-15.1186209250725
OX371318.1	369837978	369837978	-	0.00019155845135887	0.00302661012103751	-18.5840946452152
OX371318.1	370801953	370801953	-	2.55155609983469e-14	6.60284624239532e-12	-13.459029542797
OX371318.1	370802136	370802136	-	0.00180033967869579	0.0148987173530938	-15.9041228203955
OX371318.1	371017400	371017400	-	0.000289371407888461	0.00409861106492261	13.079797378345
OX371318.1	371311582	371311582	+	0.000450375763390811	0.00561819155140558	-11.4646233290301
OX371318.1	372345990	372345990	-	0.000338096209443194	0.00458325179259083	-12.216912124089
OX371318.1	372346149	372346149	-	3.82835696041056e-06	0.000131382042327582	-36.1147563341011
OX371318.1	372346162	372346162	-	6.89024231630489e-06	0.000219177408029388	-18.4219682716819
OX371318.1	372346167	372346167	-	0.00012881233504909	0.00226718176629099	-22.3955680369206
OX371318.1	372673919	372673919	+	0.00380140320381248	0.0253112059278253	-27.0282783674051
OX371318.1	375502025	375502025	-	2.51909336770757e-05	0.000628117403815072	-10.628731998595
OX371318.1	375502367	375502367	-	0.00221737590586413	0.0172608428885975	-19.0829091018306
OX371318.1	375502391	375502391	-	2.12220199481939e-05	0.000556700537731092	-25.2523629742684
OX371318.1	375502395	375502395	-	4.08260777277e-06	0.000138127136753273	-25.1355539964606
OX371318.1	380625799	380625799	+	0.00774543895599416	0.0410561424900546	-18.0339162132178
OX371318.1	381750141	381750141	+	3.26526266894574e-06	0.000117561920384227	-17.3817510902382
OX371318.1	381750309	381750309	+	0.00478429410661151	0.0295538427367296	-10.2425373134328
OX371318.1	387128470	387128470	-	4.27657523407384e-22	5.11839639009322e-19	-48.5576923076923
OX371318.1	391877857	391877857	-	0.00258827364388279	0.0194827772640727	18.7041090576598
OX371318.1	391877873	391877873	+	0.00486171145321399	0.0298781867713107	12.3455079130657
OX371318.1	391877884	391877884	-	0.00252718923796559	0.0191282405546119	-23.7637353763865
OX371318.1	406743330	406743330	+	0.0063807248778413	0.0357692587019531	-18.3282148525259
OX371318.1	406743468	406743468	+	0.00908509134337893	0.045758835963423	-17.9349901939901
OX371318.1	415766362	415766362	+	0.000341215760269773	0.00458856486743103	-28.2080948321358
OX371318.1	415766367	415766367	+	0.00925979867118582	0.0462776227123216	-16.9134305532798
OX371318.1	415766389	415766389	+	0.00136369066883547	0.0123295633261779	-17.713931854207
OX371318.1	423729985	423729985	-	4.63054767219797e-05	0.00102483264796804	-13.6370930310459
OX371318.1	426359778	426359778	-	1.47579027143258e-07	9.00021279084612e-06	54.6779634827844
OX371318.1	426359817	426359817	-	0.000773923944763505	0.00822434423216933	-38.0303576434779
OX371318.1	426360045	426360045	-	4.67088321975381e-05	0.00103047406667781	-37.8687546813882
OX371318.1	426379155	426379155	-	0.00955559068541921	0.0472710492687329	-11.88621721341
OX371318.1	431302456	431302456	+	0.00017776086583667	0.00286654875802018	-26.1577027297745
OX371318.1	431302461	431302461	+	0.00894220344645055	0.0452533986220233	-16.8036690455877
OX371318.1	431302579	431302579	+	0.000301672787972807	0.0041983194942479	-19.3992165157776
OX371318.1	431302624	431302624	+	0.0092605921784701	0.0462776227123216	-15.7939414592261
OX371318.1	431302663	431302663	+	0.00950339020260247	0.0471220390148879	-15.5795153117294
OX371318.1	432647987	432647987	+	0.00159087368488353	0.0136801488121315	-24.1877885442571
OX371318.1	432648026	432648026	+	0.00625810744516616	0.0352884933277442	21.0763955039055
OX371318.1	434628280	434628280	-	7.27425023923097e-05	0.00145524453159719	-10.2753552310949
OX371318.1	435155439	435155439	+	0.000176468216138026	0.0028589515894213	-10.8302647555696
OX371318.1	439458800	439458800	-	0.00236149373014796	0.0180596884846951	23.1019745142569
OX371318.1	440061636	440061636	+	7.31058182343856e-11	1.04473207010693e-08	-49.574116410857
OX371318.1	440061747	440061747	+	0.00502296869287274	0.030362189106614	-16.8458781362007
OX371318.1	440061792	440061792	+	1.93603158096332e-07	1.13030689309357e-05	-31.5980511231171
OX371318.1	441716397	441716397	+	0.00107754621955315	0.0103209050672667	-22.2846333086273
OX371318.1	459073416	459073416	+	0.00103632654882914	0.0100430925853851	-17.1239071450106
OX371318.1	460399606	460399606	+	0.00266135784541994	0.0198456823927076	-11.8056941140358
OX371318.1	472230432	472230432	+	0.000681627743378575	0.00751891751124489	-15.9476902173913
OX371318.1	474794480	474794480	+	0.00996135303925884	0.0488114332023744	-15.546218487395
OX371318.1	474794657	474794657	+	5.20857489137633e-09	5.03745877778851e-07	20.9987266788463
OX371318.1	474794687	474794687	+	4.52705526580228e-05	0.00101140422397867	-15.9147027353288
OX371318.1	474818534	474818534	+	0.00753931587014432	0.040310508999132	-16.2029534888207
OX371318.1	474818543	474818543	+	2.0492714463869e-06	8.31410055342232e-05	17.8742500599952
OX371318.1	474818573	474818573	+	1.518910895682e-07	9.20455924388097e-06	-20.6709529449364
OX371318.1	475012148	475012148	+	1.33097811995964e-05	0.000386175540522762	-20.8981904649476
OX371318.1	476931485	476931485	-	0.000153672300617445	0.00259960251682153	10.5229454006051
OX371318.1	476931494	476931494	-	0.000767935502383471	0.00819411040838192	10.4108133632393
OX371318.1	477034374	477034374	-	0.00397326488574832	0.0259856885692011	-18.6779953917051
OX371318.1	479049479	479049479	+	0.00422112165673683	0.0271979923021773	-10.3151862464183
OX371318.1	479049509	479049509	+	0.000540992649754208	0.00637918494174131	-11.1483467381591
OX371318.1	484569976	484569976	+	4.48628500230699e-05	0.00100597403542966	20.0892623514184
OX371318.1	484570096	484570096	+	4.94938798479336e-05	0.00107458480958648	-22.7672418545675
OX371318.1	484570198	484570198	+	0.00747453202293733	0.0401159372824338	-13.5605397527136
OX371318.1	485768540	485768540	-	0.000237467496875151	0.0035693778880715	17.6479494907652
OX371318.1	486720597	486720597	+	0.000672915757276883	0.00747448404273027	25.2492952826986
OX371318.1	486807144	486807144	+	2.87795688917648e-05	0.000699384251963103	-31.308849822694
OX371318.1	491224364	491224364	-	9.73907960819146e-05	0.00180366201662355	14.9144014345231
OX371318.1	492815242	492815242	+	0.000308646524387271	0.00426438044387918	-15.8504047392936
OX371318.1	495452893	495452893	-	0.000102182003569726	0.0018742680321558	-17.3120114096062
OX371318.1	495453016	495453016	-	0.00532281410432943	0.0317536789219798	-14.2231597126961
OX371319.1	8102101	8102101	+	0.0101196103986908	0.0492341546385062	-11.9978035539403
OX371319.1	36571562	36571562	+	0.00655708025773079	0.0364167365850107	-14.2586651724414
OX371319.1	36571640	36571640	+	0.00600135362324549	0.0343294636913006	-12.7417792452634
OX371319.1	45428258	45428258	-	0.00346794574876058	0.0238026808819081	-16.3184641445511
OX371319.1	51632026	51632026	+	0.00633815577469446	0.0356768401058716	-21.6022313704433
OX371319.1	51632239	51632239	+	0.000295181317374909	0.00415020492622249	40.3136026567542
OX371319.1	62595403	62595403	-	0.00402296313806989	0.0262211686747639	-33.9782064627583
OX371319.1	62595428	62595428	-	0.00444176520476396	0.0280962126279951	-30.0049446557663
OX371319.1	97670083	97670083	-	0.006053780960627	0.0345316232842163	29.8131351019573
OX371319.1	97670143	97670143	-	2.52515519443266e-07	1.45649089324444e-05	-21.206399556915
OX371319.1	186233860	186233860	-	0.00494969252993221	0.0301860548080504	-19.6137849079026
OX371319.1	238617561	238617561	-	3.99026425242103e-05	0.00091183324296284	-26.1494898544079
OX371319.1	238617741	238617741	-	1.02832976489584e-09	1.2463301527612e-07	-23.2736256616637
OX371319.1	238617750	238617750	-	6.90932890158448e-17	3.00705223835668e-14	49.9532537413822
OX371319.1	238617768	238617768	-	0.000121643574974918	0.00216891571887026	-17.8601329854753
OX371319.1	298155790	298155790	+	0.00960459213505594	0.0474209739802576	-12.8427554191746
OX371319.1	310468375	310468375	-	0.00347076571636444	0.0238049715877079	-13.4333333333333
OX371319.1	332014733	332014733	-	4.49511404801091e-06	0.000149963858136191	28.1356976584965
OX371319.1	336856829	336856829	-	1.72209611292984e-05	0.000474276079343575	35.4180677806601
OX371319.1	336856934	336856934	-	1.90789090594319e-10	2.56260371359831e-08	39.2567911518349
OX371319.1	336856952	336856952	-	0.00439438085322871	0.0279197951992142	-17.7625294233504
OX371319.1	339063115	339063115	-	0.0056751830890507	0.0332548973535493	15.9354127935
OX371319.1	339063232	339063232	-	0.00354739223769524	0.0240835028189686	-18.5734288773577
OX371319.1	341231533	341231533	+	0.00568300860745866	0.0332803851482327	-17.7383592017738
OX371319.1	341231560	341231560	+	0.00555701976144679	0.0327630683078695	-19.4471929913258
OX371319.1	341231710	341231710	+	0.00199337307614462	0.0159716016419472	-20.0135200386287
OX371319.1	343788575	343788575	+	0.0023329763071137	0.0178987841110576	-15.6461720867209
OX371319.1	343788698	343788698	+	4.84434895602446e-05	0.00105898326178787	20.0925925925926
OX371319.1	385367242	385367242	+	3.98723989893952e-09	4.10503821814345e-07	48.1932748782543
OX371319.1	402016272	402016272	-	0.000142100303480061	0.00244707905982584	26.2103126769565
OX371319.1	402016431	402016431	-	0.00179833482878026	0.0148950000221562	-23.4791960105067
OX371319.1	402799586	402799586	-	0.000118491069891897	0.00212856148050105	-32.8775264626502
OX371319.1	405622095	405622095	+	0.000887119913183756	0.00905209957325717	-19.4192851439575
OX371319.1	405622258	405622258	+	0.00108990376450823	0.0104147348563592	-13.7872866923352
OX371319.1	413153313	413153313	+	0.00186615514875731	0.0152587388113604	-16.2755102040816
OX371319.1	413980760	413980760	+	0.00967422893369409	0.0476483522492288	-10.4951279695971
OX371319.1	416650876	416650876	-	0.000833853940181616	0.00865473702877606	-17.0269899449225
OX371319.1	416891183	416891183	+	9.20419353329323e-05	0.00173139335484555	25.2570102646793
OX371319.1	416891360	416891360	+	4.83058308755329e-05	0.00105839043507729	33.29107224671
OX371319.1	416891420	416891420	+	0.00184166742600109	0.0151534280976071	-27.3571981424149
OX371319.1	428326059	428326059	+	0.00157209786975824	0.0136098155409585	-12.4367558108571
OX371319.1	440986881	440986881	-	0.00138187904746595	0.0124587164581029	-41.7021504512466
OX371319.1	440987082	440987082	-	0.00611565094176509	0.0347306495761295	-17.393594605984
OX371319.1	440987148	440987148	-	0.00128781793399635	0.0118791373022429	-33.242404792469
OX371319.1	448654406	448654406	-	0.00479464627828375	0.0295796235670588	-21.6536254564424
OX371319.1	448654418	448654418	-	0.000360250282786356	0.00473806198389763	-20.6269454845027
OX371319.1	463880918	463880918	-	0.00256414000970561	0.0193467446676375	-12.2295421678736
OX371319.1	463880978	463880978	-	0.00352714812196798	0.0240025502499162	-18.7246296891993
OX371319.1	465360469	465360469	+	0.000171382001940786	0.0027990278429987	-20.7608560665645
OX371319.1	465360474	465360474	+	0.00352276866123607	0.0240025502499162	-19.3089430894309
OX371319.1	465360487	465360487	+	0.0088726955357445	0.0450639939688303	26.0740948114968
OX371319.1	465360592	465360592	+	0.0030117982517756	0.0216037064711088	-17.7883299798793
OX371319.1	468322276	468322276	-	0.00151854266250621	0.0132903819578999	-16.9383482150668
OX371319.1	477232206	477232206	-	0.00393096780322098	0.0258503185123278	23.1809450633884
OX371319.1	477777845	477777845	-	0.000334841088167322	0.00455400887159798	27.1980405504612
OX371319.1	477778016	477778016	-	0.000858785897751959	0.00878490040646833	-20.1364108962362
OX371319.1	483899826	483899826	+	0.00752564246948713	0.0402998893999804	21.8804483188045
OX371319.1	487998229	487998229	+	0.00433778242824532	0.0277072816323082	-14.040144107051
OX371319.1	487998234	487998234	+	2.47285093710022e-05	0.000623077585361041	-18.059069157853
OX371319.1	493197469	493197469	-	0.00013779534979233	0.00239013961834833	-19.2315655977431
OX371320.1	8892143	8892143	-	4.90181182217115e-11	7.44978728242402e-09	-17.5762378606299
OX371320.1	10587719	10587719	-	0.00599332075913035	0.034320929032553	-10.1671428510236
OX371320.1	10587764	10587764	-	0.0064010558913328	0.0358025460194688	-10.1186019510184
OX371320.1	10758184	10758184	+	0.0052418856627343	0.0313490221489821	-11.6928897343047
OX371320.1	10758189	10758189	+	3.01167472493413e-05	0.000722708155094754	-12.7022425194356
OX371320.1	29120830	29120830	-	0.000783302363004245	0.00829638300252624	-16.7907137907138
OX371320.1	29121002	29121002	-	0.000666928465568275	0.00745990464741616	-22.6685449215971
OX371320.1	45802129	45802129	+	2.54889520700693e-09	2.71167263256687e-07	-47.1103896103896
OX371320.1	52952027	52952027	+	0.0049305438492674	0.0301520616691381	-11.1957172468843
OX371320.1	52952196	52952196	+	0.000475238542772324	0.00581879007378684	26.1965421440378
OX371320.1	52952234	52952234	+	3.73572919482076e-08	2.83878582611817e-06	37.2651997196917
OX371320.1	52952267	52952267	+	0.00499667899347753	0.0302780138258872	-15.2463083081307
OX371320.1	62330829	62330829	+	0.000152458725453325	0.0025836377637603	30.6176666941023
OX371320.1	62365291	62365291	+	0.000254257049774702	0.00375032594520207	10.6674517074637
OX371320.1	62365400	62365400	+	0.00391478641429227	0.0257616019778129	-13.2522600086096
OX371320.1	62393529	62393529	+	2.95352361022589e-11	4.63594632167037e-09	15.5028749375591
OX371320.1	62393553	62393553	+	6.74885575309706e-08	4.51878725522107e-06	-14.347366259975
OX371320.1	62411228	62411228	+	0.000403225336367714	0.00516838667218766	30.9125345421803
OX371320.1	62411235	62411235	+	0.00321839871716169	0.0226750459889275	-24.7708773953727
OX371320.1	62411432	62411432	+	0.00206040127999492	0.0163580785777214	-25.5496439821065
OX371320.1	62411492	62411492	+	0.00210656085082961	0.0166242319326716	-10.9260747288067
OX371320.1	62452123	62452123	+	1.35175788070924e-16	5.17710160356431e-14	18.6923887409586
OX371320.1	62452232	62452232	+	1.06909502061484e-05	0.00032914230378896	-15.2713668303296
OX371320.1	62477634	62477634	+	0.00283471327595048	0.0207823065957178	-13.7577160493827
OX371320.1	62511483	62511483	+	2.83310885217214e-12	5.42526608905623e-10	15.8059470299847
OX371320.1	62511507	62511507	+	7.3536228913075e-07	3.50294310884632e-05	-12.0941412008008
OX371320.1	62511592	62511592	+	6.32875772247822e-07	3.16502402585182e-05	-13.3129595556127
OX371320.1	63360715	63360715	-	0.00457205692062234	0.0287246303395825	-23.9306666354407
OX371320.1	63360769	63360769	-	9.72601711637444e-11	1.3694743539258e-08	42.4586446578489
OX371320.1	63800158	63800158	-	0.00480448871521816	0.0296021973768835	-20.8844806636721
OX371320.1	80689795	80689795	+	6.77663566381321e-05	0.00138346788188155	28.9017341040462
OX371320.1	81620082	81620082	-	0.00569815993006449	0.0333073653610017	-10.671368861024
OX371320.1	84299136	84299136	-	0.000132923633995256	0.00232671219669709	-39.9448333556946
OX371320.1	84299169	84299169	-	0.000239168254301515	0.00358187206666643	-34.7867860501247
OX371320.1	84299199	84299199	-	0.00612856199193312	0.0347665709629762	-20.2553835589278
OX371320.1	84299238	84299238	-	0.00114679730679867	0.010775570364209	26.5350884561751
OX371320.1	84534551	84534551	+	8.2037017348708e-06	0.000258383076760559	-17.6026719445819
OX371320.1	84534572	84534572	+	8.65027043026735e-07	4.05652119806221e-05	-23.7770061728395
OX371320.1	84534638	84534638	+	0.000939973730901587	0.00936770019501926	-14.2397425583266
OX371320.1	85760242	85760242	+	0.00182867469740885	0.0150810653855398	-32.6654059307121
OX371320.1	85902411	85902411	+	0.00368934100324433	0.0247717711924031	-49.9410540045652
OX371320.1	88048504	88048504	-	0.000230563532342654	0.0034875038356892	26.4783191240602
OX371320.1	88077487	88077487	-	0.0022456971695055	0.0174387720896838	-18.4468552926727
OX371320.1	100651864	100651864	+	0.00579654128809923	0.0336366530978302	-33.7879607913885
OX371320.1	118280637	118280637	+	0.00406933400633104	0.0264873464346745	-33.0302042912014
OX371320.1	118280826	118280826	+	0.00819169548648819	0.042626901313887	-21.3123118132027
OX371320.1	149114095	149114095	+	3.66510726964258e-12	6.62122898037255e-10	-60.18844532606
OX371320.1	158489471	158489471	+	2.58513313218829e-05	0.000639847347562644	-27.3209472341657
OX371320.1	158489648	158489648	+	1.60513409347807e-19	1.097769272974e-16	-54.0373369320738
OX371320.1	158489654	158489654	+	0.00955357013609359	0.0472710492687329	-20.6175262744124
OX371320.1	194678931	194678931	-	0.000351004065093167	0.00466191489718136	-36.2434068738657
OX371320.1	194679001	194679001	-	0.00202527669344367	0.0161193128541605	-44.6099445109346
OX371320.1	197378540	197378540	-	9.45828354552073e-05	0.00176188272434121	-10.9802634506697
OX371320.1	197378780	197378780	-	0.000217230081331321	0.00333321372902164	-14.1976164079823
OX371320.1	197385902	197385902	-	0.000340136311805344	0.00458856486743103	-14.8619871691196
OX371320.1	210041856	210041856	-	9.84524988115961e-15	2.77252590837822e-12	-74.4974241669691
OX371320.1	211525744	211525744	+	0.000408689226095057	0.0052244329288173	-49.1621281943863
OX371320.1	211525766	211525766	+	2.77618352249073e-05	0.000683323501636544	-30.5555555555556
OX371320.1	218342881	218342881	-	6.96120010712632e-05	0.00141330642723008	-39.6204774808784
OX371320.1	218505802	218505802	-	0.000308167234317452	0.00426391121586892	-12.3258297157261
OX371320.1	219459320	219459320	+	0.000575959871935585	0.00668978929240946	-33.9427460231439
OX371320.1	219459350	219459350	+	0.00823832517507994	0.0427070743809698	-26.3520949173082
OX371320.1	224072216	224072216	+	0.00431406106455716	0.0275762829115371	-13.3683953033268
OX371320.1	240092106	240092106	-	0.00739703747271112	0.0398116023496366	-10.4414584473056
OX371320.1	240092239	240092239	-	0.00139663062178189	0.0125092606421339	-11.0979412461934
OX371320.1	240092244	240092244	-	0.000343848657809978	0.00461101896537839	-16.7399752667487
OX371320.1	249715544	249715544	-	1.13623451159037e-05	0.000346127701317122	-23.2456880322449
OX371320.1	249715746	249715746	-	0.00534489589426441	0.0318259219249029	-15.1859255557406
OX371320.1	249715751	249715751	-	5.31982414509058e-05	0.00114720780484018	34.8213311511184
OX371320.1	264190965	264190965	+	0.00757743627094652	0.0404415358640276	-20.009828009828
OX371320.1	270495292	270495292	-	0.00540514759355086	0.0320849211837812	-14.803162055336
OX371320.1	270495494	270495494	-	0.00295913175710815	0.0213190137013063	-17.3951515928566
OX371320.1	270495499	270495499	-	3.21635939027203e-07	1.76987709415897e-05	-36.969696969697
OX371320.1	270946508	270946508	-	7.51963757604575e-05	0.00149065645648438	-18.971239857483
OX371320.1	282406341	282406341	+	0.00807370710642666	0.0423383840508356	-12.4230794422109
OX371320.1	282962367	282962367	-	0.000569451632427466	0.00663304298249685	14.2149125040311
OX371320.1	283050753	283050753	+	0.0082183283651511	0.0426495944576119	-32.6924854422775
OX371320.1	284653238	284653238	-	0.00113030472435075	0.0106835717909454	-12.1932006633499
OX371320.1	284653445	284653445	-	0.00166701680575842	0.0141250281326112	-20.4213741938612
OX371320.1	284987791	284987791	-	0.000671776325245078	0.00747448404273027	-12.0600414078675
OX371320.1	284987993	284987993	-	0.000913638832484372	0.00924722022498528	-12.8915662650602
OX371320.1	284987998	284987998	-	0.000159433018844809	0.00265946429444293	-14.7231456054985
OX371320.1	284988058	284988058	-	0.00530701765248716	0.0316791817162287	-12.7105910208542
OX371320.1	286163307	286163307	+	0.00118459271341915	0.0110871828514147	-17.5619241510714
OX371320.1	286163313	286163313	+	0.000688687156821098	0.00757932479551698	-28.9015949712103
OX371320.1	286163325	286163325	+	0.00902368068427406	0.0455213672249581	-13.4350918951328
OX371320.1	286163449	286163449	+	0.00474945762176463	0.0294336852277296	14.329597343296
OX371320.1	286163515	286163515	+	0.000347233490957395	0.00463692677559425	-12.1461791058082
OX371320.1	286594015	286594015	-	0.00161949953131433	0.013854651136447	-13.3717594271889
OX371320.1	286808081	286808081	+	3.70995653846115e-05	0.000862182875542775	-19.9932016933964
OX371320.1	287047367	287047367	-	0.000762964267830759	0.00815963029271902	-32.8442068176902
OX371320.1	287635688	287635688	-	0.000435718974899043	0.00549657912492219	-21.3382357812448
OX371320.1	288239125	288239125	-	0.000252102108802603	0.00372502558043548	-12.8880419997077
OX371320.1	289918779	289918779	+	5.36537198406058e-05	0.00115443002362116	29.2445923460899
OX371320.1	289918994	289918994	+	0.00217585824912578	0.0170206823975423	-21.1396585863556
OX371320.1	289919078	289919078	+	0.00095130918877848	0.00943891695559022	-22.1306365749535
OX371320.1	291043134	291043134	+	4.76944705925822e-07	2.49542619468893e-05	-18.0545545702378
OX371320.1	294723582	294723582	+	4.40064226871001e-08	3.25712449720471e-06	-21.6153846153846
OX371320.1	297971620	297971620	-	3.13835716579486e-07	1.74703540980392e-05	-26.5300137529326
OX371320.1	297971788	297971788	-	1.19379265656218e-05	0.000357196102571953	-17.9196293902176
OX371320.1	298211220	298211220	-	0.00177594827766956	0.01476065470987	-11.7698684584364
OX371320.1	298211304	298211304	-	6.68285472511643e-07	3.24805654350234e-05	26.1690055758288
OX371320.1	298211422	298211422	-	0.00011717139404534	0.00211108969333398	-18.9160127869805
OX371320.1	298211487	298211487	-	0.00456882943519338	0.0287246303395825	-15.2956191570148
OX371320.1	298434795	298434795	-	0.00181590776417292	0.01498868674301	-12.8171538885825
OX371320.1	301026168	301026168	-	0.00539892128860966	0.0320845032189395	28.7949075688873
OX371320.1	302253466	302253466	-	2.56083002886557e-05	0.000636865629067745	-11.4931212924397
OX371320.1	306845998	306845998	+	0.001637744320954	0.0139510719254522	-12.9133920774788
OX371320.1	314414947	314414947	+	0.000941071672051206	0.00936770019501926	-25.0973349326864
OX371320.1	314414956	314414956	+	0.00394724004320625	0.02587161163651	-12.9222931196518
OX371320.1	317501704	317501704	-	0.000260346422641573	0.00379992969894632	20.4151301911402
OX371320.1	317501731	317501731	-	0.00994106358107873	0.0487369553681626	-17.047578028344
OX371320.1	319343543	319343543	+	0.00729057768257108	0.0393936308678593	-11.6624640919247
OX371320.1	322256444	322256444	+	2.58618478376619e-05	0.000639847347562644	-14.4656691282405
OX371320.1	327793134	327793134	-	0.00209902028470698	0.0166059090620396	-10.2863911139236
OX371320.1	336242278	336242278	-	0.0101108301139034	0.0492341546385062	-22.7417389620272
OX371320.1	336242283	336242283	-	6.6036723113905e-11	9.72747099866259e-09	-57.0369677740411
OX371320.1	341341556	341341556	+	0.000178244698692798	0.00286831895655042	-17.2780604523113
OX371320.1	341341561	341341561	+	0.000431725809162763	0.00545339045109663	-11.617215357824
OX371320.1	348604324	348604324	-	0.00384317492456441	0.0255360639999547	-12.223951285521
OX371320.1	349147819	349147819	+	0.00157163486661732	0.0136098155409585	-20.4328466541973
OX371320.1	349148026	349148026	+	0.00580027563635212	0.0336379364570834	-11.0264227642276
OX371320.1	349148059	349148059	+	0.00409422674998822	0.0265951347295245	-15.5547656464367
OX371320.1	350500937	350500937	-	9.103091249374e-05	0.00173139335484555	-26.2986206669353
OX371320.1	351798940	351798940	+	0.00712603159348235	0.0387230561775159	-11.4640836414247
OX371320.1	352468127	352468127	-	1.18211839562642e-09	1.41481213299581e-07	-24.2005282405526
OX371320.1	356242460	356242460	-	6.09707851591485e-06	0.00019655908656648	-10.6008744803539
OX371320.1	356242578	356242578	-	0.00813975416386682	0.0424720287985222	-11.9854006904367
OX371320.1	356390510	356390510	+	0.00469798365733645	0.0292851918059033	-22.5757924585771
OX371320.1	356390777	356390777	+	8.6852000066117e-07	4.05652119806221e-05	-33.9550309434938
OX371320.1	366804702	366804702	-	0.00225839801878352	0.0174948329606986	-11.1124660880681
OX371320.1	373518272	373518272	+	0.00218237986128166	0.0170577617224387	-11.647844706427
OX371320.1	377594176	377594176	+	0.00507466328665177	0.0306099605165524	16.5809798067863
OX371320.1	377594245	377594245	+	0.000114695961318221	0.00208096988758995	27.6405325443787
OX371320.1	381974589	381974589	+	0.00184715224824379	0.0151811459076823	-13.8831056720662
OX371320.1	381974655	381974655	+	1.47606163393746e-05	0.000419374846048303	-13.3465422527316
OX371320.1	384014632	384014632	+	1.79674659636033e-05	0.000487348812612402	-28.1959902522062
OX371320.1	384014770	384014770	+	0.000890238265068247	0.00905209957325717	-25.7205563597208
OX371320.1	384014800	384014800	+	0.00698606179999689	0.038179137068625	-22.0583979268339
OX371320.1	384494264	384494264	+	0.00536952316566099	0.0319328463407568	-14.0592547927374
OX371320.1	384494531	384494531	+	0.000109429665950414	0.0019919439602117	-14.1625667736526
OX371320.1	399745551	399745551	+	6.61556572326514e-07	3.23175704218139e-05	-15.0331113746237
OX371320.1	399745689	399745689	+	0.000380453116591825	0.00494938364172306	-11.1834046227684
OX371320.1	399745758	399745758	+	0.00107340369682584	0.0103083448223287	-11.0992289436753
OX371320.1	402029576	402029576	-	0.000530323451273151	0.00628430505282118	-18.7483275881066
OX371320.1	402029639	402029639	-	7.28782185031776e-14	1.74447818680254e-11	34.4732128317864
OX371320.1	402029816	402029816	-	7.12085910470969e-05	0.00143537894018361	-17.7641848477148
OX371320.1	402029876	402029876	-	0.000480326328158435	0.00586608182317704	-20.3557585825028
OX371320.1	402530511	402530511	-	0.0070147034318184	0.0383137962495699	21.2053969499488
OX371320.1	402530538	402530538	-	0.000451227017378458	0.00561819155140558	-35.3668240133498
OX371320.1	406843457	406843457	+	0.000729512255907814	0.00791597094044938	-12.6136610227428
OX371320.1	406843634	406843634	+	0.00888124382746623	0.0450639939688303	20.3017480263643
OX371320.1	408489692	408489692	-	0.000254597763451829	0.00375032594520207	-13.5855921612864
OX371320.1	410147709	410147709	+	0.000904530102114765	0.0091744242030976	-11.9950208420346
OX371320.1	417051562	417051562	+	1.54578424796923e-09	1.8049401754549e-07	-25.1003376441358
OX371320.1	417051606	417051606	+	2.03898037240022e-20	1.50174944365077e-17	-39.5581049127414
OX371320.1	417051608	417051608	-	9.57364773356239e-21	7.63877968038009e-18	-56.909062166812
OX371320.1	417051609	417051609	+	1.96538908524233e-08	1.62225207183063e-06	-79.7315333880617
OX371320.1	417051611	417051611	-	3.93503816886086e-18	2.21629626577622e-15	-70.6064785039331
OX371320.1	417051636	417051636	+	2.17994798640213e-05	0.000570286161135554	-51.2452054794521
OX371320.1	417051638	417051638	-	1.39025858799781e-07	8.58799286948006e-06	-47.5305609705303
OX371320.1	417051646	417051646	+	8.35435548063076e-24	1.33318214047902e-20	-23.947234906139
OX371320.1	417051648	417051648	-	0.00238860080912489	0.0181943307021713	-13.2915712324931
OX371320.1	417051668	417051668	+	2.88344058036578e-21	2.50984041282765e-18	-33.7174348697395
OX371320.1	417051846	417051846	+	4.39688843140251e-08	3.25712449720471e-06	-67.0696962067808
OX371320.1	417051848	417051848	-	4.72736969811472e-09	4.71493946150321e-07	-54.3107570730885
OX371320.1	417051890	417051890	+	2.77020321893705e-16	9.82371268774281e-14	-38.0059230009872
OX371320.1	417051892	417051892	-	5.32918509410738e-29	1.70085517841397e-25	-28.2761667542637
OX371320.1	417051899	417051899	+	4.43833973270254e-08	3.25712449720471e-06	-75.7983550832994
OX371320.1	417051901	417051901	-	4.9644351555786e-50	2.37666315576168e-46	-78.3637259733859
OX371320.1	417051906	417051906	+	1.41644699886384e-12	2.8254451318814e-10	-88.661568833841
OX371320.1	417051908	417051908	-	1.03856176096834e-17	5.52443171595767e-15	-89.5709267756241
OX371320.1	417051921	417051921	-	2.22494926631629e-14	6.08667138381092e-12	-35.4885057471264
OX371320.1	417051935	417051935	+	0.000177445929856088	0.00286654875802018	-16.9961024638991
OX371320.1	417051940	417051940	+	3.77628627497541e-17	1.80785128097751e-14	-28.0788177339901
OX371320.1	417051942	417051942	-	1.15235560315656e-07	7.3069705571457e-06	-42.9899664634355
OX371320.1	417051947	417051947	-	0.000109169482877311	0.00199099301565918	-29.1949892650611
OX371320.1	417051958	417051958	+	5.03143056562843e-63	4.81747279251492e-59	-65.5223148602256
OX371320.1	417051960	417051960	-	6.02302608765199e-10	7.4894824236015e-08	-43.2756970389354
OX371320.1	419495166	419495166	+	0.00149738856268028	0.0131412763376497	-10.0037888013856
OX371320.1	423470344	423470344	+	0.00497655776809905	0.0302525479285821	13.8770840143838
OX371320.1	423470503	423470503	+	0.000362851436379462	0.00476572639142494	12.7274569962317
OX371320.1	425955438	425955438	+	0.00728238106348235	0.0393715602807065	-15.8660608027697
OX371320.1	430557086	430557086	+	3.03854596148547e-06	0.00011146873932575	-12.8389076411243
OX371320.1	444229021	444229021	+	0.000890578976077476	0.00905209957325717	14.9021663172607
OX371320.1	450801073	450801073	+	3.06236486432638e-05	0.000733035029611071	-68.7684113588997
OX371320.1	450801160	450801160	+	0.000372519633193174	0.0048726573497743	-17.4242424242424
OX371320.1	450969558	450969558	-	1.58684757636708e-08	1.38124371394485e-06	-28.567660108788
OX371320.1	451056275	451056275	+	0.00335795786912797	0.0233490432436513	-11.2651193172588
OX371320.1	451056455	451056455	+	0.0063967118767338	0.0358025460194688	11.4050866003042
OX371320.1	453883159	453883159	+	0.000303027415807002	0.00420494789153672	-14.4474611033126
OX371320.1	453883387	453883387	+	0.007221249142338	0.0391294340305794	-11.2913598507991
OX371320.1	460407780	460407780	-	0.00056658248250587	0.00660766128704582	-23.3595350669819
OX371320.1	462659371	462659371	+	0.00998655817666103	0.048909909748199	-13.7302622048385
OX371320.1	470192816	470192816	-	0.0031387388346372	0.0223108117559518	16.4012578211361
OX371320.1	470192975	470192975	-	0.000510909168809679	0.00612244234616332	-16.8730829391004
OX371320.1	478481304	478481304	+	0.00176213432062921	0.0146585655394848	-10.398653424878
OX371320.1	478481310	478481310	+	0.00262925776282116	0.0196859795468299	-12.9888678365133
OX371320.1	485402082	485402082	-	6.12103829200865e-07	3.1120076035092e-05	-33.4521865931585
OX371320.1	487199202	487199202	+	0.00696296921819054	0.0380964241552211	-18.7420432066122
OX371320.1	500917933	500917933	+	0.00349002140269766	0.0238686491893111	14.4569465208382
OX371320.1	503759792	503759792	+	1.57051446660112e-07	9.45741841945033e-06	-22.7374384970926
OX371320.1	503890075	503890075	+	0.00925986529325349	0.0462776227123216	-11.7452440033085
OX371320.1	506222069	506222069	-	0.000670066132626611	0.00747448404273027	48.5750802197205
OX371321.1	34102976	34102976	+	0.00647558271891434	0.0360338792831298	-14.8453579765999
OX371321.1	41375500	41375500	-	0.00302314796795396	0.0216660994826373	-15.6802985538796
OX371321.1	41375533	41375533	-	1.82011312771586e-05	0.000491468203353191	-25.2434151220103
OX371321.1	41375722	41375722	-	4.494036629419e-12	7.68380558272531e-10	-27.6103171319137
OX371321.1	41375740	41375740	-	0.0015736059167764	0.0136105647451778	-21.1874524605001
OX371321.1	54817321	54817321	+	0.000550727107686887	0.00647003502638047	-19.6820441328616
OX371321.1	54817326	54817326	+	0.00045679915665781	0.00567281606460317	-31.2843029637761
OX371321.1	68809549	68809549	+	0.00287982663329675	0.0209685489536323	-14.0453299480072
OX371321.1	69513708	69513708	-	0.00020744562328303	0.00320879087736179	-16.1662673566269
OX371321.1	69513773	69513773	-	0.00061466543017122	0.0070146275138119	-11.4674256799494
OX371321.1	88173905	88173905	-	0.00275620452717116	0.0203783707929494	26.9028090574687
OX371321.1	90022904	90022904	-	0.00186499461510046	0.0152587388113604	30.6962532863683
OX371321.1	90022925	90022925	-	1.54908236899879e-05	0.000434958596716824	-28.6409604263179
OX371321.1	106299957	106299957	+	0.00760800214022152	0.0405368815406043	-15.1452416380928
OX371321.1	137263920	137263920	+	0.00338031302985584	0.0234025146717602	26.3931623931624
OX371321.1	137264007	137264007	+	3.57062815877203e-06	0.000125230399316542	10.732901093313
OX371321.1	193018588	193018588	+	0.000445970012468079	0.00558907690502546	-20.3264859295512
OX371321.1	193018726	193018726	+	0.0101537858761627	0.0493002222314448	-14.2958579881657
OX371321.1	197863850	197863850	+	0.000601896315057381	0.00691838091526559	-31.8075148670631
OX371321.1	231835430	231835430	-	0.000845130284071328	0.00870277669268949	-23.7370126775331
OX371321.1	237765594	237765594	+	0.00688708666450405	0.0378542969092188	-16.6708074534162
OX371321.1	237765599	237765599	+	0.00477347552388202	0.0295297073993943	-12.8595395817839
OX371321.1	260991815	260991815	-	0.0032248960036421	0.0226829582051034	-20.9324624276232
OX371321.1	273989144	273989144	-	2.35879087545421e-06	9.03394032175322e-05	-21.1742636764334
OX371321.1	273989327	273989327	-	0.00284894056454895	0.0208018306953148	-24.3309175034144
OX371321.1	277395496	277395496	+	0.000229672396933693	0.0034875038356892	-25.4665745038017
OX371321.1	277395659	277395659	+	0.000264049088480346	0.00384225837431471	-23.7893106563607
OX371321.1	277395698	277395698	+	6.70972700787325e-05	0.00137883591054296	-14.6754247679103
OX371321.1	280654990	280654990	+	0.00112371492720479	0.0106438822440596	27.6108913094211
OX371321.1	280655095	280655095	+	0.00567074772800129	0.0332548973535493	-19.9274507490858
OX371321.1	282140035	282140035	-	0.000508517925504077	0.00610142338299335	-24.3848171152519
OX371321.1	288371903	288371903	+	0.00856005384208321	0.0439701933333579	-13.9489400342262
OX371321.1	288371963	288371963	+	4.5789195603465e-06	0.000152229322045876	-27.0282849559262
OX371321.1	288371981	288371981	+	0.001554714055914	0.0134959294514954	21.9259747167898
OX371321.1	288372101	288372101	+	1.21663575512701e-08	1.06871490030641e-06	-22.6332806701694
OX371321.1	288372131	288372131	+	0.000216274913608955	0.00332388421753396	-21.8714214588001
OX371321.1	288372170	288372170	+	2.0681901040586e-06	8.32034406174034e-05	41.1960932378495
OX371321.1	292960220	292960220	+	0.00158286830737009	0.0136659876622348	-25.6729880815545
OX371321.1	293425564	293425564	+	0.00808397581520614	0.0423383840508356	-18.9066754030208
OX371321.1	293425603	293425603	+	3.05958557171572e-06	0.000111812176074289	-43.7815567102294
OX371321.1	293887085	293887085	-	0.000750017498620418	0.00810523219736637	-21.1919099952574
OX371321.1	293887162	293887162	-	0.000516740919437343	0.0061614807385886	21.6941327406444
OX371321.1	296082066	296082066	-	0.00934290286105155	0.0465916822648024	-18.5043092076335
OX371321.1	300683986	300683986	+	0.00647685393134975	0.0360338792831298	17.018107340688
OX371321.1	327756543	327756543	-	0.0053487334444577	0.0318289782896391	-20.0314218381775
OX371321.1	355665765	355665765	-	0.000181567277903858	0.00291688367385847	-16.2208092541363
OX371321.1	355665924	355665924	-	6.95160759665232e-08	4.62221927081534e-06	17.380875791947
OX371321.1	355665942	355665942	-	3.94806510333357e-05	0.00090465891714468	-28.2828013237963
OX371321.1	355666002	355666002	-	6.43676255730628e-06	0.000206121876451241	-14.6165598257512
OX371321.1	366986777	366986777	+	3.82367386733378e-08	2.88273624633704e-06	-26.388096935139
OX371321.1	390108153	390108153	-	0.00365761452055513	0.024627828649709	-21.1805555555556
OX371321.1	390108276	390108276	-	0.00195722839115343	0.0157611331923332	-13.9502376292983
OX371321.1	395130370	395130370	+	0.00402002999414033	0.0262198996193242	-12.6286746910194
OX371321.1	395893206	395893206	+	0.00784139557461053	0.0414345815024913	-17.4041996957628
OX371321.1	395893212	395893212	+	2.88631852288747e-05	0.000699640509951044	-15.844061043395
OX371321.1	395893329	395893329	+	0.00676820168585557	0.0372864731679522	19.6160035929488
OX371321.1	395893413	395893413	+	1.34838316631155e-05	0.000390043563041256	-21.4234646457425
OX371321.1	441123945	441123945	-	0.000577797551772793	0.00669577420583459	-22.4672928547467
OX371321.1	441124068	441124068	-	0.000220863632387933	0.00337814015561613	-23.5451779361128
OX371322.1	6742228	6742228	+	0.00153781469543262	0.0133978188400408	-16.6878687861816
OX371322.1	9862666	9862666	+	0.00511205978375389	0.0307841088944801	-18.2291666666667
OX371322.1	12638964	12638964	-	2.07904686318452e-06	8.32902498059878e-05	-18.3655103230736
OX371322.1	17781245	17781245	-	0.00979443134684329	0.048215581356517	-11.2189230587958
OX371322.1	17781299	17781299	-	3.44408299671789e-10	4.39683463524834e-08	41.0089285714286
OX371322.1	17781395	17781395	-	0.00814708928083224	0.0424861083823642	-10.1620584989935
OX371322.1	18830166	18830166	-	0.004843693715345	0.02980539402034	-15.0516121623518
OX371322.1	19296395	19296395	-	0.0061111394439409	0.0347262596021246	-11.4966239769265
OX371322.1	26931023	26931023	-	0.0084814773109382	0.0436368023302105	-17.2221182569882
OX371322.1	27068989	27068989	-	0.000377880677035457	0.00492931318144094	-13.6602064602065
OX371322.1	34632666	34632666	-	1.67068816231332e-05	0.000463664757647477	-31.2491094679848
OX371322.1	34632675	34632675	-	0.0013931533523929	0.0125092606421339	-23.5981308411215
OX371322.1	37787333	37787333	+	0.000120146390771469	0.00215022909390477	-16.7936065222055
OX371322.1	37787338	37787338	+	0.00102903871661259	0.0100140042235457	-11.5264797507788
OX371322.1	41336428	41336428	-	6.69911651326703e-17	3.00705223835668e-14	-22.3756906077348
OX371322.1	46566657	46566657	+	7.49472154623063e-05	0.00148879962454285	-19.4359319520559
OX371322.1	46566662	46566662	+	0.000115676409577234	0.00208976146969068	-13.4247935303771
OX371322.1	46566825	46566825	+	0.00780340987124557	0.0412794241886465	-10.2286868611354
OX371322.1	46566897	46566897	+	9.53617307675101e-06	0.000298387403301821	-10.6927833397326
OX371322.1	48633735	48633735	-	0.00618388796771339	0.0349523188704251	-22.7224536296626
OX371322.1	48633975	48633975	-	0.000182151692619889	0.00292137068483979	-20.9793271436028
OX371322.1	49828693	49828693	+	0.000758794626721543	0.00815963029271902	-12.129700174786
OX371322.1	53381741	53381741	-	3.85933038072036e-05	0.000890413320485631	12.0101685693648
OX371322.1	53381943	53381943	-	0.00896122025086379	0.0453017484081259	-12.1986116051268
OX371322.1	57039472	57039472	-	2.3181986552847e-09	2.52229433372708e-07	-36.1947231512449
OX371322.1	59441818	59441818	-	7.99948527574191e-06	0.000252782614673502	16.3655782259162
OX371322.1	62341237	62341237	-	3.35176662590203e-07	1.82342914167767e-05	-20.4357993640848
OX371322.1	62341246	62341246	-	0.00593337404851576	0.0341394844646435	-13.9003581412726
OX371322.1	62341276	62341276	-	3.52050504136641e-05	0.000828205953693264	-21.7497610303366
OX371322.1	62341414	62341414	-	0.00262966113148857	0.0196859795468299	-17.1844553913519
OX371322.1	62341474	62341474	-	0.00165883707886297	0.0140806408579706	-14.3480467844945
OX371322.1	63602487	63602487	-	0.00666702898651044	0.036877635064348	-22.1609161033283
OX371322.1	63602553	63602553	-	0.0021499551906878	0.0168870383507608	-22.6005820921075
OX371322.1	65768262	65768262	+	0.00200051890854372	0.0160020748329368	-14.9844700771097
OX371322.1	65768433	65768433	+	0.00017549834081601	0.00284805774281522	-21.1383045271143
OX371322.1	68357317	68357317	+	0.000382324722089529	0.00496698307900425	-16.7896538607836
OX371322.1	69340397	69340397	+	0.00521558098349645	0.0312307214094496	-15.3978255718257
OX371322.1	69340436	69340436	+	0.000347229679295744	0.00463692677559425	-16.8867427289696
OX371322.1	70665117	70665117	+	0.00101144081517909	0.0099021478604974	-13.838948403457
OX371322.1	70665267	70665267	+	0.00988568199552009	0.0485649094808294	15.641935771482
OX371322.1	71078949	71078949	-	0.00408313157134385	0.0265590998271328	-12.1135386352778
OX371322.1	71078971	71078971	-	0.00166031903648899	0.0140807371769686	-16.6932263424976
OX371322.1	76979115	76979115	-	0.000625371107320688	0.00709103725547334	-15.2386563085152
OX371322.1	76979160	76979160	-	0.00301218573010693	0.0216037064711088	-18.7392382240252
OX371322.1	76979458	76979458	-	0.0071806274677432	0.0389768071344472	-16.3084662141464
OX371322.1	77891470	77891470	-	0.00449946479303262	0.0283990010639049	-12.1903750884643
OX371322.1	77891503	77891503	-	1.4372074753998e-05	0.000410773527254319	-14.5866985419224
OX371322.1	77891692	77891692	-	6.2559964515863e-09	5.98996494187386e-07	-23.8690084736134
OX371322.1	77891710	77891710	-	0.000635820833953721	0.00714534078253861	-17.7327935222672
OX371322.1	78774729	78774729	-	3.60614262439408e-08	2.78451140420803e-06	-21.5218473076014
OX371322.1	78774768	78774768	-	0.000299925433809211	0.00418567919887307	-17.2938275763658
OX371322.1	78774783	78774783	-	3.55768279009301e-06	0.000125230399316542	-10.9069796877018
OX371322.1	78774901	78774901	-	0.000166353334159971	0.00275093755872318	-17.9957106648469
OX371322.1	78774906	78774906	-	1.04240661425022e-12	2.12357247378981e-10	-22.7430013799607
OX371322.1	82577477	82577477	-	0.000184507129009908	0.00293456981938355	-10.9342158064483
OX371322.1	82577654	82577654	-	7.56575667315906e-06	0.000239868496763802	-21.7541183420448
OX371322.1	82577714	82577714	-	0.00138693732438468	0.0124925575294009	-14.2690978993704
OX371322.1	83684301	83684301	+	0.00845784467551406	0.0435620292530712	-12.2868599640712
OX371322.1	83684340	83684340	+	1.4153634387786e-06	5.99635478225476e-05	32.2057799534503
OX371322.1	87788961	87788961	-	0.000211311853115011	0.00325282920652786	-10.976069342378
OX371322.1	87789138	87789138	-	9.49173509272307e-07	4.36928185029492e-05	-33.2969110312651
OX371322.1	89016443	89016443	+	3.20830067403698e-08	2.55989176533698e-06	47.5817923186344
OX371322.1	93322019	93322019	+	0.000233170027291259	0.00352136669597254	-17.6049318410674
OX371322.1	93322049	93322049	+	0.00155237424588001	0.013489865489518	-10.5063503917615
OX371322.1	95911723	95911723	-	0.000803951801816334	0.00844350487688685	19.7290677237201
OX371322.1	97113573	97113573	+	2.25927611596341e-05	0.000584649219109429	-18.5030052286091
OX371322.1	97113578	97113578	+	0.0022126546906959	0.0172383189217266	-14.4863577584186
OX371322.1	97113696	97113696	+	0.00370276377584406	0.02481724204976	-11.9277108433735
OX371322.1	98061610	98061610	-	6.26466115764189e-07	3.15697957256242e-05	-10.7178475223955
OX371322.1	98061877	98061877	-	1.62409251867385e-05	0.00045336128708174	13.040532416314
OX371322.1	103219645	103219645	+	0.000312994509793128	0.00431200942994574	-15.3990998059215
OX371322.1	103219684	103219684	+	0.000627285704924042	0.00709103725547334	-11.5464543768783
OX371322.1	103293776	103293776	+	0.00347967967956762	0.0238319666474605	27.4874686716792
OX371322.1	103293965	103293965	+	0.00317432818380395	0.0224803423267883	38.6375062845651
OX371322.1	109166062	109166062	+	0.00361980503070612	0.0244592488641629	-17.4394319131161
OX371322.1	116442533	116442533	+	1.42665423202122e-05	0.000409818943353103	-13.6935618729097
OX371322.1	116442701	116442701	+	1.69210511947831e-08	1.44656217068778e-06	-10.5721473634794
OX371322.1	119498799	119498799	-	0.00389898986342912	0.025710663039029	-11.8519163979934
OX371322.1	119498976	119498976	-	0.00857440593716037	0.0440202993053336	-15.4413694336765
OX371322.1	123718888	123718888	-	2.20516098589862e-06	8.72466528446759e-05	-32.552790346908
OX371322.1	127944145	127944145	-	0.000722478305041813	0.0078519348745966	-26.6489693181978
OX371322.1	139167613	139167613	+	0.000639755054581887	0.00718112491850778	-12.8339549321931
OX371322.1	146293613	146293613	-	0.00585488153263289	0.0338725506403263	-10.2104519446825
OX371322.1	146293776	146293776	-	0.00062520940045932	0.00709103725547334	-11.847644069641
OX371322.1	146293781	146293781	-	0.00491274424277505	0.0300912613513712	-15.4777729638893
OX371322.1	153422697	153422697	+	2.84649783540758e-09	2.99500293559849e-07	-36.3705515045581
OX371322.1	153422802	153422802	+	0.00209143002433528	0.0165632220592813	-14.0699449473349
OX371322.1	153422817	153422817	+	0.000732574025075087	0.00793463653437887	-32.2780247679441
OX371322.1	153422847	153422847	+	0.00583267328819084	0.0337848957973528	-22.9546765600787
OX371322.1	154834964	154834964	+	0.000921877861459599	0.00925694916110666	-12.3579799932505
OX371322.1	155228921	155228921	-	0.00336533832795548	0.0233821812506377	-23.244618664466
OX371322.1	171892430	171892430	-	0.00160932810539027	0.0137949207421352	-21.5199666414029
OX371322.1	171892463	171892463	-	0.00692340818589178	0.0379766058604628	-24.4078512992947
OX371322.1	172856535	172856535	-	1.27735181652451e-05	0.000374016329730146	-15.7115345661217
OX371322.1	172856707	172856707	-	6.73954615590408e-05	0.00137883591054296	-13.8087408507478
OX371322.1	172856712	172856712	-	0.000345910181832879	0.00463217641123923	-15.5422556093704
OX371322.1	182672117	182672117	-	0.000106592595015707	0.00194770659665325	-33.3880181907017
OX371322.1	185250942	185250942	-	2.89730853681332e-07	1.63182510953885e-05	-24.3732116092111
OX371322.1	186359061	186359061	+	0.00885658071270975	0.0450104104428484	-13.8921290895962
OX371322.1	186359100	186359100	+	0.00527759656923403	0.0315428887222633	-12.4101908112142
OX371322.1	192591592	192591592	+	0.0085841214157264	0.0440374417087921	-18.6512059660006
OX371322.1	196588520	196588520	+	1.45344570019765e-06	6.13056838278404e-05	-41.3837460117737
OX371322.1	196588604	196588604	+	8.31516697385923e-08	5.45313068333206e-06	-42.7957759083587
OX371322.1	215795041	215795041	+	0.000241344887552166	0.00360261288147585	-29.3302752293578
OX371322.1	220447370	220447370	+	0.00399343405903078	0.026081966582533	-27.4724843024664
OX371322.1	242751874	242751874	+	0.00281492327842585	0.0206688711543591	-16.4539136395064
OX371322.1	255755513	255755513	-	0.000702769075723364	0.00769010689347479	-17.0677410376211
OX371322.1	255755663	255755663	-	0.00337252806011318	0.0233821812506377	-17.5042213883677
OX371322.1	255755681	255755681	-	3.03846062057367e-06	0.00011146873932575	-24.600301493564
OX371322.1	268727931	268727931	-	6.80361469923064e-11	9.87014566424156e-09	-17.7395955688223
OX371322.1	270801881	270801881	-	0.000257940989621727	0.00377633401296489	35.2072704545124
OX371322.1	299418317	299418317	-	0.000158011500264622	0.00264078685700556	14.5896495991042
OX371322.1	299418494	299418494	-	1.18576567528223e-05	0.000355906548040185	-21.9284335958678
OX371322.1	301510496	301510496	+	0.00319340862959971	0.0225624082444932	-54.5921494542401
OX371322.1	303637853	303637853	+	1.05133078437865e-06	4.7934463773127e-05	-20.3988518730822
OX371322.1	303637976	303637976	+	0.000154329174296394	0.00260518094324633	-13.4121845699298
OX371322.1	303638030	303638030	+	1.16861103368195e-05	0.000352970578796851	12.5259093680146
OX371322.1	312738089	312738089	+	0.000326013668416915	0.00445928834496483	-11.2093368299809
OX371322.1	312738222	312738222	+	8.40728286402306e-05	0.00162621606654226	-17.5845989405311
OX371322.1	312738291	312738291	+	7.15050065675985e-05	0.00143832584734813	-17.3062483239474
OX371322.1	318594578	318594578	-	9.07138576267404e-27	2.17140798884457e-23	-52.4980174464711
OX371322.1	318594675	318594675	-	0.000315461075922424	0.00433974615882884	-33.1505356300181
OX371322.1	340318565	340318565	+	0.00817294940553949	0.0425756307056435	-10.9948165869219
OX371322.1	343287976	343287976	-	0.00449204638411417	0.028370880703794	-11.5046888320546
OX371322.1	358904910	358904910	-	0.00191098655868808	0.0155456525318348	-10.7572182900798
OX371322.1	367881205	367881205	+	0.000512782686771344	0.00613146850335323	58.3232998885173
OX371322.1	373465313	373465313	+	0.00139165358086396	0.0125092606421339	-10.3110213866633
OX371322.1	373472893	373472893	-	0.00768236065819304	0.0407968612932534	-18.3655027433936
OX371322.1	373472965	373472965	-	1.25008600220217e-07	7.82305256204818e-06	-21.7145174703148
OX371322.1	373473010	373473010	-	0.00993431677132322	0.0487288292859645	-10.7868595517993
OX371322.1	376090506	376090506	+	2.61191181017506e-08	2.10154810014155e-06	-46.1532704684927
OX371322.1	376090511	376090511	+	0.000906231858264861	0.0091819580426607	-17.6140321073643
OX371322.1	376090713	376090713	+	0.000350495011449106	0.00466191489718136	-12.956571016434
OX371322.1	379634481	379634481	+	3.2660326462344e-06	0.000117561920384227	-49.0049640825325
OX371322.1	379634485	379634485	+	7.08579248224238e-05	0.00143383388020946	-51.3552608167712
OX371322.1	379634526	379634526	+	2.37803051064154e-05	0.00060510678081633	-38.0478958481362
OX371322.1	379634855	379634855	+	4.59230583770204e-05	0.00102019060579428	-55.3273238318186
OX371322.1	379634875	379634875	+	0.00337161905968451	0.0233821812506377	-26.2982309819586
OX371322.1	385240302	385240302	+	0.00289820065145586	0.0210125601687641	-20.1774560280166
OX371322.1	385240308	385240308	+	4.30998464965708e-11	6.6559771251134e-09	-37.1275086686981
OX371322.1	387559852	387559852	-	8.46292935734496e-07	3.99165009740591e-05	-38.2164894630599
OX371322.1	389076842	389076842	+	0.00197831558526843	0.0158908491084633	-23.7860753218478
OX371322.1	390919701	390919701	+	0.00112017706238431	0.0106297560101626	-17.9111029720227
OX371322.1	390919706	390919706	+	0.000467064445975133	0.00573337031085567	-19.0172450660998
OX371322.1	390919869	390919869	+	0.00932180519584145	0.0465106956324228	-13.0905288939208
OX371322.1	392371789	392371789	+	1.7381452867294e-07	1.04014498449248e-05	-47.8158169650338
OX371322.1	392371817	392371817	+	0.0064053591797072	0.0358025460194688	33.0800074222878
OX371322.1	392371858	392371858	+	0.00191854744378011	0.015593910587253	49.2762213593579
OX371322.1	393699749	393699749	-	0.00421962799474112	0.0271979923021773	-22.4999846370346
OX371322.1	407761899	407761899	+	0.00260063965876224	0.0195446643852696	-20.2608361039087
OX371322.1	407761908	407761908	+	4.72503563286741e-06	0.000156543497306304	-24.3407064174812
OX371322.1	407761924	407761924	+	0.00344540224731771	0.0237672127298541	-18.8904866061123
OX371322.1	408430166	408430166	-	1.26658046384305e-09	1.49718529524541e-07	-32.45261940948
OX371322.1	411651797	411651797	+	0.00157082515446204	0.0136098155409585	-14.2345399698341
OX371322.1	412118044	412118044	-	0.00385678016962831	0.0255836692292215	-10.9852955248636
OX371322.1	412118077	412118077	-	0.00877358419272852	0.0446834796361034	11.3451863937743
OX371322.1	412118146	412118146	-	0.00890947098395951	0.0451354628569623	-14.8243925635742
OX371322.1	412118284	412118284	-	0.00477730286116853	0.0295297073993943	-23.0650683212353
OX371322.1	414067404	414067404	+	0.000671903985810631	0.00747448404273027	-17.0912432054027
OX371322.1	414067576	414067576	+	0.00865753531329037	0.0443155575271323	11.1090586855046
OX371322.1	416561205	416561205	-	1.38480846987246e-21	1.47324504309829e-18	50.5329047538488
OX371322.1	417930047	417930047	+	0.00109910354944667	0.0104817231440305	-13.4416902535952
OX371322.1	418475589	418475589	+	0.00440025238820457	0.0279385609344875	-13.4539959437591
OX371322.1	421062789	421062789	+	0.00702010035080052	0.0383139508466945	-14.7271081519636
OX371322.1	421062843	421062843	+	3.44517728832854e-08	2.72617663977287e-06	-14.1728206808482
OX371322.1	439477763	439477763	-	0.00186511644036779	0.0152587388113604	-22.6699297386911
OX371322.1	439477826	439477826	-	0.00165149369181985	0.0140432075817655	-19.1017874445609
OX371322.1	439477835	439477835	-	0.00625552427936908	0.0352884933277442	-19.1160980521241
OX371322.1	439478063	439478063	-	0.00360888263018152	0.0244026668808973	-12.9960317460317
OX371322.1	441684659	441684659	-	1.36351242161447e-05	0.000393231954472673	-20.4945054945055
OX371322.1	441684797	441684797	-	5.7109415514179e-05	0.00122085226430274	-17.1556350626118
OX371322.1	456931393	456931393	-	0.00263524071797669	0.0197123367409314	-16.9975186104218
OX371322.1	456931410	456931410	-	1.93128911251131e-10	2.56260371359831e-08	-25.782744058847
OX371322.1	458195332	458195332	-	5.65124583506021e-07	2.89354592896852e-05	-25.3813456400291
OX371323.1	646020	646020	-	0.00255986622337746	0.0193297306902282	-18.3545045925347
OX371323.1	5818613	5818613	-	1.76204008373506e-08	1.49301828677264e-06	-16.4174384459002
OX371323.1	5818754	5818754	-	0.00398148225155841	0.0260216568947804	-13.4524375743163
OX371323.1	5818781	5818781	-	0.00175736320188244	0.0146443225679561	-11.1903976025441
OX371323.1	16816780	16816780	-	9.37691064530195e-07	4.33727759605348e-05	-27.7337187951713
OX371323.1	16816789	16816789	-	1.10033250966894e-05	0.000337673622846316	-25.187357445422
OX371323.1	32917893	32917893	-	0.00614403998866424	0.0348181293926831	-14.9636927484551
OX371323.1	32918128	32918128	-	0.00791697019348504	0.0417030702752295	-11.2885863206042
OX371323.1	41933442	41933442	-	0.00682311645456011	0.0375457965307906	-12.1494404329372
OX371323.1	80237664	80237664	+	4.57535880934246e-05	0.00101878956794328	-35.5820389192601
OX371323.1	80237833	80237833	+	1.17131701265734e-06	5.21708763691289e-05	43.1024277125773
OX371323.1	80237904	80237904	+	2.336886483083e-05	0.000598265282288356	-20.4309287586931
OX371323.1	94253125	94253125	-	0.000936558808681149	0.00935070234469483	-20.5557705620391
OX371323.1	94253155	94253155	-	0.00113031146100546	0.0106835717909454	-12.2725922725923
OX371323.1	94253305	94253305	-	0.00083793758574215	0.00867904259914825	-13.3989912555585
OX371323.1	94253314	94253314	-	0.00193304051811061	0.015698383668385	-13.625304136253
OX371323.1	94253327	94253327	-	0.00262631640030485	0.0196859795468299	-21.4483742619509
OX371323.1	99042704	99042704	-	0.00147027816795918	0.0129866762242972	-21.2397006551833
OX371323.1	99042716	99042716	-	3.51121187923485e-08	2.75565594596672e-06	42.2667742910128
OX371323.1	99042821	99042821	-	0.000763573248140203	0.00815963029271902	-19.776502056308
OX371323.1	113803543	113803543	-	0.000442794309265103	0.00555655067776985	-14.5282553338082
OX371323.1	123424531	123424531	-	0.00585994395983247	0.0338813664389619	-19.4545383037629
OX371323.1	123424558	123424558	-	0.00617559376768801	0.0349260562386132	20.0896346996383
OX371323.1	130742975	130742975	-	0.000133576655380973	0.00233387608221411	28.3043284248104
OX371323.1	130743124	130743124	-	6.07905298003892e-05	0.00128205855889999	-26.9614666440333
OX371323.1	132116283	132116283	-	0.00386861148417522	0.025598491441444	-13.1383660810268
OX371323.1	139055514	139055514	-	0.00389886303880682	0.025710663039029	-17.1580152458604
OX371323.1	142459277	142459277	-	1.21078669364775e-07	7.62696649186204e-06	-15.136833953191
OX371323.1	152954128	152954128	+	0.0100732162194907	0.049174082911091	-13.5972535654355
OX371323.1	156047617	156047617	+	7.19406667308801e-05	0.00144405543770765	-12.3630182057469
OX371323.1	156047944	156047944	+	1.89231906320968e-08	1.57552141619282e-06	-12.0747862463763
OX371323.1	156047968	156047968	+	3.55101723184342e-05	0.000833336498584279	-15.7837220224451
OX371323.1	190090462	190090462	-	0.000135453412203609	0.00235806106301585	-15.4331540644181
OX371323.1	199853133	199853133	-	0.00134082707865652	0.0121803550561171	12.5470219435737
OX371323.1	240490469	240490469	+	0.00937196364159559	0.0466879707997357	-17.4688910159989
OX371323.1	240490474	240490474	+	0.00210781499234632	0.0166242319326716	-13.2317401677826
OX371323.1	329056199	329056199	-	0.000363519701050506	0.00476796302954859	-17.8751307582039
OX371323.1	329056380	329056380	+	7.62715549787005e-08	5.03642516446293e-06	-32.7759395818805
OX371323.1	343976031	343976031	+	0.0012101771602388	0.0112935213771981	-15.7376472656937
OX371323.1	343976036	343976036	+	1.96465175739292e-05	0.000525448723402887	-14.4286180276177
OX371323.1	367038178	367038178	+	0.000948854160770276	0.00942432423664349	-17.6442433880406
OX371323.1	421230231	421230231	+	0.000534304992384615	0.00631585280691321	-37.463401176502
OX371323.1	421230493	421230493	+	0.0078368675299496	0.0414335211223598	-35.5506515342581
OX371323.1	421868929	421868929	+	0.00348966654468831	0.0238686491893111	-12.8992643735174
OX371323.1	421869025	421869025	+	0.00163542796111168	0.0139437455567764	-11.9270234409553
OX371323.1	421869052	421869052	+	4.65184704712085e-08	3.37426573906712e-06	-17.3250471220587
OX371323.1	424533921	424533921	+	0.00541260851190827	0.0321093025737322	-11.9964165325397
OX371323.1	424534084	424534084	+	0.00225510552368567	0.0174834726291839	-13.8331800823413
OX371323.1	424534156	424534156	+	0.00689175906560542	0.0378582457393583	-13.0572317254169
OX371323.1	426952292	426952292	+	9.62943803757329e-06	0.000300324217591346	-29.9895302437675
OX371323.1	426952451	426952451	+	0.000850557797015056	0.00873807372380858	24.3809780825023
OX371323.1	426952481	426952481	+	8.56382465597478e-05	0.00164651696791675	-24.0935766700748
OX371323.1	439970928	439970928	-	1.65508275912966e-05	0.000460669075188445	30.9986336363096
OX371323.1	439970958	439970958	-	0.00959544890122288	0.0474066548296071	-11.7213804713805
OX371323.1	439970997	439970997	-	8.25352041532246e-05	0.00159970560978297	-21.4040844924412
OX371323.1	439971117	439971117	-	9.64267848725819e-05	0.00178926955225717	-16.40625
OX371323.1	456299746	456299746	-	0.00916910166582696	0.0459884366881971	-13.218489132217
OX371323.1	471839665	471839665	+	4.83569433482334e-09	4.7732578315874e-07	73.2740431711845
OX371323.1	487766835	487766835	+	2.48988766718439e-05	0.000625309052709794	-14.1787255115916
OX371323.1	491968713	491968713	-	1.05462408325341e-08	9.53061260628814e-07	-14.8234553701252
OX371323.1	498849812	498849812	+	0.0006269015491388	0.00709103725547334	11.6151731208351
OX371323.1	510389712	510389712	+	2.06174987766127e-05	0.000545324730951784	-22.4064324524991
OX371323.1	515515129	515515129	-	0.00178290942089361	0.0147800220645807	-12.2558234444159
OX371323.1	515515252	515515252	-	0.0030955405317893	0.0220528647007547	-14.6840633581838
OX371324.1	4744369	4744369	-	0.00945342925314041	0.0469716104610247	-13.9359975916807
OX371324.1	5447916	5447916	+	0.00965338139196633	0.0476191584824354	-16.0820905500521
OX371324.1	14510615	14510615	-	0.00930453686296136	0.0464487407807899	-18.1975072697767
OX371324.1	14510765	14510765	-	5.89273550846669e-06	0.00019125936932755	-19.6314148819489
OX371324.1	20522642	20522642	+	0.0102305397075415	0.0496225620916269	-13.0881167536379
OX371324.1	20522762	20522762	+	0.00174802202655245	0.014604613561365	-18.5052495397323
OX371324.1	20522801	20522801	+	0.00102977894201243	0.0100140042235457	24.4926350245499
OX371324.1	20522831	20522831	+	0.000164883671234778	0.00273135152296525	26.536092770349
OX371324.1	29923413	29923413	+	0.0013199577507168	0.0121056278480418	-25.7011714119888
OX371324.1	29923596	29923596	+	0.00174188882011769	0.0145660813768989	-34.0817393903168
OX371324.1	29923680	29923680	+	3.07753791813983e-17	1.55087786823109e-14	-55.3065990896164
OX371324.1	48075202	48075202	+	0.00441226661560741	0.0279777372212248	18.6002522068096
OX371324.1	48075376	48075376	+	2.46452563416349e-16	9.0758598024445e-14	-31.9880390753825
OX371324.1	48075391	48075391	+	0.000507901086465595	0.00610142338299335	20.427786978778
OX371324.1	50617115	50617115	+	0.00173374998973979	0.0145488482460392	-24.2362659482225
OX371324.1	50617133	50617133	+	4.43790963944842e-05	0.000999809622137327	22.4216344176622
OX371324.1	50617283	50617283	+	0.00601239197891791	0.0343479687640623	-18.3514112964482
OX371324.1	61177068	61177068	+	0.000125568828529402	0.00222650666352925	62.9985736447022
OX371324.1	63900649	63900649	+	0.000628905280250882	0.00709732505739472	-39.2584743424175
OX371324.1	64936412	64936412	-	3.15617167404394e-05	0.000753605452529768	-31.1119521122566
OX371324.1	70482962	70482962	-	7.92984081467417e-17	3.30114362673275e-14	-52.0766773162939
OX371324.1	70482994	70482994	-	1.28418182751828e-06	5.58896803712765e-05	-49.5862619284457
OX371324.1	70483134	70483134	-	0.000186929212863146	0.0029681623499035	-31.1410074246033
OX371324.1	85498124	85498124	-	1.2143899500665e-06	5.30935587868635e-05	-55.7051514548794
OX371324.1	85498164	85498164	-	7.75114521196817e-05	0.00152706453372612	-44.1744108222724
OX371324.1	100893675	100893675	-	0.00916403780663851	0.0459871280993926	-22.3688027470637
OX371324.1	100893873	100893873	-	2.91096992052973e-05	0.000702061241798351	36.9955947136564
OX371324.1	101444918	101444918	-	0.006147872141586	0.0348181293926831	-15.7122628150666
OX371324.1	104408585	104408585	+	0.00132331187054641	0.0121131838982832	-19.121460243749
OX371324.1	104976428	104976428	-	0.00390658342888524	0.0257253021190151	19.2438349731828
OX371324.1	104976605	104976605	-	0.00530245368734654	0.031671683476622	-23.8096420545547
OX371324.1	110391363	110391363	+	0.00115720792398078	0.0108627307224134	-31.6749011857708
OX371324.1	111011628	111011628	+	9.90743572961750e-12	1.63553957428425e-09	-69.2338423183217
OX371324.1	111011676	111011676	+	4.04354560390362e-23	5.53085270055678e-20	-92.0773905211433
OX371324.1	111427505	111427505	-	0.00837438489598813	0.0432484925702116	-11.0929142455212
OX371324.1	114140200	114140200	-	0.00322899789252467	0.0226829582051034	-18.197106697248
OX371324.1	117878063	117878063	+	3.63664642748584e-05	0.000848913885015246	-21.1706152236323
OX371324.1	117878068	117878068	+	0.00480090638550354	0.0295991724308455	-14.0546996241797
OX371324.1	117878270	117878270	+	4.58129960121338e-10	5.77168856099119e-08	-19.1150478389078
OX371324.1	117878303	117878303	+	0.000126620015757264	0.0022409537063113	-14.7631833965921
OX371324.1	128971037	128971037	+	0.00414244691893263	0.0268173935221257	-18.7977297896871
OX371324.1	128971205	128971205	+	0.00921687019162926	0.0461608291062743	-12.9129129129129
OX371324.1	137216556	137216556	+	0.00133566599899448	0.0121496858513165	17.6184077930803
OX371324.1	142375339	142375339	+	0.00549880695553503	0.0324797924461059	-25.7152326165826
OX371324.1	147156813	147156813	+	0.00241154745496191	0.0183399382555167	-16.2241202511842
OX371324.1	147157011	147157011	+	0.00307414867267573	0.0219331060303332	-19.8016383579396
OX371324.1	147157041	147157041	+	0.000857034749982016	0.00877636359901372	-20.3874157791784
OX371324.1	147157113	147157113	+	1.69446733970734e-06	7.02342597304619e-05	-19.6190068493151
OX371324.1	164390337	164390337	+	0.00153249608366805	0.0133704137427552	20.7129094412331
OX371324.1	164390517	164390517	+	0.000296830351269424	0.00416116933313573	-22.1401151631478
OX371324.1	171513706	171513706	+	0.00496716499155204	0.0302348382917361	-14.4179549264295
OX371324.1	171513829	171513829	+	0.00110244292969313	0.0105031082516614	-10.6933620453924
OX371324.1	177997303	177997303	-	3.60626075444385e-05	0.000844231600947887	-23.742788318563
OX371324.1	177997315	177997315	-	0.0061292383980657	0.0347665709629762	-17.6340281761968
OX371324.1	183368997	183368997	-	9.55154802284134e-05	0.00177580110275558	-16.1803210260691
OX371324.1	183369003	183369003	-	3.16306841750254e-13	7.04316588212141e-11	-31.1796536796537
OX371324.1	185426257	185426257	+	6.68450454082967e-08	4.50721904876725e-06	-41.3565969979307
OX371324.1	190597366	190597366	-	0.00170070254947149	0.014321736692755	-15.5784974020951
OX371324.1	196926514	196926514	-	1.59246121063621e-05	0.000445831287737988	-12.9533971021975
OX371324.1	198761010	198761010	+	0.0018598283500258	0.0152460664246732	-25.8277676108843
OX371324.1	203960453	203960453	-	0.00705500545710264	0.0384386178875922	31.3022201002626
OX371324.1	203960492	203960492	-	0.00107820763619289	0.0103209050672667	-31.2865748709122
OX371324.1	205409107	205409107	-	0.000899633672285926	0.00913443724191547	43.2914219538423
OX371324.1	206543535	206543535	-	0.000888577167704383	0.00905209957325717	-12.1647467302232
OX371324.1	208208673	208208673	+	8.04395776587988e-05	0.00157181521546801	31.7279033271769
OX371324.1	208208712	208208712	+	0.00946086924333585	0.0469840259536225	-21.5231200265508
OX371324.1	210349384	210349384	+	0.00394093956572575	0.02587161163651	-24.3505451248676
OX371324.1	214937645	214937645	+	0.00498587251463913	0.0302525479285821	-11.4752137953096
OX371324.1	215177079	215177079	+	0.00720966593604499	0.0391109368497611	-16.0967309566913
OX371324.1	215873597	215873597	+	0.00312970594163007	0.0222631320018693	-23.0917991070882
OX371324.1	215873603	215873603	+	0.00434525937239139	0.0277180580242746	-23.3795037033937
OX371324.1	215873693	215873693	+	0.000275717913588365	0.00396982282992824	-15.0494769578739
OX371324.1	215999000	215999000	+	1.71709970304301e-05	0.000474276079343575	-27.0699013572481
OX371324.1	215999177	215999177	+	0.000260156929476295	0.00379992969894632	-30.8162765722228
OX371324.1	232353231	232353231	+	0.0048699389375526	0.0298983378029188	-23.51978071796
OX371324.1	234475843	234475843	+	0.00141482189920597	0.0126178533685759	25.6151342802397
OX371324.1	234548655	234548655	-	1.30012393323876e-06	5.6204951624239e-05	20.7336109744383
OX371324.1	240026734	240026734	-	0.000276830136816912	0.00397985202655517	-22.6285116557083
OX371324.1	240026742	240026742	-	0.000621978666429409	0.00707279685077742	-25.5067525780847
OX371324.1	247457456	247457456	+	0.000356183845498847	0.00470396410076214	-15.6821956589598
OX371324.1	247457461	247457461	+	1.77784611806656e-05	0.000484969959757521	-11.2701977056383
OX371324.1	247457467	247457467	-	0.000711294860383277	0.00775680621076563	-10.2942993402357
OX371324.1	247457594	247457594	+	2.77257963530717e-06	0.000104927975761062	-14.4773771850512
OX371324.1	249286134	249286134	-	0.000524566489368795	0.00622378806452595	-20.5933913273575
OX371324.1	249286173	249286173	-	0.00202214754289193	0.0161077974256274	-15.1012373453318
OX371324.1	249286188	249286188	-	5.71233067866317e-05	0.00122085226430274	15.2964940740631
OX371324.1	263738091	263738091	-	0.0101301399573279	0.0492603526154951	-17.1357098186366
OX371324.1	264017741	264017741	-	0.0018996339925574	0.0154796042224728	-37.6661615068197
OX371324.1	264017844	264017844	+	0.00104122471651762	0.0100701760025688	16.2873956154226
OX371324.1	264189224	264189224	-	4.12378679874085e-06	0.000138541259270362	-32.1227159936837
OX371324.1	264189293	264189293	-	4.04806937326751e-05	0.000920648049854761	-39.1873396065013
OX371324.1	264189431	264189431	-	1.76455731896821e-21	1.68952085576494e-18	-46.00241050494
OX371324.1	266835834	266835834	-	0.00121228174283622	0.0113021458628761	-22.3089081624382
OX371324.1	266835846	266835846	-	0.000367780005811465	0.0048172426769569	-12.4644945697577
OX371324.1	269022906	269022906	-	0.000305698839026063	0.00423587883482649	-24.6173813270802
OX371324.1	269023173	269023173	-	0.00600223795176075	0.0343294636913006	-20.9825928748801
OX371324.1	276746875	276746875	-	7.91690677386414e-05	0.00155651874968424	-10.3850816942975
OX371324.1	276746880	276746880	-	0.000459129828766156	0.0056810898560231	-13.6843246995531
OX371324.1	277787647	277787647	+	0.00808501736380566	0.0423383840508356	19.6362506707334
OX371324.1	278493195	278493195	-	0.00921793628223669	0.0461608291062743	-23.6114677935237
OX371324.1	283508046	283508046	-	0.00183822701843171	0.0151467969627292	-17.2407987925229
OX371324.1	283508085	283508085	-	6.66131793412745e-05	0.00137457983522234	-20.846253966937
OX371324.1	283508100	283508100	-	2.4014154418804e-09	2.58347985333547e-07	50.4280245911147
OX371324.1	283508223	283508223	-	0.000294799055649414	0.00415020492622249	-21.9362041467305
OX371324.1	286732913	286732913	+	0.00216865986998933	0.0169869236779108	-10.4485332151038
OX371324.1	287711291	287711291	+	0.00346476550393598	0.0238026808819081	-17.2329437347105
OX371324.1	287711313	287711313	+	1.23930891356969e-05	0.00036965988812789	-20.7198826229262
OX371324.1	289162820	289162820	+	0.00533809676771445	0.0318052162207847	-16.367166432963
OX371324.1	291326376	291326376	+	3.00571092230558e-10	3.88904775998415e-08	33.9426898059227
OX371324.1	291326604	291326604	+	0.000616623428591999	0.00702859505273913	17.5797714277907
OX371324.1	297952681	297952681	-	0.000255782381652325	0.00375621824612104	-18.3521973524514
OX371324.1	297952708	297952708	-	0.000127438417548071	0.00225127666764014	-17.6318468246641
OX371324.1	300612948	300612948	-	4.0002846421557e-06	0.000136305180365363	-33.2156473691066
OX371324.1	300613128	300613128	-	0.00767655510802527	0.0407968612932534	-25.5233916462476
OX371324.1	300976961	300976961	-	0.00628787036307321	0.0354354528512165	-23.9677343932663
OX371324.1	306477446	306477446	+	0.00235773105289425	0.0180454612177989	-15.9535099603593
OX371324.1	306484240	306484240	-	0.00100029641162664	0.00983326041604246	-10.3365037057526
OX371324.1	306484403	306484403	-	0.00112388902419734	0.0106438822440596	-11.1393375452695
OX371324.1	306484408	306484408	-	1.11494349814638e-06	5.03552533274469e-05	-16.2294604735412
OX371324.1	306687447	306687447	-	0.000613725372559563	0.00701225735125218	-13.9385807990459
OX371324.1	318163041	318163041	-	0.00356718407019037	0.0241548251062072	-14.7154636046335
OX371324.1	318163209	318163209	-	2.28283241726045e-05	0.000585993752851194	-18.7761142061281
OX371324.1	335914720	335914720	+	1.33760691935757e-16	5.17710160356431e-14	51.9866626357144
OX371324.1	335914843	335914843	+	1.95378389074122e-10	2.56260371359831e-08	-31.0815504683752
OX371324.1	335914888	335914888	+	2.81684967087614e-14	7.09754019105041e-12	-51.2868575111445
OX371324.1	337763763	337763763	-	0.00500274853703509	0.030278194977615	-11.1038617527773
OX371324.1	337763829	337763829	-	0.000849446320398788	0.00873602856223169	-18.9488536155203
OX371324.1	337763839	337763839	+	3.08904532042427e-06	0.000112459544044072	-38.9243040364321
OX371324.1	337763946	337763946	-	7.28020657567302e-05	0.00145524453159719	-17.6584228824273
OX371324.1	337763989	337763989	+	0.00350646826338536	0.023957910920724	-29.8116451052168
OX371324.1	343019254	343019254	+	0.000547127828730214	0.0064435625129673	-11.3506736768036
OX371324.1	345030174	345030174	-	3.29714778312925e-07	1.8039651837091e-05	-16.818968893653
OX371324.1	345589937	345589937	+	0.010099954571018	0.0492135453148407	-25.5140860041057
OX371324.1	353678156	353678156	-	0.000802383912139711	0.00844245213343485	-12.0337345271295
OX371324.1	353678228	353678228	-	0.0081112316640451	0.0424126521754547	-12.0747713319133
OX371324.1	356117636	356117636	+	0.00619492799905653	0.0349940612331795	-11.2513467754348
OX371324.1	357577443	357577443	-	8.50875415813387e-05	0.00164252536967442	-10.7158433402146
OX371324.1	358981176	358981176	-	0.00802613258835794	0.0421548402657241	-10.394126599983
OX371324.1	368929867	368929867	+	0.00057833373058399	0.00669577420583459	-19.4780076947073
OX371324.1	370651239	370651239	-	0.000250018163523028	0.00370680262557713	-22.6034422198806
OX371324.1	372042911	372042911	-	0.00298171085947305	0.0214333022826264	-21.5333436951222
OX371324.1	378244871	378244871	-	0.00663189010645792	0.0367257027405436	-23.5399032274032
OX371324.1	378245102	378245102	-	0.00948385999579242	0.0470495649441129	-17.0016556291391
OX371324.1	385759148	385759148	+	0.00159165238974823	0.0136801488121315	-14.3625892941436
OX371324.1	389320168	389320168	+	0.00636921811656481	0.0357503779103782	-13.5356200527704
OX371324.1	389320174	389320174	+	0.00644847086375184	0.0359444309464008	-17.3281668276107
OX371324.1	393949863	393949863	-	0.00229008522887753	0.0176479630489598	-12.4643677491101
OX371324.1	395247186	395247186	-	2.8429740464083e-05	0.000692714102385678	-16.4499061273255
OX371324.1	395247208	395247208	-	0.0100867200107404	0.049174082911091	-12.8948305618716
OX371324.1	395247213	395247213	-	3.30794814903085e-05	0.000782044483954233	-18.2828282828283
OX371324.1	400675820	400675820	+	0.00818018011412395	0.042590125893839	-10.2374680114406
OX371324.1	400675850	400675850	+	0.000751160788189363	0.00810600009094907	-11.8183443590202
OX371324.1	405331909	405331909	-	0.00091978177710109	0.00925694916110666	23.4822860962567
OX371324.1	409836738	409836738	+	2.0373672334095e-06	8.31410055342232e-05	-34.4212727955772
OX371324.1	409836856	409836856	+	1.47043130059171e-07	9.00021279084612e-06	33.9245272144131
OX371324.1	409836973	409836973	+	0.00180477773112551	0.0149101034431929	-26.4145081517982
OX371324.1	411836958	411836958	+	0.00371106962043856	0.0248445764491054	-17.8506577201562
OX371324.1	411836973	411836973	+	0.000856864764694898	0.00877636359901372	-28.0720381197447
OX371324.1	411837012	411837012	+	0.00107900653260315	0.0103209050672667	-22.0773918875572
OX371324.1	411837042	411837042	+	0.000856220198109618	0.00877636359901372	-15.2915519010768
OX371324.1	412940897	412940897	-	0.00149398849432084	0.0131234657377002	-13.1525865637855
OX371324.1	412948018	412948018	-	2.3870461661334e-05	0.00060510678081633	-13.1842027704097
OX371324.1	412948023	412948023	-	2.89413290816888e-07	1.63182510953885e-05	-18.8026476682178
OX371324.1	414145019	414145019	-	0.00643708215947683	0.0359169587250728	-17.4022600841232
OX371324.1	414145254	414145254	+	0.00101112450054613	0.0099021478604974	-15.4590714853696
OX371324.1	414592602	414592602	-	2.92423143687679e-06	0.000109370340248065	-35.5456472151876
OX371324.1	415349607	415349607	-	3.04529307620347e-07	1.70514286267727e-05	-46.5084586466165
OX371324.1	415372765	415372765	-	0.0021216258980264	0.0167193857119768	-15.0593454803875
OX371324.1	415372780	415372780	-	5.67342623760683e-05	0.00121797490692888	-11.6221678948162
OX371324.1	415372898	415372898	-	0.000842213114988082	0.00868964052061912	-14.00463521933
OX371324.1	415372903	415372903	-	0.000295651477640087	0.00415072027172778	-14.7849223336227
OX371324.1	420106575	420106575	-	0.00213332315301866	0.0167839375685328	-15.3781844885048
OX371324.1	420106580	420106580	-	3.44285811860783e-12	6.33933304873056e-10	-30.4026679404844
OX371324.1	423621566	423621566	-	0.00595715718348533	0.0341923123905268	11.9222734023006
OX371324.1	426975738	426975738	+	0.000862000760546083	0.00880837600037077	-21.4722787709312
OX371324.1	426975945	426975945	+	0.00725564249159169	0.0392713498662274	-16.5603377803248
OX371324.1	429219519	429219519	-	5.5963049497035e-08	3.88284516039299e-06	-14.9092095521339
OX371324.1	429219603	429219603	-	2.19915543373663e-06	8.72466528446759e-05	49.5041561447811
OX371324.1	429635597	429635597	-	0.00390482454947537	0.0257253021190151	-14.0146074008133
OX371324.1	432307086	432307086	-	1.54698076923273e-06	6.46810735360802e-05	15.6428762363005
OX371324.1	435969075	435969075	+	0.00105029193205027	0.0101169925886876	-20.4228030310233
OX371324.1	439961885	439961885	+	0.00158075171754656	0.0136600311218147	-23.4471701138368
OX371324.1	443288950	443288950	+	0.00474096540837751	0.0294218561115891	12.1733712870021
OX371324.1	452032028	452032028	+	0.00190415508757146	0.0155032511480801	-13.3733832384507
OX371324.1	452032191	452032191	+	0.00395233722928895	0.02587161163651	-11.367995300712
OX371324.1	455166092	455166092	+	0.00441098951565614	0.0279777372212248	-15.7061935680263
OX371324.1	460265161	460265161	-	1.52016936447666e-05	0.000429358499674262	-34.0274700930439
OX371325.1	8397592	8397592	-	0.00960825261567216	0.0474209739802576	-14.6139726646335
OX371325.1	24122736	24122736	-	0.000159731944829041	0.0026598167805954	-13.5656936320494
OX371325.1	24122805	24122805	-	1.21208341276445e-06	5.30935587868635e-05	-21.6134517286983
OX371325.1	24122820	24122820	-	0.000463550843515329	0.00570486754588332	-11.61469673113
OX371325.1	24122938	24122938	-	0.000340970185823961	0.00458856486743103	-16.1065561022379
OX371325.1	24769879	24769879	+	0.00342572308049947	0.0236655613401587	-13.4050912716372
OX371325.1	52632692	52632692	+	0.0103136058509878	0.0499243052351483	-12.9297740048833
OX371325.1	52632959	52632959	+	0.00037910684634315	0.00493857979461992	-17.0697104533437
OX371325.1	76707524	76707524	-	0.00812024858037843	0.0424164820578359	-21.101595516914
OX371325.1	79097484	79097484	+	0.00236626406902295	0.0180684677629844	-19.8458955825952
OX371325.1	201423315	201423315	-	0.00801978702452182	0.0421446303891344	-20.24987988723
OX371325.1	201423424	201423424	-	0.0100553389803571	0.049174082911091	-27.6439206232282
OX371325.1	213802535	213802535	+	0.000424089413324034	0.00537821632188462	-18.5138539042821
OX371325.1	213802737	213802737	+	0.00546325930037617	0.0322897428238302	17.8624828392394
OX371325.1	217911561	217911561	+	8.64638371307583e-09	7.96029114996922e-07	25.2117126606278
OX371325.1	217911828	217911828	+	0.00271632041583481	0.0201926315836175	-18.0134380888051
OX371325.1	221568470	221568470	-	0.00367303469839515	0.0246969219132581	-21.7449294532628
OX371325.1	248571698	248571698	+	0.00425096691125706	0.0273167635153378	12.03125
OX371325.1	257276535	257276535	-	0.00173941364063806	0.0145589684767698	-22.7529137529137
OX371325.1	348545692	348545692	+	0.000923922076266966	0.00925694916110666	-16.7187255135578
OX371325.1	348545709	348545709	+	0.0100305594728339	0.0491002941214741	-15.2606639603326
OX371325.1	356415871	356415871	+	9.39702188510866e-05	0.00175388316732951	-20.1733750120847
OX371325.1	356416009	356416009	+	0.000957285528856903	0.00946877775783652	-15.9776654662107
OX371325.1	357507430	357507430	-	0.00738407566831222	0.0397641926013159	-16.1436928878789
OX371325.1	357507460	357507460	-	0.00284155343947942	0.0207847099477278	-18.8431274884186
OX371325.1	357507593	357507593	-	0.000386316052552755	0.00498501691484671	-24.3940707127968
OX371325.1	357507598	357507598	-	6.41284811815895e-07	3.16502402585182e-05	-26.042148432224
OX371326.1	2696386	2696386	+	0.0028504117891563	0.0208018306953148	-11.9467976263556
OX371326.1	7526055	7526055	+	0.000797702932341631	0.00841168743903313	-13.894665696163
OX371326.1	14037836	14037836	+	0.0035198295474812	0.0240025502499162	-12.7292340884574
OX371326.1	14037999	14037999	+	0.000328397629054476	0.00448548885399454	-18.3766447258063
OX371326.1	14038008	14038008	+	0.00203227778147357	0.016161600568279	-13.1533903884134
OX371326.1	16973802	16973802	+	0.00815132712038691	0.0424861083823642	-19.843992811359
OX371326.1	16973820	16973820	+	0.000495466937396103	0.00599744097644848	-26.1436297518772
OX371326.1	16974006	16974006	+	0.00821505881381829	0.0426495944576119	-16.1554405156622
OX371326.1	18469736	18469736	-	1.05511280914766e-08	9.53061260628814e-07	-36.4610967517544
OX371326.1	18469749	18469749	-	0.00576023418124362	0.0335389790556703	-18.904626093682
OX371326.1	20786673	20786673	+	1.52237521007619e-06	6.39314630518532e-05	-19.6395550206933
OX371326.1	30679864	30679864	+	0.00363593942519762	0.0245193139751888	-12.0789969440056
OX371326.1	30679942	30679942	+	5.08322244043855e-08	3.63213601275e-06	-20.0514201348642
OX371326.1	30680047	30680047	+	0.000574210541847631	0.00668034840295927	-12.4772348587593
OX371326.1	30680062	30680062	+	0.000486215158661837	0.00590785821554011	-23.2778951254025
OX371326.1	30680092	30680092	+	0.00264306520547772	0.0197554321618807	-15.4019040406772
OX371326.1	34716981	34716981	+	0.00498211395768738	0.0302525479285821	-12.2600183562458
OX371326.1	35547342	35547342	-	2.49476873169022e-05	0.000625309052709794	38.8092281614633
OX371326.1	35884270	35884270	-	0.00336962170827178	0.0233821812506377	-17.4425590983488
OX371326.1	35884420	35884420	-	0.000603403603525937	0.00692738995695371	22.8115847705825
OX371326.1	35884498	35884498	-	9.18242485481365e-05	0.00173139335484555	-26.9418794133623
OX371326.1	39753542	39753542	-	7.64859384230435e-05	0.00151308743461769	-14.353148604516
OX371326.1	40275685	40275685	+	3.63453799552379e-07	1.96609153711979e-05	-24.0446403800109
OX371326.1	40275763	40275763	+	1.25053740247519e-05	0.00037069945721726	25.5377948445103
OX371326.1	42240203	42240203	-	0.002775482484354	0.0204734760735369	-12.4016761718398
OX371326.1	46083814	46083814	+	0.00370388896100076	0.02481724204976	20.9703188789584
OX371326.1	48630892	48630892	-	7.80150059905201e-15	2.26355990797123e-12	-47.312328797507
OX371326.1	52950448	52950448	-	0.000923669374058352	0.00925694916110666	-12.075148884765
OX371326.1	52950454	52950454	-	2.67414716160574e-15	8.2594550949275e-13	-41.1363882890079
OX371326.1	53373040	53373040	-	9.3640646167904e-05	0.00175114548104487	-36.3337362279764
OX371326.1	63636333	63636333	+	0.000182797834462175	0.00292502123771219	-10.1316773043528
OX371326.1	65267593	65267593	-	4.27052417420842e-05	0.000964368719090992	13.9634261692065
OX371326.1	74668845	74668845	+	0.00642548037548505	0.0358940588699284	-13.6817845958974
OX371326.1	74750275	74750275	-	0.000693320745996415	0.00760409858552014	-17.0111320231686
OX371326.1	74750325	74750325	-	0.000189698624553392	0.00300599906153042	-13.7165633328976
OX371326.1	74750366	74750366	-	0.00283958481025117	0.0207847099477278	-13.2928294147806
OX371326.1	77037525	77037525	-	0.000193954536473279	0.00305941955098861	-25.0520176544767
OX371326.1	77037658	77037658	-	2.04589543670872e-06	8.31410055342232e-05	-27.6981496799089
OX371326.1	78281577	78281577	-	0.00194090688295777	0.0157006841001529	17.4146355401892
OX371326.1	79949027	79949027	-	0.000384836338080208	0.00498024339584892	-13.3874368562201
OX371326.1	84236315	84236315	+	0.00408864311403028	0.0265768952006996	-17.6484254001032
OX371326.1	84236320	84236320	+	0.00494850598953193	0.0301860548080504	-15.3425736724193
OX371326.1	84236522	84236522	+	0.0009311390807153	0.00930629537282128	-12.4694655617195
OX371326.1	85137475	85137475	-	0.00104358410782154	0.010078785124477	-13.9230384807596
OX371326.1	85149000	85149000	-	0.00107446356226623	0.0103083448223287	-22.2621508882802
OX371326.1	85331285	85331285	+	0.00836499341550098	0.0432351405123469	11.9065754901877
OX371326.1	87514322	87514322	-	2.3464282774949e-05	0.000599106184691097	-15.9091157354307
OX371326.1	87761306	87761306	+	0.00169374756841571	0.014288301640625	14.2092359631848
OX371326.1	91634978	91634978	+	3.72335614048085e-06	0.000129167508743886	-26.028181120798
OX371326.1	91731042	91731042	-	0.000189939997732215	0.00300599906153042	-15.9309123888504
OX371326.1	104568872	104568872	-	0.0015332726884611	0.0133704137427552	-14.431217773251
OX371326.1	106836212	106836212	+	0.000277967994457249	0.00398424574962228	-12.3050268283084
OX371326.1	107704019	107704019	+	4.55851939695826e-07	2.41142089117481e-05	-18.1289291222675
OX371326.1	107704032	107704032	+	0.000924390849369048	0.00925694916110666	-19.7894595230888
OX371326.1	113940031	113940031	-	0.000917995613988827	0.00925694916110666	29.7920281362298
OX371326.1	115245031	115245031	+	1.57934551100791e-09	1.82190968629659e-07	-42.3629584521864
OX371326.1	116117166	116117166	-	0.00114188516904561	0.0107399544921068	-17.9947689625109
OX371326.1	116117466	116117466	-	6.17419943689249e-06	0.000198377392055787	-28.203449800973
OX371326.1	119180318	119180318	+	0.00637362299882427	0.0357503779103782	-29.9439805754468
OX371326.1	119180477	119180477	+	2.20093021951364e-05	0.000574206356757549	-56.7479242069406
OX371326.1	120587270	120587270	+	0.00966105404979486	0.0476324667626555	-19.9600254383574
OX371326.1	120587483	120587483	+	3.41458775383216e-06	0.00012153847570295	-26.6593831455122
OX371326.1	132482337	132482337	+	0.00573749338583359	0.0334358540851304	-21.197969734707
OX371326.1	132687335	132687335	+	0.00842856718381984	0.0434814049008949	-26.4173228346457
OX371326.1	132687353	132687353	+	9.11924108822811e-05	0.00173139335484555	-45.534796316141
OX371326.1	132687458	132687458	+	0.00756000272797622	0.0403935230984589	22.8020875150542
OX371326.1	132687542	132687542	+	1.79267773352107e-05	0.000487348812612402	-51.5322718712549
OX371326.1	132750804	132750804	-	2.6007995214749e-06	9.88175592113831e-05	-13.0058198890451
OX371326.1	132751017	132751017	-	0.000171600098575888	0.0027990278429987	-14.9963752127593
OX371326.1	133643816	133643816	+	0.000990188327729974	0.0097539230374067	20.9461736597578
OX371326.1	133643900	133643900	+	0.000297719334576599	0.00416752990378187	-50.158267693479
OX371326.1	145360494	145360494	-	0.000838466597268069	0.00867904259914825	-17.2350280134711
OX371326.1	145360516	145360516	-	0.000730023949443309	0.00791597094044938	-18.2406246236034
OX371326.1	145360521	145360521	-	0.000272295607573624	0.00392645245701969	-15.672024623803
OX371326.1	153996232	153996232	+	0.0038630872728545	0.0255973177381152	-15.5444055975162
OX371326.1	153996404	153996404	+	0.000155116884387581	0.00260562555073316	19.9131716906946
OX371326.1	159344449	159344449	+	0.000641517931823643	0.00719248088725148	-27.0533451258095
OX371326.1	159344476	159344476	+	0.00280776695020481	0.0206621970337367	-23.2598654890203
OX371326.1	159344656	159344656	+	0.00294241713960409	0.0212305431789475	-15.2315541193462
OX371326.1	166402850	166402850	-	0.00735984718381602	0.0396560228360499	-29.4934736250088
OX371326.1	166402919	166402919	-	9.83350237794857e-14	2.29642442413398e-11	74.8258397176866
OX371326.1	166403030	166403030	-	0.00730233100207497	0.0394344185186784	-17.6306749292739
OX371326.1	167428728	167428728	+	0.00435367669971787	0.0277532616265133	-16.2612212768808
OX371326.1	167428929	167428929	+	3.94942038348742e-05	0.00090465891714468	-18.6651162790698
OX371326.1	169741164	169741164	+	1.18856370437983e-06	5.26861543184319e-05	42.2121751330265
OX371326.1	169904222	169904222	-	1.14753198754519e-05	0.000347700651619381	-13.9100936154379
OX371326.1	172292863	172292863	-	0.000224865666641419	0.00342839847962215	-11.949500554939
OX371326.1	174438136	174438136	-	0.00939260557701962	0.046742162892241	-15.649116789573
OX371326.1	176490814	176490814	-	9.81016688033011e-08	6.34661957141128e-06	-61.5192531742321
OX371326.1	176490817	176490817	-	8.56124514158262e-05	0.00164651696791675	-12.9545454545455
OX371326.1	179122414	179122414	-	0.00344011332786969	0.0237478378857137	-12.4082099216484
OX371326.1	186273996	186273996	-	6.40314045268592e-05	0.0013356975502831	-14.0458021046256
OX371326.1	186274026	186274026	-	0.00897951337098464	0.0453463416009767	-17.6164398500023
OX371326.1	186274035	186274035	-	0.00216498326366775	0.0169869236779108	-16.2149897568706
OX371326.1	186274176	186274176	-	0.00281387923576827	0.0206688711543591	-11.6537287253373
OX371326.1	186274198	186274198	-	0.000825277142097132	0.0085982900635409	-27.7970380688045
OX371326.1	187151592	187151592	+	0.00180483001829874	0.0149101034431929	21.4789054635307
OX371326.1	188316254	188316254	-	8.57821041043394e-10	1.05300365530442e-07	-87.4406717780212
OX371326.1	188316423	188316423	-	1.81717399978048e-10	2.48557150298113e-08	-84.7635220507222
OX371326.1	203667985	203667985	-	0.0022910677263932	0.0176479630489598	-43.5911831981701
OX371326.1	203667991	203667991	-	0.00914972483557515	0.0459518855430289	-42.2384570426651
OX371326.1	228076239	228076239	+	0.000132649612463373	0.0023261682817857	-40.806746081958
OX371326.1	230580398	230580398	-	0.00296609894110985	0.0213531415840888	-17.5913907582548
OX371326.1	230580482	230580482	-	0.00494036435836492	0.0301860548080504	-17.3064734398821
OX371326.1	230580605	230580605	-	2.89896145522666e-05	0.000700930635233857	-30.6382542000114
OX371326.1	231920318	231920318	+	0.00606230749275506	0.0345506694004932	-20.0961871351047
OX371326.1	233078789	233078789	-	0.00985124182923891	0.0484205607469843	-14.8707615325708
OX371326.1	241484676	241484676	+	1.08382067383556e-07	6.96464443461053e-06	-16.9233354337324
OX371326.1	241484736	241484736	+	6.36877763890363e-07	3.16502402585182e-05	-29.7993581594645
OX371326.1	241484741	241484741	+	1.81492064015493e-09	2.04440295867321e-07	-25.7438992390449
OX371326.1	261301320	261301320	-	0.00859276918710499	0.0440437269116541	-32.1966291060052
OX371326.1	261301327	261301327	-	0.00173951766461375	0.0145589684767698	-36.1280487804878
OX371326.1	261439031	261439031	-	0.0034677833615556	0.0238026808819081	-27.8807801884725
OX371326.1	261439194	261439194	-	0.00577687355358924	0.0335835845910275	-22.6093627346036
OX371326.1	277142504	277142504	-	0.00608141959453248	0.0346183818871049	-18.3456072175874
OX371326.1	277142642	277142642	-	0.000154546239323122	0.00260518094324633	-22.0564691511119
OX371326.1	283039947	283039947	+	0.000552390542640594	0.00648162442760402	-35.4803218534152
OX371326.1	288436694	288436694	-	1.37197111569267e-06	5.83835148164402e-05	61.3848383298614
OX371326.1	304858712	304858712	+	0.000520837540202768	0.00619489836496323	-11.1074190430159
OX371326.1	311628778	311628778	+	0.00808879050415337	0.0423383840508356	-22.6325677823976
OX371326.1	311628898	311628898	+	0.00283763525149536	0.0207847099477278	-29.3438498554613
OX371326.1	326821367	326821367	-	6.28328539582925e-05	0.00131355752061928	-26.1510613146046
OX371326.1	326821421	326821421	-	0.00102801659919213	0.0100140042235457	-23.2843212303446
OX371326.1	326821544	326821544	-	2.89081616917239e-07	1.63182510953885e-05	-24.0564124333758
OX371326.1	326968320	326968320	-	1.15254705035883e-06	5.18091953138041e-05	-17.2678947368421
OX371326.1	326968492	326968492	-	0.0049900115698125	0.0302584870685119	-14.261744966443
OX371326.1	326968497	326968497	-	0.00332806016434726	0.023208571938209	-20.2188569713967
OX371326.1	329829826	329829826	+	0.00106232638812032	0.0102226307865148	-32.8858959293742
OX371326.1	329829931	329829931	+	0.00232138457325073	0.0178241335436882	-36.5561750090898
OX371326.1	329829976	329829976	+	1.11256007685641e-06	5.03552533274469e-05	41.6132560428743
OX371326.1	333006373	333006373	+	0.00173746210449068	0.0145589684767698	-10.5875780175606
OX371326.1	333006552	333006552	-	4.63460858469879e-05	0.00102483264796804	30.9901450125938
OX371326.1	348721434	348721434	+	0.00595487436843264	0.0341923123905268	-10.8108780263371
OX371326.1	358441308	358441308	+	0.00454294317238589	0.0286168286552882	-12.0202366351634
OX371326.1	359563343	359563343	+	6.7831863783e-06	0.000216491217211345	13.7403269083697
OX371326.1	359563388	359563388	+	0.0036804759354878	0.0247295893654073	-20.7479280157704
OX371326.1	362972477	362972477	-	0.00161480643932625	0.0138294992739903	-20.5690715321063
OX371326.1	362972537	362972537	-	0.000100535859076512	0.00185273176090418	-22.2867065267982
OX371326.1	365635125	365635125	-	0.000331890318922366	0.00452673695929135	40.299447161203
OX371326.1	366009398	366009398	-	0.00274539186421464	0.0203233938774793	-37.2573930771973
OX371326.1	377636958	377636958	+	1.42958739160668e-05	0.000409818943353103	-31.5003823025873
OX371326.1	377637138	377637138	+	0.000385425983595418	0.00498024339584892	-14.1998021895641
OX371326.1	379554827	379554827	+	9.95739547301611e-05	0.00184053374015589	13.8344463801781
OX371326.1	379554944	379554944	+	0.00167225325507196	0.0141443635358529	-18.3489974937343
OX371326.1	385747842	385747842	+	7.18435520926581e-07	3.43942297334257e-05	-32.3938469526838
OX371326.1	385747869	385747869	+	0.00571296101910501	0.0333537907302948	-14.3000989320018
OX371326.1	385747965	385747965	+	0.00744713884363029	0.0400362431559617	-13.4438284982752
OX371326.1	392572312	392572312	+	0.00417377926657053	0.026965536202521	-13.533900999894
OX371326.1	393134850	393134850	+	0.00702273485296347	0.0383139508466945	-15.0597646411707
OX371326.1	393134910	393134910	+	0.00133354551934022	0.0121496858513165	-18.5109630562006
OX371326.1	393134915	393134915	+	0.00690657599283837	0.037917884638747	-14.994411583821
OX371326.1	393134928	393134928	+	0.000693230593687957	0.00760409858552014	18.4454194830239
OX371326.1	393134937	393134937	+	2.45933392819314e-11	3.92458769338083e-09	-31.8768273442413
OX371326.1	393135033	393135033	+	0.00104422015537976	0.010078785124477	-11.989339221692
OX371326.1	393135048	393135048	+	0.000343813548985643	0.00461101896537839	-15.7488986784141
OX371326.1	393135078	393135078	+	0.00598958304996191	0.034320051276632	-15.1992964248465
OX371326.1	393135117	393135117	+	6.93347289661266e-07	3.33599608759558e-05	-21.2113852584111
OX371326.1	399934202	399934202	-	1.24904332031015e-05	0.00037069945721726	-10.8949390120628
OX371326.1	399934340	399934340	-	0.00421233180344981	0.0271779352066616	-10.6245576786978
OX371326.1	400066066	400066066	+	5.51100583441722e-06	0.000179478043752145	-14.2168804280606
OX371326.1	400336970	400336970	-	9.16898529984347e-05	0.00173139335484555	-14.5534193853837
OX371326.1	401771586	401771586	-	4.00238437608582e-05	0.000912425241095751	-31.1791682159799
OX371326.1	408657993	408657993	-	2.23039877024754e-09	2.45465833590667e-07	-43.8773188779563
OX371326.1	409589032	409589032	-	0.000996919841152622	0.00981013956988605	-11.119616928298
OX371326.1	409589041	409589041	-	0.000967013826079443	0.00954528139908916	-14.0627867292076
OX371326.1	409589189	409589189	+	0.00124442427433518	0.0115344247319917	-10.9629516746249
OX371326.1	409589209	409589209	-	6.09582580273146e-05	0.00128277042385059	-16.4921124212279
OX371326.1	417387176	417387176	-	0.0024725084810199	0.0187737266532674	-10.4952269968045
OX371326.1	419297715	419297715	-	0.00382085273779283	0.0254230289763975	-19.8709896896425
OX371326.1	419297838	419297838	-	2.21832649414002e-05	0.000577172239273666	-22.502372853646
OX371326.1	423426213	423426213	+	0.00355000425065389	0.0240835028189686	-10.6287421064409
OX371326.1	435152732	435152732	-	4.37680373403851e-12	7.61942449274351e-10	-27.7667011273569
OX371326.1	435152801	435152801	-	0.00730636341428208	0.0394344185186784	-13.2940251572327
OX371326.1	435152816	435152816	-	0.000515060739128504	0.00614910438147874	-15.8706377361604
OX371326.1	436503807	436503807	+	7.11791337123354e-13	1.51449544388455e-10	-37.0804092907704
OX371326.1	436503834	436503834	+	0.00844854828081554	0.0435610132772711	-16.2959157462111
OX371326.1	440232435	440232435	-	0.00249575788828743	0.0189202507902905	-14.9849212542412
OX371326.1	440232519	440232519	-	3.53073009825382e-06	0.000125049330036425	-14.8040755213088
OX371326.1	440232609	440232609	-	1.82219978740901e-05	0.000491468203353191	-18.7413397233292
OX371326.1	440657806	440657806	-	0.0007726051686036	0.00821945243461866	-22.1489542255279
OX371326.1	440657866	440657866	-	5.14474335690314e-05	0.00111195644315659	-14.6845026916319
OX371326.1	453379235	453379235	-	1.89679190479492e-07	1.11961406105204e-05	32.2438474014527
OX371326.1	453379313	453379313	-	9.18298425905389e-05	0.00173139335484555	-17.8872257095338
OX371326.1	453379418	453379418	-	0.00324751348442855	0.022762924112304	-15.7618972581154
OX371326.1	453863872	453863872	+	0.00155005195397498	0.013489865489518	-10.989751926452
OX371326.1	453863926	453863926	+	0.00195468962056396	0.0157611331923332	28.8807188267569
OX371326.1	464508628	464508628	+	8.51548187234142e-08	5.54650847404269e-06	-23.8853713230445
OX371326.1	470145297	470145297	-	1.35985694993773e-06	5.81263421132272e-05	-30.5157980016203
OX371326.1	470145366	470145366	-	2.91090303998447e-06	0.000109298787977989	-32.4442913311475
OX371326.1	470145504	470145504	-	0.00132215154751625	0.0121131838982832	-20.4013907040439
OX371326.1	481185365	481185365	+	0.000157486884177936	0.00264078685700556	-13.6210195176915
OX371326.1	481185370	481185370	+	0.000461166524332956	0.00568282840739096	-10.8304674628948
OX371326.1	481227002	481227002	-	6.66440701603526e-09	6.31782985789264e-07	-44.5866299997594
OX371326.1	481977485	481977485	+	0.0032619990624554	0.0227977009017219	-13.0188679245283
OX371326.1	494734119	494734119	+	0.0100658077387954	0.049174082911091	-19.7525649253064
OX371326.1	494734223	494734223	+	0.00292934077961892	0.021186072353975	16.6878272842181
OX371326.1	494938698	494938698	-	3.82579136711954e-12	6.78352312511033e-10	-53.9958169799628
OX371326.1	494938789	494938789	-	0.00135411677498691	0.0122777839486424	-11.2287378314165
OX371326.1	494938816	494938816	-	0.000388009956260433	0.00500013629633102	-20.8031333304346
OX371326.1	499378830	499378830	-	0.00102269678687645	0.00999191204882475	-24.5473799102659
OX371326.1	499378980	499378980	-	0.00718086982789479	0.0389768071344472	-16.7722863145759
OX371326.1	499379002	499379002	-	5.80917121489542e-05	0.00123603124663762	-28.9554832399182
OX371326.1	506921696	506921696	+	0.00235774867455902	0.0180454612177989	-14.6290322580645
OX371326.1	507346305	507346305	-	0.00199192276363584	0.0159716016419472	-12.3797411406423
OX371326.1	509647373	509647373	+	0.00419874731249527	0.0271085553870573	-17.036696985086
OX371326.1	509647379	509647379	+	0.00149942221175565	0.0131470734260683	-19.1468724131612
OX371326.1	511911432	511911432	+	0.00471268204954163	0.0293386138855563	-10.5202924438167
OX371326.1	531604298	531604298	-	0.00593700501800112	0.0341394844646435	11.1175348553674
OX371326.1	531604457	531604457	-	0.00136761870212264	0.01235341276311	-10.3607764253508
OX371326.1	531604469	531604469	-	0.00809203180341605	0.0423383840508356	-12.5912651002257
OX371326.1	532846584	532846584	-	1.01813209757327e-11	1.65226576514604e-09	-27.9872750747328
OX371326.1	535291604	535291604	-	0.00644951393049035	0.0359444309464008	-11.6129032258064
OX371326.1	535291673	535291673	-	0.00695232161115846	0.0380599165326145	-15.8128532724547
OX371326.1	535291806	535291806	-	0.000117297979397124	0.00211108969333398	-20.9251653837641
OX371326.1	536289367	536289367	+	2.23465680842852e-06	8.75133728793129e-05	-40.3422053231939
OX371326.1	536289508	536289508	+	0.00389028857118968	0.0256940709664349	-25.6048336839199
OX371326.1	536289517	536289517	+	0.00214681241591621	0.0168761974080658	-16.4536965987952
OX371326.1	540446071	540446071	-	0.00254214565861914	0.0192124805648272	-11.0302753766466
OX371326.1	540446234	540446234	-	3.80424514590283e-05	0.00088195460122935	-13.6780650542118
OX371326.1	540446239	540446239	-	0.00517893342833389	0.0311085521187479	-13.4761713190668
OX371326.1	545261508	545261508	+	4.45633537724381e-08	3.25712449720471e-06	-27.5806451612903
OX371326.1	545261659	545261659	+	0.00121431450296803	0.0113100846173594	-33.6624483243488
OX371326.1	547926659	547926659	-	1.00185505294675e-12	2.08533027348106e-10	-16.2257486320415
OX371326.1	547926747	547926747	+	0.000230371002182512	0.0034875038356892	38.3995490345528
OX371326.1	558903977	558903977	-	0.00162465179115011	0.0138642130528366	-11.2070442320211
OX371326.1	564791278	564791278	-	0.00602065281358773	0.034374651841327	-14.3691656127352
OX371326.1	564791311	564791311	-	0.00943546913344779	0.0469067131704601	-22.7465667464874
OX371326.1	565514871	565514871	-	0.00218485707199847	0.0170631947814559	-11.0108670385867
OX371326.1	565514884	565514884	-	0.00136020754007785	0.012309695131345	-15.5225299174839
OX371326.1	583996580	583996580	-	0.000238175678318143	0.00357441125444804	-23.4086471408647
OX371327.1	8525876	8525876	+	1.31392952272677e-05	0.000383553556455478	-23.3579698832406
OX371327.1	8525911	8525911	+	0.00300809058121047	0.0216037064711088	-20.2804892976343
OX371327.1	36423414	36423414	-	1.93247159152435e-13	4.40546357402004e-11	-31.3350941467155
OX371327.1	36423651	36423651	-	0.000284625724954281	0.00405539035157962	27.614371257485
OX371327.1	67421370	67421370	-	1.73691737312846e-05	0.000476520423404777	-20.9477861645008
OX371327.1	71668688	71668688	-	0.00194150441099282	0.0157006841001529	-16.4121912242624
OX371327.1	102149789	102149789	+	2.08091557181833e-05	0.000548877744787314	-24.5902285263987
OX371327.1	108206432	108206432	+	0.00823228354604801	0.0426988728322361	-10.007951653944
OX371327.1	108206573	108206573	+	0.00352685750262819	0.0240025502499162	-15.9607460578617
OX371327.1	110691213	110691213	+	0.00080851636104905	0.00846974633816013	-13.3314062725827
OX371327.1	126757361	126757361	+	0.00416845990183412	0.026965536202521	-12.8153910849453
OX371327.1	161456066	161456066	+	0.000141800777350398	0.00244632084177304	-19.6575761857661
OX371327.1	161456083	161456083	+	0.000619834604550652	0.00705679676056845	-19.9591613701073
OX371327.1	225059109	225059109	-	0.000768511483294107	0.00819411040838192	-16.7812170772086
OX371327.1	225059181	225059181	-	0.00512173126255711	0.0308229636751497	-17.9413861683365
OX371327.1	295044031	295044031	+	0.00289676490206961	0.0210125601687641	15.6257149393731
OX371327.1	295044190	295044190	+	0.00332045245920583	0.0231723960194781	17.6113333770578
OX371327.1	314693521	314693521	-	0.0079890502460817	0.0420240063746851	-18.0831157528285
OX371327.1	385491369	385491369	-	0.00866431583613517	0.0443155575271323	14.8878576952823
OX371327.1	396969979	396969979	-	1.72378333660845e-05	0.000474276079343575	-20.709299890532
OX371327.1	398255678	398255678	+	0.00581995668153237	0.0337316430551351	-10.431660493927
OX371327.1	399196044	399196044	-	6.55926573252842e-07	3.22068611609916e-05	-16.0010720986331
OX371327.1	399838898	399838898	-	0.000473267118589732	0.00580207161213061	-19.4134897360704
OX371327.1	399839039	399839039	-	0.00471778465317139	0.0293386810949526	-21.1993811778877
OX371327.1	399839066	399839066	-	0.000485603320505764	0.00590785821554011	-21.0286609272683
OX371327.1	412990449	412990449	+	0.000182990295840568	0.00292502123771219	46.4503190140699
OX371327.1	421100118	421100118	+	0.00165616301797772	0.0140704165067185	-12.9482688153208
OX371327.1	425191845	425191845	+	5.9826784911774e-06	0.000193522622320009	-20.5073652172628
OX371327.1	425192014	425192014	+	0.0014034576730984	0.0125586607362188	-14.964908605248
OX371327.1	430615412	430615412	-	0.0028825242391196	0.0209722422460602	-15.6016641775123
OX371327.1	430615439	430615439	-	0.00284966311301152	0.0208018306953148	-14.9508834648908
OX371327.1	430615499	430615499	-	0.00889875929085195	0.045114481612865	-12.8977505112474
OX371327.1	440925368	440925368	-	0.00029287681312325	0.00413602431447725	-38.0493879603459
OX371327.1	475739051	475739051	+	0.00593878597232922	0.0341394844646435	-18.3625488365661
OX371327.1	475739174	475739174	+	0.010140705194748	0.0492616914697807	-13.9185059422751
OX371327.1	475739258	475739258	+	0.0018959100422603	0.0154796042224728	-22.846368642188
OX371327.1	479282996	479282996	+	0.00133618204954124	0.0121496858513165	12.7520778833736
OX371327.1	491806566	491806566	-	6.59020059861821e-05	0.00136579162570091	-15.783739364477
OX371327.1	491806762	491806762	-	0.00557279343680147	0.032815588054826	-14.1090785907859
OX371327.1	492316660	492316660	-	6.62667624348359e-05	0.00137038485020275	43.6832966005477
OX371327.1	498941487	498941487	-	0.00306954405430757	0.0219329404388829	-14.7420814479638
OX371327.1	510729885	510729885	+	0.00333086123460656	0.0232112000290003	15.2970440845377
OX371327.1	510730035	510730035	+	0.000770649105144715	0.00820776235565648	-15.9176964395785
OX371327.1	513270512	513270512	-	0.000763166121142782	0.00815963029271902	-12.373134668918
OX371327.1	513270530	513270530	-	0.00198009120709593	0.0158917797869512	-20.2183994016455
OX371327.1	526525219	526525219	-	7.09821897674009e-05	0.00143383388020946	22.2570216205294
OX371327.1	526525456	526525456	-	7.40012551245541e-05	0.00147613349608207	21.1272403312022
