chr	start	end	strand	pvalue	qvalue	meth.diff
CAMZJZ010000024.1	219508	219508	-	0.0175720072115121	0.0423141642104809	-14.4036058728002
CAMZJZ010000024.1	219528	219528	-	0.00186950707639455	0.00752871787935148	12.2810106523462
CAMZJZ010000125.1	16395	16395	-	3.96792359096034e-06	4.06422498720375e-05	18.0072997245663
CAMZJZ010000125.1	16434	16434	-	1.22752291145697e-06	1.47656193370694e-05	12.9710479000507
CAMZJZ010000125.1	16475	16475	-	1.86363264955458e-05	0.000155921974669417	16.8345403646668
CAMZJZ010000125.1	16540	16540	-	3.60463323808974e-05	0.000274528545975658	15.8351430272115
CAMZJZ010000125.1	16562	16562	-	8.6128568824712e-06	8.04205504136518e-05	14.0835463878012
CAMZJZ010000342.1	20748	20748	+	1.73714537268937e-15	1.5919208499347e-13	-21.6241423011143
CAMZJZ010000342.1	20955	20955	+	1.99823048401282e-12	1.08938720859356e-10	-23.5457371411009
CAMZJZ010000440.1	10796	10796	+	0.00885492446557846	0.0252152061388276	10.3676098928576
CAMZJZ010000440.1	10824	10824	+	0.00890719190471951	0.0253355834917283	10.2303073322334
CAMZJZ010000440.1	10826	10826	+	0.00947353365101828	0.026500473079261	10.1174367943054
CAMZJZ010000440.1	10835	10835	+	0.00886918843790882	0.0252487337535007	10.4151711967519
CAMZJZ010000440.1	10866	10866	+	0.0088808533734292	0.0252677540004187	10.3278805231101
CAMZJZ010000440.1	10884	10884	+	0.00702075199319591	0.0210815338944477	10.2940089315241
CAMZJZ010000440.1	10895	10895	+	0.00821374380870939	0.0237902320286378	10.4991099264449
CAMZJZ010000440.1	10923	10923	+	0.00974168049561184	0.0270788294376208	10.147627832082
CAMZJZ010000440.1	10935	10935	+	0.0105758456293874	0.0287743383427754	10.0916986123629
OX371314.1	1473955	1473955	+	4.87291289793162e-09	1.17649204193504e-07	-15.6092550052383
OX371314.1	1473967	1473967	+	8.38658546708817e-20	1.63542815167031e-17	-21.1939976896352
OX371314.1	1473987	1473987	+	4.56387656738666e-05	0.000335123308643596	13.2873764132506
OX371314.1	1474020	1474020	+	2.76433519123673e-06	2.99599914818438e-05	-11.688972769919
OX371314.1	1474174	1474174	+	1.5393533684907e-06	1.79625580899213e-05	-23.5320121951219
OX371314.1	1602001	1602001	+	0.000265102601664144	0.00148931450503267	13.3318850339988
OX371314.1	14737660	14737660	-	0.00016279570659961	0.000993746235292072	22.907021334306
OX371314.1	14737930	14737930	-	0.0202274789029369	0.0469686633068321	-31.8994370911304
OX371314.1	20741576	20741576	-	0.00236507912086561	0.00907907757294823	-11.2697925197925
OX371314.1	23451469	23451469	-	5.56687009600792e-11	2.15456416071829e-09	-13.4036021285305
OX371314.1	26414256	26414256	-	3.39236156547128e-06	3.55366440737568e-05	16.4775803852414
OX371314.1	26414319	26414319	-	4.46332215800004e-06	4.49893677453279e-05	-13.8550262334453
OX371314.1	26414534	26414534	+	4.68268378993023e-07	6.30593502330299e-06	14.3502087202781
OX371314.1	26414535	26414535	-	3.11337235043779e-16	3.22147395254992e-14	15.0933538081238
OX371314.1	31862653	31862653	-	0.000406443835366902	0.00213105033037183	-10.770592020592
OX371314.1	32570272	32570272	+	0.000838190223493097	0.00387926858217876	10.733912461372
OX371314.1	32570306	32570306	+	7.98279917902852e-10	2.36689359071339e-08	-35.5050079018273
OX371314.1	32570315	32570315	+	2.94400899694282e-06	3.16239980302381e-05	-30.2108504182726
OX371314.1	32570350	32570350	+	4.40051748856391e-05	0.000325236497632444	-14.1516565085634
OX371314.1	32646557	32646557	+	2.59014098634163e-05	0.000207298626705535	24.068240561248
OX371314.1	32681241	32681241	+	0.00103158383474338	0.0046124816365801	-12.6640926640927
OX371314.1	33321228	33321228	-	0.00691807962490483	0.020846288890133	10.001017597123
OX371314.1	34056226	34056226	+	2.77767503008692e-05	0.000219872045145073	12.57333166552
OX371314.1	49146084	49146084	+	0.00940039813842509	0.0263759271910839	10.8128880583519
OX371314.1	55678014	55678014	+	0.0213427841184111	0.0490307321522414	-23.1071063361426
OX371314.1	62469817	62469817	+	1.57160156685533e-11	6.98967916952727e-10	-10.0608287598336
OX371314.1	64241070	64241070	+	4.38932756179932e-08	7.90568002948136e-07	28.2329901305986
OX371314.1	64241113	64241113	+	1.4337688702069e-24	4.68993786186184e-22	-33.9193451434396
OX371314.1	67096554	67096554	-	0.000443808596004688	0.00228855686736684	12.7380814312384
OX371314.1	67379947	67379947	-	0.0210232903791562	0.0484834883032278	-20.1998257465178
OX371314.1	67379971	67379971	-	0.00392220079116284	0.0135556188525958	10.2859778597786
OX371314.1	67380157	67380157	-	0.000107142013864257	0.000701840595047028	18.8383133831338
OX371314.1	73306674	73306674	-	1.16713637909556e-06	1.41230085846665e-05	86.5462229265716
OX371314.1	73306682	73306682	-	7.76354016389274e-06	7.34602426984111e-05	53.3155487804878
OX371314.1	86542657	86542657	+	1.30651501639823e-07	2.05401838582251e-06	12.3869804704769
OX371314.1	86542712	86542712	+	2.23998835422058e-07	3.34522721910331e-06	-17.8864534983669
OX371314.1	86542753	86542753	+	5.99667768821036e-29	2.76399760072747e-26	-36.7270642986689
OX371314.1	86542907	86542907	+	2.0855138537785e-08	4.22109366343703e-07	-23.8741124266448
OX371314.1	91198923	91198923	-	0.000291674175019015	0.00161797356794042	15.0981951532021
OX371314.1	91199099	91199099	-	0.000329392915996913	0.00179577096916147	14.0373290125573
OX371314.1	91199129	91199129	-	4.68011998940556e-05	0.000341914215338134	14.1087669753727
OX371314.1	105877454	105877454	+	0.00694855067537241	0.0209204866115057	-21.0767468499427
OX371314.1	105877466	105877466	+	0.00590452754568445	0.0184861777119529	-20.5249583119049
OX371314.1	105877695	105877695	+	2.48650922380609e-07	3.63836676309855e-06	14.6118721461187
OX371314.1	126337630	126337630	+	0.00249513415772548	0.00947970807436128	-10.184434431866
OX371314.1	126337700	126337700	+	0.00221460650422049	0.00861070319646772	-10.3451536643026
OX371314.1	133892310	133892310	-	0.00772423575706514	0.0226965682951007	-10.0762491224425
OX371314.1	133892357	133892357	-	0.0132953346194842	0.0342131672340793	17.8765382730064
OX371314.1	135543597	135543597	-	2.016847106502e-05	0.000167086435532198	-13.8952164009112
OX371314.1	135543910	135543910	-	4.56751938572719e-11	1.80217479604587e-09	-18.0690786102286
OX371314.1	153948310	153948310	+	0.000326753492232954	0.00178522064969339	12.4030582432097
OX371314.1	261020977	261020977	+	4.18229358566404e-08	7.60028630540443e-07	-34.9468713105077
OX371314.1	261021036	261021036	+	5.1963031831311e-15	4.42789339920543e-13	-96.7980295566502
OX371314.1	261021382	261021382	+	2.22003364312614e-08	4.42274000098624e-07	-34.4300822561692
OX371314.1	263022561	263022561	+	2.98589826051919e-16	3.15393986432852e-14	-10.1170543500025
OX371314.1	279013666	279013666	-	0.00439673654610311	0.0147229045061171	11.6751226554246
OX371314.1	279013796	279013796	-	0.00708933167379943	0.0212499847751219	-31.818734650918
OX371314.1	279013852	279013852	-	0.00162838082417903	0.00673418664805732	40.6494960806271
OX371314.1	312005908	312005908	-	7.64634401874341e-18	9.94051457905239e-16	92.7601557006382
OX371314.1	312005923	312005923	-	9.45383930210671e-09	2.11621432324882e-07	-47.2931053065973
OX371314.1	312005931	312005931	-	0.00750985364357257	0.0221797436465698	-28.4305722882801
OX371314.1	317253234	317253234	-	1.7047061650197e-07	2.63107845253621e-06	-10.1599341542533
OX371314.1	317253292	317253292	-	5.03789788312073e-05	0.000365158388184375	-14.5435055082789
OX371314.1	318204142	318204142	+	0.000129533797729777	0.000824032645156409	13.1829389385369
OX371314.1	318204185	318204185	+	7.05136369590308e-05	0.000488406768959337	-18.8120711448176
OX371314.1	321102052	321102052	+	6.25073339415929e-05	0.000438341226571551	15.0678315994246
OX371314.1	325954067	325954067	-	1.34046045189815e-51	3.39815864059262e-48	50.7200682755371
OX371314.1	325954088	325954088	-	8.10146341000547e-44	1.17358640667823e-40	52.4161323297091
OX371314.1	325954091	325954091	-	0.000438549301295702	0.00226848148941672	-12.0853283840479
OX371314.1	331948054	331948054	-	0.0214904500146142	0.0492917946573196	14.2609111788027
OX371314.1	331948271	331948271	-	3.81623134595425e-06	3.91676382979181e-05	-18.0715167254429
OX371314.1	331948289	331948289	-	0.000229932953280334	0.00132702496030156	11.6751941268444
OX371314.1	331948324	331948324	-	0.0218469715683325	0.0499423252322755	-10.6172856279607
OX371314.1	331948336	331948336	-	0.0155430387787221	0.0385207416792522	-12.0271866621783
OX371314.1	333493652	333493652	-	0.00656774081864063	0.0200296791287391	-19.3408869395711
OX371314.1	333493664	333493664	-	0.000743034150189829	0.00351348174714661	-16.0372916470477
OX371314.1	333493695	333493695	-	2.86584717864661e-06	3.09153957299593e-05	18.8784105851414
OX371314.1	335322331	335322331	+	4.33255222833718e-06	4.39332612004922e-05	-25.1272848353912
OX371314.1	335322516	335322516	+	0.00615133489244887	0.0191103595117097	17.054785300848
OX371314.1	335322552	335322552	+	4.63224443629913e-05	0.00033914961677592	17.9485755025323
OX371314.1	339914026	339914026	+	0.00464206165949817	0.0153678652445732	-10.4719975511596
OX371314.1	343900055	343900055	-	1.6122182496135e-10	5.61798376184437e-09	21.2439557909279
OX371314.1	344020381	344020381	+	0.000793527697598417	0.00370128209305094	-14.7478791453069
OX371314.1	348043694	348043694	-	0.0150601279444021	0.037549497089712	-13.0455185358986
OX371314.1	348318593	348318593	+	0.000198832965708193	0.00118045696689317	-11.6712512343067
OX371314.1	354873535	354873535	-	7.01096083280986e-05	0.000486272605505602	12.3405425219941
OX371314.1	355142262	355142262	-	0.00496300774226476	0.016218579456697	-10.6098906276851
OX371314.1	355619300	355619300	+	0.00106175065690963	0.00472005314748995	13.9753300367012
OX371314.1	355619382	355619382	+	0.000643131815693793	0.00311885796782456	10.693473848205
OX371314.1	355619512	355619512	+	0.00357560518963707	0.0125850787184906	14.1615160556976
OX371314.1	361697938	361697938	+	3.44257892630063e-08	6.44071756417897e-07	-19.0357536161946
OX371314.1	361697950	361697950	+	3.13330788007786e-07	4.44994347934204e-06	-17.1976124393405
OX371314.1	364421853	364421853	+	9.08244317647036e-19	1.48217806389499e-16	35.5469034276981
OX371314.1	367264141	367264141	+	0.0133267181266395	0.0342551473672025	-13.567262583999
OX371314.1	367264316	367264316	+	1.4726248180312e-31	9.39954592751682e-29	-47.3339353995734
OX371314.1	388232782	388232782	+	0.000235187477898521	0.00135119839542801	-15.5774613605939
OX371314.1	388232811	388232811	+	2.2215464112227e-05	0.000181231588785938	20.6507993625662
OX371314.1	393228505	393228505	+	1.18442217645293e-09	3.30864019103654e-08	-23.8865301365301
OX371314.1	394410982	394410982	+	0.000148962609806422	0.000919927825580648	-15.5060143075124
OX371314.1	394411016	394411016	+	0.000665951696579457	0.00321188067745408	-21.9021315227537
OX371314.1	394411234	394411234	+	0.00188096114857141	0.00756583063701636	19.2087334810802
OX371314.1	395515381	395515381	-	1.46461293239357e-12	8.25087476353411e-11	-41.8402248636933
OX371314.1	400688257	400688257	+	0.000339993178236734	0.00184661143692165	-23.833698703896
OX371314.1	404041218	404041218	+	6.54062304644393e-05	0.000456774803699909	-13.1258447200182
OX371314.1	409572687	409572687	+	0.0018255888351232	0.00737064503252898	23.285270649506
OX371314.1	409572802	409572802	+	1.14300223575503e-18	1.78313144591361e-16	32.1789079900817
OX371314.1	416053493	416053493	-	0.00236709364393389	0.00907907757294823	-11.1012672896015
OX371314.1	423623942	423623942	+	2.5612195045412e-08	5.00517647252094e-07	-31.7749546445261
OX371314.1	423623974	423623974	+	7.39440958473139e-08	1.26019041758547e-06	44.0684342884299
OX371314.1	427861056	427861056	-	9.38339910990828e-07	1.16605669219752e-05	46.9510840678128
OX371314.1	429306968	429306968	-	0.00113968468300419	0.00501811268291698	11.17395864549
OX371314.1	431605972	431605972	-	0.000586915669509547	0.00289187801590703	-14.3495482434566
OX371314.1	431606164	431606164	-	0.00876129846225499	0.0249977365932191	-17.4573118065245
OX371314.1	431606193	431606193	-	0.000163677229394173	0.000998034723572634	10.3374167203955
OX371314.1	438866317	438866317	-	7.86687176138513e-08	1.32934771600019e-06	-13.5813507693924
OX371314.1	439456626	439456626	-	5.09376746808247e-12	2.55703917503296e-10	-43.9712309339817
OX371314.1	439456806	439456806	-	3.95667878612972e-09	9.76199561692694e-08	-10.5734355254304
OX371314.1	439456845	439456845	-	0.000293584479018989	0.00162679053865947	-11.0263136401416
OX371314.1	439702410	439702410	+	1.43029179780611e-18	2.16470879243808e-16	54.3560689683486
OX371314.1	439702449	439702449	+	0.00964038727132515	0.0268804370616645	-11.8220326023794
OX371314.1	442590436	442590436	+	2.41850849264289e-07	3.54910791731174e-06	-13.9763669806588
OX371314.1	449323105	449323105	-	1.11512698047686e-12	6.31714620534945e-11	-10.408231104076
OX371314.1	449323317	449323317	-	1.19281493368058e-13	7.80352821979668e-12	-18.8391250173058
OX371314.1	463609605	463609605	+	0.00229399558464323	0.00886161556702544	14.3437873575837
OX371314.1	463609794	463609794	+	1.8966280805652e-07	2.88773663650674e-06	21.0018112768457
OX371314.1	463609830	463609830	-	3.23570751658546e-07	4.57614458631282e-06	-14.8197067758552
OX371314.1	463609842	463609842	-	4.16512558427151e-05	0.0003105796840018	-10.1358797002679
OX371314.1	468202903	468202903	+	0.00410971431780702	0.014012650979738	-11.8196560921019
OX371314.1	469775945	469775945	-	2.19265554639077e-07	3.28907178067597e-06	-19.5725673418141
OX371314.1	470942560	470942560	-	2.06446319046208e-15	1.86912676666974e-13	-57.0396501671995
OX371314.1	471520343	471520343	-	1.3231296080178e-09	3.65582972175201e-08	33.1529056376821
OX371314.1	475613331	475613331	-	1.72712304852811e-08	3.61103066920282e-07	14.3552700424394
OX371314.1	479453839	479453839	-	0.00161652100967207	0.0066933294844594	-10.356609211571
OX371314.1	479453851	479453851	-	0.000738684438843322	0.00349858088242115	11.0486716866721
OX371314.1	481140327	481140327	-	0.00422121309882078	0.0142966773754104	25.6612017857232
OX371314.1	483518064	483518064	+	0.000503324347614334	0.00254667417282308	-24.8183691173281
OX371314.1	485101364	485101364	+	0.00267888129948596	0.0100256911366708	-12.0224487694367
OX371314.1	485101422	485101422	+	2.09561130489063e-05	0.000172764798064609	-10.380791409823
OX371314.1	487205472	487205472	+	0.00059999011786179	0.00294058164755295	-14.9660948233302
OX371314.1	497081179	497081179	+	1.24267393479453e-05	0.000110052861221744	23.8082663213848
OX371314.1	497081206	497081206	+	1.00512003425665e-06	1.23992594537812e-05	-11.0165319959134
OX371314.1	497081449	497081449	+	6.95579420510367e-06	6.67300381026815e-05	-15.4011869635193
OX371314.1	498204621	498204621	+	0.000212838670505449	0.0012472589126767	16.8206027101733
OX371314.1	498376941	498376941	-	0.00167634660908511	0.00688481644453701	-17.084896148417
OX371314.1	499880060	499880060	-	0.000408773538002459	0.00214215770492874	-20.2444503022679
OX371314.1	511237034	511237034	-	0.00502948327151181	0.0163777559570923	-14.1274480285994
OX371314.1	511237046	511237046	-	0.00266340344975331	0.00998433913613958	-14.0701428668463
OX371314.1	511237058	511237058	-	2.37065000108026e-08	4.69512452184828e-07	-34.8828440246443
OX371314.1	518317144	518317144	-	2.79762085440563e-05	0.000221111757218853	-12.7749188631989
OX371314.1	519916544	519916544	-	6.54594900461338e-08	1.14051044958074e-06	-25.1920542972926
OX371314.1	523704611	523704611	-	0.000417401633311988	0.00217986804956351	10.8745105561887
OX371314.1	527463246	527463246	-	0.000368669626074222	0.00196862061856465	14.8608042421564
OX371314.1	528465629	528465629	+	3.73523624943837e-15	3.20985714153393e-13	32.8151722970113
OX371314.1	529361245	529361245	-	5.16756396628176e-09	1.23586103664444e-07	28.026264164878
OX371314.1	529361260	529361260	-	0.000334047105956253	0.00181723645823636	31.1278195488722
OX371315.1	12262105	12262105	-	1.03363323307586e-10	3.7567465531763e-09	41.0173034490768
OX371315.1	12262161	12262161	-	5.32210663925728e-09	1.26982618366347e-07	41.8028247022985
OX371315.1	12262276	12262276	-	2.60239188088386e-05	0.000207623630333616	-10.2678124756812
OX371315.1	20970935	20970935	-	1.6702871257181e-06	1.92906229927494e-05	26.51366673682
OX371315.1	20970937	20970937	-	2.57844388846961e-05	0.000206688729178272	-25.85185072214
OX371315.1	20971144	20971144	-	0.0104071635458755	0.0284528111815875	-12.4214417744917
OX371315.1	23654772	23654772	-	0.0136362027597176	0.0348148361101686	14.017312610663
OX371315.1	23654957	23654957	-	0.000844944697944602	0.00390162553580206	24.9629867726414
OX371315.1	23655024	23655024	-	1.48284048641733e-08	3.15228657092525e-07	34.8782597948338
OX371315.1	23655039	23655039	-	6.22075215884683e-05	0.000436842960245688	-43.7412587412587
OX371315.1	24033126	24033126	+	7.94347397148446e-05	0.000542782968145853	23.6898805879828
OX371315.1	24033155	24033155	+	0.00277278901839451	0.0103181052703512	-14.4462553941813
OX371315.1	24470673	24470673	+	0.0166417776475459	0.0405716263106646	15.7270112926983
OX371315.1	24470745	24470745	+	0.00018884264414034	0.00112841244202849	-32.9881166592854
OX371315.1	28323509	28323509	+	0.0081513392021353	0.02365678380142	-27.5690522487606
OX371315.1	28323512	28323512	+	0.0143072492157588	0.0360714592304459	-21.992991081691
OX371315.1	28323556	28323556	+	7.71965342582605e-08	1.30901991802511e-06	55.2022207228639
OX371315.1	28323689	28323689	+	4.6200185269712e-07	6.23811556172313e-06	-21.7866171387298
OX371315.1	28323779	28323779	+	0.0197921030214476	0.04620341723044	30.5585790619434
OX371315.1	32139620	32139620	+	6.61211168067805e-08	1.15006201964427e-06	24.119033421359
OX371315.1	32139837	32139837	+	0.00122195619175762	0.00531117404423568	-12.6061807297144
OX371315.1	40797053	40797053	+	0.00659060777673381	0.0200918727923682	-13.9300546944148
OX371315.1	55609393	55609393	-	0.0169209543969163	0.0410485866962862	-17.9541850065863
OX371315.1	55609424	55609424	-	7.44479821008342e-05	0.000512902735645097	-11.7829939835808
OX371315.1	55609448	55609448	-	0.00136980626162362	0.00583948241044723	-21.6745952723384
OX371315.1	55609456	55609456	-	0.00101203999098566	0.00455295542125167	-30.2547105798841
OX371315.1	59596275	59596275	+	4.73731675911979e-05	0.000345346397792627	10.4542772861357
OX371315.1	68598631	68598631	+	9.52616374585208e-05	0.000633844477871378	37.1330860461503
OX371315.1	68598782	68598782	+	0.00237250424942152	0.00909215424631432	21.4454607678427
OX371315.1	68598794	68598794	+	0.000419133557582652	0.00218740534381891	-20.5856893059331
OX371315.1	86962701	86962701	-	6.05403218318377e-06	5.88586169100381e-05	15.7061733798014
OX371315.1	86962951	86962951	-	9.41253132254356e-05	0.000627106666653014	-13.0351474247147
OX371315.1	89548525	89548525	+	1.32418198883962e-07	2.07540847587456e-06	28.9814100022951
OX371315.1	89548838	89548838	+	0.00868730911811367	0.0248425504015216	11.007550117157
OX371315.1	93217616	93217616	-	0.00191098206584281	0.00766011655802233	-11.1468531468532
OX371315.1	101337361	101337361	+	0.00092992681709701	0.0042285701981024	12.4157658290046
OX371315.1	101666674	101666674	+	0.00993080638979444	0.027476421608256	18.2472819906291
OX371315.1	101666756	101666756	+	3.63453358124171e-06	3.76842144685298e-05	-19.4099378881988
OX371315.1	101666871	101666871	+	3.80300305741896e-06	3.90714166006892e-05	-25.5034360811415
OX371315.1	104034060	104034060	-	2.34489786647035e-07	3.45583350542928e-06	-20.7499523537259
OX371315.1	105383196	105383196	+	4.96625853311193e-07	6.64666890282419e-06	14.9039606452974
OX371315.1	130811973	130811973	+	4.41533478498875e-06	4.4683332237525e-05	45.7983436026791
OX371315.1	130812159	130812159	+	1.70002656989681e-14	1.27663517078122e-12	68.6085161950159
OX371315.1	131442525	131442525	+	0.000840484639464784	0.00388456858124722	-11.1340561004991
OX371315.1	138320199	138320199	+	9.86112830186238e-12	4.58690506328038e-10	-28.3271363386219
OX371315.1	138320202	138320202	+	1.071070188405e-09	3.02533254052314e-08	-30.177641917778
OX371315.1	138320223	138320223	+	2.09630531850293e-06	2.35666381920754e-05	38.218954248366
OX371315.1	138320264	138320264	+	0.00575155490650541	0.018140695290155	11.1448777301258
OX371315.1	145035201	145035201	-	1.45759430668257e-08	3.11822864883571e-07	24.6899458931486
OX371315.1	145035405	145035405	-	7.87965465919322e-22	1.85818249397545e-19	46.1017941329171
OX371315.1	145035437	145035437	-	0.0163183248322927	0.0399438751562035	11.4412842574888
OX371315.1	147171402	147171402	+	0.012251976831078	0.03221114506491	10.6169050687739
OX371315.1	147171457	147171457	+	4.32043485927651e-11	1.73850745132857e-09	-11.7152256124208
OX371315.1	147171465	147171465	+	0.00139045772397686	0.00590715994474061	15.5975775893926
OX371315.1	147171613	147171613	+	5.29562090405069e-07	7.01031856753531e-06	-10.2446724546172
OX371315.1	147171643	147171643	+	6.73781374686164e-05	0.000468609526603185	17.0551436038496
OX371315.1	147171654	147171654	+	1.48227698338398e-05	0.000127812014191094	-17.8965586456845
OX371315.1	147171669	147171669	+	5.12030131803135e-06	5.07043474713397e-05	-11.8867546815145
OX371315.1	147171715	147171715	+	1.36290409479461e-05	0.000119037202604084	-15.9702374919766
OX371315.1	223070477	223070477	+	0.000582922289163645	0.00287639464278613	-33.4331169679558
OX371315.1	230952517	230952517	-	2.00457973448601e-09	5.27973641850704e-08	21.6349932358436
OX371315.1	230952775	230952775	-	7.80627001708273e-10	2.3213403799399e-08	28.969681230929
OX371315.1	230952830	230952830	-	0.0199178543954653	0.0464385831507085	11.0413742918031
OX371315.1	233648116	233648116	-	1.47955553474056e-08	3.15228657092525e-07	-13.1566484517304
OX371315.1	245254162	245254162	-	5.43964478637732e-12	2.70389616045849e-10	-38.0764440702345
OX371315.1	245254340	245254340	-	1.08494945538273e-10	3.91518981241525e-09	30.4594817680094
OX371315.1	245254369	245254369	-	0.00010289099836795	0.000677935532574649	-25.4175461304818
OX371315.1	246896074	246896074	-	8.30910677969492e-10	2.44222054684456e-08	-15.4296836982968
OX371315.1	246896286	246896286	-	2.35977119347077e-13	1.45906850461923e-11	31.4903788116565
OX371315.1	246896341	246896341	-	1.25765603110247e-05	0.000111185485200335	27.7219547775347
OX371315.1	282097220	282097220	+	0.0177744388772161	0.0426396162264515	15.527950310559
OX371315.1	282097235	282097235	+	0.000586138211749373	0.00288945129947232	-17.1808832425892
OX371315.1	282097424	282097424	+	0.00695287309594144	0.0209272868598882	-10.1657963446475
OX371315.1	326840240	326840240	+	0.0119513107335765	0.0315844540752796	12.6750470275596
OX371315.1	326840422	326840422	+	0.0117674145767018	0.0311878706488867	10.079292775922
OX371315.1	357802385	357802385	+	1.93960995654413e-06	2.20248308442229e-05	32.1942937727648
OX371315.1	357802556	357802556	+	0.00132288611081349	0.00566009533787759	-21.1564752672135
OX371315.1	371921705	371921705	-	3.02935797930179e-05	0.000237644868125526	-22.9390875165523
OX371315.1	371921876	371921876	-	1.2181103290911e-07	1.92999546076432e-06	53.0479263198595
OX371315.1	371921883	371921883	-	8.08984110917101e-06	7.60975836431322e-05	-18.9672293942403
OX371315.1	373107775	373107775	-	0.000447226630108063	0.00230319959380136	19.5962834166486
OX371315.1	377732496	377732496	+	7.81749530813367e-07	9.90894180858129e-06	21.7884580576393
OX371315.1	377732542	377732542	+	8.87757217502468e-11	3.28543806608752e-09	-24.7861129778292
OX371315.1	377732731	377732731	+	0.00163660058061175	0.00675990885255234	-13.2356092914716
OX371315.1	377732754	377732754	+	1.9857460080775e-06	2.24180951354804e-05	24.9704920570422
OX371315.1	377732778	377732778	+	1.02677857470397e-14	8.19827935277053e-13	21.297822425409
OX371315.1	377821896	377821896	+	0.00542347971217171	0.0173159834421447	-11.1499460947242
OX371315.1	377821939	377821939	+	0.00453055727912969	0.0150577143287138	-19.5932290628524
OX371315.1	377821966	377821966	+	0.00609742957139314	0.0189661345979337	-22.1725333175111
OX371315.1	380829528	380829528	+	0.00641926793147173	0.0196893912687717	13.0067411580017
OX371315.1	380829564	380829564	+	0.00286412658915325	0.010603513961098	-22.3578708589972
OX371315.1	395279606	395279606	+	4.73169435956022e-06	4.74270048352646e-05	-12.7311740632813
OX371315.1	395279824	395279824	+	3.49292691365816e-06	3.64395386017744e-05	-37.174696021881
OX371315.1	396068934	396068934	-	5.98975252619077e-09	1.41250521359175e-07	39.0612540992944
OX371315.1	396068949	396068949	-	0.000202648119057601	0.00119819661510957	-17.4527326745539
OX371315.1	396069170	396069170	-	0.000140378738573234	0.000877154900232341	-14.0073593832136
OX371315.1	423306553	423306553	+	0.000739978206737519	0.00350307228223933	27.6941591441545
OX371316.1	1755305	1755305	-	9.19048640172502e-18	1.17967137480738e-15	-50.9762661748136
OX371316.1	1755358	1755358	-	3.91868721554361e-26	1.47172433698108e-23	-75.8460073235592
OX371316.1	1755370	1755370	-	0.0024877535879139	0.0094552098424656	-18.0098959002699
OX371316.1	10639281	10639281	-	0.0127972158250197	0.0333334853879964	-20.5962658100783
OX371316.1	10639296	10639296	-	0.00457389352135529	0.0151719096277555	-11.958041958042
OX371316.1	10639548	10639548	-	8.12592843620743e-13	4.62916463513731e-11	27.4383034649405
OX371316.1	14899040	14899040	+	0.0123707667636276	0.0324645312703582	-10.893519840137
OX371316.1	28850544	28850544	-	9.25313954471644e-06	8.55326878458859e-05	30.9307169217332
OX371316.1	28850552	28850552	-	0.00261036173777191	0.0098181676327317	22.031389502373
OX371316.1	28850573	28850573	-	1.16752024170552e-05	0.000104584573016831	-13.1942185721255
OX371316.1	30900658	30900658	-	0.00203907489818254	0.00806112108339445	-14.6200334319146
OX371316.1	30900893	30900893	-	5.93715542943116e-06	5.78888223833077e-05	31.50168029425
OX371316.1	30900928	30900928	-	4.62869353998785e-05	0.000339134500480074	-24.3501241487819
OX371316.1	30900937	30900937	-	7.50955996155338e-06	7.14343208930196e-05	-16.7884744327205
OX371316.1	50203373	50203373	-	3.18586249605983e-12	1.69138819799144e-10	-52.9182112153955
OX371316.1	53926847	53926847	-	3.97965899509718e-07	5.48299287660727e-06	-16.169969841395
OX371316.1	53927058	53927058	-	5.491862600819e-06	5.39099560048538e-05	-14.3862182916102
OX371316.1	63751942	63751942	-	0.007695920103023	0.0226330419756247	-11.5143929912391
OX371316.1	63751950	63751950	-	0.000234122131406782	0.00134660366645215	-11.340671322624
OX371316.1	73361305	73361305	+	0.00834836379665579	0.0240701409509752	-22.4581012212817
OX371316.1	80276414	80276414	-	0.000137242461325338	0.000862787345071984	11.9380791830156
OX371316.1	80276426	80276426	-	0.00590484410226702	0.0184861777119529	-18.4397347972698
OX371316.1	80276626	80276626	+	1.48312317513691e-31	9.39954592751682e-29	-32.3998076266143
OX371316.1	80276649	80276649	+	3.11474194400601e-05	0.000242769660163694	-11.6311627181192
OX371316.1	90826522	90826522	-	3.77230886390961e-05	0.000285251608438119	-11.0366065232477
OX371316.1	90826690	90826690	-	4.61128281578178e-05	0.000338103148044926	-20.7601236709147
OX371316.1	92629610	92629610	+	0.00129285705249197	0.00556212266001126	-32.7367386708944
OX371316.1	93339858	93339858	+	0.00968754987880939	0.0269690272882781	-10.7147991772856
OX371316.1	93339888	93339888	+	2.56175219257345e-08	5.00517647252094e-07	31.7132996390304
OX371316.1	93339899	93339899	+	0.0189091386684942	0.044695529868613	-16.3628047773522
OX371316.1	93339914	93339914	+	0.0210918744081712	0.0486195405383587	-10.7294197570893
OX371316.1	93339960	93339960	+	2.73329975218482e-08	5.25358164708315e-07	25.0830138874878
OX371316.1	102172877	102172877	+	9.87687442497779e-10	2.82921469949999e-08	-68.6613861386138
OX371316.1	102173067	102173067	+	2.82133402004957e-33	2.38409136816961e-30	-93.4056910013751
OX371316.1	104628957	104628957	+	2.03446459374512e-05	0.000168271010069784	-28.629845256895
OX371316.1	110944193	110944193	+	1.0864063703746e-08	2.38968696057374e-07	-13.7555376760633
OX371316.1	112926209	112926209	+	2.15894395225567e-05	0.000177122010346024	20.391787025256
OX371316.1	112926212	112926212	+	4.14712851646358e-09	1.01577328966161e-07	22.8613352898019
OX371316.1	120201273	120201273	+	3.26995435311559e-07	4.61813773625692e-06	-56.8521128148528
OX371316.1	120201414	120201414	+	9.96584476574424e-10	2.84665870091014e-08	-36.0161804535091
OX371316.1	123042559	123042559	-	2.00356923860803e-05	0.000166373528157009	-63.2580711406059
OX371316.1	135832214	135832214	-	5.31113084745844e-10	1.65711739333722e-08	16.8869926539236
OX371316.1	143427818	143427818	+	0.0109551737819556	0.0295526602616914	21.9169361615441
OX371316.1	143427854	143427854	+	0.00687350909678433	0.020749406958529	-14.5760769771049
OX371316.1	156021368	156021368	+	0.00400134951554837	0.013740188067999	-43.0918357078164
OX371316.1	157231647	157231647	-	0.00447161677281506	0.014915596581642	13.4301953302924
OX371316.1	157231936	157231936	-	0.000161235031391912	0.000985513677820595	-11.7271508978826
OX371316.1	157354810	157354810	-	0.0029958435790833	0.0109367122347176	-11.7683096630465
OX371316.1	157354978	157354978	-	4.52098077132041e-05	0.000333410749206871	19.7946337206469
OX371316.1	174657640	174657640	+	0.000328617441811845	0.0017925069838143	-43.2370926273365
OX371316.1	177313705	177313705	+	0.00540834470181216	0.0172785413608934	13.6276391554703
OX371316.1	177313859	177313859	+	5.44996501257727e-06	5.36544966811921e-05	-40.1345291479821
OX371316.1	177313887	177313887	+	0.000851322656814844	0.00392392905409496	-54.1330880257055
OX371316.1	177313958	177313958	+	0.000349725540500704	0.0018853335249176	-32.8888888888889
OX371316.1	180039081	180039081	+	6.1618711392475e-08	1.08477524066459e-06	-24.3327683986129
OX371316.1	180039124	180039124	+	8.19627506459532e-09	1.85933925062061e-07	-27.5311171827565
OX371316.1	180039164	180039164	+	8.69911336570432e-09	1.96025293363789e-07	-27.282999810618
OX371316.1	180039205	180039205	+	3.77485100181158e-08	7.02196784238976e-07	-28.7228214346858
OX371316.1	180039270	180039270	+	1.56239507354052e-07	2.42249421306547e-06	-25.8505547165242
OX371316.1	180039292	180039292	+	1.14969613484768e-06	1.39452540201517e-05	-25.8556089219705
OX371316.1	182931971	182931971	+	0.00989969701459771	0.0274053037524948	-13.737369861612
OX371316.1	188562025	188562025	-	0.000263325747056896	0.00148097331739864	49.636803874092
OX371316.1	188562260	188562260	-	0.0166520349699188	0.0405806719680509	-36.3287056070333
OX371316.1	191646030	191646030	-	0.0135063887848023	0.0345767396714145	-33.7375791371431
OX371316.1	191646312	191646312	-	7.4241287001449e-05	0.000512475764342015	-59.8466652575755
OX371316.1	196022824	196022824	+	5.30674839833109e-06	5.23461829319989e-05	10.1307021600973
OX371316.1	201341628	201341628	-	0.000229275342030601	0.00132473760560058	-40.9551482265416
OX371316.1	201341651	201341651	-	2.21689312679758e-08	4.42274000098624e-07	-50.2063512086103
OX371316.1	213421536	213421536	+	2.52587501237611e-06	2.77497957751865e-05	-30.4279131007242
OX371316.1	213421734	213421734	+	1.66403361808556e-05	0.00014158575527729	-12.3692341311513
OX371316.1	213421745	213421745	+	0.0184610819891551	0.0438819517605661	-15.8785085489525
OX371316.1	213421806	213421806	+	6.00639732448689e-09	1.41314401342595e-07	24.3396838557344
OX371316.1	235467647	235467647	-	8.08448104528793e-15	6.55830741261492e-13	-44.0755343432247
OX371316.1	252713181	252713181	-	2.25967881411973e-07	3.35978877583786e-06	-11.0798355076574
OX371316.1	252713184	252713184	-	1.39485946380773e-05	0.000121305792274681	-11.2327974402984
OX371316.1	255640013	255640013	+	0.0141690917341105	0.0358534052982202	11.6503231009826
OX371316.1	256763995	256763995	+	2.88159640705179e-05	0.000227394345972252	11.1235396470296
OX371316.1	284125697	284125697	+	1.8068986165707e-07	2.75940433171065e-06	-87.9426729986431
OX371316.1	284125715	284125715	+	4.26277639736868e-10	1.35503809544513e-08	-36.8731563421829
OX371316.1	284125895	284125895	+	0.00447370713249845	0.0149176620932192	-18.2317094105126
OX371316.1	284125997	284125997	+	0.0148369345636345	0.0371024816059071	-27.3062198447661
OX371316.1	285505003	285505003	+	8.24120143686619e-10	2.42930320262253e-08	-26.0472903496929
OX371316.1	293199165	293199165	+	6.56562642607718e-10	1.99931659416851e-08	-28.5327514446196
OX371316.1	293199174	293199174	+	1.59517285540973e-09	4.31346341359922e-08	64.0767562124442
OX371316.1	293199186	293199186	+	5.66654117011785e-06	5.5410099214382e-05	-22.1275355642931
OX371316.1	293199209	293199209	+	1.08460163140817e-10	3.91518981241525e-09	-34.1796758476683
OX371316.1	293199398	293199398	+	5.48344839992252e-12	2.71237376883617e-10	-37.4445968145801
OX371316.1	293199444	293199444	+	2.26165039779071e-05	0.000184354918386999	-30.0005382017976
OX371316.1	294351471	294351471	-	4.36562055423577e-11	1.74974636536515e-09	-38.5112251015922
OX371316.1	303581439	303581439	+	1.0414689132707e-19	1.92014160318932e-17	24.4490905541995
OX371316.1	317023684	317023684	-	0.00200141759206022	0.00794190068209275	-10.3491969691374
OX371316.1	317023727	317023727	-	0.000349004367731705	0.00188244652755791	20.9329268292683
OX371316.1	317023997	317023997	-	0.000140023145868214	0.000875924051347551	-11.2717189461874
OX371316.1	317221500	317221500	-	1.3857331579838e-06	1.63963969068618e-05	-50.788643533123
OX371316.1	327936735	327936735	-	0.000195452024919995	0.00116106434551052	-40.4640402347024
OX371316.1	328365560	328365560	+	9.9447007106045e-14	6.63167422023297e-12	-25.7975694444444
OX371316.1	328365591	328365591	+	0.00163773475346683	0.00676183919181041	-25.6208028392814
OX371316.1	328365603	328365603	+	0.0061846517682879	0.0191819384293743	-23.40998344262
OX371316.1	328365623	328365623	+	2.2537994496349e-18	3.31219436114131e-16	-22.2783473774654
OX371316.1	345031584	345031584	+	3.31712415005317e-05	0.000256180834362238	13.1509579529382
OX371316.1	345474439	345474439	+	4.48490805955225e-21	9.88656323491375e-19	19.4291525216381
OX371316.1	347727541	347727541	+	1.6034901985863e-05	0.000136982543632467	-12.2014914546035
OX371316.1	347727556	347727556	+	7.33050765820149e-14	5.05669026418533e-12	-24.2276456561091
OX371316.1	347727777	347727777	+	1.75212783356702e-12	9.60381301914327e-11	-20.2083282312509
OX371316.1	347727808	347727808	+	3.58547212259274e-18	5.04967571932274e-16	-26.1272475795297
OX371316.1	350047246	350047246	-	1.37968572978976e-05	0.000120295697145266	-23.0197712044418
OX371316.1	350047293	350047293	-	0.00381390364156897	0.0132626965298518	-10.2612948654512
OX371316.1	350047324	350047324	-	5.78524089091378e-05	0.000411099652605718	-25.7049983113813
OX371316.1	354992841	354992841	+	0.000812539499229043	0.00377779556344067	-11.7785234899329
OX371316.1	354992882	354992882	+	0.0111242619302799	0.0298895203663634	13.3659956342469
OX371316.1	358093749	358093749	+	0.000513601997050758	0.00258593064715323	-17.9790741504304
OX371316.1	358093938	358093938	+	2.25012396380818e-07	3.35049495788354e-06	-28.7594043531958
OX371316.1	358679677	358679677	-	0.003463942692022	0.0122729991644816	-11.7892156862745
OX371316.1	358679887	358679887	-	4.15538802172966e-06	4.22709641283112e-05	-31.3935574229692
OX371316.1	362266228	362266228	+	0.0132056912320837	0.034064948014623	-10.7598768054376
OX371316.1	362454335	362454335	-	1.43803966298629e-07	2.23995612524061e-06	37.1103877117405
OX371316.1	362454365	362454365	-	0.00977386840426201	0.0271320791040092	-14.2793633857918
OX371316.1	362454521	362454521	-	1.58637589723039e-11	7.02457827331361e-10	-52.3179595008456
OX371316.1	362724669	362724669	+	3.72823858157071e-06	3.84371359140154e-05	25.1279055524672
OX371316.1	362724716	362724716	+	0.00138618634868668	0.00589610219232603	-13.3660130718954
OX371316.1	362766625	362766625	+	1.15140548064164e-21	2.65353763485972e-19	-61.3952616039882
OX371316.1	363566502	363566502	-	0.000845401399903862	0.00390162804626205	-20.1333951442321
OX371316.1	363566567	363566567	-	0.00307917674135736	0.0111607680329117	-11.9920256606731
OX371316.1	363695959	363695959	+	8.59064074625763e-05	0.000581518291515848	-19.6433829085307
OX371316.1	367826949	367826949	-	0.00688423578394631	0.0207700173662796	10.042735042735
OX371316.1	367827096	367827096	-	1.78856662094586e-08	3.70133741373216e-07	19.4257266418586
OX371316.1	394517510	394517510	-	2.19807334903079e-17	2.75173620169407e-15	-42.1028606208156
OX371316.1	394630008	394630008	+	7.12688240622412e-37	7.22685312943143e-34	27.067313047249
OX371316.1	396536210	396536210	-	4.9048610355829e-06	4.88597562270472e-05	-35.609243697479
OX371316.1	397351009	397351009	+	1.05323197106662e-06	1.2945526583877e-05	32.1964572974554
OX371316.1	398420993	398420993	+	0.0137903464517895	0.0350822564035933	10.6442913515884
OX371316.1	398421005	398421005	+	4.11616206661756e-08	7.50701545776197e-07	-37.828804388555
OX371316.1	398421203	398421203	+	1.85001164288254e-05	0.00015516644009478	-16.1819616039914
OX371316.1	403797085	403797085	-	0.00145798012302735	0.00614341925525084	-10.9988518943743
OX371316.1	403797343	403797343	-	0.000100944563787459	0.000666546035076541	-16.0875498062333
OX371316.1	403797367	403797367	-	0.00503830369934512	0.016390687710679	-11.1747207434269
OX371316.1	403797398	403797398	-	0.00243975402599795	0.00930416367472012	-14.5275261384108
OX371316.1	407563149	407563149	+	3.65371996242601e-11	1.51843102000329e-09	28.8298037994394
OX371316.1	411976409	411976409	-	1.97282476026498e-08	4.03326232100874e-07	-17.7544910179641
OX371316.1	411976433	411976433	-	1.87734450416388e-06	2.1389646376706e-05	21.7522488755622
OX371316.1	421708197	421708197	-	9.93141530311998e-05	0.000657358092307092	-20.619366940211
OX371316.1	424579080	424579080	-	0.000106802779611534	0.000700335247398828	-25.9057971014493
OX371316.1	424579299	424579299	-	3.66876833200298e-07	5.11418003970125e-06	-19.6108168147642
OX371316.1	425710038	425710038	+	0.000659675534070826	0.00319022124377066	-12.5882108758821
OX371316.1	429142711	429142711	+	3.35869920092966e-18	4.79691914173236e-16	-51.2349762455004
OX371316.1	429142888	429142888	+	7.91501044145551e-08	1.33322864643804e-06	-32.7484641133532
OX371316.1	429142990	429142990	+	1.62076514421091e-05	0.00013822540445043	27.235824086328
OX371316.1	431237031	431237031	+	6.79299546912824e-06	6.52917788550599e-05	-13.4328581584166
OX371316.1	431237262	431237262	+	0.000220667250127646	0.00128791859646607	-24.4341803051118
OX371316.1	431237274	431237274	+	0.000115649072399432	0.000747427109487792	-16.6877779460561
OX371316.1	431393626	431393626	-	7.74040662299023e-07	9.82350865796108e-06	16.7611705333898
OX371316.1	431393629	431393629	-	1.0762780772777e-11	4.96079692453664e-10	27.13176529353
OX371316.1	436162004	436162004	-	0.00196216386800978	0.0078180262307346	-59.4557835330129
OX371316.1	436162009	436162009	-	0.00128094252886533	0.00552727940027952	-64.9180618301001
OX371316.1	436162018	436162018	-	0.00123460871612807	0.00535469165654691	-65.6405980176472
OX371316.1	437275239	437275239	-	1.15577284970866e-11	5.25553897166948e-10	-20.0723242679827
OX371316.1	437275285	437275285	-	9.1865799046129e-06	8.49949139266951e-05	-13.6329455304238
OX371316.1	440770378	440770378	+	3.75071046558932e-06	3.86124132407226e-05	10.4005778828474
OX371316.1	448031103	448031103	+	0.00102012942406801	0.00457513957415536	16.6494084430863
OX371316.1	448031319	448031319	+	0.000118869181434324	0.000766284754362179	-14.4694294489318
OX371316.1	458338192	458338192	+	1.84614864715305e-08	3.81271909922963e-07	-18.1100033795201
OX371316.1	463828117	463828117	+	2.15694910435151e-06	2.41413379436765e-05	-24.5043785944686
OX371316.1	465351954	465351954	-	0.00301050563313279	0.0109731661275907	-10.8666563738356
OX371316.1	465352161	465352161	-	6.77641714941999e-08	1.17196568199948e-06	-13.2820138417464
OX371316.1	465352173	465352173	-	1.36624211350219e-06	1.62035878858452e-05	-11.3924849218967
OX371316.1	465584373	465584373	-	0.00478444243073821	0.0157620373929893	-10.2242179863148
OX371316.1	477992828	477992828	+	1.04052518012575e-06	1.28204241872049e-05	-32.7772214031815
OX371316.1	486909990	486909990	-	0.000190053230688996	0.00113364211287394	23.1253201844262
OX371316.1	493751281	493751281	+	1.12658011158308e-07	1.79902828040532e-06	25.7746163271339
OX371316.1	500434849	500434849	+	0.00219633219318175	0.00855934182880552	16.083293189482
OX371316.1	502898817	502898817	+	0.00018022135287673	0.001083280183431	44.872346528973
OX371316.1	502898895	502898895	+	0.00122834295471694	0.00533169293210779	28.7837703450791
OX371316.1	502899028	502899028	+	6.16462462877353e-07	8.03482969113444e-06	-26.2182566918325
OX371317.1	2772171	2772171	-	8.49742973329151e-05	0.000577252896957883	10.6150834184542
OX371317.1	18947125	18947125	-	0.000345406432764616	0.00186966786314309	-10.1583047690832
OX371317.1	24062215	24062215	+	0.00022391181058757	0.00130340231126027	-20.973373477673
OX371317.1	24062422	24062422	+	0.0077886861951603	0.0228330159601242	15.6774501925067
OX371317.1	24062448	24062448	+	0.00021125029044729	0.00124109823803656	-20.4574597475541
OX371317.1	48699435	48699435	-	7.31570386975721e-06	6.98523845869139e-05	-16.5237618093329
OX371317.1	48699491	48699491	-	1.47487039514658e-05	0.000127281600375888	-13.7995677240411
OX371317.1	57580049	57580049	+	5.29470011218546e-06	5.22781919636631e-05	61.2739836040807
OX371317.1	57580080	57580080	+	2.12389708776831e-08	4.28168900887296e-07	75.7589750876196
OX371317.1	57580127	57580127	+	2.0283014677736e-10	6.92509429506795e-09	82.2503895930732
OX371317.1	57580260	57580260	+	1.95992863011139e-06	2.21803425072729e-05	-13.3695935383012
OX371317.1	57580301	57580301	+	0.00872413554944673	0.0249127326896888	-10.4924103072666
OX371317.1	72650381	72650381	+	0.000124704059538941	0.000797309693520121	-14.7757692186565
OX371317.1	72650592	72650592	+	5.95560170219876e-09	1.4077255364873e-07	-17.6806629239682
OX371317.1	106656138	106656138	+	0.000576952362355722	0.002852488690849	-13.4382796303454
OX371317.1	106656216	106656216	+	0.0119260572799358	0.03153415211985	-12.4072488417102
OX371317.1	106656234	106656234	+	1.0693309212934e-11	4.95128181626522e-10	-33.1266809088832
OX371317.1	106656349	106656349	+	0.00114107498376027	0.0050220536187489	-16.3263776083968
OX371317.1	106656390	106656390	+	0.00288469979162524	0.0106524554345909	-17.2225256349679
OX371317.1	127147977	127147977	+	3.94474223134849e-06	4.04456643727644e-05	25.1658117175108
OX371317.1	127148008	127148008	+	0.00342104048660403	0.0121399596710102	18.7590393314593
OX371317.1	127148032	127148032	+	0.000129409793516501	0.000823760577424589	27.7658382887272
OX371317.1	127148047	127148047	+	0.001477100052932	0.00620986624469299	14.6089212429778
OX371317.1	127148188	127148188	+	0.000109889133722956	0.000717518213595952	-14.5211796428383
OX371317.1	127148290	127148290	+	0.0146014841246779	0.0366220705533459	-11.9542448614835
OX371317.1	220546113	220546113	+	4.36737472141193e-05	0.000323258180856304	-23.5747702589808
OX371317.1	220546363	220546363	+	0.000680761626101601	0.00327116637059389	30.1247317596567
OX371317.1	258818244	258818244	-	0.0173276970767591	0.0418351366890245	-11.6099619652998
OX371317.1	259311766	259311766	+	0.000161968024079604	0.000989397552569073	-29.1463954002654
OX371317.1	259448423	259448423	+	9.35021773311507e-08	1.53394093966283e-06	40.974100451533
OX371317.1	259448456	259448456	+	8.9133579182702e-08	1.46739501259504e-06	41.3540672576114
OX371317.1	259448571	259448571	+	0.0127306585892511	0.0331942273316542	20.0179041011582
OX371317.1	259448612	259448612	+	0.00510719430767624	0.0165457965338696	-19.519562656729
OX371317.1	287790299	287790299	-	0.000953510197345974	0.00432610892587195	-18.2000517598344
OX371317.1	290046628	290046628	-	2.45848261102703e-20	5.19368420230659e-18	21.7762959085855
OX371317.1	290046825	290046825	-	0.0213245525525857	0.0489999498459729	19.6304213681241
OX371317.1	290046840	290046840	-	0.00567123767178947	0.0179264017123218	-11.2197810409894
OX371317.1	305664733	305664733	+	0.0156824270799864	0.0387580033187007	-16.7264515694139
OX371317.1	305664745	305664745	+	2.13491092239105e-06	2.39475431432286e-05	32.1356236163075
OX371317.1	305664954	305664954	+	8.01537061655879e-06	7.56778808771641e-05	53.4109149277689
OX371317.1	316442668	316442668	-	5.06781295423955e-08	9.06331666433769e-07	-74.4334762260589
OX371317.1	334161142	334161142	+	0.0113730880470943	0.0304371112559571	-13.6001387061571
OX371317.1	336160921	336160921	-	3.36400921331214e-09	8.46450890323654e-08	-41.0047182042014
OX371317.1	336161107	336161107	-	0.000765919554450545	0.00359399961558525	18.1823308894271
OX371317.1	346690610	346690610	-	0.00153833415702568	0.00643263006099774	-10.7336556653353
OX371317.1	362473549	362473549	-	8.90084140501931e-05	0.00059852095059083	-13.0410938321689
OX371317.1	362473795	362473795	-	3.48010133697119e-07	4.88769760047566e-06	17.4663650253922
OX371317.1	362473819	362473819	-	0.000315133533372054	0.0017348208327371	18.9888300999412
OX371317.1	362473850	362473850	-	2.91450481174318e-15	2.56990205704561e-13	16.4001396234899
OX371317.1	368964896	368964896	+	3.59065924113231e-08	6.70538931414065e-07	-10.6064634290441
OX371317.1	368964992	368964992	+	0.018950832199518	0.0447523537288993	15.1126108138328
OX371317.1	368965101	368965101	+	2.2242629963855e-07	3.32664209447343e-06	-17.6578059975865
OX371317.1	371106860	371106860	+	0.0174571051360321	0.0420945847263129	-12.7074314574315
OX371317.1	371106892	371106892	+	3.32275665301738e-05	0.000256225541201187	17.775462962963
OX371317.1	395250714	395250714	-	0.0173894641059099	0.0419542966012481	14.3659390890404
OX371317.1	395250721	395250721	-	0.000414622978811554	0.0021683290789806	-12.5857607850424
OX371317.1	395250741	395250741	-	0.000137773894407796	0.000865055643339643	-16.5478732344391
OX371317.1	398523108	398523108	-	0.00152939356552485	0.00640316592145252	12.1667497948611
OX371317.1	404673542	404673542	+	0.00262460301403106	0.00986075967510074	-10.1777696881446
OX371317.1	404673773	404673773	+	0.000751129182136072	0.00353933771388154	-22.1476476576379
OX371317.1	404673785	404673785	+	0.000217118067439611	0.00126822374300463	-17.4753079313917
OX371317.1	407252141	407252141	-	0.000249030994676901	0.00141470151460379	-32.0037687257974
OX371317.1	409740543	409740543	+	2.44827420518672e-10	8.19345483555781e-09	60.2831149671573
OX371317.1	409740579	409740579	+	0.00123587343132262	0.00535788527148427	-15.4220666368737
OX371317.1	409740605	409740605	+	0.000266474947460497	0.00149619526148123	-29.7139491839138
OX371317.1	409740765	409740765	+	8.81055503994491e-05	0.000594025471966014	-34.1407952957194
OX371317.1	409740826	409740826	+	8.37107767736521e-08	1.39155755196177e-06	59.8635707726617
OX371317.1	418085186	418085186	+	7.48389840571112e-06	7.12570618752228e-05	-13.3733584407327
OX371317.1	430220942	430220942	-	3.17200213968048e-05	0.000246474841286228	17.0174076495587
OX371317.1	430221185	430221185	-	1.76838831237088e-07	2.71285019291411e-06	24.3775100401606
OX371317.1	434848998	434848998	+	0.000152662716603902	0.000938207019181766	-17.8628389154705
OX371317.1	434849032	434849032	+	4.39985934939115e-05	0.000325236497632444	-14.0476190476191
OX371317.1	434849068	434849068	+	7.21250409289607e-07	9.24611359652805e-06	-10.5638205437938
OX371317.1	434849094	434849094	+	0.0132002787844641	0.034064948014623	27.6387401131777
OX371317.1	434849209	434849209	+	0.00134833795214365	0.00575927319430036	-12.2521157003916
OX371317.1	434849250	434849250	+	2.1224863249283e-15	1.90465399952918e-13	-22.9493163989302
OX371317.1	434849265	434849265	+	1.68624370973964e-10	5.85581202103017e-09	-11.5175406238472
OX371317.1	434849311	434849311	+	0.00177686990873415	0.00721583719481315	-10.4777079460624
OX371318.1	970050	970050	+	0.000461519817255615	0.00236360445253182	10.1938786974176
OX371318.1	970230	970230	+	3.59874813307766e-06	3.74279872268421e-05	12.4460600078458
OX371318.1	5375014	5375014	+	6.80606412208618e-10	2.06015959394805e-08	20.5208152895664
OX371318.1	7091144	7091144	-	3.03024211232382e-05	0.000237644868125526	31.3776977976912
OX371318.1	7091331	7091331	-	0.00419042414592801	0.0142161404090528	13.1932864778943
OX371318.1	15191121	15191121	-	0.00164999896519234	0.00679857280965163	-16.8049056206951
OX371318.1	15191269	15191269	-	0.00479324529662583	0.0157807839469166	-18.8284023668639
OX371318.1	16024128	16024128	-	1.23501479902909e-06	1.48205761945241e-05	-29.9066536740017
OX371318.1	16024335	16024335	-	0.0119344638332574	0.0315481538381134	20.8436300629978
OX371318.1	16024347	16024347	-	1.1801835397864e-10	4.19908174093761e-09	-33.7108224785809
OX371318.1	17137089	17137089	+	4.59173926671507e-05	0.00033691380938508	24.1262368068325
OX371318.1	17137257	17137257	+	1.22911532164024e-14	9.57210298437054e-13	-50.5183786737185
OX371318.1	17675344	17675344	+	5.46774956826874e-05	0.000391897498169434	-46.5038961038961
OX371318.1	17675347	17675347	+	1.615076835695e-08	3.40484814749438e-07	60.0657517489201
OX371318.1	17675376	17675376	+	4.15051224596943e-12	2.12562253191996e-10	56.1524822695035
OX371318.1	17675626	17675626	+	0.00231951545882178	0.00893976410018165	18.5124135124135
OX371318.1	17904894	17904894	+	3.26871714135139e-13	1.96128303441505e-11	-21.6941371265146
OX371318.1	20869685	20869685	-	0.000281740840782027	0.00156976132910684	-45.618700548278
OX371318.1	22572016	22572016	-	0.0217295702992295	0.049761465465364	10.8470637094778
OX371318.1	32226292	32226292	-	7.03285822063986e-09	1.61712245826599e-07	-30.3623354134675
OX371318.1	35846167	35846167	-	1.1974516423694e-05	0.000106606551636053	-10.3512341856144
OX371318.1	39656789	39656789	-	7.02531085961522e-08	1.2053903233565e-06	-45.550365480719
OX371318.1	43642099	43642099	+	0.00113276091126229	0.00499630473031473	-11.228144609714
OX371318.1	48224717	48224717	+	4.65891382103869e-07	6.28226818592986e-06	-39.8366939528184
OX371318.1	50017015	50017015	+	1.15267304337912e-05	0.000103712679904523	-25.0558493075623
OX371318.1	50017046	50017046	+	3.74503836455591e-20	7.59514207813926e-18	38.312266375967
OX371318.1	50017049	50017049	+	0.0028151907956763	0.010441405430675	-12.9049999937642
OX371318.1	50017070	50017070	+	0.0042564191808959	0.0143870837786264	-11.6454385885953
OX371318.1	50017085	50017085	+	0.00382723844861494	0.0132878442461979	-12.5606610550038
OX371318.1	50017226	50017226	+	1.10316010405517e-07	1.76999118939335e-06	-20.5658428932071
OX371318.1	50017267	50017267	+	3.08572095638512e-08	5.84860786130951e-07	37.7302582755285
OX371318.1	53590536	53590536	+	2.15155960523417e-07	3.23700314333201e-06	-20.0040782394554
OX371318.1	55545813	55545813	+	0.000537586312829622	0.0026893299588265	33.3268017400165
OX371318.1	68695167	68695167	+	0.00252187001071395	0.00955979427714751	-12.0720435696368
OX371318.1	68695179	68695179	+	0.000114519057962276	0.000742015642305326	-13.571627389126
OX371318.1	70652373	70652373	+	0.00915329960067446	0.0258759281587052	-10.918523438725
OX371318.1	70652382	70652382	+	3.62056748650052e-06	3.75778318737068e-05	-21.1621164643504
OX371318.1	70652409	70652409	+	1.35072017009618e-06	1.60382563267019e-05	-17.4387513866288
OX371318.1	70652580	70652580	+	0.00415560906510763	0.0141216518995034	-11.5068894076654
OX371318.1	70652606	70652606	+	0.00023987635713124	0.00137269282287553	-10.9444724955308
OX371318.1	77650126	77650126	+	0.00407674999129391	0.0139189753375848	-23.4892479192558
OX371318.1	82306355	82306355	-	0.000507931724336154	0.00256502301374627	13.4210442987872
OX371318.1	82306418	82306418	-	2.53729324670688e-16	2.7371112245399e-14	-43.7141725724742
OX371318.1	82306625	82306625	-	8.00325174584788e-06	7.56338820204278e-05	-21.538428520457
OX371318.1	82306668	82306668	-	2.09791431395927e-09	5.51124956010266e-08	14.6814671814672
OX371318.1	85488618	85488618	-	0.00830632851878867	0.0239693900235744	19.6296719190074
OX371318.1	100888772	100888772	-	8.0011287063775e-29	3.52754900907298e-26	-67.1407483880316
OX371318.1	100888985	100888985	-	7.44324729939995e-05	0.000512902735645097	-42.355448974154
OX371318.1	103630604	103630604	-	0.000397762264570597	0.00209419410351166	-11.2228929130338
OX371318.1	103630616	103630616	-	0.000313695309702277	0.00172878043133009	-10.575818060848
OX371318.1	108382955	108382955	-	0.00159011420207558	0.00659745976945829	23.670859655879
OX371318.1	115948490	115948490	+	6.35205665153163e-05	0.000443911694180685	-27.9485457579623
OX371318.1	115948515	115948515	-	1.19017183009661e-07	1.88868027378668e-06	42.421139724894
OX371318.1	115948530	115948530	-	0.00080845645566003	0.00376053621491604	-15.1817933296884
OX371318.1	116015669	116015669	-	3.99522805813467e-08	7.31276211500681e-07	-10.6673345578004
OX371318.1	135097187	135097187	+	0.0184861525257649	0.0439312463766621	-15.9246575342466
OX371318.1	136036072	136036072	+	6.28329434278742e-12	3.03401515531401e-10	41.6847600778544
OX371318.1	136036269	136036269	+	0.0112825531053646	0.0302587055139738	-26.7891861492729
OX371318.1	146125452	146125452	+	6.01894241742906e-08	1.06145595899967e-06	-29.5103957075788
OX371318.1	146125461	146125461	+	1.29570522336897e-06	1.54392530424362e-05	31.298621288013
OX371318.1	168566517	168566517	+	1.4617609361972e-06	1.71360168267203e-05	-44.6571175053872
OX371318.1	168566736	168566736	+	6.94595874357215e-09	1.60077081845923e-07	-73.3145859281553
OX371318.1	179216250	179216250	+	4.48050690496723e-06	4.51177378081394e-05	-27.3767253572648
OX371318.1	179216434	179216434	+	0.000743901582042688	0.0035150815117253	-27.3336493202371
OX371318.1	186312333	186312333	+	1.63449738789634e-08	3.43864093055679e-07	41.2211851865302
OX371318.1	224394160	224394160	+	1.76818901605563e-05	0.000149778572613524	-41.6428802066516
OX371318.1	230330164	230330164	-	2.28458262192941e-10	7.72209695145067e-09	-32.6364475693335
OX371318.1	250295191	250295191	+	6.14173708674809e-05	0.000432792835850112	-11.3461119920405
OX371318.1	250295253	250295253	+	0.0145497628743679	0.0365104092212914	-10.7158806515908
OX371318.1	250295424	250295424	+	2.30041073747938e-07	3.40040703539176e-06	-21.0353840682788
OX371318.1	262520201	262520201	+	9.30008118071142e-10	2.70215929966161e-08	-32.2335155855203
OX371318.1	262520204	262520204	+	1.00638643332293e-05	9.2353238940469e-05	-30.5809585693289
OX371318.1	262520213	262520213	+	1.24596835190625e-06	1.49343485790542e-05	-18.0038829151732
OX371318.1	262520225	262520225	+	1.19635881830873e-05	0.000106602853227841	-15.4528948760475
OX371318.1	262520248	262520248	+	7.20409325712923e-10	2.16128610591706e-08	-30.7982334320034
OX371318.1	262520437	262520437	+	0.00042377002674511	0.00220592589570794	-12.5070279556458
OX371318.1	271882103	271882103	-	8.35994769159452e-05	0.000568940601198003	-46.4158383307319
OX371318.1	271882282	271882282	-	4.90511775934371e-06	4.88597562270472e-05	61.9186046511628
OX371318.1	292978446	292978446	+	1.64688084349705e-25	5.56660696746034e-23	-92.4447592350588
OX371318.1	294414034	294414034	+	1.32297282289973e-06	1.57272042613988e-05	-52.9319864967419
OX371318.1	294414179	294414179	+	0.00131313538854308	0.00562578792181086	-44.4553266407826
OX371318.1	303234961	303234961	+	2.69050209061654e-08	5.19665237564745e-07	-13.8949051733812
OX371318.1	303235002	303235002	+	5.5898380243891e-08	9.94429509975172e-07	-21.9600381146127
OX371318.1	303235143	303235143	+	0.000212555356741001	0.00124659877790428	-11.3977829691723
OX371318.1	303235158	303235158	+	3.25669207709795e-06	3.43639394906571e-05	-21.574530571806
OX371318.1	303235170	303235170	+	4.13816386486465e-05	0.000308999338585217	-16.0314091680815
OX371318.1	303235179	303235179	+	8.61019185715076e-07	1.07922983517493e-05	-18.8314501693137
OX371318.1	307616118	307616118	+	1.83326368362874e-14	1.34708650239131e-12	-37.3946737031659
OX371318.1	307616344	307616344	+	6.06979755855631e-16	5.97567015952379e-14	-90.2578796561605
OX371318.1	307616353	307616353	+	2.00691098951929e-11	8.79834842582177e-10	-39.7899089366381
OX371318.1	310276702	310276702	-	3.93085627039965e-11	1.60801728971551e-09	46.6666768654616
OX371318.1	316530181	316530181	-	0.000149260518613679	0.000920646208124617	-14.2268041237113
OX371318.1	316964183	316964183	-	0.000325336408187015	0.00178035612904892	-10.5263157894737
OX371318.1	316964403	316964403	+	0.00413847287891845	0.0140767948272613	-14.6911519198664
OX371318.1	317042718	317042718	-	0.00723953801566647	0.0216232370834512	-17.908235898154
OX371318.1	317043066	317043066	-	7.33469145344505e-08	1.25358932448636e-06	94.7739169604995
OX371318.1	317609925	317609925	+	1.19777013647436e-10	4.24675379315828e-09	15.6535986892059
OX371318.1	317609952	317609952	+	0.0012150280419147	0.00529623140139666	13.1051005328915
OX371318.1	317610123	317610123	+	0.00338996676591536	0.012065702893216	-12.3695368558382
OX371318.1	317610126	317610126	+	1.59645056603326e-10	5.58222211558143e-09	-15.7738095238095
OX371318.1	319499456	319499456	-	9.57590774275349e-05	0.000636736499165396	-48.5369044257314
OX371318.1	319881505	319881505	+	0.00139226590312836	0.00590956716894275	-35.9868327111764
OX371318.1	320828615	320828615	-	3.37620697522155e-06	3.54039912228201e-05	-14.736413427415
OX371318.1	320828639	320828639	-	0.000256997597929516	0.001453444357646	20.6033275938599
OX371318.1	322810367	322810367	-	2.70160964988554e-06	2.93623351044706e-05	-54.84235079934
OX371318.1	322810610	322810610	-	5.85682714923399e-08	1.03556794037338e-06	-56.3206737180541
OX371318.1	324695565	324695565	+	5.13828569605848e-05	0.000371164196788051	32.9014101410141
OX371318.1	324695742	324695742	+	0.000661528458840226	0.00319584515935793	-13.9744067875623
OX371318.1	330100750	330100750	+	0.0106004360285086	0.0288180462083336	-14.2870776865814
OX371318.1	330100774	330100774	+	2.56429340468256e-10	8.52360178704616e-09	32.9366358949129
OX371318.1	330100782	330100782	+	9.46584965590517e-10	2.7387445544549e-08	24.1523044610447
OX371318.1	330100986	330100986	+	4.95641485993887e-09	1.19380993893794e-07	21.1104185333801
OX371318.1	334254660	334254660	+	0.000396455493607866	0.00208839835293989	-30.8623960309354
OX371318.1	334254901	334254901	+	0.00519459495192545	0.0167516483291002	25.0495354326358
OX371318.1	336535350	336535350	-	3.36696156008782e-06	3.53669349654617e-05	24.0436075682436
OX371318.1	336535381	336535381	-	1.53635256015463e-05	0.000131892525237333	-14.9145346465688
OX371318.1	336535413	336535413	-	0.0034696254950831	0.0122860363678126	-13.7922915308266
OX371318.1	336535420	336535420	-	5.77657273147258e-05	0.000410771549271099	-23.5774197383611
OX371318.1	336535428	336535428	-	0.00801394022133178	0.0233331433106529	-28.2798708812961
OX371318.1	346570078	346570078	+	4.96648666482993e-07	6.64666890282419e-06	-10.9702432877775
OX371318.1	353559129	353559129	-	0.00717348929803618	0.021459956951915	-11.7008710431273
OX371318.1	363438413	363438413	+	1.85123195311947e-08	3.81544652155959e-07	-20.8987647473452
OX371318.1	369837800	369837800	-	1.64042519657502e-18	2.44622924734715e-16	-47.5751387416599
OX371318.1	370801898	370801898	-	4.04973294144532e-22	1.05295888458656e-19	-31.5334734096508
OX371318.1	371017366	371017366	-	0.0121948692463	0.0321026220225631	-11.640866873065
OX371318.1	372345926	372345926	-	1.77941408489316e-14	1.31706161427497e-12	-14.7517079124518
OX371318.1	372345987	372345987	-	1.22279000351184e-05	0.000108671552355765	11.7737154627187
OX371318.1	372345998	372345998	-	4.56357209414785e-11	1.80217479604587e-09	-37.5694292838963
OX371318.1	372346028	372346028	-	0.000666780392813963	0.00321188067745408	-11.7479989134799
OX371318.1	372346161	372346161	-	2.16691826282366e-08	4.33395308929781e-07	30.0701162674552
OX371318.1	372346208	372346208	-	3.97880144897064e-08	7.29586470528575e-07	20.8367321868646
OX371318.1	372673885	372673885	+	0.00105951358106713	0.00471217397818864	-37.8032949175337
OX371318.1	375502364	375502364	-	4.974424911319e-09	1.19530865550033e-07	-25.0497907345937
OX371318.1	380625790	380625790	+	4.12924873635429e-05	0.000308560857371988	21.8200923995474
OX371318.1	387128479	387128479	-	2.90286848041565e-06	3.12563571381538e-05	-70.3488303367732
OX371318.1	387128497	387128497	-	2.67327552909633e-07	3.87028743155252e-06	-17.2520361097234
OX371318.1	387128653	387128653	-	0.0163389978843613	0.0399715065471063	-35.4724663908997
OX371318.1	391877783	391877783	+	5.31986072351987e-05	0.0003828590390887	22.7155394867713
OX371318.1	391877814	391877814	+	7.62910297237152e-05	0.000523418029799014	-18.1660667914558
OX371318.1	391877826	391877826	+	3.80429653000657e-05	0.000287242027920208	-22.1397268138989
OX371318.1	391877838	391877838	+	0.000108400780145033	0.000708712749529181	15.2494868548944
OX371318.1	391877839	391877839	-	0.000324592807412161	0.00177820615476522	-11.2949903279363
OX371318.1	391877862	391877862	-	0.00231167642608104	0.00891632918131185	-13.4193262130384
OX371318.1	391878050	391878050	+	0.000800340911112123	0.00372791691018414	10.1996060229066
OX371318.1	394290172	394290172	+	1.14147807154513e-10	4.09007030306323e-09	48.975339861379
OX371318.1	394290184	394290184	+	8.91219989825659e-45	1.5062022928049e-41	60.4285967845899
OX371318.1	415766321	415766321	+	0.000103495653173531	0.000681476720303136	38.5346220599677
OX371318.1	426359744	426359744	-	1.36163271330629e-16	1.53414745192246e-14	-49.9473189392466
OX371318.1	426359979	426359979	-	9.81220406666984e-12	4.58690506328038e-10	-42.0519901938445
OX371318.1	426379043	426379043	-	6.36552005741234e-15	5.33455449860213e-13	14.1266824059743
OX371318.1	426379176	426379176	-	9.20699622139399e-05	0.000615029332568541	10.3762525997353
OX371318.1	431302415	431302415	+	0.00178133655896607	0.00723108027501098	-17.5233348517735
OX371318.1	431302439	431302439	+	0.000840158738191455	0.00388456858124722	-16.4132604166286
OX371318.1	436131581	436131581	+	5.0760366922586e-19	8.4380977759255e-17	-79.1082802547771
OX371318.1	440061552	440061552	+	0.00063912278306046	0.00310386940921773	-11.0963111989856
OX371318.1	440061586	440061586	+	3.14783408204277e-07	4.46432113176474e-06	-18.3023499336524
OX371318.1	456542664	456542664	+	4.76051784357617e-08	8.52878962136229e-07	14.2354430379747
OX371318.1	459073222	459073222	+	2.6570764844716e-05	0.000211487285790934	-19.8621494696499
OX371318.1	459073269	459073269	+	2.2048701409582e-11	9.47372227014255e-10	32.6371887396306
OX371318.1	468112840	468112840	+	0.0108089338531368	0.0292593532199301	-35.9215031177122
OX371318.1	474794660	474794660	+	1.43713938874963e-09	3.94931852277162e-08	-33.4179836837598
OX371318.1	474818337	474818337	+	0.00111835559728246	0.00493921200458018	10.6405035863718
OX371318.1	474818546	474818546	+	3.83199915942853e-17	4.68162850208254e-15	-36.9979426975199
OX371318.1	475011939	475011939	+	0.00730773647194038	0.0217309210687722	10.5072824392024
OX371318.1	477034233	477034233	-	1.14422198762788e-09	3.2140506967005e-08	20.1609612700709
OX371318.1	477034248	477034248	-	3.322662634491e-05	0.000256225541201187	23.4696213066999
OX371318.1	477034256	477034256	-	0.000346675781192087	0.00187287531658396	14.2482874263195
OX371318.1	477034389	477034389	-	3.12259512390736e-07	4.44094897240849e-06	30.5274841903049
OX371318.1	477034491	477034491	-	3.03071605058272e-06	3.24522569290725e-05	-16.2275251522557
OX371318.1	479549027	479549027	+	1.3842081931697e-18	2.12670433182821e-16	-30.2869875222816
OX371318.1	479549036	479549036	+	0.019047048571576	0.0449168063175328	-31.2179358573844
OX371318.1	481165002	481165002	+	7.87886084333151e-08	1.32934771600019e-06	-35.9637949668056
OX371318.1	481165014	481165014	+	1.11291821490514e-05	0.000100941808786115	-19.7984906176611
OX371318.1	481165182	481165182	+	0.00210396638857151	0.00826929960818997	15.7339938491647
OX371318.1	484569917	484569917	+	0.00735575346439535	0.0218416826481845	12.1069226218683
OX371318.1	484569920	484569920	+	1.7657383763994e-06	2.02546026037349e-05	11.9069936329398
OX371318.1	484569949	484569949	+	1.18277770445767e-29	5.99684424946917e-27	34.1744966883397
OX371318.1	484570097	484570097	+	4.47357759640025e-11	1.78595657063447e-09	24.8007769377581
OX371318.1	484570127	484570127	+	0.00822147704264467	0.0238058307919556	10.4120612443002
OX371318.1	486720532	486720532	+	2.92511198174967e-07	4.18355899192593e-06	38.9576852516551
OX371318.1	486720561	486720561	+	0.000772029389032031	0.00361931972180052	37.3258622626671
OX371318.1	486806968	486806968	+	1.41151931074754e-08	3.02604456042116e-07	-26.7842154010912
OX371318.1	491224496	491224496	-	0.0129499009750873	0.0336017215144728	12.2222222222222
OX371318.1	492957223	492957223	-	0.00315544876305188	0.0113990420499756	12.0727548313755
OX371318.1	492957235	492957235	-	3.69785188043727e-14	2.62218367641204e-12	-40.6093505103406
OX371318.1	495452787	495452787	-	0.00103912186445287	0.00464146212900731	-14.6522076087829
OX371318.1	495453033	495453033	-	1.10422576223408e-09	3.11031955042615e-08	16.9119537538177
OX371318.1	495453088	495453088	-	1.00061032181778e-13	6.63167422023297e-12	17.2660306726241
OX371319.1	8102099	8102099	+	1.37523159476405e-07	2.14872472019564e-06	17.2527834663277
OX371319.1	8102240	8102240	+	2.38003119374212e-09	6.14100900864162e-08	-16.8168218643897
OX371319.1	17439605	17439605	-	2.46248353255212e-08	4.84859312747504e-07	14.4035947712418
OX371319.1	17439677	17439677	-	1.08931192680519e-11	4.99815385650479e-10	14.5137636735185
OX371319.1	32479464	32479464	+	0.00406855962242379	0.0139003720278123	-14.6217588879979
OX371319.1	32479488	32479488	+	2.1170341269617e-05	0.000174389142326038	-15.3921955065037
OX371319.1	32479746	32479746	+	7.62859438399501e-06	7.23629818329752e-05	20.7628611698379
OX371319.1	36571412	36571412	+	1.478907781363e-10	5.22527116428802e-09	45.4519133579607
OX371319.1	36571560	36571560	+	0.017305861611821	0.0417923687840686	-22.2572164347178
OX371319.1	45428329	45428329	-	0.00524249885807034	0.0168763073629362	-14.4379029997197
OX371319.1	62595271	62595271	-	0.0065920969364487	0.0200918727923682	12.2956016378286
OX371319.1	62595346	62595346	-	0.00034589768989377	0.00186966786314309	-15.8887611015271
OX371319.1	62595349	62595349	-	8.07954341672402e-06	7.60712848258332e-05	-16.390977443609
OX371319.1	62595421	62595421	-	0.00186620550566473	0.00751840794301877	13.8840968628203
OX371319.1	62595427	62595427	-	7.36017556738463e-07	9.39977173474678e-06	-28.7425082619168
OX371319.1	97669854	97669854	-	8.1390518210559e-09	1.85049787459445e-07	-46.5057948451825
OX371319.1	97669944	97669944	-	1.72436939202754e-07	2.65334991164199e-06	41.6350234532053
OX371319.1	97670059	97670059	-	0.00149372074140945	0.0062693442451473	-17.2466437392358
OX371319.1	97670085	97670085	-	4.65356067754501e-05	0.000340464461927983	-13.8024125235019
OX371319.1	97670155	97670155	-	3.69866509831944e-15	3.2055959678465e-13	47.631505868253
OX371319.1	186234057	186234057	-	0.0188308357246112	0.044551985517972	18.9732142857143
OX371319.1	238617599	238617599	-	0.0115329492270493	0.030759403080502	-16.2429438081184
OX371319.1	238617840	238617840	-	1.58953257903069e-06	1.84631086600875e-05	-17.6905001678416
OX371319.1	298155730	298155730	+	0.00599895767491408	0.018734544780719	11.2747428267194
OX371319.1	320523135	320523135	-	3.56464418576329e-24	1.09534740058566e-21	44.6242078173899
OX371319.1	320523339	320523339	-	0.00552510692722529	0.0175572061972912	-13.6540044345638
OX371319.1	332014586	332014586	-	6.97689057502861e-05	0.000484572419309101	-26.6293425208154
OX371319.1	332014838	332014838	-	0.0163843412206009	0.0400437908974668	-13.8278793238994
OX371319.1	336856711	336856711	-	0.00014584245592165	0.000905622950557733	13.6156311637081
OX371319.1	336856954	336856954	-	9.06439252820392e-11	3.33026856315365e-09	54.6830132507204
OX371319.1	336856993	336856993	-	0.000210318179867604	0.00123633837876006	27.6463116443142
OX371319.1	339063036	339063036	-	2.61206954752838e-05	0.000208231899328158	-15.2234112130025
OX371319.1	339063099	339063099	-	0.0167176574104931	0.0406624143687963	-10.1458456707661
OX371319.1	341231504	341231504	+	9.16428234611299e-10	2.67035409021024e-08	45.0511484269446
OX371319.1	341231531	341231531	+	9.40018528330746e-07	1.16671288200285e-05	-17.8873444436358
OX371319.1	341231539	341231539	+	7.7030913079983e-15	6.3505241224542e-13	34.177657071444
OX371319.1	343788531	343788531	+	0.00340522824481328	0.0120987887529849	13.3488470488682
OX371319.1	343788702	343788702	+	0.000756784936172551	0.00355772167300943	-16.248856522753
OX371319.1	343788728	343788728	+	1.86159409047303e-05	0.000155880031254135	23.178933742314
OX371319.1	402016458	402016458	-	0.00519478377800371	0.0167516483291002	-14.1569064881948
OX371319.1	402016521	402016521	-	0.00375713126419633	0.0130967121660755	-13.4108246177212
OX371319.1	402799483	402799483	-	0.000843077929208127	0.00389477910365136	-26.9164684113138
OX371319.1	402799544	402799544	-	6.20806366706561e-08	1.09101314891366e-06	-16.1077748327858
OX371319.1	402799700	402799700	-	0.00343243102834619	0.012169855505239	26.9928677890146
OX371319.1	402799726	402799726	-	1.32803323530146e-11	5.95868106054831e-10	26.7118841397802
OX371319.1	402799762	402799762	-	0.000295265484065905	0.00163354625627704	-15.7028629295977
OX371319.1	402799796	402799796	-	1.99913328897999e-05	0.00016616194072481	21.5073123774741
OX371319.1	416651145	416651145	-	0.0131216620143931	0.0339431712910817	-14.3202284208214
OX371319.1	416891166	416891166	+	4.54225193072327e-05	0.000334492907578178	49.6711904838658
OX371319.1	416891181	416891181	+	1.98101901018503e-08	4.04186580305594e-07	54.1388088081948
OX371319.1	416891402	416891402	+	3.28195082773509e-17	4.05852152082101e-15	66.4832549627843
OX371319.1	428326016	428326016	+	0.000318366043173822	0.00174812137979418	10.9612991288289
OX371319.1	428336235	428336235	-	0.00939234616947017	0.0263606287593088	26.3647923634337
OX371319.1	428336266	428336266	-	3.0528925339628e-06	3.25864872646711e-05	40.8490351872872
OX371319.1	428336290	428336290	-	0.000430096641116998	0.00223312710702012	37.764035237145
OX371319.1	428336502	428336502	-	0.00661093208974407	0.0201432254722007	-26.5762711864407
OX371319.1	428336548	428336548	-	0.0102976252698282	0.0282294481425557	34.6371508509064
OX371319.1	440986919	440986919	-	0.00484286494777819	0.0158925473630486	23.3001118946629
OX371319.1	448654423	448654423	-	0.00898006518725575	0.0255109133220815	13.8922729365808
OX371319.1	448654594	448654594	-	0.0082522461129075	0.0238676629199824	12.121635726534
OX371319.1	449193185	449193185	-	0.000250622984905787	0.00142215188509672	21.9347268965943
OX371319.1	449193437	449193437	-	0.000506036417163509	0.00255799964106178	18.3710821322352
OX371319.1	460671988	460671988	-	0.00664323346873191	0.0202176623012204	-10.113466503601
OX371319.1	465360467	465360467	+	8.53540331300877e-05	0.000578551587106792	30.7849936948298
OX371319.1	468322096	468322096	-	0.00220145422132866	0.00856942272586504	15.4407844531095
OX371319.1	475046197	475046197	-	9.58822051481632e-06	8.83883372631534e-05	23.0485772878749
OX371319.1	475046409	475046409	-	2.13625482236885e-08	4.28954584431123e-07	32.9281250562789
OX371319.1	477232016	477232016	-	2.77794693249664e-08	5.31493198441634e-07	26.4333552441059
OX371319.1	477232240	477232240	-	2.81347976866305e-09	7.16820406203705e-08	-38.2966675949132
OX371319.1	477232252	477232252	-	9.38163853687949e-06	8.66415058220855e-05	21.6977914608067
OX371319.1	477232283	477232283	-	2.98651850127458e-06	3.20466794793334e-05	25.8387428197824
OX371319.1	477777800	477777800	-	2.47335397490255e-06	2.72613954962999e-05	38.0461943675289
OX371319.1	477777836	477777836	-	1.19424573764042e-05	0.000106508157282822	-36.6519486992954
OX371319.1	477777862	477777862	-	0.00183181811830821	0.00739161771046749	34.8217892112484
OX371319.1	477778007	477778007	-	0.00818417057238255	0.0237181256503226	28.5696186494362
OX371319.1	477778079	477778079	-	0.000167501097206289	0.00101706994478395	-32.7633076037909
OX371319.1	483899578	483899578	+	1.75980743314535e-09	4.69603350515148e-08	-23.5487364620939
OX371319.1	483899581	483899581	+	1.51191532560363e-24	4.79101054442629e-22	39.012612278424
OX371319.1	483899860	483899860	+	0.00493538785244546	0.016149521739219	-14.3954587997909
OX371319.1	487998227	487998227	+	1.9437003665903e-08	3.98174784188396e-07	17.8408699314623
OX371319.1	487998368	487998368	+	2.35898035232063e-10	7.94707778432197e-09	-21.5764539982402
OX371319.1	491145166	491145166	-	4.73321873919624e-06	4.74270048352646e-05	11.9012360278328
OX371319.1	493197468	493197468	-	0.00947995448495511	0.0265111207720841	-20.4623466272212
OX371319.1	493197711	493197711	-	0.0156880601179747	0.0387624776213726	-11.2861905597473
OX371319.1	493197747	493197747	-	0.000126176072980542	0.000804691692879851	-15.3022839229736
OX371320.1	8892391	8892391	-	2.49353375741018e-16	2.7188292854624e-14	-19.4839976363394
OX371320.1	9013853	9013853	-	5.03156611658034e-06	4.98743427834107e-05	41.9862348739641
OX371320.1	10758143	10758143	+	0.000381339639759206	0.00202667083274543	23.0783852518269
OX371320.1	10758146	10758146	+	5.71171690656302e-07	7.48299317487383e-06	32.1913691414164
OX371320.1	10758175	10758175	+	0.00147890612326458	0.00621230796517667	11.923914358292
OX371320.1	17427751	17427751	-	0.00279053605017585	0.0103689251022607	11.9319158732271
OX371320.1	17427931	17427931	-	8.14346732339416e-08	1.36490875379918e-06	22.7948282467848
OX371320.1	17427946	17427946	-	6.2974690468756e-05	0.000440896602482083	17.1693639546745
OX371320.1	17427958	17427958	-	0.00785759986608123	0.0229686381158389	-15.5815919017787
OX371320.1	45801884	45801884	+	0.00265784933649558	0.00997458073281495	-30.3286313876509
OX371320.1	45802061	45802061	+	0.0196268058779825	0.0459314941998574	10.4827331974077
OX371320.1	46240604	46240604	-	0.00411819687318697	0.0140331053698181	17.5081433224756
OX371320.1	52952207	52952207	+	1.82222725714703e-05	0.000153343413763826	29.4137225744456
OX371320.1	52952268	52952268	+	0.000166811225447257	0.00101348790893096	-20.9622207710526
OX371320.1	56933595	56933595	+	0.000295448052985244	0.00163354625627704	-10.8311835408357
OX371320.1	63360697	63360697	-	3.87197669577352e-16	3.88741581077107e-14	42.7347662687059
OX371320.1	63360894	63360894	-	2.18890849682309e-05	0.000179290219166646	-11.8327271459903
OX371320.1	63360921	63360921	-	0.000882780114779744	0.0040450208414278	-17.6325647263051
OX371320.1	63800157	63800157	-	1.25423543269839e-15	1.20749843960846e-13	24.480316811102
OX371320.1	63800335	63800335	-	0.000465642877751458	0.0023799121844314	23.4735111435879
OX371320.1	63800343	63800343	-	0.00250372194620274	0.00950877279691153	10.4425594689286
OX371320.1	63800355	63800355	-	0.0115512055405533	0.030789155920112	-11.6947099030948
OX371320.1	63800367	63800367	-	0.00318688694715923	0.01148253862011	-19.3718172071831
OX371320.1	80689573	80689573	+	0.00827552495723406	0.0239145283635524	-44.6696530708374
OX371320.1	80689823	80689823	+	0.00246082328729082	0.00937041654778545	18.5255198487713
OX371320.1	84299237	84299237	-	0.00179308147748823	0.00726131597601907	47.0286627018287
OX371320.1	84299378	84299378	-	2.64110710791417e-09	6.76301676166369e-08	-43.0705868308406
OX371320.1	84534411	84534411	-	0.000412854676979491	0.00216019557342731	16.8108402109395
OX371320.1	84534581	84534581	+	1.49138147844232e-12	8.35525686840241e-11	32.2875496760847
OX371320.1	84534651	84534651	+	0.00741670260144105	0.0219776116644317	12.7421117035224
OX371320.1	85760204	85760204	+	0.000433317169993415	0.002246397894245	46.4636542239686
OX371320.1	85902271	85902271	+	9.80164134697309e-12	4.58690506328038e-10	-50.5402861445783
OX371320.1	85902279	85902279	+	0.00691979498889277	0.020846288890133	-44.4239071426725
OX371320.1	85902383	85902383	+	0.00341114494438448	0.012115565691179	-46.484701738939
OX371320.1	100651891	100651891	+	1.98120748375071e-07	3.0074826668482e-06	86.2525413593781
OX371320.1	116327889	116327889	+	0.00194936679767449	0.00778539227014951	-19.4184886459775
OX371320.1	116328120	116328120	+	3.10952058572517e-12	1.65954667317484e-10	-90.2562757813839
OX371320.1	116673415	116673415	+	0.000566807684712267	0.00281192979789452	-31.7098013064515
OX371320.1	116673611	116673611	+	5.5513077981733e-05	0.000396420951172627	-28.7465940054496
OX371320.1	118280547	118280547	+	9.15839829547018e-06	8.4882347956829e-05	-49.3866036701291
OX371320.1	118280643	118280643	+	5.80530735162726e-05	0.000411948214213728	-37.4712274122738
OX371320.1	127735480	127735480	+	3.56203944314809e-07	4.98207605776886e-06	57.057235946314
OX371320.1	149114096	149114096	+	0.00256324766374032	0.00967685419876079	-52.9234916027369
OX371320.1	151655588	151655588	+	0.0153420512535693	0.0381145933261448	-19.3136453912015
OX371320.1	151655595	151655595	+	0.000134076840500186	0.000848144559627533	-45.0269738512313
OX371320.1	151655740	151655740	+	0.0142655717295948	0.0359932291486844	30.4502323518925
OX371320.1	151655812	151655812	+	4.20532713777413e-06	4.26858499343652e-05	-52.71897506804
OX371320.1	158489490	158489490	+	0.00312365102053716	0.0112962458106528	-13.0605688745224
OX371320.1	158489649	158489649	+	1.54555507297223e-21	3.48274443443517e-19	-83.1317204301075
OX371320.1	158489670	158489670	+	0.000370028591590134	0.00197172403342752	-21.3528632039019
OX371320.1	158489709	158489709	+	1.33691566122228e-19	2.37836656458878e-17	-85.2829602343569
OX371320.1	161578294	161578294	-	0.00223028300544793	0.00865175131378863	-27.5213228690339
OX371320.1	196427540	196427540	-	0.00141882592315084	0.00600220350991823	-14.6224146224146
OX371320.1	196427563	196427563	-	0.00268684039372693	0.0100386846100038	-18.7523193007051
OX371320.1	211525911	211525911	+	0.0077817198459355	0.022819190724412	-11.9249641044194
OX371320.1	231670123	231670123	+	4.43864884102339e-09	1.08194975453294e-07	-12.7074374900462
OX371320.1	240092105	240092105	-	5.7125662354456e-08	1.01448300525443e-06	21.8456275407699
OX371320.1	240723515	240723515	-	6.92367246636376e-11	2.62951037764934e-09	-54.7832140015911
OX371320.1	240723556	240723556	-	6.16411344260763e-05	0.0004337667691179	61.738620313838
OX371320.1	249715510	249715510	-	9.42569148106802e-08	1.54159810098647e-06	32.6582042568013
OX371320.1	253299818	253299818	-	3.84628791107365e-09	9.5360411750364e-08	23.6283046203721
OX371320.1	270495321	270495321	-	4.2144277754373e-07	5.75949420920856e-06	23.9135338571574
OX371320.1	270495360	270495360	-	8.19332310405656e-06	7.69995651694145e-05	-31.9363561547204
OX371320.1	270495528	270495528	-	2.34469615402499e-13	1.45864162358288e-11	-47.0430798840253
OX371320.1	270495537	270495537	-	3.23192576661856e-09	8.15239022582393e-08	-47.9142449809695
OX371320.1	270495540	270495540	-	0.00781262737905629	0.022876746272073	-23.6046183940057
OX371320.1	281027971	281027971	+	2.16653321571091e-08	4.33395308929781e-07	13.0614338848275
OX371320.1	282406312	282406312	+	0.00552918230953784	0.0175572061972912	-17.3084077380952
OX371320.1	283050746	283050746	+	0.00411948078581293	0.0140331053698181	-15.6309787064874
OX371320.1	284987859	284987859	-	0.00540504026074113	0.0172734265193206	17.9526795044036
OX371320.1	284987968	284987968	-	3.59431819092306e-09	8.99934980853268e-08	27.2144911683682
OX371320.1	284988000	284988000	-	4.67091590682144e-14	3.28919174870318e-12	-14.3205708070335
OX371320.1	286163441	286163441	+	0.0048227398291683	0.0158470178744158	-10.7662490964435
OX371320.1	286163459	286163459	+	4.52517271201122e-06	4.55223069819505e-05	-52.4370671332109
OX371320.1	286593820	286593820	-	0.000751504158467178	0.00353945988041652	14.139456104503
OX371320.1	286593846	286593846	-	0.000446436314404293	0.00230029775580183	13.1568245608381
OX371320.1	286594044	286594044	-	0.000148320338262404	0.000917078464013488	-11.2747653334202
OX371320.1	286808220	286808220	+	8.17340089338205e-08	1.3676652503008e-06	14.0803636160839
OX371320.1	286808322	286808322	+	9.69362952453972e-07	1.19873228165824e-05	13.3916442393951
OX371320.1	287047412	287047412	-	8.88882466544043e-06	8.27533089355551e-05	-15.6280525640002
OX371320.1	287635894	287635894	-	2.4602519060926e-08	4.84859312747504e-07	18.9663699307616
OX371320.1	287635928	287635928	-	5.35316049118565e-05	0.000384982321514069	22.2569091857178
OX371320.1	289918832	289918832	+	2.07859667471034e-08	4.21550743431301e-07	11.0457151135117
OX371320.1	289919010	289919010	+	0.00042862089533726	0.0022277461687994	14.8915977527876
OX371320.1	291043117	291043117	+	2.14416899461202e-09	5.61820629941293e-08	-11.9875858350017
OX371320.1	291043125	291043125	+	0.00547471483793428	0.0174411252154258	11.7176879527816
OX371320.1	291043158	291043158	+	0.000227812323267331	0.00131929131271522	20.358347386172
OX371320.1	291043273	291043273	+	5.60266577054494e-10	1.74271653107611e-08	-12.2297544240223
OX371320.1	291043303	291043303	+	0.000629516869744626	0.00306014992599689	12.9341468016856
OX371320.1	291043314	291043314	+	1.07187677232772e-05	9.75684273019022e-05	-25.4749619663838
OX371320.1	291043329	291043329	+	1.29335127433248e-05	0.00011374618086641	-12.6291600434415
OX371320.1	291043375	291043375	+	3.30455114188808e-05	0.000255599159572583	-19.1549372415294
OX371320.1	295241519	295241519	-	1.2333333533024e-06	1.48179343200571e-05	14.8769305019305
OX371320.1	295241539	295241539	-	0.000235089883613239	0.00135119839542801	16.3169660807051
OX371320.1	298211232	298211232	-	7.17832303264943e-07	9.22562145443962e-06	-17.2591997761271
OX371320.1	298211421	298211421	-	8.98188511480123e-17	1.03498596214904e-14	53.5486148902537
OX371320.1	298211444	298211444	-	1.21757622621407e-08	2.65517311829122e-07	-11.0775748836013
OX371320.1	301025954	301025954	-	1.26380741369761e-13	8.16264449021845e-12	38.0817271126957
OX371320.1	301026015	301026015	-	0.0149081254686254	0.0372345955921827	-11.0334662659508
OX371320.1	301026197	301026197	-	4.96848079321411e-07	6.64666890282419e-06	32.7087008070353
OX371320.1	302253435	302253435	-	1.33721838728447e-05	0.000117096365656203	-16.251333169251
OX371320.1	302253447	302253447	-	0.00110165796524547	0.00487608564808441	-11.4591024694397
OX371320.1	306845999	306845999	+	1.75608176697444e-08	3.64900574764585e-07	15.973743569771
OX371320.1	306846101	306846101	+	6.78403037554502e-06	6.52674745712797e-05	13.5838061959434
OX371320.1	317501772	317501772	-	2.17097750976555e-10	7.3873503469121e-09	-45.8406783644763
OX371320.1	322256448	322256448	+	4.45078437944542e-07	6.04178948565755e-06	-27.8299652458074
OX371320.1	329841782	329841782	-	0.00887830924425798	0.0252676051343931	-27.6448119137414
OX371320.1	329841789	329841789	-	1.89939557844397e-08	3.89886420696312e-07	-11.1698749701524
OX371320.1	329841809	329841809	-	2.71456962897483e-11	1.15657463760405e-09	-28.3829303114125
OX371320.1	338443591	338443591	-	1.11228892997037e-06	1.36218757263598e-05	24.8297164429402
OX371320.1	341341539	341341539	+	6.91635099763285e-08	1.19206892872213e-06	12.454679692547
OX371320.1	349147790	349147790	+	0.000668181771653884	0.00321573108493718	-12.2273692337387
OX371320.1	349148060	349148060	+	0.000422040986031096	0.00219918329930237	10.4183080330279
OX371320.1	350500975	350500975	-	3.32371431583531e-08	6.25294427274781e-07	-15.6729124814231
OX371320.1	350500978	350500978	-	3.41277859209709e-11	1.43002089593646e-09	-12.9888767441834
OX371320.1	351799113	351799113	+	2.96392846965819e-07	4.22715091792716e-06	-10.3216093616462
OX371320.1	352468090	352468090	-	7.07895342146831e-09	1.62403887595812e-07	24.1832879604422
OX371320.1	356242405	356242405	-	0.000315977005524894	0.00173852035353737	18.0258175708125
OX371320.1	356390579	356390579	+	2.4856758427177e-06	2.73674603222051e-05	27.9738741400414
OX371320.1	356390756	356390756	+	1.31785224435287e-06	1.56847196854302e-05	30.4411086160756
OX371320.1	356390790	356390790	+	0.00296262466285505	0.0108611070390074	24.6572145399382
OX371320.1	362313883	362313883	+	0.0002276519205594	0.00131929131271522	-10.6734825267992
OX371320.1	362313939	362313939	+	3.06206496672375e-16	3.20104885270166e-14	30.0891615541922
OX371320.1	362314075	362314075	+	1.97458398095571e-14	1.44049065394207e-12	10.6258862827316
OX371320.1	362314150	362314150	+	8.07483184966986e-15	6.55830741261492e-13	26.0524293514087
OX371320.1	370525399	370525399	-	0.000122865444395574	0.00078803865586887	11.6230158730159
OX371320.1	377593966	377593966	+	0.000388470438451534	0.00205510836187011	26.2283500804097
OX371320.1	377594062	377594062	+	9.76741803315108e-20	1.86876005089497e-17	48.2095368132899
OX371320.1	377594177	377594177	+	9.64752174812579e-06	8.88542249484926e-05	32.5293007954469
OX371320.1	377594233	377594233	+	6.14041863367979e-09	1.44133147234121e-07	-22.1458933511291
OX371320.1	381974598	381974598	+	4.73026589578735e-17	5.7102602685477e-15	12.2846327452023
OX371320.1	384014591	384014591	+	0.000156502527299355	0.000959479026192809	-32.2568660535342
OX371320.1	384014603	384014603	+	2.14949582043416e-05	0.00017671337729745	-35.7725734920043
OX371320.1	384014623	384014623	+	0.0201532072976376	0.0468391057362614	32.6703332254934
OX371320.1	384014630	384014630	+	0.00302911173442437	0.0110172234965729	-12.8706907645452
OX371320.1	384014827	384014827	+	0.000462828071439726	0.00236910796074532	-31.4518589930006
OX371320.1	384494295	384494295	+	2.64669035764238e-07	3.83950816182214e-06	-19.9272153650302
OX371320.1	384494307	384494307	+	0.0182077836441401	0.0434029847914575	-12.0828610423558
OX371320.1	384494322	384494322	+	0.00177553915894872	0.0072133218388191	19.5583896701814
OX371320.1	390353201	390353201	-	5.33611444570002e-09	1.2701797132239e-07	-49.5650022068451
OX371320.1	402029647	402029647	-	1.61217602775257e-05	0.000137608624627797	-18.1230407523511
OX371320.1	402029677	402029677	-	8.881213676388e-05	0.000597597404298333	-15.8533972742704
OX371320.1	402029825	402029825	-	4.8027060570539e-06	4.80283523150406e-05	24.7160493827161
OX371320.1	402530222	402530222	+	3.60067652923554e-07	5.02917934010167e-06	19.9497394937134
OX371320.1	402530574	402530574	-	5.81843745509042e-06	5.67858928211699e-05	17.2629607727183
OX371320.1	406843635	406843635	+	5.27312020153162e-22	1.33677192418055e-19	-18.3572253341195
OX371320.1	408489726	408489726	-	2.49270274560962e-09	6.41540245393478e-08	-23.5596565980151
OX371320.1	408489738	408489738	-	5.91097576355181e-32	4.61068510205496e-29	-26.3336347069775
OX371320.1	417051563	417051563	+	0.0142353160678849	0.0359449932244829	-13.5829228243021
OX371320.1	417051564	417051564	-	2.32949786243805e-05	0.000188679283693384	-25.0395712911897
OX371320.1	417051645	417051645	-	1.16366583245724e-10	4.15489045933987e-09	-33.3789993192648
OX371320.1	417051833	417051833	-	0.00232442652468724	0.00895528833390401	-20.7827698691038
OX371320.1	417051840	417051840	-	3.30863033935941e-05	0.000255719618863059	-21.0330242074504
OX371320.1	417051870	417051870	+	9.30143763029713e-05	0.000620866696437537	-12.3193392980041
OX371320.1	417051871	417051871	-	0.000113149905984102	0.000734552436455863	-23.3395388951996
OX371320.1	417051879	417051879	+	0.000106843144840876	0.000700335247398828	-13.5302197802198
OX371320.1	417051880	417051880	-	4.45882742259546e-06	4.49887821979706e-05	-28.9893125742182
OX371320.1	417051885	417051885	+	4.32588941878333e-05	0.000320421464532405	-27.0283299276755
OX371320.1	417051886	417051886	-	8.33873229819339e-10	2.44384450009822e-08	-40.3379890502306
OX371320.1	417051895	417051895	+	0.00296973746376755	0.0108793164057089	26.817747110973
OX371320.1	417051896	417051896	-	0.00317027723098973	0.0114363129645318	30.1835393790176
OX371320.1	417051913	417051913	+	0.00136999556403354	0.00583948241044723	-10.6749311294766
OX371320.1	417051937	417051937	-	0.00290575004455463	0.0107029051685684	-11.3405820116049
OX371320.1	417051953	417051953	-	1.22894167699429e-08	2.66848046480384e-07	-15.603984668459
OX371320.1	419495374	419495374	+	5.93282765884431e-05	0.000419821985377447	-20.3459562147378
OX371320.1	423079867	423079867	+	1.21997197083111e-05	0.000108516214946104	-28.8961737885667
OX371320.1	425955397	425955397	+	0.000783193204405147	0.00365981229991467	-12.7104514694825
OX371320.1	427073528	427073528	-	0.00126934579371842	0.00548657823253252	-10.8686633391655
OX371320.1	427073543	427073543	-	2.34813140561475e-07	3.45583350542928e-06	32.4111238407599
OX371320.1	434746239	434746239	+	0.00204777812652227	0.00808607036132374	26.2786596119929
OX371320.1	435110131	435110131	-	0.0129942336369767	0.0336908905550612	-15.2406103286385
OX371320.1	436741147	436741147	+	4.1323621889366e-13	2.45048418735011e-11	-38.4568796226623
OX371320.1	442003049	442003049	+	0.000143005615416945	0.000890734608021682	-14.0334662317265
OX371320.1	442003052	442003052	+	3.67162025030057e-07	5.11418003970125e-06	-15.4999539000553
OX371320.1	442003057	442003057	+	0.000294221350016492	0.00162942912689983	-20.7395966895909
OX371320.1	442003096	442003096	+	0.00922242444447337	0.026020561790102	-10.6641256641257
OX371320.1	444228785	444228785	+	0.000121552950593838	0.000780608023955813	-20.2425208001416
OX371320.1	444228797	444228797	+	0.00784369040472488	0.0229350976538683	-10.4655294953802
OX371320.1	450801139	450801139	+	0.00590368082858596	0.0184861777119529	-20.1783181357649
OX371320.1	450801374	450801374	+	2.26530310148893e-09	5.92030702552436e-08	-71.6699495912229
OX371320.1	451056207	451056207	+	1.24226466135276e-05	0.000110052861221744	-43.1657784435806
OX371320.1	451056489	451056489	+	0.00353070356092051	0.0124703228933775	-12.8815308889217
OX371320.1	460407957	460407957	-	2.40878466701474e-13	1.480045201841e-11	55.6038374952666
OX371320.1	462659402	462659402	+	3.94815048048749e-05	0.00029638437738309	-17.7752066272245
OX371320.1	464371193	464371193	-	2.52519267339946e-05	0.000203384768841791	17.6935916185961
OX371320.1	464371201	464371201	-	8.49916563723346e-05	0.000577252896957883	17.9188844251715
OX371320.1	470192815	470192815	-	3.7104414002301e-07	5.16116429861412e-06	-27.9849176330172
OX371320.1	470192969	470192969	-	1.50121581514832e-10	5.2673833176813e-09	-28.170061502003
OX371320.1	470193022	470193022	-	8.60836342244791e-09	1.94412367124946e-07	15.8244124044451
OX371320.1	470193031	470193031	-	9.10824693771162e-06	8.45788534942696e-05	26.8084219123873
OX371320.1	470994636	470994636	+	0.00064231597137156	0.00311788373709465	-18.2448508257593
OX371320.1	470994691	470994691	+	0.000107539989509436	0.000703992784192208	-25.9473658689113
OX371320.1	470994903	470994903	+	0.0143248587966856	0.0360912423105203	-15.9922228114032
OX371320.1	478481116	478481116	+	0.000516211091683424	0.00259648871751642	18.2075726842461
OX371320.1	478481283	478481283	+	0.000289863375050706	0.00160886476785363	-11.2861868519638
OX371320.1	478481341	478481341	-	2.62586468668173e-09	6.74100862477651e-08	-11.8905349701796
OX371320.1	484854801	484854801	-	0.000200290270336409	0.00118841308708623	-23.5249427581907
OX371320.1	484854934	484854934	-	5.30963692828936e-07	7.01970880516985e-06	21.9821113074205
OX371320.1	485401943	485401943	-	0.0132894020002861	0.0342112619104505	-10.5883137601004
OX371320.1	485402058	485402058	-	0.00091687781040305	0.00417672554136189	12.2953177232575
OX371320.1	485402091	485402091	-	2.74628650652559e-05	0.000217903710198736	-23.7188647446701
OX371320.1	485402120	485402120	-	0.00326205564856907	0.0117007902115426	-26.9576635082863
OX371320.1	487199241	487199241	+	1.75008655052657e-06	2.0103807572748e-05	-13.3821038913617
OX371320.1	487199412	487199412	+	0.0029897496382911	0.0109250006192925	-15.6347435238237
OX371320.1	487199451	487199451	+	0.00894811830061783	0.0254377235671895	11.38176827832
OX371320.1	489908009	489908009	-	0.0053323737756803	0.0171058919231747	-12.1739130434783
OX371320.1	492433159	492433159	+	0.00131320333970029	0.00562578792181086	-12.0494699646643
OX371320.1	499132137	499132137	-	4.14020104977654e-08	7.53730121911579e-07	-22.0306956438358
OX371320.1	503759763	503759763	+	3.96159499740532e-08	7.27747349795094e-07	-14.6165256085856
OX371320.1	503759970	503759970	+	0.0090455057843447	0.025657033736889	12.3964479408785
OX371321.1	2864807	2864807	+	1.49345650146566e-05	0.000128666578004931	15.6494848482554
OX371321.1	34102731	34102731	+	2.59331722607812e-05	0.000207389147797843	12.4401913875598
OX371321.1	34102752	34102752	+	0.000227812320928146	0.00131929131271522	16.1420699882238
OX371321.1	41375742	41375742	-	2.40267744045814e-06	2.65400920717986e-05	-12.5953843062492
OX371321.1	41851122	41851122	-	0.00637071224990452	0.0195801478467075	18.7316813216094
OX371321.1	41851290	41851290	-	0.000361202439546038	0.00193486066917753	17.5310744367367
OX371321.1	51960174	51960174	-	1.42380687690635e-05	0.000123662602640866	22.7124716513268
OX371321.1	51960386	51960386	-	7.59870494286353e-14	5.20627976315618e-12	36.4177342278872
OX371321.1	54817283	54817283	+	0.000225192714226156	0.00130860489309342	34.1859903381643
OX371321.1	54817304	54817304	+	0.00139569330506258	0.00591915966414189	-34.871894994617
OX371321.1	54817312	54817312	+	3.09145081174912e-05	0.00024129119544908	-17.6258690084157
OX371321.1	54817460	54817460	+	0.00575669101939953	0.01815124904955	27.4571609492386
OX371321.1	69513472	69513472	-	8.58133838903858e-05	0.00058127663079403	13.2452452452452
OX371321.1	69513574	69513574	-	6.11250126604199e-13	3.56220861399227e-11	-18.0943170304873
OX371321.1	69513715	69513715	-	4.94014743157385e-07	6.63502546610526e-06	24.8874123292728
OX371321.1	69513730	69513730	-	3.12927100259147e-05	0.000243527716069253	11.6910701999843
OX371321.1	88173787	88173787	-	0.00813766008666632	0.0236238455885022	22.2315705128205
OX371321.1	88174066	88174066	-	1.48315291085896e-11	6.62536344156751e-10	29.6516995980057
OX371321.1	88174100	88174100	-	2.18030640836012e-05	0.000178730004929604	-22.4103699155547
OX371321.1	106299940	106299940	+	2.92693507860554e-22	8.02159998704907e-20	36.2086092715232
OX371321.1	106300198	106300198	+	3.48539955468179e-10	1.12557012891682e-08	25.1593064178564
OX371321.1	136787637	136787637	+	2.66999621293071e-08	5.17676668831792e-07	14.7635707145917
OX371321.1	193018559	193018559	+	0.0179066349746169	0.0428784335323811	12.8951697480524
OX371321.1	193018768	193018768	+	0.00956958233774864	0.0267175591384535	11.1193293885602
OX371321.1	197863848	197863848	+	0.00518571618570866	0.0167360204994647	22.964952518912
OX371321.1	222538777	222538777	-	0.00475385863438915	0.0156969791792922	-18.9904755355362
OX371321.1	222538839	222538839	-	0.0150685866622539	0.0375613516149949	-12.6993085931988
OX371321.1	231835507	231835507	-	0.00569076814324682	0.0179713301152906	10.8660241618026
OX371321.1	267336414	267336414	+	0.00196374403687978	0.00782124905754771	13.7866354044549
OX371321.1	267336484	267336484	+	0.0012769304129412	0.0055146604092729	-15.5647299293708
OX371321.1	267336492	267336492	+	2.007231787055e-07	3.04243314612686e-06	13.7676767676768
OX371321.1	267336666	267336666	+	0.000856725409257391	0.00394524491473855	11.1426362158509
OX371321.1	273989209	273989209	-	1.08388215029235e-08	2.38931752351897e-07	22.3238724561728
OX371321.1	273989227	273989227	-	0.00014530797358148	0.00090341047306165	12.425351556489
OX371321.1	273989383	273989383	-	2.00815969526913e-05	0.000166502755437006	-20.9211323280946
OX371321.1	273989398	273989398	-	0.000146156548400237	0.000906463156975679	-29.031143415816
OX371321.1	273989444	273989444	-	0.000124635527035662	0.000797309693520121	-13.8800101773887
OX371321.1	277395419	277395419	+	3.49649889129793e-26	1.36367124416799e-23	50.7247241695247
OX371321.1	277395453	277395453	+	0.000338117018063735	0.00183740556103884	-13.905325443787
OX371321.1	277395474	277395474	+	0.000222618582164432	0.00129730123095264	-13.6476391423358
OX371321.1	277395497	277395497	+	0.000661859019278723	0.00319591950594834	17.32734082397
OX371321.1	280654900	280654900	+	0.00676617629926342	0.0205114717474858	14.8765916623059
OX371321.1	280654934	280654934	+	6.90974640401509e-07	8.90301308932718e-06	-17.1160728572711
OX371321.1	280654943	280654943	+	6.047250696766e-06	5.8849108747982e-05	31.2333425236651
OX371321.1	280654955	280654955	+	0.0177017554153094	0.042535693758937	12.5973248868649
OX371321.1	280655111	280655111	+	1.40708045068006e-06	1.65909064175693e-05	26.9440837216408
OX371321.1	280655152	280655152	+	5.00990087728309e-06	4.97081812448663e-05	18.7131365399617
OX371321.1	282139971	282139971	-	3.75701294801543e-07	5.21878574421525e-06	53.5580950029656
OX371321.1	288371922	288371922	+	1.18521211746684e-06	1.43075882271216e-05	-13.4681655707268
OX371321.1	288371946	288371946	+	5.60645334350029e-09	1.33140435446892e-07	-17.311161890841
OX371321.1	288371954	288371954	+	1.05967968265311e-13	6.97755908159246e-12	-24.9269005847953
OX371321.1	288371961	288371961	+	0.0147411282819037	0.0368901927656014	18.8571548003469
OX371321.1	288371987	288371987	+	2.20051098674836e-13	1.39461134656177e-11	-20.6539850306365
OX371321.1	288372143	288372143	+	7.606904034749e-06	7.22707343176223e-05	-12.7685401507041
OX371321.1	288372158	288372158	+	4.06616131428791e-10	1.2966032918228e-08	34.921110208065
OX371321.1	292960005	292960005	+	0.00991528593691569	0.0274409671313365	-20.043941186412
OX371321.1	293425324	293425324	+	2.31703037680299e-09	6.02444100978406e-08	-34.3762820928073
OX371321.1	293425535	293425535	+	9.04573491322652e-06	8.40753611720711e-05	-29.4105808096338
OX371321.1	293425565	293425565	+	5.3612241899422e-11	2.09900677367049e-09	-35.4360402828369
OX371321.1	293425576	293425576	+	0.000853966906898873	0.00393432863971835	13.1157309322034
OX371321.1	296082008	296082008	-	2.57214200937731e-10	8.52360178704616e-09	59.5667095667096
OX371321.1	296082015	296082015	-	0.00071289890198922	0.0033970814347481	-10.9813997332965
OX371321.1	300683747	300683747	+	1.91753530796496e-05	0.000160035645983041	-15.585191391643
OX371321.1	327756603	327756603	-	2.58225244745909e-05	0.00020683052186337	-14.0460526315789
OX371321.1	346236695	346236695	-	0.00113677782613535	0.00500900822961655	-12.6180551037642
OX371321.1	346236797	346236797	-	2.00496038791006e-05	0.000166373528157009	-15.2366730892742
OX371321.1	346236974	346236974	-	0.00809658302407297	0.0235248022988844	-10.7998242144584
OX371321.1	355665747	355665747	-	2.66095984746534e-12	1.43525843455428e-10	46.6423536794861
OX371321.1	355665762	355665762	-	2.72401509119071e-08	5.25137945587082e-07	-33.8357849740467
OX371321.1	355665983	355665983	-	0.00230181239238432	0.00888166112092583	-16.6890822230628
OX371321.1	366986541	366986541	+	1.51445664654013e-05	0.000130254482014824	18.6422184373004
OX371321.1	366986553	366986553	+	1.1324969518389e-07	1.80563332617161e-06	10.2740339809305
OX371321.1	395130160	395130160	+	1.8998870755803e-06	2.16221920285128e-05	25.3579493381457
OX371321.1	395130203	395130203	+	0.00015490655765722	0.00095026905135342	-14.935518909845
OX371321.1	395130215	395130215	+	1.41695313753107e-06	1.66879108668174e-05	26.0898729489302
OX371321.1	395130230	395130230	+	5.96033262564531e-05	0.000421455111163262	-22.6048808060738
OX371321.1	395130412	395130412	+	0.00774172272881807	0.022734775513797	-13.2524120759415
OX371321.1	395893134	395893134	+	1.13361904854373e-06	1.38163537512799e-05	-12.2561852704258
OX371321.1	395893165	395893165	+	0.000571601393072651	0.00283196813090721	23.0018679421504
OX371321.1	395893204	395893204	+	3.51446947849454e-05	0.000269046375402199	-10.4051843263076
OX371321.1	395893345	395893345	+	2.53249660463159e-08	4.96715788237069e-07	-17.0927723026306
OX371321.1	395893386	395893386	+	0.00330552963328674	0.0118191015478171	17.2853393325834
OX371321.1	420170594	420170594	+	5.0984124758682e-09	1.2222055078353e-07	-55.2542543108048
OX371321.1	420170690	420170690	+	3.88423015399823e-08	7.17112268633695e-07	58.5901928532265
OX371321.1	431707674	431707674	+	0.00207464050455895	0.00816987204942697	-18.2936827184615
OX371321.1	431707705	431707705	+	4.41182907805053e-06	4.4683332237525e-05	43.9569217887585
OX371321.1	431707737	431707737	+	6.53874893155062e-17	7.80055264248075e-15	70.8434702218762
OX371321.1	431707752	431707752	+	4.28598175139536e-10	1.35815699572697e-08	16.4399577346283
OX371321.1	431707770	431707770	+	0.000206943499522884	0.00121861993280968	42.5997524858106
OX371321.1	431707885	431707885	+	0.00013271704686144	0.0008400668231793	-32.0931841006563
OX371321.1	431707987	431707987	+	0.0176204489666135	0.0423905475915661	12.1120998168165
OX371321.1	441123873	441123873	-	2.74017365769092e-05	0.000217588944472	-10.6846292821903
OX371321.1	441123929	441123929	-	0.000940375500025837	0.00427033767859715	-19.3916426980887
OX371321.1	441124044	441124044	-	5.1212926403024e-18	6.83306632747906e-16	61.4816504691944
OX371321.1	441124106	441124106	-	1.78101012832352e-31	1.06234873124915e-28	83.6698303134886
OX371321.1	450184763	450184763	+	1.55639798512748e-12	8.67159342932442e-11	-52.9444098571237
OX371321.1	450184766	450184766	+	0.00302828764292092	0.0110172234965729	-19.9343579345539
OX371321.1	450184787	450184787	+	0.0111061276468811	0.0298724571043177	-25.6286680592858
OX371321.1	450184943	450184943	+	6.53962225680048e-06	6.30956738509035e-05	-34.9641609321431
OX371321.1	450184973	450184973	+	6.67171135168769e-07	8.62920569690745e-06	-31.1015787905868
OX371321.1	450184987	450184987	+	0.0203972266338322	0.0472978369419277	-14.3188084519537
OX371322.1	5298469	5298469	+	5.64447033144732e-07	7.41405033184913e-06	36.8438183104025
OX371322.1	5298481	5298481	+	0.00268387741617154	0.0100314223982851	-17.7778316867511
OX371322.1	5298493	5298493	+	0.00664978840190582	0.0202254261777191	-11.5917449373681
OX371322.1	5298501	5298501	+	2.15392238653305e-19	3.70192549708869e-17	45.450065132436
OX371322.1	5298508	5298508	+	8.29017225877924e-16	8.08313535193192e-14	62.8079640651875
OX371322.1	9688144	9688144	-	0.00300823381698506	0.0109688282386311	13.4456086941131
OX371322.1	9688207	9688207	-	0.0019664790346176	0.00782906702924479	-16.1211540393696
OX371322.1	9688329	9688329	-	9.77311097583128e-09	2.17053050113446e-07	28.4582533886241
OX371322.1	12639096	12639096	-	0.00381215129746637	0.0132611505433741	10.7200944029749
OX371322.1	16710953	16710953	-	0.000501673636917053	0.00253974413301134	-10.6265392205361
OX371322.1	16710956	16710956	-	0.00628301512239468	0.0194005745708468	23.9924239007892
OX371322.1	16711189	16711189	-	0.00796687286344405	0.0232277928748795	-24.9479069959357
OX371322.1	17781494	17781494	-	4.01275975695523e-07	5.51681908927867e-06	44.6460438490776
OX371322.1	18830414	18830414	-	0.0196662469913885	0.0459796644315208	-16.5921147923448
OX371322.1	19296429	19296429	-	1.27138380556661e-05	0.000112008501559368	-10.8055152394775
OX371322.1	19296441	19296441	-	0.00139053368359336	0.00590715994474061	-12.3093004604724
OX371322.1	26931194	26931194	-	0.0020028905383827	0.00794190068209275	-11.3753880786589
OX371322.1	26931209	26931209	-	0.00857421613614682	0.0246037585004469	-10.8777271670713
OX371322.1	26931217	26931217	-	0.000277009144850028	0.00154933716311521	-12.3351353423817
OX371322.1	27068988	27068988	-	0.000554357337720217	0.002762326581252	-21.258852406245
OX371322.1	27069136	27069136	-	1.17205871099547e-11	5.30580133119185e-10	24.8378714269574
OX371322.1	29720666	29720666	+	6.52722546928354e-20	1.29780091001835e-17	-31.7165055174916
OX371322.1	29720864	29720864	+	8.5175833814272e-12	4.03601020864288e-10	-25.4003139717425
OX371322.1	29720890	29720890	+	1.36654483414934e-14	1.04189002348271e-12	-22.944730325436
OX371322.1	34632602	34632602	-	0.00563673048897916	0.0178284418117224	-12.3161482571188
OX371322.1	34632824	34632824	-	3.90209027348702e-07	5.40549994256784e-06	-16.6335083683054
OX371322.1	34632852	34632852	-	0.011516928041223	0.0307308887486209	22.9420049867717
OX371322.1	34632881	34632881	-	0.00857954143813043	0.0246037585004469	14.7692147847996
OX371322.1	37787511	37787511	+	3.88955759234901e-08	7.17112268633695e-07	-12.7002512716798
OX371322.1	41336410	41336410	-	1.00654228434568e-30	5.67034070822069e-28	33.5668656602913
OX371322.1	41336592	41336592	-	0.00216342715323988	0.0084538502348515	15.8734999574456
OX371322.1	42958568	42958568	-	9.3492814941406e-07	1.16324250496478e-05	-12.8859367842419
OX371322.1	42958580	42958580	-	0.0016862486530068	0.00691707978458138	-17.90084755602
OX371322.1	48633836	48633836	-	0.000247682040561704	0.00141178383414452	-11.924046782031
OX371322.1	48634016	48634016	-	0.0048884790984032	0.0160163202841295	-10.2068170615426
OX371322.1	48634047	48634047	-	0.00914782940262617	0.0258676756846608	11.8119225870538
OX371322.1	53381779	53381779	-	3.02907705170685e-08	5.75199764348889e-07	14.5965569074562
OX371322.1	53382020	53382020	-	0.000622235058181119	0.00303201979357374	12.5989237100348
OX371322.1	57039502	57039502	-	0.00765076685306719	0.0225198439660027	-11.6869675981212
OX371322.1	59441856	59441856	-	4.66356594191615e-10	1.4686282774115e-08	15.8926374823091
OX371322.1	65768185	65768185	+	3.0399839953343e-06	3.24828944143666e-05	20.031494881174
OX371322.1	65768228	65768228	+	0.000318411572875737	0.00174812137979418	-15.7578352022696
OX371322.1	68357427	68357427	+	0.00349025723666942	0.0123403627155388	-13.267820533039
OX371322.1	69340250	69340250	+	6.62668585117945e-08	1.15062331864587e-06	-10.6082600404178
OX371322.1	69340428	69340428	+	4.48466372928745e-12	2.27378566525413e-10	-21.3729324266002
OX371322.1	69340454	69340454	+	9.73153917268121e-05	0.000644970335079251	-12.4596557844718
OX371322.1	69340500	69340500	+	8.47665871892422e-07	1.06777181647088e-05	13.068899937105
OX371322.1	70665049	70665049	+	1.20699027743846e-13	7.84564781563627e-12	-57.3316533581786
OX371322.1	70665061	70665061	+	8.03640460623416e-13	4.60403019513701e-11	13.3695502982207
OX371322.1	71078798	71078798	-	2.90141330748475e-11	1.22750144552656e-09	-32.5456256092861
OX371322.1	71078985	71078985	-	4.5985012339092e-08	8.2531073714229e-07	-22.6112323204683
OX371322.1	76979163	76979163	-	0.000578599787835309	0.00285923959483049	-11.0709525582065
OX371322.1	76979449	76979449	-	8.1012640192656e-12	3.85676181178379e-10	19.7290106652888
OX371322.1	76979457	76979457	-	0.000137129597975699	0.000862612606981919	-17.7641779443853
OX371322.1	77891469	77891469	-	0.000700108479380851	0.00334872213188586	13.0329915983464
OX371322.1	82577485	82577485	-	0.00428039125301841	0.0144488464331023	-17.1569546264959
OX371322.1	82577726	82577726	-	9.0896924750346e-08	1.49387294495769e-06	14.5120799881059
OX371322.1	83684122	83684122	+	2.23142186473225e-06	2.49198527290577e-05	-14.5149215668985
OX371322.1	83684341	83684341	+	0.000703041862714389	0.00335958351866811	-19.1846417846418
OX371322.1	87789155	87789155	-	6.78427369594746e-08	1.17196568199948e-06	-10.3230077866379
OX371322.1	87789167	87789167	-	2.74093800960371e-07	3.94799132754683e-06	-14.2630156686731
OX371322.1	89016248	89016248	+	3.03944740980029e-06	3.24828944143666e-05	18.6842751736859
OX371322.1	93321801	93321801	+	0.00146524878987734	0.00616771371633979	-20.5460233291008
OX371322.1	93321981	93321981	+	2.64652583554516e-10	8.74152890951181e-09	16.3550782970057
OX371322.1	95911735	95911735	-	2.6122053200647e-08	5.08416014685005e-07	16.1687037994675
OX371322.1	96758180	96758180	+	3.80391194970358e-11	1.5679961219726e-09	21.7089329697075
OX371322.1	97113544	97113544	+	1.29040620454025e-08	2.78999378315629e-07	-17.2353313068252
OX371322.1	97113597	97113597	+	3.65569478798685e-48	7.41394843157121e-45	-55.4566107750722
OX371322.1	97113751	97113751	+	1.61773442068949e-19	2.8283221079462e-17	-43.2582647099958
OX371322.1	97113814	97113814	+	0.00913490462258693	0.0258527558500295	-11.3265786499401
OX371322.1	98061864	98061864	-	6.66277235102968e-07	8.62864990538608e-06	-10.3626821306872
OX371322.1	103293815	103293815	+	3.93104997233251e-12	2.0442009653328e-10	65.7067826995667
OX371322.1	103293978	103293978	+	0.00121764936543224	0.00530154429011312	40.7655982747081
OX371322.1	103293986	103293986	+	4.44299707013202e-07	6.03930321951908e-06	55.1029411764706
OX371322.1	103293993	103293993	+	1.06870905122063e-09	3.02533254052314e-08	62.6052098749739
OX371322.1	103294022	103294022	+	0.0129325254519445	0.0335738185189743	-27.0529026217229
OX371322.1	110119236	110119236	-	0.00372448662257774	0.013009752022741	29.1966099727172
OX371322.1	119499017	119499017	-	1.53740406223232e-05	0.000131892525237333	-11.3122171945701
OX371322.1	127944050	127944050	+	0.0143527080508235	0.0361411408021538	-20.6366551677344
OX371322.1	127944153	127944153	-	8.20830642690959e-07	1.03783623189387e-05	-14.3542704989086
OX371322.1	127944293	127944293	+	2.49002528896537e-15	2.2148715375364e-13	-33.1210046697194
OX371322.1	127944294	127944294	-	2.88626562009573e-08	5.51177411508881e-07	-28.555095604179
OX371322.1	127944320	127944320	+	2.31787218882572e-05	0.000188181394248626	-12.5209424478891
OX371322.1	139167614	139167614	+	0.00801451206853898	0.0233331433106529	11.9918594127061
OX371322.1	139956329	139956329	-	0.0120071994884668	0.0317238867909908	16.2678260116295
OX371322.1	153422607	153422607	+	2.36727543756911e-16	2.60921940842659e-14	-44.1096200668139
OX371322.1	153422638	153422638	+	0.000231570659238899	0.00133419865927089	-13.069760206236
OX371322.1	153422641	153422641	+	0.00548548990735963	0.0174589967681509	11.6588669950739
OX371322.1	153422670	153422670	+	0.00059874796162059	0.00293875490112846	14.9130551280642
OX371322.1	153422677	153422677	+	7.7769568331817e-10	2.31942539049087e-08	-13.095955094076
OX371322.1	154834935	154834935	+	3.89969667266161e-13	2.3261169302604e-11	-10.0038506152043
OX371322.1	155228897	155228897	-	0.0168851931489857	0.0409745965616777	13.121322858566
OX371322.1	155229027	155229027	-	0.00394548234086963	0.0136036269898186	-12.9198703260519
OX371322.1	155871840	155871840	-	8.21850657835871e-06	7.71647204772613e-05	14.9614057740029
OX371322.1	155872011	155872011	-	0.000150639197853611	0.000928020990068781	-26.7265321042327
OX371322.1	155872064	155872064	-	5.95816226476531e-12	2.91871450811909e-10	-41.6112745691192
OX371322.1	155872107	155872107	-	6.29160130215972e-08	1.10187483756759e-06	17.0651503186057
OX371322.1	165728500	165728500	+	0.00933884226137531	0.0262613442837842	-20.8820974492616
OX371322.1	171892222	171892222	-	0.00428916965339834	0.014468845661677	29.0045598088087
OX371322.1	171892465	171892465	-	9.68922763645582e-08	1.5770691934236e-06	-19.7661426864799
OX371322.1	172302743	172302743	-	1.58465579839817e-08	3.35466429532599e-07	-26.6542039822624
OX371322.1	182672357	182672357	-	2.51188024775851e-07	3.67019463552172e-06	29.7989777235276
OX371322.1	185251187	185251187	-	0.0211956529062996	0.0487811396056489	-10.2261553588987
OX371322.1	185251221	185251221	-	0.0055113521958338	0.0175248085173434	-10.8963585434174
OX371322.1	186358852	186358852	+	0.000139550491699516	0.00087350620065315	11.2121212121212
OX371322.1	192591650	192591650	+	3.95550353956941e-22	1.05295888458656e-19	29.8585121717927
OX371322.1	192591832	192591832	+	3.30351671614227e-05	0.000255599159572583	12.3765285820377
OX371322.1	192591893	192591893	+	3.119752017035e-13	1.88304382703536e-11	30.1493545831586
OX371322.1	196588403	196588403	+	3.86341309519064e-18	5.36658389634931e-16	37.5676056338028
OX371322.1	207522587	207522587	+	0.00165571491591574	0.00681388019723987	-22.7505664063625
OX371322.1	207522621	207522621	+	0.00155191809384387	0.00646809400820636	-18.487532808399
OX371322.1	207522630	207522630	+	0.00127027054743335	0.00548823595585693	-11.1655324035876
OX371322.1	207522798	207522798	+	5.61944209327514e-05	0.000401004049267602	-24.9522971160295
OX371322.1	211390620	211390620	+	0.00382768729077202	0.0132878442461979	-45.5174211753159
OX371322.1	211390661	211390661	+	3.55412367114965e-09	8.92073844849336e-08	97.870148856991
OX371322.1	211390776	211390776	+	0.00413939807640433	0.0140767948272613	-44.9621551873358
OX371322.1	211390817	211390817	+	2.75287659869697e-10	9.03395452922787e-09	-51.285490385195
OX371322.1	215794807	215794807	+	0.00321527558862482	0.0115657223703434	11.3598692301229
OX371322.1	215794868	215794868	+	1.1171000879656e-05	0.000101140174603853	12.1413884645732
OX371322.1	215794930	215794930	+	1.35106985820598e-08	2.90875092055335e-07	-22.7805281981712
OX371322.1	215794935	215794935	+	3.7809579141132e-08	7.02196784238976e-07	-12.736238501067
OX371322.1	215795086	215795086	+	0.0182711418955264	0.0435222837348687	-12.3026445628577
OX371322.1	215795089	215795089	+	5.50102434287756e-05	0.000393384253287339	26.0041829132856
OX371322.1	219404854	219404854	-	0.000383808897649227	0.00203719515115558	-15.3791168534105
OX371322.1	219404869	219404869	-	5.87012594972156e-07	7.67070593732183e-06	-30.4892733783313
OX371322.1	219405043	219405043	-	0.00391409235702139	0.0135368226398126	-16.394078087054
OX371322.1	219405104	219405104	-	0.00100924380929009	0.00454239124479055	-12.1960639283942
OX371322.1	220447143	220447143	+	0.00716198256844342	0.0214357899976356	37.7832260265211
OX371322.1	220447401	220447401	+	1.03334858845352e-07	1.67120199509745e-06	-19.2644644747614
OX371322.1	220447404	220447404	+	0.0100257744392867	0.0276637834142402	41.0808132376348
OX371322.1	226370249	226370249	+	8.55523170854333e-09	1.93643711539377e-07	14.2171036510659
OX371322.1	226370276	226370276	+	1.75060992580531e-06	2.0103807572748e-05	13.9150306195965
OX371322.1	242300505	242300505	-	3.21240633670613e-16	3.25746763650192e-14	-20.893986791797
OX371322.1	255755501	255755501	-	4.49796719393547e-07	6.09767567711648e-06	-13.3967085439432
OX371322.1	255755657	255755657	-	1.54082391232364e-07	2.39270669152604e-06	-24.815716260276
OX371322.1	255755690	255755690	-	7.60611497601655e-05	0.00052219417909141	30.0215794233851
OX371322.1	255755722	255755722	-	0.000238859562128059	0.00136764602117192	-16.1176699318287
OX371322.1	268727951	268727951	-	0.00226618799242355	0.00876755600703757	19.2127984915899
OX371322.1	270801712	270801712	-	0.00750704385033154	0.0221797436465698	-16.8216280035557
OX371322.1	270801890	270801890	-	1.62855636875881e-06	1.88731494068014e-05	-22.0609952078296
OX371322.1	294510064	294510064	+	1.50679901197347e-06	1.76232444366737e-05	-45.8313467697272
OX371322.1	294510190	294510190	+	0.000579354222336861	0.00286157321977241	-42.4828991754123
OX371322.1	299418316	299418316	-	1.62571083322676e-13	1.04336400155704e-11	-46.1432506887052
OX371322.1	299418523	299418523	-	0.00583130369511621	0.0183238332271557	-11.0915665257053
OX371322.1	299418535	299418535	-	1.94718855812866e-06	2.20644242923771e-05	-17.6762613236596
OX371322.1	303637812	303637812	+	1.80450020448579e-06	2.06292268431852e-05	-12.3771960240407
OX371322.1	303638031	303638031	+	1.94123969269012e-13	1.23803144106194e-11	-42.8460033250452
OX371322.1	307910313	307910313	+	1.33849815400428e-08	2.88781623969244e-07	-26.9388179800222
OX371322.1	309596428	309596428	-	3.34487481335741e-06	3.52211244507057e-05	-40.3882086794343
OX371322.1	309596524	309596524	-	8.89533340628553e-06	8.27533089355551e-05	-38.4205353092394
OX371322.1	312738043	312738043	+	1.79938357306808e-05	0.000151799003093883	10.604338353699
OX371322.1	312738223	312738223	+	0.0146070894456032	0.0366270699134727	10.6451612903226
OX371322.1	318594803	318594803	-	6.07083057505072e-12	2.95960950538847e-10	-52.6957708870798
OX371322.1	318594838	318594838	-	2.67545732144569e-10	8.80839834728502e-09	-48.3020785276992
OX371322.1	336941004	336941004	-	1.59746953235194e-05	0.000136619496490355	32.140092879257
OX371322.1	336941016	336941016	-	1.03636632540155e-05	9.47613812888479e-05	-13.6394128639652
OX371322.1	336941047	336941047	-	0.00645429369915995	0.0197609596532004	-10.5202386815991
OX371322.1	358905167	358905167	-	0.00822516225110182	0.0238097026697804	11.1188751354743
OX371322.1	373472892	373472892	-	3.2015011392055e-06	3.38873639751755e-05	-12.6732513405469
OX371322.1	373472938	373472938	-	8.50332208623697e-06	7.94709723892023e-05	-11.0792451714478
OX371322.1	373473127	373473127	-	8.48730702230249e-08	1.40626810337e-06	27.4829041288337
OX371322.1	373473150	373473150	-	0.00768250579252912	0.0226067045748978	-10.0449391433042
OX371322.1	373565251	373565251	-	3.66336952737092e-06	3.79056797023686e-05	-35.1133462970824
OX371322.1	373565277	373565277	-	1.56926262656911e-06	1.82695189599622e-05	-38.4824548078384
OX371322.1	376090468	376090468	+	6.19741467204586e-05	0.000435807732167451	-36.2929894179894
OX371322.1	376090530	376090530	+	0.000169765753630288	0.00102958794351801	-36.1097133742844
OX371322.1	379634539	379634539	+	0.000248197015797208	0.00141392439903309	-42.2688137755102
OX371322.1	379634872	379634872	+	2.05793456850991e-11	8.95623080668362e-10	-44.0122044241037
OX371322.1	387559657	387559657	-	0.00103163974314301	0.0046124816365801	-10.8044331844824
OX371322.1	389076878	389076878	+	0.0143114643753113	0.0360731175471797	-14.3537914529192
OX371322.1	390919663	390919663	+	0.0147558366899186	0.0369178900456135	11.0936912078264
OX371322.1	390919672	390919672	+	2.07312021778585e-05	0.000171188960950908	10.0316220238095
OX371322.1	390919684	390919684	+	0.000773350163074146	0.0036238362140724	14.9779798673072
OX371322.1	392371872	392371872	+	2.75254100156536e-06	2.98838505876586e-05	-57.7275450370039
OX371322.1	393699709	393699709	-	1.41145439112518e-09	3.88927512720544e-08	13.7431897397719
OX371322.1	393699748	393699748	-	1.4987089769656e-10	5.2673833176813e-09	36.4411811033163
OX371322.1	394866539	394866539	+	2.90601621261398e-06	3.12563571381538e-05	-10.7373927518909
OX371322.1	394866583	394866583	+	0.019998534728963	0.0465329500453235	-12.6759831434133
OX371322.1	394866601	394866601	+	9.2325316033449e-11	3.37979741592353e-09	-61.112407396605
OX371322.1	394866716	394866716	+	5.12336659001145e-07	6.83583348743596e-06	-51.6287371709058
OX371322.1	395029964	395029964	-	2.13050065996652e-08	4.28647970986012e-07	26.4761904761905
OX371322.1	407761828	407761828	+	7.50987871941761e-05	0.000516339633935892	11.6198231328255
OX371322.1	407761892	407761892	+	0.0104553269096056	0.0285536941330983	-16.4540492510789
OX371322.1	407761902	407761902	+	0.0189828610976343	0.0448071202686098	-11.0588770644025
OX371322.1	407887852	407887852	-	2.64128842562829e-06	2.87993386959782e-05	11.3756682590399
OX371322.1	408430168	408430168	-	0.000105411054818914	0.000692471316295382	11.9895212267443
OX371322.1	417930270	417930270	+	7.57230797579044e-05	0.000520225393288736	-10.1612180922526
OX371322.1	421062594	421062594	+	3.4229321238388e-12	1.80778464909731e-10	15.3583407464841
OX371322.1	421062846	421062846	+	2.08912207490126e-11	9.01458195747431e-10	-13.1405516570119
OX371322.1	431011397	431011397	-	6.74357022328878e-13	3.90752235540935e-11	21.794098346775
OX371322.1	439478044	439478044	-	2.19207441961325e-14	1.57647038676286e-12	-55.6535548791751
OX371322.1	441684619	441684619	-	0.00402774531849571	0.0137886758257494	15.9936025589764
OX371322.1	441684826	441684826	-	3.965298958912e-10	1.27244344583982e-08	-12.5356125356125
OX371323.1	5818798	5818798	-	0.000122382035752245	0.000785434949016838	-15.7156975786526
OX371323.1	13340352	13340352	-	1.74599840176772e-08	3.6355030750117e-07	20.0108766279628
OX371323.1	13348989	13348989	+	2.54405827739023e-05	0.000204579260640861	-23.5401947000302
OX371323.1	13349020	13349020	+	0.000433158481402257	0.002246397894245	-21.8321028165163
OX371323.1	13349085	13349085	+	0.00977011393356124	0.0271320791040092	-13.9413563590574
OX371323.1	13349256	13349256	+	3.93271757648971e-11	1.60801728971551e-09	37.9347826086956
OX371323.1	16816566	16816566	-	0.000817026831056601	0.00379691791586311	-11.7448999801941
OX371323.1	16816668	16816668	-	0.000138441307481456	0.000868708301102835	-23.1767760207694
OX371323.1	16816809	16816809	-	0.0147112700478065	0.0368336519627941	-13.4940868210467
OX371323.1	16816824	16816824	-	0.00129367121501093	0.00556326502953059	-12.7361887026691
OX371323.1	16816848	16816848	-	0.0157884862475228	0.0389347170478297	17.7401448109413
OX371323.1	16816879	16816879	-	2.73551923529571e-08	5.25358164708315e-07	32.4180538182751
OX371323.1	28210361	28210361	+	0.00291204368027505	0.0107221921248075	-13.753525921603
OX371323.1	32917964	32917964	-	0.00226031483243257	0.00875151158853228	11.2971155011514
OX371323.1	32918162	32918162	-	4.2198051925471e-05	0.000313479674054133	17.4027686222808
OX371323.1	32918174	32918174	-	0.000135252728460887	0.000852922608023107	-12.5956000377679
OX371323.1	41933363	41933363	-	0.00951356322798601	0.0265904425964529	11.893088185223
OX371323.1	41933394	41933394	-	2.60227728734379e-11	1.11340934201069e-09	-13.5168210394971
OX371323.1	41933433	41933433	-	6.43800950431577e-10	1.97230127475939e-08	20.5610516906949
OX371323.1	41933574	41933574	-	2.33022469716019e-13	1.45864162358288e-11	23.1577701008525
OX371323.1	50110455	50110455	+	0.000665618234192836	0.00321188067745408	-15.6326530612245
OX371323.1	50110511	50110511	+	9.43181202305318e-07	1.1692071665786e-05	21.8281849384212
OX371323.1	50110688	50110688	+	3.62842442981581e-05	0.000276018104190782	19.6801218583397
OX371323.1	73612693	73612693	-	5.48910078562821e-06	5.39099560048538e-05	14.5449935384666
OX371323.1	78908143	78908143	+	3.72890132095159e-05	0.000282390413499153	10.1216681859028
OX371323.1	80237626	80237626	+	5.20274125052264e-12	2.5988775965385e-10	51.2703468643747
OX371323.1	80237844	80237844	+	9.60207165328658e-05	0.000638057832969465	-30.0144735550976
OX371323.1	80237905	80237905	+	0.000179910629113879	0.00108320981431587	34.6258810625978
OX371323.1	82493276	82493276	+	0.00040300927877533	0.00211522981283816	-14.7951636761206
OX371323.1	82493494	82493494	+	0.000735025376071777	0.00348776685766683	-14.1878685347306
OX371323.1	94253349	94253349	-	2.24731866026085e-07	3.35049495788354e-06	-39.2576860175398
OX371323.1	94253370	94253370	-	2.27439222611181e-06	2.53439092984205e-05	-23.4555937492382
OX371323.1	99042625	99042625	-	0.00410784738788134	0.014010996580939	-10.6675860578772
OX371323.1	99042877	99042877	-	0.00754851317873074	0.0222641018957946	20.6144128624749
OX371323.1	99042892	99042892	-	0.000166014068906692	0.00101046094554508	-30.3990350494521
OX371323.1	111147228	111147228	-	0.00147206137363919	0.0061938190041432	13.2405940012913
OX371323.1	113803353	113803353	+	0.00315778974571508	0.011402053781546	22.2395798118975
OX371323.1	113803571	113803571	+	4.12043302989485e-19	6.96371911293274e-17	31.8658810325477
OX371323.1	113803581	113803581	-	4.21385582728565e-05	0.000313479674054133	-11.2074679628811
OX371323.1	130742945	130742945	-	0.00107722417924188	0.00478245871216243	11.8214871319598
OX371323.1	130743059	130743059	-	0.000270589759340248	0.00151761833900288	-17.9711571128996
OX371323.1	130743141	130743141	-	0.000281174366371412	0.00156830844825314	17.5411557918203
OX371323.1	132116330	132116330	-	1.84894005531773e-07	2.81936186726323e-06	16.7271298143781
OX371323.1	132116339	132116339	-	0.000561133983250208	0.00278650912179138	-10.5180188664707
OX371323.1	139055753	139055753	-	0.00539289354030525	0.017250918387332	-27.5530401435022
OX371323.1	139055768	139055768	-	0.0176531701828225	0.0424491250070618	-19.4687239273711
OX371323.1	140234131	140234131	+	0.00811269804159146	0.0235581244833186	-12.0727831035598
OX371323.1	142459334	142459334	-	0.00213705028918808	0.00836194704720909	-12.8462606657516
OX371323.1	152953889	152953889	+	3.47606602934986e-11	1.45054557842040e-09	-17.2495809851324
OX371323.1	152953930	152953930	+	0.00993675255662967	0.0274853739628067	-12.7909635004366
OX371323.1	152954086	152954086	+	1.31177643371317e-14	1.00770990871672e-12	-14.9931637954608
OX371323.1	199853012	199853012	-	0.00675192507644183	0.020474390463287	-14.0498401436517
OX371323.1	199853180	199853180	-	0.00556261700484939	0.0176172702989617	-16.4805194805195
OX371323.1	217165417	217165417	+	0.000162875919363919	0.000993746235292072	-21.0790321451082
OX371323.1	217165684	217165684	+	0.0200690022320104	0.046686202339259	-19.4138158514749
OX371323.1	240490397	240490397	+	0.000746214720624134	0.00352272848241822	12.1297043503778
OX371323.1	323276925	323276925	+	0.00840538242917171	0.0242070065915442	-13.0693493915623
OX371323.1	323277093	323277093	+	0.0202379294538695	0.0469821712677523	-10.7755662319835
OX371323.1	323277105	323277105	+	0.00170498762734958	0.00698264924796055	19.3923045221236
OX371323.1	329056126	329056126	+	0.000484214892131753	0.00245995544329806	-17.998638529612
OX371323.1	329056142	329056142	-	0.013157394495525	0.0340074829680192	-13.4745470232959
OX371323.1	329056331	329056331	-	0.000226439080578519	0.00131358926383242	16.1604716441393
OX371323.1	343975959	343975959	+	7.81817384555099e-08	1.32351277167141e-06	10.7334441015903
OX371323.1	367038353	367038353	+	5.62589738498068e-06	5.50657662348981e-05	-30.4905239687848
OX371323.1	388241196	388241196	-	0.000365289113168025	0.00195468666587196	32.5882008490704
OX371323.1	421230289	421230289	+	0.00168421248748169	0.00691152325121114	-47.3858400326897
OX371323.1	421230425	421230425	+	0.000182657356259314	0.00109662250332271	-40.9901029932411
OX371323.1	421230466	421230466	+	0.00101444355366483	0.00455568392408553	49.1785525620708
OX371323.1	421230527	421230527	+	4.02285658491026e-11	1.6317145165478e-09	80.9065934065934
OX371323.1	421868858	421868858	+	1.73727257191515e-05	0.000147294462214299	-15.9063926570174
OX371323.1	421868873	421868873	+	1.26202688175573e-06	1.5091699127445e-05	18.6973395922998
OX371323.1	421869047	421869047	+	0.00188354669725758	0.00757022481361301	-12.2542855834628
OX371323.1	421869048	421869048	-	0.000731161896489029	0.00347268432702047	10.2769679300291
OX371323.1	421869062	421869062	+	0.0151240591615961	0.037653347567393	12.5848754854923
OX371323.1	421869070	421869070	+	6.52539090466603e-10	1.99304950076441e-08	21.0894864813587
OX371323.1	424533875	424533875	+	4.29055620774174e-08	7.76918037467754e-07	-14.2974049454209
OX371323.1	424533887	424533887	+	9.29234872418456e-07	1.15900307921471e-05	19.1098618605045
OX371323.1	424534085	424534085	+	0.00505674677308427	0.0164296031374017	10.7965482907401
OX371323.1	426952233	426952233	+	5.20559630280418e-07	6.92731840138017e-06	-26.1195530219014
OX371323.1	426952272	426952272	+	5.13719004162291e-06	5.08219590964739e-05	-13.3847012008532
OX371323.1	426952298	426952298	+	0.000202945587864948	0.00119870838158461	-17.9267667203232
OX371323.1	426952443	426952443	+	2.67554094696229e-07	3.87028743155252e-06	-14.4501485399609
OX371323.1	429025230	429025230	-	0.000249612815310903	0.0014172127791013	16.46070192783
OX371323.1	429025488	429025488	-	7.60288963011101e-12	3.63657426248487e-10	36.3087248322148
OX371323.1	429025500	429025500	-	0.000183040009258387	0.00109826959401335	-12.7103930552206
OX371323.1	439970996	439970996	-	5.46766958334511e-11	2.12427818995145e-09	41.4757055529648
OX371323.1	439971176	439971176	-	0.004580911594716	0.0151852543020418	-10.8920991373408
OX371323.1	456299931	456299931	-	1.71220624825288e-14	1.27663517078122e-12	28.862987810965
OX371323.1	457638282	457638282	-	2.76253384243439e-05	0.00021885036391098	21.044481981982
OX371323.1	471839417	471839417	+	0.0153203273650892	0.0380858783410405	-20.5646940822467
OX371323.1	471839699	471839699	+	3.77353875672843e-06	3.88080244829208e-05	13.9700164717096
OX371323.1	481195694	481195694	-	0.00689161485851323	0.020779915015358	10.8916223125602
OX371323.1	481195733	481195733	-	4.85804545320384e-06	4.84861277726124e-05	-33.4655640400072
OX371323.1	481195741	481195741	-	6.47184520975291e-06	6.26204918660191e-05	-30.8492750864503
OX371323.1	481195759	481195759	-	2.30975635173591e-06	2.56815343642024e-05	-27.5114899172298
OX371323.1	481195874	481195874	-	0.00478780231545458	0.0157679835150949	-13.7141937905518
OX371323.1	481195915	481195915	-	0.00179927335794258	0.00728057564263909	24.6799795186892
OX371323.1	483561460	483561460	-	1.22065926580256e-08	2.65618409062456e-07	-55.8904109589041
OX371323.1	483561486	483561486	-	0.000119548686940488	0.000770175533522167	-47.2393255525944
OX371323.1	483561525	483561525	-	0.000143994345192511	0.000896342499347525	-45.1381112355356
OX371323.1	487766844	487766844	+	0.000343997832626946	0.00186436763251093	-12.7244926634801
OX371323.1	498849846	498849846	+	0.000229865291932248	0.00132702496030156	-16.0636559139785
OX371323.1	510389467	510389467	+	0.0112966103626513	0.0302643883675084	12.0942066572466
OX371323.1	510389496	510389496	+	0.0202087001477583	0.0469358064502854	-18.958031182016
OX371323.1	510389746	510389746	+	3.04820529170099e-05	0.000238868879339752	26.287530133684
OX371323.1	515515113	515515113	-	1.62394410510859e-09	4.37958407437445e-08	11.4056163205112
OX371323.1	515515254	515515254	-	3.41322489519449e-10	1.10578374814022e-08	10.7626760481032
OX371323.1	515515269	515515269	-	1.47072382703153e-05	0.000127031862969319	11.5013596547766
OX371323.1	515515324	515515324	-	9.95538139382593e-17	1.13427283637541e-14	22.8195488721805
OX371324.1	4744324	4744324	-	0.0115520818679198	0.030789155920112	-10.4318722794282
OX371324.1	4744582	4744582	-	1.9620544500261e-06	2.21803425072729e-05	33.0588430025656
OX371324.1	5447878	5447878	+	8.08763292448347e-05	0.000551518517635055	23.2715154067656
OX371324.1	5448055	5448055	+	0.00122641721474579	0.00532599787363791	-10.1317546263742
OX371324.1	14510542	14510542	-	8.94209788064141e-05	0.000600498750090538	-16.9614376851219
OX371324.1	20522583	20522583	+	1.12513121966733e-05	0.000101685716768233	31.3966443471259
OX371324.1	20522595	20522595	+	2.54645297318041e-06	2.7915381227269e-05	32.7390673199056
OX371324.1	20522804	20522804	+	0.0088080959908522	0.0251100634116499	-13.3777006172839
OX371324.1	29923497	29923497	+	0.0111279477245088	0.0298915032639345	-23.8715628995452
OX371324.1	29923671	29923671	+	1.74020029062381e-23	5.04174444200134e-21	-87.1033434171551
OX371324.1	48075215	48075215	+	0.00947195944463013	0.026500473079261	-12.9934282336217
OX371324.1	48075297	48075297	+	7.71114011427434e-06	7.30776297167801e-05	-14.2321334014775
OX371324.1	50617284	50617284	+	0.000139346789193285	0.000873309299190165	20.3955894791411
OX371324.1	61177056	61177056	+	0.00156583530322824	0.00651538654933365	10.7344632768362
OX371324.1	63900668	63900668	+	0.000740361097307456	0.00350324939027555	-50.7648956993765
OX371324.1	63900848	63900848	+	3.88864662009421e-07	5.39424586426026e-06	83.7556930544735
OX371324.1	64936378	64936378	-	3.95718467167621e-11	1.61152336558152e-09	36.7940758628004
OX371324.1	64936657	64936657	-	0.000871752439835319	0.0039981037949324	22.8336233028004
OX371324.1	70482993	70482993	-	4.12121159693163e-09	1.01186948086406e-07	78.3884738527214
OX371324.1	90103290	90103290	+	2.01934338906006e-08	4.11178568174381e-07	-13.1949604264255
OX371324.1	92905057	92905057	-	1.55926499614672e-14	1.17995315783713e-12	-13.5564483728405
OX371324.1	92905239	92905239	-	3.09894270820079e-14	2.21296649488374e-12	-27.1257157718875
OX371324.1	92905275	92905275	-	2.17011595645309e-07	3.26008409603564e-06	-15.2638285924102
OX371324.1	92905278	92905278	-	1.22841259842424e-05	0.000109075645968822	-16.0537347173601
OX371324.1	92905309	92905309	-	2.42288851703977e-13	1.480045201841e-11	-10.8021033122858
OX371324.1	100893633	100893633	-	2.07487324019063e-05	0.000171194308625329	-14.1662986614534
OX371324.1	100893815	100893815	-	0.00205347930465523	0.00810227244708732	-17.2829514493725
OX371324.1	100893851	100893851	-	6.89129186089855e-07	8.8905316682883e-06	11.0221836367418
OX371324.1	100893854	100893854	-	0.000280496923540672	0.00156539092122365	-18.4149909525433
OX371324.1	101444668	101444668	-	5.53064292175054e-07	7.27395947908054e-06	-26.210510024197
OX371324.1	101444738	101444738	-	6.43975272448681e-09	1.504627855357e-07	-25.9347634347634
OX371324.1	101444746	101444746	-	0.00114334262247701	0.00502985076469939	-13.4499145053677
OX371324.1	101444879	101444879	-	2.53170323704311e-07	3.68852892070924e-06	-24.6513439315585
OX371324.1	101444920	101444920	-	6.48819301220616e-09	1.50899189566412e-07	-29.5206983906033
OX371324.1	106515416	106515416	-	0.000534781328533343	0.00267794001026239	-29.7481478498953
OX371324.1	110391123	110391123	+	0.00163588096296108	0.00675968994041519	-29.0729870785248
OX371324.1	111427393	111427393	-	7.45054644904433e-05	0.000512902735645097	-10.2800361336947
OX371324.1	111427561	111427561	-	0.0124017581323827	0.0325088380744493	-11.4460198656651
OX371324.1	112399110	112399110	+	0.00256690768746022	0.00968706513456627	-23.5986033431289
OX371324.1	114140022	114140022	-	1.25081577194619e-05	0.000110677251824682	-13.8615026042807
OX371324.1	117878292	117878292	+	0.00164709806651131	0.00678944048901961	17.6296723743488
OX371324.1	117878304	117878304	+	9.36374658935494e-08	1.53394093966283e-06	19.6548880105695
OX371324.1	118114342	118114342	+	7.46164004872955e-11	2.81275334895383e-09	51.820865214628
OX371324.1	127909443	127909443	+	1.2691197361229e-05	0.000111906263024788	-56.4763166316267
OX371324.1	130705405	130705405	+	0.00290126395245666	0.0106902644373967	-12.3248502264635
OX371324.1	130705420	130705420	+	6.30261592577724e-05	0.000440896602482083	41.9553250682008
OX371324.1	130705428	130705428	+	1.10904301820742e-07	1.77381682506323e-06	-13.6190476190476
OX371324.1	137216536	137216536	+	0.0072848412397291	0.0217118181293374	-17.5379900754881
OX371324.1	142375579	142375579	+	6.24077486006743e-08	1.09486434447389e-06	41.2210463683114
OX371324.1	142375640	142375640	+	0.0105977799448105	0.0288180462083336	-22.7081545064378
OX371324.1	147156832	147156832	+	0.00102504311985592	0.00459513780248844	26.002335160953
OX371324.1	150227485	150227485	+	0.00141176201378991	0.00597481295735951	-11.3691318707242
OX371324.1	175485715	175485715	-	1.35661848949216e-05	0.000118590357502684	-59.1012828351417
OX371324.1	177997279	177997279	-	1.14792804571838e-06	1.39404831794844e-05	13.9579553537128
OX371324.1	180592421	180592421	+	6.73069554426473e-10	2.04344576236777e-08	-17.3848667921165
OX371324.1	183368960	183368960	-	2.15186372267808e-05	0.00017671337729745	13.1594645166962
OX371324.1	185426293	185426293	+	0.000847735268304671	0.00390917090547389	13.6553931881421
OX371324.1	185426311	185426311	+	1.29039944398634e-11	5.81555657295226e-10	-55.0342186151025
OX371324.1	185426456	185426456	+	1.35485638712108e-05	0.000118538509678129	16.1249313113389
OX371324.1	190597215	190597215	-	0.000589164154716904	0.00289873130032145	-41.7240338164251
OX371324.1	190597369	190597369	-	4.79040142483771e-36	4.41599790190638e-33	-70.6213904554362
OX371324.1	190597422	190597422	-	0.000222735768931927	0.00129730123095264	-42.1653511390185
OX371324.1	190597434	190597434	-	2.39009514184137e-07	3.51249515686972e-06	-51.9399169110531
OX371324.1	202165238	202165238	+	4.83018845660685e-09	1.16896010200759e-07	25.959953229694
OX371324.1	203960491	203960491	-	8.59635607289622e-07	1.0788291465336e-05	-23.5481700182483
OX371324.1	203960632	203960632	-	8.25898618160116e-11	3.09034584251706e-09	-20.7486631016043
OX371324.1	208208463	208208463	+	2.3433134850004e-09	6.06169332229592e-08	60.4480004274303
OX371324.1	208208476	208208476	+	8.38587023486032e-14	5.70704773402699e-12	-74.4906997342781
OX371324.1	208208506	208208506	+	0.017065151639494	0.04131931512816	-27.5496098104794
OX371324.1	208208518	208208518	+	0.000128875932890203	0.000820877580080623	-14.9889551896265
OX371324.1	208208526	208208526	+	0.00181207904379155	0.00732654533788751	25.4968116701607
OX371324.1	208208533	208208533	+	0.00147650741249183	0.00620986624469299	18.1345277503931
OX371324.1	208208674	208208674	+	0.000748969678869756	0.00353227129380158	-28.2678554275784
OX371324.1	210349139	210349139	+	9.16604252297326e-06	8.4882347956829e-05	33.6888793759513
OX371324.1	210349148	210349148	+	1.36404163077708e-08	2.9304563871681e-07	-31.6920391775293
OX371324.1	210349372	210349372	+	9.67054657089864e-05	0.000642187162087126	-22.995263759595
OX371324.1	210349418	210349418	+	4.08635565859767e-08	7.46608303402063e-07	41.6936214257989
OX371324.1	215873568	215873568	+	3.83127079764048e-09	9.52209087747799e-08	-15.6906240757172
OX371324.1	215873709	215873709	+	0.00100296898881297	0.00452016848158243	-12.1001847170912
OX371324.1	215999039	215999039	+	2.17789827245592e-28	9.2018676895663e-26	38.5342416016224
OX371324.1	215999065	215999065	+	2.36953198759341e-10	7.95619224840852e-09	-22.867602975337
OX371324.1	215999172	215999172	+	0.00285060366180545	0.0105611613328716	-11.1967031600637
OX371324.1	215999180	215999180	+	4.28810184436676e-05	0.000318087214222386	25.557857193974
OX371324.1	215999187	215999187	+	0.0193080844846543	0.0453425758489157	-11.9868903026798
OX371324.1	215999216	215999216	+	8.06611017915004e-06	7.60153876067027e-05	-20.3120843699635
OX371324.1	219743838	219743838	+	0.00899545465764377	0.0255436470272538	-17.3121387283237
OX371324.1	219743862	219743862	+	2.61403242143458e-07	3.80301315226395e-06	-10.6825909554573
OX371324.1	221139320	221139320	-	1.29429440374074e-06	1.54392530424362e-05	-15.8636819244905
OX371324.1	221139332	221139332	-	0.00189333730085393	0.00760354716648605	-12.598313024695
OX371324.1	232353064	232353064	+	1.91287704885534e-09	5.07777355212924e-08	-45.3624131002363
OX371324.1	232353076	232353076	+	2.99505041180440e-11	1.2601920335115e-09	16.8642858975346
OX371324.1	232353232	232353232	+	0.000323930128560262	0.00177553505307112	20.9062220767943
OX371324.1	232353273	232353273	+	3.19650322639539e-08	6.03601759576471e-07	31.605843202278
OX371324.1	234475634	234475634	+	1.05773221058042e-05	9.64540745297352e-05	11.7089154699774
OX371324.1	234475844	234475844	+	0.0139714880044905	0.0354541288216598	-19.3832550407926
OX371324.1	240026688	240026688	-	0.00524849764346318	0.0168848976881868	24.4879794996186
OX371324.1	240026713	240026713	-	4.31855918556343e-05	0.000320112338673114	12.0270921776861
OX371324.1	247457439	247457439	+	1.4917642192297e-15	1.39541175947967e-13	17.3218232650731
OX371324.1	247457440	247457440	-	7.33224498119817e-07	9.37590968632107e-06	10.3492790778014
OX371324.1	249286352	249286352	-	2.85995069765687e-18	4.14295429439922e-16	25.5657808823348
OX371324.1	263405070	263405070	-	0.0102115216730032	0.0280601835030392	18.72518698866
OX371324.1	263737918	263737918	-	1.8434396149051e-09	4.90629408173132e-08	25.8881716329829
OX371324.1	263738125	263738125	-	1.72989331008317e-09	4.62838785048229e-08	17.6524308353478
OX371324.1	264017684	264017684	-	8.59067762735081e-11	3.19090893968562e-09	-53.8016736218544
OX371324.1	264017840	264017840	-	3.05742510258504e-06	3.26005514021263e-05	-61.6804667228585
OX371324.1	264017866	264017866	-	5.86193304422288e-08	1.03556794037338e-06	-29.3271860592326
OX371324.1	264017902	264017902	-	1.2045175576082e-08	2.63235701270163e-07	-29.0633608815427
OX371324.1	264189190	264189190	-	0.000114656069945072	0.000742429003244118	-23.7472830305853
OX371324.1	264189251	264189251	-	2.64434299791074e-06	2.88016747403532e-05	-10.5168552569543
OX371324.1	264189469	264189469	-	6.67167306132115e-09	1.5410611478131e-07	-13.716771849302
OX371324.1	264189472	264189472	-	2.30413312204067e-09	6.00630803533026e-08	-31.107458543356
OX371324.1	269022956	269022956	-	0.000134596481803034	0.00085002462849874	-22.4287122804286
OX371324.1	269022971	269022971	-	0.000146060120728261	0.000906419497406945	19.3053295009869
OX371324.1	277787681	277787681	+	0.000262195995717746	0.00147625702641686	26.7315213004328
OX371324.1	282543139	282543139	-	0.00761630404686263	0.0224314261426134	11.2554112554113
OX371324.1	283508232	283508232	-	0.000203846352983942	0.00120317672509725	-12.882715945634
OX371324.1	283508252	283508252	-	5.64857003745557e-22	1.39702538290001e-19	60.80235489486
OX371324.1	286732914	286732914	+	2.9366796307412e-07	4.194187657513e-06	10.5434844596521
OX371324.1	287711245	287711245	+	1.18351729370819e-05	0.000105830583206744	-27.1107715938429
OX371324.1	287711464	287711464	+	3.88537892958968e-12	2.03086608220816e-10	-47.6091243999553
OX371324.1	291326364	291326364	+	1.73013915003978e-07	2.65819436932351e-06	24.7936720021087
OX371324.1	291326395	291326395	+	0.00139494974008649	0.00591848150850011	-13.9305568583663
OX371324.1	291326398	291326398	+	6.19859947271701e-18	8.16305054291939e-16	16.3639318948352
OX371324.1	300613193	300613193	-	1.44468963539545e-05	0.000124996134037321	-35.3496002509559
OX371324.1	301165280	301165280	+	0.00656441459499964	0.0200255578484314	13.1348236507545
OX371324.1	306477417	306477417	+	0.00445266173552374	0.0148684495434203	-11.2132938766219
OX371324.1	306687437	306687437	-	0.00996382341458212	0.0275452254171888	-12.2502981514609
OX371324.1	306687644	306687644	-	4.15789282251563e-07	5.68990110540867e-06	-15.9132474921949
OX371324.1	306687656	306687656	-	2.34145879352253e-07	3.45583350542928e-06	-15.3539253539254
OX371324.1	322380355	322380355	-	0.00116665875377878	0.00511246237812316	25.4270829907706
OX371324.1	328781916	328781916	-	8.51246645007891e-07	1.06962492423246e-05	-23.4779665093615
OX371324.1	328781957	328781957	-	5.47047679109429e-05	0.000391897498169434	25.6796643018439
OX371324.1	329249067	329249067	-	0.000261103640239228	0.00147255957848135	12.4693376027763
OX371324.1	335193664	335193664	+	0.000554152060961123	0.002762326581252	-11.3214820689048
OX371324.1	335914648	335914648	+	0.000293013486686997	0.00162451430714885	-15.2254979495425
OX371324.1	335914679	335914679	+	0.00651832972148862	0.0199149265146677	-13.6510263929619
OX371324.1	335914859	335914859	+	2.90525072500302e-11	1.22750144552656e-09	-17.0200897368527
OX371324.1	337763813	337763813	-	0.00121976107686639	0.00530390651009306	-21.1222200703657
OX371324.1	337763845	337763845	+	0.0157175071746055	0.0388038208506699	-15.6783046779314
OX371324.1	337763990	337763990	+	5.69037937582927e-11	2.19399234952687e-09	-32.4061484697081
OX371324.1	337764001	337764001	+	0.0211102713314706	0.0486398338213676	-16.6879654459423
OX371324.1	337764002	337764002	-	6.19873595904385e-07	8.06891825276727e-06	43.4797161601285
OX371324.1	337764017	337764017	-	5.4535537091405e-07	7.19122522022294e-06	44.8260869565217
OX371324.1	343019086	343019086	+	1.98750744371916e-06	2.24180951354804e-05	-22.6969212829232
OX371324.1	345030001	345030001	-	1.09373230725534e-05	9.93794255035699e-05	-19.823020390943
OX371324.1	345526770	345526770	+	9.98729948833416e-06	9.17336418665396e-05	-25.4791999444406
OX371324.1	345526817	345526817	+	2.84331958903068e-10	9.30065680115101e-09	-24.1452991452991
OX371324.1	345589915	345589915	+	9.50702322409239e-10	2.7387445544549e-08	35.98576317657
OX371324.1	345589923	345589923	+	1.42439876884237e-05	0.000123662602640866	53.3009108723545
OX371324.1	345589930	345589930	+	0.000726957022652372	0.00345595052541079	-27.1379454337552
OX371324.1	345590173	345590173	+	1.13070501033407e-05	0.000102034907814919	-31.4113980011968
OX371324.1	347313521	347313521	-	1.11184877088843e-08	2.44035709270381e-07	-90.1819641947742
OX371324.1	356117426	356117426	+	9.78210809212854e-09	2.17053050113446e-07	-21.0663683818046
OX371324.1	356117469	356117469	+	0.00116239286568914	0.00509597089248768	12.7495291902072
OX371324.1	358492695	358492695	+	6.95427146500233e-05	0.000483332483033681	41.844331641286
OX371324.1	358492731	358492731	+	2.02227798983613e-05	0.000167399594671831	-16.750418760469
OX371324.1	358981188	358981188	-	1.04505045497691e-06	1.28605541592553e-05	-19.4547006101981
OX371324.1	358981420	358981420	-	1.25912056464204e-05	0.000111217995836132	-13.5584972849828
OX371324.1	358981454	358981454	-	0.00143743452318246	0.00606826731584821	-11.4242919389978
OX371324.1	368929850	368929850	+	7.34331392036601e-08	1.25358932448636e-06	-24.9867937550849
OX371324.1	368929865	368929865	+	0.00305330688135657	0.0110932871719864	-19.1512136065671
OX371324.1	368930086	368930086	+	2.04163205669214e-08	4.14883885042104e-07	-24.6545645130551
OX371324.1	370651217	370651217	-	8.18415324255401e-27	3.31958183685164e-24	-46.0640783179442
OX371324.1	372042854	372042854	-	3.41867759717724e-05	0.000262623660621171	-11.0435506241331
OX371324.1	372043058	372043058	-	8.1233687303982e-08	1.36379427798737e-06	21.2153504974333
OX371324.1	373569856	373569856	-	0.00147852819284634	0.00621230796517667	17.9222107071564
OX371324.1	377534018	377534018	-	2.90385724225007e-05	0.000228794905963339	15.4576063666973
OX371324.1	378244870	378244870	-	1.28363968426946e-07	2.02433226781378e-06	-45.8198650071212
OX371324.1	378244924	378244924	-	0.00011068192432894	0.000720375416350969	-19.2124470084349
OX371324.1	385484940	385484940	-	0.00031017158253217	0.00171215266147304	11.5009127708548
OX371324.1	395247222	395247222	-	0.00034836461742205	0.00188099692715208	11.3603937399768
OX371324.1	395247254	395247254	-	2.28735625897799e-16	2.54883695499682e-14	-40.5181960514759
OX371324.1	400675860	400675860	+	6.54699983594183e-06	6.31068097736311e-05	-10.6974531932373
OX371324.1	405331908	405331908	-	3.6434991027839e-08	6.79155782790482e-07	-38.190200565352
OX371324.1	405332103	405332103	-	0.00489437919498986	0.0160252954045485	14.6904656808652
OX371324.1	405332115	405332115	-	9.96040877724848e-06	9.1652687365173e-05	12.9931225368181
OX371324.1	405569255	405569255	+	0.00543459201150317	0.0173350881277445	-12.5410749769786
OX371324.1	405569267	405569267	+	0.000547145219687626	0.00273041424658271	-11.1425665041649
OX371324.1	406082806	406082806	-	6.6663815002367e-05	0.000464457257954128	-17.8489702517163
OX371324.1	406082866	406082866	-	6.92415892453195e-08	1.19206892872213e-06	-12.1591108511261
OX371324.1	406083011	406083011	-	4.56403197117243e-05	0.000335123308643596	-17.3771626297578
OX371324.1	406083037	406083037	-	2.88986287447919e-12	1.5504760683407e-10	-23.6395507570117
OX371324.1	406083052	406083052	-	1.59451044275603e-05	0.000136560563817825	-16.4891708119336
OX371324.1	406083064	406083064	-	1.09971635425838e-07	1.76782413029949e-06	-27.4841940021219
OX371324.1	409836716	409836716	+	3.32084022779447e-07	4.67697577687978e-06	-24.2322823747244
OX371324.1	411836763	411836763	+	2.42840465587985e-05	0.000195900441549726	-17.9183469573115
OX371324.1	411836797	411836797	+	0.0129991237111102	0.0336949538972943	-10.550243305542
OX371324.1	411836806	411836806	+	6.98808803312884e-05	0.000485017922642829	-28.7166298153974
OX371324.1	411836833	411836833	+	0.000839354092224973	0.00388288294247885	-10.6421632126019
OX371324.1	411837076	411837076	+	0.0155484373974608	0.0385207416792522	-14.6479786258667
OX371324.1	414145189	414145189	+	4.05843385706582e-07	5.56882627283421e-06	27.2171143906665
OX371324.1	414145225	414145225	-	3.68186514211568e-05	0.000279454466213261	14.3879436797136
OX371324.1	414592559	414592559	-	0.0013714080169847	0.0058430467699971	19.9774257298478
OX371324.1	415349489	415349489	-	3.78181386720208e-11	1.56524995988617e-09	-24.1189427312775
OX371324.1	415349535	415349535	-	5.76807920667294e-29	2.76399760072747e-26	-13.1034482758621
OX371324.1	415349771	415349771	-	1.14140652448992e-05	0.000102790172744371	-17.261688688834
OX371324.1	415372725	415372725	-	2.27493109289446e-10	7.7151912099339e-09	-21.8207282913165
OX371324.1	415372932	415372932	-	0.000190584895407787	0.00113614510119559	-10.0448309569555
OX371324.1	420106402	420106402	-	1.06164823972253e-05	9.67241930926816e-05	-13.2419598834603
OX371324.1	420106589	420106589	-	8.17639890802685e-10	2.41722783831974e-08	22.8764936244084
OX371324.1	420798102	420798102	-	6.5463647930341e-09	1.51903717102018e-07	20.4214008967829
OX371324.1	423621586	423621586	-	4.56032856455106e-06	4.57851241292276e-05	15.4790336017773
OX371324.1	426975700	426975700	+	0.000263205160108202	0.00148097331739864	-25.8133247002093
OX371324.1	426975907	426975907	+	0.00596701024829494	0.0186635136595133	10.0385993067193
OX371324.1	429219485	429219485	-	9.4784395073619e-09	2.11704761307503e-07	61.309984832349
OX371324.1	429219548	429219548	-	1.26207264876152e-06	1.5091699127445e-05	-36.5448504983389
OX371324.1	429219735	429219735	-	4.72827610366665e-09	1.1497843937896e-07	-12.8031342942118
OX371324.1	429635774	429635774	-	9.17250366900246e-14	6.15971448977448e-12	26.5192374648686
OX371324.1	429635794	429635794	-	2.88326615939861e-07	4.1295346329969e-06	-13.4726279757855
OX371324.1	432307133	432307133	-	8.37553786125275e-32	6.06644558219295e-29	71.2754843517139
OX371324.1	432307145	432307145	-	1.63887366719329e-23	4.88783116202515e-21	-69.5753998171348
OX371324.1	436790858	436790858	-	0.00100845132928749	0.00454083992502482	-14.087439278279
OX371324.1	436790905	436790905	+	1.07733165228114e-05	9.79770114067635e-05	-36.4236111111111
OX371324.1	436790906	436790906	-	1.28783247946737e-07	2.02779077155884e-06	-51.2272810685658
OX371324.1	436790944	436790944	-	0.0042619461807603	0.0143961680952258	-18.7936921988103
OX371324.1	436791132	436791132	+	0.0159284135130707	0.0392081708556425	14.0517248428059
OX371324.1	439961964	439961964	+	0.0128079825523718	0.0333528375193163	-12.6139817629179
OX371324.1	455165891	455165891	+	0.0057172326104136	0.0180492832860682	15.9477679854392
OX371324.1	455166126	455166126	+	0.00095923437839792	0.00435005013245485	24.7223602673455
OX371325.1	24122804	24122804	-	9.99881582525529e-26	3.4962317040641e-23	42.6506967010906
OX371325.1	24122919	24122919	-	0.0211192620680665	0.0486494950406497	14.3632268632269
OX371325.1	24122960	24122960	-	9.66447915643205e-07	1.19658674497269e-05	13.7852937240733
OX371325.1	24560235	24560235	+	4.32260678017629e-08	7.81326410761957e-07	-28.1027301579127
OX371325.1	24560485	24560485	+	0.00860846696393925	0.0246797293689741	16.2361429179418
OX371325.1	24769901	24769901	+	5.18996865926163e-07	6.91559758881878e-06	24.3886538670138
OX371325.1	24769937	24769937	+	8.72986369734487e-06	8.1363234157164e-05	-14.2145593869732
OX371325.1	39176311	39176311	-	9.99889384853741e-11	3.64717664011579e-09	-27.1010132356882
OX371325.1	39176372	39176372	-	3.47173555495889e-06	3.62557624760583e-05	28.537609990088
OX371325.1	39176561	39176561	-	0.000646405913986317	0.00313174021038855	-13.1872643899786
OX371325.1	52632714	52632714	+	7.28672534103377e-07	9.32946745540552e-06	28.0209302107112
OX371325.1	52632750	52632750	+	6.47155869115369e-06	6.26204918660191e-05	-16.0044722506363
OX371325.1	76707760	76707760	-	3.22788143462548e-09	8.15239022582393e-08	-38.2636507212762
OX371325.1	138160884	138160884	+	6.26319434792311e-12	3.03401515531401e-10	32.7456027456028
OX371325.1	148084245	148084245	-	0.000320648303663426	0.0017584971599159	-10.137599469496
OX371325.1	148084260	148084260	-	0.0161159534655743	0.0395403250425742	-12.9781982723159
OX371325.1	201423423	201423423	-	1.33879227061648e-07	2.09501832549627e-06	41.1564278169614
OX371325.1	201997643	201997643	-	9.63006281196279e-09	2.14618600646307e-07	40.8333333333333
OX371325.1	201997840	201997840	-	0.000251815618361105	0.00142812027246556	-23.4980620155039
OX371325.1	201997864	201997864	-	6.40217516639822e-12	3.07676787843842e-10	32.7173376980752
OX371325.1	208200108	208200108	-	0.00811172003659539	0.0235581244833186	-17.5340649223681
OX371325.1	213802489	213802489	+	0.00400133758155995	0.013740188067999	-11.0882861641187
OX371325.1	217911604	217911604	+	6.4701602086165e-09	1.50825722079354e-07	23.9775769745649
OX371325.1	217911760	217911760	+	0.0106150788070652	0.0288306871900436	-11.3543654038339
OX371325.1	217911862	217911862	+	9.07748509160818e-14	6.13654496711061e-12	29.6037725161437
OX371325.1	221568472	221568472	-	1.9326777603113e-09	5.11693983903164e-08	-49.1738913012264
OX371325.1	221568499	221568499	-	1.68484883294626e-08	3.52992286576492e-07	-24.2678291974067
OX371325.1	221568511	221568511	-	0.000151881658456905	0.000935107127518822	-33.7031597685803
OX371325.1	235501325	235501325	-	0.00279894493049603	0.010392553988959	15.7428425831558
OX371325.1	248571732	248571732	+	0.0072873220969448	0.0217118181293374	-10.5010909732995
OX371325.1	249993523	249993523	+	0.00340032938331085	0.0120891686199468	-11.0101590952655
OX371325.1	257276511	257276511	-	0.00332540635032047	0.0118796890554862	-13.1135690016627
OX371325.1	257276519	257276519	-	3.36918543470228e-06	3.53669349654617e-05	30.8149405772496
OX371325.1	275627604	275627604	+	4.11533748490445e-05	0.00030774811549926	-13.3246706599478
OX371325.1	296883347	296883347	+	0.0136405940536179	0.0348148361101686	10.4590283696579
OX371325.1	296883442	296883442	+	0.0156178919758536	0.0386267522098145	-19.7469236127235
OX371325.1	312355383	312355383	-	2.32143812325677e-05	0.000188320125514494	-17.5087396781388
OX371325.1	312355414	312355414	-	0.000345183985161109	0.00186966786314309	-21.3763652167341
OX371325.1	348545684	348545684	+	0.0083028816526686	0.0239693900235744	16.9574053598694
OX371325.1	348545866	348545866	+	1.24271342772305e-19	2.25025947838493e-17	38.443601661926
OX371325.1	349555142	349555142	-	1.94844241069686e-07	2.96217952591468e-06	-30.5119818172835
OX371325.1	356415799	356415799	+	6.48445053738141e-06	6.26826472216946e-05	15.7782592993861
OX371325.1	356415830	356415830	+	3.76118811264396e-05	0.000284622934632731	-18.286944618719
OX371325.1	356415842	356415842	+	0.00306604728371624	0.0111282585727571	-16.3844721386621
OX371325.1	357507357	357507357	-	0.00031798088895815	0.00174764928785706	-11.6187560406214
OX371325.1	357507418	357507418	-	3.07811797194519e-20	6.36999096372323e-18	62.6542997780628
OX371325.1	357507459	357507459	-	0.0155292471917233	0.0385014185264813	-12.5108092751782
OX371325.1	357507574	357507574	-	2.15222042672858e-05	0.00017671337729745	-13.1092287407817
OX371325.1	357507600	357507600	-	2.07916008361396e-11	9.00993602201058e-10	-13.5255944426451
OX371325.1	357507607	357507607	-	3.72773617230316e-06	3.84371359140154e-05	-11.4520055955958
OX371325.1	357507639	357507639	-	0.0182528007635774	0.0434888105684319	-13.3268789519787
OX371325.1	357507670	357507670	-	0.00949263426452183	0.0265392611917577	-16.4481515109372
OX371326.1	14037802	14037802	+	8.04019744260401e-06	7.58416696270933e-05	14.8557306973016
OX371326.1	16973730	16973730	+	1.86362796715892e-10	6.42778770379738e-09	64.1541179157207
OX371326.1	16973773	16973773	+	1.58943362823556e-09	4.30943595513561e-08	62.62698138397
OX371326.1	16973994	16973994	+	0.000923460912396679	0.00420293783872461	-10.1135063449137
OX371326.1	18469576	18469576	-	0.00118864909991902	0.00519311764334603	-30.9391449641327
OX371326.1	18469730	18469730	-	5.37728484134443e-16	5.34579753171195e-14	-54.2532322042056
OX371326.1	18469795	18469795	-	6.93074944148267e-06	6.6552736307791e-05	-32.0107449310553
OX371326.1	20786605	20786605	+	2.01298021235731e-11	8.79834842582177e-10	-40.4840664000969
OX371326.1	20786652	20786652	+	9.4778414472426e-08	1.54763119389516e-06	-14.2613821499452
OX371326.1	30680102	30680102	+	1.34235454539328e-22	3.78106699638389e-20	-28.1565212977274
OX371326.1	35547383	35547383	-	0.00237358184578605	0.00909284747139175	-12.6135830548645
OX371326.1	35884432	35884432	-	0.00390136580632234	0.0135020181859948	-22.5691138259929
OX371326.1	35884479	35884479	-	0.000328263616594659	0.00179154068821891	-17.5094431582795
OX371326.1	39753723	39753723	-	4.08983837211864e-18	5.60433466266866e-16	-26.0282455886374
OX371326.1	40275713	40275713	+	7.45048470034883e-05	0.000512902735645097	32.9043856386437
OX371326.1	42240193	42240193	-	1.02321307125096e-09	2.91451112376267e-08	-12.5702105596682
OX371326.1	46083674	46083674	+	7.55701582535825e-13	4.35398872008231e-11	39.2363083862748
OX371326.1	48630986	48630986	-	0.00739633669348614	0.0219364934936192	-16.5855415758769
OX371326.1	51082814	51082814	+	0.000393354387871412	0.00207529696747426	-17.546904702868
OX371326.1	51083011	51083011	+	7.15708774983706e-06	6.84668129399721e-05	15.3325631292292
OX371326.1	52048360	52048360	+	3.94876256895556e-05	0.00029638437738309	25.8116883116883
OX371326.1	52048571	52048571	+	7.82760672712107e-11	2.93978025980897e-09	43.8988836384398
OX371326.1	52048601	52048601	+	6.6046054874249e-11	2.52726418485021e-09	29.7144707406099
OX371326.1	52048610	52048610	+	8.45860251391021e-05	0.000575268520339666	26.3068134384429
OX371326.1	52950286	52950286	-	0.000286358266128004	0.00159109639246405	-16.1792065615992
OX371326.1	52950342	52950342	-	0.00979579152047826	0.0271695835878433	16.3648531177128
OX371326.1	56922883	56922883	+	6.36130547791825e-06	6.16686161066778e-05	15.780645602985
OX371326.1	58121322	58121322	+	5.99622275550313e-06	5.84085822039197e-05	15.1156413494498
OX371326.1	65267620	65267620	-	1.4462208321032e-06	1.69931328637192e-05	10.4066360762085
OX371326.1	74668804	74668804	+	4.03763746681511e-06	4.12313646398387e-05	-12.1122424816481
OX371326.1	74668816	74668816	+	0.00418333302229436	0.0142015861248982	-11.1503692386045
OX371326.1	74750578	74750578	-	0.000559769735205037	0.00278245969580995	16.9429609878668
OX371326.1	75392848	75392848	+	0.00292191609541406	0.0107507351573681	-11.2190298191094
OX371326.1	75392860	75392860	+	3.09228725359512e-06	3.29376429648358e-05	-12.1022727272727
OX371326.1	77037524	77037524	-	9.12630259465102e-06	8.4668981977473e-05	-10.2902902902903
OX371326.1	77037672	77037672	-	1.7007485726065e-06	1.95977890531247e-05	-28.9239848809708
OX371326.1	77037701	77037701	-	0.00253968506136526	0.00960936535956123	-11.7218089004712
OX371326.1	77037735	77037735	-	0.000393842808519165	0.00207679328656234	-15.8890438319593
OX371326.1	78281624	78281624	-	1.73052454119296e-05	0.000146845111371842	20.8276140277213
OX371326.1	79948972	79948972	-	4.85529497481089e-05	0.000353185188062691	27.9194377078281
OX371326.1	84236286	84236286	+	1.5596271875008e-06	1.8178212682905e-05	-14.7155335767435
OX371326.1	84236339	84236339	+	4.78413016309197e-07	6.43400326479103e-06	-13.0644019815994
OX371326.1	85137435	85137435	-	5.02299527931716e-12	2.5340568179144e-10	-33.4114684230918
OX371326.1	85148849	85148849	-	6.75668770370523e-08	1.17119070168515e-06	32.1255814364797
OX371326.1	85149056	85149056	-	0.0150731122952888	0.0375633987522821	-10.6592450810421
OX371326.1	85149068	85149068	-	1.22438739182354e-06	1.4745394390647e-05	-34.4866704480998
OX371326.1	85149099	85149099	-	0.00713604904031303	0.0213707866107404	-14.9801471320508
OX371326.1	87761544	87761544	+	2.73812595550075e-16	2.92266778425282e-14	-19.5623911781776
OX371326.1	91634901	91634901	+	1.21733978235664e-14	9.56911425957765e-13	42.6521404768008
OX371326.1	91634944	91634944	+	3.83208597881931e-08	7.10391168913815e-07	-22.6596083308678
OX371326.1	91635168	91635168	+	2.63980956689259e-13	1.60289754229668e-11	-20.2042387232514
OX371326.1	91731194	91731194	-	1.10805419013059e-06	1.36028712887669e-05	-10.1610208863022
OX371326.1	104568699	104568699	-	2.65178982765116e-06	2.88517940641527e-05	-11.3252581082112
OX371326.1	106684190	106684190	+	0.000228642476450559	0.0013225881735583	-11.0916442048517
OX371326.1	106836166	106836166	+	3.61433550099639e-06	3.755158576636e-05	-12.5195704122834
OX371326.1	106836178	106836178	+	3.68544506684811e-05	0.000279516964092907	-15.2802077638054
OX371326.1	106836385	106836385	+	2.13818103758345e-06	2.39577224987615e-05	-16.9724791827347
OX371326.1	107703997	107703997	+	0.000178997396037554	0.00107912152990038	-12.7149758454106
OX371326.1	107704153	107704153	+	0.0191740937571746	0.0451312363383759	40.0772524454787
OX371326.1	107704192	107704192	+	3.85301504649563e-08	7.1296758017794e-07	-20.5858646085219
OX371326.1	108041761	108041761	+	7.19954475404585e-10	2.16128610591706e-08	-14.4192684624859
OX371326.1	108041769	108041769	+	0.00554272635593166	0.0175804682207662	-10.2466496417456
OX371326.1	108041802	108041802	+	8.90150677721641e-17	1.03498596214904e-14	59.361264398158
OX371326.1	108041973	108041973	+	0.000411234205373671	0.00215282756699654	22.2063763979134
OX371326.1	113939958	113939958	-	1.01745722593782e-05	9.32004856309288e-05	-28.2653380267165
OX371326.1	113940004	113940004	-	1.32421417057092e-07	2.07540847587456e-06	-19.4847851639023
OX371326.1	113940030	113940030	-	1.04971192536132e-18	1.66318206378661e-16	-48.2450599057407
OX371326.1	115244752	115244752	+	0.00101864618340188	0.00457050889924361	-11.1040002925594
OX371326.1	115244783	115244783	+	4.95903335331134e-11	1.9490678552798e-09	-28.9676956605699
OX371326.1	115245053	115245053	+	1.166950257298e-05	0.000104584573016831	29.9965606000089
OX371326.1	116117405	116117405	-	0.00865313169373311	0.0247517955767168	-13.6118551501026
OX371326.1	119180298	119180298	+	8.92431031859025e-05	0.000599701395184355	-36.7052313115251
OX371326.1	119180495	119180495	+	0.00473080077069377	0.0156361180030074	-13.9113446154658
OX371326.1	120587484	120587484	+	0.0132786110830639	0.0341921629816287	-19.4174141965679
OX371326.1	132482394	132482394	+	0.000120548285038512	0.000775137911918531	-20.4362510361647
OX371326.1	132687263	132687263	+	0.000342563688856006	0.00185858171827742	-14.1057724630727
OX371326.1	132687326	132687326	+	3.50616858581615e-07	4.91749732890343e-06	-33.2342943780109
OX371326.1	132687359	132687359	+	1.23659937427521e-14	9.57210298437054e-13	-59.623781688839
OX371326.1	132687459	132687459	+	4.10320399060352e-161	2.08038037601767e-157	-94.3633415656181
OX371326.1	132687533	132687533	+	4.85829124199787e-227	4.92643981823789e-223	-94.8012232415902
OX371326.1	132750893	132750893	-	3.23742719141737e-06	3.42319026649225e-05	-10.8206036748827
OX371326.1	132750911	132750911	-	1.22216255990171e-07	1.93339495701484e-06	-18.4553611983535
OX371326.1	133643832	133643832	+	0.000224648388920166	0.00130619032763355	-59.2024923244178
OX371326.1	133643934	133643934	+	0.000150403165831025	0.000927130164481351	-58.4048653294798
OX371326.1	134738718	134738718	-	0.00480158723749237	0.0157979896534603	28.5235191637631
OX371326.1	134738917	134738917	-	3.34400878253374e-05	0.000257668397091849	14.5275295170653
OX371326.1	145360382	145360382	-	0.00174643114029766	0.00711502131860994	-13.7732436147891
OX371326.1	145360538	145360538	-	0.000319156875385481	0.00175126502120832	-16.4895799146702
OX371326.1	145360550	145360550	-	1.13914528980334e-06	1.38670395133181e-05	-19.8229936415192
OX371326.1	145360593	145360593	-	0.000514541992318363	0.00258937773287467	-14.539914686167
OX371326.1	147268884	147268884	-	0.00400610916222963	0.0137448431961321	-10.08408875723
OX371326.1	147269136	147269136	-	0.00121912808536142	0.00530390651009306	-11.2868031225029
OX371326.1	159344377	159344377	+	4.96281317356332e-06	4.92892057536081e-05	29.0368018428159
OX371326.1	166403095	166403095	-	0.000158508794533793	0.000970605317780129	-27.4864376130199
OX371326.1	167428940	167428940	+	2.77674457066411e-06	3.00180674205841e-05	-36.73947495349
OX371326.1	167428965	167428965	+	4.58011707976403e-08	8.23468728929915e-07	-18.045760189531
OX371326.1	169741105	169741105	+	1.56571822977274e-09	4.25651738980114e-08	-56.5625315663443
OX371326.1	169741108	169741108	+	4.12780082670293e-12	2.12562253191996e-10	-55.2678655493833
OX371326.1	169741152	169741152	+	0.00159471808240137	0.00661385532869662	-11.6834298018791
OX371326.1	169741165	169741165	+	6.16832592988784e-60	2.08495023999236e-56	-93.8405797101449
OX371326.1	169904194	169904194	-	6.88777435246562e-10	2.07868781005701e-08	10.5956858385403
OX371326.1	169904357	169904357	-	8.22704707391317e-07	1.03891034955903e-05	10.0038836852717
OX371326.1	176490716	176490716	-	0.00500767167823176	0.0163169950158472	-40.3575
OX371326.1	176490761	176490761	-	8.13320894385447e-07	1.02962492932057e-05	18.34451901566
OX371326.1	179122357	179122357	-	0.0038564837122692	0.0133786509102617	-11.8282548476454
OX371326.1	179122377	179122377	-	3.30222315079271e-05	0.000255599159572583	10.2708310800796
OX371326.1	179122581	179122581	-	0.00434008657790932	0.0145872262379769	-15.8132770470282
OX371326.1	186274034	186274034	-	8.52584592142216e-05	0.000578526039314488	-10.7415662423029
OX371326.1	186274197	186274197	-	0.000271926814706441	0.0015234320789955	-10.8117335338896
OX371326.1	186866385	186866385	-	1.77171842026333e-05	0.000149839099060909	-26.8832391713748
OX371326.1	187151292	187151292	+	0.000165859932790509	0.00101012910091465	21.0665210665211
OX371326.1	187151338	187151338	+	0.0040251099105058	0.0137886758257494	16.2914650396241
OX371326.1	187151394	187151394	+	5.90345735070268e-05	0.000418327516212076	-16.835314145705
OX371326.1	187151527	187151527	+	0.00354378483827402	0.0125078123031231	-10.9630207191183
OX371326.1	187151535	187151535	+	1.32900641425783e-05	0.000116578611564612	19.6005024107613
OX371326.1	188316257	188316257	-	6.11302974019175e-15	5.16564906295612e-13	-50.8806890734191
OX371326.1	188316290	188316290	-	0.0108761518035697	0.0294020649190659	12.2270742358079
OX371326.1	188316458	188316458	-	3.71024280865485e-09	9.24394937694409e-08	-45.9442317133039
OX371326.1	188316501	188316501	-	0.0117242662826091	0.0311231335874048	12.3367198838897
OX371326.1	223566148	223566148	+	0.00047031580879064	0.00240016636592096	-38.9940047011594
OX371326.1	228076107	228076107	+	3.10711077640671e-06	3.29915713786514e-05	-36.0520931128283
OX371326.1	230580364	230580364	-	0.000929363360275978	0.00422790396407942	10.8464806050793
OX371326.1	230580607	230580607	-	6.77116947894626e-21	1.46088308934256e-18	67.312270731492
OX371326.1	230580614	230580614	-	1.19238192988869e-05	0.000106435545459006	13.8424789935109
OX371326.1	230580643	230580643	-	0.000428983057002401	0.00222848626710222	-24.4431438702792
OX371326.1	230580646	230580646	-	0.000618519208926456	0.0030168126337524	-23.7807502712392
OX371326.1	231920135	231920135	+	0.000698780183230471	0.00334710516503098	-30.4904051172708
OX371326.1	231920280	231920280	+	0.000120314461671375	0.000774125288313925	-25.661063557089
OX371326.1	233078732	233078732	-	9.4708955316609e-05	0.000630580851362771	-15.5463658435194
OX371326.1	233078773	233078773	-	0.000669556131849065	0.00322081678518373	13.9978006249018
OX371326.1	233078914	233078914	-	2.0537377918214e-06	2.31137195553561e-05	-20.077429345722
OX371326.1	233078921	233078921	-	8.98597907040259e-05	0.000601859025026465	15.2121818492399
OX371326.1	233078941	233078941	-	2.0866267821049e-14	1.51135461789822e-12	-72.2349538931631
OX371326.1	241484727	241484727	+	9.20855094698214e-19	1.48217806389499e-16	69.7058445728966
OX371326.1	242245577	242245577	+	6.71707632784201e-06	6.46846969555798e-05	-17.525029030537
OX371326.1	247985275	247985275	-	0.0122108213185168	0.0321279341966155	-14.4186604305331
OX371326.1	252394655	252394655	+	0.0184072997947902	0.0438054541403059	-17.2767248046858
OX371326.1	252394687	252394687	+	0.000871674422378969	0.0039981037949324	-51.3289997700064
OX371326.1	261439004	261439004	-	1.37056905944505e-05	0.000119603649348833	-17.4655622629385
OX371326.1	261439060	261439060	-	0.000426179300203057	0.00221619196655242	-25.3259084743343
OX371326.1	261439228	261439228	-	0.000492342439122858	0.00249749204998321	-15.889284268394
OX371326.1	273055893	273055893	+	1.71042303290335e-05	0.000145260938296892	-48.1200621467059
OX371326.1	273055896	273055896	+	0.000959904746780508	0.00435005013245485	-13.6413641364136
OX371326.1	277142671	277142671	-	0.00730328667626484	0.0217304338916615	-14.6198372966208
OX371326.1	281848396	281848396	+	1.21662105684288e-06	1.46692857575857e-05	-37.0018975332068
OX371326.1	281848613	281848613	+	5.47250426426321e-05	0.000391897498169434	-59.718052802165
OX371326.1	283039903	283039903	+	1.80355153138895e-38	2.03205604510825e-35	-93.0879038317055
OX371326.1	283040154	283040154	+	2.04536820108072e-12	1.10912253404544e-10	-89.6399706098457
OX371326.1	311628751	311628751	+	0.0155619897295292	0.0385448998623457	-20.0589118632321
OX371326.1	317451253	317451253	-	3.72183154506584e-05	0.000282065671987552	-25.5994167257042
OX371326.1	317451262	317451262	-	1.01574201519096e-19	1.90738908418258e-17	39.3164522897054
OX371326.1	317451296	317451296	-	8.93769089585501e-11	3.29565902676481e-09	34.7265058526516
OX371326.1	326821303	326821303	-	1.0905908926042e-30	5.82046793941387e-28	-20.5510943068628
OX371326.1	326821375	326821375	-	6.27785069542286e-26	2.27353993545309e-23	-32.262089805324
OX371326.1	326821405	326821405	-	9.85535207492464e-15	7.93142522722452e-13	-26.3996653144774
OX371326.1	329829977	329829977	+	4.2914110245558e-12	2.1867375966744e-10	60.377358490566
OX371326.1	348721453	348721453	+	0.00199002378958307	0.00790701161883808	-11.9344239588784
OX371326.1	348721465	348721465	+	0.00709717481840996	0.0212628363613131	-13.865844800848
OX371326.1	358441351	358441351	+	3.00842834169955e-15	2.62985205735261e-13	23.7347686327278
OX371326.1	359563179	359563179	+	7.60320474460399e-15	6.31955489439167e-13	-51.7664378351243
OX371326.1	359563182	359563182	+	4.29265299514492e-13	2.53073674966939e-11	17.6390290845759
OX371326.1	359563191	359563191	+	1.59871458633386e-08	3.37737539968632e-07	-42.3963920341677
OX371326.1	359563359	359563359	+	4.36508482837948e-08	7.87600545150327e-07	47.5249747446402
OX371326.1	359563389	359563389	+	2.68458180183863e-08	5.1951129063582e-07	16.2170189518394
OX371326.1	359563398	359563398	+	2.42643740207563e-08	4.79624503171578e-07	-45.075698600619
OX371326.1	362972549	362972549	-	0.000388514474478497	0.00205510836187011	-15.7832785732127
OX371326.1	365634889	365634889	-	2.38862555886185e-06	2.64136473393603e-05	-47.2278966419381
OX371326.1	365635106	365635106	-	5.45318085562686e-07	7.19122522022294e-06	-59.2635885447107
OX371326.1	365635171	365635171	-	0.00698908478595813	0.0210237988263565	-31.5119828056677
OX371326.1	366009660	366009660	-	7.61174243801428e-06	7.22707343176223e-05	-47.2556081498251
OX371326.1	366009751	366009751	-	0.0118502552384086	0.0313582515671334	-15.3118229224046
OX371326.1	374862690	374862690	+	3.65166177575449e-05	0.000277369635310169	-15.3884615384615
OX371326.1	374862917	374862917	+	3.70442063058896e-41	4.69547943633845e-38	-67.2151954910576
OX371326.1	374862960	374862960	+	0.0015698415683522	0.00652670014009876	-17.3592027939854
OX371326.1	377636859	377636859	+	1.04994652234032e-07	1.69534141490165e-06	30.0328537653175
OX371326.1	377636893	377636893	+	0.00639514056098456	0.0196272607196209	16.1493891032122
OX371326.1	377636930	377636930	-	6.17158114802103e-06	5.99439808423641e-05	-49.5471045350109
OX371326.1	377637172	377637172	+	5.26864604820945e-14	3.6592813583775e-12	-45.5696182631259
OX371326.1	379554953	379554953	+	0.00115204075696366	0.0050615283659208	-18.7788251547226
OX371326.1	379554960	379554960	+	0.0100795629069367	0.0277667799098179	-10.8037092309851
OX371326.1	383628150	383628150	-	6.70101089928378e-05	0.000466369787695021	-10.533380079748
OX371326.1	383757107	383757107	+	0.00151608106504807	0.00635267581662873	-11.8961788031723
OX371326.1	385747804	385747804	+	0.00870589077336821	0.024888668389005	-13.0424142501687
OX371326.1	385747981	385747981	+	0.00349177137372563	0.0123414130466579	-12.8007924913211
OX371326.1	385748022	385748022	+	4.53072883382892e-11	1.8016794520919e-09	-15.4000580660587
OX371326.1	385748083	385748083	+	0.000393231312211349	0.00207529696747426	10.0478783411464
OX371326.1	393134881	393134881	+	0.000400506619465488	0.0021031829883263	-20.6174674775126
OX371326.1	393134903	393134903	+	9.79073231354366e-07	1.20926547940383e-05	13.6370039593494
OX371326.1	393135049	393135049	+	4.07192148551613e-06	4.15396321802566e-05	-14.2575534675783
OX371326.1	393135079	393135079	+	0.00368838059955568	0.012901409176087	11.3571342823987
OX371326.1	393135105	393135105	+	2.26771568308968e-05	0.000184552612314951	13.4237343203908
OX371326.1	400336928	400336928	-	3.94236283363654e-05	0.000296342730340535	-11.2700988714671
OX371326.1	400337149	400337149	-	2.52614074843541e-07	3.68572030742616e-06	11.5910452505838
OX371326.1	408657815	408657815	-	1.30631542405292e-05	0.000114687399720688	-32.9419480594335
OX371326.1	408658010	408658010	-	0.0160541292070696	0.0394172514669637	-12.9861510395593
OX371326.1	410220052	410220052	-	0.00745906337641794	0.0220644506787893	-10.0984175157165
OX371326.1	417387034	417387034	-	5.62602891825852e-13	3.29765708685922e-11	-35.7585732977479
OX371326.1	435152956	435152956	-	8.91411258917549e-08	1.46739501259504e-06	13.3148332373423
OX371326.1	435152968	435152968	-	0.0044960120135502	0.0149625165744974	13.3447947110951
OX371326.1	436503907	436503907	+	2.07491827324691e-17	2.63002964719068e-15	32.8816009065539
OX371326.1	440232473	440232473	-	0.000124295604171914	0.000795701594131529	-10.5144839156746
OX371326.1	440232651	440232651	-	0.00275033301112713	0.0102458217574028	18.2938125530521
OX371326.1	440232671	440232671	-	0.0218482746258487	0.0499423252322755	12.5782685456563
OX371326.1	440232683	440232683	-	0.00384785331475621	0.0133532792697359	13.5871709750333
OX371326.1	453379253	453379253	-	0.00218152944919209	0.00851146732488834	-12.2373213785374
OX371326.1	453379300	453379300	-	1.1556610964962e-05	0.000103797331255718	22.0941558441558
OX371326.1	453379489	453379489	-	0.0013364296213934	0.00571563089065158	-11.7604790419162
OX371326.1	453863927	453863927	+	0.00611627918404006	0.0190189325367394	29.6382074517123
OX371326.1	461294467	461294467	+	0.000220743818323322	0.00128791859646607	16.2045717171872
OX371326.1	464045619	464045619	-	0.014505759265834	0.0364411011971355	-16.8183219154093
OX371326.1	464045636	464045636	-	2.89293701086435e-05	0.000228111743957897	-31.1771785789469
OX371326.1	464045831	464045831	-	3.01347179638222e-06	3.2301718679979e-05	18.9058433507238
OX371326.1	464045852	464045852	-	2.51323640165526e-10	8.38319162529403e-09	45.9347230931588
OX371326.1	464508587	464508587	+	5.28336084269266e-07	7.00323135444406e-06	-21.6647718500428
OX371326.1	464508590	464508590	+	0.0198535661076107	0.0463125316172327	-14.7059356436284
OX371326.1	464508797	464508797	+	3.48270134181905e-12	1.82982079967274e-10	40.6709015617568
OX371326.1	464508808	464508808	+	1.10378951316756e-14	8.74431773204897e-13	40.0675122749591
OX371326.1	468600945	468600945	-	1.30112524337721e-09	3.61473008772164e-08	73.8322818874249
OX371326.1	468600978	468600978	-	0.0177554629696943	0.0426164720207918	-19.1664616564383
OX371326.1	468601007	468601007	-	1.93644811920036e-05	0.0001614406754312	-18.6458488039816
OX371326.1	470145324	470145324	-	7.51065558628499e-05	0.000516339633935892	-10.9032876308418
OX371326.1	470145335	470145335	-	0.0166841715841432	0.0406101896523825	-14.1179144683005
OX371326.1	470145542	470145542	-	0.000623637933289194	0.00303739612229834	13.4194403046862
OX371326.1	481185324	481185324	+	6.56795481997267e-22	1.58573459845067e-19	-25.3567759181854
OX371326.1	481227070	481227070	-	0.00439778813084773	0.0147229045061171	-10.9788909548288
OX371326.1	481227238	481227238	-	2.77976706797901e-05	0.000219872045145073	-19.7171109131803
OX371326.1	481227247	481227247	-	4.8195851984024e-14	3.37047643752601e-12	46.6762303164365
OX371326.1	481227250	481227250	-	7.22394313913765e-17	8.51776204618214e-15	-44.2935397935398
OX371326.1	481977558	481977558	+	5.75383503578923e-10	1.77882489300731e-08	10.1175789698133
OX371326.1	483359558	483359558	+	0.0141084624847132	0.0357391100068666	10.1341201242115
OX371326.1	483359755	483359755	+	4.89111871552573e-10	1.53551943395971e-08	-28.094737424603
OX371326.1	483359801	483359801	+	0.000434952057320956	0.00225372124911745	-31.6992304888022
OX371326.1	494734048	494734048	+	1.41215520293593e-15	1.33828400850537e-13	46.5306095852474
OX371326.1	499379036	499379036	-	0.000134402346854816	0.000849673598686623	-21.2654012654013
OX371326.1	506921427	506921427	+	3.24913060732754e-05	0.000251888918079744	-20.8730964467005
OX371326.1	508538965	508538965	-	0.00213743430076316	0.00836194704720909	12.5055923839941
OX371326.1	509647382	509647382	+	4.43771000213476e-06	4.48203084723033e-05	12.106985346422
OX371326.1	511911178	511911178	+	1.82679918590929e-06	2.08371675625196e-05	-15.9641657334826
OX371326.1	511911195	511911195	+	0.000153312997701552	0.000941632713100833	10.5523423944477
OX371326.1	511911390	511911390	+	2.13655780630894e-05	0.000175854536148995	-14.2338338236355
OX371326.1	515395507	515395507	-	5.54876103780139e-05	0.000396420951172627	-10.1688733944047
OX371326.1	525286149	525286149	+	2.32180391566331e-06	2.57589988228399e-05	-23.2123775094923
OX371326.1	526833550	526833550	-	3.16773861844986e-06	3.35650298012494e-05	-19.3040410165941
OX371326.1	526923831	526923831	+	0.00022902297866217	0.00132403390219314	-31.8774580409222
OX371326.1	531604342	531604342	-	0.00020180784244379	0.00119531925285194	-12.7558040405242
OX371326.1	532846808	532846808	-	5.43778029003501e-05	0.000390237616220404	11.3354003799507
OX371326.1	535291616	535291616	-	7.05280889604539e-11	2.66855991415058e-09	-44.629420110267
OX371326.1	535291642	535291642	-	1.74258838095646e-15	1.5919208499347e-13	39.3474693929067
OX371326.1	535291805	535291805	-	5.56949731927617e-06	5.45663978466422e-05	-25.0356510745891
OX371326.1	535291852	535291852	-	7.19160936347956e-05	0.000497102115158084	-30.8000123126174
OX371326.1	536089586	536089586	+	0.0160765672185879	0.0394532372010682	15.197162184458
OX371326.1	536089613	536089613	+	0.00567521398310757	0.0179333803597203	13.902003731646
OX371326.1	536289350	536289350	+	2.30146389056203e-08	4.57597480828806e-07	-16.8097448879506
OX371326.1	539364987	539364987	+	0.000937362689477822	0.00425856331347445	-14.0044057597249
OX371326.1	540446268	540446268	-	0.000297890643499214	0.00164615387901079	-10.6045793879068
OX371326.1	540446280	540446280	-	3.06008714468381e-05	0.000239614812481198	-12.9156010230179
OX371326.1	541855532	541855532	+	8.31901950794027e-07	1.0492179929604e-05	32.0643858420282
OX371326.1	545261670	545261670	+	2.55048778278535e-06	2.79294186879272e-05	-16.6380494505495
OX371326.1	547926583	547926583	+	0.00140358944505	0.00594270554067989	-17.0871256747573
OX371326.1	547926586	547926586	+	0.000904839838425719	0.0041330282595217	-23.4380490661808
OX371326.1	547926615	547926615	+	8.90650035606897e-07	1.1149918846431e-05	40.815894549478
OX371326.1	547926623	547926623	-	0.00617626249918372	0.0191760521056185	-12.682545280272
OX371326.1	547926764	547926764	-	0.00985510741798162	0.0273116908922935	-12.008183890611
OX371326.1	547926865	547926865	+	0.00243380884794711	0.009288477788571	30.1764333747276
OX371326.1	561871335	561871335	+	0.00120865446806329	0.00527143481255848	11.0682463271403
OX371326.1	561871413	561871413	+	1.25434280726142e-07	1.98121155126537e-06	29.6172734970364
OX371326.1	561871546	561871546	+	2.53639535250292e-05	0.00020412492554418	-11.9822985812834
OX371326.1	561871587	561871587	+	0.0113919000311341	0.0304794124531731	-15.830340519109
OX371326.1	561871648	561871648	+	2.9644847397231e-08	5.63990314383309e-07	35.7446235594011
OX371326.1	564791328	564791328	-	0.019155012356375	0.0451084647905065	-26.472191021282
OX371326.1	565514694	565514694	-	0.000737125755911673	0.00349282999964552	10.9341622216253
OX371326.1	573948063	573948063	-	0.000682502024335619	0.0032753226046753	-20.718462823726
OX371326.1	582999460	582999460	-	0.0189366796886788	0.0447397708742332	18.7033713315547
OX371326.1	583996777	583996777	-	0.000311291282356329	0.00171739853140132	-20.5700631949841
OX371327.1	8525491	8525491	+	0.00332666563036025	0.0118796890554862	-18.4192601880189
OX371327.1	8525832	8525832	+	0.000204129393387482	0.00120414643432333	21.6792538453059
OX371327.1	8525879	8525879	+	1.499958491e-15	1.39541175947967e-13	29.3681308787564
OX371327.1	29906904	29906904	-	8.73809658853274e-05	0.000590317671718676	14.5334331337325
OX371327.1	29907121	29907121	-	7.8996058102903e-05	0.000540149408997248	21.047891502437
OX371327.1	36423432	36423432	-	5.04499912794465e-18	6.82102227549491e-16	74.0161290322581
OX371327.1	36423456	36423456	-	0.000558403617933047	0.00277703039614365	40.6321795551516
OX371327.1	36423479	36423479	-	5.05367665122056e-05	0.000366040425134477	39.9126769045468
OX371327.1	59898810	59898810	-	0.000437877047614073	0.00226656083911163	12.3148006973769
OX371327.1	67421267	67421267	-	0.00450408446115131	0.0149844635245228	-11.6115158347464
OX371327.1	67421325	67421325	-	3.99333706181578e-06	4.08612784043773e-05	-16.1319073083779
OX371327.1	67421517	67421517	-	0.0111956598028778	0.030057464591725	-15.7111136607523
OX371327.1	67421546	67421546	-	6.66895048850517e-05	0.000464457257954128	10.794038904966
OX371327.1	71668646	71668646	-	0.00307456001208754	0.0111545177241269	-14.2818981660163
OX371327.1	71668835	71668835	-	0.00333053934392457	0.0118875667991225	-11.175014826801
OX371327.1	82314991	82314991	-	0.000385120038679432	0.00204034599004559	10.6278692485589
OX371327.1	82314998	82314998	-	1.13421595040818e-05	0.000102233413944549	16.9835276452924
OX371327.1	82315006	82315006	-	8.3535413855418e-11	3.11423484882182e-09	17.6135570507273
OX371327.1	102149583	102149583	+	0.00619497545497421	0.0192047510401097	11.2978176084972
OX371327.1	108206367	108206367	+	2.38109406887298e-06	2.63591083489777e-05	13.5379752897232
OX371327.1	161456193	161456193	+	0.0104520024948128	0.0285523049147458	-12.2966040348724
OX371327.1	225059377	225059377	-	0.00828335346955172	0.0239303314181354	14.2428745207336
OX371327.1	225059389	225059389	-	2.44634701253205e-07	3.58477252783582e-06	-15.8740832425043
OX371327.1	295043972	295043972	+	2.57601073980406e-05	0.000206688729178272	22.2738349070972
OX371327.1	295044152	295044152	+	0.00195466585124192	0.00780041118547021	10.4654056201407
OX371327.1	314693298	314693298	-	0.000721173086756525	0.00343006181204516	35.7262668073479
OX371327.1	314693515	314693515	-	0.00301615421509859	0.0109842357199358	-37.6373410253048
OX371327.1	385491608	385491608	-	6.21930958962996e-05	0.000436842960245688	-11.3287703563842
OX371327.1	396970203	396970203	-	9.54103247348817e-08	1.555444877507e-06	22.3782276772179
OX371327.1	399839060	399839060	-	3.84155997434192e-05	0.000289409107265987	-13.1587600947821
OX371327.1	399839083	399839083	-	0.00173037541576594	0.00706379977312179	-10.9544836167951
OX371327.1	412990420	412990420	+	0.0182082180892702	0.0434029847914575	-27.2849918864863
OX371327.1	412990588	412990588	+	7.20966408631379e-07	9.24611359652805e-06	57.0036406428125
OX371327.1	412990690	412990690	+	0.0141880850594647	0.0358780678256148	-15.287887730343
OX371327.1	425191970	425191970	+	0.0024309874733966	0.00928819742909765	-13.6641929499072
OX371327.1	430615440	430615440	+	0.000424761183042244	0.00220995086711512	14.4352454169131
OX371327.1	430615480	430615480	-	0.000279723726140821	0.00156279607237293	-10.8313013760915
OX371327.1	431545069	431545069	+	0.00102880253377097	0.00460467688196861	-17.1690893521078
OX371327.1	431545136	431545136	+	0.0102137427754937	0.0280601835030392	10.1186653636744
OX371327.1	431545243	431545243	+	0.000705753993356812	0.00336778257458819	-19.1921072226359
OX371327.1	440925289	440925289	-	0.00517402594230912	0.0167195774866153	-26.8232151650453
OX371327.1	466431215	466431215	+	4.21915658039169e-05	0.000313479674054133	25.5326973911045
OX371327.1	466431262	466431262	+	8.59745481216401e-05	0.000581591304574692	-24.0215044503632
OX371327.1	475738979	475738979	+	0.0023390861787134	0.00899468023691621	-11.5023288860819
OX371327.1	475739013	475739013	+	4.15611614888599e-06	4.22709641283112e-05	-24.0670644653513
OX371327.1	475739075	475739075	+	6.30456488492261e-05	0.000440896602482083	-17.6861976480297
OX371327.1	479282979	479282979	+	4.92309178233056e-06	4.89906705929607e-05	18.0009281819237
OX371327.1	492316687	492316687	-	0.000130751490769077	0.000829696981161404	-22.6825862309733
OX371327.1	492316908	492316908	-	0.00212307813140379	0.00831540798522326	-34.2077200558203
OX371327.1	498941251	498941251	-	0.00497326710194265	0.0162364084865653	-12.9042545480902
OX371327.1	513270289	513270289	-	0.000519496005263553	0.00261171600104171	-26.4724633180204
OX371327.1	513270391	513270391	-	0.00507830011818445	0.0164732399837913	-14.7230317791834
OX371327.1	513270506	513270506	-	0.000125524338666063	0.000801543468504048	-22.2144426249609
OX371327.1	526525237	526525237	-	0.000898749566367561	0.00410705980914158	-10.946252459304
OX371327.1	526525276	526525276	-	0.000348785824992978	0.00188226896691624	12.4818465730185
