CpG;LD;Loading
225371;LD1;7.27163665252115e-05
225417;LD1;7.49381608374575e-05
225432;LD1;0.000236132926460443
225443;LD1;1.07698681027187e-06
325765;LD1;2.1324987696776e-06
325795;LD1;2.62609924027232e-06
325806;LD1;2.20077158580211e-06
325821;LD1;0.000430040891338934
325867;LD1;1.44558267824789e-05
161019;LD1;1.88780448282784e-05
161022;LD1;7.52787219163755e-06
161045;LD1;1.16290950179107e-05
161052;LD1;9.4229658085499e-06
161126;LD1;9.26586500000941e-06
161135;LD1;1.1115729790086e-05
43549;LD1;5.83914587225878e-06
43595;LD1;1.10563238766238e-07
43606;LD1;0.00413291724782031
43621;LD1;1.95710523096665e-05
43667;LD1;0.000900854192154003
16352;LD1;9.82808341898475e-05
16395;LD1;0.000536283670504667
16434;LD1;0.000117793230857688
16475;LD1;0.000507062284456131
19666;LD1;4.37887314477442e-06
19694;LD1;6.57491266581515e-06
19696;LD1;1.63126664886501e-05
19705;LD1;7.1782981645907e-06
19764;LD1;7.13386023366359e-06
54266;LD1;1.64396337501623e-05
54277;LD1;1.19526341856243e-05
54295;LD1;2.51322069882254e-05
54325;LD1;1.06424852627802e-05
54334;LD1;2.59832416914521e-06
54336;LD1;8.85063693799587e-06
54364;LD1;6.16910571835256e-06
89846;LD1;8.77808663733451e-05
89868;LD1;7.70345452290764e-05
64195;LD1;3.09407411735854e-05
64217;LD1;3.3320586191992e-05
64282;LD1;1.73320047216956e-05
38802;LD1;9.25167764872582e-07
38824;LD1;1.57900662399271e-06
38888;LD1;2.2036842106905e-07
38928;LD1;1.01364823693311e-06
30137;LD1;6.45249562511237e-07
30159;LD1;1.98752773522316e-07
30223;LD1;8.76932013748222e-08
38349;LD1;3.96905322570042e-07
38378;LD1;3.46956699193667e-07
38380;LD1;2.54233161475866e-07
38389;LD1;3.37306530253169e-07
38420;LD1;1.1499422659354e-06
38438;LD1;5.55280650900266e-07
38449;LD1;4.11308398061001e-07
39769;LD1;0.000473169617151561
39842;LD1;0.000451742928756174
46380;LD1;7.97273366670772e-07
46446;LD1;1.31294636436579e-06
46468;LD1;1.94586856377377e-06
43182;LD1;6.37502468108357e-07
43204;LD1;2.75942891406544e-08
14873;LD1;1.21199372202766e-07
14893;LD1;9.25429109311373e-08
14957;LD1;7.90991279608658e-07
14963;LD1;5.80722761165248e-08
14987;LD1;8.94289645532984e-08
14989;LD1;2.64338362052734e-07
11879;LD1;6.70738408782073e-05
11901;LD1;5.86642358098522e-05
25748;LD1;2.94126239825395e-05
25813;LD1;3.47657573087426e-05
25835;LD1;3.57261503425526e-05
45;LD1;0.000503912207126326
96;LD1;0.000365204546938642
133;LD1;0.000401657496066904
136;LD1;2.71449899638357e-05
165;LD1;0.000217850436979957
319;LD1;2.20156749188229e-06
346;LD1;1.75047205453164e-06
348;LD1;1.50989273735364e-06
357;LD1;1.31242638336922e-06
388;LD1;6.94174033835193e-06
406;LD1;2.19932115040388e-06
417;LD1;1.41305461702831e-06
2947323;LD1;0.000844288084007734
2947354;LD1;0.00087088243596499
2947357;LD1;8.20519485932927e-06
2947366;LD1;0.000568671810238062
2947378;LD1;2.39800076096894e-05
2947386;LD1;3.41093209786809e-06
2947393;LD1;0.000924357089420681
2947401;LD1;5.50403444804132e-05
7664963;LD1;1.28692768211414e-06
7664969;LD1;4.51758119279149e-06
7664983;LD1;2.05136426926534e-08
7665005;LD1;4.76400432170168e-09
7665037;LD1;1.8914827293713e-06
7665052;LD1;2.33119242046622e-05
17692455;LD1;1.40712325113188e-05
17692457;LD1;2.32758136402541e-05
17692461;LD1;5.64052157458619e-06
17692471;LD1;1.95956891771748e-06
17692528;LD1;2.01195418713314e-07
17692552;LD1;5.51021829723866e-05
17692558;LD1;0.000263384859278733
17692570;LD1;1.40303325128499e-05
32646737;LD1;1.15905030217582e-05
32646767;LD1;1.58897733181033e-06
32646776;LD1;3.815274739166e-07
32646793;LD1;9.10038899965543e-09
32646839;LD1;1.20092618180573e-06
35280849;LD1;5.64396334469906e-07
38264386;LD1;8.13397527578997e-06
38264420;LD1;3.0214792350081e-06
38264429;LD1;8.84901014464833e-08
38264441;LD1;8.09302383181835e-05
38264449;LD1;3.58145670382691e-08
52914311;LD1;1.89236379424569e-09
52914319;LD1;5.16545554049606e-06
52914326;LD1;6.44199740227413e-05
52914334;LD1;7.4437616418054e-06
52914346;LD1;8.11024904495964e-07
52914355;LD1;3.3872569780932e-07
52914358;LD1;2.73347672279608e-05
52914389;LD1;9.99466768546711e-06
61868784;LD1;3.90679162310322e-08
61868792;LD1;2.44313830418659e-08
61868807;LD1;3.41156948197124e-06
61868819;LD1;5.02992150732272e-06
61868828;LD1;4.05729726108378e-06
61868831;LD1;5.07689608604046e-05
61868862;LD1;3.55569563876303e-07
62506014;LD1;1.11885071262204e-06
62506028;LD1;7.06585879558844e-05
62506126;LD1;4.02992232915913e-06
66399349;LD1;5.59803818759517e-07
66399412;LD1;0.000961845417808596
66399451;LD1;9.75828858246256e-05
72655153;LD1;8.22303049804988e-06
72655186;LD1;3.80866689166358e-06
76456324;LD1;4.51063667215284e-06
76456339;LD1;8.49719469788901e-08
76456360;LD1;2.5182647852122e-05
76456363;LD1;0.000104864932324217
76456393;LD1;2.06383873392651e-06
88337369;LD1;1.4219774847809e-06
88337371;LD1;4.10795264596991e-05
88337374;LD1;2.42916328973468e-05
88337376;LD1;6.49249960196777e-06
88337409;LD1;1.71004499833991e-05
88337427;LD1;4.62431586115214e-05
88337439;LD1;3.95062056774236e-05
91171167;LD1;0.00745525349626439
91171197;LD1;3.12617991343015e-06
91171223;LD1;0.00675890266497626
91171269;LD1;2.26843503234804e-05
106359837;LD1;1.17003153414422e-05
106359867;LD1;1.46845126790351e-09
106359939;LD1;3.70311278859465e-06
107247292;LD1;0.000238096193425558
107247322;LD1;5.33198836130707e-06
107247348;LD1;6.86778642681616e-08
107247394;LD1;0.000199653976506025
120746427;LD1;2.18041422560595e-05
120746435;LD1;2.90203517790612e-06
120746442;LD1;1.35903838342691e-06
120746450;LD1;0.000118883575670654
120746462;LD1;0.000507833840652449
120746471;LD1;1.20833780295276e-08
132775216;LD1;5.56450722689635e-05
132775224;LD1;3.74116217960523e-05
132775230;LD1;3.54408078993067e-06
132775265;LD1;2.8022999955559e-09
132775268;LD1;2.19113747520428e-05
132775283;LD1;0.000237146310005937
132775286;LD1;0.000452542201790368
132775289;LD1;6.20176692514359e-05
132775299;LD1;0.00021313814921971
132775312;LD1;5.16224554874748e-05
132775343;LD1;0.0004673200569508
132775345;LD1;2.174303349647e-05
152683737;LD1;2.07955437993415e-08
155329657;LD1;0.000205297230983393
160905314;LD1;0.0016309751661308
160905324;LD1;2.34122145205583e-05
160905380;LD1;1.89870340331802e-06
160905389;LD1;1.16281920379642e-05
160905431;LD1;6.48785737850368e-05
163184591;LD1;0.000100838644103509
163184637;LD1;3.89515926219265e-05
163184652;LD1;1.4122056640669e-05
163184663;LD1;4.25757983487458e-07
163184693;LD1;8.57429575410059e-06
203332548;LD1;4.34345753563561e-10
207051269;LD1;2.88543604667517e-05
207051274;LD1;2.29922170884112e-06
207051284;LD1;6.04605765517882e-07
207051292;LD1;1.44403291788643e-06
207051298;LD1;6.80401431966072e-07
207051306;LD1;1.57742011037955e-05
207051318;LD1;1.21821436415437e-06
207051320;LD1;7.67625681051784e-08
207051355;LD1;5.56535473423926e-07
207051359;LD1;5.83352252199082e-06
207051378;LD1;1.07899812623557e-05
207051392;LD1;2.43769849537747e-07
207051395;LD1;2.8722653635848e-06
225585592;LD1;6.27571725236646e-06
225585635;LD1;8.26233196251171e-08
225585662;LD1;3.00601662191442e-07
241041264;LD1;0.000156492564386285
241041266;LD1;4.0184466927946e-06
241041314;LD1;1.45380023270558e-05
241041322;LD1;0.000622013004253841
241041343;LD1;4.93751956108364e-06
241041348;LD1;5.82723016693661e-05
241041374;LD1;9.66564267909269e-05
261967524;LD1;6.25308173610203e-05
261967527;LD1;3.99046241345653e-05
261967548;LD1;4.34865050449985e-05
261967556;LD1;8.22608235287694e-06
261967563;LD1;2.85578185149655e-05
261967571;LD1;1.11884385051156e-06
261967589;LD1;5.55629707482723e-05
281715145;LD1;3.25253083031184e-07
281715148;LD1;6.22449691583018e-06
281715162;LD1;0.000135746466814566
281715181;LD1;1.15045775209284e-05
281715185;LD1;1.28830027812159e-05
281715220;LD1;1.04135501439278e-05
281715222;LD1;2.40168041450579e-05
281715234;LD1;9.04268821735877e-07
281715242;LD1;5.36936279962704e-07
281715248;LD1;1.50522161364569e-05
281715256;LD1;5.14251955306368e-07
281715271;LD1;4.99040911990351e-07
311894016;LD1;9.30206620703375e-06
311894047;LD1;6.39840030716266e-06
311894050;LD1;1.18975095912567e-05
311894059;LD1;3.66695881310944e-05
311894086;LD1;3.00480200913662e-06
311894094;LD1;6.07123476449311e-10
316793180;LD1;1.97413688133515e-06
316793210;LD1;9.75834379966293e-08
316793219;LD1;5.86317834855111e-07
316793236;LD1;2.64233150750923e-07
316793282;LD1;2.51570485582082e-06
324703362;LD1;9.79806041402827e-05
324703384;LD1;1.42840387206287e-07
324703392;LD1;2.72177490919333e-06
324703399;LD1;1.16082854216733e-05
324703407;LD1;0.000657884173032392
324703419;LD1;0.000636776185648942
324703428;LD1;2.09872626666976e-08
324703462;LD1;1.38392749794737e-06
337998549;LD1;3.90315268185201e-05
337998561;LD1;0.00130098537329513
337998579;LD1;0.00301233681818481
337998582;LD1;0.0134567266149109
337998605;LD1;1.0570924308304e-05
337998651;LD1;1.61408103822535e-06
340850407;LD1;1.22073163905805e-07
340850468;LD1;8.32357152239968e-05
340850479;LD1;0.000184987128548091
340850509;LD1;0.000256342660588554
344020325;LD1;1.64868896710561e-05
344020355;LD1;2.47002557902523e-06
344020381;LD1;5.08572395978241e-05
344020427;LD1;1.74404339087487e-06
349934253;LD1;6.17629874532919e-07
349934284;LD1;1.58605997298147e-05
349934287;LD1;0.000142874381735816
349934308;LD1;0.000610577614736802
349934316;LD1;0.000276744224532411
349934323;LD1;0.00112289270026914
349934331;LD1;0.000135988863019232
349934349;LD1;0.000312395229944604
355009258;LD1;5.75584353552705e-06
355009293;LD1;3.00571819564094e-05
360822586;LD1;1.78398731761714e-05
360822617;LD1;3.45030996739602e-05
360822620;LD1;2.27708876999169e-05
360822629;LD1;1.66880169234148e-05
360822641;LD1;1.66281861283682e-06
360822664;LD1;1.49001786768034e-06
363079650;LD1;1.83287523418004e-06
363079716;LD1;1.76103131258907e-06
363079725;LD1;0.000400825932728766
363079767;LD1;0.00150775110365605
366478571;LD1;3.02927411730904e-05
366478617;LD1;1.51797912518482e-06
366478634;LD1;1.02546605608508e-06
366478643;LD1;2.72808979345019e-06
366478673;LD1;2.78444185383012e-05
371956681;LD1;3.41075107086986e-08
371956745;LD1;2.54556468756043e-05
371956751;LD1;3.40441476268682e-07
371956784;LD1;5.78471400627498e-05
374850305;LD1;2.5395903665459e-05
374850350;LD1;3.26123945469141e-06
374850376;LD1;8.48236206860848e-07
374850406;LD1;0.00248831309829783
384670203;LD1;3.1515169281089e-05
384670233;LD1;2.55801521773853e-06
384670242;LD1;2.39539734083593e-06
384670259;LD1;4.72592225830605e-08
384670305;LD1;4.45554699048995e-07
385891339;LD1;1.94040136129074e-06
385891369;LD1;6.25390451343638e-07
385891380;LD1;6.47813569486213e-06
385891383;LD1;1.0440347523142e-06
385891395;LD1;2.4527459644894e-05
385891441;LD1;7.11953641253195e-06
394410983;LD1;1.16661443085401e-05
394411014;LD1;0.000105840372764531
394411017;LD1;0.00143268929197953
394411026;LD1;1.33158183402003e-05
394411038;LD1;5.27755448592513e-05
394411046;LD1;0.000111833002937699
394411053;LD1;0.000569870839215179
394411061;LD1;2.44019930421443e-05
399651530;LD1;2.47485285289343e-06
399651561;LD1;6.98551552102032e-06
399651564;LD1;9.44230239962004e-05
399651585;LD1;1.57797643106061e-05
399651593;LD1;9.24370087524486e-06
399651608;LD1;0.00205763800272489
400688023;LD1;0.000207125468342515
400688069;LD1;5.54584774065514e-05
400688084;LD1;0.000358706815810402
400688095;LD1;0.000174483988981538
400688125;LD1;1.02986466575277e-07
401334348;LD1;2.18173687906838e-07
401334355;LD1;4.08374821249072e-06
401334384;LD1;0.00628984186262816
401334387;LD1;0.000669992549318716
401334418;LD1;1.48718446066788e-05
406157521;LD1;1.02110347201219e-06
406157551;LD1;1.76280328193498e-06
406157623;LD1;1.66883293845169e-05
421263162;LD1;6.89335058376285e-06
421263193;LD1;3.1442194727211e-06
421263196;LD1;8.83725757194014e-07
421263205;LD1;5.18137385994139e-06
421263217;LD1;2.75566690828486e-05
421263225;LD1;9.56607315983219e-06
421263232;LD1;8.51569588375955e-07
421263240;LD1;2.60290762565405e-06
421263253;LD1;2.24494335739399e-06
424520947;LD1;0.0018620152225442
424521037;LD1;0.00454949990660141
424521055;LD1;7.4804562882845e-05
427860806;LD1;5.57849667002769e-06
427860823;LD1;1.01945564337189e-05
427860852;LD1;9.8913114006643e-05
427860864;LD1;2.8561124934412e-07
427860867;LD1;6.45412092380403e-07
427860878;LD1;4.56837749581747e-05
427860908;LD1;3.31159511017627e-05
428140339;LD1;8.70685650869033e-05
428140369;LD1;2.04205624700096e-06
428140378;LD1;0.00148142518450353
428140395;LD1;5.01145552083301e-05
428140441;LD1;7.67644565986094e-06
440148368;LD1;0.000628272410330599
440148392;LD1;1.85157224113365e-05
440148400;LD1;2.76564151178065e-05
440148415;LD1;1.45105612809232e-06
440148427;LD1;3.79837621652043e-05
440148436;LD1;2.08752491575006e-05
440148439;LD1;6.44171508104528e-06
440148470;LD1;3.76740154646751e-07
440715455;LD1;6.30528939351425e-09
440715463;LD1;1.79686862681683e-05
440715470;LD1;0.000531257837718043
440715533;LD1;0.000566619787859216
450764802;LD1;4.80525849856959e-05
450764848;LD1;0.00172114244937959
450764874;LD1;2.96707462421065e-06
450764904;LD1;0.000508475805856105
453642150;LD1;6.80938297554954e-05
453642176;LD1;5.12859233171049e-05
453642191;LD1;2.76229203501398e-06
453642212;LD1;1.52841406511093e-06
453642247;LD1;8.62476395857443e-09
461941219;LD1;1.33046385435692e-05
461941227;LD1;1.23150260149755e-06
461941234;LD1;2.19982270439671e-05
461941242;LD1;8.60251836830456e-06
461941254;LD1;8.02656335350665e-06
461941263;LD1;1.4959873220449e-06
461941266;LD1;7.07508834177249e-07
461941297;LD1;7.22065124456436e-06
466605652;LD1;4.12847984292826e-07
466605658;LD1;1.65221612366147e-05
466605688;LD1;7.60003451094118e-08
466605697;LD1;8.18760834887725e-07
466605714;LD1;1.65122167446006e-07
466605760;LD1;2.809852761937e-06
466709949;LD1;0.000117912734113877
466710021;LD1;3.7142382096793e-08
466710051;LD1;4.86883138140501e-07
469039444;LD1;0.000187976817818183
469039490;LD1;0.000664359334832322
469039505;LD1;2.62159472317888e-05
469039516;LD1;2.4386556560163e-06
469039546;LD1;1.89835511903999e-06
475342893;LD1;2.83145506745025e-05
475342927;LD1;2.9679033843675e-08
475342936;LD1;2.20629653628577e-06
475342956;LD1;2.03297405736477e-05
492182295;LD1;9.19383160748577e-06
492182303;LD1;1.44674495205689e-05
492182310;LD1;3.36939801578594e-06
492182318;LD1;1.12992643129453e-05
492182339;LD1;6.52565860578706e-06
492182342;LD1;0.000228521931418427
492182373;LD1;0.000394595053515137
492750371;LD1;3.16012742866881e-05
492750402;LD1;4.04692584436246e-05
492750405;LD1;1.00457814765628e-06
492750414;LD1;2.24858691094221e-07
492750426;LD1;5.45676178138705e-06
492750434;LD1;6.1654312816598e-07
492750441;LD1;3.0459999770338e-06
492750449;LD1;3.360921565081e-06
497568296;LD1;5.64312507135396e-06
497568342;LD1;1.80135570271034e-06
497568354;LD1;0.00372382565645302
497568359;LD1;3.11039241982217e-07
497568368;LD1;5.05042336816535e-07
497568398;LD1;8.01301210172694e-07
498606034;LD1;1.779967504884e-05
498606043;LD1;2.73935502988646e-05
498606060;LD1;4.1571008870591e-06
498606106;LD1;4.99638963171499e-05
515344378;LD1;7.63540393053034e-05
515344412;LD1;2.33933236198585e-06
515344430;LD1;2.84258481238319e-05
515344442;LD1;5.2918400843822e-05
515344448;LD1;0.000243146296899428
515344470;LD1;6.48280929200139e-05
515344475;LD1;8.95830981473005e-06
518575097;LD1;7.6523715333754e-06
518575112;LD1;4.40594537722473e-08
518575175;LD1;2.58530731484518e-05
521828290;LD1;5.59773205562243e-05
521828316;LD1;3.76346941531015e-05
521828352;LD1;0.000109327509606727
521828386;LD1;5.07173047076733e-06
526541860;LD1;3.12635591873554e-06
526541868;LD1;7.50261647433071e-09
526541874;LD1;5.74117577023368e-09
526541909;LD1;1.56250840162675e-06
526541912;LD1;1.04891451476886e-06
526541918;LD1;2.0569034569826e-06
526541927;LD1;7.08677891176788e-06
526541930;LD1;2.13496494276641e-06
526541933;LD1;4.73510314321833e-06
526541943;LD1;1.69073204460636e-08
526541987;LD1;8.38301368345616e-07
526541989;LD1;2.23195721117477e-07
6863122;LD1;0.000108823283602131
6863200;LD1;3.06363921875652e-06
32139837;LD1;0.000399930335671467
32139855;LD1;0.000162624264528107
32139863;LD1;5.42272112046909e-05
32139870;LD1;6.36578476885972e-05
32139878;LD1;7.3170597261688e-06
32139899;LD1;3.97467699513742e-05
32139902;LD1;0.000199570405338532
33282733;LD1;4.1834456195811e-05
33282745;LD1;7.08368863767956e-07
33282748;LD1;0.00141229355531819
33282753;LD1;0.000283446968039053
33282760;LD1;1.74184285026153e-06
33282795;LD1;0.00106509441313803
33282809;LD1;2.06013606428694e-06
33282826;LD1;0.000121915072548855
33282828;LD1;3.17412095604406e-08
39042994;LD1;2.24915643030265e-06
39043009;LD1;1.90384686976603e-06
39043029;LD1;1.11280364673866e-06
39043072;LD1;0.000570863254774582
54934123;LD1;8.20139473366087e-06
54934157;LD1;3.87743591172697e-07
54934178;LD1;6.44135393514499e-05
54934186;LD1;1.59466725111535e-05
54934193;LD1;5.57766707724955e-05
54934201;LD1;9.6797890962144e-05
54934219;LD1;2.17413190557248e-06
58337159;LD1;0.000120102537460871
58337189;LD1;2.68255696310981e-06
58337200;LD1;0.000143725080454003
62493281;LD1;0.000387122491337301
62493311;LD1;0.00140748818867445
62493337;LD1;4.91013671674337e-09
62493383;LD1;0.000144339743895962
65930042;LD1;8.89242303999289e-06
65930073;LD1;7.12969423767661e-06
65930076;LD1;2.49284980331432e-05
65930097;LD1;8.93480032607787e-05
65930105;LD1;0.000145172560620028
65930112;LD1;7.88557483291819e-05
65930120;LD1;7.62843156895283e-05
65930138;LD1;4.85480701468622e-05
69855609;LD1;0.000435401535121753
69855642;LD1;9.44819440954041e-07
69855657;LD1;6.43689361214084e-05
69855660;LD1;4.28026345955424e-05
69855663;LD1;0.000179959242118198
69855711;LD1;9.75456479844302e-06
69855716;LD1;7.1648017517687e-05
69855729;LD1;4.86965595135358e-06
73042644;LD1;4.89089682002958e-05
73042678;LD1;1.8862338811377e-07
73042696;LD1;1.04180924717225e-05
73042708;LD1;8.49127452886455e-05
73042714;LD1;0.000114350107159566
73042741;LD1;5.35392810556759e-06
73042757;LD1;0.000158462273470942
77749709;LD1;6.99531367776875e-05
77749740;LD1;8.32436342988838e-06
77749743;LD1;8.23307345424676e-06
77749764;LD1;3.51737427231025e-05
77749772;LD1;2.73698577027368e-05
77749779;LD1;5.96574517285957e-05
77749787;LD1;0.000192384403062236
77749805;LD1;3.07384475071402e-07
90024446;LD1;1.58970300844246e-05
90024464;LD1;4.15016215921516e-05
90024470;LD1;4.60843780084743e-05
90024478;LD1;0.000163537422600084
90024481;LD1;8.57833345813527e-05
90024485;LD1;0.000717436700080223
90024508;LD1;0.000338115497236552
90024514;LD1;9.86558680773426e-05
90024520;LD1;2.80093110976743e-06
90024523;LD1;0.000138389483545218
90024527;LD1;9.63379302035092e-05
107685264;LD1;2.2178542254407e-09
107685310;LD1;0.000202346820947982
107685325;LD1;6.1320325922798e-06
107685336;LD1;5.4803686366999e-06
107685366;LD1;1.89421768009433e-05
125885834;LD1;7.90671316735561e-06
125885842;LD1;5.056329074508e-07
125885849;LD1;8.50852945445523e-08
125885857;LD1;2.25321108541808e-09
125885869;LD1;8.16030996874859e-06
125885878;LD1;2.24143592902518e-06
125885881;LD1;5.98967400717375e-06
125885912;LD1;2.51386286824101e-08
125977931;LD1;4.4373977858975e-06
125977964;LD1;2.81412795207382e-06
125977985;LD1;3.0420570408882e-07
125978000;LD1;1.39345243470066e-05
125978026;LD1;1.00672583159205e-05
132753823;LD1;1.71533505183524e-07
132753869;LD1;8.89139764861128e-05
132753881;LD1;2.06712996678029e-05
132753895;LD1;9.80594021627544e-07
132753925;LD1;0.000136451991744093
138114649;LD1;5.52626605702496e-06
138114664;LD1;8.42303423494628e-05
138114675;LD1;8.66810110165369e-05
138254822;LD1;3.50284517688862e-06
138254829;LD1;0.003562381152852
138254837;LD1;2.15437671128646e-05
138254849;LD1;1.80947842937019e-05
138254858;LD1;7.39088857059541e-07
138254892;LD1;8.0071654335069e-05
143809634;LD1;1.77952639626693e-06
143809665;LD1;5.75751128444028e-05
143809668;LD1;7.46597784041474e-06
143809677;LD1;1.20033018224226e-05
143809689;LD1;5.21251894781517e-06
143809697;LD1;5.8506438020633e-05
143809704;LD1;2.36527406075853e-05
143809709;LD1;2.27391442691174e-05
144816344;LD1;7.35744905973645e-06
144816365;LD1;2.14208935923986e-05
144816370;LD1;8.99552910193831e-08
144816385;LD1;1.19450153329124e-05
144816406;LD1;5.24749189336041e-06
162959888;LD1;1.49419227593878e-05
162959919;LD1;3.12563853739887e-05
162959922;LD1;0.000213045461738815
162959931;LD1;1.6509314586957e-07
162959943;LD1;5.16860710207179e-06
162959951;LD1;2.17666553797593e-06
162959958;LD1;2.89150037989573e-05
162959966;LD1;4.17527493120722e-06
162959984;LD1;4.04025517596414e-05
169500279;LD1;8.18128172558482e-07
169500287;LD1;3.46467977778627e-05
169500294;LD1;0.000606337673524542
169500323;LD1;4.00382797636892e-05
169500357;LD1;0.00104382471803009
170844619;LD1;0.000893196743023934
170844666;LD1;2.30754706041839e-07
170844727;LD1;7.75717518420452e-05
203679759;LD1;2.60402485299996e-06
203679785;LD1;6.9874407104466e-10
203679800;LD1;6.62004312059838e-06
203679821;LD1;2.75718543546971e-05
203679824;LD1;3.80745823149836e-07
203679855;LD1;7.93549336199562e-08
242728097;LD1;5.43957358651893e-06
242728135;LD1;3.25808802760212e-05
242728141;LD1;3.30713267136064e-05
242728148;LD1;9.58119246484664e-07
243861025;LD1;5.69704727056981e-07
243861031;LD1;2.39372618412084e-06
243861041;LD1;0.00011094406781323
243861064;LD1;5.48290101876105e-05
243861140;LD1;0.000383016290627233
267469899;LD1;1.43689275162369e-05
267469930;LD1;0.00022545663929337
267469933;LD1;3.41643122068457e-05
267469954;LD1;0.000408474566390913
267469969;LD1;0.000667011888181077
267469977;LD1;0.000643103737345559
267469995;LD1;0.000604534643554207
275420866;LD1;5.2601574065962e-05
275420912;LD1;0.000610127809905434
275420938;LD1;8.29648858385022e-06
305908726;LD1;3.69119880835287e-06
305908763;LD1;4.95342571389507e-07
305908769;LD1;8.46208099898645e-06
305908776;LD1;3.00828708001837e-06
305908817;LD1;2.81095238615164e-06
324109404;LD1;7.67388618483915e-08
324109419;LD1;0.000401278150997945
324109430;LD1;0.000470200239686492
324109460;LD1;0.000231847496499106
327901575;LD1;4.83348854207632e-05
327901585;LD1;5.30737068011984e-07
327901641;LD1;2.83347823989918e-06
327901650;LD1;2.51745420712489e-08
336189200;LD1;0.000109344673643834
336189230;LD1;1.97998977971999e-05
336189256;LD1;1.00943681497902e-05
336189302;LD1;0.000211599445814275
337107971;LD1;5.29146760575185e-06
337107988;LD1;1.11207136246064e-08
337108003;LD1;8.27021182145295e-07
337108073;LD1;1.37584227822493e-05
340753324;LD1;0.000140368625909598
340753354;LD1;1.40479363499775e-05
340753380;LD1;7.81280726333333e-06
340753426;LD1;0.000355531650943186
357802290;LD1;3.72213919494973e-07
357802321;LD1;7.46646549100786e-06
357802324;LD1;7.57581190565352e-05
357802345;LD1;2.87970846355719e-05
357802353;LD1;9.10168841201798e-05
357802368;LD1;1.14890923051079e-05
357802386;LD1;3.3697299540387e-05
365255831;LD1;2.73215805353944e-05
365255862;LD1;1.72525920828371e-06
365255865;LD1;0.000235529448724892
365255886;LD1;0.000920717234607152
365255894;LD1;0.000531950516458882
365255901;LD1;9.36737268438924e-06
365255909;LD1;4.12286548282549e-06
365255927;LD1;3.48775076981795e-06
382102444;LD1;5.35273123118889e-06
382102455;LD1;0.000133418910601522
382102516;LD1;6.25877497328421e-06
387043048;LD1;0.0014323833545087
387043066;LD1;0.00196455760446954
387043072;LD1;1.08047558274158e-05
387043122;LD1;0.000183505646554946
387043127;LD1;0.00235451669462247
387043135;LD1;0.000642268051070313
387043146;LD1;0.000267762729303931
387043153;LD1;0.000284036552948992
387043160;LD1;3.45577742937665e-06
405840317;LD1;7.27099283516092e-05
405840325;LD1;7.87746885168252e-06
405840332;LD1;4.19194737269451e-06
405840340;LD1;1.27281170801749e-05
405840364;LD1;8.51987347025579e-06
405840394;LD1;3.40674343765691e-05
412840749;LD1;0.00020755394843347
412840757;LD1;3.37943584668944e-05
412840764;LD1;0.000437590570713665
412840772;LD1;8.7446151673569e-07
412840793;LD1;0.000359107646883534
412840796;LD1;2.42438816538248e-06
412840827;LD1;0.000356590990582306
417028402;LD1;2.36941191197969e-05
417028433;LD1;2.23421682148587e-05
417028436;LD1;0.0001777039059773
417028457;LD1;1.89471848176965e-06
417028472;LD1;9.93702274820335e-07
417028480;LD1;1.0459615714997e-05
417028498;LD1;5.74493777009934e-05
8884547;LD1;1.88781233863562e-05
8884590;LD1;0.00605377806879843
8884593;LD1;3.15613173798082e-05
8884608;LD1;0.0050690108539593
8884619;LD1;6.4405725264828e-05
11602703;LD1;9.33075203431596e-07
11602706;LD1;3.9947334004518e-07
11602713;LD1;8.01455270965397e-06
11602739;LD1;0.000592562434170183
11602745;LD1;2.44869687102339e-07
11602777;LD1;5.00856433596288e-05
11602789;LD1;2.19922037899404e-05
11602821;LD1;1.45911176365498e-05
16552455;LD1;1.90809981087849e-06
16552485;LD1;6.3966886999669e-05
16552494;LD1;0.00265952219217537
16552557;LD1;1.27881832567159e-05
28170632;LD1;4.36538547892607e-07
28170635;LD1;0.000288636351549555
35179870;LD1;0.000471816684690897
35179900;LD1;0.000225872621567943
35179909;LD1;3.58770649962673e-08
35179911;LD1;0.00155952963802426
35179972;LD1;0.000252486882168231
35424117;LD1;1.55684111129852e-07
35424125;LD1;1.13137522621669e-05
35424132;LD1;3.84008973803073e-06
35424140;LD1;4.24490358498373e-05
35424152;LD1;7.27921978618286e-06
35424161;LD1;8.28716194284133e-06
35424164;LD1;8.33884531230815e-06
35424195;LD1;8.33544047965687e-06
47902204;LD1;1.39693048398818e-05
47902212;LD1;6.9016851582833e-07
47902219;LD1;4.97654266430568e-06
47902227;LD1;1.68348827001216e-05
47902239;LD1;2.18874549884988e-06
47902248;LD1;5.43698007936051e-06
47902251;LD1;1.3197293440423e-05
47902282;LD1;2.88320112529527e-08
55051260;LD1;2.02652587815694e-06
64280402;LD1;1.52022070012652e-06
64280448;LD1;1.68424151422351e-07
64280456;LD1;0.000166142230122962
64280474;LD1;1.43738981936236e-06
66738805;LD1;0.000103197207373718
66738866;LD1;0.000159995748385295
66738877;LD1;1.24610326027727e-06
66738907;LD1;0.00200244122047079
68999418;LD1;1.75326726713115e-06
68999464;LD1;4.67079388647729e-05
68999479;LD1;3.04440095504682e-07
68999490;LD1;1.68645756114664e-05
68999520;LD1;0.000994706288007771
78325001;LD1;1.31414203562703e-05
79722151;LD1;0.000363265829447172
79722168;LD1;1.44409649104134e-05
79722214;LD1;3.41367896642834e-06
80907690;LD1;2.53750181046571e-05
80907753;LD1;0.00414043913228907
80907762;LD1;1.40682816931439e-08
80907792;LD1;8.81389625640055e-05
82632488;LD1;1.53548460557432e-05
82632519;LD1;3.07403640456652e-06
82632551;LD1;3.90126192773239e-08
82632558;LD1;2.46204694238528e-07
82632566;LD1;4.60079099926903e-05
82632584;LD1;4.4452721921096e-05
92919073;LD1;1.17327463578588e-05
92919093;LD1;3.27920534366467e-06
92919128;LD1;1.45711947273569e-05
92919155;LD1;5.0546758236696e-07
92919158;LD1;5.74872195041928e-05
94268335;LD1;2.273195452374e-06
94268343;LD1;9.73750550800834e-07
94268350;LD1;9.92625645429378e-07
94268358;LD1;4.72302429852589e-07
94268370;LD1;1.81833306872903e-06
94268379;LD1;3.21556106292937e-05
94268382;LD1;1.98742111648826e-05
94268412;LD1;6.99293011355085e-06
101474150;LD1;8.88051297292804e-06
101474158;LD1;2.44508122908874e-05
101474165;LD1;4.74727133590296e-06
101474173;LD1;6.18889004597095e-06
101474194;LD1;5.97246843094108e-06
101474197;LD1;9.77927373187304e-09
101474228;LD1;2.85261187978935e-05
110944382;LD1;6.03930510326166e-06
110944390;LD1;1.42351938689011e-05
110944397;LD1;1.45472126914754e-05
110944405;LD1;1.54572522506758e-06
110944417;LD1;1.59848988137918e-05
110944426;LD1;5.75058654942241e-06
110944429;LD1;1.62535666762312e-05
110944461;LD1;3.26227879313237e-05
117952551;LD1;3.60353148416996e-06
117952582;LD1;1.25905044902115e-05
117952585;LD1;0.00202534699630129
117952594;LD1;1.15312884162605e-06
117952606;LD1;1.18029244421258e-05
117952614;LD1;4.06390323335826e-06
117952621;LD1;2.67752861710471e-05
121406161;LD1;2.27225964156874e-06
121406167;LD1;9.50194761096628e-05
121406170;LD1;6.00122797481207e-07
121406185;LD1;0.00250267512265726
121406194;LD1;1.86768833812703e-05
121406197;LD1;2.80018846045755e-05
121406218;LD1;2.39758081089806e-07
121406220;LD1;0.00020223170663058
121406263;LD1;1.66253576987814e-05
121406267;LD1;0.00102428705278895
132185903;LD1;2.07376951885194e-06
132185906;LD1;7.56875748303495e-06
132185927;LD1;0.000698024358931305
132185935;LD1;0.000120111686875504
132185942;LD1;3.89215857441393e-05
132185968;LD1;1.05814753759654e-06
134909115;LD1;9.16246392287503e-06
134909161;LD1;0.000503938858973468
134909187;LD1;3.72650007453565e-06
134909427;LD1;4.47114557580161e-06
137275798;LD1;6.97438864103788e-06
137275807;LD1;8.16173939828113e-05
137275879;LD1;1.44998677406527e-06
137275895;LD1;1.64094366291133e-08
138122614;LD1;0.000114251985217247
138122620;LD1;0.000682792543883471
138122622;LD1;0.00011803417264056
138122628;LD1;0.00137720150540167
138122648;LD1;0.000597660436407032
138122654;LD1;7.95491064798773e-08
138122657;LD1;6.41277749557161e-06
138122677;LD1;0.000102713172611742
138122708;LD1;0.000244849033646098
138122719;LD1;0.000523619251501184
138437996;LD1;2.26479178004117e-05
138438031;LD1;7.87380316685213e-05
138438040;LD1;0.000103055914950689
138438043;LD1;1.59429453272824e-06
138438074;LD1;5.21118592401129e-05
138438091;LD1;1.22764343049637e-07
163613224;LD1;7.7402717990955e-05
163613293;LD1;1.17316713823659e-05
164932739;LD1;1.58868313362859e-06
164932770;LD1;0.000189341117829612
164932773;LD1;1.47559554149311e-06
164932782;LD1;2.728580104398e-06
164932794;LD1;1.14850728273566e-05
164932802;LD1;8.13174076614841e-06
164932809;LD1;2.724687854373e-06
164932814;LD1;0.00382123066495485
164932817;LD1;4.88749336992588e-06
180039205;LD1;0.00123415173831903
180039270;LD1;0.00115754251350368
180039292;LD1;0.00109812768525174
187196462;LD1;0.000248194311384524
187196538;LD1;2.58922604636122e-05
187196548;LD1;1.23559224705258e-05
187196571;LD1;7.67306102103387e-07
192211356;LD1;2.10688041756097e-06
192211389;LD1;1.2231623272316e-05
192211420;LD1;2.69341880052916e-05
192211450;LD1;3.31738683392109e-06
192211470;LD1;4.62812917484269e-06
192211478;LD1;1.12551436327663e-05
192211486;LD1;9.63018987503036e-06
192448567;LD1;7.89809330144332e-05
192448627;LD1;5.61680013064193e-05
192448639;LD1;0.000175766589531365
192448655;LD1;0.000201001686148673
196353702;LD1;8.43974180515157e-05
196353748;LD1;1.00076125293132e-07
196353763;LD1;0.000997517843254972
196353771;LD1;0.000839609005654586
196353774;LD1;3.81666069053087e-07
196353804;LD1;5.61620770492793e-06
196353819;LD1;0.00100951971738113
197772174;LD1;4.140313744781e-06
197772204;LD1;1.94761135132014e-07
197772230;LD1;4.1204671055939e-06
197772276;LD1;6.19360777835642e-06
198188985;LD1;9.18906310473908e-07
198189031;LD1;5.65510383839694e-07
198189046;LD1;1.61955841292151e-06
198189057;LD1;3.31951517977943e-07
198189087;LD1;0.000729618478792019
201806296;LD1;0.000258969025774978
201806308;LD1;0.00141968049309225
201806326;LD1;3.9364862487317e-08
201806337;LD1;7.22465844063437e-05
201806352;LD1;3.71394234533942e-05
201806386;LD1;0.00106751515200633
201806398;LD1;0.000133567864356554
210500367;LD1;1.68054012795576e-05
210500378;LD1;6.43481688359756e-06
210500399;LD1;9.02251670066704e-05
210500401;LD1;0.000202153426435782
210500424;LD1;2.31052857578459e-06
210500451;LD1;9.79077945080861e-09
210500458;LD1;0.000486112554225765
210500463;LD1;3.82100485649488e-06
214151975;LD1;3.07522471764067e-06
214151983;LD1;2.14554191585331e-05
214151991;LD1;5.79999240940563e-07
214152007;LD1;1.24654803303558e-06
214152033;LD1;9.50425303230449e-06
214152072;LD1;8.56275442452284e-05
235467763;LD1;2.22202744014593e-05
235467793;LD1;2.58466579315986e-07
235467802;LD1;0.000941477030382056
235467865;LD1;2.73788925790883e-05
242766005;LD1;2.83537038824231e-06
242766013;LD1;1.71683918849483e-08
242766020;LD1;3.64697506905075e-06
242766028;LD1;9.66426250020389e-07
242766040;LD1;3.75436193604181e-05
242766049;LD1;2.84970246508727e-05
242766052;LD1;0.000411823913825745
242766083;LD1;2.97889963902316e-06
261697294;LD1;6.3389413630326e-05
261697306;LD1;4.4261337910131e-06
261697310;LD1;2.48999777267136e-06
261697315;LD1;8.02148651122099e-05
261697321;LD1;1.94772489993731e-05
261697333;LD1;0.000163254546194656
261697335;LD1;0.000154003397137187
261697339;LD1;1.51157725256274e-06
261697348;LD1;4.38060774348887e-06
261697354;LD1;1.32093780482183e-05
261697357;LD1;2.54174372661295e-05
261697364;LD1;4.37340358290844e-05
261697366;LD1;4.59739940855721e-05
261697382;LD1;2.12003457415816e-07
261697386;LD1;2.19961937579141e-05
261697403;LD1;5.46076009819203e-06
261697417;LD1;2.7686170257634e-06
264343333;LD1;2.66972864920323e-06
264343341;LD1;2.29100452235702e-05
264343344;LD1;3.9661109521055e-08
264343374;LD1;0.00203942488317628
273850210;LD1;9.8242469097291e-05
273850256;LD1;2.63996986129461e-06
273850271;LD1;2.60101412969694e-07
273850312;LD1;4.34449797281903e-06
273850327;LD1;1.98029333503614e-06
281894731;LD1;1.85953969838426e-06
281894746;LD1;0.00841715943319823
281894757;LD1;1.13190189536153e-05
281894787;LD1;7.49268178970113e-05
294358278;LD1;5.38056236896556e-08
294358309;LD1;9.05941353482713e-06
294358312;LD1;1.10214100393396e-05
294358321;LD1;1.23485826090402e-05
294358348;LD1;1.2732165554047e-05
294358356;LD1;3.8666243993618e-05
307829898;LD1;1.20113071273562e-06
307829906;LD1;6.41374166642672e-06
307829913;LD1;8.88744369114423e-07
307829921;LD1;4.67346380424397e-06
307829942;LD1;3.24832637399998e-08
307829945;LD1;1.90503552102872e-06
307829976;LD1;2.30095811335157e-05
310441756;LD1;3.19516129575104e-08
310441786;LD1;7.52929098417162e-07
310441795;LD1;2.55603668032207e-07
310441812;LD1;6.90850244576263e-10
310441858;LD1;1.73022390199974e-08
321731497;LD1;9.81678001354863e-08
321731527;LD1;8.11084011155724e-07
321731538;LD1;0.000670116727877884
321731553;LD1;9.41822604029774e-06
321731599;LD1;7.72830514292366e-07
322654506;LD1;1.32638375406001e-06
322654552;LD1;8.62010376100789e-05
322654567;LD1;0.00021264350275649
322654578;LD1;8.03947430330338e-06
322654608;LD1;4.89691239004987e-05
332163576;LD1;3.80875181507821e-08
332163622;LD1;1.81133008572195e-06
332163639;LD1;0.000232099138067215
332163648;LD1;4.18871234917415e-07
332163678;LD1;1.15106828243651e-07
335904101;LD1;1.79556021865462e-06
335904132;LD1;3.69580621651101e-05
335904135;LD1;1.23660529467472e-06
335904144;LD1;2.28511220909367e-09
335904156;LD1;5.15650375859971e-06
335904164;LD1;2.90563494501776e-07
335904171;LD1;7.43406372488873e-08
335904179;LD1;5.82873708209174e-06
335904194;LD1;0.000122732402219595
337394923;LD1;1.19509333711193e-05
337394954;LD1;1.29253689868707e-05
337394966;LD1;1.23314845823389e-07
337394978;LD1;4.91898701411259e-06
337394986;LD1;1.0226859438975e-05
337394993;LD1;5.13351705494304e-08
337395001;LD1;1.07722082461738e-06
337471012;LD1;1.24701734855316e-06
337471046;LD1;0.00027680115275272
337471067;LD1;2.93001030552613e-06
337471082;LD1;8.93548113580467e-06
337471108;LD1;7.79800254697327e-06
346180179;LD1;6.87386662932741e-06
346180210;LD1;4.6636034945372e-06
346180213;LD1;3.11397174069225e-06
346180234;LD1;0.000151440499944366
346180242;LD1;1.34902892311312e-05
346180249;LD1;0.000113264273032148
346180257;LD1;0.000288622890062295
361030647;LD1;6.50348968101718e-05
361030678;LD1;6.05037501272876e-05
361030681;LD1;7.5792391557566e-09
361030690;LD1;5.43405426642172e-05
361030702;LD1;2.14803662600194e-05
361030710;LD1;8.13206230688212e-05
361030717;LD1;2.18078053504353e-05
361030725;LD1;1.24379766192624e-05
361617480;LD1;0.00117468533269292
361617550;LD1;1.53234952076382e-05
363173128;LD1;3.05133658516299e-06
363173144;LD1;2.19080548458447e-06
363173146;LD1;4.10552115291044e-06
363173150;LD1;7.73032936637413e-06
363173182;LD1;4.75442079088049e-07
363173194;LD1;5.62620632112535e-06
363173230;LD1;3.20302965795323e-05
371323752;LD1;0.00100653095756997
371323767;LD1;0.000862248742402149
371323797;LD1;1.00884251288314e-06
371323800;LD1;1.38383937656856e-06
371323808;LD1;6.17700531641908e-10
371323829;LD1;1.22149404194018e-05
371323869;LD1;6.94424932483211e-06
378785001;LD1;5.17974029292247e-06
378785032;LD1;5.72246635858916e-06
378785035;LD1;3.94815054781136e-06
378785044;LD1;2.28738516054741e-06
378785056;LD1;7.89365123061784e-06
378785064;LD1;6.73433117047468e-06
378785071;LD1;1.16135162313157e-06
378785079;LD1;1.26301759396487e-06
379449347;LD1;1.73370623885407e-06
379449362;LD1;0.000177832896536096
379449373;LD1;8.2672981476995e-06
379449389;LD1;0.0105037296551361
379449403;LD1;2.24546287124267e-06
379449424;LD1;0.00382799973131865
380657533;LD1;3.95193458348559e-05
380657579;LD1;2.15223836086402e-05
380657605;LD1;9.20704500828297e-05
387117313;LD1;2.44091774617663e-05
387117321;LD1;4.45119926382943e-06
387117328;LD1;1.49419267914995e-06
387117336;LD1;1.3005891086284e-06
387117348;LD1;4.69027412458238e-06
387117357;LD1;5.56560101525811e-06
387117360;LD1;4.22243121470289e-06
387117391;LD1;1.70136051155739e-06
396536210;LD1;0.0052705236780696
396536271;LD1;4.54020986676704e-06
396536279;LD1;1.7863213733361e-06
396536312;LD1;1.26150326388275e-06
396536327;LD1;1.64700492697943e-05
399078744;LD1;5.41020297210774e-06
399078790;LD1;1.11959434644977e-06
399078816;LD1;2.48967403775248e-07
399078846;LD1;3.46097470201864e-07
399078978;LD1;1.6843014059321e-07
399078986;LD1;9.37638033711586e-07
399078993;LD1;9.24045753295334e-06
399079001;LD1;6.88608169486842e-05
399079013;LD1;1.71726303671902e-05
399079022;LD1;1.89305752112493e-05
399079056;LD1;9.71181429375514e-08
411516773;LD1;4.88912632767679e-06
411516804;LD1;1.07615572093304e-07
411516807;LD1;8.54328276346032e-07
411516816;LD1;4.31031528926292e-06
411516828;LD1;9.93937701650945e-06
411516836;LD1;1.54198956240726e-05
411516843;LD1;2.95871418042257e-07
411516851;LD1;4.07416476724676e-09
416409519;LD1;0.00047773010908298
416409591;LD1;2.31157683363795e-05
416409621;LD1;9.68336648726712e-06
417258053;LD1;2.85018516686755e-05
417258084;LD1;1.54852828559592e-07
417258096;LD1;5.59094763813678e-06
417258108;LD1;0.000159037258126151
417258123;LD1;3.45420607461217e-05
417258131;LD1;0.000118377367443769
422835386;LD1;1.9525736368162e-05
422835488;LD1;5.55418176500168e-07
423765844;LD1;1.10247557446001e-05
423765890;LD1;7.3725792475803e-06
423765905;LD1;0.000155692361732215
423765916;LD1;4.74111770700843e-05
423765946;LD1;0.000344540680520683
424904492;LD1;0.000202572189893651
424904523;LD1;4.21143337597857e-06
424904526;LD1;2.38994223228613e-06
424904535;LD1;8.59227423911368e-08
424904547;LD1;0.000128969767533062
424904555;LD1;2.98232891967396e-07
424904562;LD1;1.25862306851438e-06
424904570;LD1;3.28044422937532e-07
425057729;LD1;5.10764783872528e-05
425057759;LD1;3.10625628599307e-08
425057768;LD1;0.000361995714508901
425057770;LD1;1.45133833225681e-05
425057785;LD1;5.89596921269161e-07
425057831;LD1;1.92661503721436e-06
426708933;LD1;2.84360333342188e-05
426708979;LD1;3.47001804855397e-06
426708996;LD1;0.000193762152065702
426709005;LD1;8.44913966989543e-09
426709023;LD1;6.01817047994656e-05
426709035;LD1;2.50008617021263e-05
430827522;LD1;9.95411918996558e-05
430827568;LD1;0.000149536470357791
430827583;LD1;0.000202884647737957
430827594;LD1;9.07477236679231e-06
430827624;LD1;0.00164703187064448
435048708;LD1;0.00305756486966642
435048738;LD1;0.000124458969629166
435048749;LD1;0.00302115250049925
435048764;LD1;0.00350067525526499
435048798;LD1;6.68368403329972e-06
435048810;LD1;0.00013256386895424
437343104;LD1;3.51821157952056e-06
437343150;LD1;1.22497985850869e-06
437343167;LD1;0.000468554602420102
437343176;LD1;4.46046903488364e-08
437343206;LD1;1.78350893945911e-05
437605387;LD1;1.02625248415323e-06
437605394;LD1;2.71798050457189e-06
437605402;LD1;2.401955472088e-05
437605423;LD1;4.11657461622936e-05
437605426;LD1;0.000998674557903965
437605457;LD1;3.82661801447597e-06
440437731;LD1;6.98052437143276e-06
440437762;LD1;0.000825703181611149
440437765;LD1;4.75129818082182e-07
440437786;LD1;4.79825543471277e-05
440437794;LD1;5.56305153189619e-08
440437801;LD1;6.11983735770069e-06
440437809;LD1;1.08145933389413e-05
450231583;LD1;2.76482118061778e-07
450231613;LD1;2.53225753730219e-08
450231639;LD1;0.00100942652824954
450231685;LD1;0.00142142996439675
451692639;LD1;5.78774154508786e-05
451692678;LD1;1.17882483060368e-05
451692709;LD1;4.12850877021481e-07
463836521;LD1;7.0208419949542e-05
463836551;LD1;0.000778485088170239
463836577;LD1;0.000336094684936323
465039346;LD1;9.51796351964514e-07
465039354;LD1;3.17534936265472e-06
465039361;LD1;9.79293592680738e-06
465039369;LD1;5.70583811562238e-07
465039381;LD1;7.10212842927283e-07
465039390;LD1;3.94067009314871e-05
465039393;LD1;1.3833200213724e-06
465039424;LD1;4.45496878227971e-07
465582520;LD1;6.95893944708504e-06
465582551;LD1;2.257906693763e-07
465582554;LD1;1.15677087615677e-06
465582563;LD1;2.00236013050525e-07
465582575;LD1;8.46687109527164e-06
465582590;LD1;1.56348349731875e-05
465582598;LD1;1.23549361541321e-06
474784176;LD1;2.54309138286297e-06
474784210;LD1;8.90046848092816e-05
474784246;LD1;9.2041846443505e-05
474784272;LD1;3.84473774404077e-05
478780807;LD1;1.95600591652278e-05
478780853;LD1;8.32332662265177e-06
478780879;LD1;2.22332466254909e-08
481320640;LD1;0.000138802827455611
481320670;LD1;4.5351220490341e-05
481320681;LD1;8.53655637163667e-06
481320696;LD1;1.68271885079007e-05
481320742;LD1;0.00148573613500965
483875866;LD1;3.19043968689343e-05
483875961;LD1;6.94516386652579e-05
483875966;LD1;5.05004079906642e-05
483875975;LD1;1.52231091452064e-05
483875983;LD1;7.76479277068945e-05
484803859;LD1;4.34422761484969e-06
484803922;LD1;5.04636976581871e-08
484803931;LD1;1.42908294545116e-07
484803961;LD1;7.91497618300123e-05
490032439;LD1;1.69306938930801e-06
490032447;LD1;3.32848998280812e-05
490032454;LD1;4.34305696970884e-07
490032462;LD1;2.55363440717069e-06
490032474;LD1;2.157239517746e-07
490032483;LD1;2.31231679290243e-05
490032486;LD1;1.72847666329854e-06
490032517;LD1;5.13878187285867e-05
490701782;LD1;5.85213993354216e-06
490701854;LD1;1.36438557108143e-06
490701884;LD1;2.87291867613674e-06
491495572;LD1;2.38182158417592e-07
491495619;LD1;0.00120321490039896
491495680;LD1;8.11050009994956e-06
496837886;LD1;1.67192277908677e-09
496837917;LD1;0.000163008496701709
496837920;LD1;2.76278420515224e-05
496837941;LD1;2.72748388289342e-06
496837949;LD1;1.07993663622921e-07
496838096;LD1;5.22521935876135e-06
496838126;LD1;0.000436912824593186
496838135;LD1;0.0108343682422372
496838152;LD1;1.09660732130541e-05
496838198;LD1;5.27919784427004e-08
501330469;LD1;6.19792782509522e-07
501330500;LD1;5.03464717729083e-06
501330524;LD1;6.42382765826265e-07
501330539;LD1;2.50730064337014e-08
501330547;LD1;2.78518525745813e-06
501330565;LD1;4.44786306773456e-06
501614587;LD1;7.24913735154408e-06
501614645;LD1;8.34802322342569e-06
501614648;LD1;8.59640613151451e-06
501614680;LD1;4.1344146502161e-06
501726231;LD1;3.45593871118536e-05
501726234;LD1;2.85645989023099e-08
501726240;LD1;0.000125216662020663
501726247;LD1;5.87704422418197e-08
501726289;LD1;1.24903509241554e-06
501726315;LD1;5.88411398379595e-06
4048017;LD1;3.39908210461715e-05
4048047;LD1;1.20483307862113e-06
4048073;LD1;6.91291566580428e-06
4048119;LD1;9.62531467374274e-05
6823329;LD1;0.000632288224171116
6823390;LD1;0.000183402190589208
6823401;LD1;3.4001755888944e-07
6823431;LD1;7.4898548135893e-05
7081712;LD1;1.72250547976222e-08
7081740;LD1;3.74641474238642e-05
7081746;LD1;0.000247242520508366
7081763;LD1;2.11960218216727e-07
7081766;LD1;2.73879039926805e-05
7081809;LD1;0.000113153791335256
8851715;LD1;4.56865424944331e-05
8851741;LD1;3.13416261726527e-05
8851787;LD1;6.87670293022611e-05
20160970;LD1;0.000115139790887291
20161000;LD1;4.89539875842333e-06
20161011;LD1;8.50307822140911e-07
20161026;LD1;7.70797015158419e-06
20161072;LD1;5.6859034474678e-07
27583694;LD1;0.000387098091260013
27583755;LD1;1.982764185195e-06
27583784;LD1;0.000146482622884308
27583802;LD1;0.00115886360692773
28344784;LD1;0.000818220517694947
28344791;LD1;0.00109149646485815
28344798;LD1;0.000556156029739843
28344806;LD1;0.000113885634011707
28344809;LD1;0.000681666122460853
28344817;LD1;2.59414362318826e-05
28344822;LD1;0.00239633882197965
28344872;LD1;1.105903800858e-05
49300817;LD1;7.31951479974298e-05
49300824;LD1;8.61314672914468e-06
55775037;LD1;6.21079018661263e-05
55775118;LD1;0.000169538996066294
55775126;LD1;2.09691910035398e-06
55775134;LD1;5.21041829333795e-05
59893188;LD1;1.11279672465257e-05
59893197;LD1;9.15345000403955e-05
80069352;LD1;3.49885750882857e-05
80069367;LD1;4.02481972843941e-05
80069375;LD1;3.0873414837433e-05
80069378;LD1;6.14367562959976e-06
80069408;LD1;3.67528495631886e-06
80069423;LD1;2.65632506492307e-05
87821616;LD1;8.4540143194512e-05
87821627;LD1;5.07454645300406e-05
87821642;LD1;3.674536793246e-06
87821688;LD1;1.07620857907727e-05
89478421;LD1;5.50499248036337e-06
89478467;LD1;1.26164931051529e-05
89478482;LD1;2.47846478105531e-06
89478493;LD1;3.00155369596002e-05
89478514;LD1;3.46857640059553e-06
89478523;LD1;2.64505443733321e-05
94491898;LD1;0.00250876932889557
94491944;LD1;0.000124093540971361
96581823;LD1;2.97306673523973e-06
96581865;LD1;2.48065573959779e-07
96581887;LD1;7.36188971681775e-06
96581893;LD1;1.98792006075869e-06
96581896;LD1;8.78229739725517e-05
96581908;LD1;5.6892490318491e-05
96581925;LD1;7.48005296605883e-05
96837055;LD1;0.000305025114213462
96837087;LD1;0.000252781578747355
96837118;LD1;9.26897910474498e-05
96837148;LD1;4.62452223983958e-07
96837168;LD1;7.99456567256958e-06
96837176;LD1;3.53595918370359e-06
108631695;LD1;8.69839467610634e-05
108631705;LD1;1.68376276742026e-05
108631715;LD1;0.000145679236100591
108631725;LD1;0.000106400334402569
108631760;LD1;1.97453911326088e-05
108631779;LD1;1.67015195420662e-07
108631791;LD1;5.92466346503715e-05
108631812;LD1;3.10471153108803e-06
110474002;LD1;3.15914199753574e-07
110474031;LD1;7.88928005960469e-05
110474039;LD1;1.48240580985226e-05
110474045;LD1;1.48773025223755e-05
110474051;LD1;6.15864409839646e-06
110474074;LD1;6.96848474869111e-06
110474078;LD1;1.87913465245223e-06
110474081;LD1;8.06167848134691e-06
110474089;LD1;3.95420360307552e-06
120848658;LD1;0.000422874532232537
120848688;LD1;3.09891172388958e-07
120848699;LD1;7.33480706682813e-06
120848760;LD1;0.00313029506949002
121916811;LD1;3.24058895458554e-05
121916835;LD1;2.44889931952831e-06
121916840;LD1;1.85630588484466e-05
121916861;LD1;2.63166565984494e-05
121916874;LD1;3.21255702109654e-05
124774154;LD1;0.000282424357789276
124774180;LD1;1.09664295104109e-05
124774207;LD1;0.000138158099149692
124774216;LD1;8.49025424751453e-06
124774219;LD1;7.70375323221981e-05
124774250;LD1;0.000149431193653107
124774267;LD1;3.25425616179192e-05
209141446;LD1;0.00159120795907609
209141487;LD1;3.5409557150821e-06
209141531;LD1;0.000152357569862049
222371520;LD1;8.54814764958346e-05
222371536;LD1;1.15126814295322e-05
222371608;LD1;6.10712182062507e-06
222371617;LD1;2.15666646766651e-07
242836628;LD1;4.88359112142183e-05
242836638;LD1;8.00827284682194e-05
242836694;LD1;1.49598899988061e-05
242836703;LD1;8.66349369475354e-06
242836745;LD1;0.000109549400628227
261003977;LD1;2.75393132374861e-05
261003995;LD1;5.62178992636637e-06
261004003;LD1;7.57245794690378e-05
261004010;LD1;2.07633283771978e-06
261004018;LD1;6.24079152114074e-05
261004039;LD1;7.83886977970084e-06
261004042;LD1;1.21434430151812e-06
261004073;LD1;5.51124556117306e-05
269099198;LD1;0.00266934560971016
269099228;LD1;6.54754133671108e-07
269099239;LD1;0.00502167937093931
269099254;LD1;1.71209607888399e-06
269099300;LD1;1.23929992419806e-06
274696405;LD1;1.69981658027113e-05
274696419;LD1;2.00576542656503e-06
300611344;LD1;6.15579529931319e-05
300611405;LD1;3.41477901190429e-05
332871148;LD1;3.63208934191522e-05
332871178;LD1;4.46649063167595e-06
332871189;LD1;0.000279727341313057
332871204;LD1;1.20305753104332e-07
332871250;LD1;0.000133047170031536
366180917;LD1;0.000345418969465663
368125162;LD1;5.15640395115719e-05
368125186;LD1;0.000666966304268102
368125192;LD1;1.17223849651312e-06
368125203;LD1;0.000859934126580089
368125218;LD1;1.64774292417667e-05
368125264;LD1;2.92337549987111e-05
382600075;LD1;1.3903320260063e-05
382600083;LD1;3.61611562239492e-06
382600090;LD1;3.36291683164057e-08
382600098;LD1;3.87646158202619e-07
382600110;LD1;3.80373482404321e-06
382600119;LD1;3.3328543636295e-06
382600122;LD1;8.94100722025663e-06
382600153;LD1;2.31530471184009e-06
394040893;LD1;7.22114747419898e-06
394040924;LD1;3.57469823229951e-05
394040927;LD1;6.89505828592357e-05
394040936;LD1;0.000286199737715941
394040956;LD1;2.39315822250187e-05
394040963;LD1;4.65410166311351e-05
394040971;LD1;3.79403946623556e-06
409777639;LD1;0.00157594490229568
421998587;LD1;9.00788605808661e-07
421998617;LD1;1.1257091473702e-05
421998628;LD1;0.000971803310962027
421998643;LD1;0.000424392633973907
421998689;LD1;0.000416355879304786
435472287;LD1;6.08927646609776e-05
435472321;LD1;0.000242512569190241
435472357;LD1;0.00100155976181026
435472362;LD1;4.80072049923123e-05
435472383;LD1;0.000146944181130435
438772082;LD1;7.59701074157956e-07
438772113;LD1;3.88733781106151e-07
438772116;LD1;9.61895038955277e-06
438772137;LD1;9.85423529369896e-06
438772145;LD1;3.52803406910159e-05
438772152;LD1;2.9326174420482e-07
438772160;LD1;4.05355439555702e-06
438772178;LD1;1.23523789365222e-08
440087145;LD1;0.000800985292118312
440087148;LD1;0.00481436720405247
440087177;LD1;4.00393624244818e-05
440087198;LD1;0.00200642094632959
440087221;LD1;0.00127248913850854
440087224;LD1;0.00104277255177523
440087238;LD1;0.000170145380187405
443547678;LD1;8.24074854756875e-05
443547708;LD1;0.000358362606451439
443547719;LD1;5.09808877231543e-06
443547734;LD1;1.40095262917677e-05
443547780;LD1;4.71053025851978e-05
451346332;LD1;9.19468300610723e-05
451346350;LD1;1.55161736030248e-06
451346358;LD1;3.02560206668389e-05
451346365;LD1;3.64397018919488e-05
451346373;LD1;7.74436580534096e-07
451346394;LD1;1.34595741156481e-06
451346397;LD1;5.39518283919151e-06
451346427;LD1;4.86256363829062e-06
453259360;LD1;6.77762241642427e-05
453259391;LD1;0.00137057276168279
453259394;LD1;0.000299840540005686
453259415;LD1;0.000177748815203661
453259423;LD1;0.0017953386027356
453259430;LD1;1.33448579687273e-05
453259438;LD1;0.00146469890121574
453259456;LD1;0.000698764822935601
964555;LD1;2.24423607562468e-06
964601;LD1;3.75521755419155e-08
964618;LD1;5.29466657420587e-07
964627;LD1;4.30930905067382e-08
964657;LD1;1.29996605228439e-05
964673;LD1;0.000755118557802095
8588101;LD1;0.000107400653700939
8588112;LD1;1.81682744992133e-10
8588145;LD1;3.61209951233288e-06
8588150;LD1;2.52004972684077e-06
8588191;LD1;4.5746342830136e-06
17189736;LD1;1.15222863124501e-05
17189766;LD1;1.01103214748927e-06
17189792;LD1;4.32430206691849e-05
17189838;LD1;5.33347931170948e-06
22761366;LD1;8.81681904670872e-06
22761396;LD1;1.3489216323912e-05
22761399;LD1;2.97901756033945e-06
22761408;LD1;1.52649751309646e-05
22761420;LD1;1.15858694493231e-06
22761428;LD1;4.69708252936881e-06
22761435;LD1;2.47985272845628e-06
22761443;LD1;2.50114449578111e-06
23791679;LD1;6.6607070127646e-06
23791740;LD1;6.46048658935632e-05
23791751;LD1;1.05000784391826e-05
23791769;LD1;1.39665676304134e-05
31611575;LD1;5.91222136128717e-06
31611631;LD1;0.000343200862730222
31611677;LD1;1.12109252694632e-06
32551868;LD1;1.32421864177386e-05
32551898;LD1;3.44163582671354e-06
32551907;LD1;2.53415171108981e-06
32551924;LD1;2.2069853021276e-06
32551970;LD1;1.17022075898863e-05
34432036;LD1;1.02851212423844e-07
34432038;LD1;6.69708707031182e-06
34432048;LD1;9.84125563991493e-06
34432050;LD1;1.28735172488049e-06
34432060;LD1;2.02290690563023e-09
34432075;LD1;4.48115697556108e-06
34432077;LD1;8.59431187704118e-06
34432087;LD1;4.74997894630922e-06
34432105;LD1;2.51499768306588e-07
34432114;LD1;3.49363357979745e-06
34432120;LD1;6.59363760426846e-06
34432126;LD1;3.53386555295826e-09
34432131;LD1;7.81518736998154e-05
34432141;LD1;2.30074526579525e-07
34432144;LD1;3.33966744222383e-07
34432151;LD1;1.20126764879014e-05
34432153;LD1;5.50852750863036e-06
35263953;LD1;7.12945467214499e-06
35263956;LD1;1.74596480169428e-06
35263959;LD1;1.23838636045834e-05
35263967;LD1;7.02168042832359e-07
35263992;LD1;1.76354050069101e-05
35264000;LD1;5.08559620262124e-06
35264018;LD1;4.0076104120803e-05
35264024;LD1;5.33667003938523e-05
35264033;LD1;8.03381073049038e-05
35264036;LD1;8.63306972236508e-06
35264039;LD1;4.63142870514168e-05
35264055;LD1;1.80127078475988e-07
35846131;LD1;2.82048555364544e-07
35846146;LD1;2.58438887007841e-05
35846154;LD1;6.57804321363432e-05
35846166;LD1;2.77648128862364e-05
35846175;LD1;6.03196384537218e-06
35846209;LD1;2.16957635478373e-07
36741442;LD1;3.00662940813072e-08
36741544;LD1;1.71051386689325e-05
39846468;LD1;0.000167316261098738
39846523;LD1;1.90296766068066e-05
39846531;LD1;2.83147577456413e-05
39846538;LD1;2.41118661028102e-05
39846546;LD1;5.58363438872783e-05
39846564;LD1;8.4813406181458e-05
48442384;LD1;6.93912927338026e-05
48442415;LD1;0.000657969394151133
48442418;LD1;2.08288944776331e-06
48442439;LD1;2.35605790579312e-06
48442447;LD1;1.25009989053742e-05
48442462;LD1;4.321126335666e-05
60668533;LD1;3.21386785082086e-07
60668563;LD1;5.75802982567947e-05
60668574;LD1;7.96160610380276e-06
60668635;LD1;4.12567527604699e-08
65200606;LD1;2.55927576793589e-05
65200630;LD1;0.000274491984608148
65200661;LD1;2.67848886909545e-06
66336454;LD1;1.31168290599345e-05
66336459;LD1;1.0869763969687e-05
66336461;LD1;4.49424639874728e-06
66336470;LD1;2.61789711861027e-06
66336475;LD1;3.58539456229127e-05
66336485;LD1;2.36493984994351e-08
66336505;LD1;1.22365746747387e-06
66336523;LD1;1.72275476143609e-05
66336549;LD1;7.27547465612071e-07
66336555;LD1;0.000217749349401606
66336564;LD1;3.66531725946835e-06
66336571;LD1;9.98791457767323e-05
66336580;LD1;0.000177973423533449
68372884;LD1;3.25916880237359e-08
68372930;LD1;1.39571459640014e-05
68372947;LD1;3.83545619545813e-07
68372956;LD1;2.04494221928165e-06
68372986;LD1;9.17916537346116e-06
71904398;LD1;7.64699722620469e-06
71904428;LD1;1.10092830803125e-06
71904439;LD1;4.62085753184481e-06
71904454;LD1;1.31830340993831e-06
71904500;LD1;4.65293832532918e-05
75582462;LD1;8.5563893962296e-08
75582501;LD1;0.00338769093828454
75582564;LD1;4.75754139806157e-07
106934502;LD1;1.19762117894587e-06
106934510;LD1;1.20304457001945e-05
106934517;LD1;4.94041823932731e-09
106934525;LD1;5.334885532166e-05
106934537;LD1;2.05975225407503e-06
106934546;LD1;4.52058605761194e-06
106934549;LD1;9.69065942684324e-06
131780131;LD1;0.0017643659013732
131780163;LD1;3.49955789982666e-05
131780188;LD1;2.9568215293981e-05
131780204;LD1;4.99161907828826e-06
131780210;LD1;4.57617093530083e-06
131780215;LD1;1.13936485043114e-05
157415793;LD1;9.05526343522689e-05
157415839;LD1;1.63932746650424e-06
157415856;LD1;0.000489883699712398
157415865;LD1;1.46323982192553e-07
157415895;LD1;4.66813583775126e-05
158564086;LD1;5.30426177506865e-05
158564101;LD1;2.48518311203934e-06
158564109;LD1;0.000334540863545738
158564121;LD1;0.000428830808131484
158564130;LD1;0.000924324377352966
158564133;LD1;0.00129451769229119
165228821;LD1;1.91003953318155e-05
165228851;LD1;4.4133072820914e-07
165228860;LD1;0.000163823011702016
165228877;LD1;1.07181882305667e-07
165228923;LD1;0.000113857333625274
173305489;LD1;4.74386517503999e-06
173305522;LD1;5.82354095095524e-07
173305530;LD1;2.03295706769792e-07
173305542;LD1;5.58850009164741e-05
173305551;LD1;8.72441404168637e-06
173305554;LD1;1.76989711955454e-05
179281163;LD1;5.22153307512815e-07
179281166;LD1;2.28693184909337e-07
179281169;LD1;2.7114066764253e-06
179281177;LD1;1.90509034608656e-07
179281202;LD1;4.91437436669408e-06
179281210;LD1;2.79884707224201e-08
179281229;LD1;1.5623501489225e-06
179281235;LD1;1.17616194570445e-05
179281244;LD1;5.18276541324723e-05
179281247;LD1;1.07127731701152e-05
179281250;LD1;1.30799884975003e-06
179281258;LD1;7.91610123572039e-06
179281266;LD1;3.71364958845159e-06
223631285;LD1;1.17515956202437e-06
223631311;LD1;0.00011237249184888
223631318;LD1;8.00835844103823e-06
223631338;LD1;5.91632185874801e-06
223631347;LD1;1.05616873621467e-08
223631350;LD1;5.73154611849944e-06
231921462;LD1;0.000367536494099904
231921492;LD1;0.000162491914208084
231921518;LD1;0.000260012324707122
231921564;LD1;1.09377365811191e-05
257838498;LD1;7.35008427140746e-05
257838544;LD1;3.26482535042336e-06
257838561;LD1;0.000179645166072414
257838570;LD1;1.55055627846971e-06
257838600;LD1;2.33976138199816e-05
287358572;LD1;0.000422400494335069
287358601;LD1;4.33016789228812e-06
287358619;LD1;0.000670710252113324
299072431;LD1;0.000113644952589964
299072471;LD1;5.7394215760768e-05
299072474;LD1;5.42323392377289e-06
299072492;LD1;9.04715823159032e-07
299072507;LD1;8.75279000834001e-05
303235117;LD1;3.36606289086723e-05
303235135;LD1;1.38173015583989e-06
303235143;LD1;0.000134521565370669
303235150;LD1;3.06973118469661e-05
303235158;LD1;0.000815075434559757
303235170;LD1;0.000104680766158322
303235179;LD1;6.89908015790006e-05
303235182;LD1;1.96648631622149e-05
303235213;LD1;1.35189857213862e-06
312509415;LD1;6.04797966445395e-05
312509422;LD1;4.97816604955565e-06
312509445;LD1;0.000225241457483326
312509455;LD1;0.000177817055180861
312509466;LD1;5.07270351310717e-05
312509487;LD1;3.75837991982768e-05
312509522;LD1;3.83692109900746e-06
312509532;LD1;2.04193766592446e-06
325902720;LD1;1.42609915446982e-06
325902751;LD1;3.28804302494222e-06
325902754;LD1;3.84394601525558e-07
325902763;LD1;0.00266370471684966
325902775;LD1;1.24924266964929e-05
325902783;LD1;1.06854254953313e-06
325902790;LD1;1.12152388995166e-05
327111576;LD1;0.000178678987779144
327111607;LD1;1.86190897289991e-05
327111610;LD1;6.12991544682404e-06
327111631;LD1;0.000602240654621089
327111639;LD1;5.11282611606561e-05
327111654;LD1;3.40157634033931e-05
340563753;LD1;0.00658804647415798
340563756;LD1;1.78386906191166e-05
345077218;LD1;0.00137775062575732
345077232;LD1;1.52478471966191e-06
345077321;LD1;0.000138028527772326
355763973;LD1;1.27736007277718e-06
355764004;LD1;2.87055191209821e-06
355764007;LD1;0.000309032992415219
355764028;LD1;5.24466880583019e-05
355764036;LD1;0.00105204371221853
355764051;LD1;0.000459410621009744
355764069;LD1;0.00025265484280784
356263988;LD1;1.15466609377234e-06
356264026;LD1;1.07201927495847e-05
356393033;LD1;0.00199462875533368
356393063;LD1;0.000103044049257124
356393074;LD1;1.92278800552439e-06
356393135;LD1;5.53935925658071e-06
357730178;LD1;0.00238116266477629
357730224;LD1;5.38397672246179e-07
357730250;LD1;1.2863109749179e-05
357730280;LD1;2.46099256679061e-07
362786747;LD1;5.9643212673829e-06
362786749;LD1;1.38232906967016e-05
362786753;LD1;8.86237122416513e-07
362786775;LD1;1.50267248655622e-05
362786790;LD1;0.000129703150762926
362786802;LD1;0.00232592243882286
362786809;LD1;0.000654056589807147
362786816;LD1;1.33731584139063e-05
362786819;LD1;1.32565004758197e-05
362786821;LD1;7.44686138207457e-06
362786823;LD1;6.03321665321941e-05
362786832;LD1;0.000367936200288547
362786849;LD1;8.16325793448187e-05
362786856;LD1;0.00216843575938126
362786860;LD1;0.001892804908118
371278743;LD1;1.34369924564938e-07
371278774;LD1;5.84494563466187e-07
371278777;LD1;1.1136054746907e-05
371278786;LD1;3.95438864513521e-06
371278798;LD1;6.44319425767426e-05
371278813;LD1;1.50930317778036e-06
371278821;LD1;1.26165685492446e-05
376353585;LD1;7.26515678116713e-06
376353631;LD1;4.36560980081187e-07
376353646;LD1;0.000221308380458055
376353657;LD1;8.81541137981732e-06
376353687;LD1;0.000148715220266255
394837776;LD1;2.42312870921278e-07
394837785;LD1;0.0195078253112218
394837844;LD1;0.000455168392605326
395044789;LD1;7.47720221886741e-09
395044850;LD1;0.00011451523647064
395044861;LD1;2.25093222546975e-06
396980609;LD1;1.52650470945541e-05
396980619;LD1;2.74468418190522e-06
396980629;LD1;6.50476147244833e-07
396980639;LD1;0.000223487708215083
396980674;LD1;5.12071888495351e-05
396980693;LD1;1.34773852370247e-06
396980705;LD1;4.51011873358407e-06
396980726;LD1;1.60612893599436e-05
396980735;LD1;5.7346983824938e-06
397027558;LD1;4.26016187366136e-05
397027573;LD1;1.48192561511023e-05
397027579;LD1;0.000273821402867679
397027619;LD1;0.00231601583964219
397027643;LD1;2.13409259964101e-06
400250918;LD1;1.28857839370093e-06
400250949;LD1;4.09872900526554e-06
400250952;LD1;1.29427780890296e-05
400250961;LD1;1.47250889404518e-05
400250973;LD1;4.33396671459606e-05
400250981;LD1;1.05643248138425e-05
400250988;LD1;9.3744563555728e-08
400250996;LD1;9.93000160249157e-06
415766501;LD1;3.12772375912202e-05
415766531;LD1;5.02625089735366e-07
415766540;LD1;3.13865964029638e-06
415766557;LD1;2.6778121885809e-08
415766603;LD1;2.72804989357283e-06
423729912;LD1;9.60456333759074e-07
423729943;LD1;8.17518485903857e-06
423729946;LD1;5.58440976483457e-06
423729967;LD1;7.54254298655545e-07
423729975;LD1;3.11302118316571e-06
423729982;LD1;1.76737907244955e-05
423729990;LD1;1.96906201074244e-05
423730008;LD1;1.07649470100066e-05
425401525;LD1;0.000703658056451784
425401542;LD1;8.9693519256715e-06
425401588;LD1;5.32599226075818e-05
426935198;LD1;0.00388685542900767
426935229;LD1;0.00311030715831467
426935232;LD1;0.00113679278323044
426935253;LD1;0.000465539331637641
426935268;LD1;0.000605652120788426
426935276;LD1;0.00090933490354126
434628039;LD1;9.96557195639033e-05
434628085;LD1;7.25294525586524e-07
434628102;LD1;8.70448760099758e-05
434628111;LD1;1.19501701607623e-06
434628141;LD1;0.000106238460374794
442770725;LD1;0.000512952608375372
442770755;LD1;0.000252502385892474
442770781;LD1;8.24056569056511e-05
442770827;LD1;0.000228233693070507
449998816;LD1;3.23190412220618e-05
449998888;LD1;2.8690475763185e-06
449998918;LD1;1.39437108198173e-05
450480618;LD1;1.63539454486617e-05
450480648;LD1;1.68783773188973e-05
450480651;LD1;4.56095146744195e-06
450480660;LD1;3.90860063521438e-07
450480672;LD1;6.53762372037575e-12
450480680;LD1;4.06577112559821e-06
450480687;LD1;1.71043598809967e-05
450480695;LD1;7.74453076117884e-06
452546570;LD1;1.65917545186418e-06
452546585;LD1;1.09561022680753e-05
452546593;LD1;1.87642766608068e-06
452546631;LD1;7.02984190870535e-05
452546646;LD1;2.27060539038559e-05
454666945;LD1;9.82288389739857e-05
454666951;LD1;0.000107808224925061
454666977;LD1;0.000112671037561418
456188227;LD1;6.33582996146437e-06
456188273;LD1;7.57895445382897e-10
456188290;LD1;1.38296307883005e-06
456188299;LD1;4.07035700304545e-08
456188329;LD1;2.88528538747001e-06
461774739;LD1;4.45102874506106e-05
461774770;LD1;4.09250675917554e-05
461774773;LD1;3.10170500496984e-06
461774782;LD1;0.000139106964572217
461774794;LD1;4.21102505588049e-06
461774802;LD1;1.04574859223071e-05
461774809;LD1;3.42989203970833e-05
461774817;LD1;9.03438330884686e-05
461774830;LD1;0.000126319847349614
465855424;LD1;9.22437484384789e-06
465855455;LD1;8.9126086382492e-06
465855458;LD1;6.08746606264494e-06
465855467;LD1;1.9749237231426e-06
465855479;LD1;6.01460705564503e-06
465855487;LD1;8.76963411261418e-06
465855494;LD1;1.77175358342294e-07
465855502;LD1;1.55050920920595e-06
474465487;LD1;1.81987008455925e-05
474465504;LD1;1.03848978305369e-05
474465511;LD1;0.00010287377224784
474465525;LD1;2.46082201781968e-06
474465543;LD1;3.47921586219696e-05
474465566;LD1;1.4464435456446e-06
489814005;LD1;1.09783978364287e-05
491184471;LD1;7.22009784300753e-07
491184479;LD1;2.98546450185258e-07
491184486;LD1;1.06370142594421e-05
491184494;LD1;3.88941466056825e-06
491184506;LD1;4.40328274816486e-07
491184515;LD1;1.64667181187669e-05
491184518;LD1;3.41856207670615e-07
491184549;LD1;9.85109921975737e-06
492288140;LD1;7.7923750279011e-05
492288170;LD1;2.59863109793277e-07
492288179;LD1;0.000474606184399884
492288196;LD1;1.28839905964576e-07
492288242;LD1;8.77191496902179e-06
496621773;LD1;6.81855870209282e-05
496621804;LD1;5.16819667034455e-05
496621807;LD1;1.85893857186003e-05
496621828;LD1;1.0303756955438e-06
496621836;LD1;0.000117051766528432
496621843;LD1;3.87352410632312e-07
496621851;LD1;0.000108890789534002
496621869;LD1;2.65417021976798e-06
8837765;LD1;1.09150084736033e-05
8837811;LD1;5.10248810415868e-06
8837826;LD1;1.02474415977826e-06
8837830;LD1;0.00407578830624813
8837837;LD1;2.30122628613408e-05
8837867;LD1;4.00231419861328e-05
16067365;LD1;2.1874005428305e-05
16067396;LD1;8.36766831733473e-06
16067399;LD1;4.32487225265156e-05
16067408;LD1;4.48732598978403e-05
16067420;LD1;3.21874613637328e-05
16067428;LD1;8.42507353639876e-06
16067435;LD1;4.61990817536322e-05
16067443;LD1;1.04076286064439e-06
25481521;LD1;1.23834049058312e-06
25481527;LD1;8.22685639742879e-05
25481535;LD1;1.63417155583222e-05
25481560;LD1;3.59105824625258e-06
25481568;LD1;3.60926194349242e-05
25481587;LD1;4.07193489562015e-07
25481593;LD1;7.9359981907616e-06
25481602;LD1;1.95139369539002e-05
25481605;LD1;0.000315234293039772
25481608;LD1;4.68037910182785e-06
25481616;LD1;0.000105092836895567
25481624;LD1;1.34910135473641e-06
59875021;LD1;0.000508398257672042
59875033;LD1;0.00179622230464244
59875067;LD1;0.000720643307714011
59875082;LD1;5.54298027277433e-06
59875093;LD1;1.81799350752335e-06
59875123;LD1;4.28646427306621e-05
93223271;LD1;0.000116839439987546
93223301;LD1;4.37412743402632e-07
93223312;LD1;0.000145743810821543
93223373;LD1;0.000280584545927191
113105320;LD1;0.000109565096386457
113105327;LD1;6.55367235912359e-05
113105356;LD1;3.81616452048707e-08
113105359;LD1;5.42503682811146e-08
113105390;LD1;0.000211082781720094
118895605;LD1;2.34066429647736e-07
118895666;LD1;0.0111171747734359
118895677;LD1;1.60937993151803e-10
118895707;LD1;2.00585588294579e-05
128654515;LD1;1.02510579688545e-06
128654562;LD1;4.43798180174243e-05
128654577;LD1;1.34520773942842e-08
128654623;LD1;1.84806445145119e-05
165364098;LD1;9.2607049609342e-06
165364129;LD1;2.72988032394339e-05
165364159;LD1;9.11043643655343e-06
165364179;LD1;1.30294394793796e-06
165364187;LD1;7.26878839990473e-07
165364195;LD1;1.34590697541323e-08
179549073;LD1;0.00170289829804615
179549103;LD1;1.10043543417593e-05
179549114;LD1;0.000150483035391987
179549175;LD1;0.000285229948660749
181017394;LD1;4.98979882295272e-05
181017403;LD1;7.13408284732613e-06
181017456;LD1;2.92348150036143e-05
181017482;LD1;0.00104936204626858
181017504;LD1;1.50030910053679e-06
181017513;LD1;5.36008259380116e-05
198746715;LD1;1.51592886043244e-05
198746723;LD1;2.10304171490967e-05
198746730;LD1;4.28052901408559e-06
198746738;LD1;6.20359851320332e-07
198746759;LD1;6.80053612544506e-05
198746762;LD1;8.14034988349604e-05
198746792;LD1;6.68330515977262e-06
234741387;LD1;0.000213649903843284
234741418;LD1;9.4684876999547e-05
234741442;LD1;8.06276963041267e-06
234741450;LD1;0.000381291635337224
234741457;LD1;0.000211443230872086
234741465;LD1;2.147773653126e-06
234741472;LD1;0.00435930601724963
269827812;LD1;0.000121874540692792
269827848;LD1;1.93425898744978e-08
269827852;LD1;1.51640372521609e-08
269827860;LD1;0.00162489323170895
269827897;LD1;0.000803992095436024
269827899;LD1;0.000186653295451145
269827936;LD1;1.48989484108572e-06
277730759;LD1;0.000490275916470085
277730777;LD1;1.26530807746028e-05
277730800;LD1;0.000357608684190629
277730812;LD1;0.000206152478253135
277730821;LD1;0.000305919472485621
277730824;LD1;0.000385057894239402
277730855;LD1;6.70082626441965e-05
287880726;LD1;7.50769744634609e-06
287880756;LD1;4.95158938671206e-08
287880828;LD1;2.4151388732298e-08
301321694;LD1;0.000158002291664938
301321755;LD1;9.152432612267e-06
301321796;LD1;2.72891562232066e-06
307759736;LD1;0.000357972116839983
307759782;LD1;0.00140483898147041
307759797;LD1;4.55303786427249e-05
307759814;LD1;8.74739722589978e-05
307759838;LD1;0.000194214100332495
313685219;LD1;0.000169434750114887
313685291;LD1;5.38899459798397e-05
334018455;LD1;6.5329966056657e-06
334018486;LD1;1.13828096774145e-07
334018489;LD1;3.44543579471682e-06
334018510;LD1;6.56093405296448e-06
334018525;LD1;0.00032144140606428
334018551;LD1;4.00826191845249e-05
336997039;LD1;0.00025053055245771
336997111;LD1;9.25663513014963e-05
347606920;LD1;3.63982689363248e-05
347606950;LD1;1.13382160006335e-06
347606961;LD1;2.89442833350759e-05
347606976;LD1;1.18862269324794e-05
347607013;LD1;0.0013828934557034
347607022;LD1;6.42760584972733e-08
354236595;LD1;1.73623805681071e-05
354236602;LD1;0.000727692303255205
354541199;LD1;5.62697690624039e-05
354541207;LD1;1.26831851505425e-05
354541214;LD1;1.27977334958228e-05
354541222;LD1;0.000167941741036981
354541234;LD1;2.23273473716556e-05
354541277;LD1;1.32900064045305e-06
364270476;LD1;0.000485916286544406
364270506;LD1;2.07440529985498e-06
364270517;LD1;0.000170153511385563
364270532;LD1;0.000170853644054153
369375802;LD1;2.89272947086752e-05
369375832;LD1;4.99536564101454e-06
369375843;LD1;0.00270900479445566
369375858;LD1;0.00305423793474757
369375904;LD1;9.36262853299182e-05
369847035;LD1;5.86636751952949e-05
369847096;LD1;7.98877944053949e-07
369847140;LD1;3.85911588746119e-07
375004231;LD1;1.52331371984325e-07
375004261;LD1;5.36708529814856e-06
375004272;LD1;2.351451066312e-05
375004275;LD1;6.29843561796035e-06
375004333;LD1;5.5963920326076e-05
385602502;LD1;1.71813390415154e-05
385602548;LD1;2.16189476389678e-07
385602563;LD1;4.91076189026404e-07
385602574;LD1;3.75248467047399e-06
389794439;LD1;0.000614816306721703
389794447;LD1;1.30742867862368e-05
389794468;LD1;8.40071941034219e-07
389794473;LD1;2.8900118006343e-05
389794509;LD1;8.24169924481515e-05
389794543;LD1;1.58694114963416e-05
392006158;LD1;0.000120816392690774
392006253;LD1;0.000230409902119382
401978406;LD1;4.91774398092996e-07
401978421;LD1;6.63164005374777e-06
401978486;LD1;5.27081543550288e-05
414560356;LD1;0.00135189446477466
414560387;LD1;0.000175936624446453
414560390;LD1;4.31198999414869e-06
414560411;LD1;9.97180717175275e-07
414560419;LD1;5.49554970109713e-05
414560426;LD1;1.01850873287453e-05
414560434;LD1;7.70764682691632e-05
414560452;LD1;5.49664491424728e-05
416891355;LD1;4.29021979193041e-05
416891363;LD1;1.83605952944876e-05
416891370;LD1;9.58652000279342e-06
416891378;LD1;8.93528480576584e-05
416891399;LD1;2.41147073151567e-06
416891402;LD1;0.000368238917536314
416891433;LD1;5.41986242254345e-06
420011169;LD1;3.64075507159503e-05
420011199;LD1;1.26821085090754e-05
420011202;LD1;1.31796456567964e-05
420011211;LD1;4.00297691430498e-05
420011223;LD1;3.3454325584344e-06
420011231;LD1;2.38624671168893e-05
420011238;LD1;1.28868173246188e-07
420011246;LD1;5.31656037203578e-05
430029476;LD1;8.85392904697339e-05
430029522;LD1;1.01600147845682e-06
430029537;LD1;0.00182684111836196
430029548;LD1;8.51395582219844e-06
432188835;LD1;0.00135357312530491
432188847;LD1;0.00236999376122603
432188881;LD1;3.13718164313565e-06
432188896;LD1;6.31843538210375e-06
432188907;LD1;5.37473299845681e-06
432188937;LD1;1.37293201160075e-05
440915367;LD1;9.88563241500293e-05
440915393;LD1;6.98551374300391e-05
447755393;LD1;4.10965690019528e-08
447755439;LD1;0.000490058132909501
447755454;LD1;6.6358386668075e-05
447755465;LD1;0.000535103341453188
447755495;LD1;0.000153162882243991
460873299;LD1;0.00100519456678504
460873329;LD1;7.44132964205798e-06
460873340;LD1;2.87054322266085e-06
460873355;LD1;4.08377528772682e-06
460873401;LD1;6.57235350673728e-06
468909568;LD1;3.26705304919397e-07
468909615;LD1;1.0288047008866e-05
468909676;LD1;5.19044526251782e-05
470857939;LD1;1.29325580008331e-05
470857950;LD1;1.02181831137465e-05
470857953;LD1;1.48151430758952e-05
470857968;LD1;1.41777126070736e-07
470857987;LD1;3.20119009419831e-07
470857998;LD1;1.13031331049555e-06
470858004;LD1;8.28854512262692e-06
470858014;LD1;4.66258141099637e-06
470858022;LD1;2.43688175333024e-06
470858028;LD1;1.5181775927692e-05
470858044;LD1;3.18636469042339e-05
470858047;LD1;2.04720504290655e-06
470858049;LD1;8.71959864760844e-07
480261990;LD1;5.79890442984893e-06
480261998;LD1;1.01276608628422e-05
480262006;LD1;5.99128343999253e-06
480262012;LD1;7.32021000452542e-09
480262019;LD1;6.87184864993943e-05
480262034;LD1;6.90853187361357e-07
480262048;LD1;1.00971351597376e-05
480262086;LD1;1.99503476133161e-05
483623106;LD1;0.000303697889193358
483623179;LD1;0.000339378527157465
483623182;LD1;8.69722625586478e-06
485986305;LD1;3.35199334172336e-06
485986308;LD1;1.79115004922591e-06
485986337;LD1;1.50219325719969e-06
485986372;LD1;9.30194727422253e-05
485986392;LD1;2.25435639232972e-05
488131743;LD1;6.46332060228418e-07
488131754;LD1;2.93347894444009e-05
488131815;LD1;7.14962862271896e-05
493033859;LD1;4.99197098757832e-05
493033905;LD1;6.57329690224281e-07
493033931;LD1;1.08023467133945e-05
493033937;LD1;0.000999172216695149
494307524;LD1;2.84082638605775e-08
494307570;LD1;1.89021785728449e-06
494307585;LD1;8.09461238966832e-06
494307596;LD1;1.40335762161733e-05
496741631;LD1;5.85996089694303e-05
496741661;LD1;7.20068966708428e-08
496741672;LD1;3.52043582787794e-06
496741687;LD1;1.39565330986392e-05
496741721;LD1;1.67060115321661e-05
502968317;LD1;1.40640380923879e-06
502968325;LD1;4.98965968409478e-06
502968332;LD1;1.54972808718382e-06
502968340;LD1;1.45130526944842e-05
502968352;LD1;5.4263079820077e-07
502968361;LD1;3.0840023269967e-06
502968364;LD1;2.45129004240913e-06
502968395;LD1;1.26787229481384e-06
504646494;LD1;2.18957281056944e-05
504646503;LD1;3.17615089645976e-06
504646524;LD1;7.33638322809226e-05
504646536;LD1;6.68910076608599e-06
504646555;LD1;0.000142962893107323
504646590;LD1;0.000141657574880749
504646600;LD1;0.000131060088171438
504646610;LD1;5.0136475082718e-07
504646620;LD1;1.14595488177207e-05
24746843;LD1;1.67679336136713e-07
24746875;LD1;8.85710976926336e-08
24746877;LD1;2.29884813569682e-05
24746887;LD1;8.41755827658853e-07
24746902;LD1;6.08034530884035e-06
30271420;LD1;7.88444003192031e-06
30271435;LD1;3.97922966730276e-06
30271461;LD1;5.26138236730921e-06
30271490;LD1;6.4916246829814e-05
30271508;LD1;3.83955935552452e-05
30271511;LD1;3.74290421485873e-06
30271526;LD1;9.11758930414308e-07
30271529;LD1;4.19487980043463e-05
30271544;LD1;7.48183829476578e-05
46689543;LD1;0.000390238720441516
46689577;LD1;2.7955175787682e-05
46689604;LD1;0.00041105822172431
46689621;LD1;2.59582666756802e-07
48531593;LD1;1.25940240380552e-06
49631279;LD1;2.52623706673812e-08
49709776;LD1;1.7235601671661e-05
49709822;LD1;0.000188629849743364
49709848;LD1;1.65222826054085e-05
49709878;LD1;0.00322649853615359
50045281;LD1;3.60935263363711e-06
50045311;LD1;2.87683500500592e-05
50045337;LD1;4.28372095001398e-05
50045383;LD1;7.16283371607551e-06
62295353;LD1;3.58054507750039e-07
62295361;LD1;5.25384147523966e-07
62295363;LD1;4.23802586245272e-06
62295377;LD1;5.39970189164137e-09
62295429;LD1;3.22107051977051e-07
62295446;LD1;2.52863809608734e-07
62295452;LD1;1.74268170765854e-07
62295475;LD1;7.76974025649023e-07
62330830;LD1;8.84305131275223e-06
62330838;LD1;7.17252165954542e-07
62330840;LD1;6.51015438515706e-05
62330854;LD1;5.16130501264965e-07
62330906;LD1;9.82682853177118e-07
62330929;LD1;8.55647411757951e-07
62330952;LD1;4.4455773866744e-05
62391961;LD1;3.15609387865788e-07
62391969;LD1;2.42917337335631e-07
62391971;LD1;1.63129909419929e-06
62391985;LD1;2.43579259474891e-07
62392037;LD1;3.51312358096816e-08
62392054;LD1;1.53142533342953e-06
62392060;LD1;3.26535551417937e-06
62392083;LD1;1.2756208800343e-07
62493956;LD1;0.000106926456188258
62493966;LD1;5.61144366308526e-06
62493976;LD1;1.2290009410458e-05
62494016;LD1;6.11483315126027e-06
62494044;LD1;3.92969574640116e-06
62494049;LD1;3.77209212165168e-06
62494051;LD1;3.9741068031674e-06
62494054;LD1;2.70222116200168e-07
62494057;LD1;2.69979601579837e-05
62494068;LD1;3.23335925892242e-06
62498518;LD1;5.11436367143169e-06
62498526;LD1;4.10698044837882e-07
62498528;LD1;2.81410761441343e-05
62498542;LD1;2.00939716493924e-07
62498594;LD1;1.45189571945664e-06
62498611;LD1;1.52433728569136e-06
62498617;LD1;2.06365410722844e-06
62498640;LD1;4.01973446249503e-08
62498972;LD1;4.3030014215946e-07
62498982;LD1;5.78084551464329e-05
62498992;LD1;3.48026594042701e-06
62499032;LD1;0.000286855898477629
62499059;LD1;1.25011056823861e-05
62499064;LD1;8.99527173739857e-05
62499069;LD1;1.55808927247605e-06
62499072;LD1;1.05658909242585e-06
62499083;LD1;1.31888163227612e-05
79862544;LD1;1.35928546067035e-07
79862559;LD1;2.01707369586192e-05
79862567;LD1;1.38785928484053e-05
79862579;LD1;0.000462717992536819
79862588;LD1;2.05198881079039e-06
79862622;LD1;2.25346085398094e-06
84299135;LD1;1.94694611284862e-05
84299181;LD1;2.15310277290432e-05
84299196;LD1;1.68428826352362e-07
84299207;LD1;2.85320351341584e-07
84299237;LD1;0.000202694999852294
89800371;LD1;5.93230533224584e-06
94005197;LD1;0.000833245493317191
94005213;LD1;1.08552516020872e-05
94005285;LD1;2.60879788423029e-05
94005294;LD1;9.56771685393704e-07
106222275;LD1;5.56270178236228e-07
106222299;LD1;6.34167486908642e-06
106222339;LD1;8.00731740763167e-05
106222345;LD1;4.45283111153912e-05
106222348;LD1;4.04344370508052e-06
106222361;LD1;2.40311884925947e-05
106222378;LD1;7.61179878797737e-05
123502911;LD1;6.36568010484564e-05
123502942;LD1;5.61289851514097e-06
123502945;LD1;1.3327944773848e-05
123502954;LD1;2.3151278765477e-05
123502974;LD1;7.59205085161958e-06
123502981;LD1;7.93894734877630e-09
123502989;LD1;5.60089253831514e-06
130155462;LD1;1.12530492428654e-06
130155493;LD1;7.94588284708027e-06
130155496;LD1;1.49582000925768e-06
130155505;LD1;3.08459509487698e-05
130155517;LD1;1.54421394486519e-05
130155525;LD1;2.58802893422394e-06
130155532;LD1;0.000261304979393496
130155540;LD1;1.86395074895397e-05
144066906;LD1;7.48881344867403e-06
144066924;LD1;2.91459146789225e-06
144066933;LD1;0.000137997802052284
144066939;LD1;7.2344357913533e-06
144066945;LD1;1.74687467674886e-05
144066950;LD1;5.44383696745025e-06
144066960;LD1;1.18772638566825e-05
144066963;LD1;3.53894907741963e-06
144066972;LD1;0.000182219089296344
144066975;LD1;0.00014332129303487
144066981;LD1;0.000200067756272775
144066985;LD1;2.60925679245578e-05
144066990;LD1;0.000230524336971385
144066993;LD1;1.55666485866397e-06
144066995;LD1;3.83666626996064e-10
144067011;LD1;2.24912710651016e-07
144067017;LD1;1.07181904242181e-05
144067022;LD1;3.43911503202649e-08
144067025;LD1;2.41757347141111e-06
145873376;LD1;6.68466339563107e-05
145873407;LD1;1.02152167918939e-05
145873410;LD1;2.23701981476434e-07
145873431;LD1;5.79512010666267e-05
145873439;LD1;7.72475763746947e-05
145873446;LD1;5.16126439268441e-06
147419293;LD1;3.07702165047888e-08
147419319;LD1;2.9951735063399e-05
147419365;LD1;7.87714546165235e-05
153980261;LD1;2.0675426643247e-07
153980267;LD1;4.6135521974961e-06
153980309;LD1;6.5982339651875e-06
153980327;LD1;3.5570890035488e-07
158588716;LD1;5.66796229890521e-07
158588725;LD1;4.19827869581088e-05
158588797;LD1;3.30488527198688e-06
158588813;LD1;2.70993147992802e-07
169779685;LD1;0.000719519696746233
169779715;LD1;0.000334651941681381
169779726;LD1;5.0663692522367e-06
169779741;LD1;0.00137983985490908
169779787;LD1;1.4902373448912e-06
169779793;LD1;1.25391319274929e-08
170407287;LD1;1.01104896017781e-09
170407293;LD1;1.51755552154198e-05
170407339;LD1;4.98491448380714e-07
170407354;LD1;7.26495213527531e-05
170407365;LD1;8.21761543940522e-05
180264922;LD1;5.81587309231399e-07
180264928;LD1;9.43280956751318e-06
180264938;LD1;2.33985696277667e-07
180264961;LD1;8.54498826781422e-05
180264979;LD1;2.89722711568365e-07
180264993;LD1;3.57473109687726e-08
180265029;LD1;0.000692593923278337
180265037;LD1;0.000496247324453509
181745795;LD1;1.3766532288305e-06
181745835;LD1;5.55843832460854e-05
192438007;LD1;1.99870600254335e-05
192438015;LD1;8.52502614111661e-06
192438022;LD1;9.97951077086305e-06
192438030;LD1;1.6021951876343e-06
192438051;LD1;7.82481586511052e-07
192438054;LD1;4.45263704124037e-06
192438085;LD1;5.94722881421005e-06
196723857;LD1;0.000184392231761215
196723899;LD1;9.57473268517369e-07
196723964;LD1;0.000759339269723217
196888567;LD1;3.09016055303408e-05
196888582;LD1;5.89292715954947e-05
196888593;LD1;4.07094131030828e-06
196888623;LD1;0.000174894102023628
198617416;LD1;4.74158568737961e-07
198617424;LD1;1.23742529120754e-05
198617431;LD1;4.04723561285453e-07
198617439;LD1;5.89956846253149e-06
198617451;LD1;7.01148305635116e-06
198617463;LD1;6.27603715892159e-05
198617494;LD1;3.82234058877484e-05
203807898;LD1;1.23034149583937e-06
203807944;LD1;7.22032799050721e-07
203807959;LD1;4.96878613980544e-05
203807970;LD1;2.19762963451137e-06
203808000;LD1;5.95687124418752e-08
205374195;LD1;4.47490164995117e-07
205374205;LD1;1.35840585302965e-05
205374238;LD1;4.16033296675433e-05
210727024;LD1;0.000135668219068682
210727050;LD1;2.97315497833576e-07
210727080;LD1;0.00211548550627026
212056560;LD1;0.000267154774623644
212056591;LD1;4.38128303968739e-05
212056594;LD1;0.00100189487083062
212056615;LD1;8.15331696143143e-05
212056638;LD1;0.00117125951756251
216793424;LD1;1.05797768132139e-06
216793439;LD1;4.95687360341301e-06
216793450;LD1;2.01310592886693e-07
235314125;LD1;0.000875808923093778
235314136;LD1;1.61147766580878e-05
235314197;LD1;0.00015479110673165
239358142;LD1;3.72736673435868e-05
239358188;LD1;0.0022601209626727
239358214;LD1;4.11928770038567e-05
239358244;LD1;8.30442070263294e-07
244189902;LD1;1.25695418184132e-05
244189948;LD1;1.62632141891452e-05
244189963;LD1;1.01022824644421e-06
244189974;LD1;2.01250096615421e-06
244190004;LD1;5.57443305242086e-06
256326484;LD1;7.2065544169852e-06
256326556;LD1;7.5597015834538e-08
259412999;LD1;9.59190658003996e-07
259413031;LD1;6.82436618872086e-07
259413062;LD1;9.40257619548005e-07
259413092;LD1;1.45049014128057e-07
259413112;LD1;2.48748668257017e-07
259413120;LD1;2.24597732828427e-05
259413128;LD1;1.21747621614741e-05
274826262;LD1;2.00650156308313e-05
274826292;LD1;2.24867957982196e-07
274826318;LD1;1.58602829841001e-07
274826364;LD1;7.89999001605774e-06
282506197;LD1;1.16689502966706e-05
282506223;LD1;2.09462245785624e-07
282506269;LD1;0.000219699659857564
287507321;LD1;3.85379459112131e-05
287507327;LD1;3.91637210008416e-05
287507331;LD1;4.27445861335798e-05
287507344;LD1;9.70445580127374e-05
287507381;LD1;3.88562207822533e-05
287507397;LD1;3.98674249809525e-05
288627531;LD1;1.64275352432599e-05
288627561;LD1;1.49261032322079e-07
288627572;LD1;6.71949881693037e-06
288627587;LD1;4.81028668543627e-06
288627633;LD1;0.00391634119150456
293394791;LD1;1.04986760503104e-05
293394809;LD1;3.69779901592356e-06
293394856;LD1;5.856456380122e-06
293394888;LD1;8.47718770565497e-05
295955628;LD1;0.00109417963629675
295955674;LD1;5.32236921250453e-05
295955700;LD1;6.69771526192115e-05
295955730;LD1;9.07121314491897e-06
297071917;LD1;1.52266363492555e-05
297071948;LD1;5.67902644411695e-07
297071951;LD1;1.70782045174102e-07
297071960;LD1;2.8584045575769e-06
297071972;LD1;5.34904726587172e-07
297071980;LD1;2.30846428740492e-06
303346949;LD1;3.48906902175099e-05
303346964;LD1;1.38939639092424e-05
303346995;LD1;4.60912641320304e-06
303347010;LD1;4.34549320253988e-08
303451377;LD1;6.94759849948431e-07
303451408;LD1;1.75559804124732e-05
303451411;LD1;9.10179102343613e-05
303451432;LD1;2.00215225488939e-05
303451447;LD1;0.000104864176587249
320522911;LD1;2.49830380400027e-06
320522919;LD1;3.25248042846097e-06
320522926;LD1;3.85419039035439e-05
320522934;LD1;7.91052501006216e-07
320522946;LD1;2.57164240999755e-07
320522955;LD1;5.05843480213693e-06
320522958;LD1;1.03199699770317e-05
320522988;LD1;2.38429938208114e-06
323976791;LD1;1.3344684911946e-07
323976799;LD1;3.68733912031744e-06
323976814;LD1;1.19993036127263e-07
323976826;LD1;3.70967752621423e-06
323976835;LD1;3.57566974639104e-07
323976838;LD1;4.72379681254379e-06
323976869;LD1;1.15211311025879e-07
326695113;LD1;0.00368046289421265
326695143;LD1;1.44872044153918e-05
326695207;LD1;0.000134106855608177
326695210;LD1;5.48803736807594e-06
338902205;LD1;1.79986699577789e-07
338902251;LD1;4.38120800126125e-05
338902268;LD1;0.000348053049259057
338902277;LD1;9.15739227109894e-11
338902307;LD1;0.00238047872193227
341160006;LD1;1.22457939225775e-07
341160014;LD1;4.07515551118356e-07
341160021;LD1;4.51005263642978e-05
341160041;LD1;4.17277148611934e-07
341160050;LD1;1.33815568587316e-06
341160053;LD1;1.60389278886147e-05
341160083;LD1;1.5390855761987e-05
349147958;LD1;2.72501645951242e-07
349147988;LD1;2.3237430560146e-07
349148060;LD1;5.93499929410446e-06
349487458;LD1;1.0219389018176e-05
349487488;LD1;0.00152921800781011
349487514;LD1;9.32502712617627e-07
356107721;LD1;8.31533453538468e-05
356107782;LD1;0.000181855635112337
356107823;LD1;0.00320145226493122
368775464;LD1;4.49799626322721e-06
368775494;LD1;2.34526966514735e-05
368775503;LD1;4.78545898993191e-06
368775520;LD1;1.13834851645171e-06
368775566;LD1;5.67653851335861e-06
370097118;LD1;7.11373013317706e-07
370097164;LD1;2.39895608002857e-06
370097190;LD1;1.54187342673369e-06
370097220;LD1;1.18128034207988e-05
370604829;LD1;2.14284838174613e-09
370604837;LD1;0.000514144082002589
370604844;LD1;2.50944866741952e-06
370604852;LD1;0.009827484430305
370604864;LD1;7.64463369844242e-06
370604876;LD1;2.41612992137621e-07
370604907;LD1;5.28781332740457e-05
374964911;LD1;9.38047087000099e-06
374964942;LD1;3.0342237787051e-06
374964945;LD1;9.25786007559914e-08
374964954;LD1;8.73660765972389e-06
374964966;LD1;6.14730126942248e-06
374964974;LD1;5.25114472755081e-07
374964981;LD1;1.29387710728209e-05
374964989;LD1;1.76803803002621e-06
378721923;LD1;2.1029816820706e-12
378721956;LD1;2.67910538894681e-10
378722007;LD1;1.05663599071841e-05
378722045;LD1;1.33080077562337e-05
379786136;LD1;4.00324868725719e-07
379786182;LD1;9.65046747098486e-09
379786194;LD1;3.09998874864004e-05
379786197;LD1;2.76653536639485e-05
379786208;LD1;0.000618204482743678
379786238;LD1;1.67668587362697e-05
381416257;LD1;9.1289069105968e-05
381416287;LD1;6.01643585250846e-06
381416296;LD1;0.000451217715969347
381416313;LD1;8.92401574015194e-06
381416359;LD1;2.21352989576419e-05
388945554;LD1;9.90937936310385e-06
388945584;LD1;2.14893932868678e-05
388945587;LD1;2.42119793432937e-05
388945596;LD1;5.58662277398732e-05
388945608;LD1;5.21247051685834e-06
388945616;LD1;4.36441404461242e-06
388945623;LD1;2.0284079830477e-08
388945631;LD1;1.7254818387925e-05
394702814;LD1;2.19858640773416e-05
394702844;LD1;6.4954291400812e-05
394702853;LD1;0.000355601207466293
394702870;LD1;1.38197829742884e-05
394702916;LD1;1.71132176507969e-05
396694659;LD1;8.37562598368162e-07
396694705;LD1;7.86583247642099e-07
396694722;LD1;2.0971294190724e-06
396694731;LD1;3.10497327989397e-07
396694761;LD1;7.65046121324447e-06
409101500;LD1;9.53918690337325e-06
409101547;LD1;4.4524436630925e-06
409101562;LD1;6.03504446290091e-06
409101608;LD1;3.11235838588992e-05
419495300;LD1;0.00130880933553057
419495330;LD1;5.7329010828178e-07
419495339;LD1;0.00228894954064088
419495356;LD1;0.00139710694515208
419495374;LD1;0.00034842168929448
419495402;LD1;2.40115837568587e-05
421066383;LD1;5.8312723378916e-07
421066391;LD1;5.51862235189789e-06
421066398;LD1;1.46068207047066e-06
421066406;LD1;1.22966951916206e-07
421066418;LD1;2.50557129795721e-05
421066427;LD1;3.30297433191122e-05
421066430;LD1;1.53554841577965e-05
421066461;LD1;2.18097927023e-05
421118426;LD1;1.55614008758926e-07
421118456;LD1;2.05727615045679e-08
421118482;LD1;7.34878251507543e-09
421118528;LD1;3.09609236209305e-08
423079868;LD1;0.000238347506128419
423079899;LD1;2.14237509770031e-05
423079931;LD1;1.77425401363231e-05
423079938;LD1;3.6228270050532e-06
423079946;LD1;4.97046041476144e-06
428923638;LD1;5.69641351596269e-06
433418921;LD1;1.85041597138852e-05
433418951;LD1;6.182400014079e-06
433418960;LD1;2.70543595431807e-06
433418977;LD1;2.5949518030216e-06
433419023;LD1;1.10880597385513e-05
440018239;LD1;1.94246503259686e-06
440018300;LD1;0.00120429713990196
440018341;LD1;0.000829298567038539
445118298;LD1;0.000600346860206347
445118302;LD1;2.08149812672258e-05
445118305;LD1;1.98413279185309e-06
445118312;LD1;0.000453309407409896
445118341;LD1;2.50368483888055e-06
445118350;LD1;0.000110690987312383
445118362;LD1;6.17746170084698e-05
445118370;LD1;6.16769360762374e-05
445118373;LD1;0.000234423612670392
445118377;LD1;4.65363133200965e-05
445118379;LD1;0.000370670612167308
445118382;LD1;7.20445183356747e-06
445118399;LD1;4.07566672039419e-05
445118407;LD1;1.60397471370626e-05
445118416;LD1;0.000105520438402627
445118421;LD1;3.46398051060931e-05
450476679;LD1;5.25665670938066e-07
450476720;LD1;2.85014656058845e-05
450476725;LD1;1.22440865997259e-06
450476758;LD1;5.67050592610976e-06
450476769;LD1;0.00121625322572215
452574537;LD1;0.000101589863173081
453617202;LD1;0.00039479793957165
453617278;LD1;2.42920802484042e-06
453617288;LD1;2.23295162339444e-06
453883358;LD1;2.40668400366783e-05
453883388;LD1;3.10605354228769e-07
453883397;LD1;8.05635800321342e-07
453883414;LD1;7.54009951098584e-07
453883460;LD1;7.28663403894464e-06
454855101;LD1;1.65943302644418e-07
454855147;LD1;2.72567196417992e-06
454855173;LD1;4.29850567835901e-06
454855203;LD1;7.78344805607145e-07
464003522;LD1;5.19095221827435e-06
464003525;LD1;2.06322357278042e-06
464003624;LD1;0.000413321533695577
464003629;LD1;1.05236027162565e-09
464003646;LD1;1.87582557276003e-06
464003650;LD1;8.40790280104415e-05
469217853;LD1;7.96823757057509e-05
469217883;LD1;3.32490213169017e-06
469217909;LD1;8.98522869103242e-08
469217955;LD1;1.8584628077574e-06
470679523;LD1;0.000681933986709064
470679584;LD1;8.55511433289432e-06
470679631;LD1;1.22719342599887e-06
471914315;LD1;1.55334329495539e-07
471914361;LD1;6.28120457086879e-09
471914378;LD1;2.62898856781113e-05
471914387;LD1;2.76175064875797e-07
471914417;LD1;7.62087369333107e-05
475593071;LD1;2.7123040890238e-05
475593079;LD1;0.000155022628390666
475593086;LD1;4.23127935708294e-05
475593094;LD1;3.34247923773668e-07
475593106;LD1;1.66634885883499e-05
475593115;LD1;1.88193622917408e-07
475593118;LD1;0.000171498537058769
475593149;LD1;4.31202941764842e-06
487545522;LD1;0.000191151846271656
487545552;LD1;1.81314904207579e-05
487545578;LD1;4.34866694250624e-07
487545624;LD1;3.55984420196882e-05
490586596;LD1;5.12748236795868e-06
490586627;LD1;9.57744584562128e-06
490586630;LD1;2.47095421650671e-06
490586639;LD1;1.62130478228292e-05
490586651;LD1;2.313383936032e-07
490586659;LD1;2.1531315908501e-06
490586666;LD1;1.1263542492083e-06
490586674;LD1;1.95664466460655e-07
504721883;LD1;1.4448891445584e-07
504721891;LD1;7.30832168427191e-07
504721898;LD1;6.08360996186419e-06
504721906;LD1;2.11724022357257e-05
504721918;LD1;5.55079882981981e-08
504721927;LD1;2.81909586809715e-06
504721930;LD1;9.50646365885594e-07
504721961;LD1;9.76493039192654e-07
506222279;LD1;1.57760006789975e-09
506222287;LD1;4.088072464529e-08
506222294;LD1;7.97954439859401e-05
506222302;LD1;8.81431681177239e-07
506222314;LD1;5.88915138537703e-05
506222323;LD1;7.06061609714937e-07
506222326;LD1;2.50574778418552e-06
506222357;LD1;3.69384771248634e-05
22734420;LD1;0.00425569692743738
22734492;LD1;2.75203738063177e-05
22734522;LD1;7.51341577657431e-06
82041058;LD1;0
104998453;LD1;1.50220304664645e-06
104998489;LD1;1.02830372049859e-05
104998502;LD1;1.12332117725458e-05
104998543;LD1;9.2812172552937e-06
126390850;LD1;6.21910321136437e-05
126390896;LD1;4.97250691680906e-08
126390911;LD1;6.98354256884361e-06
126390922;LD1;0.000221348443161704
126390952;LD1;0.000693794054464778
130988267;LD1;4.41825665211203e-06
130988313;LD1;3.81858826283859e-07
130988328;LD1;1.48356598084715e-08
130988339;LD1;0.00456343823252769
130988369;LD1;3.92066057060334e-05
131364235;LD1;1.5424332063487e-05
131364281;LD1;3.03131166475455e-05
131364296;LD1;6.70120372584072e-06
131364307;LD1;5.42341073148833e-06
131364337;LD1;4.74351005306308e-06
135278773;LD1;5.36671454435032e-10
135278803;LD1;7.68568243094983e-10
135278829;LD1;1.05415147011832e-06
145116580;LD1;2.73208828042092e-05
145116626;LD1;1.17510697550442e-07
145116641;LD1;0.000945631834963176
145116682;LD1;2.33449498121333e-06
146445395;LD1;0.00016261670979569
146445428;LD1;0.000511647791595899
146445438;LD1;3.7298453059428e-05
146445462;LD1;1.93872280574002e-07
146458449;LD1;4.52016784771587e-06
146458480;LD1;1.09260631484434e-06
146458483;LD1;2.36540142176004e-05
146458492;LD1;6.05819481166166e-07
146458504;LD1;1.10059311343195e-05
146458512;LD1;3.17410405311206e-07
146458519;LD1;6.10895597126093e-06
146458527;LD1;6.51998195683197e-05
156179909;LD1;5.6761381998182e-05
156179917;LD1;1.3384348243354e-05
156179967;LD1;1.93186539232435e-05
156179985;LD1;4.15362646319432e-06
156180008;LD1;1.94802072210727e-05
156180018;LD1;0.000197129474330606
156180024;LD1;4.41146184351885e-05
160123323;LD1;6.75528476730187e-05
160123368;LD1;4.31493473365537e-05
160476272;LD1;0.000683248893891877
160476330;LD1;0.000315606180917306
160476348;LD1;0.000116149832395935
160476371;LD1;1.1037773340535e-07
160476381;LD1;3.34415225975106e-05
160476387;LD1;1.5653631650904e-05
160720844;LD1;0.000820936831949503
167990099;LD1;1.94174518916812e-07
167990110;LD1;2.93418599212323e-05
167990125;LD1;2.09048517420278e-05
167990171;LD1;3.28361934253872e-05
184148427;LD1;5.78839099136744e-05
184148459;LD1;2.65963348716066e-05
200218092;LD1;3.643124172028e-06
200218111;LD1;2.01275294803213e-05
200218122;LD1;4.11617153288032e-09
200218125;LD1;0.000137205974493204
200218173;LD1;0.00221167286145976
200218176;LD1;0.000114288135550142
200218182;LD1;5.97341003576519e-05
200218202;LD1;1.83558924394046e-06
200218208;LD1;9.04544786037071e-05
200218210;LD1;0.000457382922462096
200218216;LD1;5.80135677100568e-05
211120719;LD1;4.77484799696948e-05
211120737;LD1;1.49641993458332e-08
211120745;LD1;6.10882139791356e-06
211120760;LD1;5.41373000911137e-07
211120781;LD1;0.000185129861203679
211120784;LD1;4.83603902265488e-06
211120815;LD1;2.33653367685686e-06
229808665;LD1;6.92319722952714e-06
229808695;LD1;1.05056310607944e-07
229808721;LD1;2.79864860671128e-06
229808767;LD1;1.68129783601775e-05
235346391;LD1;8.19197818067147e-06
235346422;LD1;0.000174719767242728
235346425;LD1;8.01206174444715e-08
235346454;LD1;1.13103434384977e-06
235626409;LD1;0.000110783429519802
235626439;LD1;1.20513555582074e-06
235626450;LD1;3.38030277177983e-05
235626465;LD1;8.01303462801999e-06
235626511;LD1;9.36791364053755e-05
249641229;LD1;1.25354165149951e-05
249641242;LD1;4.353592947076e-09
249641274;LD1;8.49763450666714e-06
249641276;LD1;6.05729179663284e-07
249641301;LD1;2.58779239620143e-05
253789229;LD1;2.40315199341767e-05
253789232;LD1;3.12943422207641e-07
253789239;LD1;1.58373372605229e-05
253789242;LD1;0.000214891115220173
253789248;LD1;4.54147027406272e-05
253789251;LD1;1.7745054352864e-05
253789256;LD1;1.99018381333217e-06
253789259;LD1;8.41880484490919e-05
253789262;LD1;6.5838171400026e-06
253789265;LD1;1.99548565460872e-06
253789275;LD1;0.000389170354463007
253789277;LD1;0.000431874040305658
253789284;LD1;3.53778632679466e-07
253789286;LD1;8.367053884638e-05
253789292;LD1;3.07374338384756e-05
253789301;LD1;2.97347671717727e-05
253789307;LD1;4.42858688373527e-06
253789320;LD1;9.49047808214852e-05
253789331;LD1;8.01191135126984e-06
253789337;LD1;3.33751224589517e-05
253789342;LD1;2.49949049856776e-05
296081765;LD1;3.52341641954553e-05
296081811;LD1;0.000310645776310114
296081826;LD1;4.04042877700429e-05
296081837;LD1;1.24224843211656e-05
296081867;LD1;2.71526876257606e-05
297241051;LD1;2.9633477803973e-06
297241082;LD1;5.10375423679e-06
297241085;LD1;1.54065924787477e-06
297241094;LD1;2.10912737395952e-05
297241106;LD1;4.89420197123204e-05
297241114;LD1;5.27745065208003e-05
297241121;LD1;2.37328807700463e-06
297241129;LD1;4.96908076868223e-05
297241261;LD1;3.6172889448927e-07
297241291;LD1;4.71095144880029e-07
297241302;LD1;0.00189773488899723
297241317;LD1;3.17871332117689e-06
297241351;LD1;0.0154135057298175
297241363;LD1;1.41796985735664e-05
306310008;LD1;0.00175383759906169
306310049;LD1;1.58643336852358e-06
306310064;LD1;1.50405808771275e-05
306310110;LD1;1.93643985820071e-05
317455954;LD1;8.89923663328606e-07
317456015;LD1;1.16383895377568e-05
317456026;LD1;7.85240881317587e-06
323970804;LD1;0.000542290044908972
323970899;LD1;0.000287396939627213
332546658;LD1;2.54434307517053e-05
332546669;LD1;4.29765623442979e-05
332546684;LD1;7.52280242670926e-05
332546730;LD1;4.77398105688418e-05
351712112;LD1;4.53595138797425e-06
351712118;LD1;5.3477791999727e-06
351712120;LD1;2.00127584749477e-06
351712123;LD1;5.11016089480353e-06
351712135;LD1;8.75725702138291e-07
351712146;LD1;1.18101580031373e-06
351712149;LD1;2.10346190239582e-06
351712152;LD1;8.97326348509607e-07
351712164;LD1;1.30715325946683e-06
351712167;LD1;1.46534747604353e-05
351712170;LD1;1.04280844945605e-05
351712173;LD1;1.20095407979283e-06
351712179;LD1;6.49737568003651e-06
351712182;LD1;9.27369608394893e-06
351712185;LD1;4.57000485171857e-05
351712191;LD1;1.43997613105554e-06
351712193;LD1;1.09097637195303e-06
351712197;LD1;1.43822157198246e-06
351712205;LD1;1.11787820202103e-06
356122298;LD1;2.14996570518031e-07
356122353;LD1;1.12384317670006e-07
356122368;LD1;0.000349821472603626
356122376;LD1;4.26853502808326e-06
356684805;LD1;0.00166755311669959
356684835;LD1;1.04492291371491e-05
356684838;LD1;7.05899177832782e-06
356684847;LD1;2.53063169656409e-06
356684859;LD1;1.39467724106403e-05
356684874;LD1;7.30871024946636e-05
356684882;LD1;9.101959531022e-05
359715608;LD1;0.000143927947799661
359715655;LD1;1.40859276402208e-05
359715670;LD1;7.15249996989721e-06
359715716;LD1;8.08645997957417e-05
365776464;LD1;4.59249931937623e-05
365776482;LD1;1.16561578223002e-05
365776505;LD1;5.17797736717887e-05
365776517;LD1;0.000186285988340118
365776526;LD1;3.16778579800019e-07
365776529;LD1;0.000143468684015774
365776560;LD1;0.000807093879588353
373602928;LD1;7.90987661830223e-06
373602959;LD1;2.8066027099756e-05
373602962;LD1;2.42173468217669e-05
373602991;LD1;5.0877691097332e-06
373602998;LD1;8.61476292534776e-08
373603006;LD1;2.84837808644972e-07
379927973;LD1;2.57707419504201e-05
379927987;LD1;0.000182374389227195
379928004;LD1;1.41792071222492e-07
379928008;LD1;0.000203398401926978
379928024;LD1;7.02661216236465e-05
379928026;LD1;3.71935948605211e-05
379928033;LD1;2.08887603268366e-05
379928036;LD1;5.01554827751928e-05
379928042;LD1;4.80766249217452e-05
379928051;LD1;0.0001657812629313
379928069;LD1;0.000171285590034256
379928075;LD1;1.61200601034733e-05
379928080;LD1;0.000337512173950227
379928084;LD1;4.62546843868989e-06
379928092;LD1;0.000709686718405477
379928095;LD1;2.30871282198151e-05
406088625;LD1;0.000169111534549599
406088659;LD1;3.48951869206183e-07
406088668;LD1;6.73810264647841e-07
406088680;LD1;3.02670960011228e-05
406088688;LD1;1.54394540240246e-05
406088703;LD1;2.15668242634462e-05
406088721;LD1;8.45424336545529e-06
415164571;LD1;7.60134556083569e-06
415164601;LD1;9.14414821623734e-07
415164627;LD1;1.80858562563827e-06
415164673;LD1;5.30756448130722e-06
422674405;LD1;0.000171084581845623
422674436;LD1;2.7976863399757e-07
422674439;LD1;3.16630831038691e-08
422674460;LD1;9.61682552403665e-05
422674468;LD1;8.90278737400906e-06
422674483;LD1;5.85340995318144e-05
422674501;LD1;9.6141650826863e-06
429769049;LD1;7.31754770227614e-05
429769089;LD1;1.58230174118099e-07
429769110;LD1;1.64720195084694e-07
429769157;LD1;0.00114450498159581
448100679;LD1;1.2783390994068e-05
448100756;LD1;2.75462640431894e-06
448100781;LD1;3.04232944705049e-05
6158292;LD1;6.69452562310864e-07
6158300;LD1;0.000166637275949558
6158305;LD1;0.00409436966955451
6158307;LD1;8.67533424441038e-07
6158315;LD1;9.67570478914261e-05
6158336;LD1;1.85648364853385e-05
6158339;LD1;0.00200154867272049
6158370;LD1;0.000328587798375969
9059607;LD1;8.30397007344812e-08
9059670;LD1;2.07991615933886e-07
9059690;LD1;9.68700106738829e-09
18830132;LD1;9.07921782296672e-06
18830178;LD1;3.06138519017881e-06
18830195;LD1;0.000950367522760189
18830204;LD1;8.22301677315341e-06
20412317;LD1;3.16976070518467e-08
20412348;LD1;1.84744734398133e-05
20412351;LD1;4.49864169445209e-07
20412372;LD1;1.16622896659341e-06
20412380;LD1;6.49428647064168e-07
20412387;LD1;3.05632594022463e-06
20412395;LD1;1.08382403292795e-06
20412557;LD1;5.82470009415477e-07
20412586;LD1;2.68609542560217e-05
22214446;LD1;1.83326410887876e-06
22214476;LD1;0.000605719793017437
22214502;LD1;4.83559009574702e-06
22214548;LD1;6.25257410845893e-06
23408242;LD1;5.55028922083421e-07
23408273;LD1;1.93251997550576e-06
23408276;LD1;1.64639007100591e-07
23408285;LD1;2.75411091533719e-05
23408297;LD1;4.67111274323757e-05
23408305;LD1;2.42727443366379e-06
23408312;LD1;2.36010056588936e-05
23408320;LD1;2.31530315162034e-08
26930959;LD1;1.04567799775064e-05
26931005;LD1;4.17295993152456e-05
26931031;LD1;5.15736823099296e-05
26931061;LD1;6.79980365290574e-06
46566826;LD1;3.11753061173578e-06
46566835;LD1;0.000110018197111638
46566898;LD1;8.02267901665843e-06
59167506;LD1;2.06482535172179e-06
59167537;LD1;8.37951843027751e-05
59167540;LD1;1.98190948121534e-05
59167549;LD1;5.01370806470072e-06
59167561;LD1;4.85234146409586e-06
59167569;LD1;2.40250661312842e-06
59167576;LD1;5.02288712371335e-06
59167584;LD1;3.87401307925126e-06
81028997;LD1;6.88930519208202e-05
81029005;LD1;2.71527504236465e-07
81029018;LD1;1.68637311544774e-06
81029034;LD1;0.000736320452352334
81029036;LD1;1.03067048429412e-05
81029040;LD1;5.68549096362558e-05
81029072;LD1;1.45397643319532e-06
81029080;LD1;1.31624228541179e-07
81029120;LD1;6.03174920433468e-05
83201013;LD1;0.000213730446199723
83201043;LD1;7.6798099801817e-06
83201050;LD1;1.98567274444535e-07
83201058;LD1;0.000113408113027627
83201070;LD1;1.0793027183545e-05
83201079;LD1;1.15920827093271e-06
83201082;LD1;3.65820532654814e-06
83201113;LD1;6.77848812322594e-07
87347154;LD1;7.00074334735748e-06
87347200;LD1;6.87183798972512e-07
87347226;LD1;8.58595428448271e-07
87347232;LD1;4.44224044086255e-05
87347256;LD1;1.62481496985802e-07
93111073;LD1;2.5931370249551e-06
93111119;LD1;6.50423777367073e-05
93111134;LD1;3.52440550057856e-05
93111145;LD1;7.21158011879035e-05
93111175;LD1;1.12449884512829e-05
95815994;LD1;2.25980178380354e-06
95816024;LD1;1.83585673613495e-05
95816033;LD1;1.63958159972526e-07
95816050;LD1;2.67873417813972e-07
95816096;LD1;1.31218711435392e-06
110178177;LD1;0.000110943673688377
110178208;LD1;1.05286163492701e-05
110178211;LD1;6.97036806510165e-05
110178220;LD1;6.99067516072804e-06
110178232;LD1;5.53318501866541e-06
110178240;LD1;6.8389344301656e-07
110178247;LD1;2.69297296319939e-05
110178255;LD1;2.85172580804299e-05
110178273;LD1;1.51757458262765e-07
123718815;LD1;9.69791263479907e-05
123718878;LD1;0.000136759333573809
123718917;LD1;1.53727828426958e-05
137623587;LD1;1.48750776376456e-05
137623603;LD1;7.52838087287555e-05
137623608;LD1;0.0001937577824151
137623630;LD1;8.19664112663624e-06
137623666;LD1;8.59256373327699e-06
137623700;LD1;3.76912336629086e-05
138278894;LD1;3.27303526542077e-05
138278914;LD1;7.53407192807883e-08
138278949;LD1;6.94858281818274e-06
138278976;LD1;1.53063939908879e-06
138278979;LD1;4.0443476649498e-05
165571990;LD1;6.94286174719159e-05
165572027;LD1;4.7626282597186e-06
165572033;LD1;6.28802820287543e-06
165572040;LD1;1.36933632871462e-05
165572081;LD1;6.26997945528212e-05
170593463;LD1;3.1316828783231e-05
170593493;LD1;2.29740450605958e-06
170593502;LD1;0.000136686171307667
170593519;LD1;6.49646085017459e-07
170593555;LD1;6.55486172593085e-05
170593565;LD1;9.81550568723777e-06
171892222;LD1;2.06587097694462e-06
171892294;LD1;1.24958707265116e-06
171892324;LD1;1.53719844189598e-06
177109275;LD1;1.85188661200138e-05
177109278;LD1;3.79737327392262e-06
177109293;LD1;8.07408893908277e-06
177109312;LD1;1.5072080566244e-05
177109323;LD1;0.000191861843925283
177109329;LD1;5.72571320582268e-06
177109339;LD1;2.68779623640515e-07
177109347;LD1;8.67869299414294e-05
177109353;LD1;7.98759793596222e-05
177109369;LD1;7.9616944646961e-06
177109372;LD1;1.62376562641442e-05
194589120;LD1;0.000247065398374135
194589166;LD1;2.39172720062409e-08
206684513;LD1;7.08176267490495e-06
206684544;LD1;3.27889261739896e-07
206684547;LD1;5.9774866071573e-06
206684556;LD1;2.50317211197084e-06
206684568;LD1;1.20428460470508e-05
206684576;LD1;7.71603588467292e-06
206684583;LD1;6.38558481979013e-06
206684591;LD1;4.58673436729133e-06
207522798;LD1;3.71770933989344e-06
207522828;LD1;9.00473789201959e-09
207522839;LD1;1.36402605359465e-05
207522900;LD1;8.41623023648172e-05
219240951;LD1;2.2209607976329e-05
219241007;LD1;5.86086027375924e-07
219241053;LD1;5.06405775543976e-05
226716293;LD1;1.82226682647915e-05
226716339;LD1;9.15169207053513e-06
226716356;LD1;0.000288031384200891
226716365;LD1;1.8207563625568e-06
226716395;LD1;5.51577600619968e-06
226716527;LD1;2.07236287713724e-05
226716535;LD1;1.41443731021716e-05
226716542;LD1;6.76605269212303e-07
226716550;LD1;3.59454783772894e-05
226716562;LD1;1.65990292329921e-06
226716571;LD1;1.87409150419319e-08
226716574;LD1;2.36982921449679e-05
226716605;LD1;2.58056690720627e-05
239080244;LD1;2.75275378174335e-06
239080275;LD1;2.84702804263685e-05
239080278;LD1;3.64536650746369e-06
239080287;LD1;1.70023501048801e-07
239080299;LD1;4.27750969026754e-05
239080307;LD1;1.11516584705471e-05
239080322;LD1;0.00691136935326299
254884894;LD1;2.32956187165419e-05
254884924;LD1;3.07048708435137e-06
254884933;LD1;0.000764173723579712
254884996;LD1;6.30436360140482e-06
273955693;LD1;3.4527056237739e-06
273955698;LD1;1.43833261722654e-05
273955700;LD1;1.64150064069759e-05
273955709;LD1;2.52419620812587e-06
273955724;LD1;1.31835912929168e-05
273955744;LD1;1.07239532493939e-05
273955762;LD1;1.67717995571936e-05
273955788;LD1;3.54446752140355e-07
273955794;LD1;0.000110315107055248
273955819;LD1;3.52217678071792e-05
274626312;LD1;2.03435798147446e-06
274626343;LD1;6.71397306622413e-06
274626346;LD1;6.24862675340325e-06
274626355;LD1;1.1308754412751e-05
274626367;LD1;7.13394996159648e-06
274626375;LD1;4.99545603542834e-06
274626382;LD1;1.09288995814595e-06
274626390;LD1;1.79467800842623e-05
274626522;LD1;1.04408249603525e-05
274626552;LD1;4.70955079350441e-07
274626578;LD1;2.83426640383408e-07
274626588;LD1;0.000224268982063294
274626624;LD1;6.42969220316216e-06
306724726;LD1;0.000669347711759099
306724789;LD1;0.00173609130739185
306724798;LD1;6.26650594320318e-07
306724828;LD1;6.54136273775703e-05
319762482;LD1;0.000158130220689336
319762512;LD1;4.60195974724049e-08
319762538;LD1;8.0962331858881e-07
319762584;LD1;0.000224175336001116
339695345;LD1;2.81509765125454e-06
339695352;LD1;3.26227133395691e-05
339695360;LD1;8.56102833180555e-07
339695372;LD1;5.33629781831948e-06
339695381;LD1;3.65700590779995e-06
339695384;LD1;2.50647763648594e-06
339695415;LD1;9.92927125589626e-06
343542653;LD1;8.44991350431597e-07
343542687;LD1;0.000288390974010254
343542696;LD1;0.000308169010529858
343542708;LD1;9.46900567189004e-08
343542723;LD1;0.00214359867833395
343542731;LD1;1.71730555715966e-08
348565231;LD1;5.73476384661701e-05
348565277;LD1;3.85963757121227e-06
348565289;LD1;0.000168219542808336
348565292;LD1;2.00792783282625e-05
348565303;LD1;9.25585865203215e-07
348983623;LD1;3.16722369808018e-06
348983631;LD1;1.46850143879397e-06
348983637;LD1;1.91033960891539e-05
348983653;LD1;4.58152097439439e-05
348983655;LD1;1.19906798890187e-05
348983658;LD1;8.4231380542707e-07
348983663;LD1;4.186782913827e-06
348983676;LD1;7.67836864883008e-05
348983678;LD1;1.44432212603932e-07
348983685;LD1;1.27334373184077e-06
348983688;LD1;6.73406190390877e-06
348983698;LD1;7.25168981510325e-09
348983703;LD1;1.33565438947867e-07
348983709;LD1;5.86275396254379e-08
348983715;LD1;3.2383490178603e-05
348983724;LD1;2.73334735860562e-05
348983742;LD1;1.28639559814173e-06
355921501;LD1;9.94004087131067e-06
355921534;LD1;9.24442862575999e-05
355921555;LD1;3.07143302479086e-05
355921563;LD1;0.000209879589425153
355921596;LD1;1.28947533500515e-05
363447585;LD1;2.3935479803306e-05
363447615;LD1;1.97915255711654e-06
363447626;LD1;2.1287452288577e-05
363447641;LD1;2.30669923967626e-05
363447687;LD1;8.98256644109777e-06
374275910;LD1;0.000894116106164772
374275940;LD1;4.99902075863605e-07
374275951;LD1;0.000373551918713328
374275966;LD1;4.12008129635696e-06
374276012;LD1;5.11008356480546e-06
383980711;LD1;3.27039927597223e-07
383980722;LD1;1.32608022326536e-08
383980783;LD1;0.00362139731296646
393569946;LD1;1.011815193829e-05
393569980;LD1;5.27278391363787e-05
393569989;LD1;2.16195011245594e-05
393570001;LD1;0.00011628385373852
393570009;LD1;3.40011105710059e-05
393570016;LD1;2.13791219768525e-06
393699880;LD1;2.24132677578219e-05
393699888;LD1;3.90880960692455e-08
393699903;LD1;9.86407623888297e-07
393699915;LD1;2.26363852817621e-05
393699924;LD1;8.09231656797336e-07
393699927;LD1;1.78123692277785e-05
393699958;LD1;2.14786150909433e-05
394107340;LD1;3.17923065315665e-05
394107368;LD1;1.48341111418358e-05
394107399;LD1;6.57735877600811e-06
394107402;LD1;3.29198251305758e-05
394107411;LD1;3.83414879358101e-05
394107423;LD1;3.80718082552432e-06
394107431;LD1;1.25010873707352e-06
394107438;LD1;7.54421245128777e-07
394107446;LD1;5.97650508820239e-06
398006302;LD1;8.00594205061203e-06
398006374;LD1;1.40119671325753e-05
398006404;LD1;8.29107379273309e-05
404787494;LD1;0.000110730924636131
404787524;LD1;3.78713152209705e-05
404787527;LD1;7.190627759562e-05
404787533;LD1;0.000160836019041888
404787555;LD1;0.000198479954854029
404787573;LD1;1.58622293905537e-05
404787597;LD1;8.68123897803307e-06
429326683;LD1;6.98075266442082e-06
429326729;LD1;5.58996606360615e-07
429326744;LD1;1.2641899367699e-06
429326755;LD1;7.56077713971818e-07
429326785;LD1;1.46774064017794e-05
432150036;LD1;5.31702899411523e-07
432150038;LD1;3.44909619735541e-07
432150060;LD1;2.20497568852058e-11
432150090;LD1;2.19692655730793e-06
432150094;LD1;9.63459456970488e-06
432150141;LD1;1.69651177715842e-06
432594178;LD1;2.93053430545075e-05
432594208;LD1;3.05413859925339e-05
432594219;LD1;0.000147993572107184
432594222;LD1;1.34110959856821e-06
432594234;LD1;9.81206979665926e-06
432594280;LD1;1.62489927648896e-05
445869045;LD1;6.32487355188914e-05
445869061;LD1;1.35772873111118e-05
445869088;LD1;1.40516219983635e-05
445869094;LD1;8.56951565856189e-07
445869106;LD1;1.75594267360172e-05
445869124;LD1;9.2938725351149e-05
445869158;LD1;5.89266644685666e-05
449200836;LD1;1.32620903643622e-05
449200867;LD1;0.00697775033616592
449200870;LD1;0.000701915941145899
449200891;LD1;0.000150887510227462
449200906;LD1;6.63270049401003e-06
449200914;LD1;0.000103382262150011
449200932;LD1;3.18005086060349e-06
17837830;LD1;0.00751062887939115
17837860;LD1;6.72998712400227e-07
17837886;LD1;1.91896220510576e-07
17837932;LD1;2.28594135133617e-05
21785773;LD1;1.30333187146328e-05
21785868;LD1;0.000160816341355489
38941912;LD1;3.5281673429767e-05
38941949;LD1;2.33608564439854e-05
38941955;LD1;8.56305277382225e-06
38941962;LD1;3.57328354911033e-05
38942003;LD1;4.19995299003984e-07
44125684;LD1;1.49664562801334e-05
44125700;LD1;6.40227371754573e-10
44125705;LD1;0.000101071224022515
44125727;LD1;9.1193341351748e-05
44125745;LD1;4.04020548358186e-05
48242701;LD1;9.53879765164858e-06
48242731;LD1;2.75050129507292e-06
48242742;LD1;3.16564379637023e-05
48242745;LD1;9.2596237602143e-05
48242757;LD1;5.17348125827824e-07
48242803;LD1;1.17436432480337e-05
61441795;LD1;4.69964693444925e-05
61441841;LD1;7.60880990732632e-06
61441853;LD1;2.2726498414955e-05
61441856;LD1;2.39395281186387e-05
61441897;LD1;9.22812148782649e-06
82493450;LD1;1.65566349471415e-05
82493458;LD1;9.82422538689047e-06
82493465;LD1;1.01271019025752e-05
82493473;LD1;2.44393926757753e-07
82493494;LD1;2.39689410319059e-05
82493497;LD1;3.12359952367056e-06
82493527;LD1;2.12003611442947e-07
96815788;LD1;0.00027806913014359
96815793;LD1;0.000488755806991993
96815823;LD1;3.19726819638256e-07
96815827;LD1;3.23274757232552e-07
96815832;LD1;4.29953544417541e-09
96815870;LD1;4.4917880407139e-07
96815879;LD1;4.62163565949239e-06
97708988;LD1;3.72765213210174e-05
97709006;LD1;0.000149627017729841
97709050;LD1;0.000179143602300424
123396409;LD1;6.96100880316462e-05
123396439;LD1;4.44350569306331e-05
123396450;LD1;6.29412988788652e-05
123396511;LD1;6.42478871758423e-05
136416339;LD1;3.30616974930479e-05
136416369;LD1;2.99619803778073e-05
136416380;LD1;2.38440571630228e-05
136416441;LD1;0.000181413752377931
151332757;LD1;0.000151012530477589
176177858;LD1;4.71766180148782e-05
176177924;LD1;0.000550492207055457
178863629;LD1;0.000137898815661822
178863647;LD1;7.83364671151356e-05
178863655;LD1;0.000158435414210107
178863670;LD1;7.02781994811273e-06
178863691;LD1;1.48319536689159e-06
178863694;LD1;2.06402636580944e-05
178863724;LD1;2.42881476225194e-06
189366866;LD1;5.76631808631818e-05
189366892;LD1;8.80226403755409e-07
189366962;LD1;2.62819206754515e-05
190090194;LD1;7.74273802305367e-06
190090235;LD1;3.8525163774542e-05
190090248;LD1;1.52017946253599e-06
190090285;LD1;0.00011433146537968
209090844;LD1;6.80236153902597e-05
209090885;LD1;7.99291897514406e-05
209090898;LD1;2.33138873238064e-05
212221607;LD1;2.09123828502051e-05
212221622;LD1;1.33142042222566e-06
212221634;LD1;9.78494340244816e-07
212221643;LD1;1.32252414129227e-06
212221646;LD1;5.18425648025238e-07
212221677;LD1;1.79713878270691e-08
225478764;LD1;3.21338586393835e-06
225478825;LD1;0.00201178272829205
225478836;LD1;5.07721783587084e-07
228717272;LD1;0.000114883948478072
228717287;LD1;3.29302208597358e-07
228717298;LD1;2.41817871256513e-05
228717328;LD1;8.82498765601928e-05
237443521;LD1;0.000232492389716274
286691582;LD1;0.000250294945483236
286691588;LD1;1.90938737196077e-08
286691628;LD1;9.01867048138678e-06
286691652;LD1;0.000152096711700741
286691687;LD1;1.23166528690523e-05
286691700;LD1;2.56473184387086e-05
295574245;LD1;2.69115174333495e-05
295574263;LD1;5.25703247013537e-05
295574271;LD1;0.00030558178096946
295574278;LD1;4.38484040320317e-05
295574307;LD1;3.28361573190128e-06
295574341;LD1;7.9422586198938e-05
304837873;LD1;0.00029341814691859
304837894;LD1;5.38431430758655e-05
304837897;LD1;1.26783670975782e-05
304837928;LD1;0.000337596002619271
336171273;LD1;5.60522117429666e-05
336171303;LD1;8.29644533832585e-10
336171314;LD1;7.23659062821466e-07
336171329;LD1;1.50508654028977e-05
336171363;LD1;3.18520930318437e-05
336171375;LD1;1.40511045023749e-05
337374355;LD1;1.20841929473788e-05
337374416;LD1;0.0100484401659506
337374427;LD1;2.86075314106995e-07
337374457;LD1;0.0019594342419994
339179946;LD1;8.34776654712472e-06
339179976;LD1;3.22201556568062e-08
339179987;LD1;2.86759520207819e-06
339180002;LD1;9.66466839791527e-07
339180036;LD1;2.29171754723502e-06
339180048;LD1;1.08551607524593e-05
340727122;LD1;2.80830114570967e-06
340727152;LD1;5.58547632146934e-07
340727163;LD1;6.26907524150647e-06
340727224;LD1;3.84879332245038e-07
358990286;LD1;2.13535720093656e-06
358990327;LD1;1.81099760229368e-05
358990334;LD1;1.20518146676718e-07
358990340;LD1;2.19614831466969e-06
358990377;LD1;1.58735737579576e-05
367038312;LD1;9.75759926006679e-06
367038342;LD1;3.16235163557689e-07
367038353;LD1;0.000149799704837147
367038368;LD1;0.000193921394301543
367038414;LD1;1.14111655066502e-06
378723691;LD1;0.000293879449214121
378723709;LD1;2.18832606662152e-05
378723717;LD1;5.77112253985016e-06
378723724;LD1;1.05319475986658e-05
378723744;LD1;0.000209527931712514
378723753;LD1;1.21976040397479e-05
378723756;LD1;0.000551792356987623
378723787;LD1;6.53106286584546e-06
411982463;LD1;0.00076134652501915
411982465;LD1;2.45838363168218e-05
411982496;LD1;5.68672948687983e-07
411982519;LD1;0.000763569727666674
411982522;LD1;3.11002988063783e-05
411982525;LD1;0.000150740357525308
411982534;LD1;0.000342546927190338
411982540;LD1;9.38143281910458e-07
411982543;LD1;0.000345080209455706
411982578;LD1;0.000348139102823053
411982584;LD1;1.80476596420551e-05
411982592;LD1;0.000277259912440378
416007397;LD1;0.000207593493733134
416007403;LD1;0.000302454631301165
416007413;LD1;4.95298329813316e-06
416007443;LD1;0.00112277393399213
416007504;LD1;0.000929277272208832
416007512;LD1;3.69271119490148e-07
418720651;LD1;8.40529737811947e-05
418720664;LD1;0.000114788844439125
418720700;LD1;0.00011636809622484
421368377;LD1;1.29625590629658e-05
421368392;LD1;0.000189808372070434
421368423;LD1;9.3052582819642e-08
435672564;LD1;3.48137541572438e-06
435672610;LD1;0.000467356745426057
435672636;LD1;2.26491596060584e-05
435672666;LD1;7.35148163680894e-06
441192902;LD1;4.78533174393737e-05
441192936;LD1;5.88440018535664e-05
441192957;LD1;9.55007857395608e-06
441192972;LD1;6.21552652951387e-06
441192998;LD1;2.29800836358693e-05
443043587;LD1;3.61696066557895e-05
443043617;LD1;9.92654019193335e-05
443043628;LD1;0.00109961080105236
443043689;LD1;8.16964448024353e-06
446474362;LD1;3.9741511416749e-05
446474403;LD1;7.22868102289278e-05
446474415;LD1;0.000122223679669617
446474424;LD1;7.21906097837658e-08
446474427;LD1;0.000185903072443523
446474458;LD1;0.000405407774873953
472571087;LD1;4.52848036642634e-08
472571133;LD1;2.76298055167784e-06
472571189;LD1;1.15033461787116e-05
473262909;LD1;4.16784044940701e-05
473262916;LD1;1.21679691577938e-05
473568347;LD1;4.99611701634599e-05
473568357;LD1;4.26917287710319e-06
473568367;LD1;0.000117742255463542
473568377;LD1;9.25005629287726e-05
473568407;LD1;1.00993760520263e-06
473568412;LD1;5.91250805253018e-05
473568431;LD1;2.88734139802294e-05
473568443;LD1;1.74961976477072e-05
473568464;LD1;2.45510859952793e-05
473568473;LD1;3.10219475813487e-06
488229195;LD1;2.16953969852526e-05
488229201;LD1;3.33072231434149e-05
488229219;LD1;0.000145817194643708
488229234;LD1;9.77880775945669e-05
488229242;LD1;6.91991647017832e-05
488229263;LD1;5.67783800537772e-06
488229266;LD1;4.24737829090761e-06
488229297;LD1;0.000174964260044026
491648073;LD1;6.4253929932769e-05
491648103;LD1;7.94700338359341e-07
491648114;LD1;3.51649605725985e-05
491648139;LD1;2.08035548644955e-06
491648175;LD1;1.40333183911368e-06
507157499;LD1;0.000446735128003922
513247579;LD1;4.20263991830932e-06
513247637;LD1;0.000231652697543697
513247651;LD1;1.75059386976658e-05
513313714;LD1;5.83545891587958e-09
513313734;LD1;7.33674285664046e-06
513313769;LD1;7.8343644882463e-07
513313796;LD1;1.16356996617574e-05
513313799;LD1;6.25417822692245e-06
4124587;LD1;3.37072206215636e-06
4124617;LD1;6.54889253556133e-07
4124626;LD1;7.99082954445126e-07
4124643;LD1;5.36464620533094e-10
4124689;LD1;2.66617024148948e-07
7890835;LD1;0.00015202719396054
7890843;LD1;2.91198431466338e-07
7890850;LD1;0.000467005767686516
7890858;LD1;0.000475109897220193
7890870;LD1;0.000119678440019381
7890879;LD1;8.37059176560275e-05
7890882;LD1;0.000784232012908143
7890913;LD1;3.97033285154438e-08
10272950;LD1;6.41653037293076e-05
10272980;LD1;7.31020955756229e-06
10272989;LD1;9.54477948431897e-06
10273052;LD1;3.58348296144182e-05
26216911;LD1;2.71479006486109e-06
26216919;LD1;1.70296457496778e-06
26216927;LD1;1.35080039975263e-05
26216947;LD1;2.80893681366448e-06
26216977;LD1;2.68981474414464e-05
26217008;LD1;7.20067551093963e-06
28837890;LD1;7.31139686471286e-06
28837900;LD1;1.27294943344902e-05
28837918;LD1;1.18222296108717e-05
28837924;LD1;9.70427358459955e-05
28837926;LD1;6.30614918796909e-07
28837928;LD1;1.88953170650336e-05
28837940;LD1;0.000300360508007439
28837965;LD1;5.30036846715155e-06
28837997;LD1;1.86875126740241e-06
28838000;LD1;3.6496324745536e-08
28838008;LD1;4.3377479741089e-06
36776367;LD1;2.73737749952439e-07
36776398;LD1;3.08944798966433e-07
36776401;LD1;1.0252218717088e-07
36776410;LD1;3.41123339677283e-06
36776422;LD1;9.84753952631647e-07
36776430;LD1;3.15140973025575e-06
36776437;LD1;7.19174053426515e-07
36776445;LD1;4.14816898899601e-06
37568440;LD1;6.85538095341711e-07
37568448;LD1;1.4853236085564e-06
37568455;LD1;1.00000998238619e-05
37568463;LD1;8.44166405558702e-06
37568475;LD1;1.24908872788518e-06
37568484;LD1;5.32172694744795e-06
37568487;LD1;7.77825137894486e-06
37568518;LD1;9.67928887750587e-06
48075404;LD1;7.68902422115167e-06
48075412;LD1;6.78072901062851e-05
48075419;LD1;5.80565119168474e-05
48075427;LD1;7.3571964585307e-06
48075439;LD1;0.000640552465504206
48075448;LD1;1.24253648408438e-05
50269486;LD1;1.03016803487347e-05
50269504;LD1;3.7048093995325e-08
50269550;LD1;2.79082833676911e-05
65428622;LD1;5.42021808172481e-07
65428670;LD1;2.15310220217389e-06
65428685;LD1;1.42853432524941e-07
75547204;LD1;3.63456063604745e-06
75547273;LD1;0.000175044154968468
97368440;LD1;2.3284665121174e-05
97368448;LD1;5.46740987966461e-06
97368455;LD1;1.35831485021468e-06
97368463;LD1;2.63198160842932e-05
97368475;LD1;1.93102871705728e-06
97368484;LD1;1.01432642809848e-05
97368518;LD1;1.23869882945144e-06
103641960;LD1;4.84783819902258e-06
103641994;LD1;3.71556554885995e-06
103642003;LD1;1.59046631066354e-07
103642015;LD1;2.34551331593675e-05
103642023;LD1;4.06189397906205e-09
103642030;LD1;1.89602878371518e-06
103642038;LD1;1.03514083323698e-05
114890694;LD1;1.21580981305121e-06
114890725;LD1;2.60806315243691e-05
114890728;LD1;1.97931516708213e-06
114890749;LD1;7.16696784117269e-05
114890757;LD1;2.92732101736526e-06
114890764;LD1;4.18708619585889e-07
114890790;LD1;3.93794636380152e-05
117574213;LD1;1.95196411839544e-08
117574233;LD1;4.02244335156783e-05
117574236;LD1;2.42880840104999e-05
117574240;LD1;6.35512447758165e-07
117574250;LD1;0.000120878281696862
117574258;LD1;1.3231244644758e-06
117574291;LD1;1.05131231588161e-05
117574305;LD1;0.000254386419221673
117574328;LD1;0.000112818993902894
117776106;LD1;0.000124085197363252
117776112;LD1;7.28503752515384e-05
117776134;LD1;0.000142371695431237
117776149;LD1;7.71826510606673e-05
117776161;LD1;2.4673731647958e-07
117776168;LD1;1.68032997679803e-05
117776175;LD1;4.08856031466205e-07
117776178;LD1;6.25993627772593e-05
117776180;LD1;5.77385443523906e-06
117776182;LD1;0.000290133033138903
117776208;LD1;6.17397343681949e-10
117776215;LD1;3.53529032507369e-05
117776219;LD1;4.65882768144812e-07
118237461;LD1;1.22719102555924e-05
118237469;LD1;1.2107496543225e-05
118237477;LD1;8.78298611620522e-06
118237493;LD1;1.93234326947404e-06
118237519;LD1;6.68574427139849e-06
118237558;LD1;7.34406127808693e-08
137058176;LD1;3.81730674677289e-07
137058222;LD1;3.02546057465762e-07
137058237;LD1;1.14057075242947e-05
137058248;LD1;1.18772113440467e-05
137058278;LD1;0.000585906130740028
137406220;LD1;6.9551845949001e-07
137406246;LD1;0.000163827366890265
137406253;LD1;8.83258540873494e-05
137406261;LD1;7.45709961334537e-05
137406282;LD1;4.16457324504913e-05
137406285;LD1;6.91149165556469e-05
137406316;LD1;0.00641517607361726
145563019;LD1;1.02902861637518e-06
145563049;LD1;4.22711180125882e-08
145563121;LD1;4.32254941972109e-07
163078260;LD1;7.35109309550585e-06
163078290;LD1;2.17250075142353e-05
163078299;LD1;0.000176848388177685
163078362;LD1;8.10195952040952e-05
163517615;LD1;3.3529578767805e-05
163517641;LD1;9.66214170968785e-06
163517677;LD1;8.10967786545248e-06
163517711;LD1;1.26879579963264e-08
164786442;LD1;5.21528707708231e-05
164786474;LD1;8.33815735603181e-05
164786480;LD1;2.58850258141434e-05
164786544;LD1;1.07165951618385e-05
168926506;LD1;1.49050628228924e-05
168926513;LD1;0.000216334133008023
168926533;LD1;6.85698010730028e-07
168926542;LD1;7.0311166641694e-05
168926576;LD1;3.41318041935601e-08
178314993;LD1;1.64806460878914e-05
178315004;LD1;2.09893078701475e-05
178315019;LD1;4.61262417759424e-05
178315065;LD1;7.4049859029777e-05
181741851;LD1;1.30994247866876e-07
181741869;LD1;7.29805941726913e-07
181741877;LD1;2.45623790322974e-07
181741892;LD1;8.04010936993512e-06
181741913;LD1;2.32437211266164e-05
181741916;LD1;1.00234043491213e-06
181741947;LD1;1.70650111189678e-06
183816307;LD1;0.000671003176260055
183816323;LD1;1.80167556008939e-08
183816395;LD1;7.68664027697001e-07
183816404;LD1;3.320118186451e-07
183921265;LD1;2.23571571669798e-05
183921326;LD1;0.000192250899635885
183921337;LD1;3.814428916769e-05
183921367;LD1;1.02052739544518e-06
184321706;LD1;4.00040542833218e-05
184321742;LD1;2.86363330476711e-05
184321755;LD1;9.85463931752014e-06
184321796;LD1;4.36409068609877e-06
186276294;LD1;3.81309578042771e-06
186276325;LD1;1.89295680790734e-06
186276328;LD1;7.98907513577071e-06
186276337;LD1;1.15134019523407e-05
186276364;LD1;1.72309865561573e-05
186276372;LD1;4.43379591073973e-05
186276390;LD1;0.00215042606808348
188574960;LD1;3.30419814167088e-05
188575001;LD1;9.57568163381709e-05
188575016;LD1;0.000100650523783814
209460703;LD1;0.00296759704892258
218284396;LD1;5.47346801598722e-08
218284504;LD1;6.56859674239438e-06
236384374;LD1;3.93653623059905e-06
237419660;LD1;4.5990246535336e-07
237419702;LD1;1.61988487902608e-05
237419711;LD1;1.81892537016192e-06
237419767;LD1;0.000337514244342371
237419777;LD1;0.00173957583506177
238015964;LD1;1.70129446291608e-05
238015994;LD1;0.000153438518826061
238016005;LD1;6.64999187417101e-06
238016020;LD1;2.5739316307344e-06
238256782;LD1;3.1488821873507e-05
238256785;LD1;1.79899392810297e-05
238256807;LD1;3.34798765250863e-07
238256815;LD1;8.17339541995377e-06
238256825;LD1;2.03950595484049e-07
238256831;LD1;9.766506231211e-08
238256842;LD1;1.9779836957917e-05
238256861;LD1;2.92391177245031e-07
238256876;LD1;8.06926166116476e-06
238256879;LD1;2.36297771243086e-05
238256890;LD1;3.57851951448617e-08
238340984;LD1;0.000518325963323199
238341014;LD1;9.72652942766395e-08
238341025;LD1;2.21710396809313e-08
238341040;LD1;3.93948805875385e-06
238341086;LD1;1.55505534585894e-07
239687679;LD1;8.50652933318433e-07
239687709;LD1;1.86643915524663e-07
239687720;LD1;2.43560976520913e-07
239687735;LD1;2.35246239637127e-06
239687781;LD1;5.15843274640573e-06
245379471;LD1;2.3818277539505e-07
245379540;LD1;0.00035938625559523
245379543;LD1;7.03216387618486e-05
247457419;LD1;2.85333696709016e-05
247457428;LD1;3.43588236836447e-06
247457448;LD1;6.18657501135086e-05
250291204;LD1;3.35365550002912e-05
250291235;LD1;5.91153721775216e-06
250291238;LD1;2.55449245356319e-05
250291259;LD1;2.09414496428726e-05
250291274;LD1;8.04974128340692e-05
250291282;LD1;2.69348635719127e-05
250291300;LD1;3.56857876740454e-05
266835755;LD1;0.000179201106063098
266835786;LD1;0.000705372948221506
266835789;LD1;6.04086510671904e-06
266835810;LD1;2.97786295883468e-05
266835818;LD1;3.58073547264274e-05
266835825;LD1;0.000151412660216828
266835833;LD1;0.000107144666223122
272138924;LD1;3.80074394537851e-05
272138970;LD1;6.47860926298436e-06
272138985;LD1;9.4927657101524e-08
272138996;LD1;3.10268446300373e-06
272139026;LD1;7.22942103934913e-05
274368094;LD1;1.05152259870792e-06
274368102;LD1;1.08832299396955e-06
274368109;LD1;2.35460436181372e-06
274368117;LD1;5.14758789598392e-06
274368129;LD1;9.24519943034899e-06
274368138;LD1;3.63738470907812e-07
274368141;LD1;3.78825172731369e-05
274368172;LD1;4.41065339197125e-06
276746639;LD1;3.47200372676261e-07
276746685;LD1;2.69140150493226e-05
276746711;LD1;4.08170126165738e-07
276746741;LD1;0.000727637356729745
278492968;LD1;3.54692870142548e-06
278492975;LD1;6.00451698711706e-06
278492981;LD1;8.25804632672823e-06
278493017;LD1;4.24663365894556e-05
282668146;LD1;7.02377852517546e-06
282668176;LD1;1.04568268688551e-08
282668187;LD1;4.89252554206029e-05
282668202;LD1;6.25257459092639e-06
282668248;LD1;4.34398562845176e-05
284049813;LD1;0.00344626037734629
284049824;LD1;2.30585781479004e-05
284049839;LD1;6.563648850487e-07
284049885;LD1;0.000109173421195149
289269536;LD1;2.50393892710313e-10
289269554;LD1;2.33536318182808e-05
289269562;LD1;0.00101749035415367
289269569;LD1;9.76600993959439e-06
289269577;LD1;0.000114901263539928
289269598;LD1;1.99188666762427e-05
289269601;LD1;1.45342240994847e-06
289269632;LD1;5.33350654266749e-05
296937769;LD1;1.58589856187493e-05
296937799;LD1;4.3258620501413e-05
296937805;LD1;0.00105684255710774
296937808;LD1;2.56110830960207e-06
296937825;LD1;6.33872382345598e-06
296937871;LD1;8.53777582584913e-07
300613148;LD1;0.00105816856781269
300613156;LD1;0.00029694239663391
300613163;LD1;4.47220785393265e-06
300613171;LD1;0.000195071914331734
300613183;LD1;6.4665075766224e-06
300613192;LD1;0.000761724076548843
300613195;LD1;8.44575503035611e-05
300613226;LD1;5.97088269872193e-06
305394232;LD1;4.97713193420475e-07
305394278;LD1;1.53707874501686e-05
305394293;LD1;1.76078774277223e-07
305394304;LD1;1.99991361207161e-05
305394334;LD1;0.000139016333379847
322380543;LD1;4.48983659807223e-07
322380551;LD1;1.63508255813672e-08
322380558;LD1;3.5625987004569e-05
322380566;LD1;7.58851398355057e-05
322380578;LD1;5.7521253889569e-06
322380587;LD1;4.81296894359556e-05
322380590;LD1;2.6465310437172e-05
322380621;LD1;2.80104496803504e-07
327141785;LD1;5.21332680444279e-07
327141800;LD1;3.21772002299447e-06
327141811;LD1;9.00518744390696e-07
327141841;LD1;4.95969129402382e-06
329249004;LD1;7.44599929001484e-07
329249050;LD1;1.0119691412087e-05
329249067;LD1;0.000204769206742433
329249076;LD1;4.17680978840517e-06
329249106;LD1;1.16066993795134e-06
335527973;LD1;0.00550025768497034
335528003;LD1;0.00016693309809449
335528014;LD1;0.000780032984889878
335528029;LD1;6.19961298721521e-06
336237632;LD1;0.000168625296053072
336237727;LD1;2.99672205790037e-05
341151140;LD1;5.3038739777343e-05
341151144;LD1;0.000160698892363001
341151173;LD1;9.07505172691224e-09
341151180;LD1;9.39579043595502e-07
341151250;LD1;1.63789397785456e-05
342795034;LD1;7.20028316571014e-06
342795059;LD1;3.52683693139967e-08
342795065;LD1;1.28348291055304e-08
342795077;LD1;8.46785392580018e-07
342795080;LD1;7.57915242507108e-07
342795087;LD1;4.69036013283849e-08
342795101;LD1;2.04594581966648e-08
342795110;LD1;1.19864049972056e-09
342795130;LD1;1.29460320647443e-08
344997274;LD1;0.000105725439454167
344997304;LD1;8.53769560295307e-06
344997313;LD1;0.00053813178555412
344997330;LD1;4.88403594589838e-06
344997376;LD1;5.99671992565329e-06
358817016;LD1;4.62621918825243e-07
358817023;LD1;7.05218031758856e-07
358817031;LD1;9.42418576665938e-07
358817043;LD1;2.55295568916646e-06
358817052;LD1;3.34406167992496e-08
358817055;LD1;6.54656388689824e-06
358817086;LD1;4.76692371585483e-07
359511975;LD1;0.000165473931523141
359512021;LD1;9.17118963026714e-07
359512038;LD1;0.00141854509532789
359512047;LD1;5.92147011168103e-07
359512077;LD1;0.000374446138000315
359512083;LD1;9.33423038569332e-08
359512209;LD1;7.21140564385683e-07
359512217;LD1;1.29741667683965e-06
359512224;LD1;9.71713868248878e-07
359512232;LD1;4.22027511262472e-05
359512244;LD1;0.000203582606533082
359512253;LD1;7.31645286623105e-06
359512256;LD1;8.37522907424803e-06
359512287;LD1;5.16886414623365e-06
364064194;LD1;2.26631175030946e-05
364064266;LD1;8.5238185443319e-06
364064296;LD1;6.11653590028293e-06
372727721;LD1;9.2375738308338e-09
372727793;LD1;5.36421372845384e-09
372727823;LD1;7.63928596021291e-06
373867247;LD1;6.01875391072709e-05
373867277;LD1;5.12554046998245e-08
373867286;LD1;0.00288663659143825
373867349;LD1;1.39023244079678e-06
376451860;LD1;0.00121171470524523
376451891;LD1;1.65556484062052e-07
376451894;LD1;1.99535447915613e-05
376451915;LD1;1.17064828825449e-06
376451923;LD1;0.000108412335532621
376451930;LD1;0.000121390370397224
376451938;LD1;4.67682450763783e-05
378297268;LD1;7.6608318504328e-06
378297340;LD1;2.62835464374848e-09
378821192;LD1;7.6260019285885e-05
378821222;LD1;0.00208407666504221
378821231;LD1;1.60665221901537e-05
378821248;LD1;3.3206175368693e-06
378821294;LD1;2.98953498487938e-05
386589487;LD1;0.00028327282627256
386589519;LD1;3.0926417366255e-06
386589522;LD1;2.23035397259036e-05
386589531;LD1;5.39294513818723e-07
386589543;LD1;1.06562143055842e-05
386589551;LD1;1.49870145078037e-05
386589558;LD1;1.16732316907277e-05
386589566;LD1;0.000848313800271049
392080322;LD1;4.45502571696621e-05
392080368;LD1;4.46646867522614e-08
392080383;LD1;8.77356948738652e-05
392080430;LD1;2.17730687412609e-06
392561168;LD1;2.1113840454119e-07
392561202;LD1;1.98508942476077e-09
392561223;LD1;1.29881999247182e-08
392561238;LD1;2.71121172974285e-06
392561264;LD1;1.20572125887545e-06
393949622;LD1;5.21798312881838e-07
393949694;LD1;7.44091379561448e-07
393949724;LD1;2.75438979204047e-09
402792801;LD1;4.11168760011826e-05
402792873;LD1;4.74376307036296e-06
402792903;LD1;2.96249043037345e-06
405331845;LD1;0.000646673468431932
405331908;LD1;2.19552676485913e-06
405331917;LD1;0.000118069244472964
405331947;LD1;4.09892154162193e-05
407248400;LD1;1.79224220302139e-06
407248430;LD1;9.866210804797e-09
407248441;LD1;4.00735133033146e-06
407248456;LD1;4.39798319790006e-05
407248502;LD1;1.93204469582992e-05
413525584;LD1;3.58321612072712e-07
413525614;LD1;0.000246951895223
413525617;LD1;2.91714746185882e-06
413525626;LD1;3.05502290375491e-08
413525638;LD1;3.65601717186093e-06
413525646;LD1;0.000126752572069835
413525653;LD1;5.89762529925377e-06
413525661;LD1;1.73257053592819e-09
413555986;LD1;5.96231066909073e-07
413555992;LD1;8.99700416612794e-06
413556012;LD1;2.9761684031363e-06
413556058;LD1;5.48842760180548e-08
413691294;LD1;9.94514536004699e-06
413691307;LD1;1.78725480040386e-06
413691315;LD1;7.35001946735306e-06
413691322;LD1;3.90813348605173e-06
413691330;LD1;1.01012883453587e-05
413691342;LD1;1.46168085226308e-06
413691351;LD1;1.66635211146286e-06
413691354;LD1;5.39729894777968e-07
413691385;LD1;2.76988898503764e-06
420798000;LD1;2.639270585083e-06
420798046;LD1;2.18646430993856e-07
420798072;LD1;0.00102010869782364
420798102;LD1;1.38955869661342e-05
422582436;LD1;1.12512917399213e-06
422582497;LD1;0.000566851185492904
422582508;LD1;5.71211693047429e-06
422582538;LD1;5.59233092220023e-06
423443469;LD1;4.79881833341322e-06
423449511;LD1;1.48301649474118e-06
423449529;LD1;2.25334447551328e-05
423449548;LD1;1.14464582933038e-08
423449919;LD1;1.85217165649127e-06
423449997;LD1;6.62634655307779e-05
423454400;LD1;0.000465107502199833
423454444;LD1;2.90222400175492e-05
423454463;LD1;1.0777616207519e-05
423454512;LD1;8.38854819884919e-06
423621343;LD1;9.58762284930906e-05
423621389;LD1;4.60996073842473e-06
423621445;LD1;2.89225174075754e-05
430121777;LD1;0.000263186349148467
430121812;LD1;5.19237394605272e-06
430121825;LD1;5.49212733085146e-07
430121880;LD1;3.72339294813329e-05
430121882;LD1;1.43978773364976e-08
430121893;LD1;0.000180705439965617
437292605;LD1;1.6112814094348e-06
437292635;LD1;7.58572155875103e-07
437292661;LD1;1.38866943647511e-07
437292707;LD1;3.99859049893318e-07
449729249;LD1;2.88219345556993e-05
449729267;LD1;0.000873032931193642
449729296;LD1;1.59090631701129e-05
449729357;LD1;1.98129765308442e-05
451512345;LD1;2.01717364188864e-05
451512379;LD1;1.31225405632954e-05
451512388;LD1;0.000910846196665335
451512400;LD1;5.15475629929068e-05
451512415;LD1;3.85170723623305e-06
451512423;LD1;4.20989043583017e-07
455397551;LD1;1.32446187695711e-05
455397582;LD1;0.000301498192656291
455397585;LD1;6.45665603673589e-07
455397614;LD1;2.22743103680865e-06
455397621;LD1;3.30528554466599e-05
455397629;LD1;2.5055684075012e-05
460659192;LD1;6.57890235649092e-05
460659211;LD1;2.67268547283197e-05
460659583;LD1;2.79444632759996e-06
460659661;LD1;4.00485236912056e-05
460667585;LD1;1.8008133994958e-07
460667608;LD1;4.33210747158493e-05
460667619;LD1;2.28356026444177e-05
460667669;LD1;7.44467674898414e-05
460667679;LD1;2.34030421747801e-05
460667703;LD1;0.000171262258207106
460674066;LD1;1.39932156072421e-05
460674114;LD1;7.22952783092937e-06
460674122;LD1;1.04278404936272e-07
460674200;LD1;4.04608391523013e-06
460674571;LD1;1.35398324272013e-06
460674590;LD1;4.10807621608229e-06
924700;LD1;6.37504818476797e-07
924730;LD1;3.20609143165304e-05
924802;LD1;1.01620082063377e-06
2742465;LD1;8.82682372822617e-05
2742526;LD1;0.00032317111113303
2742537;LD1;2.77128448024847e-05
2742567;LD1;0.00340142690310374
13292078;LD1;1.08907067951045e-05
13292124;LD1;5.29398382259564e-08
13292139;LD1;0.000422439316962151
13292150;LD1;3.77742649556414e-05
13292180;LD1;0.00031092725206472
17470896;LD1;4.91217000600036e-05
17470957;LD1;0.00338620438832951
17471004;LD1;0.000675136026945034
22013689;LD1;1.96694723021317e-05
22013720;LD1;1.46633168978236e-07
22013723;LD1;2.07508870971855e-05
22013732;LD1;4.9236550876987e-06
22013744;LD1;4.44524040708711e-06
22013752;LD1;1.6993101783144e-06
22013759;LD1;2.182163921311e-05
22013767;LD1;5.90241128385358e-06
22013785;LD1;2.19514646021425e-06
23708445;LD1;0.000173690253885536
23708471;LD1;1.47212782542332e-06
23708486;LD1;2.1668826972083e-05
23708507;LD1;7.79531461784047e-06
23708541;LD1;0.0005080929524293
49112470;LD1;0.00032481791726641
49112516;LD1;0.000241755323696491
49112542;LD1;7.50136895473492e-05
49112572;LD1;2.12190333389548e-06
51226138;LD1;6.76117011577182e-09
51226147;LD1;3.11452995863147e-05
51226156;LD1;1.0371474041896e-06
51226158;LD1;0.000373871497496857
51226165;LD1;1.70089065503512e-06
51226172;LD1;0.000269133472620002
51226178;LD1;0.000401162864849147
51226189;LD1;8.54359116250987e-07
51226198;LD1;0.000465312043445956
51226208;LD1;2.41610143023813e-07
51226219;LD1;1.03817392648399e-06
51226225;LD1;0.000186992664492837
51226241;LD1;1.48068986312403e-07
51226244;LD1;5.21375638539946e-07
51226249;LD1;2.05287025101052e-05
51226261;LD1;0
51226264;LD1;2.8070737421615e-05
80224974;LD1;0.000149738651231679
80225004;LD1;7.01436608678485e-05
80225015;LD1;4.06254668507514e-05
80225030;LD1;3.4141984824999e-05
81127976;LD1;1.74748885597877e-06
81127989;LD1;1.4269253262881e-05
81128030;LD1;5.62848874915798e-07
95324424;LD1;1.90266707065933e-05
95324434;LD1;1.65295425875942e-05
95324490;LD1;2.61460134610234e-08
95324499;LD1;2.39446408210032e-05
95324541;LD1;1.04158124243535e-05
98497112;LD1;0.000240439040079596
98497153;LD1;0.000276294910562691
100164059;LD1;1.09240356481315e-05
100164069;LD1;0.00155841796976719
100164125;LD1;0.000510438718256811
100164134;LD1;2.11254751955186e-05
100164176;LD1;3.15179861559689e-06
121971156;LD1;0.000262660026203909
121971186;LD1;0.00046718491208335
121971197;LD1;0.00036574573545603
121971258;LD1;0.00011549197246415
158276687;LD1;4.42963792802041e-06
158276713;LD1;4.28230631941308e-05
158276720;LD1;6.54443603154592e-05
158276728;LD1;0.000124674913403188
158276749;LD1;1.95631187526799e-05
158276752;LD1;5.18398617830157e-08
158276784;LD1;9.30979509703253e-06
170723896;LD1;1.74994369602237e-05
170723919;LD1;0.000253513374311498
170723938;LD1;0.000195791331634838
170723960;LD1;0.000762446412715246
170723966;LD1;0.000137302977767361
170723981;LD1;0.000114181344064768
170723998;LD1;0.00035181895557074
187776570;LD1;1.20116848002909e-08
187776601;LD1;4.25347235446821e-05
187776604;LD1;2.00915738995414e-06
187776613;LD1;1.33683813855271e-06
187776625;LD1;1.49202194380783e-05
187776633;LD1;5.90606445599093e-05
187776640;LD1;3.04550092476204e-05
187776648;LD1;8.87193345287975e-07
187776664;LD1;7.39937803703067e-05
194194778;LD1;1.54176329387403e-05
194194787;LD1;7.81305385132211e-05
194194843;LD1;2.90095160952849e-06
202502076;LD1;4.16133889470036e-05
202502084;LD1;9.19682748854815e-05
202502091;LD1;2.51140367046852e-05
202502099;LD1;5.60997525064487e-05
202502120;LD1;1.17810014812397e-05
202502123;LD1;5.4519447878754e-05
202502154;LD1;7.09602316286491e-07
230721226;LD1;2.54385164072968e-05
230721257;LD1;0.00126467230202286
230721260;LD1;4.48549042462338e-08
230721281;LD1;4.42784089503992e-05
230721289;LD1;3.21494385719572e-05
230721304;LD1;4.1965856878437e-06
230721322;LD1;3.12343273420889e-06
253194395;LD1;0.00194316393510138
253194425;LD1;6.60377283249342e-07
253194436;LD1;2.06802722563472e-05
253194439;LD1;0.000158201335021858
253194451;LD1;1.39814120774449e-06
253194497;LD1;2.48017388302128e-05
258104626;LD1;0.00095307728204098
258104686;LD1;3.52100368025828e-09
258758801;LD1;0.000119954525525852
258758818;LD1;2.01748869778923e-09
258758831;LD1;5.97687551567218e-05
258758834;LD1;1.8421991200752e-05
258758903;LD1;3.52050593978514e-05
268804493;LD1;3.22371665384795e-05
268804523;LD1;2.15106227623376e-05
268804549;LD1;1.32681158471644e-06
268804595;LD1;2.2923769214053e-06
272209186;LD1;1.0233508144855e-05
272209216;LD1;0.000282930945577154
272209219;LD1;3.45521990108505e-05
272209240;LD1;6.35786022566009e-06
272209248;LD1;8.3592714865409e-06
272209255;LD1;9.55160490649069e-05
272209263;LD1;2.08806356748521e-07
272209281;LD1;0.000166461679108295
274762416;LD1;3.50554443791453e-05
274762471;LD1;1.05480936570593e-07
274762486;LD1;1.07704792377861e-05
274762494;LD1;9.21853878464326e-07
292428423;LD1;1.43961315163672e-05
292428469;LD1;0.000725383827917756
292428484;LD1;4.17055151486433e-05
292428495;LD1;2.11008739508796e-07
292428525;LD1;2.33263720763644e-06
296883347;LD1;6.70343996690186e-05
296883365;LD1;2.234757657963e-07
296883373;LD1;3.66713375237321e-05
296883380;LD1;2.73017963316267e-05
296883388;LD1;7.13427395891764e-06
296883409;LD1;2.26391579769378e-06
296883412;LD1;6.72932826292487e-07
296883442;LD1;2.53055349002654e-08
306046794;LD1;1.43268109324933e-05
306046855;LD1;0.00247296296245746
306046866;LD1;3.33964718026616e-07
306046896;LD1;2.53763503336285e-05
313711366;LD1;3.97121818737788e-10
313711369;LD1;1.67091086323155e-05
319517979;LD1;0.000339225260370147
319518009;LD1;1.73484210228913e-05
319518020;LD1;3.98118094148784e-07
319518035;LD1;5.72893646806224e-08
319518081;LD1;0.000187387093056715
343242262;LD1;0.000764629370270324
343242303;LD1;1.37677535637948e-07
343242318;LD1;1.90904181565263e-05
343242364;LD1;3.69143189363889e-06
347720916;LD1;1.1622781508972e-06
347720934;LD1;1.08716362958585e-06
347720942;LD1;2.63768740784416e-05
347720949;LD1;0.00016103467566614
347720957;LD1;3.1155582866152e-06
347720969;LD1;2.44925236811042e-06
347720978;LD1;8.58881658740733e-09
347720981;LD1;1.27944990842417e-08
347721012;LD1;4.48260004378598e-05
347728032;LD1;3.65772888919498e-06
347728050;LD1;1.36751281004769e-05
347728058;LD1;2.04968955894023e-05
347728065;LD1;0.000130970883978957
347728073;LD1;5.24902707350923e-06
347728085;LD1;9.87963038698122e-06
347728094;LD1;1.56492747681576e-05
347728097;LD1;2.54270844798869e-05
347728128;LD1;1.75501655448619e-05
350052653;LD1;4.31770700254577e-05
350052662;LD1;3.74221526000348e-05
350052683;LD1;0.000212711842233466
350052714;LD1;0.000193200703492253
350052749;LD1;0.000260355562419827
350052759;LD1;4.63165254949895e-06
350052769;LD1;7.3076143119868e-08
350052779;LD1;3.3124048177181e-05
353606473;LD1;8.78466237431613e-06
353606534;LD1;1.13353181514972e-05
353606545;LD1;5.17431886277512e-06
353606575;LD1;7.04882453272906e-06
7604120;LD1;2.43784906182722e-06
7604131;LD1;3.48926224645266e-07
7604146;LD1;3.57806291927552e-06
7604192;LD1;5.32424075250529e-05
7604203;LD1;0.000108678323906249
8484700;LD1;1.43681159592603e-07
8484763;LD1;0.000899828735462171
8484772;LD1;6.43775783432669e-06
13379127;LD1;8.00091758850271e-07
13379135;LD1;1.48680321303725e-06
13379142;LD1;1.13688615930625e-05
13379150;LD1;6.34479035719011e-06
13379162;LD1;2.17233667998416e-06
13379171;LD1;2.17083605570751e-06
13379174;LD1;4.28920784933241e-06
13379205;LD1;1.03205677097131e-05
22765798;LD1;6.56414840020199e-06
22765829;LD1;1.82362855424614e-06
22765832;LD1;9.4902869802663e-07
22765841;LD1;2.03039456190301e-08
22765853;LD1;2.58769703436496e-05
22765861;LD1;4.53555194353319e-05
22765868;LD1;2.46602021960798e-08
22765876;LD1;1.3371559452592e-05
25128348;LD1;2.29982361259011e-05
25128378;LD1;5.28619439660449e-09
25128387;LD1;1.72649553146734e-06
25128404;LD1;3.83863015973638e-07
25128450;LD1;2.80488835616527e-07
31373840;LD1;0.000619453396720149
31373886;LD1;1.85768602808158e-06
31373901;LD1;4.82133088695113e-06
31373912;LD1;6.44350463465034e-05
32793199;LD1;4.23805574250604e-05
32793211;LD1;3.68971513940228e-07
32793221;LD1;3.92012676837093e-05
37206227;LD1;5.645359636875e-05
37206255;LD1;5.33137451878344e-05
37206286;LD1;1.18038830001228e-05
37206289;LD1;3.01699114454577e-05
37206298;LD1;6.02020174842529e-07
37206310;LD1;3.2697494913674e-05
37206318;LD1;1.2789835714639e-06
37206325;LD1;1.46677599477867e-06
37206333;LD1;4.40460434378144e-06
37757881;LD1;1.37185256942462e-06
37757911;LD1;3.30240762977873e-06
37757922;LD1;7.33692303650277e-05
37757983;LD1;7.12338804330327e-05
40403677;LD1;4.49760571207414e-06
40403740;LD1;0.00012760206239943
40403749;LD1;4.83762339334187e-07
40403779;LD1;8.27403422729118e-06
45074734;LD1;9.06140682963634e-07
45074749;LD1;1.32184652239802e-05
45074769;LD1;7.33803526201803e-06
45074778;LD1;1.06505824504973e-06
45074781;LD1;8.12274020375059e-07
45074812;LD1;1.15058832130828e-05
47243542;LD1;2.11886241639229e-06
47243557;LD1;2.04463548066054e-05
47243569;LD1;1.42557587247786e-05
47243578;LD1;3.91320383339172e-06
47243581;LD1;4.54799871368574e-06
48852572;LD1;4.54143686384698e-07
48852618;LD1;3.07597185809586e-07
48852635;LD1;4.15794349352361e-06
48852674;LD1;0.00124012124687752
49772534;LD1;2.44889861379167e-07
49772541;LD1;0.000380121543982011
49772565;LD1;0.00033009482340084
49772577;LD1;0.00119256641046931
49772589;LD1;5.26954676924799e-06
49772597;LD1;0.000810908977568073
60764426;LD1;0.00010077774673982
60764480;LD1;0.000343102648244146
65243175;LD1;1.10396104789603e-05
65243193;LD1;6.45668359354692e-06
65243208;LD1;1.26511726679396e-06
65243216;LD1;1.24618628445451e-05
65243237;LD1;0.000441217859909463
65243240;LD1;1.35765482642917e-05
65243271;LD1;0.000138208322401714
74923784;LD1;0.000335682340360961
74923795;LD1;0.0001088392084966
74923833;LD1;4.62448367976406e-05
74923874;LD1;1.75570091164472e-08
76892522;LD1;0.00252347998390433
76892568;LD1;3.00118021493459e-05
76892594;LD1;3.91334137885823e-06
76892624;LD1;3.04600807506023e-05
78281354;LD1;0.0021078608670376
78281400;LD1;6.46937651801953e-09
78281417;LD1;0.000153385197209979
93720805;LD1;0.000144250759792974
93720835;LD1;5.60492297027961e-06
93720846;LD1;1.24592832797391e-06
93720861;LD1;0.00188039244038247
93720907;LD1;0.000101510215200151
111238737;LD1;1.05941382341997e-05
111238780;LD1;1.25976220433361e-06
111238783;LD1;8.11616872056545e-06
111238809;LD1;2.13079835533144e-06
111238839;LD1;1.79413568161177e-05
117379788;LD1;0.00058219433961225
117379819;LD1;0.000217994242694578
117379822;LD1;4.36965809137595e-05
117379843;LD1;3.12868063470198e-05
117379851;LD1;2.54452047968613e-07
117379858;LD1;0.000633488437942122
117379866;LD1;0.00017278734593252
117379884;LD1;5.18965237493369e-06
117514830;LD1;2.18335205742728e-06
117514876;LD1;1.29910345668832e-06
117514891;LD1;0.000824273483955616
117514902;LD1;0.000112222103922807
117514932;LD1;4.52138905919945e-05
117514953;LD1;1.00610259298131e-05
132482332;LD1;0.000924450318584164
132482353;LD1;9.104940037674e-06
132482383;LD1;1.16354636688078e-05
132482394;LD1;1.31096774513003e-07
132482409;LD1;3.29966753976169e-06
132482455;LD1;2.7971066399238e-07
132711425;LD1;2.02942453983224e-05
132711455;LD1;3.69888404521888e-05
132711466;LD1;6.26259999503371e-05
132711481;LD1;5.35555270711224e-05
132711527;LD1;0.00273190376683933
133310460;LD1;0.000650365984463738
133310520;LD1;0.000398010262935159
133643832;LD1;0.00481541936883009
133643862;LD1;0.000134264879391669
133643876;LD1;4.91272946188697e-10
133643888;LD1;8.58117898946823e-07
133643934;LD1;0.00462748124257593
134908694;LD1;1.18588861778842e-05
134908725;LD1;9.28100913128084e-08
134908728;LD1;7.93583780400854e-06
134908749;LD1;3.03698902927196e-05
134908757;LD1;1.25819792201823e-05
134908764;LD1;2.37880702118187e-05
134908772;LD1;2.74256128364556e-06
134908788;LD1;0.00047775644318075
134908790;LD1;0.000768360411949499
136014797;LD1;2.15518228173511e-05
136014839;LD1;0.000241556353081239
136014848;LD1;0.000201664753510204
136014904;LD1;8.18601928459635e-05
136014914;LD1;1.61617941658193e-05
139023770;LD1;1.65807762238727e-05
139023801;LD1;1.79024435772852e-05
139023804;LD1;0.00045237287065037
139023813;LD1;1.08844861023446e-05
139023840;LD1;4.85536083144667e-06
139023848;LD1;0.000125166192742224
139023866;LD1;0.0032346428572307
149109883;LD1;9.16847388751514e-06
149109929;LD1;8.77544127308304e-07
149109944;LD1;3.11532127163757e-05
156659141;LD1;0.000188438238828641
156659153;LD1;0.0117145972109722
156659187;LD1;0.000121720735746162
156659202;LD1;0.000996199230251255
156659213;LD1;7.50231042503136e-06
156659243;LD1;0.00036793508450336
157768238;LD1;0.000178871113707965
157768333;LD1;0.000340108390761029
160913794;LD1;1.09673338404915e-05
160913806;LD1;2.95351460809728e-07
160913824;LD1;0.000312485662901761
160913857;LD1;1.43489994567743e-06
160913859;LD1;8.49479549397859e-06
160913864;LD1;1.19569411935859e-05
162541707;LD1;7.02394329173458e-06
162541737;LD1;3.42923654921116e-05
162541746;LD1;0.00212745285068458
162541763;LD1;4.21231512081419e-06
162541799;LD1;0.00832871788821335
162541809;LD1;3.02146159842244e-05
165048047;LD1;5.47851398318807e-07
165048056;LD1;2.87143745439485e-06
165048093;LD1;0.000120553684554788
165048119;LD1;2.02371348356871e-07
165048149;LD1;3.54072698518182e-05
168263277;LD1;7.62271506732729e-06
168263308;LD1;4.15982229446526e-07
168263311;LD1;1.02489493241314e-08
168263320;LD1;1.88457831903185e-08
168263340;LD1;2.35414955124877e-06
168263347;LD1;3.85160093748644e-05
168263355;LD1;2.00049491020746e-06
174199153;LD1;1.77759970150469e-05
174199164;LD1;3.86768628649343e-05
174199166;LD1;6.47239516741639e-05
174199171;LD1;8.91488544303612e-06
174199188;LD1;0.000247220320364633
174199196;LD1;0.00422247017487225
174199242;LD1;0.00753962441989508
176143601;LD1;0.00529820371866984
176143619;LD1;7.87399364305988e-06
176143627;LD1;2.85066380180741e-05
176143634;LD1;4.73500625749155e-06
176143642;LD1;4.16140478197859e-05
176143654;LD1;1.07779582517356e-05
176143663;LD1;4.72936455098805e-06
176143666;LD1;2.16549985920594e-05
176143697;LD1;7.84641008082253e-07
181189089;LD1;7.34998211026424e-06
181189143;LD1;6.42314108082169e-07
181189150;LD1;2.49009286022299e-06
181189161;LD1;5.15905818613576e-05
181189191;LD1;3.60160029977262e-06
189654103;LD1;1.27081949162023e-05
189654134;LD1;0.000169791689423776
189654137;LD1;7.18605840509897e-06
189654158;LD1;1.4145995842201e-05
189654166;LD1;5.03492222718141e-05
189654173;LD1;4.00617363428175e-05
189654343;LD1;3.26548683462614e-05
189654415;LD1;6.43665720176111e-05
203717294;LD1;0.000445981884195227
203717341;LD1;1.25164743725409e-06
203717402;LD1;0.00305325166143271
214315941;LD1;3.03717438568682e-06
214315987;LD1;3.47405527709563e-09
214316004;LD1;4.71854725291801e-05
214316013;LD1;7.1690305281855e-08
214316038;LD1;4.34160222130482e-06
214316043;LD1;5.55097310368074e-09
216940489;LD1;3.56969984134914e-08
216940535;LD1;1.96285318921731e-08
216940552;LD1;1.23783598998584e-05
216940561;LD1;1.64803671533179e-06
216940591;LD1;1.75817476862295e-05
218941876;LD1;0.000664140645183761
218941922;LD1;7.87642884903734e-07
218941937;LD1;9.32927535707773e-07
218941948;LD1;0.00899168044921639
219080151;LD1;6.31265796410993e-08
219080166;LD1;8.54289567978707e-12
219080190;LD1;1.41948412730862e-07
219080196;LD1;2.7573867633449e-07
219080199;LD1;6.92555221053832e-06
219080207;LD1;0.0177288250962942
227173208;LD1;7.69925664393993e-06
227173238;LD1;6.20872301969112e-07
227173247;LD1;3.97608873294096e-06
227173264;LD1;6.22533392132968e-08
227173310;LD1;1.77015301063489e-05
259616148;LD1;0.000100557413384115
259616158;LD1;6.89183862982147e-05
259616214;LD1;1.77105583691968e-05
259616223;LD1;3.94983458421825e-05
259616265;LD1;4.32096595536276e-05
259624190;LD1;8.09703945173352e-05
259624200;LD1;5.1837096836669e-05
259624256;LD1;7.44936186795197e-07
259624265;LD1;3.89800665615077e-05
259624307;LD1;0.00020418500623457
259626750;LD1;0.000112509626937205
259626760;LD1;6.77706160972724e-05
259626816;LD1;3.55703582258781e-07
259626825;LD1;2.85592547768772e-05
259626867;LD1;0.000125910020801965
259629310;LD1;8.32188702701604e-05
259629320;LD1;6.87905367025901e-06
259629376;LD1;1.00262982603201e-05
259629385;LD1;4.32501255926076e-05
259629427;LD1;0.00015609471432998
264153947;LD1;5.22717198976661e-05
264153955;LD1;2.31887246907255e-07
264153962;LD1;3.26268455048769e-05
264153970;LD1;1.44142795154158e-06
264153982;LD1;7.02518152307697e-06
264153991;LD1;2.10235527163961e-07
264153994;LD1;4.38985780600768e-07
264154025;LD1;1.63355072217657e-08
273055863;LD1;2.10154447324974e-05
273055893;LD1;0.00713663382760106
273055896;LD1;6.94732244710167e-05
273055965;LD1;6.24086188152941e-05
275560499;LD1;3.82367118754933e-06
275560508;LD1;9.79364231714001e-05
275560535;LD1;0.00182790126895289
275560543;LD1;3.08261652234772e-06
283040103;LD1;2.39898962253283e-05
283040154;LD1;0.0173052682117976
283040161;LD1;3.91000063579125e-05
286375397;LD1;0.00397611621143948
286375443;LD1;0.00700526557111034
286375469;LD1;4.73833660779951e-06
286375499;LD1;1.18232501269298e-05
302077918;LD1;1.98019057823438e-07
302077952;LD1;7.10856530028301e-08
302077961;LD1;1.06242845912618e-06
302077973;LD1;0.000573917338813028
302077981;LD1;1.59979082030176e-06
302077988;LD1;8.68386293334879e-05
302077996;LD1;2.76662387464257e-06
304858707;LD1;2.8338393795371e-08
304858715;LD1;7.23155023434988e-07
304858722;LD1;7.82649661270259e-05
304858730;LD1;6.67305770580637e-06
304858742;LD1;1.14533840884104e-07
304858751;LD1;3.55138834267714e-06
304858754;LD1;0.000169245057489794
304858784;LD1;1.27469309517803e-06
315421855;LD1;6.13281978799736e-06
329815847;LD1;3.9364532998004e-05
329815889;LD1;0.000578792741325294
329815898;LD1;9.09278314181765e-06
329815954;LD1;0.00287387949697717
329815964;LD1;0.000226659864547908
338619667;LD1;0.000332245263201148
338619697;LD1;1.04900837923892e-06
338619708;LD1;0.000362115858972184
338619723;LD1;3.22328242993232e-05
338619769;LD1;0.000285666970761703
344186326;LD1;4.3187737515921e-05
344186335;LD1;2.44213709720306e-05
344186356;LD1;5.17544579965659e-05
344186380;LD1;0.000186492907698455
344186389;LD1;0.000145992670328227
344186403;LD1;6.45096466203695e-05
344186409;LD1;8.75205542488803e-05
344186422;LD1;6.79843714735968e-09
344186428;LD1;0.000135665331974632
344186432;LD1;6.52089761122774e-07
344186435;LD1;0.000213486305683537
344186448;LD1;2.65743774238144e-05
344186453;LD1;3.48540654945801e-07
355788279;LD1;7.03838768978997e-05
355788329;LD1;3.1185321898586e-06
358759382;LD1;9.98588914064031e-05
358759397;LD1;0.000400046079493231
358759408;LD1;2.405036422856e-05
358759438;LD1;1.74278190082291e-06
362918581;LD1;0.00481383950584391
362918596;LD1;4.21373256403572e-05
362918619;LD1;3.0677379595966e-05
362918674;LD1;4.601656890765e-05
365113984;LD1;2.28483265391076e-07
365114015;LD1;4.95568981666497e-05
365114018;LD1;2.07046603408362e-05
365114027;LD1;6.45945749440234e-05
365114039;LD1;0.00178915292450117
365114047;LD1;1.0110103984075e-06
365114054;LD1;1.70243217232003e-06
365114062;LD1;1.54109834635551e-06
365345609;LD1;0.000874596937146287
365345626;LD1;1.57568431264746e-05
365345628;LD1;3.07931145504971e-05
365345644;LD1;4.22549125612548e-05
365345660;LD1;3.59318106304767e-06
365345677;LD1;0.000122082627924477
368060776;LD1;7.94679490078228e-05
368060782;LD1;0.000330274938875256
368060828;LD1;2.68116765147783e-05
368060843;LD1;0.00017255577992206
368060854;LD1;1.02799586959317e-06
368060884;LD1;0.000193721817542387
386433888;LD1;5.32883820804658e-05
386433922;LD1;2.88297862399371e-06
386433927;LD1;2.6387821814135e-05
408460542;LD1;1.94972202776306e-05
408460573;LD1;1.63902312803572e-05
408460576;LD1;3.15037018529178e-05
408460585;LD1;1.10291473282516e-06
408460597;LD1;1.59806905874302e-05
408460605;LD1;9.49204353161878e-08
408460612;LD1;8.05438390809537e-07
408460620;LD1;1.4664371577382e-05
408460636;LD1;9.40288155285562e-05
409029049;LD1;0.000633814797489578
409029079;LD1;0.00016256881382282
409029105;LD1;6.96427080419767e-05
409029151;LD1;2.0225430661558e-07
409204451;LD1;1.42571637380802e-06
409204497;LD1;2.87707897938507e-06
409204514;LD1;0.000292940775895556
409204523;LD1;1.36222039269087e-05
409204553;LD1;7.62819350669123e-06
409588968;LD1;2.45525656301458e-06
409589014;LD1;3.51293176656629e-06
409589031;LD1;0.000165054600321653
409589040;LD1;2.70342793444e-07
409589070;LD1;1.03300042252752e-05
416255766;LD1;3.69796756769867e-06
416255796;LD1;2.90505887268569e-07
416255805;LD1;1.20819111147681e-06
416255822;LD1;7.50567820675156e-07
416255868;LD1;7.64846720387518e-06
423811846;LD1;0.000129662457855692
423811864;LD1;6.10705547500631e-07
423811879;LD1;0.000141214830460746
423811887;LD1;1.22446493329097e-05
423811908;LD1;0.000160220002510526
423811911;LD1;7.31630412290477e-05
423811942;LD1;6.44081200126838e-06
425766442;LD1;3.15356040660876e-05
425766445;LD1;0.000149388288649323
425766451;LD1;1.42398666296897e-05
425766479;LD1;1.40323274133034e-07
425766498;LD1;1.69229801528412e-06
425766523;LD1;1.02710579135721e-06
425766540;LD1;7.44477385626956e-08
425766543;LD1;2.82205790283025e-06
425766559;LD1;8.65731021877489e-05
425766562;LD1;1.89527166431596e-07
425990244;LD1;0.00228467998945329
425990316;LD1;0.000587484583613545
427228364;LD1;0.00117042845912458
427228410;LD1;3.36327260874412e-05
427228436;LD1;1.64337167012706e-07
427228466;LD1;0.00154215935274232
429664249;LD1;1.3815783542366e-05
429664257;LD1;1.215253789171e-06
429664259;LD1;4.75812010706017e-06
429664264;LD1;5.11861143418859e-07
429664272;LD1;6.00600043734961e-06
429664284;LD1;1.41021431496178e-06
429664293;LD1;0.000231820033888311
429664327;LD1;1.7437385955177e-06
430566368;LD1;2.51013373631261e-06
430566402;LD1;7.44787983148643e-06
430566411;LD1;5.3196626765928e-05
430566423;LD1;0.00068675309535509
430566431;LD1;2.96398389293621e-05
430566446;LD1;6.19116606005411e-05
433877948;LD1;2.0223312831317e-05
433877994;LD1;2.34122095786013e-06
433878006;LD1;5.76634554953272e-06
433878009;LD1;7.30740148313986e-10
433878050;LD1;0.000340493069393794
435024118;LD1;7.02382629455358e-07
435024126;LD1;6.41056757354719e-05
435024133;LD1;5.22652132767048e-06
435024141;LD1;0.000582095251810567
435024153;LD1;1.06102237573683e-05
435024162;LD1;0.000860883076652406
435024165;LD1;0.000515755107061434
435024196;LD1;1.07146654544423e-05
454257935;LD1;0.00280153177379913
454257996;LD1;0.000352785656359185
454258025;LD1;0.00122037937674939
454258043;LD1;0.00133486394119201
457016950;LD1;0.00051237383214814
457016976;LD1;0.000316466596638853
457016991;LD1;6.73811992392162e-07
457017012;LD1;0.000124555252079944
457017015;LD1;0.000225315377924055
457017046;LD1;0.000255172866073349
457448437;LD1;0.00019819476990815
457448459;LD1;1.44628254258306e-06
457448471;LD1;4.29804864407539e-05
457448478;LD1;2.78472610797417e-07
457448489;LD1;1.21803658650993e-09
457448501;LD1;2.24720771291222e-05
457448507;LD1;8.7555170153698e-05
457448534;LD1;9.35543057948888e-07
457448550;LD1;0.000181623071507749
465473344;LD1;6.06608141009717e-06
465473362;LD1;4.717550422934e-06
465473371;LD1;7.24492819218797e-05
465473383;LD1;6.33632177920388e-06
465473388;LD1;8.28012015542784e-06
465473398;LD1;1.50912494473025e-06
465473401;LD1;7.24915258696159e-08
465473408;LD1;6.75403878380662e-08
465473410;LD1;0.000773408607488053
465473413;LD1;4.53556582413086e-08
465473419;LD1;0.000384064060343259
465473423;LD1;2.48536957198463e-05
465473428;LD1;4.40374087062526e-05
465473431;LD1;0.00124067492806215
465473433;LD1;3.02774049955122e-05
465473445;LD1;2.00816649286906e-05
465473449;LD1;1.2036509486364e-05
465473455;LD1;5.19257045758342e-06
465473460;LD1;2.36679112378966e-05
465473463;LD1;4.87906064498741e-08
465905151;LD1;1.29026121436208e-05
465905169;LD1;2.11472797374346e-09
465905198;LD1;8.48377103667031e-06
465905259;LD1;1.39968561393151e-05
467385231;LD1;3.13290027290223e-06
467385261;LD1;2.5777226771728e-05
467385272;LD1;5.64942099654872e-05
467385287;LD1;1.77270870540213e-05
467385333;LD1;3.93506718374282e-05
476970989;LD1;0.00182584511458955
476970998;LD1;3.83055751629798e-06
476971010;LD1;3.33322915261495e-07
476971018;LD1;2.77072961720939e-08
476971025;LD1;7.88166216293174e-07
476971033;LD1;5.51921231097902e-08
480651782;LD1;7.0098882840192e-06
480651813;LD1;3.63430074742879e-06
480651816;LD1;3.53561560850935e-07
480651825;LD1;1.18249255100557e-05
480651845;LD1;2.85265896463552e-05
480651852;LD1;4.05978535040592e-05
480651857;LD1;7.75383786968493e-06
485136916;LD1;5.47207897888055e-06
485136946;LD1;2.66451403563624e-07
485136955;LD1;1.99052702644796e-06
485136972;LD1;6.09261807953232e-06
485137001;LD1;0.00127502383772544
485137018;LD1;1.92639275965654e-05
491594215;LD1;1.02470795085022e-05
491594222;LD1;1.9297605354912e-05
491594230;LD1;7.38991693355675e-05
491594242;LD1;6.28641495907222e-06
491594251;LD1;3.31075267808991e-06
491594254;LD1;1.64732704227522e-05
491594285;LD1;3.20839678115766e-05
491664420;LD1;9.6644447538978e-06
491664428;LD1;7.36330424017648e-06
491664435;LD1;3.14680811240655e-05
491664464;LD1;1.22192621540994e-05
491664467;LD1;2.52095003934879e-07
491664498;LD1;4.38723399117082e-05
492098104;LD1;6.17624373720234e-09
492098138;LD1;5.70415630169602e-06
492098147;LD1;0.000216255687192966
492098167;LD1;2.69309472818489e-05
492098174;LD1;1.60256680404938e-08
494938575;LD1;2.3972486403765e-06
494938621;LD1;2.35617003490875e-07
494938638;LD1;8.33866773822328e-07
494938647;LD1;3.33760754799225e-06
494938677;LD1;2.26174552902775e-06
496600885;LD1;0.000613985212373604
496600915;LD1;9.2092478709126e-05
496600924;LD1;7.15850959265298e-06
496600941;LD1;1.6610198331867e-06
496600987;LD1;1.74326482226176e-09
503300742;LD1;0.000474603503993968
503300803;LD1;0.00019967236767953
503300814;LD1;2.61876689683132e-05
503300844;LD1;0.00328423772661783
510108834;LD1;0.000276554621364238
510108868;LD1;6.48114047924295e-06
510108889;LD1;6.19618075337544e-05
510108904;LD1;5.62119610181979e-05
510108930;LD1;3.88221210896089e-06
514032138;LD1;3.60585821683772e-07
514032147;LD1;7.23643020496916e-05
514032159;LD1;8.67200137135131e-05
514032167;LD1;2.99888266401071e-06
514032174;LD1;2.83573587325629e-05
514032182;LD1;5.61096032389806e-06
514032195;LD1;2.05977613261757e-05
514737542;LD1;3.04639264219728e-07
514737545;LD1;1.10657021078868e-05
514737551;LD1;1.00422646440329e-05
514737554;LD1;8.58400831348265e-06
514737569;LD1;8.57863664129959e-06
514737572;LD1;6.70732250892572e-06
514737601;LD1;9.99445651515476e-06
514737605;LD1;1.03292967042474e-05
514737629;LD1;4.98521567194686e-06
514737641;LD1;8.86227240315504e-06
514737643;LD1;8.64059034381765e-06
514737645;LD1;1.16654862664777e-05
514737650;LD1;8.71566179226483e-06
514737653;LD1;8.78492653457992e-06
514737661;LD1;1.21411767591142e-05
514737671;LD1;9.45691835592746e-06
515395225;LD1;3.98287573781639e-08
515395271;LD1;1.23798701269785e-06
515395297;LD1;6.75354750828895e-07
515395327;LD1;8.8794174898862e-07
516769422;LD1;9.27286444670586e-06
516769430;LD1;0.000263199980483238
516769437;LD1;3.70929365619678e-06
516769445;LD1;6.32031176493787e-06
516769457;LD1;8.62181986822421e-05
516769466;LD1;8.52125160292006e-07
516769469;LD1;5.42208935501179e-07
516769500;LD1;2.33114402132324e-05
519191698;LD1;6.71609712761823e-08
519191750;LD1;2.12992353582694e-05
519191765;LD1;1.8867250694169e-06
519191773;LD1;2.86357491148319e-05
519191811;LD1;6.64186959573886e-05
519191826;LD1;3.12498682495746e-05
526833526;LD1;1.70539223596661e-06
526833534;LD1;4.32603232240944e-06
526833541;LD1;1.12393599482487e-05
526833549;LD1;1.77896068757058e-06
526833561;LD1;0.000110576164790595
526833570;LD1;1.03669163413428e-07
526833573;LD1;7.06016351424915e-07
526833604;LD1;2.8692790225507e-06
534947424;LD1;5.98928208808873e-06
534947463;LD1;1.94324113365536e-05
541471570;LD1;7.55338559948861e-05
541471626;LD1;2.87273468608011e-05
541471672;LD1;2.14157374880617e-07
545865974;LD1;2.55982108396946e-06
545866005;LD1;2.56252896253113e-06
545866008;LD1;5.63141421452458e-06
545866017;LD1;1.4893731958682e-06
545866029;LD1;0.000717152744045431
545866037;LD1;9.36086839443945e-06
545866044;LD1;1.15162595342516e-05
545866052;LD1;1.16386962386464e-06
548500954;LD1;0.000183714009684089
548500977;LD1;3.3457771393844e-05
548500998;LD1;8.33908290484126e-06
548501001;LD1;2.92186312177346e-06
548501032;LD1;7.32907513962376e-05
554489798;LD1;5.52684148565179e-05
554489828;LD1;2.39940236829643e-08
554489854;LD1;1.27686988023454e-06
554489900;LD1;3.93870567135035e-07
554739915;LD1;3.43489932040802e-05
554739935;LD1;3.73068592502337e-06
554739999;LD1;2.9080606995611e-05
554740002;LD1;9.68638050493469e-06
561129378;LD1;2.64689759320058e-07
561129409;LD1;3.14894266802484e-06
561129412;LD1;7.45062872129882e-05
561129433;LD1;2.94649011986136e-05
561129441;LD1;5.14526788160941e-06
561129448;LD1;0.00062473067131404
561129453;LD1;0.00136497955672223
564539721;LD1;0.000175823998461967
564539729;LD1;4.42708446425547e-07
564539736;LD1;1.47141335388882e-07
564539744;LD1;4.35617981025069e-06
564539756;LD1;1.58814525559372e-06
564539765;LD1;9.79785368527818e-09
564539798;LD1;1.11301907287553e-05
566652614;LD1;2.93089564864116e-06
566652645;LD1;7.82179956158968e-06
566652648;LD1;3.74334002437704e-07
566652657;LD1;1.45728756317712e-09
566652669;LD1;4.68824806047657e-06
566652677;LD1;2.26829924106754e-06
566652684;LD1;4.75763323116222e-06
566652692;LD1;3.50126323762667e-06
567282049;LD1;8.35635028619242e-06
567282080;LD1;1.77914246292371e-06
567282083;LD1;2.06307222553948e-05
567282092;LD1;2.64897181720854e-07
567282112;LD1;1.00880162564912e-07
567282119;LD1;6.12631999152935e-07
567282127;LD1;1.51078089230318e-05
571152141;LD1;1.62879483185936e-05
571152171;LD1;2.71027879928366e-06
571152243;LD1;0.000119117404286431
573939304;LD1;3.87871244169144e-05
573939312;LD1;0.000525700396355705
573939319;LD1;0.000256046457914505
573939327;LD1;1.31269322851925e-06
573939339;LD1;3.02169698525019e-05
573939348;LD1;3.36574112477139e-06
573939351;LD1;2.68668264514895e-05
581599874;LD1;3.29511451390443e-05
581599938;LD1;3.95482541048112e-05
581599958;LD1;2.09227715066041e-05
584201984;LD1;1.53933031979695e-05
584202030;LD1;0.00356105613823843
584202047;LD1;0.00133565242883226
584202056;LD1;2.48164493453921e-08
584202086;LD1;6.30743915297708e-05
2745842;LD1;4.70964861173418e-05
2745872;LD1;4.00770647575416e-05
2745883;LD1;0.00437877210860325
2745898;LD1;3.42239259325251e-08
2745944;LD1;7.56466696678437e-06
35253587;LD1;5.45840560700105e-07
35253595;LD1;3.09192350972078e-05
35253602;LD1;2.60090356811177e-07
35253610;LD1;2.65326036961745e-06
35253631;LD1;1.09594835210322e-06
35253634;LD1;3.95090415097297e-06
37230728;LD1;2.28671829413514e-05
37230774;LD1;0.000221064318060685
37230789;LD1;1.99195072559761e-05
37230800;LD1;2.46017430058169e-06
37230812;LD1;0.000482179939559564
37230830;LD1;0.000289898488523943
41657362;LD1;1.40320625127182e-06
41657408;LD1;2.42994352840088e-06
41657423;LD1;2.0696030413938e-05
41657434;LD1;7.85075626905746e-07
45152523;LD1;9.82356110583664e-05
45152569;LD1;0.000668662253913522
45152584;LD1;0.000124574891118362
45152595;LD1;2.49607491522117e-05
45152625;LD1;8.80805092879399e-05
58402284;LD1;5.89594940203472e-07
58402331;LD1;1.68129387932236e-06
58402392;LD1;0.00336862872983438
69273634;LD1;2.58440333822226e-05
69273664;LD1;9.09008212900112e-06
69273675;LD1;3.73976175290361e-05
69273690;LD1;0.000221828164335604
69273736;LD1;0.00277630672632631
78879330;LD1;3.79193392614413e-05
78879333;LD1;0.000141842438836507
78879342;LD1;0.000592986075704871
78879354;LD1;2.24414400405244e-05
78879369;LD1;0.000832255268174114
78879377;LD1;5.73867765580811e-05
78879395;LD1;7.48661122413074e-06
96632406;LD1;5.05239767331161e-06
96632452;LD1;2.08407110637018e-06
96632467;LD1;2.36980147919796e-05
96632478;LD1;0.000103712591447564
96632508;LD1;0.00012049720513648
164112175;LD1;2.57616084942704e-05
164112206;LD1;3.19938533121872e-06
164112209;LD1;2.82689985711416e-05
164112218;LD1;1.86707362035934e-05
164112238;LD1;1.22475475729782e-06
164112245;LD1;1.88670929178699e-06
164112253;LD1;2.38850664717912e-05
187953059;LD1;1.78452992219768e-05
187953067;LD1;0.000209323201102889
187953075;LD1;2.28644453592169e-05
187953095;LD1;5.15048086583182e-05
187953125;LD1;5.07957294730729e-05
187953156;LD1;2.49649472135564e-06
187953188;LD1;0.000113648107868092
196524878;LD1;2.93724323457937e-06
196524908;LD1;1.28949182994833e-05
196524919;LD1;3.06476723465751e-07
196524934;LD1;5.04699860363999e-05
196524980;LD1;4.18276149528027e-06
202446393;LD1;0.000292606635818477
202446405;LD1;0.00217154439275453
202446436;LD1;0.000600796707983193
210737118;LD1;0.000120717619594713
210737126;LD1;9.7953777742461e-05
210737133;LD1;1.76991539717491e-07
210737141;LD1;1.84933200665895e-05
210737162;LD1;4.16986784375495e-07
210737165;LD1;3.84696570236778e-05
210737196;LD1;2.55361621770637e-05
225218582;LD1;0.000135538908856942
225218643;LD1;3.09816125905002e-05
233240586;LD1;6.98722530072641e-06
233240588;LD1;3.86416884113809e-08
233240617;LD1;3.18272918782878e-05
233240621;LD1;1.48298518830913e-05
233240637;LD1;0.000138943033018622
233240639;LD1;0.000143995620188592
233240646;LD1;0.000106249751032961
233240655;LD1;9.15468803435452e-05
233240664;LD1;5.92324663715163e-05
233240668;LD1;2.96747754566343e-05
233240682;LD1;1.98668442156157e-05
233240688;LD1;0.000454261678163146
233240693;LD1;0.000399418394524784
233240706;LD1;5.63832657698738e-05
233240709;LD1;0.000143619352260801
241562471;LD1;1.34310977912004e-05
241562474;LD1;6.36135436270911e-05
272432390;LD1;6.72669750357926e-06
272432402;LD1;8.54286754218091e-05
272432436;LD1;2.82772433094016e-05
272432451;LD1;0.000262249094016894
272432462;LD1;1.93127283215006e-06
272432492;LD1;9.51115975754931e-08
276457682;LD1;7.35773468419118e-06
276457696;LD1;0.00278390970613968
278478234;LD1;1.78764963736956e-06
278478280;LD1;0.00298070395616607
278478295;LD1;1.70914050703375e-08
278478303;LD1;1.61279669198928e-05
278478306;LD1;8.82194727015074e-05
278478336;LD1;0.00221315826614588
278478351;LD1;1.39120457347747e-05
311070452;LD1;0.000280911005023827
311070483;LD1;1.19870540224275e-05
311070486;LD1;6.04674619730298e-05
311070495;LD1;2.10469544402065e-07
311070507;LD1;2.67277750957409e-05
311070515;LD1;2.02493953648224e-08
311070522;LD1;6.05283368262165e-05
311070530;LD1;0.00317268220279767
421100332;LD1;4.92411097010211e-05
421100345;LD1;2.39823414995321e-06
421100386;LD1;2.17779049986726e-06
426294947;LD1;5.18150996338308e-05
426294977;LD1;1.72650675072412e-07
426294988;LD1;0.000352633721690175
426295003;LD1;0.000286474642450354
426295049;LD1;0.00068861436328588
451361900;LD1;2.77967715849104e-07
451361961;LD1;2.58743224656377e-07
451361972;LD1;0.00314086977828776
455555655;LD1;6.48709040585821e-06
455555696;LD1;5.90426978946713e-07
455555703;LD1;4.38475052694207e-05
455555709;LD1;5.5300937858585e-07
455555746;LD1;2.99289098999476e-05
472021265;LD1;1.38492926199909e-06
472021282;LD1;1.83995309781927e-07
472021294;LD1;2.16432431346551e-05
472021297;LD1;7.71631184190773e-05
472021303;LD1;6.86034548599604e-05
472021325;LD1;0.000431978382709469
472021343;LD1;0.000110763941010822
472021367;LD1;1.6950399265481e-05
478540825;LD1;9.61994521639579e-07
478540851;LD1;0.000135156563081173
478540897;LD1;0.000734916667934991
483199982;LD1;1.38041415700134e-05
483200043;LD1;6.47703037658165e-05
483200054;LD1;9.67007636419339e-06
483200084;LD1;7.39272621926049e-05
486777200;LD1;6.57857983147273e-05
486777212;LD1;3.90491532888498e-06
486777215;LD1;9.28393731124555e-05
486777220;LD1;3.63306970006754e-06
486777227;LD1;7.07435425226253e-07
486777262;LD1;5.17111397528593e-05
486777276;LD1;4.06524873012705e-06
486777293;LD1;0.000121257970179986
486777295;LD1;6.15956271790131e-05
489803486;LD1;0.000172542883697247
489803510;LD1;0.00155897161059248
489803516;LD1;1.08044584047224e-05
489803519;LD1;8.63846631483382e-05
489803527;LD1;0.0014391911308647
489803542;LD1;0.00064289367136567
495872827;LD1;2.17400661863971e-05
495872842;LD1;3.56433676398721e-05
495872850;LD1;4.57021606962674e-06
495872871;LD1;8.34103329819957e-07
495872874;LD1;0.000924225941428946
495872905;LD1;5.0682473541259e-07
496185061;LD1;6.99640620548132e-06
496185092;LD1;2.27121783980843e-07
496185095;LD1;4.76105613356211e-05
496185131;LD1;0.000185313159229941
496185139;LD1;4.9247763897191e-05
497926743;LD1;0.000110573409011208
497926789;LD1;0.000120166899969652
497926804;LD1;0.000312716639984017
497926815;LD1;7.55570479595335e-05
505173723;LD1;5.36611165254838e-06
505173757;LD1;2.31968432132308e-05
505173766;LD1;0.000132076875181209
505173778;LD1;7.8737054198776e-06
505173786;LD1;2.08510600110365e-06
505173793;LD1;2.98618575857836e-06
505173801;LD1;1.48724859343707e-05
511018215;LD1;5.88251456598399e-05
511018233;LD1;3.56187298345564e-05
511018241;LD1;1.14665761154065e-05
511018248;LD1;4.82882407061335e-06
511018256;LD1;1.53122519105117e-05
511018277;LD1;7.40788115119798e-06
511018280;LD1;1.12029919000499e-05
511018311;LD1;7.0440354464918e-05
515859410;LD1;2.02923473825089e-06
515859441;LD1;4.10639235138749e-05
515859444;LD1;8.27313645143483e-07
515859473;LD1;1.5459214385217e-06
515859480;LD1;1.66337903813957e-07
515859488;LD1;8.75215853854583e-08
515859506;LD1;1.65610380647382e-05
517253596;LD1;1.33564906821745e-05
517253626;LD1;4.22137913101866e-06
517253637;LD1;4.25021905337999e-05
517253698;LD1;3.8270366821998e-05
225371;LD2;1.31650083688123e-05
225417;LD2;0.000384179630550675
225432;LD2;0.00119248745927301
225443;LD2;4.04683611973814e-05
325765;LD2;3.63163090816018e-07
325795;LD2;4.16872386631365e-07
325806;LD2;3.29455498986098e-07
325821;LD2;0.000311214014970858
325867;LD2;1.86805673595898e-05
161019;LD2;1.47082791070058e-06
161022;LD2;1.70264546626209e-06
161045;LD2;5.42709129972145e-07
161052;LD2;2.12749450419016e-07
161126;LD2;1.70758328604914e-07
161135;LD2;7.27573529806153e-07
43549;LD2;8.90954450389401e-05
43595;LD2;4.19642544944428e-05
43606;LD2;0.000312532962239152
43621;LD2;1.14277160561759e-05
43667;LD2;0.000115294245344283
16352;LD2;0.000318110906968035
16395;LD2;0.00020507998096695
16434;LD2;0.000364573369304532
16475;LD2;0.00031832622488225
19666;LD2;2.66014324268871e-06
19694;LD2;2.671876092734e-07
19696;LD2;4.49396964056461e-06
19705;LD2;3.38533683524891e-05
19764;LD2;4.22342302858186e-08
54266;LD2;3.38071806687801e-07
54277;LD2;2.1901597089992e-06
54295;LD2;8.3056241393267e-06
54325;LD2;1.39335401875605e-07
54334;LD2;3.17510641516624e-08
54336;LD2;4.29302245192405e-08
54364;LD2;1.44030425409077e-08
89846;LD2;6.85272941165442e-06
89868;LD2;8.1332245486405e-06
64195;LD2;2.83316520049054e-06
64217;LD2;3.07747152349008e-06
64282;LD2;1.93748721419791e-07
38802;LD2;2.78772066358207e-07
38824;LD2;2.62478507050069e-07
38888;LD2;2.39928436964543e-08
38928;LD2;9.30445682361859e-08
30137;LD2;4.77985921917111e-07
30159;LD2;4.54422644097959e-07
30223;LD2;5.21236720851395e-07
38349;LD2;8.96199428054106e-08
38378;LD2;1.22327570455542e-07
38380;LD2;2.07466721343887e-07
38389;LD2;9.85644474028853e-07
38420;LD2;2.91734349719489e-06
38438;LD2;7.53240585893696e-08
38449;LD2;4.40543321785547e-07
39769;LD2;0.000222726926262931
39842;LD2;0.000302603149961653
46380;LD2;4.60669716016562e-07
46446;LD2;1.26192243072675e-07
46468;LD2;1.8119801399176e-07
43182;LD2;7.83649705008222e-06
43204;LD2;1.62947235197138e-06
14873;LD2;5.10136881209037e-07
14893;LD2;4.99929816877741e-06
14957;LD2;6.84131360060833e-06
14963;LD2;2.75968434663238e-06
14987;LD2;3.09843251797676e-05
14989;LD2;4.38433657148534e-06
11879;LD2;1.33029692888683e-05
11901;LD2;1.200343421992e-05
25748;LD2;1.10675349695613e-06
25813;LD2;1.54700562002839e-06
25835;LD2;5.19121550240401e-06
45;LD2;5.94374697532188e-06
96;LD2;2.60045164563356e-05
133;LD2;9.77871372267887e-06
136;LD2;7.40975131352132e-05
165;LD2;3.2038699865639e-06
319;LD2;3.8035391090779e-08
346;LD2;1.93319717773976e-07
348;LD2;5.25395538333406e-07
357;LD2;1.00483900391156e-06
388;LD2;1.92696005862766e-06
406;LD2;3.48585465956508e-07
417;LD2;3.80702153962506e-07
2947323;LD2;1.59716686725813e-08
2947354;LD2;4.41738548489241e-05
2947357;LD2;1.03466191169223e-07
2947366;LD2;0.00282596838530902
2947378;LD2;6.4709587991154e-05
2947386;LD2;5.7145401510031e-06
2947393;LD2;0.000165793193350584
2947401;LD2;0.000724064643012635
7664963;LD2;1.71226166302967e-05
7664969;LD2;3.64049983691504e-06
7664983;LD2;8.47595502362185e-05
7665005;LD2;0.000574569329031642
7665037;LD2;5.04331142149047e-05
7665052;LD2;5.33542509873499e-05
17692455;LD2;3.13630103667839e-05
17692457;LD2;3.6369523303553e-05
17692461;LD2;7.88376034555964e-08
17692471;LD2;2.8238635642847e-08
17692528;LD2;1.07219118263639e-07
17692552;LD2;3.12988357386969e-05
17692558;LD2;0.000338358158351405
17692570;LD2;1.69864888535796e-07
32646737;LD2;1.73730752261416e-05
32646767;LD2;3.1402309054935e-07
32646776;LD2;1.17049426899774e-06
32646793;LD2;2.50166000896989e-06
32646839;LD2;3.09414802732555e-06
35280849;LD2;6.31365502649486e-05
38264386;LD2;5.98883800142413e-05
38264420;LD2;0.000218290715380949
38264429;LD2;0.000241202478558068
38264441;LD2;1.76271238836921e-05
38264449;LD2;0.000131198836419994
52914311;LD2;6.60433142748621e-08
52914319;LD2;8.45494308552899e-06
52914326;LD2;0.000216336452413769
52914334;LD2;0.000127222015352867
52914346;LD2;8.13764422444288e-13
52914355;LD2;7.45034193910678e-05
52914358;LD2;4.81397476331577e-06
52914389;LD2;1.71337916027315e-08
61868784;LD2;2.02998179436695e-07
61868792;LD2;7.06663797325204e-07
61868807;LD2;5.17222583368846e-06
61868819;LD2;3.58385644290426e-07
61868828;LD2;1.98300238191033e-06
61868831;LD2;1.11822925257013e-07
61868862;LD2;3.71627344789502e-07
62506014;LD2;1.47964902775702e-05
62506028;LD2;3.51813118729579e-06
62506126;LD2;3.50096924166678e-07
66399349;LD2;1.65647200175467e-05
66399412;LD2;1.05339094426417e-06
66399451;LD2;9.54834929072569e-06
72655153;LD2;4.40630299455501e-05
72655186;LD2;9.53721464847448e-07
76456324;LD2;7.19142394599195e-05
76456339;LD2;0.000168706752810441
76456360;LD2;6.25615987841848e-06
76456363;LD2;5.18797777741083e-05
76456393;LD2;9.4067048981599e-05
88337369;LD2;3.45999811772297e-05
88337371;LD2;0.000178244335110434
88337374;LD2;3.12580336802188e-05
88337376;LD2;9.31731765716651e-07
88337409;LD2;1.17075709964094e-05
88337427;LD2;1.15361778276409e-08
88337439;LD2;4.11456469949152e-08
91171167;LD2;2.60106081511493e-06
91171197;LD2;3.48613806761516e-07
91171223;LD2;3.78395006939596e-05
91171269;LD2;9.50423904234909e-06
106359837;LD2;9.47159315759805e-07
106359867;LD2;1.99182170580173e-06
106359939;LD2;2.88019259078252e-06
107247292;LD2;0.00707463947402284
107247322;LD2;2.24282684289897e-05
107247348;LD2;5.7908720053046e-06
107247394;LD2;0.00027766394135014
120746427;LD2;9.97626259323016e-05
120746435;LD2;4.19362829300664e-06
120746442;LD2;2.66391529714674e-07
120746450;LD2;2.76947764278506e-05
120746462;LD2;0.00220551606915265
120746471;LD2;0.000248782044241853
132775216;LD2;0.000586246438224542
132775224;LD2;3.22536495449105e-06
132775230;LD2;2.27097697344e-05
132775265;LD2;7.21072821083509e-05
132775268;LD2;1.26346702644993e-07
132775283;LD2;2.38108579062446e-07
132775286;LD2;0.000486859156587767
132775289;LD2;4.92655600843301e-05
132775299;LD2;0.00130876795292672
132775312;LD2;0.000185111229704631
132775343;LD2;3.16544035161815e-05
132775345;LD2;1.12402611740519e-06
152683737;LD2;1.46755167700344e-06
155329657;LD2;0.000109708938940416
160905314;LD2;0.000142855428120988
160905324;LD2;8.30564668257834e-05
160905380;LD2;2.22158200654265e-05
160905389;LD2;0.000218496010407033
160905431;LD2;2.89030136438925e-05
163184591;LD2;0.000132590248336737
163184637;LD2;0.000119315766930789
163184652;LD2;0.000182725068651621
163184663;LD2;7.83731269582196e-06
163184693;LD2;2.45959074710176e-05
203332548;LD2;2.3124570664436e-11
207051269;LD2;2.39530551496979e-05
207051274;LD2;2.24927285115495e-06
207051284;LD2;1.14619349871376e-09
207051292;LD2;1.09365317956071e-06
207051298;LD2;8.57608233477214e-06
207051306;LD2;8.03403336727363e-06
207051318;LD2;2.61000361912784e-05
207051320;LD2;4.14156149786988e-07
207051355;LD2;5.87953192573259e-07
207051359;LD2;1.84940140647593e-06
207051378;LD2;0.000108660694790673
207051392;LD2;1.69533101184164e-05
207051395;LD2;8.67589753526405e-07
225585592;LD2;0.000164225962994762
225585635;LD2;0.000449592532635042
225585662;LD2;1.01845521790404e-05
241041264;LD2;4.45233027652296e-06
241041266;LD2;0.000852065324770011
241041314;LD2;2.08707559611458e-05
241041322;LD2;0.000177418154294632
241041343;LD2;0.000161687624323049
241041348;LD2;7.11029514929599e-05
241041374;LD2;1.1072137089547e-05
261967524;LD2;5.28566663731571e-05
261967527;LD2;2.11634757931015e-09
261967548;LD2;2.44903949392108e-06
261967556;LD2;8.95762002675508e-05
261967563;LD2;3.62276905192265e-08
261967571;LD2;3.25415605110265e-05
261967589;LD2;7.58200600470476e-06
281715145;LD2;4.05811816225917e-08
281715148;LD2;9.290501093688e-08
281715162;LD2;3.12487435747532e-05
281715181;LD2;2.69219214209588e-05
281715185;LD2;2.45124547012565e-05
281715220;LD2;1.2462039178457e-08
281715222;LD2;2.24547376504901e-05
281715234;LD2;8.82639734160881e-06
281715242;LD2;1.89044091632985e-07
281715248;LD2;4.91145926547198e-05
281715256;LD2;3.14046912115448e-06
281715271;LD2;8.34589872882814e-06
311894016;LD2;1.22690548595766e-06
311894047;LD2;4.33550556658412e-07
311894050;LD2;3.16974769868516e-06
311894059;LD2;5.79429906664711e-07
311894086;LD2;2.01930025622394e-06
311894094;LD2;4.97305436654953e-06
316793180;LD2;3.84938279752972e-05
316793210;LD2;1.47391091836869e-05
316793219;LD2;2.55248283364868e-06
316793236;LD2;6.88095348010843e-07
316793282;LD2;2.36595169385086e-06
324703362;LD2;5.85601025444109e-05
324703384;LD2;1.92123307346548e-06
324703392;LD2;2.35315104955185e-05
324703399;LD2;4.41450548193151e-07
324703407;LD2;0.0020670630760482
324703419;LD2;2.04602669509251e-05
324703428;LD2;1.33424414015604e-05
324703462;LD2;4.46325243936256e-06
337998549;LD2;7.15247883794475e-05
337998561;LD2;0.000649542745404307
337998579;LD2;0.000149704921940355
337998582;LD2;0.000167196024985868
337998605;LD2;2.41643786772176e-05
337998651;LD2;0.000204322797821744
340850407;LD2;6.16125745485733e-05
340850468;LD2;1.58376054869451e-06
340850479;LD2;7.60927160187457e-06
340850509;LD2;1.83000175612485e-05
344020325;LD2;6.07163875703144e-05
344020355;LD2;4.74641070224378e-06
344020381;LD2;6.86764303012145e-07
344020427;LD2;1.47030047962356e-05
349934253;LD2;1.96432297275884e-05
349934284;LD2;2.0455868756566e-06
349934287;LD2;7.33128318222985e-05
349934308;LD2;3.8526918479035e-05
349934316;LD2;1.84918722966772e-05
349934323;LD2;0.000377190696263652
349934331;LD2;2.60141395329734e-05
349934349;LD2;3.24772533206704e-05
355009258;LD2;9.88699958596579e-05
355009293;LD2;2.41830890635904e-06
360822586;LD2;0.000768420181124212
360822617;LD2;0.00101543566771925
360822620;LD2;0.000971339432350767
360822629;LD2;3.96863515068929e-05
360822641;LD2;0.00011244878984107
360822664;LD2;1.00223221494135e-06
363079650;LD2;0.000540971828681069
363079716;LD2;0.000511794606612088
363079725;LD2;0.00018987905657057
363079767;LD2;0.0138098006128781
366478571;LD2;1.30476954157407e-07
366478617;LD2;1.14333023951376e-05
366478634;LD2;1.48671680047686e-06
366478643;LD2;4.21931258386794e-06
366478673;LD2;1.51121960762532e-05
371956681;LD2;5.04719385324773e-07
371956745;LD2;1.87102762252728e-05
371956751;LD2;2.95748330560514e-05
371956784;LD2;0.000144984925356694
374850305;LD2;1.27094811517449e-06
374850350;LD2;0.00691143787674336
374850376;LD2;4.48937010683382e-06
374850406;LD2;0.00033470209273231
384670203;LD2;9.39671894643189e-05
384670233;LD2;5.42044281349313e-06
384670242;LD2;1.48565825865058e-05
384670259;LD2;0.000113642318090198
384670305;LD2;1.18177612375131e-06
385891339;LD2;1.11055329975258e-05
385891369;LD2;9.48746136725116e-07
385891380;LD2;3.49654305103124e-05
385891383;LD2;2.79654627147473e-08
385891395;LD2;1.27269155350891e-06
385891441;LD2;4.18898614575688e-05
394410983;LD2;2.57027346499491e-06
394411014;LD2;0.0010753078932853
394411017;LD2;0.000277085700149415
394411026;LD2;5.25399939015602e-06
394411038;LD2;0.00109729911844587
394411046;LD2;0.00117965477232161
394411053;LD2;7.62234999660729e-05
394411061;LD2;0.000272434279482141
399651530;LD2;0.000407988215918729
399651561;LD2;0.00033003829906111
399651564;LD2;0.000273284230302844
399651585;LD2;8.42509749221497e-05
399651593;LD2;1.98243718094096e-05
399651608;LD2;0.000395663554434591
400688023;LD2;0.000264378446379084
400688069;LD2;0.000128729023017261
400688084;LD2;3.52513349674809e-05
400688095;LD2;3.23151464234257e-05
400688125;LD2;0.000132745196432731
401334348;LD2;7.97844998648763e-07
401334355;LD2;4.55682817090379e-05
401334384;LD2;0.000742012336461079
401334387;LD2;4.24671209944518e-05
401334418;LD2;5.17156657109173e-05
406157521;LD2;6.72567821328226e-05
406157551;LD2;1.60704627223633e-05
406157623;LD2;7.99982978392939e-07
421263162;LD2;3.68014472535616e-06
421263193;LD2;3.46628685896971e-05
421263196;LD2;6.32990382944421e-07
421263205;LD2;2.88462472971345e-06
421263217;LD2;2.64344985543057e-05
421263225;LD2;1.32317227394933e-05
421263232;LD2;1.43167063990947e-05
421263240;LD2;1.46580324468509e-06
421263253;LD2;1.48427954788509e-06
424520947;LD2;3.69568284726783e-06
424521037;LD2;0.000231336795457445
424521055;LD2;0.00019960063579187
427860806;LD2;2.01478654347427e-05
427860823;LD2;6.81571923604569e-06
427860852;LD2;1.62548123818608e-05
427860864;LD2;6.00072492073948e-08
427860867;LD2;2.38725703342783e-08
427860878;LD2;0.0002208030508488
427860908;LD2;0.000524793685064964
428140339;LD2;0.00139377757664599
428140369;LD2;5.15053980899324e-08
428140378;LD2;0.000531238045162989
428140395;LD2;8.19543771207064e-05
428140441;LD2;7.89757889678975e-07
440148368;LD2;0.00543093269007521
440148392;LD2;3.08880068914622e-06
440148400;LD2;0.000161821662119523
440148415;LD2;5.24824984775137e-07
440148427;LD2;0.000226599447103972
440148436;LD2;1.30866257096921e-07
440148439;LD2;5.62952591218362e-06
440148470;LD2;7.48893631089072e-06
440715455;LD2;1.55267007837697e-05
440715463;LD2;6.49028578367991e-06
440715470;LD2;0.00234460949114568
440715533;LD2;0.00135356297293167
450764802;LD2;1.00678593832642e-05
450764848;LD2;0.000234514378789153
450764874;LD2;0.000873267996686534
450764904;LD2;1.04440378136876e-05
453642150;LD2;8.68387538428673e-08
453642176;LD2;0.000120009600959015
453642191;LD2;4.71563080386156e-07
453642212;LD2;2.29081070407394e-05
453642247;LD2;7.71922874285432e-05
461941219;LD2;8.39883096931795e-08
461941227;LD2;1.7866280095888e-05
461941234;LD2;2.75699861213665e-06
461941242;LD2;1.72055046160533e-05
461941254;LD2;9.34030406458598e-05
461941263;LD2;1.94132966164929e-10
461941266;LD2;2.50290509277871e-07
461941297;LD2;3.20757174201886e-08
466605652;LD2;1.3257971999899e-08
466605658;LD2;2.09562679597069e-05
466605688;LD2;2.31051890428967e-07
466605697;LD2;5.20646361274215e-08
466605714;LD2;1.67966394240915e-06
466605760;LD2;1.70483178218026e-06
466709949;LD2;8.35090346160637e-06
466710021;LD2;8.18826912094168e-08
466710051;LD2;3.01993774850043e-06
469039444;LD2;1.10440126579944e-05
469039490;LD2;0.00748511449207425
469039505;LD2;3.98539177112425e-05
469039516;LD2;1.88834343727489e-05
469039546;LD2;1.12724473173461e-08
475342893;LD2;7.04596793214288e-05
475342927;LD2;3.59758096766335e-06
475342936;LD2;2.06387885781708e-06
475342956;LD2;0.000137300650549415
492182295;LD2;7.70364668763521e-06
492182303;LD2;7.81340350709069e-05
492182310;LD2;8.2335881702553e-06
492182318;LD2;0.000213197666677978
492182339;LD2;2.14956042554992e-06
492182342;LD2;0.000197889490275369
492182373;LD2;0.0012553848288852
492750371;LD2;1.70876781886996e-06
492750402;LD2;7.46172903758602e-08
492750405;LD2;8.16285825152114e-07
492750414;LD2;4.013618110392e-06
492750426;LD2;1.13422363345284e-05
492750434;LD2;8.82554632615279e-06
492750441;LD2;2.92271969341081e-05
492750449;LD2;1.57462075684531e-05
497568296;LD2;3.86872013302455e-06
497568342;LD2;2.8976508957384e-05
497568354;LD2;0.0087079062500204
497568359;LD2;1.05501887357849e-09
497568368;LD2;9.56146918927642e-08
497568398;LD2;6.09401203186869e-06
498606034;LD2;1.03375470014345e-05
498606043;LD2;4.85096987636419e-05
498606060;LD2;4.22337899501045e-07
498606106;LD2;1.2326886440512e-05
515344378;LD2;2.36396514289843e-05
515344412;LD2;5.21365298930939e-05
515344430;LD2;4.3983833961817e-05
515344442;LD2;0.000344808635427359
515344448;LD2;0.000217601054483267
515344470;LD2;1.71346948506303e-05
515344475;LD2;0.00011393736746984
518575097;LD2;1.51217609171103e-07
518575112;LD2;2.32478256970009e-05
518575175;LD2;3.50518791588701e-05
521828290;LD2;2.60091144452182e-05
521828316;LD2;3.23908080212646e-05
521828352;LD2;6.9790995955663e-06
521828386;LD2;0.000152846318383733
526541860;LD2;5.0692330381505e-07
526541868;LD2;2.14556908791121e-08
526541874;LD2;2.53503296112584e-07
526541909;LD2;1.27572953407756e-06
526541912;LD2;2.73489996326465e-09
526541918;LD2;2.69422872394028e-06
526541927;LD2;6.71929503795162e-07
526541930;LD2;6.97617077419982e-08
526541933;LD2;5.22810106559458e-08
526541943;LD2;1.30324758928042e-06
526541987;LD2;4.90964448838089e-07
526541989;LD2;5.82934572340718e-06
6863122;LD2;2.05031421278871e-05
6863200;LD2;3.53092757105437e-05
32139837;LD2;0.000288404394689049
32139855;LD2;0.000264229916982497
32139863;LD2;0.000107828824127816
32139870;LD2;0.000235392587299801
32139878;LD2;0.000149370258953285
32139899;LD2;0.00101060462070997
32139902;LD2;3.18622426940632e-05
33282733;LD2;0.000673876527175266
33282745;LD2;1.79083698410138e-06
33282748;LD2;1.07113337227741e-05
33282753;LD2;2.07140711565424e-05
33282760;LD2;9.75291505107691e-06
33282795;LD2;0.000306903119371198
33282809;LD2;1.38673015332878e-07
33282826;LD2;1.15291357703717e-06
33282828;LD2;2.02977592671132e-05
39042994;LD2;9.56053390078888e-06
39043009;LD2;7.3466262378236e-05
39043029;LD2;4.12989295567615e-05
39043072;LD2;0.00562465057306333
54934123;LD2;2.35238592208532e-07
54934157;LD2;2.42657653910048e-07
54934178;LD2;0.000200529790439432
54934186;LD2;4.63294102591875e-06
54934193;LD2;0.000170836988609559
54934201;LD2;6.50336811963918e-06
54934219;LD2;0.000155926766263843
58337159;LD2;3.38608773003243e-05
58337189;LD2;7.3294194115899e-05
58337200;LD2;0.000461641009006859
62493281;LD2;0.000466920111569353
62493311;LD2;1.80203619180297e-05
62493337;LD2;1.56896383306792e-05
62493383;LD2;1.26746865364485e-05
65930042;LD2;0.000141735967141274
65930073;LD2;0.000142949189078971
65930076;LD2;1.83736208444032e-06
65930097;LD2;1.49458424446682e-05
65930105;LD2;1.42898527966797e-06
65930112;LD2;1.66781909216282e-06
65930120;LD2;0.000159893628932453
65930138;LD2;4.16722197373711e-05
69855609;LD2;0.000402753376169398
69855642;LD2;0.000144514115820069
69855657;LD2;2.20015228447307e-05
69855660;LD2;3.8770202826114e-07
69855663;LD2;0.00138579503303882
69855711;LD2;5.19172596062833e-07
69855716;LD2;5.67654767891849e-07
69855729;LD2;2.58887529039211e-08
73042644;LD2;6.62782787851663e-06
73042678;LD2;5.36124265617925e-06
73042696;LD2;6.71793785445971e-05
73042708;LD2;7.20303415906416e-05
73042714;LD2;7.11861059160092e-05
73042741;LD2;6.70640722539246e-06
73042757;LD2;0.000229996540095205
77749709;LD2;0.00020454970116186
77749740;LD2;1.79067484023215e-05
77749743;LD2;1.5402403561238e-05
77749764;LD2;0.000116504342071505
77749772;LD2;7.12098088757064e-05
77749779;LD2;0.000213479773730542
77749787;LD2;9.97713262067555e-06
77749805;LD2;0.00019805198964699
90024446;LD2;0.00137085538499276
90024464;LD2;1.94381092041886e-05
90024470;LD2;0.000242764059119771
90024478;LD2;0.000582571801220932
90024481;LD2;0.000815556676234679
90024485;LD2;0.0101136786840896
90024508;LD2;0.000537094477812453
90024514;LD2;2.39751688488262e-05
90024520;LD2;0.00197445629704235
90024523;LD2;0.00145406911312613
90024527;LD2;4.37911445384202e-05
107685264;LD2;0.000111087431474604
107685310;LD2;3.6655120684149e-06
107685325;LD2;0.000190724948869671
107685336;LD2;2.39666884304926e-05
107685366;LD2;0.0001463558431761
125885834;LD2;7.4661802210769e-07
125885842;LD2;6.59975182022089e-06
125885849;LD2;2.53261049061308e-06
125885857;LD2;1.94260635388722e-06
125885869;LD2;3.79935756233428e-07
125885878;LD2;5.69912489422191e-06
125885881;LD2;1.97125165591844e-05
125885912;LD2;2.14878800181544e-05
125977931;LD2;3.20608816119846e-08
125977964;LD2;1.46341793555597e-06
125977985;LD2;5.99644401071553e-05
125978000;LD2;0.000153894079338169
125978026;LD2;7.71676416494947e-06
132753823;LD2;3.07008114112392e-05
132753869;LD2;5.5512810396177e-06
132753881;LD2;0.000191030759705823
132753895;LD2;9.50141737572285e-07
132753925;LD2;4.30211609144478e-07
138114649;LD2;5.36716912684477e-08
138114664;LD2;5.04864794307219e-06
138114675;LD2;0.000466371018965125
138254822;LD2;4.46821192551978e-06
138254829;LD2;0.00040273286518626
138254837;LD2;0.000104371790317126
138254849;LD2;1.89393387602109e-12
138254858;LD2;1.59436477196346e-07
138254892;LD2;2.8782961909924e-05
143809634;LD2;4.56066024147137e-07
143809665;LD2;3.56158324551189e-06
143809668;LD2;2.49124233947336e-07
143809677;LD2;1.1328780457401e-06
143809689;LD2;4.87401527769954e-07
143809697;LD2;6.89888815941787e-05
143809704;LD2;2.42354616664077e-06
143809709;LD2;3.77872140075762e-07
144816344;LD2;9.35030333049983e-06
144816365;LD2;1.31727645443292e-05
144816370;LD2;3.3417465429038e-05
144816385;LD2;4.73375031003073e-05
144816406;LD2;1.12072169784382e-05
162959888;LD2;2.0486003066937e-05
162959919;LD2;5.07256913997504e-06
162959922;LD2;4.05815390800264e-05
162959931;LD2;2.98795215560674e-05
162959943;LD2;9.96387071106637e-06
162959951;LD2;1.08840147397287e-05
162959958;LD2;4.11456836574171e-05
162959966;LD2;6.37299667162449e-05
162959984;LD2;6.27840801952655e-05
169500279;LD2;4.58906062326736e-05
169500287;LD2;0.00228699078792213
169500294;LD2;0.00380829025125961
169500323;LD2;0.000109163383842873
169500357;LD2;0.000831127247165224
170844619;LD2;4.2708434194301e-05
170844666;LD2;1.22235622719881e-05
170844727;LD2;1.77945322052241e-05
203679759;LD2;5.0468284389206e-05
203679785;LD2;2.69215256661854e-07
203679800;LD2;8.71254115690265e-07
203679821;LD2;1.04790575330802e-07
203679824;LD2;2.97749854011534e-06
203679855;LD2;5.39485156110171e-05
242728097;LD2;1.38648626490529e-06
242728135;LD2;4.93335065476485e-05
242728141;LD2;2.2725467118359e-05
242728148;LD2;1.33847145180138e-05
243861025;LD2;5.64844364977457e-06
243861031;LD2;4.9575600093889e-05
243861041;LD2;4.05056957665657e-06
243861064;LD2;1.51182647273072e-05
243861140;LD2;4.6761788016937e-05
267469899;LD2;9.52858466125692e-05
267469930;LD2;2.55883180428423e-05
267469933;LD2;3.35802269279547e-06
267469954;LD2;0.000280481468711973
267469969;LD2;2.58564441135868e-05
267469977;LD2;6.49150572702595e-06
267469995;LD2;1.15478578116034e-06
275420866;LD2;0.000167034771006954
275420912;LD2;0.000100340678386082
275420938;LD2;9.12041616555965e-08
305908726;LD2;7.53132966586424e-07
305908763;LD2;4.9748814211713e-06
305908769;LD2;5.09837713208056e-06
305908776;LD2;5.78247548178509e-06
305908817;LD2;2.45218937620634e-05
324109404;LD2;3.57858008111987e-06
324109419;LD2;0.000623151534978564
324109430;LD2;1.41389361733806e-05
324109460;LD2;3.12504232043236e-05
327901575;LD2;7.12486815882628e-05
327901585;LD2;5.9291308670001e-05
327901641;LD2;1.54864884702702e-05
327901650;LD2;0.000139617227684353
336189200;LD2;2.70623862989323e-05
336189230;LD2;3.15273747329285e-06
336189256;LD2;9.58841183005448e-06
336189302;LD2;1.16342937434164e-07
337107971;LD2;0.000424654839336704
337107988;LD2;5.7029406556284e-05
337108003;LD2;1.28552021462217e-05
337108073;LD2;0.000165121969038532
340753324;LD2;0.00347285716379704
340753354;LD2;4.3572117219851e-06
340753380;LD2;1.15394529167325e-05
340753426;LD2;0.000245060215206685
357802290;LD2;4.65987971637149e-05
357802321;LD2;2.3835250982694e-09
357802324;LD2;0.00027735685997618
357802345;LD2;1.06841074475626e-05
357802353;LD2;3.6090348661518e-07
357802368;LD2;1.7652198060303e-07
357802386;LD2;9.81641799095974e-06
365255831;LD2;5.47639849342277e-05
365255862;LD2;3.51845667836987e-06
365255865;LD2;2.76115340097043e-05
365255886;LD2;3.64711055838085e-07
365255894;LD2;4.95315352387218e-05
365255901;LD2;3.4848889433276e-05
365255909;LD2;3.09085986154217e-06
365255927;LD2;5.07639566415955e-05
382102444;LD2;2.90856877859343e-05
382102455;LD2;1.29193335890775e-05
382102516;LD2;0.000248668118382235
387043048;LD2;6.7914770939371e-05
387043066;LD2;1.98115769377693e-05
387043072;LD2;5.86659726331821e-06
387043122;LD2;0.00109852393261165
387043127;LD2;6.30645484854127e-05
387043135;LD2;7.00379725468492e-05
387043146;LD2;0.0017642194280841
387043153;LD2;2.83226173296722e-05
387043160;LD2;5.67699076254529e-06
405840317;LD2;3.17837353431545e-07
405840325;LD2;1.14897698203954e-05
405840332;LD2;4.80651030072526e-06
405840340;LD2;0.000100916483884291
405840364;LD2;6.44870279485924e-06
405840394;LD2;2.34481262309789e-06
412840749;LD2;0.000203250596531216
412840757;LD2;1.99153464257779e-05
412840764;LD2;1.195265280987e-05
412840772;LD2;6.53000188226537e-06
412840793;LD2;0.00108497738664107
412840796;LD2;1.68431960871827e-06
412840827;LD2;0.00134296631296727
417028402;LD2;3.41571973385391e-05
417028433;LD2;3.51012946416335e-07
417028436;LD2;2.75097142015486e-07
417028457;LD2;0.000111261156088044
417028472;LD2;6.60728478044812e-05
417028480;LD2;4.97092419062145e-05
417028498;LD2;0.000130732813465223
8884547;LD2;4.28488221191703e-05
8884590;LD2;0.00308929570502626
8884593;LD2;2.21683080814159e-06
8884608;LD2;0.00191952572849606
8884619;LD2;8.47444153875759e-06
11602703;LD2;2.97354067764815e-05
11602706;LD2;1.04799131721925e-06
11602713;LD2;1.06543477284471e-07
11602739;LD2;0.001182992745132
11602745;LD2;7.8740267668692e-10
11602777;LD2;2.17534017921065e-08
11602789;LD2;8.77336491448769e-05
11602821;LD2;0.000208263773476933
16552455;LD2;1.99943779190448e-05
16552485;LD2;1.16350051285787e-05
16552494;LD2;0.000132935715422215
16552557;LD2;2.43122818578566e-07
28170632;LD2;3.2321996125944e-07
28170635;LD2;5.11939652564755e-05
35179870;LD2;0.00546943892255264
35179900;LD2;2.00862480649782e-05
35179909;LD2;1.04764867392271e-06
35179911;LD2;0.00107063007538144
35179972;LD2;0.0012957642027178
35424117;LD2;1.44435346199928e-07
35424125;LD2;4.99698388289649e-05
35424132;LD2;8.34270751195049e-07
35424140;LD2;0.00014593426951463
35424152;LD2;3.16855203551098e-05
35424161;LD2;1.28318833479165e-05
35424164;LD2;7.85160049603638e-05
35424195;LD2;6.39560902081891e-06
47902204;LD2;3.04943528843256e-09
47902212;LD2;6.18815873967983e-09
47902219;LD2;2.27105614474411e-06
47902227;LD2;1.63382510159561e-06
47902239;LD2;4.82483266061766e-07
47902248;LD2;2.2304377893239e-05
47902251;LD2;2.75669232519737e-05
47902282;LD2;4.81908727085971e-06
55051260;LD2;2.60604431294059e-06
64280402;LD2;8.95730955821972e-06
64280448;LD2;7.73333243012858e-09
64280456;LD2;6.7226963683862e-06
64280474;LD2;2.03932395403483e-05
66738805;LD2;0.000238678579758842
66738866;LD2;1.34333139796749e-06
66738877;LD2;5.72832189528514e-05
66738907;LD2;3.16000576774362e-05
68999418;LD2;4.17959634066188e-05
68999464;LD2;2.54047192645946e-06
68999479;LD2;7.27993886263361e-07
68999490;LD2;8.81810997656157e-06
68999520;LD2;0.00132417298157387
78325001;LD2;1.16693397430682e-05
79722151;LD2;0.00016326549670068
79722168;LD2;6.17448828630405e-06
79722214;LD2;0.000311434065169698
80907690;LD2;0.000484606643524185
80907753;LD2;0.000409030837530588
80907762;LD2;8.46082693115224e-08
80907792;LD2;3.59896666671487e-05
82632488;LD2;7.34914701726402e-10
82632519;LD2;6.8572911357882e-06
82632551;LD2;0.000121213987967471
82632558;LD2;8.07026373493807e-07
82632566;LD2;1.63922246802967e-05
82632584;LD2;3.75517947130433e-05
92919073;LD2;4.77471757174918e-06
92919093;LD2;5.81328151436373e-06
92919128;LD2;5.05671951491054e-06
92919155;LD2;3.34711726210896e-05
92919158;LD2;4.09338284762181e-05
94268335;LD2;1.15754834672257e-05
94268343;LD2;0.000140350665050545
94268350;LD2;2.60834537707426e-06
94268358;LD2;2.32848016594136e-07
94268370;LD2;7.64792579000672e-06
94268379;LD2;1.40531916434691e-06
94268382;LD2;7.97828860347035e-05
94268412;LD2;1.50505283079084e-05
101474150;LD2;2.43515142262888e-05
101474158;LD2;3.08488613407373e-08
101474165;LD2;3.04018107679398e-06
101474173;LD2;7.61732448364344e-06
101474194;LD2;4.10973409127514e-06
101474197;LD2;5.23947889890717e-06
101474228;LD2;9.72770976663952e-06
110944382;LD2;3.43366497341602e-06
110944390;LD2;5.67458949927309e-08
110944397;LD2;1.35011976241575e-05
110944405;LD2;5.09813674630336e-06
110944417;LD2;5.95780390561609e-07
110944426;LD2;2.24230507597604e-08
110944429;LD2;2.0701220072586e-06
110944461;LD2;1.57049464676106e-05
117952551;LD2;5.06967420431928e-09
117952582;LD2;0.000150597609025059
117952585;LD2;0.000121114663554106
117952594;LD2;1.1264108392874e-05
117952606;LD2;8.61772751629732e-06
117952614;LD2;6.22002737757562e-06
117952621;LD2;1.18793311028773e-08
121406161;LD2;4.33017715741905e-05
121406167;LD2;0.000243794697732242
121406170;LD2;1.84252556280345e-05
121406185;LD2;1.32268693320475e-05
121406194;LD2;6.10240337029092e-05
121406197;LD2;3.22166848072931e-06
121406218;LD2;0.000197685966485517
121406220;LD2;2.91394421832491e-05
121406263;LD2;0.000111081640817999
121406267;LD2;7.06331521872341e-05
132185903;LD2;0.00041817918987641
132185906;LD2;1.8060837336757e-05
132185927;LD2;0.00057351889879517
132185935;LD2;3.02890077212808e-06
132185942;LD2;2.22620423823577e-05
132185968;LD2;5.66990775904646e-06
134909115;LD2;1.11287062669323e-07
134909161;LD2;6.33768146625265e-06
134909187;LD2;4.53819994610929e-07
134909427;LD2;7.20649112254055e-05
137275798;LD2;0.000320930606876758
137275807;LD2;6.15320686710009e-05
137275879;LD2;9.19342244369956e-05
137275895;LD2;1.80796851159412e-05
138122614;LD2;7.19313257895415e-05
138122620;LD2;5.18643295720007e-05
138122622;LD2;0.000774289268508281
138122628;LD2;0.000509875385809448
138122648;LD2;3.91136555083789e-05
138122654;LD2;1.58460085670418e-07
138122657;LD2;0.000223840491443316
138122677;LD2;0.000671185918760871
138122708;LD2;4.96373319838971e-05
138122719;LD2;6.21907185785269e-06
138437996;LD2;0.00104755369368666
138438031;LD2;0.00188393747125032
138438040;LD2;0.00293212084581952
138438043;LD2;5.11607557952238e-05
138438074;LD2;0.00124619217488332
138438091;LD2;0.000382879216655684
163613224;LD2;0.00024357667354073
163613293;LD2;2.46863860389241e-05
164932739;LD2;3.20955376753534e-07
164932770;LD2;3.12128245013196e-05
164932773;LD2;1.60887966679853e-05
164932782;LD2;0.000129918781544778
164932794;LD2;2.12861922835736e-05
164932802;LD2;2.27057407975255e-07
164932809;LD2;3.92913158580728e-05
164932814;LD2;0.000134832366150156
164932817;LD2;1.92670287323879e-06
180039205;LD2;0.000161574844038955
180039270;LD2;0.000211219905896256
180039292;LD2;0.000106171745479244
187196462;LD2;0.000328242459960239
187196538;LD2;3.26210969284868e-05
187196548;LD2;3.84855792732136e-06
187196571;LD2;9.89975468657697e-07
192211356;LD2;1.16388812616872e-05
192211389;LD2;1.24599411287167e-05
192211420;LD2;7.58400124290626e-06
192211450;LD2;4.37974071473699e-05
192211470;LD2;2.79378129189648e-05
192211478;LD2;1.87574561835013e-05
192211486;LD2;1.15120607428331e-06
192448567;LD2;7.99062086684809e-05
192448627;LD2;4.41686476488561e-05
192448639;LD2;0.000203906091489441
192448655;LD2;0.00113715350320435
196353702;LD2;5.1214944276731e-05
196353748;LD2;1.77217175031983e-15
196353763;LD2;8.91318606194369e-06
196353771;LD2;0.000187645500275173
196353774;LD2;4.2062801218169e-07
196353804;LD2;2.60036972599588e-06
196353819;LD2;1.69197638979621e-05
197772174;LD2;1.61358310821567e-05
197772204;LD2;1.84888802467383e-06
197772230;LD2;2.38837474246372e-05
197772276;LD2;1.41385398045029e-05
198188985;LD2;1.50325853857139e-06
198189031;LD2;2.32332466755471e-06
198189046;LD2;1.34736301056876e-05
198189057;LD2;9.93644889710188e-10
198189087;LD2;0.000190803136529946
201806296;LD2;1.43494229554431e-07
201806308;LD2;7.58974409177159e-05
201806326;LD2;4.75363903533392e-06
201806337;LD2;6.45573120200799e-06
201806352;LD2;0.000320428597385662
201806386;LD2;0.000154477536197098
201806398;LD2;9.00712136154315e-07
210500367;LD2;2.0822441638091e-05
210500378;LD2;1.83136115106641e-05
210500399;LD2;0.000161011711171628
210500401;LD2;0.000338762476029573
210500424;LD2;1.01291407903456e-05
210500451;LD2;1.04385703422389e-06
210500458;LD2;3.01807930311872e-05
210500463;LD2;2.26095116820282e-05
214151975;LD2;1.3951364012747e-08
214151983;LD2;2.13156076459089e-08
214151991;LD2;1.38408599990766e-07
214152007;LD2;6.96559342504441e-05
214152033;LD2;1.5116384404671e-05
214152072;LD2;4.24737949934963e-05
235467763;LD2;1.79363225748878e-05
235467793;LD2;4.47666583179604e-07
235467802;LD2;0.000101640241572506
235467865;LD2;2.66571487513377e-06
242766005;LD2;1.66067275373616e-05
242766013;LD2;1.7436981378252e-05
242766020;LD2;3.43548364533371e-06
242766028;LD2;3.89042011417173e-05
242766040;LD2;1.58379727870986e-05
242766049;LD2;4.53146719137437e-05
242766052;LD2;3.15890648783002e-05
242766083;LD2;0.00012367743144922
261697294;LD2;6.25807457536339e-06
261697306;LD2;2.45357391300768e-05
261697310;LD2;1.44916077187407e-05
261697315;LD2;8.3928473750914e-08
261697321;LD2;0.000151483557376197
261697333;LD2;6.68079340400469e-05
261697335;LD2;9.57214365621028e-05
261697339;LD2;8.2827430617017e-05
261697348;LD2;9.24119587425255e-05
261697354;LD2;5.18254214146791e-06
261697357;LD2;6.74898070039013e-07
261697364;LD2;0.000159320885177334
261697366;LD2;9.73898619890289e-05
261697382;LD2;4.5717689885225e-05
261697386;LD2;1.68447150083135e-05
261697403;LD2;3.81556118047109e-05
261697417;LD2;1.55158787114046e-05
264343333;LD2;2.16792786579001e-08
264343341;LD2;2.82966159826053e-05
264343344;LD2;1.65207200635716e-08
264343374;LD2;0.0172871509720988
273850210;LD2;0.000121100992465993
273850256;LD2;9.05628076914327e-06
273850271;LD2;3.16798049083005e-06
273850312;LD2;9.86083836500856e-05
273850327;LD2;5.21760635946391e-05
281894731;LD2;2.39257868378263e-06
281894746;LD2;0.00023010367625746
281894757;LD2;4.78517043259311e-06
281894787;LD2;5.37256712093505e-07
294358278;LD2;9.11680296296175e-07
294358309;LD2;4.4061255947584e-05
294358312;LD2;0.000233731623444515
294358321;LD2;0.000144608361738911
294358348;LD2;2.91075495085573e-05
294358356;LD2;1.56751081541841e-07
307829898;LD2;3.93869584474705e-06
307829906;LD2;2.12453460092776e-07
307829913;LD2;4.98712824813139e-05
307829921;LD2;4.07933431063591e-06
307829942;LD2;1.08767710927729e-05
307829945;LD2;8.0810531650061e-06
307829976;LD2;4.26166534625533e-06
310441756;LD2;1.67833522140137e-06
310441786;LD2;8.16118294601633e-11
310441795;LD2;1.80501434487105e-08
310441812;LD2;2.61617451807359e-07
310441858;LD2;1.43990687833273e-06
321731497;LD2;1.41869146019859e-05
321731527;LD2;5.82863342887267e-07
321731538;LD2;2.27565620774377e-05
321731553;LD2;2.55188732483672e-05
321731599;LD2;3.03049580045224e-05
322654506;LD2;0.000195313149200644
322654552;LD2;0.000101301135121057
322654567;LD2;0.000600180589238127
322654578;LD2;3.59044467022228e-05
322654608;LD2;1.32148637857902e-05
332163576;LD2;1.23270663960083e-05
332163622;LD2;3.27053695110646e-05
332163639;LD2;4.74253510825078e-05
332163648;LD2;3.36638872747177e-06
332163678;LD2;9.18481438286626e-06
335904101;LD2;5.64877951202545e-08
335904132;LD2;1.39799322521985e-05
335904135;LD2;3.26928648232023e-05
335904144;LD2;2.30115579721165e-05
335904156;LD2;3.90209127937942e-08
335904164;LD2;2.10688425722051e-05
335904171;LD2;4.54287643077491e-07
335904179;LD2;8.68049527444022e-07
335904194;LD2;1.96844642418174e-06
337394923;LD2;3.92464157336325e-08
337394954;LD2;1.13282846393909e-06
337394966;LD2;4.07242732196881e-06
337394978;LD2;3.77077817682442e-07
337394986;LD2;9.29569076921694e-07
337394993;LD2;3.23802007053132e-08
337395001;LD2;3.37074769644567e-07
337471012;LD2;2.0368772515353e-05
337471046;LD2;9.21701855103792e-06
337471067;LD2;4.28784277089739e-05
337471082;LD2;0.000147800967426297
337471108;LD2;1.27136753547244e-07
346180179;LD2;1.47639602215687e-05
346180210;LD2;4.04096949693178e-06
346180213;LD2;4.1650554918392e-05
346180234;LD2;2.55663299683091e-05
346180242;LD2;3.00116268494553e-06
346180249;LD2;9.52724044821341e-05
346180257;LD2;4.07485671802578e-05
361030647;LD2;6.59491790943448e-05
361030678;LD2;1.44476331556867e-06
361030681;LD2;1.31772149919346e-07
361030690;LD2;0.000530056966394328
361030702;LD2;1.93179351359396e-05
361030710;LD2;5.79136895455862e-06
361030717;LD2;1.24839268022201e-06
361030725;LD2;1.74952109698774e-06
361617480;LD2;0.0149732690813082
361617550;LD2;7.20463984942215e-06
363173128;LD2;4.47646882972286e-06
363173144;LD2;1.75601991258976e-05
363173146;LD2;0.000203114887571143
363173150;LD2;1.04692937585653e-07
363173182;LD2;5.71799763402876e-05
363173194;LD2;5.12886982968655e-06
363173230;LD2;2.08273062474289e-06
371323752;LD2;6.10941354931965e-05
371323767;LD2;0.016052566190766
371323797;LD2;1.24596599121586e-07
371323800;LD2;2.20323592600887e-09
371323808;LD2;6.84915653136587e-06
371323829;LD2;5.49765241666042e-06
371323869;LD2;4.04745506513048e-05
378785001;LD2;5.78940111566139e-09
378785032;LD2;3.33478884818005e-06
378785035;LD2;7.58398578679261e-06
378785044;LD2;2.91424141265611e-06
378785056;LD2;1.34523958689826e-06
378785064;LD2;1.05238852117411e-06
378785071;LD2;7.01842373429127e-07
378785079;LD2;9.21071445084717e-07
379449347;LD2;1.68177293516083e-05
379449362;LD2;2.78289521592493e-06
379449373;LD2;6.05195995686992e-05
379449389;LD2;0.00111207938237027
379449403;LD2;8.27342452659114e-05
379449424;LD2;0.000555875570555429
380657533;LD2;7.37911532343214e-06
380657579;LD2;0.000346897515165299
380657605;LD2;0.000155845581907677
387117313;LD2;1.72897606746017e-07
387117321;LD2;1.58813043308733e-06
387117328;LD2;1.16535255742049e-05
387117336;LD2;7.03275994795233e-06
387117348;LD2;5.3832259170856e-07
387117357;LD2;1.1120871505292e-06
387117360;LD2;1.04735738187695e-05
387117391;LD2;4.08224839590775e-07
396536210;LD2;7.37283427916464e-06
396536271;LD2;1.93052556261173e-05
396536279;LD2;1.11760464000033e-06
396536312;LD2;6.65186274163904e-06
396536327;LD2;1.0308519048787e-06
399078744;LD2;2.61065266914964e-05
399078790;LD2;7.94672571543989e-06
399078816;LD2;6.55042362906912e-06
399078846;LD2;2.11729558244094e-05
399078978;LD2;7.5000173068037e-06
399078986;LD2;1.94008087095286e-06
399078993;LD2;0.000146240493912904
399079001;LD2;0.000139220300735948
399079013;LD2;1.18464569616686e-06
399079022;LD2;1.17436021716778e-05
399079056;LD2;9.58596006411057e-06
411516773;LD2;5.82164204404123e-05
411516804;LD2;5.71214568134206e-05
411516807;LD2;2.49497928792562e-05
411516816;LD2;4.11059901156915e-06
411516828;LD2;3.63017421408603e-05
411516836;LD2;5.15218428962727e-05
411516843;LD2;3.86405620075246e-05
411516851;LD2;2.52197277568492e-07
416409519;LD2;0.000885677637340346
416409591;LD2;4.55728712774138e-05
416409621;LD2;3.72032103369646e-05
417258053;LD2;2.71210903642397e-06
417258084;LD2;3.39280767336458e-05
417258096;LD2;1.60917598933362e-09
417258108;LD2;1.96369840330797e-05
417258123;LD2;2.66999972979832e-06
417258131;LD2;4.73048960384515e-06
422835386;LD2;9.39394963577844e-05
422835488;LD2;0.00019747800220033
423765844;LD2;0.000148646295371784
423765890;LD2;5.4992189929607e-05
423765905;LD2;3.90662298583373e-07
423765916;LD2;9.91880256132093e-06
423765946;LD2;1.97135312335516e-05
424904492;LD2;0.000254135642817587
424904523;LD2;6.64868055241263e-08
424904526;LD2;1.21298368116807e-06
424904535;LD2;1.96903580667301e-05
424904547;LD2;3.41299408307223e-06
424904555;LD2;0.000100953346326324
424904562;LD2;1.65612384970939e-07
424904570;LD2;6.06636574801559e-06
425057729;LD2;4.96594438162973e-05
425057759;LD2;3.12530094164387e-07
425057768;LD2;9.56757806191229e-05
425057770;LD2;4.39432914496377e-08
425057785;LD2;7.44542721482407e-05
425057831;LD2;5.38785068903615e-05
426708933;LD2;4.54646423875239e-06
426708979;LD2;1.18252285763868e-06
426708996;LD2;5.03795533544187e-05
426709005;LD2;1.20080893518616e-05
426709023;LD2;1.74139995931293e-06
426709035;LD2;1.20620453190311e-06
430827522;LD2;1.15874292088902e-05
430827568;LD2;5.04348982935542e-05
430827583;LD2;0.000191744181023437
430827594;LD2;2.89524021647143e-05
430827624;LD2;4.40141837511701e-05
435048708;LD2;6.06407561828537e-05
435048738;LD2;3.20972943033163e-06
435048749;LD2;0.000549870872958461
435048764;LD2;6.83060611663379e-05
435048798;LD2;0.000504133369967388
435048810;LD2;0.000107767119516052
437343104;LD2;2.00979666174561e-07
437343150;LD2;6.72054182345495e-10
437343167;LD2;5.55128425007284e-06
437343176;LD2;2.85230927038252e-07
437343206;LD2;2.18892779169539e-05
437605387;LD2;4.60205948919131e-06
437605394;LD2;1.99616519339703e-05
437605402;LD2;1.48192935324267e-05
437605423;LD2;1.99293862904549e-05
437605426;LD2;2.66047875588292e-05
437605457;LD2;0.000147508153311929
440437731;LD2;3.19011198383253e-06
440437762;LD2;0.000898480257940838
440437765;LD2;2.22877897726464e-08
440437786;LD2;4.09894744412549e-05
440437794;LD2;4.86868063141042e-05
440437801;LD2;2.15513489590878e-06
440437809;LD2;2.30485477660022e-05
450231583;LD2;3.28525635713225e-06
450231613;LD2;2.76259014738786e-06
450231639;LD2;0.0112640954365852
450231685;LD2;0.000445595839670153
451692639;LD2;0.000309823981587338
451692678;LD2;3.8922732126681e-05
451692709;LD2;1.59630811562618e-05
463836521;LD2;0.000294637771594693
463836551;LD2;2.66698302738907e-05
463836577;LD2;0.000593670093207409
465039346;LD2;1.09847414999142e-05
465039354;LD2;1.16906673363317e-05
465039361;LD2;3.20259007116351e-08
465039369;LD2;1.40297680274942e-05
465039381;LD2;2.01918037025652e-06
465039390;LD2;1.68005359959577e-07
465039393;LD2;1.92160019650532e-07
465039424;LD2;3.91862227695618e-07
465582520;LD2;2.15639131344943e-07
465582551;LD2;3.11061867163799e-06
465582554;LD2;1.5345566994125e-05
465582563;LD2;1.10305527464564e-08
465582575;LD2;1.02173548793888e-07
465582590;LD2;8.98135717941616e-05
465582598;LD2;4.38131464419126e-05
474784176;LD2;1.08249464196074e-06
474784210;LD2;9.74634071457783e-05
474784246;LD2;9.90363100207142e-05
474784272;LD2;2.12762692952179e-05
478780807;LD2;4.14892082034859e-06
478780853;LD2;2.39006569643787e-06
478780879;LD2;5.17747433440446e-06
481320640;LD2;8.17201050722062e-06
481320670;LD2;2.56207413758689e-05
481320681;LD2;1.04476288362806e-05
481320696;LD2;8.57359474401432e-06
481320742;LD2;0.000350276773550372
483875866;LD2;1.32175653438511e-05
483875961;LD2;0.000123175282277657
483875966;LD2;0.000623836614446521
483875975;LD2;2.3182181325836e-06
483875983;LD2;0.000208235461547857
484803859;LD2;4.23513766622889e-05
484803922;LD2;2.73430518764901e-05
484803931;LD2;2.36291734882688e-05
484803961;LD2;0.000113385635120634
490032439;LD2;2.65798048365435e-05
490032447;LD2;6.24620057094718e-06
490032454;LD2;2.81466978662698e-05
490032462;LD2;2.42480466260537e-05
490032474;LD2;2.27798242212856e-05
490032483;LD2;1.54076418061358e-06
490032486;LD2;1.84710679853974e-08
490032517;LD2;0.000143953752955043
490701782;LD2;3.31686888530205e-06
490701854;LD2;2.86691371641436e-06
490701884;LD2;2.45929283254679e-05
491495572;LD2;4.56614909907748e-05
491495619;LD2;0.000595120306677872
491495680;LD2;0.00039954194859758
496837886;LD2;1.18359088171473e-06
496837917;LD2;2.44515493171869e-07
496837920;LD2;0.000194214994482782
496837941;LD2;3.2863927719424e-06
496837949;LD2;9.77227071164558e-06
496838096;LD2;2.67883627976218e-05
496838126;LD2;0.000202978992867995
496838135;LD2;0.00515226642503992
496838152;LD2;2.18072225312064e-05
496838198;LD2;4.21076388831035e-06
501330469;LD2;3.51510059697282e-05
501330500;LD2;1.52811848300166e-10
501330524;LD2;2.97764041907363e-06
501330539;LD2;3.4178085706099e-05
501330547;LD2;9.0825848245807e-06
501330565;LD2;1.63275746698286e-07
501614587;LD2;4.67451219633111e-06
501614645;LD2;2.44410784946597e-07
501614648;LD2;6.00823197856141e-08
501614680;LD2;1.08689988735716e-06
501726231;LD2;7.15711381563695e-05
501726234;LD2;8.70112058203237e-05
501726240;LD2;0.000221775350855857
501726247;LD2;3.73547865170063e-06
501726289;LD2;2.31078611474488e-05
501726315;LD2;8.63003790439192e-05
4048017;LD2;0.000319810210110939
4048047;LD2;1.1129133352491e-08
4048073;LD2;1.03342571262083e-06
4048119;LD2;0.000404257692303436
6823329;LD2;0.00407629725806194
6823390;LD2;0.000742011622055769
6823401;LD2;4.56726448291953e-06
6823431;LD2;2.13606795564393e-06
7081712;LD2;0.000103648674521356
7081740;LD2;9.38226492489916e-05
7081746;LD2;6.23736337339459e-05
7081763;LD2;6.23769465706567e-06
7081766;LD2;2.76514778040897e-06
7081809;LD2;1.54696141659172e-05
8851715;LD2;2.64418058174004e-07
8851741;LD2;4.17091736388079e-06
8851787;LD2;0.000452531248078886
20160970;LD2;5.07631608798644e-05
20161000;LD2;1.3763058267692e-06
20161011;LD2;1.51010947343884e-05
20161026;LD2;5.75761985171024e-05
20161072;LD2;5.9672155345228e-09
27583694;LD2;0.00101994337987118
27583755;LD2;2.90666649754323e-05
27583784;LD2;3.82705956721507e-05
27583802;LD2;3.23357452403082e-05
28344784;LD2;0.000166404057171099
28344791;LD2;2.17829657533311e-06
28344798;LD2;0.000109329680295826
28344806;LD2;4.00905163876587e-05
28344809;LD2;0.00042724096153852
28344817;LD2;0.000136759180775352
28344822;LD2;0.0001538669042548
28344872;LD2;0.0012478943765461
49300817;LD2;9.25042849267167e-06
49300824;LD2;2.88465630005615e-07
55775037;LD2;3.81978103325898e-05
55775118;LD2;0.000184133052449165
55775126;LD2;6.59271525537314e-08
55775134;LD2;8.66978655940086e-07
59893188;LD2;0.00011218109322264
59893197;LD2;2.88583103380922e-05
80069352;LD2;0.000874643812980793
80069367;LD2;0.000153437924455694
80069375;LD2;1.16892130118807e-06
80069378;LD2;1.76128693703253e-05
80069408;LD2;1.66806329817801e-05
80069423;LD2;4.5491542941417e-05
87821616;LD2;5.5920720191524e-05
87821627;LD2;5.88221818141788e-05
87821642;LD2;6.99384058994786e-05
87821688;LD2;6.74553655263625e-05
89478421;LD2;5.92083209451402e-09
89478467;LD2;2.74157094041906e-07
89478482;LD2;1.17722126308704e-06
89478493;LD2;1.32443247079353e-05
89478514;LD2;2.84139277140985e-06
89478523;LD2;4.9833227926342e-06
94491898;LD2;3.22664838042797e-07
94491944;LD2;2.3259728451606e-07
96581823;LD2;6.09831681978276e-06
96581865;LD2;0.000381291961109178
96581887;LD2;0.000478330891813126
96581893;LD2;8.50513228898189e-05
96581896;LD2;3.17048933034717e-08
96581908;LD2;0.000767046478961031
96581925;LD2;3.24939294016801e-06
96837055;LD2;0.00019711585945969
96837087;LD2;3.96052127577018e-05
96837118;LD2;1.32154546050931e-05
96837148;LD2;1.82120810705816e-06
96837168;LD2;2.38200488401921e-05
96837176;LD2;9.75978720985677e-05
108631695;LD2;0.000117161245658228
108631705;LD2;4.74967987331612e-05
108631715;LD2;0.000369602119828511
108631725;LD2;1.88534780512598e-05
108631760;LD2;8.2434019325282e-05
108631779;LD2;0.000135659188490504
108631791;LD2;0.000210061962880844
108631812;LD2;0.000131151828556875
110474002;LD2;1.77122760911138e-05
110474031;LD2;3.4104932904181e-05
110474039;LD2;0.000290188539341678
110474045;LD2;6.31857779886878e-08
110474051;LD2;3.08320486453309e-08
110474074;LD2;0.000257604670604437
110474078;LD2;1.66086237104045e-06
110474081;LD2;7.13972444295931e-07
110474089;LD2;4.06984510727003e-05
120848658;LD2;5.56444258472335e-05
120848688;LD2;1.69946764267413e-06
120848699;LD2;0.000172896793956943
120848760;LD2;0.000320277650225908
121916811;LD2;0.000102184805201147
121916835;LD2;0.000734627564686164
121916840;LD2;2.16013539589719e-05
121916861;LD2;7.63793673027107e-06
121916874;LD2;7.81721326285409e-06
124774154;LD2;0.00428403057151243
124774180;LD2;0.015182919646545
124774207;LD2;0.00148269207466808
124774216;LD2;0.00846540703210126
124774219;LD2;0.000392928081045947
124774250;LD2;0.00208723690371574
124774267;LD2;8.78562061187281e-06
209141446;LD2;0.00280278627564663
209141487;LD2;6.80337359621432e-05
209141531;LD2;7.10137319732287e-05
222371520;LD2;5.63594887191604e-06
222371536;LD2;3.49943877702625e-05
222371608;LD2;9.09396990659562e-08
222371617;LD2;8.68449435407027e-05
242836628;LD2;4.71812320518654e-05
242836638;LD2;2.32938111156932e-08
242836694;LD2;5.1735157758027e-05
242836703;LD2;2.30325424476484e-06
242836745;LD2;5.52542391361169e-07
261003977;LD2;7.69883547246791e-05
261003995;LD2;2.6004321054246e-06
261004003;LD2;7.5005954415081e-05
261004010;LD2;7.47678146442343e-06
261004018;LD2;3.79493151594154e-08
261004039;LD2;4.54473960603185e-07
261004042;LD2;5.41124030454571e-06
261004073;LD2;5.59265620456852e-05
269099198;LD2;1.17454634813345e-05
269099228;LD2;3.58784426560675e-06
269099239;LD2;0.000112394494661324
269099254;LD2;4.04339616403618e-08
269099300;LD2;1.00013171096537e-06
274696405;LD2;8.59422966233149e-06
274696419;LD2;2.47505435351531e-07
300611344;LD2;7.07079725861078e-05
300611405;LD2;2.70541471526595e-05
332871148;LD2;1.25600850493316e-05
332871178;LD2;2.8843070244311e-05
332871189;LD2;7.58149590375503e-05
332871204;LD2;3.83985635965209e-05
332871250;LD2;6.88697509788759e-08
366180917;LD2;0.00248785405322139
368125162;LD2;9.88980407684753e-05
368125186;LD2;0.000668127256495164
368125192;LD2;0.000176816480577719
368125203;LD2;0.000735294210019508
368125218;LD2;5.4701088026423e-06
368125264;LD2;9.53697436678592e-05
382600075;LD2;2.50018045873466e-06
382600083;LD2;7.76907116232196e-07
382600090;LD2;4.68926518795034e-06
382600098;LD2;1.42889024768534e-06
382600110;LD2;2.70905783126476e-07
382600119;LD2;2.26476480266621e-07
382600122;LD2;7.96794949860806e-07
382600153;LD2;1.17739467415145e-05
394040893;LD2;1.5135624004923e-05
394040924;LD2;2.11479838799299e-05
394040927;LD2;6.03376552515857e-06
394040936;LD2;2.7155813839683e-05
394040956;LD2;5.5866426841976e-05
394040963;LD2;7.08468700793633e-08
394040971;LD2;1.70635540825237e-08
409777639;LD2;0.00355668314420959
421998587;LD2;1.42527470151676e-06
421998617;LD2;3.56334628046349e-05
421998628;LD2;0.000525286477076825
421998643;LD2;5.48970173948072e-06
421998689;LD2;0.000398192224253253
435472287;LD2;6.72831475470277e-05
435472321;LD2;6.08611447319677e-05
435472357;LD2;0.00252796038946352
435472362;LD2;0.000190368063105489
435472383;LD2;0.00117286792426536
438772082;LD2;8.09722370241155e-05
438772113;LD2;1.32382248196328e-05
438772116;LD2;4.43053231549574e-06
438772137;LD2;1.87038588180296e-05
438772145;LD2;3.77526635744112e-08
438772152;LD2;1.55944620565704e-05
438772160;LD2;8.40826097333519e-07
438772178;LD2;3.52799593706704e-05
440087145;LD2;0.000674548888996801
440087148;LD2;0.00101224855645528
440087177;LD2;1.24423186777217e-05
440087198;LD2;3.49253366586141e-05
440087221;LD2;0.000448398807457789
440087224;LD2;1.78346317621774e-06
440087238;LD2;9.5396480183085e-05
443547678;LD2;8.34678157411798e-06
443547708;LD2;3.74961123138216e-06
443547719;LD2;0.000115988421662114
443547734;LD2;1.31904520636601e-06
443547780;LD2;8.07299311792029e-05
451346332;LD2;0.000111814824429593
451346350;LD2;1.0540000649476e-05
451346358;LD2;1.38588933104697e-05
451346365;LD2;6.41920815065906e-06
451346373;LD2;1.60922341728603e-05
451346394;LD2;3.43432645545323e-05
451346397;LD2;2.5273096710747e-06
451346427;LD2;6.12010612076454e-06
453259360;LD2;2.79582274852431e-07
453259391;LD2;7.05455456792266e-05
453259394;LD2;0.000163220859423568
453259415;LD2;0.00169387703546279
453259423;LD2;0.000120170608391207
453259430;LD2;1.41432297555559e-05
453259438;LD2;0.00119880342323514
453259456;LD2;0.000337938224085952
964555;LD2;9.75730493372172e-07
964601;LD2;3.90869108952956e-08
964618;LD2;2.84082026660769e-06
964627;LD2;4.48370693098759e-06
964657;LD2;3.69200271314539e-05
964673;LD2;6.57726580765057e-05
8588101;LD2;1.53034541106675e-05
8588112;LD2;1.64790483452519e-05
8588145;LD2;2.71502515575692e-05
8588150;LD2;5.69398472247029e-05
8588191;LD2;9.63840910635008e-06
17189736;LD2;6.65860209357378e-05
17189766;LD2;1.77347498594353e-06
17189792;LD2;0.000287387526564225
17189838;LD2;5.88220640030075e-05
22761366;LD2;2.84647376815954e-08
22761396;LD2;3.77202762815165e-05
22761399;LD2;2.06250149400185e-08
22761408;LD2;2.33295701430539e-07
22761420;LD2;3.52208974675866e-07
22761428;LD2;8.97135128025992e-09
22761435;LD2;5.13934639661854e-08
22761443;LD2;1.81225471437456e-06
23791679;LD2;1.46771090956758e-05
23791740;LD2;1.06226690223477e-05
23791751;LD2;5.08778493875959e-05
23791769;LD2;4.24084949277683e-07
31611575;LD2;2.06692551821823e-05
31611631;LD2;2.09009540531855e-05
31611677;LD2;9.45018812607137e-05
32551868;LD2;2.75725021621463e-07
32551898;LD2;8.03619200778624e-07
32551907;LD2;1.06580790657464e-05
32551924;LD2;2.56909916733806e-06
32551970;LD2;0.000106815846627929
34432036;LD2;2.76991058328142e-05
34432038;LD2;1.45224075467806e-08
34432048;LD2;1.27238737920207e-05
34432050;LD2;1.64678991869779e-06
34432060;LD2;2.42166145267652e-06
34432075;LD2;5.06120608949036e-06
34432077;LD2;1.23150302881863e-06
34432087;LD2;7.94268906344352e-06
34432105;LD2;1.43352149883317e-05
34432114;LD2;1.79986264731647e-06
34432120;LD2;1.23864761393652e-05
34432126;LD2;2.10853778873153e-06
34432131;LD2;5.73580785659508e-06
34432141;LD2;9.78221992595484e-09
34432144;LD2;1.47079873556651e-05
34432151;LD2;1.89919201121371e-05
34432153;LD2;2.38857976154842e-06
35263953;LD2;3.64937628515326e-06
35263956;LD2;5.02477214049114e-06
35263959;LD2;4.31372033851659e-06
35263967;LD2;3.66559872877769e-09
35263992;LD2;4.26929898613605e-05
35264000;LD2;4.48014041548274e-06
35264018;LD2;3.77753459814762e-07
35264024;LD2;8.39318007887016e-05
35264033;LD2;6.57500867471811e-06
35264036;LD2;5.2776962155492e-05
35264039;LD2;1.72458863187946e-05
35264055;LD2;4.60520433782064e-06
35846131;LD2;1.79120959104078e-05
35846146;LD2;2.90938265900752e-07
35846154;LD2;4.94333519340337e-05
35846166;LD2;8.36466691813564e-06
35846175;LD2;1.07858111140934e-05
35846209;LD2;3.13498944028162e-05
36741442;LD2;6.5000971823737e-05
36741544;LD2;1.79338513978872e-05
39846468;LD2;3.20642309667124e-07
39846523;LD2;6.65587740117017e-06
39846531;LD2;2.71042620286801e-05
39846538;LD2;0.000160785989829842
39846546;LD2;7.29572452339138e-06
39846564;LD2;5.50002261783727e-06
48442384;LD2;1.52801318697364e-05
48442415;LD2;2.75316811436779e-05
48442418;LD2;5.28762153047399e-06
48442439;LD2;7.20963213435745e-05
48442447;LD2;1.35705844579109e-05
48442462;LD2;2.83422438355549e-05
60668533;LD2;1.34478326334836e-06
60668563;LD2;1.70050511319043e-05
60668574;LD2;2.10103582338306e-05
60668635;LD2;3.58453145467145e-05
65200606;LD2;2.34541018992143e-05
65200630;LD2;8.94413240701083e-06
65200661;LD2;8.84964434334284e-07
66336454;LD2;6.53876672011153e-06
66336459;LD2;4.28087117373326e-05
66336461;LD2;2.21828067391114e-07
66336470;LD2;3.83573379969316e-05
66336475;LD2;7.83809842739055e-07
66336485;LD2;2.94757152270025e-05
66336505;LD2;2.6443585906781e-05
66336523;LD2;3.69102970824213e-06
66336549;LD2;1.31229236922591e-06
66336555;LD2;0.000181833662144968
66336564;LD2;2.70289013547606e-05
66336571;LD2;2.1122318431625e-05
66336580;LD2;4.93878905838045e-05
68372884;LD2;8.55909372872671e-06
68372930;LD2;1.61086007856161e-07
68372947;LD2;1.78884519772426e-06
68372956;LD2;1.15380100502909e-05
68372986;LD2;3.0188124155835e-10
71904398;LD2;4.88787604298958e-06
71904428;LD2;1.44566359349365e-07
71904439;LD2;8.89412009237271e-06
71904454;LD2;6.05384781747444e-07
71904500;LD2;8.37783778829923e-06
75582462;LD2;8.24837152039574e-06
75582501;LD2;0.000144033582551208
75582564;LD2;1.51298178239753e-05
106934502;LD2;6.1876918391367e-06
106934510;LD2;3.39723099935126e-05
106934517;LD2;5.87442657333598e-06
106934525;LD2;8.8692928489294e-05
106934537;LD2;2.49997425186992e-05
106934546;LD2;1.50855643996679e-06
106934549;LD2;5.64709334746939e-08
131780131;LD2;4.28559872244616e-05
131780163;LD2;0.000135557947583144
131780188;LD2;3.19224099886946e-05
131780204;LD2;3.07782971901666e-06
131780210;LD2;1.14908386520718e-05
131780215;LD2;1.47602633996896e-05
157415793;LD2;7.42839448611763e-06
157415839;LD2;5.84598701677797e-06
157415856;LD2;1.32168595800026e-08
157415865;LD2;6.77450003612177e-06
157415895;LD2;1.57379466705979e-05
158564086;LD2;1.36461715277052e-05
158564101;LD2;1.80762435841192e-06
158564109;LD2;0.00282602105630518
158564121;LD2;0.00196520331158275
158564130;LD2;2.21491086691375e-05
158564133;LD2;0.000210229867322208
165228821;LD2;7.25128101768978e-06
165228851;LD2;6.43764724941297e-07
165228860;LD2;0.000271254785778077
165228877;LD2;2.26210905718892e-07
165228923;LD2;1.46683144096669e-06
173305489;LD2;1.03724712603884e-06
173305522;LD2;1.27765564433647e-05
173305530;LD2;2.71250257233488e-06
173305542;LD2;6.81697348411794e-05
173305551;LD2;9.41872265552142e-08
173305554;LD2;1.61362052220642e-05
179281163;LD2;4.81521953584225e-08
179281166;LD2;2.35848104171321e-07
179281169;LD2;1.1426965290848e-06
179281177;LD2;1.30256335921542e-07
179281202;LD2;2.22716138075603e-06
179281210;LD2;4.53352295817859e-07
179281229;LD2;2.16461736353989e-06
179281235;LD2;1.20852469967436e-06
179281244;LD2;1.99716852434537e-06
179281247;LD2;3.88554940904502e-07
179281250;LD2;2.10018091703406e-06
179281258;LD2;3.33231376489863e-08
179281266;LD2;4.35830240582132e-09
223631285;LD2;0.000237408520259976
223631311;LD2;3.08724473124127e-07
223631318;LD2;1.41359469999523e-07
223631338;LD2;7.65141067178355e-05
223631347;LD2;4.00688019936648e-06
223631350;LD2;4.26386496556979e-06
231921462;LD2;5.39221058863281e-05
231921492;LD2;1.63648830432632e-05
231921518;LD2;1.48606457066705e-06
231921564;LD2;5.29558548058931e-05
257838498;LD2;7.2276012927695e-06
257838544;LD2;4.6046722197111e-06
257838561;LD2;5.43894338139143e-08
257838570;LD2;4.28411521918878e-06
257838600;LD2;3.92103979363116e-07
287358572;LD2;0.000110352064657924
287358601;LD2;2.19553583852919e-05
287358619;LD2;5.34190106058817e-05
299072431;LD2;2.22321451099227e-05
299072471;LD2;0.000337305672216538
299072474;LD2;0.000310653549300258
299072492;LD2;1.03359617359915e-06
299072507;LD2;5.676025914216e-06
303235117;LD2;8.88502993987237e-05
303235135;LD2;5.22656181811872e-05
303235143;LD2;0.000343617966035946
303235150;LD2;6.18166920852324e-06
303235158;LD2;5.44823184548551e-05
303235170;LD2;3.63133836916373e-05
303235179;LD2;9.46491586702411e-05
303235182;LD2;6.28889312369752e-06
303235213;LD2;2.86957526479999e-05
312509415;LD2;6.70927036595749e-05
312509422;LD2;0.000259111912342736
312509445;LD2;0.000425237431662436
312509455;LD2;2.22464818316074e-05
312509466;LD2;1.59458630564803e-05
312509487;LD2;7.29190312786857e-05
312509522;LD2;0.000480677625684052
312509532;LD2;0.0002976052716473
325902720;LD2;3.57483409405956e-05
325902751;LD2;1.82192800673594e-06
325902754;LD2;2.62476378674987e-06
325902763;LD2;0.00116869288111122
325902775;LD2;0.000138764819607244
325902783;LD2;0.000168464708371371
325902790;LD2;6.04291871263959e-05
327111576;LD2;3.93687371193304e-05
327111607;LD2;9.16424063540166e-07
327111610;LD2;1.04488743548414e-05
327111631;LD2;0.00108297871016005
327111639;LD2;0.000221657097634916
327111654;LD2;1.67806597761525e-05
340563753;LD2;0.00287921162274416
340563756;LD2;8.71498977355134e-05
345077218;LD2;1.92033064688566e-06
345077232;LD2;0.000133880352184138
345077321;LD2;0.000663291169760268
355763973;LD2;4.01416070059411e-06
355764004;LD2;5.70334946728691e-06
355764007;LD2;0.000132483525645472
355764028;LD2;7.77701270139888e-07
355764036;LD2;0.000408638351873703
355764051;LD2;1.96131397601142e-05
355764069;LD2;1.87575409910328e-05
356263988;LD2;1.27796016544715e-06
356264026;LD2;3.02429704673798e-05
356393033;LD2;3.9629858822285e-06
356393063;LD2;0.000437409461439074
356393074;LD2;9.9043655843937e-07
356393135;LD2;3.13423300661988e-05
357730178;LD2;5.9554185410886e-05
357730224;LD2;5.75116457061079e-06
357730250;LD2;1.78168913649553e-05
357730280;LD2;1.87525417003581e-07
362786747;LD2;1.34611892529182e-05
362786749;LD2;3.40545500228349e-05
362786753;LD2;0.000110719965471699
362786775;LD2;6.82668699677715e-06
362786790;LD2;0.000126837173346072
362786802;LD2;0.00116479260962111
362786809;LD2;0.00117039162158896
362786816;LD2;0.000646512108143037
362786819;LD2;0.000173016304892457
362786821;LD2;4.66329019721664e-06
362786823;LD2;6.48728445827107e-05
362786832;LD2;0.000335434550565867
362786849;LD2;0.000553509761601133
362786856;LD2;0.00194704808405774
362786860;LD2;4.2258639337521e-05
371278743;LD2;1.35724974762779e-05
371278774;LD2;5.28353245566184e-06
371278777;LD2;4.06873727230146e-05
371278786;LD2;3.69955365317903e-05
371278798;LD2;0.000369896037131849
371278813;LD2;5.31300265084373e-07
371278821;LD2;5.1229906262868e-06
376353585;LD2;1.08463437055795e-05
376353631;LD2;5.47796303713516e-07
376353646;LD2;3.15464321598505e-05
376353657;LD2;1.36401068979828e-06
376353687;LD2;9.83620489158555e-05
394837776;LD2;8.71232413503186e-07
394837785;LD2;0.000163458602529795
394837844;LD2;0.000132250474772856
395044789;LD2;0.000600781846449996
395044850;LD2;0.00182505608436192
395044861;LD2;5.06212604024968e-07
396980609;LD2;0.00106978437781374
396980619;LD2;1.35214755305947e-05
396980629;LD2;5.63595218588323e-06
396980639;LD2;2.91321554064817e-05
396980674;LD2;5.65413125198948e-05
396980693;LD2;8.23694924200726e-05
396980705;LD2;0.000220498592250427
396980726;LD2;0.0006201744884778
396980735;LD2;4.3836286884346e-05
397027558;LD2;1.35188568313304e-07
397027573;LD2;1.55343649496897e-06
397027579;LD2;0.000347166520474943
397027619;LD2;0.00193518274614211
397027643;LD2;6.42755299804315e-06
400250918;LD2;3.69096336614038e-07
400250949;LD2;2.92890400246122e-05
400250952;LD2;2.31180078991773e-05
400250961;LD2;1.30041792203952e-06
400250973;LD2;5.89282593296404e-05
400250981;LD2;4.49141273015332e-07
400250988;LD2;4.12606364368445e-06
400250996;LD2;1.09055859021887e-07
415766501;LD2;1.59338830818542e-06
415766531;LD2;3.0220546794232e-08
415766540;LD2;6.37892140830482e-06
415766557;LD2;4.11249165461791e-07
415766603;LD2;6.54787292195361e-07
423729912;LD2;1.75213242390672e-07
423729943;LD2;1.8431683141006e-05
423729946;LD2;7.63786463992747e-06
423729967;LD2;3.36959106200347e-06
423729975;LD2;1.25978932988941e-05
423729982;LD2;1.63277243273202e-05
423729990;LD2;1.05000125776328e-05
423730008;LD2;7.54661400841413e-07
425401525;LD2;0.00144791473081437
425401542;LD2;2.72862382448557e-06
425401588;LD2;8.9712806399292e-06
426935198;LD2;0.000595787346936481
426935229;LD2;0.000342793186582543
426935232;LD2;6.27098209168632e-10
426935253;LD2;6.07942942859521e-06
426935268;LD2;4.10463454358783e-05
426935276;LD2;1.51250795447671e-06
434628039;LD2;1.53619022033392e-06
434628085;LD2;7.57217744707033e-06
434628102;LD2;0.00010974064048325
434628111;LD2;2.43521347453924e-06
434628141;LD2;3.19248419005367e-05
442770725;LD2;4.56825911555152e-07
442770755;LD2;6.0796115348448e-05
442770781;LD2;1.58009823665584e-06
442770827;LD2;0.0127924326592576
449998816;LD2;1.60417970546844e-06
449998888;LD2;6.33052421844339e-06
449998918;LD2;2.96978917127478e-05
450480618;LD2;3.03212029017391e-05
450480648;LD2;8.94007299333019e-07
450480651;LD2;9.42864038668327e-07
450480660;LD2;1.27547336604731e-05
450480672;LD2;2.0159098605066e-05
450480680;LD2;1.60844028431068e-06
450480687;LD2;1.04402663717176e-05
450480695;LD2;1.70524929425383e-06
452546570;LD2;8.6214811901073e-06
452546585;LD2;1.36195154556479e-06
452546593;LD2;0.000117828095172286
452546631;LD2;8.86346944612865e-06
452546646;LD2;1.41566874496057e-05
454666945;LD2;3.90739539670082e-06
454666951;LD2;1.60469996222249e-06
454666977;LD2;1.7385989449352e-06
456188227;LD2;6.46492114029526e-08
456188273;LD2;1.72397808103801e-07
456188290;LD2;6.51072942417e-06
456188299;LD2;5.30729446266985e-07
456188329;LD2;6.31165113741317e-08
461774739;LD2;2.69487262350255e-06
461774770;LD2;1.19336663005129e-05
461774773;LD2;8.38495343319863e-05
461774782;LD2;0.0088221072039526
461774794;LD2;2.50666197980312e-05
461774802;LD2;8.12590673323161e-08
461774809;LD2;0.000113728937334577
461774817;LD2;5.61076968708472e-06
461774830;LD2;2.38661688649366e-06
465855424;LD2;1.99706904363328e-06
465855455;LD2;5.8894766652283e-07
465855458;LD2;2.59429653025903e-06
465855467;LD2;1.00589447011537e-05
465855479;LD2;2.04059306615044e-06
465855487;LD2;1.28544312928327e-06
465855494;LD2;6.88449633545018e-09
465855502;LD2;1.41671258039378e-06
474465487;LD2;7.61726515598775e-06
474465504;LD2;4.06867043694072e-05
474465511;LD2;0.000519294155205993
474465525;LD2;4.37220126909855e-06
474465543;LD2;4.4033157485907e-05
474465566;LD2;1.00144426027402e-06
489814005;LD2;4.87770000070389e-05
491184471;LD2;3.24643445742805e-06
491184479;LD2;3.56273151125575e-06
491184486;LD2;4.03531848201799e-05
491184494;LD2;6.94704985602464e-06
491184506;LD2;4.91186043032687e-06
491184515;LD2;2.40171360109126e-06
491184518;LD2;4.25124501168201e-06
491184549;LD2;5.56259318128179e-07
492288140;LD2;2.13141933764837e-05
492288170;LD2;4.03500633684459e-07
492288179;LD2;2.86908180187423e-05
492288196;LD2;6.59471686812113e-07
492288242;LD2;4.03907028653159e-06
496621773;LD2;7.35512320145494e-06
496621804;LD2;2.70190970233651e-05
496621807;LD2;6.55924627788446e-05
496621828;LD2;0.000241033592891501
496621836;LD2;1.78948503955949e-05
496621843;LD2;0.000153686185850536
496621851;LD2;1.254515943527e-05
496621869;LD2;0.000450801922277012
8837765;LD2;2.00862366691052e-05
8837811;LD2;1.64043513785971e-05
8837826;LD2;2.65129370326175e-05
8837830;LD2;0.00315789060046188
8837837;LD2;4.78721866832486e-05
8837867;LD2;7.12265934197709e-05
16067365;LD2;7.64980089556721e-05
16067396;LD2;1.67366680054501e-05
16067399;LD2;0.000135726374144413
16067408;LD2;4.16771859306732e-05
16067420;LD2;3.93811117194841e-06
16067428;LD2;2.67048426363972e-05
16067435;LD2;1.95087286478472e-07
16067443;LD2;0.000223063766343673
25481521;LD2;5.95605148383542e-05
25481527;LD2;4.73598858395136e-05
25481535;LD2;8.21566694863418e-05
25481560;LD2;9.60389698161746e-05
25481568;LD2;2.06384619450056e-05
25481587;LD2;7.82827777726286e-05
25481593;LD2;7.80034320508767e-05
25481602;LD2;0.000155471617348027
25481605;LD2;0.000101401904197371
25481608;LD2;8.85169963850583e-06
25481616;LD2;5.86056023549994e-10
25481624;LD2;5.77520013108786e-06
59875021;LD2;7.8198221040474e-05
59875033;LD2;2.08397028677875e-06
59875067;LD2;0.000101749688251175
59875082;LD2;1.35730540885738e-08
59875093;LD2;1.27067544107813e-05
59875123;LD2;0.000162865255259488
93223271;LD2;0.000813687748871409
93223301;LD2;9.31840636525562e-06
93223312;LD2;2.0944681767331e-06
93223373;LD2;2.91232439825983e-05
113105320;LD2;5.5354045923794e-07
113105327;LD2;1.2232771473854e-05
113105356;LD2;1.05579931289048e-06
113105359;LD2;4.24701707751741e-06
113105390;LD2;9.29930435668394e-05
118895605;LD2;8.69258668050265e-06
118895666;LD2;3.98196661886424e-06
118895677;LD2;2.16217959503099e-07
118895707;LD2;3.11508473856729e-07
128654515;LD2;2.71118767854029e-06
128654562;LD2;2.59706310091888e-06
128654577;LD2;7.72675959981204e-06
128654623;LD2;0.000142480416022758
165364098;LD2;1.32690561684552e-06
165364129;LD2;8.87167647858929e-06
165364159;LD2;3.22175475917903e-06
165364179;LD2;9.67299715954128e-07
165364187;LD2;3.48574636888714e-06
165364195;LD2;1.56902830744548e-07
179549073;LD2;0.00743467881810501
179549103;LD2;2.80635168792866e-07
179549114;LD2;2.04778013903235e-05
179549175;LD2;0.000529955509666243
181017394;LD2;6.05085440191193e-05
181017403;LD2;4.28077589940861e-08
181017456;LD2;2.65430682257013e-05
181017482;LD2;0.00028124587639658
181017504;LD2;0.000186084316512143
181017513;LD2;8.14043700980927e-06
198746715;LD2;2.79776733530432e-07
198746723;LD2;2.49017903847677e-05
198746730;LD2;3.82523831985822e-07
198746738;LD2;2.86813703669535e-05
198746759;LD2;6.82483956919885e-05
198746762;LD2;0.000200972695860856
198746792;LD2;1.0500867906505e-06
234741387;LD2;9.80821097072747e-06
234741418;LD2;9.83265944929817e-05
234741442;LD2;6.15183819552364e-07
234741450;LD2;1.1605077283474e-07
234741457;LD2;2.10099528653113e-06
234741465;LD2;2.37977467406821e-07
234741472;LD2;0.000257459506554497
269827812;LD2;1.9379688515284e-06
269827848;LD2;0.000207219531008156
269827852;LD2;2.23810704374102e-05
269827860;LD2;7.111983618103e-05
269827897;LD2;0.000116266787889671
269827899;LD2;0.000961856345120182
269827936;LD2;0.00033061061414751
277730759;LD2;8.1286229403194e-06
277730777;LD2;0.000127899305597269
277730800;LD2;4.7567921162552e-05
277730812;LD2;0.000202631592643903
277730821;LD2;9.40053122672108e-05
277730824;LD2;4.34027548384358e-05
277730855;LD2;9.94454408415848e-05
287880726;LD2;0.000105329830196602
287880756;LD2;9.03954436546505e-05
287880828;LD2;7.850524678813e-07
301321694;LD2;0.000614532154230475
301321755;LD2;5.83124780619556e-06
301321796;LD2;8.91978580980272e-08
307759736;LD2;0.00125018289544086
307759782;LD2;0.000541227594814326
307759797;LD2;0.000483470533011842
307759814;LD2;0.00507386539953878
307759838;LD2;0.00021962528458818
313685219;LD2;5.13517756662084e-06
313685291;LD2;6.02795081191752e-06
334018455;LD2;3.22137356376803e-06
334018486;LD2;3.11950564374697e-05
334018489;LD2;3.28482748700743e-07
334018510;LD2;2.45092383450684e-05
334018525;LD2;2.01125840782595e-05
334018551;LD2;2.28919151070491e-09
336997039;LD2;0.000125581002059409
336997111;LD2;9.23220391803824e-05
347606920;LD2;7.48083829211901e-05
347606950;LD2;2.19284473006991e-08
347606961;LD2;8.42956788226422e-06
347606976;LD2;2.62411130643385e-06
347607013;LD2;1.28868653400928e-05
347607022;LD2;0.000167404704659204
354236595;LD2;0.000162506730674195
354236602;LD2;0.000168946841617459
354541199;LD2;6.25029784504694e-06
354541207;LD2;3.32495056855314e-06
354541214;LD2;6.32102749412154e-05
354541222;LD2;1.81594378261167e-05
354541234;LD2;2.69759714491695e-05
354541277;LD2;6.65273322171611e-06
364270476;LD2;0.000365754956244663
364270506;LD2;6.47132274765072e-05
364270517;LD2;0.000378419965830211
364270532;LD2;2.05805123443851e-05
369375802;LD2;1.11492930630132e-06
369375832;LD2;2.12256620513399e-08
369375843;LD2;0.000370823087811009
369375858;LD2;0.00036621792273209
369375904;LD2;0.000155003057165034
369847035;LD2;6.39337504076552e-06
369847096;LD2;0.000289553454413753
369847140;LD2;0.000132200485774643
375004231;LD2;9.81816475317303e-07
375004261;LD2;3.60879747573215e-07
375004272;LD2;2.13485667856158e-06
375004275;LD2;2.33406358231292e-06
375004333;LD2;7.09195351770623e-08
385602502;LD2;2.85099854702087e-05
385602548;LD2;2.74157612399576e-05
385602563;LD2;9.07446999621937e-05
385602574;LD2;5.76195728038648e-06
389794439;LD2;2.59842545878493e-05
389794447;LD2;1.42921004170056e-06
389794468;LD2;1.8081876861706e-07
389794473;LD2;2.61813887522721e-08
389794509;LD2;0.000187391143920314
389794543;LD2;7.49254283560655e-06
392006158;LD2;8.45915936087503e-05
392006253;LD2;0.000162037787791692
401978406;LD2;1.56569873296765e-08
401978421;LD2;5.75400692020003e-05
401978486;LD2;8.2709173154481e-05
414560356;LD2;6.16690299489029e-06
414560387;LD2;2.85305571113415e-05
414560390;LD2;7.74886487396761e-05
414560411;LD2;3.94747470340427e-05
414560419;LD2;3.1603172412619e-07
414560426;LD2;0.000106614253751753
414560434;LD2;7.86259544019661e-06
414560452;LD2;2.0493307765254e-05
416891355;LD2;5.89861896608115e-06
416891363;LD2;1.66173975849893e-06
416891370;LD2;5.24421642190732e-06
416891378;LD2;0.000877285344547305
416891399;LD2;3.58103819009764e-07
416891402;LD2;4.54578197400833e-05
416891433;LD2;5.72210570505034e-06
420011169;LD2;4.12013676908421e-05
420011199;LD2;3.47505292199064e-06
420011202;LD2;9.99245457197319e-08
420011211;LD2;3.7566205827408e-05
420011223;LD2;1.8542990104641e-05
420011231;LD2;3.02296397707473e-06
420011238;LD2;2.11980085178853e-05
420011246;LD2;1.2904180167722e-06
430029476;LD2;1.48168923472604e-05
430029522;LD2;3.39481337565764e-06
430029537;LD2;2.64238958432286e-07
430029548;LD2;5.93019325616295e-06
432188835;LD2;0.00306171419262061
432188847;LD2;0.00130209591034819
432188881;LD2;1.64235082518462e-07
432188896;LD2;0.00028107969134195
432188907;LD2;4.25542937544568e-05
432188937;LD2;7.24357867773978e-07
440915367;LD2;0.000139866149096294
440915393;LD2;9.68731645206219e-07
447755393;LD2;6.13486581559737e-07
447755439;LD2;0.00263633790297407
447755454;LD2;0.000109567734112834
447755465;LD2;0.002663003832338
447755495;LD2;0.000336955453321827
460873299;LD2;0.000129213274384277
460873329;LD2;8.05524930043724e-08
460873340;LD2;7.33842622629821e-06
460873355;LD2;5.27342528220106e-08
460873401;LD2;3.8211910264986e-06
468909568;LD2;6.35909181057505e-10
468909615;LD2;6.48523332880664e-05
468909676;LD2;1.86243853078915e-05
470857939;LD2;7.06563095318238e-05
470857950;LD2;7.10912817286278e-05
470857953;LD2;3.36022678263561e-05
470857968;LD2;3.02768607574496e-06
470857987;LD2;3.31773913778977e-05
470857998;LD2;7.9262055807474e-06
470858004;LD2;5.71085950993827e-05
470858014;LD2;7.06316410869739e-05
470858022;LD2;2.62237711100636e-05
470858028;LD2;0.000214503273608395
470858044;LD2;4.04998365866155e-06
470858047;LD2;1.36568675672131e-05
470858049;LD2;4.04419012494133e-06
480261990;LD2;5.39220226129343e-06
480261998;LD2;4.36363501561042e-07
480262006;LD2;1.09744305418327e-06
480262012;LD2;5.44703990364423e-06
480262019;LD2;8.60862516223367e-06
480262034;LD2;2.16552202129699e-06
480262048;LD2;1.71290051090906e-08
480262086;LD2;4.25350475023423e-07
483623106;LD2;1.69351016032555e-05
483623179;LD2;7.51647080102563e-05
483623182;LD2;5.69334022970103e-06
485986305;LD2;0.000439534883569143
485986308;LD2;1.1810867464496e-05
485986337;LD2;3.32937308548239e-05
485986372;LD2;2.63492268592669e-05
485986392;LD2;1.62408896104798e-05
488131743;LD2;5.07951936866824e-09
488131754;LD2;1.75322961678294e-05
488131815;LD2;8.08766667409303e-05
493033859;LD2;0.000113970735112103
493033905;LD2;6.42334278866528e-05
493033931;LD2;1.33469259917516e-07
493033937;LD2;0.000919471198039018
494307524;LD2;1.28039069041053e-05
494307570;LD2;0.000212364706587994
494307585;LD2;7.46293394750214e-07
494307596;LD2;3.2039840924406e-05
496741631;LD2;4.82790575731185e-05
496741661;LD2;1.16334398534142e-07
496741672;LD2;2.44858519596987e-06
496741687;LD2;1.53080806778942e-06
496741721;LD2;0.000182706866289876
502968317;LD2;9.81525509233135e-07
502968325;LD2;3.39292829512471e-05
502968332;LD2;3.97767137710972e-06
502968340;LD2;2.09102563042484e-09
502968352;LD2;2.88983202710724e-06
502968361;LD2;7.92827775925736e-06
502968364;LD2;8.23548807870676e-07
502968395;LD2;4.27922460631699e-06
504646494;LD2;0.00081924401260017
504646503;LD2;0.000212317654815556
504646524;LD2;0.000124842220717627
504646536;LD2;3.96737050296478e-05
504646555;LD2;0.000168602157776761
504646590;LD2;0.000424833286210814
504646600;LD2;0.00127965772526196
504646610;LD2;2.10875893237632e-07
504646620;LD2;0.00235624005759925
24746843;LD2;3.03460271682307e-09
24746875;LD2;8.87110413428513e-07
24746877;LD2;9.63593567044814e-05
24746887;LD2;3.93304329197133e-06
24746902;LD2;2.07821613083175e-05
30271420;LD2;0.000102839175450484
30271435;LD2;1.45159541966926e-05
30271461;LD2;0.000153094464065315
30271490;LD2;0.00010002776341409
30271508;LD2;8.06065692950659e-05
30271511;LD2;7.82067853315952e-09
30271526;LD2;6.723649667732e-05
30271529;LD2;2.18042577627599e-06
30271544;LD2;0.000176644545749918
46689543;LD2;0.000118787424296539
46689577;LD2;5.78976090624668e-06
46689604;LD2;0.000163432273404391
46689621;LD2;0.000210147451925051
48531593;LD2;9.45603230534554e-05
49631279;LD2;0.000182100305070732
49709776;LD2;6.36487788726466e-05
49709822;LD2;3.11164438867536e-05
49709848;LD2;1.74524436181221e-06
49709878;LD2;6.70890780836831e-07
50045281;LD2;0.000110393886573027
50045311;LD2;2.81780618723807e-06
50045337;LD2;3.33075040013178e-05
50045383;LD2;0.000121361652884289
62295353;LD2;2.1607035848596e-06
62295361;LD2;1.31542992198218e-05
62295363;LD2;1.41041702625946e-09
62295377;LD2;4.76706356516567e-06
62295429;LD2;1.97587777972945e-06
62295446;LD2;1.0138259127816e-07
62295452;LD2;5.13332494500507e-07
62295475;LD2;5.66455917531785e-07
62330830;LD2;3.81930805067945e-07
62330838;LD2;7.6780798370636e-05
62330840;LD2;9.43581700867194e-06
62330854;LD2;6.76990193076809e-05
62330906;LD2;1.05019351470798e-06
62330929;LD2;0.000164741417194667
62330952;LD2;1.38201329012724e-05
62391961;LD2;6.32214040105137e-07
62391969;LD2;3.07558130766682e-06
62391971;LD2;3.56609544253546e-06
62391985;LD2;2.07112626187749e-06
62392037;LD2;1.71673870660109e-06
62392054;LD2;7.36918091859027e-07
62392060;LD2;1.25475651339491e-05
62392083;LD2;6.92873769689696e-07
62493956;LD2;6.97830102134059e-05
62493966;LD2;3.26219936439208e-05
62493976;LD2;8.2832482851988e-06
62494016;LD2;1.09910408555412e-06
62494044;LD2;4.14838473682496e-08
62494049;LD2;7.72308174511819e-06
62494051;LD2;7.08975317717045e-06
62494054;LD2;2.66797507319479e-07
62494057;LD2;1.55673125861865e-06
62494068;LD2;2.22631822983852e-07
62498518;LD2;2.18024988379843e-05
62498526;LD2;3.55879195369505e-08
62498528;LD2;3.95664980880002e-06
62498542;LD2;2.58886540795818e-10
62498594;LD2;3.4677957269671e-06
62498611;LD2;4.44333767921441e-06
62498617;LD2;1.40799569398693e-05
62498640;LD2;1.59211946445646e-06
62498972;LD2;5.57340528467879e-05
62498982;LD2;7.47245791433013e-06
62498992;LD2;0.000113835110150156
62499032;LD2;4.52436646883639e-05
62499059;LD2;1.3430057947182e-05
62499064;LD2;7.52552288578635e-06
62499069;LD2;1.60283595671709e-06
62499072;LD2;2.36594225065962e-06
62499083;LD2;1.34327329103672e-06
79862544;LD2;6.21265762301821e-07
79862559;LD2;1.22771348780552e-05
79862567;LD2;2.3719925775044e-05
79862579;LD2;1.9249394690172e-09
79862588;LD2;1.33456838139974e-06
79862622;LD2;2.28938884244544e-06
84299135;LD2;4.9275262696905e-05
84299181;LD2;9.20571638578433e-06
84299196;LD2;1.20093317805115e-07
84299207;LD2;1.81803326120179e-06
84299237;LD2;2.32589419292937e-07
89800371;LD2;1.26274191967441e-05
94005197;LD2;0.000234183286398699
94005213;LD2;2.96168921664807e-06
94005285;LD2;1.50092203779744e-07
94005294;LD2;0.000254520937331797
106222275;LD2;9.4899422980906e-06
106222299;LD2;2.7450175967243e-05
106222339;LD2;2.24052124845101e-06
106222345;LD2;0.000149918447382252
106222348;LD2;0.000172979428102045
106222361;LD2;0.000207688706426165
106222378;LD2;2.23473693173783e-08
123502911;LD2;6.13247438462074e-07
123502942;LD2;3.51274737345824e-06
123502945;LD2;6.01369353255675e-05
123502954;LD2;4.17174110872019e-05
123502974;LD2;5.61534574813128e-06
123502981;LD2;4.44346238660568e-05
123502989;LD2;2.9892243775436e-05
130155462;LD2;9.88282543248103e-07
130155493;LD2;1.17018546764259e-05
130155496;LD2;3.33026039747996e-08
130155505;LD2;0.000606189941705089
130155517;LD2;8.71618611487993e-07
130155525;LD2;4.24101484682066e-05
130155532;LD2;7.21359550549662e-07
130155540;LD2;3.74360753459978e-05
144066906;LD2;1.73818256060375e-07
144066924;LD2;5.01385048384306e-07
144066933;LD2;6.54363044272489e-05
144066939;LD2;6.7875422474537e-06
144066945;LD2;2.8763348604448e-06
144066950;LD2;2.4604722032243e-06
144066960;LD2;8.93625241871599e-08
144066963;LD2;4.72154973854263e-08
144066972;LD2;1.66439150253875e-07
144066975;LD2;1.67042738731323e-05
144066981;LD2;3.2822390481509e-06
144066985;LD2;4.18759298235528e-08
144066990;LD2;2.79796575938565e-07
144066993;LD2;6.18259569897088e-07
144066995;LD2;3.20178977400078e-08
144067011;LD2;1.61725332410244e-06
144067017;LD2;2.20417677461771e-06
144067022;LD2;3.03907779517795e-06
144067025;LD2;7.16456661181538e-07
145873376;LD2;0.000148555857887582
145873407;LD2;8.72781694489371e-07
145873410;LD2;0.000100864139259249
145873431;LD2;0.000454541226146327
145873439;LD2;1.69921918268288e-07
145873446;LD2;1.5359716742672e-05
147419293;LD2;4.65405042321818e-08
147419319;LD2;6.47072396448897e-05
147419365;LD2;1.07640173598076e-07
153980261;LD2;1.11093399698182e-07
153980267;LD2;4.01938466832216e-05
153980309;LD2;2.2230221890634e-05
153980327;LD2;6.19559175432258e-08
158588716;LD2;0.00011832494270252
158588725;LD2;1.75221997334027e-05
158588797;LD2;5.21053760163812e-05
158588813;LD2;1.84873358958811e-05
169779685;LD2;0.000510307041896425
169779715;LD2;0.000117154365699903
169779726;LD2;3.63844428343722e-06
169779741;LD2;0.000299970097791866
169779787;LD2;2.17275212020311e-05
169779793;LD2;4.63144188830231e-09
170407287;LD2;6.52783718233565e-10
170407293;LD2;6.77928890798329e-05
170407339;LD2;3.02171226942176e-06
170407354;LD2;5.98126957394349e-05
170407365;LD2;7.86789144563422e-06
180264922;LD2;2.20861392424338e-06
180264928;LD2;2.80321667031951e-06
180264938;LD2;0.000347841502136317
180264961;LD2;0.000806941007115627
180264979;LD2;3.97788578122209e-05
180264993;LD2;4.80356526606077e-09
180265029;LD2;0.000481158161229547
180265037;LD2;5.64877621424426e-06
181745795;LD2;4.90386483746324e-06
181745835;LD2;2.6162233307403e-06
192438007;LD2;5.42080761200371e-05
192438015;LD2;1.71611496560983e-06
192438022;LD2;2.95096991970066e-06
192438030;LD2;7.13814041940352e-08
192438051;LD2;6.25183349582723e-06
192438054;LD2;7.73788736535759e-06
192438085;LD2;3.70378418387947e-05
196723857;LD2;9.71772204782902e-05
196723899;LD2;2.74535563042065e-05
196723964;LD2;0.000385312607240479
196888567;LD2;2.01561448194853e-05
196888582;LD2;0.000160736579270679
196888593;LD2;0.000633240114483787
196888623;LD2;0.000193558802379184
198617416;LD2;4.66921150770345e-06
198617424;LD2;2.30817109540755e-06
198617431;LD2;4.84533119570326e-06
198617439;LD2;1.92781390633108e-05
198617451;LD2;1.02254788663027e-05
198617463;LD2;0.000648792015959158
198617494;LD2;0.000158521106042382
203807898;LD2;5.80418747985831e-06
203807944;LD2;8.32461477538424e-07
203807959;LD2;1.33910442889628e-05
203807970;LD2;2.45626375266157e-05
203808000;LD2;4.77973619253634e-05
205374195;LD2;9.56253906728515e-06
205374205;LD2;1.61981050225881e-05
205374238;LD2;1.98176017362427e-07
210727024;LD2;0.000561484414073738
210727050;LD2;1.66471819047649e-06
210727080;LD2;0.000645544719432149
212056560;LD2;0.00123836349400207
212056591;LD2;0.000129118702941822
212056594;LD2;9.53360189457989e-05
212056615;LD2;2.71147282414399e-06
212056638;LD2;0.00113803481614615
216793424;LD2;3.81879890899811e-07
216793439;LD2;9.99957122154254e-05
216793450;LD2;1.23782918474332e-07
235314125;LD2;0.000643977503432534
235314136;LD2;0.000132123833401834
235314197;LD2;2.26965980838319e-05
239358142;LD2;1.94586863350438e-05
239358188;LD2;1.05617233698795e-10
239358214;LD2;4.57482720196216e-06
239358244;LD2;5.02404384925258e-05
244189902;LD2;0.000617011585261865
244189948;LD2;6.26620957713144e-08
244189963;LD2;2.45869238764142e-05
244189974;LD2;1.61150552901667e-05
244190004;LD2;1.98218924806698e-08
256326484;LD2;3.63733266681687e-05
256326556;LD2;1.37441376751951e-06
259412999;LD2;0.00127081894881146
259413031;LD2;7.91056091315822e-06
259413062;LD2;2.11192179258858e-07
259413092;LD2;0.000170697897087171
259413112;LD2;2.45468574611977e-06
259413120;LD2;1.67248221371198e-05
259413128;LD2;6.8522755643769e-07
274826262;LD2;4.60458510530578e-06
274826292;LD2;0.000103960264983457
274826318;LD2;1.87157877129377e-06
274826364;LD2;0.000112138595603444
282506197;LD2;3.83062739578342e-07
282506223;LD2;5.46301987903918e-06
282506269;LD2;1.2035654622105e-05
287507321;LD2;8.95758788087059e-05
287507327;LD2;9.10304024545487e-05
287507331;LD2;0.000112062633683691
287507344;LD2;9.19994789316852e-06
287507381;LD2;9.03156626918905e-05
287507397;LD2;0.000101788421008294
288627531;LD2;4.45767764432723e-05
288627561;LD2;7.73805236132977e-06
288627572;LD2;3.93748359795904e-05
288627587;LD2;5.14456857114699e-07
288627633;LD2;0.000478752108453774
293394791;LD2;2.85678432029045e-07
293394809;LD2;3.86007236016915e-05
293394856;LD2;5.98363869132277e-05
293394888;LD2;0.000357983555131299
295955628;LD2;3.46664401637977e-05
295955674;LD2;0.000853550105185257
295955700;LD2;0.000214937775811441
295955730;LD2;0.000359607302875632
297071917;LD2;1.67954301616687e-07
297071948;LD2;5.11588897680674e-06
297071951;LD2;1.32521419726065e-07
297071960;LD2;4.70902800053867e-06
297071972;LD2;1.36899620559906e-08
297071980;LD2;5.44297866812834e-06
303346949;LD2;1.02518787825744e-05
303346964;LD2;1.83047432081495e-05
303346995;LD2;1.52491469624711e-05
303347010;LD2;6.57826030169201e-05
303451377;LD2;0.00013189776202006
303451408;LD2;2.33593651695604e-07
303451411;LD2;7.81727847223875e-07
303451432;LD2;0.000159874301233508
303451447;LD2;0.000233805072909146
320522911;LD2;1.70728937174227e-06
320522919;LD2;1.17182273325663e-05
320522926;LD2;5.61090214966349e-05
320522934;LD2;1.2847433884707e-06
320522946;LD2;1.674556306004e-06
320522955;LD2;6.64927691257364e-07
320522958;LD2;2.94877290739707e-05
320522988;LD2;2.80680792228159e-07
323976791;LD2;1.11821841506256e-05
323976799;LD2;3.88146639597344e-05
323976814;LD2;2.51956652766588e-07
323976826;LD2;6.91773164943973e-06
323976835;LD2;9.64623150814755e-06
323976838;LD2;7.45241712878201e-06
323976869;LD2;1.90259259428305e-06
326695113;LD2;0.00600842223093936
326695143;LD2;2.41973781032341e-06
326695207;LD2;7.56485182729362e-05
326695210;LD2;4.97624151004924e-07
338902205;LD2;4.65195572073379e-05
338902251;LD2;1.4999793300089e-05
338902268;LD2;1.95640555918581e-06
338902277;LD2;1.92118268592067e-07
338902307;LD2;0.000429072834404999
341160006;LD2;1.91745604860991e-07
341160014;LD2;2.19035037179829e-06
341160021;LD2;2.64920009255031e-06
341160041;LD2;2.96162732824802e-05
341160050;LD2;1.97853112563904e-06
341160053;LD2;9.78701665338504e-06
341160083;LD2;2.17032661148808e-06
349147958;LD2;5.05455775382949e-06
349147988;LD2;9.41441986419048e-06
349148060;LD2;1.96403203388821e-05
349487458;LD2;2.39076384041137e-06
349487488;LD2;0.000507214178226213
349487514;LD2;1.00437855275126e-06
356107721;LD2;0.000138883006546029
356107782;LD2;8.77487530449387e-05
356107823;LD2;0.00582674546834285
368775464;LD2;7.56578419413813e-05
368775494;LD2;6.31924355330942e-09
368775503;LD2;1.76664540460395e-07
368775520;LD2;1.44454647417912e-06
368775566;LD2;0.000220843268861053
370097118;LD2;2.86265459392688e-07
370097164;LD2;1.14155455402216e-06
370097190;LD2;5.72754615078939e-09
370097220;LD2;1.77924669984193e-05
370604829;LD2;2.84321720368658e-06
370604837;LD2;3.7547002610671e-05
370604844;LD2;5.52663166020442e-06
370604852;LD2;1.78177765268801e-05
370604864;LD2;7.1279330394437e-06
370604876;LD2;7.00193577423505e-06
370604907;LD2;2.0949692144095e-05
374964911;LD2;4.01577994985434e-06
374964942;LD2;8.22524381490764e-06
374964945;LD2;1.48513954647197e-05
374964954;LD2;0.000126199397703911
374964966;LD2;3.15308498673763e-05
374964974;LD2;2.74349999993639e-05
374964981;LD2;2.80650369765765e-05
374964989;LD2;3.92403380005303e-06
378721923;LD2;1.15755133442566e-06
378721956;LD2;4.13931919116413e-08
378722007;LD2;2.60538440561902e-09
378722045;LD2;3.76372065667994e-07
379786136;LD2;8.64872461593942e-06
379786182;LD2;9.31635749065938e-07
379786194;LD2;4.38781533523832e-06
379786197;LD2;6.29044684132209e-06
379786208;LD2;0.00513507096510768
379786238;LD2;7.90026889967459e-06
381416257;LD2;7.32122130819084e-07
381416287;LD2;3.46216168829679e-07
381416296;LD2;0.000224972000673917
381416313;LD2;3.80863112623883e-07
381416359;LD2;9.96788853488162e-06
388945554;LD2;1.27900107936459e-09
388945584;LD2;1.50894931315224e-05
388945587;LD2;5.49480395670189e-05
388945596;LD2;7.98169070968597e-06
388945608;LD2;3.59103197331713e-06
388945616;LD2;1.06425304631857e-05
388945623;LD2;2.38262146889249e-06
388945631;LD2;3.71722898656411e-08
394702814;LD2;1.74828581953705e-05
394702844;LD2;9.75860275605953e-05
394702853;LD2;1.24846994484922e-05
394702870;LD2;4.82845778292271e-07
394702916;LD2;2.54026844190871e-06
396694659;LD2;2.20109481534328e-05
396694705;LD2;4.85108731273727e-05
396694722;LD2;1.66817994732051e-05
396694731;LD2;7.72186849573304e-05
396694761;LD2;9.72288916010527e-06
409101500;LD2;5.16280458345044e-05
409101547;LD2;2.18273846980092e-05
409101562;LD2;2.91847828726848e-06
409101608;LD2;5.27200534382515e-05
419495300;LD2;0.000145226152015136
419495330;LD2;2.32302273508786e-06
419495339;LD2;2.8056664552376e-06
419495356;LD2;4.88906016367039e-05
419495374;LD2;0.000563322021454759
419495402;LD2;1.38912884564061e-05
421066383;LD2;2.60149099424468e-07
421066391;LD2;1.81796104279006e-05
421066398;LD2;9.92134275247915e-06
421066406;LD2;3.15120524595545e-05
421066418;LD2;4.46869974194113e-06
421066427;LD2;8.5903020708817e-05
421066430;LD2;4.66552840420152e-06
421066461;LD2;2.12874882347467e-05
421118426;LD2;1.83780985914377e-06
421118456;LD2;1.28581161120589e-07
421118482;LD2;6.08021840998152e-06
421118528;LD2;1.81792049964515e-05
423079868;LD2;0.000541206558823939
423079899;LD2;1.43312408419284e-07
423079931;LD2;0.000104347681465026
423079938;LD2;1.7846673031132e-07
423079946;LD2;9.01414376831294e-06
428923638;LD2;9.04539470465044e-06
433418921;LD2;3.67661829881677e-06
433418951;LD2;1.60356091709352e-07
433418960;LD2;2.39312521419617e-07
433418977;LD2;3.01666793948777e-06
433419023;LD2;1.14905193380972e-06
440018239;LD2;3.74539401713849e-05
440018300;LD2;3.09795372840237e-05
440018341;LD2;3.31648247302033e-05
445118298;LD2;0.000312324960544044
445118302;LD2;3.15638763654753e-05
445118305;LD2;1.59699210751064e-05
445118312;LD2;9.05667181888079e-07
445118341;LD2;5.30417052515987e-06
445118350;LD2;7.66488212539755e-05
445118362;LD2;3.19444199587675e-05
445118370;LD2;9.299872934303e-09
445118373;LD2;0.000161990577679419
445118377;LD2;0.00032130682492212
445118379;LD2;0.000237227915031104
445118382;LD2;7.22459626055293e-06
445118399;LD2;5.11948875856353e-05
445118407;LD2;0.000914749225591316
445118416;LD2;0.000231813943400009
445118421;LD2;2.9930752314594e-07
450476679;LD2;1.60450671567828e-08
450476720;LD2;3.772441821035e-07
450476725;LD2;7.13334941374631e-06
450476758;LD2;0.00010005255140422
450476769;LD2;1.28558105906573e-05
452574537;LD2;0.000254373654441272
453617202;LD2;2.89868877129343e-05
453617278;LD2;2.91995929843856e-06
453617288;LD2;2.92184067306399e-07
453883358;LD2;6.08046134743154e-06
453883388;LD2;1.17513869617592e-06
453883397;LD2;1.30097139950328e-06
453883414;LD2;2.21638994772871e-06
453883460;LD2;1.50945955364318e-05
454855101;LD2;4.89714953400173e-05
454855147;LD2;0.000134300757108846
454855173;LD2;5.99241839624431e-06
454855203;LD2;2.30222528264353e-05
464003522;LD2;9.07559654329946e-05
464003525;LD2;3.11149471205005e-05
464003624;LD2;0.000191277409815672
464003629;LD2;8.68864552431898e-06
464003646;LD2;0.000799208349419757
464003650;LD2;0.00109498560823083
469217853;LD2;0.00329444236354048
469217883;LD2;1.80666902215663e-09
469217909;LD2;5.20740295463374e-08
469217955;LD2;2.15302356779382e-05
470679523;LD2;4.36396636424609e-07
470679584;LD2;1.817010498644e-05
470679631;LD2;6.1841133359925e-05
471914315;LD2;5.61477462725169e-07
471914361;LD2;1.83911912751875e-06
471914378;LD2;1.77874198386482e-06
471914387;LD2;1.67913569098604e-05
471914417;LD2;1.1432010394035e-05
475593071;LD2;2.94332732879991e-07
475593079;LD2;9.42016283042673e-05
475593086;LD2;9.65699903338882e-06
475593094;LD2;2.19004230413875e-05
475593106;LD2;1.45338230788663e-07
475593115;LD2;4.36865842235282e-07
475593118;LD2;2.89633631679319e-05
475593149;LD2;1.83774625915199e-08
487545522;LD2;5.54392861228027e-06
487545552;LD2;4.67754236065264e-06
487545578;LD2;2.29714341010823e-06
487545624;LD2;0.000899324598630693
490586596;LD2;6.4187602934376e-05
490586627;LD2;1.74081292789009e-05
490586630;LD2;2.9816698516012e-06
490586639;LD2;7.45574174425358e-07
490586651;LD2;1.80419418447408e-06
490586659;LD2;3.06431406696536e-05
490586666;LD2;6.2006972583819e-06
490586674;LD2;7.3131095248911e-06
504721883;LD2;3.88137779252018e-06
504721891;LD2;9.82897941762769e-06
504721898;LD2;2.79622736328027e-05
504721906;LD2;2.88546774927067e-06
504721918;LD2;2.49745513839419e-11
504721927;LD2;3.50679369468497e-05
504721930;LD2;1.09615782502923e-06
504721961;LD2;8.99344456040751e-10
506222279;LD2;1.71312810232954e-05
506222287;LD2;2.63262021163203e-08
506222294;LD2;6.69551432274642e-05
506222302;LD2;3.67281406176712e-05
506222314;LD2;5.68110346672932e-06
506222323;LD2;2.0178811146677e-06
506222326;LD2;6.97710774011685e-05
506222357;LD2;2.67171713576771e-06
22734420;LD2;0.00219578698233817
22734492;LD2;9.65006432634526e-05
22734522;LD2;0.000208467272026535
82041058;LD2;0
104998453;LD2;3.48138211584613e-05
104998489;LD2;0.000217127163343689
104998502;LD2;1.24120372388674e-05
104998543;LD2;0.000107592011327411
126390850;LD2;6.52002513964368e-06
126390896;LD2;1.68430274357557e-05
126390911;LD2;2.84232390717374e-06
126390922;LD2;0.000639794502338895
126390952;LD2;5.25114406491361e-05
130988267;LD2;2.70155237881257e-06
130988313;LD2;6.56426028913004e-06
130988328;LD2;9.31369722450552e-07
130988339;LD2;0.000450046555817545
130988369;LD2;9.15098709465384e-07
131364235;LD2;1.38956816410755e-05
131364281;LD2;5.28684759847646e-05
131364296;LD2;7.8069906029376e-06
131364307;LD2;3.91080246189356e-05
131364337;LD2;2.1152366071261e-07
135278773;LD2;0.000119577560227215
135278803;LD2;4.79214599383025e-06
135278829;LD2;3.61792410058652e-05
145116580;LD2;5.29356636411415e-05
145116626;LD2;6.86387963089849e-05
145116641;LD2;2.78374738360233e-06
145116682;LD2;9.2745927989808e-06
146445395;LD2;3.8967299821304e-05
146445428;LD2;0.000444300018026067
146445438;LD2;3.61488360868141e-06
146445462;LD2;9.64362382582812e-06
146458449;LD2;9.37090266450865e-06
146458480;LD2;2.11923151491096e-05
146458483;LD2;2.20575112813456e-08
146458492;LD2;0.000110933961553689
146458504;LD2;3.93795780076911e-05
146458512;LD2;3.95639127297527e-06
146458519;LD2;4.57386314810679e-06
146458527;LD2;6.51392102191571e-06
156179909;LD2;4.1577950272216e-06
156179917;LD2;0.000102462669986021
156179967;LD2;6.51753694164331e-05
156179985;LD2;8.18142923820601e-06
156180008;LD2;9.3433595426775e-05
156180018;LD2;1.15896534998953e-05
156180024;LD2;4.57265358444475e-05
160123323;LD2;2.63800966493899e-05
160123368;LD2;3.74977179324552e-06
160476272;LD2;1.39112046581664e-05
160476330;LD2;0.000149336344944673
160476348;LD2;0.00010589727892434
160476371;LD2;0.00111555017411483
160476381;LD2;2.52240885430448e-05
160476387;LD2;8.12476619546828e-07
160720844;LD2;1.33986177462977e-05
167990099;LD2;8.44191132581584e-05
167990110;LD2;5.49807689398026e-06
167990125;LD2;7.94915179419181e-07
167990171;LD2;8.97018774784393e-05
184148427;LD2;0.00181354063562285
184148459;LD2;8.08619502107175e-05
200218092;LD2;2.85379182071182e-05
200218111;LD2;7.98705072801191e-05
200218122;LD2;3.92033099101303e-05
200218125;LD2;7.17081929464669e-07
200218173;LD2;2.24125549075638e-05
200218176;LD2;7.86708130312111e-06
200218182;LD2;5.97513240943897e-05
200218202;LD2;4.58931579687585e-05
200218208;LD2;2.49693772799909e-06
200218210;LD2;0.000224573614082338
200218216;LD2;1.05404163858859e-05
211120719;LD2;6.83188397008846e-05
211120737;LD2;4.30809290657133e-05
211120745;LD2;4.73050075715682e-05
211120760;LD2;9.79869709507894e-07
211120781;LD2;7.53414694827196e-05
211120784;LD2;4.51218874221618e-06
211120815;LD2;5.22418477079216e-06
229808665;LD2;9.73574727714597e-07
229808695;LD2;5.91470868859581e-06
229808721;LD2;5.23196606000271e-06
229808767;LD2;5.76453394950836e-05
235346391;LD2;2.89185441127765e-05
235346422;LD2;2.27482388788945e-06
235346425;LD2;1.83801593057572e-06
235346454;LD2;1.30407830881719e-05
235626409;LD2;5.55849374627232e-06
235626439;LD2;1.53581399114755e-05
235626450;LD2;1.60116163811253e-05
235626465;LD2;3.566625123366e-06
235626511;LD2;1.53680096821824e-05
249641229;LD2;0.000167039410089445
249641242;LD2;5.69407061134992e-05
249641274;LD2;2.37459809729349e-05
249641276;LD2;3.56308257313467e-05
249641301;LD2;0.000213561320760593
253789229;LD2;4.88285537644439e-05
253789232;LD2;0.00015783315654408
253789239;LD2;1.00061340755031e-05
253789242;LD2;0.000626313052769786
253789248;LD2;0.000456060288955495
253789251;LD2;0.00041087129764911
253789256;LD2;4.43768715453051e-05
253789259;LD2;1.35162606593618e-05
253789262;LD2;0.000183792093826988
253789265;LD2;0.000221559639450985
253789275;LD2;0.000386038191637781
253789277;LD2;1.08974505437855e-05
253789284;LD2;9.24479881077014e-07
253789286;LD2;7.20622205666677e-06
253789292;LD2;3.90099168620094e-05
253789301;LD2;8.84612301296888e-09
253789307;LD2;9.4912728275055e-05
253789320;LD2;0.000117563950092153
253789331;LD2;0.000719731899016689
253789337;LD2;0.000388823654887944
253789342;LD2;5.25197379183703e-05
296081765;LD2;1.48114886422448e-05
296081811;LD2;6.71745239122437e-05
296081826;LD2;2.55558924024032e-05
296081837;LD2;7.11554095402827e-07
296081867;LD2;3.51223938765237e-06
297241051;LD2;0.000285297137119151
297241082;LD2;0.000179217802787863
297241085;LD2;5.55749379494087e-05
297241094;LD2;3.18300624913289e-06
297241106;LD2;8.27533785059613e-05
297241114;LD2;4.09199062737607e-05
297241121;LD2;1.49068863453625e-06
297241129;LD2;3.18112028034108e-05
297241261;LD2;2.42542934406816e-07
297241291;LD2;3.67027934244251e-06
297241302;LD2;0.000247165155650373
297241317;LD2;9.38522125760638e-06
297241351;LD2;4.69975089479209e-07
297241363;LD2;1.77185058444562e-06
306310008;LD2;0.000148583662874104
306310049;LD2;2.14482105365027e-07
306310064;LD2;1.85255994972834e-05
306310110;LD2;0.000637620526340595
317455954;LD2;1.0480783680861e-05
317456015;LD2;0.000121022646182153
317456026;LD2;0.000184433786233643
323970804;LD2;0.000866507389342426
323970899;LD2;2.81294563793366e-05
332546658;LD2;1.05825802409455e-05
332546669;LD2;4.58587282841137e-06
332546684;LD2;4.3129261973896e-06
332546730;LD2;5.12930788897267e-05
351712112;LD2;1.2539982138431e-06
351712118;LD2;1.25480262268487e-06
351712120;LD2;1.87425111164911e-05
351712123;LD2;1.35906700812835e-06
351712135;LD2;1.34329805769881e-06
351712146;LD2;5.43951542671753e-07
351712149;LD2;4.26987306598374e-07
351712152;LD2;6.83318898109508e-07
351712164;LD2;7.08262347000964e-07
351712167;LD2;0.00170473906082374
351712170;LD2;6.98908181638695e-06
351712173;LD2;0.000367225763262187
351712179;LD2;0.000797556254012998
351712182;LD2;6.66810328225372e-06
351712185;LD2;2.59414425618416e-05
351712191;LD2;3.39287583790418e-07
351712193;LD2;3.67452060265546e-07
351712197;LD2;6.85298286015219e-07
351712205;LD2;4.59788110742328e-07
356122298;LD2;3.64727757086547e-06
356122353;LD2;1.41574560531155e-05
356122368;LD2;0.000361075545012906
356122376;LD2;3.07964724098544e-05
356684805;LD2;0.000513654045759234
356684835;LD2;1.09310436002405e-06
356684838;LD2;7.61536188255375e-07
356684847;LD2;5.55146774237308e-05
356684859;LD2;3.85276126248108e-05
356684874;LD2;5.57186297361575e-06
356684882;LD2;3.39326886087021e-05
359715608;LD2;0.000433975197603119
359715655;LD2;1.7566953194212e-06
359715670;LD2;0.000156978414785079
359715716;LD2;0.00044061839261147
365776464;LD2;0.00102451632939411
365776482;LD2;0.000141706832674329
365776505;LD2;4.66112540814221e-09
365776517;LD2;1.10157071492201e-05
365776526;LD2;5.78979908185658e-06
365776529;LD2;3.99565201140298e-05
365776560;LD2;0.000671877627429414
373602928;LD2;6.82704921627926e-06
373602959;LD2;0.000185120332743595
373602962;LD2;4.95888378692708e-05
373602991;LD2;1.21230915800591e-05
373602998;LD2;5.43539752157732e-07
373603006;LD2;1.05776685960042e-05
379927973;LD2;0.000397384066739607
379927987;LD2;4.00116988507057e-05
379928004;LD2;1.66210704354166e-06
379928008;LD2;0.000465843464170282
379928024;LD2;0.000217841956275022
379928026;LD2;0.000390797539399207
379928033;LD2;3.88475198354766e-05
379928036;LD2;0.000190514140377308
379928042;LD2;6.61749620846212e-05
379928051;LD2;0.000394235116717325
379928069;LD2;1.43677731121123e-06
379928075;LD2;3.8814316968579e-05
379928080;LD2;0.000582410679175315
379928084;LD2;0.000392470508960619
379928092;LD2;0.00183119449221572
379928095;LD2;0.000666098189937972
406088625;LD2;1.71646850065421e-05
406088659;LD2;1.4869044518383e-06
406088668;LD2;1.86474034985459e-05
406088680;LD2;5.43405587173087e-05
406088688;LD2;2.72361929127693e-05
406088703;LD2;5.24897172130242e-05
406088721;LD2;6.82113036123706e-06
415164571;LD2;2.7680877818343e-05
415164601;LD2;3.95806605091581e-06
415164627;LD2;6.83591409817155e-06
415164673;LD2;6.09600700599964e-07
422674405;LD2;0.000585225993019696
422674436;LD2;7.30318534654892e-05
422674439;LD2;2.26073755849554e-06
422674460;LD2;0.000100234916704096
422674468;LD2;0.000854018701174047
422674483;LD2;4.73506095958869e-05
422674501;LD2;0.000188017035440184
429769049;LD2;4.55042017234678e-07
429769089;LD2;2.21559120220489e-06
429769110;LD2;5.2784924501612e-05
429769157;LD2;0.000169104162886787
448100679;LD2;0.0001821448739342
448100756;LD2;1.98052983575838e-05
448100781;LD2;9.69361629361428e-06
6158292;LD2;3.79795831724001e-06
6158300;LD2;5.17012074040156e-05
6158305;LD2;6.71079820867437e-05
6158307;LD2;1.20783326081278e-05
6158315;LD2;6.90592967291237e-05
6158336;LD2;5.95535938599778e-05
6158339;LD2;0.000120511790077522
6158370;LD2;0.000122718760174665
9059607;LD2;0.000108264297718602
9059670;LD2;5.62282808334948e-05
9059690;LD2;1.8461448676582e-05
18830132;LD2;4.34629489766076e-06
18830178;LD2;0.000101549167292143
18830195;LD2;0.000383300728869027
18830204;LD2;1.41538149828219e-07
20412317;LD2;3.99427857904426e-07
20412348;LD2;9.68903460642693e-07
20412351;LD2;1.01135122295002e-05
20412372;LD2;5.73821798153733e-05
20412380;LD2;7.42577896097721e-06
20412387;LD2;1.3476132136637e-05
20412395;LD2;1.62058127430921e-05
20412557;LD2;5.86217002950932e-07
20412586;LD2;6.27616694739182e-05
22214446;LD2;2.19403852225114e-06
22214476;LD2;6.41710706969666e-05
22214502;LD2;5.16249827782741e-07
22214548;LD2;7.89196966351853e-08
23408242;LD2;5.56734222312933e-06
23408273;LD2;1.66550253967089e-07
23408276;LD2;7.16247827935198e-06
23408285;LD2;2.40023832986621e-05
23408297;LD2;3.44614792780037e-05
23408305;LD2;3.81776612860991e-06
23408312;LD2;1.33814180431757e-05
23408320;LD2;0.000101515084805281
26930959;LD2;6.92173802822703e-06
26931005;LD2;1.61688916512332e-06
26931031;LD2;7.10525978112468e-06
26931061;LD2;5.49220259664768e-05
46566826;LD2;2.58846970818964e-07
46566835;LD2;1.31147038810531e-05
46566898;LD2;3.50882051765049e-05
59167506;LD2;8.33213870623833e-08
59167537;LD2;2.21226615759163e-05
59167540;LD2;0.000285243927659468
59167549;LD2;1.30104669434102e-06
59167561;LD2;1.28398595543445e-05
59167569;LD2;6.06713633660778e-06
59167576;LD2;2.61865875224145e-06
59167584;LD2;5.77398744755939e-06
81028997;LD2;5.56474107703472e-08
81029005;LD2;0.000285699483589125
81029018;LD2;0.000252624011205031
81029034;LD2;0.000264787246064758
81029036;LD2;2.2645623550288e-05
81029040;LD2;1.74620981728607e-05
81029072;LD2;1.15695228004879e-05
81029080;LD2;8.20086510869592e-06
81029120;LD2;1.94953520610255e-06
83201013;LD2;3.1776695367013e-06
83201043;LD2;8.08673896887341e-05
83201050;LD2;7.65395000297773e-05
83201058;LD2;3.44680727900405e-05
83201070;LD2;3.22458637548742e-05
83201079;LD2;2.0045481536359e-07
83201082;LD2;1.50361809336897e-06
83201113;LD2;3.02816964968368e-06
87347154;LD2;5.98675923600254e-05
87347200;LD2;2.20716317382221e-05
87347226;LD2;1.19793793492779e-06
87347232;LD2;2.97309040393583e-07
87347256;LD2;2.36787239668703e-05
93111073;LD2;6.13675329580766e-05
93111119;LD2;1.51146165691915e-07
93111134;LD2;1.45543045396677e-05
93111145;LD2;9.82042722886808e-08
93111175;LD2;9.48139428279084e-05
95815994;LD2;6.47180322966438e-06
95816024;LD2;5.73438309477422e-07
95816033;LD2;7.07165178501486e-07
95816050;LD2;2.74433632755329e-05
95816096;LD2;1.20093005499527e-05
110178177;LD2;3.04904561165404e-05
110178208;LD2;9.85449724621636e-06
110178211;LD2;6.31585684714514e-06
110178220;LD2;6.7913141205532e-07
110178232;LD2;1.29558565740323e-05
110178240;LD2;1.65887261439056e-05
110178247;LD2;2.60815870877525e-07
110178255;LD2;6.40437085452243e-05
110178273;LD2;1.09509847118668e-05
123718815;LD2;3.07068559563798e-07
123718878;LD2;4.21252734173942e-06
123718917;LD2;4.57193796456374e-08
137623587;LD2;0.000106203909529766
137623603;LD2;0.000527701172135636
137623608;LD2;0.00222973128566391
137623630;LD2;0.000290854007438784
137623666;LD2;4.02266637129891e-05
137623700;LD2;7.25895925327598e-06
138278894;LD2;8.58402940859973e-08
138278914;LD2;3.65535516216208e-06
138278949;LD2;0.000129235348697124
138278976;LD2;2.02096656945319e-06
138278979;LD2;0.00114956877064228
165571990;LD2;6.8018833535636e-05
165572027;LD2;0.000239031644586262
165572033;LD2;1.63800760409889e-05
165572040;LD2;0.000126268656993505
165572081;LD2;5.75887821329756e-05
170593463;LD2;8.1027312888761e-07
170593493;LD2;2.03489049882677e-06
170593502;LD2;1.62681023738915e-05
170593519;LD2;2.4220924493533e-06
170593555;LD2;6.07324001490487e-06
170593565;LD2;6.79429685855584e-07
171892222;LD2;8.77677044547128e-05
171892294;LD2;1.34955443259133e-06
171892324;LD2;0.0006430070915609
177109275;LD2;0.000217276012948604
177109278;LD2;3.39502795411052e-06
177109293;LD2;1.40277705053053e-05
177109312;LD2;0.00027715030309202
177109323;LD2;9.36986717300034e-07
177109329;LD2;3.08040909348588e-07
177109339;LD2;0.000108568687641676
177109347;LD2;0.000145979489441442
177109353;LD2;1.94679193004319e-05
177109369;LD2;4.8620759013714e-06
177109372;LD2;8.93697220116742e-05
194589120;LD2;9.283695095239e-06
194589166;LD2;0.000407187637588764
206684513;LD2;1.5218419429754e-07
206684544;LD2;6.99248173590887e-07
206684547;LD2;5.94641745441056e-10
206684556;LD2;3.65253882305076e-06
206684568;LD2;4.62461739886332e-07
206684576;LD2;6.65179947888985e-07
206684583;LD2;8.85399292657399e-08
206684591;LD2;1.99628279631787e-06
207522798;LD2;1.53333327259346e-05
207522828;LD2;2.40116317205554e-06
207522839;LD2;4.42260908058316e-06
207522900;LD2;3.17577529939798e-06
219240951;LD2;1.26142372474696e-05
219241007;LD2;1.3686161601174e-10
219241053;LD2;3.45749305907835e-05
226716293;LD2;1.55663940326007e-06
226716339;LD2;3.956894409462e-06
226716356;LD2;1.43671505351352e-06
226716365;LD2;3.10618240213916e-06
226716395;LD2;0.000168385106226
226716527;LD2;1.40549897559429e-06
226716535;LD2;5.01187668752747e-05
226716542;LD2;1.20923656505153e-05
226716550;LD2;2.94183103225401e-05
226716562;LD2;3.50962731759291e-06
226716571;LD2;4.00616724091874e-07
226716574;LD2;6.84209523518417e-06
226716605;LD2;7.50874522403714e-06
239080244;LD2;7.75568546135735e-07
239080275;LD2;0.000139951659927899
239080278;LD2;1.51030497153795e-06
239080287;LD2;8.56783875574612e-05
239080299;LD2;3.17376179823518e-07
239080307;LD2;9.14078780175459e-06
239080322;LD2;0.000214141172354286
254884894;LD2;1.16394841773887e-05
254884924;LD2;5.99209027794665e-07
254884933;LD2;0.000140584790468944
254884996;LD2;1.41115120920936e-05
273955693;LD2;6.63089960902635e-07
273955698;LD2;2.09434794651099e-05
273955700;LD2;9.03869309639368e-06
273955709;LD2;5.97003623552587e-08
273955724;LD2;1.8548988351918e-06
273955744;LD2;4.65276712717143e-05
273955762;LD2;9.90689858003352e-06
273955788;LD2;1.070821886201e-08
273955794;LD2;7.32869214529022e-05
273955819;LD2;3.25529584362329e-05
274626312;LD2;2.09053527648519e-05
274626343;LD2;9.61453068571197e-06
274626346;LD2;0.000108033864959685
274626355;LD2;2.53481840006887e-06
274626367;LD2;6.33224521147876e-05
274626375;LD2;1.12154581771797e-05
274626382;LD2;3.87387482070839e-07
274626390;LD2;0.000185831822836933
274626522;LD2;5.82701495471414e-08
274626552;LD2;8.95944848136813e-07
274626578;LD2;1.2749698361055e-06
274626588;LD2;0.000323245607958144
274626624;LD2;8.26716237205982e-06
306724726;LD2;9.40898022456338e-05
306724789;LD2;0.000159076922323837
306724798;LD2;4.40583171346284e-05
306724828;LD2;1.14094613637444e-06
319762482;LD2;0.000322603799963702
319762512;LD2;1.35009235022261e-06
319762538;LD2;1.03129450822833e-06
319762584;LD2;0.000906978417570796
339695345;LD2;5.58996041991404e-05
339695352;LD2;1.30737923289522e-05
339695360;LD2;3.59028872048252e-07
339695372;LD2;2.2720955051007e-08
339695381;LD2;4.79666867999089e-05
339695384;LD2;8.17710301206217e-05
339695415;LD2;4.17948034490238e-05
343542653;LD2;2.69489402375375e-06
343542687;LD2;1.06965934977288e-05
343542696;LD2;3.73496255456761e-05
343542708;LD2;9.06663315437139e-07
343542723;LD2;0.000243227366695007
343542731;LD2;4.38390486566511e-06
348565231;LD2;1.11123528235264e-06
348565277;LD2;2.93622323628857e-07
348565289;LD2;4.57541443284855e-06
348565292;LD2;2.39235576694851e-07
348565303;LD2;4.29544667706662e-06
348983623;LD2;6.30151726680171e-08
348983631;LD2;3.02308138633379e-07
348983637;LD2;5.26143501271563e-06
348983653;LD2;3.71095442804658e-06
348983655;LD2;4.87465155044284e-06
348983658;LD2;5.39616365506249e-06
348983663;LD2;4.97242550542224e-06
348983676;LD2;5.88631069897035e-09
348983678;LD2;3.2432447552794e-06
348983685;LD2;1.55355806021735e-06
348983688;LD2;2.34175348808975e-05
348983698;LD2;1.50495154047007e-06
348983703;LD2;9.71169801960459e-05
348983709;LD2;2.86163170820536e-06
348983715;LD2;2.74183596993321e-07
348983724;LD2;5.68670297346053e-07
348983742;LD2;2.07799935529528e-06
355921501;LD2;6.61892641380597e-06
355921534;LD2;5.06104010163885e-05
355921555;LD2;9.42266112618564e-09
355921563;LD2;4.62519618584278e-06
355921596;LD2;3.73478482956803e-05
363447585;LD2;3.50226232588646e-06
363447615;LD2;2.17166380337166e-07
363447626;LD2;3.10464261682081e-05
363447641;LD2;1.64787601470299e-07
363447687;LD2;1.30663820788225e-06
374275910;LD2;0.00509336537898531
374275940;LD2;1.98147264054874e-07
374275951;LD2;6.17563045528639e-05
374275966;LD2;1.01988953370302e-10
374276012;LD2;7.15628112639367e-06
383980711;LD2;8.98221032114591e-06
383980722;LD2;2.60114707619873e-07
383980783;LD2;0.00388527578916769
393569946;LD2;6.20180308150872e-06
393569980;LD2;7.94236637558703e-06
393569989;LD2;1.28443396111286e-05
393570001;LD2;1.80978979200251e-05
393570009;LD2;0.000104073204917306
393570016;LD2;0.000115920674983537
393699880;LD2;5.68184731583588e-06
393699888;LD2;3.85221455611642e-06
393699903;LD2;2.67655274951217e-05
393699915;LD2;2.58756096443107e-05
393699924;LD2;8.00820790747183e-06
393699927;LD2;9.82773444443823e-05
393699958;LD2;7.02088716081406e-06
394107340;LD2;4.50196365481512e-05
394107368;LD2;1.87201222436305e-05
394107399;LD2;1.54115285066607e-05
394107402;LD2;1.52590111362785e-06
394107411;LD2;1.31950326872226e-05
394107423;LD2;0.00033173010231213
394107431;LD2;2.38713279472527e-07
394107438;LD2;7.68718400234884e-08
394107446;LD2;6.31971979603998e-05
398006302;LD2;4.72327872052588e-05
398006374;LD2;2.35423826258451e-06
398006404;LD2;2.64082547124159e-05
404787494;LD2;0.0002822193464484
404787524;LD2;0.000227298325290961
404787527;LD2;6.64560259569688e-07
404787533;LD2;0.000399080585467443
404787555;LD2;0.000416664948795317
404787573;LD2;2.25586043664167e-05
404787597;LD2;3.0567996815447e-06
429326683;LD2;0.00013945447897976
429326729;LD2;1.01805280755073e-05
429326744;LD2;0.000168511908615439
429326755;LD2;7.54249728748096e-05
429326785;LD2;9.24716156214114e-06
432150036;LD2;2.75015482706818e-06
432150038;LD2;6.9420101367625e-06
432150060;LD2;3.86782855205521e-06
432150090;LD2;3.04225635511661e-11
432150094;LD2;4.09025908965618e-05
432150141;LD2;2.75250737202758e-06
432594178;LD2;3.55275896613989e-05
432594208;LD2;2.36718572179775e-05
432594219;LD2;0.000104025910999244
432594222;LD2;0.000188624408859624
432594234;LD2;1.10294306261655e-06
432594280;LD2;0.000695830615168417
445869045;LD2;3.08441658258999e-06
445869061;LD2;8.25689276586669e-05
445869088;LD2;0.000136308692354855
445869094;LD2;3.442761113604e-06
445869106;LD2;8.03073026260121e-06
445869124;LD2;1.4500461591497e-05
445869158;LD2;7.67234208442857e-05
449200836;LD2;3.66426993482258e-10
449200867;LD2;0.0181798760338665
449200870;LD2;0.000348964423394381
449200891;LD2;1.02812941967572e-06
449200906;LD2;0.000101811167577382
449200914;LD2;3.18628450083669e-05
449200932;LD2;0.00025586047363976
17837830;LD2;0.000679879840167227
17837860;LD2;2.8579714089998e-07
17837886;LD2;2.14202937797811e-05
17837932;LD2;2.06167964133164e-06
21785773;LD2;8.39501577159666e-05
21785868;LD2;2.02272616873961e-05
38941912;LD2;8.65784137007914e-06
38941949;LD2;3.33537665270274e-06
38941955;LD2;4.12442693520106e-05
38941962;LD2;1.40797648522492e-05
38942003;LD2;1.26729608177248e-05
44125684;LD2;2.01436004240654e-06
44125700;LD2;0.00108853200757154
44125705;LD2;0.00177164570194214
44125727;LD2;0.000116917941206508
44125745;LD2;0.00125840229165584
48242701;LD2;5.57565116458694e-05
48242731;LD2;1.29426140461858e-06
48242742;LD2;2.25476934534388e-07
48242745;LD2;0.000191759260589263
48242757;LD2;0.000157940188396107
48242803;LD2;4.31203445741654e-06
61441795;LD2;4.95138131719074e-05
61441841;LD2;5.81498147543145e-07
61441853;LD2;5.67507952545317e-07
61441856;LD2;3.32446729220185e-05
61441897;LD2;8.94585834389197e-05
82493450;LD2;1.20067483746998e-08
82493458;LD2;0.00011506942876936
82493465;LD2;1.53064554301177e-05
82493473;LD2;3.85474363923234e-05
82493494;LD2;0.000150894996360302
82493497;LD2;6.18378584265652e-07
82493527;LD2;8.02996104204784e-05
96815788;LD2;2.16417388294952e-07
96815793;LD2;0.000102031240158302
96815823;LD2;2.15310986555178e-06
96815827;LD2;5.85096325919019e-06
96815832;LD2;6.59041235831188e-08
96815870;LD2;1.23018332369834e-05
96815879;LD2;1.3026573605174e-05
97708988;LD2;3.45684233397272e-05
97709006;LD2;3.48155085041407e-06
97709050;LD2;0.000601376202692562
123396409;LD2;0.000133190899615992
123396439;LD2;2.05648270500834e-05
123396450;LD2;5.27146477587532e-06
123396511;LD2;8.29530354061333e-06
136416339;LD2;6.76050804542381e-06
136416369;LD2;8.58920787199928e-06
136416380;LD2;0.000179065769342384
136416441;LD2;5.23974853759347e-06
151332757;LD2;6.78286579247487e-05
176177858;LD2;0.00079579022114368
176177924;LD2;0.00223986551985427
178863629;LD2;2.19951030582729e-05
178863647;LD2;0.000572868821040169
178863655;LD2;0.000100872334266371
178863670;LD2;3.64178442113143e-05
178863691;LD2;2.12855568493373e-05
178863694;LD2;6.81484372597219e-06
178863724;LD2;8.25356923278881e-05
189366866;LD2;0.00025733802913086
189366892;LD2;7.46432621784448e-07
189366962;LD2;5.75001955715504e-07
190090194;LD2;6.76412250480684e-08
190090235;LD2;4.7004330293669e-05
190090248;LD2;8.00728370887698e-05
190090285;LD2;1.61351062886913e-05
209090844;LD2;2.78490296319989e-06
209090885;LD2;9.29340841094193e-05
209090898;LD2;3.66242225690304e-05
212221607;LD2;1.21249860847246e-05
212221622;LD2;3.36090305997707e-08
212221634;LD2;8.47153611352885e-07
212221643;LD2;6.68463203897929e-08
212221646;LD2;1.32208208079307e-06
212221677;LD2;3.25786504929083e-05
225478764;LD2;2.06854720106668e-05
225478825;LD2;0.000196912177691213
225478836;LD2;4.07004986523727e-09
228717272;LD2;5.80570920108182e-05
228717287;LD2;0.000269061796144977
228717298;LD2;1.65860107279561e-07
228717328;LD2;9.7634581953673e-05
237443521;LD2;9.49039041900032e-05
286691582;LD2;7.74113353468646e-07
286691588;LD2;0.000111365971983667
286691628;LD2;0.000187218427605036
286691652;LD2;1.82410820129894e-05
286691687;LD2;4.13496625085667e-06
286691700;LD2;4.59755440649412e-06
295574245;LD2;0.000131792612704253
295574263;LD2;7.20301536921618e-06
295574271;LD2;8.35753150898893e-05
295574278;LD2;3.29566587231816e-06
295574307;LD2;2.2304262444245e-05
295574341;LD2;8.47239866885847e-06
304837873;LD2;0.00107729509625144
304837894;LD2;0.000385309648387026
304837897;LD2;1.18453220319795e-07
304837928;LD2;0.00262212434323154
336171273;LD2;1.03060570174213e-06
336171303;LD2;5.80237143801218e-06
336171314;LD2;6.59307128377426e-06
336171329;LD2;0.00010217777032577
336171363;LD2;2.1063800449335e-06
336171375;LD2;0.00024292253753342
337374355;LD2;9.33558881581517e-06
337374416;LD2;0.000379115294760023
337374427;LD2;4.38211683493896e-06
337374457;LD2;0.000365617562719715
339179946;LD2;1.38055279620273e-05
339179976;LD2;2.77268085460025e-06
339179987;LD2;5.18598449519414e-05
339180002;LD2;1.18560311184311e-06
339180036;LD2;2.90255864892797e-05
339180048;LD2;2.65151202377475e-05
340727122;LD2;5.45369841951474e-06
340727152;LD2;2.56046003373609e-08
340727163;LD2;4.91364862160078e-06
340727224;LD2;4.46195909225115e-07
358990286;LD2;2.35354179066345e-06
358990327;LD2;1.95439846213263e-07
358990334;LD2;0.000123747511874114
358990340;LD2;6.44671055479702e-05
358990377;LD2;5.37307250821084e-05
367038312;LD2;2.10604085136129e-05
367038342;LD2;6.68335685248154e-06
367038353;LD2;9.21458493557567e-05
367038368;LD2;6.10491682017108e-05
367038414;LD2;2.22726079752626e-05
378723691;LD2;2.82495865364434e-06
378723709;LD2;0.000103484116696123
378723717;LD2;3.65805346061464e-05
378723724;LD2;1.33545184597164e-05
378723744;LD2;0.000219097733884875
378723753;LD2;3.22530199797376e-07
378723756;LD2;2.92617067166196e-05
378723787;LD2;2.94160279407831e-05
411982463;LD2;0.000656945850337587
411982465;LD2;0.000426042691878537
411982496;LD2;3.7364836106727e-05
411982519;LD2;2.36395003468947e-05
411982522;LD2;9.97568271074942e-06
411982525;LD2;0.000317030982464283
411982534;LD2;0.00123402999860484
411982540;LD2;1.24267602495688e-05
411982543;LD2;0.000749763523058037
411982578;LD2;3.53531233097947e-06
411982584;LD2;4.02055257701802e-05
411982592;LD2;1.28105404546992e-08
416007397;LD2;0.000397126446795529
416007403;LD2;0.000287223653097246
416007413;LD2;3.0485569214261e-06
416007443;LD2;0.000315976966223886
416007504;LD2;9.01170935935512e-05
416007512;LD2;8.18027165743081e-05
418720651;LD2;0.000207849716314955
418720664;LD2;1.17776953102224e-08
418720700;LD2;0.000746239993681991
421368377;LD2;8.15895186299073e-07
421368392;LD2;0.000215100906889697
421368423;LD2;4.57567462425741e-06
435672564;LD2;5.20513160961359e-05
435672610;LD2;0.000502911008459572
435672636;LD2;0.000607630356148799
435672666;LD2;0.000442059762122829
441192902;LD2;4.78089913088184e-07
441192936;LD2;2.76053607071623e-06
441192957;LD2;2.09040241133053e-05
441192972;LD2;0.00048937580827786
441192998;LD2;0.000312543456103053
443043587;LD2;0.000265003666071445
443043617;LD2;6.21739796750736e-05
443043628;LD2;8.47224713666025e-05
443043689;LD2;1.90533237153677e-07
446474362;LD2;1.52731701010153e-06
446474403;LD2;0.000614763881712917
446474415;LD2;0.00042436873152707
446474424;LD2;3.14093678336147e-05
446474427;LD2;2.50719033510657e-05
446474458;LD2;3.63579396414173e-08
472571087;LD2;2.37635642957904e-05
472571133;LD2;5.06533102029586e-07
472571189;LD2;8.73901655263671e-07
473262909;LD2;2.69797323882574e-08
473262916;LD2;1.19741937032013e-06
473568347;LD2;0.000705751873531693
473568357;LD2;3.48774551503748e-08
473568367;LD2;0.000144689686984003
473568377;LD2;0.000393090406828805
473568407;LD2;3.35977151882038e-05
473568412;LD2;0.000237745226980313
473568431;LD2;6.55200488204389e-07
473568443;LD2;1.11721933872347e-06
473568464;LD2;3.05112594121827e-05
473568473;LD2;5.51153445143107e-05
488229195;LD2;6.0021115070154e-10
488229201;LD2;0.00032365754901526
488229219;LD2;1.07705871935849e-05
488229234;LD2;0.000120198632424914
488229242;LD2;0.000611646388657464
488229263;LD2;3.59554265343861e-07
488229266;LD2;3.64430033648029e-05
488229297;LD2;2.75310081287034e-05
491648073;LD2;0.000252626059292321
491648103;LD2;5.1483386853839e-05
491648114;LD2;0.000480405270450461
491648139;LD2;0.00689050840069526
491648175;LD2;3.55629952805712e-05
507157499;LD2;0.00648086563523058
513247579;LD2;1.83156591818964e-05
513247637;LD2;0.00041754338734372
513247651;LD2;3.65217239104371e-05
513313714;LD2;4.65600194329698e-11
513313734;LD2;5.79308273137881e-06
513313769;LD2;1.01688519408086e-05
513313796;LD2;0.000141190795594825
513313799;LD2;2.35792731730428e-05
4124587;LD2;2.95787062971782e-07
4124617;LD2;4.69048629481179e-07
4124626;LD2;4.92853810175117e-07
4124643;LD2;2.62736921785904e-07
4124689;LD2;1.51291148618358e-06
7890835;LD2;2.26470344540024e-05
7890843;LD2;1.56706576617537e-07
7890850;LD2;1.18546347663359e-05
7890858;LD2;7.6898997717419e-05
7890870;LD2;6.33175036324706e-05
7890879;LD2;0.00388890536456722
7890882;LD2;0.0026584842332365
7890913;LD2;7.70552806290636e-06
10272950;LD2;8.82386697480748e-06
10272980;LD2;6.72687562527692e-06
10272989;LD2;5.52342800972964e-06
10273052;LD2;9.14488193416494e-06
26216911;LD2;1.40330776876822e-05
26216919;LD2;1.14695578837291e-05
26216927;LD2;3.87073235898229e-06
26216947;LD2;4.32978173775352e-06
26216977;LD2;4.31539317644641e-07
26217008;LD2;1.34499888420575e-05
28837890;LD2;5.94111627742588e-05
28837900;LD2;1.23206973777392e-05
28837918;LD2;3.33715321384523e-05
28837924;LD2;2.12263434694162e-06
28837926;LD2;1.73052826255679e-06
28837928;LD2;0.000185804773148622
28837940;LD2;6.5213825183746e-05
28837965;LD2;8.16348358552841e-05
28837997;LD2;4.10732724369992e-06
28838000;LD2;4.48848327526436e-05
28838008;LD2;1.93690019885882e-05
36776367;LD2;2.41853943604778e-06
36776398;LD2;5.67194595313731e-06
36776401;LD2;1.65030250075386e-05
36776410;LD2;4.39838901695386e-07
36776422;LD2;2.50693483331914e-06
36776430;LD2;1.86474165348323e-06
36776437;LD2;4.14098370198774e-05
36776445;LD2;2.87370078786232e-05
37568440;LD2;1.58751240321955e-06
37568448;LD2;4.9248552292354e-07
37568455;LD2;3.63100706566016e-06
37568463;LD2;1.03245753515311e-06
37568475;LD2;2.66687424482606e-08
37568484;LD2;4.36219589373378e-07
37568487;LD2;6.07124901132326e-09
37568518;LD2;2.37065210713827e-06
48075404;LD2;7.7058970262873e-06
48075412;LD2;1.17364151835107e-05
48075419;LD2;4.40406686406868e-06
48075427;LD2;2.40648168323667e-06
48075439;LD2;0.000109358346643048
48075448;LD2;1.80516389536198e-05
50269486;LD2;6.69448395867903e-06
50269504;LD2;0.000103081528097139
50269550;LD2;2.83734785472005e-05
65428622;LD2;1.75205185144164e-07
65428670;LD2;1.05559017438544e-09
65428685;LD2;3.74297274927521e-08
75547204;LD2;1.75949083300174e-05
75547273;LD2;0.00024821472826913
97368440;LD2;7.5263070144468e-08
97368448;LD2;1.18488528684189e-05
97368455;LD2;2.77705264155816e-06
97368463;LD2;2.41360655243615e-06
97368475;LD2;6.90947890121228e-07
97368484;LD2;7.33093925156841e-05
97368518;LD2;3.63966325625928e-06
103641960;LD2;6.42536420319327e-06
103641994;LD2;1.3234941419078e-05
103642003;LD2;3.26359055976079e-06
103642015;LD2;5.02877915994331e-05
103642023;LD2;7.88973240022599e-06
103642030;LD2;0.000117890363418713
103642038;LD2;2.3583645595791e-08
114890694;LD2;3.12548734373208e-05
114890725;LD2;1.59212607397861e-05
114890728;LD2;2.8449518691414e-05
114890749;LD2;1.87662947917187e-05
114890757;LD2;2.24737759060966e-05
114890764;LD2;2.12547707648335e-05
114890790;LD2;1.20844949434399e-05
117574213;LD2;0.00010083386617891
117574233;LD2;1.19656643793123e-05
117574236;LD2;0.000195788667582547
117574240;LD2;4.75699964992607e-05
117574250;LD2;6.40134884483491e-05
117574258;LD2;8.8992256303837e-05
117574291;LD2;1.62777701914841e-05
117574305;LD2;4.07668393959901e-05
117574328;LD2;2.49842317789256e-06
117776106;LD2;4.26965954175003e-06
117776112;LD2;4.13491882648303e-05
117776134;LD2;6.08654405966503e-05
117776149;LD2;2.84286887063277e-05
117776161;LD2;3.26065496417524e-06
117776168;LD2;3.19291720072169e-06
117776175;LD2;2.0336591084158e-06
117776178;LD2;8.49792850620724e-05
117776180;LD2;2.50607300857893e-05
117776182;LD2;1.358285033743e-05
117776208;LD2;5.81865689271095e-06
117776215;LD2;0.000117069936990757
117776219;LD2;0.000194103005348586
118237461;LD2;8.61988589511129e-06
118237469;LD2;2.67769062339202e-06
118237477;LD2;4.98641609544915e-07
118237493;LD2;3.81824296955713e-08
118237519;LD2;6.07046661210931e-06
118237558;LD2;1.42263171634037e-06
137058176;LD2;6.95761944752119e-05
137058222;LD2;3.253477499265e-05
137058237;LD2;9.92887279064443e-07
137058248;LD2;2.54919717875546e-09
137058278;LD2;2.38828812231618e-07
137406220;LD2;1.5077764027759e-05
137406246;LD2;1.1144497385318e-05
137406253;LD2;3.16336681455906e-05
137406261;LD2;2.6228878970005e-05
137406282;LD2;0.000172277013438053
137406285;LD2;0.000164881936279352
137406316;LD2;8.06713830042317e-07
145563019;LD2;1.22063013265432e-07
145563049;LD2;3.41997283413901e-08
145563121;LD2;9.59355443164441e-08
163078260;LD2;3.97953493155403e-05
163078290;LD2;6.80074232304791e-05
163078299;LD2;0.0022846793241839
163078362;LD2;0.000828121376297043
163517615;LD2;2.03225739471775e-05
163517641;LD2;2.32793648188171e-05
163517677;LD2;1.02359813861224e-06
163517711;LD2;2.43705902524672e-05
164786442;LD2;6.96862240783231e-05
164786474;LD2;7.14393541222444e-06
164786480;LD2;9.19020225681801e-06
164786544;LD2;1.64276684341022e-05
168926506;LD2;1.23200267728491e-06
168926513;LD2;3.48775480020552e-05
168926533;LD2;0.000421094188638926
168926542;LD2;0.000163198564327865
168926576;LD2;5.99526646256124e-07
178314993;LD2;1.14014390909283e-09
178315004;LD2;4.14881784777991e-05
178315019;LD2;2.34851955224901e-05
178315065;LD2;1.30405763175738e-05
181741851;LD2;9.73598955172482e-06
181741869;LD2;3.79386901338158e-05
181741877;LD2;3.884180582189e-06
181741892;LD2;9.76785879535132e-06
181741913;LD2;1.2412803892986e-06
181741916;LD2;2.69837217045173e-05
181741947;LD2;1.97193233956633e-05
183816307;LD2;0.00259504498262767
183816323;LD2;6.57026520247738e-05
183816395;LD2;8.97949582477135e-05
183816404;LD2;0.000791317031095303
183921265;LD2;0.00140592871426151
183921326;LD2;0.00123256889144329
183921337;LD2;1.39338380435769e-05
183921367;LD2;1.59186539281349e-05
184321706;LD2;1.93621069171565e-05
184321742;LD2;0.000445902717849399
184321755;LD2;2.88320489455163e-06
184321796;LD2;6.46259430926394e-05
186276294;LD2;3.47348391910016e-05
186276325;LD2;1.21569287629964e-05
186276328;LD2;1.25822178072523e-06
186276337;LD2;3.36438789969376e-05
186276364;LD2;9.85876021020286e-06
186276372;LD2;3.53542371829696e-05
186276390;LD2;2.89519446636001e-07
188574960;LD2;0.000359854392349627
188575001;LD2;4.57584154871391e-06
188575016;LD2;3.42072784898569e-05
209460703;LD2;2.72919562695794e-08
218284396;LD2;4.24706364614905e-05
218284504;LD2;1.39725212472766e-06
236384374;LD2;3.32839753696995e-09
237419660;LD2;9.57604006188312e-08
237419702;LD2;7.44461102414297e-06
237419711;LD2;3.86926914332536e-06
237419767;LD2;5.25422280784048e-07
237419777;LD2;0.00039657561866541
238015964;LD2;0.000210484779316269
238015994;LD2;1.11015759078375e-05
238016005;LD2;2.46092819512144e-05
238016020;LD2;4.52861332775509e-05
238256782;LD2;1.88913994330826e-05
238256785;LD2;4.03295042336775e-05
238256807;LD2;0.000128333092121298
238256815;LD2;0.000164151354241009
238256825;LD2;4.22715885372128e-05
238256831;LD2;9.33477799911867e-06
238256842;LD2;4.01595180127426e-05
238256861;LD2;6.12313824938921e-05
238256876;LD2;2.19883165263379e-05
238256879;LD2;0.000155845628255638
238256890;LD2;1.25607911224559e-07
238340984;LD2;7.99122738637327e-07
238341014;LD2;5.94594224185706e-08
238341025;LD2;4.98681950449942e-06
238341040;LD2;1.12157191356414e-09
238341086;LD2;2.76347102813237e-06
239687679;LD2;5.16737548403383e-05
239687709;LD2;2.29202069498562e-06
239687720;LD2;9.96966945648313e-06
239687735;LD2;5.01674200811908e-05
239687781;LD2;7.9381730492587e-06
245379471;LD2;0.000268048121691308
245379540;LD2;5.24709380396389e-05
245379543;LD2;7.88532591462816e-05
247457419;LD2;4.49039242316415e-05
247457428;LD2;1.20376612139339e-05
247457448;LD2;3.35626012350906e-05
250291204;LD2;1.37218034699787e-05
250291235;LD2;2.93860633070044e-08
250291238;LD2;4.49919435660072e-06
250291259;LD2;8.46721858517872e-06
250291274;LD2;4.21363107092817e-05
250291282;LD2;3.02421827968419e-06
250291300;LD2;1.65588120693235e-05
266835755;LD2;0.000128129161180332
266835786;LD2;0.000111039879752891
266835789;LD2;6.71949908940762e-05
266835810;LD2;1.45286903724985e-06
266835818;LD2;3.85380942546465e-05
266835825;LD2;6.3956664707823e-05
266835833;LD2;9.79010983736685e-05
272138924;LD2;0.0001328476151758
272138970;LD2;6.74547071280698e-07
272138985;LD2;9.33772914527107e-08
272138996;LD2;2.75589982484755e-08
272139026;LD2;0.000222597822286875
274368094;LD2;1.2680701103774e-05
274368102;LD2;9.64941248785502e-05
274368109;LD2;2.81421013503902e-05
274368117;LD2;4.65474382472729e-06
274368129;LD2;1.99426692296968e-07
274368138;LD2;8.56066710045547e-06
274368141;LD2;6.70498111771713e-05
274368172;LD2;2.4105180860865e-05
276746639;LD2;1.00367966306101e-05
276746685;LD2;4.68887750239377e-06
276746711;LD2;4.98194282676291e-06
276746741;LD2;0.00157860791954333
278492968;LD2;0.000124868406772083
278492975;LD2;9.7365014517713e-06
278492981;LD2;5.33967433308009e-07
278493017;LD2;3.04913681854623e-05
282668146;LD2;2.18441295200506e-05
282668176;LD2;9.88474768783347e-06
282668187;LD2;6.97236018016124e-08
282668202;LD2;1.61262998559222e-05
282668248;LD2;6.94267084126801e-05
284049813;LD2;0.000256804282788658
284049824;LD2;1.35011518088434e-05
284049839;LD2;2.22762328212078e-06
284049885;LD2;0.000132527010626934
289269536;LD2;0.000465050068985439
289269554;LD2;6.95820978840839e-09
289269562;LD2;9.82940613471255e-05
289269569;LD2;1.69614935660578e-06
289269577;LD2;4.94371691474625e-06
289269598;LD2;2.40455151562904e-05
289269601;LD2;7.32483975139554e-06
289269632;LD2;1.38409012207126e-05
296937769;LD2;1.97832024061943e-07
296937799;LD2;6.41343934891045e-06
296937805;LD2;1.18992088478949e-05
296937808;LD2;6.36877544928412e-07
296937825;LD2;1.3036139168204e-06
296937871;LD2;1.83059371682662e-08
300613148;LD2;0.00445451151316039
300613156;LD2;4.28288496137624e-05
300613163;LD2;2.72226172465933e-07
300613171;LD2;4.05102328502376e-06
300613183;LD2;1.5848486777695e-05
300613192;LD2;6.66660213766847e-06
300613195;LD2;0.000154770294784941
300613226;LD2;6.11570634047145e-09
305394232;LD2;2.69713334874647e-07
305394278;LD2;2.15117780334963e-07
305394293;LD2;1.85556047239578e-05
305394304;LD2;2.41040142880782e-05
305394334;LD2;1.79292401771607e-05
322380543;LD2;7.04785384246963e-06
322380551;LD2;3.10047361551103e-05
322380558;LD2;1.18035800884426e-05
322380566;LD2;6.35553292847789e-06
322380578;LD2;5.42802852295886e-08
322380587;LD2;8.61381320640384e-06
322380590;LD2;4.00124969841513e-05
322380621;LD2;5.01573247011855e-06
327141785;LD2;6.16927586923027e-06
327141800;LD2;1.11464184495041e-07
327141811;LD2;3.59129417614074e-06
327141841;LD2;6.35762405125262e-06
329249004;LD2;1.61013987795485e-07
329249050;LD2;4.49675549756577e-06
329249067;LD2;2.67658408636582e-05
329249076;LD2;9.89352407576699e-09
329249106;LD2;1.11437689953904e-05
335527973;LD2;2.13784230105526e-07
335528003;LD2;0.000185259887958138
335528014;LD2;0.00114246820791155
335528029;LD2;1.18589489481793e-07
336237632;LD2;8.86199289092533e-05
336237727;LD2;6.11140184603189e-05
341151140;LD2;2.07395747977141e-08
341151144;LD2;3.56990659326628e-05
341151173;LD2;6.77520972382464e-06
341151180;LD2;1.03878294568066e-05
341151250;LD2;2.01460081185754e-07
342795034;LD2;1.02218081905348e-08
342795059;LD2;5.49418225320357e-07
342795065;LD2;5.77280542901632e-07
342795077;LD2;5.39779392326387e-07
342795080;LD2;5.27256836794427e-07
342795087;LD2;4.57096213486735e-07
342795101;LD2;4.21020663468973e-07
342795110;LD2;5.78644060626331e-07
342795130;LD2;4.10430801413639e-07
344997274;LD2;2.34065776249065e-05
344997304;LD2;1.2443183350656e-07
344997313;LD2;6.69858881352601e-07
344997330;LD2;4.31868548843116e-08
344997376;LD2;1.7830603361041e-05
358817016;LD2;2.38029418643884e-06
358817023;LD2;2.67105180250433e-08
358817031;LD2;6.89554969773395e-11
358817043;LD2;2.5792320176887e-07
358817052;LD2;1.32445862214089e-05
358817055;LD2;7.74777932278046e-06
358817086;LD2;3.74558965506681e-05
359511975;LD2;2.38912075429222e-06
359512021;LD2;1.46660644476045e-07
359512038;LD2;0.000975233862522251
359512047;LD2;1.46715515457447e-06
359512077;LD2;0.000110957053972057
359512083;LD2;1.00252525006374e-06
359512209;LD2;7.43373317170138e-05
359512217;LD2;1.80299297798582e-05
359512224;LD2;3.69192762117315e-05
359512232;LD2;7.90350101648551e-05
359512244;LD2;5.98991446630655e-05
359512253;LD2;8.34993553282819e-05
359512256;LD2;8.50622572610584e-05
359512287;LD2;0.000139775456394887
364064194;LD2;9.01160473214067e-05
364064266;LD2;0.000109247123632289
364064296;LD2;4.38811341830196e-06
372727721;LD2;1.01958158697256e-05
372727793;LD2;1.07805910254765e-06
372727823;LD2;7.45843787138619e-05
373867247;LD2;4.82261250936345e-05
373867277;LD2;1.0325617648577e-07
373867286;LD2;4.01341366026304e-05
373867349;LD2;3.18687969313553e-06
376451860;LD2;0.000212154715381385
376451891;LD2;0.000394330413875089
376451894;LD2;0.000110903614685461
376451915;LD2;0.000239049344441011
376451923;LD2;0.000216979573199981
376451930;LD2;0.000116592640842419
376451938;LD2;0.000180990012912414
378297268;LD2;6.74237084170964e-05
378297340;LD2;6.36524470038648e-07
378821192;LD2;0.000103161250600147
378821222;LD2;0.00128933463749663
378821231;LD2;1.63642384022059e-05
378821248;LD2;4.13157502958335e-05
378821294;LD2;3.08514741038562e-07
386589487;LD2;0.000728242804885144
386589519;LD2;6.83640853780518e-08
386589522;LD2;1.8581015946967e-05
386589531;LD2;4.22148716950372e-06
386589543;LD2;0.000238836869144393
386589551;LD2;7.09301421986676e-05
386589558;LD2;1.76871196648593e-05
386589566;LD2;8.44237548531655e-05
392080322;LD2;3.00911221466906e-07
392080368;LD2;1.70288665389679e-08
392080383;LD2;0.000227148484873616
392080430;LD2;3.41542142384964e-05
392561168;LD2;8.19488106936236e-06
392561202;LD2;2.69287142438914e-06
392561223;LD2;7.57335836232171e-07
392561238;LD2;8.5706395987679e-05
392561264;LD2;1.21268609381274e-07
393949622;LD2;4.75564690435369e-06
393949694;LD2;2.70423590799949e-06
393949724;LD2;1.09795789837903e-05
402792801;LD2;2.21986543350506e-05
402792873;LD2;1.8526502820435e-06
402792903;LD2;0.000622218415857897
405331845;LD2;0.000177672311456335
405331908;LD2;0.00165960691961073
405331917;LD2;5.46294122828766e-07
405331947;LD2;9.77639493861542e-05
407248400;LD2;4.7383925165069e-05
407248430;LD2;0.000166632408479114
407248441;LD2;9.51228702427521e-07
407248456;LD2;2.92431687273389e-05
407248502;LD2;6.01912630169737e-05
413525584;LD2;9.80304686773009e-06
413525614;LD2;1.07621233021318e-05
413525617;LD2;7.12248353385325e-07
413525626;LD2;5.79820831083994e-06
413525638;LD2;8.92478928593625e-06
413525646;LD2;9.96765476386033e-06
413525653;LD2;8.70244072180178e-07
413525661;LD2;1.38385512030631e-06
413555986;LD2;1.13589787778189e-06
413555992;LD2;1.72546053325637e-06
413556012;LD2;1.98192427644803e-05
413556058;LD2;1.00753605441179e-05
413691294;LD2;6.40172487281671e-05
413691307;LD2;1.61097741943733e-06
413691315;LD2;1.50224452279193e-05
413691322;LD2;6.63671043235736e-05
413691330;LD2;9.94511113047869e-06
413691342;LD2;3.98918377284565e-07
413691351;LD2;5.92562010772147e-07
413691354;LD2;1.8715227478181e-05
413691385;LD2;2.79373682860355e-05
420798000;LD2;6.49477229785917e-06
420798046;LD2;5.64080043452289e-06
420798072;LD2;7.5026914409023e-05
420798102;LD2;9.34609331752482e-06
422582436;LD2;0.000149570871475648
422582497;LD2;6.0708674703398e-05
422582508;LD2;2.01250095103423e-05
422582538;LD2;0.00158254866068212
423443469;LD2;1.30731788573555e-06
423449511;LD2;4.38490019886529e-06
423449529;LD2;4.46863809757801e-05
423449548;LD2;5.32395870152333e-05
423449919;LD2;0.000488890372384733
423449997;LD2;7.03843350783684e-05
423454400;LD2;0.000319268833511373
423454444;LD2;1.50248571470792e-06
423454463;LD2;9.48545373125344e-05
423454512;LD2;1.11747438745045e-06
423621343;LD2;4.35835224974079e-05
423621389;LD2;7.33836379134431e-06
423621445;LD2;1.11286529539359e-05
430121777;LD2;0.00153432974999565
430121812;LD2;5.04307086822585e-05
430121825;LD2;7.30967565246031e-10
430121880;LD2;0.00389501701043861
430121882;LD2;4.16171687440036e-05
430121893;LD2;5.21759761931753e-06
437292605;LD2;5.49443836526377e-06
437292635;LD2;2.00116049646516e-09
437292661;LD2;2.28064717947466e-08
437292707;LD2;7.37741596019878e-06
449729249;LD2;2.93493116460668e-07
449729267;LD2;0.000474296317031235
449729296;LD2;3.12524440498088e-05
449729357;LD2;0.000145580197656153
451512345;LD2;1.49154489786528e-05
451512379;LD2;0.000101943602129886
451512388;LD2;2.93720668278558e-05
451512400;LD2;2.25406467325026e-07
451512415;LD2;2.43812835515537e-05
451512423;LD2;8.15280796734582e-06
455397551;LD2;2.04379342062131e-06
455397582;LD2;0.00827143084279758
455397585;LD2;6.2020668191318e-06
455397614;LD2;6.9845601685256e-05
455397621;LD2;4.69685807387132e-06
455397629;LD2;0.000107638970794496
460659192;LD2;7.45404868209548e-06
460659211;LD2;2.56769495173337e-05
460659583;LD2;3.70033745531272e-05
460659661;LD2;1.93582030409427e-05
460667585;LD2;7.83101541118889e-05
460667608;LD2;5.91614276023147e-06
460667619;LD2;6.95228363650271e-07
460667669;LD2;0.000107919328863879
460667679;LD2;6.24062948791124e-05
460667703;LD2;3.24058371075626e-05
460674066;LD2;3.86508917414248e-07
460674114;LD2;6.68273020292098e-07
460674122;LD2;2.91514586541635e-07
460674200;LD2;1.51847322490795e-05
460674571;LD2;4.85890479055613e-06
460674590;LD2;7.64850520464524e-06
924700;LD2;5.12813647638614e-05
924730;LD2;8.50246812870954e-06
924802;LD2;3.68811861114982e-06
2742465;LD2;1.0416417223937e-05
2742526;LD2;2.19119518724498e-06
2742537;LD2;1.53116609759876e-05
2742567;LD2;5.68064410853793e-05
13292078;LD2;1.63117244171717e-05
13292124;LD2;6.28813724328201e-06
13292139;LD2;6.57669199151132e-05
13292150;LD2;8.94547624111218e-06
13292180;LD2;0.00177596698722818
17470896;LD2;0.0156615117086647
17470957;LD2;0.00631013632554078
17471004;LD2;0.0168972428731382
22013689;LD2;2.81660718955253e-07
22013720;LD2;2.45361543337217e-06
22013723;LD2;2.72910988428342e-06
22013732;LD2;1.51719175533366e-07
22013744;LD2;9.586018470697e-06
22013752;LD2;4.25246306495857e-07
22013759;LD2;2.3296883565012e-06
22013767;LD2;6.00864030962065e-05
22013785;LD2;5.59589875463712e-06
23708445;LD2;9.5723604257207e-05
23708471;LD2;4.72439089855828e-06
23708486;LD2;9.65644427945978e-05
23708507;LD2;3.00956831133485e-05
23708541;LD2;8.84546781831041e-05
49112470;LD2;0.000413137360625039
49112516;LD2;1.52318482161546e-05
49112542;LD2;1.14115943221097e-05
49112572;LD2;0.00388895383771993
51226138;LD2;3.0103188825486e-05
51226147;LD2;4.31112384427721e-06
51226156;LD2;1.04272168119866e-07
51226158;LD2;0.0030248272644825
51226165;LD2;3.94023371604999e-05
51226172;LD2;0.00015605973938997
51226178;LD2;0.00095016182960251
51226189;LD2;3.37522522369595e-05
51226198;LD2;0.00244096534383819
51226208;LD2;2.53838113026374e-05
51226219;LD2;7.20341779907434e-07
51226225;LD2;0.00148153100390387
51226241;LD2;2.89710057281269e-06
51226244;LD2;0.00139659071923462
51226249;LD2;9.2989802696325e-10
51226261;LD2;0
51226264;LD2;2.92836271310782e-05
80224974;LD2;0.000215645099480978
80225004;LD2;0.000701354103412356
80225015;LD2;3.13875302831718e-05
80225030;LD2;7.53629647449458e-05
81127976;LD2;0.000225024798501159
81127989;LD2;6.04491369278213e-05
81128030;LD2;0.000253161542458397
95324424;LD2;0.000527203609199798
95324434;LD2;0.000439489062290902
95324490;LD2;9.52470907042165e-05
95324499;LD2;1.28984679861353e-06
95324541;LD2;0.000216373196739597
98497112;LD2;6.51869776862613e-05
98497153;LD2;3.91036334327178e-05
100164059;LD2;0.00042537469428841
100164069;LD2;3.94129573672796e-06
100164125;LD2;8.39006484039337e-05
100164134;LD2;0.000650326268694311
100164176;LD2;8.99348790434259e-05
121971156;LD2;1.5512798593488e-05
121971186;LD2;1.1069249092269e-07
121971197;LD2;4.04860305346914e-07
121971258;LD2;1.32290280070617e-05
158276687;LD2;4.27034002712044e-06
158276713;LD2;6.09016162024676e-07
158276720;LD2;5.77084651997709e-05
158276728;LD2;4.00799397096994e-07
158276749;LD2;0.000169084488144838
158276752;LD2;2.74583808095358e-06
158276784;LD2;2.20364514141957e-05
170723896;LD2;6.62426012833231e-06
170723919;LD2;0.0003282505076152
170723938;LD2;4.34818950512365e-07
170723960;LD2;6.06147119749251e-05
170723966;LD2;0.00117879682867515
170723981;LD2;0.000189184911038326
170723998;LD2;0.00110576717307733
187776570;LD2;8.827083766852e-06
187776601;LD2;0.000651097737032736
187776604;LD2;1.74473916672253e-05
187776613;LD2;5.95722508015028e-05
187776625;LD2;6.95562471665657e-08
187776633;LD2;9.95467554607496e-05
187776640;LD2;5.75746484511512e-05
187776648;LD2;9.08381348905368e-07
187776664;LD2;0.000678266194439527
194194778;LD2;2.2656860087798e-06
194194787;LD2;7.56300709945656e-08
194194843;LD2;8.3206305555292e-05
202502076;LD2;4.39142807427925e-05
202502084;LD2;7.30700418827128e-05
202502091;LD2;3.98575851568365e-06
202502099;LD2;2.92336505202758e-06
202502120;LD2;6.79287051840959e-06
202502123;LD2;5.7465595870182e-06
202502154;LD2;6.5551807276566e-05
230721226;LD2;7.2842396546551e-06
230721257;LD2;3.16309589718761e-05
230721260;LD2;0.000117958366456838
230721281;LD2;6.06651173221273e-07
230721289;LD2;9.75410322434608e-05
230721304;LD2;4.75575705118647e-06
230721322;LD2;1.09847765271893e-06
253194395;LD2;0.00033547405452674
253194425;LD2;1.4190891572266e-05
253194436;LD2;6.76087998848501e-08
253194439;LD2;1.05181368213463e-06
253194451;LD2;3.83266307667805e-05
253194497;LD2;5.15756941643971e-08
258104626;LD2;0.000198846016616466
258104686;LD2;0.000842421175121979
258758801;LD2;0.000600279429301795
258758818;LD2;1.11678253204129e-10
258758831;LD2;6.82026162812073e-07
258758834;LD2;0.000105354499334992
258758903;LD2;6.63522758038779e-06
268804493;LD2;3.20146530527e-07
268804523;LD2;6.30067929639994e-05
268804549;LD2;6.84513827678621e-07
268804595;LD2;6.7776385145557e-05
272209186;LD2;3.18954764636785e-05
272209216;LD2;0.000278806715666589
272209219;LD2;1.59655929026728e-06
272209240;LD2;9.58782077882046e-05
272209248;LD2;1.75810560326117e-06
272209255;LD2;6.63084368685156e-05
272209263;LD2;0.000155457031079082
272209281;LD2;5.0482330104531e-06
274762416;LD2;0.000197397558210337
274762471;LD2;1.54167299560067e-05
274762486;LD2;6.30564662557078e-05
274762494;LD2;2.38628131998095e-05
292428423;LD2;1.54655132103501e-05
292428469;LD2;7.513787866174e-05
292428484;LD2;1.15572027383444e-05
292428495;LD2;9.28460591027283e-06
292428525;LD2;8.03983766067017e-07
296883347;LD2;1.46375107965013e-06
296883365;LD2;1.51458246383295e-05
296883373;LD2;9.94612917967712e-07
296883380;LD2;1.634079672837e-05
296883388;LD2;1.14775105880902e-05
296883409;LD2;0.000100856077601867
296883412;LD2;1.95260614424254e-05
296883442;LD2;1.93424851144857e-05
306046794;LD2;3.74162587157355e-07
306046855;LD2;9.86158894241432e-05
306046866;LD2;0.000191349610162088
306046896;LD2;6.56837258148393e-05
313711366;LD2;0.000107206261233079
313711369;LD2;6.81885139501137e-06
319517979;LD2;2.31782235596907e-05
319518009;LD2;0.000162408276783546
319518020;LD2;1.70774218811647e-07
319518035;LD2;5.860418085219e-07
319518081;LD2;0.000896121836520138
343242262;LD2;0.00516471784591562
343242303;LD2;6.66568248976068e-05
343242318;LD2;1.23391986187833e-05
343242364;LD2;0.000273578689199191
347720916;LD2;2.87049691150611e-06
347720934;LD2;8.76643333081309e-07
347720942;LD2;0.000222708160055148
347720949;LD2;1.38956133631674e-05
347720957;LD2;1.4984534572849e-05
347720969;LD2;3.5238353927813e-07
347720978;LD2;0.000113019276383119
347720981;LD2;4.53211520489369e-05
347721012;LD2;0.00011897151515136
347728032;LD2;1.33751795430135e-06
347728050;LD2;4.9662919975037e-05
347728058;LD2;7.29225326826306e-05
347728065;LD2;9.3017667619659e-06
347728073;LD2;4.53311680579755e-08
347728085;LD2;2.53141105662555e-06
347728094;LD2;3.06752243885622e-07
347728097;LD2;9.91413920298621e-05
347728128;LD2;2.63637756439165e-09
350052653;LD2;2.07866918385615e-07
350052662;LD2;9.73688741621559e-06
350052683;LD2;0.000773886776042561
350052714;LD2;1.73430746822728e-05
350052749;LD2;0.00073862489549098
350052759;LD2;1.78334549433432e-05
350052769;LD2;2.64168134268489e-06
350052779;LD2;0.000301307880318324
353606473;LD2;0.000156264143960537
353606534;LD2;5.09612437467779e-06
353606545;LD2;4.67898974541762e-05
353606575;LD2;0.000150707485106558
7604120;LD2;5.53119148277984e-06
7604131;LD2;5.61497539702128e-05
7604146;LD2;5.36540989978078e-05
7604192;LD2;0.00014651183770777
7604203;LD2;8.30892676850532e-06
8484700;LD2;2.08887507583617e-05
8484763;LD2;8.2187506738612e-06
8484772;LD2;7.36923459798462e-06
13379127;LD2;3.83030660706435e-06
13379135;LD2;1.3366925911366e-06
13379142;LD2;1.57153168243723e-07
13379150;LD2;1.55297704082102e-06
13379162;LD2;5.82130760390124e-06
13379171;LD2;2.89802992765968e-06
13379174;LD2;6.30729506785595e-07
13379205;LD2;1.46564607818614e-06
22765798;LD2;9.09387205917159e-08
22765829;LD2;2.09982065476427e-05
22765832;LD2;2.01658495395374e-05
22765841;LD2;2.88045244961312e-05
22765853;LD2;2.93232608963482e-06
22765861;LD2;8.76163909198943e-05
22765868;LD2;2.26884150819611e-05
22765876;LD2;1.38581538313117e-06
25128348;LD2;5.94070545633903e-06
25128378;LD2;4.42195164607457e-07
25128387;LD2;2.2369272680079e-06
25128404;LD2;2.59340714206597e-07
25128450;LD2;7.717188223529e-06
31373840;LD2;0.000147832010101957
31373886;LD2;1.00742023466951e-05
31373901;LD2;2.52328545121701e-05
31373912;LD2;2.43166520072188e-05
32793199;LD2;3.45089116797393e-06
32793211;LD2;3.16781423785229e-06
32793221;LD2;4.48426551660352e-06
37206227;LD2;0.000228190266461724
37206255;LD2;6.18878228942646e-05
37206286;LD2;5.66077809139611e-05
37206289;LD2;2.05650818279953e-09
37206298;LD2;3.10931456895161e-06
37206310;LD2;0.000149882337047659
37206318;LD2;9.12937916102205e-08
37206325;LD2;4.41464241852416e-08
37206333;LD2;2.24406612632657e-05
37757881;LD2;0.000284761218027997
37757911;LD2;0.000122600938086752
37757922;LD2;3.47674094864717e-07
37757983;LD2;4.64356103230424e-06
40403677;LD2;2.95995863148666e-05
40403740;LD2;4.97800123079832e-05
40403749;LD2;1.64700725176885e-07
40403779;LD2;5.41204944194692e-05
45074734;LD2;6.22417082668053e-06
45074749;LD2;2.85463821958325e-05
45074769;LD2;1.52601452242827e-08
45074778;LD2;7.69984265514744e-06
45074781;LD2;2.18737928702203e-05
45074812;LD2;5.10272471711165e-06
47243542;LD2;1.05887919058211e-08
47243557;LD2;0.000173356861960383
47243569;LD2;9.77602430590774e-06
47243578;LD2;3.24369335507352e-05
47243581;LD2;9.65865222270899e-06
48852572;LD2;6.87629114724808e-06
48852618;LD2;5.96076949066129e-07
48852635;LD2;1.71704006082037e-05
48852674;LD2;7.34459321129385e-05
49772534;LD2;6.1881542958673e-05
49772541;LD2;0.000508415864792611
49772565;LD2;8.08954446924206e-05
49772577;LD2;8.56775540865405e-05
49772589;LD2;6.19642856785086e-05
49772597;LD2;7.14093401654803e-05
60764426;LD2;5.6410101233515e-06
60764480;LD2;7.17328017523797e-05
65243175;LD2;4.58066978684223e-06
65243193;LD2;1.46218435706954e-08
65243208;LD2;0.000137942801607769
65243216;LD2;1.00059760678812e-05
65243237;LD2;1.66348563839178e-06
65243240;LD2;0.000152176468705406
65243271;LD2;0.000147302624112444
74923784;LD2;0.000185332302552438
74923795;LD2;0.00130678147425921
74923833;LD2;6.21206318244905e-06
74923874;LD2;2.72194281607577e-06
76892522;LD2;0.000829342476144315
76892568;LD2;1.09044513754487e-05
76892594;LD2;1.40410540556222e-06
76892624;LD2;3.01016361600119e-06
78281354;LD2;0.00778448806012002
78281400;LD2;1.16250221504053e-06
78281417;LD2;0.000317817389115762
93720805;LD2;0.00169848643008347
93720835;LD2;3.7707657590043e-06
93720846;LD2;1.14912614536582e-07
93720861;LD2;3.64396270633207e-05
93720907;LD2;2.04144899138033e-05
111238737;LD2;7.16855290386705e-05
111238780;LD2;6.33076570225371e-06
111238783;LD2;3.88322379663919e-05
111238809;LD2;1.96149818423054e-05
111238839;LD2;1.79848599835635e-05
117379788;LD2;0.00165652498397587
117379819;LD2;4.03148499228423e-05
117379822;LD2;2.30219580045289e-05
117379843;LD2;6.51372886400653e-06
117379851;LD2;1.63110332704341e-05
117379858;LD2;0.000114198100106129
117379866;LD2;1.84055542524321e-05
117379884;LD2;0.000276293474215534
117514830;LD2;1.90826680579113e-05
117514876;LD2;6.9315045225155e-07
117514891;LD2;0.000203906008107471
117514902;LD2;1.49693432484103e-05
117514932;LD2;1.12157644372112e-05
117514953;LD2;0.00941720457103709
132482332;LD2;0.000799938049181713
132482353;LD2;3.172324895621e-05
132482383;LD2;4.17247097083828e-06
132482394;LD2;2.35462782147363e-05
132482409;LD2;1.10713567637974e-05
132482455;LD2;6.499488236035e-06
132711425;LD2;0.000105755715022395
132711455;LD2;1.48196670804181e-06
132711466;LD2;3.881732859744e-06
132711481;LD2;2.66356700510206e-06
132711527;LD2;1.41140913503795e-05
133310460;LD2;2.3281735188892e-05
133310520;LD2;1.70707809467514e-06
133643832;LD2;0.000256839169867525
133643862;LD2;0.000228787614228398
133643876;LD2;3.47113149514103e-06
133643888;LD2;7.92972655805298e-06
133643934;LD2;0.000124538849734734
134908694;LD2;8.94259416600542e-05
134908725;LD2;7.32168528826814e-07
134908728;LD2;2.65639577761674e-05
134908749;LD2;3.36894147758009e-09
134908757;LD2;0.000203716044257457
134908764;LD2;1.67330258412705e-06
134908772;LD2;7.29416234871795e-06
134908788;LD2;0.000236455400205624
134908790;LD2;0.000110232390077705
136014797;LD2;0.000421309768495711
136014839;LD2;0.00114795236061401
136014848;LD2;6.06487187820126e-06
136014904;LD2;1.38322388301412e-05
136014914;LD2;4.30533978947627e-05
139023770;LD2;4.85721789673373e-06
139023801;LD2;0.000696046783233667
139023804;LD2;5.76414974150728e-05
139023813;LD2;6.81219582580542e-05
139023840;LD2;7.50117651401289e-05
139023848;LD2;0.000208462165865353
139023866;LD2;0.00212489908547175
149109883;LD2;1.23250592277846e-06
149109929;LD2;2.47843622368769e-06
149109944;LD2;0.000340886931585339
156659141;LD2;1.49255467304556e-06
156659153;LD2;2.03772213302739e-05
156659187;LD2;1.08437255635578e-06
156659202;LD2;2.90943447237048e-06
156659213;LD2;6.21021234650215e-06
156659243;LD2;0.0010102541588149
157768238;LD2;7.71961152296891e-05
157768333;LD2;2.14094140480198e-05
160913794;LD2;3.70399867164921e-05
160913806;LD2;0.000256043158146877
160913824;LD2;2.55029366118471e-05
160913857;LD2;0.000124947886793192
160913859;LD2;6.11505197985229e-06
160913864;LD2;1.6873264407661e-06
162541707;LD2;4.05897436732911e-05
162541737;LD2;2.2734137462326e-05
162541746;LD2;1.48015398721698e-06
162541763;LD2;4.70290628087989e-06
162541799;LD2;1.63475128114378e-05
162541809;LD2;7.23951008516053e-07
165048047;LD2;2.90657104488513e-06
165048056;LD2;7.55012623919399e-05
165048093;LD2;3.20994410270323e-06
165048119;LD2;6.1385455676604e-07
165048149;LD2;7.20925300929449e-05
168263277;LD2;5.84470088276706e-08
168263308;LD2;8.71277164698926e-08
168263311;LD2;4.63797172354114e-07
168263320;LD2;8.83371695993668e-06
168263340;LD2;6.48484770005655e-08
168263347;LD2;2.26675873213499e-05
168263355;LD2;3.65486720892159e-05
174199153;LD2;3.9163712828458e-05
174199164;LD2;0.000318973506714659
174199166;LD2;1.18868300609982e-06
174199171;LD2;7.57439510635743e-05
174199188;LD2;4.88725912953376e-06
174199196;LD2;0.000123126014030595
174199242;LD2;0.000127621291635791
176143601;LD2;0.000297436428157296
176143619;LD2;1.86258334615257e-05
176143627;LD2;3.74956220050995e-07
176143634;LD2;1.23897208719341e-05
176143642;LD2;8.17750409762843e-06
176143654;LD2;2.88553661964228e-06
176143663;LD2;9.60885453345861e-06
176143666;LD2;4.18933833306943e-06
176143697;LD2;3.92303181076487e-06
181189089;LD2;4.53221006635947e-07
181189143;LD2;9.68247680128289e-07
181189150;LD2;0.0001912163974175
181189161;LD2;8.95141257103046e-07
181189191;LD2;8.58860400146951e-05
189654103;LD2;1.7763763350734e-07
189654134;LD2;3.79894689293106e-05
189654137;LD2;4.19136082146226e-05
189654158;LD2;3.12003634435225e-05
189654166;LD2;1.38603522425504e-05
189654173;LD2;0.000107591934934085
189654343;LD2;3.7365453129953e-05
189654415;LD2;0.00177062038977086
203717294;LD2;0.00537890126591145
203717341;LD2;4.67057455032232e-06
203717402;LD2;6.98841879593629e-06
214315941;LD2;2.99129786778631e-06
214315987;LD2;4.77361316260283e-08
214316004;LD2;0.000155371995897802
214316013;LD2;2.04950036568159e-05
214316038;LD2;7.70828654997071e-06
214316043;LD2;4.90686042666479e-06
216940489;LD2;2.85773440948564e-05
216940535;LD2;4.36910197193602e-06
216940552;LD2;1.258043615146e-05
216940561;LD2;1.2062911923824e-06
216940591;LD2;1.95588031125083e-05
218941876;LD2;4.49795418291707e-05
218941922;LD2;3.1163153651852e-07
218941937;LD2;4.02947521369331e-07
218941948;LD2;0.0087339265042374
219080151;LD2;2.42412379050934e-11
219080166;LD2;1.06070879999005e-08
219080190;LD2;7.67508448856978e-06
219080196;LD2;3.45758793041179e-08
219080199;LD2;0.000328663195004158
219080207;LD2;0.000371301020261051
227173208;LD2;0.000128085666051018
227173238;LD2;2.65829734866793e-06
227173247;LD2;3.52082665664928e-07
227173264;LD2;2.61620783859808e-06
227173310;LD2;1.13632595694013e-07
259616148;LD2;2.38381616314898e-05
259616158;LD2;2.19986336343883e-05
259616214;LD2;0.000178569420779412
259616223;LD2;1.46378589475895e-05
259616265;LD2;2.12922101209952e-05
259624190;LD2;3.550557143989e-06
259624200;LD2;3.84241880049276e-05
259624256;LD2;0.000101911179123124
259624265;LD2;3.18404713781252e-05
259624307;LD2;6.56304611883988e-05
259626750;LD2;6.04714395357333e-06
259626760;LD2;5.08184620316772e-05
259626816;LD2;1.25175542743209e-06
259626825;LD2;8.07135290854254e-05
259626867;LD2;8.52853792247512e-05
259629310;LD2;7.43711855174841e-07
259629320;LD2;6.19092805741918e-05
259629376;LD2;1.89542703420049e-05
259629385;LD2;5.03111815623881e-05
259629427;LD2;1.96142213553115e-05
264153947;LD2;3.97031593490483e-05
264153955;LD2;2.09261275213487e-05
264153962;LD2;0.00016412985594234
264153970;LD2;5.30611017926886e-05
264153982;LD2;5.13757557609743e-05
264153991;LD2;6.55739661049053e-08
264153994;LD2;2.35691142077837e-05
264154025;LD2;6.30838580083006e-05
273055863;LD2;1.69266421873703e-06
273055893;LD2;2.61643120352167e-05
273055896;LD2;5.93145611396673e-05
273055965;LD2;9.35503751474243e-06
275560499;LD2;3.81044672135232e-06
275560508;LD2;2.61675517693094e-10
275560535;LD2;0.00480073537827143
275560543;LD2;4.89613669746865e-07
283040103;LD2;2.3154745062484e-06
283040154;LD2;0.00041870523170114
283040161;LD2;9.51174751247052e-05
286375397;LD2;0.000996813992897398
286375443;LD2;0.000141734234827702
286375469;LD2;1.2285566201701e-05
286375499;LD2;4.75760706388176e-05
302077918;LD2;1.71707636718332e-05
302077952;LD2;6.79154462218733e-08
302077961;LD2;4.82923365208491e-07
302077973;LD2;0.00613049280885992
302077981;LD2;7.46619407912154e-05
302077988;LD2;0.000160341071180822
302077996;LD2;6.42150115749243e-07
304858707;LD2;9.58804801353156e-07
304858715;LD2;1.70841075673136e-06
304858722;LD2;2.51174601273907e-05
304858730;LD2;1.81766991193287e-05
304858742;LD2;6.1929135686602e-06
304858751;LD2;6.06560675721798e-08
304858754;LD2;4.52831522378711e-07
304858784;LD2;8.70181952653229e-06
315421855;LD2;5.95810558776421e-06
329815847;LD2;2.78448077533794e-06
329815889;LD2;0.000129409711207239
329815898;LD2;0.00100668867734893
329815954;LD2;1.10739509093809e-05
329815964;LD2;0.00325039322705663
338619667;LD2;9.73868068743773e-05
338619697;LD2;3.14974572138636e-07
338619708;LD2;0.000138762105281348
338619723;LD2;1.42232529635282e-05
338619769;LD2;1.96495474463664e-06
344186326;LD2;0.000125126003802516
344186335;LD2;1.17894604092191e-08
344186356;LD2;5.75611579832271e-05
344186380;LD2;0.00025486391713306
344186389;LD2;6.26493893944196e-05
344186403;LD2;2.64298859712194e-05
344186409;LD2;0.000250657131007243
344186422;LD2;8.08914603389163e-05
344186428;LD2;0.000151572343578961
344186432;LD2;1.44646372659509e-05
344186435;LD2;3.8594243981891e-05
344186448;LD2;0.000130881167669565
344186453;LD2;4.71392485182945e-05
355788279;LD2;0.000129845033947331
355788329;LD2;3.75208206317295e-05
358759382;LD2;2.48550287983168e-05
358759397;LD2;7.85285138114547e-05
358759408;LD2;1.3853438588871e-05
358759438;LD2;1.25652993977204e-07
362918581;LD2;0.000222221910233708
362918596;LD2;5.64126565813782e-07
362918619;LD2;2.72334576800225e-06
362918674;LD2;3.17896261325257e-06
365113984;LD2;2.84933184574526e-05
365114015;LD2;3.8743090749423e-06
365114018;LD2;1.25367163041809e-06
365114027;LD2;1.05547117084802e-08
365114039;LD2;4.92729439699084e-06
365114047;LD2;1.43595298705501e-06
365114054;LD2;2.96320637977698e-05
365114062;LD2;1.58487543831589e-07
365345609;LD2;0.000522814579014857
365345626;LD2;1.10125060541998e-07
365345628;LD2;2.2384152488515e-06
365345644;LD2;2.60739684145746e-05
365345660;LD2;2.66706802563711e-05
365345677;LD2;1.36254269195338e-06
368060776;LD2;3.46368785800178e-05
368060782;LD2;0.000761470037036855
368060828;LD2;1.69889378139764e-05
368060843;LD2;2.68370567444663e-05
368060854;LD2;9.50237138724549e-05
368060884;LD2;0.000625673343974553
386433888;LD2;0.000127865426191475
386433922;LD2;9.49439090321561e-08
386433927;LD2;2.91372716056769e-05
408460542;LD2;1.55507911945461e-05
408460573;LD2;9.62281082694119e-07
408460576;LD2;8.1484312387513e-06
408460585;LD2;9.51723103274113e-06
408460597;LD2;2.50224226606095e-06
408460605;LD2;8.99276244839909e-06
408460612;LD2;3.14542990354677e-08
408460620;LD2;2.74070631658491e-06
408460636;LD2;0.00301087504306465
409029049;LD2;0.000243568092099337
409029079;LD2;0.000308303611446565
409029105;LD2;0.000322971957316838
409029151;LD2;0.000356600752870408
409204451;LD2;4.94677406473447e-07
409204497;LD2;1.47583717852586e-06
409204514;LD2;5.51150208321302e-05
409204523;LD2;9.01470953791727e-06
409204553;LD2;1.86061789726266e-06
409588968;LD2;5.72501421697852e-06
409589014;LD2;5.67203529527534e-07
409589031;LD2;5.00657407264396e-05
409589040;LD2;6.45595718063465e-08
409589070;LD2;0.00013312801741093
416255766;LD2;3.34445131447638e-08
416255796;LD2;6.42968699174365e-08
416255805;LD2;5.5166460850164e-09
416255822;LD2;1.06914895149862e-08
416255868;LD2;4.77739502220273e-07
423811846;LD2;2.10887101494829e-05
423811864;LD2;1.32371117746027e-05
423811879;LD2;3.71935089505536e-06
423811887;LD2;4.55195595579354e-07
423811908;LD2;3.69008054819959e-05
423811911;LD2;3.0260450851069e-06
423811942;LD2;1.99816670799814e-05
425766442;LD2;0.000189750399798259
425766445;LD2;4.93853758071442e-06
425766451;LD2;0.000232056133437143
425766479;LD2;4.06132221741278e-05
425766498;LD2;0.000121022572003534
425766523;LD2;5.08476889396833e-06
425766540;LD2;6.27919775307287e-06
425766543;LD2;2.46165748353522e-05
425766559;LD2;0.000105690409570121
425766562;LD2;2.64490851237126e-06
425990244;LD2;0.00155927148439335
425990316;LD2;3.34893175210433e-05
427228364;LD2;0.000116904067168312
427228410;LD2;3.32717355526094e-05
427228436;LD2;3.13619957259864e-06
427228466;LD2;0.000143590890351466
429664249;LD2;2.8029755444418e-06
429664257;LD2;1.91783007304615e-06
429664259;LD2;8.49486494423038e-06
429664264;LD2;3.21710390567394e-05
429664272;LD2;1.13556205486331e-05
429664284;LD2;1.77228862435104e-05
429664293;LD2;0.000122773514982818
429664327;LD2;4.55097402349517e-05
430566368;LD2;1.65672455611374e-05
430566402;LD2;1.20753256457895e-07
430566411;LD2;1.83992391894994e-06
430566423;LD2;0.00563161883191957
430566431;LD2;6.03137246658619e-06
430566446;LD2;1.66085291045498e-10
433877948;LD2;1.32981607926121e-05
433877994;LD2;1.49516773003892e-05
433878006;LD2;1.73233135959542e-05
433878009;LD2;1.92132930034065e-06
433878050;LD2;7.01641340363123e-05
435024118;LD2;2.64464676946281e-06
435024126;LD2;1.63064589615205e-05
435024133;LD2;1.21800711465253e-05
435024141;LD2;0.00208145105364483
435024153;LD2;0.000153872531792031
435024162;LD2;0.00231939066859618
435024165;LD2;0.000340938694629319
435024196;LD2;6.25576166000446e-05
454257935;LD2;0.000961288853438705
454257996;LD2;1.07752725073817e-05
454258025;LD2;0.000149669209392764
454258043;LD2;0.00048470782299506
457016950;LD2;6.05920297484307e-05
457016976;LD2;0.000214704966569054
457016991;LD2;0.000292400173485849
457017012;LD2;6.78080406155084e-05
457017015;LD2;1.09992861327164e-05
457017046;LD2;0.00013282713204971
457448437;LD2;0.000193033062987309
457448459;LD2;5.42235554016741e-07
457448471;LD2;4.59921095543673e-05
457448478;LD2;2.92695703530665e-05
457448489;LD2;0.000144641327482144
457448501;LD2;0.000636341583565512
457448507;LD2;0.000352976247417188
457448534;LD2;9.3220742637965e-05
457448550;LD2;9.87568913234719e-05
465473344;LD2;0.000196477753628002
465473362;LD2;4.56812266741358e-06
465473371;LD2;5.61572718496181e-06
465473383;LD2;0.000168060754304787
465473388;LD2;2.82417054981091e-06
465473398;LD2;1.74271258700628e-05
465473401;LD2;0.000183570669770093
465473408;LD2;0.000172186228013352
465473410;LD2;0.000269457802750982
465473413;LD2;1.87057396435111e-07
465473419;LD2;9.20789544276305e-05
465473423;LD2;1.9915961451788e-05
465473428;LD2;5.27653375118489e-07
465473431;LD2;0.000116284897504
465473433;LD2;3.46090546188212e-05
465473445;LD2;4.76863506497329e-05
465473449;LD2;0.000200611601748919
465473455;LD2;1.44844646311151e-06
465473460;LD2;5.27709470002711e-06
465473463;LD2;2.07914657000417e-07
465905151;LD2;0.00024212008104822
465905169;LD2;0.001435494802044
465905198;LD2;2.18626315468674e-06
465905259;LD2;0.000254160038287525
467385231;LD2;0.000561781433925888
467385261;LD2;0.000312150367101843
467385272;LD2;0.000999852481517168
467385287;LD2;3.8894750321328e-06
467385333;LD2;0.000414042179240548
476970989;LD2;0.00353628938473439
476970998;LD2;5.4283016284778e-08
476971010;LD2;1.00453282462446e-05
476971018;LD2;2.1602727262813e-07
476971025;LD2;2.07914236652622e-07
476971033;LD2;4.88346523253712e-05
480651782;LD2;7.12502962632668e-08
480651813;LD2;4.77006512135081e-07
480651816;LD2;2.0507798036314e-06
480651825;LD2;0.000193028954774267
480651845;LD2;2.8321997612262e-05
480651852;LD2;7.34952516382212e-05
480651857;LD2;1.33894699135824e-06
485136916;LD2;2.88786229982436e-05
485136946;LD2;3.55538037594658e-06
485136955;LD2;6.38433077615581e-07
485136972;LD2;0.000121647417685179
485137001;LD2;0.0108701474723387
485137018;LD2;7.25727665805705e-05
491594215;LD2;6.36405372927682e-07
491594222;LD2;0.000124018981857716
491594230;LD2;4.37102735381426e-07
491594242;LD2;2.35644206269445e-08
491594251;LD2;1.71600645166713e-05
491594254;LD2;6.36441150969534e-06
491594285;LD2;1.39273045133505e-05
491664420;LD2;5.77748946860142e-06
491664428;LD2;1.0846785204655e-05
491664435;LD2;1.99628986782998e-05
491664464;LD2;1.67867429892392e-08
491664467;LD2;9.10372967018025e-06
491664498;LD2;2.0535897699327e-06
492098104;LD2;2.74681614278121e-06
492098138;LD2;8.19664498609677e-08
492098147;LD2;0.000101769601961445
492098167;LD2;2.18786829879559e-06
492098174;LD2;6.84865180481084e-06
494938575;LD2;1.17881820239869e-06
494938621;LD2;3.83589135670763e-07
494938638;LD2;2.31555413697827e-07
494938647;LD2;2.1961733422378e-07
494938677;LD2;1.58124560101611e-05
496600885;LD2;6.35202243485406e-05
496600915;LD2;3.83144885313394e-07
496600924;LD2;2.16566424539767e-05
496600941;LD2;2.27192094168787e-05
496600987;LD2;5.72243153800045e-05
503300742;LD2;0.000780932077562699
503300803;LD2;0.000229643663038245
503300814;LD2;2.89990126839115e-05
503300844;LD2;0.00109480144408187
510108834;LD2;0.000764619707574535
510108868;LD2;5.72083002540774e-06
510108889;LD2;3.75453427473551e-06
510108904;LD2;0.000366521297366723
510108930;LD2;4.92125915686289e-07
514032138;LD2;2.83297215086585e-05
514032147;LD2;0.000105141292482378
514032159;LD2;3.86872681160852e-05
514032167;LD2;1.79846775009871e-08
514032174;LD2;0.000193870659421566
514032182;LD2;5.3869852828825e-07
514032195;LD2;0.000477316525956927
514737542;LD2;6.34747001499393e-05
514737545;LD2;1.53366146681232e-06
514737551;LD2;1.65504242359624e-06
514737554;LD2;1.47514003654219e-06
514737569;LD2;1.47379378378389e-06
514737572;LD2;3.3261729746513e-06
514737601;LD2;1.57077247934974e-06
514737605;LD2;1.65137822681936e-06
514737629;LD2;6.34533339407297e-06
514737641;LD2;1.54513883919341e-06
514737643;LD2;1.43546124123647e-06
514737645;LD2;3.79655687096786e-06
514737650;LD2;1.50819507253626e-06
514737653;LD2;1.47110180354104e-06
514737661;LD2;2.00864392885362e-06
514737671;LD2;1.57762564071126e-06
515395225;LD2;4.97267057762964e-08
515395271;LD2;9.19409954445746e-06
515395297;LD2;2.62665034871066e-07
515395327;LD2;1.86822962359731e-06
516769422;LD2;1.19104920137632e-07
516769430;LD2;4.16984933527687e-05
516769437;LD2;1.67206089539469e-06
516769445;LD2;7.13806068405892e-07
516769457;LD2;5.24509433237734e-05
516769466;LD2;2.33939629030896e-05
516769469;LD2;3.33059151526502e-06
516769500;LD2;1.77416894092491e-06
519191698;LD2;1.21747431350549e-07
519191750;LD2;7.55421923811422e-06
519191765;LD2;2.06065495593379e-06
519191773;LD2;1.09620144534738e-05
519191811;LD2;1.5074248717618e-05
519191826;LD2;0.000139113116267014
526833526;LD2;9.67362778992274e-06
526833534;LD2;9.60228574632156e-07
526833541;LD2;2.9202154519179e-05
526833549;LD2;1.07809958973184e-06
526833561;LD2;5.21966154565331e-08
526833570;LD2;2.68255108566189e-07
526833573;LD2;2.53551318503342e-07
526833604;LD2;2.68889175340496e-07
534947424;LD2;9.50281194255425e-05
534947463;LD2;5.1392726686847e-07
541471570;LD2;1.78885464597356e-05
541471626;LD2;5.13552116217234e-06
541471672;LD2;8.40713744096004e-07
545865974;LD2;1.90873195856914e-07
545866005;LD2;9.21970840303518e-06
545866008;LD2;1.04893328354465e-07
545866017;LD2;1.54081310413676e-06
545866029;LD2;0.000153325611364737
545866037;LD2;8.76062067865999e-06
545866044;LD2;7.03868323762275e-05
545866052;LD2;5.47578355509182e-06
548500954;LD2;0.000131610323105336
548500977;LD2;0.000179900497834447
548500998;LD2;9.8287180432247e-07
548501001;LD2;0.000125576466828134
548501032;LD2;0.00020077221969821
554489798;LD2;9.03502435227035e-06
554489828;LD2;1.45562696309613e-06
554489854;LD2;5.40222029770002e-08
554489900;LD2;1.41042401618842e-05
554739915;LD2;9.38706882017515e-05
554739935;LD2;1.91081551170985e-05
554739999;LD2;7.10814596841914e-05
554740002;LD2;0.000207471612741977
561129378;LD2;2.80307653331459e-06
561129409;LD2;1.96237449692572e-05
561129412;LD2;1.15432237265631e-05
561129433;LD2;0.00240905117940833
561129441;LD2;2.14204014518551e-05
561129448;LD2;0.000205383308075223
561129453;LD2;0.000540407886657719
564539721;LD2;1.90653562768331e-05
564539729;LD2;5.17922520301778e-07
564539736;LD2;2.63388424189769e-05
564539744;LD2;3.55021999176585e-05
564539756;LD2;2.29224745667539e-07
564539765;LD2;8.96859410673644e-07
564539798;LD2;1.79321516797766e-05
566652614;LD2;0.000222776008734765
566652645;LD2;6.01814295683718e-06
566652648;LD2;7.77901931841087e-08
566652657;LD2;1.51453127649664e-06
566652669;LD2;5.5865111705202e-06
566652677;LD2;1.03684801491742e-08
566652684;LD2;1.50280728134185e-05
566652692;LD2;3.97508522362393e-06
567282049;LD2;3.15694494660675e-08
567282080;LD2;2.61854391301598e-06
567282083;LD2;8.53718380163065e-06
567282092;LD2;3.75038492628782e-06
567282112;LD2;3.28548741460701e-08
567282119;LD2;2.18990464648928e-06
567282127;LD2;1.8018541382496e-05
571152141;LD2;8.49249399955805e-06
571152171;LD2;7.48299159903894e-09
571152243;LD2;4.81144715693782e-05
573939304;LD2;5.19844086130866e-06
573939312;LD2;1.33177902238815e-06
573939319;LD2;0.000298540228281489
573939327;LD2;7.87109261040849e-06
573939339;LD2;6.8732510723657e-07
573939348;LD2;0.000110639625641082
573939351;LD2;3.7190871389592e-06
581599874;LD2;3.12686456292329e-05
581599938;LD2;4.90350896275979e-05
581599958;LD2;5.28576395580167e-06
584201984;LD2;3.09343291037088e-05
584202030;LD2;0.000983879113330838
584202047;LD2;2.34906446164177e-05
584202056;LD2;4.36465305068497e-07
584202086;LD2;0.000260296826241853
2745842;LD2;0.000348883172645413
2745872;LD2;3.49818684384689e-05
2745883;LD2;0.00433658123454068
2745898;LD2;0.000802966253032548
2745944;LD2;0.000228232632562474
35253587;LD2;2.38399285929061e-05
35253595;LD2;4.55077609583918e-07
35253602;LD2;3.30946442611127e-06
35253610;LD2;8.51986819799225e-06
35253631;LD2;5.37765368528271e-07
35253634;LD2;2.44875044063792e-05
37230728;LD2;1.70182725007901e-06
37230774;LD2;1.98847083787465e-06
37230789;LD2;9.85165134802722e-09
37230800;LD2;1.99448715435349e-06
37230812;LD2;1.97810434459026e-06
37230830;LD2;1.07907892999764e-06
41657362;LD2;4.24360938737526e-06
41657408;LD2;5.8741307715418e-05
41657423;LD2;2.32749188574267e-06
41657434;LD2;1.68066878131139e-08
45152523;LD2;2.80927819622678e-05
45152569;LD2;0.000120655938965264
45152584;LD2;1.07625956828029e-06
45152595;LD2;9.84806413484982e-05
45152625;LD2;2.82885615629385e-07
58402284;LD2;1.8539453181702e-05
58402331;LD2;2.55041768305407e-07
58402392;LD2;0.000397870686049832
69273634;LD2;2.82548842364701e-07
69273664;LD2;1.18445665701681e-06
69273675;LD2;1.3869334467667e-09
69273690;LD2;6.25142530631693e-06
69273736;LD2;8.5440886324597e-05
78879330;LD2;3.1849990723892e-08
78879333;LD2;1.5338991412938e-05
78879342;LD2;0.000219379008722023
78879354;LD2;0.000376508934401182
78879369;LD2;0.000450458442429658
78879377;LD2;2.8770947487042e-06
78879395;LD2;0.000459852953469604
96632406;LD2;0.000111333567471088
96632452;LD2;9.02672024027467e-05
96632467;LD2;1.73320584152217e-07
96632478;LD2;7.05485585873127e-07
96632508;LD2;9.25564601771866e-05
164112175;LD2;2.35146194596082e-08
164112206;LD2;9.88876287694635e-07
164112209;LD2;4.59673100726645e-05
164112218;LD2;3.33095887595682e-05
164112238;LD2;2.39546270762568e-05
164112245;LD2;8.03587445156463e-06
164112253;LD2;8.69369224621052e-05
187953059;LD2;9.83650063756287e-07
187953067;LD2;8.41906370825593e-05
187953075;LD2;5.52004660250003e-06
187953095;LD2;2.50462422639077e-05
187953125;LD2;0.000419016420698471
187953156;LD2;2.84882339520131e-05
187953188;LD2;3.58169755461571e-05
196524878;LD2;0.000244143711002849
196524908;LD2;1.9860785496793e-05
196524919;LD2;1.32393049234522e-05
196524934;LD2;1.15123764470566e-06
196524980;LD2;1.60071283033602e-05
202446393;LD2;0.000991899813132046
202446405;LD2;0.00697267768925768
202446436;LD2;0.00766329077574884
210737118;LD2;0.000207385599047543
210737126;LD2;6.71797976248445e-05
210737133;LD2;4.87145490578435e-05
210737141;LD2;0.000100649717215861
210737162;LD2;4.68493638907655e-05
210737165;LD2;4.13546439547901e-05
210737196;LD2;1.64088911431768e-05
225218582;LD2;1.79673257337339e-05
225218643;LD2;1.23962828360046e-05
233240586;LD2;4.41020731380256e-05
233240588;LD2;7.72088351917778e-09
233240617;LD2;1.33431701572457e-05
233240621;LD2;7.27008115492496e-06
233240637;LD2;5.09930600663622e-05
233240639;LD2;0.000878480053928118
233240646;LD2;4.32030632439829e-05
233240655;LD2;1.07779422918336e-06
233240664;LD2;0.000753078380579104
233240668;LD2;4.0796641701209e-05
233240682;LD2;2.5572888018329e-05
233240688;LD2;0.00113114371246337
233240693;LD2;0.000137905080837169
233240706;LD2;0.00119571842941892
233240709;LD2;1.2829626090266e-08
241562471;LD2;1.831586989049e-06
241562474;LD2;0.000843465023616119
272432390;LD2;2.13159660995875e-05
272432402;LD2;1.50829843387046e-05
272432436;LD2;7.61176809891783e-05
272432451;LD2;3.38040541925839e-05
272432462;LD2;5.20917471405386e-06
272432492;LD2;3.27672892854797e-06
276457682;LD2;4.50293593116224e-05
276457696;LD2;0.0021388201175241
278478234;LD2;9.72482903522472e-05
278478280;LD2;0.00284694885572253
278478295;LD2;8.22624921768113e-06
278478303;LD2;7.0420408706561e-05
278478306;LD2;5.50069921001063e-05
278478336;LD2;0.00401314450281361
278478351;LD2;3.87740479410996e-05
311070452;LD2;0.000182823911302581
311070483;LD2;0.000127642177864992
311070486;LD2;0.000122648857340802
311070495;LD2;0.000193084409592083
311070507;LD2;5.31626248873096e-05
311070515;LD2;0.000150759916992309
311070522;LD2;0.000272703749267515
311070530;LD2;0.018571061077741
421100332;LD2;6.60792175110517e-05
421100345;LD2;3.87669883344761e-06
421100386;LD2;2.99049239598304e-05
426294947;LD2;4.58053228118698e-08
426294977;LD2;3.69472236977998e-05
426294988;LD2;0.00520308844759872
426295003;LD2;0.000737149942283031
426295049;LD2;0.00144742547569514
451361900;LD2;5.32417884460282e-06
451361961;LD2;2.32662878643803e-06
451361972;LD2;0.000252226973731128
455555655;LD2;6.45705973556788e-07
455555696;LD2;1.31727415758009e-07
455555703;LD2;0.00011125491673649
455555709;LD2;8.24267221030759e-05
455555746;LD2;2.55170903585456e-05
472021265;LD2;8.53188938703938e-08
472021282;LD2;0.000287126979017732
472021294;LD2;0.00199956806908624
472021297;LD2;9.9488445716858e-09
472021303;LD2;0.000273605924661247
472021325;LD2;0.000364957397209488
472021343;LD2;0.00139798852293603
472021367;LD2;8.26311205727643e-05
478540825;LD2;2.55643478838405e-06
478540851;LD2;1.35931387902844e-05
478540897;LD2;0.00116709428443243
483199982;LD2;3.73777764598025e-07
483200043;LD2;1.07231512033692e-05
483200054;LD2;1.74286920699828e-05
483200084;LD2;0.000133803441217939
486777200;LD2;1.78948725000382e-05
486777212;LD2;1.0699434241939e-06
486777215;LD2;0.00027409322770331
486777220;LD2;0.000126732545011656
486777227;LD2;6.26753935449814e-05
486777262;LD2;1.28888400519831e-05
486777276;LD2;5.2832300061319e-08
486777293;LD2;1.11352890032476e-06
486777295;LD2;3.30238918379059e-07
489803486;LD2;1.67874759866027e-05
489803510;LD2;0.00402565093624656
489803516;LD2;3.30764330935924e-06
489803519;LD2;3.13867378517538e-07
489803527;LD2;0.0069943894687561
489803542;LD2;2.6633937439337e-05
495872827;LD2;6.13340374448431e-06
495872842;LD2;1.68233651897018e-06
495872850;LD2;5.15453748738855e-06
495872871;LD2;3.2568553294474e-07
495872874;LD2;1.79618146632784e-05
495872905;LD2;1.24720513940579e-07
496185061;LD2;3.93241221729106e-07
496185092;LD2;2.3814898674291e-05
496185095;LD2;6.0537830591894e-05
496185131;LD2;9.87895666421523e-05
496185139;LD2;4.31171659548416e-06
497926743;LD2;0.000247604224913158
497926789;LD2;7.1611508025351e-06
497926804;LD2;7.32984760214808e-06
497926815;LD2;1.52908977577135e-05
505173723;LD2;8.58986999334736e-06
505173757;LD2;5.82359957994963e-07
505173766;LD2;2.08902703469042e-05
505173778;LD2;3.1432390318338e-05
505173786;LD2;1.11575545733803e-05
505173793;LD2;1.78305961086549e-05
505173801;LD2;4.20505501321972e-08
511018215;LD2;1.53355329138545e-05
511018233;LD2;2.80421927864964e-05
511018241;LD2;2.07268637582057e-06
511018248;LD2;4.76523776328691e-06
511018256;LD2;2.54515308947412e-07
511018277;LD2;1.0069325973842e-07
511018280;LD2;2.12470998602993e-05
511018311;LD2;4.77315822031608e-05
515859410;LD2;3.47364955682554e-05
515859441;LD2;2.03527386252157e-06
515859444;LD2;2.21698765841783e-05
515859473;LD2;5.66228518211086e-05
515859480;LD2;9.85233404391205e-07
515859488;LD2;1.8266342944925e-06
515859506;LD2;1.30918494177541e-05
517253596;LD2;5.70918585943968e-05
517253626;LD2;3.18128802106843e-06
517253637;LD2;3.76575843725152e-05
517253698;LD2;3.19136140038197e-05
