CHG;LD;Loading
298207;LD1;8.38080147983218e-06
298272;LD1;2.95474189417468e-05
298284;LD1;1.9003202510436e-05
298389;LD1;9.47847549429432e-05
298404;LD1;8.21479955516239e-06
298443;LD1;8.61130130984712e-06
298473;LD1;2.61814110788597e-05
219259;LD1;2.81544211657176e-05
219292;LD1;0.000112072491304216
219322;LD1;1.27445260777009e-05
219331;LD1;3.64579959298653e-05
219361;LD1;2.90227701590308e-06
219376;LD1;0.000252369959242311
83035;LD1;1.49869572175318e-06
83041;LD1;3.57700993652102e-06
83065;LD1;1.35751778253993e-06
83068;LD1;6.09943561168295e-06
83077;LD1;1.0378735919023e-06
83248;LD1;2.764763855981e-06
16379;LD1;0.000285035954421394
16471;LD1;2.30361918534009e-06
16473;LD1;1.89381702237058e-05
16504;LD1;0.000271068671059069
60123;LD1;1.61289365987719e-07
60129;LD1;2.23998604112557e-05
60153;LD1;1.03474047145969e-05
60156;LD1;5.49790819005621e-06
60165;LD1;3.59601086157499e-06
60337;LD1;2.99518250959836e-06
27553;LD1;3.56097438868254e-07
89843;LD1;4.04858732892766e-06
90010;LD1;1.69788583065537e-06
90088;LD1;6.30773606197134e-06
28474;LD1;8.14205175664241e-08
28570;LD1;2.47974247057738e-08
28601;LD1;1.11257836751751e-06
28637;LD1;7.01855090898516e-07
28659;LD1;3.53760586962034e-10
77650;LD1;6.19577947761677e-07
77677;LD1;3.86763995253749e-08
77682;LD1;4.79891235370342e-08
77686;LD1;2.75069272622528e-08
77770;LD1;1.53264424971312e-07
77858;LD1;6.38039346109517e-07
20717;LD1;1.97210485306812e-06
20777;LD1;0.000194031749646402
20782;LD1;6.8919217634209e-05
20795;LD1;3.23815153770032e-05
20804;LD1;4.08313658028383e-06
20900;LD1;0.000107824151913348
20954;LD1;3.03790281469432e-10
20984;LD1;0.000217761656874642
21017;LD1;9.25678485291317e-06
38350;LD1;2.53043108943574e-09
38356;LD1;5.39144452955371e-08
38381;LD1;2.30687727665533e-07
38384;LD1;9.38155044765369e-08
38393;LD1;4.99640065597928e-08
38565;LD1;2.78816922895828e-08
10802;LD1;0.000104653755563216
10829;LD1;0.00013375622423461
10834;LD1;0.00013369662754509
10838;LD1;0.000174090539248771
10922;LD1;3.50116600686197e-08
11010;LD1;9.94547116846578e-05
46282;LD1;1.24871442767305e-08
46377;LD1;5.22976446118333e-07
46409;LD1;3.12049813529796e-07
46445;LD1;7.59725673904766e-07
46467;LD1;2.67187499162453e-08
42960;LD1;2.98634449366398e-07
43038;LD1;1.44521580781814e-09
43207;LD1;1.79030704311757e-08
11876;LD1;3.46090509130053e-06
12042;LD1;4.62799648132066e-06
4983;LD1;1.50349971031723e-05
5014;LD1;1.15582404402068e-08
5109;LD1;6.60126505927692e-06
1426;LD1;3.07587078695961e-07
1437;LD1;5.1372080270979e-07
1443;LD1;1.30674144467555e-06
1471;LD1;3.94605053781422e-06
1503;LD1;1.20354323258859e-05
25651;LD1;4.12228447604172e-07
25745;LD1;9.49373759573516e-07
25776;LD1;5.7710631413746e-06
25812;LD1;2.59336670830541e-06
25834;LD1;2.1968093519176e-07
320;LD1;4.69000295547686e-06
326;LD1;5.97800811550261e-08
349;LD1;2.40485999791472e-07
352;LD1;1.96867805993672e-07
361;LD1;5.26536443138168e-07
533;LD1;2.30094284530934e-07
1327;LD1;7.93315659318013e-07
1349;LD1;3.86746575585417e-06
1385;LD1;5.40141984500678e-06
1416;LD1;9.26502363739312e-07
1512;LD1;9.49188693471855e-07
2405;LD1;2.43120816235444e-08
2457;LD1;2.94568869190144e-06
2468;LD1;3.40542341211577e-07
1473936;LD1;5.5634054053986e-07
1473996;LD1;9.05684050509687e-05
1474001;LD1;1.76851547999548e-06
1474014;LD1;3.2199114834156e-05
1474119;LD1;0.000135357489511987
1474134;LD1;2.70932045702166e-07
1474164;LD1;8.58245010545737e-05
1474173;LD1;1.61667665093951e-05
1474203;LD1;0.000124123736036864
1474236;LD1;1.62974273619677e-06
1601943;LD1;1.91186230418257e-05
1602003;LD1;2.63817406235036e-05
1602008;LD1;2.48183062498679e-05
1602021;LD1;1.86576622789553e-06
1602030;LD1;1.18968302034017e-05
1602126;LD1;0.000340115181596063
1602141;LD1;4.27617425431647e-06
1602171;LD1;8.4897281234076e-09
1602180;LD1;1.73619601347487e-05
1602210;LD1;0.000209028200040383
1602243;LD1;1.28770750267714e-06
2536456;LD1;5.24164206271203e-06
2536516;LD1;0.000160273305785783
2536521;LD1;7.15018357627839e-05
2536534;LD1;1.57275284599283e-05
2536543;LD1;6.29581761998716e-05
2536639;LD1;3.20745806273062e-05
2536654;LD1;3.54461423868185e-08
2536684;LD1;5.15047488988101e-05
2536693;LD1;8.76063260329444e-05
2536723;LD1;2.95685521252242e-07
2536756;LD1;4.97304355118891e-07
7492117;LD1;3.45793988521599e-05
7492120;LD1;2.41345182320078e-05
7492134;LD1;2.56469617055957e-05
7492173;LD1;7.39190475721097e-06
7492200;LD1;1.23896402200286e-06
7492202;LD1;0.000206784144629537
7492815;LD1;1.54624228466995e-06
7492817;LD1;1.42888021805008e-06
7492831;LD1;6.2852454476253e-07
7492833;LD1;1.26851451440943e-06
7492850;LD1;2.57294260454109e-05
7492852;LD1;2.08379024416641e-05
7492882;LD1;2.71261923954403e-06
7492884;LD1;1.11838044349722e-05
7492897;LD1;6.42372079017064e-06
7492899;LD1;4.74206987214073e-06
7495248;LD1;7.94117994490211e-09
7496159;LD1;0.000160447029478212
7496187;LD1;4.00443525727585e-05
7496210;LD1;1.38220027933085e-06
7496238;LD1;0.000317697062833011
14737661;LD1;1.60054865511714e-05
14737694;LD1;0.000457996673333657
14737724;LD1;9.42026576786324e-06
14737733;LD1;3.26456927320226e-05
14737763;LD1;2.85867045656309e-06
14737778;LD1;0.00173146695643547
14737869;LD1;1.81378791522224e-06
14737874;LD1;5.03045311966554e-05
14737896;LD1;0.000177519395273686
14737901;LD1;0.000265674771193511
17898513;LD1;3.64050865127657e-05
17898576;LD1;2.68516869018741e-05
17898585;LD1;1.74623635402563e-07
17898615;LD1;6.4241305759517e-06
17898630;LD1;7.10760420215603e-07
17898726;LD1;4.45519928861949e-06
17898735;LD1;2.67304337589663e-06
17898748;LD1;2.44068276009468e-05
17898753;LD1;3.74173163235833e-07
17898813;LD1;3.3317429664588e-06
17969785;LD1;1.19257962159966e-05
17969848;LD1;2.07280925802758e-05
17969857;LD1;2.67592069855356e-05
17969887;LD1;1.87487240871798e-05
17969902;LD1;1.15314451981408e-05
17969998;LD1;2.41875331845825e-06
17970007;LD1;6.39807500864552e-08
17970020;LD1;6.07754242827436e-05
17970025;LD1;0.000195988076803056
17970085;LD1;1.08268648872602e-05
20741307;LD1;2.19669679964911e-07
20741340;LD1;6.3024589776014e-05
20741370;LD1;1.09833628188561e-05
20741379;LD1;0.000314111472558064
20741409;LD1;7.06250257034727e-05
20741424;LD1;5.20451002731647e-05
20741520;LD1;7.49049763851075e-07
20741529;LD1;7.7456065029955e-06
20741542;LD1;0.000111074871955892
20741547;LD1;0.000426443508602384
20741607;LD1;6.5842113949064e-05
23451398;LD1;3.20590427577838e-05
23451431;LD1;4.65517892439413e-08
23451461;LD1;7.16623444097603e-06
23451470;LD1;0.000289017530807596
23451500;LD1;7.73106314410683e-05
23451611;LD1;6.01277139372067e-07
23451620;LD1;1.27022233344758e-05
23451633;LD1;5.71219568970382e-05
23451638;LD1;0.000382256687839456
23451698;LD1;4.7344916726343e-06
26414257;LD1;5.922775631615e-05
26414288;LD1;7.7591079952673e-05
26414290;LD1;3.22342813495183e-08
26414320;LD1;2.97238719191799e-07
26414329;LD1;0.0001657790586581
26414359;LD1;3.63538272863221e-05
26414372;LD1;3.37917592861595e-05
26414374;LD1;1.33804302958603e-05
26414468;LD1;1.14550345748309e-05
26414470;LD1;6.71506886642348e-06
26414477;LD1;5.60153345948084e-06
26414479;LD1;2.0435683964392e-06
26414489;LD1;1.91713042604044e-05
26414492;LD1;3.17039832615716e-05
26414495;LD1;9.89783756582484e-05
26414497;LD1;0.000290542345801357
26414555;LD1;1.66778223807525e-05
26414557;LD1;2.57372300289131e-06
28559088;LD1;1.53567707696093e-05
28559148;LD1;4.8563995051772e-05
28559154;LD1;1.1766733752554e-05
28559166;LD1;4.24521985075757e-06
28559175;LD1;6.22631662058218e-09
28559271;LD1;3.3663395816703e-05
28559355;LD1;3.61403795293884e-06
31862384;LD1;9.14053788205606e-06
31862417;LD1;5.62862465501728e-06
31862447;LD1;1.48342301090547e-05
31862456;LD1;3.53269704441761e-05
31862486;LD1;1.17166550432391e-05
31862501;LD1;2.84453143843309e-06
31862597;LD1;1.98789297097712e-07
31862606;LD1;1.27546258545472e-05
31862619;LD1;5.93214816615601e-05
31862624;LD1;9.95802307483384e-05
31862684;LD1;1.30373556073243e-05
32570284;LD1;5.46798065346646e-05
32570344;LD1;0.000173221263330843
32570349;LD1;0.000809601969022784
32570371;LD1;8.39886354628594e-05
32570467;LD1;4.50163211408677e-05
32570482;LD1;0.000109889517410241
32570512;LD1;5.53981728853587e-06
32570521;LD1;4.67308207303741e-06
32570551;LD1;6.0886691779502e-05
32570584;LD1;1.17560047531083e-05
32646538;LD1;0.000111607913024868
32646598;LD1;0.000214823665945427
32646603;LD1;6.06561319846345e-05
32646616;LD1;3.71446634510965e-05
32646766;LD1;1.67449003611282e-05
32646775;LD1;7.32674614761831e-08
32646805;LD1;1.54433829476987e-05
32646838;LD1;4.60187100917637e-05
32681219;LD1;3.98895402957998e-07
32681279;LD1;0.000135422481628484
32681284;LD1;0.000107342298739298
32681297;LD1;6.52416977986825e-05
32681417;LD1;0.000118822642645708
32681447;LD1;7.58913281897366e-06
32681456;LD1;3.58023933642064e-05
32681486;LD1;0.000171128777630624
32681519;LD1;2.1125539162275e-05
33321021;LD1;4.48062441066186e-05
33321054;LD1;0.000106670553010303
33321084;LD1;4.99216307332653e-05
33321093;LD1;0.000240692488172571
33321123;LD1;8.62385422262275e-06
33321138;LD1;1.65687334966081e-05
33321234;LD1;3.66703150982851e-08
33321243;LD1;0.00105385560707234
33321256;LD1;5.88424959606091e-05
33321261;LD1;0.000320446447864303
33321321;LD1;7.05493641710484e-06
34056025;LD1;1.02572759241714e-05
34056109;LD1;1.6464744302541e-05
34056205;LD1;9.91965652662182e-06
34056214;LD1;2.51012435410159e-07
34056225;LD1;6.18729600570403e-05
34056231;LD1;0.000153142431989119
34056291;LD1;4.71940679756356e-05
44051112;LD1;1.70643244625344e-07
44051145;LD1;9.52607826719923e-05
44051175;LD1;9.92653992582339e-05
44051184;LD1;1.93953374333886e-06
44051214;LD1;9.31511638866782e-06
44051229;LD1;0.000103764387455523
44051325;LD1;1.73721693415613e-06
44051334;LD1;1.83579923878295e-05
44051347;LD1;1.95052703293013e-05
44051352;LD1;4.73382766612476e-05
44051412;LD1;7.49860292757622e-06
45200517;LD1;1.29447866012246e-05
45200577;LD1;0.000182826631983893
45200582;LD1;5.2634990136316e-05
45200604;LD1;1.35793888147593e-05
45200700;LD1;1.88312976077085e-05
45200715;LD1;1.67333574523243e-05
45200745;LD1;6.14946012657963e-05
45200754;LD1;0.000122738489576355
45200784;LD1;1.18339780960464e-05
45200817;LD1;3.52057164584734e-05
49145846;LD1;5.1262616855476e-05
49145906;LD1;0.000207593444837736
49145924;LD1;2.06599447581324e-05
49145933;LD1;1.63888803266545e-06
49146044;LD1;3.59365688818087e-05
49146074;LD1;5.76350501107684e-05
49146083;LD1;9.0999578975913e-05
49146113;LD1;5.20925713970933e-06
49146146;LD1;4.98080248036386e-06
55677930;LD1;3.90167275991066e-05
55677932;LD1;8.60498868541427e-05
55677990;LD1;0.000134543224995779
55677992;LD1;9.11992743735079e-05
55677995;LD1;6.18639846127863e-05
55677998;LD1;1.54726469110827e-05
55678008;LD1;0.000498520424473055
55678010;LD1;3.76500437269634e-07
55678017;LD1;3.15374850915003e-06
55678019;LD1;1.27797698415002e-05
55678023;LD1;0.000338430535724811
55678025;LD1;0.000217840330385849
55678113;LD1;5.85831938936092e-06
55678115;LD1;2.55060318270361e-05
55678128;LD1;9.94053642215476e-05
55678158;LD1;5.48976408892143e-07
55678167;LD1;0.000763153638472581
55678169;LD1;3.79224891769957e-06
55678197;LD1;7.80802570297674e-05
55678199;LD1;4.01317527285121e-05
55678230;LD1;6.59691838226674e-06
60978501;LD1;9.28623577144608e-06
60978561;LD1;3.01609633882375e-05
60978566;LD1;7.06489798961855e-05
60978579;LD1;6.05867712456986e-08
60978588;LD1;5.84544806017818e-06
60978594;LD1;1.69333305430462e-05
60978684;LD1;4.37442237300978e-05
60978699;LD1;1.68180104458627e-05
60978729;LD1;1.13632150696298e-05
60978738;LD1;1.98702513156023e-05
60978768;LD1;3.04382426280311e-07
60978801;LD1;3.09225646236821e-05
61868582;LD1;7.09081007935783e-06
61868666;LD1;4.45453384406118e-06
61868756;LD1;3.83284515570937e-06
61868762;LD1;1.09283162896918e-05
61868771;LD1;1.03516199643132e-06
61868783;LD1;2.47533111222652e-05
61868789;LD1;7.01872788278188e-05
61868849;LD1;2.87548512236514e-05
61887382;LD1;6.20707852660636e-06
61887415;LD1;1.4279866282532e-05
61887445;LD1;1.14581188975218e-05
61887454;LD1;5.26745075060353e-05
61887484;LD1;1.98187541078983e-05
61887499;LD1;8.78344726426304e-06
61887589;LD1;1.31339900967146e-05
61887595;LD1;1.03280222869112e-05
61887604;LD1;5.67888041819508e-06
61887617;LD1;0.000132364051648
61887622;LD1;0.000221350975770547
61887682;LD1;4.97500687239914e-05
62469829;LD1;0.000191336993285039
62469889;LD1;0.000152339210281312
62469895;LD1;0.00012025650996243
62469907;LD1;6.47181230483929e-05
62470012;LD1;5.76328432136912e-06
62470027;LD1;0.000110046900838709
62470057;LD1;0.000567475855478104
62470066;LD1;5.37137886477688e-05
62470096;LD1;0.00289032249049784
62470129;LD1;0.000410700302408951
64241082;LD1;1.01711981059682e-05
64241142;LD1;9.88461224715363e-05
64241147;LD1;0.000129568075578008
64241160;LD1;0.000303905323246028
64241169;LD1;3.96482958822824e-06
64241265;LD1;0.000789825021704648
64241280;LD1;4.17765813473671e-07
64241310;LD1;8.61966251634421e-05
64241319;LD1;2.0459411132159e-05
64241349;LD1;9.79707032254953e-06
64241382;LD1;3.83410262499019e-05
67096555;LD1;1.18049164837907e-05
67096588;LD1;2.83069331961072e-06
67096618;LD1;2.96591887927378e-08
67096627;LD1;0.00011608856659025
67096657;LD1;0.000101283142406668
67096672;LD1;3.37288031431701e-06
67096777;LD1;3.80570582783849e-05
67096790;LD1;8.15382365553499e-05
67096795;LD1;6.26983943426736e-05
67096855;LD1;1.49542419598577e-05
67379989;LD1;1.99950782561192e-05
67380007;LD1;5.44883697016911e-05
67380112;LD1;0.0001280809806016
67380166;LD1;3.04932831229862e-07
67380196;LD1;0.00015510458973722
82904106;LD1;0.000531602949759261
82904166;LD1;1.18609880711585e-05
82904184;LD1;6.38133483224409e-05
82904193;LD1;2.27836135928364e-08
82904289;LD1;2.16907187921247e-07
82904343;LD1;1.11971394741207e-06
82904373;LD1;3.18815516481098e-05
86542669;LD1;3.22947791988853e-05
86542729;LD1;0.000200250471779676
86542734;LD1;0.000267282733559727
86542747;LD1;0.000109383744669372
86542756;LD1;7.75360234742386e-06
86542852;LD1;5.51754932586273e-06
86542867;LD1;7.7731842745817e-05
86542897;LD1;2.77457032218179e-07
86542906;LD1;7.14743529430492e-06
86542936;LD1;0.000174448134719428
86542969;LD1;2.64331000971061e-05
90968589;LD1;1.26636615966072e-05
90968622;LD1;2.79305425978436e-05
90968652;LD1;1.29191564838734e-05
90968661;LD1;9.75740157208578e-05
90968691;LD1;0.000105945057665999
90968706;LD1;8.14064455606036e-05
90968796;LD1;1.10823449885521e-05
90968802;LD1;5.78200865179169e-07
90968811;LD1;1.376124298097e-07
90968824;LD1;5.26096893578181e-05
90968829;LD1;7.02900373319286e-05
90968889;LD1;5.71332859906211e-05
91198968;LD1;2.45159853874175e-05
91198980;LD1;3.24971765731371e-05
91199084;LD1;0.000128430452690066
91199138;LD1;0.000150474469107042
91199168;LD1;5.36539021864231e-05
105934845;LD1;1.02173225686115e-05
105934929;LD1;1.12984110900597e-08
105935025;LD1;2.48035917824428e-05
105935034;LD1;4.11572652789522e-06
105935046;LD1;3.31399615889057e-05
105935052;LD1;0.000101531090705982
105935112;LD1;0.000107192577174027
126337642;LD1;0.000159863932786963
126337707;LD1;0.000218925862988737
126337720;LD1;6.24011258932882e-06
126337729;LD1;0.000135697903546086
126337825;LD1;0.000352287491373256
126337840;LD1;7.71679730664227e-07
126337870;LD1;9.37912361493815e-05
126337879;LD1;7.72284632376696e-05
126337909;LD1;0.000374843091204433
126337942;LD1;1.38004685071372e-05
133892292;LD1;4.94089889691814e-05
133892352;LD1;5.20362807551359e-06
133892358;LD1;0.000442040851747707
133892370;LD1;2.42706813428098e-05
133892379;LD1;2.02987445217405e-07
133892475;LD1;2.57849736296e-05
133892559;LD1;6.71206899645276e-05
142772872;LD1;5.51890932360161e-05
142772956;LD1;0.000186043474282616
142773052;LD1;1.29539727952517e-06
142773073;LD1;9.45241131390354e-05
142773079;LD1;0.000117959562742671
142773139;LD1;8.4773088031355e-07
153948322;LD1;1.23504567942091e-05
153948382;LD1;0.000177409152987221
153948387;LD1;5.37323487428381e-05
153948400;LD1;1.78830402497752e-06
153948409;LD1;1.12094539734759e-05
153948505;LD1;2.01476804222838e-05
153948520;LD1;2.55544595683175e-05
153948550;LD1;2.90369102240538e-05
153948559;LD1;1.41714790145191e-05
153948589;LD1;3.51762876989191e-06
153948622;LD1;3.42598646018516e-05
263022510;LD1;6.88210504936014e-05
263022570;LD1;9.69067563513562e-05
263022575;LD1;2.91351503381945e-05
263022588;LD1;4.7747541485497e-05
263022597;LD1;1.16047982062853e-05
263022693;LD1;0.000104374059802564
263022708;LD1;0.000120705357220602
263022738;LD1;0.000286879870634685
263022747;LD1;1.58287443120967e-05
263022810;LD1;0.000178671918342944
265753345;LD1;1.71439096901022e-05
265753376;LD1;2.11203088245818e-05
265753378;LD1;1.13337486343175e-06
265753408;LD1;2.89194321738067e-05
265753417;LD1;3.13985079535859e-05
265753447;LD1;4.78364135113279e-06
265753460;LD1;6.66088868468395e-06
265753462;LD1;1.88756409023195e-07
265753556;LD1;8.9582733976306e-06
265753558;LD1;3.13425669109121e-06
265753565;LD1;2.46008672234242e-06
265753567;LD1;1.41439195878381e-07
265753577;LD1;7.13477987858984e-05
265753580;LD1;2.46149519021465e-05
265753583;LD1;4.83077272715728e-05
265753585;LD1;0.000211016830883357
265753643;LD1;2.76590896218823e-05
265753645;LD1;1.99946155463758e-06
312005863;LD1;4.81720723798812e-05
312005926;LD1;3.0136028076529e-07
312005935;LD1;6.08536189628554e-05
312005965;LD1;0.000755366345266891
312005976;LD1;5.28860201399457e-05
312006098;LD1;0.00021200165366783
312006103;LD1;0.000234523041800978
312006163;LD1;6.53075273217821e-05
317253235;LD1;3.3154737638595e-05
317253268;LD1;3.72708150174487e-05
317253298;LD1;4.12705411590978e-05
317253307;LD1;0.000181423023132916
317253337;LD1;6.62083257536538e-07
317253352;LD1;0.000205833072092368
317253448;LD1;1.89041909629375e-05
317253457;LD1;5.67668105470597e-05
317253470;LD1;4.92814110292454e-05
317253475;LD1;0.000138143878658226
317253535;LD1;4.79891506012697e-05
318204219;LD1;0.000187806593488155
318204241;LD1;9.16002578979766e-06
318204337;LD1;1.68705448526448e-05
318204352;LD1;1.35227908775991e-05
318204382;LD1;1.7545689236666e-05
318204391;LD1;7.31577431166422e-06
318204421;LD1;3.32096562910218e-05
318204454;LD1;5.87110821343314e-05
320484081;LD1;3.1113405012373e-06
320484114;LD1;3.76216869395935e-05
320484144;LD1;6.55416859841718e-07
320484153;LD1;2.47303913274733e-05
320484183;LD1;1.24364795793379e-05
320484198;LD1;3.33831495295449e-05
320484294;LD1;1.82577214122309e-05
320484303;LD1;1.06918985700562e-08
320484316;LD1;1.03996039946729e-05
320484321;LD1;0.000257392952952072
320484381;LD1;1.53413143980422e-06
321101983;LD1;0.000201659001564764
321102013;LD1;0.000147606974383361
321102067;LD1;6.25433798591185e-07
321102163;LD1;2.16258031663296e-05
321102172;LD1;2.02907118205623e-05
321102184;LD1;6.5045250062148e-06
321102190;LD1;5.87467445820705e-05
321102250;LD1;3.72309448439081e-05
325953810;LD1;4.00180596070435e-07
325953843;LD1;4.68281664095241e-05
325953873;LD1;0.000316858163161392
325953882;LD1;0.000152986494826001
325953912;LD1;6.14469300963341e-06
325953927;LD1;2.3768647068918e-05
325954023;LD1;9.19592453037315e-06
325954032;LD1;0.00123202625776298
325954045;LD1;0.000142236267420786
325954050;LD1;0.000300035412259999
325954110;LD1;4.45634069289534e-05
331948055;LD1;5.65126873876991e-06
331948088;LD1;0.000171243079848744
331948118;LD1;1.60188653857871e-05
331948127;LD1;0.000112314244571088
331948157;LD1;5.79009036668779e-05
331948172;LD1;2.23363220053488e-05
331948268;LD1;0.000308632334547747
331948290;LD1;0.000125896476605647
331948295;LD1;0.000304946969425048
331948355;LD1;0.000372788305603249
333493383;LD1;1.77993523911488e-05
333493416;LD1;1.88584413059187e-06
333493446;LD1;1.41082995243467e-05
333493455;LD1;2.11672744794511e-05
333493485;LD1;1.08051810721447e-05
333493500;LD1;3.72428461544011e-05
333493596;LD1;1.34444119472846e-06
333493618;LD1;1.50777107668371e-05
333493623;LD1;0.000117600622253806
333493683;LD1;0.000129616016050575
335322306;LD1;6.70655449039532e-05
335322336;LD1;3.72116557500325e-05
335322390;LD1;0.00011703134077846
335322486;LD1;3.53007113633838e-07
335322495;LD1;4.61027914898076e-05
335322507;LD1;8.98416215656524e-05
335322513;LD1;0.000116354138827731
335322525;LD1;0.00103978679698845
335322573;LD1;9.82475146017875e-05
339523048;LD1;3.90746939928849e-05
339523053;LD1;1.47862815903691e-05
339523066;LD1;3.90474283695597e-05
339523186;LD1;6.4634683968514e-05
339523216;LD1;6.31564728358409e-05
339523225;LD1;6.85985055231587e-05
339523255;LD1;0.00011126830866284
339523288;LD1;0.000128552514997082
339913995;LD1;1.27832416549767e-06
339914055;LD1;0.000118590533039597
339914060;LD1;5.20529065424999e-05
339914073;LD1;2.46776283480675e-06
339914082;LD1;2.27982921968158e-06
339914178;LD1;8.39645038422138e-08
339914193;LD1;7.5581407158699e-06
339914223;LD1;5.13251058391555e-05
339914232;LD1;4.55606521755468e-05
339914262;LD1;3.57264942202443e-05
339914295;LD1;9.23670828402583e-07
343899774;LD1;3.89271674489004e-05
343899805;LD1;5.3124561138734e-05
343899807;LD1;6.06780732599075e-06
343899835;LD1;2.85546155799723e-06
343899837;LD1;4.43691123487773e-06
343899846;LD1;0.000119421050354292
343899876;LD1;1.95731494675488e-06
343899889;LD1;4.41020089284247e-05
343899891;LD1;0.000606017255293964
343899985;LD1;1.96335408175202e-06
343899987;LD1;2.76808435829109e-05
343899994;LD1;1.71834573186774e-07
343899996;LD1;4.20684028500429e-05
343900006;LD1;6.6407897770266e-05
343900009;LD1;7.66635276514721e-06
343900012;LD1;0.000157283376136226
343900014;LD1;0.000152303437917146
344020126;LD1;3.68465393382355e-08
344020186;LD1;0.000246187094482032
344020191;LD1;0.000190918139834811
344020204;LD1;4.11771771360527e-06
344020213;LD1;1.79553341367234e-06
344020309;LD1;3.09012434104193e-06
344020324;LD1;0.000172590544589517
344020354;LD1;0.000207356688377729
344020363;LD1;0.000499038331784707
344020393;LD1;1.29462463573134e-05
344020426;LD1;1.15850278425438e-06
345378088;LD1;1.74192770946714e-06
345378148;LD1;0.000325447137115015
345378153;LD1;0.000137458826269367
345378166;LD1;7.31527040593659e-06
345378175;LD1;1.14128027952612e-05
345378181;LD1;6.34294545387567e-05
345378271;LD1;3.9740237231868e-05
345378286;LD1;6.15962844238328e-05
345378316;LD1;0.000150876990726416
345378325;LD1;5.10926228556479e-05
345378355;LD1;0.000117142136973332
345378388;LD1;1.5056881168856e-05
345780725;LD1;2.46176112400271e-05
345780785;LD1;8.49924266760495e-05
345780791;LD1;5.02875941763618e-06
345780803;LD1;1.56527131576135e-06
345780908;LD1;6.06057856363511e-06
345780962;LD1;2.2524086495119e-06
345780992;LD1;5.24855310253377e-06
348318574;LD1;6.03802028440565e-05
348318757;LD1;3.68763471777516e-05
348318802;LD1;0.000124077537316927
348318811;LD1;2.29743148412283e-05
348318841;LD1;1.47340732394988e-07
348318874;LD1;5.20709564274012e-05
348938842;LD1;0.000117677314706993
348938905;LD1;6.00544286491142e-07
348938914;LD1;8.31617963270911e-05
348938944;LD1;3.50141054499245e-05
348938959;LD1;4.01024273527858e-05
348939055;LD1;1.70466311448838e-05
348939064;LD1;7.79347921676436e-06
348939077;LD1;3.01106333808921e-05
348939082;LD1;0.000104807683666306
348939142;LD1;4.16954623552192e-05
351021384;LD1;2.16705441147223e-05
351021415;LD1;3.28526319344708e-05
351021417;LD1;1.69308487619468e-06
351021447;LD1;0.000107990337423709
351021456;LD1;4.76244037169556e-05
351021486;LD1;2.7991113096149e-05
351021499;LD1;2.81922623373624e-05
351021501;LD1;2.37491369374167e-05
351021595;LD1;4.33656654374302e-06
351021597;LD1;8.34331682589839e-06
351021604;LD1;1.30788106764431e-06
351021606;LD1;3.85435647212957e-06
351021616;LD1;2.76482929726372e-05
351021619;LD1;6.10815091788848e-05
351021622;LD1;3.48248211709887e-05
351021624;LD1;5.56391093700404e-05
351021682;LD1;2.33830181105477e-05
351021684;LD1;1.06917624755097e-05
354873254;LD1;5.84494399436378e-05
354873287;LD1;7.77920324199795e-05
354873317;LD1;4.26170580501322e-09
354873326;LD1;4.50932273762933e-05
354873356;LD1;0.000128290738425013
354873371;LD1;5.70009684067058e-06
354873467;LD1;2.49991757123568e-05
355142090;LD1;2.81219665798101e-05
355142150;LD1;7.86831990720363e-05
355142156;LD1;3.12327719129143e-06
355142168;LD1;7.53500894190958e-07
355142177;LD1;1.61972193087779e-05
355142183;LD1;9.49156422046424e-06
355142273;LD1;0.000106478666691894
355142327;LD1;6.8871153012608e-06
355142357;LD1;5.06212381123914e-06
355235862;LD1;0.000109962318381461
355235927;LD1;2.95756115166982e-06
355236045;LD1;3.13009422207788e-07
355236090;LD1;4.75773876994136e-08
355236099;LD1;1.43090153398878e-06
355236129;LD1;5.53507947012975e-05
355236162;LD1;3.18152977961977e-07
355356389;LD1;1.85728659850164e-05
355356419;LD1;1.45100156089669e-05
355356428;LD1;7.38042025084643e-05
355356458;LD1;0.00016796581677409
355356473;LD1;1.10058242759773e-05
355356569;LD1;1.68481318008357e-05
355356578;LD1;5.1669906667428e-05
355356591;LD1;2.04179801472416e-05
355356596;LD1;0.000217796149844174
355356656;LD1;3.51798902958515e-06
355619287;LD1;7.67468035823548e-06
355619317;LD1;2.30120309156622e-06
355619371;LD1;1.33217609625688e-05
355619467;LD1;1.75904513163066e-05
355619476;LD1;2.05864837745569e-05
355619488;LD1;4.30722394950562e-05
355619494;LD1;3.46321109099331e-05
355619554;LD1;1.59413303999835e-06
361697919;LD1;0.000128203632529492
361697979;LD1;8.41944593725994e-05
361697984;LD1;2.0073369232174e-06
361697997;LD1;9.65873835073773e-06
361698006;LD1;1.48466644047743e-05
361698102;LD1;4.37171205195513e-05
361698117;LD1;2.36255252483551e-05
361698147;LD1;0.000142067421101935
361698156;LD1;4.944576500434e-05
361698186;LD1;0.000117137245221879
364421613;LD1;8.5827358741457e-06
364421678;LD1;0.000332598739307264
364421691;LD1;9.00928332345254e-05
364421700;LD1;2.11314786975814e-05
364421796;LD1;0.000121844722688978
364421811;LD1;5.03006898189739e-06
364421841;LD1;1.80738520348869e-07
364421850;LD1;0.000250005250838926
364421880;LD1;2.74556483647852e-06
364421913;LD1;3.60525664884203e-06
367264078;LD1;5.34481968395217e-05
367264138;LD1;0.000317812467811844
367264143;LD1;3.11996633940966e-05
367264156;LD1;3.58296690637187e-05
367264165;LD1;3.66592643153799e-06
367264261;LD1;4.82305898090543e-05
367264276;LD1;7.26695397446445e-07
367264306;LD1;0.000110541613157782
367264315;LD1;6.67955011817401e-05
367264345;LD1;4.93926104103241e-05
367264378;LD1;3.68289498562912e-07
372096322;LD1;3.465203780555e-05
372096355;LD1;1.82092153200039e-05
372096385;LD1;9.68238583424617e-06
372096394;LD1;4.05772126158391e-05
372096424;LD1;3.76120856254793e-05
372096439;LD1;4.23224118258912e-05
372096535;LD1;8.17562764958997e-06
372096544;LD1;1.17409480100988e-06
372096562;LD1;5.22731694318353e-05
372096580;LD1;1.46576059276488e-08
372096622;LD1;5.55131096762072e-05
376173818;LD1;2.03571476453084e-05
376173878;LD1;0.000136955510242197
376173883;LD1;0.000126262200203722
376173896;LD1;1.78611750337219e-05
376173905;LD1;9.11773288488494e-07
376174001;LD1;9.09773415975397e-06
376174016;LD1;6.25236407476605e-05
376174046;LD1;8.35568518695241e-05
376174055;LD1;2.04391434180685e-05
376174085;LD1;7.85754927779556e-06
376174118;LD1;5.73911275199745e-05
386295187;LD1;2.13038137894944e-05
386295220;LD1;2.44134960285517e-05
386295250;LD1;5.06852944318109e-05
386295259;LD1;0.000149955004904885
386295289;LD1;0.000145592747722257
386295394;LD1;1.03298492556208e-05
386295400;LD1;2.37336400017996e-07
386295409;LD1;6.45627064186875e-08
386295422;LD1;8.8332584381487e-05
386295427;LD1;0.000218415792982014
386295487;LD1;5.13583721497589e-06
386411505;LD1;3.25155969954671e-05
386411565;LD1;0.000108400331263632
386411571;LD1;2.53254072359035e-05
386411583;LD1;5.9032176547709e-09
386411772;LD1;6.94801527360146e-06
388232760;LD1;0.000229922539578154
388232820;LD1;0.000124211751395711
388232825;LD1;6.32449204962984e-06
388232943;LD1;4.01837307365559e-05
388232958;LD1;3.24534295464925e-05
388232997;LD1;0.000144201966738847
388233027;LD1;0.000156398764625237
388233060;LD1;1.36846735391578e-06
393228474;LD1;1.15663878500467e-07
393228534;LD1;0.000134565280172674
393228539;LD1;0.00015476327000384
393228552;LD1;4.91878719716537e-05
393228561;LD1;2.97783873931956e-05
393228657;LD1;0.000133647398099997
393228702;LD1;5.73316867207653e-06
393228711;LD1;7.71882298391167e-09
393228741;LD1;0.000204634561467441
393228774;LD1;5.5284126556083e-06
394410994;LD1;2.15727876023622e-05
394411054;LD1;0.000261257118355164
394411059;LD1;0.000732657548055802
394411081;LD1;0.000211126107277147
394411177;LD1;0.000519977501802042
394411192;LD1;4.86660913944993e-05
394411222;LD1;0.000225742215011816
394411231;LD1;2.58089703460373e-05
394411261;LD1;0.000431583111357634
394411294;LD1;8.14975045986961e-06
395515100;LD1;3.1699333560408e-05
395515163;LD1;5.63940732825503e-06
395515172;LD1;7.29517563872837e-05
395515202;LD1;2.28044379033047e-06
395515217;LD1;2.04828890185937e-05
395515313;LD1;0.000500069032880326
395515322;LD1;6.22313354624203e-07
395515335;LD1;0.000191185742826319
395515340;LD1;8.14254663812447e-05
395515400;LD1;1.85954338820794e-05
395894257;LD1;6.44977050723734e-05
395894317;LD1;0.000284828960942027
395894335;LD1;0.000111590710858682
395894440;LD1;3.76240382780569e-07
395894455;LD1;2.51922564037078e-05
395894485;LD1;9.11612527319918e-05
395894494;LD1;1.5015529169414e-10
395894524;LD1;0.000312693356955413
395894557;LD1;1.08495326971887e-05
400688055;LD1;0.000119579620905286
400688085;LD1;7.81009676766534e-06
400688139;LD1;0.000103190206189452
400688244;LD1;1.95271254508308e-05
400688256;LD1;4.46457940070361e-05
400688262;LD1;9.82714386491532e-06
400688322;LD1;3.52339220557894e-08
403600608;LD1;4.35073111973042e-06
403600668;LD1;9.91273184006805e-05
403600674;LD1;7.57710201109071e-05
403600686;LD1;4.92965724632466e-06
403600695;LD1;7.88150772347278e-05
403600791;LD1;6.01263188429499e-05
403600875;LD1;2.44899509020081e-05
404041187;LD1;1.53291840202397e-06
404041247;LD1;0.000360751281404787
404041252;LD1;0.000262739264837771
404041265;LD1;3.15059634820369e-06
404041274;LD1;2.5988261762572e-05
404041370;LD1;3.50103357883685e-05
404041385;LD1;0.000107280392188011
404041415;LD1;0.000100877197982231
404041424;LD1;8.27030721222368e-05
404041454;LD1;6.98796630002043e-05
404041487;LD1;2.82114683426107e-05
405410830;LD1;6.61301921927784e-06
405410863;LD1;6.69400897320873e-06
405410893;LD1;1.2154263424955e-05
405410902;LD1;6.3253844003754e-05
405410932;LD1;1.19129729453675e-05
405410947;LD1;3.46028970993846e-06
405411043;LD1;1.36175329613556e-05
405411052;LD1;4.13542325789588e-06
405411065;LD1;6.35196554670594e-05
405411070;LD1;0.000161041205424987
405411130;LD1;1.26880157885567e-05
406137284;LD1;2.4446617609378e-05
406137344;LD1;0.000289617204563954
406137349;LD1;3.13895868578362e-05
406137362;LD1;2.82339511761382e-05
406137371;LD1;1.78675852596264e-06
406137467;LD1;2.86771522354095e-05
406137482;LD1;8.9144715870989e-06
406137512;LD1;0.00026161480414466
406137521;LD1;9.60361283482612e-06
406137551;LD1;1.99286298646427e-05
406137584;LD1;2.04284587246298e-05
406157322;LD1;1.52689865185412e-05
406157382;LD1;0.000145566076535909
406157387;LD1;8.69282474902029e-05
406157400;LD1;1.02339462439681e-06
406157409;LD1;9.87855711303383e-06
406157505;LD1;4.28494271186583e-06
406157520;LD1;1.71550974759586e-05
406157550;LD1;4.7977274643206e-05
406157559;LD1;9.47570463622916e-06
406157589;LD1;5.67619624615485e-07
406157622;LD1;3.31158147435223e-05
409572603;LD1;5.31876923740333e-05
409572663;LD1;0.000159452247270757
409572668;LD1;9.94701225814946e-05
409572681;LD1;2.06913231547087e-05
409572786;LD1;1.9694014629254e-05
409572801;LD1;0.000245491832388814
409572840;LD1;1.79195917088115e-05
409572870;LD1;0.000177941992598002
409572903;LD1;1.61505985940996e-07
416053431;LD1;5.95984617664779e-06
416053464;LD1;7.46473662492909e-05
416053494;LD1;1.84491648836264e-07
416053503;LD1;3.70197180073444e-05
416053533;LD1;4.16993122746202e-05
416053548;LD1;3.45944197926312e-05
416053644;LD1;1.28208876505869e-05
416053653;LD1;2.03371829892102e-06
416053665;LD1;2.81289230628295e-05
416053671;LD1;0.000335073842482657
416053731;LD1;1.72287924976189e-05
423623923;LD1;4.21450525935171e-05
423623983;LD1;1.13194969167128e-06
423623988;LD1;6.64500448901134e-06
423624001;LD1;3.36039399401719e-05
423624010;LD1;5.37740738415238e-06
423624020;LD1;2.49151776835484e-09
423624106;LD1;0.000586375166470398
423624121;LD1;3.60233476826604e-07
423624151;LD1;5.17921562468211e-06
423624160;LD1;2.3014489114653e-06
423624190;LD1;5.6400112800787e-05
423624223;LD1;4.3769239377537e-07
426220821;LD1;9.47196724026056e-08
426220881;LD1;0.000118017170172538
426220886;LD1;4.49484234044227e-05
426220899;LD1;2.2433959301448e-05
426220908;LD1;3.31534349301195e-05
426221004;LD1;1.30320793507453e-05
426221019;LD1;3.02798893771712e-05
426221049;LD1;8.7239494906656e-05
426221058;LD1;2.58990099227145e-07
426221088;LD1;2.37314211131083e-07
426221121;LD1;8.32561490657598e-05
427860807;LD1;2.93986595595224e-06
427860840;LD1;5.73470376216581e-05
427860870;LD1;2.47081857263961e-06
427860879;LD1;0.000324857634310403
427860909;LD1;0.000132667655384492
427860924;LD1;2.14060640126606e-05
427861020;LD1;4.8064333861612e-07
427861029;LD1;0.000367808782308062
427861042;LD1;8.70348590610064e-06
427861047;LD1;0.00083731160655556
427861107;LD1;0.000336199372586875
429306897;LD1;1.8892905262488e-06
429306930;LD1;3.04172648710755e-05
429306960;LD1;3.46255962360035e-06
429306969;LD1;0.000114091140449974
429307014;LD1;4.27395260285898e-05
429307110;LD1;5.36814499336856e-07
429307119;LD1;2.41476443107066e-05
429307132;LD1;7.3856828794672e-05
429307137;LD1;0.000207742994405707
429307197;LD1;1.03185695195422e-06
431605915;LD1;5.74439446859354e-05
431605948;LD1;6.5872721609923e-05
431605978;LD1;1.56976264702616e-05
431605987;LD1;0.000261062969889819
431606017;LD1;9.03707326768153e-05
431606032;LD1;3.69050653383344e-08
431606128;LD1;1.49730284094877e-05
431606137;LD1;8.18374550380788e-05
431606150;LD1;0.00016864868870413
431606155;LD1;6.46528595074893e-05
431606215;LD1;0.000413866739598809
433238143;LD1;3.44401919547316e-06
433238227;LD1;3.96564178918126e-06
433238323;LD1;4.50854797299626e-06
433238332;LD1;1.97848545012674e-06
433238344;LD1;1.5245953712184e-05
433238350;LD1;4.01330798076025e-05
433238410;LD1;3.38682212241637e-06
435982205;LD1;3.94439507257749e-06
435982289;LD1;6.43411208169562e-06
435982385;LD1;2.11822273779152e-05
435982406;LD1;4.51676240563518e-06
435982412;LD1;2.34741613818173e-06
435982472;LD1;4.31477783369683e-05
438866272;LD1;4.86414841107531e-05
438866305;LD1;6.56750117617985e-05
438866335;LD1;0.000355986093106143
438866344;LD1;7.40502447848268e-05
438866374;LD1;3.16936519292417e-05
438866389;LD1;4.30376313109504e-05
438866485;LD1;2.8588898849402e-05
438866494;LD1;5.25709461212865e-05
438866507;LD1;1.61368511149134e-06
438866512;LD1;0.000159666384021542
439456564;LD1;2.92073618528947e-06
439456597;LD1;2.83488254619825e-05
439456627;LD1;8.5573211227394e-05
439456636;LD1;2.00352869355295e-05
439456666;LD1;1.95324578321214e-05
439456681;LD1;4.66857748999496e-05
439456777;LD1;5.74472307312674e-05
439456786;LD1;2.47844592526314e-05
439456799;LD1;3.57035345127965e-07
439456804;LD1;0.000361884323798682
439456864;LD1;7.4473401650092e-06
439702211;LD1;2.96376527450516e-07
439702271;LD1;0.000313505210624452
439702276;LD1;0.000164085310896486
439702289;LD1;3.78345431134056e-05
439702298;LD1;3.00378020643638e-06
439702394;LD1;9.01376707902756e-06
439702409;LD1;0.00014168522896412
439702439;LD1;9.85504791760183e-05
439702448;LD1;2.59338599364046e-05
439702478;LD1;1.41372956726459e-05
439702511;LD1;4.57814993648386e-05
442459446;LD1;6.83697376114958e-08
442459476;LD1;6.58936610717643e-07
442459530;LD1;7.10262560051432e-06
442459626;LD1;3.77532363984358e-07
442459635;LD1;8.55484728958813e-07
442459647;LD1;4.92440646379039e-05
442459653;LD1;5.45541513737038e-05
442459713;LD1;9.39539024242779e-05
442590405;LD1;7.68267344511724e-06
442590464;LD1;0.000105275875711879
442590469;LD1;0.000377644272383775
442590482;LD1;7.94000133879913e-08
442590491;LD1;1.6875922567229e-05
442590587;LD1;2.89020259972427e-05
442590602;LD1;2.93088267143985e-05
442590632;LD1;7.0524984828111e-05
442590641;LD1;2.84372076448995e-07
442590671;LD1;0.000848194690748047
449323063;LD1;1.62892394622459e-05
449323090;LD1;0.00114568910841393
449323129;LD1;4.42362642445629e-09
449323141;LD1;3.67777156148081e-07
449323150;LD1;5.74944992928112e-05
449323156;LD1;0.000400616405818563
449323246;LD1;7.52752159024733e-07
449323300;LD1;1.28838062698e-06
449323330;LD1;0.000138887510180008
457894132;LD1;9.93541863817837e-06
457894216;LD1;3.34601135941168e-07
457894312;LD1;1.21883222536922e-06
457894321;LD1;2.99924056411022e-05
457894333;LD1;2.68766542909603e-06
457894339;LD1;0.000337272402596237
457894399;LD1;2.69965954974906e-05
463609561;LD1;2.58968425982061e-05
463609592;LD1;8.95836092755308e-06
463609594;LD1;1.04657890287391e-05
463609624;LD1;5.27172169957447e-05
463609633;LD1;6.00356493212251e-05
463609663;LD1;1.92764456764433e-05
463609676;LD1;1.86639304388113e-05
463609678;LD1;1.60697763657442e-05
463609781;LD1;4.89152910306287e-08
463609783;LD1;2.37643457953877e-05
463609793;LD1;2.34998579659809e-07
463609796;LD1;5.01793160423283e-05
463609859;LD1;5.73793365979809e-05
463609861;LD1;5.17915967893793e-05
468202665;LD1;1.82710147045947e-05
468202725;LD1;0.000122345446518894
468202730;LD1;2.1510957384252e-06
468202752;LD1;1.1226902828837e-05
468202758;LD1;6.58772947958529e-06
468202848;LD1;5.38117780590445e-06
468202863;LD1;0.000118626735022659
468202893;LD1;1.63682491545669e-05
468202902;LD1;4.95858404435205e-06
468202932;LD1;1.73377671199331e-05
468202965;LD1;8.43212575878883e-06
469775885;LD1;2.87647581415702e-05
469775918;LD1;5.26861034565934e-07
469775948;LD1;0.00018219255424998
469775957;LD1;2.09164954349474e-07
469775987;LD1;4.94451542736205e-06
469776002;LD1;0.000234749360510589
469776107;LD1;0.000110409600163977
469776120;LD1;2.39151719277865e-08
469776125;LD1;4.47689913092406e-05
469776185;LD1;8.29907630270951e-06
470942291;LD1;7.57763853766993e-05
470942324;LD1;7.34528266131384e-05
470942354;LD1;0.000133996444063051
470942363;LD1;0.000128787263996916
470942393;LD1;1.91565073002883e-05
470942408;LD1;0.000302604009957203
470942504;LD1;6.75836906391404e-06
470942526;LD1;1.89381340216417e-06
470942531;LD1;1.83700816668579e-05
470942591;LD1;2.23774620280172e-05
471520281;LD1;0.000120409635982994
471520314;LD1;9.96891024849825e-06
471520344;LD1;2.73507860021229e-05
471520353;LD1;4.12724732666628e-05
471520383;LD1;0.000304443980519327
471520398;LD1;0.000375560175982923
471520494;LD1;4.39800996464902e-05
471520503;LD1;1.19181918571656e-06
471520516;LD1;5.00022112446249e-05
471520521;LD1;6.42817474519918e-05
471520581;LD1;5.79535522384548e-05
473779149;LD1;6.67032015473629e-05
473779182;LD1;9.3264574656784e-06
473779212;LD1;0.000154055456013113
473779221;LD1;1.9183253931991e-05
473779251;LD1;1.73333722879166e-05
473779266;LD1;9.16485256168842e-06
473779362;LD1;1.58894811300006e-05
473779371;LD1;1.72757227515068e-05
473779384;LD1;7.72132627144081e-05
473779449;LD1;3.35947245663816e-05
475342964;LD1;0.000455237684231917
475342969;LD1;5.9608454569289e-05
475343087;LD1;2.19273277198456e-05
475343102;LD1;1.47491350707273e-05
475343132;LD1;2.28176433075684e-05
475343141;LD1;3.06931540658582e-06
475343171;LD1;3.29015441315233e-05
475343204;LD1;3.7272720543091e-05
475613074;LD1;3.05315947335984e-05
475613107;LD1;5.13458172343556e-07
475613137;LD1;4.52609402207673e-06
475613146;LD1;1.80245713417845e-06
475613176;LD1;2.86337777201088e-05
475613191;LD1;1.91560760982287e-06
475613287;LD1;2.06940574009483e-09
475613296;LD1;0.000121570622424876
475613309;LD1;7.49635785011534e-06
475613314;LD1;8.37304758388402e-06
475613374;LD1;4.623355532245e-06
479453570;LD1;0.000157171590486959
479453601;LD1;2.33051347637813e-05
479453603;LD1;2.70249580965235e-07
479453633;LD1;4.6271527455794e-05
479453642;LD1;7.11381419523509e-05
479453672;LD1;1.73336601096023e-05
479453685;LD1;8.40805240856697e-06
479453687;LD1;4.92521648912571e-06
479453781;LD1;8.94104735932145e-07
479453783;LD1;2.31305934733661e-06
479453790;LD1;2.60693285246089e-07
479453792;LD1;3.70700506566703e-06
479453802;LD1;2.04703115981673e-05
479453805;LD1;0.000108718002619618
479453808;LD1;1.80150896957951e-05
479453810;LD1;6.2276473417383e-05
479453868;LD1;2.41532627857055e-05
479453870;LD1;1.84547036983232e-05
481140118;LD1;1.57597702157647e-05
481140148;LD1;0.000129134726634438
481140157;LD1;0.000115913011574173
481140187;LD1;1.09430881348824e-05
481140202;LD1;0.000199181607870224
481140298;LD1;8.4399388048001e-09
481140307;LD1;0.000109305991690856
481140320;LD1;4.95844006776497e-06
481140325;LD1;0.000283811080767312
481140385;LD1;5.10590263843383e-05
482660539;LD1;3.25036427356443e-05
482660551;LD1;0.00144061230159313
482660656;LD1;1.47844593790132e-05
482660674;LD1;4.07970513686978e-05
482660702;LD1;0.000503436588613537
482660710;LD1;0.00023499362350876
482660746;LD1;0.000632648172377675
482660773;LD1;1.44050069952736e-05
483518045;LD1;2.62276719347947e-05
483518105;LD1;9.26986872214066e-05
483518110;LD1;0.000146151683300092
483518132;LD1;6.38826965924244e-07
483518228;LD1;1.52126571377716e-05
483518282;LD1;2.05582326386083e-06
483518312;LD1;2.21354539509032e-05
484757627;LD1;2.12312262714895e-05
484757629;LD1;2.2794060927763e-06
484757687;LD1;0.0003974776640185
484757689;LD1;0.000232472799998274
484757693;LD1;1.1554485983206e-07
484757695;LD1;7.83391462754797e-05
484757705;LD1;2.06919342247797e-06
484757707;LD1;0.000118734711708215
484757714;LD1;4.54452792767994e-06
484757716;LD1;0.000170575463540278
484757810;LD1;1.55100011482828e-05
484757812;LD1;2.13167154393721e-08
484757825;LD1;7.73429299353091e-05
484757855;LD1;5.01195498540533e-05
484757864;LD1;7.47539944279048e-06
484757894;LD1;6.40781035679994e-05
484757896;LD1;1.27262650609398e-05
484757927;LD1;2.16859176052853e-05
485101121;LD1;1.07172468714238e-06
485101181;LD1;9.47640439746906e-08
485101186;LD1;2.62865312900676e-07
485101199;LD1;0.000140105771744528
485101208;LD1;9.23275291069125e-07
485101304;LD1;3.17806473088017e-06
485101319;LD1;0.000105983803562762
485101349;LD1;2.74138467904158e-05
485101358;LD1;2.19289009888805e-06
485101388;LD1;2.9018942706949e-05
485101421;LD1;5.56107950694827e-07
487205453;LD1;1.75674383974932e-05
487205513;LD1;0.00014396135511894
487205518;LD1;0.000160368349823962
487205531;LD1;1.59654159040498e-05
487205540;LD1;2.01327574425138e-08
487205636;LD1;9.81218766763858e-07
487205651;LD1;4.70339871234737e-05
487205681;LD1;3.63235683405372e-06
487205690;LD1;2.73755411410234e-05
487205720;LD1;4.4654456357055e-05
487205753;LD1;2.04571923469659e-05
492181107;LD1;7.39986750403502e-06
492181167;LD1;0.000219134229540224
492181172;LD1;5.632877818042e-05
492181185;LD1;7.57920351735804e-06
492181194;LD1;3.9410256720231e-07
492181200;LD1;6.93845281986487e-05
492181290;LD1;2.68255700780346e-05
492181305;LD1;2.06019755778327e-05
492181335;LD1;7.63616541721558e-05
492181344;LD1;2.57453815377626e-05
492181374;LD1;5.25425644373793e-05
492181407;LD1;5.90012607725016e-05
492750384;LD1;2.10101874185774e-05
492750444;LD1;0.000165141778180615
492750450;LD1;0.00011756126903174
492750462;LD1;1.42775345407928e-05
492750471;LD1;3.16898216809174e-06
492750567;LD1;2.73597549675642e-05
492750651;LD1;6.9314610253931e-05
492871640;LD1;2.81486305479058e-05
492871700;LD1;0.000209096756443106
492871705;LD1;8.00422606939604e-05
492871718;LD1;2.36470164042817e-05
492871727;LD1;2.32479847305118e-06
492871823;LD1;1.82022018723008e-06
492871838;LD1;1.31618812175614e-05
492871868;LD1;4.30282842674268e-06
492871877;LD1;1.13872664384629e-07
492871907;LD1;7.56893967783904e-08
492871940;LD1;5.92129748368848e-05
497081148;LD1;3.59875807157848e-05
497081208;LD1;9.21060185069504e-05
497081213;LD1;4.38585439955844e-05
497081226;LD1;3.09259683987035e-06
497081235;LD1;5.12400742467476e-05
497081331;LD1;0.000210281065458274
497081346;LD1;4.55734899018009e-08
497081376;LD1;1.952064582796e-09
497081385;LD1;1.10779863184425e-05
497081415;LD1;0.000373050029021477
497081448;LD1;6.91410065634398e-05
497159303;LD1;2.95079900549087e-06
497159363;LD1;0.000254993619863684
497159368;LD1;1.70468873836057e-05
497159381;LD1;1.93873209196977e-05
497159390;LD1;1.54344897701668e-06
497159486;LD1;1.08163954960373e-05
497159501;LD1;0.000190626572959467
497159531;LD1;6.41458266660979e-05
497159540;LD1;2.98919816906431e-06
497159570;LD1;3.19082546217848e-06
497159603;LD1;2.01961153002793e-05
498077040;LD1;6.97007604229326e-05
498077124;LD1;2.18596065734322e-05
498077220;LD1;6.09192054005742e-05
498077229;LD1;4.38501628838994e-06
498077241;LD1;1.67435128939598e-05
498077247;LD1;2.05590836134018e-05
498077307;LD1;1.90909657104615e-05
498204702;LD1;9.4499955363568e-05
498376823;LD1;3.79185881714552e-08
498376832;LD1;9.73579670755543e-07
498376845;LD1;6.71419013231718e-07
498376877;LD1;0.000205831324514759
498376881;LD1;3.39273850437125e-05
498376886;LD1;2.19399022927207e-05
498376898;LD1;9.11031312578814e-08
498376930;LD1;9.11886142514001e-06
498377092;LD1;2.09552647699771e-09
498377123;LD1;6.64532363031643e-05
498377141;LD1;0.000121639775663787
498377144;LD1;3.40853251338191e-05
498377151;LD1;3.16108076198734e-06
498377164;LD1;0.000134822048427549
498377175;LD1;0.000339398210024212
499879779;LD1;8.48209617407601e-07
499879812;LD1;1.70998389760301e-05
499879842;LD1;2.87884509138491e-07
499879851;LD1;0.000216304559662441
499879881;LD1;1.73844018136227e-05
499879896;LD1;4.80256841792361e-06
499879992;LD1;7.76691673317293e-05
499880001;LD1;2.48113693818443e-05
499880014;LD1;0.000142828845780321
499880019;LD1;0.000257931149047376
499880079;LD1;1.59335563643644e-05
511236777;LD1;8.96497148827156e-06
511236810;LD1;0.000523462957109511
511236840;LD1;0.000181520098839288
511236849;LD1;7.20436859893251e-05
511236879;LD1;4.21424772378328e-05
511236894;LD1;5.53566463615128e-05
511236990;LD1;0.000278012665128175
511236999;LD1;2.70088585145207e-06
511237011;LD1;0.000396209820428627
511237017;LD1;2.05776042548263e-06
511237077;LD1;2.75610816929817e-05
518316753;LD1;3.49034326722347e-05
518316762;LD1;6.15566100272342e-06
518316782;LD1;0.000113503246700798
518316801;LD1;2.72638118263995e-06
518574895;LD1;1.74686794715992e-05
518574979;LD1;1.8316591975312e-05
518575075;LD1;3.44797765650489e-06
518575084;LD1;6.26443885645536e-06
518575096;LD1;8.98270486989637e-05
518575102;LD1;9.00814097291528e-05
518575150;LD1;4.96384979797303e-07
518575162;LD1;1.22721170252092e-07
519916482;LD1;2.70935318058506e-06
519916515;LD1;0.000439634996325477
519916545;LD1;3.08877160745661e-06
519916554;LD1;6.10722695951324e-05
519916584;LD1;9.66639503508781e-05
519916599;LD1;0.000518964144592731
519916695;LD1;0.000576911391711062
519916704;LD1;5.58403694450522e-06
519916717;LD1;0.000270335582935007
519916722;LD1;0.000367070492952693
519916782;LD1;8.593326750341e-05
523704378;LD1;2.81775020796592e-05
523704411;LD1;5.96269464709148e-05
523704441;LD1;4.25890092862181e-06
523704480;LD1;3.3806643232893e-05
523704495;LD1;9.71904397018832e-06
523704575;LD1;1.93527553171487e-06
523704584;LD1;1.42641019949036e-05
523704597;LD1;3.78184926146389e-05
523704602;LD1;0.000110223136594239
523704662;LD1;1.44183869199892e-09
525679144;LD1;2.53460706830778e-05
525679177;LD1;6.32156348365823e-05
525679207;LD1;3.35383441126744e-05
525679216;LD1;1.15056539388245e-06
525679261;LD1;0.000144203968034616
525679366;LD1;2.89108196698058e-06
525679379;LD1;2.6631435120257e-05
525679444;LD1;2.41945437892742e-05
527074270;LD1;9.47513098585662e-09
527074311;LD1;6.914491367588e-05
527074317;LD1;3.39934683609203e-05
527074329;LD1;8.75924540869948e-07
527074338;LD1;7.4287798904985e-05
527074434;LD1;1.92521315869286e-05
527074518;LD1;7.83982419907022e-07
527462997;LD1;7.2387682355726e-08
527463030;LD1;0.000176308949745769
527463060;LD1;3.96969762688994e-06
527463069;LD1;1.88168783354235e-05
527463099;LD1;4.574577937716e-06
527463114;LD1;2.54087197790976e-05
527463210;LD1;4.44927302938521e-05
527463219;LD1;4.80517783382374e-06
527463232;LD1;0.000180696577289026
527463237;LD1;0.000205225202561388
527463297;LD1;6.54112508058656e-05
528465419;LD1;2.25077078886147e-05
528465449;LD1;6.35926674954605e-05
528465503;LD1;8.93075450598281e-05
528465599;LD1;0.000198532569070342
528465608;LD1;1.90489844358358e-05
528465620;LD1;0.000311030501983278
528465626;LD1;0.000338992806084423
528465686;LD1;2.14372204367574e-05
529361011;LD1;3.5557231956363e-05
529361044;LD1;1.24655061236233e-06
529361074;LD1;2.12503524801803e-06
529361083;LD1;0.000189164262983524
529361113;LD1;3.39290510205789e-05
529361128;LD1;4.17250905625635e-05
529361224;LD1;4.82588539116293e-05
529361233;LD1;1.7827469408259e-07
529361246;LD1;0.000454878940828011
529361311;LD1;6.53485083834969e-05
3966144;LD1;3.68082722568514e-05
3966204;LD1;0.000152694607671672
3966209;LD1;1.19481022215462e-05
3966222;LD1;1.22384837678213e-07
3966231;LD1;9.57137026946094e-05
3966327;LD1;1.44494697825569e-05
3966411;LD1;2.51005505241051e-07
12262060;LD1;2.76706396801295e-07
12262093;LD1;4.1584482099009e-05
12262123;LD1;4.92567370427567e-07
12262132;LD1;6.83557098486381e-06
12262162;LD1;0.00027019675911309
12262177;LD1;0.000100230423124425
12262282;LD1;0.000125950864761412
12262295;LD1;0.000178666384801637
12262300;LD1;0.00011513775559689
12262360;LD1;0.000224266272437478
20970875;LD1;2.73466482171197e-05
20970908;LD1;7.31947918364456e-05
20970938;LD1;4.66284567815521e-05
20970947;LD1;4.87010728292841e-05
20970992;LD1;0.000166013705938764
20971088;LD1;2.33785840144046e-05
20971097;LD1;7.34560941797746e-05
20971110;LD1;2.98875325127932e-06
20971115;LD1;0.000202428410146623
20971175;LD1;2.40480893832435e-05
23654785;LD1;5.39716537292527e-05
23654845;LD1;0.000137859326624256
23654851;LD1;0.000171087174881682
23654863;LD1;0.000353068422452936
23654968;LD1;0.000309082667876672
23655022;LD1;3.97603362900979e-07
23655040;LD1;0
23655052;LD1;0.000278510392932117
24033332;LD1;1.83395846822703e-05
24033341;LD1;0.00021462056595095
24033371;LD1;3.52728220805149e-05
24033404;LD1;7.2016920594404e-05
24470444;LD1;0.000207839274117789
24470504;LD1;0.000121446858534482
24470510;LD1;9.22156725665044e-05
24470522;LD1;6.30895458266077e-05
24470627;LD1;0.000180818295394632
24470642;LD1;0.000169998104508723
24470672;LD1;9.86126900418793e-05
24470681;LD1;6.09109204201316e-06
24470711;LD1;0.00104144964300061
24470744;LD1;9.87623839596613e-06
28323490;LD1;3.1573441055318e-06
28323550;LD1;0.000262414536095614
28323555;LD1;0.000557858113892474
28323673;LD1;4.66293616889665e-05
28323688;LD1;2.24802309645619e-06
28323718;LD1;9.83412771083324e-07
28323727;LD1;4.91677979070708e-09
28323757;LD1;0.00105608422418372
28323790;LD1;4.85365845664396e-06
32139683;LD1;0.000155420521515076
32139842;LD1;1.41857459422592e-05
32139854;LD1;0.000402679308611978
32139865;LD1;9.94526979804349e-07
32139920;LD1;5.29953681302036e-09
40796995;LD1;0.000435388546087705
40797055;LD1;0.000150023326550555
40797060;LD1;0.000124888377757808
40797073;LD1;0.00114792801368953
40797178;LD1;0.000492101076323988
40797223;LD1;4.85834585107678e-05
40797232;LD1;7.54672066874153e-05
40797295;LD1;6.90416775015822e-06
42302685;LD1;3.78717144816852e-06
42302712;LD1;3.35657644095559e-05
42302718;LD1;3.4194415847004e-05
42302748;LD1;4.44893502364863e-06
42302775;LD1;6.34588007921483e-06
42302784;LD1;2.3158915251597e-05
42302802;LD1;4.40624835808711e-05
42302898;LD1;3.9944976853231e-05
42302902;LD1;8.46331182674696e-05
42302907;LD1;9.70546740920326e-07
42302919;LD1;0.000447823017673539
42302925;LD1;0.000202330766685943
45022544;LD1;4.0177743404551e-05
45022604;LD1;1.08056552419495e-06
45022610;LD1;1.12113333439381e-05
45022622;LD1;9.08153757624071e-05
45022727;LD1;0.000148307797274288
45022811;LD1;2.89964536591016e-05
55609406;LD1;6.08433743027842e-05
55609466;LD1;0.00116916957689008
55609472;LD1;0.000239226868102948
55609499;LD1;1.19674030034586e-08
55609589;LD1;0.000350779837299432
55609673;LD1;9.15013509534918e-05
59596217;LD1;3.34926629832357e-05
59596277;LD1;0.000200825597508167
59596282;LD1;7.4743415489686e-06
59596295;LD1;2.55594028931229e-05
59596304;LD1;3.27890350163735e-05
59596400;LD1;3.15836026097883e-05
59596445;LD1;4.76132055325605e-06
59596454;LD1;6.76051276082384e-06
59596484;LD1;7.25107742266792e-05
59596517;LD1;2.13551848421397e-07
68598622;LD1;0.000248735138940771
68598676;LD1;0.000196379993471097
68598781;LD1;0.000141939507735239
68598793;LD1;5.23292166969758e-05
68598799;LD1;5.98314080403251e-07
68598859;LD1;6.56379526891642e-07
78968404;LD1;0.000149548175695147
78968464;LD1;1.68864714837653e-06
78968470;LD1;3.38875807372141e-06
78968482;LD1;8.35223672956673e-07
78968491;LD1;5.42341963166166e-06
78968587;LD1;0.000124437953449554
78968641;LD1;2.93187255587256e-06
78968671;LD1;3.07042872661783e-07
86962702;LD1;0.000116488177200069
86962735;LD1;0.000241448503687315
86962765;LD1;1.40322313821409e-05
86962774;LD1;6.42379420933081e-05
86962804;LD1;5.52989471163046e-05
86962819;LD1;6.74378879825432e-06
86962924;LD1;0.000337489698118349
86962937;LD1;3.25750377735567e-05
86962942;LD1;0.00039286802312826
86963002;LD1;1.23185947086065e-05
89548537;LD1;1.2478126495945e-06
89548597;LD1;0.000185974354536846
89548602;LD1;2.69605811066915e-05
89548615;LD1;7.22697649193234e-05
89548624;LD1;8.25931355526954e-05
89548720;LD1;1.50870784479747e-06
89548735;LD1;2.07691733335399e-06
89548765;LD1;9.14668344980699e-06
89548774;LD1;4.90496801135377e-06
89548804;LD1;8.53545798994791e-05
89548837;LD1;1.127895457932e-05
90166119;LD1;4.40547781590281e-05
90166232;LD1;1.22296157115888e-06
90166241;LD1;0.000106385456504766
90166260;LD1;5.35275223414122e-06
90166268;LD1;1.50504339093307e-05
90166298;LD1;0.000160813173082807
90166304;LD1;2.09780599174216e-06
90166331;LD1;1.44377306506696e-05
93217574;LD1;1.99399683994588e-06
93217634;LD1;0.000304697436844937
93217640;LD1;0.000108637556078371
93217661;LD1;1.71776910959962e-05
93217811;LD1;4.23640270177581e-05
93217841;LD1;2.13833876181247e-05
101337081;LD1;2.10073985962406e-06
101337111;LD1;5.9514095979319e-05
101337165;LD1;8.11768560641216e-05
101337270;LD1;5.84645742674392e-06
101337282;LD1;2.20456010905903e-05
101337288;LD1;3.31893051982032e-05
101337321;LD1;0.000157890544242672
101337348;LD1;3.30625357799181e-05
101666661;LD1;0.000153651571931812
101666691;LD1;4.68531992298928e-05
101666745;LD1;7.82209773033618e-08
101666850;LD1;0.000196496646739235
101666862;LD1;2.21851594806366e-05
101666868;LD1;0.000135655147824522
101666928;LD1;0.000363716631020307
104033791;LD1;3.45212146990254e-05
104033824;LD1;1.41355154597129e-06
104033854;LD1;4.11786320814247e-05
104033863;LD1;3.85036902810311e-07
104033893;LD1;8.1808757124524e-06
104033908;LD1;1.01074659765947e-06
104034004;LD1;7.20652742616396e-10
104034013;LD1;9.76723780183451e-06
104034026;LD1;1.43443745074285e-06
104034031;LD1;7.31114471865682e-06
104034091;LD1;2.20617883168415e-05
105383145;LD1;0.000346728451949364
105383205;LD1;2.87860465162283e-05
105383210;LD1;1.21965139982098e-06
105383223;LD1;0.000108011102183255
105383232;LD1;1.09301329893602e-05
105383328;LD1;0.00017386369467848
105383343;LD1;7.80685718190618e-09
105383373;LD1;7.27290839233042e-05
105383382;LD1;9.30760558146186e-05
105383412;LD1;0.000391422209969624
105383445;LD1;4.76207892696485e-05
130811930;LD1;5.99621170083263e-05
130811990;LD1;0.000722955125280452
130811995;LD1;2.69593120900656e-07
130812017;LD1;2.63219435175837e-05
130812113;LD1;0.000115513908504501
130812128;LD1;1.31014882400152e-06
130812158;LD1;0.000518014442697572
130812167;LD1;3.29382260421732e-05
130812230;LD1;9.19915932075682e-06
131442563;LD1;0.000281968935385367
131442568;LD1;3.51608417204003e-05
131442581;LD1;3.98326355681995e-05
131442686;LD1;0.000131234379531424
131442701;LD1;2.6291620582727e-07
131442731;LD1;8.58848397202331e-06
131442740;LD1;6.26808896008497e-06
131442770;LD1;0.000105005345930915
131442803;LD1;1.84102387003774e-06
138320180;LD1;8.21655440470887e-06
138320245;LD1;0.000982573289278898
138320258;LD1;0.00046640340660925
138320363;LD1;0.00135650095607922
138320378;LD1;0.000215099143686523
138320408;LD1;0.000285724695612416
138320417;LD1;0.000170090661527151
138320480;LD1;0.0002036532913843
140122113;LD1;1.76295979509389e-06
140122143;LD1;8.12883251383231e-06
140122197;LD1;3.51294402270187e-05
140122293;LD1;1.71383611535049e-05
140122302;LD1;4.93480061535843e-06
140122314;LD1;4.30315356797166e-05
140122320;LD1;2.5703019263045e-05
140122380;LD1;2.97732259992809e-05
145035156;LD1;6.59540449260551e-06
145035189;LD1;2.26397538020046e-05
145035219;LD1;2.47782070267558e-05
145035228;LD1;4.08396464587395e-05
145035258;LD1;1.13518004220917e-05
145035273;LD1;1.51608416249561e-05
145035369;LD1;2.90143102049409e-07
145035378;LD1;0.000306646061813251
145035391;LD1;1.11909268647156e-05
145035396;LD1;6.54136267822065e-06
145035456;LD1;6.08907996441059e-05
145487189;LD1;1.48292155940857e-05
145487254;LD1;0.000303051992165253
145487267;LD1;7.37333233612179e-05
145487276;LD1;3.75772564736632e-06
145487370;LD1;3.28143854696012e-05
145487385;LD1;6.8166278080466e-05
145487415;LD1;6.50692502982086e-06
145487424;LD1;9.19077970781572e-06
145487454;LD1;1.30237522967129e-06
145487487;LD1;5.00278124152921e-06
147171414;LD1;3.60471943663063e-05
147171474;LD1;0.000406235013339644
147171479;LD1;1.71931960729416e-05
147171492;LD1;5.54465536750768e-05
147171597;LD1;0.000405312916868681
147171612;LD1;3.1120483436538e-05
147171642;LD1;0.000144473856411202
147171651;LD1;5.97356936406974e-08
147171681;LD1;0.000484304360476134
147171714;LD1;0.00015238909999477
223070278;LD1;6.14307094171812e-05
223070344;LD1;0.000209916186065652
223070461;LD1;3.68399237318504e-05
223070476;LD1;7.85038108005305e-05
223070578;LD1;3.41069626551455e-07
230952518;LD1;6.33131557530844e-10
230952551;LD1;6.75737276236853e-06
230952581;LD1;1.89458093781201e-05
230952590;LD1;3.77618553327186e-05
230952620;LD1;6.68261305942108e-05
230952635;LD1;1.43562336310156e-05
230952731;LD1;1.09013487558036e-06
230952740;LD1;1.21804689152907e-05
230952753;LD1;8.30571864814956e-05
230952758;LD1;0.000190538616239772
233648009;LD1;2.73244383792949e-05
233648036;LD1;2.15735736844581e-07
233648072;LD1;1.89894139102293e-05
233648080;LD1;6.27288844275293e-05
233648108;LD1;1.81541359160714e-05
233648126;LD1;4.84604387190275e-05
233648222;LD1;1.5341353523677e-07
233648226;LD1;2.34742910736478e-05
233648231;LD1;0.000190445606349426
233648243;LD1;6.61374033287924e-05
233648249;LD1;7.6940263888528e-05
233648279;LD1;0.000114128671779266
245254091;LD1;3.16284788857017e-05
245254124;LD1;0.00147718975445973
245254154;LD1;4.16270651173167e-06
245254193;LD1;1.76337097146239e-05
245254208;LD1;8.89015274420691e-05
245254313;LD1;0.00015285646310793
245254326;LD1;9.20144048777392e-05
245254331;LD1;1.0221719586732e-05
245254391;LD1;0.00023620142779508
246896029;LD1;4.87124859963724e-05
246896092;LD1;3.98998940561161e-06
246896101;LD1;1.07154317694259e-05
246896146;LD1;5.05890674545316e-05
246896251;LD1;0.000102783446285526
246896264;LD1;5.54220419225818e-05
246896269;LD1;7.74987187579086e-05
246896329;LD1;1.2497414940861e-06
282097174;LD1;0.000946929973404424
282097207;LD1;1.71158620339492e-05
282097237;LD1;0.000184434694882289
282097291;LD1;1.12270697659335e-05
282097408;LD1;6.76663810014975e-05
282097474;LD1;4.34112356588293e-05
326840182;LD1;9.91021650433801e-06
326840242;LD1;0.000414283605619215
326840247;LD1;0.000131014008246446
326840260;LD1;2.52097234995642e-06
326840269;LD1;2.0070114157439e-06
326840365;LD1;9.78635625309144e-06
326840380;LD1;8.30488038057509e-05
326840410;LD1;0.000273392118626883
326840419;LD1;2.88334129725846e-06
326840449;LD1;1.98705447272334e-05
326840482;LD1;2.20181226305439e-05
356328068;LD1;3.95352446946931e-05
356328098;LD1;2.08664311612938e-05
356328152;LD1;3.63084380181408e-05
356328269;LD1;7.37161722625879e-05
356328335;LD1;6.57941167602117e-05
357802301;LD1;3.37874071313337e-05
357802366;LD1;0.000145978566356599
357802484;LD1;0.000194812447104519
357802499;LD1;1.88966888682423e-05
357802529;LD1;0.000323963173729324
357802538;LD1;7.42567381653382e-05
357802568;LD1;0.000131783038864282
357802601;LD1;1.8590620917346e-05
371492686;LD1;1.71772743448284e-05
371492719;LD1;9.67265165311258e-06
371492749;LD1;5.82816063313246e-06
371492758;LD1;0.000117052356839304
371492788;LD1;2.72673420858885e-05
371492803;LD1;5.24328927799083e-05
371492899;LD1;3.56085187806004e-06
371492908;LD1;2.40330654915721e-07
371492921;LD1;6.94138154023784e-05
371492926;LD1;0.000306927448055443
371492986;LD1;2.16892917440528e-05
371921667;LD1;0.000192598986978923
371921697;LD1;0.00012754246988906
371921706;LD1;2.44106760782979e-08
371921736;LD1;1.42016854804566e-06
371921751;LD1;0.00010936037380098
371921856;LD1;0.000107474890273247
371921869;LD1;0.000131815861143231
371921934;LD1;1.36368761362948e-05
373107526;LD1;7.46692712378006e-06
373107559;LD1;0.000310027351703163
373107589;LD1;0.000110548816067969
373107598;LD1;7.66303621669516e-05
373107628;LD1;6.73863103814284e-05
373107643;LD1;8.60228409813626e-06
373107739;LD1;0.000242893162357452
373107761;LD1;2.47602887141117e-05
373107766;LD1;0.00011183162011114
373107826;LD1;1.16390873829201e-05
377602023;LD1;4.8610148634169e-06
377602056;LD1;3.98676694720709e-06
377602086;LD1;0.00033722017490276
377602095;LD1;0.000343517184525098
377602125;LD1;3.34237034094606e-07
377602140;LD1;7.98746758767402e-06
377602245;LD1;0.000159499001500886
377602258;LD1;3.02219781419213e-05
377602263;LD1;0.000453558139018111
377602323;LD1;0.000173494078709058
377732529;LD1;4.18544010598324e-06
377732559;LD1;2.29015181513343e-05
377732613;LD1;2.42697474966106e-05
377732718;LD1;2.24037342148343e-05
377732730;LD1;0.000119412240173481
377732736;LD1;0.000191861701545434
377732796;LD1;0.00028822226778094
377732827;LD1;0.000437076402707853
377821908;LD1;2.18182841835075e-05
377822145;LD1;3.45664842133535e-05
380829506;LD1;3.1250831964827e-05
380829566;LD1;0.000264433873697712
380829571;LD1;8.08701818407856e-05
380829584;LD1;3.11903824198667e-05
380829689;LD1;0.000265130961640213
380829704;LD1;0.00010482238782821
380829734;LD1;2.60274056689985e-05
380829743;LD1;7.91815257018345e-10
380829773;LD1;3.1637008578499e-05
380829806;LD1;2.24159067272264e-07
395279650;LD1;0.000109345590168582
395279662;LD1;3.93746836145453e-05
395279667;LD1;1.49923144829562e-05
395279671;LD1;0.000343758339666419
395279767;LD1;1.46672109450181e-06
395279794;LD1;1.18607155284043e-05
395279813;LD1;0.00110420612947061
395279821;LD1;2.65752245078825e-05
395279851;LD1;4.84802683891482e-06
395279857;LD1;1.2891022863968e-06
395279884;LD1;2.03914133554297e-05
423306252;LD1;0.0001014252986641
423306312;LD1;7.95328549116782e-05
423306317;LD1;1.08794731199301e-05
423306330;LD1;0.000137372392211405
423306435;LD1;2.48003637824881e-05
423306450;LD1;6.15347976034618e-05
423306480;LD1;0.000117046957912375
423306489;LD1;1.81667694013164e-09
423306519;LD1;0.000182009102378634
423306552;LD1;8.45790560733121e-07
1755088;LD1;1.59747541157997e-06
1755121;LD1;6.63828713064526e-05
1755151;LD1;7.16278390709296e-06
1755160;LD1;0.000109191081366646
1755190;LD1;4.51375835395837e-09
1755205;LD1;0.000222444520312996
1755311;LD1;1.55588920397136e-05
1755324;LD1;0.000266428092756748
1755329;LD1;0.00100453012371351
1755389;LD1;1.71744147515983e-06
10639236;LD1;2.0566221142299e-05
10639269;LD1;6.26636923753863e-05
10639299;LD1;0.000409923092996499
10639308;LD1;6.08511589177853e-05
10639338;LD1;0.000215317454301194
10639353;LD1;0.00011304436194279
10639449;LD1;3.20780736414358e-05
10639458;LD1;0.000139158592000094
10639471;LD1;6.19254894183594e-05
10639536;LD1;9.15934831339603e-07
12625090;LD1;9.93719607357981e-05
12625123;LD1;1.39363817964726e-06
12625153;LD1;3.28633290985071e-05
12625162;LD1;0.000278674588690368
12625192;LD1;6.08926369857949e-06
12625207;LD1;4.17759669970649e-06
12625303;LD1;4.55753683461278e-05
12625325;LD1;6.09366290974671e-05
12625330;LD1;0.000158989721210263
14571630;LD1;1.93878238041167e-05
14571663;LD1;1.32189765338668e-06
14571693;LD1;1.76607297151294e-05
14571702;LD1;2.92668778075815e-05
14571732;LD1;2.66635326644997e-05
14571747;LD1;7.8340441543607e-06
14571844;LD1;2.32299136777427e-06
14571853;LD1;4.55529277251272e-08
14571866;LD1;7.05269291417422e-05
14571871;LD1;0.000197067427451624
14571931;LD1;4.53177097737984e-06
14898799;LD1;1.83232754809148e-06
14898805;LD1;1.29419647875766e-05
14898817;LD1;2.87007438927337e-05
14898922;LD1;2.34717362809545e-05
14898940;LD1;4.198451205746e-05
14898949;LD1;9.89389810823768e-07
14898968;LD1;5.42134333101234e-06
14898976;LD1;4.45957168865268e-05
14899006;LD1;0.000158669165202737
14899012;LD1;6.55506690116648e-06
14899039;LD1;4.50470290026481e-06
22581824;LD1;5.57883435547244e-05
22581908;LD1;2.54007946729083e-05
22582004;LD1;1.73782218864342e-06
22582013;LD1;1.49537293380429e-05
22582025;LD1;4.38834579321635e-05
22582031;LD1;2.95033546580881e-05
22582091;LD1;1.80068360508911e-05
28379781;LD1;0.000280299832565912
28379841;LD1;3.92079994337389e-05
28379846;LD1;1.06725242193056e-05
28379859;LD1;5.57579463489105e-05
28379868;LD1;1.39619221540109e-05
28379964;LD1;6.45824744520284e-06
28379979;LD1;0.000114755944638139
28380009;LD1;0.000325458990748907
28380018;LD1;1.3664479505479e-06
28380048;LD1;5.4216339975214e-05
28380081;LD1;2.54439809292881e-05
28850295;LD1;5.095899023926e-06
28850328;LD1;0.000317039808383005
28850358;LD1;1.87219461195359e-05
28850367;LD1;2.72845473743069e-05
28850397;LD1;5.2051902499059e-06
28850412;LD1;0.000106725196818403
28850530;LD1;1.66172886866058e-06
28850535;LD1;0.000140194646554482
28850595;LD1;7.95938553513074e-06
29308334;LD1;4.41095096278059e-05
29308335;LD1;0.000282216852551607
29308394;LD1;3.12399604487488e-05
29308400;LD1;2.1120819089028e-05
29308412;LD1;7.29287920890048e-06
29308421;LD1;3.34902878029414e-06
29308517;LD1;5.46693653856417e-06
29308571;LD1;1.36460841174526e-07
29308601;LD1;1.37657029337972e-06
30900659;LD1;0.000264342170558217
30900692;LD1;0.000807830370112554
30900722;LD1;2.25516356692526e-06
30900731;LD1;2.50812133113514e-06
30900761;LD1;3.30291101868523e-06
30900776;LD1;0.000157372339206346
30900872;LD1;2.91009783762543e-08
30900881;LD1;7.46534901590718e-05
30900894;LD1;1.59425787037548e-08
30900899;LD1;0.00014385018239281
30900959;LD1;4.77746457388858e-05
44590322;LD1;5.8654154802518e-07
44590406;LD1;2.52897435952649e-05
44590502;LD1;6.30079679372532e-06
44590511;LD1;2.40698620576494e-07
44590523;LD1;2.33388879007825e-05
44590529;LD1;2.15798727392524e-06
44590589;LD1;1.59578973972558e-05
46578937;LD1;2.94789488016616e-05
46578997;LD1;2.11326408892997e-05
46579003;LD1;5.7016602162397e-05
46579015;LD1;1.88821053828217e-06
46579024;LD1;3.17882523159095e-06
46579120;LD1;4.60285150807153e-06
46579204;LD1;9.504570899569e-07
50203150;LD1;1.19011866957683e-06
50203183;LD1;3.85407672441113e-06
50203213;LD1;9.37634094371854e-06
50203222;LD1;6.1625696342287e-05
50203252;LD1;1.39363397243772e-07
50203267;LD1;2.78380336053422e-05
50203363;LD1;1.65095896095592e-05
50203385;LD1;6.76663744950399e-05
50203390;LD1;0.000205212648010904
50203450;LD1;4.28825103606235e-05
53926746;LD1;6.15444154903466e-06
53926779;LD1;2.39957645731621e-05
53926809;LD1;3.32680757852636e-05
53926818;LD1;5.19752444930098e-07
53926823;LD1;9.66571478645697e-06
53926848;LD1;2.53169127838409e-05
53926863;LD1;2.22216093774943e-05
53926959;LD1;9.51948625872808e-05
53926968;LD1;0.00052919981053849
53926981;LD1;7.17893769993562e-05
53926986;LD1;5.64265056700929e-05
53927046;LD1;6.18043421355268e-05
63751726;LD1;1.49837538699736e-08
63751756;LD1;3.72583173038994e-05
63751765;LD1;0.000284766830797285
63751810;LD1;9.75942492891612e-05
63751928;LD1;5.97775545732388e-05
63751933;LD1;0.000226481993044736
63751993;LD1;0.00010101535455263
63752024;LD1;6.8676365451334e-05
73361286;LD1;2.86526178926642e-05
73361346;LD1;0.000289912835010126
73361351;LD1;0.000658125130203297
73361364;LD1;4.84245900262915e-06
73361373;LD1;2.57671458009095e-07
73361514;LD1;0.000698027122455711
73361523;LD1;1.30923955526167e-05
73361586;LD1;4.1534874836209e-05
80276394;LD1;1.43252525599113e-05
80276396;LD1;0.000125375741769428
80276454;LD1;0.00026673724795095
80276456;LD1;0.000244672606058304
80276459;LD1;3.29686093060619e-07
80276462;LD1;4.37179173586855e-06
80276472;LD1;4.83399370565434e-06
80276474;LD1;7.16699320481439e-06
80276481;LD1;3.44254645464498e-05
80276483;LD1;4.50661770977247e-05
80276577;LD1;3.23748594890943e-06
80276579;LD1;4.09082826290088e-06
80276592;LD1;9.17143736924152e-05
80276622;LD1;2.82538107306735e-05
80276631;LD1;5.2984550267094e-05
80276661;LD1;1.90379775390476e-05
80276663;LD1;2.63945232718608e-05
80276694;LD1;1.52480296425623e-06
87212103;LD1;1.57277882604026e-05
87212163;LD1;0.000199513781483827
87212168;LD1;0.00011931491185325
87212181;LD1;4.32022794512998e-05
87212190;LD1;3.58438094577818e-05
87212286;LD1;2.10930211741551e-06
87212301;LD1;4.23659767115632e-05
87212331;LD1;5.61959852711402e-06
87212340;LD1;0.000181232280684993
87212370;LD1;3.67480400366967e-05
87212403;LD1;5.53156134076935e-06
90826421;LD1;5.56640747099501e-05
90826493;LD1;2.83333568956738e-05
90826523;LD1;1.09029237081892e-09
90826538;LD1;0.000708628774385457
90826634;LD1;0.000277315674125284
90826643;LD1;0.000132685271597722
90826656;LD1;2.99342788323056e-06
90826661;LD1;0.000137626166658234
90826721;LD1;0.000263923021836765
92629309;LD1;7.09702573572674e-06
92629369;LD1;0.000643137654768468
92629374;LD1;2.65740522368022e-05
92629387;LD1;3.06543103745268e-07
92629396;LD1;0.000298314065417893
92629492;LD1;2.74771578109286e-05
92629507;LD1;0.000239872244105514
92629537;LD1;0.000296903133176087
92629546;LD1;2.25064402683066e-06
92629576;LD1;0.00132295597428707
92629609;LD1;0.000135703587408623
92827854;LD1;7.4447822934321e-05
92827869;LD1;3.72248716148437e-05
92827899;LD1;6.16772500299685e-05
92827908;LD1;4.90887857893519e-07
92827971;LD1;6.13633665697554e-05
93339659;LD1;9.18344913425883e-06
93339719;LD1;4.3407995958426e-06
93339724;LD1;3.19494060576468e-07
93339737;LD1;6.89870042987597e-05
93339746;LD1;1.22856938993658e-05
93339842;LD1;1.55477865204252e-05
93339857;LD1;0.000105294953019359
93339887;LD1;8.41748032918676e-05
93339896;LD1;5.81563899474515e-05
93339926;LD1;4.4775316391029e-05
93339959;LD1;1.28052097263989e-05
94609755;LD1;9.10590144360532e-06
94609815;LD1;9.71572484418887e-05
94609833;LD1;6.06662964340399e-06
94609842;LD1;4.41158705813256e-05
94609983;LD1;1.0043561424752e-07
94609992;LD1;6.10310401618988e-07
94610022;LD1;1.92492107557653e-05
94610055;LD1;0.000101217248157283
96049296;LD1;3.76540748270681e-05
96049329;LD1;2.96368804147975e-06
96049359;LD1;2.66967567314176e-05
96049368;LD1;2.65775324101604e-05
96049398;LD1;2.42389584741227e-05
96049413;LD1;9.71264608964893e-06
96049509;LD1;4.05915566396059e-06
96049518;LD1;2.63900861102976e-06
96049531;LD1;9.68211440733914e-05
96049536;LD1;0.000203694491561431
96049596;LD1;5.52139663428353e-06
99382031;LD1;0.000164282099594086
99382096;LD1;5.60694519869154e-05
99382109;LD1;1.05883721262558e-06
99382118;LD1;8.88702142825041e-06
99382214;LD1;9.72333755270576e-06
99382229;LD1;2.87661273184542e-05
99382259;LD1;2.99210741673562e-05
99382268;LD1;9.09196026303433e-06
99382298;LD1;5.21546328975942e-06
99382331;LD1;4.4735493210922e-05
104628707;LD1;7.88201700692605e-06
104628767;LD1;0.000196438869154507
104628772;LD1;0.000579926053847597
104628785;LD1;4.63714452111702e-05
104628794;LD1;0.000172948681612441
104628885;LD1;2.3350860019928e-05
104628900;LD1;2.20287522372651e-06
104628930;LD1;5.35819152845089e-07
104628939;LD1;2.58658890011836e-06
104628969;LD1;3.69938676154993e-05
104629002;LD1;1.60368856812369e-05
110944180;LD1;5.63086825392903e-05
110944210;LD1;1.44474266156898e-06
110944264;LD1;6.40701618131509e-07
110944360;LD1;3.42676316599145e-05
110944369;LD1;2.30911997419279e-06
110944381;LD1;0.000136390508854412
110944387;LD1;0.000129941975007127
110944448;LD1;2.53380702609184e-05
112926190;LD1;1.13830273338412e-05
112926250;LD1;4.36090606143809e-05
112926255;LD1;5.17158598422535e-06
112926268;LD1;1.18664410937753e-05
112926373;LD1;4.79810007175128e-06
112926388;LD1;5.00533337434352e-07
112926418;LD1;6.47100616220865e-05
112926427;LD1;1.62875563397892e-06
112926457;LD1;2.16073072271207e-05
112926490;LD1;2.61295970338862e-05
120201215;LD1;3.02353579724839e-05
120201275;LD1;0.000957608674020016
120201280;LD1;8.53748530311693e-06
120201293;LD1;0.000192181087710264
120201398;LD1;0.00126482165782991
120201413;LD1;0.000146340345304736
120201443;LD1;7.04852598244908e-06
120201452;LD1;0.00268894216265201
120201482;LD1;0.000344138492290111
120201515;LD1;4.08835682248129e-06
135832157;LD1;1.51845768744408e-05
135832217;LD1;8.20929987342885e-05
135832223;LD1;4.17836098520768e-05
135832235;LD1;1.67924845782584e-06
135832244;LD1;5.67733950312313e-06
135832340;LD1;3.60364485583212e-05
135832424;LD1;1.07363219616786e-05
143427796;LD1;0.000896856158439139
143427856;LD1;0.000407185397789034
143427874;LD1;2.06870775648493e-05
143428024;LD1;1.56678687544842e-07
143428063;LD1;0.000165211423336515
143428096;LD1;4.60551235579088e-05
157231855;LD1;3.88370138500829e-05
157354709;LD1;1.41949543406207e-06
157354742;LD1;4.91140163538341e-05
157354772;LD1;1.59028181596983e-05
157354781;LD1;0.000249376168732505
157354811;LD1;2.16964096641002e-05
157354826;LD1;0.00013114428790775
157354922;LD1;5.052707276401e-06
157354931;LD1;1.20829215310122e-05
157354944;LD1;6.16466351746121e-05
157354949;LD1;0.000176091361688468
157355009;LD1;4.26125877953456e-05
180039107;LD1;5.08647215148308e-05
180039202;LD1;0.000499291261968165
180039233;LD1;0.000495967843962769
180039269;LD1;0.000328170872689793
180039291;LD1;1.55632597742169e-05
182931965;LD1;0.000224305986928512
182931970;LD1;4.96126910222388e-06
182931983;LD1;0.000153991425552471
182931992;LD1;0.000136903349163463
182932088;LD1;1.57353873277233e-05
182932103;LD1;6.39234542478246e-07
182932133;LD1;1.59731906973483e-05
182932142;LD1;7.29186966633407e-05
182932172;LD1;1.86801244551096e-05
182932205;LD1;8.3122585929405e-05
189592041;LD1;7.0945087694397e-05
189592074;LD1;0.000193963846677056
189592104;LD1;0.000154662458173206
189592143;LD1;0.000155526138327065
189592158;LD1;0.00021471468245571
189592254;LD1;8.49060830110771e-05
189592263;LD1;1.99421097334569e-06
189592341;LD1;0.00010262167919998
196022805;LD1;2.65645286245331e-06
196022865;LD1;0.000334953859275148
196022870;LD1;0.000163440412674261
196022883;LD1;1.87887460708659e-05
196022892;LD1;6.69317240793716e-07
196022898;LD1;5.0818316515017e-06
196022988;LD1;3.45105509581502e-05
196023003;LD1;0.000123978055561776
196023033;LD1;8.78830054002763e-05
196023042;LD1;5.97198110913611e-06
196023072;LD1;4.77994305924161e-05
196023105;LD1;3.10306760153918e-05
203859695;LD1;5.26260434713043e-08
203859728;LD1;4.95549439096312e-08
203859758;LD1;0.000116194640444957
203859767;LD1;0.000272428446245124
203859797;LD1;3.03803120219099e-05
203859908;LD1;4.15153608983002e-05
203859917;LD1;1.70415641239923e-05
203859930;LD1;1.70479482808878e-05
203859935;LD1;0.000131541638168936
203859995;LD1;6.52469869911527e-06
213421505;LD1;1.36567895811037e-06
213421565;LD1;0.000820476143994191
213421570;LD1;0.00038801832494333
213421583;LD1;0.00022050130973226
213421592;LD1;3.24261135882855e-05
213421598;LD1;0.00024588003723856
213421688;LD1;0.00107659121745678
213421703;LD1;0.000183292134123241
213421742;LD1;0.000474123251962451
213421805;LD1;0.000139220942605037
215516249;LD1;4.70311204568124e-06
215516254;LD1;0.000148752976979314
235467566;LD1;3.35935255331529e-05
235467626;LD1;4.10249725477631e-05
235467632;LD1;2.17514494041269e-05
235467644;LD1;8.03620420930086e-05
235467653;LD1;1.88158975649681e-06
235467749;LD1;1.24817596935816e-06
235467833;LD1;1.50956968895936e-06
252712947;LD1;4.38701491212016e-05
252712978;LD1;5.34545272531481e-07
252712980;LD1;1.0210909626873e-07
252713008;LD1;1.59456601533995e-07
252713010;LD1;6.655734998843e-05
252713019;LD1;6.29859855016404e-05
252713049;LD1;1.92532071600744e-07
252713062;LD1;7.24366353599736e-05
252713064;LD1;1.94462699931314e-06
252713158;LD1;0.000181485589296695
252713160;LD1;5.16479494812316e-06
252713167;LD1;8.19352908697622e-06
252713169;LD1;1.58702523203505e-05
252713179;LD1;2.36448974568413e-05
252713182;LD1;7.3557309832935e-05
252713185;LD1;3.41212053853318e-06
252713187;LD1;8.89880365420709e-05
252713205;LD1;2.75480504711356e-05
252713245;LD1;0.000197843091541909
252713247;LD1;1.06473907398735e-06
255639994;LD1;4.19852031852566e-05
255640054;LD1;0.000211845283888331
255640059;LD1;0.00024054491188282
255640072;LD1;1.9468332519213e-08
255640177;LD1;8.7825438043311e-05
255640192;LD1;6.32088190389531e-06
255640222;LD1;0.000239651532408619
255640231;LD1;6.19005287151226e-05
255640261;LD1;0.000205706164180709
255640294;LD1;8.62477728544997e-05
256763796;LD1;4.28905295415683e-05
256763856;LD1;0.00034078222629611
256763861;LD1;2.64545029533841e-05
256763883;LD1;3.28229313903093e-05
256763994;LD1;4.44224381489136e-05
256764033;LD1;1.58705784633539e-05
256764063;LD1;4.49647594063821e-08
256764096;LD1;6.78833438866378e-05
293199208;LD1;5.33862520747279e-06
293199221;LD1;0.000669606696637756
293199326;LD1;6.63077160647457e-05
293199341;LD1;4.48340777069069e-05
293199371;LD1;1.91165151311523e-06
293199380;LD1;8.27606528007435e-05
293199443;LD1;6.05626470313433e-05
294351171;LD1;1.05594558974534e-05
294351231;LD1;0.000519343811994628
294351237;LD1;1.3805940567388e-05
294351249;LD1;5.07806651994304e-05
294351354;LD1;8.64873229840567e-06
294351408;LD1;7.41710515934956e-06
294351438;LD1;1.77097933607869e-05
303581411;LD1;4.07689524935351e-05
303581441;LD1;1.13496781454733e-05
303581495;LD1;1.35298643560873e-05
303581600;LD1;0.000288833247843404
303581612;LD1;3.35913542841763e-06
303581678;LD1;4.65186581591238e-05
308414370;LD1;6.99777667850329e-07
308414430;LD1;7.87733086783712e-05
308414436;LD1;5.81556863698843e-06
308414448;LD1;1.95603959554987e-05
308414457;LD1;3.66412116524496e-05
308414553;LD1;6.35315010040327e-05
308414636;LD1;1.6828984904747e-05
317023697;LD1;0.000189166730273117
317023757;LD1;3.11188269421911e-09
317023775;LD1;0.000423204031372442
317023880;LD1;2.29421863869561e-05
317023964;LD1;5.47391017374609e-07
322289809;LD1;1.90520387290078e-07
322289842;LD1;1.36262229346793e-05
322289872;LD1;2.61159468140784e-05
322289911;LD1;0.000196827637573774
322289926;LD1;0.000808393609872613
322290022;LD1;0.000110105058199152
322654507;LD1;4.81261150662318e-05
322654540;LD1;0.000235359735919938
322654570;LD1;7.91640035462316e-06
322654579;LD1;1.02149372314251e-05
322654609;LD1;8.9217406988501e-06
322654624;LD1;0.000140860441734576
322654720;LD1;1.39859340362338e-07
322654729;LD1;3.78017327994399e-06
322654742;LD1;7.63886763967289e-05
322654747;LD1;9.98512270931151e-05
322654807;LD1;0.000157336365998202
328365572;LD1;6.02204387848948e-05
328365632;LD1;0.000375863634558876
328365637;LD1;0.000132892299381327
328365650;LD1;6.22219821565863e-07
328365659;LD1;1.2732856904117e-05
328365755;LD1;0.000540591354280665
328365770;LD1;2.73561790473908e-05
328365800;LD1;2.40514796341728e-05
328365809;LD1;3.84773771098032e-07
328365839;LD1;5.0479570975017e-07
328365872;LD1;1.60113432943038e-08
345031571;LD1;1.4475984035685e-05
345031601;LD1;6.21114757154273e-07
345031655;LD1;9.41252275211518e-06
345031751;LD1;3.50291258309589e-05
345031760;LD1;0.000114148471243126
345031778;LD1;1.40029811568054e-05
345031838;LD1;7.51553680380633e-06
345474417;LD1;3.12520445233006e-06
345474419;LD1;7.75237737011985e-05
345474477;LD1;0.000319891821423921
345474479;LD1;5.07985625963087e-06
345474482;LD1;4.08362036219238e-05
345474485;LD1;4.86709342742808e-05
345474495;LD1;4.98429403972311e-07
345474497;LD1;2.45938588884721e-05
345474504;LD1;0.000108309732907603
345474506;LD1;2.33387758421114e-05
345474600;LD1;1.03545211000483e-05
345474602;LD1;1.28609996577735e-06
345474615;LD1;1.68495574514235e-05
345474645;LD1;4.92727939259117e-05
345474654;LD1;7.43146632545529e-06
345474656;LD1;4.81517843930443e-07
345474684;LD1;0.000159359165599391
345474686;LD1;1.08616716501473e-06
345474717;LD1;9.25714709227004e-08
345551934;LD1;1.15489992098146e-05
345551994;LD1;0.000223585490558555
345551999;LD1;4.48294815216157e-05
345552012;LD1;2.76692171233959e-08
345552021;LD1;4.37398111831254e-05
345552132;LD1;8.57798289599422e-06
345552162;LD1;2.97779078330953e-05
345552171;LD1;4.75892897636771e-05
345552201;LD1;5.3319292913648e-05
345552234;LD1;9.44193872646075e-07
347727528;LD1;1.63129149007962e-05
347727558;LD1;1.17776559000352e-07
347727612;LD1;7.09887497960838e-05
347727717;LD1;7.02959265496815e-05
347727729;LD1;1.23287699123952e-06
347727735;LD1;0.00044908215916044
347727795;LD1;6.09562173625133e-05
350047011;LD1;0.000131869065301454
350047074;LD1;0.000160631177177545
350047083;LD1;0.000173706201136703
350047113;LD1;0.000308583546796808
350047128;LD1;3.20120483485316e-05
350047247;LD1;0.000765862709050295
350047252;LD1;0.000254167919498836
350047312;LD1;6.16667633226718e-06
353011275;LD1;3.36575299571086e-05
353011335;LD1;9.21298423064741e-05
353011340;LD1;2.68149068189361e-05
353011353;LD1;4.28582544916588e-05
353011362;LD1;2.61012806411414e-05
353011458;LD1;7.88441507917376e-05
353011473;LD1;4.27625484223686e-05
353011503;LD1;0.0002752894607941
353011512;LD1;1.29814211955495e-06
353011542;LD1;8.24612480860798e-06
353011575;LD1;2.64372670759243e-05
354992813;LD1;3.91699175776106e-05
354992843;LD1;2.89004181946553e-05
354992897;LD1;2.48063196523046e-05
354993002;LD1;7.63850552762381e-07
354993020;LD1;0.000212356416753279
361030658;LD1;8.56930222338745e-06
361030718;LD1;0.00023765206913812
361030736;LD1;2.525369562926e-05
361030745;LD1;1.23218221916141e-05
361030841;LD1;1.63786264485138e-05
361030856;LD1;3.24061718845997e-06
361030886;LD1;6.30760262521721e-05
361030895;LD1;2.05106609421115e-05
361030925;LD1;4.01045900207514e-06
361030958;LD1;1.03719519990913e-05
362266209;LD1;1.13721641918633e-06
362266274;LD1;9.14604196996868e-05
362266287;LD1;4.61406317648961e-06
362266296;LD1;1.22222851932996e-05
362266380;LD1;9.00984634988525e-06
362266395;LD1;1.13033825657701e-05
362266425;LD1;0.000146280416086041
362266434;LD1;3.10373183755887e-05
362266464;LD1;5.22440180276518e-05
362266497;LD1;3.86861835160946e-05
362454264;LD1;5.56638108565988e-05
362454297;LD1;4.92057718300451e-05
362454327;LD1;6.02633658746828e-05
362454336;LD1;0.000282064096852692
362454366;LD1;5.76389125897508e-06
362454381;LD1;6.96873960069445e-05
362454477;LD1;0.000109725569481982
362454486;LD1;4.6212264469129e-06
362454499;LD1;5.90608357584067e-05
362454504;LD1;0.000771425647484808
362454564;LD1;1.80184933465129e-06
362724710;LD1;4.84926285413608e-05
362724715;LD1;4.69289450088186e-05
362724728;LD1;2.98709136829124e-05
362724833;LD1;0.00021138624372093
362724848;LD1;3.94571988890081e-05
362724878;LD1;1.15582348142774e-07
362724887;LD1;0.00045627889437091
362724917;LD1;5.24248053353973e-05
362724950;LD1;8.80460427028613e-05
362766447;LD1;9.08218094678673e-06
362766512;LD1;0.000115320130871981
362766534;LD1;1.11495831766594e-05
362766624;LD1;0.000512187805563266
362766630;LD1;7.27558600958335e-05
362766645;LD1;7.38806547256048e-05
362766675;LD1;0.000157751172749457
362766684;LD1;0.000132727577253944
362766714;LD1;2.97176253289459e-05
362766747;LD1;7.88601125775356e-05
363566286;LD1;0.000119935658214042
363566319;LD1;0.000354820478641159
363566349;LD1;4.34337835773269e-06
363566358;LD1;3.15141920661649e-05
363566388;LD1;5.39912482145035e-05
363566403;LD1;1.68364516115415e-05
363566508;LD1;6.3237354225215e-06
363566521;LD1;0.000218535629965504
363566526;LD1;0.00022410037460407
363566559;LD1;0.000444546709237219
363566586;LD1;0.000191026646389221
363695997;LD1;0.000118877753529246
363696120;LD1;2.8696321453268e-05
363696165;LD1;0.000133458843202566
363696174;LD1;9.02258048282416e-05
363696204;LD1;0.000276380539438989
363696237;LD1;9.24203131880226e-05
365581136;LD1;0.000834266286006641
365581166;LD1;1.48915158866127e-05
365581205;LD1;0.000575749699781196
365581338;LD1;4.39670024479372e-05
365581403;LD1;2.61510871783195e-06
366156011;LD1;3.7019052868501e-05
366156076;LD1;8.68442373246131e-05
366156098;LD1;3.3923144735039e-06
366156194;LD1;4.34826628451389e-07
366156209;LD1;2.7500114103127e-05
366156239;LD1;4.48766529645978e-05
366156248;LD1;5.24039634714175e-05
366156278;LD1;9.52319519733355e-06
366156311;LD1;4.07087200964959e-05
367826875;LD1;7.393348889316e-06
367826902;LD1;3.40277726900171e-06
367826938;LD1;7.87670879153132e-07
367826946;LD1;1.90123978508302e-05
367826965;LD1;7.58796390334061e-07
367826974;LD1;8.51653739466226e-07
367826992;LD1;6.22579058655165e-06
367827088;LD1;1.21727510429845e-05
367827097;LD1;6.12342626363456e-05
367827109;LD1;0.000148516394889346
367827115;LD1;3.17752740622646e-05
369936378;LD1;2.80303946945624e-05
369936438;LD1;0.000549748356647948
369936443;LD1;0.000288361510345122
369936465;LD1;5.7402057282644e-05
369936561;LD1;3.39542462308265e-05
369936576;LD1;2.62300138387143e-05
369936606;LD1;5.19821299919473e-05
369936615;LD1;5.76966149363693e-05
369936645;LD1;0.000243662312537588
369936678;LD1;0.000105714287534863
372690292;LD1;6.22272781419289e-05
372690325;LD1;8.17852278944602e-05
372690355;LD1;3.58736927519987e-06
372690364;LD1;1.09006124935775e-05
372690394;LD1;4.04658837984371e-05
372690409;LD1;0.000149105207293782
372690514;LD1;4.76914770963578e-06
372690527;LD1;0.000241155260496016
372690532;LD1;0.000572207503607225
372690592;LD1;3.83406465547199e-05
374350261;LD1;1.64869559316847e-07
374350345;LD1;2.41668139086019e-05
374350441;LD1;0.000153762506864377
374350450;LD1;9.94201493675954e-06
374350462;LD1;0.000127092296007705
374350468;LD1;0.000165477963302781
374350528;LD1;2.62829851298827e-05
380553539;LD1;7.85596271498057e-05
380553599;LD1;0.00010244263527752
380553604;LD1;1.54243477071246e-07
380553626;LD1;0.00010776276417894
380553722;LD1;2.20073419677658e-06
380553737;LD1;5.3084632412268e-05
380553767;LD1;0.00017095046931264
380553776;LD1;0.000287303203030085
380553839;LD1;5.41448052001127e-05
387117110;LD1;2.26016317990084e-06
387117194;LD1;5.68873306150978e-05
387117290;LD1;9.05130467877611e-06
387117299;LD1;5.29555558916704e-08
387117312;LD1;7.37748846999568e-05
387117318;LD1;0.000188056385418888
387117378;LD1;1.2452844249486e-05
391842461;LD1;1.27997439075021e-05
391842494;LD1;1.77288167454973e-07
391842524;LD1;7.67130798171275e-06
391842533;LD1;5.63830776114814e-05
391842674;LD1;6.10904637713527e-06
391842683;LD1;1.36854766921766e-06
391842761;LD1;6.03687160750277e-05
394517523;LD1;1.20491854539253e-06
394629770;LD1;1.30575475682337e-05
394629830;LD1;0.00025524539690153
394629835;LD1;3.77563884593467e-05
394629848;LD1;3.58735531276344e-07
394629857;LD1;7.23540985599469e-06
394629953;LD1;1.5953055051668e-05
394629968;LD1;6.09460297372003e-05
394629998;LD1;6.27865760905697e-05
394630007;LD1;0.00019534183763269
394630037;LD1;1.94986300677176e-06
394630070;LD1;6.3017324956859e-05
397350771;LD1;1.96380601459627e-06
397350831;LD1;0.00035810353999221
397350849;LD1;1.71577181597709e-06
397350858;LD1;8.42994786392221e-05
397350969;LD1;0.000138789588615362
397351008;LD1;0.000101115782088896
397351071;LD1;3.73569035697667e-05
398420974;LD1;1.76213190633043e-05
398421034;LD1;0.000565831616912226
398421039;LD1;5.59363632758233e-05
398421052;LD1;0.000291440380859706
398421061;LD1;0.000206854556980923
398421157;LD1;2.2776380158548e-05
398421172;LD1;4.19643775333135e-05
398421202;LD1;1.3137330439118e-06
398421211;LD1;6.68502554347228e-06
398421274;LD1;1.18561728515774e-05
398672729;LD1;4.8849010885488e-06
398672789;LD1;9.62489363984397e-05
398672794;LD1;1.30479347601728e-06
398672807;LD1;8.13659242086511e-06
398672816;LD1;2.05155826972069e-05
398672912;LD1;0.000103584354921609
398672927;LD1;1.73841029981933e-05
398672957;LD1;3.96173352997158e-05
398672966;LD1;1.68283379884556e-06
398672996;LD1;5.09842053545841e-05
398673029;LD1;2.24045442195272e-05
403797086;LD1;0.000218790465695326
403797119;LD1;3.42898683971926e-05
403797149;LD1;1.53369436149928e-05
403797171;LD1;0
403797188;LD1;0.000102300328592892
403797203;LD1;1.40252003330395e-05
403797299;LD1;9.94440693988186e-05
403797308;LD1;6.14994133982451e-06
403797321;LD1;2.45517630989205e-05
403797386;LD1;3.80900555909606e-05
407562911;LD1;5.13888653475866e-06
407562971;LD1;5.10928943075616e-05
407562976;LD1;6.98658816308141e-06
407562989;LD1;6.86384220414026e-08
407562998;LD1;1.34212794709899e-07
407563094;LD1;3.03905203632057e-05
407563109;LD1;3.16259747269688e-06
407563139;LD1;4.30884812856521e-05
407563148;LD1;6.04348158317581e-06
407563178;LD1;0.000103060552940186
407563211;LD1;3.08346202004257e-05
409635420;LD1;0.000196205454587511
409635444;LD1;0.000428160718266321
409635446;LD1;0.00118875813971758
409635451;LD1;2.36178030097973e-06
409635453;LD1;7.44687270562116e-07
409635481;LD1;5.50791065579427e-08
409635483;LD1;0.000135724884747666
409635492;LD1;0.000232668697530869
409635522;LD1;5.13698934441078e-08
409635631;LD1;1.89688801263513e-05
409635633;LD1;6.80177678238232e-07
409635640;LD1;9.38517472670478e-08
409635642;LD1;4.77294883009548e-05
409635652;LD1;5.54170971047033e-05
409635655;LD1;2.56404915345288e-05
409635658;LD1;7.31762173055579e-05
409635660;LD1;0.000446080145148766
409635718;LD1;1.37220994360062e-05
409635720;LD1;1.4906702874211e-05
411478991;LD1;1.08049687335269e-06
411479021;LD1;4.09478087897665e-08
411479075;LD1;3.13057485695943e-05
411479192;LD1;1.75907579729276e-05
411479198;LD1;8.53405090268601e-05
411479258;LD1;3.09665744089803e-05
411976152;LD1;0.00010982863680379
411976185;LD1;1.3616563231502e-05
411976215;LD1;5.13754431530923e-05
411976254;LD1;2.24820948505024e-05
411976269;LD1;1.11471843196886e-05
411976365;LD1;6.28659636735034e-05
411976387;LD1;0.000188585913259339
411976452;LD1;6.42749941851757e-06
418283705;LD1;3.05453370602515e-05
418283765;LD1;0.000493017468146214
418283770;LD1;0.00018763393135196
418283888;LD1;7.41790790800769e-05
418283903;LD1;2.27845060846822e-05
418283933;LD1;1.04725123031576e-05
418283942;LD1;9.31558114696116e-06
418283972;LD1;9.33085483467334e-08
418284005;LD1;7.04031989209275e-07
421707916;LD1;2.35572042123682e-05
421707949;LD1;0.000595991370161284
421707979;LD1;2.74498203940223e-05
421707988;LD1;8.87499718055019e-05
421708018;LD1;4.44101061414287e-05
421708033;LD1;5.4732576162883e-06
421708129;LD1;9.71386239909667e-05
421708138;LD1;4.11929106203497e-06
421708151;LD1;0.00032511998159562
421708156;LD1;0.000797922127754424
421708216;LD1;4.54685360996419e-06
421842843;LD1;1.46049704629854e-05
421842903;LD1;0.000336863077764864
421842908;LD1;5.74689855942466e-05
421842921;LD1;4.8592527407684e-07
421842930;LD1;4.88054703191965e-05
421843026;LD1;4.3395264929132e-05
421843041;LD1;3.35077344342397e-05
421843071;LD1;7.04597287132893e-05
421843080;LD1;3.33472179247155e-05
421843110;LD1;2.50327172508636e-05
421843143;LD1;1.35589748217634e-07
424579018;LD1;0.00012562043499249
424579051;LD1;3.53863116338498e-05
424579081;LD1;2.93496931107004e-05
424579090;LD1;1.05559948614544e-08
424579120;LD1;1.22409033192463e-06
424579135;LD1;9.7093559363791e-05
424579231;LD1;4.13313586760768e-05
424579240;LD1;3.12878935438151e-05
424579253;LD1;1.28510766918345e-05
424579258;LD1;7.40161372545722e-05
424579318;LD1;4.58797973249582e-05
425710019;LD1;4.11152984753532e-06
425710079;LD1;0.000195939430781429
425710106;LD1;1.55826553877287e-05
425710202;LD1;2.07873435585893e-05
425710217;LD1;1.03247307398977e-05
425710247;LD1;1.61842154474379e-05
425710256;LD1;2.74538484902967e-06
425710286;LD1;7.84911256279866e-06
425710319;LD1;4.51342302134837e-05
429142689;LD1;8.06301250064917e-05
429142749;LD1;0.000297243631453034
429142754;LD1;5.4647200587151e-05
429142767;LD1;2.12934642645136e-06
429142776;LD1;8.82247304090534e-07
429142782;LD1;2.14660702761466e-05
429142872;LD1;9.84637890258388e-06
429142887;LD1;1.66255921708761e-07
429142917;LD1;0.00013496863627058
429142926;LD1;1.47978629385487e-05
429142956;LD1;0.00014753114559991
429142989;LD1;4.64325072594098e-05
431236973;LD1;3.74512065901397e-05
431237033;LD1;8.74887826959746e-05
431237038;LD1;9.65636295660894e-05
431237051;LD1;7.67584510506949e-06
431237060;LD1;0.000120780728966533
431237156;LD1;0.000108493525958377
431237171;LD1;4.10092236719941e-06
431237201;LD1;3.79303410239936e-06
431237210;LD1;2.7564302979776e-05
431237240;LD1;0.000217111613413884
431237273;LD1;5.09762222417765e-05
431393348;LD1;4.6370960855769e-08
431393381;LD1;1.53059859543663e-05
431393411;LD1;1.00706736110452e-06
431393420;LD1;3.92855536093126e-06
431393450;LD1;3.03750536538059e-05
431393465;LD1;9.5771327529256e-05
431393555;LD1;0.000316373313283269
431393561;LD1;1.83720222857059e-05
431393570;LD1;9.80989955645959e-05
431393583;LD1;0.000170794650323962
431393588;LD1;0.000112023800505075
431393648;LD1;1.14707217577685e-05
432900923;LD1;3.41547765833196e-05
432900983;LD1;0.000155630321608318
432900989;LD1;5.83213312434009e-05
432901001;LD1;7.56437478117854e-06
432901010;LD1;2.09586670055333e-05
432901190;LD1;6.75109221112017e-06
433717664;LD1;0.000127884575254539
433717729;LD1;0.00121788995877442
433717847;LD1;3.62099309728658e-05
433717862;LD1;9.64697766898969e-05
433717892;LD1;0.00105207831210392
433717901;LD1;7.20434167905346e-05
433717964;LD1;1.27719932202382e-06
437274985;LD1;9.13231889797619e-05
437275045;LD1;6.24754076514214e-05
437275051;LD1;5.49196686818852e-05
437275063;LD1;9.59221243743618e-05
437275072;LD1;2.96591253009142e-05
437275168;LD1;8.86098954834817e-05
437275222;LD1;9.66728502524255e-06
437275252;LD1;0.00013334632565181
437392474;LD1;4.02411994081794e-05
437392507;LD1;5.02255394527784e-06
437392537;LD1;0.000245292753108967
437392576;LD1;6.59839780499225e-05
437392591;LD1;4.20471810462216e-05
437392687;LD1;3.29661324236508e-05
437392696;LD1;0.000195179982128122
437392709;LD1;0.000193264418997752
437392714;LD1;0.000362306260882705
437392774;LD1;4.46540476295057e-07
440770356;LD1;6.40516555845049e-06
440770416;LD1;0.000330782115774823
440770421;LD1;5.69115599174557e-05
440770434;LD1;2.34774013358665e-05
440770443;LD1;3.58945160963938e-05
440770539;LD1;2.53091482374812e-05
440770554;LD1;4.28902706552208e-05
440770584;LD1;5.0451515899449e-05
440770593;LD1;6.85378571342045e-05
440770623;LD1;1.42074560072528e-06
440770656;LD1;5.42654746315651e-06
444608779;LD1;6.55684501096891e-05
444608812;LD1;1.20669589646433e-05
444608842;LD1;3.45704773191935e-05
444608851;LD1;7.10372941285716e-05
444608881;LD1;5.41418321534017e-06
444608896;LD1;2.8946931490852e-05
444608992;LD1;9.71251658899117e-07
444609001;LD1;4.06735611884528e-06
444609014;LD1;1.32841784374353e-05
444609079;LD1;2.3871872642416e-05
448031081;LD1;5.06234369789287e-06
448031141;LD1;0.000491144954463373
448031146;LD1;2.7943177146908e-05
448031159;LD1;1.45176778930141e-05
448031168;LD1;2.99227071547488e-05
448031264;LD1;4.85942875347742e-07
448031279;LD1;2.0865243617672e-07
448031309;LD1;3.65797660105494e-05
448031318;LD1;2.81270060586911e-07
448031348;LD1;8.91875115208123e-06
448031381;LD1;1.44863427109558e-06
456788748;LD1;2.36437508723432e-06
456788778;LD1;3.20319598158872e-06
456788832;LD1;3.41597365633857e-10
456788928;LD1;3.65816877536199e-05
456788937;LD1;1.13500453157668e-07
456788949;LD1;4.87615245179987e-07
456788955;LD1;8.75975751757878e-05
456789015;LD1;6.52198131776085e-05
457837597;LD1;5.52564331339566e-06
457837630;LD1;6.77921895879715e-07
457837660;LD1;2.33537593638544e-06
457837669;LD1;0.00025481889088404
457837699;LD1;0.000111985781212252
457837714;LD1;1.00005967310327e-05
457837810;LD1;0.000108316313105758
457837819;LD1;0.000104521010995727
457837832;LD1;5.68266002471755e-05
457837837;LD1;0.000549672355594785
457837897;LD1;5.38827891795435e-08
458337954;LD1;4.66262064856466e-06
458338014;LD1;0.000313703026036535
458338019;LD1;0.000165574983506304
458338137;LD1;1.53809669794635e-05
458338152;LD1;5.81865623095392e-06
458338182;LD1;3.95892995686068e-05
458338254;LD1;1.35363523035958e-05
463828086;LD1;1.21871447671606e-05
463828146;LD1;0.000139323321592651
463828151;LD1;7.90705207948535e-08
463828164;LD1;0.000103046820930778
463828173;LD1;3.22755716242771e-06
463828269;LD1;9.0794319646397e-06
463828284;LD1;2.68208384641329e-06
463828314;LD1;3.23519942615399e-05
463828323;LD1;6.18718950753884e-06
463828353;LD1;7.54487650403968e-06
463828386;LD1;3.93945800313502e-10
465351892;LD1;3.65681318602286e-05
465351925;LD1;1.58621079678866e-06
465351955;LD1;7.12081991858848e-05
465351964;LD1;9.36283522879856e-05
465351994;LD1;5.46778121264971e-05
465352009;LD1;3.5656749025624e-05
465352105;LD1;7.90163545887933e-06
465352114;LD1;2.86670158408288e-07
465352127;LD1;7.30414977216284e-05
465352132;LD1;0.000203896501804112
465352192;LD1;2.17682913103122e-05
465584272;LD1;1.75896798607622e-05
465584305;LD1;1.62406209840599e-05
465584335;LD1;4.2186852996078e-06
465584344;LD1;2.49304394824093e-05
465584374;LD1;6.46956253075347e-07
465584389;LD1;4.87162377961008e-08
465584494;LD1;9.64621110665224e-05
465584507;LD1;2.16796519507593e-06
465584512;LD1;7.76863830765241e-05
465584572;LD1;2.88139307601788e-05
477992809;LD1;5.00915912807401e-05
477992869;LD1;0.000158935334734188
477992874;LD1;1.93051017812744e-05
477992887;LD1;2.270733441308e-05
477992896;LD1;3.93613920617255e-07
477992992;LD1;2.48623910347651e-06
477993007;LD1;7.28324058640359e-06
477993037;LD1;1.2938097147767e-05
477993046;LD1;3.38346891326168e-05
477993076;LD1;3.08443326745736e-05
477993109;LD1;7.09054496558061e-05
484533169;LD1;1.31893450187899e-06
484533253;LD1;1.77571945728329e-10
484533349;LD1;3.59972987021205e-05
484533358;LD1;3.11309745905618e-05
484533370;LD1;5.83668518078642e-05
484533376;LD1;5.47836328377604e-05
484533436;LD1;1.32458697832609e-06
485087059;LD1;0.000219671568512405
485087125;LD1;5.7221251037551e-05
485087137;LD1;1.49853578628632e-05
485087146;LD1;1.93580977301274e-05
485087242;LD1;2.76228293002122e-05
485087296;LD1;3.47760188900636e-06
485087326;LD1;1.89448420207892e-05
486909928;LD1;1.93366651307309e-05
486909961;LD1;3.9050834529315e-06
486909991;LD1;5.02430270987717e-05
486910000;LD1;7.1348334711074e-05
486910030;LD1;2.8918868891154e-05
486910045;LD1;4.51043272126362e-06
486910141;LD1;7.81397483011401e-06
486910150;LD1;1.69413535913057e-05
486910163;LD1;7.8002299951091e-05
486910168;LD1;0.000152863811018149
486910228;LD1;8.0325983646543e-07
493751043;LD1;2.72182472808561e-06
493751103;LD1;0.000340533059664014
493751108;LD1;0.000103186553221905
493751121;LD1;9.28100592235315e-06
493751130;LD1;5.76426306725577e-05
493751226;LD1;6.82114705245866e-07
493751241;LD1;4.12454786600788e-05
493751271;LD1;1.12684373140362e-06
493751280;LD1;0.000193477342782642
493751310;LD1;5.49256449723784e-05
493751343;LD1;2.21106260020955e-05
498680790;LD1;5.31791005510981e-05
498680838;LD1;9.87427561498689e-05
498680850;LD1;4.66158947339914e-06
498680856;LD1;6.2204583123024e-06
498680868;LD1;9.94924505908661e-06
498680877;LD1;0.000130570141812975
498680973;LD1;2.80000310515605e-05
498681027;LD1;3.60380090935855e-06
498681057;LD1;6.21858041906164e-06
500434611;LD1;1.15681515898947e-05
500434671;LD1;0.000228113179026862
500434676;LD1;4.14899964593874e-05
500434698;LD1;1.91355822387859e-05
500434794;LD1;0.000115594426949087
500434839;LD1;3.91374803056915e-05
500434848;LD1;4.20458741361595e-05
500434878;LD1;4.08818738062136e-05
500434911;LD1;7.18221304808413e-05
501330480;LD1;3.79150314300778e-05
501330482;LD1;1.2512489408341e-06
501330525;LD1;1.8575830755553e-07
501330540;LD1;5.9578919371548e-05
501330542;LD1;3.44307364064041e-05
501330545;LD1;8.33213563079373e-08
501330548;LD1;2.77275528516306e-06
501330563;LD1;8.71283312670334e-05
501330567;LD1;2.88128439563719e-06
501330569;LD1;1.34647566902514e-05
501330663;LD1;4.04337351414662e-05
501330665;LD1;1.45348471855834e-06
501330678;LD1;2.22858067702143e-05
501330680;LD1;1.15506203847419e-06
501330708;LD1;3.73407143146269e-05
501330710;LD1;7.96544791100133e-06
501330717;LD1;1.91884897118742e-06
501330719;LD1;2.17216972684611e-06
501330747;LD1;4.37844582598925e-07
501330749;LD1;5.50078023020804e-06
501330753;LD1;5.47167659384988e-05
501330755;LD1;8.76822309451162e-09
501614588;LD1;2.66778564333164e-09
501614613;LD1;1.42756274473418e-05
501614615;LD1;1.09461108167504e-05
501614649;LD1;5.16020163917844e-07
501614651;LD1;1.88741104487253e-06
501614688;LD1;6.14954963372176e-05
501614690;LD1;5.53081198291813e-06
501614703;LD1;4.54661110600086e-06
501614705;LD1;6.38549248339647e-07
501614799;LD1;2.45296179657945e-05
501614801;LD1;5.97456068989896e-07
501614805;LD1;4.25669779615198e-05
501614808;LD1;0.000627099160571735
501614810;LD1;0.00178412591997932
501614820;LD1;4.08522963214203e-05
501614822;LD1;5.03077308688479e-08
501614826;LD1;0.00014771511577839
501614828;LD1;0.000242205142206896
501614886;LD1;8.32425554598165e-06
501614888;LD1;1.83216170839677e-05
502898829;LD1;6.49651728262984e-05
502898889;LD1;0.000835995769513595
502898894;LD1;0.000159255717582272
502898907;LD1;6.96684274192442e-05
502898916;LD1;0.00143642958752324
502899012;LD1;0.00025080045651102
502899027;LD1;4.1182827108697e-05
502899057;LD1;2.57769851500392e-05
502899066;LD1;2.23059107085368e-05
502899129;LD1;0.000294956083847491
503393100;LD1;3.30619067195815e-05
503393161;LD1;0.000252550448064871
503393166;LD1;6.33667588218636e-05
503393179;LD1;3.09491646356491e-06
503393188;LD1;2.40015730991798e-06
503393284;LD1;3.97885860144743e-05
503393299;LD1;2.42174573300804e-05
503393329;LD1;3.05434046131606e-05
503393338;LD1;4.04065466419623e-05
503393368;LD1;6.31198559672946e-06
503393401;LD1;4.28407820694845e-05
1695317;LD1;3.73921499759547e-05
1695377;LD1;6.52438252006158e-05
1695383;LD1;3.12681507186644e-05
1695395;LD1;2.65488764148408e-06
1695404;LD1;1.92847757634183e-05
1695500;LD1;2.12476484118403e-07
1695584;LD1;4.39983232190433e-06
2772114;LD1;4.87060967945058e-05
2772174;LD1;0.00012971267960681
2772180;LD1;7.95614953449194e-05
2772192;LD1;2.78319047178572e-05
2772201;LD1;2.10341362619038e-05
2772297;LD1;7.11162531671412e-08
2772381;LD1;4.30261336081323e-06
18946813;LD1;2.12956395997332e-05
18946846;LD1;4.7702039567815e-05
18946876;LD1;1.90482820476129e-07
18946885;LD1;1.07659210499113e-05
18946915;LD1;3.11022302878124e-05
18946930;LD1;3.87923199806839e-07
18947048;LD1;6.01864872834556e-05
18947053;LD1;0.000175848424923185
18947113;LD1;7.35002860083085e-10
24062193;LD1;1.85882130795713e-07
24062258;LD1;1.01671884590236e-05
24062271;LD1;4.93881594496384e-05
24062376;LD1;0.00017019037273178
24062391;LD1;1.2568537218434e-05
24062421;LD1;5.86817510225866e-05
24062430;LD1;3.87626596199128e-05
24062460;LD1;6.47303669820382e-06
24062493;LD1;0.000168124547238786
44147293;LD1;3.50251270965816e-05
44147326;LD1;9.17373634306089e-07
44147356;LD1;1.44536796205828e-05
44147365;LD1;0.00012989225673466
44147395;LD1;0.000114261470346516
44147410;LD1;3.89130988136455e-05
44147528;LD1;0.000181883687137422
44147533;LD1;0.000268058878805543
48699390;LD1;4.64253971750794e-05
48699423;LD1;9.11165717916098e-05
48699453;LD1;1.6457864328021e-05
48699492;LD1;5.34401658736575e-06
48699507;LD1;4.49937944619091e-07
48699625;LD1;0.000297002496186643
48699690;LD1;1.07849086873394e-05
57580126;LD1;0.000671412832179925
57580259;LD1;0.000222705758738761
57580298;LD1;7.80396056370369e-08
57580328;LD1;0.000534165242505397
57580361;LD1;0.000103778682700027
71760671;LD1;0.000105837317431206
71760683;LD1;1.97856236726647e-05
71760692;LD1;1.53352021486853e-05
71760788;LD1;4.1735839449733e-05
71760806;LD1;0.00017246219261101
71760815;LD1;0.000272388392080923
71760834;LD1;2.35650890166001e-05
71760842;LD1;4.82384402411555e-06
71760872;LD1;1.23530327928387e-05
71760878;LD1;8.09447233912489e-05
71760905;LD1;1.37231867979001e-05
72650480;LD1;1.80487117716832e-05
72650576;LD1;1.56829945250159e-05
72650591;LD1;5.52683025139834e-07
72650660;LD1;0.000330259292609014
72650693;LD1;3.34457539675738e-05
106656150;LD1;6.20011281022201e-05
106656162;LD1;4.30417362253454e-07
106656210;LD1;0.000157260302258151
106656215;LD1;0.000177565079491671
106656237;LD1;4.42808161275675e-05
106656333;LD1;0.00013873475762354
106656348;LD1;1.82052291426028e-06
106656378;LD1;2.91912419484086e-05
106656387;LD1;4.40666259878923e-08
106656417;LD1;0.00121823491405922
106656450;LD1;4.90843559045392e-05
127147989;LD1;0.0005078542059219
127148049;LD1;0.000115041054642203
127148054;LD1;0.00014143235034432
127148067;LD1;2.12099725541268e-05
127148076;LD1;0.000279132838440922
127148172;LD1;7.78668755746828e-05
127148187;LD1;0.000390313765293126
127148217;LD1;2.11001423945944e-06
127148226;LD1;4.49434210389043e-05
127148289;LD1;0.000124322418561987
136194876;LD1;1.49925949718318e-05
136194906;LD1;1.19478066721828e-07
136194960;LD1;1.13532234864352e-05
136195065;LD1;4.0074810060113e-05
136195077;LD1;0.000137615236499831
136195083;LD1;5.29199619566756e-05
136195143;LD1;1.73604269797006e-05
218720599;LD1;0.000190500974701987
218720664;LD1;2.31007076738905e-06
218720799;LD1;4.7315660936932e-05
220546062;LD1;0.00056249079993023
220546122;LD1;0.000593335755476515
220546127;LD1;0.000135447276393707
220546149;LD1;0.000329803973453298
220546245;LD1;3.09622844478736e-05
220546260;LD1;0.00014245042353731
220546290;LD1;0.000124115650175389
220546299;LD1;0.000177528092453077
220546329;LD1;0.00180356494871202
220546362;LD1;5.02406922398337e-05
230222005;LD1;0.000218000304482521
230222092;LD1;0.000443800822535329
230222188;LD1;0.0001233839218999
230222203;LD1;0.000242824868579513
230222233;LD1;0.000230794166241005
230222305;LD1;0.000171334648685618
258817963;LD1;3.42365232468043e-05
258817996;LD1;0.000323012019435252
258818026;LD1;9.95111139498107e-06
258818035;LD1;3.52470642435937e-06
258818065;LD1;3.71788895855805e-05
258818080;LD1;0.000188533314559597
258818176;LD1;2.58793551719601e-06
258818198;LD1;5.04985329639611e-06
258818203;LD1;0.000209530796342123
258818263;LD1;2.51167074203571e-05
259311744;LD1;4.74084353127855e-05
259311804;LD1;0.000837147566212235
259311810;LD1;0.000246505547376065
259311822;LD1;1.41018466753423e-05
259311927;LD1;0.000117940622741928
259311942;LD1;0.000112163777341061
259311972;LD1;0.000145935033110621
259311981;LD1;5.19378110952962e-05
259312011;LD1;0.0011407444780228
259312044;LD1;5.35338271240534e-06
259448372;LD1;1.69156095328993e-08
259448432;LD1;0.000785354038123855
259448437;LD1;5.48303335100222e-05
259448555;LD1;2.95293057515231e-05
259448570;LD1;0.000186103103694762
259448600;LD1;0.000570151839099575
259448609;LD1;7.57075258101156e-06
259448639;LD1;0.000553198244696645
259448672;LD1;0.000107556625084605
287790020;LD1;5.81602609707176e-05
287790053;LD1;2.3686361014211e-05
287790083;LD1;1.95593979718689e-07
287790092;LD1;0.000169477029767282
287790122;LD1;1.31701265386187e-05
287790137;LD1;1.26766473912888e-06
287790243;LD1;1.04780366378961e-06
287790256;LD1;5.43133751941074e-05
287790261;LD1;9.46538207493288e-07
287790321;LD1;6.81875971613382e-05
290046616;LD1;0.000237014987205716
290046646;LD1;4.7414580820082e-05
290046655;LD1;1.17091301386806e-05
290046685;LD1;1.48288920620598e-05
290046700;LD1;0.000449246327170523
290046796;LD1;5.07554669186391e-05
290046805;LD1;8.89553310365261e-07
290046818;LD1;6.90686029031611e-06
290046823;LD1;0.000433740556156531
290046883;LD1;4.99574771095169e-05
305664714;LD1;1.46194652205744e-11
305664779;LD1;5.66611996237688e-05
305664792;LD1;6.29057134813893e-05
305664801;LD1;1.46854316604347e-05
305664897;LD1;7.81370174898788e-06
305664912;LD1;0.000139721925458621
305664951;LD1;1.39608553512678e-05
305665014;LD1;2.11257004170612e-05
305750273;LD1;8.57079951873528e-09
305750303;LD1;7.26863703096111e-07
305750357;LD1;6.89619737898485e-05
305750453;LD1;4.60305013996808e-05
305750462;LD1;3.97695455671955e-06
305750474;LD1;1.42820195819081e-05
305750480;LD1;4.5697783722738e-05
305750540;LD1;6.37688342892296e-05
326982870;LD1;1.45789026449651e-05
326982930;LD1;7.74189334438324e-05
326982935;LD1;1.83740969302399e-05
326982948;LD1;1.20237632834483e-07
326982957;LD1;9.82909567831562e-06
326983053;LD1;6.13600174387849e-05
326983068;LD1;3.41581443890017e-06
326983107;LD1;7.60990150465161e-06
326983137;LD1;1.74630253812729e-06
326983170;LD1;6.22925206363085e-06
334161084;LD1;7.33572348932526e-05
334161144;LD1;2.20005533350382e-05
334161149;LD1;0.000233988655202478
334161162;LD1;2.90107441800099e-05
334161267;LD1;1.46004961473646e-05
334161282;LD1;0.000126302479476968
334161312;LD1;8.90754489088441e-05
334161321;LD1;1.94945785685294e-05
334161351;LD1;1.32586540614974e-08
334161384;LD1;8.62090522206934e-06
336161062;LD1;7.06212587891662e-05
336161116;LD1;0.00106440986776083
346690332;LD1;1.14248018942459e-05
346690365;LD1;3.42864067952382e-05
346690395;LD1;2.21400226833763e-05
346690404;LD1;5.83921598146088e-05
346690434;LD1;5.70358181081711e-08
346690554;LD1;1.22116830330092e-05
346690567;LD1;1.51656963588554e-07
346690572;LD1;0.000331951816922993
346690632;LD1;1.00757116092741e-08
359796694;LD1;8.76129471793119e-05
359796759;LD1;0.000161283737887107
359796772;LD1;1.79183696509238e-05
359796781;LD1;5.51871203710373e-05
359796877;LD1;9.27286774725784e-05
359796892;LD1;5.49343064429613e-05
359796922;LD1;1.08058733162913e-06
359796931;LD1;8.2359170563821e-05
359796961;LD1;5.82551052086565e-05
359796994;LD1;7.08917386452929e-05
362473538;LD1;2.8581107470869e-05
362473571;LD1;7.55772034172602e-05
362473601;LD1;4.35304029728256e-06
362473610;LD1;9.94397604586806e-06
362473640;LD1;4.62210349008451e-05
362473655;LD1;0.000316913148975701
362473773;LD1;2.32175005064627e-05
362473778;LD1;0.000188678778595983
362473838;LD1;2.69839069243062e-06
368964968;LD1;8.91976274241657e-05
368964974;LD1;9.63275731749376e-05
368964986;LD1;5.09555494123132e-05
368964991;LD1;7.53656468795177e-06
368964995;LD1;9.71505974302969e-06
368965091;LD1;2.68686462465187e-05
368965109;LD1;3.49878223314205e-07
368965118;LD1;1.14862744956535e-06
368965137;LD1;0.000123175082130219
368965145;LD1;2.31082441334375e-06
368965175;LD1;1.14505880552947e-05
368965181;LD1;1.45898665409034e-06
368965208;LD1;3.81072297514569e-06
371106841;LD1;1.11092513209448e-05
371106901;LD1;0.000197802190006158
371106906;LD1;0.000122330899066141
371106919;LD1;7.02717828573717e-05
371106928;LD1;7.62696423866546e-05
371107024;LD1;3.76032457401284e-05
371107039;LD1;3.34535828738718e-06
371107069;LD1;2.42225384480187e-06
371107078;LD1;2.40201754998335e-06
371107141;LD1;2.48248089310782e-08
395250472;LD1;3.81247447313194e-07
395250505;LD1;0.000125363359327921
395250535;LD1;2.19479352455989e-06
395250544;LD1;2.52520443371202e-07
395250574;LD1;0.000134723455828748
395250589;LD1;0.000131832104015902
395250685;LD1;2.01115192497513e-05
395250694;LD1;4.27508043894223e-05
395250707;LD1;0.000428452728948152
395250712;LD1;0.000689478843827661
395250772;LD1;1.85249888679657e-05
398523007;LD1;6.61050573753745e-05
398523040;LD1;8.08814659425838e-05
398523070;LD1;3.65396050994059e-05
398523079;LD1;1.12837857891129e-05
398523109;LD1;0.000250932624227747
398523124;LD1;0.000197847137803819
398523229;LD1;2.08108334771974e-05
398523242;LD1;8.95853956070769e-05
398523247;LD1;0.000181920173239552
398523307;LD1;2.34035452424095e-05
400279910;LD1;8.4684571713021e-05
400279943;LD1;1.9742728583216e-06
400279973;LD1;9.21718623101641e-05
400279982;LD1;4.37881429648738e-05
400280012;LD1;1.66744186975111e-05
400280027;LD1;1.19320183971431e-05
400280117;LD1;3.59951023602323e-06
400280145;LD1;3.50289633018805e-05
400280150;LD1;8.6992033257307e-05
400280210;LD1;1.34226363387748e-05
404673484;LD1;2.38187458474615e-05
404673544;LD1;0.000106512840684332
404673549;LD1;8.68858444423802e-05
404673562;LD1;3.78950353026537e-05
404673571;LD1;7.55352353229295e-05
404673667;LD1;6.5012613039861e-05
404673682;LD1;1.76133292587497e-05
404673712;LD1;2.75025949373674e-07
404673721;LD1;3.18306373701452e-05
404673751;LD1;0.000223345008567823
404673784;LD1;4.69514196861359e-05
407251872;LD1;0.00010034022143037
407251905;LD1;1.15987664221666e-05
407251935;LD1;6.82534702528337e-05
407251944;LD1;0.000183964879497572
407251974;LD1;0.000100656101038495
407251989;LD1;2.89144228853054e-06
407252094;LD1;8.77429371420682e-05
407252107;LD1;1.78628634049797e-05
407252172;LD1;3.58741608502606e-08
416880017;LD1;1.85594972681028e-05
416880024;LD1;0.00025314078501532
416880028;LD1;0.000218770813561905
416880034;LD1;1.01772724533073e-05
416880047;LD1;6.67024801156054e-06
416880052;LD1;1.79761680826782e-05
416880318;LD1;6.08147809058826e-05
416880324;LD1;4.54130117902368e-06
416880357;LD1;1.28713161422445e-05
416880366;LD1;9.60819270909017e-06
416880378;LD1;7.63047017393452e-07
418084976;LD1;9.58336350936515e-09
418085006;LD1;1.0509625831381e-06
418085060;LD1;2.21438687838583e-05
418085165;LD1;6.96948218037385e-06
418085177;LD1;2.32328403402506e-06
430221006;LD1;1.01280886594787e-05
430221015;LD1;0.000745261055827821
430221045;LD1;7.51174727526669e-07
430221178;LD1;8.30504140786022e-05
430221183;LD1;0.000259779038511807
434849010;LD1;7.98095840533656e-05
434849070;LD1;0.000818656475833358
434849075;LD1;9.03921141406536e-05
434849088;LD1;0.000156686275481569
434849208;LD1;9.46607707704972e-05
434849238;LD1;0.000112573133476595
434849247;LD1;1.6980090489716e-05
434849277;LD1;0.000168370704603697
434849310;LD1;6.47763708187486e-06
301126;LD1;3.19609364464039e-07
301159;LD1;1.33911190828432e-05
301189;LD1;1.82580594782576e-06
301198;LD1;1.31063610655362e-06
301228;LD1;0.000102588804954423
301243;LD1;4.3155813050049e-05
301338;LD1;8.91341834138235e-05
301347;LD1;1.60278309198887e-05
301360;LD1;5.63069452231478e-06
301365;LD1;0.000252348990068059
837134;LD1;3.1302845116151e-08
837194;LD1;5.97793631481973e-05
837199;LD1;4.18220102067899e-05
837212;LD1;1.18614272435414e-05
837221;LD1;8.0563637153023e-06
837317;LD1;5.58892633906046e-05
837332;LD1;1.90459311514573e-05
837362;LD1;3.01817357052396e-05
837371;LD1;0.000199597856908759
837401;LD1;7.12944030540363e-06
837434;LD1;1.5154852755862e-05
970031;LD1;1.85159978039432e-06
970091;LD1;4.12221684016385e-05
970096;LD1;4.11258089963188e-05
970109;LD1;1.24954147696537e-08
970118;LD1;8.11135760430822e-06
970214;LD1;1.57000570127837e-05
970229;LD1;2.29051438663909e-05
970259;LD1;3.64062001308235e-05
970268;LD1;2.08713929015089e-05
970298;LD1;1.06334104162079e-05
970331;LD1;2.20558220611752e-06
1081017;LD1;1.05933066671098e-05
1081048;LD1;1.02866222534365e-05
1081050;LD1;1.7347347345769e-05
1081080;LD1;9.62409063617724e-05
1081089;LD1;6.58316381296144e-05
1081119;LD1;2.51954780935555e-05
1081132;LD1;3.362555339489e-05
1081134;LD1;9.94387336373499e-06
1081228;LD1;9.03497144155059e-06
1081230;LD1;1.34594519285252e-05
1081237;LD1;2.42349300346207e-07
1081239;LD1;3.90124291272502e-07
1081249;LD1;3.50380298159319e-05
1081252;LD1;6.22550653792946e-05
1081255;LD1;7.04285639688584e-06
1081257;LD1;3.44665649501363e-05
1081315;LD1;4.02501543324078e-05
1081317;LD1;4.06029654910187e-05
5374992;LD1;1.28729730671074e-06
5375052;LD1;0.000465096880131391
5375057;LD1;8.17997960303095e-05
5375070;LD1;1.25716319335205e-07
5375079;LD1;0.000101920371096217
5375175;LD1;3.02776478347238e-05
5375190;LD1;6.66647511271377e-07
5375220;LD1;5.10058864731499e-05
5375229;LD1;3.09538190498749e-05
5375259;LD1;0.000142996843948066
5375292;LD1;1.25940493381439e-05
5880357;LD1;9.05539754929156e-05
5880363;LD1;1.27406839438867e-05
5880480;LD1;4.81490862502614e-05
5880534;LD1;6.40507516608946e-06
5880564;LD1;3.27789520870971e-05
6410870;LD1;1.90041977549126e-06
6410954;LD1;1.50810340907056e-05
6411050;LD1;3.12789474929067e-05
6411059;LD1;3.86626800869343e-06
6411077;LD1;1.97042887945795e-05
6411137;LD1;7.83802343164659e-06
7091082;LD1;9.94678309209438e-05
7091115;LD1;1.80282711437673e-05
7091145;LD1;6.78669891503244e-05
7091154;LD1;0.000150481784978948
7091184;LD1;0.000196301012222745
7091199;LD1;1.56392356616803e-05
7091295;LD1;2.12162026446292e-05
7091304;LD1;1.5790967602046e-05
7091317;LD1;6.2198364218624e-05
7091322;LD1;0.000169114615190596
7091382;LD1;2.13106432752468e-09
8843049;LD1;6.6427555516867e-06
8843133;LD1;1.69032791778251e-05
8843211;LD1;5.49624808200807e-06
8843220;LD1;6.31859446413209e-06
8843232;LD1;3.54660425258497e-06
8843238;LD1;6.76799190087248e-05
8843298;LD1;2.2921049744322e-05
12883948;LD1;5.36972344229152e-07
12883981;LD1;1.03253538905794e-05
12884011;LD1;1.29045352764014e-05
12884020;LD1;4.55906207952672e-06
12884065;LD1;4.03523459309747e-05
12884161;LD1;4.51429089062403e-08
12884183;LD1;1.52982309707366e-07
12884188;LD1;0.000476513063714803
12884248;LD1;0.000148533817874534
14405094;LD1;3.30190591980473e-05
14405154;LD1;0.000202326533277081
14405159;LD1;4.99060471257797e-05
14405172;LD1;1.24296048495115e-06
14405277;LD1;7.93376836851404e-07
14405292;LD1;1.68287510969975e-05
14405322;LD1;2.2478931797937e-05
14405331;LD1;1.91825323499004e-05
14405361;LD1;1.4080144308809e-05
14405394;LD1;2.10648887020163e-05
15191059;LD1;2.45383772827902e-06
15191086;LD1;2.26987731238487e-06
15191092;LD1;3.22762674643455e-05
15191122;LD1;3.24385082494231e-07
15191130;LD1;9.7409865361253e-05
15191149;LD1;4.63524924425928e-05
15191158;LD1;2.68925960377143e-05
15191176;LD1;2.53230693725393e-05
15191272;LD1;6.55543565057615e-06
15191276;LD1;6.28906407887203e-06
15191281;LD1;2.29337533069172e-05
16024066;LD1;4.40423383349707e-05
16024099;LD1;0.000133899953396825
16024129;LD1;6.02060461013327e-06
16024138;LD1;4.10724283673508e-05
16024168;LD1;8.85948322095831e-05
16024183;LD1;8.57238905568282e-05
16024279;LD1;2.17091784681814e-05
16024288;LD1;1.07906529930853e-05
16024300;LD1;2.84504671448359e-06
16024306;LD1;0.000332805734060926
16024366;LD1;7.71400774661116e-05
17675325;LD1;5.74152763638192e-05
17675385;LD1;8.95418325708645e-09
17675390;LD1;1.84506557312558e-06
17675403;LD1;4.25487523913553e-06
17675412;LD1;6.87205807233568e-05
17675508;LD1;0.000166133501190941
17675523;LD1;8.57966073026472e-05
17675553;LD1;4.31235591454315e-06
17675562;LD1;9.71126610463669e-05
17675592;LD1;9.67833422896083e-06
17675625;LD1;5.71751874862684e-06
17904656;LD1;8.33463730862498e-06
17904716;LD1;0.000258449480607717
17904721;LD1;4.07580663700537e-05
17904734;LD1;3.3674296876728e-07
17904743;LD1;4.05955904353327e-05
17904839;LD1;9.48015684023025e-06
17904854;LD1;1.08661790977687e-05
17904893;LD1;6.53763728443044e-06
17904923;LD1;8.97762553741477e-06
17904956;LD1;7.61857125052122e-06
20869623;LD1;2.96392746157254e-06
20869656;LD1;0.00013630288886501
20869686;LD1;3.25971668908114e-05
20869695;LD1;1.75465763498494e-05
20869725;LD1;0.000105806871055392
20869740;LD1;1.18428968407976e-05
20869836;LD1;5.6686725931635e-06
20869858;LD1;0.000379286662992029
20869863;LD1;0.000247331996426863
22572029;LD1;4.76975825446643e-06
22572089;LD1;1.64804122733832e-06
22572266;LD1;0.000337314146734668
22572296;LD1;1.53430407256763e-07
28703126;LD1;7.17850860515216e-06
28703210;LD1;2.24028827850136e-06
28703306;LD1;8.66322986797919e-05
28703315;LD1;7.14772349563228e-07
28703327;LD1;9.6436602733041e-05
28703333;LD1;9.8345563523938e-05
28703393;LD1;7.55701833879799e-11
31830709;LD1;3.03869158095491e-06
31830769;LD1;0.000181502897529418
31830774;LD1;7.45518479890207e-05
31830796;LD1;7.95468492802489e-05
31830802;LD1;2.20013055358044e-05
31830892;LD1;0.000122172051206759
31830907;LD1;2.00780749740702e-05
31830937;LD1;5.65403926937187e-05
31830946;LD1;4.31753061866796e-05
31830976;LD1;0.000330063811855497
31831009;LD1;0.000147400352169933
32226044;LD1;6.25036479382435e-05
32226074;LD1;3.20650210058883e-07
32226083;LD1;1.74013749547252e-05
32226113;LD1;6.41458986247459e-05
32226128;LD1;4.61263101057223e-06
32226246;LD1;0.000142496896567338
32226311;LD1;2.53191354530189e-06
35845931;LD1;7.74351932793864e-05
35845970;LD1;1.98719798124736e-07
35846000;LD1;0.00012951519522667
35846015;LD1;1.93085061799126e-05
35846111;LD1;2.13448536427817e-07
35846133;LD1;3.56570657147385e-05
35846138;LD1;0.00036254462604668
38598597;LD1;1.39157682714346e-06
38598630;LD1;7.34876437989557e-08
38598660;LD1;1.04424268054506e-05
38598669;LD1;0.000115219372746112
38598810;LD1;0.00013682642346939
39656727;LD1;5.84787504022573e-05
39656760;LD1;0.000310723448570949
39656790;LD1;0.000112158600611575
39656799;LD1;4.94423688621229e-05
39656829;LD1;4.50578069812983e-05
39656844;LD1;0.000344609393703166
39656940;LD1;6.51363154496426e-05
39656949;LD1;4.79273275577375e-05
39656962;LD1;1.93742400546559e-05
39656967;LD1;0.000191606727051659
39657027;LD1;2.49140265234995e-05
43641882;LD1;3.47848053511327e-05
43641912;LD1;7.08711771539137e-06
43641966;LD1;3.52433496779153e-05
43642062;LD1;0.000282808701914938
43642071;LD1;4.83552595919729e-07
43642083;LD1;4.87368037746654e-05
43642089;LD1;0.000180783445502825
43642149;LD1;0.000132530577345297
47563308;LD1;9.06067359468622e-05
47563368;LD1;0.000371601293571683
47563373;LD1;0.000129598175997775
47563386;LD1;4.45650638291957e-06
47563395;LD1;8.53462243659562e-06
47563491;LD1;6.70565568447273e-06
47563506;LD1;9.52240780713668e-06
47563536;LD1;2.31029998743004e-06
47563545;LD1;7.18320261594098e-05
47563575;LD1;1.54163309168873e-05
47563608;LD1;2.14160251954899e-06
48224470;LD1;2.44563369819926e-05
48224535;LD1;7.96940807581223e-05
48224548;LD1;1.56696048301514e-05
48224557;LD1;5.1057347895285e-05
48224653;LD1;3.58398844683902e-05
48224668;LD1;3.45431174052119e-05
48224698;LD1;5.81183205326679e-05
48224707;LD1;0.000126823765665426
48224737;LD1;2.68891543938612e-05
48224770;LD1;2.49899243120036e-05
50017027;LD1;3.12488365584545e-06
50017092;LD1;1.83809301750748e-05
50017210;LD1;0.000598278259082877
50017225;LD1;1.99830711650091e-05
50017255;LD1;0.000236644083082619
50017264;LD1;4.25750903558354e-05
50017294;LD1;0.000539434704754165
50017327;LD1;0.000247717191071553
53590505;LD1;4.19451741796265e-06
53590565;LD1;0.000886301890300921
53590570;LD1;4.32267003961935e-07
53590583;LD1;7.99671085480633e-05
53590592;LD1;1.21598364982827e-05
53590688;LD1;1.6602507923468e-07
53590703;LD1;4.0893912161663e-05
53590733;LD1;6.66475029209169e-05
53590742;LD1;0.000149348250223003
53590772;LD1;0.000150833819818269
53590805;LD1;3.41293811713978e-05
55545533;LD1;7.0391547444687e-05
55545617;LD1;5.03034878144649e-06
55545722;LD1;0.000336219136332391
55545800;LD1;7.09911323087617e-07
68695148;LD1;8.31752957767099e-06
68695208;LD1;0.00038378434922443
68695226;LD1;1.89743872828453e-05
68695331;LD1;1.50407468993353e-05
68695376;LD1;5.50617318651485e-05
68695385;LD1;1.25104546905526e-05
68695415;LD1;2.9554230028499e-05
68695448;LD1;7.99618534138257e-05
70652351;LD1;1.37534248642676e-05
70652411;LD1;0.000169213941602791
70652416;LD1;7.91842886989216e-06
70652429;LD1;0.00103938611493464
70652438;LD1;0.000326879333898072
70652534;LD1;0.000274478080071824
70652549;LD1;0.000421710426379916
70652579;LD1;6.95418426072929e-05
70652588;LD1;1.55466071357676e-05
70652618;LD1;0.000183426648569874
70652651;LD1;0.000230291365579786
74564470;LD1;4.49120890574339e-05
74564501;LD1;8.50677095365494e-06
74564503;LD1;5.47442843334222e-06
74564533;LD1;0.000139537482406207
74564542;LD1;4.41616877223305e-05
74564572;LD1;5.73108100903087e-05
74564585;LD1;6.76724643574236e-07
74564587;LD1;2.06362531818323e-05
74564681;LD1;5.04307041647189e-07
74564683;LD1;1.11124768751356e-06
74564690;LD1;9.29622098517112e-06
74564692;LD1;5.8658489183182e-06
74564702;LD1;2.20246204766244e-05
74564705;LD1;2.85203445427859e-05
74564708;LD1;7.19572748758997e-06
74564710;LD1;7.38203274286154e-05
74564768;LD1;1.51746484838994e-05
74564770;LD1;8.70662796992416e-06
77649916;LD1;0.000501706260383134
77649946;LD1;0.000411917143824939
77649952;LD1;0.000143462885863802
77649964;LD1;0.00012469044257275
77649973;LD1;8.19881793580108e-06
77650069;LD1;1.87638448524076e-05
77650087;LD1;7.40017649004616e-07
77650096;LD1;0.000575359822234591
77650115;LD1;2.82992495087856e-07
77650123;LD1;1.7142352339403e-05
77650153;LD1;0.000205209369839654
77650159;LD1;0.000236419309063797
77650186;LD1;0.000121773444934932
77668266;LD1;7.98016393790678e-05
77668326;LD1;0.000395627924531009
77668332;LD1;5.89109945048232e-05
77668344;LD1;5.24640959330676e-06
77668353;LD1;0.000209068258338531
77668449;LD1;5.32137955834272e-09
77668533;LD1;0.000197799976416653
82306356;LD1;5.76047904697226e-06
82306389;LD1;1.51869966043315e-06
82306419;LD1;6.57463178597124e-05
82306428;LD1;1.3443760901421e-05
82306458;LD1;0.000106965834523055
82306473;LD1;9.70647448028417e-05
82306569;LD1;3.92293834172093e-07
82306578;LD1;7.47798266278774e-05
82306591;LD1;5.65286322301574e-07
82306596;LD1;0.000154704226854511
82306656;LD1;0.00014136635449038
85488306;LD1;5.43371765204945e-05
85488339;LD1;0.00136659825420145
85488369;LD1;2.20979486585111e-05
85488378;LD1;0.000386766621278779
85488423;LD1;9.79047907980258e-06
85488528;LD1;0.000267461840597162
85488541;LD1;6.49288242696788e-05
85488546;LD1;0.000265007147378738
85488606;LD1;0.00141734337974014
97166575;LD1;8.53636489820307e-07
97166635;LD1;0.000153127201335921
97166640;LD1;3.70658139617754e-06
97166653;LD1;8.97093940611431e-06
97166662;LD1;7.98038424246726e-06
97166668;LD1;3.00611671198754e-05
97166758;LD1;4.66725004981273e-06
97166773;LD1;8.70726016743397e-05
97166803;LD1;3.72219729104436e-06
97166812;LD1;3.12840779100346e-05
97166842;LD1;3.94837865843702e-06
97166875;LD1;9.82854341506129e-08
100888704;LD1;6.36410009941871e-06
100888737;LD1;2.28608307594015e-05
100888767;LD1;3.39593317281973e-05
100888776;LD1;0.000105400403788943
100888821;LD1;0.000133786600789943
100888917;LD1;3.24455553126829e-07
100888926;LD1;3.05695487378685e-06
100888939;LD1;7.5134946765336e-05
100889004;LD1;1.79785093426696e-05
103630335;LD1;3.31287156602113e-05
103630368;LD1;5.21738753375856e-05
103630398;LD1;2.74029805636585e-07
103630437;LD1;4.31510061814213e-05
103630452;LD1;1.66641382037675e-06
103630548;LD1;1.32841025296656e-05
103630557;LD1;5.8108568987299e-06
103630575;LD1;0.000235951604059302
108382893;LD1;7.60051044099123e-05
108382926;LD1;1.58159334883591e-05
108382956;LD1;2.54873976875424e-05
108382965;LD1;8.72296904042957e-05
108382995;LD1;2.67424794023251e-05
108383010;LD1;6.80523671552495e-05
108383106;LD1;0.000109311767940871
108383115;LD1;3.42991699996496e-05
108383128;LD1;0.000222914335239923
108383193;LD1;7.31428074584331e-06
115948471;LD1;3.58670510720457e-05
115948473;LD1;2.35917904091567e-05
115948533;LD1;4.47160376316103e-05
115948539;LD1;0.00019292097226158
115948558;LD1;2.66369785258881e-05
115948560;LD1;0.000101291123473322
115948654;LD1;8.43177269043829e-06
115948656;LD1;8.52503979508739e-05
115948669;LD1;1.16864922607297e-05
115948699;LD1;3.59298766352961e-05
115948708;LD1;0.000165456292801052
115948710;LD1;4.86290916862886e-05
115948738;LD1;2.09096303935061e-05
115948740;LD1;1.7697538578902e-05
115948771;LD1;4.92323589855325e-05
116015400;LD1;7.53016498293251e-05
116015433;LD1;9.43893532526265e-06
116015463;LD1;8.28489907002974e-06
116015472;LD1;1.59217052698911e-05
116015502;LD1;4.39196497335517e-05
116015517;LD1;2.05667570000293e-05
116015613;LD1;3.34001059799432e-06
116015622;LD1;1.93235306955896e-06
116015635;LD1;4.28277600980258e-05
116015640;LD1;0.000195152800623405
116015700;LD1;3.11265229474064e-05
136036029;LD1;0.000681947850724707
136036089;LD1;4.85722132404343e-06
136036094;LD1;7.18781782978935e-07
136036116;LD1;8.24834527591172e-06
136036227;LD1;0.000460124164204274
136036257;LD1;4.95220541508166e-05
136036266;LD1;6.45978747980824e-06
136036296;LD1;4.06703620843932e-05
136036329;LD1;0.000160377027733184
146125430;LD1;4.54424915031256e-06
146125490;LD1;0.000573105741280871
146125495;LD1;0.000681486724463888
146125508;LD1;0.000145109798487945
146125517;LD1;0.000196192037473014
146125613;LD1;1.36618717278365e-07
146125628;LD1;0.000192730890261579
146125658;LD1;0.000199208883695699
146125697;LD1;5.16843289545564e-05
146125730;LD1;9.71320868621018e-05
165228622;LD1;4.99450358924671e-06
165228682;LD1;0.000188094382332475
165228687;LD1;3.17571985639012e-05
165228700;LD1;7.31412089692796e-06
165228709;LD1;2.49249652761922e-06
165228805;LD1;2.68667436527399e-06
165228820;LD1;9.55237272909466e-06
165228850;LD1;3.44400202694678e-05
165228859;LD1;4.9310609530297e-05
165228889;LD1;9.3828852314344e-07
165228922;LD1;4.3953414876482e-06
168566498;LD1;0.00016525336530052
168566558;LD1;0.000195605945611171
168566563;LD1;1.5125147021403e-05
168566576;LD1;7.30413436197536e-05
168566585;LD1;2.42013002679222e-07
168566681;LD1;2.70847614852694e-05
168566696;LD1;0.000343477598165468
168566726;LD1;3.76281859848604e-05
168566765;LD1;2.66722172820549e-05
175503888;LD1;6.58303069692899e-06
175503948;LD1;7.01196305494239e-05
175503954;LD1;4.86679266764593e-05
175503966;LD1;2.70860805691832e-06
175503975;LD1;7.13127392090991e-06
175504071;LD1;1.63479875343247e-06
175504155;LD1;1.63389750875489e-05
186312095;LD1;2.53136819450122e-06
186312155;LD1;0.000114986035015984
186312160;LD1;3.92292085731788e-05
186312173;LD1;1.41523303907054e-05
186312182;LD1;0.000245200153688797
186312278;LD1;1.11760546802098e-05
186312293;LD1;2.32954605676827e-05
186312323;LD1;8.64505639320705e-05
186312332;LD1;9.48594633186995e-07
186312362;LD1;1.18842415156993e-05
186312395;LD1;5.71059609657166e-05
186816188;LD1;6.52986761163731e-05
186816248;LD1;8.99444856486336e-06
186816253;LD1;1.71352997133878e-06
186816266;LD1;2.75048047218294e-06
186816275;LD1;5.32605338745357e-06
186816371;LD1;1.42660420462633e-05
186816386;LD1;1.10613960330111e-05
186816416;LD1;1.20847262223183e-07
186816425;LD1;5.75883097342441e-06
186816455;LD1;5.70516768583571e-05
186816488;LD1;1.59502054883596e-08
201764123;LD1;7.68383429026752e-05
201764155;LD1;6.40003470322337e-06
201764162;LD1;0.0004403090864247
201764166;LD1;0.00021741944649972
201764172;LD1;3.43265540931728e-06
201764185;LD1;2.48662322414787e-06
201764190;LD1;1.88833814047631e-05
201764193;LD1;1.30150170150669e-05
201764332;LD1;1.47689697593344e-05
201764338;LD1;1.62797773993453e-07
201764371;LD1;9.41738496041556e-06
201764380;LD1;2.51757425812123e-06
201764392;LD1;1.61684627175013e-07
224393859;LD1;1.4806153205065e-05
224393919;LD1;0.000282212914503505
224393924;LD1;8.07489320116701e-06
224393937;LD1;1.73168095371795e-06
224393946;LD1;1.75500414585515e-05
224393952;LD1;8.2653150802056e-05
224394042;LD1;2.75062425984081e-05
224394087;LD1;9.44774064371389e-05
224394096;LD1;1.0164142667473e-05
224394126;LD1;2.20342983661837e-06
224394159;LD1;9.76420024218043e-05
245536046;LD1;0.000178079127483783
245536079;LD1;6.68732621680283e-05
245536109;LD1;4.70086347333986e-06
245536118;LD1;6.84589529539958e-06
245536148;LD1;2.58772346211428e-06
245536163;LD1;1.7175147594696e-06
245536281;LD1;0.000122468262598107
245536286;LD1;0.000868757976014311
245536346;LD1;2.84604892401123e-05
247036661;LD1;3.7504150585717e-07
247036721;LD1;9.00542314855717e-05
247036726;LD1;5.52268470156948e-07
247036748;LD1;1.88521091777472e-05
247036788;LD1;3.84121478978775e-05
247036803;LD1;2.62096313940391e-05
247036842;LD1;9.11401056673775e-07
247036872;LD1;6.32126515433552e-05
247036905;LD1;5.08946723269998e-07
250295169;LD1;5.63973956094778e-05
250295229;LD1;0.00020980762998452
250295234;LD1;5.74344361164667e-05
250295247;LD1;8.45516061679525e-06
250295352;LD1;0.000141960587346263
250295367;LD1;5.28574576151861e-05
250295397;LD1;3.51574925925236e-06
250295406;LD1;1.76434143672143e-05
250295436;LD1;0.000188415521495121
250295469;LD1;2.40954432625291e-05
257838499;LD1;7.32965012232735e-06
257838530;LD1;3.13654063241615e-05
257838532;LD1;1.83380107160058e-09
257838562;LD1;6.82271351037732e-06
257838571;LD1;5.035080438738e-05
257838601;LD1;1.29147349914766e-05
257838614;LD1;2.24537143388304e-07
257838616;LD1;8.99597267102864e-07
257838709;LD1;1.63676115801234e-06
257838711;LD1;6.589442901847e-07
257838718;LD1;5.57979065569443e-08
257838720;LD1;7.83049063795662e-10
257838730;LD1;5.18318399046503e-05
257838733;LD1;3.06651166100088e-05
257838736;LD1;0.000149784359676203
257838738;LD1;0.000125093111802603
257838796;LD1;1.31628451690055e-05
257838798;LD1;5.44188208412616e-06
262520182;LD1;6.45801490697562e-05
262520242;LD1;7.21178757661607e-05
262520247;LD1;3.4350657917322e-05
262520365;LD1;7.21663935096565e-05
262520380;LD1;1.99499267113695e-05
262520410;LD1;3.55406219782614e-05
262520419;LD1;5.12595280358179e-05
262520449;LD1;3.85137974061457e-05
262520482;LD1;2.82061858275606e-07
274249535;LD1;2.82237114285406e-05
274249568;LD1;8.37857768314976e-05
274249598;LD1;3.69822110582249e-05
274249607;LD1;0.000129960948566393
274249652;LD1;1.32396033286326e-08
274249742;LD1;2.57601950094534e-05
274249748;LD1;1.83917512466757e-07
274249757;LD1;8.92037862872993e-07
274249770;LD1;0.000117503736627074
274249775;LD1;0.000284701206665141
274249835;LD1;1.0134799902632e-05
303234933;LD1;2.09718966759721e-06
303235017;LD1;0.000166283771584922
303235122;LD1;7.12550202465909e-05
303235134;LD1;0.000198183973974041
303235200;LD1;8.42612315728517e-05
310276601;LD1;1.82619923595392e-05
310276634;LD1;2.23773558627671e-05
310276664;LD1;6.38646539693302e-05
310276673;LD1;2.21049234757816e-05
310276703;LD1;0.000422565720938768
310276718;LD1;3.2753220077972e-05
310276814;LD1;2.07467531786131e-05
310276823;LD1;1.86071397806584e-05
310276836;LD1;5.8957843687714e-05
310276841;LD1;0.00024402367694898
310276901;LD1;4.70205831014086e-05
317609894;LD1;2.39519141878982e-05
317609954;LD1;0.000338736240100213
317609959;LD1;0.000251854439275827
317609972;LD1;0.000142063774531474
317609981;LD1;1.06833603119158e-06
317610077;LD1;0.000205213149882639
317610092;LD1;4.60132638218015e-06
317610122;LD1;3.44602703275763e-05
317610131;LD1;6.6022914275062e-05
317610161;LD1;8.24595772838438e-06
317610194;LD1;2.89474001709941e-06
319881492;LD1;0.000357562813201289
319881499;LD1;8.09250276968139e-05
319881521;LD1;6.65970505057947e-05
319881538;LD1;1.95945335262701e-07
319881549;LD1;0.000110223488316155
320828597;LD1;7.45468865609516e-05
320828657;LD1;4.62504194072163e-06
320828663;LD1;4.38655742395e-07
320828675;LD1;0.000127670048407694
320828684;LD1;5.92363155815217e-05
320828834;LD1;1.20850607619654e-06
320828864;LD1;2.51466647332178e-06
324695543;LD1;5.72100364290691e-07
324695603;LD1;6.12652402368766e-05
324695608;LD1;6.15631790827477e-05
324695630;LD1;5.9440456844442e-05
324695726;LD1;1.65738678351172e-05
324695741;LD1;2.30240144973894e-05
324695771;LD1;0.000110270970017587
324695780;LD1;1.89243783566537e-06
324695810;LD1;0.000292693362593341
324695843;LD1;1.84178077727926e-05
330093577;LD1;9.21625120502588e-06
330093637;LD1;0.000387890492897583
330093643;LD1;2.12296900473426e-05
330093655;LD1;1.83919196859396e-06
330093664;LD1;2.70597737162432e-05
330093760;LD1;2.49461015122211e-05
330093775;LD1;8.96482745701985e-05
330093805;LD1;5.97902926071635e-05
330093814;LD1;1.01694039873008e-06
330093844;LD1;7.84209847981343e-05
330093877;LD1;8.2709282078304e-06
330100731;LD1;0.000212122708588942
330100791;LD1;5.20581581230636e-06
330100809;LD1;3.46218994547815e-06
330100818;LD1;3.46518453139433e-05
330100914;LD1;1.3685865509943e-06
330100929;LD1;5.86204309019831e-06
330100959;LD1;7.62237290068018e-05
330100968;LD1;2.47960896801847e-05
330100998;LD1;8.51133864482964e-06
330101031;LD1;3.12948419438274e-07
336535361;LD1;6.12836708339547e-06
336535363;LD1;7.50553757518393e-05
336535426;LD1;3.24273233094392e-06
336535429;LD1;1.37470628304373e-05
336535439;LD1;7.47082054392327e-06
336535441;LD1;2.57600034498794e-06
336535448;LD1;5.2773500487608e-06
336535450;LD1;5.31060740259546e-05
336535544;LD1;3.39861062968605e-05
336535546;LD1;8.172321614439e-05
336535559;LD1;6.38293591053825e-05
336535589;LD1;0.000104125692032954
336535598;LD1;9.52737105822033e-05
336535600;LD1;7.94155321546919e-07
336535628;LD1;8.72981084801127e-05
336535630;LD1;0.000105631264189536
336535661;LD1;9.6139298008893e-08
353558875;LD1;2.16687479622373e-05
353558935;LD1;4.9161014852836e-05
353558941;LD1;9.80523372574316e-06
353558953;LD1;2.58653757480047e-06
353558962;LD1;3.75060960975434e-07
353558968;LD1;0.000616125209201648
353559058;LD1;3.07836000669068e-05
353559112;LD1;9.32700438733161e-07
353559142;LD1;8.51613704405507e-06
363438400;LD1;1.74783118103604e-06
363438430;LD1;1.25786820638475e-05
363438484;LD1;4.07054390136335e-06
363438589;LD1;4.31076710961974e-05
363438607;LD1;9.52122194043107e-05
368294261;LD1;4.11207181602987e-06
368294345;LD1;1.69496638663625e-06
368294450;LD1;1.7817362468045e-07
368294462;LD1;2.05298657522119e-05
368294468;LD1;4.9592270971957e-05
368294528;LD1;2.80984405244519e-05
369837738;LD1;3.2946986717897e-05
369837769;LD1;1.47712780186916e-07
369837771;LD1;1.85172489467599e-05
369837801;LD1;0.00016326906697668
369837810;LD1;9.70589786875348e-06
369837840;LD1;9.92803903467842e-07
369837853;LD1;3.0379471558225e-05
369837855;LD1;4.91262503545926e-05
369837949;LD1;1.04644841913546e-06
369837951;LD1;8.22107667072993e-05
369837958;LD1;1.49020447093746e-05
369837960;LD1;2.35242465683194e-06
369837970;LD1;1.34050312116792e-05
369837973;LD1;8.92612200528966e-06
369837976;LD1;0.000127959492824479
369837978;LD1;0.000241299323090725
369838036;LD1;2.32110599356968e-05
369838038;LD1;2.03201767499337e-05
370801899;LD1;7.12114619667929e-05
370801908;LD1;8.61148782832181e-06
370801953;LD1;9.59214259997748e-05
370802049;LD1;1.89818209039669e-05
370802136;LD1;3.7479572971714e-05
371017367;LD1;1.52764597974082e-05
371017394;LD1;1.08447032271966e-05
371017400;LD1;0.000195438545701967
371017430;LD1;3.91402985080218e-05
371017438;LD1;5.48716722437877e-07
371017457;LD1;7.18566483191016e-06
371017466;LD1;4.13631409233997e-05
371017484;LD1;9.53559709646201e-08
371017580;LD1;1.62120396794137e-05
371017584;LD1;4.70605489406229e-06
371017601;LD1;3.45537422795868e-06
371017607;LD1;6.66919148050328e-06
371311381;LD1;3.42421503264345e-06
371311411;LD1;1.19594166322665e-07
371311465;LD1;3.74131243306856e-08
371311561;LD1;1.75659926812438e-05
371311570;LD1;7.71356978778938e-07
371311582;LD1;9.53506025310686e-05
371311588;LD1;0.000103877067734689
371311648;LD1;1.34399961187522e-05
372345927;LD1;1.20869048656408e-06
372345960;LD1;6.25393799101016e-07
372345990;LD1;0.000168474021318501
372345999;LD1;8.54232315812346e-05
372346029;LD1;7.20295386884701e-07
372346044;LD1;1.91714897723386e-05
372346149;LD1;0.000385771169362803
372346162;LD1;0.000381437602859196
372346167;LD1;0.0003530965899768
372346227;LD1;1.57654889493415e-07
372673854;LD1;3.65749550351193e-05
372673919;LD1;0.000684669187918698
372674052;LD1;4.92193636197619e-06
372674082;LD1;0.000249195583234612
372674091;LD1;9.45879300855988e-05
372674121;LD1;0.000449517473844937
372674154;LD1;1.83212408475721e-07
375502013;LD1;3.96929038264931e-06
375502025;LD1;1.08790325228694e-05
375502067;LD1;0.000170121266239444
375502367;LD1;0.00030481323383266
375502372;LD1;6.5856842006792e-06
375502385;LD1;7.30624897971169e-06
375502391;LD1;0.000573274437548214
375502395;LD1;0.000364407126130608
375502434;LD1;8.53322407115553e-05
380625739;LD1;1.06027664131911e-05
380625799;LD1;0.000273974691931815
380625804;LD1;6.74855072464907e-05
380625817;LD1;8.15786177453693e-05
380625826;LD1;2.53792801742605e-06
380625922;LD1;2.15856745775415e-05
380625937;LD1;0.000218304690134572
380625967;LD1;4.63644048394694e-07
380625976;LD1;4.41571890803552e-05
380626006;LD1;8.34428056885718e-06
380626039;LD1;1.40854213486291e-06
381750081;LD1;1.57385930963033e-05
381750141;LD1;0.000225478712904288
381750146;LD1;3.1803071094712e-05
381750159;LD1;5.23004969175495e-05
381750168;LD1;1.22392409920595e-06
381750174;LD1;2.28956326379819e-05
381750264;LD1;3.22272092107211e-05
381750279;LD1;1.46867516788773e-05
381750309;LD1;2.98020363561191e-05
381750318;LD1;2.44221353013863e-05
381750348;LD1;4.08537256878661e-05
381750381;LD1;1.0492114889277e-05
391877795;LD1;4.3355299884483e-05
391877855;LD1;0.000169442314970493
391877857;LD1;0.000198401917725727
391877860;LD1;3.97949618275808e-05
391877863;LD1;6.33722795567803e-06
391877873;LD1;5.3909999699945e-05
391877875;LD1;2.36041830730719e-05
391877882;LD1;9.87064464492849e-08
391877884;LD1;0.000151704744918892
391877993;LD1;4.39356454663179e-05
391878023;LD1;5.00146190273586e-06
391878032;LD1;3.39076849165106e-05
391878034;LD1;6.77838244069435e-06
391878062;LD1;1.86523995575847e-07
391878064;LD1;7.66474231050751e-06
391878095;LD1;2.0190368411951e-05
394290213;LD1;6.83082326411129e-05
394290218;LD1;1.10486128856335e-05
394290240;LD1;1.23797855903896e-05
394290336;LD1;2.25986036946871e-05
394290351;LD1;2.07662254236329e-05
394290390;LD1;0.000108469504131411
394290453;LD1;0.000303104703234264
395920931;LD1;6.73673345074348e-05
395920961;LD1;8.46387327352963e-06
406743270;LD1;0.000131571027246832
406743330;LD1;0.000398908611715052
406743335;LD1;8.8002589277071e-05
406743348;LD1;3.39810121921623e-06
406743357;LD1;0.000377849498251934
406743468;LD1;0.000124118741944623
406743498;LD1;9.53878316078807e-06
406743507;LD1;0.000106575017045764
406743570;LD1;9.13602955972797e-06
415766302;LD1;5.41489848498266e-05
415766362;LD1;0.000373775506197594
415766367;LD1;0.000111171363576252
415766380;LD1;4.26032367291571e-05
415766389;LD1;0.000197701069226264
415766485;LD1;2.72673223207802e-05
415766500;LD1;3.83094183184942e-05
415766530;LD1;3.72715389155632e-05
415766539;LD1;0.000188237194098703
415766569;LD1;3.4193282633246e-08
415766602;LD1;3.48139873742894e-05
423729925;LD1;9.46000893779809e-05
423729985;LD1;0.000139510669561471
423729991;LD1;5.45851722823227e-05
423730108;LD1;0.000166283854286927
423730162;LD1;6.6283791753739e-07
423730192;LD1;1.27312813405293e-05
426378942;LD1;1.3878976613953e-05
426378975;LD1;2.44446520348387e-05
426379005;LD1;1.70700939866419e-05
426379014;LD1;7.77806885942883e-05
426379044;LD1;0.000108687683848243
426379059;LD1;6.75016184146168e-05
426379155;LD1;0.000108187080389642
426379164;LD1;1.2355029852991e-05
426379177;LD1;2.04557318036571e-05
426379182;LD1;4.31305109260545e-05
426379242;LD1;2.63020796375013e-05
429512244;LD1;2.53125775781571e-06
429512304;LD1;0.000324894592894995
429512309;LD1;1.25901818668239e-05
429512322;LD1;2.48670465808133e-05
429512331;LD1;2.50468752811113e-05
429512427;LD1;7.27314497659189e-06
429512442;LD1;1.90775562251012e-05
429512472;LD1;0.000108404582868854
429512481;LD1;2.71521911705646e-05
429512511;LD1;8.27509034208698e-08
429512544;LD1;1.05089076157781e-05
431302396;LD1;5.98686883546739e-05
431302456;LD1;0.000278142366347582
431302461;LD1;0.000127957454544078
431302474;LD1;8.59677669607651e-06
431302483;LD1;2.27400965739461e-06
431302579;LD1;0.000169681624852416
431302594;LD1;8.06803384419986e-05
431302624;LD1;0.000237137224440987
431302663;LD1;0.000218955674959642
431302696;LD1;3.91020856596572e-05
432647759;LD1;5.88831618807108e-05
432647819;LD1;1.39792250105083e-06
432647824;LD1;0.000104665877117925
432647846;LD1;3.05668104155466e-06
432647942;LD1;4.77136444927315e-05
432647957;LD1;3.28185087258236e-05
432647987;LD1;0.000154788098348159
432647996;LD1;9.51066793369489e-05
432648026;LD1;4.65132075445454e-05
432648059;LD1;1.79810075120059e-05
434628040;LD1;1.76223508664575e-05
434628071;LD1;1.26880832584702e-05
434628073;LD1;7.35842780714531e-06
434628103;LD1;1.29573399579221e-05
434628112;LD1;2.14326765465084e-06
434628142;LD1;1.78763498683638e-05
434628155;LD1;1.0025941100904e-05
434628157;LD1;7.53321706632148e-06
434628251;LD1;7.43662933733409e-06
434628253;LD1;1.59267335742886e-06
434628260;LD1;6.57286763674175e-06
434628262;LD1;4.01804486078497e-05
434628272;LD1;6.04273747009784e-05
434628275;LD1;3.95716875013121e-05
434628278;LD1;9.47971409831499e-05
434628280;LD1;0.000182577268097065
434628338;LD1;1.19768892037285e-05
434628340;LD1;6.302084610314e-06
435155211;LD1;1.46430974034137e-05
435155276;LD1;5.97190537972911e-05
435155289;LD1;9.01806944180011e-06
435155298;LD1;6.41102163587102e-06
435155304;LD1;1.39705999482541e-05
435155409;LD1;6.55412513476807e-05
435155439;LD1;7.8501643305906e-05
435155448;LD1;1.69671190943573e-05
435155478;LD1;4.14710249975362e-05
435155511;LD1;5.17104896908096e-05
438120675;LD1;1.25958325364218e-07
438120759;LD1;1.87906525976872e-05
438120855;LD1;7.91429807076856e-07
438120864;LD1;3.85162359880556e-06
438120876;LD1;3.39875039821181e-05
438120882;LD1;4.99397969954279e-05
438120942;LD1;1.54298910705799e-05
439458500;LD1;4.05369363555351e-07
439458563;LD1;1.02277728407227e-09
439458572;LD1;7.20407003626478e-05
439458602;LD1;1.49111071740325e-07
439458617;LD1;1.59217764764614e-05
439458722;LD1;0.000231447419920677
439458735;LD1;1.76898694332735e-06
439458800;LD1;0.000337262905065148
440061564;LD1;5.36765215600475e-06
440061624;LD1;8.72041336512052e-05
440061629;LD1;1.08434706588608e-05
440061636;LD1;0.00226148736351129
440061642;LD1;1.00545408102938e-05
440061747;LD1;0.000108458140294895
440061762;LD1;6.31321613462848e-06
440061792;LD1;0.000719378466135989
440061801;LD1;0.000134383214267185
440061831;LD1;0.000136708679105877
441716169;LD1;1.44066255665317e-05
441716229;LD1;0.000172276595758122
441716234;LD1;1.84563339324787e-05
441716247;LD1;7.35743074542822e-07
441716352;LD1;1.43904514401742e-06
441716367;LD1;1.72571474020337e-06
441716397;LD1;0.000261588108061661
441716406;LD1;7.30777525968784e-05
441716469;LD1;7.65419753127061e-06
445991886;LD1;8.58447500650595e-06
445991946;LD1;5.17263332622556e-07
445991952;LD1;8.43865894052621e-06
445991964;LD1;1.21561243843356e-05
445992069;LD1;1.28245709554639e-05
445992153;LD1;7.46444393168956e-07
446690426;LD1;0.00014025367050063
446690486;LD1;6.7661150947561e-06
446690492;LD1;0.000201632926748837
446690504;LD1;1.04442091460165e-05
446690513;LD1;1.06975666008165e-05
446690609;LD1;7.50225775655006e-06
446690654;LD1;6.19824437859949e-05
446690693;LD1;1.6286573289877e-07
448897153;LD1;9.03166279335815e-06
448897213;LD1;0.000118293436990058
448897218;LD1;1.23456418454434e-06
448897231;LD1;2.15634280356905e-05
448897240;LD1;1.16339639801974e-06
448897336;LD1;5.79055806049816e-05
448897351;LD1;2.24222066301776e-06
448897381;LD1;2.48708671249267e-06
448897390;LD1;3.41518045348926e-05
448897420;LD1;5.99415850253838e-05
448897453;LD1;1.9897881736278e-06
450480631;LD1;7.86339511808221e-05
450480696;LD1;4.36539334220682e-05
450480708;LD1;4.90671211010067e-05
450480897;LD1;1.39987695605818e-06
456542465;LD1;1.02984643982292e-05
456542525;LD1;2.25783364356181e-05
456542530;LD1;5.66682774235318e-06
456542543;LD1;1.49807332521037e-05
456542552;LD1;8.59002248028173e-05
456542648;LD1;0.000101026758105753
456542663;LD1;8.66960424579065e-05
456542702;LD1;7.93647713526518e-06
456542732;LD1;6.11592327657966e-06
456542765;LD1;6.90100930050099e-07
459073179;LD1;6.55388143836596e-07
459073239;LD1;0.000121207127291654
459073244;LD1;1.14821917587886e-05
459073257;LD1;0.000117816148513808
459073266;LD1;2.57996550461828e-07
459073362;LD1;4.30408537712768e-05
459073377;LD1;5.98352212811967e-06
459073407;LD1;2.26667218064873e-05
459073416;LD1;0.000376309483161502
459073446;LD1;6.05384760421628e-06
459073479;LD1;3.65149147181053e-06
460399339;LD1;6.19001373316298e-05
460399399;LD1;0.000297241209007388
460399417;LD1;4.42597330910375e-05
460399426;LD1;4.30674027420311e-05
460399522;LD1;6.47046677978352e-05
460399537;LD1;8.70570873018469e-05
460399567;LD1;0.00020588642961378
460399576;LD1;3.71165071457067e-08
460399606;LD1;0.000167456525752186
460399639;LD1;2.18225358414074e-06
466228131;LD1;9.30939098834913e-06
466228215;LD1;1.46412675326658e-09
466228311;LD1;6.86437526881553e-06
466228332;LD1;2.83516956165408e-05
466228338;LD1;0.000160871830473871
466228398;LD1;1.23631576933154e-05
468112857;LD1;0.000347378790108166
468112862;LD1;0.000142171587437009
468112875;LD1;8.77592542864517e-06
468112884;LD1;1.06036155351433e-09
468112995;LD1;0.00025939545878583
468113034;LD1;1.13215456397566e-08
468113064;LD1;2.84675359688728e-06
468113097;LD1;5.7782148243986e-08
472230432;LD1;0.00015951699697385
472230549;LD1;2.44547913319071e-05
472230567;LD1;1.16839397059737e-05
472230576;LD1;1.59730398159513e-06
472230595;LD1;2.13932247349316e-05
472230603;LD1;5.11090311036856e-07
472230633;LD1;5.46587970841348e-05
472230666;LD1;1.6503112362745e-05
474794420;LD1;1.52422518083127e-05
474794480;LD1;0.00032769343023058
474794485;LD1;6.6801452539748e-05
474794507;LD1;1.53552974076461e-06
474794603;LD1;7.20273324772505e-05
474794618;LD1;7.3063290664334e-05
474794648;LD1;9.0455067093776e-05
474794657;LD1;0.00014322406921603
474794687;LD1;0.000321909217872565
474794720;LD1;6.69720139121246e-06
474818306;LD1;4.45508444744009e-05
474818366;LD1;0.000453390707050767
474818371;LD1;0.000108257749801471
474818393;LD1;1.25883460920212e-06
474818489;LD1;5.41646150383232e-05
474818504;LD1;7.85097243384044e-05
474818534;LD1;0.000189463062266917
474818543;LD1;5.04887980390388e-05
474818573;LD1;0.000456808290290816
474818606;LD1;2.08462921581162e-05
475011920;LD1;4.02447673396116e-07
475011980;LD1;0.000191432009751499
475011985;LD1;0.000175528420141977
475011998;LD1;4.1352633561709e-06
475012007;LD1;1.345263979502e-05
475012013;LD1;2.7857457819763e-05
475012103;LD1;7.30516862399865e-05
475012118;LD1;0.000307205769801019
475012148;LD1;0.000408111349312239
475012157;LD1;4.78529977868586e-05
475012187;LD1;0.000110174576332372
475012220;LD1;3.41423078258128e-07
475707730;LD1;7.24841253108919e-06
475707734;LD1;5.10642593341162e-05
475707738;LD1;1.23265771237467e-05
476931407;LD1;2.34742408267113e-05
476931467;LD1;8.65160976940346e-05
476931473;LD1;8.9573585857825e-05
476931485;LD1;3.16106244250039e-05
476931494;LD1;4.06629823944915e-05
476931674;LD1;9.91597693035145e-06
479049281;LD1;1.02834911391838e-05
479049341;LD1;7.99312719095041e-05
479049346;LD1;7.16611024085358e-07
479049359;LD1;1.72338415274372e-06
479049368;LD1;3.12024605279371e-05
479049464;LD1;2.20927495990847e-05
479049479;LD1;3.83431411017029e-05
479049509;LD1;6.63990170981404e-05
479049518;LD1;7.99327077805346e-06
479049548;LD1;3.39451320924169e-05
479049581;LD1;1.77690658089742e-05
479548798;LD1;2.69821745532089e-05
479548858;LD1;2.78323958180909e-07
479548876;LD1;0.000112022021768059
479548981;LD1;1.06886779295251e-05
479548996;LD1;1.25238809855855e-10
479549026;LD1;2.7855074983327e-05
479549035;LD1;4.10648920751024e-05
479549065;LD1;2.29865179187204e-05
479549098;LD1;3.93897406870146e-05
481164983;LD1;1.43055910517754e-05
481165043;LD1;0.000147706245442227
481165048;LD1;8.04879846947902e-05
481165061;LD1;0.000109285728282077
481165070;LD1;5.01593607525988e-05
481165166;LD1;0.000171926207987185
481165181;LD1;7.06049543919077e-05
481165211;LD1;1.67227741448073e-06
481165220;LD1;4.07178431671986e-06
481165283;LD1;1.6333373166852e-06
484569898;LD1;4.41542551634697e-08
484569958;LD1;0.000153281375146999
484569963;LD1;5.51607083615936e-05
484569976;LD1;0.000391244301215903
484570081;LD1;6.94852540160421e-06
484570096;LD1;0.000208177003130333
484570126;LD1;0.000510423793694218
484570135;LD1;1.48399533351084e-07
484570165;LD1;9.99567143339644e-07
484570198;LD1;0.000211939425408163
485768477;LD1;2.99157918926789e-07
485768540;LD1;2.64950553211034e-05
485768549;LD1;8.19428224813244e-05
485768579;LD1;4.71916725556042e-05
485768594;LD1;1.69716273085329e-06
485768690;LD1;2.16699887186741e-06
485768699;LD1;3.3170917458946e-06
485768712;LD1;2.28533765395139e-05
485768717;LD1;2.94505413639951e-05
485768777;LD1;8.45947717680448e-07
486720570;LD1;6.0907363546535e-05
486720575;LD1;9.0382756239043e-05
486720597;LD1;3.01064364783825e-05
486720607;LD1;4.36095037338007e-06
486720693;LD1;2.57981097242889e-05
486720708;LD1;1.26054885161359e-08
486720738;LD1;0.000244712436673736
486720747;LD1;0.000424852485207736
486720777;LD1;4.43063585976363e-05
486720810;LD1;6.45245700644104e-07
492815177;LD1;4.78448621104603e-05
492815237;LD1;0.00010534503728189
492815242;LD1;0.000185037107498808
492815255;LD1;7.67519272761084e-07
492815264;LD1;1.41311341045464e-05
492815360;LD1;2.21092905512052e-05
492815375;LD1;1.0511447302798e-05
492815405;LD1;9.4822161100278e-05
492815414;LD1;9.31701161186683e-05
492815444;LD1;2.30307954128859e-05
492815477;LD1;3.14973325831801e-07
495452776;LD1;4.45464770734765e-05
495452809;LD1;3.61928899134285e-05
495452839;LD1;1.16804499571577e-06
495452848;LD1;9.91085256844334e-08
495452878;LD1;5.81124411940788e-05
495452893;LD1;0.000274781773411404
495452998;LD1;2.37350644723505e-09
495453011;LD1;2.77849570933402e-05
495453016;LD1;0.000437018526088509
495453076;LD1;8.44601462672201e-07
496156475;LD1;4.35407029309805e-06
496156508;LD1;8.94313811515962e-07
496156538;LD1;9.13207420922088e-06
496156577;LD1;5.50117503126219e-06
496156592;LD1;4.23135544238125e-05
496156688;LD1;3.48886363818352e-06
496156697;LD1;1.7295889457406e-07
496156710;LD1;3.07198703294603e-05
496156715;LD1;0.000187340340102366
496156775;LD1;4.62583605938401e-05
498652433;LD1;1.47612999676159e-05
498652435;LD1;3.43497519421001e-07
498652493;LD1;6.13495210751787e-05
498652495;LD1;6.4933571154524e-05
498652498;LD1;5.53335524285832e-05
498652501;LD1;2.14542758786694e-05
498652511;LD1;1.07044830007435e-05
498652513;LD1;6.83909702238126e-08
498652520;LD1;1.25138105127076e-05
498652522;LD1;1.20715654556397e-06
498652616;LD1;1.02883858694849e-05
498652618;LD1;1.96697391479018e-06
498652631;LD1;2.32818905657614e-05
498652661;LD1;2.75254332221452e-05
498652670;LD1;0.000130802737342836
498652700;LD1;2.4413289775439e-06
498652702;LD1;2.43458189620823e-05
498652733;LD1;5.04398967051321e-06
506141082;LD1;4.86151789592772e-06
506141142;LD1;0.000169825185485405
506141147;LD1;1.22215478575427e-05
506141159;LD1;1.49594640607855e-06
506141169;LD1;1.38362768936438e-05
506141265;LD1;1.13097567788656e-05
506141280;LD1;3.31490413355719e-05
506141319;LD1;3.33032379302425e-06
506141349;LD1;2.26912764147089e-05
506141382;LD1;1.46428762353692e-05
8102041;LD1;3.92916780047332e-05
8102101;LD1;0.000143995593482866
8102106;LD1;5.61135575284497e-05
8102119;LD1;1.59944674260827e-06
8102128;LD1;8.32851150730328e-05
8102224;LD1;4.2069282921108e-05
8102239;LD1;9.56277339497758e-08
8102269;LD1;6.89491929548999e-05
8102308;LD1;1.2862285578005e-05
8102341;LD1;3.16864587659326e-06
11228618;LD1;3.37281094007709e-07
11228648;LD1;1.20569569565779e-06
11228702;LD1;0.000139703098950109
11228798;LD1;0.000190382509848153
11228819;LD1;4.29863885577428e-06
11228825;LD1;0.000119850415309671
11228885;LD1;3.70270409779144e-06
16067438;LD1;3.57274695317727e-05
16067444;LD1;2.28791689577435e-05
16067456;LD1;2.69178831403841e-06
16067561;LD1;3.1510956970111e-05
16067615;LD1;4.73833104516916e-07
16067645;LD1;4.80722680051745e-06
17439606;LD1;0.000158420197485943
17439639;LD1;5.58405478597889e-05
17439669;LD1;4.3763317819142e-05
17439678;LD1;0.000445899626579737
17439723;LD1;4.65816856749376e-05
17439819;LD1;4.26275803496907e-06
17439828;LD1;1.00058733902788e-05
17439841;LD1;2.70870276030947e-05
17439846;LD1;3.93313210206465e-06
17439906;LD1;1.5739309727824e-07
32479445;LD1;5.87339440942479e-05
32479510;LD1;0.000101687306238588
32479523;LD1;6.49804027733934e-05
32479628;LD1;2.58325873712826e-05
32479643;LD1;2.28582258602068e-05
32479673;LD1;2.1726012754215e-05
32479682;LD1;2.54931922003017e-06
32479712;LD1;3.88352069569552e-05
36571373;LD1;9.93577505326986e-07
36571403;LD1;1.86406532060545e-08
36571457;LD1;0.000113190960671035
36571553;LD1;1.18988487304814e-05
36571559;LD1;2.23804698687656e-07
36571562;LD1;0.000148740089997314
36571574;LD1;3.14861012294249e-06
36571580;LD1;0.00017351024666007
36571640;LD1;0.000112714346922445
45428075;LD1;1.85556210478435e-05
45428141;LD1;3.76066207547789e-05
45428153;LD1;4.22251187247762e-06
45428162;LD1;1.24838629243204e-05
45428258;LD1;0.000146363438927362
45428312;LD1;1.67289736201646e-05
45428342;LD1;2.85677454587658e-06
97669843;LD1;1.04535842310333e-06
97669876;LD1;4.34261852401471e-06
97669906;LD1;9.40222287565528e-08
97669915;LD1;7.29061116745543e-05
97669945;LD1;0.000131519069897134
97669960;LD1;0.000131090772645957
97670065;LD1;0.000336223769227438
97670078;LD1;0.000391836831087245
97670083;LD1;0.000436939717203526
97670143;LD1;0.000164950517880054
186233788;LD1;1.61897213878971e-07
186233821;LD1;6.61981231544875e-06
186233860;LD1;8.29010471131644e-05
186233890;LD1;6.16152612477978e-05
186233905;LD1;1.75265775786985e-06
186234001;LD1;8.49573418126755e-05
186234010;LD1;4.80310340645382e-07
186234023;LD1;1.38842901829534e-05
186234088;LD1;8.77604407482859e-05
238617528;LD1;2.11504623554404e-05
238617561;LD1;0.000595130955803391
238617591;LD1;3.83105265797539e-05
238617600;LD1;6.07709951290035e-06
238617630;LD1;1.70992582042688e-05
238617645;LD1;3.34641244488525e-05
238617741;LD1;0.000246161566122064
238617750;LD1;0.00212277257652566
238617763;LD1;3.82601749965078e-05
238617768;LD1;0.000246271927821073
238617828;LD1;3.17768882046414e-07
298155490;LD1;9.71662698953226e-06
298155555;LD1;5.37284332750404e-05
298155568;LD1;5.16252201421846e-06
298155577;LD1;4.24342887856689e-05
298155673;LD1;0.00010421814160058
298155718;LD1;0.000106001764624385
298155727;LD1;4.43487798089982e-05
298155757;LD1;2.32351789662937e-06
298155790;LD1;3.19948929466243e-06
320523085;LD1;0.000106469915960854
320523140;LD1;0.000147081617898936
320523145;LD1;0.000120466964178174
320523151;LD1;1.62531579835151e-05
320523163;LD1;5.99788245575369e-05
320523172;LD1;5.15346308420292e-06
320523268;LD1;1.40304609222665e-05
320523322;LD1;1.77795719127934e-05
320523352;LD1;1.92328699316594e-06
332014526;LD1;2.95119001938921e-05
332014559;LD1;4.93145683054284e-06
332014598;LD1;1.08887986778761e-06
332014628;LD1;2.76086504923861e-05
332014643;LD1;8.35909698004731e-06
332014733;LD1;0.000426290098531594
332014739;LD1;0.000250519707853365
332014748;LD1;7.31330907273833e-06
332014761;LD1;0.000205818255570724
332014766;LD1;0.000225757315393907
332014826;LD1;7.94029250675036e-05
336856712;LD1;4.89881901101874e-05
336856775;LD1;4.39192274730247e-05
336856784;LD1;6.84219993067694e-06
336856814;LD1;1.53578000866388e-05
336856829;LD1;0.000567019304211928
336856934;LD1;0.000639221558936631
336856947;LD1;9.67293284671877e-05
336856952;LD1;9.95446473782729e-05
336857012;LD1;2.17151261081896e-05
339063049;LD1;0.000364660557413435
339063115;LD1;0.000197446409097617
339063232;LD1;0.000140009900866052
339063286;LD1;6.28425472726415e-07
339063316;LD1;2.66853478558645e-05
341231473;LD1;5.38093855136917e-05
341231533;LD1;0.000181051908234672
341231538;LD1;3.24564837533561e-07
341231560;LD1;0.000379864453930172
341231656;LD1;9.07352593914263e-09
341231671;LD1;1.46218635713441e-05
341231701;LD1;0.000124906109318521
341231710;LD1;0.000195935470616589
341231773;LD1;7.04225528697341e-07
343788512;LD1;4.78162942794162e-08
343788518;LD1;0.000107283237531623
343788556;LD1;2.50180494711729e-06
343788575;LD1;5.86845074988585e-05
343788584;LD1;0.000103374881923037
343788592;LD1;1.21883189168473e-07
343788602;LD1;1.76225433536678e-05
343788698;LD1;0.000421236916699851
343788707;LD1;6.05948793443875e-06
343788719;LD1;0.000246618911121938
343788725;LD1;9.35450051610926e-05
402016209;LD1;6.80785423766205e-06
402016242;LD1;5.05429051543629e-05
402016272;LD1;0.000904669090450229
402016281;LD1;1.15923593228629e-05
402016311;LD1;1.31968664932904e-06
402016422;LD1;1.27585519501237e-05
402016431;LD1;0.000175953291061803
402016444;LD1;2.99845065094972e-05
402016449;LD1;0.000190260908586923
402016482;LD1;1.40739982595608e-08
402016509;LD1;5.13189504116617e-05
402799484;LD1;1.51480181602643e-06
402799517;LD1;1.33832608334058e-05
402799547;LD1;5.63130786142216e-05
402799556;LD1;1.33576412853517e-05
402799586;LD1;0.00024771169143797
402799601;LD1;2.73885574780071e-05
402799719;LD1;3.11577624434179e-05
402799724;LD1;0.000456208834863078
402799784;LD1;0.000261473991609434
405622030;LD1;9.57957946495883e-08
405622095;LD1;0.000182101563335198
405622108;LD1;7.92578144663059e-06
405622117;LD1;5.66942230887549e-08
405622213;LD1;0.000116449779241637
405622228;LD1;8.69137441450031e-06
405622258;LD1;1.07278353989074e-05
405622267;LD1;2.46127904843881e-05
405622330;LD1;0.000180899182718999
413153253;LD1;8.68129520263662e-07
413153313;LD1;0.00021244813323938
413153318;LD1;1.93825405005453e-05
413153331;LD1;4.67391569394017e-05
413153340;LD1;0.000177294889863595
413153436;LD1;1.93058250074914e-06
413153451;LD1;4.99332842466733e-05
413153481;LD1;1.32223962917367e-07
413153490;LD1;3.97159210636893e-06
413153520;LD1;5.1367931545137e-05
413153553;LD1;1.43397754275142e-05
413980695;LD1;1.95523966130243e-05
413980755;LD1;0.000221490893236692
413980760;LD1;3.57286189626432e-05
413980773;LD1;9.89351315641352e-07
413980878;LD1;4.81340374045603e-06
413980893;LD1;3.54773601218981e-05
413980923;LD1;5.46039913088068e-06
413980932;LD1;1.28699736892714e-07
413980962;LD1;1.24511045963924e-05
413980995;LD1;6.2419457530611e-07
416650876;LD1;0.000109817207421844
416650939;LD1;1.81448301158576e-06
416650948;LD1;5.85952158184008e-06
416650993;LD1;2.28561172034786e-07
416651089;LD1;1.50268096038355e-05
416651176;LD1;9.22612959990094e-05
416891153;LD1;5.91284193511207e-05
416891183;LD1;0.000262327870254203
416891237;LD1;2.49803596372295e-05
416891333;LD1;0.000143450409481638
416891342;LD1;6.49571498200838e-11
416891360;LD1;0.000438544713089164
416891420;LD1;0.000340775497362859
428325994;LD1;6.15515374941736e-05
428326054;LD1;0.000354313412711372
428326059;LD1;5.23887784476987e-05
428326072;LD1;1.45238832630925e-05
428326177;LD1;3.65017447054293e-07
428326192;LD1;1.78942635472961e-05
428326222;LD1;9.14018371242442e-05
428326231;LD1;2.3225557579477e-05
428326261;LD1;2.41584201625371e-05
428326294;LD1;3.4546411128449e-05
428336217;LD1;3.80421805905867e-08
428336308;LD1;0.000322535664811579
428336314;LD1;3.8077130905459e-05
428336431;LD1;2.68943252445382e-05
428336485;LD1;2.6878929072493e-05
428336515;LD1;0.000279497225382557
440986881;LD1;0.000995203188956404
440986911;LD1;4.09099858786134e-05
440986920;LD1;2.58436484067454e-06
440986950;LD1;6.00799700277231e-07
440987082;LD1;6.5723522621281e-05
440987148;LD1;0.000402233441614504
448654406;LD1;0.000690817641524398
448654418;LD1;0.000228239690549407
448654523;LD1;3.78969623728523e-05
448654577;LD1;3.96122404150616e-05
448654607;LD1;8.95999038509076e-05
460671887;LD1;6.03806084104328e-07
460671920;LD1;1.08551354206839e-06
460671950;LD1;3.05302672884178e-05
460671959;LD1;5.91481921788597e-05
460671989;LD1;5.56320640324449e-05
460672004;LD1;2.46447607345206e-06
460672100;LD1;6.26972829878741e-05
460672109;LD1;9.08105719402547e-09
460672122;LD1;5.20979335488069e-05
460672187;LD1;1.77397777343897e-05
463880918;LD1;0.000101505311171227
463880978;LD1;0.000200702772623161
463880984;LD1;9.6090282054176e-05
463881101;LD1;2.95245767945224e-05
463881185;LD1;0.000119019177284445
465360409;LD1;6.49870311271314e-06
465360469;LD1;0.000333607547515674
465360474;LD1;0.000200991537073032
465360487;LD1;1.78717250364945e-05
465360592;LD1;4.17427992464322e-05
465360607;LD1;5.53167302976096e-06
465360637;LD1;1.12428398115734e-05
465360676;LD1;0.000287552497855412
468322036;LD1;1.13814747122755e-05
468322069;LD1;1.61876560298707e-08
468322099;LD1;6.51348583965656e-07
468322108;LD1;0.000102099563936067
468322138;LD1;3.1731108892285e-05
468322153;LD1;2.97128590764067e-05
468322249;LD1;3.18662169595065e-05
468322271;LD1;4.81789810119845e-05
468322276;LD1;0.000249884626564028
468322336;LD1;1.8158228685059e-05
475046215;LD1;0.000179169438966799
475046221;LD1;1.53311564926271e-07
475046233;LD1;0.000117672765643715
475046353;LD1;7.80983959344295e-06
475046392;LD1;4.06369006905427e-05
475046422;LD1;3.04630875739232e-05
477231971;LD1;5.02760407038905e-05
477232004;LD1;8.00372779415144e-08
477232034;LD1;5.40151600762311e-06
477232043;LD1;5.15477096000246e-05
477232073;LD1;0.000101176203445079
477232088;LD1;0.000185269086290269
477232184;LD1;4.29056410984995e-05
477232193;LD1;6.13674107201887e-06
477232206;LD1;0.00013793163187491
477232211;LD1;1.60043074521266e-05
477232271;LD1;0.000143730630686411
477777779;LD1;2.20719884104066e-06
477777839;LD1;4.84518967718376e-05
477777845;LD1;0.000389540076883655
477777857;LD1;0.000408548734368115
477777962;LD1;1.97838341700507e-05
477778016;LD1;4.48158117052214e-05
477778046;LD1;0.000331968947654083
483899559;LD1;1.96480925572211e-05
483899619;LD1;8.26481028131621e-05
483899624;LD1;0.000192312201589611
483899637;LD1;3.37584746732409e-05
483899742;LD1;1.2362661638285e-06
483899757;LD1;1.48741772849643e-05
483899787;LD1;0.000119041978755728
483899796;LD1;8.35419819681769e-05
483899826;LD1;0.00022915170782952
483899859;LD1;0.000172261091878554
487998169;LD1;5.23478477181995e-05
487998229;LD1;0.000173890632857906
487998234;LD1;0.000167468860829164
487998247;LD1;1.07951138557287e-06
487998256;LD1;1.59661008860894e-06
487998352;LD1;4.93037491201576e-05
487998367;LD1;8.41759442625535e-06
487998397;LD1;0.000129818765516501
487998436;LD1;0.000113155552159175
487998469;LD1;1.06020085565465e-05
491144885;LD1;1.55657477275837e-05
491144918;LD1;3.75214762751164e-05
491144948;LD1;8.37752880996051e-07
491144957;LD1;7.04643813623735e-05
491144987;LD1;4.68088918747145e-06
491145002;LD1;1.27488845974118e-05
491145098;LD1;2.31202594110697e-05
491145107;LD1;2.75650539887678e-05
491145120;LD1;5.11576965042888e-05
491145125;LD1;7.00060384032305e-05
491145185;LD1;6.39289204315344e-07
493197469;LD1;0.000293174708626118
493197502;LD1;0.000197833532178709
493197541;LD1;0.000174491277561206
493197571;LD1;1.29427482875639e-05
493197586;LD1;6.25718236227637e-06
493197691;LD1;1.82966026235422e-06
493197704;LD1;4.76515988626116e-05
493197769;LD1;0.000359097668110739
493833907;LD1;8.34693669274844e-06
493833916;LD1;0.000137709620464702
493834057;LD1;0.000284847710605469
493834096;LD1;0.000348891213151032
493834129;LD1;0.000236852569676494
502968115;LD1;1.02563056586716e-09
502968199;LD1;7.04309203131836e-05
502968295;LD1;2.30829724480339e-05
502968304;LD1;4.18031267137889e-06
502968316;LD1;2.17080271214603e-05
502968322;LD1;4.86939039235077e-05
502968382;LD1;3.67628738934515e-05
8892110;LD1;3.15253657384225e-05
8892143;LD1;0.00021790764359202
8892173;LD1;2.75193413197073e-05
8892182;LD1;2.23137166031645e-05
8892212;LD1;2.20609515198497e-06
8892227;LD1;7.99970548734702e-05
8892323;LD1;1.0593626572221e-05
8892332;LD1;8.69427224544892e-07
8892345;LD1;7.04979703724008e-05
8892410;LD1;7.25213647292104e-06
9013770;LD1;5.226282289144e-05
9013836;LD1;1.25263078218286e-05
9013953;LD1;0.000346194451418639
9013993;LD1;2.76111336959036e-09
9014037;LD1;5.21960703870837e-05
10587647;LD1;5.30302524487341e-05
10587680;LD1;6.40247019690284e-05
10587710;LD1;1.8058066146837e-05
10587719;LD1;8.38231451704909e-05
10587749;LD1;5.02811299674554e-06
10587764;LD1;3.42008047101784e-05
10587869;LD1;1.23246444666407e-05
10587882;LD1;1.56234016841092e-06
10587887;LD1;0.000199683465774813
10587947;LD1;4.96425091176142e-08
10758124;LD1;4.03650486891904e-06
10758184;LD1;0.000168394997833247
10758189;LD1;0.000106593142729149
10758202;LD1;6.66824657416723e-07
10758211;LD1;1.59152574914936e-10
10758307;LD1;3.25455647213876e-06
10758322;LD1;2.51389692040805e-05
10758352;LD1;7.52106916170104e-05
10758361;LD1;1.06510087637134e-07
10758391;LD1;1.92251380141385e-05
10758424;LD1;1.97966066415081e-10
17427689;LD1;1.36857633176842e-05
17427722;LD1;2.64449417173208e-07
17427752;LD1;2.16744873933561e-05
17427761;LD1;2.75888821454511e-05
17427791;LD1;1.3872773719075e-06
17427806;LD1;6.48716585237315e-05
17427902;LD1;1.49639613070288e-06
17427911;LD1;1.06067367157454e-05
17427924;LD1;1.73222879424697e-05
17427929;LD1;0.000288037066577196
17427989;LD1;4.62321355296636e-06
19493590;LD1;4.85723327354932e-06
19493674;LD1;4.29473151219077e-07
19493770;LD1;6.72181244436521e-06
19493779;LD1;4.44125913831546e-08
19493791;LD1;3.09818932897386e-05
19493797;LD1;2.10992770802134e-05
19493857;LD1;4.19053143553599e-05
29120767;LD1;0.000103490268751288
29120800;LD1;0.000158671538038491
29120830;LD1;0.000465217627593267
29120869;LD1;0.000329794717104935
29121002;LD1;0.00022410919921427
29121067;LD1;2.11639094599554e-06
33734335;LD1;2.41766443244544e-06
33734368;LD1;1.43600967679447e-05
33734398;LD1;1.89901867889613e-06
33734407;LD1;2.28526666217961e-05
33734437;LD1;1.07470433245456e-05
33734452;LD1;3.80476856893494e-05
33734542;LD1;0.000108462373819637
33734548;LD1;1.14763299541064e-05
33734557;LD1;1.96911840609991e-06
33734570;LD1;9.78634434830753e-05
33734575;LD1;0.000105793382662193
33734635;LD1;4.85656110485199e-06
45801927;LD1;0.000168610898688722
45801940;LD1;1.15936393481922e-06
45802060;LD1;2.83205704475454e-06
45802090;LD1;8.95214919676595e-06
45802099;LD1;4.19505340318858e-05
45802129;LD1;0.000858233327287528
45802162;LD1;7.83464477141135e-06
46240574;LD1;6.23483386604922e-06
46240634;LD1;1.36961537550039e-05
46240640;LD1;5.52159139061147e-06
46240652;LD1;0.000145618992793752
46240661;LD1;6.7898322813286e-05
46240757;LD1;3.86597141207972e-05
46240841;LD1;1.16132846460406e-05
52952027;LD1;0.00029487225352898
52952050;LD1;0.000206590888773182
52952054;LD1;1.29611364771798e-08
52952150;LD1;4.41381321407659e-06
52952168;LD1;1.03953932739604e-05
52952196;LD1;0.000493312026174363
52952204;LD1;0.000246100272402355
52952234;LD1;0.00119121444450241
52952240;LD1;1.72014174516269e-07
52952267;LD1;0.000321324620712946
55135099;LD1;1.09030399733596e-05
55135132;LD1;0.000125436632198597
55135162;LD1;1.3995737095023e-05
55135171;LD1;0.000128666724003346
55135201;LD1;1.01469612452673e-05
55135216;LD1;8.04831373116006e-06
55135321;LD1;3.74657668899309e-05
55135333;LD1;2.79970669104518e-05
55135339;LD1;0.000186674610942387
55135399;LD1;1.32292908243452e-06
56933582;LD1;1.83360592774895e-05
56933666;LD1;2.37424537237133e-06
56933762;LD1;4.60438987222033e-05
56933771;LD1;9.68190089629528e-06
56933783;LD1;8.34210805249547e-05
56933789;LD1;5.09276296854127e-05
56933849;LD1;5.30036505236832e-07
62365111;LD1;5.58949439722258e-05
62365118;LD1;9.38811147719253e-06
62365167;LD1;1.19681014083528e-06
62365291;LD1;0.000121117458131363
62365315;LD1;1.36702255631513e-05
62365331;LD1;2.07737254178466e-05
62365343;LD1;1.82927815688864e-06
62365375;LD1;8.15682262207515e-06
62365400;LD1;7.8220044136299e-05
62391781;LD1;2.61369517907801e-06
62391837;LD1;8.52565650462983e-06
62391890;LD1;1.40628923465301e-07
62392002;LD1;3.48458944254827e-07
62392014;LD1;1.69908513614922e-05
62392039;LD1;7.65735254388578e-07
62392046;LD1;1.09738526098143e-05
62392056;LD1;6.16004796822493e-05
62392071;LD1;9.25960391487457e-06
62393356;LD1;4.78686967025789e-05
62393529;LD1;0.000200366040930891
62393553;LD1;7.85394532258621e-05
62393569;LD1;4.97952331417873e-06
62393581;LD1;1.90145658924407e-05
62393613;LD1;1.99437951305443e-05
62411228;LD1;0.000624293210855936
62411235;LD1;9.26155117219061e-05
62411432;LD1;0.000313071750760694
62411448;LD1;4.24712327451022e-06
62411460;LD1;2.66860019919653e-06
62411492;LD1;9.07928028775967e-05
62411517;LD1;0.000314335718724776
62451942;LD1;5.13472969812116e-06
62451949;LD1;4.61049752536629e-08
62451998;LD1;1.72608587549348e-05
62452123;LD1;0.00043850723365617
62452163;LD1;7.4211632124125e-07
62452175;LD1;2.90146412848886e-06
62452207;LD1;2.59080235683564e-06
62452232;LD1;2.33881242819802e-05
62477627;LD1;9.23912170461457e-05
62477634;LD1;2.26653935875366e-05
62477683;LD1;5.96238619377732e-05
62477807;LD1;0.000206200660589458
62477831;LD1;0.000196078531000726
62477847;LD1;8.00464410574172e-05
62477859;LD1;2.26720280945548e-05
62477891;LD1;3.57345330479271e-05
62477916;LD1;0.000150628726432073
62485161;LD1;0.000157837857011894
62485217;LD1;4.42117288447962e-05
62485270;LD1;1.28178176877198e-05
62485382;LD1;0.000269544412637838
62485394;LD1;5.46667107802155e-05
62485419;LD1;1.58550074730457e-05
62485426;LD1;4.32283407945296e-07
62485436;LD1;8.3240803404653e-05
62485451;LD1;3.19892965785662e-05
62511304;LD1;5.81982905187615e-07
62511311;LD1;2.39748787270891e-05
62511360;LD1;3.216486334685e-07
62511483;LD1;0.000302569255940914
62511507;LD1;2.44977249144395e-05
62511523;LD1;1.29900982732659e-06
62511535;LD1;6.5674851760264e-08
62511592;LD1;4.91002278282514e-05
62516499;LD1;1.04340542200976e-05
62516555;LD1;2.64103708425258e-05
62516720;LD1;3.39223327756017e-05
62516732;LD1;8.10307077276367e-05
62516757;LD1;3.45271651580906e-06
62516764;LD1;1.82497768956457e-05
62516774;LD1;0.000125578269608013
62516789;LD1;8.19396084862575e-07
62516794;LD1;2.69851170613034e-09
63360652;LD1;6.27392646877187e-11
63360685;LD1;6.07644568617727e-05
63360715;LD1;0.000314246100984825
63360724;LD1;9.77109389173795e-05
63360754;LD1;2.44243314011045e-05
63360769;LD1;0.00162872004427694
63360865;LD1;4.58414382708397e-05
63360874;LD1;4.10795035943588e-08
63360887;LD1;4.55575728766471e-05
63360892;LD1;3.2209094408972e-05
63800086;LD1;0.000148030617362434
63800119;LD1;5.55950456001427e-05
63800149;LD1;6.04860761458728e-05
63800158;LD1;0.000563479780974142
63800188;LD1;2.24170782326999e-05
63800203;LD1;6.74530606780349e-05
63800299;LD1;2.37697633958183e-05
63800308;LD1;7.57272724594508e-06
63800321;LD1;0.000122942604563252
63800326;LD1;3.49326589674649e-05
63800386;LD1;1.4125390450185e-05
75812133;LD1;2.64035478815464e-06
75812155;LD1;5.5602996280427e-06
75812193;LD1;2.12969097421542e-05
75812199;LD1;1.48207405228442e-05
75812211;LD1;7.71490041383298e-05
75812220;LD1;9.31595066257129e-08
75812316;LD1;9.0769935391396e-05
75812370;LD1;1.90106880516202e-06
75812400;LD1;2.03813512154478e-05
81619842;LD1;2.06547914985992e-06
81619875;LD1;2.82409707626199e-07
81619905;LD1;1.5888660535107e-05
81619914;LD1;1.78732639641495e-06
81619944;LD1;1.62963453214476e-05
81619959;LD1;1.02351861418274e-05
81620055;LD1;6.79053207776732e-06
81620064;LD1;1.1147940004107e-05
81620077;LD1;4.81021974952954e-05
81620082;LD1;9.03537571321241e-05
81620142;LD1;3.92341782978184e-05
81817691;LD1;4.29628514763685e-05
81817718;LD1;2.14068997376651e-05
81817808;LD1;2.52616523286967e-05
81817862;LD1;1.47303517848272e-06
81817892;LD1;1.45283734365245e-05
84534340;LD1;1.30297399575421e-05
84534371;LD1;2.50518768736108e-06
84534373;LD1;2.9346422983789e-05
84534401;LD1;6.5925743092073e-05
84534403;LD1;5.80882742412008e-05
84534412;LD1;1.56064736735967e-06
84534442;LD1;1.25515888622861e-06
84534455;LD1;0.000137105720906137
84534457;LD1;4.1237644733347e-06
84534545;LD1;3.62769990232629e-06
84534547;LD1;0.00116669776521884
84534551;LD1;0.000343009017714579
84534553;LD1;7.58139577138544e-05
84534560;LD1;9.73119082245116e-05
84534562;LD1;9.58804228829596e-05
84534572;LD1;0.0001684230329137
84534575;LD1;0.000178093684075241
84534578;LD1;5.62506043075177e-05
84534580;LD1;9.36453235970633e-05
84534638;LD1;0.000172895965491921
84534640;LD1;6.70495038178949e-06
88048417;LD1;7.63151826806613e-07
88048477;LD1;0.000378434062284507
88048483;LD1;4.88346574155698e-05
88048495;LD1;1.70945171619169e-05
88048504;LD1;0.000264195339007723
88048600;LD1;4.43407061867718e-06
88048654;LD1;1.21404354664988e-05
88048684;LD1;1.53543951053179e-06
88077462;LD1;2.28784825928646e-05
88077474;LD1;5.77263459518253e-05
88077487;LD1;8.87859620046964e-05
88077496;LD1;7.4964956059904e-05
88077510;LD1;3.34600691041071e-05
88077550;LD1;7.2926538220489e-07
88077564;LD1;1.60378579108494e-05
88077683;LD1;1.44493772021428e-05
122761051;LD1;4.78258460338629e-07
122761117;LD1;7.75263223154052e-05
122761129;LD1;1.35375397182652e-05
122761138;LD1;3.13079421500649e-05
122761234;LD1;5.49649872375277e-06
122761318;LD1;6.16735201075109e-07
158489471;LD1;0.00022073570912517
158489531;LD1;0.000745525732425821
158489537;LD1;6.26613349842796e-05
158489549;LD1;8.07188545943983e-07
158489648;LD1;0.00178063005248674
158489654;LD1;8.59802225165265e-05
158489669;LD1;0.000321447579356581
158489699;LD1;3.3291898876362e-05
158489708;LD1;7.39113926992634e-05
158489738;LD1;2.26958479407025e-05
158489771;LD1;2.83499011583318e-05
161578025;LD1;6.01014268049914e-05
161578058;LD1;1.22901356904936e-05
161578088;LD1;7.97065800631671e-05
161578097;LD1;1.21854521663506e-05
161578127;LD1;4.90371524095855e-05
161578142;LD1;7.04917925715739e-05
161578265;LD1;0.000158180401923318
171844047;LD1;1.4740051743489e-05
171844077;LD1;1.30378147205281e-08
171844131;LD1;0.000160566759638141
171844236;LD1;1.09253698159017e-05
171844248;LD1;6.45874875837033e-06
171844254;LD1;6.92323375243427e-06
171844314;LD1;3.26221329209841e-05
196427306;LD1;2.58714706794384e-05
196427369;LD1;1.8732174063849e-05
196427378;LD1;1.21987397232636e-06
196427408;LD1;3.49058591159504e-05
196427423;LD1;5.74644072236142e-05
196427519;LD1;5.62330350714036e-07
196427528;LD1;2.87455878508841e-05
196427541;LD1;1.15135776766122e-05
196427546;LD1;0.000102478233030554
196427606;LD1;6.54876597550169e-06
197378540;LD1;7.98533310094295e-05
197378573;LD1;3.66046241601869e-07
197378603;LD1;3.27894168763943e-05
197378612;LD1;1.2504585090426e-06
197378642;LD1;9.65391244381784e-05
197378657;LD1;1.81821305698193e-05
197378753;LD1;3.14227687732596e-06
197378762;LD1;6.41788352604346e-06
197378775;LD1;8.89158174189566e-05
197378780;LD1;0.000215854771566412
197378840;LD1;5.08275826270533e-05
197385662;LD1;6.7179469866002e-05
197385695;LD1;6.45777055595793e-08
197385725;LD1;1.10739208145051e-05
197385734;LD1;2.30098102087264e-05
197385764;LD1;7.31260307854297e-05
197385779;LD1;3.4725374068165e-05
197385875;LD1;1.72172752168521e-09
197385884;LD1;3.44760359272135e-08
197385897;LD1;1.06691339512445e-05
197385902;LD1;0.000184781103403558
197385962;LD1;1.59192186086744e-05
218342633;LD1;4.98582669772723e-06
218342666;LD1;4.50828326301645e-06
218342696;LD1;9.1533295833703e-06
218342705;LD1;1.00855255228727e-05
218342735;LD1;6.43006735447241e-05
218342750;LD1;9.10885658033802e-08
218342846;LD1;1.12341782241229e-06
218342855;LD1;7.97419861396871e-06
218342868;LD1;1.68196499380132e-05
218342873;LD1;2.54188878234845e-06
218342881;LD1;0.00062186422370488
218342933;LD1;7.54274778511602e-06
218505562;LD1;1.58898168184925e-05
218505595;LD1;1.19960771066074e-05
218505625;LD1;3.11847009638272e-05
218505634;LD1;4.05657314568568e-05
218505664;LD1;1.23081429192568e-05
218505679;LD1;1.84262474823904e-05
218505769;LD1;2.26179896075003e-06
218505775;LD1;1.19054835275344e-08
218505784;LD1;2.11363144933816e-07
218505797;LD1;2.30000517355257e-05
218505802;LD1;0.000205998685817987
218505862;LD1;1.57201084368423e-05
219459122;LD1;1.55115650890187e-05
219459182;LD1;7.30306652985112e-05
219459187;LD1;6.75247559763624e-07
219459200;LD1;2.01785752305228e-05
219459209;LD1;9.33037369219442e-07
219459305;LD1;3.6037042346947e-08
219459320;LD1;0.000261211548559108
219459350;LD1;0.000180042855038961
219459359;LD1;2.68836588822619e-08
219459389;LD1;2.12105739922496e-05
219459422;LD1;4.6008011052368e-05
224072018;LD1;1.55155065774678e-10
224072078;LD1;5.95767716687549e-05
224072083;LD1;6.01694284088986e-06
224072096;LD1;8.70615584509482e-06
224072105;LD1;4.91480261547858e-05
224072201;LD1;1.95652798320838e-05
224072216;LD1;0.000183873883822047
224072246;LD1;3.99506719451259e-05
224072255;LD1;5.30004893995822e-06
224072285;LD1;7.04082679240602e-07
224072318;LD1;2.96414200655065e-05
231669868;LD1;9.45797289324662e-06
231669928;LD1;0.00026855828263073
231669933;LD1;8.46254329070973e-05
231669955;LD1;3.9715272077074e-05
231670051;LD1;1.37761216206465e-05
231670066;LD1;8.85380641014765e-05
231670096;LD1;3.68762267074192e-05
231670105;LD1;1.48223268398869e-05
231670135;LD1;1.95850992240441e-05
231670168;LD1;1.04781576340227e-06
236384835;LD1;9.73356759463582e-06
236384865;LD1;1.71667709820187e-06
236384919;LD1;3.47407644137187e-05
236385015;LD1;1.4582196880819e-06
236385024;LD1;1.80881554529974e-05
236385036;LD1;1.43781576069297e-05
236385042;LD1;6.40563260516551e-06
236385102;LD1;1.60136282479025e-05
238619645;LD1;1.41374304942894e-05
238619705;LD1;3.98650198537063e-05
238619711;LD1;2.73413566972607e-05
238619723;LD1;3.909982472333e-06
238619732;LD1;1.54010073976592e-06
238619828;LD1;4.56188627666513e-07
239436964;LD1;5.40943852224055e-06
239437147;LD1;0.00021632552318089
239437192;LD1;1.14141661037456e-08
239437201;LD1;4.76021356956969e-05
239437231;LD1;4.29343301937784e-05
239437264;LD1;3.21906035892541e-07
239705239;LD1;3.58547659690406e-06
239705299;LD1;0.000236223953929181
239705304;LD1;2.54293660683348e-05
239705317;LD1;3.82832181572597e-08
239705326;LD1;2.59431188034736e-06
239705422;LD1;1.85514807049607e-05
239705437;LD1;4.77413018993049e-06
239705467;LD1;2.80604653961131e-05
239705476;LD1;1.49289911059052e-05
239705506;LD1;1.83086321147808e-05
239705539;LD1;4.32890087713415e-05
240092004;LD1;6.55237987332965e-05
240092037;LD1;1.53572691393491e-05
240092067;LD1;1.25154698374721e-05
240092076;LD1;5.7161343366328e-05
240092106;LD1;0.000120486237434755
240092121;LD1;2.1174218718995e-05
240092217;LD1;8.13918122440446e-06
240092226;LD1;1.56655559956889e-06
240092239;LD1;7.8618879204811e-05
240092244;LD1;0.000321803350827248
240092304;LD1;1.39158183801828e-05
249715511;LD1;1.57785717347185e-07
249715544;LD1;0.000587607456905695
249715574;LD1;1.45797914512122e-05
249715583;LD1;9.95188236921609e-06
249715613;LD1;3.0103473876904e-05
249715628;LD1;0.000211741584813861
249715733;LD1;1.54526320663592e-05
249715746;LD1;9.03610506166645e-05
249715751;LD1;0.00114477520737456
249715811;LD1;2.00421780036848e-06
253299747;LD1;9.36547379954652e-05
253299780;LD1;9.65760375598192e-06
253299810;LD1;1.4157756698141e-05
253299819;LD1;3.10419935526259e-05
253299849;LD1;1.27153716157728e-06
253299982;LD1;7.34202302456115e-05
253299987;LD1;0.000198178510748606
253300047;LD1;0.000102919992164992
259058742;LD1;3.49461357752614e-05
259058802;LD1;1.81624159648971e-05
259058808;LD1;7.95992949436669e-06
259058820;LD1;1.80941553045673e-05
259058829;LD1;5.08161182757191e-07
259058925;LD1;6.25016754802027e-06
259059009;LD1;3.1599980467663e-08
264190905;LD1;3.08315249617502e-05
264190965;LD1;0.000473127271032478
264190970;LD1;0.000115998771290342
264190992;LD1;2.75093491499701e-05
264191088;LD1;2.20102087835467e-05
264191103;LD1;3.80404105839233e-05
264191133;LD1;0.000194809307167654
264191142;LD1;0.000145735113140719
264191172;LD1;1.79154604646234e-05
264191205;LD1;4.89297958051952e-06
266792271;LD1;1.39189488038276e-05
266792304;LD1;9.48621343699951e-05
266792334;LD1;8.26396364887875e-06
266792343;LD1;3.39104309208051e-05
266792373;LD1;9.08979327347568e-05
266792388;LD1;0.000260125807137051
266792484;LD1;4.11800690639289e-05
266792493;LD1;8.21677515718496e-05
266792506;LD1;7.77353430028284e-06
266792511;LD1;0.000208376243336375
266792571;LD1;8.62466652655018e-05
270495259;LD1;6.11968030409248e-09
270495292;LD1;0.000147957189499235
270495322;LD1;0.000114984831943547
270495331;LD1;9.93847916935461e-05
270495361;LD1;0.000143454029083255
270495376;LD1;0.000370935491883726
270495472;LD1;1.71764075346236e-05
270495481;LD1;0.000131069824205761
270495494;LD1;0.000205165338179548
270495499;LD1;0.00104828040915683
270495559;LD1;2.43133406924802e-05
270946475;LD1;6.41882329675527e-05
270946508;LD1;0.00018478870605627
270946538;LD1;9.59596921690698e-05
270946547;LD1;0.00015284732810739
270946577;LD1;6.28252469017681e-05
270946592;LD1;3.41959920604314e-05
270946688;LD1;1.52079737751797e-05
270946697;LD1;1.9831526741634e-05
270946710;LD1;4.99432295875688e-05
270946715;LD1;0.000195366335921291
270946775;LD1;7.77812143434107e-06
281027983;LD1;3.81391988065546e-05
281028043;LD1;6.71118713040412e-05
281028048;LD1;1.12203057740508e-06
281028061;LD1;2.82331997296007e-05
281028070;LD1;1.18076027666078e-05
281028166;LD1;7.88762161028899e-05
281028181;LD1;1.3671489023515e-09
281028211;LD1;6.99189058814705e-06
281028220;LD1;2.35682935980518e-07
281028250;LD1;0.000151457878872214
281028283;LD1;4.11284338326984e-05
282406281;LD1;6.61105723344241e-06
282406341;LD1;0.000195234905625686
282406346;LD1;6.33476073338375e-05
282406359;LD1;6.3840982821049e-07
282406464;LD1;6.3986477526477e-08
282406479;LD1;1.60059786442961e-06
282406518;LD1;2.76455928073055e-07
282406548;LD1;2.93430452310045e-05
282962145;LD1;3.79784943685607e-06
282962178;LD1;7.41202815814726e-06
282962208;LD1;1.02999756484923e-05
282962217;LD1;1.47398122060258e-05
282962247;LD1;4.29006466852047e-06
282962262;LD1;4.68164910673296e-06
282962367;LD1;0.000302645462243362
282962380;LD1;0.000120923799744548
282962445;LD1;4.82752895890091e-06
284653205;LD1;2.52506485728063e-05
284653238;LD1;0.000151615183847957
284653268;LD1;3.94316223943671e-05
284653277;LD1;0.000162115918733816
284653307;LD1;1.60001117660508e-05
284653322;LD1;6.88323896037102e-06
284653418;LD1;7.53572233229486e-05
284653440;LD1;4.35073194820178e-06
284653445;LD1;0.000304803588521514
284653505;LD1;6.41266249731775e-05
284987758;LD1;5.55869136683829e-05
284987791;LD1;3.75980134625627e-05
284987821;LD1;4.10994751094587e-05
284987830;LD1;1.97072219652706e-07
284987860;LD1;4.84681365166977e-06
284987875;LD1;4.28342562276036e-05
284987980;LD1;1.06533014277795e-05
284987993;LD1;0.000167404622329964
284987998;LD1;0.000149761997224622
284988058;LD1;5.22813480897839e-05
286163307;LD1;0.000172257145910876
286163313;LD1;0.000527128399965517
286163325;LD1;5.84976379665184e-05
286163330;LD1;3.64490200449392e-05
286163334;LD1;1.31840792557098e-05
286163431;LD1;4.84416868749124e-06
286163449;LD1;1.80894534561006e-05
286163458;LD1;8.32970168939557e-09
286163477;LD1;4.36278254019742e-07
286163485;LD1;3.02966069663863e-07
286163515;LD1;3.09265568350104e-05
286163521;LD1;2.13192880005681e-06
286163548;LD1;8.15660788052943e-07
286593775;LD1;6.53368940405796e-06
286593838;LD1;1.1892874031649e-05
286593847;LD1;0.000144696137035702
286593877;LD1;6.93201766580979e-05
286593892;LD1;2.52245174468253e-05
286593988;LD1;3.81299544371942e-07
286593997;LD1;1.77333972650761e-05
286594010;LD1;2.67920576383132e-05
286594015;LD1;0.000213597987733926
286594075;LD1;1.40824989188202e-06
286808081;LD1;0.000285522172801578
286808086;LD1;1.49287551471174e-05
286808099;LD1;2.7871738197956e-05
286808108;LD1;1.27927527292264e-05
286808204;LD1;4.36645448996331e-07
286808219;LD1;6.23724913228346e-07
286808249;LD1;1.87185661416019e-06
286808258;LD1;3.53619967002713e-06
286808288;LD1;3.3454151266114e-06
286808321;LD1;1.99025304687514e-05
287047367;LD1;0.000535185978309135
287047400;LD1;4.09657938574045e-05
287047430;LD1;1.21947739317948e-05
287047439;LD1;0.000276837217738549
287047469;LD1;9.39906636061209e-05
287047484;LD1;4.27408488654286e-05
287047607;LD1;0.000573309845205187
287635616;LD1;1.24031505999509e-05
287635649;LD1;8.87906891314045e-05
287635688;LD1;0.000201845198107928
287635718;LD1;4.11121181034129e-05
287635733;LD1;1.91765450089059e-05
287635829;LD1;0.000110396154052446
287635851;LD1;8.06440952989389e-05
287635916;LD1;0.000103956662932162
288238885;LD1;2.86409588904918e-05
288238918;LD1;9.90763458283821e-07
288238948;LD1;3.58001078987755e-06
288238957;LD1;3.57162845915185e-05
288238987;LD1;4.3761706748149e-05
288239002;LD1;1.40308166527586e-05
288239098;LD1;2.16140204932233e-07
288239107;LD1;6.41722456172342e-07
288239120;LD1;1.39175131924864e-05
288239125;LD1;0.000175025214252938
288239185;LD1;1.26101337669285e-05
288627332;LD1;1.74098056402382e-05
288627397;LD1;4.18297642477326e-05
288627515;LD1;5.04254857100439e-05
288627530;LD1;1.64175378709201e-05
288627560;LD1;2.77277237214007e-05
288627599;LD1;3.33039356668009e-05
288627632;LD1;4.83425201506945e-05
289918779;LD1;0.000403261786760669
289918810;LD1;2.24144839397637e-06
289918870;LD1;1.17010243108413e-05
289918875;LD1;2.76423674094852e-05
289918994;LD1;0.000310841267648872
289919009;LD1;1.40301698673342e-06
289919039;LD1;3.65075884371348e-05
289919048;LD1;1.13469360394135e-05
289919078;LD1;0.000304127888361753
289919111;LD1;8.38426712378154e-08
291043134;LD1;0.000390826321144699
291043139;LD1;4.62661046901071e-05
291043152;LD1;6.44435591536394e-05
291043257;LD1;0.000120207589302224
291043272;LD1;6.37954277914703e-05
291043302;LD1;0.000215587316620416
291043311;LD1;2.11899552079889e-06
291043341;LD1;8.31163402170803e-05
291043374;LD1;4.75951286719391e-05
294723522;LD1;2.54790427936696e-06
294723582;LD1;0.000459089364391621
294723587;LD1;3.90968704108357e-05
294723594;LD1;8.3290546233379e-09
294723600;LD1;4.83845254334583e-05
294723705;LD1;1.63722215090653e-05
294723720;LD1;6.22838437599826e-05
294723750;LD1;1.42666515700082e-07
294723759;LD1;8.70657097460398e-06
294723789;LD1;3.83190188287339e-06
294723822;LD1;1.67032397648755e-07
295241270;LD1;8.7680241742223e-06
295241303;LD1;2.39106421902379e-05
295241333;LD1;4.48128494479299e-05
295241342;LD1;5.33927945330153e-05
295241372;LD1;1.26941328060597e-06
295241387;LD1;8.47224822203623e-06
295241483;LD1;2.33453361136906e-06
295241492;LD1;8.19861638926711e-08
295241505;LD1;5.70466454016568e-05
295241510;LD1;0.000339269186799091
295241570;LD1;5.89215424317036e-06
296430529;LD1;2.76508952341428e-06
296430560;LD1;2.64487103792943e-05
296430562;LD1;1.67671821964344e-05
296430592;LD1;0.000108865114917902
296430601;LD1;5.80915192193051e-05
296430631;LD1;1.78233509454682e-05
296430644;LD1;3.20218707890913e-05
296430646;LD1;4.52521461467907e-05
296430740;LD1;2.14332021610014e-05
296430742;LD1;1.24278123789437e-05
296430749;LD1;1.07489357889796e-06
296430751;LD1;3.01491379773966e-06
296430761;LD1;6.85824110135696e-05
296430764;LD1;6.1485442695601e-05
296430767;LD1;4.66576544163135e-05
296430769;LD1;6.74471725248341e-05
296430827;LD1;2.04271471851033e-05
296430829;LD1;2.29220124842323e-06
297971548;LD1;2.96145399705338e-05
297971581;LD1;2.41557944538835e-05
297971611;LD1;7.66495868765836e-07
297971620;LD1;0.000237709397130562
297971650;LD1;0.000131178919885153
297971665;LD1;2.48713198964077e-05
297971761;LD1;5.02783702050824e-06
297971770;LD1;6.41708730314965e-06
297971783;LD1;5.32376342722184e-05
297971788;LD1;0.000160663747947516
297971848;LD1;9.21320873672474e-06
298211187;LD1;3.45204019944129e-05
298211220;LD1;9.11253468711117e-05
298211250;LD1;3.20832592602748e-13
298211259;LD1;1.85604652125933e-05
298211289;LD1;1.89259331308429e-05
298211304;LD1;0.000106975228723536
298211400;LD1;7.13979383076079e-06
298211409;LD1;2.85916960775177e-06
298211422;LD1;6.86001430414155e-05
298211427;LD1;4.77594091114598e-05
298211487;LD1;0.000201161608645279
298434555;LD1;1.02987475383179e-05
298434618;LD1;1.01750229559113e-05
298434627;LD1;8.58842662395112e-05
298434657;LD1;6.27632752549092e-05
298434672;LD1;8.82432346167185e-05
298434768;LD1;5.42936998127791e-06
298434777;LD1;2.29100653316275e-06
298434790;LD1;2.63080799227434e-05
298434795;LD1;0.00029968818506712
298434855;LD1;2.87751426012793e-07
300175969;LD1;0.000769095825398483
300175990;LD1;0.000242957038723196
300175999;LD1;4.51169215024377e-05
300176050;LD1;3.95751483519869e-05
300176067;LD1;7.65356739572788e-05
300176183;LD1;5.22309385261979e-07
300176247;LD1;2.52936368846767e-06
302253166;LD1;0.000119845070658787
302253229;LD1;2.21447248865346e-05
302253238;LD1;8.06463931115608e-05
302253268;LD1;4.83809761843073e-05
302253379;LD1;9.92561678755913e-06
302253388;LD1;5.62389829127391e-05
302253401;LD1;5.57401533088171e-05
302253466;LD1;3.28523696531814e-05
306845800;LD1;1.07233961363785e-05
306845860;LD1;3.81013558561085e-05
306845865;LD1;7.29872694530083e-08
306845878;LD1;9.29871211308129e-05
306845887;LD1;2.16654299423184e-05
306845983;LD1;6.01174464469217e-05
306845998;LD1;0.000122960952172623
306846028;LD1;1.07587873425993e-05
306846037;LD1;1.3866973073245e-05
306846067;LD1;3.06124754268993e-06
306846100;LD1;1.3260652476406e-05
309602753;LD1;1.09297129991423e-05
309602813;LD1;0.000107800310384047
309602819;LD1;0.000103411240422938
309602831;LD1;1.74243671410532e-06
309602840;LD1;3.70488546351141e-06
309602936;LD1;9.78843145291075e-06
309603020;LD1;1.89285597580779e-06
309937304;LD1;0.000182949131030513
309937337;LD1;0.000236935015528258
309937367;LD1;3.8748055852735e-05
309937376;LD1;3.63927042363488e-05
309937406;LD1;1.76489487440828e-06
309937421;LD1;0.000109131645914932
309937526;LD1;3.2421316237782e-05
309937539;LD1;2.55620964227421e-08
309937544;LD1;0.000270038904951722
309937604;LD1;0.000189010605623674
314414719;LD1;1.54504969751887e-06
314414779;LD1;0.000129647782478539
314414784;LD1;4.86232509720086e-05
314414797;LD1;8.71690844148483e-06
314414806;LD1;4.09889361314675e-06
314414902;LD1;7.59101569819502e-06
314414917;LD1;1.99748935870488e-05
314414947;LD1;7.68043731813544e-05
314414956;LD1;2.90601026568405e-07
314414986;LD1;2.84790781576908e-05
314415019;LD1;4.5979492645651e-05
317501491;LD1;0.000133404072822608
317501524;LD1;7.06734346216172e-05
317501554;LD1;1.76174986237572e-05
317501563;LD1;2.51052827516639e-05
317501593;LD1;1.41199074694131e-05
317501608;LD1;6.79145838746818e-06
317501704;LD1;0.000254734802278055
317501713;LD1;1.07468801944048e-05
317501726;LD1;2.09542263652384e-07
317501731;LD1;0.000264680585957907
317501791;LD1;8.21174388439548e-07
319343336;LD1;9.0346785295106e-06
319343420;LD1;1.03904855329396e-06
319343516;LD1;8.32280184445282e-07
319343537;LD1;1.93614380192673e-05
319343543;LD1;0.000156966782152835
319343603;LD1;5.27639078291289e-06
320522709;LD1;4.17810828247857e-06
320522778;LD1;6.44072112143766e-06
320522793;LD1;1.52911352021229e-05
320522889;LD1;1.85410643560633e-05
320522898;LD1;1.58178460284494e-08
320522910;LD1;2.22943969138435e-06
320522916;LD1;0.000125672008786217
320522975;LD1;3.24755116916361e-09
322256243;LD1;5.21478020563186e-07
322256327;LD1;2.128263316029e-05
322256423;LD1;1.59704847582919e-05
322256432;LD1;5.57910678923796e-07
322256444;LD1;0.000104760003024255
322256450;LD1;0.000116451296150831
322256510;LD1;6.83347141414332e-06
326695040;LD1;3.70234646355872e-07
327793062;LD1;2.90829172067427e-05
327793125;LD1;6.81638600414897e-05
327793134;LD1;4.95924345619194e-05
327793164;LD1;2.05261045263189e-05
327793179;LD1;1.72196356412639e-05
327793275;LD1;3.82129068874758e-06
327793284;LD1;1.33551011409256e-05
327793297;LD1;7.86609244857482e-05
327793302;LD1;5.25447295901632e-05
327793362;LD1;8.33586674267647e-07
329841540;LD1;0.000148415101178038
329841573;LD1;1.07980887158188e-05
329841603;LD1;6.88436499831832e-05
329841612;LD1;5.43534096586824e-06
329841642;LD1;3.16391342480673e-07
329841657;LD1;0.000173216890354727
329841753;LD1;3.84054556919977e-06
329841775;LD1;0.000357533532366745
329841780;LD1;0.000116798820420749
329841840;LD1;0.000184898189021496
334483986;LD1;2.0973506881578e-06
334483992;LD1;1.37270700735301e-08
334484004;LD1;5.87279891770465e-06
334484013;LD1;2.30638994247736e-05
334484109;LD1;5.64821212226582e-06
334484193;LD1;1.26293723704822e-06
336242043;LD1;0.000101703542355107
336242076;LD1;4.82162431941948e-05
336242106;LD1;0.000305120277357335
336242115;LD1;0.000119605599722455
336242145;LD1;5.5115474593553e-05
336242160;LD1;2.8885992140249e-05
336242256;LD1;5.60467095827217e-05
336242265;LD1;2.61368954713835e-05
336242278;LD1;8.34562186132331e-05
336242283;LD1;0.0016635187999848
336974134;LD1;9.06703170883511e-05
336974194;LD1;0.000164043734336938
336974212;LD1;3.58082642508788e-06
336974221;LD1;0.000395373526393761
336974317;LD1;0.000192911597041257
336974332;LD1;1.44084525251621e-05
336974362;LD1;2.21880690438707e-06
336974371;LD1;9.50465845777695e-06
336974401;LD1;6.3593589882407e-05
336974434;LD1;1.17999972529563e-05
338443357;LD1;2.71190578114091e-06
338443390;LD1;1.17021490247614e-05
338443420;LD1;1.59590887435231e-06
338443429;LD1;4.35393474468181e-05
338443459;LD1;6.45460493865712e-06
338443474;LD1;1.86689346529353e-08
338443570;LD1;2.83879070723262e-05
338443579;LD1;8.00016162219881e-05
338443597;LD1;0.0002408501239409
338443657;LD1;2.43508835884542e-06
341341496;LD1;3.77234018961724e-05
341341556;LD1;0.000272964909498629
341341561;LD1;0.000160550653063837
341341574;LD1;3.48894482235137e-05
341341583;LD1;1.52294159975747e-06
341341589;LD1;6.08925700896168e-06
341341679;LD1;4.91705877537999e-07
341341694;LD1;0.000170673284474185
341341724;LD1;8.52627094776145e-05
341341733;LD1;5.39318323698496e-05
341341763;LD1;4.71170001306068e-05
341341796;LD1;7.70405479187912e-06
348604084;LD1;8.91371296270104e-05
348604117;LD1;2.20234070895209e-05
348604147;LD1;1.25539267915158e-06
348604156;LD1;4.28779113953088e-05
348604186;LD1;1.95428008610346e-05
348604201;LD1;3.30261130326276e-05
348604297;LD1;1.09135618704073e-06
348604306;LD1;3.72669220753771e-05
348604319;LD1;3.08081024153948e-05
348604324;LD1;0.000183533038191399
348604384;LD1;2.0089661707915e-05
349147759;LD1;8.47810177449866e-05
349147819;LD1;0.000507458620913839
349147824;LD1;9.49123864245869e-05
349147837;LD1;3.34064211282395e-05
349147846;LD1;3.78260752037005e-05
349147942;LD1;8.69546863876417e-05
349147957;LD1;8.32295754927716e-05
349147987;LD1;0.000115154111821861
349147996;LD1;1.76474693095131e-05
349148026;LD1;0.000231037131472497
349148059;LD1;3.57106970402467e-05
350500697;LD1;0.000181926570268469
350500730;LD1;3.92881479817845e-06
350500760;LD1;5.13134902012115e-05
350500769;LD1;1.4360303950645e-05
350500799;LD1;7.09105181148244e-07
350500910;LD1;2.79846633803923e-06
350500919;LD1;0.000225825778133109
350500931;LD1;3.54533738255016e-06
350500937;LD1;0.000143854475849677
350500997;LD1;8.62229585431618e-06
351798875;LD1;2.24452538111642e-05
351798935;LD1;0.000244167045101799
351798940;LD1;0.000103859291780407
351798953;LD1;1.2528320316058e-06
351798962;LD1;9.44091010751911e-06
351799058;LD1;2.67555274366106e-05
351799073;LD1;1.25071527397241e-05
351799103;LD1;1.57813579194642e-05
351799112;LD1;4.09918781005226e-05
351799142;LD1;2.21352983550877e-08
351799175;LD1;4.67686951499178e-05
352468040;LD1;9.09921418459606e-08
352468100;LD1;4.93467943919941e-06
352468106;LD1;1.5544627248326e-05
352468118;LD1;1.48916141567722e-05
352468127;LD1;0.000384685507050472
352468277;LD1;4.96333872017409e-07
352468307;LD1;7.38592759685811e-06
356242343;LD1;0.000115247153976418
356242376;LD1;8.85992844576193e-05
356242406;LD1;6.61057170442451e-05
356242415;LD1;6.58702804898616e-05
356242445;LD1;7.35312195874787e-05
356242460;LD1;2.84401307669844e-05
356242556;LD1;9.15678788472464e-06
356242565;LD1;4.26034079912509e-06
356242578;LD1;5.1043334738489e-05
356242583;LD1;0.000242160413490121
356242643;LD1;2.38169661190206e-05
356390510;LD1;0.00029771895984749
356390540;LD1;6.28611457385436e-06
356390594;LD1;4.19169391372209e-05
356390711;LD1;1.28421598009164e-06
356390717;LD1;6.63907315825741e-07
356390777;LD1;0.000668814130902516
362313900;LD1;1.35751356384894e-05
362313954;LD1;8.0871981026355e-05
362314050;LD1;2.87811910410238e-05
362314071;LD1;1.79651357439607e-05
362314137;LD1;4.18278987863889e-05
366804467;LD1;2.82892542204352e-05
366804500;LD1;3.88504609999015e-06
366804530;LD1;5.07172673749531e-06
366804539;LD1;5.16149736990039e-05
366804569;LD1;4.43012487268645e-05
366804584;LD1;2.45000654136498e-10
366804680;LD1;3.04002671256731e-05
366804689;LD1;4.19886536709257e-05
366804702;LD1;5.1138474811678e-05
366804707;LD1;0.000234835009402484
366804767;LD1;2.29982280895596e-05
367759173;LD1;1.51015004857582e-05
367759269;LD1;5.62478108056087e-06
367759273;LD1;7.92769380297394e-08
367759278;LD1;5.23199663375878e-07
367759296;LD1;1.99737303256901e-05
367759356;LD1;2.1516025669043e-05
370302328;LD1;3.09521472801307e-05
370302388;LD1;4.98215041903034e-07
370302394;LD1;2.02149181544021e-08
370302406;LD1;3.08883609819774e-05
370302415;LD1;4.48561888830798e-06
370302511;LD1;7.83078131962156e-07
370302595;LD1;8.88623200669344e-08
370525118;LD1;1.05636632772066e-05
370525149;LD1;1.16293826005471e-06
370525151;LD1;1.27305475699364e-05
370525181;LD1;3.23984611611649e-06
370525190;LD1;1.55149963782758e-05
370525220;LD1;4.93841905445453e-05
370525233;LD1;3.52375096613337e-06
370525235;LD1;1.60194724967476e-07
370525329;LD1;7.03819065474857e-06
370525331;LD1;7.96439026847207e-06
370525338;LD1;9.31121734370593e-09
370525340;LD1;4.64426511061636e-05
370525350;LD1;7.57760342440478e-05
370525353;LD1;1.85100107438757e-05
370525356;LD1;6.80383716160712e-05
370525358;LD1;6.66238759267456e-05
370525416;LD1;7.87908635511614e-06
370525418;LD1;4.46941076017703e-06
373518040;LD1;5.77527337797773e-06
373518103;LD1;1.45883534429778e-05
373518112;LD1;9.10057120063815e-05
373518142;LD1;1.66665242311881e-05
373518155;LD1;2.02639550671796e-05
373518157;LD1;1.73113918235455e-06
373518251;LD1;1.2912295892126e-06
373518253;LD1;2.43705498378512e-06
373518260;LD1;1.30497616408614e-05
373518262;LD1;1.13755167225295e-06
373518272;LD1;0.00013158845501605
373518275;LD1;4.24341069474862e-05
373518278;LD1;9.56972689069394e-05
373518280;LD1;0.00015181345451321
373518283;LD1;1.18381005349222e-06
373518285;LD1;1.1015450875645e-08
373518338;LD1;7.45753881417249e-05
373518340;LD1;1.00836728759438e-05
376714973;LD1;7.8306398241631e-06
376715033;LD1;7.35519357718803e-05
376715038;LD1;2.17791209241926e-05
376715051;LD1;3.97668127717217e-05
376715060;LD1;0.000271673478968893
376715156;LD1;6.55916661440974e-06
376715171;LD1;2.23127188454083e-05
376715201;LD1;1.12450401546569e-05
376715210;LD1;3.88521992932611e-06
376715240;LD1;1.60833933000045e-05
376715273;LD1;2.25694110005293e-05
377593978;LD1;6.82553108754964e-05
377594038;LD1;0.00018419825243524
377594056;LD1;2.42605647029513e-05
377594161;LD1;0.000139612888102712
377594176;LD1;0.000519677991301161
377594206;LD1;1.66828323602538e-05
377594215;LD1;2.243962506113e-05
377594245;LD1;0.00111166345179781
377594278;LD1;4.26860259600605e-06
380880557;LD1;5.93438809721068e-05
380880617;LD1;0.000266301145617642
380880622;LD1;0.000286853401457307
380880635;LD1;2.6553858471041e-05
380880644;LD1;0.000114136112000717
380880740;LD1;0.000100247195814959
380880755;LD1;9.59615218193595e-07
380880785;LD1;0.000214802714258242
380880794;LD1;5.89727256573068e-05
380880824;LD1;1.12156904754053e-05
380880857;LD1;3.20795538671979e-05
381974388;LD1;8.76652546871075e-07
381974472;LD1;0.000106595224860953
381974568;LD1;8.60295829627719e-07
381974577;LD1;4.28943871450828e-06
381974589;LD1;0.000129654929048292
381974595;LD1;8.19461929013523e-05
381974655;LD1;5.02674786822874e-05
384014572;LD1;0.000609731912870185
384014632;LD1;0.000245561235236211
384014637;LD1;9.98347053085127e-05
384014650;LD1;0.000133397415129461
384014755;LD1;9.05694199407999e-05
384014770;LD1;0.000484981910184895
384014800;LD1;0.000347143924053805
384014839;LD1;2.23178533298102e-06
384014872;LD1;7.39706371161163e-07
384494264;LD1;0.000158694883360097
384494329;LD1;3.38570184661476e-05
384494351;LD1;4.96228660689823e-07
384494447;LD1;0.000150321044915066
384494462;LD1;1.40024702967339e-05
384494501;LD1;7.72389528072676e-06
384494531;LD1;8.84444782805635e-05
384494564;LD1;7.50764222026542e-08
390353159;LD1;3.00835088105801e-05
390353219;LD1;0.000310757993767546
390353237;LD1;1.94684433143121e-05
390353246;LD1;2.85797860439003e-07
390353342;LD1;0.000117844794203372
390353426;LD1;1.27334091796006e-06
392668889;LD1;0.000111548254124069
392668973;LD1;3.63796323071433e-07
392669069;LD1;2.07380372576129e-05
392669090;LD1;4.62895518777163e-06
392669096;LD1;2.80323166786567e-07
392669156;LD1;1.34548513566622e-05
394702615;LD1;1.44649355429045e-05
394702675;LD1;0.000137632923887798
394702680;LD1;4.27938894607585e-05
394702693;LD1;3.95518193278937e-06
394702702;LD1;5.406378967747e-06
394702798;LD1;6.49491575473658e-07
394702813;LD1;1.67635702438542e-05
394702843;LD1;2.79200648022261e-06
394702852;LD1;1.43890490744551e-05
394702882;LD1;4.23385747668305e-06
394702915;LD1;1.51795830427691e-05
399745491;LD1;3.13266324779017e-06
399745551;LD1;0.000284995250205483
399745556;LD1;9.99997978616485e-09
399745569;LD1;6.87040899424587e-05
399745578;LD1;2.95289342592968e-06
399745584;LD1;5.80943996044932e-07
399745674;LD1;3.79207369438099e-07
399745689;LD1;0.000115598630491508
399745719;LD1;1.85251375024835e-06
399745728;LD1;3.660000562363e-05
399745758;LD1;8.16112216500498e-05
399745791;LD1;1.16464871833018e-05
400849414;LD1;7.32107030134402e-06
400849474;LD1;0.000214225543245431
400849479;LD1;5.24610656919791e-05
400849492;LD1;3.29363833720836e-07
400849501;LD1;4.84790632458406e-06
400849507;LD1;0.000131613814595697
400849597;LD1;1.54605266882503e-05
400849612;LD1;2.06739546524978e-05
400849642;LD1;2.35431701070308e-05
400849651;LD1;4.09763776417666e-05
400849681;LD1;2.88329331907404e-06
400849714;LD1;1.06427489625951e-05
402029576;LD1;0.000289324026414383
402029609;LD1;7.00574399456854e-06
402029639;LD1;0.00112944173099653
402029648;LD1;3.91223198024078e-05
402029678;LD1;5.10758848531488e-06
402029693;LD1;0.000119815756875508
402029789;LD1;8.66992708514172e-06
402029798;LD1;1.14834307495948e-05
402029811;LD1;2.67926775361135e-05
402029816;LD1;0.000261305825364491
402029876;LD1;0.000135593775029263
402530213;LD1;4.85825442992674e-05
402530454;LD1;9.15663069762435e-05
402530497;LD1;3.18719997602528e-08
402530508;LD1;1.92822574949674e-05
402530511;LD1;0.000128326228409085
402530521;LD1;3.77343358681274e-06
402530534;LD1;1.34823734184158e-05
402530538;LD1;0.000565796392742178
406843397;LD1;2.27051211380421e-05
406843457;LD1;0.000112352137230764
406843462;LD1;1.08300528897956e-05
406843475;LD1;0.000124275562525867
406843484;LD1;3.46522631156417e-05
406843580;LD1;1.94356691361371e-05
406843595;LD1;1.58871306764877e-05
406843625;LD1;2.24006076482116e-05
406843634;LD1;6.51252036283839e-05
406843664;LD1;1.74390158210375e-05
406843697;LD1;6.9523925396905e-06
408489457;LD1;1.34453815610874e-05
408489490;LD1;5.14804745565074e-06
408489520;LD1;2.30468910535014e-08
408489529;LD1;4.01097127671645e-08
408489559;LD1;3.28675389476633e-05
408489574;LD1;7.55781227630122e-05
408489670;LD1;1.9665941235643e-05
408489692;LD1;9.19446076654972e-05
408489697;LD1;0.000119358764642398
408489757;LD1;1.68561742220614e-05
410147649;LD1;2.58079974900767e-05
410147709;LD1;0.000204738057434925
410147714;LD1;7.42839163732548e-05
410147727;LD1;1.00047748144185e-10
410147736;LD1;4.24092457401927e-06
410147741;LD1;1.00407211363148e-06
410147832;LD1;6.31947133769782e-06
410147847;LD1;3.11251755826477e-07
410147886;LD1;3.78554708597469e-06
410147916;LD1;1.26541434186766e-05
410147949;LD1;2.74182699273355e-06
418593389;LD1;7.00134560640337e-06
418593449;LD1;0.00028933057664389
418593454;LD1;8.47983929032075e-08
418593467;LD1;9.47223056145018e-08
418593476;LD1;7.45298958526767e-06
418593572;LD1;1.03407185939079e-05
418593587;LD1;9.11329665667181e-05
418593617;LD1;3.41091831893954e-05
418593626;LD1;1.40823103729372e-05
418593656;LD1;1.10118016629269e-08
418593689;LD1;1.11704167894041e-06
419495101;LD1;4.19658283554352e-05
419495161;LD1;0.00014039980068198
419495166;LD1;0.000104206502784168
419495179;LD1;4.61758993290235e-07
419495188;LD1;9.70291855803115e-08
419495284;LD1;4.37118984760356e-07
419495299;LD1;4.73065489601136e-05
419495329;LD1;1.352521692811e-05
419495338;LD1;5.66076759086051e-05
419495368;LD1;1.69016428464688e-08
419495401;LD1;1.0152879319048e-09
423079879;LD1;2.41727891812748e-07
423079939;LD1;7.26466974781146e-05
423079944;LD1;1.78117363428969e-05
423079957;LD1;4.88676791003635e-06
423079966;LD1;3.64693801642752e-05
423080062;LD1;6.2878364611653e-05
423080077;LD1;1.20796498916657e-05
423080116;LD1;7.86602143320699e-05
423080179;LD1;5.25323623846856e-05
423470266;LD1;7.0262877217783e-05
423470326;LD1;0.000116915392594285
423470331;LD1;2.89458709608384e-05
423470344;LD1;0.00023061246446625
423470353;LD1;6.57178807593847e-05
423470449;LD1;3.75144826952204e-05
423470464;LD1;3.4092237856006e-06
423470494;LD1;4.98438523747666e-06
423470503;LD1;4.27037333423339e-05
423470533;LD1;1.12323021082284e-05
423470566;LD1;1.2438264344375e-07
425955438;LD1;0.000237400874633926
425955443;LD1;6.84022576272139e-05
425955465;LD1;7.92520078443336e-05
425955576;LD1;7.60591976268957e-05
425955606;LD1;1.03416537440528e-07
425955615;LD1;3.98198755026635e-06
425955645;LD1;2.48449352476586e-05
425955678;LD1;2.7462775405709e-05
426087432;LD1;6.40686694364312e-06
426087492;LD1;0.000294265235677252
426087497;LD1;0.000110631197172635
426087510;LD1;8.92284377374031e-07
426087519;LD1;1.09053435846305e-05
426087615;LD1;1.31369667522843e-05
426087630;LD1;1.49435771408862e-05
426087660;LD1;5.69901401809492e-05
426087669;LD1;3.06415404494949e-05
426087699;LD1;1.07122745592419e-06
426087732;LD1;2.36597620326404e-05
427073355;LD1;1.78965801842305e-05
427073526;LD1;2.99088368234031e-05
427073556;LD1;7.60005356971548e-06
427231653;LD1;5.3901853339626e-07
427231668;LD1;2.27925193886399e-05
427231698;LD1;8.09121163955944e-05
427231707;LD1;7.44947881152901e-06
427231737;LD1;3.35034817632653e-08
430557026;LD1;4.80592844814909e-06
430557086;LD1;0.000149686599148042
430557091;LD1;2.73797284469134e-05
430557104;LD1;2.62401457373709e-07
430557113;LD1;8.54439429632404e-06
430557209;LD1;1.26349588562461e-05
430557224;LD1;6.49205426419915e-05
430557254;LD1;5.44171195354266e-05
430557263;LD1;2.71837920280161e-07
430557293;LD1;1.71557006475036e-05
430557326;LD1;8.36425703163569e-06
433346027;LD1;4.53629921422e-05
433346087;LD1;0.000169504048612165
433346092;LD1;9.85746114168881e-05
433346105;LD1;7.50654793184029e-06
433346114;LD1;5.59410179155939e-06
433346120;LD1;1.30453800684124e-05
433346210;LD1;7.21983888146661e-06
433346225;LD1;4.17471822802636e-05
433346255;LD1;8.51253451514147e-05
433346264;LD1;2.68645075234769e-06
433346294;LD1;4.2797650004267e-05
433346327;LD1;5.11679113594728e-06
434626494;LD1;0.000146270101582187
434626554;LD1;9.8612852499906e-05
434626559;LD1;1.26705371744511e-05
434626581;LD1;5.59103407194321e-05
434626677;LD1;4.47787387621654e-05
434626692;LD1;1.45421411574178e-07
434626722;LD1;7.56442673197005e-05
434626731;LD1;4.29687541032777e-05
434626761;LD1;3.13148692798441e-05
434626794;LD1;1.42433011189943e-05
434746302;LD1;1.61891132188562e-05
434746461;LD1;4.92381456254513e-05
434746473;LD1;0.000164090015787568
434746479;LD1;1.3346357829784e-05
435109877;LD1;1.25595767555686e-05
435109943;LD1;9.56485034287047e-06
435109955;LD1;6.66937059851503e-06
435109964;LD1;2.27297263224827e-05
435110060;LD1;4.67292828114353e-06
435110114;LD1;4.11381960375429e-07
435110144;LD1;2.90775846166128e-06
436741156;LD1;3.28559774591752e-05
436741279;LD1;4.58205033393402e-05
436741333;LD1;1.32891216887472e-06
436741363;LD1;1.93980923600195e-05
436741396;LD1;1.68470748704786e-09
442002847;LD1;4.81248907397752e-05
442002877;LD1;1.64124447576425e-07
442002931;LD1;7.74887939589721e-05
442003027;LD1;1.70883093118814e-05
442003036;LD1;9.9894482476033e-07
442003048;LD1;5.01491528314762e-07
442003054;LD1;8.2870865738089e-05
442003114;LD1;0.000176272424266577
444228754;LD1;7.72634176284069e-05
444228819;LD1;5.75955421756451e-06
444228841;LD1;1.33625388180106e-06
444228937;LD1;1.05026332835343e-05
444228991;LD1;2.1641985655831e-05
444229021;LD1;0.000346038899543523
444229054;LD1;5.91107903784702e-07
450969525;LD1;1.76435002180776e-06
450969558;LD1;0.000571531922930891
450969588;LD1;1.08105347674508e-05
450969597;LD1;3.24269567729013e-05
450969627;LD1;3.2009257331042e-05
450969642;LD1;5.91268282667565e-06
450969738;LD1;7.82011619488752e-06
450969747;LD1;2.94704171439871e-07
450969760;LD1;0.000149806353711442
450969765;LD1;0.000272474697896626
450969825;LD1;4.17466468110525e-07
451056188;LD1;4.4138497974745e-07
451056248;LD1;0.000664378274324513
451056253;LD1;0.000104768948162667
451056266;LD1;0.000129844633806752
451056275;LD1;0.000101945462549521
451056371;LD1;3.70237161134166e-05
451056386;LD1;6.31473932813697e-07
451056416;LD1;2.41839247872736e-05
451056425;LD1;1.67372834925354e-05
451056455;LD1;0.000161142578468059
451056488;LD1;6.29242034631072e-05
453883159;LD1;7.73776938307254e-05
453883219;LD1;0.000203646240268684
453883224;LD1;3.92881714360885e-05
453883237;LD1;6.50829989193994e-06
453883246;LD1;1.61291067814386e-05
453883342;LD1;4.37509833895201e-05
453883387;LD1;0.000184010675481111
453883396;LD1;7.05291300135898e-05
453883426;LD1;4.67204548520937e-08
453883459;LD1;2.48847330991025e-05
455179835;LD1;9.86064511867797e-08
455179919;LD1;1.48999135125033e-06
455180015;LD1;8.74234043687828e-07
455180024;LD1;8.93719533597881e-06
455180036;LD1;2.65706454369374e-05
455180042;LD1;6.35773632413442e-05
455180102;LD1;7.77619591611347e-06
460407708;LD1;4.19953104920588e-05
460407741;LD1;0.000183691971385699
460407771;LD1;0.000214748069390236
460407780;LD1;0.000484676842325662
460407810;LD1;1.92134626421694e-06
460407825;LD1;0.000454674722197203
460407921;LD1;1.65841754838238e-05
460407930;LD1;1.559414095367e-05
460407943;LD1;3.0096669413011e-06
460407948;LD1;6.60352366697038e-05
462659371;LD1;0.000196822621380879
462659431;LD1;0.000285506156309612
462659436;LD1;0.000214101991112379
462659449;LD1;2.08732598403661e-06
462659458;LD1;1.02373486567474e-05
462659554;LD1;0.000167563185183118
462659569;LD1;1.79252377082805e-05
462659599;LD1;2.41174736783859e-05
462659608;LD1;6.19456550062997e-08
462659638;LD1;3.69433621648393e-05
462659671;LD1;7.33395808851815e-06
464371151;LD1;0.000129024612030129
464371211;LD1;9.80517158798058e-05
464371217;LD1;2.91265243927515e-05
464371238;LD1;4.15211273647935e-05
464371334;LD1;1.76722990627737e-05
464371388;LD1;2.32130118030464e-05
464371418;LD1;4.19526553384167e-05
470192753;LD1;1.56549343657086e-05
470192786;LD1;6.76657030685968e-05
470192816;LD1;8.00602981214558e-05
470192825;LD1;0.000190101811825348
470192855;LD1;9.78412736258458e-05
470192870;LD1;1.15414312055574e-05
470192966;LD1;3.70768338105135e-07
470192975;LD1;0.000224475857196197
470192988;LD1;3.35653389676915e-05
470192993;LD1;0.000476732841624507
470193053;LD1;1.19824839942222e-06
470994648;LD1;5.15718377997483e-06
470994713;LD1;6.73838811259503e-06
470994831;LD1;6.89772844213128e-05
470994876;LD1;6.66594917662884e-06
470994948;LD1;1.12137149097757e-05
478481072;LD1;1.91825043517293e-06
478481103;LD1;7.14113162540788e-06
478481105;LD1;3.48808533426075e-05
478481135;LD1;1.71714314116112e-05
478481144;LD1;2.50493945801085e-05
478481174;LD1;1.17367096275011e-05
478481187;LD1;5.41386556337994e-07
478481189;LD1;3.05822589080599e-06
478481285;LD1;4.33444456474332e-06
478481292;LD1;1.99337884600404e-05
478481294;LD1;4.62254638472886e-06
478481304;LD1;3.81608290806858e-05
478481307;LD1;3.26226225806495e-05
478481310;LD1;0.000231249352060946
478481312;LD1;0.000113707325456281
478481370;LD1;4.84081247220133e-05
478481372;LD1;6.70511423687371e-06
484243261;LD1;1.09408791273957e-05
484243321;LD1;0.000177062108187993
484243326;LD1;2.16384831759996e-05
484243339;LD1;1.91431882455129e-05
484243348;LD1;1.82980608033864e-08
484243444;LD1;3.92011111606044e-05
484243459;LD1;1.88626556733936e-05
484243489;LD1;6.70587364474603e-05
484243498;LD1;7.91210468568552e-05
484243528;LD1;1.5558716511682e-06
484243561;LD1;2.97646721157304e-05
484854736;LD1;4.01137471660589e-06
484854802;LD1;0.000151757696557083
484854814;LD1;6.29319035319813e-06
484854823;LD1;1.00124614740169e-05
484854919;LD1;1.32298817187215e-06
484855003;LD1;2.12813114029703e-06
485401842;LD1;2.15697395109384e-05
485401875;LD1;5.12779370477463e-06
485401905;LD1;1.55391375068339e-06
485401914;LD1;4.69972967558976e-05
485401944;LD1;0.000109554504406569
485401959;LD1;4.80780320200343e-05
485402064;LD1;1.2666890107697e-06
485402077;LD1;3.14082197930921e-05
485402082;LD1;0.000464765501368116
485402142;LD1;7.35425182518719e-05
487199202;LD1;0.000136392541768738
487199286;LD1;7.38167696094529e-05
487199382;LD1;0.000186972571770784
487199391;LD1;0.000135867139453948
487199403;LD1;2.76612249080572e-05
487199469;LD1;1.5326910229597e-06
487545323;LD1;3.54057603125136e-06
487545506;LD1;2.7627095304093e-05
487545521;LD1;6.35218057064251e-05
487545551;LD1;4.82639000376126e-05
487545590;LD1;1.68423086567255e-05
487545623;LD1;3.98019435861274e-06
492322244;LD1;3.58111676717125e-06
492322309;LD1;7.66610411514321e-05
492322322;LD1;1.37569349335515e-07
492322331;LD1;1.77473508052236e-05
492322441;LD1;1.76848169010558e-05
492322471;LD1;2.84185292232215e-05
492322480;LD1;2.30185765569657e-05
492322510;LD1;9.44837417994828e-06
492322543;LD1;5.30607057859164e-06
492433128;LD1;7.4693909021406e-06
492433130;LD1;9.07084116278256e-05
492433188;LD1;7.55805733912958e-05
492433190;LD1;4.62458402092431e-05
492433193;LD1;4.42262659263353e-05
492433196;LD1;6.95505953466476e-06
492433206;LD1;6.41867090677695e-06
492433208;LD1;1.22918116501294e-07
492433215;LD1;4.856811076665e-07
492433217;LD1;1.93787604454248e-06
492433311;LD1;2.71552120499586e-05
492433313;LD1;1.17366645385866e-05
492433326;LD1;1.02791522187188e-05
492433356;LD1;3.95441728053851e-05
492433365;LD1;2.55344841966527e-05
492433395;LD1;8.70978162950364e-08
492433397;LD1;1.72978071268529e-06
492433428;LD1;2.22555362565045e-05
499132108;LD1;1.00690320160055e-05
499132138;LD1;1.98955463330062e-06
499132147;LD1;0.000123327289390902
499132192;LD1;1.11561449835473e-06
499132310;LD1;0.000329476732192354
499132315;LD1;0.000124477296872667
500917633;LD1;0.000117529984955623
500917693;LD1;3.69023040112334e-05
500917698;LD1;0.000104214632132016
500917720;LD1;5.05432334032667e-05
500917816;LD1;1.11121102998715e-05
500917831;LD1;2.3630181047004e-05
500917861;LD1;5.40536241949233e-06
500917870;LD1;9.33779568664274e-05
500917900;LD1;3.15789842870179e-06
500917933;LD1;0.000178396455423468
501765017;LD1;6.92333807924801e-05
501765077;LD1;6.58738436479122e-05
501765083;LD1;1.05080185554505e-05
501765095;LD1;3.00050747077666e-09
501765104;LD1;6.51506210961049e-06
501765200;LD1;1.92977129308514e-05
501765254;LD1;2.13496485310952e-06
501765284;LD1;1.13195793845922e-06
503759732;LD1;7.82152387875355e-05
503759792;LD1;0.000552171225671143
503759819;LD1;6.51275842543598e-05
503759915;LD1;9.4362711765727e-05
503759930;LD1;4.50182378066097e-05
503759969;LD1;2.60075427488936e-05
503759999;LD1;8.24826215165877e-06
503760032;LD1;5.44146641805916e-07
503890015;LD1;5.03553111022123e-05
503890075;LD1;0.000196222200845565
503890080;LD1;4.30035441435197e-06
503890093;LD1;9.96357400771484e-07
503890102;LD1;4.80846128224936e-05
503890198;LD1;2.31695161384666e-05
503890213;LD1;5.38481930126651e-05
503890252;LD1;2.5778555000842e-06
503890282;LD1;2.94259782368224e-06
503890315;LD1;3.38831965284098e-06
506222046;LD1;6.16661168298547e-05
506222069;LD1;0.000145319529705648
506222079;LD1;3.40792884376517e-05
506222109;LD1;3.86633280059412e-06
506222163;LD1;3.53854130646106e-05
506222286;LD1;0.000148476392987727
506222346;LD1;2.22352702409325e-05
2864785;LD1;6.87523888041195e-05
2864845;LD1;0.000128962073586809
2864850;LD1;0.000103090750827176
2864863;LD1;3.26069375193725e-06
2864968;LD1;3.30027809118912e-05
2864983;LD1;2.11149130975284e-05
2865013;LD1;6.08830788972212e-05
2865022;LD1;1.25260351810359e-05
2865052;LD1;2.86022908616901e-05
34102910;LD1;1.42908460889589e-05
34102919;LD1;3.93733289176954e-05
34102938;LD1;4.25273248168324e-05
34102946;LD1;1.43347319557155e-05
34102976;LD1;0.000216608044650725
34102982;LD1;3.63191195182036e-07
41375500;LD1;0.000117664144820008
41375533;LD1;0.000457075809294733
41375563;LD1;4.30123095828773e-10
41375572;LD1;0.000870191346038113
41375602;LD1;0.000255191751153515
41375617;LD1;4.74379519967582e-05
41375722;LD1;0.00084685050596404
41375735;LD1;5.60922775566042e-05
41375740;LD1;0.000292307486305107
41375800;LD1;1.9615212096078e-06
41851021;LD1;0.000102015340824073
41851054;LD1;3.95736681712414e-05
41851093;LD1;7.12383807868114e-05
51960132;LD1;4.98547625498494e-05
51960192;LD1;0.000325162086218315
51960198;LD1;6.73874329363751e-05
51960219;LD1;1.87293033270484e-05
51960315;LD1;0.000104762477048376
51960330;LD1;9.42769752041516e-08
51960369;LD1;9.50025442939278e-05
51960399;LD1;1.82469262588413e-08
54817261;LD1;8.78027226836408e-08
54817321;LD1;0.000188062517659586
54817326;LD1;0.000404134433971125
54817348;LD1;0.000112679883175297
54817444;LD1;7.00446210053249e-07
54817489;LD1;0.000139123471289796
54817498;LD1;8.57513266858048e-05
54817528;LD1;0.000819392558458279
54817561;LD1;4.03130053336237e-05
68809543;LD1;6.90459770817550e-09
68809549;LD1;0.000150136810986843
68809561;LD1;1.66964513958893e-05
68809566;LD1;3.73807616371526e-06
68809570;LD1;1.33403251059084e-05
68809666;LD1;1.1609102573768e-06
68809684;LD1;1.26417975508922e-08
68809693;LD1;2.42549249645893e-05
68809712;LD1;7.92784172112801e-07
68809720;LD1;3.34284279310489e-06
68809750;LD1;1.46757721446369e-08
68809756;LD1;4.81545806384331e-08
68809783;LD1;1.09080974516375e-05
69513473;LD1;3.04492792802635e-06
69513545;LD1;2.56972723424509e-05
69513575;LD1;8.55979504816263e-05
69513590;LD1;1.89135756078118e-05
69513686;LD1;3.18310227027209e-05
69513695;LD1;1.0198797176452e-05
69513708;LD1;0.000127421824682206
69513773;LD1;7.94447099450059e-05
90022691;LD1;2.53345731660185e-06
90022718;LD1;0.000214370598207107
90022724;LD1;4.3802839990341e-05
90022754;LD1;7.83213245646799e-05
90022762;LD1;2.75690442174059e-07
90022781;LD1;1.20699100378174e-05
90022790;LD1;4.45569848742491e-05
90022904;LD1;8.23646189383344e-06
90022925;LD1;0.000659906383921216
106299957;LD1;0.000359430593708783
106299962;LD1;5.4378963418414e-05
106299975;LD1;1.19949289105492e-06
106299984;LD1;6.79109995563621e-06
106300080;LD1;3.60439973753893e-05
106300095;LD1;1.20474379644745e-06
106300125;LD1;0.000167022377162936
106300134;LD1;3.54502670105932e-05
106300164;LD1;2.71906309732511e-07
106300197;LD1;2.11432241597753e-05
136787352;LD1;0.000217067142986416
136787382;LD1;2.16797669888633e-05
136787460;LD1;2.2518284670929e-07
136787565;LD1;0.000220838993406629
136787580;LD1;1.51514650080484e-08
136787619;LD1;3.32041625615605e-05
136787682;LD1;2.64974784309543e-05
137263884;LD1;0.000138688187299045
137263890;LD1;0.000217974857291733
137263902;LD1;9.76416750515185e-06
137263907;LD1;3.75083391088613e-07
137263911;LD1;1.22708497751091e-05
137263920;LD1;0.000311446360046321
137264007;LD1;8.89201234160929e-05
137264025;LD1;8.40099500504673e-07
137264034;LD1;1.06426806180793e-05
137264053;LD1;7.31614689883975e-06
137264061;LD1;2.26828986070291e-05
137264091;LD1;4.53237677119957e-05
137264097;LD1;2.36076050208914e-05
137264124;LD1;6.72513703004943e-05
146458462;LD1;1.81172263880888e-05
146458522;LD1;0.000168217486918608
146458528;LD1;4.71123849087596e-05
146458540;LD1;4.45332196588939e-06
146458549;LD1;3.05388357224984e-05
146458699;LD1;2.91814000056438e-09
146458729;LD1;2.71686951306955e-05
193018528;LD1;1.95352504500226e-05
193018588;LD1;0.000408508628493119
193018593;LD1;0.000132232153933439
193018606;LD1;1.44545413570954e-05
193018615;LD1;5.29205176260268e-06
193018711;LD1;6.84346680887227e-05
193018726;LD1;0.00014994246197115
193018756;LD1;0.000176561257970465
193018765;LD1;9.68371155974259e-06
193018795;LD1;5.84961699662839e-07
193018828;LD1;1.75450033605915e-05
197863850;LD1;0.00018011494673495
197864009;LD1;1.04063428882789e-05
197864021;LD1;2.68717674240074e-05
197864027;LD1;1.35919518342287e-05
197864087;LD1;5.83522132380626e-05
222538756;LD1;6.93606336232811e-06
222538816;LD1;1.20359295707227e-05
222538822;LD1;2.88607857351239e-05
222538939;LD1;1.46074598349088e-05
222538993;LD1;3.14478843529739e-05
222539023;LD1;2.35442130439568e-05
231835228;LD1;3.22390024670971e-06
231835258;LD1;0.000492821499505524
231835297;LD1;2.05822478028314e-05
231835312;LD1;3.60558725323033e-05
231835430;LD1;0.000189054563941064
231835435;LD1;0.000299497010341958
231835495;LD1;9.25083080561013e-07
237765534;LD1;1.65686770378545e-05
237765594;LD1;0.000490510316945073
237765599;LD1;7.04259558944842e-05
237765612;LD1;0.000104881422566173
237765717;LD1;4.96691558506638e-05
237765732;LD1;6.28659102141204e-05
237765762;LD1;7.81732310834133e-05
237765771;LD1;5.78987088388274e-05
237765801;LD1;2.63695835333394e-05
237765834;LD1;5.10535620977366e-06
260991548;LD1;6.37580645551065e-06
260991608;LD1;0.000197122334225842
260991614;LD1;4.85730656613872e-06
260991626;LD1;6.45401240727409e-08
260991635;LD1;7.49511030309862e-07
260991731;LD1;3.48553241969001e-05
260991785;LD1;8.37049945667485e-06
260991815;LD1;7.77547287688059e-05
267336426;LD1;1.6050217329873e-05
267336486;LD1;1.6042320269229e-05
267336491;LD1;3.31729485890384e-06
267336504;LD1;6.37173157937467e-05
267336513;LD1;4.0420887023404e-05
267336609;LD1;5.25253507428713e-05
267336624;LD1;0.000101781861094843
267336641;LD1;0
267336654;LD1;4.06407692034181e-06
267336693;LD1;5.43398457127491e-05
267336726;LD1;2.50216962780258e-06
273989144;LD1;0.000373272544005028
273989210;LD1;0.000114945720823365
273989222;LD1;1.76670748053871e-05
273989327;LD1;0.000359251445909365
273989381;LD1;0.000104967873729783
277395431;LD1;2.39293656114016e-06
277395491;LD1;2.46190278029986e-05
277395496;LD1;0.000259571416291441
277395509;LD1;0.000255815256136944
277395614;LD1;0.000237237284930826
277395629;LD1;5.13816675450798e-05
277395659;LD1;4.13038619782341e-05
277395668;LD1;2.34860983486088e-05
277395698;LD1;0.000168709443644172
277395731;LD1;7.89196534393937e-05
280654912;LD1;0.000195726549210357
280654972;LD1;8.23791159400844e-05
280654977;LD1;1.75160641748052e-05
280654990;LD1;0.000360570575985584
280654999;LD1;1.46058902026209e-05
280655095;LD1;0.000124754806780645
280655110;LD1;0.000138390247414349
280655140;LD1;1.55128649272859e-07
280655149;LD1;8.62450513485201e-07
280655179;LD1;3.07233171610894e-05
280655212;LD1;1.66832434488568e-05
282139972;LD1;3.72279432813634e-05
282140005;LD1;9.8282659305543e-06
282140035;LD1;0.000248982942983456
282140044;LD1;5.19922310734269e-05
282140074;LD1;1.09276453613821e-05
282140089;LD1;0.000126112055764841
282140194;LD1;1.93424755712075e-05
282140207;LD1;8.60731519903129e-05
282140272;LD1;1.71410054952688e-05
288371903;LD1;0.000234701607231298
288371963;LD1;0.00111132518858144
288371968;LD1;3.63152182419574e-05
288371981;LD1;0.000319944322425358
288371990;LD1;1.54973020063815e-06
288372086;LD1;0.000155047759373271
288372101;LD1;0.000146844241585405
288372131;LD1;0.00039121537163791
288372140;LD1;2.30565388999188e-05
288372170;LD1;0.000712467461846478
288372203;LD1;5.15293738624204e-06
288512446;LD1;4.84474069981113e-05
288512506;LD1;2.19585637215159e-05
288512524;LD1;3.04070576080358e-07
288512533;LD1;4.32525490494542e-06
288512629;LD1;2.95969942817295e-05
288512683;LD1;1.03685741123343e-06
288512713;LD1;4.32200713648816e-06
292959983;LD1;6.18185065428625e-06
292960043;LD1;9.43957666727073e-05
292960048;LD1;0.000587380651510983
292960061;LD1;3.21616168358243e-07
292960070;LD1;4.95137867189212e-05
292960166;LD1;3.57443472081278e-07
292960181;LD1;4.63305456507953e-05
292960211;LD1;6.49526982677456e-05
292960220;LD1;0.000648908286070025
292960250;LD1;0.000185549458678954
292960283;LD1;3.77773867905234e-05
293425336;LD1;5.44390153700169e-05
293425396;LD1;2.82616490284709e-05
293425401;LD1;3.40115273192816e-05
293425423;LD1;1.47640375697659e-05
293425519;LD1;3.17897643262458e-06
293425534;LD1;8.04836008469951e-06
293425564;LD1;0.000443820913737679
293425573;LD1;2.218993516679e-06
293425603;LD1;0.0011926650783539
293425636;LD1;0.000177497022670375
296081766;LD1;5.62136564999343e-07
296081799;LD1;5.68820657283862e-09
296081829;LD1;1.35690055265884e-06
296081838;LD1;3.88531463935366e-06
296081868;LD1;6.09980605902282e-05
296081988;LD1;2.39291399839578e-05
296082001;LD1;0.0002227900130172
296082006;LD1;0.000411293558489902
296082066;LD1;0.00028982268239558
300683719;LD1;1.00762375718074e-06
300683749;LD1;2.79092419931258e-06
300683803;LD1;1.531880646831e-05
300683908;LD1;0.000105929674592435
300683986;LD1;0.000152005448310128
327756543;LD1;0.000103186777739439
327756576;LD1;7.79371572168779e-06
327756645;LD1;8.20500296181206e-06
327756660;LD1;1.7489715932336e-06
327756778;LD1;4.6208606735312e-05
346236696;LD1;0.000174383695742817
346236729;LD1;1.90602394988071e-05
346236759;LD1;0.000174054259600668
346236768;LD1;0.000190538079308854
346236798;LD1;0.000181223943318701
346236813;LD1;0.000281722060999036
346236909;LD1;1.42458754350294e-12
346236918;LD1;1.55212085124541e-05
346236931;LD1;9.4116406049678e-06
346236996;LD1;2.96229783368773e-06
355665702;LD1;1.01548123833275e-08
355665765;LD1;9.75622374382003e-06
355665774;LD1;3.52517641056142e-05
355665804;LD1;3.23420651533044e-06
355665820;LD1;0.000566248644403186
355665915;LD1;6.04076513523242e-07
355665924;LD1;4.62716709728473e-06
355665937;LD1;3.82787685293898e-05
355665942;LD1;0.00013387036147495
355666002;LD1;2.8364245556663e-05
359577591;LD1;4.08259966489999e-05
359577651;LD1;0.000177617963226961
359577657;LD1;2.39251605622819e-05
359577669;LD1;1.0430633861073e-05
359577678;LD1;1.24821618229314e-05
359577774;LD1;0.000288384806889209
359577828;LD1;5.06644686879476e-05
359577858;LD1;1.1975968521893e-05
366986510;LD1;9.22181034953901e-07
366986570;LD1;2.19433688436458e-05
366986575;LD1;3.79877574830173e-05
366986588;LD1;1.13991973047858e-05
366986597;LD1;0.000113024248034905
366986693;LD1;9.32176660583479e-05
366986708;LD1;8.66829175770986e-06
366986738;LD1;2.78410025129635e-05
366986747;LD1;2.36304100729488e-05
366986777;LD1;0.000521395833851429
366986810;LD1;3.42570521584896e-05
368906398;LD1;3.0380605588488e-05
368906458;LD1;3.41169561862182e-05
368906464;LD1;1.32088460169837e-05
368906476;LD1;7.97001875465184e-06
368906581;LD1;2.6696564271317e-05
369271446;LD1;4.41715480994832e-06
369271506;LD1;0.000151874055393574
369271511;LD1;1.32544723238832e-05
369271629;LD1;3.75594545740897e-05
369271683;LD1;2.34954563906639e-06
390108093;LD1;1.2890912622044e-05
390108153;LD1;0.000487394360660561
390108159;LD1;3.54047888790403e-07
390108171;LD1;4.03217719075811e-08
390108180;LD1;1.89746975715184e-06
390108276;LD1;0.000365774158228937
390108360;LD1;2.9517385347093e-05
395130172;LD1;0.000119462154194994
395130232;LD1;0.000224312985779952
395130237;LD1;8.76086718343603e-05
395130250;LD1;1.36394551031511e-07
395130259;LD1;8.87672013878472e-07
395130355;LD1;1.70154882453526e-05
395130370;LD1;4.55659548446925e-05
395130400;LD1;8.11800321300183e-05
395130409;LD1;4.03672897163191e-05
395130439;LD1;3.28804097107311e-05
395130472;LD1;2.72282276713508e-05
395893146;LD1;1.14019697133336e-08
395893206;LD1;0.000399732830118727
395893212;LD1;0.000276102050391716
395893224;LD1;5.12499036481239e-05
395893329;LD1;9.40131563001879e-05
395893344;LD1;1.0145693783685e-05
395893374;LD1;8.88858786943667e-05
395893383;LD1;5.5606104293239e-05
395893413;LD1;0.000380782649861484
420170606;LD1;7.12619369324996e-05
420170671;LD1;0.000113045678031745
420170789;LD1;7.66269319291709e-05
420170804;LD1;0.000170114092106715
420170834;LD1;2.09520864076902e-08
420170843;LD1;1.41801026489656e-05
420170873;LD1;0.000150257967899938
420170906;LD1;9.96564690266497e-06
431707686;LD1;6.35319354890924e-08
431707751;LD1;0.000134454627873158
431707764;LD1;6.60627725746949e-05
431707869;LD1;6.14622568076549e-05
431707884;LD1;7.42243865336031e-05
431707914;LD1;9.21740667634701e-05
431707923;LD1;1.70402124865594e-06
431707953;LD1;8.00079387651109e-06
431707986;LD1;1.18109125828906e-05
441123828;LD1;1.80892262734741e-05
441123861;LD1;9.6213079676495e-05
441123900;LD1;1.54729944389396e-05
441123930;LD1;4.07750512499639e-05
441123945;LD1;0.000405505700757505
441124063;LD1;2.90721307208228e-05
441124068;LD1;0.000513513564516693
441124128;LD1;3.62720642464745e-06
450184744;LD1;1.05117559025104e-05
450184809;LD1;0.00014610533435067
450184822;LD1;1.57676434111213e-06
450184831;LD1;2.84749928794573e-06
450184927;LD1;0.000104386512801329
450184942;LD1;8.47688266012147e-05
450184981;LD1;7.31140883145245e-05
450185044;LD1;1.0763530421239e-05
459217692;LD1;7.19276810206122e-05
459217710;LD1;1.31636384774586e-06
459217715;LD1;4.68474171419535e-06
459217719;LD1;1.56764213972593e-06
459217815;LD1;6.99840453055425e-05
459217833;LD1;1.35128419634936e-05
459217842;LD1;8.17658899495522e-06
459217861;LD1;1.28426001025997e-05
459217869;LD1;1.07763544865898e-05
459217899;LD1;5.1451582543147e-05
459217905;LD1;1.68465641805741e-07
459217932;LD1;5.25453006246482e-06
461767058;LD1;2.00689591676169e-05
461767107;LD1;5.99891266472853e-05
461767127;LD1;6.60597948917965e-05
461767263;LD1;5.18254894366189e-06
461767328;LD1;0.000109138181851901
306169;LD1;2.53358926877529e-05
306229;LD1;8.50170424362279e-05
306235;LD1;4.0073305166532e-05
306247;LD1;1.53651015891903e-05
306352;LD1;4.70397961070753e-05
306436;LD1;1.20944780396318e-05
4765306;LD1;7.68700113201237e-06
4765339;LD1;7.97754020732468e-06
4765369;LD1;6.05083044909033e-05
4765378;LD1;5.00480121411612e-05
4765408;LD1;6.05876134786349e-05
4765423;LD1;1.72116773555107e-05
4765519;LD1;4.53965089351552e-07
4765528;LD1;2.0881264132225e-07
4765541;LD1;5.42273916349816e-05
4765546;LD1;4.50888116928285e-05
4765606;LD1;7.24300393925588e-05
5298450;LD1;5.2757463027082e-07
5298510;LD1;0.000118365015755777
5298515;LD1;0.000120287798917284
5298537;LD1;1.67847700365475e-05
5298633;LD1;3.47452877287753e-06
5298648;LD1;2.91363057687384e-07
5298678;LD1;9.33868367758453e-05
5298717;LD1;3.54756507169253e-06
5340739;LD1;3.92420933212359e-06
5340823;LD1;1.11558722981824e-06
5340919;LD1;5.6263942152718e-05
5340940;LD1;0.000199869437309795
5340946;LD1;8.44794238325923e-05
5341006;LD1;1.46997563549172e-05
6158090;LD1;2.7958685034029e-05
6158120;LD1;1.54592461510603e-05
6158174;LD1;2.21749926929835e-05
6158270;LD1;2.94539611564432e-06
6158279;LD1;5.26047681934210e-09
6158291;LD1;2.28751824744853e-05
6158297;LD1;1.05689150066299e-05
6158357;LD1;0.000127110711277828
6742168;LD1;1.14472738075657e-05
6742228;LD1;0.0001826786599035
6742246;LD1;3.37521722292221e-05
6742255;LD1;5.30503403337099e-05
6742351;LD1;2.28452449508833e-05
6742366;LD1;3.00592691217018e-05
6742396;LD1;4.37025930772206e-05
6742405;LD1;2.42843227804146e-05
6742435;LD1;1.7732195422747e-05
6742468;LD1;4.51578571810087e-06
9688157;LD1;0.000138564282961025
9688217;LD1;8.85545780523616e-07
9688223;LD1;1.73834639221624e-05
9688235;LD1;2.17961595241128e-06
9688244;LD1;0.000191693966036341
9688340;LD1;9.77410723734741e-05
9688394;LD1;5.18960089149832e-06
9688424;LD1;1.49690910887626e-06
9862483;LD1;1.59929572343388e-05
9862548;LD1;0.000127983402840909
9862570;LD1;1.90111514523152e-05
9862666;LD1;0.000221628797542811
9862681;LD1;9.11594563548081e-05
9862711;LD1;2.53255708249365e-05
9862720;LD1;4.58709493954421e-05
9862750;LD1;1.30961484902671e-05
9862783;LD1;8.66815186643257e-05
12638847;LD1;2.48614151632062e-05
12638880;LD1;3.85252992850348e-06
12638910;LD1;7.51807642436727e-05
12638919;LD1;8.38317459043071e-05
12638949;LD1;3.24556477120554e-05
12638964;LD1;0.000445800543539107
12639060;LD1;1.33664300014329e-06
12639069;LD1;2.02526178277058e-06
12639082;LD1;0.000199012942218467
12639087;LD1;0.000200309533751112
12639147;LD1;2.5276245922171e-05
16710935;LD1;4.19842596153429e-05
16710995;LD1;8.67391324623893e-06
16711001;LD1;0.000281210309451422
16711013;LD1;1.40732138776005e-06
16711022;LD1;3.98864155996028e-05
16711118;LD1;5.96705029421529e-05
16711172;LD1;1.38453284518921e-05
16711202;LD1;2.48950707607458e-07
17781182;LD1;9.6845088839696e-06
17781215;LD1;6.34207056488995e-07
17781245;LD1;7.92640761239006e-05
17781254;LD1;1.31084595938194e-05
17781284;LD1;1.05340384373363e-05
17781299;LD1;0.000883083731580618
17781395;LD1;5.26068322825333e-05
17781404;LD1;2.90134179600768e-05
17781417;LD1;1.70821057221303e-05
17781422;LD1;7.63871358822435e-05
17781482;LD1;1.26835855617741e-05
18830133;LD1;0.000139538973457426
18830166;LD1;0.000148337310919987
18830196;LD1;2.67418254958933e-05
18830205;LD1;2.27258633707999e-05
18830235;LD1;7.48003601513466e-05
18830250;LD1;7.2339150210385e-06
18830346;LD1;0.000105144464813133
18830355;LD1;1.55992611781388e-05
18830368;LD1;5.84460947229269e-07
18830433;LD1;4.16610040911241e-05
19296160;LD1;5.08935288584244e-05
19296193;LD1;8.94789759622128e-06
19296223;LD1;3.04029220362216e-07
19296232;LD1;3.44200038694838e-05
19296262;LD1;4.18859702172859e-05
19296277;LD1;3.13595553311974e-05
19296373;LD1;2.58000536112378e-06
19296395;LD1;0.000115929034071011
19296400;LD1;0.00026293082680965
19296460;LD1;1.98333627750169e-05
23408255;LD1;1.9872631651404e-05
23408315;LD1;4.28805930035715e-05
23408321;LD1;2.36177785663376e-05
23408333;LD1;2.0573499309121e-06
23408342;LD1;8.9071079443447e-05
23408438;LD1;5.52790091423423e-05
23408522;LD1;1.02220253779431e-06
26930960;LD1;2.8483535787667e-05
26930993;LD1;5.91008927523576e-06
26931023;LD1;0.000267979023231421
26931032;LD1;0.000158194390520353
26931062;LD1;4.50605930151349e-05
26931077;LD1;2.87623525810434e-07
26931173;LD1;1.31632859401754e-06
26931182;LD1;2.9344121880652e-07
26931195;LD1;0.00011349505345573
26931260;LD1;4.11759487386245e-05
27068908;LD1;2.58526289078952e-05
27068968;LD1;7.01765741082919e-05
27068974;LD1;1.8806579879564e-05
27068989;LD1;2.61150703615424e-05
27068995;LD1;8.39850235082504e-06
27069091;LD1;1.54273154062106e-05
27069175;LD1;2.57771238863299e-06
29720635;LD1;9.9181373762662e-05
29720700;LD1;2.00265197690826e-05
29720713;LD1;1.06675790411995e-05
29720722;LD1;9.32494645859262e-05
29720833;LD1;6.48783598817155e-06
29720863;LD1;4.35789913666559e-05
29720872;LD1;8.57217975690815e-05
29720902;LD1;0.000135837230449739
29720935;LD1;1.5044218329039e-05
34632603;LD1;9.19964978392963e-05
34632636;LD1;3.87481841488493e-06
34632666;LD1;0.000742854832580176
34632675;LD1;9.94673985754913e-05
34632705;LD1;0.000240332262083414
34632720;LD1;2.07110172890918e-05
34632816;LD1;1.7360654190137e-05
34632825;LD1;9.2959347690882e-05
34632838;LD1;5.00616597523891e-05
34632843;LD1;0.00022308335195109
34632903;LD1;0.000146360257626709
37787273;LD1;4.14861492642899e-06
37787333;LD1;0.000372259515353886
37787338;LD1;9.54559184950175e-05
37787351;LD1;2.04454734664278e-05
37787360;LD1;2.6253862562962e-05
37787456;LD1;1.83902656055559e-07
37787471;LD1;5.83204060241524e-05
37787501;LD1;4.29247678345854e-05
37787510;LD1;2.91758084342222e-05
37787540;LD1;1.64381812609806e-05
37787573;LD1;4.20990568786244e-05
41336350;LD1;1.98851289614309e-06
41336377;LD1;1.20573535513777e-07
41336413;LD1;8.22871010867389e-07
41336421;LD1;1.27818553250303e-05
41336428;LD1;0.000243442215753369
41336440;LD1;4.51498912808147e-08
41336449;LD1;2.50185250611767e-06
41336467;LD1;2.14760889807796e-05
41336563;LD1;3.21932711076061e-06
41336567;LD1;0.000205203644122411
41336572;LD1;2.20812894037412e-06
41336584;LD1;0.000204418555869785
41336680;LD1;5.80725194783547e-13
42958299;LD1;1.24172371410702e-05
42958332;LD1;4.90802820947145e-05
42958362;LD1;1.94755197153121e-05
42958371;LD1;1.71768955049714e-05
42958401;LD1;5.11026989103594e-05
42958416;LD1;4.55531121031471e-05
42958512;LD1;9.38914537449953e-07
42958521;LD1;8.17045875422918e-07
42958534;LD1;5.12649076329153e-05
42958539;LD1;0.000105721541549876
42958599;LD1;5.56672630355472e-06
46566597;LD1;2.43791928552448e-06
46566657;LD1;0.000327681010794273
46566662;LD1;0.000165151878035029
46566675;LD1;4.96818491558144e-06
46566684;LD1;3.79816938306298e-06
46566780;LD1;2.588866508347e-05
46566795;LD1;2.40615678928042e-05
46566825;LD1;1.09004260266656e-05
46566834;LD1;1.58846105158266e-08
46566864;LD1;8.87088451883696e-07
46566897;LD1;3.15490065919974e-05
48633735;LD1;0.000185791861962917
48633768;LD1;9.95044347422559e-05
48633798;LD1;1.05693046909603e-05
48633807;LD1;4.90681800390228e-07
48633837;LD1;0.000216225241326084
48633852;LD1;8.01171440599883e-05
48633942;LD1;2.24124232555858e-06
48633948;LD1;1.64639695354609e-07
48633957;LD1;2.14336794239197e-05
48633969;LD1;0.000134093163933038
48633975;LD1;0.000575529945904569
48634035;LD1;1.18190428797292e-05
49828495;LD1;9.76152201523087e-06
49828555;LD1;5.84226077761554e-05
49828560;LD1;1.78208359820262e-05
49828573;LD1;6.38762070115253e-05
49828582;LD1;4.46264600992599e-06
49828678;LD1;4.33582133041419e-05
49828693;LD1;0.000154060420757153
49828723;LD1;3.42413535862832e-05
49828732;LD1;7.06411259912275e-10
49828762;LD1;9.60392562536169e-06
49828795;LD1;2.64142964965231e-07
53381708;LD1;7.90081923154596e-05
53381741;LD1;6.60600584576873e-05
53381771;LD1;7.37842003152858e-05
53381810;LD1;2.96855933224609e-05
53381825;LD1;1.67659320350712e-07
53381921;LD1;1.92138314396265e-06
53381943;LD1;0.000125051505054268
53381948;LD1;0.00018564007193109
53382008;LD1;1.60236717070958e-06
57039265;LD1;0.000132260213976159
57039298;LD1;7.50614923059534e-05
57039328;LD1;1.33338793486279e-05
57039337;LD1;5.76021500867414e-08
57039367;LD1;1.04503090729086e-05
57039382;LD1;2.39029524085666e-05
57039472;LD1;0.000767762955051814
57039478;LD1;3.24051605495975e-05
57039487;LD1;8.39555985303478e-05
57039500;LD1;2.03061565311113e-06
57039505;LD1;6.47927388149487e-05
57039565;LD1;0.000583531951938817
59167579;LD1;2.56984264645618e-06
59167585;LD1;4.60069140061612e-05
59167597;LD1;6.17505046693236e-07
59167702;LD1;2.22657291998947e-06
59167786;LD1;1.19620871765579e-08
59441785;LD1;1.60008825407804e-05
59441818;LD1;0.000331190330604966
59441848;LD1;4.40416114212835e-05
59441857;LD1;9.32758976613005e-06
59441887;LD1;7.38564639569937e-05
59441902;LD1;3.08191340853847e-06
59441998;LD1;7.29457504282566e-05
59442020;LD1;3.45007035045016e-05
59442025;LD1;0.000230002002830831
59442085;LD1;0.000189277388968934
61544424;LD1;0.000152370652401752
61544428;LD1;0.00043838782907687
62341174;LD1;4.37913381881331e-05
62341207;LD1;3.21064389873785e-05
62341237;LD1;0.000225960490363373
62341246;LD1;6.50720987446102e-05
62341276;LD1;0.000276013372319716
62341291;LD1;2.56887040516739e-05
62341387;LD1;1.42006466990909e-06
62341396;LD1;1.85992600711915e-06
62341409;LD1;0.00014757948024744
62341414;LD1;0.000181061719196633
62341474;LD1;0.000118190532556249
63602487;LD1;0.000347607704911098
63602547;LD1;0.000233547473580734
63602553;LD1;0.000405508150714702
63602565;LD1;1.77578276432246e-05
63602574;LD1;4.43232173870145e-05
63602670;LD1;3.95867323348947e-05
63602724;LD1;1.16752270100826e-05
63602754;LD1;9.53003855806366e-05
65768197;LD1;5.4736504627561e-05
65768257;LD1;6.4350160368085e-06
65768262;LD1;0.000268855987164807
65768275;LD1;3.20080939834394e-05
65768284;LD1;1.35137194578585e-05
65768380;LD1;5.47898741254473e-05
65768395;LD1;1.15299032654311e-06
65768425;LD1;1.92143109778858e-05
65768433;LD1;0.000377311734906558
65768464;LD1;3.14159226170455e-06
65768497;LD1;2.20721591326952e-06
68357317;LD1;9.3260276298473e-05
68357321;LD1;1.72134469654717e-05
68357417;LD1;1.84696357227354e-05
68357435;LD1;1.2822178277156e-06
68357463;LD1;1.61672562068858e-05
68357507;LD1;5.36045820102321e-05
68357534;LD1;3.44905273354051e-05
69340259;LD1;6.71924508542736e-05
69340264;LD1;3.58518567628248e-05
69340277;LD1;0.000198124204984257
69340286;LD1;1.99248626134615e-05
69340382;LD1;3.44788625618143e-05
69340397;LD1;0.000140879547887216
69340427;LD1;2.96669798543608e-05
69340436;LD1;0.000254620438310601
69340466;LD1;1.89926711168896e-05
69340499;LD1;2.39916342643856e-05
70665030;LD1;2.33813370300264e-05
70665090;LD1;0.000456929443724223
70665095;LD1;0.000715833580118053
70665108;LD1;2.94652652577889e-06
70665117;LD1;0.000164905223587556
70665213;LD1;6.78202966615582e-06
70665228;LD1;1.13540320932577e-07
70665258;LD1;0.000104346321641243
70665267;LD1;2.55693982985965e-06
70665297;LD1;0.000205821448076359
70665330;LD1;2.10209193960462e-05
71078736;LD1;9.38815841716821e-05
71078769;LD1;1.57675606812055e-05
71078799;LD1;3.0305056064437e-05
71078808;LD1;2.62169439856369e-06
71078838;LD1;9.68880454558181e-07
71078853;LD1;7.52732890979292e-06
71078949;LD1;5.66172204796962e-05
71078958;LD1;3.0396584161547e-05
71078971;LD1;0.000228747049076374
71078976;LD1;1.94565647590388e-05
71079036;LD1;1.24792815716929e-05
76979106;LD1;1.98328666974463e-05
76979115;LD1;7.62756867984489e-05
76979128;LD1;6.1661829813794e-07
76979160;LD1;8.69061660438145e-05
76979164;LD1;9.40101485242742e-05
76979169;LD1;3.05007972361878e-05
76979181;LD1;2.86143668148673e-05
76979208;LD1;1.07376091274657e-05
76979213;LD1;4.71951170870582e-07
76979375;LD1;2.16989292713793e-06
76979406;LD1;5.62205077055318e-07
76979414;LD1;1.48380178333728e-05
76979424;LD1;0.000151322108203951
76979427;LD1;7.24971656982282e-05
76979434;LD1;0.000192261419199816
76979447;LD1;7.48995109549299e-05
76979458;LD1;0.000234153291414306
77891470;LD1;0.000179786589037502
77891503;LD1;0.000220309502037755
77891533;LD1;5.50650679858177e-06
77891542;LD1;1.63832125076079e-05
77891572;LD1;9.72462793076505e-05
77891587;LD1;1.38772494796606e-06
77891692;LD1;0.000494303145737947
77891705;LD1;0.000121661062090397
77891710;LD1;0.000363955976527331
77891770;LD1;7.48645309540243e-05
78774666;LD1;8.35674896668625e-05
78774699;LD1;2.64333510900572e-05
78774729;LD1;9.818098521512e-05
78774738;LD1;8.56564726475595e-05
78774768;LD1;0.000131771317630131
78774783;LD1;1.68193957469089e-05
78774879;LD1;4.32118609845958e-06
78774888;LD1;2.80664966894217e-09
78774901;LD1;0.000190516451136216
78774906;LD1;0.000552432639031977
78774966;LD1;3.97983336103635e-05
82577414;LD1;5.96745161374174e-07
82577447;LD1;3.96986934810055e-07
82577477;LD1;2.8162233395888e-05
82577486;LD1;5.01176771697056e-06
82577516;LD1;8.15434503017964e-07
82577531;LD1;1.47242051800239e-05
82577636;LD1;6.25949055491331e-06
82577649;LD1;0.000213069862314411
82577654;LD1;0.000429960010994117
82577714;LD1;0.000220754202512696
83684103;LD1;8.2938238353575e-06
83684163;LD1;0.00015141767615773
83684181;LD1;5.98149531393068e-05
83684286;LD1;1.34650067820491e-05
83684301;LD1;7.89950408923692e-05
83684331;LD1;2.68647814137268e-06
83684340;LD1;0.000466803366448288
83684370;LD1;5.41845080239161e-08
83684403;LD1;3.79125331845595e-05
83800566;LD1;3.29650881893491e-05
83800571;LD1;3.62731007764303e-05
83800593;LD1;1.89989949640279e-07
83800689;LD1;1.47703756125763e-05
83800704;LD1;1.3962292370024e-06
83800734;LD1;1.06154627677962e-05
83800743;LD1;5.24319223122374e-05
83800773;LD1;2.81488368356775e-05
83800806;LD1;0.000114554736530658
87788898;LD1;2.52698576545855e-05
87788961;LD1;0.000100386996787965
87788970;LD1;1.35182909172454e-05
87789000;LD1;0.000119510366516307
87789015;LD1;2.7379542133676e-05
87789111;LD1;2.99373958404259e-06
87789120;LD1;4.78925693658081e-06
87789133;LD1;0.00029828641280235
87789138;LD1;0.000447834533030337
87789198;LD1;7.85323263857071e-05
89016260;LD1;5.69763620744357e-05
89016320;LD1;9.4016464687484e-05
89016325;LD1;4.03374364448314e-05
89016338;LD1;0.000123393353348426
89016347;LD1;5.57162105698682e-06
89016443;LD1;0.000905256880446038
89016458;LD1;6.46874707124505e-05
89016488;LD1;7.0710547623531e-06
89016497;LD1;4.86029888776234e-05
89016527;LD1;7.47698988700824e-07
89016560;LD1;0.000132872539125823
93321782;LD1;3.2981963030158e-05
93321842;LD1;1.89306592158598e-05
93321847;LD1;2.79327568655757e-06
93321860;LD1;4.5514088380169e-06
93321869;LD1;2.01885135103635e-05
93321980;LD1;1.27245920319239e-06
93322010;LD1;0.000207297354310668
93322019;LD1;0.000258261491762209
93322049;LD1;1.68228063076562e-05
93322082;LD1;2.92044407129037e-05
95911723;LD1;0.000408590368855439
95911753;LD1;8.549412671244e-05
95911762;LD1;2.17017839690335e-07
95911792;LD1;2.82841845684693e-05
95911807;LD1;1.79801290313203e-06
95911903;LD1;1.99022658990951e-06
95911912;LD1;3.25442795458793e-05
95911925;LD1;1.69882653414571e-05
95911930;LD1;1.33849062484649e-05
95911990;LD1;3.60390934726068e-06
96643452;LD1;3.02367510842011e-05
96643512;LD1;2.87022001643426e-05
96643518;LD1;2.5071483118779e-05
96643530;LD1;5.47624349919171e-07
96643539;LD1;2.4728308956874e-05
96643635;LD1;1.64814395638114e-06
96643719;LD1;4.38788767058591e-05
96757963;LD1;4.1247319174692e-05
96758032;LD1;1.39985090679918e-05
96758047;LD1;1.81019199087383e-05
96758143;LD1;7.18790924857584e-06
96758152;LD1;1.20992490714651e-05
96758164;LD1;0.000431693544425035
96758170;LD1;0.000349289512708878
96758230;LD1;2.64877364576466e-05
97113513;LD1;2.42454375959168e-05
97113573;LD1;0.000318103624317108
97113578;LD1;0.000100057151198974
97113591;LD1;2.05797955998344e-05
97113600;LD1;3.25209573512452e-05
97113696;LD1;0.000213832220094485
97113711;LD1;2.56981323450039e-06
97113741;LD1;0.000113805633557323
97113750;LD1;4.08181392577896e-06
97113780;LD1;6.07025538425697e-05
97113813;LD1;1.08825789264776e-05
98061610;LD1;4.59365939868789e-05
98061670;LD1;0.000153432875221266
98061676;LD1;3.01251118285783e-06
98061697;LD1;2.75927508408122e-06
98061793;LD1;2.71971909168992e-06
98061877;LD1;2.60853114240175e-05
103219417;LD1;1.00224544662188e-05
103219477;LD1;0.000140591151848124
103219482;LD1;2.42826167080478e-05
103219504;LD1;1.91828025136693e-06
103219510;LD1;2.07798032937082e-05
103219600;LD1;5.12831437634634e-05
103219615;LD1;1.51671204281453e-05
103219645;LD1;0.000264065631842987
103219654;LD1;3.93512878670471e-05
103219684;LD1;9.77916523874472e-05
103219717;LD1;1.37991856202729e-05
103293776;LD1;0.000590900434327314
103293806;LD1;8.37290184694501e-05
103293860;LD1;8.66965213538211e-05
103293965;LD1;0.000557623013062362
103294043;LD1;9.86211897619323e-06
109165918;LD1;0.000374683268925198
109166035;LD1;1.74335027224617e-05
109166053;LD1;2.31202932232532e-05
109166062;LD1;0.00024664077804049
109166081;LD1;3.11920407124629e-06
109166089;LD1;2.45583086039548e-06
109166125;LD1;6.39947657905813e-05
109166152;LD1;0.000104821208325045
116442473;LD1;1.91763804766579e-06
116442533;LD1;0.000167123174899738
116442538;LD1;1.48150009443674e-05
116442551;LD1;4.15259666372593e-06
116442560;LD1;6.91511365640901e-06
116442656;LD1;1.46566160701801e-06
116442671;LD1;2.46099691736394e-05
116442701;LD1;8.64132521369989e-05
116442710;LD1;2.25636868230614e-05
116442740;LD1;3.76902847062681e-06
116442773;LD1;1.48458831472597e-05
119498736;LD1;1.44769005599867e-06
119498769;LD1;3.50546969760335e-08
119498799;LD1;0.000127596464581738
119498808;LD1;3.64740905973176e-05
119498838;LD1;1.24973549358478e-05
119498853;LD1;5.23501855180302e-06
119498949;LD1;1.88985481813066e-05
119498976;LD1;0.000182694559973261
119499036;LD1;9.12692553194804e-07
123718816;LD1;0.000121001913477094
123718849;LD1;6.5253824912705e-05
123718879;LD1;7.35914236633481e-05
123718888;LD1;0.0006346981376603
123718918;LD1;0.000129207606899153
123718933;LD1;3.0240458849598e-05
123719029;LD1;1.84717688993165e-05
123719038;LD1;2.27425822685254e-05
123719051;LD1;6.15309087432603e-05
123719056;LD1;0.000238894187771663
123719116;LD1;1.83394828788231e-05
127944052;LD1;1.2048627189566e-05
127944085;LD1;1.13166695071882e-06
127944115;LD1;1.85201777443666e-05
127944124;LD1;8.96608318303826e-06
127944145;LD1;0.000787863720887813
127944154;LD1;3.77869758018902e-05
127944169;LD1;0.00017372546793626
127944265;LD1;3.1222102870482e-05
127944274;LD1;4.26164272751111e-05
127944287;LD1;4.79014051300862e-05
127944292;LD1;1.27774259619053e-05
127944352;LD1;6.9640968352673e-05
139167376;LD1;2.22053994200126e-07
139167436;LD1;0.000152679516949734
139167441;LD1;2.64228316126519e-05
139167454;LD1;7.14190446191336e-06
139167463;LD1;6.72899508657524e-06
139167559;LD1;2.57926557045876e-05
139167574;LD1;1.67095383003079e-05
139167604;LD1;6.7233517212239e-05
139167613;LD1;7.41519706699427e-05
139167643;LD1;1.10410730619003e-06
139167676;LD1;7.26762230200575e-05
139956267;LD1;6.84144342627252e-05
139956300;LD1;4.90229876824865e-07
139956330;LD1;1.17425460132135e-05
139956339;LD1;0.000111855161432361
139956369;LD1;4.46902591074898e-06
139956384;LD1;2.10503729851807e-05
139956480;LD1;5.29342522465255e-06
139956489;LD1;5.89375975864008e-05
139956502;LD1;7.09464971195814e-06
139956507;LD1;3.58285006857857e-05
139956567;LD1;4.9369251315284e-05
146293541;LD1;2.63357947393358e-06
146293574;LD1;3.26452831578798e-06
146293604;LD1;4.49857905296711e-06
146293613;LD1;6.78410021984571e-05
146293643;LD1;3.03871690447939e-05
146293658;LD1;4.6410710073666e-10
146293754;LD1;1.45302979329144e-05
146293763;LD1;7.16024633427476e-05
146293776;LD1;0.000114641208608531
146293781;LD1;0.000195287873034088
146293841;LD1;3.68483163712304e-05
153422684;LD1;6.7936813782239e-05
153422697;LD1;0.00178354403561746
153422802;LD1;0.000125267133280635
153422817;LD1;0.000100081113408821
153422847;LD1;0.000272209004046834
153422856;LD1;0.000450523828453526
153422886;LD1;0.000358504913062587
153422919;LD1;1.42319466907912e-06
154834904;LD1;2.13951848957446e-08
154834964;LD1;0.000193161627428416
154834969;LD1;4.08789137760037e-05
154834982;LD1;1.30478821815847e-05
154834991;LD1;3.77689315965334e-07
154835081;LD1;1.00435294051387e-05
154835096;LD1;5.17419850263604e-05
154835126;LD1;3.37191818864249e-05
154835135;LD1;2.10597477367721e-06
154835165;LD1;1.77123046455703e-05
154835198;LD1;1.32226077794428e-05
154993562;LD1;6.56580268371639e-06
154993627;LD1;5.88063977386463e-05
154993640;LD1;2.14053198437932e-08
154993649;LD1;4.8511891316598e-07
154993745;LD1;2.41100872953604e-05
154993790;LD1;4.86422427297532e-05
154993799;LD1;3.26398939862839e-06
154993829;LD1;5.27854083558961e-05
154993862;LD1;1.51444994670333e-08
155228855;LD1;0.00014673431020787
155228921;LD1;0.000231812992946831
155228933;LD1;1.87038261209046e-06
155228942;LD1;7.1260833139656e-05
155229038;LD1;8.56030878718224e-05
155229092;LD1;1.8753692444142e-07
155229122;LD1;5.62842007685877e-05
155871795;LD1;8.08549712183587e-05
155871858;LD1;6.56662863040541e-06
155871867;LD1;7.45213996674679e-05
155871897;LD1;6.55008595414816e-05
155871912;LD1;3.76604837770228e-08
155872017;LD1;7.0099712083225e-06
155872030;LD1;7.36925907550268e-05
155872035;LD1;0.000173569487620127
171892223;LD1;6.43303151117619e-05
171892256;LD1;4.48132808895688e-05
171892286;LD1;2.37362395328676e-05
171892295;LD1;0.000259881229308864
171892325;LD1;4.73305826373393e-05
171892430;LD1;0.000600526471406854
171892436;LD1;1.12061602465458e-05
171892445;LD1;0.000154872561692185
171892458;LD1;6.64815709152148e-05
171892463;LD1;0.000971010067588537
171892523;LD1;0.000120049600448108
172302462;LD1;0.000265036396290025
172302495;LD1;6.0361463855542e-05
172302525;LD1;3.18313326477084e-05
172302534;LD1;5.21448986297412e-07
172302564;LD1;4.39360704835557e-06
172302579;LD1;1.2085943277506e-05
172302697;LD1;7.46892824209509e-05
172302702;LD1;3.756334659092e-05
172302762;LD1;6.86634315562796e-05
172856472;LD1;1.06183740596623e-05
172856505;LD1;4.95739251397111e-06
172856535;LD1;0.000173975128926319
172856544;LD1;3.8359588383615e-05
172856574;LD1;3.85910987148796e-06
172856589;LD1;1.83352104964676e-05
172856685;LD1;7.25158374245707e-05
172856694;LD1;6.50209962118128e-05
172856707;LD1;0.000103391886482118
172856712;LD1;0.000245182369243357
172856772;LD1;7.15017507293366e-06
178171983;LD1;2.52858043266114e-05
178172016;LD1;0.00010744467969867
178172046;LD1;4.37915938285532e-05
178172055;LD1;0.00013752031666236
178172085;LD1;3.09583070430925e-05
178172100;LD1;1.91927480126701e-07
178172196;LD1;6.38739386195545e-06
178172205;LD1;8.38965573268971e-06
178172218;LD1;9.38370459988452e-05
178172223;LD1;0.000262843139107204
178172283;LD1;4.20924690876272e-07
179520453;LD1;0.00171627644179464
179520459;LD1;3.01636945975695e-05
179520519;LD1;0.000200873805433392
179520524;LD1;2.99472199907589e-07
179520537;LD1;6.10371282155365e-06
179520546;LD1;3.77992052778658e-07
179520642;LD1;8.67950313196713e-06
179520657;LD1;1.84492411616546e-05
179520687;LD1;8.76906170784524e-07
179520696;LD1;3.26849774450724e-06
179520726;LD1;4.46336232192691e-06
179520759;LD1;3.21795170227318e-06
182672045;LD1;9.99645273339043e-05
182672078;LD1;7.43584814003598e-05
182672117;LD1;0.00027033340934766
182672147;LD1;5.81037973692786e-07
182672162;LD1;6.1333511191951e-05
185250909;LD1;6.86928411095933e-05
185250942;LD1;0.00017526750752161
185250972;LD1;0.00011390282187068
185250981;LD1;1.0574149589947e-05
185251011;LD1;8.69781473820784e-05
185251026;LD1;0.000245416973906186
185251144;LD1;2.16546264999434e-05
185251209;LD1;8.27918138312451e-05
186358833;LD1;1.10614414434803e-05
186358898;LD1;0.00012943481125025
186358911;LD1;1.82950486868135e-05
186358920;LD1;1.91371999227561e-06
186358926;LD1;4.51699968781452e-06
186359016;LD1;0.000121177328311188
186359031;LD1;2.43583467647375e-05
186359061;LD1;0.000161828247971609
186359070;LD1;1.02612086840082e-05
186359100;LD1;0.000100335857009076
186359133;LD1;6.41552179581774e-05
190373671;LD1;1.11981348080446e-05
190373673;LD1;6.91099568438518e-07
190373731;LD1;5.37886714201744e-05
190373733;LD1;5.21303946028376e-05
190373736;LD1;6.35569836147556e-05
190373739;LD1;1.637522482438e-05
190373749;LD1;6.90501017429462e-07
190373751;LD1;7.76207853091934e-08
190373758;LD1;2.51577210934597e-06
190373760;LD1;1.01453011013949e-05
190373854;LD1;3.06827194641315e-05
190373856;LD1;2.29912548385812e-05
190373869;LD1;8.99586892659285e-06
190373899;LD1;1.83254840695023e-05
190373908;LD1;7.38627852595868e-05
190373938;LD1;2.24469503126335e-07
190373940;LD1;1.06577997225803e-06
190373971;LD1;2.41068593050871e-05
190453516;LD1;1.90704733385598e-05
190453774;LD1;2.42723815630276e-05
190453783;LD1;4.58253904601802e-05
190453813;LD1;4.02772330052367e-05
190453846;LD1;2.57597466162799e-06
192591592;LD1;0.000410466876604817
192591652;LD1;4.04228424853418e-05
192591657;LD1;4.30580891656042e-05
192591670;LD1;0.000134920407790151
192591679;LD1;1.00886227497055e-05
192591775;LD1;1.35165024802901e-05
192591790;LD1;4.67496517573138e-08
192591820;LD1;0.000250686741429111
192591829;LD1;5.67463412071281e-06
192591859;LD1;3.27613589644045e-05
192591892;LD1;3.19423825895946e-06
196588402;LD1;1.34133060843025e-06
196588520;LD1;0.000933899711908992
196588535;LD1;4.77527823907099e-06
196588565;LD1;8.66955707297292e-05
196588574;LD1;0.000206043458238978
196588604;LD1;0.00136642052118762
196588637;LD1;6.27531738724584e-07
203103950;LD1;3.86914474813721e-05
203104010;LD1;0.000118695224300072
203104016;LD1;8.34275643513875e-05
203104028;LD1;3.06877734570917e-05
203104037;LD1;3.34525443335465e-05
203104133;LD1;3.87730937022348e-06
203104217;LD1;7.79439016317197e-05
206684526;LD1;3.55637182770539e-05
206684586;LD1;1.8096838659756e-05
206684592;LD1;4.5058897503941e-05
206684604;LD1;2.63992010454778e-07
206684613;LD1;1.54105640597027e-05
206684709;LD1;9.94538386457881e-06
206684763;LD1;3.56292606489024e-06
206684793;LD1;8.85064234280849e-06
215794840;LD1;6.80791527365788e-05
215794870;LD1;4.3515562560929e-05
215795020;LD1;4.91203011534662e-08
215795029;LD1;2.34247178257359e-05
215795041;LD1;0.000700174833212198
215795047;LD1;2.48395508339085e-05
215795107;LD1;1.63514232525799e-05
219404804;LD1;2.89927008595566e-06
219404864;LD1;9.77708432753238e-05
219404870;LD1;9.57733066944799e-05
219404884;LD1;7.24182280238915e-05
219404987;LD1;1.04508819289085e-07
219405041;LD1;8.11117207939643e-06
219405071;LD1;6.68126247842397e-06
226370218;LD1;1.66286671731619e-05
226370283;LD1;0.000201695076843608
226370305;LD1;1.06959850377877e-05
226370401;LD1;6.82751634095563e-05
226370416;LD1;2.41351437916851e-07
226370446;LD1;8.28497969378943e-05
226370455;LD1;0.000141035399118345
226370485;LD1;1.23629069576249e-06
226370518;LD1;4.12582338162023e-06
242300224;LD1;1.09688076249306e-06
242300257;LD1;9.06918225327908e-05
242300287;LD1;5.73600726541428e-06
242300296;LD1;6.62832215915384e-05
242300341;LD1;1.24137142349642e-05
242300437;LD1;0.000163305878348918
242300446;LD1;3.10987210906027e-06
242300459;LD1;6.99923995609525e-05
242300464;LD1;1.94580090788969e-05
242300524;LD1;3.38896374952483e-05
242751667;LD1;1.72468737573723e-06
242751751;LD1;1.01291854917704e-05
242751847;LD1;6.92756124574784e-06
242751868;LD1;8.7830775438634e-06
242751874;LD1;0.000314119721977414
242751934;LD1;8.61773934065955e-05
244136171;LD1;0.000276526240969674
244136204;LD1;1.47555482994967e-05
244136234;LD1;1.86013379682151e-05
244136243;LD1;9.51511486160604e-05
244136273;LD1;2.3373685851174e-05
244136288;LD1;1.42249244205284e-05
244136384;LD1;5.20802291443974e-05
244136393;LD1;3.00254295644482e-05
244136406;LD1;1.27404303407966e-05
244136471;LD1;6.35452980234262e-05
254476644;LD1;9.97861400743942e-05
254476649;LD1;2.74156736359744e-05
254476866;LD1;0.000196070254418712
255755441;LD1;1.33583158034748e-05
255755504;LD1;2.37911675131583e-06
255755513;LD1;0.000136651412640062
255755543;LD1;2.93800750043131e-06
255755558;LD1;2.02018905935555e-05
255755663;LD1;0.00015961063352019
255755676;LD1;0.000111830657441222
255755681;LD1;0.000584272545969466
255755741;LD1;1.91540814702702e-05
268727709;LD1;1.21189817431482e-06
268727772;LD1;6.68887628154171e-07
268727781;LD1;0.000104110051960162
268727811;LD1;4.62279155687115e-05
268727826;LD1;1.38921188726168e-05
268727922;LD1;2.06524938774494e-06
268727931;LD1;0.000109293431708608
268727944;LD1;1.02640363461691e-06
268727949;LD1;0.00012305413100161
268728009;LD1;1.25941730248648e-06
270801704;LD1;5.8967588380729e-05
270801743;LD1;9.39609814379795e-05
270801758;LD1;0.00024491376420618
270801881;LD1;0.00030457176590933
299418254;LD1;3.85761712995214e-05
299418287;LD1;1.49893658131458e-05
299418317;LD1;0.000106976418683953
299418326;LD1;8.2449867494351e-06
299418356;LD1;2.12225460976902e-07
299418371;LD1;7.69153643329899e-05
299418467;LD1;9.99078801542243e-05
299418476;LD1;2.45266042878597e-05
299418489;LD1;3.58362600842703e-08
299418494;LD1;0.000294192139592746
299418554;LD1;2.156412046703e-06
300103119;LD1;0.000487608622505938
300103341;LD1;0.000432540277563341
303637793;LD1;2.30052719932585e-05
303637853;LD1;0.00035030193098252
303637858;LD1;3.74346522493608e-06
303637871;LD1;1.25494158159731e-07
303637880;LD1;4.70342286343969e-05
303637976;LD1;7.54781893441269e-05
303637991;LD1;3.48859256496913e-05
303638021;LD1;2.05748075619242e-05
303638030;LD1;3.94924019563419e-05
303638060;LD1;4.23080606600165e-05
303638093;LD1;1.26952429586307e-05
307910258;LD1;6.70159527270112e-06
307910273;LD1;0.000170544294542511
307910312;LD1;4.8701471079954e-07
307910342;LD1;1.92964137909764e-05
307910375;LD1;3.04187210378843e-05
312738024;LD1;7.79000939073918e-05
312738084;LD1;0.000128066075983599
312738089;LD1;0.000138696269977822
312738102;LD1;4.63332385496896e-06
312738207;LD1;7.47495221565113e-05
312738222;LD1;0.000280707819828307
312738239;LD1;1.88148550829326e-05
312738252;LD1;3.5682646286557e-09
312738261;LD1;7.51039877217122e-06
312738291;LD1;0.000102912944541267
312738324;LD1;2.28679739689917e-05
334613569;LD1;2.90013219538026e-05
334613629;LD1;0.000160944221808008
334613634;LD1;0.000133574869526774
334613752;LD1;7.58850494936934e-07
334613767;LD1;6.63725715073825e-05
334613797;LD1;8.25602913030969e-05
334613806;LD1;5.86344360818301e-05
334613869;LD1;9.55952523262331e-07
336940735;LD1;6.76520305101826e-06
336940768;LD1;6.16824272092439e-05
336940798;LD1;1.09883021196952e-05
336940807;LD1;3.35191164799095e-05
336940837;LD1;4.89690446431662e-05
336940852;LD1;1.63685759353293e-05
336940948;LD1;2.26197993555528e-05
336940957;LD1;0.000152503538169911
336940970;LD1;1.09427847041002e-05
336940975;LD1;0.000145623027284031
336941035;LD1;1.30677523819233e-05
340318505;LD1;2.0205257472944e-05
340318565;LD1;0.000255364770582725
340318570;LD1;9.06315954719447e-05
340318583;LD1;2.78220549411356e-05
340318592;LD1;3.06619703023705e-06
340318598;LD1;5.59443020944924e-05
340318688;LD1;1.89599538122771e-08
340318703;LD1;9.85690854142798e-06
340318733;LD1;0.000142559000110457
340318742;LD1;2.09573445258025e-05
340318772;LD1;9.76907651634249e-05
340318805;LD1;6.08549758310438e-06
343287741;LD1;3.95358500417414e-05
343287774;LD1;6.76387307064121e-05
343287804;LD1;1.65125827309395e-05
343287813;LD1;9.62899448953633e-05
343287843;LD1;4.64663756085008e-05
343287858;LD1;1.94629975133436e-05
343287954;LD1;1.8856168054338e-06
343287963;LD1;6.61245509209433e-06
343287976;LD1;3.87371964914863e-05
343287981;LD1;0.000161920717124538
343288041;LD1;3.84268416772132e-05
358904910;LD1;1.0659627739511e-05
358904943;LD1;1.2436650980337e-05
358904973;LD1;1.78244022149833e-06
358904982;LD1;2.05336626834424e-05
358905012;LD1;2.35490547574129e-06
358905123;LD1;2.35866453295218e-05
358905132;LD1;2.1655360782339e-05
358905150;LD1;7.21381630087798e-05
358905210;LD1;2.49710046052093e-06
373472893;LD1;0.000494825223244058
373472926;LD1;1.07027678139348e-05
373472956;LD1;6.80158348470241e-06
373472965;LD1;0.000267050022847756
373472995;LD1;0.000430343804860461
373473010;LD1;0.000245318671812434
373473106;LD1;1.71612149940409e-05
373473115;LD1;3.93736962514889e-06
373473128;LD1;0.000266682094112675
373473133;LD1;0.000186127665121259
373473193;LD1;0.000105799446747739
376090506;LD1;0.0019016897746644
376090511;LD1;0.00020632116029616
376090524;LD1;3.30884906109323e-05
376090644;LD1;7.18109476546734e-05
376090683;LD1;1.06290399189971e-05
376090713;LD1;0.000119342160397172
379461938;LD1;5.22879338882813e-05
379461971;LD1;7.54242650113966e-06
379462001;LD1;1.10010593008114e-05
379462010;LD1;3.34953711629279e-06
379462040;LD1;0.000105582527370254
379462055;LD1;1.57893716059945e-06
379462151;LD1;4.96762108557738e-05
379462160;LD1;7.23223158708903e-07
379462173;LD1;5.88294432352599e-07
379462178;LD1;0.000309231563851707
379462238;LD1;1.37074594329961e-05
385240101;LD1;5.76082213500921e-05
385240185;LD1;1.11636633096638e-06
385240281;LD1;0.000109985690223049
385240302;LD1;0.000363110526520022
385240308;LD1;0.000876733533534332
385240368;LD1;2.26827933678177e-05
387559612;LD1;3.98679414030248e-05
387559645;LD1;8.11460767960087e-06
387559675;LD1;0.000144345839765316
387559684;LD1;6.05614304895334e-05
387559714;LD1;2.5113617052676e-05
387559729;LD1;9.98639752358557e-05
387559825;LD1;7.05408876437482e-05
387559847;LD1;4.88357108875581e-05
387559852;LD1;0.000338147201838456
387559912;LD1;2.65553714347481e-06
389076641;LD1;3.54867122362953e-06
389076693;LD1;0.00010470995889872
389076725;LD1;1.32244746620111e-05
389076821;LD1;3.81258925635143e-05
389076830;LD1;2.17041122327775e-05
389076842;LD1;0.000442518641406454
389076908;LD1;3.58464596226997e-05
390919641;LD1;4.01092801672085e-06
390919701;LD1;0.000301482648140683
390919706;LD1;0.000222526655944367
390919719;LD1;9.77626451137046e-09
390919728;LD1;4.84687466514703e-05
390919824;LD1;3.71221124594923e-06
390919839;LD1;1.98811559785218e-06
390919869;LD1;8.08120784315483e-05
390919878;LD1;7.34823278167555e-06
390919908;LD1;5.77298476481067e-05
390919941;LD1;0.000136096813311192
393699680;LD1;2.14648509797771e-05
393699710;LD1;3.3091118381917e-05
393699719;LD1;1.20150430180669e-09
393699749;LD1;5.35260861123217e-05
393699764;LD1;5.34886459229076e-06
393699860;LD1;1.3269779062671e-07
393699882;LD1;6.89214323311682e-05
393699887;LD1;2.08165186789305e-05
393699947;LD1;4.2248561034563e-06
394866577;LD1;8.14458479089879e-05
394866595;LD1;0.000211485462866009
394866700;LD1;5.56484021196844e-05
394866715;LD1;4.09488420740244e-05
394866745;LD1;0.000229999946725066
394866754;LD1;3.06933204741129e-05
394866784;LD1;0.00032705947464836
394866817;LD1;7.07608143849309e-05
395029907;LD1;6.03969750644641e-06
395029967;LD1;0.000196063872530454
395029994;LD1;6.57506653154929e-05
395030174;LD1;1.38894434647172e-05
407887790;LD1;0.000165978744137722
407887850;LD1;2.32099438651739e-05
407887856;LD1;1.83623525619848e-05
407887868;LD1;2.68731271972796e-07
407887877;LD1;3.13700023878054e-05
407887973;LD1;2.14645198379431e-06
407888027;LD1;1.45487800893305e-06
407888057;LD1;2.62828322737884e-08
408429931;LD1;8.52692237371987e-05
408429964;LD1;1.22634640019138e-06
408429994;LD1;3.10075835819973e-05
408430003;LD1;0.000159665555483497
408430033;LD1;2.39666941365218e-05
408430048;LD1;1.00572529675761e-06
408430144;LD1;0.000347508474066205
408430153;LD1;1.36991629561129e-05
408430166;LD1;0.000513400723359979
408430171;LD1;0.000235101526397109
408430231;LD1;2.86509125556453e-05
411651530;LD1;6.8375280234727e-06
411651590;LD1;0.000120503693572505
411651595;LD1;6.14896476332971e-05
411651608;LD1;1.77643604601133e-05
411651617;LD1;9.46514498606521e-05
411651713;LD1;7.52547622147392e-06
411651728;LD1;2.02224095496104e-06
411651758;LD1;3.84359922158307e-05
411651767;LD1;1.37875088290938e-05
411651797;LD1;0.000111436261263037
411651830;LD1;7.9247889598663e-05
412118044;LD1;4.36318679952765e-05
412118077;LD1;5.97538499337515e-05
412118107;LD1;5.11854752617646e-05
412118116;LD1;7.58848410336672e-05
412118146;LD1;0.000163481601213552
412118161;LD1;7.41792306561297e-06
412118257;LD1;3.72827342769396e-06
412118266;LD1;9.86948797045042e-06
412118279;LD1;1.47041876551677e-05
412118284;LD1;0.000181419488674646
412118344;LD1;3.69230772453915e-07
412877108;LD1;3.90074044634996e-06
412877141;LD1;1.91240549995511e-05
412877171;LD1;0.000249663746043323
412877180;LD1;3.35357248893523e-06
412877210;LD1;6.82689767266765e-06
412877225;LD1;3.90911102352567e-06
412877321;LD1;1.04339237861961e-06
412877330;LD1;2.36273740127887e-06
412877343;LD1;3.32077925079957e-05
412877348;LD1;0.000151250831842151
412877408;LD1;1.26820025149025e-05
413124081;LD1;1.1516272060641e-05
413124114;LD1;1.28957078540708e-06
413124144;LD1;1.64484624961829e-05
413124153;LD1;5.39655359932204e-05
413124183;LD1;7.24540861097726e-06
413124198;LD1;4.15645919003341e-05
413124204;LD1;0.000215185592841567
413124294;LD1;1.77235879826718e-06
413124303;LD1;9.94055172666757e-11
413124316;LD1;3.3405872469899e-05
413124321;LD1;0.00011650186244781
413124381;LD1;1.07000067846212e-05
414067339;LD1;9.13026369450164e-06
414067404;LD1;0.000465529431138401
414067417;LD1;6.71138763345734e-06
414067426;LD1;3.08504125946446e-05
414067522;LD1;6.61656461108858e-05
414067537;LD1;0.000150933526876416
414067567;LD1;6.22911797691883e-07
414067576;LD1;0.000122768770879252
414067606;LD1;2.49386618926577e-06
414067639;LD1;7.61546854660784e-06
416560983;LD1;8.79256551674346e-06
416561016;LD1;4.00409773384503e-06
416561046;LD1;9.31131558566093e-06
416561055;LD1;2.97840791732942e-06
416561085;LD1;1.1566558771193e-05
416561100;LD1;4.46981547122548e-07
416561196;LD1;8.84781589231376e-05
416561205;LD1;0.00170174346352364
416561218;LD1;5.6644847905003e-08
416561223;LD1;0.000187500281280016
417930029;LD1;0.000135820116586036
417930034;LD1;1.57122550259131e-05
417930047;LD1;0.000124684162796466
417930056;LD1;4.24884176268153e-05
417930152;LD1;8.56067250748293e-06
417930167;LD1;3.04840431180756e-05
417930197;LD1;4.01802213272968e-05
417930206;LD1;7.00007679532824e-06
417930236;LD1;4.88802792862502e-05
417930269;LD1;1.93441282878159e-06
418475382;LD1;3.57751143582355e-05
418475466;LD1;4.48097226064636e-06
418475562;LD1;1.34779844297773e-05
418475571;LD1;5.01435102354264e-06
418475583;LD1;3.49104428346775e-05
418475589;LD1;0.000144772290034471
420147272;LD1;4.09485613559166e-06
420147302;LD1;1.10196221715089e-06
420147356;LD1;9.98038852574572e-06
420147452;LD1;1.42513169214185e-05
420147461;LD1;6.4661383156258e-06
420147479;LD1;2.75508232780135e-05
420147539;LD1;1.92715766261046e-05
421062606;LD1;6.87264172132158e-05
421062666;LD1;0.000240273046217249
421062671;LD1;2.19893110182905e-06
421062684;LD1;2.32034615202495e-05
421062789;LD1;9.10139763882439e-05
421062834;LD1;6.98579025344942e-05
421062843;LD1;0.000155165881409876
421062873;LD1;0.000482909250102638
421062906;LD1;1.6491161986683e-05
431011119;LD1;3.65563501062328e-06
431011152;LD1;0.000108258711156325
431011182;LD1;1.82418786130618e-06
431011191;LD1;0.000111496547332053
431011221;LD1;2.4982650554441e-07
431011236;LD1;1.27016384134945e-05
431011332;LD1;0.000161733005177482
431011341;LD1;6.05745193017814e-07
431011354;LD1;9.06290765995406e-05
431011359;LD1;0.000314570942266562
431011419;LD1;3.66838291343109e-05
439477763;LD1;4.06946925655074e-05
439477796;LD1;5.82242961835614e-08
439477826;LD1;0.000106537925072288
439477835;LD1;2.37452289650766e-05
439477865;LD1;3.58837708858698e-05
439477880;LD1;2.38896974949795e-05
439477976;LD1;1.53857445803958e-05
439477985;LD1;2.12862987843336e-05
439477998;LD1;3.00800447954353e-05
439478003;LD1;8.53363062187497e-05
439478063;LD1;2.95510475433859e-05
441684557;LD1;1.65395211079992e-05
441684590;LD1;1.50695868062043e-05
441684620;LD1;1.82945712890267e-05
441684629;LD1;3.88950466907414e-05
441684659;LD1;0.000210763180652178
441684674;LD1;4.2124168602664e-05
441684770;LD1;1.57628503251704e-05
441684779;LD1;8.62015973563734e-07
441684792;LD1;7.04959441820629e-05
441684797;LD1;0.000177840203592137
441684857;LD1;5.83063920344113e-05
442578627;LD1;2.51866797128135e-06
442578687;LD1;7.43303935691234e-05
442578692;LD1;0.000128336515028497
442578705;LD1;3.17256357120283e-08
442578714;LD1;1.52190948748704e-05
442578810;LD1;1.68611748590838e-05
442578825;LD1;1.63542644034106e-05
442578855;LD1;5.77201048531691e-05
442578864;LD1;7.80328161450893e-05
442578894;LD1;4.79815060151595e-06
442578927;LD1;5.07149305807054e-06
456931176;LD1;7.38792561485903e-06
456931203;LD1;1.16867077803463e-05
456931209;LD1;6.2975629936988e-05
456931239;LD1;4.21127212206674e-06
456931247;LD1;4.39943555175312e-05
456931266;LD1;7.82976515129781e-07
456931275;LD1;5.68837256876552e-06
456931293;LD1;1.02704340591897e-05
456931389;LD1;6.57013904453055e-06
456931393;LD1;3.75650617277311e-05
456931398;LD1;2.23646464021628e-05
456931410;LD1;0.000392393984044479
458195302;LD1;2.28530134641744e-07
458195332;LD1;0.000379153438776013
458195341;LD1;0.000135240463057308
458195371;LD1;6.04248805450287e-05
458195491;LD1;9.89419586392976e-07
458195504;LD1;0.000322154548214173
458195569;LD1;6.90555588226995e-05
645837;LD1;0.00013443269633785
645897;LD1;2.44964614803194e-05
645903;LD1;1.06299992273833e-06
645917;LD1;3.5120901772693e-05
645924;LD1;0.000118300252515412
646020;LD1;0.000198584659918627
646074;LD1;2.79341256892826e-05
646104;LD1;2.56207326891091e-07
5818541;LD1;1.86631771220425e-05
5818574;LD1;6.2867983279665e-05
5818604;LD1;4.37625363242486e-05
5818613;LD1;0.000146492463121325
5818658;LD1;2.5288601031634e-05
5818754;LD1;0.000112863154515714
5818763;LD1;1.95088231798636e-05
5818776;LD1;4.0038545936981e-05
5818781;LD1;0.000168329920974509
5818841;LD1;7.53368227059779e-06
13340128;LD1;7.33082856148232e-06
13340158;LD1;1.00172067617917e-05
13340167;LD1;0.000163943907185582
13340197;LD1;5.18887593345122e-06
13340212;LD1;6.0717009813144e-06
13340317;LD1;1.33363384116289e-05
13340330;LD1;8.47302363204702e-06
13340395;LD1;7.03241176477393e-05
13349184;LD1;0.000155196937613056
13349199;LD1;3.8885685892068e-05
13349229;LD1;0.000196388273483823
13349238;LD1;2.20757381059678e-07
13349268;LD1;0.000107401996267725
16816567;LD1;3.47007738370319e-05
16816600;LD1;1.30441552575989e-05
16816630;LD1;7.62584026656611e-06
16816639;LD1;1.53260955280893e-05
16816669;LD1;0.000252520328292773
16816684;LD1;4.2784223252881e-05
16816780;LD1;0.000524932370724315
16816789;LD1;0.000237480017193938
16816802;LD1;1.36549172528201e-05
16816807;LD1;0.000241121847135491
16816867;LD1;6.53796476969656e-05
28210126;LD1;5.86255635880833e-05
28210138;LD1;4.29738943500599e-05
28210143;LD1;1.55801825814334e-05
28210147;LD1;6.96487523565105e-05
28210243;LD1;1.20313431634915e-05
28210261;LD1;4.20718807202188e-06
28210270;LD1;9.16279705024938e-06
28210289;LD1;4.18179341201026e-06
28210297;LD1;2.44638075379836e-05
28210327;LD1;3.84638640200345e-05
28210333;LD1;1.4296452502657e-05
28210360;LD1;1.0200692450989e-05
32917893;LD1;5.3357976941147e-05
32917956;LD1;1.40410235059518e-06
32917965;LD1;0.000154662167111372
32917995;LD1;2.24273265809474e-05
32918010;LD1;0.000124939919478233
32918106;LD1;4.91337571671081e-05
32918115;LD1;0.000102557784371579
32918128;LD1;0.000102904017355704
32918133;LD1;0.000165817822062239
32918193;LD1;6.80733155923765e-05
41933436;LD1;0.000124176148791747
41933442;LD1;2.41863119298076e-05
41933559;LD1;5.78578705338736e-05
41933613;LD1;4.10586593968255e-05
41933643;LD1;2.50048655134136e-06
50110442;LD1;3.39347840574832e-08
50110526;LD1;6.88140146094113e-05
50110643;LD1;0.000106409821998579
59750128;LD1;5.96776055868418e-06
59750188;LD1;0.000228380068724127
59750206;LD1;0.000110840134059004
59750215;LD1;5.33575989086347e-05
59750326;LD1;3.73778074213925e-05
59750365;LD1;9.17039060831722e-08
59750428;LD1;0.000107228703622734
61441796;LD1;5.16213297132977e-06
61441868;LD1;3.30682101433629e-05
61441898;LD1;7.15991872994262e-06
61441913;LD1;0.000126171303203019
61442018;LD1;5.31672439553698e-06
61442031;LD1;1.36458793306447e-05
61442096;LD1;1.06622353811943e-06
73612415;LD1;8.53752244004729e-07
73612442;LD1;5.87482754257555e-06
73612448;LD1;4.52376398568554e-07
73612478;LD1;1.29170298307815e-05
73612486;LD1;1.67552469796203e-05
73612505;LD1;4.21257702160307e-06
73612514;LD1;6.21043963436926e-08
73612532;LD1;0.0001774827131015
73612649;LD1;5.615554532745e-05
78907842;LD1;1.28478511956385e-07
78907902;LD1;0.000165115960545605
78907907;LD1;4.37668025892218e-06
78907920;LD1;3.7145383922791e-05
78907929;LD1;3.73242049887402e-05
78908025;LD1;3.81978894707132e-05
78908040;LD1;1.56150807133946e-05
78908070;LD1;3.06865221805084e-05
78908079;LD1;1.46433389438151e-05
78908109;LD1;1.99860746429702e-10
78908142;LD1;6.50355679098215e-05
80237634;LD1;4.76588597207941e-10
80237664;LD1;0.000854438004531443
80237670;LD1;0.000225757077903776
80237682;LD1;5.32979334382827e-07
80237687;LD1;0.000683623043075567
80237691;LD1;3.36777175444482e-05
80237787;LD1;7.11388736919591e-06
80237814;LD1;8.50617957948708e-05
80237833;LD1;0.00208014141131256
80237841;LD1;8.15051461206576e-05
80237871;LD1;1.10416403487742e-05
80237877;LD1;3.1537444167847e-05
80237904;LD1;0.000359402227586939
82493248;LD1;2.09556074678125e-05
82493278;LD1;7.24468099118316e-06
82493332;LD1;9.16511562939446e-06
82493428;LD1;3.61830011844343e-05
82493437;LD1;4.82206147126365e-05
82493449;LD1;1.51857995736145e-05
82493514;LD1;5.9957992447777e-05
94253092;LD1;0.000173569671294077
94253125;LD1;0.000268791792378786
94253155;LD1;0.000213126209382843
94253164;LD1;0.000141556025362251
94253194;LD1;0.000360140524299802
94253209;LD1;2.31755223144622e-05
94253305;LD1;3.20289651111375e-05
94253314;LD1;0.000151953687524159
94253327;LD1;0.0001225677941538
94253332;LD1;0.000184362823091711
94253392;LD1;3.84277354209624e-07
99042638;LD1;0.000512154472743139
99042681;LD1;3.41949595723027e-05
99042704;LD1;0.000191271332604874
99042716;LD1;0.0022561965497523
99042821;LD1;0.000163273674462097
99042875;LD1;2.99795804389518e-05
99042905;LD1;0.000127861312739376
111147007;LD1;7.87563728589435e-08
111147037;LD1;2.91460190244393e-05
111147046;LD1;8.67395822836445e-05
111147091;LD1;3.98237176819513e-05
111147206;LD1;0.000124818180928817
111147271;LD1;4.09864069857333e-05
113803309;LD1;2.26436942388799e-05
113803340;LD1;3.06690453717282e-05
113803342;LD1;9.39907009054951e-06
113803370;LD1;5.04247114045181e-05
113803372;LD1;7.76834296799154e-06
113803381;LD1;9.13794860578274e-05
113803411;LD1;1.73088714007928e-05
113803424;LD1;2.33946733006264e-05
113803426;LD1;5.88035903060083e-05
113803514;LD1;3.1809589042684e-07
113803516;LD1;7.9773696161511e-06
113803535;LD1;3.39033347085451e-06
113803538;LD1;8.20514563160138e-05
113803541;LD1;4.71827242906242e-07
113803543;LD1;0.000240770138393171
113803601;LD1;0.000140551795160685
113803603;LD1;1.05519559100466e-05
123424471;LD1;5.62971262209044e-06
123424531;LD1;0.000265176815834696
123424537;LD1;1.80222117979549e-05
123424549;LD1;1.31118658178577e-05
123424558;LD1;0.000411292358854113
123424654;LD1;2.78349638239473e-07
123424708;LD1;1.18014705694706e-05
123424738;LD1;0.0004787208925638
130742888;LD1;2.60335800752751e-08
130742948;LD1;0.000143245265588593
130742954;LD1;1.16110850561282e-07
130742966;LD1;2.93208423309967e-05
130742975;LD1;0.000961056686988745
130743070;LD1;2.44448646497869e-05
130743124;LD1;0.00050626174350688
130743154;LD1;7.58184002673987e-06
132116061;LD1;3.50397192063155e-06
132116094;LD1;4.03779915170393e-06
132116124;LD1;8.22964589098295e-09
132116133;LD1;4.87935521614544e-05
132116163;LD1;0.000100813029395242
132116178;LD1;2.78603662032376e-05
132116283;LD1;0.000141837208916097
132116296;LD1;4.29542414983445e-05
132116301;LD1;1.73535336438084e-06
132116361;LD1;6.07371350585184e-06
139055514;LD1;0.000271214094625174
139055751;LD1;1.36073430091243e-06
139055781;LD1;9.91368222026788e-06
140233890;LD1;2.25063640428445e-06
140233908;LD1;4.15194609973868e-05
140233913;LD1;3.07378615782869e-06
140233917;LD1;2.84104448638354e-05
140234013;LD1;2.0011492884447e-07
140234031;LD1;2.62663174575899e-05
140234040;LD1;9.84839512809838e-05
140234059;LD1;8.52299246145348e-06
140234067;LD1;5.46866662101074e-05
140234097;LD1;4.33445601879632e-05
140234103;LD1;1.13352219592027e-05
140234130;LD1;2.67384646409145e-06
142459277;LD1;9.46703424340135e-05
142459337;LD1;4.54691385213431e-05
142459343;LD1;8.03202278341583e-05
142459355;LD1;6.66877842624197e-06
142459514;LD1;6.90195429401934e-06
152953861;LD1;0.000101193356339853
152953891;LD1;1.82786981879086e-07
152953945;LD1;9.25655152905089e-06
152954041;LD1;1.18448265937789e-06
152954050;LD1;0.000151454516272913
152954068;LD1;0.000159042143189244
152954128;LD1;0.00017441982161633
156047556;LD1;3.87105576419131e-05
156047587;LD1;3.23486674424747e-05
156047589;LD1;6.98594276362126e-06
156047599;LD1;2.10513246637384e-08
156047601;LD1;1.10940704326503e-06
156047608;LD1;4.46122264551463e-05
156047610;LD1;1.30244179985681e-05
156047617;LD1;0.00023040881223885
156047641;LD1;6.01392872915525e-06
156047643;LD1;5.59039665068289e-05
156047941;LD1;3.72079103818613e-07
156047944;LD1;0.000110029015344838
156047946;LD1;5.24362423637636e-05
156047949;LD1;2.00175263466016e-06
156047951;LD1;3.29407755143051e-05
156047962;LD1;2.36591634038525e-05
156047964;LD1;9.99515109589159e-06
156047968;LD1;0.000220361660595975
156047970;LD1;5.14282099424166e-05
156047979;LD1;1.50225002768074e-08
156047981;LD1;3.30561894875027e-05
156048010;LD1;7.49993963560161e-05
156048013;LD1;3.97892057074538e-05
190090263;LD1;6.60731315151984e-08
190090462;LD1;0.000320711023819528
199852911;LD1;3.12938410308542e-06
199852944;LD1;1.04627664915046e-05
199852974;LD1;1.73416580605926e-06
199852983;LD1;6.7035190359003e-07
199853013;LD1;3.79469849210732e-07
199853028;LD1;7.88066965353155e-05
199853124;LD1;0.000122477174842331
199853133;LD1;9.88792253124632e-05
199853146;LD1;0.000159061268295997
199853151;LD1;0.000131427107192673
199853211;LD1;1.3982427645277e-06
217165404;LD1;4.14883748074359e-05
217165434;LD1;5.4224626634162e-06
217165488;LD1;7.94956091446476e-06
217165584;LD1;5.93743654227186e-09
217165593;LD1;1.08944788023103e-05
217165605;LD1;6.83631549952954e-06
217165671;LD1;6.00346705325724e-05
240490409;LD1;2.16416909244422e-06
240490469;LD1;0.000397464334830165
240490474;LD1;6.66383274275894e-05
240490487;LD1;4.6487131192377e-05
240490592;LD1;6.01679897783684e-05
240490607;LD1;1.19835207991317e-05
240490637;LD1;0.000101588394102656
240490646;LD1;1.48302932902679e-05
240490676;LD1;4.63007928873646e-06
240490709;LD1;0.000228544516722131
323276894;LD1;6.56778813960868e-05
323276959;LD1;0.000119164329040205
323276972;LD1;1.225081249102e-08
323277077;LD1;4.19419360684488e-08
323277092;LD1;4.04985804962196e-05
323277122;LD1;7.79435407041621e-05
323277131;LD1;5.07167666122153e-10
323277161;LD1;3.92247752276082e-05
323277194;LD1;3.42045218691666e-06
329056082;LD1;3.2971622191632e-05
329056113;LD1;1.52401515691512e-05
329056115;LD1;8.79848141297433e-06
329056143;LD1;3.39855942143434e-06
329056145;LD1;2.61617768624248e-05
329056154;LD1;0.000228493030518328
329056184;LD1;0.000157927640456098
329056197;LD1;3.55028848247716e-05
329056199;LD1;0.000384663281398864
329056302;LD1;2.93480429258561e-05
329056304;LD1;7.26220378252876e-06
329056314;LD1;9.39314040144488e-08
329056317;LD1;4.9501290465843e-05
329056320;LD1;0.000789961451182045
329056322;LD1;7.44323501894971e-05
329056380;LD1;0.000585415866948604
329056382;LD1;6.62460629199623e-05
342933371;LD1;2.58474445482988e-05
342933431;LD1;0.000166719148012492
342933436;LD1;4.46873537572625e-05
342933449;LD1;6.89318563835207e-06
342933458;LD1;6.72836874742647e-06
342933554;LD1;7.09265836745057e-05
342933569;LD1;1.59960959910288e-05
342933599;LD1;9.51425293713035e-06
342933638;LD1;2.33197618003818e-05
342933671;LD1;1.30299690570676e-09
343975971;LD1;1.71573699643921e-05
343976031;LD1;0.000335826454029791
343976036;LD1;0.000173538098667351
343976049;LD1;7.71251212964407e-06
343976058;LD1;1.25267308404927e-05
343976154;LD1;8.74611216132049e-05
343976169;LD1;5.54145209321784e-05
343976199;LD1;0.000145310021030848
343976208;LD1;6.18720705589916e-05
343976238;LD1;4.39186761411103e-06
343976271;LD1;4.50509369973275e-05
367038113;LD1;6.56991168991504e-05
367038173;LD1;2.86336295143472e-05
367038178;LD1;0.000136705760000114
367038191;LD1;2.59134068950757e-06
367038200;LD1;1.19984190945908e-05
367038296;LD1;1.03200156157463e-05
367038311;LD1;2.86277672379877e-06
367038341;LD1;4.17796617880254e-05
367038350;LD1;3.21772012121083e-05
367038380;LD1;0.0002094709195505
367038413;LD1;2.46724649650659e-05
388240927;LD1;1.33935868960432e-05
388240960;LD1;1.04062639914568e-05
388240990;LD1;1.22724762990855e-05
388240999;LD1;1.68235286311573e-05
388241029;LD1;9.95349128952721e-06
388241044;LD1;8.29441054767954e-05
388241140;LD1;0.000210499419318714
388241162;LD1;0.000128168133115547
388241167;LD1;4.78544473098532e-05
388241227;LD1;0.000147839415171614
421868814;LD1;2.18505067640522e-07
421868845;LD1;1.60516399284622e-05
421868847;LD1;4.18397940504775e-06
421868875;LD1;9.83421032008352e-07
421868877;LD1;2.88388230999637e-05
421868886;LD1;4.96764803656416e-07
421868929;LD1;0.000102336240915683
421868931;LD1;7.02259771813016e-05
421869025;LD1;8.53610883654689e-05
421869027;LD1;5.37978993307297e-05
421869034;LD1;3.45026694914377e-06
421869036;LD1;9.77557736239178e-05
421869046;LD1;1.37823898368074e-05
421869049;LD1;6.67581663274763e-06
421869052;LD1;0.000215193815615014
421869054;LD1;0.000149367490547613
421869112;LD1;5.8329130485407e-05
421869114;LD1;1.16365829156436e-06
424533856;LD1;3.24567082923715e-06
424533916;LD1;0.000117974655884364
424533921;LD1;5.50114505131988e-05
424533934;LD1;1.31802518107475e-06
424533943;LD1;1.40613632277432e-05
424534039;LD1;5.02450396447674e-05
424534054;LD1;2.66173901559769e-05
424534084;LD1;0.000118304184944574
424534093;LD1;3.24015000795307e-09
424534123;LD1;1.31953699432075e-09
424534156;LD1;0.000115824132980128
426952214;LD1;8.28693434902164e-05
426952274;LD1;0.000131919937278614
426952280;LD1;1.09428200336173e-05
426952292;LD1;0.000563402880897063
426952412;LD1;2.23021822389188e-05
426952442;LD1;4.02869104927798e-05
426952451;LD1;0.000182211213071692
426952481;LD1;0.000384885955453032
426952514;LD1;0.000144879976137015
429025231;LD1;3.99859683430975e-06
429025294;LD1;3.680376592553e-05
429025333;LD1;4.53112158523629e-07
429025348;LD1;0.000134501830333918
439970895;LD1;6.36681743121409e-06
439970928;LD1;0.00035646563859895
439970958;LD1;1.14011788698674e-05
439970967;LD1;8.20410219503863e-06
439970997;LD1;0.000300011010425272
439971012;LD1;3.75047010435657e-05
439971117;LD1;0.000257140255300865
439971130;LD1;3.82441715560933e-05
439971195;LD1;1.53538090889304e-05
456299674;LD1;1.2925609928865e-05
456299707;LD1;5.18762933014598e-05
456299737;LD1;2.30413728464631e-06
456299746;LD1;0.000296800998800604
456299776;LD1;7.87905653017005e-07
456299791;LD1;1.7908082137318e-06
456299896;LD1;2.46414785210955e-07
456299909;LD1;1.12979158350591e-05
456299974;LD1;2.15803366631769e-05
457637810;LD1;4.60742751032891e-05
457637819;LD1;7.18837201249713e-08
457637828;LD1;2.56738190455317e-06
457637839;LD1;1.26769889455379e-07
457637858;LD1;3.14376440611783e-05
478882565;LD1;2.73212917260304e-05
478882630;LD1;0.000100009500911161
478882643;LD1;1.9773129133166e-05
478882652;LD1;3.67138757187556e-05
478882745;LD1;2.05848277255119e-05
478882760;LD1;3.54535194918262e-06
478882790;LD1;3.93947392878842e-05
478882799;LD1;1.18990386432825e-05
478882829;LD1;7.45565333903914e-06
478882862;LD1;5.01882445446707e-05
483561244;LD1;5.63006899868072e-05
483561277;LD1;4.34656494420504e-09
483561307;LD1;6.44382934842344e-06
483561316;LD1;0.000164031307023018
483561346;LD1;0.000174024616748383
483561361;LD1;2.73138309272837e-05
483561466;LD1;0.000501386119991942
487627549;LD1;2.50147126568144e-10
487627579;LD1;1.17451617484024e-05
487627633;LD1;1.8441620130476e-05
487627738;LD1;4.64257962720161e-06
487627816;LD1;6.79317165673523e-05
487766628;LD1;2.68885082900673e-06
487766634;LD1;2.01817765631437e-05
487766664;LD1;1.50858555410893e-06
487766672;LD1;8.07337014530179e-07
487766691;LD1;5.16027652674354e-06
487766700;LD1;3.64872461110232e-07
487766708;LD1;4.38441468729197e-05
487766718;LD1;3.92069937930786e-06
487766814;LD1;4.76422557054862e-06
487766823;LD1;1.60875127946051e-07
487766835;LD1;0.000156927938356372
487766841;LD1;3.70166181728136e-05
491968473;LD1;0.000106468782453364
491968506;LD1;1.42697745869987e-05
491968536;LD1;1.57603834524827e-05
491968545;LD1;0.00011308227740972
491968575;LD1;2.69586544195126e-05
491968590;LD1;7.99580050695135e-05
491968686;LD1;1.42244357697919e-06
491968695;LD1;1.09164344246112e-06
491968708;LD1;9.65814989633948e-05
491968713;LD1;0.000236268763946782
491968773;LD1;5.80136492879399e-05
498849575;LD1;1.27450788182374e-05
498849605;LD1;4.82964186838758e-06
498849611;LD1;7.44724946260435e-05
498849623;LD1;1.85452470201859e-05
498849628;LD1;3.78602120294601e-05
498849632;LD1;3.6621744364533e-05
498849728;LD1;7.60284369922825e-07
498849746;LD1;7.4050189975362e-05
498849755;LD1;5.70634102994808e-07
498849774;LD1;1.14046286342116e-05
498849782;LD1;3.85176079297902e-05
498849812;LD1;0.00018543882704549
498849818;LD1;2.1423373588825e-06
498849845;LD1;3.59691658587784e-07
499287559;LD1;1.27025155701303e-05
499287592;LD1;0.000107323962411946
499287622;LD1;0.000184350872400301
499287631;LD1;1.59100090601977e-05
499287661;LD1;1.57960628001757e-05
499287676;LD1;1.37327199087213e-05
499287772;LD1;0.000240202153816914
499287781;LD1;5.65734867782954e-06
499287794;LD1;2.50178202176052e-05
499287799;LD1;0.000147133039912623
499287859;LD1;6.65964027332216e-06
510389445;LD1;8.70693533822341e-05
510389505;LD1;4.92756154802165e-05
510389510;LD1;2.58615974092156e-08
510389523;LD1;0.000103593018448726
510389628;LD1;1.60168211707339e-06
510389643;LD1;1.30397140302949e-05
510389673;LD1;7.35588641061169e-05
510389682;LD1;4.41960355482512e-07
510389712;LD1;0.000338597041242489
510389745;LD1;1.98837568184045e-08
515515012;LD1;2.74176212998805e-05
515515045;LD1;3.76853887720699e-06
515515075;LD1;5.42492342028325e-06
515515084;LD1;2.39278979989357e-05
515515114;LD1;8.04912993955906e-05
515515129;LD1;0.000127852961936036
515515234;LD1;2.78259038292497e-07
515515247;LD1;1.85124315370186e-05
515515252;LD1;0.000269316325154857
515515312;LD1;4.66580413224265e-07
1172172;LD1;1.74240356013539e-07
1172205;LD1;1.70569408735608e-05
1172235;LD1;7.78269380199767e-07
1172244;LD1;5.30448578183159e-05
1172289;LD1;1.82752567877061e-06
1172385;LD1;1.60667473041004e-05
1172394;LD1;3.18766537600602e-08
1172407;LD1;7.60770403766545e-05
1172412;LD1;0.000124215847221863
1172472;LD1;1.61119608193408e-05
4744282;LD1;2.93080305415842e-05
4744348;LD1;2.76710938079585e-05
4744360;LD1;5.72341867844057e-05
4744369;LD1;0.000396111615929262
4744465;LD1;3.98953539347575e-05
4744519;LD1;1.62185719979265e-07
4744549;LD1;3.19527053781917e-06
5447856;LD1;3.03150959521856e-06
5447916;LD1;0.000618347673774716
5447921;LD1;0.000107341998839368
5447934;LD1;2.7054361344147e-05
5447943;LD1;8.37424031802274e-05
5448054;LD1;4.42334315097113e-09
5448084;LD1;3.97036977539154e-05
5448123;LD1;4.66303941446876e-05
5448156;LD1;5.20123448113474e-06
14510543;LD1;3.92791535198733e-06
14510576;LD1;4.41372268238827e-06
14510606;LD1;6.52024759536427e-05
14510615;LD1;0.000167251695468378
14510645;LD1;0.000251449255830106
14510756;LD1;0.000284527644609709
14510765;LD1;0.000559092203308422
14510778;LD1;0.000148369906353528
14510783;LD1;0.000337432087038401
14510843;LD1;5.84598357260371e-06
14634423;LD1;2.95059278387137e-06
14634483;LD1;7.62388398764721e-05
14634489;LD1;4.84502190546994e-05
14634510;LD1;1.26874399344852e-05
14634606;LD1;8.35167054656127e-06
20522564;LD1;2.73906132261684e-05
20522624;LD1;0.00021147118969168
20522642;LD1;0.00011427118298422
20522651;LD1;6.05906463434615e-05
20522762;LD1;0.000325569739501441
20522792;LD1;7.29133394323798e-05
20522801;LD1;0.000495132323057927
20522831;LD1;0.000547870660592928
20522864;LD1;7.27563826469237e-05
24612225;LD1;4.83984381316315e-05
24612258;LD1;1.13766471316488e-05
24612288;LD1;4.23543065385809e-05
24612297;LD1;3.62347673849004e-06
24612327;LD1;0.000172146469952747
24612342;LD1;4.40252274869508e-05
24612438;LD1;3.85357168772277e-08
24612447;LD1;6.38387899232935e-07
24612460;LD1;1.31408364112979e-06
24612465;LD1;6.14163287653753e-06
24612525;LD1;5.33193312694236e-06
48075202;LD1;0.000197484695276189
48075232;LD1;2.99976195055597e-06
48075286;LD1;1.97235207731811e-06
48075376;LD1;0.000773396663915832
48075391;LD1;0.000455874290238665
48075403;LD1;3.12432209633334e-05
48075409;LD1;1.8938662925692e-05
48075469;LD1;8.91970086941343e-05
50617055;LD1;4.86674029517969e-05
50617115;LD1;0.000226523918724631
50617120;LD1;4.67373720453517e-06
50617133;LD1;0.000377721347409451
50617142;LD1;0.000133770498008248
50617238;LD1;4.21504666790695e-05
50617253;LD1;6.1586880729562e-09
50617283;LD1;1.00064090088017e-05
50617292;LD1;8.42741608749481e-06
50617322;LD1;9.60090884425717e-06
50617355;LD1;8.56707057026836e-07
64936379;LD1;5.944727020775e-05
64936412;LD1;0.000620295292883376
64936442;LD1;0.000258535231296532
64936451;LD1;1.71990712355842e-05
64936481;LD1;8.78312126332283e-05
64936496;LD1;0.000173197875293827
64936586;LD1;3.33196059000279e-06
64936592;LD1;2.78638686007521e-05
64936601;LD1;1.56834276175288e-06
64936614;LD1;6.45316666711291e-05
64936619;LD1;0.000374691933648679
64936679;LD1;9.28769710646079e-06
70482910;LD1;3.40205007839072e-07
70482940;LD1;3.52626856913263e-05
70482949;LD1;7.31205855525817e-05
70482962;LD1;0.00250947440064461
70482994;LD1;0.00136532519533749
70483112;LD1;0.000682561494589578
70483134;LD1;0.000747331984998949
76697995;LD1;3.56088598443008e-05
76698028;LD1;7.22058416996301e-05
76698067;LD1;0.000125649767594523
76698097;LD1;0.000178177640021074
76698112;LD1;9.94857903243173e-05
76698208;LD1;2.86102403769e-05
76698217;LD1;6.65054459349159e-06
76698230;LD1;0.000105261521120393
76698235;LD1;0.000231928624008593
76698295;LD1;5.15162792853392e-05
90103259;LD1;1.13997011029153e-05
90103324;LD1;4.65364197451495e-05
90103337;LD1;1.05019494164962e-07
90103346;LD1;1.67260998786045e-05
90103442;LD1;1.16425138050367e-06
90103457;LD1;1.597784489303e-06
90103487;LD1;4.99971795108197e-05
90103496;LD1;1.66915457686995e-05
90103526;LD1;2.38688662603626e-06
90103559;LD1;2.21020996612445e-05
92484924;LD1;4.15346969699032e-09
92484989;LD1;7.82710372289219e-08
92485002;LD1;2.23984057579467e-06
92485011;LD1;1.4259737533893e-05
92485107;LD1;4.00013770451083e-05
92485152;LD1;2.64679477940277e-05
92485161;LD1;2.17948262298656e-05
92485191;LD1;4.37728004671454e-06
92485224;LD1;1.07729480635426e-05
92904997;LD1;3.63080571666367e-05
92905030;LD1;0.000140098137873927
92905060;LD1;0.00011715296310067
92905069;LD1;0.000101261480080384
92905099;LD1;4.23945175238697e-05
92905114;LD1;2.35938387220114e-05
92905231;LD1;1.98032858589499e-05
92905237;LD1;0.000167989659498422
100893573;LD1;5.77154344040854e-05
100893606;LD1;7.26840907246235e-06
100893636;LD1;8.06130576336469e-05
100893645;LD1;7.85167744920413e-05
100893675;LD1;0.000478459423644417
100893690;LD1;1.16554352509318e-06
100893786;LD1;2.2985180554153e-05
100893795;LD1;4.87246603148024e-05
100893808;LD1;4.25073008682807e-05
100893873;LD1;0.000508219260534622
101444681;LD1;2.2388936091913e-05
101444741;LD1;2.67973412136187e-05
101444747;LD1;1.72234746876428e-05
101444918;LD1;5.64785744149417e-05
104408285;LD1;3.50276992191645e-05
104408345;LD1;0.000124267936987918
104408350;LD1;0.000107143667006483
104408363;LD1;4.99618110763179e-05
104408372;LD1;3.83998028267029e-05
104408468;LD1;4.98735957454951e-05
104408483;LD1;2.58020808274149e-06
104408513;LD1;8.45912633194154e-06
104408522;LD1;9.86170930500701e-05
104408552;LD1;2.54224723014779e-06
104408585;LD1;0.000122390929256238
104976365;LD1;4.43263941097052e-05
104976398;LD1;8.47638058964424e-07
104976428;LD1;8.82371922246157e-05
104976437;LD1;5.13401817575682e-05
104976467;LD1;2.74239255899854e-06
104976482;LD1;9.77922562994194e-07
104976578;LD1;1.66911779960715e-06
104976587;LD1;5.73711895893319e-07
104976600;LD1;7.2827681141964e-05
104976605;LD1;0.000392493261776877
104976665;LD1;8.54396447696939e-07
110391135;LD1;0.000201936905117628
110391222;LD1;5.18692015819212e-05
110391318;LD1;0.00121257643579261
110391333;LD1;7.46419194690455e-06
110391363;LD1;0.00026399017973617
110391435;LD1;0.00016482844945985
111427292;LD1;1.48542884408518e-05
111427325;LD1;4.90698352846772e-05
111427364;LD1;0.000190514708263636
111427394;LD1;0.000627708972767654
111427409;LD1;6.72386305270615e-05
111427505;LD1;5.06946307810235e-05
111427514;LD1;8.00665528574807e-05
111427527;LD1;0.000138313933019623
111427532;LD1;0.000140235709911711
114139960;LD1;6.71114098698653e-06
114139993;LD1;2.67957268281897e-05
114140023;LD1;2.93614623963616e-07
114140032;LD1;7.57481843088455e-08
114140062;LD1;1.67364977944433e-05
114140077;LD1;8.65476784744341e-06
114140173;LD1;2.78678396211047e-05
114140182;LD1;6.03320528993321e-05
114140195;LD1;0.000267778513029847
114140200;LD1;0.000439260222108366
114140260;LD1;2.62693813989474e-05
117878003;LD1;2.06962856972264e-05
117878063;LD1;0.000522739033574822
117878068;LD1;7.29303449148295e-05
117878186;LD1;2.83804409376189e-06
117878201;LD1;7.76831221077598e-05
117878231;LD1;3.97233204499877e-05
117878240;LD1;1.72541454974172e-05
117878270;LD1;0.000339655904253355
117878303;LD1;0.000163685576470257
128970977;LD1;5.51351603465731e-05
128971037;LD1;0.000436512571563169
128971042;LD1;9.80175002124448e-05
128971055;LD1;6.10139005388933e-06
128971064;LD1;1.60374933310934e-07
128971160;LD1;2.10348348239336e-05
128971175;LD1;5.09144821635705e-05
128971205;LD1;8.69557609807534e-05
128971214;LD1;6.67324377631213e-05
128971244;LD1;9.46784282962986e-07
128971277;LD1;7.10780542108818e-06
130705362;LD1;5.63727633336328e-05
130705427;LD1;1.05685215245411e-06
130705440;LD1;1.00165761957619e-05
130705545;LD1;0.000145899115900034
130705560;LD1;0.000126832067957139
130705590;LD1;6.56299757955482e-05
130705599;LD1;3.5085225399685e-05
130705629;LD1;1.02966870871007e-06
130705662;LD1;4.83105747054978e-07
137216478;LD1;7.2307082839054e-06
137216538;LD1;3.46448480153968e-05
137216543;LD1;2.83859029947575e-05
137216556;LD1;0.000349604475297748
137216565;LD1;7.48413481246826e-05
137216661;LD1;2.12186191632895e-07
137216676;LD1;3.24496615149762e-06
137216706;LD1;1.35308914092811e-05
137216715;LD1;8.56644585081226e-05
137216745;LD1;7.03941332301925e-05
137216778;LD1;1.90358682052382e-05
142375339;LD1;0.000188306601924268
142375399;LD1;0.000180769659261832
142375404;LD1;5.49806786769746e-05
142375417;LD1;5.03202346836024e-06
142375426;LD1;2.90703390817152e-05
142375522;LD1;5.13970427001034e-05
142375537;LD1;0.000454121151237116
142375567;LD1;0.000101810973017915
142375576;LD1;2.00183205610638e-05
142375606;LD1;4.51857539350929e-06
142375639;LD1;1.67758544956562e-05
147156813;LD1;0.000134059551910424
147156873;LD1;0.000316385273542953
147156878;LD1;0.000185465527102366
147156891;LD1;3.94822394136281e-06
147156900;LD1;8.98762371133204e-06
147156996;LD1;1.51781489063226e-06
147157011;LD1;0.000228621458520191
147157041;LD1;0.000243162314963605
147157050;LD1;1.70095288274163e-05
147157080;LD1;0.000117016256922634
147157113;LD1;0.000338657097284359
150227514;LD1;8.06830273413119e-05
150227519;LD1;2.71252247331297e-05
150227541;LD1;5.84087167553038e-06
150227637;LD1;0.000133443828809309
150227652;LD1;2.79919973351408e-05
150227682;LD1;1.35093648535205e-05
150227691;LD1;1.31130001959382e-06
150227721;LD1;5.99156737493998e-06
150227754;LD1;5.97782662716093e-06
156914771;LD1;8.39463589572941e-05
156914804;LD1;0.000116861347448345
164390337;LD1;0.000198340551834274
164390367;LD1;1.83639820552501e-06
164390421;LD1;1.04178136963575e-05
164390517;LD1;0.00047489123174614
164390526;LD1;2.92641837994232e-05
164390538;LD1;1.98803025949403e-05
164390544;LD1;6.32706373179955e-05
164390604;LD1;1.09496474166867e-07
170121594;LD1;5.15333166403949e-06
170121678;LD1;0.000113708227185378
170121774;LD1;1.23401271812873e-05
170121783;LD1;2.19833798981366e-06
170121795;LD1;2.13058251876394e-06
170121801;LD1;0.000170106990811722
170121861;LD1;1.6789763455614e-05
171513646;LD1;1.8684654121933e-05
171513706;LD1;0.000402203059588386
171513711;LD1;1.40915562802941e-05
171513724;LD1;2.74598076203372e-08
171513733;LD1;3.25191035646707e-05
171513829;LD1;6.71853064309679e-05
171513874;LD1;1.20527926674722e-05
171513883;LD1;3.48106035583188e-05
171513913;LD1;1.02605846249554e-05
171513946;LD1;2.03635632996737e-05
177997237;LD1;8.25892418405041e-05
177997303;LD1;0.000380824992386054
177997315;LD1;1.31232616760821e-05
177997324;LD1;8.75575287108184e-08
177997420;LD1;1.94296412331971e-05
177997474;LD1;4.67117617153697e-06
177997504;LD1;2.40485428619379e-05
180592370;LD1;6.04878389576635e-06
180592430;LD1;0.000132446400386209
180592435;LD1;5.01031098140478e-05
180592448;LD1;7.64275280037317e-05
180592457;LD1;5.28505896695496e-05
180592553;LD1;8.23459331230379e-06
180592568;LD1;0.000788330562753932
180592598;LD1;7.8255400811121e-06
180592607;LD1;0.000158201114480453
180592637;LD1;2.87239193625206e-05
180592670;LD1;1.49035363157294e-06
183368910;LD1;6.74242060765284e-07
183368970;LD1;1.90457411967435e-07
183368976;LD1;5.38124279329199e-05
183368997;LD1;0.000388043358501235
183369003;LD1;0.000874428273851883
183369147;LD1;2.48376844476208e-06
183369177;LD1;2.81626344091593e-05
185426227;LD1;0.000257915829402537
185426257;LD1;0.00116848574635539
185426287;LD1;0.000104338279581638
185426292;LD1;3.19644263342274e-05
185426305;LD1;0.000200757251190824
185426314;LD1;0.00010155056560311
185426410;LD1;0.000254513673994022
185426425;LD1;1.52155787837752e-05
185426455;LD1;4.80049028923261e-05
185426464;LD1;2.36178308610002e-05
185426494;LD1;8.36702159484445e-07
185426527;LD1;0.0001422821219201
190597153;LD1;9.70120906051643e-07
190597216;LD1;0.000112212211104341
190597225;LD1;0.000256037845060522
190597255;LD1;0.000412161059689857
190597270;LD1;8.01549375521097e-06
190597366;LD1;0.000120411123625836
190597375;LD1;0.000100255783274371
190597388;LD1;0.000237887411240455
190597393;LD1;0.000176290352252092
190597453;LD1;6.23883296691213e-05
196926454;LD1;6.28906617552447e-06
196926514;LD1;0.000122999219644381
196926520;LD1;2.95710989217194e-05
196926532;LD1;1.64080898725622e-08
196926541;LD1;7.47735656642123e-09
196926637;LD1;9.59257468544573e-08
196926721;LD1;4.55982314221064e-07
198760743;LD1;6.43421600059794e-05
198760803;LD1;0.000183115076082013
198760808;LD1;3.79606072533738e-06
198760821;LD1;0.000150678303094702
198760830;LD1;9.46103409873037e-05
198760836;LD1;7.69333430071639e-05
198760926;LD1;0.000210507425546658
198760941;LD1;0.00013044813927871
198760971;LD1;1.1321000274855e-06
198760980;LD1;7.91477691402761e-08
198761010;LD1;0.000447216794857886
198761043;LD1;1.58463445591182e-05
198805127;LD1;1.35133547917795e-05
198805160;LD1;4.35748946618328e-05
198805190;LD1;3.15435462458515e-05
198805199;LD1;3.06563992477817e-06
198805229;LD1;2.16903359717375e-05
198805244;LD1;8.06046757297504e-05
198805340;LD1;9.55081402007239e-06
198805349;LD1;3.34974124475126e-06
198805362;LD1;4.17566566281958e-05
198805367;LD1;0.000105616140816519
198805427;LD1;3.42690515124796e-07
202165216;LD1;8.53327032927738e-09
202165281;LD1;5.20084152206156e-05
202165294;LD1;6.21166361332981e-06
202165303;LD1;1.8816197567499e-05
202165399;LD1;0.000173097177850673
202165414;LD1;4.6651250171924e-05
202165444;LD1;1.33127618398494e-06
202165453;LD1;1.1493509641128e-05
202165483;LD1;2.08183715117611e-05
202165516;LD1;8.49379801515544e-05
205409074;LD1;3.55189017506625e-05
205409107;LD1;0.00156651407753897
205409146;LD1;0.000305617156224195
205409176;LD1;0.00016256001156947
205409191;LD1;8.92045451113872e-05
205409296;LD1;6.98036888608298e-06
206543295;LD1;2.55104141597991e-06
206543328;LD1;1.15581378481555e-05
206543358;LD1;8.73723359528456e-06
206543367;LD1;6.63484230721332e-05
206543397;LD1;1.15787427103457e-05
206543412;LD1;1.4582316251276e-05
206543508;LD1;4.24941882319416e-07
206543517;LD1;1.03661308968177e-06
206543530;LD1;1.73470574153352e-05
206543535;LD1;0.000183861134252574
206543595;LD1;1.48329988589918e-05
208208475;LD1;1.78148809574647e-05
208208562;LD1;3.1414958116042e-05
208208658;LD1;2.32564727694991e-05
208208673;LD1;8.01616539158154e-05
208208703;LD1;5.36909712909475e-07
208208712;LD1;0.000230595006698533
208208742;LD1;2.63843492234462e-05
210349117;LD1;1.83890372215504e-06
210349177;LD1;3.05763122948281e-05
210349182;LD1;1.91807495396203e-05
210349195;LD1;4.94787023905053e-05
210349204;LD1;2.92788466597222e-05
210349300;LD1;7.6013756552424e-06
210349315;LD1;4.21682484995239e-05
210349345;LD1;0.000140455781305197
210349354;LD1;2.99150645295254e-08
210349384;LD1;0.000621663496954475
210349417;LD1;1.44708928134858e-06
214937585;LD1;8.10028145489146e-06
214937645;LD1;0.000327143725670434
214937650;LD1;4.13395588725846e-05
214937663;LD1;1.06059068922383e-06
214937672;LD1;3.68434424883056e-06
214937783;LD1;2.1250113340896e-05
214937813;LD1;2.60387358883306e-05
214937822;LD1;6.3513364908257e-05
214937852;LD1;1.08901949250994e-08
214937885;LD1;1.85647014156426e-05
215177019;LD1;2.44047554174179e-06
215177079;LD1;0.0002862414343834
215177084;LD1;9.37663624154347e-05
215177097;LD1;2.3025708628129e-05
215177106;LD1;5.24162885024471e-06
215177202;LD1;4.56773882420438e-05
215177217;LD1;6.9395199589498e-05
215177247;LD1;2.84611251476644e-05
215177256;LD1;4.63123030800848e-07
215177286;LD1;1.49245347525388e-05
215177319;LD1;9.82706999157287e-06
215873510;LD1;9.84248401333431e-06
215873570;LD1;0.000259798472277128
215873575;LD1;5.72670189507868e-06
215873597;LD1;0.000273495568900069
215873603;LD1;0.000582337531955695
215873693;LD1;0.000133228650208065
215873708;LD1;0.000550751355284125
215873738;LD1;0.000153626487537348
215873747;LD1;2.77281414094461e-05
215873777;LD1;6.34042192272399e-06
215873810;LD1;0.000441373732203036
215998970;LD1;2.72170126322785e-05
215999000;LD1;0.000523703772050501
215999054;LD1;0.000162660111555686
215999159;LD1;2.61326722676751e-05
215999171;LD1;6.13001433460794e-06
215999177;LD1;0.000813596563471397
219743819;LD1;4.7988062371066e-05
219743879;LD1;0.000165617300777159
219743884;LD1;5.68374695726928e-06
219744002;LD1;0.00010116297139345
219744017;LD1;0.000461224699671797
219744047;LD1;5.63258198470877e-05
219744056;LD1;1.17770642211415e-07
219744086;LD1;3.27215789833217e-05
219744119;LD1;7.57946772960176e-05
221139051;LD1;2.23843540273384e-05
221139084;LD1;1.86200243422465e-06
221139114;LD1;4.39225632773807e-05
221139123;LD1;2.87226376983098e-05
221139168;LD1;2.77243324149711e-05
221139264;LD1;4.5093781026798e-06
221139273;LD1;2.46417832950506e-05
221139286;LD1;0.000162964200150539
221139351;LD1;1.69485019479443e-05
222712867;LD1;6.99368312785622e-05
222712900;LD1;0.000492677244680364
222712930;LD1;0.000219850875709444
222712939;LD1;6.49461035762359e-05
222712969;LD1;0.000102973171850456
222712984;LD1;7.93258406707136e-07
222713080;LD1;1.37261204968079e-05
222713089;LD1;6.13821595119348e-06
222713102;LD1;1.37392399170932e-05
222713107;LD1;0.0001291466453057
222713167;LD1;4.25538512149436e-06
225844543;LD1;4.28167131863515e-05
225844603;LD1;6.39998196952548e-05
225844609;LD1;7.8366084592609e-06
225844621;LD1;2.85962839605946e-06
225844726;LD1;8.88371458206634e-06
225844810;LD1;4.53500088624678e-05
231466817;LD1;7.63206891325003e-05
231466832;LD1;3.50166558099507e-05
232353033;LD1;1.74873115662946e-05
232353093;LD1;1.09874187100069e-06
232353098;LD1;7.58989604908697e-05
232353111;LD1;4.64628680506721e-05
232353120;LD1;3.52454734607854e-05
232353216;LD1;2.13208826491214e-07
232353231;LD1;0.000291854517541217
232353261;LD1;7.06664885783085e-06
232353270;LD1;2.15765841882324e-05
232353300;LD1;5.54631131063977e-05
232353333;LD1;4.86211851017205e-05
234475615;LD1;2.97404184315629e-05
234475680;LD1;0.000303894307361069
234475693;LD1;2.27190373467699e-05
234475702;LD1;6.25320917390334e-06
234475798;LD1;2.54061296949126e-05
234475813;LD1;1.0924390881234e-05
234475843;LD1;7.38404239474054e-05
234475852;LD1;1.01557813412441e-06
234475882;LD1;8.94498027718684e-06
234475915;LD1;2.04529775828126e-06
234548643;LD1;2.21958291732752e-05
234548655;LD1;0.000225143439692644
234548664;LD1;0.00010278341321074
234548760;LD1;1.26778320568961e-06
234548844;LD1;1.60908441404955e-05
236295742;LD1;5.02056246852272e-06
236295802;LD1;0.00019911068818393
236295807;LD1;5.95321323547186e-05
236295820;LD1;3.08696778935219e-05
236295829;LD1;2.08923219521574e-05
236295925;LD1;2.68767750385837e-05
236295940;LD1;4.96367772326386e-05
236295970;LD1;0.000111090599314428
236295979;LD1;0.000178045874404554
236296009;LD1;8.13760166173757e-06
236296042;LD1;2.00508894194868e-05
240026714;LD1;6.14176577395e-06
240026717;LD1;4.19758631477545e-05
240026722;LD1;0.000169530007838626
240026734;LD1;0.000277081824427909
240026742;LD1;0.000298958222754615
247457396;LD1;1.45032486826532e-05
247457398;LD1;2.72946278200238e-06
247457456;LD1;0.000266451390034511
247457458;LD1;5.96360899470521e-05
247457461;LD1;7.36641685652057e-05
247457464;LD1;1.89112734426876e-05
247457467;LD1;7.4308545057443e-05
247457474;LD1;1.34662621550078e-07
247457476;LD1;1.80572758340941e-06
247457483;LD1;1.4727132093111e-07
247457485;LD1;6.54720743204673e-06
247457579;LD1;5.35550161077556e-05
247457581;LD1;2.8966770497064e-06
247457594;LD1;7.28951489298006e-05
247457624;LD1;3.13549136480307e-05
247457633;LD1;5.11720201411481e-06
247457663;LD1;4.64244000137999e-06
247457665;LD1;4.01608483539483e-06
247457696;LD1;8.79386989251921e-06
249195510;LD1;1.87929279244094e-05
249195543;LD1;1.28135791419189e-06
249195573;LD1;0.000110607211325119
249195582;LD1;1.11058650429522e-05
249195587;LD1;0.000130792516262664
249195612;LD1;4.3830869479994e-05
249195627;LD1;3.43395868752728e-06
249195723;LD1;1.57712911939118e-05
249195732;LD1;5.66759189467199e-09
249195745;LD1;0.000119913003574881
249195750;LD1;0.000157818508104672
249195810;LD1;4.91517499004306e-14
249286071;LD1;5.08980258545571e-05
249286104;LD1;0.000147635986040033
249286134;LD1;0.000215486706653039
249286143;LD1;6.79063426962956e-06
249286173;LD1;4.11812589142176e-05
249286188;LD1;8.72305367524087e-05
249286278;LD1;0.000477631051366404
249286284;LD1;0.000126363290688631
249286293;LD1;4.9604093649383e-06
249286306;LD1;5.97999362038038e-06
249286311;LD1;2.24149996740029e-05
249286371;LD1;8.30360077177385e-06
250291277;LD1;3.66667705451002e-05
250291283;LD1;2.65736680059837e-05
250291295;LD1;7.97631009443468e-05
250291400;LD1;0.000105292039763733
250291454;LD1;2.26491111320015e-05
260815478;LD1;2.86556692520094e-05
260815538;LD1;5.48004081368116e-05
260815544;LD1;7.29449387465238e-06
260815556;LD1;1.904848546437e-06
260815565;LD1;7.46028800563095e-07
260815661;LD1;1.64483158052351e-06
260815715;LD1;1.70826427453255e-07
260815745;LD1;5.0498959734999e-07
263737856;LD1;9.86464077405125e-07
263737889;LD1;1.46235564851025e-05
263737919;LD1;7.32783802709671e-05
263737928;LD1;1.51350997006489e-05
263737958;LD1;4.93359174597584e-05
263737973;LD1;3.5404616762024e-05
263738069;LD1;5.98085435891473e-05
263738091;LD1;0.000113630605009902
263738096;LD1;8.47627298951607e-05
263738156;LD1;3.72355836417543e-05
264017685;LD1;4.11839174165795e-07
264017687;LD1;0.000142099741799469
264017696;LD1;0.0001494245893985
264017726;LD1;0.000105082528348065
264017739;LD1;4.88194330544592e-06
264017741;LD1;0.00044093877562433
264017844;LD1;6.55113375240239e-05
264017846;LD1;8.87477839799629e-05
264017856;LD1;0.000113762151925914
264017858;LD1;5.63099941635836e-05
264017922;LD1;9.32782945685643e-06
264017924;LD1;0.000108380341993202
264189191;LD1;0.000110656225257113
264189224;LD1;0.000206698211496754
264189254;LD1;2.12466677126485e-05
264189263;LD1;0.000596420511412793
264189293;LD1;0.00111785336374752
264189308;LD1;0.000138837476324055
264189426;LD1;9.24313946499863e-06
264189431;LD1;0.00100498659023823
264189491;LD1;0.000387388438754527
266835768;LD1;2.27861001195872e-05
266835828;LD1;7.9231052063277e-05
266835834;LD1;0.000197274085614719
266835846;LD1;9.88775726785109e-05
266835951;LD1;2.88427478577973e-05
266836005;LD1;3.88477650614756e-06
266836035;LD1;0.000140236124491769
267246877;LD1;2.35341078494284e-06
267246937;LD1;8.34154828949086e-09
267246943;LD1;0.000153309878434751
267246964;LD1;2.22475332716487e-05
267247060;LD1;1.25655419791432e-05
267247114;LD1;5.63485142723034e-06
267247144;LD1;8.21704994446497e-09
269022906;LD1;0.000148978199479
269022972;LD1;3.84738889127385e-05
269022984;LD1;4.50669417369225e-05
269023089;LD1;4.63769703843332e-05
269023143;LD1;4.1737100410473e-05
269023173;LD1;8.13257315564348e-05
272804573;LD1;5.20651479616178e-08
272804636;LD1;5.04586825118354e-05
272804645;LD1;1.50441595226319e-05
272804675;LD1;1.37856943463076e-05
272804690;LD1;2.56609070896401e-05
272804786;LD1;2.85474258393313e-05
272804795;LD1;7.67248665468791e-05
272804808;LD1;6.65270704454641e-05
274367861;LD1;0.00015418602438534
274367933;LD1;0.000199170509492466
274367963;LD1;1.50267889169788e-05
274368083;LD1;0.000195413630610035
274368161;LD1;4.90953659183909e-08
274749315;LD1;6.79947585789918e-05
274749375;LD1;3.8749499071082e-05
274749381;LD1;7.32101201821969e-06
274749393;LD1;4.58070860753024e-07
274749402;LD1;8.791763638379e-06
274749498;LD1;4.72504698805401e-06
274749582;LD1;7.61444246339853e-07
276746640;LD1;4.09150541439369e-05
276746673;LD1;2.68860683270455e-05
276746703;LD1;4.95337189920669e-05
276746712;LD1;4.86716913605068e-05
276746742;LD1;5.18803022491343e-05
276746757;LD1;6.02492311368584e-05
276746847;LD1;4.75406133159772e-05
276746853;LD1;3.06866856088928e-05
276746862;LD1;6.25741457926587e-06
276746875;LD1;6.09690689010292e-05
276746880;LD1;0.000311004769077037
276746940;LD1;5.67141057582675e-07
277483966;LD1;1.31970354051459e-05
277484026;LD1;4.68769210817146e-05
277484031;LD1;0.000101501863789814
277484044;LD1;1.11792570572466e-07
277484053;LD1;9.71645162964086e-06
277484149;LD1;5.52057379203452e-05
277484164;LD1;4.2385382133132e-05
277484194;LD1;5.13231121162965e-05
277484203;LD1;6.03668896200177e-06
277484233;LD1;2.66911191636598e-07
277484266;LD1;0.00012003968017465
277787380;LD1;0.00011843468458459
277787440;LD1;4.94647745891441e-05
277787445;LD1;1.2944022477804e-05
277787467;LD1;7.42989408121233e-07
277787563;LD1;0.000132878664316842
277787578;LD1;0.000113902788941512
277787608;LD1;6.31119243204832e-05
277787617;LD1;6.12563366079054e-05
277787647;LD1;3.11650977863957e-05
278492976;LD1;0.000147017410288388
278492995;LD1;0.000159617529316698
278493130;LD1;0.000320427431609604
278493195;LD1;0.00101089593992401
282542827;LD1;1.02242921456253e-05
282542860;LD1;0.000277703597335282
282542899;LD1;1.14063634245903e-05
282542929;LD1;5.56704998950309e-05
282542944;LD1;7.47406717904729e-05
282543040;LD1;3.46164514995829e-05
282543049;LD1;0.000106534531420925
282543062;LD1;2.7359418018511e-05
282543127;LD1;2.29272499155461e-05
283507983;LD1;0.000100501517393567
283508016;LD1;4.22602514991075e-07
283508046;LD1;0.000234144140172622
283508055;LD1;2.80035490195305e-05
283508085;LD1;1.44911959826552e-05
283508100;LD1;0.00199907494312438
283508196;LD1;3.76237629942844e-05
283508205;LD1;6.61026027109178e-05
283508218;LD1;3.37414697365424e-05
283508223;LD1;0.000252295951180813
283508283;LD1;5.12879910336494e-07
286621173;LD1;1.82914214026926e-05
286621291;LD1;2.67815676821268e-05
286621345;LD1;5.975908880139e-07
286621375;LD1;3.9297423762614e-06
286621408;LD1;5.87290935415236e-05
286732715;LD1;6.20374942183415e-06
286732775;LD1;2.83655429095e-05
286732780;LD1;4.56018342280559e-07
286732793;LD1;1.55944647342584e-05
286732802;LD1;5.21636642381543e-05
286732898;LD1;3.74602987530392e-05
286732913;LD1;0.000107646950308307
286732943;LD1;3.1346267787904e-05
286732952;LD1;1.91314630938299e-05
286732982;LD1;5.13067222612478e-06
286733015;LD1;7.98251499020546e-06
287435887;LD1;1.07705037477361e-05
287435947;LD1;5.12983356231927e-05
287435953;LD1;6.18002091982703e-05
287435965;LD1;9.72071472045839e-06
287435974;LD1;3.45384597327642e-08
287436070;LD1;9.0657245113096e-06
287711226;LD1;1.82159847177531e-06
287711286;LD1;2.37034493785627e-06
287711291;LD1;4.41356055253949e-05
287711304;LD1;0.000101849194051093
287711313;LD1;0.000302009429896658
287711409;LD1;3.76120134926867e-11
287711424;LD1;0.000198501618570461
287711454;LD1;1.0257695615369e-05
287711463;LD1;4.27787906456906e-05
287711493;LD1;1.05835562379287e-05
287711510;LD1;1.57184641267645e-05
287711526;LD1;4.41218646525915e-06
289162619;LD1;1.66418619666125e-05
289162703;LD1;1.02978772630645e-06
289162799;LD1;1.07864557872618e-06
289162808;LD1;1.58799958916283e-06
289162820;LD1;6.15171684462703e-05
289162826;LD1;6.2241537361933e-05
289162886;LD1;5.21508817951033e-06
291018383;LD1;7.22009764603396e-05
291018443;LD1;0.00021505528755749
291018461;LD1;3.13612786401816e-05
291018566;LD1;2.42718984615037e-05
291018581;LD1;1.78298567191222e-05
291018611;LD1;1.6304518660156e-08
291018620;LD1;5.46870415256965e-06
291018650;LD1;2.02146759758873e-05
291018683;LD1;8.11404144268159e-05
291222692;LD1;1.25452377790255e-06
291222752;LD1;0.000184290783904881
291222757;LD1;5.23274850975206e-05
291222770;LD1;1.77022690304021e-06
291222779;LD1;1.72358721818176e-06
291222875;LD1;3.91785525763663e-05
291222920;LD1;3.65659895839407e-08
291222929;LD1;2.42626697029913e-05
291222959;LD1;3.67747138910533e-05
291222992;LD1;1.62420336769916e-05
291326376;LD1;0.000662974916436446
291326436;LD1;9.53929543343803e-06
291326441;LD1;7.48927435652031e-06
291326454;LD1;1.51547102669682e-07
291326463;LD1;2.1339160990294e-05
291326559;LD1;8.69468563402852e-06
291326574;LD1;2.05128586979539e-05
291326604;LD1;8.68683347759654e-05
291326613;LD1;4.01471314078236e-05
291326643;LD1;7.74624972051955e-06
291326676;LD1;1.01062193602509e-05
297952615;LD1;4.08270474005451e-06
297952675;LD1;5.39766873133865e-05
297952681;LD1;0.000275758687769361
297952693;LD1;1.31231929290234e-06
297952702;LD1;2.28903196436323e-05
297952708;LD1;0.000364314553726407
297952798;LD1;3.90607149279091e-05
297952852;LD1;1.15599153323525e-05
297952882;LD1;2.47999688250275e-08
300612915;LD1;3.23991879884877e-05
300612948;LD1;0.00124556225700476
300612978;LD1;0.000124514587821992
300612987;LD1;1.1484072909623e-07
300613017;LD1;9.25609136847484e-06
300613032;LD1;0.000189002797206674
300613128;LD1;0.000134489154772586
300613150;LD1;1.39546212366054e-05
300613155;LD1;0.000229310724523365
300613215;LD1;2.44498889189673e-05
300976961;LD1;0.000888761794237091
300976991;LD1;7.31567173397691e-05
300977030;LD1;0.000351650015657784
300977045;LD1;1.741698678154e-05
300977228;LD1;1.00357366241665e-07
301165267;LD1;9.48440632329778e-06
301165351;LD1;9.18031488942402e-08
301165474;LD1;2.69182890775883e-08
306477386;LD1;9.18464966210028e-05
306477446;LD1;0.00019069064323147
306477451;LD1;3.58661834271183e-05
306477464;LD1;2.66297676131918e-07
306477473;LD1;1.18772134035517e-05
306477569;LD1;1.24404068880983e-05
306477584;LD1;1.42033312765548e-05
306477614;LD1;3.27040095373637e-05
306477623;LD1;2.47766703734274e-05
306477653;LD1;5.85308862710954e-05
306477686;LD1;1.20063370578488e-07
306484168;LD1;8.93264028060298e-06
306484201;LD1;1.857942620168e-05
306484231;LD1;5.94913535726003e-05
306484240;LD1;0.000113712708848479
306484270;LD1;4.5183124212658e-05
306484285;LD1;1.49753963625784e-05
306484381;LD1;8.63670430118169e-06
306484390;LD1;2.01525675461573e-05
306484403;LD1;5.3320909949301e-05
306484408;LD1;0.000227889590867962
306484468;LD1;4.17920350796611e-05
306687375;LD1;9.94578084792208e-06
306687408;LD1;1.73191989484765e-05
306687438;LD1;1.4063319331761e-07
306687447;LD1;0.000124262056123852
306687477;LD1;1.07981113511296e-06
306687492;LD1;1.08198487046521e-05
306687588;LD1;3.01188657825037e-05
306687597;LD1;1.10839558392242e-06
306687610;LD1;5.97172402136429e-05
306687675;LD1;1.97958427408838e-06
318162969;LD1;1.90562667382995e-05
318163002;LD1;7.94840594853166e-05
318163032;LD1;1.17219628211987e-05
318163041;LD1;0.000123362159123296
318163071;LD1;3.34842532426088e-06
318163086;LD1;1.99232248038713e-05
318163182;LD1;2.24794886346862e-05
318163191;LD1;6.06520618567861e-06
318163204;LD1;0.000164379836296907
318163209;LD1;0.000404977883872769
318163269;LD1;1.48288507651528e-05
322380310;LD1;0.000160001028316099
322380341;LD1;1.34219198713054e-05
322380343;LD1;6.42958640544064e-06
322380373;LD1;0.000120788682980133
322380382;LD1;1.53054430893631e-05
322380412;LD1;1.79925435644819e-06
322380425;LD1;3.20924828416189e-06
322380427;LD1;8.74343045889291e-06
322380532;LD1;1.4836924546796e-05
322380545;LD1;4.90659045115178e-05
322380550;LD1;0.000377095991161276
322380592;LD1;0
322380608;LD1;8.52665851530602e-06
322380610;LD1;6.12080146514543e-06
322879162;LD1;1.69803729606029e-05
322879246;LD1;1.52733516524161e-05
322879342;LD1;5.08489554790571e-07
322879351;LD1;2.44348682955611e-05
322879363;LD1;4.38150342362421e-05
322879369;LD1;5.00549936103548e-06
322879429;LD1;5.61105856315036e-05
328781897;LD1;1.40927825882525e-07
328781924;LD1;7.05238277879706e-05
328781930;LD1;4.3764416185514e-05
328781960;LD1;1.17826825586755e-06
328781968;LD1;4.04207292114585e-05
328781987;LD1;2.353473739348e-05
328782111;LD1;2.91145956845634e-05
328782132;LD1;1.44672693298801e-05
328782138;LD1;5.86592544997812e-05
329249005;LD1;2.11476971426285e-05
329249038;LD1;6.79395244625173e-08
329249068;LD1;4.73529157159567e-05
329249077;LD1;5.71589171964143e-05
329249107;LD1;5.96141521850383e-06
329249122;LD1;8.60391941155269e-06
329249218;LD1;2.94281471103095e-06
329249227;LD1;3.8180553497812e-06
329249245;LD1;0.000129846798754569
329249305;LD1;1.71799499929139e-05
330668723;LD1;2.65376231601219e-05
330668807;LD1;2.44238759646265e-05
330668903;LD1;6.96739173063981e-06
330668912;LD1;6.88543149296733e-08
330668924;LD1;4.82763079925736e-06
330668930;LD1;2.31346021111322e-05
330668990;LD1;8.68137152558662e-06
331182090;LD1;3.75433299345481e-05
331182093;LD1;0.00012096984272551
331182120;LD1;1.03647662930601e-05
331182308;LD1;2.349073503327e-05
331182341;LD1;1.04187704470426e-05
331182365;LD1;0.000174007636999945
331182395;LD1;4.87174246732067e-05
331182405;LD1;3.05332102852208e-05
333623251;LD1;3.90025656546472e-05
333623311;LD1;1.49165091610842e-05
333623316;LD1;0.000230207784176957
333623329;LD1;2.64222509969826e-05
333623338;LD1;1.64982383493307e-05
333623434;LD1;0.000199531667085987
333623449;LD1;2.58830659728228e-06
333623479;LD1;0.000217662245482012
333623488;LD1;6.37241515146672e-05
333623518;LD1;0.000457519366916242
333623551;LD1;1.08405620407463e-06
335778758;LD1;2.40008517824724e-06
335778818;LD1;0.000614511039430646
335778986;LD1;7.59024527986596e-06
335778995;LD1;2.19038509270857e-06
335779058;LD1;2.03365166797284e-05
335914660;LD1;5.44561790736747e-06
335914720;LD1;0.00104490407984307
335914843;LD1;0.000290469216450765
335914858;LD1;1.26426883190039e-08
335914888;LD1;0.00106606510438125
335914927;LD1;3.29644481580949e-05
335914960;LD1;7.88509476659159e-07
337763761;LD1;4.68223790386263e-07
337763763;LD1;0.00012018430089175
337763821;LD1;0.000664523266476984
337763823;LD1;2.74601641350324e-06
337763826;LD1;0.00010653485359454
337763829;LD1;0.000126379956614314
337763839;LD1;0.00130521173123618
337763848;LD1;0.000469413131947218
337763850;LD1;2.357628248974e-06
337763944;LD1;2.13653588303725e-05
337763946;LD1;0.000154642750110021
337763959;LD1;0.000998648001414985
337763989;LD1;0.00121063278427002
337764061;LD1;6.95347387187465e-06
342795045;LD1;1.95709369159249e-06
342795050;LD1;1.67616441948311e-06
342795081;LD1;1.02104482332528e-08
342795088;LD1;1.6086827004246e-06
342795091;LD1;1.58670083664442e-06
342795115;LD1;1.53073818414003e-06
342795131;LD1;1.7211078990495e-07
342795150;LD1;1.10076524454082e-06
342795156;LD1;2.33782870799875e-08
342795340;LD1;6.7890299280888e-07
342795386;LD1;2.23649523553999e-06
342795402;LD1;2.20285854932455e-08
342795406;LD1;3.10217914599093e-06
343019047;LD1;2.57024865007826e-07
343019131;LD1;6.34772917158079e-07
343019227;LD1;8.09290787597048e-06
343019236;LD1;7.60321637867493e-10
343019248;LD1;4.10099332859632e-05
343019254;LD1;0.000125341815949491
343019314;LD1;2.09076437477717e-05
345029939;LD1;4.40989157306329e-06
345029972;LD1;4.93994040479064e-06
345030002;LD1;8.64398580409001e-06
345030011;LD1;1.38864441632778e-05
345030041;LD1;1.25600910758794e-05
345030056;LD1;1.90257191592901e-05
345030152;LD1;1.00827515812863e-05
345030161;LD1;6.48993538492856e-06
345030174;LD1;0.000176426412881436
345030179;LD1;3.52970050343165e-05
345030239;LD1;7.55366438233442e-05
345526751;LD1;8.44644502459305e-06
345526811;LD1;9.86187611427746e-05
345526816;LD1;1.23822455731255e-06
345526829;LD1;5.11844801329832e-06
345526934;LD1;5.6401695225472e-08
345526949;LD1;4.25336805974992e-06
345526979;LD1;2.90932037672287e-06
345526988;LD1;3.19639896489344e-06
345527018;LD1;1.77274152552968e-05
345527051;LD1;1.34295911777923e-05
345589872;LD1;2.03783294970252e-05
345589932;LD1;6.118293321186e-05
345589937;LD1;3.98724399378772e-06
345590055;LD1;0.000125427795851878
345590070;LD1;1.61804426227305e-05
345590100;LD1;4.75560837502722e-05
345590109;LD1;6.21340089620867e-06
345590139;LD1;0.000912600522585938
345590172;LD1;0.000168590867663702
353678156;LD1;5.3528584807586e-05
353678189;LD1;8.28682667286847e-06
353678219;LD1;0.000130374177845257
353678228;LD1;6.00986532911387e-05
353678258;LD1;0.000132104288658048
353678273;LD1;1.98370221306302e-06
353678369;LD1;9.02893756273196e-06
353678378;LD1;8.10318893550116e-07
353678391;LD1;0.000126148886939429
353678396;LD1;0.000172467986099248
353678456;LD1;4.91219628476797e-06
356117438;LD1;2.83034510147874e-06
356117503;LD1;1.69218883948672e-05
356117516;LD1;5.78442536884078e-05
356117525;LD1;9.61459780693716e-06
356117621;LD1;1.95103908139581e-05
356117636;LD1;0.00022237323920439
356117666;LD1;5.78762023042844e-05
356117675;LD1;1.07932162770324e-05
356117705;LD1;4.98866043626223e-05
356117738;LD1;1.69270628655121e-05
357577356;LD1;8.98754743586354e-07
357577416;LD1;4.43031854470609e-05
357577422;LD1;3.08351006439837e-06
357577434;LD1;4.11622095349913e-08
357577443;LD1;0.000136702646725015
357577539;LD1;2.75162423178504e-05
357577593;LD1;4.47563776957096e-06
357577623;LD1;1.3642922750338e-06
358981143;LD1;2.80243711817614e-05
358981176;LD1;0.000137478741475536
358981206;LD1;2.85995444333635e-06
358981245;LD1;1.3224460815138e-05
358981260;LD1;3.38160395775107e-06
358981355;LD1;5.66454318772162e-06
358981364;LD1;9.53504736847147e-08
358981377;LD1;0.000315760265425319
358981382;LD1;1.57932145338005e-06
358981442;LD1;6.71715198512187e-09
364064195;LD1;2.84891845302019e-06
364064228;LD1;4.04034557785933e-05
364064267;LD1;3.87858331493678e-05
364064297;LD1;2.64719922638641e-05
364064312;LD1;2.72214417180502e-05
364064408;LD1;3.44797481742979e-05
364064417;LD1;4.87542595671183e-06
364064430;LD1;8.96819441511269e-06
364064435;LD1;0.000226398992348837
364064495;LD1;1.39137163028913e-09
364860750;LD1;2.47398311265392e-05
364860834;LD1;1.47039792928382e-06
364860951;LD1;4.37644959911955e-05
364860957;LD1;0.000273973643767041
364861017;LD1;1.18628548733997e-05
368929837;LD1;6.69180082320288e-06
368929867;LD1;8.09419725792689e-05
368929921;LD1;7.70127817557977e-07
368930017;LD1;0.000121685315592717
368930026;LD1;5.01298940144242e-06
368930038;LD1;1.34944137098841e-06
368930044;LD1;0.00018518343286635
368930104;LD1;5.86946993018102e-05
370651212;LD1;0.000150550772127251
370651218;LD1;3.41187964404327e-05
370651230;LD1;2.68425025359007e-05
370651239;LD1;0.000593125289584776
370651335;LD1;1.05831892559017e-05
370651389;LD1;5.61179173409822e-06
370651419;LD1;5.11049219287511e-06
372042809;LD1;0.000233542459597906
372042842;LD1;0.000177531754530683
372042872;LD1;3.24940145355265e-05
372042881;LD1;6.0997950311705e-09
372042894;LD1;9.48149791455271e-09
372042911;LD1;0.000142725174447477
372042926;LD1;1.52465398314126e-05
372043022;LD1;0.000321336553127582
372043031;LD1;6.70529356657814e-06
372043044;LD1;0.0001525051242731
372043049;LD1;6.6710374961415e-05
372043109;LD1;1.1781354942804e-05
373569857;LD1;5.00065519815082e-05
373569890;LD1;4.17239132381366e-05
373569920;LD1;0.000165622473955398
373569929;LD1;2.82389302434916e-08
373569959;LD1;2.17443011393304e-07
373569974;LD1;2.3310743605611e-06
373570070;LD1;0.00110481421808557
373570079;LD1;4.36334030245315e-06
373570092;LD1;3.69484126803034e-05
373570097;LD1;0.00013114003804119
373570157;LD1;1.84420893789907e-05
377533749;LD1;2.10551918366961e-05
377533782;LD1;6.98407705754142e-05
377533812;LD1;2.53046197862954e-06
377533821;LD1;8.95393149933369e-06
377533851;LD1;4.77985180724586e-06
377533866;LD1;5.09005824069226e-06
377533962;LD1;5.43706893135576e-05
377533971;LD1;2.42506090272925e-05
377533984;LD1;8.06514932587163e-05
377533989;LD1;0.000150881665658724
377534049;LD1;3.05576607568615e-05
378244862;LD1;3.95455048927332e-05
378244871;LD1;0.000281335401402715
378244895;LD1;8.30391927811302e-09
378244925;LD1;2.80331797515922e-07
378244934;LD1;1.57324049230261e-08
378244964;LD1;1.98709807281292e-08
378244979;LD1;1.39347963750378e-11
378245075;LD1;2.64266596527962e-06
378245084;LD1;9.05482664650896e-05
378245097;LD1;4.0103010284893e-05
378245102;LD1;0.000792842593494199
378245162;LD1;1.62493418532793e-05
385484823;LD1;5.22381920481508e-05
385484907;LD1;6.96202501464207e-05
385759088;LD1;4.29766713663266e-06
385759148;LD1;0.000115841575537547
385759153;LD1;9.28179293863791e-06
385759166;LD1;4.53738036462536e-07
385759175;LD1;1.41724661958098e-06
385759271;LD1;6.35030460766273e-05
385759286;LD1;5.96439810096197e-05
385759316;LD1;7.26099999709855e-05
385759325;LD1;1.70747943027892e-06
385759355;LD1;1.0971546881991e-06
385759388;LD1;3.87474109187942e-05
389319936;LD1;4.94477731507695e-05
389319967;LD1;2.89728579454773e-06
389319969;LD1;7.00521928869807e-05
389319997;LD1;3.65238262343384e-05
389319999;LD1;2.26584167592119e-05
389320008;LD1;6.9162839982814e-05
389320038;LD1;1.04064108216986e-05
389320051;LD1;2.07018584051977e-05
389320053;LD1;1.0024564837424e-05
389320147;LD1;3.80727008452291e-05
389320149;LD1;8.57995686469974e-07
389320156;LD1;3.17043248817053e-05
389320158;LD1;1.61158344828982e-05
389320168;LD1;0.000186651929917237
389320171;LD1;8.23974833376643e-05
389320174;LD1;0.00028179152347598
389320176;LD1;0.000211039603518308
389320234;LD1;4.36526929187481e-05
389320236;LD1;3.13186474756908e-05
393949623;LD1;2.0516577307938e-05
393949656;LD1;9.09460624710509e-06
393949686;LD1;1.31192058776471e-05
393949695;LD1;2.07014210184663e-05
393949725;LD1;3.5289130426765e-05
393949740;LD1;1.33769221967744e-05
393949836;LD1;5.33096065185253e-06
393949845;LD1;1.45452785074912e-08
393949858;LD1;9.02056217594766e-05
393949863;LD1;0.00018750146000507
393949923;LD1;1.04207018444453e-05
395246973;LD1;1.01132049813424e-05
395247006;LD1;4.83512941929172e-05
395247036;LD1;4.24153178873294e-06
395247045;LD1;2.88970290667906e-05
395247075;LD1;5.20897571991002e-06
395247090;LD1;2.96571673704414e-05
395247186;LD1;0.000248287572486685
395247195;LD1;4.71273786614884e-05
395247208;LD1;9.31221773761212e-05
395247213;LD1;0.000168710763339072
395247273;LD1;3.8318160286216e-05
399344739;LD1;0.000271672807659346
399344744;LD1;3.01731466370904e-06
399344766;LD1;5.50642328356149e-05
399344862;LD1;0.000148458634773348
399344877;LD1;7.23596889171547e-05
399344907;LD1;7.48989666633914e-05
399344916;LD1;2.09187436130034e-08
399344946;LD1;4.73124230736724e-05
399344979;LD1;3.04018143146213e-05
400675622;LD1;2.26442721103412e-06
400675682;LD1;0.000368919154466349
400675687;LD1;0.000161167721259472
400675700;LD1;3.67124864317969e-05
400675709;LD1;1.40637244411119e-05
400675805;LD1;3.13755452554913e-09
400675820;LD1;4.82469636207186e-05
400675850;LD1;0.00010926616482683
400675859;LD1;6.3737495954735e-05
400675889;LD1;2.98647385036758e-06
400675922;LD1;3.13572996117147e-06
405331846;LD1;5.56222025186263e-05
405331879;LD1;0.00011504400186316
405331909;LD1;0.000145602285700972
405331918;LD1;8.53333635020377e-05
405331963;LD1;2.01099629923792e-05
405332059;LD1;3.36395791391098e-05
405332068;LD1;1.77676748204939e-05
405332081;LD1;4.05189446078867e-05
405332086;LD1;1.70881400288518e-06
405332146;LD1;2.10244302926927e-06
405469660;LD1;0.000107821972911224
405469725;LD1;5.51347587472935e-05
405469738;LD1;1.00693144111969e-05
405469747;LD1;1.13872857014613e-05
405469843;LD1;1.09290428189415e-05
405469858;LD1;7.3632170986996e-06
405469888;LD1;2.85787336921516e-05
405469897;LD1;9.10126734923293e-06
405469927;LD1;4.20926952018429e-06
405469960;LD1;7.38567742728739e-06
405569018;LD1;7.21532321895808e-05
405569048;LD1;1.06129922740541e-05
405569102;LD1;2.26987893357718e-09
405569198;LD1;4.97124390269629e-05
405569207;LD1;1.87062239254708e-06
405569219;LD1;3.69871751746057e-05
405569285;LD1;4.7306808982533e-07
406082795;LD1;1.04971935978618e-05
406082828;LD1;0.000187016450568671
406082858;LD1;6.2319108136793e-06
406082897;LD1;0.000198542055036418
406082912;LD1;4.38007486795985e-06
406083017;LD1;9.86633693634243e-07
406083030;LD1;1.20707087080535e-05
406083035;LD1;1.58883529214497e-05
406083095;LD1;7.32730175527783e-05
406331004;LD1;5.36633062935055e-09
406331034;LD1;1.88386424127104e-06
406331094;LD1;6.03709682689446e-05
406331100;LD1;2.77164636260123e-05
406331112;LD1;1.4141234132972e-06
406331121;LD1;1.96079095846238e-07
406331217;LD1;1.30844263397447e-05
406331301;LD1;2.10585645646765e-06
409836673;LD1;2.31371769382325e-06
409836733;LD1;0.000348736049274362
409836738;LD1;0.000698817211182095
409836856;LD1;0.000344473798938887
409836871;LD1;8.72291769937439e-05
409836901;LD1;0.00064562483416023
409836940;LD1;0.000144746282379921
409836973;LD1;0.000491772915350699
411836775;LD1;2.62573599159835e-06
411836841;LD1;1.07759346089443e-06
411836853;LD1;3.06072791412747e-06
411836958;LD1;0.000229874192683789
411836973;LD1;0.00016130058697879
411837003;LD1;5.44442398746982e-05
411837012;LD1;0.000731502496098989
411837042;LD1;0.000148683749036183
411837075;LD1;0.000402036381601499
412940657;LD1;1.28497505887997e-05
412940690;LD1;4.76404922098941e-05
412940720;LD1;3.64788944654065e-05
412940729;LD1;8.92296148806572e-05
412940759;LD1;1.29851547158012e-05
412940774;LD1;9.85524829401376e-07
412940864;LD1;6.55376297937263e-06
412940870;LD1;5.74733260394572e-07
412940879;LD1;7.16302438196893e-07
412940892;LD1;5.37560678430704e-05
412940897;LD1;0.000235755276208629
412940957;LD1;5.46669275894687e-07
412947783;LD1;2.07044373019722e-05
412947816;LD1;7.62557957871481e-05
412947846;LD1;2.33351220630516e-05
412947855;LD1;0.000124708499419443
412947885;LD1;2.9175154550362e-05
412947900;LD1;1.55306210174862e-05
412947990;LD1;2.90289446656645e-07
412947996;LD1;3.19035044926375e-08
412948005;LD1;3.15071374427732e-07
412948018;LD1;0.000136191491988033
412948023;LD1;0.000237384120757228
412948083;LD1;4.52030400219e-05
413525597;LD1;7.71553035997806e-05
413525656;LD1;0.000114389026346214
413525662;LD1;7.53281593759157e-05
413525674;LD1;1.34683603686489e-05
413525683;LD1;5.08123953570101e-05
413525779;LD1;2.03380890617138e-06
413525833;LD1;1.57976428813757e-07
413525863;LD1;4.34637158217964e-06
414144956;LD1;3.61757403616302e-08
414144987;LD1;2.40958701597955e-05
414144989;LD1;1.38306134562616e-05
414145017;LD1;9.55239676711402e-06
414145019;LD1;3.6630696459182e-05
414145028;LD1;0.000105661250232906
414145058;LD1;7.18026375013196e-05
414145071;LD1;1.68413939774997e-07
414145073;LD1;3.62516940893273e-05
414145167;LD1;1.02488300012006e-05
414145169;LD1;0.000115304390937129
414145176;LD1;6.25803949684967e-06
414145178;LD1;7.14525027310168e-06
414145188;LD1;2.3335358474635e-05
414145191;LD1;6.11153426951535e-05
414145194;LD1;0.00030445528206335
414145196;LD1;0.000199451056335476
414145254;LD1;0.000135592024567373
414145256;LD1;8.90229586136346e-05
415372663;LD1;1.08607399016223e-06
415372696;LD1;6.62909273460584e-06
415372726;LD1;1.49329787473352e-07
415372735;LD1;4.90126779792688e-06
415372765;LD1;6.9697624092544e-05
415372780;LD1;6.63633471613269e-05
415372876;LD1;2.83398543485878e-05
415372885;LD1;1.49031522199671e-05
415372898;LD1;0.000109355128764662
415372903;LD1;0.000234786759901145
415372963;LD1;1.42610677131746e-07
420106340;LD1;3.12601502251583e-05
420106373;LD1;1.03700141585045e-05
420106403;LD1;1.09324850196097e-05
420106412;LD1;7.53827239452691e-05
420106442;LD1;3.91060489030655e-05
420106553;LD1;4.7782354426712e-05
420106562;LD1;9.92900320876722e-06
420106575;LD1;0.000410763871323528
420106580;LD1;0.000788436379042987
420106640;LD1;3.87942526017775e-05
420798001;LD1;8.35414138664953e-05
420798034;LD1;1.74495608026125e-05
420798064;LD1;3.36473780364589e-05
420798073;LD1;3.03623006631989e-06
420798103;LD1;0.000150514572270073
420798301;LD1;2.55365096692519e-06
422344269;LD1;1.34512495676723e-05
422344302;LD1;6.91337074841373e-06
422344332;LD1;0.000161278547505198
422344341;LD1;7.79536124827853e-05
422344371;LD1;7.37916866819749e-06
422344386;LD1;2.38270788964935e-05
422344482;LD1;1.33568771670511e-05
422344491;LD1;4.59753484231602e-06
422344504;LD1;7.00514201827232e-05
422344569;LD1;2.88918372412612e-06
423621344;LD1;4.15559898830015e-07
423621377;LD1;8.87296561800469e-08
423621407;LD1;3.70995353009198e-05
423621416;LD1;0.000121830929082285
423621446;LD1;0.000120529070095705
423621461;LD1;5.59550678447688e-07
423621557;LD1;3.54778907042596e-06
423621566;LD1;3.18095710997045e-05
423621579;LD1;1.59402255976975e-05
423621584;LD1;0.000179054759672462
423621644;LD1;2.47543487172333e-06
426975678;LD1;2.34556819029455e-05
426975738;LD1;0.000347552879611198
426975743;LD1;0.000119138769785802
426975756;LD1;0.00013161828869854
426975765;LD1;2.97973245681735e-05
426975771;LD1;4.73279147109973e-05
426975861;LD1;3.05007810699374e-06
426975876;LD1;1.29034079964586e-07
426975906;LD1;0.000199536788101358
426975915;LD1;6.82217872915768e-08
426975945;LD1;0.000299510344022388
426975978;LD1;2.8350233207602e-05
429219486;LD1;3.0011149098911e-08
429219519;LD1;6.51988888021084e-05
429219549;LD1;3.65652491312938e-05
429219558;LD1;5.05009215388835e-05
429219588;LD1;4.18035453179066e-06
429219603;LD1;0.000748015280872652
429219708;LD1;3.17455333332866e-06
429219726;LD1;6.4755122497603e-05
429219786;LD1;7.13707686039751e-05
429635525;LD1;4.03441701875683e-05
429635588;LD1;1.10060885334213e-05
429635597;LD1;4.67877752464429e-05
429635642;LD1;3.02167514473254e-06
429635738;LD1;7.8932210451914e-05
429635760;LD1;0.000288901504975626
429635765;LD1;0.000100833669961055
429635825;LD1;7.84215478743589e-05
432306864;LD1;2.71007862496755e-05
432306897;LD1;7.73685851457345e-05
432306927;LD1;0.000219159836904015
432306936;LD1;0.00010326548838066
432306966;LD1;4.38938229010072e-05
432306981;LD1;3.12378314133623e-07
432307077;LD1;2.17401278377869e-06
432307086;LD1;9.75479040201435e-05
432307099;LD1;0.000151435729064894
432307104;LD1;0.000536580270605752
432307164;LD1;1.24219423243557e-06
435969015;LD1;1.65157751276859e-05
435969075;LD1;0.000186457653149782
435969093;LD1;3.99887586860936e-05
435969198;LD1;6.17415936250379e-05
435969243;LD1;1.42327662524135e-06
435969252;LD1;5.82588897105557e-05
435969282;LD1;5.64055651071477e-05
439961684;LD1;2.21310070499198e-05
439961714;LD1;4.0070851858965e-05
439961873;LD1;5.71412026532449e-05
439961885;LD1;0.000204931474748705
439961951;LD1;4.07579200587e-05
443288683;LD1;7.64182966335238e-07
443288743;LD1;1.67196333083404e-07
443288748;LD1;3.40492347337815e-05
443288761;LD1;5.35690712807391e-07
443288770;LD1;0.000142586645253212
443288866;LD1;0.000290930643978972
443288881;LD1;1.23813839756803e-06
443288911;LD1;9.36724702310806e-06
443288920;LD1;3.75740682759169e-05
443288950;LD1;0.000323125125144997
443288983;LD1;1.44377337856305e-06
451512358;LD1;7.03295582481991e-06
451512424;LD1;6.03337478023863e-05
451512541;LD1;1.07524476696453e-05
451512595;LD1;2.17995417189799e-08
451512625;LD1;3.77627097791446e-06
452031963;LD1;1.97028822166266e-06
452032023;LD1;0.00019371465988325
452032028;LD1;4.45890137775983e-05
452032041;LD1;6.33129818382491e-05
452032146;LD1;3.56647724032423e-06
452032161;LD1;1.61998503434744e-05
452032191;LD1;2.17965745447238e-05
452032200;LD1;8.9234848971648e-06
452032230;LD1;1.38514722789711e-05
452032263;LD1;8.3809482552348e-05
455165825;LD1;2.28317901907826e-05
455165885;LD1;3.85660903352109e-06
455165890;LD1;9.29201434272545e-05
455165912;LD1;0.000251654455433753
455166008;LD1;2.83243276329146e-05
455166023;LD1;1.9288183346513e-06
455166053;LD1;4.41450297245679e-06
455166062;LD1;1.83676000220676e-07
455166092;LD1;0.000226359828615466
455166125;LD1;1.39267318455567e-05
456829408;LD1;8.71322012516062e-05
456829468;LD1;4.1712915175088e-05
456829473;LD1;1.36987346259505e-05
456829486;LD1;3.33543127582025e-06
456829495;LD1;2.0991430707953e-05
456829591;LD1;0.000594498503897294
456829606;LD1;3.87984134355005e-05
456829636;LD1;1.68395704261217e-07
456829645;LD1;5.41226509394336e-06
456829675;LD1;2.21688066818297e-06
456829708;LD1;2.77410872798761e-05
460265128;LD1;7.5563831454281e-05
460265134;LD1;1.12910146075258e-05
460265146;LD1;1.09716931073118e-05
460265161;LD1;0.000495526961215091
460265251;LD1;5.86640517931009e-09
460265305;LD1;3.26776477762321e-06
460265335;LD1;6.96886119114775e-06
460463985;LD1;8.05327935963635e-07
460464045;LD1;0.000405460998182949
460464050;LD1;3.19295227812391e-05
460464063;LD1;8.75588939043915e-06
460464072;LD1;7.12132386644234e-06
460464168;LD1;2.23112985962517e-05
460464183;LD1;0.000104981258163639
460464222;LD1;7.3461073497474e-05
460464252;LD1;1.21144964099739e-07
460464285;LD1;5.7805636301397e-05
8397586;LD1;4.23361907263926e-05
8397592;LD1;0.000100110178532616
8397604;LD1;1.36867743147946e-07
8397613;LD1;3.54059521505311e-05
8397709;LD1;1.2091122774483e-05
8397719;LD1;1.83982598787163e-05
8397727;LD1;1.27966275026196e-05
8397736;LD1;5.20394137524116e-06
8397755;LD1;1.05376302601181e-05
8397763;LD1;1.7561588503572e-06
8397793;LD1;1.96126603769297e-05
8397799;LD1;3.12090040890397e-06
22013702;LD1;5.90757564330717e-06
22013762;LD1;2.86285792617275e-05
22013768;LD1;5.29214298219439e-06
22013780;LD1;4.36814520389071e-07
22013795;LD1;2.22105110520719e-05
22013885;LD1;4.23634775253888e-05
22013939;LD1;8.09506319085846e-10
22013969;LD1;1.07357432793667e-08
24122703;LD1;4.24142681523629e-05
24122736;LD1;0.000195384081849786
24122766;LD1;5.67014666261348e-05
24122775;LD1;7.3923320442829e-05
24122805;LD1;0.000378377812945298
24122820;LD1;0.000124970898122447
24122925;LD1;2.25031002949377e-05
24122938;LD1;0.000170575711956854
24122943;LD1;9.35400073816064e-05
24123003;LD1;8.52276713172199e-05
24560184;LD1;3.13665709208788e-06
24560244;LD1;1.80652763721527e-06
24560249;LD1;3.48108840796982e-05
24560262;LD1;6.05126812468379e-07
24560367;LD1;7.53502138188086e-05
24560382;LD1;9.47460445007754e-06
24560412;LD1;1.10353300659916e-06
24560421;LD1;1.93166350388746e-05
24560451;LD1;0.000230660038218546
24560484;LD1;6.09078535376717e-07
24769879;LD1;0.00018812845306683
24769939;LD1;4.33103342638193e-05
24769944;LD1;3.05870587435004e-06
24770062;LD1;1.6801527058708e-05
24770107;LD1;3.76812646732408e-06
24770116;LD1;3.84760535030644e-05
24770179;LD1;1.67677078635192e-05
39176312;LD1;5.37097681955556e-07
39176345;LD1;0.000147327661362088
39176375;LD1;3.85784666890497e-05
39176384;LD1;0.000194607920153608
39176414;LD1;0.000165375587501817
39176429;LD1;3.27299479311381e-05
39176547;LD1;7.59951930111495e-05
39176552;LD1;0.000130870935622724
39176612;LD1;1.14585997135748e-05
52632692;LD1;0.000187166417239301
52632752;LD1;2.99595895441883e-05
52632757;LD1;7.47445994130127e-06
52632770;LD1;1.27560984648464e-06
52632875;LD1;2.42184246280522e-05
52632890;LD1;7.9837700694909e-06
52632920;LD1;1.0840256671922e-05
52632929;LD1;3.02811858537473e-05
52632959;LD1;0.000257893207640159
52632992;LD1;2.17390530423356e-05
76707491;LD1;0.000197018433503668
76707524;LD1;0.000130297978025483
76707554;LD1;4.57077503616098e-07
76707563;LD1;0.000289627185975006
76707593;LD1;2.02087904224896e-05
76707608;LD1;2.2914052971189e-05
76707713;LD1;8.07588242562705e-06
76707726;LD1;1.08193493146407e-05
76707731;LD1;8.77328299948878e-06
76707791;LD1;3.49717894272812e-06
79097424;LD1;9.63626701018479e-06
79097484;LD1;0.000595913218877158
79097489;LD1;6.10154675932041e-07
79097502;LD1;0.000387107389233196
79097607;LD1;0.000330410844682002
79097622;LD1;9.82448435613087e-05
79097652;LD1;6.20228039288077e-07
79097661;LD1;9.86049018719956e-05
79097691;LD1;0.000413909510284008
79097724;LD1;2.69386190321443e-05
138160865;LD1;1.51864469762729e-05
138160925;LD1;9.4856093449441e-06
138161063;LD1;0.000115808905320364
138161102;LD1;1.15523707572066e-05
148084072;LD1;1.9480743524471e-05
158276503;LD1;1.74328421565701e-06
158276533;LD1;3.82964221871328e-07
158276587;LD1;4.9081733055247e-05
158276710;LD1;5.36974547727081e-05
158276771;LD1;3.07937903787282e-05
201423244;LD1;0.000201584056787033
201423272;LD1;6.01686735333443e-06
201423301;LD1;1.06283056595759e-06
201423315;LD1;4.87264025063175e-05
201423424;LD1;0.000393506034983321
201423480;LD1;0.000157165722657815
201423489;LD1;0.000170532337952525
201423500;LD1;1.0801931231574e-05
201423523;LD1;7.48923485647168e-05
201423526;LD1;2.21834217044803e-05
201423531;LD1;0.0001725062183721
201997583;LD1;4.67877884889548e-07
201997616;LD1;3.58988692789393e-06
201997646;LD1;6.12877999162132e-06
201997655;LD1;0.000193269396390873
201997685;LD1;3.59468262392667e-05
201997700;LD1;1.53214419609244e-05
201997796;LD1;6.70282374582937e-05
201997805;LD1;7.19327169755929e-05
201997818;LD1;1.6391428272824e-06
201997823;LD1;0.000140083625774859
201997883;LD1;1.7613562261281e-05
208199839;LD1;1.80002877271816e-05
208199872;LD1;4.64259093161466e-05
208199902;LD1;1.2225973872475e-06
208199911;LD1;1.56749289313741e-06
208199941;LD1;2.65053603097945e-07
208199956;LD1;1.44882004306876e-07
208200061;LD1;5.33096409878655e-09
208200074;LD1;5.21767256685076e-05
208200079;LD1;0.000121415486910808
208200139;LD1;3.18106601775169e-06
213802470;LD1;4.93306108797524e-07
213802530;LD1;5.14535224639009e-05
213802535;LD1;0.00033125781531672
213802557;LD1;4.88323444356824e-06
213802653;LD1;2.87585464017588e-05
213802668;LD1;9.61628329475712e-06
213802698;LD1;0.00021809415952178
213802707;LD1;2.81705565271622e-06
213802737;LD1;0.000166352714664656
213802770;LD1;2.33349771590027e-06
217911561;LD1;0.000407397505141295
217911621;LD1;6.94857256297331e-05
217911626;LD1;8.91272937259034e-05
217911639;LD1;1.3353280019223e-05
217911744;LD1;6.41707190722983e-06
217911759;LD1;4.78219781888503e-05
217911789;LD1;8.27447986455898e-05
217911798;LD1;0.000163005891055059
217911828;LD1;0.000157299738985344
217911861;LD1;4.77433209741322e-05
221568230;LD1;1.96454388559168e-06
221568263;LD1;6.28816183030063e-05
221568302;LD1;0.000120681182134022
221568347;LD1;3.75595947945642e-06
221568443;LD1;3.28741411592925e-05
221568465;LD1;0.000145199547308025
221568470;LD1;0.000538228333937296
221568530;LD1;3.90399739924348e-05
235501083;LD1;1.04836280183661e-06
235501116;LD1;1.60017091899255e-05
235501146;LD1;1.0615785807279e-06
235501185;LD1;9.27964574576784e-06
235501200;LD1;7.76575401424439e-05
235501305;LD1;0.000392538217453743
235501318;LD1;4.70392056104619e-06
235501323;LD1;0.000187032515617928
235501383;LD1;0.00010302254524224
248571491;LD1;5.93297833443193e-06
248571497;LD1;2.21454223290265e-05
248571509;LD1;3.67199866143775e-05
248571514;LD1;3.89392116478537e-06
248571518;LD1;4.33106626372168e-05
248571614;LD1;7.16492422777256e-07
248571632;LD1;4.53112057860541e-05
248571641;LD1;1.74006455065715e-06
248571660;LD1;2.26643720191103e-05
248571668;LD1;2.8367972233751e-05
248571698;LD1;0.000151090920246853
248571704;LD1;7.00344748431196e-07
248571731;LD1;2.05908167701786e-05
271286515;LD1;5.72975068107965e-06
271286542;LD1;4.89717058905752e-06
271286548;LD1;8.30570004221821e-05
271286578;LD1;2.96718059722892e-06
271286586;LD1;3.12684213576242e-05
271286614;LD1;1.93412769357024e-05
271286632;LD1;1.20346999427673e-07
271286749;LD1;2.21807385741545e-05
275627576;LD1;1.33412319679194e-05
275627606;LD1;5.38390407383626e-05
275627660;LD1;4.55596650580118e-05
275627765;LD1;2.79877913360188e-05
275627777;LD1;5.46947333253528e-05
275627783;LD1;1.87415918354726e-05
275627843;LD1;4.92355207349345e-06
307776781;LD1;5.96893425700716e-05
307776814;LD1;2.49832432030218e-05
307776844;LD1;2.42672182757574e-05
307776853;LD1;8.68780552531036e-05
307776883;LD1;3.13205132439715e-05
307776898;LD1;4.88852565095825e-05
307776994;LD1;1.35052853127414e-05
307777016;LD1;8.27557164534823e-05
307777021;LD1;0.000208584379007865
307777081;LD1;4.77272950737727e-05
312355102;LD1;0.000307533447461564
312355135;LD1;0.000293696721365888
312355165;LD1;5.79700792486459e-05
312355174;LD1;3.95896850577304e-05
312355204;LD1;0.000110281128443914
312355219;LD1;3.03117033476912e-05
312355315;LD1;0.00038672633108596
312355337;LD1;4.30484300549749e-05
348545692;LD1;0.000346361856124572
348545704;LD1;5.55764935375704e-07
348545709;LD1;0.000165642680013295
348545809;LD1;1.96088189615895e-05
348545827;LD1;2.64634607835334e-05
348545836;LD1;8.49098607119864e-05
348545855;LD1;2.3601016348289e-05
348545863;LD1;2.5971842675857e-06
348545893;LD1;5.60541429847222e-05
348545899;LD1;3.82913474840243e-06
348545926;LD1;3.10291676894621e-05
349554861;LD1;0.000344209498600767
349554894;LD1;9.34011205999667e-05
349554924;LD1;1.97245560387246e-05
349554933;LD1;0.000499643481035658
349554963;LD1;1.34109229023948e-05
349554978;LD1;6.80396119972483e-06
349555074;LD1;2.23989546366954e-05
349555083;LD1;1.38266997025782e-06
349555101;LD1;3.31529182647215e-05
349555161;LD1;2.55650699043732e-05
356415811;LD1;1.88281234726367e-05
356415871;LD1;0.000131389204549667
356415898;LD1;2.02676518006278e-06
356415994;LD1;3.41308282604226e-05
356416009;LD1;7.58516207573768e-05
356416039;LD1;2.39475387016719e-05
356416048;LD1;2.22016819964041e-05
356416078;LD1;8.83865649162017e-06
356416111;LD1;4.30975804282846e-05
357507358;LD1;5.29495306471233e-05
357507421;LD1;1.46955282236412e-05
357507430;LD1;0.000366115489094239
357507460;LD1;0.000248886899514167
357507475;LD1;0.0001144899867006
357507580;LD1;3.46584778443782e-05
357507593;LD1;0.000100771156814305
357507598;LD1;0.000488719123066492
357507658;LD1;4.84794756079804e-05
2696326;LD1;1.55745049641462e-06
2696386;LD1;0.000148497563643149
2696391;LD1;2.22726146742355e-05
2696404;LD1;2.79967730998052e-05
2696413;LD1;9.97091217942743e-06
2696509;LD1;1.24102974900968e-05
2696524;LD1;2.49039338437748e-05
2696554;LD1;0.000133517190260497
2696563;LD1;1.04707916860484e-05
2696593;LD1;7.41251869109643e-06
2696626;LD1;3.87834530531001e-05
7525995;LD1;4.16621448826512e-06
7526055;LD1;0.000191503806491606
7526060;LD1;1.53555303559467e-05
7526073;LD1;9.84877262173123e-07
7526082;LD1;4.9149749326078e-06
7526178;LD1;4.4046410308599e-05
7526193;LD1;2.31896030623574e-05
7526223;LD1;3.19554198828131e-05
7526232;LD1;5.37960716196418e-06
7526262;LD1;5.16009761446925e-05
7526295;LD1;1.48242686807852e-05
14037831;LD1;7.25451085694571e-05
14037836;LD1;7.86109078038378e-05
14037969;LD1;0.00014743079372274
14037999;LD1;0.000150760376233906
14038008;LD1;0.000143898169063236
14038038;LD1;9.60692664289293e-06
14201326;LD1;1.9688024664327e-05
14201386;LD1;1.1155472330687e-05
14201392;LD1;5.41426330515772e-05
14201404;LD1;1.24972403338974e-07
14201413;LD1;7.21576597040476e-07
14201509;LD1;8.51168075774125e-07
14201593;LD1;9.42668436055662e-09
16973742;LD1;6.1301852114651e-05
16973802;LD1;0.000223217492110886
16973807;LD1;0.000321016222581386
16973820;LD1;0.000609816222487681
16973829;LD1;0.000168613009748176
16973922;LD1;0.000414642138083051
16973937;LD1;7.0792402374729e-06
16973967;LD1;0.000198704084227077
16973976;LD1;6.02748266808991e-06
16974006;LD1;0.00018536519336069
16974039;LD1;1.32710159601515e-07
18469514;LD1;2.53276970728211e-05
18469547;LD1;3.54220326211542e-05
18469577;LD1;7.617551767795e-05
18469586;LD1;6.4787997328663e-06
18469616;LD1;2.49669152223919e-09
18469631;LD1;1.31335930051768e-05
18469736;LD1;0.000773553015320025
18469749;LD1;0.000369338003192341
18469754;LD1;2.30840030444565e-05
18469814;LD1;2.87437816093322e-06
20786586;LD1;1.19481813911e-05
20786646;LD1;0.000115896473685306
20786651;LD1;3.63102122954582e-05
20786673;LD1;0.000437001543257293
20786769;LD1;2.16553027047518e-06
20786784;LD1;1.10243412106582e-05
20786814;LD1;8.45603343981248e-05
20786823;LD1;2.65390263870791e-05
20786853;LD1;6.00697882192842e-05
20786886;LD1;2.49549226960097e-06
30679864;LD1;0.000145297751965173
30679924;LD1;0.000267367785564261
30679929;LD1;9.71025193396885e-05
30679942;LD1;0.000266603382344725
30679951;LD1;2.52360181008467e-05
30680047;LD1;0.000113111047171513
30680051;LD1;7.35287594501858e-06
30680062;LD1;0.000214018484196215
30680092;LD1;5.11626254886474e-05
30680101;LD1;3.88016302267522e-05
30680131;LD1;1.0563654869571e-07
30680164;LD1;5.12933693611414e-05
31900543;LD1;3.64992908754983e-05
31900666;LD1;1.02228047721727e-05
31900726;LD1;8.46142472474477e-05
34716780;LD1;4.31275863965295e-07
34716864;LD1;1.83644755300466e-05
34716960;LD1;3.06850956068225e-07
34716969;LD1;1.97589933440806e-07
34716981;LD1;0.000108054479522855
34716987;LD1;0.000109275172059731
34717047;LD1;1.91773481485158e-06
35547102;LD1;0.000110270358376588
35547135;LD1;0.000166955589078647
35547165;LD1;0.00020953212562353
35547174;LD1;8.2643465191484e-05
35547204;LD1;7.66922828523774e-06
35547219;LD1;4.46909378381678e-05
35547315;LD1;9.78206705449272e-06
35547324;LD1;0.000276526652467888
35547337;LD1;9.11986260074797e-05
35547342;LD1;0.00084241943252305
35547402;LD1;9.94851325721879e-05
35884198;LD1;5.05489347630755e-05
35884231;LD1;5.14513481354556e-06
35884261;LD1;6.4180177739763e-05
35884270;LD1;5.43145196123305e-05
35884300;LD1;6.49981482588185e-05
35884315;LD1;3.96770513899434e-05
35884411;LD1;0.000134104794202718
35884420;LD1;0.000326937971287651
35884433;LD1;1.33767968070768e-05
35884438;LD1;0.000269460328076152
35884498;LD1;0.000578488495543709
39753471;LD1;1.22127169682475e-05
39753498;LD1;1.30400528598671e-06
39753534;LD1;1.46270198410105e-05
39753542;LD1;0.000152578867780255
39753561;LD1;0.000107113222604142
39753570;LD1;1.00743843742445e-05
39753588;LD1;1.43611962692575e-05
39753684;LD1;4.43211451461984e-06
39753688;LD1;3.94557098719938e-05
39753693;LD1;3.8429068526195e-05
40275496;LD1;2.30904866749873e-07
40275526;LD1;2.06770480575786e-06
40275676;LD1;3.01788287930568e-05
40275685;LD1;0.000749692960700931
40275697;LD1;7.87732537330648e-05
40275703;LD1;0.000216249043702486
40275763;LD1;0.000201516955641542
40378195;LD1;2.60883664367539e-05
40378255;LD1;7.77578566730788e-05
40378260;LD1;3.93538823141938e-06
40378273;LD1;6.24509590829399e-06
40378282;LD1;5.03790555625298e-05
40378378;LD1;1.30888495897235e-05
40378462;LD1;1.36755362286308e-05
42240131;LD1;5.31217688181308e-05
42240164;LD1;1.87752543628898e-08
42240194;LD1;1.59099670383708e-05
42240203;LD1;0.000147691699780162
42240233;LD1;5.38998678126535e-05
42240248;LD1;1.98044649829868e-07
42240344;LD1;1.26538999424791e-05
42240353;LD1;7.18764469168922e-06
42240366;LD1;5.38137546330865e-05
42240371;LD1;0.000199539702608474
42240431;LD1;9.52952141192476e-06
43416943;LD1;2.37128379799098e-05
43416970;LD1;7.56133849929443e-08
43417027;LD1;9.76556427550507e-05
43417132;LD1;1.7039588854328e-06
43417144;LD1;1.26958977556853e-07
43417210;LD1;3.65940661460052e-06
46083631;LD1;4.13479635564696e-05
46083691;LD1;0.0006570529596259
46083696;LD1;6.34848247640558e-05
46083718;LD1;5.30824181987288e-05
46083814;LD1;0.000139033454039107
46083859;LD1;1.72223202800792e-05
46083868;LD1;9.10333805300849e-06
46083898;LD1;0.0004190858347823
46083931;LD1;2.45670848439308e-05
47243332;LD1;5.022186423641e-06
47243362;LD1;5.38989160331225e-07
47243416;LD1;1.19276413573693e-05
47243512;LD1;6.93897993356283e-06
47243521;LD1;3.46631149770302e-07
47243533;LD1;1.62829005426945e-05
47243539;LD1;2.87419608650938e-05
47243599;LD1;2.01609469994491e-05
48630874;LD1;7.83596180328357e-05
48630880;LD1;0.000104157587810692
48630892;LD1;0.00194277280966747
48631051;LD1;3.40469503769626e-08
48631081;LD1;0.00012742859338617
51082801;LD1;6.52667881765884e-07
51082831;LD1;1.09543253620318e-06
51082885;LD1;2.85763026180897e-06
51082981;LD1;1.18700387834055e-05
51082990;LD1;4.03461344048459e-05
51083002;LD1;9.84909776119425e-06
51083008;LD1;2.86596667864217e-06
51083068;LD1;2.43307499073363e-06
51926004;LD1;6.1342670023494e-05
51926064;LD1;2.48537281659544e-05
51926070;LD1;5.60340627928773e-06
51926082;LD1;1.04783951146269e-05
51926091;LD1;5.63444228041596e-06
51926187;LD1;6.27338146112067e-05
51926241;LD1;1.26028058871208e-05
51926271;LD1;4.80479161174066e-07
52048600;LD1;1.78874545483407e-05
52048639;LD1;5.58755099437703e-07
52048672;LD1;4.83330304075371e-05
52950241;LD1;8.45979851908221e-05
52950274;LD1;7.39811132105205e-05
52950304;LD1;1.32938957452032e-05
52950313;LD1;1.50879076033746e-05
52950343;LD1;0.000107878325334476
52950358;LD1;2.88196349992789e-05
52950448;LD1;0.000121874986915582
52950454;LD1;0.000928326073937579
52950463;LD1;1.68219270467799e-05
52950476;LD1;3.92356181461577e-05
52950541;LD1;2.09872874343297e-06
53372818;LD1;6.37932249923076e-05
53372851;LD1;2.14586853979791e-06
53372881;LD1;1.05099519423968e-07
53372890;LD1;2.15701310810565e-07
53372920;LD1;0.000160708886675618
53373031;LD1;2.97233966546268e-06
53373040;LD1;0.000315512286198081
53373053;LD1;0.000228293697429694
53373058;LD1;8.42312783184913e-05
56922895;LD1;6.02656338553577e-06
56922955;LD1;1.3565655367205e-05
56922960;LD1;6.46586596571465e-05
56922973;LD1;0.000125076758668641
56922982;LD1;3.29766263393255e-07
56923078;LD1;6.87502064228996e-05
56923093;LD1;8.75595885319061e-05
56923123;LD1;1.29613351170166e-05
56923132;LD1;1.63778159808605e-05
56923162;LD1;8.0448636155377e-05
56923195;LD1;4.47446300553549e-06
57679564;LD1;9.77419714493292e-05
57679594;LD1;0.000133327627222251
57679633;LD1;1.33138975058923e-05
57679666;LD1;2.41461623724577e-05
58121300;LD1;1.34038554060087e-05
58121360;LD1;0.000140225831686175
58121365;LD1;3.56145149238735e-05
58121378;LD1;7.28316548208499e-06
58121483;LD1;7.01161936319805e-07
58121498;LD1;2.48556237250738e-05
58121528;LD1;2.43273016345612e-05
58121537;LD1;1.23306388208898e-07
58121600;LD1;6.68649611354399e-06
63636132;LD1;1.85556041488757e-05
63636162;LD1;9.5680710700751e-07
63636216;LD1;2.13681386583708e-06
63636312;LD1;1.00710052089683e-05
63636321;LD1;2.73662091389429e-07
63636333;LD1;7.60673109426262e-05
63636339;LD1;3.65207557140538e-05
63636399;LD1;1.93438714906489e-05
63841355;LD1;2.96993263126622e-05
63841415;LD1;0.000131013318099886
63841421;LD1;5.7909462541473e-06
63841442;LD1;1.04719193738055e-05
63841538;LD1;7.98845094051828e-09
63841610;LD1;2.01399627569438e-07
63841622;LD1;4.90240923855136e-07
63885495;LD1;0.00013814683479627
63885528;LD1;0.000109875594499739
63885558;LD1;2.34448575279915e-05
63885567;LD1;8.8163776114451e-05
63885597;LD1;6.95308655742598e-05
63885612;LD1;0.000156016947911636
63885708;LD1;3.50536431899241e-06
63885717;LD1;2.64480130302358e-06
63885730;LD1;4.85524302811253e-05
63885795;LD1;3.77206831164758e-05
65267371;LD1;4.31281803964505e-06
65267404;LD1;9.19492986583497e-07
65267434;LD1;4.63934279094839e-05
65267443;LD1;3.23884564654535e-05
65267473;LD1;5.72535990650711e-05
65267488;LD1;4.55286819755312e-05
65267584;LD1;2.89595842168282e-06
65267593;LD1;2.14860309156217e-05
65267606;LD1;3.68394076130032e-06
65267611;LD1;0.000288824107193095
65267671;LD1;6.83161370718446e-08
74668785;LD1;3.66221231521222e-06
74668845;LD1;0.000164624020618941
74668850;LD1;5.08810712438367e-06
74668863;LD1;6.54175162532094e-06
74668872;LD1;6.4775044673396e-06
74668968;LD1;2.05384020950611e-05
74668983;LD1;2.12247534478437e-06
74669013;LD1;1.6313371856248e-05
74669022;LD1;1.05117896936467e-05
74669052;LD1;2.77123999658068e-06
74669085;LD1;2.56922397466858e-05
74750275;LD1;0.000253505711310968
74750296;LD1;5.15449702534353e-05
74750308;LD1;3.42718861881772e-05
74750314;LD1;0.000164211208389166
74750322;LD1;0.000201679170751601
74750325;LD1;0.000162008978018911
74750343;LD1;1.25548656647685e-05
74750366;LD1;0.000111898115082652
74750371;LD1;0.000183929346393396
74750382;LD1;6.9707716870671e-07
74750388;LD1;5.59977383263739e-05
74750461;LD1;1.61746563913607e-05
74750475;LD1;5.07919483520247e-06
74750482;LD1;2.06670585041362e-06
74750505;LD1;5.39768090324695e-05
74750511;LD1;3.72948990415857e-05
74750530;LD1;1.11162722948148e-05
74750572;LD1;1.41753124338799e-06
75392829;LD1;4.03476464721924e-05
75392894;LD1;6.33331632062018e-06
75392907;LD1;1.11906151895807e-05
75392916;LD1;1.88861852764502e-05
75393012;LD1;1.15014246296049e-05
75393027;LD1;2.02197376016512e-06
75393057;LD1;1.42215950885921e-05
75393066;LD1;2.81477170504765e-05
75393096;LD1;1.6600795232026e-05
75393129;LD1;4.30566307358698e-05
77037456;LD1;8.34690606760352e-06
77037486;LD1;2.8727666329541e-07
77037495;LD1;0.000201382881803532
77037525;LD1;0.000410579194096044
77037540;LD1;0.000107011835703271
77037658;LD1;0.000462905779243757
77037723;LD1;8.95998969843893e-06
78281355;LD1;5.35084006114393e-05
78281388;LD1;3.69791864075183e-06
78281418;LD1;4.00044212180319e-07
78281427;LD1;6.67133665942634e-05
78281457;LD1;7.75964458289866e-05
78281472;LD1;3.95116927953367e-09
78281568;LD1;2.06000192796259e-09
78281577;LD1;1.36314235971483e-05
78281590;LD1;9.05689123518891e-05
78281595;LD1;0.000380253225466894
78281655;LD1;2.18640895474254e-05
79948910;LD1;0.000155924118944071
79948943;LD1;0.000160610945296573
79948973;LD1;0.000427457435758813
79948982;LD1;1.48955952503367e-05
79949012;LD1;1.81480832866605e-06
79949027;LD1;3.99247824821067e-05
79949123;LD1;9.13479896159293e-06
79949132;LD1;7.48448260603157e-05
79949145;LD1;1.71167109589831e-05
79949150;LD1;0.000359742292409012
79949210;LD1;1.42734171140175e-05
83366492;LD1;4.94163160206304e-07
83366552;LD1;7.22859752257442e-05
83366558;LD1;2.49428813610869e-05
83366570;LD1;1.34924251658664e-05
83366579;LD1;6.18710275926232e-06
83366675;LD1;3.70760262748139e-05
83366759;LD1;1.27389765554813e-05
84236255;LD1;0.000126803978711241
84236315;LD1;0.000198657820141476
84236320;LD1;5.92764567308087e-06
84236333;LD1;8.25151479417217e-06
84236342;LD1;9.0053288512799e-06
84236438;LD1;2.61822368330379e-05
84236453;LD1;0.000106898333597565
84236483;LD1;7.65507068163038e-05
84236492;LD1;3.03801079555203e-05
84236522;LD1;7.96863640942959e-05
84236555;LD1;5.9586674949246e-06
85137373;LD1;6.63311190226436e-08
85137406;LD1;0.000232202996035182
85137436;LD1;7.1629428318192e-05
85137445;LD1;9.63311465958884e-05
85137475;LD1;0.000189599923266616
85137490;LD1;3.33478580154021e-06
85137586;LD1;8.51938873275742e-05
85137595;LD1;0.000177173760488379
85137608;LD1;9.13243241154444e-06
85137613;LD1;6.43770550584953e-05
85137673;LD1;6.4559243227199e-05
85148787;LD1;3.3114095468511e-05
85148820;LD1;3.69653020532225e-05
85148850;LD1;1.54481484541401e-06
85148859;LD1;2.07103628794824e-05
85148889;LD1;7.53500217174529e-07
85148904;LD1;0.000115512190151471
85149000;LD1;0.000589967385486788
85149009;LD1;0.000176333045683054
85149022;LD1;0.000273163117856621
85149027;LD1;4.81654971068068e-05
85149087;LD1;2.56114686508667e-05
85331084;LD1;5.12026717922269e-05
85331168;LD1;0.000118079457556383
85331285;LD1;2.69473897879468e-05
85331291;LD1;6.06142163369977e-05
85331351;LD1;0.000120816282731117
87514082;LD1;9.03017142287272e-05
87514115;LD1;5.2563672439242e-05
87514145;LD1;5.57863692595932e-06
87514154;LD1;0.000212026230393165
87514184;LD1;3.4147593152121e-05
87514199;LD1;3.83569345940416e-05
87514295;LD1;2.10736517923814e-07
87514304;LD1;8.50357918334894e-06
87514317;LD1;6.18522132215568e-05
87514322;LD1;0.000247308032407845
87761306;LD1;0.000288907083200418
87761366;LD1;0.000283536000527411
87761371;LD1;4.52945107446748e-05
87761384;LD1;3.04081435260133e-05
87761393;LD1;1.13868233871872e-05
87761489;LD1;4.43243807919506e-05
87761504;LD1;0.000107300393334599
87761534;LD1;4.23496833371119e-05
87761543;LD1;2.58337850182079e-08
87761573;LD1;4.47968265939486e-06
87761606;LD1;2.00672841461933e-06
91634913;LD1;3.73722169768196e-06
91634973;LD1;8.43004455823674e-05
91634978;LD1;0.00025015458662094
91634991;LD1;9.73051265409362e-05
91635000;LD1;1.54108470343993e-05
91635096;LD1;4.79308001457577e-06
91635111;LD1;8.65782295418003e-05
91635141;LD1;0.000186241764598019
91635150;LD1;7.35783618995342e-06
91635180;LD1;7.19960216998463e-06
91635213;LD1;7.6847453998429e-05
91730925;LD1;3.32163769649906e-06
91730958;LD1;5.3838873031491e-06
91730988;LD1;0.000150650930833515
91730997;LD1;4.83248607517861e-05
91731027;LD1;5.10273405274114e-06
91731042;LD1;0.000151316765969809
91731138;LD1;0.000164178775678873
91731147;LD1;1.52804395733122e-06
91731160;LD1;1.03299540306819e-05
91731165;LD1;0.000239498587650281
91731225;LD1;2.28684941986156e-05
104568637;LD1;4.4642602745345e-05
104568670;LD1;1.28174561133403e-08
104568700;LD1;6.34617013366297e-07
104568709;LD1;1.53624731372037e-05
104568739;LD1;0.000172335729380361
104568754;LD1;1.38244735006506e-07
104568850;LD1;4.13888576400604e-05
104568859;LD1;3.57465839991345e-06
104568872;LD1;0.000126720209636463
104568877;LD1;4.14873806201121e-05
104568937;LD1;1.54628233360275e-05
105399222;LD1;1.60030008668345e-05
105399285;LD1;2.19342548266073e-06
105399294;LD1;7.94026821484216e-06
105399324;LD1;6.33576115834849e-06
105399435;LD1;0.000111766193513807
105399522;LD1;2.97127696247895e-05
106684202;LD1;1.31050660720295e-05
106684267;LD1;0.00010049301726083
106684289;LD1;0.000146198183069983
106684385;LD1;1.33995567954101e-05
106684400;LD1;7.01697995974426e-05
106684430;LD1;4.86566484960273e-05
106684439;LD1;1.33678012502584e-05
106836147;LD1;1.29256737880679e-05
106836149;LD1;3.37126884056561e-05
106836207;LD1;0.000196441609155293
106836209;LD1;3.99565291118383e-05
106836212;LD1;0.000110373530185878
106836215;LD1;1.54300291503664e-05
106836225;LD1;2.42357804076976e-07
106836227;LD1;7.67465265722491e-06
106836234;LD1;1.60427658071632e-05
106836236;LD1;3.61630803185461e-05
106836330;LD1;1.14147257484952e-05
106836332;LD1;5.06307404300462e-06
106836345;LD1;8.07975520969689e-07
106836375;LD1;2.76868832955961e-05
106836384;LD1;2.73668052116138e-06
106836414;LD1;5.52770228768468e-06
106836416;LD1;4.32679569107589e-06
106836447;LD1;1.56936919641315e-06
107703954;LD1;1.54577819574853e-05
107704019;LD1;0.000334254548535741
107704032;LD1;0.00020028326572127
107704137;LD1;7.59681070534427e-05
107704152;LD1;0.000404058449845307
107704182;LD1;4.91022590525411e-06
107704191;LD1;2.75375306573016e-05
107704221;LD1;1.72677596633655e-11
107704254;LD1;1.80690766758881e-05
108041718;LD1;4.02024076399636e-05
108041778;LD1;4.23184902076636e-05
108041783;LD1;2.55627487971736e-05
108041901;LD1;6.09421931521464e-06
108041916;LD1;2.40941720483202e-05
108041946;LD1;5.91011090778811e-05
108041955;LD1;6.55257517975981e-06
108041985;LD1;4.97648955141192e-05
108042018;LD1;6.54011066913386e-06
113939959;LD1;3.05012320992819e-05
113939986;LD1;4.13397665831128e-05
113939992;LD1;3.62843406116531e-05
113940022;LD1;3.59089902940798e-06
113940031;LD1;0.000489386007510674
113940061;LD1;0.000251501934683598
113940076;LD1;8.65492756200331e-06
113940259;LD1;1.80398694148461e-05
115244764;LD1;3.15627732031268e-07
115244824;LD1;1.73946419318952e-05
115244829;LD1;6.31089011528119e-05
115244842;LD1;2.17481756105007e-06
115244947;LD1;3.94962455890556e-05
115244962;LD1;0.000183518312671474
115244992;LD1;8.39968286062793e-05
115245001;LD1;8.32913890496214e-05
115245031;LD1;0.00128558145186853
116117166;LD1;0.000144124650213373
116117232;LD1;3.67119917937536e-05
116117349;LD1;6.41202280037e-09
116117403;LD1;7.94996344141616e-05
116117433;LD1;2.91651123149513e-06
116117466;LD1;0.000618081260488156
120587183;LD1;3.22585197106312e-05
120587243;LD1;0.000406971344458326
120587248;LD1;0.00035600242232287
120587261;LD1;0.000107213973863188
120587270;LD1;0.000332482929495584
120587366;LD1;0.000144044829498833
120587381;LD1;7.88204015720707e-05
120587411;LD1;0.000290866609967358
120587420;LD1;9.64668389845618e-07
120587450;LD1;9.64440394343592e-06
120587483;LD1;0.000401544555861909
132482154;LD1;4.7003285303112e-05
132482214;LD1;0.000275739813510745
132482219;LD1;0.000209394868107554
132482337;LD1;0.000167379848649939
132482352;LD1;1.67838394986355e-05
132482382;LD1;4.7078173001661e-05
132482391;LD1;1.74983179618016e-07
132482454;LD1;8.71710344962717e-07
132750804;LD1;0.000100768656020131
132750831;LD1;4.48665439877383e-06
132750867;LD1;1.34151043978844e-05
132750875;LD1;8.05236509236779e-05
132750894;LD1;0.000165818982182317
132750903;LD1;2.495248671375e-06
132751017;LD1;0.000163701969222148
132751021;LD1;4.03853373210375e-05
132751026;LD1;4.41461980318036e-05
132751038;LD1;0.000253593044805329
134738663;LD1;6.73725464860709e-06
134738723;LD1;1.25986733956974e-11
134738729;LD1;6.8431663049493e-05
134738741;LD1;0.000116502482018758
134738846;LD1;1.01383193133711e-05
134738900;LD1;3.54484750868306e-05
134738930;LD1;0.000128356659737077
134977829;LD1;1.32231403637564e-08
134977859;LD1;1.85134471434252e-06
134977880;LD1;1.16964611544982e-05
134977913;LD1;3.18663241587596e-05
134978009;LD1;1.5016573123328e-08
134978018;LD1;5.76612352043574e-09
134978030;LD1;1.86140413310625e-05
134978036;LD1;6.88927898986667e-07
134978096;LD1;3.1587558640646e-06
135288841;LD1;8.93297784001917e-07
135288847;LD1;4.33108285710323e-06
135288871;LD1;1.24856307221242e-06
135288874;LD1;1.60828959046596e-06
135288883;LD1;5.20357710394472e-07
135289055;LD1;2.04857375001685e-06
145277142;LD1;5.76977471967055e-06
145277175;LD1;8.12911039804632e-07
145277205;LD1;3.49844907643939e-07
145277214;LD1;4.62045598284729e-05
145277244;LD1;7.00696931272699e-05
145277259;LD1;7.55201288979868e-05
145277346;LD1;0.000457314185204153
145277352;LD1;2.15933073269854e-07
145277361;LD1;0.000121031943221799
145277374;LD1;0.000191646725040623
145277379;LD1;0.000167926970073827
145277409;LD1;1.69469811309492e-05
145277439;LD1;6.31765277699992e-05
145360281;LD1;6.74426264436109e-05
145360344;LD1;2.31749500358708e-06
145360353;LD1;0.000448641069964584
145360383;LD1;3.76772063175442e-05
145360398;LD1;2.9221821258808e-05
145360494;LD1;0.00018999541705724
145360503;LD1;0.000182735710936541
145360516;LD1;0.000361980624400829
145360521;LD1;0.000164545718946498
145360581;LD1;3.9021396270444e-05
147268824;LD1;3.18557430879937e-05
147268887;LD1;3.85055886529887e-05
147268896;LD1;0.00010992290501142
147268926;LD1;8.72805488388806e-05
147268941;LD1;5.24213882557356e-06
147269059;LD1;0.000400143066407038
147269124;LD1;1.37102038607221e-05
153996167;LD1;1.51962391689863e-05
153996232;LD1;0.000478839110009733
153996245;LD1;1.29710221591294e-05
153996254;LD1;7.21242970867435e-08
153996350;LD1;0.000147759859160984
153996365;LD1;0.000149733118681113
153996404;LD1;0.000311564230601616
153996434;LD1;7.70950784155909e-06
153996467;LD1;0.000140463487345734
154605190;LD1;0.000109586050385689
154605295;LD1;3.16450388469565e-05
154605310;LD1;4.96960006359538e-06
154605340;LD1;0.000197878505430556
154605349;LD1;9.43992861865702e-06
154605379;LD1;2.00224739084061e-05
154605412;LD1;4.22613062408902e-07
159344389;LD1;0.000168740408347039
159344449;LD1;0.00100343337337216
159344454;LD1;0.00054477939361879
159344476;LD1;0.000198090313356715
159344572;LD1;0.00010295244550843
159344587;LD1;4.03359034506766e-05
159344617;LD1;0.000198571191739018
159344626;LD1;7.27072065760967e-08
159344656;LD1;0.000154879710479127
159344689;LD1;5.6192857627472e-06
167428728;LD1;0.000115211120293049
167428758;LD1;3.43193341347618e-08
167428812;LD1;4.89934437234923e-05
167428917;LD1;9.82358793502706e-06
167428929;LD1;0.000123979087661977
167428935;LD1;5.62574634540093e-05
167428995;LD1;3.74841184971553e-05
168263290;LD1;3.80213177384256e-05
168263350;LD1;3.45566067681466e-06
168263356;LD1;3.07160850503377e-06
168263473;LD1;1.56001467459738e-07
168263527;LD1;7.432166460505e-06
168263557;LD1;2.10042890464216e-06
169904129;LD1;4.43442213630391e-06
169904189;LD1;3.45617008195599e-05
169904195;LD1;1.19939392678047e-05
169904207;LD1;1.86814658807167e-09
169904216;LD1;1.51455389910751e-05
169904222;LD1;0.000143590049928567
169904312;LD1;1.31077815614716e-05
169904396;LD1;1.80613038993668e-07
172292830;LD1;9.48631288509032e-08
172292863;LD1;3.51412596945189e-05
172292893;LD1;0.000255744846706772
172292902;LD1;2.50549269377044e-05
172292947;LD1;7.70505403150819e-05
172293052;LD1;4.5852722422959e-05
172293065;LD1;4.78349674989884e-07
172293070;LD1;2.49819855677927e-05
172293130;LD1;0.000153672466939464
174438067;LD1;5.11716012132436e-05
174438097;LD1;1.31236014933385e-05
174438106;LD1;9.73671147665823e-08
174438136;LD1;8.21865367046682e-05
174438151;LD1;7.08914646698558e-05
174438256;LD1;9.89660122285392e-08
174438269;LD1;1.64609450585369e-05
174438334;LD1;1.09942522078766e-06
179122327;LD1;0.000148060556882657
179122387;LD1;2.29006949368173e-07
179122393;LD1;0.00011295964751938
179122405;LD1;2.1958250870656e-06
179122414;LD1;0.000127095969695256
179122510;LD1;1.21930979340035e-05
179122564;LD1;3.97291975339673e-05
186273963;LD1;6.86635394563276e-05
186273996;LD1;1.54836838395395e-05
186274026;LD1;0.000265366351386326
186274035;LD1;0.000243516766283493
186274065;LD1;3.05421456619671e-06
186274080;LD1;1.73976337766831e-06
186274176;LD1;9.45133163956534e-05
186274185;LD1;2.42327402421255e-05
186274198;LD1;0.000623527496814309
186274203;LD1;0.000166977035628432
186274263;LD1;6.57548592203228e-06
186866104;LD1;4.03457765830037e-05
186866137;LD1;1.83327621813175e-05
186866167;LD1;3.74074694406691e-06
186866176;LD1;7.26208334674912e-05
186866206;LD1;3.15752104903724e-06
186866221;LD1;1.03763509588749e-05
186866317;LD1;1.79861994513222e-07
186866326;LD1;4.56325663944351e-08
186866339;LD1;4.58655991994562e-05
186866344;LD1;0.000254529298501942
186866404;LD1;0.000136122376063961
187151409;LD1;0.000113230134465269
187151514;LD1;2.88471432655697e-05
187151526;LD1;6.55256318955856e-05
187151532;LD1;0.000578325206683336
187151592;LD1;0.000467009728318401
196147594;LD1;7.79039654371917e-05
196147654;LD1;0.00012691658134848
196147659;LD1;3.4917972147054e-05
196147672;LD1;8.74360173846708e-06
196147681;LD1;0.000153578691873861
196147777;LD1;4.44293419180297e-06
196147792;LD1;1.01287663558456e-05
196147822;LD1;9.44586728982477e-06
196147831;LD1;1.96654572352899e-05
196147861;LD1;8.57652721685645e-05
196147894;LD1;1.23632469354694e-06
230580365;LD1;0.000348740083888406
230580398;LD1;0.000162721027852305
230580428;LD1;3.5840899773824e-05
230580437;LD1;0.000157133591837963
230580467;LD1;0.000211379549668854
230580482;LD1;0.000191413323354934
230580578;LD1;0.000116496461658231
230580587;LD1;1.77285505965703e-06
230580600;LD1;0.000243939584113481
230580605;LD1;0.000670334605421552
230580665;LD1;0.000251542210751155
230580696;LD1;1.33311551779014e-05
233078672;LD1;7.57495361720047e-07
233078735;LD1;8.95544699133094e-06
233078744;LD1;1.12676143102006e-05
233078774;LD1;0.000176750963025627
233078789;LD1;0.000370585033308302
233078894;LD1;2.80575191153854e-06
233078907;LD1;2.74752370371462e-05
233078912;LD1;0.000155701531139587
233078972;LD1;1.68411768051257e-05
241484676;LD1;0.000234428802496552
241484736;LD1;0.000369085645554011
241484741;LD1;0.0002142952844337
241484754;LD1;1.7279028930038e-05
241484763;LD1;1.11154459409453e-05
241484859;LD1;6.27888952909087e-09
241484874;LD1;3.89847049366912e-05
241484904;LD1;1.5802596525979e-07
241484913;LD1;7.90911294322317e-05
241484943;LD1;1.26736356150416e-06
241484976;LD1;1.51253893024794e-05
242245558;LD1;5.45539879091146e-07
242245623;LD1;0.000114459841161041
242245636;LD1;6.22182436653221e-08
242245645;LD1;7.30956912454583e-05
242245756;LD1;0.000127639353363225
242245786;LD1;0.000116850428619272
242245795;LD1;0.000363072032270543
242245825;LD1;1.83400427240453e-07
242245858;LD1;3.07666208353521e-06
247985213;LD1;1.93109210301851e-06
247985246;LD1;2.86627478662247e-05
247985276;LD1;1.45559997956481e-05
247985285;LD1;0.000129348868364674
247985315;LD1;0.000168754326913631
247985330;LD1;3.02093721503463e-05
247985426;LD1;1.39362392234098e-05
247985435;LD1;9.33238264455741e-06
247985447;LD1;1.001336985349e-06
247985453;LD1;0.000305043959571175
247985513;LD1;6.12593902702578e-07
261438959;LD1;4.65484357895126e-05
261439022;LD1;0.000464179843415932
261439031;LD1;0.000116046801775669
261439061;LD1;7.87771790891816e-05
261439076;LD1;0.000118355514343879
261439172;LD1;2.75444490051425e-06
261439181;LD1;0.000274096347408206
261439194;LD1;0.000345734618848279
261439259;LD1;0.000398300379715592
277142402;LD1;9.42527830837437e-05
277142435;LD1;1.52302390314282e-06
277142465;LD1;9.12382799228989e-05
277142474;LD1;6.63422756318016e-05
277142504;LD1;0.000276371711084528
277142519;LD1;1.04304948781242e-05
277142615;LD1;5.21129284575464e-07
277142624;LD1;1.76271008102525e-06
277142637;LD1;2.36285900612216e-05
277142642;LD1;0.000455298829468268
277142702;LD1;2.32372809864046e-06
302181007;LD1;0.000106363088741678
302181040;LD1;1.53621839182272e-06
302181070;LD1;1.2309174813434e-05
302181079;LD1;3.42498676997691e-05
302181109;LD1;0.000106433382721146
302181220;LD1;4.70463980436386e-05
302181229;LD1;2.41431895024263e-06
302181242;LD1;0.000100354893485289
302181307;LD1;1.03521624830575e-06
304858505;LD1;2.07002204299509e-08
304858589;LD1;2.65619944330862e-06
304858685;LD1;1.07789054943986e-06
304858694;LD1;8.50200637783783e-07
304858706;LD1;3.76523437584991e-05
304858712;LD1;5.61948286174861e-05
304858771;LD1;5.69531792354855e-05
311628700;LD1;0.000306497811393791
311628765;LD1;2.32937167093891e-06
311628778;LD1;0.000321902023680809
311628787;LD1;0.000176995835076179
311628883;LD1;0.000173142700544207
311628898;LD1;0.00120236182474243
311628928;LD1;3.49076469514416e-05
311628937;LD1;1.79555565546512e-06
311628967;LD1;2.27117238616357e-05
317450985;LD1;0.000288787106759507
317451018;LD1;3.10218317971899e-06
317451048;LD1;9.76558088876014e-05
317451057;LD1;2.7247109794597e-05
317451087;LD1;2.60079752758996e-05
317451102;LD1;4.21992280441159e-05
317451198;LD1;0.000257205359762579
317451207;LD1;0.000100121560744716
317451220;LD1;9.55682715920488e-05
317451225;LD1;0.000164499940417382
317451235;LD1;5.36952173965591e-05
317451284;LD1;0.000561635180717083
326821304;LD1;6.71553222030026e-05
326821337;LD1;5.61581550291801e-05
326821367;LD1;0.000358546499921096
326821376;LD1;0.000166171796626169
326821406;LD1;2.1328643345046e-05
326821421;LD1;0.000481916538834881
326821539;LD1;5.64076714810615e-05
326821544;LD1;0.00066347223562417
326821604;LD1;0.000145121381808647
326968257;LD1;3.11190701961945e-05
326968290;LD1;4.41551578300309e-05
326968320;LD1;0.00016719659144811
326968329;LD1;4.30474249740819e-06
326968359;LD1;7.92480264648594e-05
326968374;LD1;9.0685052349335e-07
326968470;LD1;4.30924957921064e-06
326968479;LD1;7.05694131012051e-05
326968492;LD1;3.60308732380015e-05
326968497;LD1;0.000295258108466673
326968557;LD1;5.7558864656509e-05
329375211;LD1;0.000133957005758014
329375271;LD1;0.000140524666426289
329375276;LD1;0.000116998257570866
329375289;LD1;3.56363009175065e-05
329375298;LD1;9.22564068938997e-05
329375394;LD1;8.99543652966677e-07
329375439;LD1;1.17454036192504e-06
329375448;LD1;8.12398944720782e-06
329375478;LD1;2.89684078847999e-05
329375511;LD1;3.8880398180609e-07
333006313;LD1;2.8968246203891e-05
333006373;LD1;0.000179085068165205
333006378;LD1;1.07833275975333e-05
333006391;LD1;1.02930241353331e-05
333006400;LD1;1.47640194546862e-05
333006496;LD1;2.07201981919272e-05
333006511;LD1;5.41983175698102e-05
333006541;LD1;5.42630310623552e-05
333006550;LD1;4.95772261397523e-06
333006580;LD1;1.9979265359326e-06
333006613;LD1;5.49103919366809e-05
348721434;LD1;7.06556254801796e-05
348721499;LD1;7.14333030879962e-05
348721512;LD1;1.84212201412393e-06
348721521;LD1;9.67316824324583e-06
348721617;LD1;2.100979379828e-05
348721632;LD1;9.60193627070451e-06
348721662;LD1;8.75378001876627e-05
348721671;LD1;6.70861692768826e-05
348721701;LD1;2.16039295476114e-05
348721734;LD1;0.000102708585066941
358441308;LD1;4.2263871126315e-05
358441373;LD1;7.56350451787388e-06
358441386;LD1;2.85200093028661e-05
358441491;LD1;2.18663145121143e-05
358441506;LD1;4.43209036766556e-07
358441536;LD1;0.000333869530068192
358441545;LD1;3.97405798250144e-07
358441575;LD1;4.15934937045117e-06
358441608;LD1;8.56377385215698e-06
359563160;LD1;0.00024827581622289
359563220;LD1;1.25353815619133e-05
359563225;LD1;1.77676346678197e-05
359563238;LD1;5.38952413642837e-06
359563247;LD1;5.39174854808478e-05
359563343;LD1;0.000492391314906177
359563358;LD1;0.000143781117453315
359563388;LD1;8.55040347218068e-06
359563397;LD1;2.01921352376669e-05
359563427;LD1;1.75255637343222e-05
359563460;LD1;0.000140234729877122
362972243;LD1;6.19946255008899e-06
362972276;LD1;5.10977454887695e-06
362972306;LD1;3.51205034941392e-05
362972315;LD1;0.000506703070673891
362972345;LD1;5.88275478237639e-06
362972360;LD1;8.84268242585722e-05
362972450;LD1;9.63252383740637e-05
362972459;LD1;1.37019788936682e-06
362972472;LD1;1.62797946335312e-05
362972477;LD1;0.000171282480627851
362972537;LD1;0.000562938223548531
374862659;LD1;4.73564272590224e-05
374862719;LD1;4.27108136041575e-05
374862724;LD1;7.76985907026765e-08
374862857;LD1;7.01947036638767e-05
374862887;LD1;0.000288573183407597
374862896;LD1;0.000118889107562106
374862926;LD1;0.00017012586814207
374862959;LD1;5.73333542656842e-06
377636871;LD1;2.62491638816624e-05
377636931;LD1;0.000229550461972197
377636936;LD1;5.33589875866487e-05
377636949;LD1;2.39164744997435e-05
377636958;LD1;0.00100684671600799
377637069;LD1;1.55565524926865e-06
377637099;LD1;0.00015401714640166
377637108;LD1;8.8785464020722e-06
377637138;LD1;4.7232594896414e-05
377637171;LD1;0.000171187340510547
379554743;LD1;3.7810808897948e-05
379554773;LD1;2.00893223136998e-07
379554827;LD1;4.41403043462669e-05
379554932;LD1;4.33869408111161e-06
379554944;LD1;4.8732805838571e-05
379555010;LD1;5.07897813767565e-05
380313227;LD1;5.61798061992474e-06
380313287;LD1;4.82077483480729e-05
380313292;LD1;4.24724637792265e-05
380313305;LD1;7.60425497625763e-05
380313314;LD1;3.57604694727825e-06
380313425;LD1;7.11993284097194e-05
380313455;LD1;0.000152697314563563
380313464;LD1;1.67742936540485e-06
380313494;LD1;4.05698864783537e-05
380313527;LD1;4.96479989129467e-05
383628079;LD1;1.69256198697426e-05
383628112;LD1;1.02470231127051e-05
383628142;LD1;0.000142146927087641
383628151;LD1;1.91140460850171e-05
383628181;LD1;9.44746699190236e-05
383628196;LD1;6.86830768118232e-05
383628292;LD1;3.11757417093083e-06
383628301;LD1;2.64878950326313e-05
383628314;LD1;0.000117561078661975
383628319;LD1;0.000355822117415696
383628379;LD1;9.7827241212343e-06
385747782;LD1;0.000105006056762567
385747842;LD1;0.000802330725857123
385747847;LD1;3.91779506443022e-05
385747869;LD1;8.28316443474039e-05
385747965;LD1;0.000213091681987721
385747980;LD1;3.05149799308171e-05
385748010;LD1;3.17669797744387e-05
385748019;LD1;4.6373837543343e-06
385748049;LD1;4.671968958699e-05
385748082;LD1;4.49654039282192e-05
392572112;LD1;1.35463061234109e-06
392572142;LD1;3.36605222588925e-07
392572195;LD1;2.38592313841245e-06
392572312;LD1;5.9522057536716e-05
392572318;LD1;0.000110901629191122
392572378;LD1;6.24083682400192e-06
393134850;LD1;0.000169043310036009
393134910;LD1;0.000332952120294857
393134915;LD1;0.000157788571370213
393134928;LD1;0.000238027592351418
393134937;LD1;0.000627232868513832
393135033;LD1;4.88486843543769e-05
393135048;LD1;0.00030456111327172
393135078;LD1;0.000142121379380334
393135087;LD1;0.000217263833596829
393135117;LD1;0.000398841530023648
393135150;LD1;9.0137395086685e-05
394230574;LD1;7.12510091733976e-06
394230607;LD1;1.7685353567602e-07
394230637;LD1;4.82498396860991e-06
394230646;LD1;3.0693235099975e-05
394230676;LD1;2.63102090003703e-05
394230691;LD1;3.32509806882358e-06
394230694;LD1;5.05130594002294e-06
394230787;LD1;6.01479992420543e-07
394230796;LD1;5.91260059967644e-06
394230809;LD1;7.15392705537859e-05
394230814;LD1;0.000133541432297736
394230874;LD1;1.36518956226086e-06
397057778;LD1;2.8993592905103e-05
397057838;LD1;0.000153969047894798
397057843;LD1;6.37776706171104e-05
397057856;LD1;1.35159976880826e-06
397057865;LD1;3.38301874689416e-06
397057961;LD1;4.63140587787771e-06
397057976;LD1;1.39319700262996e-05
397058015;LD1;1.3430701582099e-05
397058045;LD1;1.08683431333162e-05
397058078;LD1;7.8433344675685e-07
399934100;LD1;4.05767877841107e-05
399934133;LD1;1.81934135845752e-07
399934163;LD1;1.05897733402865e-05
399934172;LD1;4.71466186296827e-05
399934202;LD1;7.97790990717673e-05
399934217;LD1;7.43884717665834e-06
399934313;LD1;7.11362624172389e-09
399934322;LD1;3.44704941480566e-06
399934335;LD1;3.03312506139031e-05
399934340;LD1;0.000175129998312174
399934400;LD1;2.60584020542458e-06
400066006;LD1;6.77741138510493e-05
400066066;LD1;0.000177188724075417
400066071;LD1;3.64902831457991e-06
400066084;LD1;3.36635650197056e-05
400066093;LD1;1.88440686745124e-06
400066189;LD1;2.86340737505001e-05
400066204;LD1;2.74468718610178e-05
400066234;LD1;0.000107965695703679
400066243;LD1;7.72800629728311e-06
400066273;LD1;1.11387128738235e-05
400066306;LD1;1.36583761096881e-05
400336868;LD1;3.55089816938398e-05
400336901;LD1;2.90531653318013e-05
400336931;LD1;5.59009606648873e-06
400336940;LD1;1.26863015133211e-06
400336970;LD1;0.000126494538123462
400336985;LD1;4.09343042327684e-05
400337090;LD1;1.59587254584384e-05
400337103;LD1;5.56443975160091e-05
400337108;LD1;0.000128618230808607
400337168;LD1;1.52697388918036e-05
401771523;LD1;6.43158589444525e-07
401771556;LD1;8.92366268662735e-05
401771586;LD1;0.000582091106833874
401771595;LD1;4.1139567291294e-05
401771625;LD1;3.2359930454389e-05
401771640;LD1;8.15601761542392e-05
401771736;LD1;8.20798038548543e-05
401771745;LD1;3.74349006781077e-05
401771758;LD1;1.94251773527709e-05
401771763;LD1;9.59471728748795e-05
401771823;LD1;7.16557010533916e-06
408460555;LD1;1.36004627500059e-08
408460615;LD1;3.00330120619048e-05
408460621;LD1;2.73349634233422e-05
408460633;LD1;2.5304830600662e-05
408460642;LD1;4.2538922362425e-07
408460738;LD1;4.09689422531488e-08
408460822;LD1;5.84607905053539e-06
408657753;LD1;2.43982330452438e-05
408657786;LD1;1.79921621140771e-07
408657816;LD1;8.03371219772113e-06
408657825;LD1;9.20074973276959e-05
408657855;LD1;4.8809335591301e-06
408657870;LD1;1.52659213344907e-05
408657966;LD1;4.21504314079347e-06
408657975;LD1;2.48982744590276e-05
408657993;LD1;0.00183349467723418
408658053;LD1;6.92556842322155e-05
409588969;LD1;1.87707124492149e-06
409589000;LD1;8.00919121279812e-06
409589002;LD1;1.23987251160108e-05
409589032;LD1;5.22505117593621e-06
409589041;LD1;9.11859859680143e-05
409589071;LD1;1.03507319448944e-05
409589084;LD1;1.05571634130406e-05
409589086;LD1;3.48100185235217e-05
409589180;LD1;5.09541551302752e-06
409589182;LD1;2.98231452792738e-07
409589189;LD1;2.26416276043174e-05
409589191;LD1;4.67397935165165e-07
409589201;LD1;8.51316466726678e-06
409589204;LD1;2.98184730464078e-05
409589207;LD1;1.50561237614597e-05
409589209;LD1;0.000375316013856564
409589267;LD1;6.74229065672214e-07
409589269;LD1;1.1735496588563e-06
410220053;LD1;7.38214899297407e-06
410220086;LD1;0.000240282996011119
410220116;LD1;1.25460196471431e-06
410220125;LD1;2.61919614647734e-06
410220155;LD1;8.26502412657688e-05
410220170;LD1;0.000445435486945019
410220353;LD1;0.000489642665346266
417386963;LD1;9.46566595928217e-06
417386996;LD1;3.90727161647945e-06
417387026;LD1;2.15009813030737e-05
417387035;LD1;0.000102516416187257
417387065;LD1;0.000190955024965287
417387080;LD1;3.23066874171803e-05
417387176;LD1;0.000109190245978466
417387185;LD1;1.24789359918645e-05
417387198;LD1;0.000141308419994656
417387203;LD1;5.65741716442038e-06
417387263;LD1;0.000105650819291698
419297715;LD1;0.000113708865144237
419297721;LD1;7.39683655628097e-07
419297733;LD1;7.50705709072977e-06
419297742;LD1;1.08674242769175e-08
419297838;LD1;9.82286607559629e-05
419297922;LD1;1.00679587277737e-05
423426153;LD1;2.09424054058605e-05
423426213;LD1;0.000113268446375695
423426218;LD1;2.58432573987385e-05
423426231;LD1;5.20136791318038e-07
423426240;LD1;2.01417066926646e-06
423426336;LD1;6.19366429687795e-06
423426351;LD1;4.02588234504568e-05
423426381;LD1;5.71084901717974e-05
423426390;LD1;4.54647885310726e-06
423426420;LD1;4.84920981891541e-07
423426453;LD1;1.44048943005089e-05
426552155;LD1;3.51044744155703e-05
426552173;LD1;7.68009732323355e-07
426552278;LD1;4.27413864407959e-05
426552293;LD1;1.35012957504545e-06
426552323;LD1;8.57193837251e-06
426552332;LD1;8.81110616757303e-05
426552362;LD1;1.51856697931303e-05
426552395;LD1;1.85124416845637e-05
429664016;LD1;3.5050612455182e-05
429664047;LD1;4.53843584378874e-06
429664049;LD1;4.77075229713274e-06
429664088;LD1;3.66725088919434e-08
429664118;LD1;8.36784919799874e-06
429664131;LD1;9.13091152527189e-06
429664227;LD1;2.09873284432745e-06
429664236;LD1;1.48314725299369e-05
429664248;LD1;2.82478950198539e-05
429664314;LD1;3.49439364045984e-06
435152699;LD1;1.58962248801954e-05
435152732;LD1;0.000521878701328384
435152762;LD1;1.27179196241292e-05
435152771;LD1;3.91302036940799e-05
435152801;LD1;0.000122069702085891
435152816;LD1;0.000107825071820494
435152912;LD1;0.00012403789134904
435152921;LD1;1.39432046384884e-05
435152934;LD1;5.63270495664293e-05
435152939;LD1;9.78927036402015e-05
435152999;LD1;8.40296768889701e-06
436503627;LD1;5.86586738934876e-05
436503657;LD1;1.30539734609936e-06
436503711;LD1;6.53301082753936e-05
436503807;LD1;0.000918500878049509
436503816;LD1;3.56426382756843e-05
436503828;LD1;7.15376722255853e-05
436503834;LD1;0.000223546374750352
436503894;LD1;3.27506682886394e-05
440232402;LD1;2.71900382921616e-06
440232435;LD1;0.000151514479897826
440232474;LD1;9.79932572702862e-06
440232504;LD1;1.8601960400319e-07
440232519;LD1;0.000328624466673324
440232609;LD1;0.00024012724194802
440232615;LD1;2.96207898878017e-07
440232624;LD1;1.72322131989459e-05
440232637;LD1;3.67634993499418e-05
440232642;LD1;2.94790855882295e-05
440232702;LD1;3.59125846788966e-05
440657566;LD1;5.12846008653187e-06
440657599;LD1;1.01569197062119e-05
440657629;LD1;6.04846034061943e-05
440657638;LD1;5.44869602802851e-05
440657668;LD1;1.7875015732784e-05
440657683;LD1;2.93493457916322e-06
440657779;LD1;1.97575100631586e-05
440657788;LD1;7.5262665359521e-07
440657801;LD1;5.63127116398444e-05
440657806;LD1;0.000295905764837817
440657866;LD1;6.70561879248168e-05
453379235;LD1;0.000407306294306437
453379295;LD1;5.6028156664644e-05
453379301;LD1;6.53043757832618e-06
453379313;LD1;9.91461417934699e-05
453379418;LD1;3.62089741131308e-05
453863689;LD1;2.05991582621376e-05
453863749;LD1;9.7828436654779e-05
453863754;LD1;1.14360681637129e-06
453863767;LD1;7.848373184554e-06
453863776;LD1;7.29395201256093e-05
453863872;LD1;1.29771652868198e-05
453863887;LD1;0.000204592825052065
453863917;LD1;0.000150528513776456
453863926;LD1;1.28195506721257e-05
453863956;LD1;5.7593727540187e-06
453863989;LD1;3.11012265011726e-05
461294448;LD1;0.000141996991690467
461294508;LD1;0.000195658091508267
461294513;LD1;0.000179297722504851
461294526;LD1;0.000184946366565619
461294535;LD1;0.000149251181880095
461294631;LD1;9.31599177968969e-05
461294646;LD1;0.000110283232252718
461294676;LD1;3.5659894079875e-05
461294685;LD1;1.61410428306505e-05
461294715;LD1;7.36747688878792e-05
461294748;LD1;0.00015806687997444
464045574;LD1;7.89070553269057e-05
464045607;LD1;1.47542791655645e-08
464045637;LD1;1.888407391769e-05
464045646;LD1;6.54996830368763e-06
464045676;LD1;0.000228796388252555
464045691;LD1;5.17032265843586e-05
464045787;LD1;4.29487293604079e-06
464045796;LD1;2.9503776470322e-05
464045809;LD1;0.000289498163860179
464045814;LD1;2.47643598673175e-05
464045874;LD1;1.07069225390236e-05
464508568;LD1;2.95804452393777e-07
464508628;LD1;0.000366566355561934
464508633;LD1;0.000144400561510465
464508646;LD1;7.24467217164378e-07
464508655;LD1;4.34225278853371e-06
464508751;LD1;9.64336370565092e-06
464508766;LD1;8.20548722641225e-06
464508796;LD1;0.000177136616147857
464508805;LD1;2.00560680878776e-05
464508835;LD1;5.12563231201355e-05
464508868;LD1;1.2124625398216e-06
468600729;LD1;1.82137408026396e-05
468600762;LD1;6.45168988322343e-05
468600801;LD1;0.000136272311300029
468600831;LD1;1.15933308583706e-05
468600846;LD1;6.30573046490082e-06
468600951;LD1;4.11844150267198e-05
468600964;LD1;0.00031320639573963
468601029;LD1;0.000190145852498518
470145264;LD1;1.26749006258807e-05
470145297;LD1;0.00056925459897702
470145327;LD1;2.92502654244202e-05
470145336;LD1;1.0304886941308e-05
470145366;LD1;0.000578864521119103
470145381;LD1;3.37313620740631e-05
470145486;LD1;2.75194355758794e-06
470145499;LD1;8.54851493644345e-06
470145504;LD1;0.000341109426887437
470145564;LD1;7.77798086752979e-05
481185305;LD1;2.67521480028734e-05
481185365;LD1;0.000134865960772533
481185370;LD1;5.28982287079504e-05
481185392;LD1;2.93907640920093e-06
481185488;LD1;9.95334726991275e-05
481185503;LD1;1.28914361917086e-05
481185533;LD1;7.86578900903358e-07
481185542;LD1;2.90831286165777e-06
481185572;LD1;1.42813477823455e-05
481185605;LD1;8.85511005031281e-06
481226969;LD1;0.000221070090949817
481227002;LD1;0.00127268963500741
481227032;LD1;5.89169428636923e-06
481227041;LD1;9.87092193609872e-05
481227071;LD1;6.11755463864239e-06
481227086;LD1;1.06604316575029e-05
481227182;LD1;0.000189748998370279
481227191;LD1;4.02841000073538e-05
481227204;LD1;0.000578202902830903
481227209;LD1;0.000166373963747117
481227269;LD1;0.000268176296168645
481977257;LD1;1.92505021372871e-05
481977322;LD1;4.63491409899799e-05
481977335;LD1;4.68501565164055e-07
481977344;LD1;5.48962814716843e-06
481977440;LD1;6.41554011114881e-05
481977455;LD1;3.97264588622527e-05
481977485;LD1;5.74889140396612e-05
481977494;LD1;5.35938094889532e-05
481977524;LD1;4.84742748624712e-06
481977557;LD1;2.05950048344761e-06
483359500;LD1;8.53185294580447e-05
483359565;LD1;0.000101923453827844
483359683;LD1;2.74398329359765e-05
483359698;LD1;1.29366343723018e-05
483359728;LD1;0.000527269812945597
483359737;LD1;2.15537951202284e-07
483359767;LD1;3.19295462644285e-05
483359800;LD1;1.20799985564432e-05
492302488;LD1;3.44348154594966e-05
492302521;LD1;1.7846744709757e-05
492302551;LD1;9.79931879454073e-05
492302560;LD1;0.00013102471380522
492302590;LD1;3.27518186664632e-05
492302605;LD1;1.53320842705586e-05
492302723;LD1;4.77802688327839e-06
492302788;LD1;1.85220303427522e-06
494734035;LD1;2.9351880585449e-07
494734065;LD1;3.81538449223599e-05
494734119;LD1;3.98017295487225e-05
494734214;LD1;5.03040308397247e-05
494734223;LD1;9.39629143875635e-05
494734235;LD1;9.46026266299227e-06
494734241;LD1;0.000132773192708706
494734301;LD1;2.41796724202206e-06
494938576;LD1;3.22123402664355e-05
494938609;LD1;6.46216186382312e-06
494938639;LD1;0.000167800176683197
494938648;LD1;3.35315462717382e-05
494938678;LD1;1.54685224432518e-05
494938693;LD1;5.67290688523751e-05
494938698;LD1;0.00126713425016759
494938789;LD1;3.95282204441249e-05
494938798;LD1;6.43142220140483e-06
494938811;LD1;6.40927992667909e-05
494938816;LD1;0.000179006823518888
494938876;LD1;2.04881373140044e-05
494938889;LD1;0
496871574;LD1;8.99904110503813e-06
496871634;LD1;0.000216003583191014
496871640;LD1;2.13369431749307e-06
496871652;LD1;7.13187300613843e-05
496871661;LD1;7.63312674873527e-05
496871667;LD1;4.24128094064342e-05
496871757;LD1;1.48247204709036e-05
496871772;LD1;7.20422215084008e-05
496871802;LD1;6.56258563695728e-05
496871811;LD1;5.60612279408785e-06
496871841;LD1;4.47260395448137e-05
496871874;LD1;7.71177332910481e-05
499378767;LD1;2.57573403066675e-06
499378800;LD1;0.000139300262844588
499378830;LD1;0.000461690657034094
499378839;LD1;0.000151843501890343
499378869;LD1;9.65004826764088e-05
499378884;LD1;7.11935034015076e-06
499378980;LD1;3.39318853861348e-05
499379002;LD1;0.00041490209284811
499379067;LD1;0.000262701882954005
502532174;LD1;9.10409041056141e-06
502532234;LD1;5.18012437505269e-05
502532239;LD1;2.44849026995016e-05
502532252;LD1;1.15489723028625e-06
502532261;LD1;6.73018674198535e-06
502532357;LD1;1.36680799908508e-05
502532372;LD1;1.27391418923446e-06
502532402;LD1;2.57842442527807e-05
502532411;LD1;8.00119135277479e-05
502532441;LD1;1.14723262166091e-06
502532474;LD1;1.29555444353155e-05
506921594;LD1;8.87950430796313e-08
506921624;LD1;1.14459400696104e-05
506921696;LD1;0.00014185377917415
507346305;LD1;6.32478375467639e-05
507346338;LD1;5.17220004652306e-06
507346368;LD1;1.78769948202333e-05
507346377;LD1;8.21346545476944e-05
507346407;LD1;3.47755763209696e-06
507346422;LD1;2.32331963071056e-05
507346540;LD1;1.59057570146704e-05
507346545;LD1;4.78377288995668e-05
508538731;LD1;2.22077485690251e-05
508538764;LD1;1.37771675168626e-05
508538794;LD1;1.05673982563443e-05
508538803;LD1;2.98989750136185e-05
508538833;LD1;1.15959692021139e-05
508538848;LD1;3.72164156260882e-06
508538944;LD1;1.98346380411176e-05
508538953;LD1;1.29470792034445e-07
508538966;LD1;6.36365992008886e-05
508538971;LD1;7.9264882446766e-06
508539031;LD1;1.43641403218534e-05
509647141;LD1;2.780765551416e-05
509647172;LD1;1.47951040694599e-06
509647174;LD1;7.05956493048442e-07
509647204;LD1;3.64905480143311e-05
509647213;LD1;0.000142229985561611
509647243;LD1;5.05242772666779e-05
509647256;LD1;3.35790098591866e-06
509647258;LD1;5.96347925768944e-07
509647352;LD1;2.27097658477071e-06
509647354;LD1;1.73054003132402e-06
509647361;LD1;2.89861284012969e-05
509647363;LD1;1.40364196131273e-06
509647373;LD1;0.000116130033340848
509647376;LD1;4.03753944650921e-05
509647379;LD1;0.000165395590970198
509647381;LD1;9.82041277922159e-05
509647439;LD1;8.83170669646487e-05
509647441;LD1;3.89938385566088e-06
511500342;LD1;5.00391654663431e-06
511500372;LD1;4.63131177180652e-07
511500426;LD1;2.28176134756405e-05
511500522;LD1;9.01270796111957e-06
511500531;LD1;3.37685045716325e-06
511500543;LD1;3.16836958528513e-05
511500549;LD1;4.56382097669136e-05
511500609;LD1;7.46510416884517e-05
511911165;LD1;3.92572242838537e-05
511911249;LD1;3.4320585615808e-07
511911345;LD1;9.12020391720091e-05
511911354;LD1;2.53286103465594e-07
511911366;LD1;1.8880533371279e-05
511911372;LD1;1.11773768729356e-05
511911432;LD1;5.52671191772613e-05
515395226;LD1;2.52344012715867e-06
515395289;LD1;5.44870152594777e-06
515395298;LD1;0.000149352808523724
515395328;LD1;4.76169720458225e-05
515395343;LD1;2.82634376013658e-05
515395439;LD1;1.77619041096972e-05
515395448;LD1;2.75108046489869e-05
515395526;LD1;2.91282680215774e-05
525285939;LD1;0.000169903692771156
525285969;LD1;9.38671832001396e-06
525286023;LD1;7.09975135242155e-06
525286119;LD1;2.23327884233085e-05
525286128;LD1;6.29823425293978e-05
525286140;LD1;3.56464884244455e-07
525286146;LD1;6.38140949906089e-05
525286206;LD1;8.79232228779723e-08
526833293;LD1;0.000549889525673331
526833326;LD1;2.63215602505305e-07
526833356;LD1;0.000175071648942399
526833365;LD1;0.000179206100584764
526833395;LD1;8.31865422599231e-05
526833500;LD1;6.91807027971191e-07
526833506;LD1;1.79133187854576e-05
526833515;LD1;5.13750494400523e-05
526833528;LD1;7.45495976173201e-05
526833533;LD1;0.000598295900892013
526833593;LD1;0.000118046634352756
526923800;LD1;0.00015007647740474
526923860;LD1;0.000222456645070843
526923865;LD1;1.4157531835519e-05
526923878;LD1;7.47167344310304e-07
526923887;LD1;2.56322396831725e-05
526923983;LD1;6.13330329094062e-05
526923998;LD1;6.13828765274463e-05
526924028;LD1;1.76570270227808e-05
526924037;LD1;0.000235123207905528
526924067;LD1;6.93905771935437e-05
526924100;LD1;1.554921387088e-05
531604235;LD1;2.20622834809479e-05
531604262;LD1;3.9008649371395e-07
531604298;LD1;4.14112940531927e-05
531604306;LD1;5.79375228462933e-05
531604325;LD1;4.56513543813499e-07
531604334;LD1;6.79579835145005e-08
531604352;LD1;1.37112312065719e-05
531604448;LD1;1.50958828431052e-07
531604452;LD1;2.85213802349555e-07
531604457;LD1;0.000142156624733058
531604469;LD1;0.000168173565130548
531604475;LD1;2.7937392396647e-05
532846551;LD1;3.64027557776845e-06
532846584;LD1;0.000416312903136913
532846614;LD1;4.56040584559348e-05
532846623;LD1;3.66384285908337e-05
532846653;LD1;0.000156627409677792
532846668;LD1;8.76039380204413e-05
532846764;LD1;0.000119190015698294
532846773;LD1;2.25010278369532e-05
532846786;LD1;3.94521794173795e-06
532846791;LD1;0.000101232555444362
532846851;LD1;9.31249736202973e-06
535291571;LD1;5.8546079827589e-05
535291604;LD1;6.36629039989567e-05
535291634;LD1;4.06013558558315e-06
535291643;LD1;3.76640852267899e-05
535291673;LD1;2.39246331975162e-05
535291688;LD1;9.9762336567298e-05
535291784;LD1;1.17683150452498e-06
535291793;LD1;4.31857420101079e-05
535291806;LD1;0.000574393462536073
535291811;LD1;2.03857468516868e-05
535291871;LD1;2.53867846342239e-05
536089376;LD1;0.000203037359874951
536089406;LD1;4.50831331440202e-05
536089445;LD1;1.65196894860394e-09
536089460;LD1;4.79085834747934e-05
536089565;LD1;3.04494551376136e-06
536089577;LD1;0.00010515355685179
536089583;LD1;0.000648812189939083
536089643;LD1;1.43455986515392e-05
536289367;LD1;0.00147586153885867
536289373;LD1;0.000978238095708858
536289394;LD1;5.77011953048069e-05
536289490;LD1;3.63841947647191e-05
536289508;LD1;0.00071119049790433
536289517;LD1;7.42372273510741e-05
536289536;LD1;0.000139935008984923
536289544;LD1;5.43713726999726e-05
536289574;LD1;3.18675487690829e-05
536289580;LD1;1.5598723814155e-06
536289607;LD1;2.55215256496675e-06
539364956;LD1;1.19809256825471e-06
539365016;LD1;0.000136494898024273
539365021;LD1;6.90657635169394e-05
539365034;LD1;5.04748570676274e-05
539365043;LD1;2.58786051380619e-05
539365139;LD1;9.12589068775905e-06
539365154;LD1;1.31339933454791e-05
539365184;LD1;8.57328180119504e-05
539365193;LD1;3.28260120713696e-05
539365223;LD1;0.000160494069585347
539365256;LD1;2.81174873656136e-05
540445999;LD1;1.09367984992258e-05
540446032;LD1;5.56594728788804e-05
540446062;LD1;6.01406370561104e-07
540446071;LD1;8.83723383159177e-05
540446101;LD1;4.00832187361204e-05
540446116;LD1;5.57143208097902e-05
540446212;LD1;2.74750457944049e-06
540446221;LD1;3.14864836363877e-07
540446234;LD1;0.000106504144026618
540446239;LD1;0.000229573391143215
540446299;LD1;2.27104155619032e-05
541855526;LD1;3.79089527278634e-07
541855531;LD1;1.21760946365326e-07
541855544;LD1;0.000130371691233031
541855553;LD1;3.273822612237e-06
541855559;LD1;8.69388428581198e-05
541855649;LD1;7.12954775522509e-06
541855664;LD1;1.75188510041026e-05
541855694;LD1;6.23351198394784e-06
541855703;LD1;1.84532119546346e-06
541855733;LD1;4.31001550010325e-07
541855766;LD1;2.82015298587113e-08
545261496;LD1;0.000197385387112049
545261508;LD1;0.000422161899151576
545261517;LD1;6.08990846167086e-05
545261631;LD1;1.66039303859285e-05
545261640;LD1;1.54261982217193e-05
545261659;LD1;0.000710371792800832
545261667;LD1;1.11140694067995e-05
545261697;LD1;2.13599352696427e-06
545261703;LD1;1.77075616284365e-05
545261730;LD1;2.64801058517992e-05
545312852;LD1;3.18576479205894e-07
545312882;LD1;3.99257873121174e-06
545312936;LD1;5.09577437705174e-06
545313032;LD1;1.24852931682311e-09
545313041;LD1;2.01189642540343e-06
545313053;LD1;1.80183510084052e-08
545313059;LD1;9.32512051962861e-05
545313119;LD1;1.97021681840532e-05
547926564;LD1;8.13255197683054e-05
547926566;LD1;2.88984694118759e-05
547926624;LD1;0.000598848170256703
547926626;LD1;0.000117928447123377
547926629;LD1;8.88018920158165e-05
547926632;LD1;6.38261700020856e-05
547926651;LD1;2.3671326692426e-05
547926653;LD1;0.000298703953369893
547926657;LD1;0.000352148012724553
547926659;LD1;0.000301262606711676
547926747;LD1;0.00212721549203779
547926762;LD1;4.1514031436983e-05
547926792;LD1;0.000370334732976654
547926801;LD1;0.000141646581727852
547926831;LD1;6.67741875446374e-06
547926833;LD1;0.000147945400036034
547926864;LD1;6.10282534211667e-06
548144971;LD1;7.1062889370816e-06
548145004;LD1;9.1964778491633e-06
548145034;LD1;2.37360619126737e-05
548145043;LD1;6.31995787526391e-06
548145073;LD1;4.05431270152931e-06
548145088;LD1;1.97103165910034e-08
548145184;LD1;3.35093861059839e-05
548145193;LD1;7.79438075586523e-07
548145206;LD1;1.61354075624969e-05
548145211;LD1;0.00017576727872621
548145271;LD1;5.61747588973315e-05
558903875;LD1;2.45493533637337e-06
558903908;LD1;2.85202282603379e-07
558903938;LD1;1.08029981119587e-05
558903947;LD1;3.68040363490349e-05
558903977;LD1;0.000113765080042249
558903992;LD1;4.2083104644614e-05
558904088;LD1;4.13273839041321e-05
558904097;LD1;4.47780438098467e-05
558904110;LD1;1.34769626347611e-08
558904115;LD1;3.19027630855272e-05
558904175;LD1;1.32556352811836e-05
561871347;LD1;0.000195456934819986
561871407;LD1;0.000212467995611482
561871412;LD1;0.000239775219436088
561871425;LD1;1.86177820495441e-05
561871530;LD1;1.24037489383459e-05
561871545;LD1;0.000170927244217049
561871575;LD1;2.98672649822348e-05
561871584;LD1;1.4060316578709e-05
561871614;LD1;0.000102733667206771
561871647;LD1;4.41959590129778e-05
564275103;LD1;4.91368819676679e-05
564275109;LD1;5.41328602105379e-06
564275121;LD1;5.40064439399184e-07
564275130;LD1;6.71953682830908e-05
564275226;LD1;1.08216785151347e-05
564275310;LD1;5.46885963683796e-07
564791071;LD1;4.47592630414963e-08
564791104;LD1;4.99216350552579e-05
564791134;LD1;0.000183110171491473
564791143;LD1;0.000103865458104015
564791188;LD1;0.000605424334804155
564791278;LD1;0.000181764062501913
564791284;LD1;9.88908833454788e-06
564791293;LD1;0.000110381863055969
564791306;LD1;0.000119699623685638
564791311;LD1;0.00147444979323164
564791371;LD1;7.16020188345526e-05
565514649;LD1;9.38897361796371e-05
565514682;LD1;9.2550600583224e-05
565514712;LD1;1.69517829551654e-05
565514721;LD1;3.38737623025209e-05
565514751;LD1;0.00015696962590714
565514766;LD1;3.03739693713891e-05
565514871;LD1;7.04696963485606e-05
565514884;LD1;0.000164630360403035
565514949;LD1;4.36182949153896e-05
573947785;LD1;0.000113436419879119
573947818;LD1;5.79760649446372e-05
573947848;LD1;8.38907434835843e-08
573947857;LD1;1.60874614553312e-06
573947887;LD1;0.000105028078173341
573947998;LD1;6.056832537592e-05
573948007;LD1;3.53638698708429e-07
582999253;LD1;3.21123266874899e-05
582999284;LD1;1.5891876566283e-05
582999286;LD1;3.03584098928904e-06
582999316;LD1;0.00011588021881721
582999325;LD1;8.0998216196149e-05
582999355;LD1;0.000101508246399348
582999368;LD1;3.05186784588174e-06
582999370;LD1;1.03823307019827e-05
582999461;LD1;8.15747636928263e-05
582999464;LD1;4.0601683547964e-06
582999466;LD1;7.35108770962732e-06
582999473;LD1;3.74275049341708e-06
582999475;LD1;3.32312489135686e-10
582999485;LD1;6.24730103526439e-05
582999488;LD1;9.5172378078152e-05
582999491;LD1;1.90463162301886e-05
582999493;LD1;0.000108408302956837
582999551;LD1;8.92036174284303e-05
582999553;LD1;3.38458299301751e-05
583996508;LD1;1.72233849670769e-05
583996541;LD1;4.94874810670373e-05
583996571;LD1;7.15343459625152e-06
583996580;LD1;0.000139586810919092
583996610;LD1;5.80224544335386e-05
583996625;LD1;1.90686430170238e-05
583996721;LD1;8.12522532671894e-05
583996730;LD1;1.95064569849583e-05
583996743;LD1;2.78984471910696e-05
583996748;LD1;0.000108983683720998
583996808;LD1;0.000223838161415584
8525538;LD1;0.00011766607507861
8525562;LD1;0.000135875757478181
8525583;LD1;0.000131422515228319
8525831;LD1;7.6613839232836e-05
8525861;LD1;0.000190239344720308
8525865;LD1;0.00031804623225936
8525876;LD1;0.000464003409240933
8525911;LD1;0.000253046567934636
10947305;LD1;2.44500930821468e-06
10947365;LD1;0.00017006427087934
10947370;LD1;4.5362833809455e-05
10947392;LD1;0.000104759590927768
10947533;LD1;3.49053769213806e-05
10947542;LD1;3.1214137275741e-06
10947605;LD1;6.31472443261888e-06
29906905;LD1;0.000187642780796337
29906968;LD1;0.000254553172617883
29906977;LD1;0.00013472513687643
29907007;LD1;5.78761741590261e-07
29907022;LD1;0.000121006196919669
29907127;LD1;0.000212139823167997
29907140;LD1;2.75625539423013e-05
29907205;LD1;0.000174042797829541
36423414;LD1;0.000471777101386843
36423480;LD1;8.71809381820425e-06
36423597;LD1;5.10179081221972e-05
36423642;LD1;8.9546547634043e-06
36423651;LD1;0.000282196426539171
36423681;LD1;2.02270654062032e-05
53791043;LD1;0.000345275796043832
53791103;LD1;7.01801917191294e-08
53791108;LD1;0.000210033196517685
53791121;LD1;2.15885548651232e-05
53791226;LD1;4.02053247906401e-06
53791280;LD1;1.0380622663421e-07
53791310;LD1;2.81933934210493e-05
53791343;LD1;1.993443397149e-05
59898541;LD1;1.97571781001881e-07
59898574;LD1;2.91488184432474e-05
59898604;LD1;3.06853371986107e-05
59898613;LD1;2.52521244404999e-06
59898643;LD1;4.18081674941055e-05
59898658;LD1;2.23585435636909e-05
59898754;LD1;2.09773311071265e-05
59898763;LD1;2.63448625650706e-05
59898776;LD1;3.99739674592005e-06
59898781;LD1;0.000118372755760571
59898841;LD1;6.3604418835577e-06
67421268;LD1;3.15846042262663e-05
67421331;LD1;3.32829491521499e-05
67421370;LD1;0.000431608402224715
67421385;LD1;2.14723122658878e-07
67421481;LD1;9.9010525018955e-06
67421490;LD1;5.58184398263677e-05
67421503;LD1;4.04879632704119e-05
67421508;LD1;0.000237532998639844
67421568;LD1;0.000126283983247662
71668586;LD1;0.000166401415423055
71668619;LD1;2.45028731478444e-05
71668649;LD1;1.23863045967698e-05
71668658;LD1;3.32218589554745e-05
71668688;LD1;0.000274416947520292
71668703;LD1;1.59386110423042e-05
71668799;LD1;2.17122826089485e-05
71668808;LD1;4.33536013591839e-05
71668821;LD1;0.000227844674011045
71668826;LD1;0.000299899771442648
71668886;LD1;1.19156801208146e-05
71748915;LD1;5.24250382236699e-06
71748948;LD1;1.90128954126599e-06
71748978;LD1;1.01215869836588e-05
71748987;LD1;0.000371265502490305
71749017;LD1;3.61037891425134e-05
71749032;LD1;3.18197732866315e-05
71749140;LD1;0.000464556091127894
71749153;LD1;0.000227221265909287
71749158;LD1;4.6327449633482e-06
82314749;LD1;5.19453887541999e-06
82314782;LD1;2.35339008605012e-05
82314812;LD1;4.9700523320486e-06
82314821;LD1;0.000351032305810841
82314851;LD1;6.89152627460101e-06
82314866;LD1;4.9984147286108e-05
82314971;LD1;1.97612339979497e-05
82314984;LD1;1.50208815619364e-05
82315049;LD1;1.48430110598852e-05
102149561;LD1;2.50176993475593e-05
102149626;LD1;2.47643360528816e-06
102149648;LD1;4.59901265422073e-05
102149744;LD1;1.40945557735653e-05
102149759;LD1;1.4301270953801e-05
102149789;LD1;0.000175228332052349
102149798;LD1;6.38571882872475e-06
102149828;LD1;4.50006680630464e-05
102149861;LD1;2.24803195111269e-05
108206345;LD1;5.80309786625907e-05
108206405;LD1;7.32106483822708e-06
108206410;LD1;6.00575290441346e-07
108206423;LD1;9.95457390316594e-05
108206432;LD1;0.000120233172188355
108206528;LD1;2.01510882913744e-05
108206543;LD1;6.79320571345725e-06
108206573;LD1;5.78217263741722e-05
108206582;LD1;7.75749583106971e-05
108206612;LD1;2.76076455766212e-06
110691006;LD1;1.8668297389101e-05
110691036;LD1;8.77191964464477e-06
110691090;LD1;1.92371545433522e-05
110691195;LD1;2.53548084146352e-06
110691207;LD1;3.37626637650241e-05
110691213;LD1;0.000140773065547675
110691273;LD1;3.33169901268126e-06
126757361;LD1;3.26172257359679e-05
126757421;LD1;6.77399130612708e-05
126757426;LD1;2.98790316668547e-05
126757544;LD1;5.27634633189981e-05
126757559;LD1;2.26538045124336e-05
126757589;LD1;6.95407963810922e-06
126757598;LD1;1.88077860535886e-06
126757628;LD1;7.11493309057029e-05
126757661;LD1;5.50396761965065e-05
144320127;LD1;0.000181105221484241
144320250;LD1;8.03172424419937e-05
144320304;LD1;3.47756038163679e-06
161456066;LD1;0.000344820661883618
161456078;LD1;3.77963407693043e-05
161456083;LD1;4.05946422866792e-05
161456087;LD1;2.73658412569152e-06
161456183;LD1;1.50433796414698e-05
161456201;LD1;9.75281309774172e-06
161456210;LD1;2.94483474891476e-06
161456229;LD1;6.48578100932808e-07
161456237;LD1;1.23091320073482e-05
161456267;LD1;4.7545859564055e-05
161456273;LD1;2.72290026452864e-05
161456300;LD1;2.19591106472544e-05
225059109;LD1;0.000196026138931623
225059142;LD1;4.27720339841896e-06
225059172;LD1;8.08185983872497e-08
225059181;LD1;0.000229735236560824
225059211;LD1;5.79337241659783e-05
225059226;LD1;7.53855742946081e-05
225059321;LD1;1.60293130199733e-05
225059330;LD1;2.03415661295485e-05
225059343;LD1;4.59255736358161e-05
225059348;LD1;9.87846537843927e-05
225059408;LD1;7.86873582110904e-06
295043953;LD1;9.767632377426e-07
295044013;LD1;1.6836139484621e-06
295044018;LD1;0.000142134667981586
295044031;LD1;0.000120448320710891
295044136;LD1;0.0001846694578267
295044151;LD1;8.34102099870976e-05
295044181;LD1;9.39424443262098e-06
295044190;LD1;0.000482951155752475
295044220;LD1;1.10897488035001e-06
295044253;LD1;3.44625206332873e-06
314693332;LD1;5.64025492101716e-07
314693362;LD1;2.22957361529712e-06
314693401;LD1;1.10953584001439e-06
314693416;LD1;9.66833969023634e-06
314693521;LD1;4.18883442693278e-06
314693533;LD1;7.91113769636947e-06
385491369;LD1;0.000167474932814716
385491429;LD1;0.000312260588696449
385491435;LD1;1.41427242709749e-05
385491447;LD1;4.5305664025332e-06
385491456;LD1;8.60913681705823e-06
385491552;LD1;3.37259689908315e-05
385491606;LD1;2.52565301128952e-05
385491636;LD1;5.99138583954904e-05
396969946;LD1;4.14530848071147e-05
396969979;LD1;0.000270582369158044
396970009;LD1;8.97315334262981e-06
396970018;LD1;8.03618223704843e-05
396970048;LD1;8.10238678584582e-05
396970063;LD1;8.22470298614756e-06
396970159;LD1;9.04427095917423e-05
396970168;LD1;0.000147714019357369
396970181;LD1;8.74514363796415e-06
396970186;LD1;2.63767845299217e-05
396970246;LD1;1.88761563981594e-06
398255618;LD1;1.56591795330357e-06
398255678;LD1;0.000204202220993801
398255801;LD1;9.60350042716234e-05
398255816;LD1;5.37830501946456e-05
398255846;LD1;0.000107078329686625
398255855;LD1;2.99986128438239e-05
398255885;LD1;7.22320289528168e-06
398255918;LD1;2.31553122704731e-05
399195804;LD1;1.66885932042765e-05
399195837;LD1;2.47128626253082e-05
399195867;LD1;3.99989329441084e-07
399195876;LD1;3.18730370452573e-05
399195906;LD1;1.32399053936754e-10
399196017;LD1;1.29809482629332e-05
399196026;LD1;3.60682340859679e-05
399196039;LD1;3.97100503456283e-05
399196044;LD1;0.00019356148054787
399196104;LD1;5.94416371444312e-06
399838826;LD1;1.74517703404292e-06
399838859;LD1;0.000158317967007975
399838889;LD1;2.75981585797535e-05
399838898;LD1;0.000194578427697613
399838928;LD1;4.33778319729797e-06
399839039;LD1;0.000215306340852747
399839048;LD1;1.65898891913698e-05
399839061;LD1;1.59001928145378e-06
399839066;LD1;0.000172028609085705
412990389;LD1;0.000227276266380641
412990449;LD1;0.00245037856773723
412990454;LD1;2.34972079420545e-06
412990467;LD1;3.42996802981139e-05
412990476;LD1;5.88707312941141e-05
412990572;LD1;7.57743596984936e-05
412990587;LD1;0.000759305087925416
412990617;LD1;0.00059962952076958
412990626;LD1;3.96449766347516e-05
412990656;LD1;0.00084457736287682
412990689;LD1;0.000104012788279921
421100118;LD1;0.000173651354354923
421100183;LD1;5.15310639802127e-05
421100318;LD1;3.82476287526154e-05
425191845;LD1;0.000157113415176675
425191857;LD1;1.43537632957932e-05
425191862;LD1;3.55063942984291e-08
425191866;LD1;2.27813074486607e-05
425191960;LD1;1.20566254700574e-06
425191978;LD1;5.4758748845586e-06
425191987;LD1;2.29911208213384e-06
425192006;LD1;2.14032887611717e-06
425192014;LD1;2.25352517407135e-05
425192044;LD1;5.45455563814921e-05
425192050;LD1;5.40394716166368e-06
425192077;LD1;8.89172764823006e-07
425712015;LD1;0.000364936813481544
425712075;LD1;6.73415286945056e-06
430615199;LD1;3.19106939119893e-05
430615260;LD1;1.64799677611538e-05
430615262;LD1;1.42897473007111e-06
430615271;LD1;2.54052740560052e-05
430615301;LD1;7.41891263700687e-07
430615314;LD1;2.04385569043677e-05
430615316;LD1;8.01149629602599e-05
430615412;LD1;0.000211139263986878
430615421;LD1;6.35956083040432e-05
430615431;LD1;7.9108165893282e-05
430615434;LD1;0.000195030793691967
430615437;LD1;0.000163194387362201
430615439;LD1;0.00016546332047675
430615497;LD1;4.86233332974626e-06
430615499;LD1;5.15500411838783e-05
431545071;LD1;0.000176618884678588
431545125;LD1;2.78059517483772e-05
431545230;LD1;4.03944361096968e-05
431545242;LD1;2.24592122977897e-07
431545248;LD1;2.16412847177803e-07
431545308;LD1;1.93381038599458e-05
440925368;LD1;0.000525330756947689
440925380;LD1;0.000213484563556818
440925389;LD1;3.38943323461457e-06
440925485;LD1;8.84986530285975e-05
440925495;LD1;9.59597594865093e-06
440925503;LD1;2.16431728249833e-05
440925539;LD1;7.00366527446541e-05
440925569;LD1;1.89769727741312e-05
466431082;LD1;6.08034704354364e-06
466431088;LD1;2.76238056373881e-05
466431105;LD1;9.92492908088323e-05
466431109;LD1;4.2425330960713e-05
466431205;LD1;6.19672993731319e-06
466431223;LD1;1.29599188868728e-05
466431232;LD1;4.23158630352498e-05
466431251;LD1;3.43307700769879e-09
466431259;LD1;4.76030676780627e-06
466431289;LD1;1.33638111924717e-05
466431295;LD1;6.78658253658462e-05
466431322;LD1;4.07820970337406e-05
475738991;LD1;4.49938264195253e-06
475739051;LD1;0.00020808894742144
475739056;LD1;4.69395259779808e-05
475739069;LD1;1.26851967935929e-05
475739174;LD1;1.92825890103708e-05
475739189;LD1;2.19497812841186e-10
475739219;LD1;3.02706926995053e-06
475739228;LD1;1.35554517874744e-06
475739258;LD1;0.000239826350637512
491806533;LD1;1.89685572165707e-06
491806566;LD1;8.29307214444131e-05
491806596;LD1;3.26105488525266e-06
491806605;LD1;2.51452718553563e-07
491806635;LD1;7.0328191938571e-05
491806650;LD1;5.50586091884094e-05
491806740;LD1;4.17972390462557e-06
491806749;LD1;3.14183275629538e-05
491806762;LD1;0.000190179664089377
491806767;LD1;9.31800163112797e-05
491806827;LD1;1.23137556031083e-05
492316627;LD1;5.70194791729561e-05
492316660;LD1;0.00153209030238947
492316690;LD1;4.26468442598364e-05
492316699;LD1;5.20040366210369e-06
492316729;LD1;1.1830970954428e-05
492316849;LD1;8.73708261989484e-05
492316861;LD1;0.000818575947730308
492316927;LD1;2.40185253546069e-05
498941252;LD1;8.91872538440103e-05
498941285;LD1;2.95978793033978e-05
498941315;LD1;5.50323478011704e-06
498941354;LD1;5.64002445295536e-06
498941465;LD1;3.66122516614876e-06
498941487;LD1;0.000124132385083228
498941552;LD1;4.83214507993133e-05
510729807;LD1;8.54087331276772e-06
510729867;LD1;0.000217934162783064
510729872;LD1;0.000177959897896017
510729885;LD1;7.33483373396584e-05
510729894;LD1;2.11414626370664e-05
510729990;LD1;3.19717709830877e-05
510730005;LD1;2.16029670322653e-07
510730035;LD1;0.000260474240253874
510730044;LD1;2.18157567244848e-06
510730074;LD1;6.40669713663287e-05
510730107;LD1;2.13503119251434e-05
513270290;LD1;0.000779417150392786
513270353;LD1;7.81273812073593e-06
513270362;LD1;7.33244412568059e-05
513270392;LD1;0.000594651865368239
513270407;LD1;0.00014374628430283
513270512;LD1;0.000255209484057853
513270525;LD1;7.97389252505143e-05
513270530;LD1;0.000824432233764083
513270590;LD1;2.51034450634337e-05
526525219;LD1;0.000250969517203423
526525285;LD1;1.98688123679091e-05
526525402;LD1;3.99612288160086e-05
526525456;LD1;0.000303604327770861
526525486;LD1;7.12067456216346e-05
298207;LD2;1.63459782773363e-06
298272;LD2;0.00011857251707204
298284;LD2;5.41215602636187e-05
298389;LD2;6.47944151938218e-06
298404;LD2;8.19546524743971e-08
298443;LD2;8.52872713327304e-06
298473;LD2;1.02398763390476e-05
219259;LD2;1.327170802173e-06
219292;LD2;1.56272083735028e-05
219322;LD2;3.94884749589716e-05
219331;LD2;0.000517386216694812
219361;LD2;7.67602146785341e-06
219376;LD2;5.23521667794184e-06
83035;LD2;5.26505497721276e-06
83041;LD2;3.84807104474366e-09
83065;LD2;3.68290497370409e-06
83068;LD2;3.9407377105527e-07
83077;LD2;7.15388788962125e-08
83248;LD2;2.54172477929283e-08
16379;LD2;2.22486462775796e-07
16471;LD2;8.88442986072061e-08
16473;LD2;1.63738788985589e-05
16504;LD2;1.65200057887713e-05
60123;LD2;1.51167307083428e-05
60129;LD2;2.40163153820021e-06
60153;LD2;8.3289114162841e-06
60156;LD2;8.07467059899898e-07
60165;LD2;5.78910544357518e-07
60337;LD2;6.22644587255784e-07
27553;LD2;1.04094649580124e-07
89843;LD2;2.02193208240995e-07
90010;LD2;8.09673332006521e-07
90088;LD2;1.17178553696266e-07
28474;LD2;1.10998629829503e-08
28570;LD2;2.45496528335915e-06
28601;LD2;3.50136420597963e-09
28637;LD2;4.92967781088494e-08
28659;LD2;4.58544386105854e-09
77650;LD2;1.21938590322134e-06
77677;LD2;2.44044066716774e-06
77682;LD2;1.12966075474917e-06
77686;LD2;1.57720668478537e-06
77770;LD2;2.20911025503609e-08
77858;LD2;1.97435017944654e-06
20717;LD2;2.18819499843996e-06
20777;LD2;1.46146129604857e-05
20782;LD2;8.45347548173745e-05
20795;LD2;5.18580214524879e-06
20804;LD2;6.21117619070954e-06
20900;LD2;1.12200242889292e-06
20954;LD2;2.92964404297802e-05
20984;LD2;1.75235509322235e-05
21017;LD2;7.8101215845634e-05
38350;LD2;1.18166730381574e-06
38356;LD2;8.97064756899959e-09
38381;LD2;1.87414854603284e-07
38384;LD2;1.07488297844961e-08
38393;LD2;4.39501152640406e-09
38565;LD2;6.28639580917854e-11
10802;LD2;1.42840430622315e-05
10829;LD2;2.4825255082409e-05
10834;LD2;8.65722017267881e-07
10838;LD2;1.83471509436702e-05
10922;LD2;2.54252963476546e-09
11010;LD2;3.03094366873829e-05
46282;LD2;4.15070805894597e-08
46377;LD2;4.29653445651832e-08
46409;LD2;4.02360922718121e-07
46445;LD2;9.24759501739196e-09
46467;LD2;2.47984609556681e-08
42960;LD2;3.78702291218914e-07
43038;LD2;8.21066681557218e-06
43207;LD2;1.07884594503553e-07
11876;LD2;6.94972511604197e-08
12042;LD2;6.46019264859589e-06
4983;LD2;6.22718354027324e-07
5014;LD2;1.0695000606157e-07
5109;LD2;2.8359309742946e-07
1426;LD2;4.72063568966016e-07
1437;LD2;2.00153212508353e-09
1443;LD2;2.04717190052507e-06
1471;LD2;6.54418430722719e-06
1503;LD2;1.36317648121926e-06
25651;LD2;2.39026298519949e-07
25745;LD2;1.43414844367627e-06
25776;LD2;4.98877910285308e-07
25812;LD2;4.6446964196775e-08
25834;LD2;1.50387283560324e-09
320;LD2;8.73623190020811e-07
326;LD2;2.9448728283692e-08
349;LD2;1.67597595568457e-07
352;LD2;9.0151219895607e-08
361;LD2;1.1855345672317e-09
533;LD2;1.21874110412794e-07
1327;LD2;8.92226971410018e-08
1349;LD2;3.34380648258114e-08
1385;LD2;1.77108084185222e-07
1416;LD2;9.67024617164715e-08
1512;LD2;1.20983659529833e-09
2405;LD2;2.53700668056599e-07
2457;LD2;1.31798772481923e-06
2468;LD2;3.33453717842395e-07
1473936;LD2;2.27126971064455e-06
1473996;LD2;3.81977993946528e-05
1474001;LD2;1.01443699373482e-05
1474014;LD2;1.36888908996106e-06
1474119;LD2;4.93240969788021e-07
1474134;LD2;8.75127845747758e-05
1474164;LD2;8.18309717596134e-05
1474173;LD2;2.06679398328399e-05
1474203;LD2;1.49107041509086e-05
1474236;LD2;4.8165702353786e-05
1601943;LD2;1.06179009380491e-05
1602003;LD2;1.38954168153202e-05
1602008;LD2;1.74672331245722e-06
1602021;LD2;6.35443895404502e-07
1602030;LD2;1.42777423738827e-05
1602126;LD2;1.01710361529382e-05
1602141;LD2;9.97804699804913e-07
1602171;LD2;4.270038289648e-05
1602180;LD2;8.97055633643925e-05
1602210;LD2;0.000185054168437943
1602243;LD2;0.000115744757327607
2536456;LD2;7.04820696407563e-05
2536516;LD2;4.38125099182499e-05
2536521;LD2;7.54022100399675e-05
2536534;LD2;1.57473283507263e-06
2536543;LD2;3.27837849374445e-05
2536639;LD2;1.47907399994445e-05
2536654;LD2;1.58953113813005e-06
2536684;LD2;4.9612974507862e-05
2536693;LD2;2.82285836859993e-06
2536723;LD2;1.55290168166644e-06
2536756;LD2;1.61602242832795e-05
7492117;LD2;4.78707141958629e-05
7492120;LD2;2.98343105734215e-06
7492134;LD2;1.06005515563023e-08
7492173;LD2;3.73168525146681e-05
7492200;LD2;1.63608916203631e-05
7492202;LD2;5.76055821204591e-07
7492815;LD2;5.75217562598149e-07
7492817;LD2;1.43429670973724e-06
7492831;LD2;2.65232788709618e-10
7492833;LD2;4.99721240481182e-06
7492850;LD2;1.19157380868911e-05
7492852;LD2;8.40354085807085e-08
7492882;LD2;1.9968721898032e-05
7492884;LD2;4.3967518762525e-06
7492897;LD2;1.11695389189596e-07
7492899;LD2;1.982673505498e-05
7495248;LD2;8.38556825764332e-06
7496159;LD2;1.85256963078367e-05
7496187;LD2;3.76114474388109e-05
7496210;LD2;8.07716928222285e-05
7496238;LD2;3.792255774994e-05
14737661;LD2;0.000102462622840037
14737694;LD2;0.000595184447626487
14737724;LD2;4.60270173726091e-05
14737733;LD2;0.00104223282584666
14737763;LD2;1.8126609989883e-05
14737778;LD2;6.0112368398115e-05
14737869;LD2;3.87186219630936e-06
14737874;LD2;0.00065126623266775
14737896;LD2;0.00031581831154486
14737901;LD2;4.94799893463694e-06
17898513;LD2;1.20924430668336e-05
17898576;LD2;9.97483768731972e-07
17898585;LD2;0.000147245695922473
17898615;LD2;9.8433963094785e-05
17898630;LD2;5.15903455724195e-06
17898726;LD2;2.39361099276132e-06
17898735;LD2;1.31398242848409e-06
17898748;LD2;2.9693910250799e-06
17898753;LD2;7.73563949421459e-06
17898813;LD2;7.80679180207157e-07
17969785;LD2;4.82648527101941e-07
17969848;LD2;8.74495284884386e-06
17969857;LD2;8.28703711030061e-07
17969887;LD2;4.24084393274056e-06
17969902;LD2;3.1136877308347e-06
17969998;LD2;1.66574309784592e-05
17970007;LD2;1.55139200151915e-05
17970020;LD2;1.03114974367021e-05
17970025;LD2;1.7475393809996e-05
17970085;LD2;1.98257511609443e-05
20741307;LD2;4.56862774305656e-05
20741340;LD2;7.9288275552893e-08
20741370;LD2;0.000222748415271798
20741379;LD2;0.000287666933850777
20741409;LD2;0.000324413701487608
20741424;LD2;7.06158604951016e-09
20741520;LD2;6.51771146610027e-06
20741529;LD2;3.55487369374801e-05
20741542;LD2;0.000166087375823442
20741547;LD2;5.29727354964864e-05
20741607;LD2;2.284247208914e-05
23451398;LD2;4.75797467004635e-06
23451431;LD2;2.88978938558365e-06
23451461;LD2;6.6082742089568e-06
23451470;LD2;1.4403883558849e-06
23451500;LD2;1.32811165209592e-05
23451611;LD2;1.19008965400696e-05
23451620;LD2;1.47525621674186e-05
23451633;LD2;1.97807874601315e-05
23451638;LD2;4.91760192710145e-05
23451698;LD2;8.43602557564912e-07
26414257;LD2;1.762311065793e-06
26414288;LD2;5.54551656705064e-05
26414290;LD2;1.98412256905134e-06
26414320;LD2;5.86193859892498e-05
26414329;LD2;2.56447347786492e-06
26414359;LD2;1.82884061904573e-07
26414372;LD2;7.42039423578311e-05
26414374;LD2;1.87084556847403e-05
26414468;LD2;9.51284928306327e-05
26414470;LD2;1.8213390436319e-07
26414477;LD2;1.37950973248599e-05
26414479;LD2;3.25902369510738e-06
26414489;LD2;6.72443112428956e-05
26414492;LD2;4.97438731891573e-06
26414495;LD2;4.59905650407376e-05
26414497;LD2;7.58709963885365e-06
26414555;LD2;4.773100721375e-06
26414557;LD2;2.01415500164834e-05
28559088;LD2;4.0271659123295e-07
28559148;LD2;2.34991607336351e-08
28559154;LD2;2.9999552340193e-06
28559166;LD2;1.37068809526029e-05
28559175;LD2;8.5638691135535e-05
28559271;LD2;7.68892801339272e-05
28559355;LD2;7.08485107212633e-06
31862384;LD2;1.92092237877539e-06
31862417;LD2;2.78355115208641e-05
31862447;LD2;6.79899670985594e-06
31862456;LD2;2.4094059781684e-05
31862486;LD2;3.04280941488713e-05
31862501;LD2;2.23079573389503e-06
31862597;LD2;2.5501989296102e-05
31862606;LD2;1.42894309635868e-05
31862619;LD2;3.0617995287949e-05
31862624;LD2;3.28987698292209e-05
31862684;LD2;2.40885933581785e-05
32570284;LD2;1.14054804664232e-05
32570344;LD2;3.80243486500224e-06
32570349;LD2;0.000220189802494427
32570371;LD2;8.6085436980737e-06
32570467;LD2;0.000209958633926948
32570482;LD2;0.000536602127321048
32570512;LD2;2.51834667125302e-07
32570521;LD2;8.99726944169774e-06
32570551;LD2;2.36984469168611e-05
32570584;LD2;0.000174162683664143
32646538;LD2;2.38343976331633e-05
32646598;LD2;9.69949041125232e-06
32646603;LD2;0.000172325816132284
32646616;LD2;5.11842802007388e-05
32646766;LD2;2.2288025019953e-05
32646775;LD2;9.82653705244419e-05
32646805;LD2;2.215709528779e-06
32646838;LD2;5.55002559596322e-05
32681219;LD2;1.68769493238349e-06
32681279;LD2;7.90061451542647e-07
32681284;LD2;0.000256891978873913
32681297;LD2;1.95264656649161e-05
32681417;LD2;0.000176064171856498
32681447;LD2;1.97599800484776e-05
32681456;LD2;2.50252638331289e-06
32681486;LD2;0.000108045686830353
32681519;LD2;9.14981519240995e-06
33321021;LD2;3.30780322184077e-05
33321054;LD2;8.10473415607628e-05
33321084;LD2;2.81068878820013e-05
33321093;LD2;0.000194628905204916
33321123;LD2;1.68558570990823e-06
33321138;LD2;0.000122370736629156
33321234;LD2;3.92728911132653e-05
33321243;LD2;1.89353616622502e-05
33321256;LD2;2.92694671033448e-06
33321261;LD2;4.64072613019353e-06
33321321;LD2;4.29028233463636e-05
34056025;LD2;0.000216354589940361
34056109;LD2;0.000172880829489829
34056205;LD2;1.29452817229683e-05
34056214;LD2;7.20826277913633e-05
34056225;LD2;3.27553949214213e-05
34056231;LD2;0.000196840243223344
34056291;LD2;3.43864938012887e-05
44051112;LD2;3.19688152041745e-06
44051145;LD2;5.19590311885224e-05
44051175;LD2;1.56640520537317e-05
44051184;LD2;2.28396561610657e-05
44051214;LD2;6.50602247679455e-06
44051229;LD2;2.66079262277633e-05
44051325;LD2;2.24098003681912e-05
44051334;LD2;1.68429613854661e-05
44051347;LD2;2.18344046065383e-05
44051352;LD2;1.29167329831538e-05
44051412;LD2;4.58980284730961e-05
45200517;LD2;2.33643162343708e-06
45200577;LD2;5.22569112587368e-09
45200582;LD2;6.71935488709364e-06
45200604;LD2;1.68479918752476e-05
45200700;LD2;4.00425481063464e-09
45200715;LD2;2.41396695048171e-07
45200745;LD2;6.3924973067144e-06
45200754;LD2;1.12210491596856e-05
45200784;LD2;5.95084164443666e-06
45200817;LD2;1.11634726952735e-05
49145846;LD2;1.29989026759135e-05
49145906;LD2;4.65625694048041e-05
49145924;LD2;0.000173643164245675
49145933;LD2;8.6735688922133e-05
49146044;LD2;5.91033041850916e-06
49146074;LD2;8.11629418774654e-06
49146083;LD2;2.06935320842769e-06
49146113;LD2;1.82733947862217e-05
49146146;LD2;1.00045047046855e-05
55677930;LD2;0.000430219133651685
55677932;LD2;5.18946098808141e-05
55677990;LD2;0.000185858773335006
55677992;LD2;3.19782950939241e-05
55677995;LD2;4.29996259906414e-05
55677998;LD2;6.76790310988496e-05
55678008;LD2;3.58926523133567e-05
55678010;LD2;1.65308712151921e-06
55678017;LD2;3.65776691331357e-06
55678019;LD2;1.89625754878113e-05
55678023;LD2;4.89313883757176e-05
55678025;LD2;0.000300033268059292
55678113;LD2;3.08989900323218e-06
55678115;LD2;9.8063446154166e-06
55678128;LD2;0.000773972821201769
55678158;LD2;0.000163093056894488
55678167;LD2;7.02622537533282e-05
55678169;LD2;8.82195744029338e-06
55678197;LD2;5.79275866645907e-05
55678199;LD2;1.38579211180938e-05
55678230;LD2;0.00074888343425368
60978501;LD2;2.2000724373948e-06
60978561;LD2;3.10626313834429e-05
60978566;LD2;1.46855927543023e-06
60978579;LD2;3.40936057408761e-05
60978588;LD2;7.96380435531855e-07
60978594;LD2;4.17459570457469e-07
60978684;LD2;4.98003089011239e-05
60978699;LD2;2.71225082437679e-08
60978729;LD2;2.66683611068511e-05
60978738;LD2;3.00831608858523e-06
60978768;LD2;2.94476921967009e-05
60978801;LD2;0.000100333571623625
61868582;LD2;2.74834590339947e-07
61868666;LD2;7.54162788388603e-06
61868756;LD2;4.72559900150557e-07
61868762;LD2;1.00923472164912e-06
61868771;LD2;3.71316133827169e-06
61868783;LD2;5.54679302121177e-07
61868789;LD2;1.01483292942988e-06
61868849;LD2;4.5814503852263e-06
61887382;LD2;3.14373906225887e-05
61887415;LD2;5.86336106269513e-06
61887445;LD2;3.01465758776782e-07
61887454;LD2;6.57472164816048e-05
61887484;LD2;6.71130194822268e-05
61887499;LD2;9.45524447204894e-07
61887589;LD2;7.90893416392894e-05
61887595;LD2;1.37863368715899e-05
61887604;LD2;5.5854466563132e-08
61887617;LD2;1.42785528627467e-07
61887622;LD2;5.23859052722614e-06
61887682;LD2;3.03038616848403e-05
62469829;LD2;0.00103372570858527
62469889;LD2;1.13087778986256e-05
62469895;LD2;3.56220803415747e-08
62469907;LD2;4.03066409797459e-05
62470012;LD2;1.90034883790012e-07
62470027;LD2;4.78145246957837e-05
62470057;LD2;0.000152568526400433
62470066;LD2;0.00017330044814876
62470096;LD2;0.00071886841076373
62470129;LD2;2.8264881312173e-05
64241082;LD2;0.000236546890382479
64241142;LD2;0.000566350916110917
64241147;LD2;0.000556051219975528
64241160;LD2;0.000355142064191547
64241169;LD2;4.52667560184754e-05
64241265;LD2;0.00114047609383713
64241280;LD2;0.000101458680152014
64241310;LD2;0.00019027669081741
64241319;LD2;0.000358929621165114
64241349;LD2;2.0054099076562e-05
64241382;LD2;0.000171331235746667
67096555;LD2;0.000309622502186712
67096588;LD2;4.0510469351723e-06
67096618;LD2;4.13506645908385e-09
67096627;LD2;0.000111695765917483
67096657;LD2;0.00012164654860923
67096672;LD2;8.41598893193373e-05
67096777;LD2;3.16697044167149e-05
67096790;LD2;0.000277969925689187
67096795;LD2;9.0374212179567e-06
67096855;LD2;0.000507351240444986
67379989;LD2;7.2590233802946e-05
67380007;LD2;6.76379327568485e-06
67380112;LD2;3.45030246436426e-05
67380166;LD2;7.91485937727143e-06
67380196;LD2;0.00038406840059733
82904106;LD2;5.99976562048234e-06
82904166;LD2;9.31623741447784e-05
82904184;LD2;2.41472981214595e-05
82904193;LD2;6.15795281036081e-06
82904289;LD2;0.000196432471227777
82904343;LD2;5.13036239430364e-06
82904373;LD2;0.000118564367877074
86542669;LD2;1.2134488358533e-08
86542729;LD2;0.000120585209114798
86542734;LD2;6.10145399855793e-05
86542747;LD2;0.000333649789580957
86542756;LD2;4.63605860391063e-05
86542852;LD2;4.39458838734936e-06
86542867;LD2;0.000117666381707753
86542897;LD2;1.70042366984178e-05
86542906;LD2;1.69634218156628e-05
86542936;LD2;3.9711119371952e-05
86542969;LD2;4.94067037928717e-05
90968589;LD2;6.54725208247896e-05
90968622;LD2;2.21500279493874e-05
90968652;LD2;0.000133469882136823
90968661;LD2;0.0002579098802668
90968691;LD2;9.00240025020531e-05
90968706;LD2;1.92402367779479e-05
90968796;LD2;1.48013911612127e-05
90968802;LD2;0.000112775664243386
90968811;LD2;2.47849851816853e-05
90968824;LD2;9.91854984941748e-06
90968829;LD2;0.000210325424658294
90968889;LD2;3.20890102456854e-06
91198968;LD2;2.94476432073359e-07
91198980;LD2;9.46391841115333e-06
91199084;LD2;2.7135548855367e-05
91199138;LD2;1.43383310695183e-05
91199168;LD2;9.71482301253096e-05
105934845;LD2;9.42832496364403e-05
105934929;LD2;1.3951646229297e-07
105935025;LD2;8.24915549312044e-07
105935034;LD2;1.14412381648866e-06
105935046;LD2;1.68542010445275e-06
105935052;LD2;0.000204172144188378
105935112;LD2;4.83889742440074e-06
126337642;LD2;5.45990006441216e-05
126337707;LD2;0.000212479249546247
126337720;LD2;0.000127372020726301
126337729;LD2;1.10066284248913e-05
126337825;LD2;6.57096299424606e-07
126337840;LD2;6.91379763526115e-05
126337870;LD2;3.8567502028086e-05
126337879;LD2;0.000175960704557661
126337909;LD2;1.66540410332976e-06
126337942;LD2;4.82266099881557e-05
133892292;LD2;1.11832370508136e-05
133892352;LD2;0.000217890267482204
133892358;LD2;0.000219956924149108
133892370;LD2;1.14682128525089e-05
133892379;LD2;3.7673095482929e-06
133892475;LD2;8.1316518703313e-05
133892559;LD2;1.49966051879143e-05
142772872;LD2;0.000103256798648323
142772956;LD2;1.52878580762938e-05
142773052;LD2;5.41940332125574e-07
142773073;LD2;1.51675344614182e-06
142773079;LD2;7.02932477341201e-05
142773139;LD2;4.0409486864495e-07
153948322;LD2;4.37586396125453e-06
153948382;LD2;9.6146570180778e-06
153948387;LD2;9.85213089578635e-05
153948400;LD2;3.74322980036359e-07
153948409;LD2;1.72649555564649e-06
153948505;LD2;8.95374631085747e-05
153948520;LD2;7.33031434653764e-08
153948550;LD2;1.29656747600558e-06
153948559;LD2;7.1721363802477e-06
153948589;LD2;7.82551914994748e-06
153948622;LD2;1.51941865727785e-06
263022510;LD2;3.7282900535746e-05
263022570;LD2;0.000167075879757537
263022575;LD2;9.09310533660724e-05
263022588;LD2;0.000508371897784024
263022597;LD2;3.13690407012161e-05
263022693;LD2;1.18916514315643e-05
263022708;LD2;1.27376377603787e-08
263022738;LD2;1.53198074972553e-05
263022747;LD2;9.24434624092758e-06
263022810;LD2;1.33273106645944e-06
265753345;LD2;1.32776138554944e-07
265753376;LD2;4.88267258617277e-05
265753378;LD2;1.16881365705809e-05
265753408;LD2;1.18853307315754e-05
265753417;LD2;6.06619453322527e-08
265753447;LD2;1.40090439780145e-05
265753460;LD2;9.71904412010659e-06
265753462;LD2;8.17774563216198e-06
265753556;LD2;2.22642682776402e-06
265753558;LD2;2.52530722722023e-05
265753565;LD2;6.46559992960734e-07
265753567;LD2;2.08085464359366e-05
265753577;LD2;2.80960460429735e-07
265753580;LD2;6.07021740018359e-06
265753583;LD2;9.03240112549782e-09
265753585;LD2;6.13068450774965e-06
265753643;LD2;1.33040794179694e-06
265753645;LD2;1.09149486429375e-06
312005863;LD2;1.34504720353178e-05
312005926;LD2;5.2600117920632e-05
312005935;LD2;0.000223619191933733
312005965;LD2;0.000483958574981417
312005976;LD2;0.000507408505342532
312006098;LD2;0.000380764809290186
312006103;LD2;0.000631759413457775
312006163;LD2;2.46470586744447e-05
317253235;LD2;3.81939277625437e-05
317253268;LD2;2.96153003008619e-05
317253298;LD2;3.50481616350361e-05
317253307;LD2;3.80328175137761e-05
317253337;LD2;3.53650825382542e-06
317253352;LD2;2.64952533032533e-05
317253448;LD2;1.9779216919088e-05
317253457;LD2;2.39346779529057e-06
317253470;LD2;2.8086800861876e-06
317253475;LD2;0.000204037747112414
317253535;LD2;0.000481940918899909
318204219;LD2;0.000190497921440792
318204241;LD2;9.6260494674262e-05
318204337;LD2;8.21275600506182e-06
318204352;LD2;8.36328809928231e-07
318204382;LD2;0.000351297220716276
318204391;LD2;2.82585457247684e-07
318204421;LD2;7.35612760970356e-05
318204454;LD2;0.000125612698811312
320484081;LD2;5.29653057335662e-05
320484114;LD2;2.87073660599606e-06
320484144;LD2;9.82335239262207e-06
320484153;LD2;4.20724583041223e-07
320484183;LD2;5.95801264895364e-05
320484198;LD2;9.29248242182179e-06
320484294;LD2;2.67096733987385e-06
320484303;LD2;1.96237228633355e-06
320484316;LD2;9.92932516314723e-07
320484321;LD2;1.52477167399481e-06
320484381;LD2;4.10893980879191e-06
321101983;LD2;1.98457484444428e-05
321102013;LD2;9.90776733619023e-06
321102067;LD2;0.00158751046762895
321102163;LD2;0.000188727730885021
321102172;LD2;7.44185585748955e-06
321102184;LD2;0.000804666133262034
321102190;LD2;0.000249110056559375
321102250;LD2;6.43765282828247e-05
325953810;LD2;2.78852390121277e-05
325953843;LD2;7.8866153219253e-06
325953873;LD2;0.000419857852898159
325953882;LD2;5.56829128114643e-05
325953912;LD2;0.000187076962300082
325953927;LD2;1.73782170652976e-05
325954023;LD2;0.000102851049575641
325954032;LD2;0.000423429593659355
325954045;LD2;0.000292079733193804
325954050;LD2;0.000153541291195888
325954110;LD2;6.92305802356029e-05
331948055;LD2;0.000113797581697255
331948088;LD2;1.43345210140226e-05
331948118;LD2;0.000101782601123123
331948127;LD2;0.000112662548739888
331948157;LD2;0.00026510451058821
331948172;LD2;6.27466454400538e-05
331948268;LD2;3.81338404047208e-05
331948290;LD2;4.12586850502388e-07
331948295;LD2;9.3870950353672e-07
331948355;LD2;4.29029945523092e-05
333493383;LD2;3.92158794235904e-05
333493416;LD2;1.25215948376427e-06
333493446;LD2;4.78204700720148e-06
333493455;LD2;0.0001782863997836
333493485;LD2;1.3923896490106e-06
333493500;LD2;1.74071946246406e-05
333493596;LD2;7.94819244216816e-06
333493618;LD2;4.19280852157867e-06
333493623;LD2;1.05164919910109e-05
333493683;LD2;6.52508656788614e-06
335322306;LD2;0.000132219746975674
335322336;LD2;1.72894806366392e-05
335322390;LD2;0.000409329549918501
335322486;LD2;7.33965727006843e-05
335322495;LD2;1.49338085269947e-05
335322507;LD2;8.58164395474865e-05
335322513;LD2;2.2920910056168e-05
335322525;LD2;7.60803352595387e-05
335322573;LD2;3.80081242226366e-05
339523048;LD2;5.85402757951673e-05
339523053;LD2;0.000141100812051606
339523066;LD2;1.41756937380592e-07
339523186;LD2;8.97670692962874e-05
339523216;LD2;2.14062212901472e-06
339523225;LD2;0.000115709517857996
339523255;LD2;2.49783366084726e-05
339523288;LD2;0.000110496520392401
339913995;LD2;4.00415303886417e-06
339914055;LD2;7.30668251679018e-05
339914060;LD2;4.36297537805422e-05
339914073;LD2;1.41585570987291e-05
339914082;LD2;3.84611456009385e-05
339914178;LD2;1.81390456511759e-07
339914193;LD2;1.09748462902646e-06
339914223;LD2;8.52736224046918e-05
339914232;LD2;1.94744679782264e-05
339914262;LD2;1.69511731453356e-05
339914295;LD2;2.65102605263902e-05
343899774;LD2;0.000183284477496083
343899805;LD2;5.87534039155874e-07
343899807;LD2;6.54797837259358e-08
343899835;LD2;1.06223820371676e-05
343899837;LD2;0.00012255390865013
343899846;LD2;7.58970955872144e-05
343899876;LD2;1.00935812495744e-06
343899889;LD2;3.90572499018758e-05
343899891;LD2;3.35287279989213e-05
343899985;LD2;6.54392927250156e-06
343899987;LD2;6.58193911497094e-06
343899994;LD2;2.67187189306848e-05
343899996;LD2;3.09235157674955e-06
343900006;LD2;3.37207245851525e-05
343900009;LD2;9.54698087055975e-05
343900012;LD2;8.1988557379121e-06
343900014;LD2;5.11259871298055e-06
344020126;LD2;2.62880592094777e-06
344020186;LD2;0.000172497602617675
344020191;LD2;1.12885854241988e-06
344020204;LD2;7.28712975490443e-05
344020213;LD2;0.000331461589074589
344020309;LD2;1.3831489116355e-06
344020324;LD2;1.25621950922176e-05
344020354;LD2;9.79687420218581e-05
344020363;LD2;2.97763024183001e-05
344020393;LD2;3.77616056361636e-06
344020426;LD2;6.80316193958222e-05
345378088;LD2;9.82944383211813e-05
345378148;LD2;1.02777465480817e-06
345378153;LD2;1.50914449166708e-06
345378166;LD2;0.00021355279282484
345378175;LD2;2.5119138716574e-05
345378181;LD2;4.25572799480572e-05
345378271;LD2;0.000105083964867401
345378286;LD2;6.58073347648057e-05
345378316;LD2;4.45545882923947e-05
345378325;LD2;3.36812632954193e-05
345378355;LD2;1.22453791929586e-05
345378388;LD2;0.000386754229869186
345780725;LD2;2.53449136714307e-06
345780785;LD2;7.40931881184903e-05
345780791;LD2;0.00010361003024844
345780803;LD2;2.87054034358196e-05
345780908;LD2;9.05214539962377e-05
345780962;LD2;3.03006004051481e-06
345780992;LD2;2.39009536076794e-05
348318574;LD2;5.04725199041352e-05
348318757;LD2;1.48539125192855e-05
348318802;LD2;4.26010158452501e-05
348318811;LD2;1.93393417270087e-05
348318841;LD2;5.02444873105596e-06
348318874;LD2;4.65937651322059e-05
348938842;LD2;1.06004225583876e-05
348938905;LD2;3.06777001141959e-05
348938914;LD2;2.16568278087678e-06
348938944;LD2;3.08358629533908e-05
348938959;LD2;2.32143376447532e-05
348939055;LD2;1.99742491433578e-05
348939064;LD2;5.96545688489349e-05
348939077;LD2;6.15066652314463e-07
348939082;LD2;3.1784478606567e-06
348939142;LD2;6.30475561624014e-06
351021384;LD2;1.75821582311045e-05
351021415;LD2;6.41747671398907e-06
351021417;LD2;8.05276685760267e-06
351021447;LD2;1.04229963598161e-05
351021456;LD2;2.79188880446026e-07
351021486;LD2;6.3648636394041e-06
351021499;LD2;7.72185613337354e-05
351021501;LD2;9.64963133092227e-08
351021595;LD2;2.40817793968734e-05
351021597;LD2;5.5598412362857e-06
351021604;LD2;3.00983183991239e-08
351021606;LD2;5.40463817865472e-08
351021616;LD2;3.81152455811535e-05
351021619;LD2;2.55467653563454e-06
351021622;LD2;5.86987192214083e-05
351021624;LD2;1.55017692600171e-05
351021682;LD2;5.10051492923607e-05
351021684;LD2;3.33940511943501e-07
354873254;LD2;0.000182226549690876
354873287;LD2;3.25495809740268e-05
354873317;LD2;2.37066644330756e-06
354873326;LD2;0.000157500609484846
354873356;LD2;5.43598210951165e-05
354873371;LD2;6.91949599760688e-07
354873467;LD2;1.68225742240867e-05
355142090;LD2;1.26229643701575e-07
355142150;LD2;1.18413672923458e-06
355142156;LD2;3.04246514680791e-06
355142168;LD2;8.41921061101176e-06
355142177;LD2;1.62072069562842e-07
355142183;LD2;2.55532240951006e-06
355142273;LD2;2.36945998965527e-06
355142327;LD2;1.58536603878553e-07
355142357;LD2;0.000147339909284877
355235862;LD2;5.22197037197954e-05
355235927;LD2;1.06447566428381e-05
355236045;LD2;6.38085784318911e-05
355236090;LD2;1.66747737361928e-06
355236099;LD2;5.50512346827963e-05
355236129;LD2;7.01819676708362e-05
355236162;LD2;0.000138114749731782
355356389;LD2;5.61148577714694e-05
355356419;LD2;2.81794080613461e-07
355356428;LD2;3.00113436538228e-05
355356458;LD2;7.94380739875879e-06
355356473;LD2;0.000304081228693841
355356569;LD2;5.2922694345003e-05
355356578;LD2;2.8146459400369e-07
355356591;LD2;9.37558275965649e-06
355356596;LD2;1.55698795592858e-06
355356656;LD2;2.3403266396993e-05
355619287;LD2;7.51453572792517e-06
355619317;LD2;6.51757634852219e-05
355619371;LD2;3.48852135741441e-05
355619467;LD2;0.000141307786094416
355619476;LD2;3.20328249314153e-05
355619488;LD2;4.81177925074666e-05
355619494;LD2;0.000116067575153166
355619554;LD2;0.000100541395117057
361697919;LD2;2.6606296246964e-06
361697979;LD2;4.77428804677214e-06
361697984;LD2;1.37665654830506e-06
361697997;LD2;6.76416673562861e-07
361698006;LD2;1.99928873063681e-06
361698102;LD2;2.04870930801795e-05
361698117;LD2;0.00019226648896244
361698147;LD2;4.37204853040134e-05
361698156;LD2;2.57471801207171e-06
361698186;LD2;6.23336158761904e-05
364421613;LD2;1.66274503222711e-05
364421678;LD2;1.52660318217459e-06
364421691;LD2;1.52177314119891e-05
364421700;LD2;7.88269470804738e-06
364421796;LD2;4.26452906695013e-06
364421811;LD2;3.13470078309492e-05
364421841;LD2;2.2617342224267e-06
364421850;LD2;3.9092737210361e-07
364421880;LD2;9.27376024966726e-05
364421913;LD2;8.16314221503632e-06
367264078;LD2;8.05796851737981e-06
367264138;LD2;0.000136246163312862
367264143;LD2;4.23252424146799e-05
367264156;LD2;5.51643256320302e-06
367264165;LD2;1.76738936794742e-05
367264261;LD2;1.76147750381628e-05
367264276;LD2;5.55836672325616e-07
367264306;LD2;8.90326188462904e-07
367264315;LD2;0.000184933911599944
367264345;LD2;3.01956435462216e-09
367264378;LD2;0.000104732041180932
372096322;LD2;8.17561167412831e-05
372096355;LD2;3.30450971039725e-06
372096385;LD2;0.000295708148463416
372096394;LD2;6.13588288285049e-05
372096424;LD2;0.000139585238941031
372096439;LD2;3.96869911544132e-07
372096535;LD2;3.5753246938883e-06
372096544;LD2;9.17155425772666e-06
372096562;LD2;9.65505161498947e-06
372096580;LD2;9.17672463298292e-07
372096622;LD2;3.00764932796044e-07
376173818;LD2;2.24710778025911e-06
376173878;LD2;6.43507688091908e-06
376173883;LD2;3.23175067745142e-07
376173896;LD2;4.50473786147632e-07
376173905;LD2;3.28660364483859e-06
376174001;LD2;3.39308320937076e-06
376174016;LD2;2.60227402532859e-05
376174046;LD2;6.08594918799316e-06
376174055;LD2;7.19599822671487e-06
376174085;LD2;1.21335058137957e-05
376174118;LD2;5.51624821721973e-07
386295187;LD2;5.04950593008176e-05
386295220;LD2;6.84478200146237e-06
386295250;LD2;7.48121545699574e-05
386295259;LD2;3.3816815050873e-06
386295289;LD2;6.85423682387786e-06
386295394;LD2;1.76396141488606e-05
386295400;LD2;4.13588651454755e-05
386295409;LD2;1.87137639439686e-06
386295422;LD2;4.25461872747464e-05
386295427;LD2;6.71341213671771e-11
386295487;LD2;1.66646690324786e-05
386411505;LD2;0.000111159249194081
386411565;LD2;0.000134041693255641
386411571;LD2;2.07768385764887e-05
386411583;LD2;1.58198038551314e-05
386411772;LD2;8.86114949301048e-06
388232760;LD2;0.00018912282510421
388232820;LD2;2.57442982939083e-05
388232825;LD2;5.28286930772352e-05
388232943;LD2;1.21629893209637e-05
388232958;LD2;1.94652848886914e-06
388232997;LD2;3.08427402920869e-05
388233027;LD2;2.7082327920256e-05
388233060;LD2;0.000250153073416105
393228474;LD2;3.03972603963239e-05
393228534;LD2;0.00016213312944402
393228539;LD2;1.6228065868733e-06
393228552;LD2;1.10817721596917e-05
393228561;LD2;2.16640397784829e-06
393228657;LD2;8.3215359548742e-06
393228702;LD2;1.28904043844037e-08
393228711;LD2;2.06807892286682e-05
393228741;LD2;1.17342552038701e-05
393228774;LD2;1.87226005430546e-05
394410994;LD2;9.94775243000658e-05
394411054;LD2;0.000119683212352518
394411059;LD2;5.70088699871331e-06
394411081;LD2;6.81202832121287e-05
394411177;LD2;0.000434783266161602
394411192;LD2;8.69926824740852e-05
394411222;LD2;4.43231853987296e-05
394411231;LD2;3.26267618595661e-06
394411261;LD2;0.000174065033525645
394411294;LD2;0.000623667756558335
395515100;LD2;7.99635316416915e-07
395515163;LD2;4.63035268516608e-05
395515172;LD2;8.57318315075802e-05
395515202;LD2;0.000208703111405718
395515217;LD2;5.27515328441106e-05
395515313;LD2;3.13315240009358e-05
395515322;LD2;2.68874824260765e-05
395515335;LD2;0.000100584927119525
395515340;LD2;2.31726577471124e-06
395515400;LD2;6.55615659767886e-06
395894257;LD2;0.000242895598197124
395894317;LD2;0.000601398634660207
395894335;LD2;1.69278268590788e-05
395894440;LD2;0.000187271569311571
395894455;LD2;0.000117717840683814
395894485;LD2;0.00023411030684348
395894494;LD2;1.48773750332212e-05
395894524;LD2;0.000478997335389414
395894557;LD2;8.15473817968822e-05
400688055;LD2;8.45216665666543e-05
400688085;LD2;5.31530333593187e-06
400688139;LD2;0.000169719985171618
400688244;LD2;3.46956382259979e-07
400688256;LD2;0.000179715454889273
400688262;LD2;7.7089958289032e-07
400688322;LD2;0.000257502037688367
403600608;LD2;0.000234027290039074
403600668;LD2;1.72538837133485e-06
403600674;LD2;3.81970844860373e-06
403600686;LD2;3.77287464794522e-07
403600695;LD2;5.52588934086845e-06
403600791;LD2;0.000104426787858977
403600875;LD2;1.80393172327203e-07
404041187;LD2;2.39317619681268e-05
404041247;LD2;4.01099277619065e-05
404041252;LD2;6.33691870246315e-05
404041265;LD2;0.000117366575851147
404041274;LD2;6.56674893429038e-07
404041370;LD2;1.5691156553902e-06
404041385;LD2;1.95921663684455e-07
404041415;LD2;0.000226279354097567
404041424;LD2;4.72008747946914e-05
404041454;LD2;2.13490025001735e-05
404041487;LD2;0.000476216815560286
405410830;LD2;3.74086445156315e-07
405410863;LD2;2.59278620412496e-06
405410893;LD2;7.35980171043733e-05
405410902;LD2;4.83722675993229e-05
405410932;LD2;1.49617951187249e-05
405410947;LD2;1.37205245838081e-05
405411043;LD2;5.35470280139323e-06
405411052;LD2;4.17681394223368e-06
405411065;LD2;1.15297902258511e-05
405411070;LD2;8.94214921282093e-06
405411130;LD2;1.27639834041018e-06
406137284;LD2;4.5013628527153e-05
406137344;LD2;0.000144811456229785
406137349;LD2;1.66112970711567e-05
406137362;LD2;1.61186566688407e-05
406137371;LD2;2.10440701487334e-05
406137467;LD2;8.85245176378678e-06
406137482;LD2;1.71900594976663e-06
406137512;LD2;0.000148050120492517
406137521;LD2;2.72774685539571e-06
406137551;LD2;2.53574714572638e-05
406137584;LD2;1.49251199211845e-06
406157322;LD2;3.23551275913475e-06
406157382;LD2;2.85282049421323e-07
406157387;LD2;5.96652017339007e-05
406157400;LD2;1.3770104526968e-05
406157409;LD2;2.01799911718106e-05
406157505;LD2;8.40893799563691e-06
406157520;LD2;3.57944577686332e-05
406157550;LD2;2.58666848939756e-06
406157559;LD2;0.000128559779103952
406157589;LD2;4.51647434294519e-05
406157622;LD2;2.98221964763699e-05
409572603;LD2;0.000146801810497258
409572663;LD2;6.4295033152513e-06
409572668;LD2;0.000207903855080688
409572681;LD2;9.46459503203307e-08
409572786;LD2;2.00824729464994e-05
409572801;LD2;1.21780728132168e-06
409572840;LD2;9.84378682002504e-05
409572870;LD2;8.10669400005788e-06
409572903;LD2;2.70291515106553e-07
416053431;LD2;0.000107845040990832
416053464;LD2;1.68048133248531e-05
416053494;LD2;3.88982909921239e-05
416053503;LD2;3.84392032858656e-05
416053533;LD2;1.58172631589832e-05
416053548;LD2;7.04012792541623e-05
416053644;LD2;2.90192510635384e-06
416053653;LD2;6.76904492248429e-06
416053665;LD2;1.54406060842916e-05
416053671;LD2;1.60045472451477e-05
416053731;LD2;5.07992190785223e-06
423623923;LD2;0.000311065056619104
423623983;LD2;0.000254874542581677
423623988;LD2;2.44225605177713e-06
423624001;LD2;1.02315329719817e-05
423624010;LD2;0.000221387352560009
423624020;LD2;2.96935629794943e-06
423624106;LD2;0.00020764001598628
423624121;LD2;3.09077531771178e-05
423624151;LD2;2.30938185930964e-06
423624160;LD2;5.29570561986476e-05
423624190;LD2;2.74231346499774e-05
423624223;LD2;2.48725352224097e-06
426220821;LD2;8.47788619304228e-05
426220881;LD2;4.95545437811343e-05
426220886;LD2;8.79015600289152e-05
426220899;LD2;1.40651384107724e-05
426220908;LD2;6.47749810624019e-05
426221004;LD2;4.6548283658663e-06
426221019;LD2;0.000174379227578476
426221049;LD2;3.63535747524508e-06
426221058;LD2;4.49574488699611e-05
426221088;LD2;3.58539920500524e-09
426221121;LD2;3.72650351531029e-05
427860807;LD2;4.37290692489235e-05
427860840;LD2;0.00108734908814918
427860870;LD2;0.000228365442960983
427860879;LD2;2.90482411686759e-05
427860909;LD2;0.000995171203662563
427860924;LD2;4.3775782979821e-05
427861020;LD2;3.10154363591009e-05
427861029;LD2;9.36743913220627e-06
427861042;LD2;0.000187115236088125
427861047;LD2;9.03972251075005e-05
427861107;LD2;0.000340961151914073
429306897;LD2;2.6360677246914e-05
429306930;LD2;1.72600523208726e-06
429306960;LD2;3.97194942618699e-05
429306969;LD2;3.14070647408905e-05
429307014;LD2;2.25386007505601e-06
429307110;LD2;4.89859322217958e-05
429307119;LD2;7.53159681877222e-05
429307132;LD2;5.30986649454007e-05
429307137;LD2;1.72018146254661e-05
429307197;LD2;4.15585749531682e-06
431605915;LD2;3.11118369410134e-06
431605948;LD2;9.74484250998069e-06
431605978;LD2;8.28304882052251e-05
431605987;LD2;1.61018791612578e-05
431606017;LD2;0.000310555782548092
431606032;LD2;6.93228769738878e-06
431606128;LD2;4.75486378543789e-06
431606137;LD2;2.83455624461111e-05
431606150;LD2;5.06617386949483e-05
431606155;LD2;3.76824771332894e-05
431606215;LD2;0.000423605965201158
433238143;LD2;5.40447511569302e-07
433238227;LD2;3.50426058151496e-08
433238323;LD2;5.76466474819765e-06
433238332;LD2;8.99152834819929e-07
433238344;LD2;2.16887466704379e-06
433238350;LD2;5.86507732419354e-06
433238410;LD2;4.65580030623586e-07
435982205;LD2;2.20992043530682e-05
435982289;LD2;3.99458873823213e-05
435982385;LD2;0.000105759891737243
435982406;LD2;1.47082110049649e-06
435982412;LD2;1.80202404570231e-05
435982472;LD2;5.04560046762165e-06
438866272;LD2;0.000115608133730345
438866305;LD2;1.60406373922388e-05
438866335;LD2;7.74285467757328e-06
438866344;LD2;2.57019655549808e-06
438866374;LD2;1.04431317214868e-05
438866389;LD2;3.5169059033718e-05
438866485;LD2;8.90294366455797e-05
438866494;LD2;0.000418326886443131
438866507;LD2;0.000368868856577097
438866512;LD2;1.55523027023082e-06
439456564;LD2;7.87094993876867e-07
439456597;LD2;1.90623422035118e-05
439456627;LD2;4.61360398680442e-05
439456636;LD2;1.54961724566214e-06
439456666;LD2;7.50796742879278e-06
439456681;LD2;1.01894019762301e-05
439456777;LD2;1.80531893235278e-06
439456786;LD2;1.97160553422208e-05
439456799;LD2;6.13986007683873e-05
439456804;LD2;6.7174268992991e-05
439456864;LD2;4.06340913462539e-05
439702211;LD2;0.000372660843929545
439702271;LD2;0.000389333139597008
439702276;LD2;8.81227750612785e-05
439702289;LD2;0.000197202278551064
439702298;LD2;0.000140821588008872
439702394;LD2;1.46618399539554e-07
439702409;LD2;6.78678204179169e-05
439702439;LD2;3.43928387696853e-05
439702448;LD2;5.84159936936331e-05
439702478;LD2;3.16728609335717e-05
439702511;LD2;2.69293564477515e-05
442459446;LD2;8.77591956923593e-05
442459476;LD2;7.35114174221669e-09
442459530;LD2;4.33666807147651e-05
442459626;LD2;5.00961408022822e-05
442459635;LD2;1.12034391533833e-07
442459647;LD2;1.32046871964185e-06
442459653;LD2;2.08235616801733e-05
442459713;LD2;9.70185548817974e-06
442590405;LD2;0.000117098913223657
442590464;LD2;0.000282469605039187
442590469;LD2;3.94931688562038e-05
442590482;LD2;1.90265508810588e-07
442590491;LD2;3.20612220969915e-06
442590587;LD2;1.59215965769386e-05
442590602;LD2;1.95022614217755e-10
442590632;LD2;5.30308563016637e-05
442590641;LD2;9.04561172405209e-06
442590671;LD2;0.000249002144462268
449323063;LD2;1.73250315595332e-05
449323090;LD2;4.02026007116626e-05
449323129;LD2;6.32209191983129e-05
449323141;LD2;0.000113750133746358
449323150;LD2;2.44474526930696e-05
449323156;LD2;9.34130426384823e-05
449323246;LD2;2.41494181853734e-05
449323300;LD2;5.99784241898203e-05
449323330;LD2;8.37423918875759e-05
457894132;LD2;4.64005638816415e-06
457894216;LD2;3.61054990544999e-08
457894312;LD2;0.000446318785588405
457894321;LD2;8.48955822864139e-05
457894333;LD2;0.000606157750108685
457894339;LD2;0.00019140207967301
457894399;LD2;1.30822877078918e-06
463609561;LD2;4.02701913583703e-06
463609592;LD2;4.40947351282363e-05
463609594;LD2;4.40579704307727e-06
463609624;LD2;1.29816270457323e-05
463609633;LD2;1.50434982984011e-05
463609663;LD2;0.000141935567782145
463609676;LD2;4.92779387156999e-05
463609678;LD2;2.93366279991206e-05
463609781;LD2;7.10354651608518e-06
463609783;LD2;1.3540292496961e-05
463609793;LD2;1.81914720234487e-06
463609796;LD2;2.75164402664656e-06
463609859;LD2;2.86464848894307e-06
463609861;LD2;2.23493048928056e-05
468202665;LD2;4.33566009141725e-05
468202725;LD2;1.27954905706297e-07
468202730;LD2;0.000130343966876898
468202752;LD2;0.000242725991431633
468202758;LD2;6.14409893579838e-06
468202848;LD2;8.42786847277788e-06
468202863;LD2;7.65194069991172e-05
468202893;LD2;0.000373528040691983
468202902;LD2;9.78349968463505e-07
468202932;LD2;4.17891505993453e-06
468202965;LD2;0.000116751668175616
469775885;LD2;4.03796744850318e-05
469775918;LD2;4.72156290972041e-06
469775948;LD2;0.00034905848279803
469775957;LD2;4.75178965753903e-05
469775987;LD2;2.36536687024808e-05
469776002;LD2;2.38019109552943e-05
469776107;LD2;0.00017796039287154
469776120;LD2;0.000212029355592732
469776125;LD2;5.8532254455838e-05
469776185;LD2;0.000133572462324097
470942291;LD2;4.03118641282425e-07
470942324;LD2;0.000100701959708153
470942354;LD2;0.000352527670757266
470942363;LD2;0.000362057819019755
470942393;LD2;0.000484965944562983
470942408;LD2;5.93753460950802e-05
470942504;LD2;2.74846032266667e-07
470942526;LD2;0.00127789819422967
470942531;LD2;0.00012096603903251
470942591;LD2;6.89384925476841e-05
471520281;LD2;1.17044052569893e-05
471520314;LD2;4.1019113017715e-05
471520344;LD2;5.77387329063198e-05
471520353;LD2;0.000164473396111468
471520383;LD2;5.21753151959796e-05
471520398;LD2;0.000448318647792703
471520494;LD2;1.9558996703531e-06
471520503;LD2;9.12909458430132e-05
471520516;LD2;0.000155721868635906
471520521;LD2;3.25216247377887e-05
471520581;LD2;9.53874652037467e-05
473779149;LD2;8.72770424390121e-05
473779182;LD2;2.46571890846173e-05
473779212;LD2;1.03590577529596e-05
473779221;LD2;2.67297108976541e-05
473779251;LD2;1.64392220245029e-05
473779266;LD2;1.1982042160188e-07
473779362;LD2;6.79469374282092e-05
473779371;LD2;0.000147202508791416
473779384;LD2;3.20892321100998e-05
473779449;LD2;5.64630628937087e-05
475342964;LD2;2.72701630185261e-07
475342969;LD2;9.06880714413053e-06
475343087;LD2;6.17943501442288e-06
475343102;LD2;7.71456145015482e-05
475343132;LD2;2.79654575064974e-05
475343141;LD2;1.99674073518075e-05
475343171;LD2;6.04451459942425e-06
475343204;LD2;3.16756936399999e-05
475613074;LD2;9.41948915583262e-06
475613107;LD2;0.000158595113048116
475613137;LD2;9.89060154852494e-07
475613146;LD2;9.27537073512311e-05
475613176;LD2;7.76728086466397e-05
475613191;LD2;5.40902976550869e-05
475613287;LD2;0.000131638503303495
475613296;LD2;3.31791446566903e-05
475613309;LD2;0.000201489718113752
475613314;LD2;0.000131885765543207
475613374;LD2;3.6792024575581e-06
479453570;LD2;5.04961327182028e-06
479453601;LD2;1.75482356037892e-05
479453603;LD2;2.16127047903285e-06
479453633;LD2;0.00012581662827287
479453642;LD2;8.35156688362824e-07
479453672;LD2;8.64262847867082e-06
479453685;LD2;6.19219231391018e-06
479453687;LD2;3.87230250221607e-06
479453781;LD2;4.78069275920432e-06
479453783;LD2;3.82234506417402e-05
479453790;LD2;7.07091722881992e-06
479453792;LD2;2.2040347295146e-06
479453802;LD2;1.6351098891537e-05
479453805;LD2;0.000185024817769431
479453808;LD2;9.75171332471845e-06
479453810;LD2;4.05729223810873e-05
479453868;LD2;5.24518786018128e-06
479453870;LD2;6.93457942619297e-05
481140118;LD2;4.96347063489168e-05
481140148;LD2;0.000260297628584681
481140157;LD2;0.000800942177022251
481140187;LD2;0.000283425644210226
481140202;LD2;4.67532497264673e-06
481140298;LD2;2.00347221729883e-06
481140307;LD2;0.000306441395927224
481140320;LD2;4.00994125165726e-05
481140325;LD2;1.74572618217675e-09
481140385;LD2;2.05456498723297e-05
482660539;LD2;0.000456819264361301
482660551;LD2;0.00132566911311013
482660656;LD2;2.6017355006137e-05
482660674;LD2;0.000238205925513685
482660702;LD2;1.91422322526252e-06
482660710;LD2;0.000724465333850075
482660746;LD2;3.10682909745322e-05
482660773;LD2;7.21610711264826e-05
483518045;LD2;0.000100576213161385
483518105;LD2;0.000177668825034683
483518110;LD2;0.000126434060458101
483518132;LD2;8.49761647260324e-05
483518228;LD2;8.6923285029737e-06
483518282;LD2;0.000161091571930514
483518312;LD2;0.000103470588485569
484757627;LD2;7.24435163446034e-05
484757629;LD2;1.6833881349331e-05
484757687;LD2;1.52626425260127e-05
484757689;LD2;8.6374617216671e-05
484757693;LD2;7.58605558309486e-09
484757695;LD2;0.000106677535700764
484757705;LD2;4.46439859402713e-05
484757707;LD2;5.84471473809627e-06
484757714;LD2;2.08004183249538e-07
484757716;LD2;0.000220053206045421
484757810;LD2;0.000108860162899309
484757812;LD2;0.000175078546189771
484757825;LD2;6.50614331577366e-06
484757855;LD2;8.3037791841343e-07
484757864;LD2;8.02398716957777e-06
484757894;LD2;2.21360021955692e-05
484757896;LD2;4.43257307199529e-07
484757927;LD2;4.21985289823503e-05
485101121;LD2;2.71079236121395e-05
485101181;LD2;8.48930712204533e-06
485101186;LD2;4.08304378864362e-05
485101199;LD2;2.5298579384384e-06
485101208;LD2;8.41858745196163e-05
485101304;LD2;5.74795010666198e-05
485101319;LD2;0.000142138355719826
485101349;LD2;2.43657833669931e-05
485101358;LD2;9.75223294525352e-05
485101388;LD2;5.18068653364087e-05
485101421;LD2;1.03066480064977e-05
487205453;LD2;2.67794581863208e-05
487205513;LD2;2.99853177016268e-08
487205518;LD2;1.72431727874683e-05
487205531;LD2;3.98636126986573e-05
487205540;LD2;2.93742107542464e-05
487205636;LD2;1.44503145464012e-09
487205651;LD2;3.21247731087381e-05
487205681;LD2;8.08204993483238e-05
487205690;LD2;0.000172666957928353
487205720;LD2;3.96092819703245e-07
487205753;LD2;3.40998227046066e-05
492181107;LD2;6.57292322915862e-07
492181167;LD2;2.01682339074957e-05
492181172;LD2;2.37845508918912e-05
492181185;LD2;8.8345362010898e-05
492181194;LD2;8.69489338791602e-05
492181200;LD2;4.25699228959381e-07
492181290;LD2;0.000108432007873951
492181305;LD2;2.22846684220543e-05
492181335;LD2;4.02864991489481e-05
492181344;LD2;5.79450536562785e-07
492181374;LD2;2.88985082832729e-05
492181407;LD2;1.11286009744182e-05
492750384;LD2;1.16301302700444e-05
492750444;LD2;2.06912061716899e-05
492750450;LD2;1.8422348128658e-08
492750462;LD2;1.67526757341243e-05
492750471;LD2;2.34585901807339e-06
492750567;LD2;4.54262328856789e-06
492750651;LD2;2.67367405475869e-05
492871640;LD2;4.79861979088078e-05
492871700;LD2;1.30302545299903e-07
492871705;LD2;0.000358608168710536
492871718;LD2;0.000153574731741388
492871727;LD2;7.60172165583773e-10
492871823;LD2;1.46065328561843e-05
492871838;LD2;9.05267921524767e-06
492871868;LD2;3.54936271787942e-06
492871877;LD2;7.31098887446881e-05
492871907;LD2;5.10186790265547e-05
492871940;LD2;9.6713338917282e-06
497081148;LD2;1.33153563034334e-05
497081208;LD2;1.74892775748722e-05
497081213;LD2;8.75036291433986e-06
497081226;LD2;1.33940329121152e-06
497081235;LD2;0.000156422922770458
497081331;LD2;2.15591086401188e-07
497081346;LD2;6.73003521838594e-05
497081376;LD2;3.72430827233708e-05
497081385;LD2;5.99041486722531e-08
497081415;LD2;2.99686103575989e-05
497081448;LD2;0.000201388417667497
497159303;LD2;3.27047417288297e-05
497159363;LD2;0.000426190392181362
497159368;LD2;0.000190233476608379
497159381;LD2;3.33685905677174e-05
497159390;LD2;1.42349068408271e-05
497159486;LD2;2.8805298095661e-05
497159501;LD2;0.000488679954084735
497159531;LD2;1.02024616555058e-06
497159540;LD2;0.000279986179599942
497159570;LD2;8.38712959452889e-06
497159603;LD2;0.000128369664392482
498077040;LD2;0.000417976379271468
498077124;LD2;1.31150964120803e-05
498077220;LD2;1.5528965708404e-05
498077229;LD2;8.6435329374125e-07
498077241;LD2;8.29544604168116e-05
498077247;LD2;2.20583174674403e-05
498077307;LD2;1.75601158775732e-07
498204702;LD2;0.000118670513220253
498376823;LD2;1.64888247406333e-05
498376832;LD2;4.18065488465506e-05
498376845;LD2;2.20246705318402e-07
498376877;LD2;1.80390085406195e-05
498376881;LD2;4.14061283432577e-05
498376886;LD2;9.08162587308901e-06
498376898;LD2;5.5749574396122e-06
498376930;LD2;0.000178502088467661
498377092;LD2;0.000438805646738576
498377123;LD2;0.000194098480391799
498377141;LD2;1.10286090124929e-05
498377144;LD2;0.000365719492597132
498377151;LD2;9.89408539246568e-08
498377164;LD2;0.000290481368773497
498377175;LD2;5.54165143123503e-05
499879779;LD2;1.40732485173098e-05
499879812;LD2;1.71904249649554e-06
499879842;LD2;8.0168065038765e-07
499879851;LD2;8.82097482399562e-05
499879881;LD2;1.17739965219729e-06
499879896;LD2;8.3597772513556e-05
499879992;LD2;8.96682254334539e-06
499880001;LD2;7.70877640932322e-06
499880014;LD2;7.49148546239736e-06
499880019;LD2;1.54658705788788e-05
499880079;LD2;2.56836735186489e-05
511236777;LD2;0.000140672047050574
511236810;LD2;4.92476196420867e-05
511236840;LD2;4.75068179622725e-06
511236849;LD2;1.25537723515184e-05
511236879;LD2;7.94757068079882e-05
511236894;LD2;0.000138715569222258
511236990;LD2;0.000256264227550855
511236999;LD2;4.16109136573701e-05
511237011;LD2;0.00011812909813479
511237017;LD2;0.000333005653762978
511237077;LD2;0.000119496157268416
518316753;LD2;0.000708220630367937
518316762;LD2;0.000287330231112921
518316782;LD2;0.000159634252949704
518316801;LD2;1.8866693070274e-05
518574895;LD2;7.24453215134705e-06
518574979;LD2;2.36346812646189e-05
518575075;LD2;5.19110688384328e-06
518575084;LD2;3.07891352235413e-06
518575096;LD2;1.05207544605612e-05
518575102;LD2;0.000106589157343582
518575150;LD2;3.36818033425264e-06
518575162;LD2;5.95600509777856e-05
519916482;LD2;0.000139790355137374
519916515;LD2;2.12005917314059e-05
519916545;LD2;3.34870921593627e-05
519916554;LD2;8.6548698917617e-05
519916584;LD2;0.000185426699469636
519916599;LD2;0.000538844115230035
519916695;LD2;0.000158979427753965
519916704;LD2;7.71627460369857e-05
519916717;LD2;4.20102436847213e-05
519916722;LD2;0.000140217363223686
519916782;LD2;0.000152106611837631
523704378;LD2;3.29071106197888e-05
523704411;LD2;3.33197212024331e-08
523704441;LD2;4.49366738953243e-06
523704480;LD2;3.16348718326947e-07
523704495;LD2;8.75280474504687e-07
523704575;LD2;2.25720400988991e-06
523704584;LD2;4.24218587753662e-05
523704597;LD2;2.76829551425808e-05
523704602;LD2;2.03715023002972e-05
523704662;LD2;2.87438414380302e-05
525679144;LD2;5.07106314926122e-05
525679177;LD2;0.000113306647052449
525679207;LD2;5.22591948281574e-05
525679216;LD2;3.66880517610948e-05
525679261;LD2;7.23307049642536e-05
525679366;LD2;7.40647950402222e-05
525679379;LD2;0.000169254958729928
525679444;LD2;3.97950734971451e-08
527074270;LD2;6.26985702351292e-09
527074311;LD2;7.35509273696971e-07
527074317;LD2;4.33696103691113e-05
527074329;LD2;2.53501643810852e-05
527074338;LD2;3.19875983182442e-05
527074434;LD2;0.00010281169467864
527074518;LD2;2.18869511178475e-05
527462997;LD2;0.000253131582237214
527463030;LD2;7.00511983957691e-05
527463060;LD2;6.53678966354047e-05
527463069;LD2;2.27229208459895e-07
527463099;LD2;7.08487322219609e-05
527463114;LD2;3.50086733384244e-05
527463210;LD2;9.28347501133723e-05
527463219;LD2;3.63055354103286e-05
527463232;LD2;0.000139400845250135
527463237;LD2;1.18758479254154e-05
527463297;LD2;7.76825796812101e-06
528465419;LD2;5.28458895090256e-05
528465449;LD2;3.16555054319139e-09
528465503;LD2;3.31473928195438e-06
528465599;LD2;3.73138832352421e-06
528465608;LD2;0.000236735810422497
528465620;LD2;6.4393778723282e-05
528465626;LD2;1.04921196731776e-07
528465686;LD2;4.45580467631989e-05
529361011;LD2;1.71398171591033e-05
529361044;LD2;0.000136639883818117
529361074;LD2;0.000268605715242005
529361083;LD2;3.85252312696467e-06
529361113;LD2;1.42277848733729e-09
529361128;LD2;1.80425994337066e-06
529361224;LD2;6.76934585920374e-05
529361233;LD2;4.49236385960533e-06
529361246;LD2;6.24731612647023e-06
529361311;LD2;5.245927621624e-07
3966144;LD2;2.03308180391545e-05
3966204;LD2;3.0675395336928e-05
3966209;LD2;1.20846403841273e-05
3966222;LD2;3.35868979068928e-05
3966231;LD2;5.59367005664546e-07
3966327;LD2;1.4563776297441e-05
3966411;LD2;4.17922804517343e-05
12262060;LD2;1.61590919727913e-05
12262093;LD2;0.000206477335784074
12262123;LD2;2.9164953538048e-05
12262132;LD2;0.000150968898890472
12262162;LD2;0.000255960080551209
12262177;LD2;2.34603862529995e-06
12262282;LD2;1.77303355768557e-05
12262295;LD2;0.000368960778115278
12262300;LD2;2.25345253003947e-05
12262360;LD2;0.00010601984511583
20970875;LD2;4.56189945800695e-05
20970908;LD2;4.25940495605054e-05
20970938;LD2;1.99013401423322e-05
20970947;LD2;3.78953937421618e-05
20970992;LD2;1.30326103377172e-06
20971088;LD2;3.11027874026829e-06
20971097;LD2;9.03619659545523e-07
20971110;LD2;1.43145895112314e-05
20971115;LD2;1.10372511830362e-08
20971175;LD2;1.61225022454464e-05
23654785;LD2;2.51911780780244e-06
23654845;LD2;0.000238391130061057
23654851;LD2;6.13277810582903e-05
23654863;LD2;6.68740829215661e-05
23654968;LD2;9.58293164389471e-05
23655022;LD2;7.75241448127155e-06
23655040;LD2;0
23655052;LD2;0.000110279473013332
24033332;LD2;0.000220323187313902
24033341;LD2;0.000151740645578787
24033371;LD2;2.56722799763883e-05
24033404;LD2;3.55617042025525e-05
24470444;LD2;0.000295643227747918
24470504;LD2;2.04710664640926e-05
24470510;LD2;2.09809313888203e-05
24470522;LD2;0.000534008589975459
24470627;LD2;4.93729932178277e-05
24470642;LD2;7.87758963835471e-07
24470672;LD2;0.000118235887780222
24470681;LD2;1.61615179849271e-05
24470711;LD2;0.000258304373977994
24470744;LD2;3.46370640696999e-06
28323490;LD2;0.00016176925547359
28323550;LD2;0.000647363552567391
28323555;LD2;2.1924530024653e-07
28323673;LD2;0.00029817199303995
28323688;LD2;0.000128574689968649
28323718;LD2;6.42073985157725e-06
28323727;LD2;6.7405232816415e-06
28323757;LD2;3.18851585059412e-06
28323790;LD2;5.38209291827994e-05
32139683;LD2;1.12829853754148e-05
32139842;LD2;5.55968126014309e-06
32139854;LD2;6.88342436441049e-05
32139865;LD2;5.34193383332281e-06
32139920;LD2;1.81200289913289e-12
40796995;LD2;0.000285231129004709
40797055;LD2;0.000647650029512022
40797060;LD2;0.000130987833368134
40797073;LD2;0.000688241932589595
40797178;LD2;0.000921851550010624
40797223;LD2;0.000494546823391405
40797232;LD2;1.70965649543502e-05
40797295;LD2;0.000145623780302647
42302685;LD2;6.46813511681185e-07
42302712;LD2;5.90376842463477e-05
42302718;LD2;0.000230228036387181
42302748;LD2;0.000180628867650543
42302775;LD2;1.31277944398949e-06
42302784;LD2;0.000246475908926391
42302802;LD2;2.05579496250504e-05
42302898;LD2;0.000266059910331613
42302902;LD2;0.000183092425817713
42302907;LD2;5.87293944824812e-05
42302919;LD2;1.33852433490467e-05
42302925;LD2;2.00959670637842e-08
45022544;LD2;9.45968397960779e-05
45022604;LD2;8.08889877593618e-05
45022610;LD2;2.63388806451329e-07
45022622;LD2;9.88439081542279e-07
45022727;LD2;2.8464884352297e-05
45022811;LD2;0.000185327525688445
55609406;LD2;7.88183220865907e-06
55609466;LD2;0.000139060890791945
55609472;LD2;0.000303090668652034
55609499;LD2;1.36277899155886e-08
55609589;LD2;6.59485984722201e-05
55609673;LD2;0.000616049286602619
59596217;LD2;0.000103568597356932
59596277;LD2;4.34198536482499e-06
59596282;LD2;1.17616214978698e-05
59596295;LD2;0.000128880532949567
59596304;LD2;9.92181512914485e-06
59596400;LD2;9.3514541891865e-05
59596445;LD2;0.000107378579480898
59596454;LD2;0.000110757506666573
59596484;LD2;4.9578429726806e-06
59596517;LD2;5.24051164744935e-05
68598622;LD2;0.000105560365268508
68598676;LD2;1.25447716239549e-05
68598781;LD2;4.84677190580995e-06
68598793;LD2;0.000303956777296608
68598799;LD2;0.000524773699202046
68598859;LD2;0.000296607016316737
78968404;LD2;1.4014043909224e-05
78968464;LD2;4.72413173083438e-06
78968470;LD2;1.04915352994504e-06
78968482;LD2;3.97748777855111e-06
78968491;LD2;1.45471444457148e-07
78968587;LD2;2.29506060619728e-06
78968641;LD2;1.37013947678481e-05
78968671;LD2;1.8720910226195e-06
86962702;LD2;6.61077389324747e-05
86962735;LD2;1.38055421809737e-05
86962765;LD2;3.49142385030614e-06
86962774;LD2;7.66025361726885e-07
86962804;LD2;2.89553146696881e-05
86962819;LD2;4.60184364954899e-06
86962924;LD2;2.52021131077316e-06
86962937;LD2;1.68641821908802e-05
86962942;LD2;3.59593967297596e-06
86963002;LD2;1.92094805475254e-06
89548537;LD2;0.000550957699957733
89548597;LD2;5.36473959117791e-05
89548602;LD2;1.35723280090906e-05
89548615;LD2;0.000318953701886688
89548624;LD2;1.67640742213704e-09
89548720;LD2;0.000470220099463556
89548735;LD2;2.47154816768173e-05
89548765;LD2;0.000225436002556312
89548774;LD2;0.000835208683005124
89548804;LD2;1.64744301884462e-05
89548837;LD2;0.000173983067673472
90166119;LD2;0.000568321667644456
90166232;LD2;4.30963259325869e-05
90166241;LD2;1.37804319644632e-06
90166260;LD2;8.97724149468015e-06
90166268;LD2;3.43502154768779e-07
90166298;LD2;2.0467150096611e-05
90166304;LD2;1.0173605603719e-06
90166331;LD2;3.72190204524051e-05
93217574;LD2;1.87467374566572e-05
93217634;LD2;0.000300835715758492
93217640;LD2;7.66684175375703e-05
93217661;LD2;2.35943400863735e-06
93217811;LD2;4.11107434702111e-05
93217841;LD2;2.34845058452798e-05
101337081;LD2;0.000495768616462418
101337111;LD2;0.000130707071314483
101337165;LD2;2.58986975019405e-05
101337270;LD2;0.00014636388897594
101337282;LD2;3.85563652622701e-05
101337288;LD2;0.000169727165554792
101337321;LD2;0.000514269695972187
101337348;LD2;6.67355192606483e-08
101666661;LD2;3.65615118956054e-06
101666691;LD2;7.00755493120688e-05
101666745;LD2;7.13786272713375e-06
101666850;LD2;8.76603811426412e-05
101666862;LD2;2.25300229932137e-05
101666868;LD2;5.45984545099492e-06
101666928;LD2;7.19562324104002e-06
104033791;LD2;6.11048276397601e-05
104033824;LD2;3.06296383452534e-05
104033854;LD2;4.81029832832325e-07
104033863;LD2;7.12596496816685e-05
104033893;LD2;6.20808927269665e-05
104033908;LD2;0.000264810877141334
104034004;LD2;2.3661334974115e-06
104034013;LD2;1.02597655347541e-05
104034026;LD2;4.19676325867888e-05
104034031;LD2;0.000149162760165972
104034091;LD2;0.000215964419227278
105383145;LD2;8.66188323361188e-06
105383205;LD2;5.36570222123012e-05
105383210;LD2;1.88080931332003e-08
105383223;LD2;2.50211478257987e-06
105383232;LD2;9.02735931347349e-05
105383328;LD2;8.72439321365875e-05
105383343;LD2;8.7641952697732e-05
105383373;LD2;7.30212665627773e-05
105383382;LD2;7.2113202569243e-05
105383412;LD2;4.21363487567937e-05
105383445;LD2;0.000127642664062196
130811930;LD2;1.38574384388792e-05
130811990;LD2;2.28850747884542e-05
130811995;LD2;0.000156582590727036
130812017;LD2;8.88790534086569e-06
130812113;LD2;4.99769069089761e-05
130812128;LD2;2.72431218179483e-05
130812158;LD2;0.000957120496101571
130812167;LD2;0.000346155832976386
130812230;LD2;5.39169843139798e-05
131442563;LD2;1.33175425369691e-05
131442568;LD2;7.31881237696163e-05
131442581;LD2;1.94254274606804e-07
131442686;LD2;1.29441931372803e-06
131442701;LD2;5.71583190221245e-05
131442731;LD2;0.000100431610901227
131442740;LD2;2.8127577070117e-06
131442770;LD2;2.77060815373119e-05
131442803;LD2;7.35421964663549e-06
138320180;LD2;9.22764999111235e-05
138320245;LD2;9.65407715044637e-05
138320258;LD2;0.000237137000080066
138320363;LD2;9.82526567441051e-05
138320378;LD2;2.29721463494696e-05
138320408;LD2;0.000316555490535984
138320417;LD2;0.000210884975884434
138320480;LD2;0.000297708961982912
140122113;LD2;6.97487166752916e-06
140122143;LD2;6.69997889260807e-06
140122197;LD2;2.89369930981323e-06
140122293;LD2;3.36438128402924e-05
140122302;LD2;3.22898586619512e-05
140122314;LD2;7.52516023969013e-06
140122320;LD2;2.80784769206615e-05
140122380;LD2;4.52133099822114e-05
145035156;LD2;8.43749821736465e-06
145035189;LD2;3.25327906848571e-05
145035219;LD2;3.51916262390437e-05
145035228;LD2;0.00032420873273567
145035258;LD2;3.5906253137044e-06
145035273;LD2;6.01928593990775e-07
145035369;LD2;5.1939364596083e-05
145035378;LD2;7.91050850116904e-05
145035391;LD2;0.000112124352749013
145035396;LD2;2.55436142709267e-05
145035456;LD2;3.22097028460248e-05
145487189;LD2;9.0725978706639e-05
145487254;LD2;0.000888343649423338
145487267;LD2;0.000228302612590641
145487276;LD2;0.000179124947380375
145487370;LD2;5.01181332146447e-05
145487385;LD2;0.000596996878675148
145487415;LD2;6.01120694798466e-05
145487424;LD2;5.0540460752104e-05
145487454;LD2;0.000192983544046819
145487487;LD2;3.97238238174047e-07
147171414;LD2;1.34652058657697e-05
147171474;LD2;1.76406744439914e-05
147171479;LD2;0.000991965504483348
147171492;LD2;1.24609614167948e-07
147171597;LD2;0.00012681829540868
147171612;LD2;0.000193708541972578
147171642;LD2;0.000158706678805657
147171651;LD2;2.84732024451227e-05
147171681;LD2;0.000227807128501108
147171714;LD2;2.16940378137079e-05
223070278;LD2;3.05366330522467e-05
223070344;LD2;2.1060462969728e-05
223070461;LD2;0.000118271218714037
223070476;LD2;0.000474283800456713
223070578;LD2;0.000781373275868191
230952518;LD2;0.000374206050044225
230952551;LD2;0.000214006529997067
230952581;LD2;6.56916360315784e-05
230952590;LD2;2.43158379185732e-05
230952620;LD2;9.52387190650127e-06
230952635;LD2;0.000123413923468608
230952731;LD2;1.40885397902545e-05
230952740;LD2;8.8622600491477e-05
230952753;LD2;6.60294650759003e-07
230952758;LD2;3.18963277484649e-05
233648009;LD2;2.67740689660507e-05
233648036;LD2;9.18500697443335e-06
233648072;LD2;1.59353173453516e-05
233648080;LD2;1.78482582502993e-06
233648108;LD2;1.72110889403497e-05
233648126;LD2;1.39303249258034e-06
233648222;LD2;1.87848388582735e-05
233648226;LD2;1.97048057765717e-05
233648231;LD2;6.77005469643195e-06
233648243;LD2;5.72423251523027e-06
233648249;LD2;1.12803008816005e-07
233648279;LD2;6.28481261526877e-07
245254091;LD2;1.66805613964157e-06
245254124;LD2;0.000182213791056125
245254154;LD2;6.35123905196253e-07
245254193;LD2;3.10995547306386e-06
245254208;LD2;0.000339580208131054
245254313;LD2;5.93137595714691e-06
245254326;LD2;6.84528961799325e-06
245254331;LD2;0.000420405275351227
245254391;LD2;9.97385806921456e-05
246896029;LD2;0.000187299537675288
246896092;LD2;2.62439811318977e-06
246896101;LD2;3.06077840994347e-05
246896146;LD2;2.02498533246397e-07
246896251;LD2;7.00533716159774e-06
246896264;LD2;3.1379457526316e-05
246896269;LD2;1.86355031884816e-05
246896329;LD2;5.59754934509189e-06
282097174;LD2;4.44067423765018e-05
282097207;LD2;1.54482281720637e-05
282097237;LD2;6.12951765042944e-05
282097291;LD2;2.65079993473386e-05
282097408;LD2;3.34594768567483e-05
282097474;LD2;0.000101895208991741
326840182;LD2;3.09774554355477e-05
326840242;LD2;4.2881131285166e-06
326840247;LD2;2.5197118384668e-05
326840260;LD2;0.000242223300570999
326840269;LD2;5.61735289156426e-08
326840365;LD2;8.60215349346701e-06
326840380;LD2;4.83127247282781e-05
326840410;LD2;2.32374364160887e-06
326840419;LD2;5.45984927103546e-05
326840449;LD2;5.01766200905555e-05
326840482;LD2;5.46013688165995e-05
356328068;LD2;4.83768343641362e-05
356328098;LD2;1.41264484323675e-05
356328152;LD2;2.6282151642943e-06
356328269;LD2;1.07901794972464e-05
356328335;LD2;2.71251732922828e-05
357802301;LD2;0.000376531955859891
357802366;LD2;0.000216441583850022
357802484;LD2;5.74084320515054e-05
357802499;LD2;6.86408615749288e-05
357802529;LD2;0.00041168845752816
357802538;LD2;0.000214098184211075
357802568;LD2;1.37309186901457e-06
357802601;LD2;3.18026134130784e-05
371492686;LD2;3.93028964156592e-05
371492719;LD2;2.30754937783805e-05
371492749;LD2;4.1002557751814e-05
371492758;LD2;5.54597307074113e-05
371492788;LD2;1.75051400293545e-05
371492803;LD2;1.30772457811687e-07
371492899;LD2;2.60054929965481e-07
371492908;LD2;7.76948245851433e-06
371492921;LD2;3.47128553634108e-05
371492926;LD2;3.23182855969563e-05
371492986;LD2;1.66538094482285e-05
371921667;LD2;7.95399680221679e-05
371921697;LD2;0.000188340109641534
371921706;LD2;6.02294677463909e-05
371921736;LD2;0.000703043055316674
371921751;LD2;0.000138544085493709
371921856;LD2;2.49222101737569e-06
371921869;LD2;0.000308743590576863
371921934;LD2;0.000144214453548478
373107526;LD2;7.62309262067257e-06
373107559;LD2;0.000366496561571817
373107589;LD2;0.00099643241169936
373107598;LD2;0.000544099012239794
373107628;LD2;4.66174511243548e-05
373107643;LD2;5.53407708185634e-06
373107739;LD2;0.000579291530755621
373107761;LD2;0.000386429219434747
373107766;LD2;2.15751133044039e-06
373107826;LD2;0.000355316282014811
377602023;LD2;0.00016666931359721
377602056;LD2;6.37616198404477e-05
377602086;LD2;3.46553588017417e-08
377602095;LD2;8.08427602909305e-06
377602125;LD2;2.23176617187847e-05
377602140;LD2;4.65162317552786e-07
377602245;LD2;3.73517978569908e-05
377602258;LD2;1.10155354217369e-05
377602263;LD2;1.34869858557821e-05
377602323;LD2;1.63802178418197e-06
377732529;LD2;6.09851021123699e-06
377732559;LD2;8.01146752643999e-07
377732613;LD2;7.91842345038539e-06
377732718;LD2;0.000332698797365789
377732730;LD2;0.000422112857644771
377732736;LD2;0.000145209207463191
377732796;LD2;0.000405633328375011
377732827;LD2;5.78753066752535e-05
377821908;LD2;0.0010022059430405
377822145;LD2;0.000203609962170965
380829506;LD2;0.000172926031544018
380829566;LD2;1.98466552253895e-05
380829571;LD2;2.28777239012222e-06
380829584;LD2;6.0859851704902e-05
380829689;LD2;0.000248726125498487
380829704;LD2;5.00148414993144e-05
380829734;LD2;3.12824467914897e-05
380829743;LD2;0.000225465547718772
380829773;LD2;1.89354935460752e-05
380829806;LD2;1.26505768730652e-07
395279650;LD2;3.64894795874638e-05
395279662;LD2;6.66121518634343e-08
395279667;LD2;5.40717824922795e-05
395279671;LD2;2.53719468061028e-07
395279767;LD2;1.35510011422578e-05
395279794;LD2;0.000244951272762533
395279813;LD2;3.81660946281667e-05
395279821;LD2;2.48015823493567e-06
395279851;LD2;4.67963618565948e-05
395279857;LD2;3.43956491606723e-07
395279884;LD2;5.0214824292269e-08
423306252;LD2;8.46903282007811e-05
423306312;LD2;8.91445198259519e-05
423306317;LD2;2.43750735265853e-05
423306330;LD2;3.73184103658096e-05
423306435;LD2;1.06287007472579e-05
423306450;LD2;9.09047284359224e-05
423306480;LD2;3.9699739169922e-06
423306489;LD2;3.22217025269618e-05
423306519;LD2;6.83971707926354e-06
423306552;LD2;3.98551813738594e-05
1755088;LD2;1.36553943707535e-05
1755121;LD2;5.53818182830843e-06
1755151;LD2;0.000141900954828742
1755160;LD2;1.23659174630491e-05
1755190;LD2;0.000168422689725311
1755205;LD2;6.57355197508442e-07
1755311;LD2;1.69955497212978e-05
1755324;LD2;0.000254555767930534
1755329;LD2;0.000254676379107545
1755389;LD2;1.69355850735209e-05
10639236;LD2;7.92979123541725e-05
10639269;LD2;0.000136308514601281
10639299;LD2;0.000232069475391355
10639308;LD2;1.54780769662887e-05
10639338;LD2;0.000147717131390082
10639353;LD2;3.21267939986092e-05
10639449;LD2;4.36232334472337e-06
10639458;LD2;0.000105175792390464
10639471;LD2;2.09688084094606e-05
10639536;LD2;0.000186867178513548
12625090;LD2;1.37463746005191e-05
12625123;LD2;2.24891207748604e-05
12625153;LD2;4.35579663429965e-05
12625162;LD2;8.74896916843311e-05
12625192;LD2;3.38198966669144e-05
12625207;LD2;2.49422739711562e-08
12625303;LD2;8.30007610765589e-06
12625325;LD2;0.000119077229492993
12625330;LD2;0.000206354376553282
14571630;LD2;1.67776049468144e-06
14571663;LD2;3.92998883599886e-06
14571693;LD2;3.74530501461195e-06
14571702;LD2;2.05435963911464e-06
14571732;LD2;1.22785791040847e-05
14571747;LD2;2.97699813098759e-12
14571844;LD2;2.55959398667874e-08
14571853;LD2;1.81330074166869e-05
14571866;LD2;5.27574168230113e-07
14571871;LD2;1.46725333331059e-05
14571931;LD2;1.56447830976497e-06
14898799;LD2;2.03545177933538e-06
14898805;LD2;7.47562236560559e-06
14898817;LD2;1.38669210473604e-08
14898922;LD2;1.62607392642177e-05
14898940;LD2;1.36941235769625e-06
14898949;LD2;3.08318194484085e-05
14898968;LD2;1.13752160558299e-06
14898976;LD2;4.00895985240419e-06
14899006;LD2;8.10747831708082e-07
14899012;LD2;7.05977115994965e-05
14899039;LD2;2.73891314664935e-06
22581824;LD2;2.76784035299326e-05
22581908;LD2;6.6932992624619e-05
22582004;LD2;7.20071856878786e-05
22582013;LD2;3.88423437648253e-06
22582025;LD2;1.28079963162243e-05
22582031;LD2;2.50945269645806e-05
22582091;LD2;5.0101351805002e-05
28379781;LD2;3.0536026695587e-05
28379841;LD2;2.23791140666688e-05
28379846;LD2;5.81464441666511e-09
28379859;LD2;2.97279783763012e-05
28379868;LD2;3.41972793565873e-05
28379964;LD2;1.85599462454381e-06
28379979;LD2;8.17422981734949e-05
28380009;LD2;0.000464703864957738
28380018;LD2;9.81849631810116e-08
28380048;LD2;2.08886139298362e-06
28380081;LD2;1.68644546994609e-05
28850295;LD2;1.30483661702723e-05
28850328;LD2;2.21368296316327e-05
28850358;LD2;0.000106580027444118
28850367;LD2;2.83252491291369e-06
28850397;LD2;0.000149745473177467
28850412;LD2;2.46947753536197e-05
28850530;LD2;6.0323396017668e-05
28850535;LD2;6.12001508076049e-05
28850595;LD2;2.63283698200275e-05
29308334;LD2;2.95261178786787e-07
29308335;LD2;1.69486385065969e-05
29308394;LD2;1.54982444006961e-07
29308400;LD2;1.77770735204395e-06
29308412;LD2;2.47283862866086e-07
29308421;LD2;4.61778082982474e-06
29308517;LD2;3.05480342706785e-06
29308571;LD2;9.55815376188269e-07
29308601;LD2;5.50321691303276e-07
30900659;LD2;2.3805521035328e-05
30900692;LD2;6.60146067734614e-05
30900722;LD2;2.34395003940652e-05
30900731;LD2;0.000752410146836432
30900761;LD2;4.51514217136956e-05
30900776;LD2;5.68001001147699e-05
30900872;LD2;5.17462355951823e-05
30900881;LD2;1.1147007227167e-05
30900894;LD2;0.000307739119524654
30900899;LD2;0.00018309609264831
30900959;LD2;2.88186556393407e-07
44590322;LD2;1.13622168110371e-05
44590406;LD2;2.53009637195253e-07
44590502;LD2;7.99871184046479e-06
44590511;LD2;4.45969025103074e-06
44590523;LD2;1.56322735840854e-05
44590529;LD2;1.56393019931709e-06
44590589;LD2;4.93906116763665e-06
46578937;LD2;2.64052903668191e-07
46578997;LD2;3.6122466304909e-05
46579003;LD2;4.05765257528195e-05
46579015;LD2;9.38507153359708e-05
46579024;LD2;8.57384439486893e-06
46579120;LD2;3.57829903261555e-05
46579204;LD2;4.79166747394477e-06
50203150;LD2;6.09257893439176e-06
50203183;LD2;3.95875852491865e-05
50203213;LD2;4.67740357469083e-07
50203222;LD2;2.63676224786011e-05
50203252;LD2;0.000141044552571145
50203267;LD2;2.42055275717451e-05
50203363;LD2;9.7038625317401e-08
50203385;LD2;4.74429481948911e-05
50203390;LD2;1.20044533208951e-05
50203450;LD2;2.08288197637924e-06
53926746;LD2;1.29917433080537e-06
53926779;LD2;5.68421914138565e-06
53926809;LD2;1.95337768249802e-06
53926818;LD2;0.000149596815229153
53926823;LD2;1.45218863336068e-05
53926848;LD2;1.02831386764812e-06
53926863;LD2;2.02029130451419e-05
53926959;LD2;7.71340553560941e-05
53926968;LD2;3.39064588886153e-06
53926981;LD2;3.14764958638489e-06
53926986;LD2;0.000141749022381104
53927046;LD2;1.20421058447612e-05
63751726;LD2;3.01106824104596e-06
63751756;LD2;1.9547949892298e-05
63751765;LD2;7.93289173748921e-05
63751810;LD2;0.000112877916841232
63751928;LD2;1.42931511088727e-05
63751933;LD2;2.38366777351314e-05
63751993;LD2;3.90421581222942e-05
63752024;LD2;1.50994160860722e-05
73361286;LD2;0.000108218819267448
73361346;LD2;2.10415642068604e-05
73361351;LD2;1.60852527727395e-05
73361364;LD2;0.000206278194631864
73361373;LD2;7.44143807448007e-05
73361514;LD2;0.000764229839767115
73361523;LD2;1.55108309853286e-05
73361586;LD2;0.000202530511648636
80276394;LD2;0.000203407047868358
80276396;LD2;8.98339919783378e-05
80276454;LD2;0.000168527866821967
80276456;LD2;0.000481105999969541
80276459;LD2;5.53065260143859e-05
80276462;LD2;0.000679507200648782
80276472;LD2;7.16366907186813e-05
80276474;LD2;1.44212344164904e-05
80276481;LD2;9.9912389242532e-05
80276483;LD2;3.85797359626451e-06
80276577;LD2;0.000134338653465794
80276579;LD2;0.000749923528768889
80276592;LD2;7.07965002986956e-05
80276622;LD2;5.91387360587269e-06
80276631;LD2;4.04516664669445e-05
80276661;LD2;0.000435729061327144
80276663;LD2;0.000132365752213472
80276694;LD2;2.00966465586516e-05
87212103;LD2;4.63566437718431e-05
87212163;LD2;9.95545454429325e-06
87212168;LD2;1.04649187234718e-07
87212181;LD2;3.15480070366912e-06
87212190;LD2;1.18081853748465e-05
87212286;LD2;1.52963808885043e-07
87212301;LD2;9.13098711739823e-06
87212331;LD2;2.32413574880049e-05
87212340;LD2;3.95260805952858e-05
87212370;LD2;2.4135106412559e-05
87212403;LD2;3.52849405713691e-05
90826421;LD2;1.02682292787763e-05
90826493;LD2;0.000144088380197037
90826523;LD2;6.107042525215e-08
90826538;LD2;1.22013425251162e-05
90826634;LD2;0.000278002503326574
90826643;LD2;8.62048760467255e-05
90826656;LD2;3.91901434928471e-08
90826661;LD2;2.55065491234317e-05
90826721;LD2;0.000196720093055571
92629309;LD2;3.84131374219795e-07
92629369;LD2;0.000900150957225423
92629374;LD2;0.00114364706077605
92629387;LD2;5.66071658370393e-05
92629396;LD2;3.46529059807541e-06
92629492;LD2;6.77421492699639e-06
92629507;LD2;0.000627268971191495
92629537;LD2;0.000136379472053977
92629546;LD2;8.56756860678365e-07
92629576;LD2;0.000945379031113021
92629609;LD2;0.000327248904863442
92827854;LD2;0.000137170830803833
92827869;LD2;3.47343155377541e-05
92827899;LD2;0.000429228163521915
92827908;LD2;8.20968547044362e-07
92827971;LD2;0.000123010292194267
93339659;LD2;0.000120651651396213
93339719;LD2;9.24719629268343e-05
93339724;LD2;0.00063791917891887
93339737;LD2;3.51795450497054e-07
93339746;LD2;0.000617512316535587
93339842;LD2;0.00125955652677002
93339857;LD2;0.000142278568660801
93339887;LD2;9.46120921677742e-06
93339896;LD2;0.000156197921611573
93339926;LD2;1.58280391442861e-06
93339959;LD2;9.06264779785417e-05
94609755;LD2;2.78087133107183e-05
94609815;LD2;0.000108510901040619
94609833;LD2;2.06404312281055e-08
94609842;LD2;1.76572914008228e-05
94609983;LD2;1.33168342199981e-08
94609992;LD2;5.08761105406654e-06
94610022;LD2;7.9832666261451e-06
94610055;LD2;2.38980840339739e-05
96049296;LD2;3.92494040635784e-06
96049329;LD2;5.34854690621337e-08
96049359;LD2;6.31515231223496e-07
96049368;LD2;4.80030382759196e-06
96049398;LD2;1.4516349497435e-06
96049413;LD2;2.21612715367887e-06
96049509;LD2;2.42765651804427e-06
96049518;LD2;4.80889071980063e-06
96049531;LD2;1.68790608326007e-07
96049536;LD2;2.32732309253926e-05
96049596;LD2;1.68633366957278e-08
99382031;LD2;7.64296718258945e-06
99382096;LD2;9.6237193103137e-06
99382109;LD2;1.30013968692821e-05
99382118;LD2;6.39415093212568e-05
99382214;LD2;1.50455957582615e-05
99382229;LD2;7.15799172214833e-05
99382259;LD2;1.8368720093191e-06
99382268;LD2;0.000201448040783247
99382298;LD2;1.89233709796169e-05
99382331;LD2;1.10942670378144e-06
104628707;LD2;4.39015751687602e-05
104628767;LD2;7.28524973752579e-05
104628772;LD2;0.000200445341581406
104628785;LD2;0.000381068202861821
104628794;LD2;2.35818151319112e-05
104628885;LD2;1.68076836514502e-06
104628900;LD2;0.000380372017059185
104628930;LD2;1.32381826682775e-05
104628939;LD2;0.000103963140792608
104628969;LD2;2.83396501253778e-05
104629002;LD2;0.000242050709483092
110944180;LD2;9.45195685281517e-06
110944210;LD2;9.94921161969491e-07
110944264;LD2;4.28623183010617e-09
110944360;LD2;8.97113300024972e-06
110944369;LD2;3.73057234584053e-06
110944381;LD2;1.14713004238423e-06
110944387;LD2;8.48967498467952e-05
110944448;LD2;1.51614483612917e-05
112926190;LD2;2.58998311804411e-05
112926250;LD2;4.68716393275308e-05
112926255;LD2;2.41288459194725e-05
112926268;LD2;9.62232478468081e-06
112926373;LD2;1.59253328307591e-05
112926388;LD2;0.000121699273445039
112926418;LD2;4.39406152115986e-05
112926427;LD2;5.20840357756285e-05
112926457;LD2;0.000134899012626905
112926490;LD2;0.000147616050405038
120201215;LD2;8.24873774906243e-05
120201275;LD2;0.000160767087184277
120201280;LD2;0.00053730865824976
120201293;LD2;3.81744974246369e-05
120201398;LD2;0.000179687389588848
120201413;LD2;0.000309640265783981
120201443;LD2;5.39068403503564e-05
120201452;LD2;0.000349079239578318
120201482;LD2;5.39618146519612e-05
120201515;LD2;0.000812299763692556
135832157;LD2;9.33558800257487e-06
135832217;LD2;7.01394175632211e-06
135832223;LD2;2.72464539142928e-09
135832235;LD2;2.25433198983346e-05
135832244;LD2;1.35894201014707e-06
135832340;LD2;1.91302784919048e-07
135832424;LD2;3.94324549947914e-05
143427796;LD2;2.54687712360878e-06
143427856;LD2;0.00019188496052032
143427874;LD2;1.76358880818132e-06
143428024;LD2;8.14060655487036e-06
143428063;LD2;4.2085415837012e-05
143428096;LD2;0.000874043548118134
157231855;LD2;6.14851176982739e-05
157354709;LD2;1.97346539793645e-06
157354742;LD2;2.85415791333574e-07
157354772;LD2;2.28237903665847e-05
157354781;LD2;1.54094214509851e-05
157354811;LD2;0.000100547028070793
157354826;LD2;3.90891330745443e-05
157354922;LD2;7.51759970790853e-06
157354931;LD2;1.46060195992638e-05
157354944;LD2;6.03587211367105e-06
157354949;LD2;3.7392570023907e-06
157355009;LD2;5.15330380854707e-05
180039107;LD2;8.27736712669904e-09
180039202;LD2;3.06526292850719e-05
180039233;LD2;3.56532530794167e-05
180039269;LD2;8.39767521826271e-06
180039291;LD2;6.49753125097097e-07
182931965;LD2;1.90959345942927e-05
182931970;LD2;9.86638095092907e-07
182931983;LD2;4.08266305336239e-05
182931992;LD2;1.23151378610749e-05
182932088;LD2;7.28511148196042e-08
182932103;LD2;5.5115177115848e-07
182932133;LD2;0.000111800511513876
182932142;LD2;6.95468994965612e-07
182932172;LD2;1.82357159156853e-06
182932205;LD2;9.87649017285601e-05
189592041;LD2;6.73137554366587e-05
189592074;LD2;0.000103658916979649
189592104;LD2;5.24356253537693e-05
189592143;LD2;5.90084055080143e-05
189592158;LD2;2.18260286814899e-05
189592254;LD2;5.01542088763544e-06
189592263;LD2;3.47308858911165e-05
189592341;LD2;0.000122610815257343
196022805;LD2;7.23731021006863e-06
196022865;LD2;8.07146043346117e-06
196022870;LD2;5.57532921124888e-07
196022883;LD2;2.08049137311359e-05
196022892;LD2;5.1960702352129e-05
196022898;LD2;5.99395347437444e-05
196022988;LD2;4.95634135567319e-05
196023003;LD2;1.37414836034428e-05
196023033;LD2;4.74252848411202e-05
196023042;LD2;2.29964820693223e-06
196023072;LD2;3.228596777386e-05
196023105;LD2;2.19335993212132e-05
203859695;LD2;9.19887207836414e-05
203859728;LD2;7.88093626039998e-07
203859758;LD2;7.95416175808885e-06
203859767;LD2;2.91042498301676e-05
203859797;LD2;2.27253347238575e-05
203859908;LD2;3.65663837807508e-09
203859917;LD2;3.73791418037624e-06
203859930;LD2;1.18009485241933e-05
203859935;LD2;2.88253000183536e-06
203859995;LD2;0.000109701325429681
213421505;LD2;3.49351097378351e-05
213421565;LD2;7.69816491356644e-06
213421570;LD2;0.000113336250764092
213421583;LD2;0.000465039827008725
213421592;LD2;5.85493341558359e-05
213421598;LD2;7.70622513668793e-06
213421688;LD2;9.65213699641231e-05
213421703;LD2;7.21065954118277e-09
213421742;LD2;2.00287708884843e-05
213421805;LD2;0.000381192698651069
215516249;LD2;3.57178750669349e-05
215516254;LD2;6.66127756445203e-05
235467566;LD2;8.66352203389692e-05
235467626;LD2;1.61557918464445e-06
235467632;LD2;3.59927627440254e-05
235467644;LD2;0.000184393053472602
235467653;LD2;2.50614056933851e-05
235467749;LD2;5.69775623714939e-06
235467833;LD2;0.000362882817268652
252712947;LD2;0.000264435018340949
252712978;LD2;4.10594243891133e-05
252712980;LD2;4.60430458794332e-05
252713008;LD2;5.77709746051331e-06
252713010;LD2;8.63809996639667e-05
252713019;LD2;4.43446080138872e-06
252713049;LD2;4.29759108902192e-05
252713062;LD2;1.49800452556932e-05
252713064;LD2;7.79371002854732e-08
252713158;LD2;2.80163740356284e-06
252713160;LD2;0.000308407407184242
252713167;LD2;0.000161638918618198
252713169;LD2;6.70413955272377e-05
252713179;LD2;5.00112328232731e-05
252713182;LD2;0.000861100700973243
252713185;LD2;4.73453329190925e-05
252713187;LD2;7.18260312881395e-05
252713205;LD2;1.83062656540925e-05
252713245;LD2;1.86344495086306e-05
252713247;LD2;0.000364673774436442
255639994;LD2;6.50600292408077e-05
255640054;LD2;0.00025243358007165
255640059;LD2;0.000161615338557781
255640072;LD2;7.28972588162056e-06
255640177;LD2;2.02028373625958e-06
255640192;LD2;0.000263362630537932
255640222;LD2;7.71988521218828e-06
255640231;LD2;3.5030792848575e-05
255640261;LD2;4.74347061815743e-05
255640294;LD2;0.000156924677613413
256763796;LD2;6.05797183222944e-05
256763856;LD2;0.000101564539987169
256763861;LD2;6.07334715226698e-05
256763883;LD2;8.63305212024597e-05
256763994;LD2;6.92319236636701e-06
256764033;LD2;3.47545686275828e-05
256764063;LD2;3.55787839707958e-05
256764096;LD2;5.46407289052159e-07
293199208;LD2;4.01217580259478e-05
293199221;LD2;0.000409995910168932
293199326;LD2;0.00014897316313872
293199341;LD2;7.40421054314116e-06
293199371;LD2;0.000149019015514096
293199380;LD2;1.4070506118552e-07
293199443;LD2;0.000685190144164292
294351171;LD2;0.000503157176485447
294351231;LD2;0.000177355651655661
294351237;LD2;0.000514107246627763
294351249;LD2;8.49455797856072e-07
294351354;LD2;8.35348915836531e-07
294351408;LD2;3.46456949720107e-06
294351438;LD2;7.02506081968584e-05
303581411;LD2;2.62440827482435e-05
303581441;LD2;9.40346714415456e-07
303581495;LD2;6.83701419111711e-05
303581600;LD2;1.56059674480239e-05
303581612;LD2;5.31865080347282e-05
303581678;LD2;3.8733799566968e-07
308414370;LD2;2.66574672092105e-06
308414430;LD2;3.70868050070815e-05
308414436;LD2;0.000184418490671032
308414448;LD2;0.000105813731997537
308414457;LD2;0.000341750351629036
308414553;LD2;5.68634183800471e-05
308414636;LD2;8.80559757170408e-05
317023697;LD2;0.000112789565952229
317023757;LD2;0.000175640084902926
317023775;LD2;3.88369913062892e-06
317023880;LD2;1.10114340930492e-06
317023964;LD2;0.000114245823186946
322289809;LD2;4.59069772219889e-06
322289842;LD2;7.57419544411949e-05
322289872;LD2;1.30553863466451e-05
322289911;LD2;8.01682221110603e-05
322289926;LD2;6.39314344175927e-06
322290022;LD2;7.8394565400071e-06
322654507;LD2;0.000271486168455689
322654540;LD2;1.69287388906563e-05
322654570;LD2;6.19849371016647e-06
322654579;LD2;0.000375365171075532
322654609;LD2;4.21600142951981e-05
322654624;LD2;5.09080055790804e-06
322654720;LD2;0.000193912056905991
322654729;LD2;0.000157835872589163
322654742;LD2;0.000227655911925375
322654747;LD2;0.000427921780772084
322654807;LD2;0.00010588984029944
328365572;LD2;0.000328363490719029
328365632;LD2;0.000254017233096637
328365637;LD2;3.2156833903511e-05
328365650;LD2;3.44127462667762e-05
328365659;LD2;0.000142131304965862
328365755;LD2;4.22402730267871e-05
328365770;LD2;1.27728034796391e-05
328365800;LD2;8.81045600605755e-09
328365809;LD2;9.34890392130387e-06
328365839;LD2;4.44221407101896e-05
328365872;LD2;3.6331153288262e-05
345031571;LD2;2.36042687922363e-06
345031601;LD2;8.60714150891423e-05
345031655;LD2;0.000113271734444694
345031751;LD2;0.000233472339230194
345031760;LD2;2.32073332876384e-05
345031778;LD2;1.43827218489315e-08
345031838;LD2;3.29230450421509e-05
345474417;LD2;7.63328585912166e-06
345474419;LD2;0.000132481221769978
345474477;LD2;5.96304028161748e-06
345474479;LD2;2.95397000396081e-05
345474482;LD2;2.0695876462758e-06
345474485;LD2;0.000177066885648214
345474495;LD2;2.85519307043388e-06
345474497;LD2;4.48008801807526e-06
345474504;LD2;6.25828556038769e-05
345474506;LD2;1.03121291430389e-05
345474600;LD2;4.70340758955792e-05
345474602;LD2;6.24050562809266e-08
345474615;LD2;5.98037661336999e-07
345474645;LD2;7.66545215403712e-05
345474654;LD2;6.44840657626694e-05
345474656;LD2;7.55126665950088e-06
345474684;LD2;0.0001195684304877
345474686;LD2;4.52061864510508e-05
345474717;LD2;2.49004808224612e-07
345551934;LD2;8.92782789221388e-07
345551994;LD2;1.19650164904118e-05
345551999;LD2;1.10177430242044e-06
345552012;LD2;2.64018834044607e-05
345552021;LD2;3.93666835552456e-06
345552132;LD2;1.8725291563076e-05
345552162;LD2;4.60641382012485e-05
345552171;LD2;4.79734396109306e-05
345552201;LD2;6.00199255703761e-07
345552234;LD2;3.82648138234964e-06
347727528;LD2;5.41729870511823e-05
347727558;LD2;2.30183683814473e-07
347727612;LD2;5.08996796831692e-05
347727717;LD2;9.1561268030832e-06
347727729;LD2;2.27698562834023e-05
347727735;LD2;0.000242703768793508
347727795;LD2;6.09567840749925e-05
350047011;LD2;1.35276075829526e-05
350047074;LD2;8.56763902399317e-05
350047083;LD2;9.74199157217595e-05
350047113;LD2;0.000316937079356957
350047128;LD2;6.47927328780593e-05
350047247;LD2;0.000497563108639428
350047252;LD2;9.40322057896499e-06
350047312;LD2;2.25075260534164e-07
353011275;LD2;5.63830464209479e-05
353011335;LD2;0.000118001609539674
353011340;LD2;8.37156672282289e-05
353011353;LD2;1.59955551950609e-06
353011362;LD2;4.75469170155102e-05
353011458;LD2;0.000143831965321204
353011473;LD2;0.000149045398318704
353011503;LD2;4.00216069804775e-05
353011512;LD2;6.39845527861694e-09
353011542;LD2;8.12759602891289e-06
353011575;LD2;1.39328092154078e-07
354992813;LD2;8.13523588519747e-05
354992843;LD2;2.20517845116009e-05
354992897;LD2;5.87632974676408e-05
354993002;LD2;2.00971391857495e-06
354993020;LD2;7.63877549756725e-09
361030658;LD2;4.77531540242043e-06
361030718;LD2;6.4758141972711e-05
361030736;LD2;5.93862752367032e-05
361030745;LD2;1.02126960073122e-06
361030841;LD2;3.73159859678669e-06
361030856;LD2;3.28247377865572e-05
361030886;LD2;1.73363745510483e-07
361030895;LD2;2.47676976945638e-05
361030925;LD2;3.41128866321551e-07
361030958;LD2;7.93281377304257e-06
362266209;LD2;1.30536104834121e-07
362266274;LD2;2.08918252492219e-05
362266287;LD2;3.17635234029574e-07
362266296;LD2;0.000130032303444777
362266380;LD2;3.71143722600616e-07
362266395;LD2;5.28583737592241e-06
362266425;LD2;7.16660248977559e-08
362266434;LD2;1.19067820150324e-05
362266464;LD2;5.46691545839326e-07
362266497;LD2;1.17605026464948e-05
362454264;LD2;0.000312492757828831
362454297;LD2;0.000791843145666748
362454327;LD2;1.28629539595914e-05
362454336;LD2;0.000113536088789579
362454366;LD2;0.000509041288465661
362454381;LD2;0.000370826343406045
362454477;LD2;7.0203267886763e-05
362454486;LD2;4.05387296810306e-05
362454499;LD2;5.57407749576601e-05
362454504;LD2;0.00012019416897197
362454564;LD2;5.17307755396799e-08
362724710;LD2;0.000326119905076279
362724715;LD2;0.000293165416850608
362724728;LD2;3.0131576951403e-06
362724833;LD2;2.10775602581413e-05
362724848;LD2;5.76093470914603e-06
362724878;LD2;2.87617463428598e-07
362724887;LD2;1.22141532640123e-06
362724917;LD2;5.54237846193961e-05
362724950;LD2;2.65706109846026e-07
362766447;LD2;2.81983438185916e-05
362766512;LD2;7.97914006954897e-05
362766534;LD2;2.36426487764657e-06
362766624;LD2;9.0778434400659e-05
362766630;LD2;2.10268772847604e-06
362766645;LD2;2.38601094711873e-05
362766675;LD2;1.00663875831438e-06
362766684;LD2;6.94501923698654e-05
362766714;LD2;8.62918661660361e-06
362766747;LD2;0.000103790035958177
363566286;LD2;6.79765082089223e-06
363566319;LD2;0.000431682348465087
363566349;LD2;4.58717354760474e-06
363566358;LD2;0.00024509128256237
363566388;LD2;0.000452577317202167
363566403;LD2;0.000267878544764478
363566508;LD2;0.000377864397026859
363566521;LD2;9.99499934591811e-05
363566526;LD2;0.000143374196753881
363566559;LD2;1.05157387057066e-07
363566586;LD2;0.000357223929955374
363695997;LD2;0.000667972088502098
363696120;LD2;1.69400592967574e-06
363696165;LD2;7.18018241185183e-05
363696174;LD2;4.71623612792225e-06
363696204;LD2;0.000579422667477597
363696237;LD2;9.5428844675478e-05
365581136;LD2;0.000452624848675156
365581166;LD2;1.78943796096034e-06
365581205;LD2;0.000138233581360748
365581338;LD2;0.000236175051146874
365581403;LD2;0.000130535309769173
366156011;LD2;0.000152285393115991
366156076;LD2;2.36830251908686e-06
366156098;LD2;5.29488390649996e-06
366156194;LD2;2.72850334404046e-06
366156209;LD2;5.62029213096352e-07
366156239;LD2;5.2863052116931e-05
366156248;LD2;3.11266803456049e-05
366156278;LD2;4.01412515571067e-05
366156311;LD2;1.68090054751385e-06
367826875;LD2;3.11902999104771e-06
367826902;LD2;1.71858804638407e-06
367826938;LD2;5.07911763204363e-08
367826946;LD2;4.14265792527712e-07
367826965;LD2;0.000171234638326796
367826974;LD2;2.53813953509489e-07
367826992;LD2;1.7154748602551e-06
367827088;LD2;0.000131422900921921
367827097;LD2;0.000322825902140603
367827109;LD2;2.29815492924298e-08
367827115;LD2;0.000127689716398501
369936378;LD2;4.76076237603586e-05
369936438;LD2;2.16189446746358e-06
369936443;LD2;5.89287590214091e-05
369936465;LD2;0.000720704673051192
369936561;LD2;4.32550213002994e-05
369936576;LD2;0.00044090859552552
369936606;LD2;0.000537964453844077
369936615;LD2;0.000672571763366263
369936645;LD2;0.000112818476114522
369936678;LD2;0.000365146890967215
372690292;LD2;6.44511413678128e-05
372690325;LD2;3.36237836495569e-06
372690355;LD2;0.000986121580800979
372690364;LD2;9.86303820917455e-05
372690394;LD2;2.38827693428746e-05
372690409;LD2;9.08151320302761e-05
372690514;LD2;9.2516723699194e-06
372690527;LD2;2.41854958865868e-05
372690532;LD2;1.13958587606169e-05
372690592;LD2;3.1683271907066e-05
374350261;LD2;4.18540785350278e-05
374350345;LD2;0.000276733060075439
374350441;LD2;1.46738948737963e-05
374350450;LD2;9.83548679010569e-05
374350462;LD2;0.000286034573152306
374350468;LD2;0.000154630845302763
374350528;LD2;4.42578513495173e-05
380553539;LD2;2.84089865645083e-07
380553599;LD2;0.000241645302601745
380553604;LD2;2.9388951071081e-07
380553626;LD2;0.000233569412126393
380553722;LD2;9.57074969227098e-10
380553737;LD2;0.000373302212187223
380553767;LD2;0.000121414811261027
380553776;LD2;0.000128759683822298
380553839;LD2;3.26735409058594e-06
387117110;LD2;0.000153205600532803
387117194;LD2;9.47883724604992e-05
387117290;LD2;1.72560664217346e-05
387117299;LD2;5.22622858885473e-08
387117312;LD2;0.000115355597498622
387117318;LD2;0.000167180217249934
387117378;LD2;4.71539004766187e-05
391842461;LD2;0.000493598628617978
391842494;LD2;6.14867769900986e-05
391842524;LD2;1.66447322318206e-06
391842533;LD2;2.63127787706989e-05
391842674;LD2;6.2629134558769e-05
391842683;LD2;2.30846570839887e-05
391842761;LD2;0.000137690655567292
394517523;LD2;8.35885712298567e-06
394629770;LD2;3.10255736639135e-05
394629830;LD2;1.78750066742613e-05
394629835;LD2;5.19077834392549e-05
394629848;LD2;2.44915881605839e-05
394629857;LD2;4.65729958746947e-05
394629953;LD2;3.1713934638668e-06
394629968;LD2;1.90905604775551e-06
394629998;LD2;7.86372301764918e-06
394630007;LD2;3.35233182150271e-05
394630037;LD2;7.23556893664678e-07
394630070;LD2;1.26702031959705e-05
397350771;LD2;1.69191682718149e-05
397350831;LD2;3.62585802427367e-05
397350849;LD2;5.62440957703466e-05
397350858;LD2;0.000245140667885601
397350969;LD2;0.00023975969653327
397351008;LD2;5.08361809858124e-05
397351071;LD2;0.000184408919469022
398420974;LD2;1.70108163652892e-06
398421034;LD2;0.000268773788427215
398421039;LD2;5.00956252491754e-05
398421052;LD2;0.000557553417684828
398421061;LD2;5.48628804497108e-05
398421157;LD2;2.93044135120081e-05
398421172;LD2;6.7887387850869e-05
398421202;LD2;0.00014555739125121
398421211;LD2;1.97194151085229e-05
398421274;LD2;1.88339359561824e-07
398672729;LD2;1.79102827135985e-05
398672789;LD2;0.000139977393807036
398672794;LD2;5.61933141880681e-06
398672807;LD2;7.61336275005467e-05
398672816;LD2;0.000138834076538715
398672912;LD2;4.81610173274642e-08
398672927;LD2;4.8955512516471e-05
398672957;LD2;5.21031986070429e-05
398672966;LD2;5.98450236514655e-06
398672996;LD2;6.91307511253935e-05
398673029;LD2;0.000200226468161254
403797086;LD2;6.01163434846593e-07
403797119;LD2;2.59568639849627e-05
403797149;LD2;0.00045779667286462
403797171;LD2;0
403797188;LD2;1.36377919370825e-05
403797203;LD2;4.65603551131681e-06
403797299;LD2;0.00103907593869657
403797308;LD2;0.000173220652277753
403797321;LD2;0.000146062476186494
403797386;LD2;2.52476064167628e-05
407562911;LD2;7.3486195658625e-05
407562971;LD2;5.2275489095354e-05
407562976;LD2;8.72070536867946e-09
407562989;LD2;1.24435462217018e-05
407562998;LD2;8.0333297873198e-05
407563094;LD2;1.09036976475844e-05
407563109;LD2;4.0585533615319e-05
407563139;LD2;0.000121146120210974
407563148;LD2;5.94641995149524e-07
407563178;LD2;0.000240874370877735
407563211;LD2;4.89481759041047e-06
409635420;LD2;5.15379093963134e-05
409635444;LD2;1.76059370606063e-05
409635446;LD2;0.000936340111974459
409635451;LD2;0.000209367904782779
409635453;LD2;6.50495729193775e-05
409635481;LD2;1.69717779027227e-06
409635483;LD2;0.000213040885609224
409635492;LD2;5.2536787072832e-05
409635522;LD2;2.59409112934991e-05
409635631;LD2;4.62576318405934e-06
409635633;LD2;1.77145352124496e-07
409635640;LD2;2.65166688652525e-06
409635642;LD2;0.000238689254638658
409635652;LD2;5.01026797827457e-05
409635655;LD2;0.000142448005886975
409635658;LD2;6.73504823248999e-05
409635660;LD2;0.000331259419554684
409635718;LD2;4.00346105793872e-05
409635720;LD2;6.96833871333154e-05
411478991;LD2;5.56912950912384e-06
411479021;LD2;1.51450928122514e-05
411479075;LD2;0.000230237437603909
411479192;LD2;3.44620502643936e-05
411479198;LD2;1.48490951466982e-05
411479258;LD2;1.06846450667516e-05
411976152;LD2;7.00568007525446e-07
411976185;LD2;3.96246501866169e-05
411976215;LD2;4.65385854083141e-05
411976254;LD2;1.31676722297375e-05
411976269;LD2;3.69983514616079e-06
411976365;LD2;1.85720996602036e-05
411976387;LD2;8.58874001346607e-05
411976452;LD2;7.64656128839741e-05
418283705;LD2;4.36345054686047e-05
418283765;LD2;4.00333848256652e-05
418283770;LD2;4.47845936959313e-05
418283888;LD2;5.57507276722417e-05
418283903;LD2;2.2008978966018e-05
418283933;LD2;2.80754963473547e-05
418283942;LD2;7.05786174064764e-06
418283972;LD2;1.49943710492934e-05
418284005;LD2;1.99866808393619e-06
421707916;LD2;4.64671493492994e-06
421707949;LD2;5.69791516834061e-06
421707979;LD2;2.22573595730193e-06
421707988;LD2;0.000145179802031689
421708018;LD2;0.000168883397247807
421708033;LD2;5.11392245406624e-06
421708129;LD2;6.08364661568509e-05
421708138;LD2;0.000140788901228094
421708151;LD2;6.29911922779219e-05
421708156;LD2;2.16345561474068e-05
421708216;LD2;6.19604868931865e-05
421842843;LD2;3.8831144825206e-05
421842903;LD2;6.79546778331467e-05
421842908;LD2;2.65352037838735e-05
421842921;LD2;1.55621600923646e-06
421842930;LD2;4.02634281141892e-05
421843026;LD2;1.59466897080238e-05
421843041;LD2;1.03950195951495e-05
421843071;LD2;9.65645363598337e-05
421843080;LD2;2.38412583494866e-05
421843110;LD2;3.1749045851526e-06
421843143;LD2;1.36761237083153e-05
424579018;LD2;3.76895676320189e-05
424579051;LD2;5.73521578069056e-05
424579081;LD2;6.54883694607251e-05
424579090;LD2;0.000218431590029772
424579120;LD2;9.39132783953936e-06
424579135;LD2;1.69223696487367e-06
424579231;LD2;3.2847900375062e-05
424579240;LD2;3.60270259974175e-05
424579253;LD2;4.3565835375082e-05
424579258;LD2;1.19806958241437e-06
424579318;LD2;2.7442628082804e-06
425710019;LD2;2.31684498233802e-05
425710079;LD2;6.56247016590523e-05
425710106;LD2;4.22136776528695e-09
425710202;LD2;8.84148393364034e-06
425710217;LD2;0.0001654487699842
425710247;LD2;0.000180655875095003
425710256;LD2;5.7354261472819e-05
425710286;LD2;6.40652216483042e-06
425710319;LD2;3.02027080833614e-06
429142689;LD2;6.74489246359201e-06
429142749;LD2;4.81400727252464e-07
429142754;LD2;0.000145697279695091
429142767;LD2;7.24442743575451e-07
429142776;LD2;0.000720612989481969
429142782;LD2;0.000102452355218839
429142872;LD2;9.31030212373445e-05
429142887;LD2;0.000246437397479961
429142917;LD2;4.15928565499275e-05
429142926;LD2;3.2446400760628e-06
429142956;LD2;2.6761744746935e-05
429142989;LD2;3.02863639755355e-06
431236973;LD2;2.05802752029482e-07
431237033;LD2;4.04836601680102e-05
431237038;LD2;3.84629396178302e-05
431237051;LD2;4.91323313191934e-06
431237060;LD2;0.000104966478820025
431237156;LD2;2.77448331674584e-06
431237171;LD2;0.000103044508950038
431237201;LD2;2.69529219491213e-05
431237210;LD2;1.61525368548094e-07
431237240;LD2;7.12471950884702e-05
431237273;LD2;0.000181961390141562
431393348;LD2;8.55505414747089e-05
431393381;LD2;0.000105438693313135
431393411;LD2;5.12570125086603e-05
431393420;LD2;4.60546791609807e-05
431393450;LD2;0.00020067565022572
431393465;LD2;6.57609502277276e-06
431393555;LD2;4.57009330839301e-05
431393561;LD2;5.26388137100432e-05
431393570;LD2;4.925309637763e-06
431393583;LD2;2.05011889126807e-07
431393588;LD2;5.39458622533061e-05
431393648;LD2;0.000120249632247642
432900923;LD2;0.000222792349403047
432900983;LD2;0.000206939418344469
432900989;LD2;0.000210141009652184
432901001;LD2;2.97343726018598e-05
432901010;LD2;1.67044571196859e-07
432901190;LD2;9.94009431667761e-05
433717664;LD2;6.80427780046033e-05
433717729;LD2;0.00024662345284484
433717847;LD2;0.000115332467729169
433717862;LD2;0.000135701607855593
433717892;LD2;0.000323248985188354
433717901;LD2;4.98589022588563e-08
433717964;LD2;5.10904079952396e-05
437274985;LD2;2.24426649971175e-05
437275045;LD2;6.15885659048755e-06
437275051;LD2;8.50124289245634e-08
437275063;LD2;0.000176154735015674
437275072;LD2;0.000475012093167502
437275168;LD2;1.46719568706392e-06
437275222;LD2;0.000258429874855668
437275252;LD2;7.59779217893706e-05
437392474;LD2;4.8918384567558e-06
437392507;LD2;0.000146200318679939
437392537;LD2;4.25877450793291e-06
437392576;LD2;3.10914835207162e-05
437392591;LD2;2.37541870224757e-05
437392687;LD2;0.000267034022317619
437392696;LD2;0.000172049814099928
437392709;LD2;7.78679896482676e-05
437392714;LD2;6.59046028573524e-06
437392774;LD2;4.60218216596888e-05
440770356;LD2;1.13746404614562e-06
440770416;LD2;2.0528359146054e-05
440770421;LD2;6.12354748211352e-05
440770434;LD2;2.18829584739968e-07
440770443;LD2;4.46675881131308e-08
440770539;LD2;7.31286676647936e-06
440770554;LD2;5.0434175647632e-06
440770584;LD2;6.61735372864114e-06
440770593;LD2;9.12527790878462e-05
440770623;LD2;2.54748433980855e-05
440770656;LD2;2.71500884953562e-05
444608779;LD2;1.2710101963353e-07
444608812;LD2;6.78100511470398e-05
444608842;LD2;2.05065355290709e-06
444608851;LD2;0.000335604268382963
444608881;LD2;1.96752902392536e-05
444608896;LD2;1.62800680201232e-05
444608992;LD2;6.62781425838044e-06
444609001;LD2;1.5627459438668e-05
444609014;LD2;3.09844734875187e-05
444609079;LD2;6.80544335545392e-05
448031081;LD2;7.87533646931286e-05
448031141;LD2;2.44575572377113e-08
448031146;LD2;4.69385947721974e-06
448031159;LD2;8.20482303497418e-06
448031168;LD2;2.61892579102217e-06
448031264;LD2;1.24088478251128e-05
448031279;LD2;6.35873787601458e-07
448031309;LD2;1.07414745099567e-05
448031318;LD2;5.71652065811086e-08
448031348;LD2;2.28472680068104e-06
448031381;LD2;0.00015096077441722
456788748;LD2;2.21187117413258e-05
456788778;LD2;1.41977604614703e-05
456788832;LD2;1.06688694955292e-07
456788928;LD2;8.75273950304524e-05
456788937;LD2;2.96323255193407e-06
456788949;LD2;7.86826363053312e-06
456788955;LD2;1.07040081421206e-05
456789015;LD2;1.33048620753389e-05
457837597;LD2;3.75648377762506e-06
457837630;LD2;1.31055680262749e-05
457837660;LD2;2.60521272142112e-05
457837669;LD2;7.892466405654e-06
457837699;LD2;1.52304457538373e-07
457837714;LD2;2.42958640221436e-09
457837810;LD2;4.56437389583256e-05
457837819;LD2;2.1119374769884e-05
457837832;LD2;4.82888599548834e-05
457837837;LD2;2.5129893981618e-06
457837897;LD2;4.52522425529555e-05
458337954;LD2;0.00038541141301816
458338014;LD2;1.21357561463331e-05
458338019;LD2;0.000260924034984535
458338137;LD2;5.55686372950093e-06
458338152;LD2;1.2249741808359e-05
458338182;LD2;3.09432162565173e-06
458338254;LD2;2.58698112922205e-05
463828086;LD2;0.000248036053268502
463828146;LD2;0.000384339837387166
463828151;LD2;2.66155787402992e-05
463828164;LD2;4.14570750934788e-06
463828173;LD2;2.08103634111702e-05
463828269;LD2;0.000227129412548761
463828284;LD2;2.16820336919596e-05
463828314;LD2;2.24811780170945e-05
463828323;LD2;4.76024998649683e-06
463828353;LD2;0.000282898362041712
463828386;LD2;5.89232653797742e-05
465351892;LD2;3.83403063471153e-05
465351925;LD2;3.6237012770482e-08
465351955;LD2;0.000194551205935012
465351964;LD2;1.98383624524359e-06
465351994;LD2;2.60097007129262e-05
465352009;LD2;1.2769671021477e-05
465352105;LD2;3.67805499793217e-05
465352114;LD2;3.13119344329988e-05
465352127;LD2;4.34647099372522e-06
465352132;LD2;0.000122698299663087
465352192;LD2;6.75657514151208e-06
465584272;LD2;4.39894945296902e-06
465584305;LD2;5.27096870763376e-05
465584335;LD2;7.71896041066847e-05
465584344;LD2;0.000183794530153051
465584374;LD2;9.35634818885729e-05
465584389;LD2;0.000109904570090413
465584494;LD2;2.72820436410903e-05
465584507;LD2;0.000155164432020012
465584512;LD2;4.92881092986677e-06
465584572;LD2;5.24734277147412e-05
477992809;LD2;2.08371091089139e-06
477992869;LD2;7.33049211883233e-06
477992874;LD2;3.33628641494861e-06
477992887;LD2;1.35567888584143e-05
477992896;LD2;1.82880784272982e-05
477992992;LD2;5.48678151723759e-06
477993007;LD2;6.69238301798686e-05
477993037;LD2;0.000216571459719652
477993046;LD2;0.000123014454716308
477993076;LD2;4.51479208648964e-06
477993109;LD2;0.00012880915467912
484533169;LD2;6.17055253996398e-13
484533253;LD2;5.89720300635731e-05
484533349;LD2;6.17121160059974e-08
484533358;LD2;2.44664508347282e-05
484533370;LD2;2.59860801821365e-05
484533376;LD2;7.72993549420268e-07
484533436;LD2;2.14716268042523e-05
485087059;LD2;4.78177956874093e-05
485087125;LD2;1.66158128573766e-05
485087137;LD2;1.59435912446631e-06
485087146;LD2;0.00023442614747852
485087242;LD2;0.000147286590903597
485087296;LD2;8.87447441643932e-06
485087326;LD2;7.00500527753846e-06
486909928;LD2;8.75314776686027e-05
486909961;LD2;1.549128296556e-05
486909991;LD2;0.000169649980595653
486910000;LD2;1.05255261538673e-07
486910030;LD2;2.18008851731191e-05
486910045;LD2;8.76977001625577e-06
486910141;LD2;5.86786465917773e-06
486910150;LD2;2.3929307401461e-05
486910163;LD2;3.60112668613076e-05
486910168;LD2;2.09173212424747e-06
486910228;LD2;1.09625736580514e-07
493751043;LD2;1.76873081441396e-05
493751103;LD2;7.49110606407033e-05
493751108;LD2;0.000136851840978029
493751121;LD2;1.50236207189674e-05
493751130;LD2;1.35284367163215e-07
493751226;LD2;1.12578776235035e-05
493751241;LD2;2.17371691107214e-06
493751271;LD2;5.33791747317992e-05
493751280;LD2;6.31128880773967e-07
493751310;LD2;6.39890805470279e-05
493751343;LD2;2.87821905745541e-07
498680790;LD2;2.51181190397276e-07
498680838;LD2;4.78168835685087e-07
498680850;LD2;1.19114397804758e-06
498680856;LD2;5.91046845805778e-06
498680868;LD2;6.07735508595781e-06
498680877;LD2;2.75944505087059e-05
498680973;LD2;2.22644130543453e-07
498681027;LD2;4.40985121256093e-08
498681057;LD2;4.18021756737941e-06
500434611;LD2;2.25207468844029e-05
500434671;LD2;1.08103369983294e-05
500434676;LD2;8.36763451385415e-06
500434698;LD2;1.71559411531509e-05
500434794;LD2;0.000106222153958557
500434839;LD2;6.10602154661407e-08
500434848;LD2;0.00019502857927836
500434878;LD2;6.97910321697843e-05
500434911;LD2;0.000244694713914312
501330480;LD2;2.92850490869147e-07
501330482;LD2;1.54888912144047e-06
501330525;LD2;4.70192227537574e-06
501330540;LD2;1.41438357568331e-06
501330542;LD2;7.23236102940819e-06
501330545;LD2;2.76158845308247e-06
501330548;LD2;7.58993081968699e-07
501330563;LD2;2.21326602491832e-06
501330567;LD2;5.50775569381173e-06
501330569;LD2;1.58094144300217e-06
501330663;LD2;1.84259891052803e-06
501330665;LD2;2.46595562947108e-09
501330678;LD2;4.21944603498644e-05
501330680;LD2;3.81480255892142e-08
501330708;LD2;5.00641813641193e-06
501330710;LD2;3.25342519652486e-06
501330717;LD2;3.54726971787739e-07
501330719;LD2;1.77638663363977e-07
501330747;LD2;8.15583241580151e-06
501330749;LD2;1.38453006790797e-05
501330753;LD2;2.906151122806e-08
501330755;LD2;2.37613490807066e-06
501614588;LD2;5.03523882326421e-07
501614613;LD2;6.61574661187112e-07
501614615;LD2;3.32326790480834e-05
501614649;LD2;1.16071005926422e-05
501614651;LD2;2.07278135565799e-06
501614688;LD2;3.45044316548876e-07
501614690;LD2;1.84350246405005e-06
501614703;LD2;1.10537808023774e-05
501614705;LD2;6.51918147547988e-08
501614799;LD2;9.1694589777758e-06
501614801;LD2;1.44649218617784e-06
501614805;LD2;1.77404575747663e-05
501614808;LD2;7.21353220183433e-06
501614810;LD2;0.000209670939951666
501614820;LD2;5.47567556677566e-05
501614822;LD2;1.23879575054735e-05
501614826;LD2;2.81589179406668e-05
501614828;LD2;3.67942259554152e-05
501614886;LD2;5.45318779620701e-05
501614888;LD2;2.84541407695845e-05
502898829;LD2;0.000797688187640235
502898889;LD2;1.2047220496093e-06
502898894;LD2;0.000181301829593857
502898907;LD2;8.47769354651197e-07
502898916;LD2;0.000534838421934245
502899012;LD2;6.35653252875478e-06
502899027;LD2;0.000676126741725718
502899057;LD2;0.00029179939187728
502899066;LD2;1.25929455111974e-05
502899129;LD2;0.0015924163885915
503393100;LD2;8.57947202601807e-05
503393161;LD2;4.82162227482316e-05
503393166;LD2;3.93232511729212e-05
503393179;LD2;2.5307368871694e-05
503393188;LD2;1.08719581377162e-05
503393284;LD2;8.97217383429727e-07
503393299;LD2;1.68880134847528e-05
503393329;LD2;5.84760523240126e-05
503393338;LD2;6.18550442081382e-05
503393368;LD2;2.51081649400434e-06
503393401;LD2;8.28187728043098e-06
1695317;LD2;7.5539684813107e-06
1695377;LD2;6.69548192551592e-06
1695383;LD2;3.42624025290327e-05
1695395;LD2;1.64762425579081e-06
1695404;LD2;2.91835371678922e-06
1695500;LD2;3.96765966776223e-07
1695584;LD2;7.71945533118351e-10
2772114;LD2;3.49757796080947e-05
2772174;LD2;6.36973257522399e-05
2772180;LD2;0.00017866708811075
2772192;LD2;1.01993328748619e-05
2772201;LD2;7.4937675145803e-05
2772297;LD2;1.60436367771697e-05
2772381;LD2;1.64121985728836e-09
18946813;LD2;2.22925899919813e-06
18946846;LD2;4.47310569271883e-06
18946876;LD2;1.28451039099899e-06
18946885;LD2;2.93149942990306e-05
18946915;LD2;1.19425849280861e-06
18946930;LD2;7.2401205467689e-05
18947048;LD2;2.55351436754174e-06
18947053;LD2;1.49342001283683e-06
18947113;LD2;6.92811807533954e-05
24062193;LD2;0.00011435951369225
24062258;LD2;0.000114552431238398
24062271;LD2;9.72948668654099e-06
24062376;LD2;4.70229995966801e-05
24062391;LD2;0.000197622693089277
24062421;LD2;0.000203444662450044
24062430;LD2;2.93057250086091e-05
24062460;LD2;3.39642364126398e-05
24062493;LD2;0.000260741484910326
44147293;LD2;8.84830213636808e-05
44147326;LD2;2.36344885714333e-05
44147356;LD2;4.30119025143623e-05
44147365;LD2;0.000118818276225311
44147395;LD2;3.62451236304622e-06
44147410;LD2;7.35770664378397e-06
44147528;LD2;9.82659404105541e-06
44147533;LD2;0.000138812663930221
48699390;LD2;2.53013448583849e-05
48699423;LD2;0.000111588700561846
48699453;LD2;7.96990190189218e-07
48699492;LD2;6.20400078768295e-06
48699507;LD2;9.23894564150765e-05
48699625;LD2;8.50513733575321e-05
48699690;LD2;2.75701348790326e-05
57580126;LD2;2.26681980893981e-05
57580259;LD2;4.68707853271027e-05
57580298;LD2;2.28032700741458e-05
57580328;LD2;9.34866364758277e-05
57580361;LD2;8.03358253692949e-05
71760671;LD2;8.44927265963208e-05
71760683;LD2;5.35434184492327e-05
71760692;LD2;8.35620855683025e-06
71760788;LD2;1.00078121466452e-06
71760806;LD2;0.000114934222707267
71760815;LD2;2.48539908297087e-05
71760834;LD2;4.27080797810088e-08
71760842;LD2;0.000119400785514711
71760872;LD2;5.92258773489176e-08
71760878;LD2;0.000168199487372024
71760905;LD2;3.08463598693533e-07
72650480;LD2;3.93344575346034e-06
72650576;LD2;3.60144539123379e-05
72650591;LD2;2.01697998940651e-06
72650660;LD2;1.30713305547504e-06
72650693;LD2;6.10487238280282e-05
106656150;LD2;5.54925186649308e-05
106656162;LD2;1.00391358713827e-08
106656210;LD2;6.12296794527558e-05
106656215;LD2;4.4615468483321e-08
106656237;LD2;0.000111167728395429
106656333;LD2;4.20544811307525e-05
106656348;LD2;0.000104451686148259
106656378;LD2;0.000375181864384109
106656387;LD2;0.00011233895199998
106656417;LD2;3.18499284927848e-08
106656450;LD2;9.94125443801209e-05
127147989;LD2;2.65947492617501e-06
127148049;LD2;4.37523703146249e-05
127148054;LD2;3.00841697029222e-05
127148067;LD2;8.50816334954227e-06
127148076;LD2;6.14961380957924e-05
127148172;LD2;5.18677208839777e-05
127148187;LD2;3.2574134315332e-05
127148217;LD2;8.34229948217379e-05
127148226;LD2;1.08874327258835e-05
127148289;LD2;0.0003159092726491
136194876;LD2;0.000114278498735568
136194906;LD2;2.27197941871477e-05
136194960;LD2;7.25330056981569e-06
136195065;LD2;0.000130389994127728
136195077;LD2;2.78911686614558e-05
136195083;LD2;0.000250521817471542
136195143;LD2;4.78418658629099e-05
218720599;LD2;4.46512118620017e-12
218720664;LD2;2.76257959434902e-05
218720799;LD2;2.64810802360173e-05
220546062;LD2;9.7543044993014e-05
220546122;LD2;5.01087764572826e-07
220546127;LD2;0.00020539361365638
220546149;LD2;6.001146554144e-07
220546245;LD2;5.82089662151355e-06
220546260;LD2;0.00032068535792982
220546290;LD2;1.91583647832873e-05
220546299;LD2;9.68242966288745e-05
220546329;LD2;4.6114112749757e-05
220546362;LD2;7.6589881326733e-07
230222005;LD2;7.27989946518711e-06
230222092;LD2;1.96013098907206e-05
230222188;LD2;0.000142609266203512
230222203;LD2;0.000124985153031438
230222233;LD2;4.07583061421604e-06
230222305;LD2;6.90126249607959e-05
258817963;LD2;2.93351462149487e-06
258817996;LD2;3.25823173241445e-05
258818026;LD2;9.75886846354489e-05
258818035;LD2;2.75283596859945e-06
258818065;LD2;3.65389553584481e-05
258818080;LD2;2.50088445966705e-05
258818176;LD2;8.44903966792837e-06
258818198;LD2;0.000740674370792075
258818203;LD2;0.000182596263758091
258818263;LD2;4.26742354319321e-06
259311744;LD2;1.76119194291175e-05
259311804;LD2;0.000173315215445139
259311810;LD2;0.000248681558456894
259311822;LD2;7.19478653407554e-05
259311927;LD2;7.74142353512482e-06
259311942;LD2;6.44792625165896e-05
259311972;LD2;3.06202521565451e-05
259311981;LD2;2.8233203095041e-06
259312011;LD2;0.000828784132437234
259312044;LD2;0.000371672412395653
259448372;LD2;6.57454310064685e-07
259448432;LD2;0.000151519421187226
259448437;LD2;9.24488648019711e-06
259448555;LD2;0.000209778182785394
259448570;LD2;9.9791808771737e-05
259448600;LD2;0.000134547339252508
259448609;LD2;4.58437818937218e-07
259448639;LD2;2.75224153429701e-06
259448672;LD2;2.79299669390423e-05
287790020;LD2;4.80120213780762e-05
287790053;LD2;5.04482857688946e-05
287790083;LD2;3.47060790859343e-06
287790092;LD2;0.000105359553959705
287790122;LD2;7.87955446155922e-07
287790137;LD2;1.71560007479174e-05
287790243;LD2;2.14324104904465e-05
287790256;LD2;0.000348818520325449
287790261;LD2;8.41341159884508e-07
287790321;LD2;8.93532789916061e-05
290046616;LD2;4.37248337565571e-06
290046646;LD2;5.94817539624238e-05
290046655;LD2;0.000123457385112548
290046685;LD2;2.59766282941321e-05
290046700;LD2;5.71867660709814e-05
290046796;LD2;7.9875570431627e-06
290046805;LD2;7.91259178979337e-05
290046818;LD2;5.9025316913355e-05
290046823;LD2;0.000179666695733477
290046883;LD2;1.67098097326263e-06
305664714;LD2;3.63801938649558e-05
305664779;LD2;0.00102053801785636
305664792;LD2;1.77184256554831e-05
305664801;LD2;7.10241687879948e-06
305664897;LD2;0.000115843096269987
305664912;LD2;0.000123530184601863
305664951;LD2;1.82033154818555e-05
305665014;LD2;8.43188737712762e-05
305750273;LD2;1.36893883463928e-05
305750303;LD2;1.28741324693556e-06
305750357;LD2;0.000115996375565742
305750453;LD2;1.51305745096053e-05
305750462;LD2;4.87743510088329e-06
305750474;LD2;1.21569763641299e-07
305750480;LD2;0.00011795376177429
305750540;LD2;1.16239042009486e-05
326982870;LD2;2.95203612859764e-05
326982930;LD2;1.85132234722582e-07
326982935;LD2;3.10058646534806e-06
326982948;LD2;1.72087002557025e-05
326982957;LD2;9.93540836337324e-06
326983053;LD2;4.04759906752055e-07
326983068;LD2;1.74622754591708e-05
326983107;LD2;4.65234321100539e-06
326983137;LD2;1.01128650154368e-05
326983170;LD2;9.77884513363209e-07
334161084;LD2;7.40410021747607e-05
334161144;LD2;3.57976804881871e-05
334161149;LD2;0.000157033495705976
334161162;LD2;0.000167775590508327
334161267;LD2;2.39543112945243e-05
334161282;LD2;1.45567878820371e-05
334161312;LD2;5.77857882298734e-05
334161321;LD2;1.85397791468453e-05
334161351;LD2;2.54303585252629e-07
334161384;LD2;7.27739654053448e-05
336161062;LD2;0.000314020157814893
336161116;LD2;4.3437823504676e-05
346690332;LD2;7.07406889390445e-06
346690365;LD2;8.6426150181948e-07
346690395;LD2;2.78522467480426e-06
346690404;LD2;3.32495605040698e-07
346690434;LD2;5.74910609847924e-05
346690554;LD2;3.48697883060147e-05
346690567;LD2;0.000131198380269912
346690572;LD2;1.86251949191408e-06
346690632;LD2;0.000102086801845805
359796694;LD2;0.000181391197650764
359796759;LD2;9.40987849535862e-06
359796772;LD2;7.68296087064572e-06
359796781;LD2;0.000107755770420653
359796877;LD2;1.16339035432459e-07
359796892;LD2;1.29251628282856e-06
359796922;LD2;2.21364166866814e-05
359796931;LD2;5.43440189711405e-05
359796961;LD2;0.000202359737839453
359796994;LD2;1.32376222841368e-06
362473538;LD2;7.8487972771951e-07
362473571;LD2;2.06130138828522e-06
362473601;LD2;4.99262913825491e-05
362473610;LD2;1.6869337820208e-06
362473640;LD2;4.03617081365421e-06
362473655;LD2;4.12356790684419e-05
362473773;LD2;0.000161961092387937
362473778;LD2;1.85746787677595e-07
362473838;LD2;1.68144356580193e-05
368964968;LD2;5.75910993220456e-06
368964974;LD2;2.12306292119401e-05
368964986;LD2;3.53559564523029e-05
368964991;LD2;5.99922590197894e-09
368964995;LD2;8.85893158647187e-06
368965091;LD2;6.91714117982781e-06
368965109;LD2;5.25557426469823e-05
368965118;LD2;1.1246157855847e-06
368965137;LD2;2.27488122302982e-05
368965145;LD2;2.87479559130819e-05
368965175;LD2;5.06509628626536e-05
368965181;LD2;3.95733921890954e-06
368965208;LD2;2.334951212961e-05
371106841;LD2;6.61072593732204e-06
371106901;LD2;7.74726195227328e-05
371106906;LD2;0.000664169143901055
371106919;LD2;2.4902885618191e-05
371106928;LD2;0.000246851135813819
371107024;LD2;4.26357772371326e-05
371107039;LD2;1.19706384991106e-05
371107069;LD2;3.57073398375243e-07
371107078;LD2;2.4683277819725e-05
371107141;LD2;5.71233898970734e-05
395250472;LD2;2.94736473381336e-07
395250505;LD2;5.65415773770964e-06
395250535;LD2;4.3949723716383e-05
395250544;LD2;0.000282546250896897
395250574;LD2;2.34339083724581e-05
395250589;LD2;0.000208103579057682
395250685;LD2;6.64761528918673e-08
395250694;LD2;1.30211771556038e-05
395250707;LD2;3.86669170748644e-05
395250712;LD2;1.19676251682097e-05
395250772;LD2;0.000133183714568281
398523007;LD2;2.78961169877369e-05
398523040;LD2;2.21113374478132e-05
398523070;LD2;2.38225442356839e-06
398523079;LD2;1.37145730174917e-07
398523109;LD2;0.000180425304915437
398523124;LD2;2.37593289371021e-05
398523229;LD2;9.71600040195362e-05
398523242;LD2;0.000155021637770649
398523247;LD2;3.95440585886716e-05
398523307;LD2;6.5130739628554e-05
400279910;LD2;2.11040771439174e-09
400279943;LD2;9.04581993951435e-06
400279973;LD2;3.08170617696201e-06
400279982;LD2;0.000161020393987201
400280012;LD2;0.000109259242595678
400280027;LD2;3.96517156197734e-05
400280117;LD2;0.000126333249514173
400280145;LD2;1.69193483851262e-05
400280150;LD2;1.74783080651546e-05
400280210;LD2;2.69256660068395e-05
404673484;LD2;1.79110255884436e-06
404673544;LD2;2.17611991218708e-05
404673549;LD2;0.00010613587463453
404673562;LD2;5.41104192725252e-06
404673571;LD2;0.000157518773972572
404673667;LD2;4.82183897603359e-05
404673682;LD2;3.73010357956227e-05
404673712;LD2;5.85914702657575e-06
404673721;LD2;1.19682503156584e-05
404673751;LD2;0.000143023815644181
404673784;LD2;0.000240205961435464
407251872;LD2;0.000123393829509274
407251905;LD2;8.04898005920904e-05
407251935;LD2;8.40552673957268e-08
407251944;LD2;1.48570289375996e-05
407251974;LD2;0.000132710277120569
407251989;LD2;0.000233872526842399
407252094;LD2;0.000141891813178113
407252107;LD2;0.000127392576309542
407252172;LD2;3.93089520175059e-05
416880017;LD2;1.29782506481607e-06
416880024;LD2;1.94897698234928e-05
416880028;LD2;2.24302270167459e-05
416880034;LD2;1.04624204558574e-06
416880047;LD2;1.18691724000632e-05
416880052;LD2;1.4004670055266e-06
416880318;LD2;2.07318486025379e-07
416880324;LD2;9.79412124369715e-06
416880357;LD2;8.98991581395359e-06
416880366;LD2;6.57175930706259e-06
416880378;LD2;1.50809301945611e-05
418084976;LD2;4.26606474320718e-05
418085006;LD2;2.10696001796151e-06
418085060;LD2;1.52009933227214e-06
418085165;LD2;2.1491450247511e-05
418085177;LD2;1.06354639697326e-05
430221006;LD2;2.99327957116675e-05
430221015;LD2;0.000429976540344467
430221045;LD2;0.000305823324196293
430221178;LD2;0.000553518135086595
430221183;LD2;8.92058834041118e-06
434849010;LD2;2.6190114615898e-05
434849070;LD2;0.000523923024566473
434849075;LD2;0.000107936417258398
434849088;LD2;2.39339733719116e-05
434849208;LD2;0.000128253411405903
434849238;LD2;0.000473122080379958
434849247;LD2;0.000292101948501812
434849277;LD2;6.33257411411059e-05
434849310;LD2;6.50796610062213e-06
301126;LD2;5.61003368749159e-08
301159;LD2;4.30406971872369e-09
301189;LD2;0.000120595143227266
301198;LD2;2.22520174496022e-05
301228;LD2;5.02929412245935e-07
301243;LD2;2.43389736355856e-05
301338;LD2;7.11300748661483e-05
301347;LD2;1.8032700331413e-05
301360;LD2;4.46599931775796e-06
301365;LD2;6.90008023948147e-07
837134;LD2;1.46807371017911e-05
837194;LD2;8.71061170422833e-06
837199;LD2;9.44233177542126e-07
837212;LD2;4.79219167680028e-06
837221;LD2;7.67972646418297e-06
837317;LD2;1.33492926680316e-06
837332;LD2;5.6624127438452e-06
837362;LD2;1.01799774413719e-06
837371;LD2;3.62437321521036e-06
837401;LD2;1.76674924461042e-05
837434;LD2;2.904989876648e-06
970031;LD2;5.53269085451507e-06
970091;LD2;6.32367808019002e-05
970096;LD2;4.86627191647409e-05
970109;LD2;1.01089747880452e-07
970118;LD2;2.05195012543264e-05
970214;LD2;6.08202116494489e-07
970229;LD2;2.2866298821543e-06
970259;LD2;0.000111022103097216
970268;LD2;8.11871232276498e-06
970298;LD2;8.06566474299426e-07
970331;LD2;4.60004803795904e-05
1081017;LD2;1.6128249620062e-05
1081048;LD2;0.000101792405555891
1081050;LD2;1.75440352357764e-05
1081080;LD2;4.21076319111583e-05
1081089;LD2;7.64595755589473e-06
1081119;LD2;1.58742043036822e-05
1081132;LD2;2.32373180545528e-05
1081134;LD2;5.49549803994142e-06
1081228;LD2;3.44893404555407e-06
1081230;LD2;2.29799803011943e-05
1081237;LD2;3.62465303005497e-06
1081239;LD2;2.0534220947754e-05
1081249;LD2;6.24640616018647e-05
1081252;LD2;4.81080706318074e-05
1081255;LD2;4.84402263541803e-05
1081257;LD2;7.00274558869203e-05
1081315;LD2;9.23452514295912e-06
1081317;LD2;9.7050263950717e-06
5374992;LD2;4.60634068161956e-05
5375052;LD2;1.17414975621417e-05
5375057;LD2;0.000245078017693553
5375070;LD2;0.000129250743230204
5375079;LD2;0.000220567638950728
5375175;LD2;0.000135625514931775
5375190;LD2;6.72604024393284e-08
5375220;LD2;1.98291788592665e-05
5375229;LD2;0.000127928828251988
5375259;LD2;4.39565950540617e-05
5375292;LD2;1.92014437539624e-05
5880357;LD2;2.55040190921971e-05
5880363;LD2;0.000110491050813196
5880480;LD2;2.39398586088103e-05
5880534;LD2;1.63644015283645e-06
5880564;LD2;2.71591931953343e-05
6410870;LD2;5.45334143189487e-05
6410954;LD2;5.75912813482169e-09
6411050;LD2;1.33705422115622e-07
6411059;LD2;3.46505124617301e-06
6411077;LD2;1.07578903168168e-07
6411137;LD2;1.48128149044156e-05
7091082;LD2;8.17544664074402e-05
7091115;LD2;5.08902026429673e-05
7091145;LD2;1.27669113185288e-05
7091154;LD2;6.50134038753283e-05
7091184;LD2;3.42183961769854e-05
7091199;LD2;9.44161279151151e-06
7091295;LD2;2.48522228980097e-05
7091304;LD2;1.88208644138927e-05
7091317;LD2;9.92764460390565e-05
7091322;LD2;0.000401452015907895
7091382;LD2;1.34351155835982e-05
8843049;LD2;7.68785170796979e-06
8843133;LD2;6.9005309014513e-05
8843211;LD2;3.41881507109867e-07
8843220;LD2;1.79604193048769e-05
8843232;LD2;2.17118626469277e-05
8843238;LD2;1.95382401376118e-05
8843298;LD2;2.04821136091382e-06
12883948;LD2;4.86897319767958e-05
12883981;LD2;1.08771385245111e-06
12884011;LD2;1.82047601201965e-05
12884020;LD2;9.16847915648816e-07
12884065;LD2;1.14191857237995e-05
12884161;LD2;2.44948942229201e-05
12884183;LD2;3.82251092481583e-05
12884188;LD2;0.000178145023812565
12884248;LD2;1.67534571177849e-08
14405094;LD2;2.16352622087329e-07
14405154;LD2;3.90795829795867e-05
14405159;LD2;7.36067633303459e-07
14405172;LD2;4.62847521625878e-06
14405277;LD2;1.12544430368873e-05
14405292;LD2;1.73970380154002e-05
14405322;LD2;1.83641915792402e-06
14405331;LD2;7.80746753514597e-05
14405361;LD2;8.47513892516918e-05
14405394;LD2;6.54927369914322e-06
15191059;LD2;4.46906514160766e-06
15191086;LD2;4.05184497973017e-05
15191092;LD2;0.00029870591105665
15191122;LD2;6.57532086383836e-07
15191130;LD2;1.97823141294053e-06
15191149;LD2;2.24474528298702e-05
15191158;LD2;1.41096986864e-05
15191176;LD2;7.00215339808136e-06
15191272;LD2;4.98472973372619e-05
15191276;LD2;2.1930366478549e-05
15191281;LD2;7.27560041380451e-07
16024066;LD2;1.23636362945153e-05
16024099;LD2;0.000213633950897336
16024129;LD2;0.000159154092139554
16024138;LD2;0.000473978623386601
16024168;LD2;0.000306865799992483
16024183;LD2;3.1974667763884e-05
16024279;LD2;2.07711001216633e-05
16024288;LD2;1.49630714961373e-05
16024300;LD2;6.33220387664937e-08
16024306;LD2;4.1118419673302e-05
16024366;LD2;3.40277962132824e-05
17675325;LD2;4.56977323661896e-05
17675385;LD2;0.000403322502641232
17675390;LD2;0.000118850409525864
17675403;LD2;1.01078737728786e-05
17675412;LD2;0.000117071681683867
17675508;LD2;5.93217155869613e-05
17675523;LD2;0.000332884322065954
17675553;LD2;0.000458922889690567
17675562;LD2;4.404074324107e-06
17675592;LD2;2.04794562840795e-06
17675625;LD2;0.000283842798748781
17904656;LD2;2.32264012361167e-05
17904716;LD2;6.88804292663252e-05
17904721;LD2;3.61957489559589e-06
17904734;LD2;2.91286732613746e-08
17904743;LD2;1.10758546337501e-06
17904839;LD2;2.33592886245929e-06
17904854;LD2;2.94571716138371e-06
17904893;LD2;1.02987366140576e-05
17904923;LD2;2.69137960029326e-05
17904956;LD2;4.47822479023433e-05
20869623;LD2;0.000120403970400281
20869656;LD2;1.13049420753421e-05
20869686;LD2;9.47309408054594e-05
20869695;LD2;0.000309405779764199
20869725;LD2;0.000413727192664555
20869740;LD2;0.000752892821397701
20869836;LD2;0.000874825579404948
20869858;LD2;0.000196069792690713
20869863;LD2;2.7774431847181e-05
22572029;LD2;1.77327164830273e-05
22572089;LD2;3.82951299858837e-05
22572266;LD2;0.000253477739125578
22572296;LD2;1.37898500123461e-05
28703126;LD2;4.59526510028701e-06
28703210;LD2;2.8254803897443e-05
28703306;LD2;0.000109314212445356
28703315;LD2;8.81702452367358e-05
28703327;LD2;4.10195077055001e-05
28703333;LD2;6.06880890868277e-05
28703393;LD2;0.000112176684309797
31830709;LD2;2.25249219389725e-05
31830769;LD2;7.57519165633919e-05
31830774;LD2;2.66078974775652e-05
31830796;LD2;5.58231208221474e-05
31830802;LD2;1.89051943252361e-07
31830892;LD2;0.000444624264336275
31830907;LD2;0.0006619575488465
31830937;LD2;0.000122409343406094
31830946;LD2;0.000212811296178095
31830976;LD2;0.00016447216971017
31831009;LD2;0.000160524380798247
32226044;LD2;2.74304427573758e-05
32226074;LD2;9.42823351452482e-05
32226083;LD2;1.05847460427891e-05
32226113;LD2;7.23658639672826e-05
32226128;LD2;4.00260440762684e-05
32226246;LD2;0.000194270182136891
32226311;LD2;0.000103341672697256
35845931;LD2;4.89773958318646e-05
35845970;LD2;1.3773080675373e-05
35846000;LD2;8.77007234011239e-05
35846015;LD2;4.27074297147121e-05
35846111;LD2;5.91311816532971e-05
35846133;LD2;0.000348664289930321
35846138;LD2;0.000100537215327
38598597;LD2;1.9989430733378e-05
38598630;LD2;1.45919671123558e-05
38598660;LD2;3.07445302737598e-05
38598669;LD2;1.5127912845025e-05
38598810;LD2;3.92989366784392e-05
39656727;LD2;1.60022729818605e-05
39656760;LD2;9.40491032210428e-07
39656790;LD2;0.000114823253968128
39656799;LD2;0.00031824762828743
39656829;LD2;3.83087699322066e-05
39656844;LD2;0.000107529602934527
39656940;LD2;0.000836096802197578
39656949;LD2;0.000118882559118163
39656962;LD2;0.000120666463102076
39656967;LD2;1.15042305476665e-05
39657027;LD2;0.000211876770950738
43641882;LD2;0.000125747729203711
43641912;LD2;0.000239100592386644
43641966;LD2;4.84989702834725e-05
43642062;LD2;0.000138636676122961
43642071;LD2;7.29964197390755e-05
43642083;LD2;0.000335192159092445
43642089;LD2;1.6214874728896e-08
43642149;LD2;1.48647163651931e-06
47563308;LD2;1.18947638872571e-06
47563368;LD2;0.000102028387448269
47563373;LD2;5.87762564874846e-05
47563386;LD2;9.83379716062678e-08
47563395;LD2;0.000130542463934629
47563491;LD2;1.90853931428573e-05
47563506;LD2;5.31496469855715e-05
47563536;LD2;3.10583885192466e-05
47563545;LD2;2.82514358558762e-05
47563575;LD2;2.08968874331537e-05
47563608;LD2;1.83592262173651e-05
48224470;LD2;2.24159157178122e-06
48224535;LD2;9.75443676117207e-05
48224548;LD2;2.25444892547298e-05
48224557;LD2;1.01929797842899e-08
48224653;LD2;3.47978330956499e-05
48224668;LD2;2.97780745014419e-05
48224698;LD2;0.00022647396316192
48224707;LD2;5.3669955354074e-06
48224737;LD2;4.53120218126458e-05
48224770;LD2;7.2931177061646e-05
50017027;LD2;3.58203047965814e-05
50017092;LD2;0.000167909692597262
50017210;LD2;3.69754915746398e-05
50017225;LD2;6.44116706619142e-07
50017255;LD2;1.68527175877809e-05
50017264;LD2;5.28928704862073e-07
50017294;LD2;0.000311183785625097
50017327;LD2;1.45472859067299e-06
53590505;LD2;4.59518554728801e-05
53590565;LD2;0.000319783786796219
53590570;LD2;0.000359100141278334
53590583;LD2;0.000301051692332421
53590592;LD2;9.26370091056235e-06
53590688;LD2;7.23464973591922e-05
53590703;LD2;2.58999233856136e-05
53590733;LD2;0.000278675357906704
53590742;LD2;0.000511114801539254
53590772;LD2;1.65083895228156e-05
53590805;LD2;3.06767174070752e-05
55545533;LD2;9.15811966519186e-05
55545617;LD2;7.54495048676788e-06
55545722;LD2;0.000305709702307954
55545800;LD2;9.19666852540207e-05
68695148;LD2;6.93218593483883e-06
68695208;LD2;4.78431694585292e-06
68695226;LD2;4.50958841273855e-05
68695331;LD2;3.91365557427623e-05
68695376;LD2;0.000131185879891227
68695385;LD2;2.40735909722864e-05
68695415;LD2;0.000142919963211353
68695448;LD2;7.03512271380443e-07
70652351;LD2;0.000453498637923604
70652411;LD2;3.62092908297892e-06
70652416;LD2;0.000238692016925943
70652429;LD2;2.08609904418556e-05
70652438;LD2;8.62780521972858e-05
70652534;LD2;3.81081014321088e-05
70652549;LD2;0.000536343085999406
70652579;LD2;7.11962119725755e-05
70652588;LD2;0.000221720563121676
70652618;LD2;3.15289646633991e-06
70652651;LD2;0.000129715103236078
74564470;LD2;8.73489113761426e-07
74564501;LD2;1.77715851802267e-05
74564503;LD2;2.96051779145324e-05
74564533;LD2;1.33426018219725e-05
74564542;LD2;1.41543432640456e-05
74564572;LD2;1.13947591450392e-09
74564585;LD2;1.53282725644394e-07
74564587;LD2;5.4263698979275e-06
74564681;LD2;6.32717450237662e-07
74564683;LD2;7.07764672430104e-09
74564690;LD2;5.56535258743514e-07
74564692;LD2;1.39816198972309e-09
74564702;LD2;3.14965756344727e-05
74564705;LD2;1.12753695369264e-05
74564708;LD2;1.2852402490672e-05
74564710;LD2;9.49216200773358e-06
74564768;LD2;1.31201775207889e-05
74564770;LD2;1.1787201971202e-08
77649916;LD2;7.14055863463872e-05
77649946;LD2;2.03869834417109e-05
77649952;LD2;6.83068935552971e-05
77649964;LD2;6.12367112582518e-07
77649973;LD2;3.08817107906708e-05
77650069;LD2;0.000109417308082856
77650087;LD2;2.5847466378352e-05
77650096;LD2;0.000458968577725262
77650115;LD2;4.10011087666639e-07
77650123;LD2;1.02074044394003e-05
77650153;LD2;0.000104183892284909
77650159;LD2;3.36655153149098e-06
77650186;LD2;6.31314220774365e-05
77668266;LD2;5.6595772991064e-06
77668326;LD2;0.000247020072359995
77668332;LD2;1.10040734667597e-05
77668344;LD2;1.90448048102295e-05
77668353;LD2;5.01851615215533e-05
77668449;LD2;1.38783826190055e-05
77668533;LD2;0.000379364187364385
82306356;LD2;7.67185071242444e-06
82306389;LD2;1.16822316321028e-07
82306419;LD2;1.58917123138517e-05
82306428;LD2;1.82577486717953e-05
82306458;LD2;0.000208492371857238
82306473;LD2;1.87134012410901e-05
82306569;LD2;2.66501634203252e-05
82306578;LD2;3.18019143294214e-06
82306591;LD2;2.0839956851535e-05
82306596;LD2;2.61677382466259e-06
82306656;LD2;1.37896688309999e-06
85488306;LD2;0.000219020898469752
85488339;LD2;6.04954861875143e-05
85488369;LD2;0.000122257405777932
85488378;LD2;1.47934914978202e-05
85488423;LD2;0.00016365629445585
85488528;LD2;2.69738573449888e-05
85488541;LD2;1.47929444370368e-05
85488546;LD2;5.08359176635343e-05
85488606;LD2;9.31526060582285e-05
97166575;LD2;0.000105140693561911
97166635;LD2;8.85375313441046e-07
97166640;LD2;1.39377729638484e-07
97166653;LD2;1.07100986038318e-07
97166662;LD2;5.93815619526959e-07
97166668;LD2;2.03051611223426e-05
97166758;LD2;2.43350879574071e-05
97166773;LD2;8.70838319317587e-07
97166803;LD2;3.06239972413167e-05
97166812;LD2;3.64964130898114e-05
97166842;LD2;1.01935496523059e-05
97166875;LD2;9.24448443304349e-05
100888704;LD2;0.00024507515821804
100888737;LD2;2.47390421783021e-06
100888767;LD2;3.78755260975039e-05
100888776;LD2;0.00018932673543978
100888821;LD2;0.00074260262712089
100888917;LD2;7.39289607536842e-06
100888926;LD2;1.32352230095043e-05
100888939;LD2;0.000193577757798394
100889004;LD2;0.000261627992394081
103630335;LD2;0.000815945427317132
103630368;LD2;6.48496309013226e-06
103630398;LD2;0.000224085404799654
103630437;LD2;5.16522772092673e-06
103630452;LD2;1.95337133179558e-05
103630548;LD2;4.00517980736219e-06
103630557;LD2;5.78855959374105e-05
103630575;LD2;9.14797623966445e-07
108382893;LD2;5.13817150070444e-06
108382926;LD2;1.07270596403648e-05
108382956;LD2;6.74500052227271e-07
108382965;LD2;0.000131602003603323
108382995;LD2;3.14445994276697e-05
108383010;LD2;0.000603967911370913
108383106;LD2;1.78617200322908e-05
108383115;LD2;0.000360075596532075
108383128;LD2;5.48975757060471e-05
108383193;LD2;0.000583804717965639
115948471;LD2;3.24160978918876e-05
115948473;LD2;4.34989096069495e-05
115948533;LD2;6.08109537202838e-05
115948539;LD2;0.000239416815580797
115948558;LD2;0.000222800582804214
115948560;LD2;0.000289429259505145
115948654;LD2;8.73476867760375e-06
115948656;LD2;0.000100338712208135
115948669;LD2;1.20484624701003e-05
115948699;LD2;8.16119067338298e-05
115948708;LD2;7.2863838543845e-05
115948710;LD2;2.6781867125957e-06
115948738;LD2;0.000693939603769034
115948740;LD2;0.000143562454217803
115948771;LD2;4.18274920285916e-07
116015400;LD2;1.95328763878235e-05
116015433;LD2;3.58291272411065e-05
116015463;LD2;2.39761070517908e-05
116015472;LD2;0.000150260740437442
116015502;LD2;1.88592996189367e-05
116015517;LD2;5.27908420472488e-06
116015613;LD2;5.41067232226306e-07
116015622;LD2;1.62698836286074e-05
116015635;LD2;0.000110941884384011
116015640;LD2;1.65924602801558e-05
116015700;LD2;1.62961638457372e-05
136036029;LD2;0.000647455398000022
136036089;LD2;8.20403572312838e-05
136036094;LD2;5.48894566178052e-05
136036116;LD2;0.000601658832509909
136036227;LD2;0.00103081375349041
136036257;LD2;0.000338935164207382
136036266;LD2;5.59378369083992e-05
136036296;LD2;5.04132631613421e-05
136036329;LD2;7.01198864627557e-05
146125430;LD2;0.000134695842916707
146125490;LD2;0.000469363969004313
146125495;LD2;0.00010742897676331
146125508;LD2;0.000306060091519022
146125517;LD2;0.000437361721954071
146125613;LD2;5.08418111097248e-08
146125628;LD2;2.6768132638342e-05
146125658;LD2;0.000153932054862164
146125697;LD2;0.000273845146834178
146125730;LD2;0.000135730799727396
165228622;LD2;2.11570056273814e-05
165228682;LD2;6.11906030901397e-06
165228687;LD2;5.33872596456076e-06
165228700;LD2;2.27482069666191e-05
165228709;LD2;1.49539546453923e-08
165228805;LD2;2.83093711867758e-07
165228820;LD2;3.07509257464607e-06
165228850;LD2;3.11062229273291e-06
165228859;LD2;6.34128238232856e-05
165228889;LD2;3.35177641538133e-07
165228922;LD2;1.46135902545079e-05
168566498;LD2;0.000400301047750288
168566558;LD2;0.000292827195083101
168566563;LD2;8.76296726401753e-05
168566576;LD2;3.87335392944084e-06
168566585;LD2;8.57108698508861e-06
168566681;LD2;0.000172836087785701
168566696;LD2;3.38877719444235e-06
168566726;LD2;4.86801282598075e-05
168566765;LD2;0.000259617211182989
175503888;LD2;4.2655127029199e-06
175503948;LD2;1.40353547099275e-08
175503954;LD2;4.71906533457249e-07
175503966;LD2;3.41229573585048e-06
175503975;LD2;1.28094891261904e-05
175504071;LD2;1.40393337011773e-05
175504155;LD2;2.46911205074827e-05
186312095;LD2;5.4627934297882e-08
186312155;LD2;1.52073679724616e-05
186312160;LD2;4.18504999327134e-05
186312173;LD2;0.000123113357403393
186312182;LD2;4.4048698405768e-06
186312278;LD2;4.94983452814692e-05
186312293;LD2;5.79289304084405e-05
186312323;LD2;0.000237046379005909
186312332;LD2;0.000594100403172789
186312362;LD2;4.1094037570476e-05
186312395;LD2;2.68405156980631e-05
186816188;LD2;9.06368994597602e-06
186816248;LD2;6.4370622129606e-06
186816253;LD2;4.10670318194913e-05
186816266;LD2;3.24975321504842e-07
186816275;LD2;0.000261404124302458
186816371;LD2;3.19290781583791e-07
186816386;LD2;0.000136258130780114
186816416;LD2;1.04969420127931e-05
186816425;LD2;2.4767153469981e-05
186816455;LD2;7.05962473666629e-05
186816488;LD2;0.000134494406479239
201764123;LD2;4.37328423153158e-05
201764155;LD2;1.5239714628415e-06
201764162;LD2;1.22305967102499e-05
201764166;LD2;7.42959053829531e-06
201764172;LD2;0.000128990633390885
201764185;LD2;3.11574501343639e-05
201764190;LD2;4.11940670286758e-06
201764193;LD2;1.61025336019228e-05
201764332;LD2;6.0827261742894e-05
201764338;LD2;4.5285164226692e-05
201764371;LD2;0.00012845216861257
201764380;LD2;4.5670066025344e-05
201764392;LD2;1.32885719868966e-05
224393859;LD2;5.19949803660314e-06
224393919;LD2;5.83580152218819e-06
224393924;LD2;5.40257758066251e-06
224393937;LD2;1.53460420436206e-05
224393946;LD2;3.27425861470002e-05
224393952;LD2;3.0053616961299e-06
224394042;LD2;6.005558669725e-06
224394087;LD2;2.48590500365736e-08
224394096;LD2;1.21688169799494e-06
224394126;LD2;9.94437803587174e-06
224394159;LD2;7.44801618347021e-05
245536046;LD2;0.000184411967608654
245536079;LD2;3.80824529507575e-06
245536109;LD2;1.66307662865914e-05
245536118;LD2;0.000276830509897447
245536148;LD2;0.00019297367265804
245536163;LD2;5.27190833353313e-06
245536281;LD2;0.000847701302666611
245536286;LD2;4.98334493444398e-05
245536346;LD2;1.85725991080318e-06
247036661;LD2;2.5888040816311e-05
247036721;LD2;8.30655774154271e-05
247036726;LD2;4.8913851106048e-05
247036748;LD2;2.44915520313063e-05
247036788;LD2;7.51556988583426e-05
247036803;LD2;5.14211310795929e-09
247036842;LD2;1.41823806274998e-06
247036872;LD2;1.52068920486546e-05
247036905;LD2;4.31481848050918e-06
250295169;LD2;1.50735405774605e-05
250295229;LD2;6.68570035016351e-06
250295234;LD2;1.55863325619408e-05
250295247;LD2;3.42266223984532e-06
250295352;LD2;1.06885171981093e-05
250295367;LD2;3.99627850165577e-06
250295397;LD2;5.13288696433996e-05
250295406;LD2;2.2573909978106e-06
250295436;LD2;4.37288206690445e-05
250295469;LD2;8.48591663022725e-07
257838499;LD2;5.32525945540468e-06
257838530;LD2;7.20105486995384e-05
257838532;LD2;1.13464406519002e-05
257838562;LD2;3.97409035209546e-08
257838571;LD2;1.26606221759968e-05
257838601;LD2;5.16726223943632e-07
257838614;LD2;6.95796347975532e-06
257838616;LD2;1.02624860677893e-06
257838709;LD2;6.73650538926396e-08
257838711;LD2;4.44987208267016e-06
257838718;LD2;1.40274671978022e-05
257838720;LD2;4.20381058743651e-06
257838730;LD2;1.0082060048748e-05
257838733;LD2;1.22708263240572e-06
257838736;LD2;1.41423394114969e-05
257838738;LD2;1.96680925070878e-10
257838796;LD2;3.38270468572404e-07
257838798;LD2;5.92486064942106e-07
262520182;LD2;3.32257821690366e-07
262520242;LD2;0.000352196687222698
262520247;LD2;5.00218607243957e-06
262520365;LD2;0.000143231229346253
262520380;LD2;1.42603732651223e-05
262520410;LD2;1.01413931947178e-05
262520419;LD2;1.3178552948024e-06
262520449;LD2;3.04802288011933e-08
262520482;LD2;0.000311726588919009
274249535;LD2;8.20511226610962e-06
274249568;LD2;3.71501240145305e-07
274249598;LD2;4.3956386907244e-05
274249607;LD2;1.29105018269103e-05
274249652;LD2;6.55092450367234e-06
274249742;LD2;0.000208913806464206
274249748;LD2;1.64624625855435e-05
274249757;LD2;6.0280319060448e-05
274249770;LD2;2.46860116588594e-05
274249775;LD2;5.50237997873393e-06
274249835;LD2;3.29460393199486e-05
303234933;LD2;0.000390814565061003
303235017;LD2;0.000345834630389654
303235122;LD2;0.000134331161154501
303235134;LD2;0.00022399066772916
303235200;LD2;0.000650152799245626
310276601;LD2;8.22332826771024e-06
310276634;LD2;5.62959018809669e-05
310276664;LD2;0.000204840082386498
310276673;LD2;4.90197676835053e-05
310276703;LD2;0.000128814964489433
310276718;LD2;3.20105265287153e-06
310276814;LD2;0.000171208297525363
310276823;LD2;3.00352002627923e-05
310276836;LD2;7.59669861233339e-06
310276841;LD2;0.000147404054940025
310276901;LD2;0.000139834527784212
317609894;LD2;7.04258233058489e-05
317609954;LD2;5.71198523008164e-06
317609959;LD2;1.11252990138798e-06
317609972;LD2;0.000227183768794308
317609981;LD2;4.2557181745527e-06
317610077;LD2;7.09614345465344e-06
317610092;LD2;5.12967511550249e-09
317610122;LD2;0.000132228209106361
317610131;LD2;5.09711863525967e-08
317610161;LD2;9.71018924491303e-05
317610194;LD2;0.000221320041423585
319881492;LD2;0.000358672561404522
319881499;LD2;1.48280805883411e-05
319881521;LD2;5.39199719078076e-08
319881538;LD2;0.000255616573817704
319881549;LD2;2.44074969558303e-06
320828597;LD2;2.41609218756468e-06
320828657;LD2;1.31737940695823e-06
320828663;LD2;6.10978591971465e-07
320828675;LD2;3.24868384113651e-07
320828684;LD2;0.000101096258237934
320828834;LD2;4.49177515963873e-05
320828864;LD2;0.000119577229455797
324695543;LD2;1.96521916131238e-05
324695603;LD2;1.14112762568196e-05
324695608;LD2;3.31898671547686e-05
324695630;LD2;9.37763836863072e-06
324695726;LD2;0.000377493160280889
324695741;LD2;1.05808621462344e-06
324695771;LD2;0.000530205667559357
324695780;LD2;1.02386516899356e-05
324695810;LD2;6.90825796610905e-05
324695843;LD2;0.000131844161591379
330093577;LD2;5.13342446678118e-05
330093637;LD2;0.000114295308595911
330093643;LD2;4.34411925978845e-07
330093655;LD2;0.00014834115630454
330093664;LD2;0.000175807642432075
330093760;LD2;5.49076018242041e-07
330093775;LD2;5.8082840503222e-05
330093805;LD2;7.84886958135904e-05
330093814;LD2;2.88733808490247e-06
330093844;LD2;7.524818872386e-05
330093877;LD2;4.74069522453249e-07
330100731;LD2;0.000298979298651188
330100791;LD2;6.94069661568958e-05
330100809;LD2;1.11703869961521e-06
330100818;LD2;2.44808150198093e-06
330100914;LD2;0.00016171597344943
330100929;LD2;1.21299710561585e-05
330100959;LD2;9.26053636870197e-05
330100968;LD2;0.000142191589818071
330100998;LD2;3.55041003085893e-05
330101031;LD2;4.25919983791481e-07
336535361;LD2;5.36367936963959e-05
336535363;LD2;1.42969562082756e-06
336535426;LD2;7.35686762198353e-05
336535429;LD2;0.000727894310089262
336535439;LD2;7.54162981902127e-07
336535441;LD2;7.72579741220508e-07
336535448;LD2;2.60443022041453e-05
336535450;LD2;0.000568801064273609
336535544;LD2;2.36054302769758e-07
336535546;LD2;0.000211263210010509
336535559;LD2;7.12433068530837e-06
336535589;LD2;1.33121958284607e-08
336535598;LD2;5.17268226848195e-06
336535600;LD2;3.05989343613822e-05
336535628;LD2;7.72841173578989e-05
336535630;LD2;1.27131207170035e-05
336535661;LD2;3.21816672739343e-05
353558875;LD2;3.60304682256417e-05
353558935;LD2;8.94922512653115e-06
353558941;LD2;6.16516022994786e-06
353558953;LD2;9.88778760498481e-06
353558962;LD2;4.06868796991532e-07
353558968;LD2;3.31074302742218e-05
353559058;LD2;8.74428934864664e-07
353559112;LD2;5.4364392444612e-06
353559142;LD2;3.90166969351166e-05
363438400;LD2;1.43534919606104e-05
363438430;LD2;7.10921736166697e-06
363438484;LD2;8.20997118060358e-05
363438589;LD2;2.30331985623419e-06
363438607;LD2;1.50742858534524e-07
368294261;LD2;6.4931356210956e-07
368294345;LD2;4.24391663609267e-05
368294450;LD2;4.90530693498592e-06
368294462;LD2;2.09876136628801e-06
368294468;LD2;4.10620007684538e-08
368294528;LD2;5.92990804904236e-07
369837738;LD2;2.22595820877003e-06
369837769;LD2;5.71733213396997e-06
369837771;LD2;1.59821633175129e-05
369837801;LD2;1.65240951159753e-05
369837810;LD2;1.13275142598772e-06
369837840;LD2;4.60758399339417e-05
369837853;LD2;1.59828969776703e-05
369837855;LD2;5.63857178389765e-05
369837949;LD2;3.88265050725722e-09
369837951;LD2;7.57315630567104e-06
369837958;LD2;0.000113869954250427
369837960;LD2;6.98049493254895e-06
369837970;LD2;4.17301423849505e-05
369837973;LD2;0.000141949615864497
369837976;LD2;2.27659300547307e-05
369837978;LD2;2.04665081384157e-07
369838036;LD2;3.11577155481392e-05
369838038;LD2;1.6866199962385e-05
370801899;LD2;2.34918448387481e-05
370801908;LD2;6.64563748797656e-05
370801953;LD2;7.30651050210126e-06
370802049;LD2;9.9892176304107e-05
370802136;LD2;2.36161645966148e-05
371017367;LD2;6.73721496907435e-06
371017394;LD2;0.000143455591765141
371017400;LD2;1.4349887033262e-06
371017430;LD2;3.35654751835541e-08
371017438;LD2;8.81011292886060e-09
371017457;LD2;0.000141234776313876
371017466;LD2;0.000136743865538983
371017484;LD2;1.77846244175526e-05
371017580;LD2;2.08834810866201e-05
371017584;LD2;3.25491384537509e-05
371017601;LD2;4.58031502207239e-05
371017607;LD2;7.18278134473357e-06
371311381;LD2;6.75097635356781e-06
371311411;LD2;8.75209781739839e-09
371311465;LD2;2.67549999533799e-05
371311561;LD2;3.3884175997366e-05
371311570;LD2;6.19713194931106e-06
371311582;LD2;2.07247262552887e-05
371311588;LD2;1.53746507003489e-06
371311648;LD2;1.13911296456623e-05
372345927;LD2;8.93067428325638e-07
372345960;LD2;3.34089546318368e-05
372345990;LD2;8.3986456578576e-08
372345999;LD2;2.5548120184432e-06
372346029;LD2;3.51538613371999e-05
372346044;LD2;2.45883868094614e-05
372346149;LD2;8.83033560208754e-06
372346162;LD2;4.11694290331395e-05
372346167;LD2;6.08492250527668e-05
372346227;LD2;5.22532595643243e-07
372673854;LD2;0.000275678901115508
372673919;LD2;9.44767689832877e-05
372674052;LD2;5.0653898954155e-06
372674082;LD2;2.30645133878742e-08
372674091;LD2;4.15050935042372e-06
372674121;LD2;6.2325075696513e-05
372674154;LD2;3.139833440717e-05
375502013;LD2;0.000200860002749557
375502025;LD2;7.65401092705498e-06
375502067;LD2;9.00743472303521e-05
375502367;LD2;1.51613016314673e-05
375502372;LD2;0.000166833114672219
375502385;LD2;9.42865409586296e-05
375502391;LD2;4.95870872931355e-06
375502395;LD2;2.58149313201204e-05
375502434;LD2;1.03134402306437e-05
380625739;LD2;1.84834815613168e-07
380625799;LD2;7.78383550492503e-07
380625804;LD2;7.22622178857272e-05
380625817;LD2;1.91193175392062e-06
380625826;LD2;4.33264470354304e-08
380625922;LD2;0.000491427764359218
380625937;LD2;1.50838508021303e-05
380625967;LD2;2.20250371517101e-06
380625976;LD2;0.000269141300583824
380626006;LD2;8.13119731118361e-05
380626039;LD2;1.12313760400202e-06
381750081;LD2;4.99128520608496e-05
381750141;LD2;2.31037752635187e-05
381750146;LD2;1.62264834948033e-05
381750159;LD2;4.60048812484099e-05
381750168;LD2;7.98610866794571e-05
381750174;LD2;4.67724666973791e-05
381750264;LD2;0.000183641455872827
381750279;LD2;3.48152843646157e-06
381750309;LD2;0.000193402320534215
381750318;LD2;1.45512209082473e-05
381750348;LD2;4.86788392747358e-06
381750381;LD2;4.85377628879007e-08
391877795;LD2;1.70787971639512e-05
391877855;LD2;5.91610486922226e-06
391877857;LD2;0.000522386426901171
391877860;LD2;0.000476885343279824
391877863;LD2;0.000382316269058445
391877873;LD2;0.000202941907876565
391877875;LD2;0.000578539036616811
391877882;LD2;6.32591157720494e-05
391877884;LD2;2.85530031290519e-05
391877993;LD2;3.41847632607791e-05
391878023;LD2;2.88746729644031e-05
391878032;LD2;0.000299560134866327
391878034;LD2;7.66682655869613e-05
391878062;LD2;0.00015336749560208
391878064;LD2;0.000447287355925545
391878095;LD2;1.68425098117687e-05
394290213;LD2;5.85364190073707e-05
394290218;LD2;0.000287183818003839
394290240;LD2;1.47609039850826e-08
394290336;LD2;4.55923017959955e-05
394290351;LD2;0.000124106479221656
394290390;LD2;3.91150545805178e-05
394290453;LD2;0.000445038033554086
395920931;LD2;3.51462740021348e-07
395920961;LD2;3.34227631875858e-08
406743270;LD2;9.88981724496761e-08
406743330;LD2;7.36628219374199e-07
406743335;LD2;0.00025496547794489
406743348;LD2;2.99412671737593e-08
406743357;LD2;4.29090553216193e-05
406743468;LD2;0.000168261594030768
406743498;LD2;6.17610146733809e-05
406743507;LD2;6.29506493569923e-05
406743570;LD2;3.29357111102099e-05
415766302;LD2;0.000100966792658103
415766362;LD2;3.16042367660629e-05
415766367;LD2;7.35699067138635e-05
415766380;LD2;4.71641006407429e-05
415766389;LD2;0.000126956157326535
415766485;LD2;1.02943772704545e-05
415766500;LD2;6.31422913378866e-05
415766530;LD2;0.000465852904351848
415766539;LD2;7.67008388012662e-05
415766569;LD2;0.000554601907070789
415766602;LD2;8.86898981231288e-05
423729925;LD2;1.62439749243701e-07
423729985;LD2;1.2674459807208e-05
423729991;LD2;0.00015076105195856
423730108;LD2;3.02631480335752e-06
423730162;LD2;2.209077230762e-07
423730192;LD2;2.6324750754991e-05
426378942;LD2;6.34759499598521e-05
426378975;LD2;1.49172073590168e-05
426379005;LD2;5.91131542007598e-06
426379014;LD2;4.11582651393179e-05
426379044;LD2;2.77746813539773e-05
426379059;LD2;3.75760586915741e-07
426379155;LD2;6.91270123904195e-05
426379164;LD2;2.01233388017963e-06
426379177;LD2;5.59016446805612e-06
426379182;LD2;9.65323235548441e-05
426379242;LD2;2.15715230476021e-06
429512244;LD2;1.0285301807645e-06
429512304;LD2;1.25820663101685e-07
429512309;LD2;9.75474040399464e-06
429512322;LD2;0.000225681358895112
429512331;LD2;1.5361526035888e-05
429512427;LD2;4.60862368754696e-06
429512442;LD2;1.57224217685134e-05
429512472;LD2;0.000166534912692291
429512481;LD2;2.01271587998876e-05
429512511;LD2;1.49207133154349e-05
429512544;LD2;4.04150065726806e-07
431302396;LD2;3.85509905935877e-05
431302456;LD2;0.000551132381041535
431302461;LD2;0.000171071748034773
431302474;LD2;4.42935043035231e-06
431302483;LD2;0.000218110334150992
431302579;LD2;0.000106247715915601
431302594;LD2;5.42434095449888e-08
431302624;LD2;6.579863762493e-05
431302663;LD2;6.25945645641846e-05
431302696;LD2;9.69762308769049e-05
432647759;LD2;1.21261504316969e-05
432647819;LD2;4.94469067409754e-06
432647824;LD2;0.000380722128569719
432647846;LD2;0.000850401612312365
432647942;LD2;3.66539262157454e-05
432647957;LD2;0.000819512942268817
432647987;LD2;0.000111586112845316
432647996;LD2;9.75440841494154e-05
432648026;LD2;8.84661036159553e-07
432648059;LD2;0.000270770874286633
434628040;LD2;2.34033233220305e-05
434628071;LD2;3.43774178545225e-05
434628073;LD2;2.44595529355127e-06
434628103;LD2;1.22036797732723e-05
434628112;LD2;1.39213583718784e-05
434628142;LD2;9.92357906867077e-06
434628155;LD2;1.74185745053956e-05
434628157;LD2;8.09518846273659e-06
434628251;LD2;1.83123941554743e-07
434628253;LD2;7.83750113941664e-06
434628260;LD2;6.12026514598007e-06
434628262;LD2;1.91177777897924e-07
434628272;LD2;5.50331457441606e-06
434628275;LD2;2.55673653411094e-07
434628278;LD2;2.68341915419622e-05
434628280;LD2;1.13852676695122e-05
434628338;LD2;9.65710933355188e-06
434628340;LD2;2.82487502868986e-07
435155211;LD2;5.03133048470148e-05
435155276;LD2;5.90225041686889e-07
435155289;LD2;5.64755157413409e-05
435155298;LD2;0.000141694482185108
435155304;LD2;7.21897984738367e-06
435155409;LD2;5.78107798441512e-06
435155439;LD2;6.28297540628491e-07
435155448;LD2;1.64499586640799e-05
435155478;LD2;7.25109634426753e-07
435155511;LD2;6.13960342494979e-06
438120675;LD2;7.57441923985865e-05
438120759;LD2;3.06682780519484e-05
438120855;LD2;1.04820062405906e-05
438120864;LD2;1.6408626677213e-05
438120876;LD2;0.000113081399174314
438120882;LD2;7.29435748052365e-07
438120942;LD2;9.57308528289152e-08
439458500;LD2;3.58116057315234e-05
439458563;LD2;9.38243912603985e-05
439458572;LD2;0.000108135888339838
439458602;LD2;0.000397391940490845
439458617;LD2;2.11319726861856e-06
439458722;LD2;0.000223835417858233
439458735;LD2;2.587655492879e-07
439458800;LD2;3.41384177032445e-07
440061564;LD2;8.26091354936796e-05
440061624;LD2;0.000304310274527235
440061629;LD2;0.000419494989872116
440061636;LD2;7.63608578395398e-05
440061642;LD2;5.15873888111255e-06
440061747;LD2;1.1145057937505e-08
440061762;LD2;0.00081524705420576
440061792;LD2;0.00019897301313039
440061801;LD2;5.4436515097709e-06
440061831;LD2;3.71219556349335e-07
441716169;LD2;1.0258495677151e-05
441716229;LD2;8.0479155007895e-05
441716234;LD2;3.28393587795422e-06
441716247;LD2;2.13688273333601e-05
441716352;LD2;5.94699512529855e-05
441716367;LD2;7.3273725086122e-05
441716397;LD2;0.000399133044872534
441716406;LD2;1.2363947977804e-05
441716469;LD2;0.000136458725840218
445991886;LD2;6.34130942793371e-05
445991946;LD2;3.18913530485837e-05
445991952;LD2;3.7907280105356e-05
445991964;LD2;6.03205151910627e-05
445992069;LD2;4.01789972069203e-05
445992153;LD2;0.000138742944097831
446690426;LD2;0.000225421199847384
446690486;LD2;0.000168228020684127
446690492;LD2;1.63128164814031e-05
446690504;LD2;0.000173352052297105
446690513;LD2;2.53118243932023e-05
446690609;LD2;2.35526388977681e-06
446690654;LD2;2.51151316868431e-07
446690693;LD2;5.64631765926671e-05
448897153;LD2;6.70978621655349e-07
448897213;LD2;8.24060258530201e-06
448897218;LD2;4.97404621409762e-07
448897231;LD2;7.37218244044541e-06
448897240;LD2;3.63665690261937e-05
448897336;LD2;2.05664959291727e-05
448897351;LD2;1.19762530327705e-06
448897381;LD2;3.86535544464451e-07
448897390;LD2;4.50547357031478e-05
448897420;LD2;4.57521837897036e-07
448897453;LD2;1.23791628727387e-05
450480631;LD2;0.000118226957925246
450480696;LD2;4.75263596039565e-06
450480708;LD2;1.6150448635887e-05
450480897;LD2;0.000139149209331221
456542465;LD2;2.38357436713767e-05
456542525;LD2;2.49077006920566e-05
456542530;LD2;3.96722699920831e-06
456542543;LD2;1.98139046989865e-05
456542552;LD2;1.71469866715666e-05
456542648;LD2;2.13368496435566e-05
456542663;LD2;8.12972342950762e-07
456542702;LD2;1.95901023527525e-05
456542732;LD2;2.36731610613991e-05
456542765;LD2;1.48706169093393e-05
459073179;LD2;4.6690650328995e-06
459073239;LD2;2.93700340510071e-05
459073244;LD2;9.31484479429682e-07
459073257;LD2;7.63157376682096e-05
459073266;LD2;5.08433116924912e-05
459073362;LD2;1.84265901768482e-07
459073377;LD2;1.6388170758635e-06
459073407;LD2;4.28158000630843e-05
459073416;LD2;2.33516807339308e-06
459073446;LD2;3.84277581830717e-06
459073479;LD2;2.62136673261457e-05
460399339;LD2;4.14457648251767e-06
460399399;LD2;0.000263553489520267
460399417;LD2;9.34063186417051e-05
460399426;LD2;1.92954649186338e-05
460399522;LD2;2.51001472705896e-06
460399537;LD2;0.000298092308065275
460399567;LD2;0.000388963014478709
460399576;LD2;0.000110011816549407
460399606;LD2;1.25962921500806e-05
460399639;LD2;3.85109305175576e-05
466228131;LD2;5.30957912056283e-08
466228215;LD2;1.31059202885333e-05
466228311;LD2;2.64711623854092e-07
466228332;LD2;2.40715982554713e-05
466228338;LD2;2.91895010496575e-05
466228398;LD2;1.61625444170007e-05
468112857;LD2;1.4106098848641e-05
468112862;LD2;1.21364327095536e-08
468112875;LD2;0.000116039715757142
468112884;LD2;7.19442412703736e-05
468112995;LD2;0.000511322507687816
468113034;LD2;8.52745261881273e-06
468113064;LD2;3.917382068003e-05
468113097;LD2;6.64288173764781e-05
472230432;LD2;2.74479245321737e-06
472230549;LD2;0.000209913302575827
472230567;LD2;7.99376196872728e-05
472230576;LD2;1.55022229347134e-05
472230595;LD2;9.83796162672002e-06
472230603;LD2;5.01823508043414e-05
472230633;LD2;0.000177230895847822
472230666;LD2;5.15080966123386e-05
474794420;LD2;6.54890184788622e-05
474794480;LD2;1.66264804557025e-05
474794485;LD2;4.00716057907716e-07
474794507;LD2;0.000202069653650457
474794603;LD2;3.93733759437302e-05
474794618;LD2;0.000184653738568364
474794648;LD2;2.06642776508817e-05
474794657;LD2;1.07753376195035e-06
474794687;LD2;7.57177350535442e-07
474794720;LD2;0.000113370779925587
474818306;LD2;5.23080183448693e-05
474818366;LD2;2.22062123367831e-06
474818371;LD2;6.87396370648413e-05
474818393;LD2;0.000118658720398343
474818489;LD2;6.61323054914578e-05
474818504;LD2;5.4626180343549e-05
474818534;LD2;1.54475394057234e-05
474818543;LD2;2.48174504234871e-05
474818573;LD2;5.43219315709199e-05
474818606;LD2;4.25830197357857e-06
475011920;LD2;6.27639241483509e-06
475011980;LD2;0.000160172655600253
475011985;LD2;3.50217771168493e-05
475011998;LD2;5.77665972356356e-06
475012007;LD2;9.84943030085536e-06
475012013;LD2;0.000103346409861539
475012103;LD2;0.000215542641031356
475012118;LD2;2.18427218331621e-05
475012148;LD2;0.000168785655846364
475012157;LD2;4.5310606019977e-05
475012187;LD2;2.37406384805717e-05
475012220;LD2;5.10835655948137e-05
475707730;LD2;4.81577213743417e-05
475707734;LD2;3.84732264900354e-06
475707738;LD2;1.16118098227477e-05
476931407;LD2;2.52968236770207e-06
476931467;LD2;0.000124824744706354
476931473;LD2;0.000197182585669239
476931485;LD2;1.72676699879016e-05
476931494;LD2;5.36882568918171e-05
476931674;LD2;5.82239105687318e-05
479049281;LD2;4.86594155759428e-06
479049341;LD2;1.82870445584272e-06
479049346;LD2;2.6387061354974e-06
479049359;LD2;3.60924199441963e-05
479049368;LD2;5.12352489151602e-05
479049464;LD2;5.06760399030571e-05
479049479;LD2;0.000651131297730475
479049509;LD2;0.000230888638038827
479049518;LD2;9.92316415803086e-06
479049548;LD2;2.48447875528172e-07
479049581;LD2;1.68209670628968e-06
479548798;LD2;0.000239660063047728
479548858;LD2;0.00037978857618008
479548876;LD2;0.000274834936181946
479548981;LD2;1.09438548323981e-05
479548996;LD2;0.000710525160574444
479549026;LD2;1.41039001820811e-06
479549035;LD2;0.000203630166674429
479549065;LD2;0.000374307035849708
479549098;LD2;2.80390862566214e-06
481164983;LD2;0.000330259526015367
481165043;LD2;0.000390117666732974
481165048;LD2;0.000211578951034417
481165061;LD2;0.000145480289602193
481165070;LD2;7.80872959265261e-06
481165166;LD2;3.09340179429977e-06
481165181;LD2;0.00076342566742032
481165211;LD2;7.58226174336178e-05
481165220;LD2;0.000311076794802904
481165283;LD2;0.000127847782115513
484569898;LD2;3.74260378729776e-07
484569958;LD2;4.03340687946674e-06
484569963;LD2;1.2103379612973e-06
484569976;LD2;9.18348805772763e-05
484570081;LD2;9.86811774263416e-05
484570096;LD2;0.000327343718577505
484570126;LD2;0.000287242908489522
484570135;LD2;7.1630875038063e-06
484570165;LD2;1.51744518702189e-05
484570198;LD2;5.39597183436262e-06
485768477;LD2;2.69404105622258e-05
485768540;LD2;1.75674067444833e-05
485768549;LD2;4.19667688873597e-05
485768579;LD2;0.000266528189623756
485768594;LD2;1.14941974296248e-05
485768690;LD2;4.13243229811571e-05
485768699;LD2;0.000168976766278983
485768712;LD2;8.15589621524876e-05
485768717;LD2;5.34960424166852e-06
485768777;LD2;5.87297933975082e-06
486720570;LD2;0.000335567961621838
486720575;LD2;0.000703957958787173
486720597;LD2;0.000105432387095947
486720607;LD2;3.65977936008793e-06
486720693;LD2;0.000159952204893262
486720708;LD2;7.31563762795499e-06
486720738;LD2;8.08847278700103e-05
486720747;LD2;0.000249359982754568
486720777;LD2;1.35794887531453e-05
486720810;LD2;0.000215511095116544
492815177;LD2;0.000158154841058861
492815237;LD2;2.24440423742011e-08
492815242;LD2;1.7463544744219e-05
492815255;LD2;1.5980064942798e-05
492815264;LD2;3.77110235657821e-07
492815360;LD2;0.000101834061102342
492815375;LD2;3.87297850145659e-06
492815405;LD2;8.64790424838369e-05
492815414;LD2;0.000138317369812399
492815444;LD2;0.000275361524051127
492815477;LD2;5.10930565236191e-07
495452776;LD2;8.99944833679248e-06
495452809;LD2;7.78613542579904e-06
495452839;LD2;5.64931907743451e-06
495452848;LD2;2.58991147240142e-05
495452878;LD2;1.1953884806997e-05
495452893;LD2;1.36717815024755e-06
495452998;LD2;2.41809945347646e-07
495453011;LD2;0.000277365208910632
495453016;LD2;3.20253446109652e-05
495453076;LD2;1.94228154809312e-07
496156475;LD2;9.67700787291108e-08
496156508;LD2;1.0525981444235e-05
496156538;LD2;5.02790506021971e-05
496156577;LD2;7.90199485945043e-06
496156592;LD2;1.41695685700849e-05
496156688;LD2;2.26774288403721e-05
496156697;LD2;1.71903325549318e-06
496156710;LD2;2.03516404899841e-05
496156715;LD2;3.91872122869244e-05
496156775;LD2;2.10261452884629e-06
498652433;LD2;2.86063841917004e-06
498652435;LD2;3.83815743460798e-06
498652493;LD2;3.52192332987085e-05
498652495;LD2;1.12980923653509e-05
498652498;LD2;2.71939125351677e-06
498652501;LD2;2.01686477308201e-06
498652511;LD2;4.12321176440757e-05
498652513;LD2;4.6597292589907e-06
498652520;LD2;8.54668955852239e-06
498652522;LD2;3.98981039924423e-06
498652616;LD2;4.39139921980636e-08
498652618;LD2;4.49708771047565e-07
498652631;LD2;2.7492911567686e-05
498652661;LD2;1.11106616481304e-05
498652670;LD2;5.85241649376633e-05
498652700;LD2;4.11830901653523e-05
498652702;LD2;2.5602728114542e-08
498652733;LD2;8.2228891476073e-06
506141082;LD2;2.34150281319836e-05
506141142;LD2;5.13016149739681e-06
506141147;LD2;0.000121614476434224
506141159;LD2;3.12821028904396e-05
506141169;LD2;3.14102329495264e-05
506141265;LD2;1.94809358455431e-06
506141280;LD2;1.54953791579836e-05
506141319;LD2;0.00044714734463791
506141349;LD2;1.64899749221473e-07
506141382;LD2;6.39429178871125e-06
8102041;LD2;0.000147619959283198
8102101;LD2;1.64912494072205e-05
8102106;LD2;3.43020283842235e-06
8102119;LD2;9.77955513853474e-05
8102128;LD2;7.80989179929047e-05
8102224;LD2;9.59057196822634e-05
8102239;LD2;3.68422151439153e-06
8102269;LD2;1.22330812024746e-06
8102308;LD2;2.9401120588659e-05
8102341;LD2;8.94976102723759e-05
11228618;LD2;6.09818052112078e-06
11228648;LD2;1.07318790735022e-06
11228702;LD2;1.81414489765196e-06
11228798;LD2;9.32272967807847e-05
11228819;LD2;0.00017966877486514
11228825;LD2;2.40973220557409e-05
11228885;LD2;1.25855218906983e-05
16067438;LD2;8.88208237251735e-06
16067444;LD2;4.75025702505336e-06
16067456;LD2;5.70801833180416e-06
16067561;LD2;6.40174070857641e-07
16067615;LD2;7.59718022539315e-09
16067645;LD2;4.16118935702102e-05
17439606;LD2;3.91562619182029e-05
17439639;LD2;2.68863584312438e-05
17439669;LD2;0.000350248257615818
17439678;LD2;0.000124740442046919
17439723;LD2;1.35498007986328e-07
17439819;LD2;2.61355252396831e-05
17439828;LD2;7.43394775685832e-05
17439841;LD2;0.000134515684778999
17439846;LD2;3.85040230145042e-05
17439906;LD2;7.79203868692636e-05
32479445;LD2;4.51231374897683e-07
32479510;LD2;0.000450205554366432
32479523;LD2;7.38068933522316e-06
32479628;LD2;0.000193060268119149
32479643;LD2;1.260942445309e-05
32479673;LD2;0.000193310851093521
32479682;LD2;4.35738019843259e-05
32479712;LD2;0.00010973367693276
36571373;LD2;3.50064503770905e-05
36571403;LD2;2.55342006788447e-07
36571457;LD2;1.19121403960054e-05
36571553;LD2;4.99779982792472e-06
36571559;LD2;1.71684124854324e-05
36571562;LD2;1.28681612858177e-06
36571574;LD2;4.94333503812008e-05
36571580;LD2;0.000774172444065493
36571640;LD2;7.84938000264271e-06
45428075;LD2;9.13808335690666e-05
45428141;LD2;0.000100250474699954
45428153;LD2;2.23730710012162e-11
45428162;LD2;8.22899451388269e-07
45428258;LD2;2.26830355594938e-05
45428312;LD2;1.48334725215425e-05
45428342;LD2;3.93950571962995e-05
97669843;LD2;3.23685534690206e-05
97669876;LD2;0.000206660434275992
97669906;LD2;0.000173004998883402
97669915;LD2;7.51674231981712e-05
97669945;LD2;0.000308957216420148
97669960;LD2;0.000201533065493622
97670065;LD2;0.000455214620112925
97670078;LD2;0.000547797465870642
97670083;LD2;0.00075206255595535
97670143;LD2;2.4070552957272e-05
186233788;LD2;9.65597726350227e-05
186233821;LD2;4.92053478833041e-05
186233860;LD2;3.35538017977682e-07
186233890;LD2;1.60715376545069e-05
186233905;LD2;3.37356117613986e-05
186234001;LD2;0.000182522766947763
186234010;LD2;3.36642682123194e-05
186234023;LD2;0.000113643919251612
186234088;LD2;5.87341253600912e-06
238617528;LD2;9.50423528039034e-06
238617561;LD2;2.53810204331655e-05
238617591;LD2;1.75717915516127e-05
238617600;LD2;2.94233042801286e-05
238617630;LD2;1.23967016068577e-05
238617645;LD2;0.000106295726201556
238617741;LD2;0.000119283438200772
238617750;LD2;0.000143273253671406
238617763;LD2;1.47485778790819e-05
238617768;LD2;3.39573890304483e-07
238617828;LD2;0.000531689475851446
298155490;LD2;1.71143755225408e-06
298155555;LD2;6.86283242134062e-05
298155568;LD2;2.33627335415034e-09
298155577;LD2;3.41610503890096e-05
298155673;LD2;8.61622143494742e-05
298155718;LD2;1.55598942043726e-07
298155727;LD2;6.86166538019626e-06
298155757;LD2;6.56386153485033e-06
298155790;LD2;4.57309183883365e-05
320523085;LD2;1.74841526333028e-06
320523140;LD2;6.03021664224052e-08
320523145;LD2;1.51293623083821e-05
320523151;LD2;1.12662934455572e-05
320523163;LD2;2.98444499878111e-05
320523172;LD2;0.000157527923002522
320523268;LD2;3.47151586449269e-07
320523322;LD2;9.05263592292384e-07
320523352;LD2;3.67498087796058e-05
332014526;LD2;0.00065287974065038
332014559;LD2;1.42098532801658e-06
332014598;LD2;7.29068720836518e-05
332014628;LD2;4.63085485046084e-07
332014643;LD2;0.000183519332063001
332014733;LD2;0.000372422873668037
332014739;LD2;8.21930184641587e-06
332014748;LD2;6.14381178537882e-05
332014761;LD2;8.01306104449116e-07
332014766;LD2;0.00034420401743496
332014826;LD2;4.78624296169799e-06
336856712;LD2;7.43633419972266e-06
336856775;LD2;7.82900610649493e-07
336856784;LD2;0.000261560547020191
336856814;LD2;0.000901590199343423
336856829;LD2;0.000164608508238119
336856934;LD2;7.73777594945708e-05
336856947;LD2;0.000660954776456388
336856952;LD2;4.77142065386465e-05
336857012;LD2;2.99488761537021e-05
339063049;LD2;0.000118844495226294
339063115;LD2;4.89813968185662e-05
339063232;LD2;0.000194277797428805
339063286;LD2;0.000192197677557072
339063316;LD2;1.21384543983842e-05
341231473;LD2;5.91577287635662e-05
341231533;LD2;3.13503964992442e-05
341231538;LD2;0.00012265977691758
341231560;LD2;0.000170465811960387
341231656;LD2;9.92439676661997e-06
341231671;LD2;1.18984561213715e-08
341231701;LD2;0.000113017142122977
341231710;LD2;9.40760129892797e-06
341231773;LD2;3.15510367488097e-06
343788512;LD2;5.02019292700046e-06
343788518;LD2;2.39558074657616e-06
343788556;LD2;7.10781443901394e-07
343788575;LD2;3.85946077826557e-06
343788584;LD2;4.6305437123033e-05
343788592;LD2;0.000139644541182925
343788602;LD2;8.72182276705009e-05
343788698;LD2;1.53221258724291e-05
343788707;LD2;2.98397265832145e-05
343788719;LD2;2.24849941578911e-05
343788725;LD2;6.48945910117958e-05
402016209;LD2;0.000118146767068014
402016242;LD2;0.00102559489227361
402016272;LD2;1.0185753871565e-05
402016281;LD2;4.82813398793276e-05
402016311;LD2;4.88645457267484e-06
402016422;LD2;8.24385782297163e-05
402016431;LD2;7.30534658158199e-05
402016444;LD2;2.37431143949604e-05
402016449;LD2;9.90910688853839e-05
402016482;LD2;1.40217337239866e-09
402016509;LD2;6.51962643953829e-06
402799484;LD2;2.94880059721526e-05
402799517;LD2;0.000381561376931886
402799547;LD2;1.17656498574441e-06
402799556;LD2;0.00152712130563059
402799586;LD2;0.000688226129890824
402799601;LD2;0.000245500745637105
402799719;LD2;3.81096165333786e-05
402799724;LD2;3.75616937900934e-05
402799784;LD2;1.02675213827393e-06
405622030;LD2;4.1572285247417e-05
405622095;LD2;5.23712875826009e-06
405622108;LD2;2.68155756772398e-08
405622117;LD2;0.000178163220720189
405622213;LD2;5.05920651593231e-06
405622228;LD2;1.44935223553101e-05
405622258;LD2;0.000243117983938699
405622267;LD2;5.370551799491e-06
405622330;LD2;1.92581948937036e-05
413153253;LD2;5.81814424113589e-06
413153313;LD2;3.35475480012571e-05
413153318;LD2;0.000128158454650916
413153331;LD2;4.70357790241184e-06
413153340;LD2;3.51256978677084e-05
413153436;LD2;6.9756791910113e-05
413153451;LD2;0.000105897034733964
413153481;LD2;0.000292416014667103
413153490;LD2;2.72929812906166e-05
413153520;LD2;6.45009829523175e-05
413153553;LD2;0.000156224170025915
413980695;LD2;1.85720299009027e-05
413980755;LD2;7.16144501327858e-05
413980760;LD2;3.12846626173198e-05
413980773;LD2;5.12873767207487e-05
413980878;LD2;1.93636573639739e-05
413980893;LD2;0.000172479969189515
413980923;LD2;4.70878361247957e-11
413980932;LD2;1.45919441194989e-07
413980962;LD2;0.000140973051256102
413980995;LD2;4.52169858149461e-06
416650876;LD2;1.33819730076036e-05
416650939;LD2;0.000451986671195441
416650948;LD2;0.000572008712561292
416650993;LD2;0.000338321493660464
416651089;LD2;0.00018723210078274
416651176;LD2;2.34717559902698e-05
416891153;LD2;0.000464414332940798
416891183;LD2;5.63629144896002e-06
416891237;LD2;0.00030347776243954
416891333;LD2;3.61188587026835e-07
416891342;LD2;7.9285712505359e-06
416891360;LD2;4.52450280598904e-05
416891420;LD2;0.000356848368160649
428325994;LD2;1.0104429093965e-08
428326054;LD2;1.08685915279969e-07
428326059;LD2;3.86063960013561e-05
428326072;LD2;9.82240515678533e-05
428326177;LD2;6.98721050723946e-06
428326192;LD2;5.46825914584432e-05
428326222;LD2;5.08995525081756e-05
428326231;LD2;3.94488468769025e-07
428326261;LD2;0.000160904232979425
428326294;LD2;6.52574408597208e-06
428336217;LD2;6.32098525788947e-10
428336308;LD2;0.00130024297265607
428336314;LD2;0.000559706568845138
428336431;LD2;0.000334306395359999
428336485;LD2;1.26560111426355e-05
428336515;LD2;0.000101193186306236
440986881;LD2;0.000323902611413824
440986911;LD2;4.38313367495398e-06
440986920;LD2;6.72506424795792e-05
440986950;LD2;0.000649337083219951
440987082;LD2;1.02593304539365e-06
440987148;LD2;3.43746669319995e-07
448654406;LD2;1.47941313959097e-05
448654418;LD2;3.29522955997302e-06
448654523;LD2;3.12363661749878e-05
448654577;LD2;3.65257357172937e-05
448654607;LD2;0.000121555217811858
460671887;LD2;1.23694940488931e-05
460671920;LD2;1.00536394310583e-05
460671950;LD2;4.02464172954081e-07
460671959;LD2;3.77818940314979e-05
460671989;LD2;4.21825578595734e-05
460672004;LD2;0.000126827381202557
460672100;LD2;0.000314077517658871
460672109;LD2;1.29863936721986e-05
460672122;LD2;5.31879121023251e-07
460672187;LD2;2.96979940792187e-05
463880918;LD2;1.48670012421623e-05
463880978;LD2;0.000132220618966363
463880984;LD2;1.71921053423998e-05
463881101;LD2;1.96646377876446e-08
463881185;LD2;1.91220876431633e-05
465360409;LD2;0.000495796641895629
465360469;LD2;0.000154272687027771
465360474;LD2;0.000259005489058219
465360487;LD2;0.000339793707776427
465360592;LD2;0.000137761712644256
465360607;LD2;0.000190388767891092
465360637;LD2;2.84474879512495e-05
465360676;LD2;0.000340005946513694
468322036;LD2;9.69397195720273e-05
468322069;LD2;8.40397257983844e-05
468322099;LD2;1.78804664349159e-06
468322108;LD2;1.11617699010387e-06
468322138;LD2;7.74950225759007e-07
468322153;LD2;2.06499650360651e-05
468322249;LD2;1.3700898409335e-06
468322271;LD2;6.20134140114875e-05
468322276;LD2;1.47232290887772e-05
468322336;LD2;0.000220643708224065
475046215;LD2;2.72933831439421e-05
475046221;LD2;2.11430873070126e-05
475046233;LD2;3.16705187873958e-05
475046353;LD2;2.93152614984514e-05
475046392;LD2;8.34436803377057e-07
475046422;LD2;2.59901810700037e-05
477231971;LD2;6.41956794984919e-05
477232004;LD2;0.000486685504965567
477232034;LD2;9.90929689241212e-05
477232043;LD2;4.43902907940315e-05
477232073;LD2;2.18168615586311e-05
477232088;LD2;0.00020519910079335
477232184;LD2;5.37025488934987e-05
477232193;LD2;0.000623670325962355
477232206;LD2;1.64443631014324e-05
477232211;LD2;2.28327200765096e-05
477232271;LD2;6.73928727733983e-05
477777779;LD2;1.00230685616711e-07
477777839;LD2;9.0338029442019e-05
477777845;LD2;3.29892159918709e-06
477777857;LD2;5.88603903964412e-07
477777962;LD2;0.000335828497383061
477778016;LD2;6.45663582208296e-09
477778046;LD2;6.29843578030348e-05
483899559;LD2;6.86812469047338e-06
483899619;LD2;2.31258603008805e-05
483899624;LD2;7.96695334156416e-06
483899637;LD2;5.21053826036214e-06
483899742;LD2;0.000162073876753971
483899757;LD2;0.00036054158172957
483899787;LD2;0.000322602137139937
483899796;LD2;7.5451535251988e-06
483899826;LD2;0.000197861466342913
483899859;LD2;3.00036834327288e-05
487998169;LD2;0.000109481128312068
487998229;LD2;0.000300337451682717
487998234;LD2;6.28242814309357e-05
487998247;LD2;8.75374536440417e-07
487998256;LD2;9.98647393591272e-05
487998352;LD2;9.00926495287956e-07
487998367;LD2;0.00023591723949113
487998397;LD2;0.000102079081481983
487998436;LD2;2.17873087558186e-08
487998469;LD2;1.31657934422212e-06
491144885;LD2;5.23992087896806e-05
491144918;LD2;2.86422546878134e-06
491144948;LD2;6.2555652579284e-06
491144957;LD2;1.66953737821614e-05
491144987;LD2;6.67373234774154e-06
491145002;LD2;0.000191288413970659
491145098;LD2;0.000111854629831453
491145107;LD2;4.11964205179358e-06
491145120;LD2;3.39722252066148e-06
491145125;LD2;2.79755364855474e-05
491145185;LD2;1.87539256519335e-05
493197469;LD2;2.06200481393675e-05
493197502;LD2;0.000234228446753518
493197541;LD2;3.4211510650607e-05
493197571;LD2;4.47858605312074e-05
493197586;LD2;9.24218499132893e-06
493197691;LD2;0.000236466599171907
493197704;LD2;5.0628773876962e-06
493197769;LD2;6.34802195399935e-05
493833907;LD2;1.15751116345402e-06
493833916;LD2;0.000472356692047457
493834057;LD2;2.6514579632357e-05
493834096;LD2;0.000270993520854417
493834129;LD2;3.18189733364783e-05
502968115;LD2;2.07674761518457e-06
502968199;LD2;5.89674957518427e-08
502968295;LD2;1.1290137272344e-07
502968304;LD2;3.04209815494485e-05
502968316;LD2;4.09338269870788e-07
502968322;LD2;1.62058383232872e-06
502968382;LD2;3.86931625135246e-08
8892110;LD2;1.21435074030457e-05
8892143;LD2;5.47068526519616e-06
8892173;LD2;7.01746960429828e-06
8892182;LD2;0.000133507700388035
8892212;LD2;4.81267655758208e-05
8892227;LD2;2.53206204874859e-08
8892323;LD2;1.12797498280794e-05
8892332;LD2;6.69049699455935e-06
8892345;LD2;3.37731939174532e-05
8892410;LD2;3.29105893888599e-05
9013770;LD2;0.000119453163081034
9013836;LD2;3.95623019366525e-05
9013953;LD2;2.77838410371376e-05
9013993;LD2;3.09075982757514e-10
9014037;LD2;6.74154030675284e-05
10587647;LD2;2.16707008420251e-05
10587680;LD2;2.48691254171081e-09
10587710;LD2;8.36222194675988e-05
10587719;LD2;5.47339307838782e-05
10587749;LD2;9.39857536500289e-05
10587764;LD2;8.28028280544478e-05
10587869;LD2;4.4625639067558e-05
10587882;LD2;0.000235135819311408
10587887;LD2;1.28671492507939e-05
10587947;LD2;0.000173565972897679
10758124;LD2;2.25704601778425e-05
10758184;LD2;4.51093170713556e-06
10758189;LD2;2.17151920739508e-06
10758202;LD2;1.70231513241122e-05
10758211;LD2;4.44109809725169e-05
10758307;LD2;0.000404151438527888
10758322;LD2;7.73918708301583e-06
10758352;LD2;1.4510276645162e-06
10758361;LD2;7.92180171594538e-07
10758391;LD2;3.89137858257656e-05
10758424;LD2;3.47687722794673e-05
17427689;LD2;0.000475424742703306
17427722;LD2;0.000120732172854035
17427752;LD2;0.000248156957194286
17427761;LD2;3.21220981418823e-06
17427791;LD2;2.5198433752155e-06
17427806;LD2;0.000305379415925994
17427902;LD2;9.45821672084645e-05
17427911;LD2;4.40768828494099e-05
17427924;LD2;3.12370415988158e-05
17427929;LD2;4.86232854984223e-05
17427989;LD2;0.000173748847719218
19493590;LD2;4.59545294942357e-05
19493674;LD2;4.57151520302004e-09
19493770;LD2;6.46994918420137e-06
19493779;LD2;8.41607752713123e-07
19493791;LD2;2.64079396921815e-05
19493797;LD2;8.51508917931011e-05
19493857;LD2;3.25499022863978e-05
29120767;LD2;6.04436511530648e-06
29120800;LD2;8.88636563044309e-07
29120830;LD2;3.15252078214179e-05
29120869;LD2;5.38812115054792e-07
29121002;LD2;0.000150825876201207
29121067;LD2;0.000363987401342766
33734335;LD2;5.05598478652097e-06
33734368;LD2;5.88340148306791e-06
33734398;LD2;2.67042017211884e-05
33734407;LD2;7.70661196753265e-07
33734437;LD2;1.26558930162787e-05
33734452;LD2;2.56747017341315e-08
33734542;LD2;7.72832239668981e-06
33734548;LD2;3.94372326277665e-06
33734557;LD2;3.12111115490003e-05
33734570;LD2;4.52063794390403e-05
33734575;LD2;6.85684218759748e-06
33734635;LD2;6.78856668270942e-06
45801927;LD2;1.27494659182679e-05
45801940;LD2;3.21931455287973e-05
45802060;LD2;0.000350795515872334
45802090;LD2;8.27530017818721e-05
45802099;LD2;0.000712471650564276
45802129;LD2;0.00141947985661014
45802162;LD2;2.07146978638329e-05
46240574;LD2;0.000268048380867504
46240634;LD2;6.61470186540966e-06
46240640;LD2;5.57713396555685e-05
46240652;LD2;8.16873680553181e-05
46240661;LD2;2.09521364166457e-05
46240757;LD2;0.000283547117199606
46240841;LD2;4.86757663596641e-08
52952027;LD2;5.55519751494723e-05
52952050;LD2;6.52194743614995e-05
52952054;LD2;7.6951339820382e-06
52952150;LD2;4.33195323038686e-06
52952168;LD2;8.41845246865661e-05
52952196;LD2;0.000937881986855246
52952204;LD2;1.82262280845344e-05
52952234;LD2;0.000345918089735744
52952240;LD2;5.55242938154142e-07
52952267;LD2;1.09561712370816e-05
55135099;LD2;4.63138720281224e-06
55135132;LD2;1.00310386333243e-06
55135162;LD2;1.11866868361348e-05
55135171;LD2;0.000112461344498343
55135201;LD2;0.000213054866576791
55135216;LD2;1.20107577970402e-05
55135321;LD2;3.23663325450489e-05
55135333;LD2;6.24202295648009e-05
55135339;LD2;1.72644658636109e-07
55135399;LD2;0.00010180944313553
56933582;LD2;7.68599993932782e-05
56933666;LD2;7.35384836584258e-07
56933762;LD2;5.67027377564504e-05
56933771;LD2;9.55864723979685e-06
56933783;LD2;4.79687323744032e-07
56933789;LD2;1.72116142686529e-06
56933849;LD2;1.1124538229185e-05
62365111;LD2;5.78179500629648e-07
62365118;LD2;5.68023676188565e-05
62365167;LD2;1.37837228050573e-07
62365291;LD2;1.53589327302512e-05
62365315;LD2;4.49848941244365e-05
62365331;LD2;5.63238675417794e-06
62365343;LD2;4.6168409619417e-06
62365375;LD2;1.23838450866741e-05
62365400;LD2;2.96055321827558e-05
62391781;LD2;6.46207121667546e-06
62391837;LD2;5.18753848657934e-06
62391890;LD2;4.40618168458643e-11
62392002;LD2;6.37873068269403e-06
62392014;LD2;1.58527245660361e-06
62392039;LD2;4.04803938611706e-06
62392046;LD2;6.8673566797799e-06
62392056;LD2;8.14225494252392e-06
62392071;LD2;4.62980994217506e-06
62393356;LD2;1.70331860639504e-05
62393529;LD2;1.01701560483972e-06
62393553;LD2;4.08253606389696e-06
62393569;LD2;1.33529813055841e-06
62393581;LD2;4.52410566044191e-08
62393613;LD2;8.593305789173e-07
62411228;LD2;0.000245423461491639
62411235;LD2;6.66901071198558e-06
62411432;LD2;1.50872186208674e-05
62411448;LD2;1.86539613595691e-05
62411460;LD2;2.09687012010975e-05
62411492;LD2;1.18520947898595e-05
62411517;LD2;4.1631659259739e-05
62451942;LD2;1.7743331521486e-05
62451949;LD2;1.03447600592441e-05
62451998;LD2;1.17031745767477e-06
62452123;LD2;4.67198187688588e-07
62452163;LD2;1.07090477802709e-06
62452175;LD2;3.47822774212969e-07
62452207;LD2;2.36345215201758e-07
62452232;LD2;1.83627542853638e-05
62477627;LD2;4.79990322333584e-09
62477634;LD2;1.19716900979852e-05
62477683;LD2;2.39806128342737e-08
62477807;LD2;2.00788842646393e-05
62477831;LD2;2.80342304622668e-05
62477847;LD2;9.85339820401019e-05
62477859;LD2;1.02546817372015e-05
62477891;LD2;7.22708010837567e-07
62477916;LD2;1.94721754257181e-05
62485161;LD2;2.71404718345189e-09
62485217;LD2;1.47751267771428e-06
62485270;LD2;7.79188603916516e-06
62485382;LD2;8.10722708342586e-06
62485394;LD2;1.38982268093461e-05
62485419;LD2;1.33896701315804e-06
62485426;LD2;0.000109567877384396
62485436;LD2;1.05821347370804e-05
62485451;LD2;2.67069550974093e-05
62511304;LD2;7.95358380915957e-07
62511311;LD2;1.06128961513968e-05
62511360;LD2;2.43103201056948e-06
62511483;LD2;2.52417888867181e-05
62511507;LD2;5.9831836589142e-07
62511523;LD2;2.18547743632322e-07
62511535;LD2;1.64082985258501e-05
62511592;LD2;7.09199733920665e-06
62516499;LD2;7.17354123361134e-06
62516555;LD2;8.25226151368459e-06
62516720;LD2;4.83854047191874e-07
62516732;LD2;1.17804730084183e-07
62516757;LD2;1.28797239780414e-05
62516764;LD2;2.10596593804964e-06
62516774;LD2;2.81604809370238e-06
62516789;LD2;2.46625411487284e-06
62516794;LD2;8.16242906692447e-11
63360652;LD2;0.000584932292618391
63360685;LD2;1.577316862656e-06
63360715;LD2;0.000939172238529212
63360724;LD2;3.16189545684572e-08
63360754;LD2;0.00107090725115851
63360769;LD2;5.92204258655117e-06
63360865;LD2;1.04860465961195e-06
63360874;LD2;7.47313218256197e-06
63360887;LD2;0.000574694249176861
63360892;LD2;0.000381918874719959
63800086;LD2;3.15193826187334e-07
63800119;LD2;9.02106400909905e-05
63800149;LD2;3.70219677075054e-05
63800158;LD2;9.48232589367016e-05
63800188;LD2;1.06175962383559e-05
63800203;LD2;0.00065213593792594
63800299;LD2;1.45000735327904e-05
63800308;LD2;9.71221355891166e-05
63800321;LD2;0.000424360969058556
63800326;LD2;0.00011665072306292
63800386;LD2;0.000137520763553663
75812133;LD2;6.9948775180865e-06
75812155;LD2;2.59758623160682e-07
75812193;LD2;5.02427897863048e-05
75812199;LD2;2.91692180789784e-05
75812211;LD2;1.46617977120845e-07
75812220;LD2;0.000114419863026505
75812316;LD2;0.000143794755352737
75812370;LD2;2.0279015806137e-07
75812400;LD2;1.00260671377312e-05
81619842;LD2;6.76041047606242e-07
81619875;LD2;1.16546458784252e-05
81619905;LD2;4.30877921380679e-05
81619914;LD2;9.87460127963428e-05
81619944;LD2;9.8715458495578e-06
81619959;LD2;1.61032048800528e-06
81620055;LD2;7.65174915103071e-05
81620064;LD2;8.48535373275196e-05
81620077;LD2;0.000139365508466408
81620082;LD2;2.96250680348017e-06
81620142;LD2;2.69517022486527e-05
81817691;LD2;2.83957944128504e-06
81817718;LD2;2.95739995650016e-07
81817808;LD2;0.000131406270985336
81817862;LD2;7.9904487953803e-07
81817892;LD2;2.88293105945637e-05
84534340;LD2;1.61127574692163e-05
84534371;LD2;4.68941256985887e-05
84534373;LD2;9.64115299167466e-05
84534401;LD2;6.1945285927625e-06
84534403;LD2;6.970819366849e-05
84534412;LD2;1.00836742639196e-06
84534442;LD2;7.8925724434817e-06
84534455;LD2;7.78517898202514e-05
84534457;LD2;0.000105969935017503
84534545;LD2;2.22273048044858e-08
84534547;LD2;1.86301724622928e-06
84534551;LD2;3.18368894128056e-07
84534553;LD2;7.84063491230983e-06
84534560;LD2;9.79455962137164e-06
84534562;LD2;8.1170499627622e-07
84534572;LD2;0.000316931133065409
84534575;LD2;0.000131830426539574
84534578;LD2;0.000212810459885148
84534580;LD2;8.96714412399545e-05
84534638;LD2;0.000445883119679804
84534640;LD2;1.10340605249841e-07
88048417;LD2;0.000229970658832237
88048477;LD2;0.000646726142652206
88048483;LD2;0.000548953725255483
88048495;LD2;1.67099751037559e-06
88048504;LD2;0.00013108332231779
88048600;LD2;0.000179990732052946
88048654;LD2;3.12171649349895e-07
88048684;LD2;5.05721111190212e-06
88077462;LD2;1.08524540869169e-05
88077474;LD2;2.25942598863816e-06
88077487;LD2;5.36114701535329e-06
88077496;LD2;7.46384975366567e-08
88077510;LD2;7.37398363692755e-05
88077550;LD2;0.000279521394057007
88077564;LD2;3.85857742198183e-05
88077683;LD2;0.000344040299543829
122761051;LD2;6.58024253564844e-07
122761117;LD2;5.80209023449273e-07
122761129;LD2;2.14058475193749e-05
122761138;LD2;0.000268525295699314
122761234;LD2;5.37730666575479e-07
122761318;LD2;5.81283706238209e-05
158489471;LD2;0.000156801005814905
158489531;LD2;0.000136472834273801
158489537;LD2;3.0022352998403e-06
158489549;LD2;1.98943986083681e-06
158489648;LD2;1.54958007320239e-05
158489654;LD2;0.00069170689990461
158489669;LD2;3.95755095867634e-05
158489699;LD2;1.93529137127681e-06
158489708;LD2;0.000218216320818976
158489738;LD2;0.000376648639487444
158489771;LD2;0.000330886422776803
161578025;LD2;0.000210387349549181
161578058;LD2;0.00010637208421768
161578088;LD2;4.40437881911708e-05
161578097;LD2;0.00017405621670766
161578127;LD2;8.12446684781774e-05
161578142;LD2;5.31197495428929e-06
161578265;LD2;3.8891198846645e-06
171844047;LD2;9.00346585584509e-09
171844077;LD2;5.30730249702526e-07
171844131;LD2;0.000122425663965549
171844236;LD2;1.21402652501496e-05
171844248;LD2;5.74822402283783e-05
171844254;LD2;0.000136908656062643
171844314;LD2;5.77014836657337e-05
196427306;LD2;6.8317717680033e-05
196427369;LD2;2.22643735341767e-05
196427378;LD2;2.53539186657832e-05
196427408;LD2;0.000205476411756055
196427423;LD2;3.79746720612498e-05
196427519;LD2;4.25466343009583e-05
196427528;LD2;0.000175248783234683
196427541;LD2;0.000211305900938631
196427546;LD2;7.37202431071817e-05
196427606;LD2;0.000210276334830788
197378540;LD2;5.15385016621334e-06
197378573;LD2;4.49361070216801e-05
197378603;LD2;2.29037138440254e-06
197378612;LD2;1.64074850689887e-06
197378642;LD2;3.10995520401234e-05
197378657;LD2;1.67896411155154e-05
197378753;LD2;1.30233948571731e-05
197378762;LD2;1.58498451204038e-06
197378775;LD2;8.30047687179232e-06
197378780;LD2;5.85836349301697e-05
197378840;LD2;0.000142870191387598
197385662;LD2;5.42480657245205e-07
197385695;LD2;1.01387076476701e-05
197385725;LD2;3.03441174574234e-06
197385734;LD2;0.000159319568930888
197385764;LD2;1.6929458914943e-08
197385779;LD2;3.58402443043136e-07
197385875;LD2;7.98304751102902e-05
197385884;LD2;1.60340387511763e-07
197385897;LD2;3.98025296059967e-05
197385902;LD2;3.18828930140936e-06
197385962;LD2;1.27285953137354e-05
218342633;LD2;0.000336745098454069
218342666;LD2;6.08401949429866e-05
218342696;LD2;6.96754872238403e-05
218342705;LD2;4.5174114732939e-07
218342735;LD2;6.68052745535638e-07
218342750;LD2;1.51623550898334e-05
218342846;LD2;7.88635492806482e-06
218342855;LD2;0.000228029205097865
218342868;LD2;0.000119133941459902
218342873;LD2;0.000493496111153956
218342881;LD2;0.000589957653075247
218342933;LD2;8.36123335146741e-08
218505562;LD2;2.66037631527482e-07
218505595;LD2;6.15539411297302e-06
218505625;LD2;4.43300438743024e-07
218505634;LD2;5.4419627618865e-05
218505664;LD2;2.03913143112074e-06
218505679;LD2;9.33537475552405e-06
218505769;LD2;1.51094270227656e-06
218505775;LD2;4.53111030514566e-05
218505784;LD2;1.30157336669203e-05
218505797;LD2;2.29551887310018e-05
218505802;LD2;8.73488197298251e-05
218505862;LD2;6.3217938018511e-06
219459122;LD2;0.000199656637540237
219459182;LD2;0.000124725487348178
219459187;LD2;5.98618387558908e-05
219459200;LD2;0.000213379915442111
219459209;LD2;7.95133396584205e-05
219459305;LD2;0.00032365219445227
219459320;LD2;0.000201639427592226
219459350;LD2;0.000485770521184377
219459359;LD2;0.000169197066019577
219459389;LD2;0.00022795553334719
219459422;LD2;0.000508423994724939
224072018;LD2;2.54699413179916e-05
224072078;LD2;4.97499547344165e-05
224072083;LD2;5.40238816000748e-06
224072096;LD2;3.52939989565406e-05
224072105;LD2;3.01554911152751e-05
224072201;LD2;6.06359140577042e-07
224072216;LD2;6.6377669624632e-06
224072246;LD2;1.20179052337209e-05
224072255;LD2;4.12731502036822e-05
224072285;LD2;3.48883715508233e-05
224072318;LD2;3.51038528027304e-07
231669868;LD2;3.16847216227023e-05
231669928;LD2;3.8259082617204e-05
231669933;LD2;5.7128046554486e-06
231669955;LD2;2.32414341153241e-05
231670051;LD2;4.65487798419506e-06
231670066;LD2;5.36975934904496e-05
231670096;LD2;7.57959133717213e-05
231670105;LD2;6.36954077233457e-05
231670135;LD2;1.09696208301963e-05
231670168;LD2;2.00658780851615e-05
236384835;LD2;4.72952885372413e-06
236384865;LD2;3.33110635774254e-06
236384919;LD2;2.22816978346285e-05
236385015;LD2;0.000177692952131262
236385024;LD2;2.41818389506062e-05
236385036;LD2;1.58843827482249e-07
236385042;LD2;1.31764981704556e-06
236385102;LD2;3.31046980820053e-05
238619645;LD2;7.53690439317138e-06
238619705;LD2;2.46693237350085e-06
238619711;LD2;1.94499611288598e-06
238619723;LD2;3.31485579542502e-06
238619732;LD2;4.73967787649253e-05
238619828;LD2;5.65083456403094e-05
239436964;LD2;5.84656112751712e-05
239437147;LD2;2.24537056123378e-05
239437192;LD2;4.97668404515048e-08
239437201;LD2;4.83082137625565e-06
239437231;LD2;0.000811322631131341
239437264;LD2;0.000135695222844177
239705239;LD2;6.02636760647504e-06
239705299;LD2;0.000144935603619133
239705304;LD2;2.8491747221443e-05
239705317;LD2;1.7266697690979e-05
239705326;LD2;1.52107024331672e-07
239705422;LD2;3.91262710568991e-05
239705437;LD2;5.80914848001743e-05
239705467;LD2;6.2957326188414e-05
239705476;LD2;1.51358169506167e-06
239705506;LD2;1.44797852069872e-07
239705539;LD2;8.47314299062114e-06
240092004;LD2;6.33540579448417e-06
240092037;LD2;2.98897961287455e-06
240092067;LD2;7.31847506605019e-05
240092076;LD2;5.16436947810539e-06
240092106;LD2;2.65405910969108e-06
240092121;LD2;1.00283860702036e-06
240092217;LD2;1.89930584339234e-06
240092226;LD2;7.50600463525253e-06
240092239;LD2;1.28079596294731e-05
240092244;LD2;5.42010237476492e-05
240092304;LD2;6.23515501617941e-05
249715511;LD2;6.81317146811913e-06
249715544;LD2;1.95316535023122e-05
249715574;LD2;1.30093090244338e-05
249715583;LD2;5.12035111812625e-05
249715613;LD2;4.69272011147634e-05
249715628;LD2;9.69466210193603e-05
249715733;LD2;3.6882458486483e-06
249715746;LD2;4.88418149345442e-05
249715751;LD2;2.78083359852943e-05
249715811;LD2;1.95884984394157e-07
253299747;LD2;3.42161479555858e-06
253299780;LD2;1.02407759860619e-05
253299810;LD2;1.30642192321174e-07
253299819;LD2;0.000490172710847651
253299849;LD2;5.24028032427493e-06
253299982;LD2;1.1173728769991e-05
253299987;LD2;3.56027833625153e-06
253300047;LD2;5.01427338325061e-05
259058742;LD2;3.1267251651126e-07
259058802;LD2;8.09473006249811e-06
259058808;LD2;1.35477709818611e-05
259058820;LD2;8.36491724743924e-06
259058829;LD2;4.09172688872932e-05
259058925;LD2;6.75810827362824e-05
259059009;LD2;5.13867803185105e-08
264190905;LD2;2.16425318593231e-05
264190965;LD2;3.86578149449402e-06
264190970;LD2;7.14224089577868e-08
264190992;LD2;0.000167181745399331
264191088;LD2;5.23332403454656e-05
264191103;LD2;5.38250389054014e-06
264191133;LD2;2.0205794937961e-05
264191142;LD2;1.41074589772621e-05
264191172;LD2;1.28766952993473e-05
264191205;LD2;6.65774524766175e-06
266792271;LD2;0.000364285789846629
266792304;LD2;8.01586993750279e-05
266792334;LD2;5.87553585745081e-06
266792343;LD2;0.000123445383389331
266792373;LD2;1.69344916250281e-05
266792388;LD2;5.62231230300421e-05
266792484;LD2;7.71705526637097e-05
266792493;LD2;6.5330897991849e-05
266792506;LD2;3.15896713096591e-05
266792511;LD2;2.09750063792221e-05
266792571;LD2;1.38571489608466e-05
270495259;LD2;3.69245712242331e-05
270495292;LD2;6.65572641362846e-05
270495322;LD2;7.80271364689905e-05
270495331;LD2;0.000422926584500723
270495361;LD2;0.00033943932672003
270495376;LD2;1.20274365984928e-05
270495472;LD2;8.43793138149461e-05
270495481;LD2;4.70140706013599e-05
270495494;LD2;0.000170905696634321
270495499;LD2;3.37278526152273e-05
270495559;LD2;2.52945344389621e-05
270946475;LD2;0.000542428675721619
270946508;LD2;2.66165921669058e-06
270946538;LD2;0.000108623197640285
270946547;LD2;0.000178135875395911
270946577;LD2;0.000671039004113889
270946592;LD2;1.18702498125296e-09
270946688;LD2;2.09032573286156e-05
270946697;LD2;9.21126163454807e-07
270946710;LD2;4.96111117807044e-06
270946715;LD2;0.000449005724812763
270946775;LD2;0.0004122409100676
281027983;LD2;5.26051949041009e-05
281028043;LD2;5.53068332765021e-05
281028048;LD2;7.93395979308544e-05
281028061;LD2;0.000114141732610807
281028070;LD2;0.000109112378767884
281028166;LD2;3.80565308557816e-06
281028181;LD2;1.66948755170255e-05
281028211;LD2;1.76017243296775e-07
281028220;LD2;5.62456011517313e-05
281028250;LD2;0.000167728368750426
281028283;LD2;9.01099878080198e-05
282406281;LD2;2.11971865964401e-05
282406341;LD2;1.4209721617926e-05
282406346;LD2;1.5084479862137e-05
282406359;LD2;1.10635946009484e-05
282406464;LD2;7.73162478979163e-05
282406479;LD2;4.82668303069868e-06
282406518;LD2;7.7197864766678e-06
282406548;LD2;8.91357517917386e-06
282962145;LD2;5.19890330519455e-08
282962178;LD2;3.28918813477622e-07
282962208;LD2;0.000101553519351581
282962217;LD2;4.29572412954223e-05
282962247;LD2;1.97440894802631e-06
282962262;LD2;3.66965816427113e-06
282962367;LD2;5.65334737748997e-07
282962380;LD2;4.16922946400783e-06
282962445;LD2;0.000202968595894509
284653205;LD2;1.9950613696903e-06
284653238;LD2;1.41150178452076e-07
284653268;LD2;9.1422744971714e-05
284653277;LD2;4.99724416664323e-05
284653307;LD2;0.000188915858638364
284653322;LD2;1.43131862369319e-06
284653418;LD2;3.52661725344788e-05
284653440;LD2;5.94383099961245e-05
284653445;LD2;1.27129727090238e-05
284653505;LD2;8.3959044636132e-06
284987758;LD2;2.43770102394131e-06
284987791;LD2;2.15264347569468e-05
284987821;LD2;2.94641720757016e-05
284987830;LD2;1.00749760308175e-05
284987860;LD2;8.79505841938132e-05
284987875;LD2;6.82192065096457e-05
284987980;LD2;2.79301575846839e-07
284987993;LD2;4.94802332394856e-05
284987998;LD2;0.000350523073221312
284988058;LD2;4.92240583912952e-06
286163307;LD2;1.23450805401027e-05
286163313;LD2;0.000633872278233739
286163325;LD2;4.34100555917849e-06
286163330;LD2;5.74303199439453e-06
286163334;LD2;1.30999164291683e-05
286163431;LD2;2.53520320786431e-06
286163449;LD2;1.38789686913126e-06
286163458;LD2;0.000297503597926741
286163477;LD2;8.53420852186596e-06
286163485;LD2;4.11291804810278e-10
286163515;LD2;2.31799601176158e-05
286163521;LD2;1.19481842333425e-05
286163548;LD2;7.75192906744749e-06
286593775;LD2;2.80236551537008e-05
286593838;LD2;2.17392674380162e-05
286593847;LD2;0.000222298421518328
286593877;LD2;3.54339133671727e-05
286593892;LD2;2.47241735292294e-05
286593988;LD2;4.27005342062309e-05
286593997;LD2;0.000288826052801517
286594010;LD2;8.455701448612e-06
286594015;LD2;3.97191833558364e-05
286594075;LD2;1.64263356593923e-06
286808081;LD2;0.000190215487297002
286808086;LD2;5.07244335860685e-06
286808099;LD2;8.03822951792085e-06
286808108;LD2;1.80831195543953e-05
286808204;LD2;1.09859204354841e-05
286808219;LD2;8.60320294212087e-05
286808249;LD2;1.18429544948797e-05
286808258;LD2;5.13790395407841e-05
286808288;LD2;1.48735968476957e-05
286808321;LD2;1.60054623279322e-06
287047367;LD2;0.000477460783069939
287047400;LD2;0.000255093859636358
287047430;LD2;2.37214055274836e-06
287047439;LD2;5.57975123567154e-06
287047469;LD2;0.000422607223738253
287047484;LD2;2.26454465578043e-06
287047607;LD2;7.2638522667827e-05
287635616;LD2;1.17106605173913e-05
287635649;LD2;4.77057168156468e-06
287635688;LD2;5.60817275431836e-05
287635718;LD2;0.000406485507252942
287635733;LD2;0.000110817545876374
287635829;LD2;4.51866543665995e-05
287635851;LD2;1.50039968499595e-05
287635916;LD2;1.71075492541739e-05
288238885;LD2;1.67764610620706e-05
288238918;LD2;9.9505901102562e-06
288238948;LD2;4.52024494928055e-05
288238957;LD2;2.61637085837033e-05
288238987;LD2;3.15964300717692e-06
288239002;LD2;7.0735706433097e-07
288239098;LD2;4.12831370759586e-07
288239107;LD2;1.84997296754238e-05
288239120;LD2;7.43112742537635e-07
288239125;LD2;3.38919349197241e-06
288239185;LD2;6.07501552022986e-05
288627332;LD2;2.16276334024365e-05
288627397;LD2;6.93293819513325e-07
288627515;LD2;0.000274185346653
288627530;LD2;0.000299308875377732
288627560;LD2;0.000125307565162371
288627599;LD2;2.0006153626515e-05
288627632;LD2;0.000114812026683617
289918779;LD2;7.63549370362159e-08
289918810;LD2;0.000226172185062532
289918870;LD2;6.10773311162467e-05
289918875;LD2;6.90587316802071e-05
289918994;LD2;4.82287466404366e-05
289919009;LD2;0.000216109175652508
289919039;LD2;1.56087355257357e-05
289919048;LD2;0.00027750256317242
289919078;LD2;9.41449600099223e-05
289919111;LD2;8.67038261261086e-05
291043134;LD2;0.000111983763152264
291043139;LD2;0.000726943681790907
291043152;LD2;1.76409265521495e-05
291043257;LD2;3.76039467272407e-05
291043272;LD2;0.000181554793894017
291043302;LD2;7.11574858774135e-05
291043311;LD2;4.55325627646609e-05
291043341;LD2;0.000143258063465916
291043374;LD2;6.41689856492073e-07
294723522;LD2;2.9189042208986e-05
294723582;LD2;1.15239638951811e-05
294723587;LD2;8.67468899682654e-07
294723594;LD2;3.10154487048011e-07
294723600;LD2;5.05275553080718e-06
294723705;LD2;3.47696910722355e-05
294723720;LD2;3.08290093165505e-05
294723750;LD2;1.43875018810447e-05
294723759;LD2;7.25947127245288e-06
294723789;LD2;6.98615618642597e-05
294723822;LD2;0.000152105324729411
295241270;LD2;1.14274584258604e-05
295241303;LD2;5.23492756829896e-05
295241333;LD2;6.73081724045899e-05
295241342;LD2;7.3065364069736e-05
295241372;LD2;4.71473081542432e-05
295241387;LD2;0.000113851969298197
295241483;LD2;1.98453027437854e-05
295241492;LD2;4.21412538849576e-05
295241505;LD2;2.56151396094353e-06
295241510;LD2;1.82338692809225e-05
295241570;LD2;5.03038766035193e-06
296430529;LD2;1.04032037590387e-06
296430560;LD2;2.00565608425704e-05
296430562;LD2;8.16928682575525e-06
296430592;LD2;6.70993479107462e-10
296430601;LD2;8.51399270302796e-06
296430631;LD2;2.3109768943704e-08
296430644;LD2;1.91007776857688e-06
296430646;LD2;3.52275984490684e-07
296430740;LD2;3.68827385283636e-05
296430742;LD2;3.03180965108319e-05
296430749;LD2;2.94140758339488e-07
296430751;LD2;3.37712034054679e-06
296430761;LD2;2.76491764535309e-06
296430764;LD2;7.16817940469255e-06
296430767;LD2;3.49866525755533e-05
296430769;LD2;1.54346066935184e-05
296430827;LD2;5.81193136001184e-05
296430829;LD2;4.13810230524305e-06
297971548;LD2;1.63324554599074e-05
297971581;LD2;4.22752915178465e-05
297971611;LD2;0.000136604904402892
297971620;LD2;6.61522617287808e-07
297971650;LD2;2.74916398870087e-05
297971665;LD2;3.77307184709433e-06
297971761;LD2;6.38523965620997e-06
297971770;LD2;1.10885362544793e-05
297971783;LD2;8.65427158643133e-05
297971788;LD2;0.000198680051810377
297971848;LD2;2.62475359424267e-09
298211187;LD2;9.19293148774338e-05
298211220;LD2;4.53568733751408e-08
298211250;LD2;1.27635151795251e-05
298211259;LD2;2.36090068380193e-05
298211289;LD2;0.000143217881868853
298211304;LD2;0.000248926244829989
298211400;LD2;3.90976739508981e-05
298211409;LD2;4.78833599875806e-05
298211422;LD2;1.66285955942448e-05
298211427;LD2;2.96127636600201e-06
298211487;LD2;1.32360014780872e-05
298434555;LD2;0.00023563115780173
298434618;LD2;2.12340063488492e-05
298434627;LD2;0.000154664450613856
298434657;LD2;4.80729649199311e-05
298434672;LD2;2.42208101505745e-06
298434768;LD2;9.40437854404888e-05
298434777;LD2;1.45606810328123e-09
298434790;LD2;7.68169001494727e-05
298434795;LD2;8.55691625063558e-05
298434855;LD2;1.25324025508207e-06
300175969;LD2;3.97788691537353e-05
300175990;LD2;2.29422676229365e-05
300175999;LD2;1.39607578556057e-06
300176050;LD2;0.000204629401392011
300176067;LD2;1.69836262002626e-06
300176183;LD2;7.01113731262034e-06
300176247;LD2;1.02324100073985e-05
302253166;LD2;2.65453147992094e-05
302253229;LD2;4.27629264349512e-05
302253238;LD2;4.01884899755582e-07
302253268;LD2;0.000102459469987687
302253379;LD2;0.000158737251400783
302253388;LD2;7.01323240454514e-06
302253401;LD2;3.82759642238959e-06
302253466;LD2;1.64502662073771e-06
306845800;LD2;5.00717379101319e-07
306845860;LD2;7.42974762928621e-05
306845865;LD2;1.20433059306499e-05
306845878;LD2;7.58391057458019e-08
306845887;LD2;1.77119693246377e-05
306845983;LD2;1.17120292538797e-06
306845998;LD2;7.2264972117504e-06
306846028;LD2;1.98803298269668e-06
306846037;LD2;1.2204158689462e-06
306846067;LD2;1.16489925480215e-06
306846100;LD2;4.48736791177385e-07
309602753;LD2;4.26355206084225e-06
309602813;LD2;6.09449055805604e-06
309602819;LD2;8.78362440469347e-07
309602831;LD2;4.79346203199654e-08
309602840;LD2;1.87075621413626e-08
309602936;LD2;3.58868564112691e-06
309603020;LD2;2.37600619583065e-05
309937304;LD2;6.89243085935267e-05
309937337;LD2;8.18206330009696e-06
309937367;LD2;2.68111305984078e-06
309937376;LD2;0.000130548607966243
309937406;LD2;7.38771594449835e-06
309937421;LD2;8.99409184770807e-05
309937526;LD2;4.44171906798611e-06
309937539;LD2;4.77495564970663e-05
309937544;LD2;1.29758629960016e-05
309937604;LD2;4.72176943051228e-05
314414719;LD2;2.520218210182e-05
314414779;LD2;5.54449321920024e-06
314414784;LD2;8.16486947867154e-05
314414797;LD2;3.39670233708096e-05
314414806;LD2;3.93490515079524e-05
314414902;LD2;5.26443670253423e-05
314414917;LD2;3.2969779778322e-06
314414947;LD2;6.26523662476881e-05
314414956;LD2;0.000206148268756093
314414986;LD2;3.24195751960366e-05
314415019;LD2;2.5248937884316e-06
317501491;LD2;0.00021663340673404
317501524;LD2;0.000504065919560232
317501554;LD2;3.55834547735968e-07
317501563;LD2;0.000714975742168565
317501593;LD2;0.000565290827837574
317501608;LD2;4.61372147263744e-06
317501704;LD2;2.70671695557014e-06
317501713;LD2;0.000278885129347005
317501726;LD2;0.000486880965669841
317501731;LD2;0.0006188859065384
317501791;LD2;0.000206796475825733
319343336;LD2;0.000429276888720128
319343420;LD2;3.98215744963934e-06
319343516;LD2;9.54568984881889e-07
319343537;LD2;3.11668574611502e-05
319343543;LD2;4.64144937457636e-05
319343603;LD2;4.48390632919346e-05
320522709;LD2;0.000187264364976674
320522778;LD2;6.53750829472551e-05
320522793;LD2;0.000303713466209069
320522889;LD2;0.000107330858592246
320522898;LD2;9.55321460080018e-06
320522910;LD2;5.63883166771674e-05
320522916;LD2;0.000102963987520509
320522975;LD2;0.000120512062140821
322256243;LD2;1.21100144578585e-06
322256327;LD2;1.58707754418063e-05
322256423;LD2;4.38591962625079e-09
322256432;LD2;0.000119231146936238
322256444;LD2;4.83841989500536e-05
322256450;LD2;1.18758595703949e-05
322256510;LD2;2.47693541351959e-05
326695040;LD2;7.43883582750783e-05
327793062;LD2;3.70990101193185e-06
327793125;LD2;3.7188478598559e-06
327793134;LD2;5.46612686992638e-06
327793164;LD2;2.85843148604214e-06
327793179;LD2;9.04474728787628e-06
327793275;LD2;2.16277797990496e-05
327793284;LD2;1.12845392653761e-05
327793297;LD2;1.2857899774407e-06
327793302;LD2;9.5248579840983e-06
327793362;LD2;2.2897632027598e-05
329841540;LD2;0.000119594420570071
329841573;LD2;0.000242434365659844
329841603;LD2;5.34408039231477e-05
329841612;LD2;1.4511959408113e-05
329841642;LD2;0.00103185451706687
329841657;LD2;1.79280279912856e-05
329841753;LD2;4.72586913477158e-05
329841775;LD2;0.000185567154243605
329841780;LD2;4.48692222873691e-05
329841840;LD2;0.000107269339743042
334483986;LD2;4.35615177759008e-05
334483992;LD2;5.04230719233087e-05
334484004;LD2;3.24544169518212e-07
334484013;LD2;7.4545942410687e-08
334484109;LD2;1.96101234723691e-05
334484193;LD2;7.45084147606001e-06
336242043;LD2;0.000686107910450465
336242076;LD2;3.98964181487791e-07
336242106;LD2;0.000208867555632203
336242115;LD2;0.00021093251337192
336242145;LD2;5.07515441204139e-07
336242160;LD2;6.26913805203538e-07
336242256;LD2;5.17945410885361e-05
336242265;LD2;0.000177914737595268
336242278;LD2;0.00082337769018067
336242283;LD2;0.000101406862356582
336974134;LD2;1.33467707025055e-05
336974194;LD2;2.03956610852252e-06
336974212;LD2;5.69087384280395e-06
336974221;LD2;1.13980867970651e-05
336974317;LD2;1.37848782818564e-05
336974332;LD2;0.00013220854368445
336974362;LD2;3.51287989344434e-05
336974371;LD2;5.35941537923632e-05
336974401;LD2;4.01471496156142e-06
336974434;LD2;0.000456026350962625
338443357;LD2;0.000163296957509978
338443390;LD2;0.000162220588627064
338443420;LD2;7.5621270521488e-05
338443429;LD2;0.000440780974527979
338443459;LD2;4.85072743356105e-05
338443474;LD2;2.2767016288944e-09
338443570;LD2;1.14234309326273e-06
338443579;LD2;7.1299827000124e-07
338443597;LD2;0.000226591689187922
338443657;LD2;3.5284765398236e-06
341341496;LD2;2.40158740582199e-05
341341556;LD2;1.91893309947024e-05
341341561;LD2;1.6446453960563e-06
341341574;LD2;4.87587066026693e-06
341341583;LD2;4.83081961616313e-05
341341589;LD2;4.33607173775759e-07
341341679;LD2;6.80198360988286e-07
341341694;LD2;2.10259234140463e-05
341341724;LD2;2.5966845343295e-05
341341733;LD2;2.09158358877326e-05
341341763;LD2;4.67644652762269e-05
341341796;LD2;1.17371598827139e-06
348604084;LD2;2.81013179514614e-06
348604117;LD2;1.5777806728206e-05
348604147;LD2;1.83133008046059e-06
348604156;LD2;6.21625727084583e-05
348604186;LD2;7.61965902347665e-06
348604201;LD2;1.34761410709514e-05
348604297;LD2;3.99626804897509e-05
348604306;LD2;0.000126816141044584
348604319;LD2;2.84003325483676e-05
348604324;LD2;1.75379795838477e-05
348604384;LD2;1.4943741523675e-06
349147759;LD2;0.000217177787726419
349147819;LD2;0.000160189522120875
349147824;LD2;1.03872741145002e-05
349147837;LD2;2.99070995079783e-05
349147846;LD2;4.58875135353464e-05
349147942;LD2;6.55773871503979e-07
349147957;LD2;5.82230336821769e-05
349147987;LD2;6.40061669966148e-07
349147996;LD2;2.0037912007049e-05
349148026;LD2;4.73507554030465e-06
349148059;LD2;1.56058041888343e-05
350500697;LD2;0.000283475113064175
350500730;LD2;2.10674239955626e-05
350500760;LD2;3.97896463987251e-05
350500769;LD2;1.20783238811184e-05
350500799;LD2;0.000593249929329021
350500910;LD2;0.000204355012640653
350500919;LD2;0.000176240437309146
350500931;LD2;1.93753244212984e-05
350500937;LD2;0.000155360475228156
350500997;LD2;1.60300914312251e-05
351798875;LD2;5.33136092075716e-06
351798935;LD2;5.91256953275573e-05
351798940;LD2;4.63491140878641e-05
351798953;LD2;1.45031080974165e-06
351798962;LD2;1.38955067066147e-05
351799058;LD2;2.82048281273605e-06
351799073;LD2;1.19648078155929e-05
351799103;LD2;3.77956178253708e-07
351799112;LD2;3.30396468875774e-05
351799142;LD2;3.50296316843281e-06
351799175;LD2;0.000262411841675733
352468040;LD2;2.44327132416182e-05
352468100;LD2;4.44140443978386e-06
352468106;LD2;1.09551768899606e-05
352468118;LD2;3.31740379575978e-05
352468127;LD2;5.88042688124777e-06
352468277;LD2;3.32908806486142e-06
352468307;LD2;0.000230855981093477
356242343;LD2;2.05573391870655e-05
356242376;LD2;1.75428497659376e-05
356242406;LD2;1.10480928113452e-06
356242415;LD2;1.46785776458637e-05
356242445;LD2;0.000110333943418706
356242460;LD2;1.65792896136174e-05
356242556;LD2;1.56640084223603e-06
356242565;LD2;3.83631120223181e-06
356242578;LD2;3.17306312939133e-05
356242583;LD2;0.000105655959055102
356242643;LD2;2.38436850856044e-05
356390510;LD2;0.000105550822036884
356390540;LD2;0.000237696751285283
356390594;LD2;0.000314297869568507
356390711;LD2;7.39390794147954e-05
356390717;LD2;4.67633771937962e-06
356390777;LD2;2.84321869810884e-05
362313900;LD2;6.22124435855118e-06
362313954;LD2;4.80178930567598e-05
362314050;LD2;3.76634002812091e-06
362314071;LD2;2.8445279731353e-05
362314137;LD2;2.31621121251591e-05
366804467;LD2;3.70217382625465e-05
366804500;LD2;8.34790968747943e-10
366804530;LD2;1.38582535268487e-05
366804539;LD2;6.77689593351969e-05
366804569;LD2;9.17064431815688e-07
366804584;LD2;1.53636214791861e-05
366804680;LD2;3.00141961125998e-07
366804689;LD2;1.15094571057401e-05
366804702;LD2;3.90694779662459e-07
366804707;LD2;3.92215805872791e-05
366804767;LD2;0.000142327300561015
367759173;LD2;5.77259393068136e-05
367759269;LD2;1.89874171308699e-06
367759273;LD2;9.70609903113845e-06
367759278;LD2;3.68339626687176e-05
367759296;LD2;0.000124757972419436
367759356;LD2;0.000228544825181805
370302328;LD2;3.78483123097782e-06
370302388;LD2;1.77901639351167e-08
370302394;LD2;1.83693487822779e-06
370302406;LD2;1.75431033692179e-07
370302415;LD2;3.75094854939336e-05
370302511;LD2;8.88790790744492e-08
370302595;LD2;3.46562023400965e-06
370525118;LD2;5.46320539396899e-05
370525149;LD2;2.83101417322768e-07
370525151;LD2;2.26044251479393e-06
370525181;LD2;0.000201117370320917
370525190;LD2;0.000118736165375824
370525220;LD2;7.92818191479205e-05
370525233;LD2;1.17816047907577e-07
370525235;LD2;3.29287831639506e-05
370525329;LD2;4.95544593064215e-07
370525331;LD2;0.000247335723514593
370525338;LD2;5.77798937407327e-06
370525340;LD2;1.51132174851752e-05
370525350;LD2;3.07594454387006e-05
370525353;LD2;7.37423650143407e-05
370525356;LD2;9.05643591491345e-06
370525358;LD2;0.000119070763111397
370525416;LD2;1.04944978968201e-05
370525418;LD2;9.25776816945861e-06
373518040;LD2;7.40636959779301e-06
373518103;LD2;3.48971355678985e-06
373518112;LD2;3.20006492493856e-08
373518142;LD2;1.82848049707723e-05
373518155;LD2;7.56896891337358e-06
373518157;LD2;6.96341872662357e-06
373518251;LD2;4.63326215255454e-05
373518253;LD2;8.23149980846985e-06
373518260;LD2;5.72697939883098e-06
373518262;LD2;2.78836431751813e-06
373518272;LD2;2.17851192231709e-06
373518275;LD2;1.22890481378669e-06
373518278;LD2;6.3472204227478e-05
373518280;LD2;8.56400556485096e-06
373518283;LD2;2.25114506111751e-05
373518285;LD2;4.44955221967762e-10
373518338;LD2;0.000128091470773433
373518340;LD2;1.07921928501469e-06
376714973;LD2;1.57567314690727e-05
376715033;LD2;5.54445466053205e-06
376715038;LD2;0.000122240022891372
376715051;LD2;1.54577954450721e-05
376715060;LD2;8.00308144323241e-06
376715156;LD2;6.43213593021231e-06
376715171;LD2;2.45640673335269e-05
376715201;LD2;7.20585242593467e-05
376715210;LD2;0.000230859191757377
376715240;LD2;1.64758440700466e-05
376715273;LD2;2.22346307776106e-06
377593978;LD2;0.000221587803636133
377594038;LD2;5.92641146627794e-05
377594056;LD2;4.7866206032219e-05
377594161;LD2;0.000106815381035723
377594176;LD2;9.1259907892982e-06
377594206;LD2;0.000124254356611073
377594215;LD2;2.94904586208521e-05
377594245;LD2;0.000143638463080768
377594278;LD2;0.000599356238054257
380880557;LD2;7.91332394727911e-05
380880617;LD2;9.7891242712412e-05
380880622;LD2;0.000133303446339684
380880635;LD2;1.24606039196679e-06
380880644;LD2;4.75593800570564e-05
380880740;LD2;6.6353872459612e-05
380880755;LD2;0.000247081061668945
380880785;LD2;9.78423526637396e-05
380880794;LD2;0.00011032867277996
380880824;LD2;0.00013796967756056
380880857;LD2;5.62023405098884e-05
381974388;LD2;0.000101987253882825
381974472;LD2;7.89453104594797e-05
381974568;LD2;7.63187408683429e-05
381974577;LD2;1.27503861898274e-05
381974589;LD2;2.28742455272688e-05
381974595;LD2;1.86391129813225e-05
381974655;LD2;9.43008078304571e-07
384014572;LD2;0.00010796753720903
384014632;LD2;9.34331359138682e-06
384014637;LD2;2.3165658333469e-05
384014650;LD2;6.67371844991198e-05
384014755;LD2;5.26002237146807e-05
384014770;LD2;0.0007593257137661
384014800;LD2;1.20992003996739e-07
384014839;LD2;6.65904018333813e-06
384014872;LD2;6.23287304291637e-07
384494264;LD2;0.000225552404934087
384494329;LD2;6.08489696583352e-05
384494351;LD2;4.84357891135555e-06
384494447;LD2;3.21822934038076e-06
384494462;LD2;8.13859400762632e-06
384494501;LD2;4.61914035494846e-06
384494531;LD2;7.43100037901324e-05
384494564;LD2;1.06757692615962e-06
390353159;LD2;9.30834977848076e-05
390353219;LD2;5.99322775526028e-06
390353237;LD2;2.22475580024315e-07
390353246;LD2;2.22634954093076e-06
390353342;LD2;3.65966699750251e-05
390353426;LD2;5.10450451321466e-06
392668889;LD2;7.20057958761348e-09
392668973;LD2;4.11179539070484e-07
392669069;LD2;2.79290073480492e-05
392669090;LD2;6.58341288322908e-06
392669096;LD2;5.26277044125721e-06
392669156;LD2;1.39865649088755e-05
394702615;LD2;2.54432788445988e-06
394702675;LD2;5.09391124884918e-06
394702680;LD2;2.13690519573574e-05
394702693;LD2;3.18588523299682e-05
394702702;LD2;4.48375099235641e-06
394702798;LD2;9.9720375151748e-07
394702813;LD2;5.35259416814789e-05
394702843;LD2;2.69176316109122e-05
394702852;LD2;3.24688614194663e-06
394702882;LD2;1.16903545303001e-05
394702915;LD2;2.42734375637132e-06
399745491;LD2;2.6758339149238e-05
399745551;LD2;5.11719361915628e-05
399745556;LD2;5.48753999570197e-05
399745569;LD2;8.57196039020098e-06
399745578;LD2;9.87103784254423e-06
399745584;LD2;5.27461137845003e-06
399745674;LD2;2.00162728050595e-05
399745689;LD2;4.41548682454061e-06
399745719;LD2;4.10400165192787e-06
399745728;LD2;3.10200290187713e-05
399745758;LD2;2.04680136160399e-06
399745791;LD2;2.30972995854479e-05
400849414;LD2;2.02918968564494e-06
400849474;LD2;1.23414046345286e-07
400849479;LD2;3.51900845547534e-06
400849492;LD2;3.94294974289602e-06
400849501;LD2;1.03130980175822e-06
400849507;LD2;3.25724506035688e-06
400849597;LD2;2.52273114476201e-08
400849612;LD2;6.56379617609092e-06
400849642;LD2;4.62484313232376e-07
400849651;LD2;3.66950089909978e-08
400849681;LD2;7.76920966167131e-10
400849714;LD2;7.06145683573572e-07
402029576;LD2;0.000227691832284996
402029609;LD2;0.000188084682937184
402029639;LD2;6.38244519276918e-05
402029648;LD2;0.000210234616927472
402029678;LD2;0.000117357407904754
402029693;LD2;1.6667787460037e-05
402029789;LD2;0.000110685700661645
402029798;LD2;2.24751905457143e-05
402029811;LD2;9.41603679195804e-07
402029816;LD2;4.31222045615291e-05
402029876;LD2;1.38725705066557e-05
402530213;LD2;1.02338995462603e-05
402530454;LD2;0.00013484445556953
402530497;LD2;5.15387125873609e-05
402530508;LD2;6.74213350824043e-05
402530511;LD2;4.46781363789023e-05
402530521;LD2;2.88950452124311e-05
402530534;LD2;8.91602422745795e-06
402530538;LD2;3.64558328241928e-05
406843397;LD2;9.08101769811307e-06
406843457;LD2;3.70604113620021e-06
406843462;LD2;2.64069163159279e-05
406843475;LD2;0.000165637973276932
406843484;LD2;5.89433793692931e-05
406843580;LD2;4.75692326575076e-06
406843595;LD2;9.64543215222663e-05
406843625;LD2;1.30234057878008e-06
406843634;LD2;2.39342415323365e-05
406843664;LD2;6.58589153570484e-06
406843697;LD2;9.45973393362249e-05
408489457;LD2;3.51063248611402e-07
408489490;LD2;0.000121099972108312
408489520;LD2;1.44272391958058e-05
408489529;LD2;8.64558310181887e-05
408489559;LD2;2.93734458407228e-06
408489574;LD2;1.24409252971e-05
408489670;LD2;2.02199803323045e-05
408489692;LD2;3.80241181040781e-05
408489697;LD2;1.05754758427419e-05
408489757;LD2;3.48539846154079e-05
410147649;LD2;3.06401816844463e-06
410147709;LD2;1.74454559473403e-06
410147714;LD2;6.37953839479744e-07
410147727;LD2;3.32759204787647e-07
410147736;LD2;2.00117092108018e-05
410147741;LD2;1.46567832557684e-05
410147832;LD2;5.98556487649385e-06
410147847;LD2;1.87890048671621e-06
410147886;LD2;1.69588773952536e-05
410147916;LD2;9.18745707354933e-06
410147949;LD2;4.66950522937707e-06
418593389;LD2;1.52796108563637e-05
418593449;LD2;4.28588327997811e-05
418593454;LD2;6.68915883488513e-06
418593467;LD2;1.67905794007061e-05
418593476;LD2;1.48855470017561e-06
418593572;LD2;3.85003030985889e-07
418593587;LD2;1.19192845757111e-05
418593617;LD2;9.69523702409825e-06
418593626;LD2;3.41158264798323e-07
418593656;LD2;8.92213885636579e-07
418593689;LD2;1.13606166165495e-05
419495101;LD2;1.73614294810887e-05
419495161;LD2;8.88982996981698e-08
419495166;LD2;4.67194066065338e-06
419495179;LD2;0.000111287432207559
419495188;LD2;7.14060364508097e-07
419495284;LD2;6.19986451508594e-10
419495299;LD2;3.35930838354123e-06
419495329;LD2;1.29980615872253e-05
419495338;LD2;4.79039167196227e-05
419495368;LD2;4.23554463582852e-06
419495401;LD2;2.24641595464264e-05
423079879;LD2;9.85873563011772e-07
423079939;LD2;1.01144881011985e-05
423079944;LD2;6.34340520841728e-05
423079957;LD2;6.41246190833385e-05
423079966;LD2;0.00010077519663476
423080062;LD2;4.0819369467989e-07
423080077;LD2;2.86802643770364e-05
423080116;LD2;2.13974408150389e-07
423080179;LD2;9.71937511127391e-07
423470266;LD2;1.76051867618603e-06
423470326;LD2;7.10831605486219e-05
423470331;LD2;1.04764306842056e-05
423470344;LD2;7.46412220986291e-05
423470353;LD2;1.14172440654326e-05
423470449;LD2;1.43667955430714e-05
423470464;LD2;1.19059749654227e-05
423470494;LD2;4.15138332308758e-05
423470503;LD2;6.98883963305173e-05
423470533;LD2;0.000134508454769402
423470566;LD2;0.000148451422978166
425955438;LD2;2.2468405008214e-06
425955443;LD2;5.99213723959426e-05
425955465;LD2;3.55848199468416e-05
425955576;LD2;2.69819557326292e-05
425955606;LD2;5.30762270154033e-06
425955615;LD2;7.20902399607559e-06
425955645;LD2;2.63816461629501e-06
425955678;LD2;1.43729765760878e-05
426087432;LD2;7.13069366143871e-08
426087492;LD2;7.4202309988762e-06
426087497;LD2;1.66429447226402e-05
426087510;LD2;5.54568118562618e-05
426087519;LD2;7.24571110185289e-06
426087615;LD2;6.16125878311133e-06
426087630;LD2;3.48445468088132e-06
426087660;LD2;2.57390120766079e-05
426087669;LD2;5.67688745697016e-08
426087699;LD2;2.55544587148388e-05
426087732;LD2;2.6720883766695e-06
427073355;LD2;0.000813624627412762
427073526;LD2;0.0005588767817436
427073556;LD2;3.47762832194345e-05
427231653;LD2;8.71708489584418e-06
427231668;LD2;9.84367746208395e-06
427231698;LD2;0.00033539984929574
427231707;LD2;2.79331381257522e-05
427231737;LD2;5.86626949131389e-05
430557026;LD2;2.45530553035196e-07
430557086;LD2;1.61309171435667e-05
430557091;LD2;1.53620741078705e-05
430557104;LD2;1.10391562920455e-05
430557113;LD2;3.39650636328149e-06
430557209;LD2;1.33472203330738e-05
430557224;LD2;6.72274453538205e-06
430557254;LD2;2.25341403640977e-06
430557263;LD2;1.52687576641394e-06
430557293;LD2;1.33848905403956e-06
430557326;LD2;1.6925105052634e-05
433346027;LD2;3.92670032271509e-05
433346087;LD2;0.000111777079480959
433346092;LD2;8.45677896122735e-07
433346105;LD2;3.34666438452061e-06
433346114;LD2;1.01357075141766e-05
433346120;LD2;3.85450743518403e-05
433346210;LD2;6.42218031200493e-06
433346225;LD2;1.55665154687355e-05
433346255;LD2;2.13810942055386e-05
433346264;LD2;0.000269820383007505
433346294;LD2;6.0324187449226e-06
433346327;LD2;0.000112724839013891
434626494;LD2;4.73602238714639e-07
434626554;LD2;3.02130373467958e-06
434626559;LD2;1.22062118658545e-05
434626581;LD2;7.0520119002473e-07
434626677;LD2;6.54719919695941e-06
434626692;LD2;7.35194728710152e-05
434626722;LD2;0.000202518065685031
434626731;LD2;3.13178543359519e-05
434626761;LD2;1.16310636186541e-06
434626794;LD2;2.72926525925148e-05
434746302;LD2;3.90506877367673e-07
434746461;LD2;0.000392973848247819
434746473;LD2;0.000133988703997029
434746479;LD2;9.80584126240317e-05
435109877;LD2;9.62012879759615e-05
435109943;LD2;0.000266292291030292
435109955;LD2;8.13773427649376e-06
435109964;LD2;0.000198386817158983
435110060;LD2;0.000230508912250627
435110114;LD2;6.5601622694686e-05
435110144;LD2;8.14889644554495e-05
436741156;LD2;3.91742386187483e-06
436741279;LD2;0.000147479192482343
436741333;LD2;1.53978102739227e-06
436741363;LD2;1.04081033050912e-05
436741396;LD2;0.000307900337479704
442002847;LD2;3.48398718300041e-05
442002877;LD2;1.69154214134428e-06
442002931;LD2;0.000308291032194546
442003027;LD2;9.96614770367232e-05
442003036;LD2;7.30574428673474e-05
442003048;LD2;0.000103135698402423
442003054;LD2;7.57404624217605e-06
442003114;LD2;2.71650151130051e-07
444228754;LD2;0.000236827947588322
444228819;LD2;3.55594101076927e-06
444228841;LD2;6.22130147908484e-05
444228937;LD2;2.55749365052982e-05
444228991;LD2;0.00026258548461611
444229021;LD2;0.000114162218258827
444229054;LD2;0.000114962298012002
450969525;LD2;8.94104222143374e-05
450969558;LD2;4.59549388717336e-05
450969588;LD2;2.92652641554247e-05
450969597;LD2;0.000313045474370702
450969627;LD2;7.26153871162873e-05
450969642;LD2;3.44649457019366e-06
450969738;LD2;3.38314559404563e-05
450969747;LD2;3.94499232712435e-05
450969760;LD2;0.000315302781859149
450969765;LD2;4.45751995328614e-05
450969825;LD2;9.06674083883635e-06
451056188;LD2;8.09366632147185e-05
451056248;LD2;0.000181154209848827
451056253;LD2;0.000758579117023385
451056266;LD2;5.69865150828099e-05
451056275;LD2;3.55616666236916e-05
451056371;LD2;0.000387684356435789
451056386;LD2;1.83515634421626e-06
451056416;LD2;0.000370382910594064
451056425;LD2;1.37663605045322e-05
451056455;LD2;7.48905410466154e-05
451056488;LD2;6.35399236993328e-05
453883159;LD2;0.000113681155388144
453883219;LD2;4.83775006009641e-07
453883224;LD2;2.62176923106884e-05
453883237;LD2;0.000179785906149691
453883246;LD2;5.60380604262266e-06
453883342;LD2;1.24813147925169e-05
453883387;LD2;3.26332275315464e-06
453883396;LD2;1.89787931845522e-06
453883426;LD2;1.21419188961137e-05
453883459;LD2;2.7107833075012e-05
455179835;LD2;2.54201462845339e-07
455179919;LD2;6.29272183297017e-05
455180015;LD2;2.19896315162583e-05
455180024;LD2;1.13983810454998e-06
455180036;LD2;9.89417441595974e-06
455180042;LD2;3.22013362809973e-05
455180102;LD2;5.54595614337147e-06
460407708;LD2;4.38653445121972e-05
460407741;LD2;0.000250462063016705
460407771;LD2;0.000282889219203146
460407780;LD2;2.98444884168102e-06
460407810;LD2;9.41278007359597e-06
460407825;LD2;9.61365180275646e-07
460407921;LD2;5.0474258804483e-05
460407930;LD2;8.28095993595345e-05
460407943;LD2;9.91785265499215e-06
460407948;LD2;4.80490812681713e-07
462659371;LD2;3.95733610811726e-05
462659431;LD2;1.63448612677036e-05
462659436;LD2;2.52096955494657e-05
462659449;LD2;1.3192095877051e-06
462659458;LD2;5.73214572262413e-05
462659554;LD2;3.33276063370086e-07
462659569;LD2;1.96532954971791e-05
462659599;LD2;0.000199440790369162
462659608;LD2;5.29854190544008e-05
462659638;LD2;3.86373053355385e-06
462659671;LD2;0.000137739878376368
464371151;LD2;0.000153784629576683
464371211;LD2;1.09934872286253e-07
464371217;LD2;4.9250653272039e-05
464371238;LD2;4.03994747813709e-05
464371334;LD2;0.00024417350478621
464371388;LD2;3.57621951002838e-06
464371418;LD2;0.000145749891017858
470192753;LD2;9.74558625771071e-07
470192786;LD2;4.17263968547411e-06
470192816;LD2;0.000374995154875725
470192825;LD2;0.000668356935369903
470192855;LD2;0.000103725697762743
470192870;LD2;2.00283914139755e-05
470192966;LD2;1.16706633913197e-05
470192975;LD2;7.30590772921885e-05
470192988;LD2;0.000191098802542122
470192993;LD2;0.000206760766069048
470193053;LD2;1.88133674364455e-06
470994648;LD2;0.000106961708469068
470994713;LD2;0.000107039588546047
470994831;LD2;4.66307852952166e-06
470994876;LD2;0.000535427280392576
470994948;LD2;4.41747107905206e-05
478481072;LD2;4.24737616458897e-05
478481103;LD2;3.91728315008596e-05
478481105;LD2;1.55911827802418e-05
478481135;LD2;5.8324542554651e-06
478481144;LD2;2.34769603847938e-05
478481174;LD2;1.25893204610793e-05
478481187;LD2;3.74409610028357e-05
478481189;LD2;3.32111040912785e-06
478481285;LD2;3.17739365807994e-06
478481292;LD2;4.21562270581481e-06
478481294;LD2;1.36092359763151e-05
478481304;LD2;2.52830245297447e-06
478481307;LD2;1.91100912958759e-08
478481310;LD2;1.52044795256411e-05
478481312;LD2;1.04435321633896e-07
478481370;LD2;1.92125941802153e-05
478481372;LD2;4.16982328371085e-05
484243261;LD2;5.1469871190589e-05
484243321;LD2;0.000130166660305076
484243326;LD2;0.000100999631244873
484243339;LD2;3.11591906006883e-05
484243348;LD2;2.89788581884308e-07
484243444;LD2;2.7743112785517e-07
484243459;LD2;5.2312108062701e-05
484243489;LD2;9.60845839294597e-05
484243498;LD2;3.49078832230027e-05
484243528;LD2;1.43733516423168e-05
484243561;LD2;7.1305365041786e-05
484854736;LD2;0.000557156356813711
484854802;LD2;2.62574980122606e-06
484854814;LD2;0.000241826145720573
484854823;LD2;2.23924728086577e-05
484854919;LD2;8.74219380024817e-07
484855003;LD2;0.000222837651555287
485401842;LD2;0.000401326736983894
485401875;LD2;8.00661389381263e-06
485401905;LD2;1.92959673391409e-06
485401914;LD2;4.65595084215351e-05
485401944;LD2;0.00010404252763227
485401959;LD2;0.0002221292943964
485402064;LD2;6.28520871499341e-06
485402077;LD2;0.000112108028755399
485402082;LD2;0.000652235570665159
485402142;LD2;5.36969448403958e-06
487199202;LD2;1.66745769995909e-05
487199286;LD2;0.000560259871035331
487199382;LD2;0.000698186960569881
487199391;LD2;0.000810420532436045
487199403;LD2;0.000924591850659529
487199469;LD2;0.000381297858313712
487545323;LD2;0.00026204031684659
487545506;LD2;1.59004973463615e-06
487545521;LD2;1.91737148850081e-06
487545551;LD2;0.000267537198227455
487545590;LD2;0.000113372461375868
487545623;LD2;3.07985519156038e-06
492322244;LD2;1.92507135348512e-06
492322309;LD2;3.52902647968548e-05
492322322;LD2;1.78996195759322e-06
492322331;LD2;1.47626861170163e-05
492322441;LD2;5.1149976887505e-05
492322471;LD2;7.81292342044149e-06
492322480;LD2;4.23074118541361e-06
492322510;LD2;2.28934026929094e-05
492322543;LD2;3.97517975279545e-06
492433128;LD2;7.72116579942893e-05
492433130;LD2;2.08674585038739e-05
492433188;LD2;0.000110813900926261
492433190;LD2;1.41105706023184e-06
492433193;LD2;3.10592841560147e-05
492433196;LD2;1.54953027562271e-05
492433206;LD2;2.53119342728102e-06
492433208;LD2;2.37161030494762e-06
492433215;LD2;3.10077375278559e-05
492433217;LD2;1.68482591697939e-05
492433311;LD2;1.27231912776499e-06
492433313;LD2;1.77715073454747e-08
492433326;LD2;2.18303152988628e-05
492433356;LD2;7.12874913655877e-06
492433365;LD2;7.38596433310797e-05
492433395;LD2;2.00949373177476e-06
492433397;LD2;2.58103164930759e-07
492433428;LD2;6.35740011779643e-08
499132108;LD2;2.03372894997283e-05
499132138;LD2;0.000389903631874406
499132147;LD2;0.000467542239251159
499132192;LD2;2.84818949300176e-07
499132310;LD2;3.66347403235303e-05
499132315;LD2;0.000125367268451322
500917633;LD2;0.000266862315822016
500917693;LD2;0.000190745610319449
500917698;LD2;2.81850365497271e-06
500917720;LD2;0.000208957804960565
500917816;LD2;2.91278650186299e-06
500917831;LD2;0.000103053187419053
500917861;LD2;2.19153738553906e-05
500917870;LD2;7.77022004008716e-06
500917900;LD2;2.32868157815158e-05
500917933;LD2;0.000138039998035609
501765017;LD2;0.000103752376315806
501765077;LD2;3.11970363824598e-05
501765083;LD2;8.26971949109374e-07
501765095;LD2;6.65524555652682e-06
501765104;LD2;2.2493910828953e-06
501765200;LD2;7.57332627171524e-05
501765254;LD2;2.95371594333462e-06
501765284;LD2;9.02399412092664e-05
503759732;LD2;1.02232040066172e-05
503759792;LD2;2.56227049704363e-06
503759819;LD2;6.81076066473998e-05
503759915;LD2;9.6866261523588e-05
503759930;LD2;6.42985529076355e-05
503759969;LD2;9.67180042449101e-06
503759999;LD2;2.06835961594582e-05
503760032;LD2;5.78341445088181e-05
503890015;LD2;1.02113981707881e-06
503890075;LD2;6.52012209253712e-05
503890080;LD2;8.38299937106067e-05
503890093;LD2;5.87942829828371e-08
503890102;LD2;2.46450040875495e-05
503890198;LD2;3.10992434091849e-08
503890213;LD2;1.75570325243409e-05
503890252;LD2;5.23767165978342e-06
503890282;LD2;9.87250555390613e-05
503890315;LD2;5.39469244111337e-08
506222046;LD2;7.40980532991933e-06
506222069;LD2;4.56809579178251e-05
506222079;LD2;1.51184934367657e-05
506222109;LD2;3.01079093704635e-06
506222163;LD2;2.86067581934968e-05
506222286;LD2;3.91078632878468e-05
506222346;LD2;1.37387427443877e-05
2864785;LD2;6.03769679768488e-05
2864845;LD2;8.48285753488506e-09
2864850;LD2;0.000303196060234892
2864863;LD2;3.1195972683144e-05
2864968;LD2;0.000107567253141257
2864983;LD2;6.29314126286894e-06
2865013;LD2;1.26530494002258e-05
2865022;LD2;4.21240818544498e-06
2865052;LD2;0.000225849241089976
34102910;LD2;1.26872740695285e-05
34102919;LD2;0.000177774838930831
34102938;LD2;4.98597135598833e-05
34102946;LD2;0.000120505740056284
34102976;LD2;2.71456069467414e-05
34102982;LD2;7.68498411032405e-05
41375500;LD2;8.45800275903584e-05
41375533;LD2;0.000228557512903236
41375563;LD2;1.1867626488159e-05
41375572;LD2;3.39471600457496e-08
41375602;LD2;0.000687099462667578
41375617;LD2;0.000200318177331328
41375722;LD2;8.5790805635366e-05
41375735;LD2;0.000460487608268621
41375740;LD2;0.00029250088539821
41375800;LD2;8.7054484541907e-05
41851021;LD2;0.000257716860911578
41851054;LD2;0.000750090111939871
41851093;LD2;7.37672741247469e-05
51960132;LD2;0.000255912844345686
51960192;LD2;8.47505041875527e-05
51960198;LD2;0.000187331984910309
51960219;LD2;1.04415374824234e-07
51960315;LD2;0.000142997267252678
51960330;LD2;0.000217004877250216
51960369;LD2;9.91830735676417e-06
51960399;LD2;0.000100535934337104
54817261;LD2;3.19189393628826e-05
54817321;LD2;1.2295302695403e-06
54817326;LD2;3.24871630850687e-05
54817348;LD2;3.14267673273384e-05
54817444;LD2;9.54280549579201e-06
54817489;LD2;3.3125762424048e-05
54817498;LD2;2.87547619594396e-06
54817528;LD2;4.18293776276165e-05
54817561;LD2;0.000232482445133084
68809543;LD2;4.26503925116272e-06
68809549;LD2;2.12009408995879e-05
68809561;LD2;3.54322374802432e-06
68809566;LD2;1.63126287921462e-05
68809570;LD2;1.51117556585139e-05
68809666;LD2;0.000345137886176217
68809684;LD2;4.87438265173602e-05
68809693;LD2;9.48345408691492e-06
68809712;LD2;2.22740909640496e-07
68809720;LD2;1.00113836542216e-05
68809750;LD2;2.67164855662737e-06
68809756;LD2;2.43952332443389e-05
68809783;LD2;7.07997493450437e-05
69513473;LD2;7.86619600945768e-05
69513545;LD2;6.64066964841591e-05
69513575;LD2;9.58496175863879e-05
69513590;LD2;0.000148859036400689
69513686;LD2;0.000106802913701899
69513695;LD2;2.21180080588088e-05
69513708;LD2;0.000109615882451754
69513773;LD2;0.000102636202874756
90022691;LD2;0.000176650207077767
90022718;LD2;2.50176824984734e-05
90022724;LD2;5.28938328621926e-05
90022754;LD2;0.000144067852766395
90022762;LD2;2.92887483255315e-06
90022781;LD2;2.90435324315764e-05
90022790;LD2;1.96778014420881e-05
90022904;LD2;3.38761670207703e-05
90022925;LD2;0.000131143369512833
106299957;LD2;8.93455767760175e-05
106299962;LD2;8.6910851720315e-05
106299975;LD2;3.87458921963254e-06
106299984;LD2;0.000130108526431761
106300080;LD2;2.73051589338514e-05
106300095;LD2;1.78984795381319e-05
106300125;LD2;3.28969177662613e-05
106300134;LD2;2.17788678476231e-05
106300164;LD2;0.000202769454227353
106300197;LD2;0.000132879726150947
136787352;LD2;0.000158639071347725
136787382;LD2;8.47505042754367e-06
136787460;LD2;1.82783057248275e-05
136787565;LD2;0.000296057854862421
136787580;LD2;0.000366889398868145
136787619;LD2;8.25812080570317e-06
136787682;LD2;0.000297095476262632
137263884;LD2;1.64609599381839e-05
137263890;LD2;3.81214516901279e-06
137263902;LD2;7.50121399012815e-06
137263907;LD2;7.01322108643453e-05
137263911;LD2;7.7107756445583e-06
137263920;LD2;2.98106454778162e-07
137264007;LD2;5.5191518358391e-06
137264025;LD2;2.06109416529532e-07
137264034;LD2;5.22351818026343e-05
137264053;LD2;6.40597291427309e-10
137264061;LD2;2.35094446072992e-06
137264091;LD2;7.28610847733896e-06
137264097;LD2;6.29383368912305e-05
137264124;LD2;9.36280732759879e-06
146458462;LD2;4.16561129354793e-05
146458522;LD2;7.65548840526457e-07
146458528;LD2;7.99512933731834e-06
146458540;LD2;2.11038648863887e-06
146458549;LD2;1.23880873074951e-05
146458699;LD2;3.09267282568036e-06
146458729;LD2;3.43315182067063e-05
193018528;LD2;6.70704236705121e-05
193018588;LD2;5.804931406146e-06
193018593;LD2;1.76605040535236e-05
193018606;LD2;2.62483610750725e-05
193018615;LD2;2.96556308396805e-06
193018711;LD2;3.47583909454341e-05
193018726;LD2;2.95422816772715e-05
193018756;LD2;1.24795338074165e-05
193018765;LD2;2.7442825098373e-06
193018795;LD2;1.75199051487545e-05
193018828;LD2;7.78801245619206e-05
197863850;LD2;0.00091701411444741
197864009;LD2;0.000128607505842011
197864021;LD2;0.000414923377468848
197864027;LD2;0.000311842435641836
197864087;LD2;3.35768039408931e-06
222538756;LD2;1.85910636456226e-05
222538816;LD2;3.29045899859209e-05
222538822;LD2;0.000155573289918309
222538939;LD2;0.000178186573141944
222538993;LD2;7.21369748872416e-05
222539023;LD2;4.33001091125469e-07
231835228;LD2;1.65434482793049e-05
231835258;LD2;3.53387743072097e-05
231835297;LD2;2.28147922678798e-05
231835312;LD2;1.64348334272923e-05
231835430;LD2;0.000270263890653668
231835435;LD2;0.000133030503495876
231835495;LD2;4.52661796045614e-07
237765534;LD2;4.9267356007185e-05
237765594;LD2;7.51641208278629e-05
237765599;LD2;1.09986090981572e-05
237765612;LD2;4.19803882267898e-08
237765717;LD2;3.99796028304077e-06
237765732;LD2;7.71837842417063e-05
237765762;LD2;0.000104835332621876
237765771;LD2;0.000161548276629347
237765801;LD2;7.49482621742725e-05
237765834;LD2;3.73689246188731e-05
260991548;LD2;1.22489036568399e-05
260991608;LD2;1.30569318775938e-05
260991614;LD2;0.000333005303067762
260991626;LD2;5.26202270352652e-05
260991635;LD2;1.68643778736122e-05
260991731;LD2;1.23896418458466e-05
260991785;LD2;2.52383856666196e-05
260991815;LD2;0.000261003148559219
267336426;LD2;1.10062214522988e-05
267336486;LD2;3.62893733975202e-06
267336491;LD2;8.51435324024793e-06
267336504;LD2;5.69721872720949e-05
267336513;LD2;5.76146933379244e-08
267336609;LD2;5.84095377884177e-05
267336624;LD2;2.7887025321152e-06
267336641;LD2;0
267336654;LD2;0.000295875437250563
267336693;LD2;8.51557889661612e-07
267336726;LD2;3.36824285658316e-05
273989144;LD2;3.66241993540556e-06
273989210;LD2;0.000181556422237887
273989222;LD2;5.12001895226371e-05
273989327;LD2;0.000113436360835234
273989381;LD2;8.44158058925357e-06
277395431;LD2;0.000129334043260908
277395491;LD2;0.000426160051060219
277395496;LD2;0.000183179134316295
277395509;LD2;0.000327457657326224
277395614;LD2;5.98192797995749e-05
277395629;LD2;0.000190088879414759
277395659;LD2;3.82548708829484e-07
277395668;LD2;2.31517965868575e-06
277395698;LD2;0.000243681970978865
277395731;LD2;7.45132974628431e-05
280654912;LD2;7.77855756265034e-05
280654972;LD2;0.000149770403854934
280654977;LD2;0.00107959431679424
280654990;LD2;0.000107921121822864
280654999;LD2;0.000204409624270471
280655095;LD2;1.33763964523009e-07
280655110;LD2;3.99907933541299e-05
280655140;LD2;0.000317763585677991
280655149;LD2;2.53382090528885e-05
280655179;LD2;4.60437717717917e-05
280655212;LD2;4.04030661653311e-05
282139972;LD2;1.04767692061922e-07
282140005;LD2;0.000638235046100862
282140035;LD2;0.000243603589458319
282140044;LD2;0.000112777441853542
282140074;LD2;0.00032293160109784
282140089;LD2;4.28847179271252e-05
282140194;LD2;1.28478065173359e-05
282140207;LD2;7.91600997824978e-06
282140272;LD2;3.57137085182626e-05
288371903;LD2;3.45229920631337e-07
288371963;LD2;8.10797335799336e-06
288371968;LD2;5.59733281437925e-05
288371981;LD2;0.000295213832716336
288371990;LD2;6.04261951469212e-05
288372086;LD2;0.000381231041548369
288372101;LD2;0.000859670022240166
288372131;LD2;5.0575040476564e-05
288372140;LD2;1.54290930163505e-05
288372170;LD2;0.000137028532677565
288372203;LD2;2.76046553955767e-07
288512446;LD2;2.76951243625837e-05
288512506;LD2;5.63485332812436e-06
288512524;LD2;2.56103414582933e-07
288512533;LD2;2.29890385528475e-08
288512629;LD2;1.5896257165642e-06
288512683;LD2;1.32246054525426e-06
288512713;LD2;6.97061298348489e-08
292959983;LD2;0.000735199446271177
292960043;LD2;0.000260716205043215
292960048;LD2;0.000291899161854376
292960061;LD2;2.27029160056747e-05
292960070;LD2;0.000150164050866784
292960166;LD2;4.2075420359853e-06
292960181;LD2;0.000261551227613436
292960211;LD2;0.000454741626745885
292960220;LD2;1.45280760576581e-05
292960250;LD2;8.90329122535171e-05
292960283;LD2;0.000418125957965021
293425336;LD2;0.000155709733139352
293425396;LD2;1.16184846340505e-06
293425401;LD2;0.000158640539604528
293425423;LD2;7.85429119750965e-05
293425519;LD2;0.00016398723086797
293425534;LD2;5.4732306992758e-05
293425564;LD2;0.000635931641934124
293425573;LD2;5.11262775849774e-05
293425603;LD2;6.81062989048889e-05
293425636;LD2;0.000261093663456272
296081766;LD2;9.04633922505398e-07
296081799;LD2;1.83752146679975e-05
296081829;LD2;0.000101999587586646
296081838;LD2;0.000149127740186811
296081868;LD2;0.000966186200186681
296081988;LD2;0.000187422747848456
296082001;LD2;9.11848940722751e-05
296082006;LD2;5.98294145096977e-06
296082066;LD2;7.18390077153696e-05
300683719;LD2;0.000568652831971347
300683749;LD2;9.05703491204762e-05
300683803;LD2;0.000114399214275511
300683908;LD2;8.38955804258088e-05
300683986;LD2;3.44015208176129e-05
327756543;LD2;1.32892197226325e-05
327756576;LD2;0.000224627070684404
327756645;LD2;8.43970750236583e-05
327756660;LD2;8.73764276208127e-07
327756778;LD2;6.38144356571383e-05
346236696;LD2;9.54523475913627e-07
346236729;LD2;4.74984533743306e-05
346236759;LD2;0.000124322706777673
346236768;LD2;1.2639839895378e-06
346236798;LD2;1.24158186620921e-06
346236813;LD2;1.34864462641612e-05
346236909;LD2;2.36041804245532e-06
346236918;LD2;1.02316920005987e-05
346236931;LD2;1.31607044066446e-06
346236996;LD2;2.02665106353867e-05
355665702;LD2;0.000141762898501724
355665765;LD2;3.24659185206964e-06
355665774;LD2;8.9805296984383e-07
355665804;LD2;0.000104979898877178
355665820;LD2;1.57678397809461e-06
355665915;LD2;2.22031402916688e-05
355665924;LD2;7.1230897797733e-06
355665937;LD2;5.09336308052166e-06
355665942;LD2;3.0009816409932e-05
355666002;LD2;5.71445622993483e-06
359577591;LD2;2.29635925412563e-07
359577651;LD2;4.91802195429925e-06
359577657;LD2;4.12940209815249e-05
359577669;LD2;1.94111598894518e-05
359577678;LD2;2.02502172180263e-07
359577774;LD2;1.16433583317397e-05
359577828;LD2;1.88195078839725e-07
359577858;LD2;8.60207276664142e-07
366986510;LD2;0.000131237915661686
366986570;LD2;0.000209484206298823
366986575;LD2;1.73661650472072e-05
366986588;LD2;3.62462431399923e-05
366986597;LD2;4.31903723215443e-06
366986693;LD2;2.89354106412476e-05
366986708;LD2;3.10905191217233e-05
366986738;LD2;2.57169926384451e-06
366986747;LD2;2.00784669515462e-07
366986777;LD2;0.000104629295297082
366986810;LD2;4.02076621167956e-05
368906398;LD2;3.36401995915123e-05
368906458;LD2;0.000163968385251334
368906464;LD2;9.57712826088837e-06
368906476;LD2;2.44682555879581e-05
368906581;LD2;2.21771312757327e-05
369271446;LD2;3.11723865020218e-07
369271506;LD2;0.000159148352139994
369271511;LD2;4.36255194876732e-08
369271629;LD2;1.05710511627252e-05
369271683;LD2;7.52359455151385e-07
390108093;LD2;6.40869731425064e-06
390108153;LD2;1.99900811769884e-06
390108159;LD2;0.000488818937381679
390108171;LD2;0.00019985127779557
390108180;LD2;0.000127546001139407
390108276;LD2;5.01133571640873e-05
390108360;LD2;1.82444723573958e-07
395130172;LD2;2.4505519138778e-05
395130232;LD2;9.93931061764161e-05
395130237;LD2;5.78104821492962e-05
395130250;LD2;2.48027088284437e-06
395130259;LD2;1.30946152104408e-05
395130355;LD2;5.17201452274077e-06
395130370;LD2;4.0722824387908e-07
395130400;LD2;2.87016816273917e-05
395130409;LD2;5.58520010203709e-07
395130439;LD2;8.11156123261657e-05
395130472;LD2;9.33688190918738e-05
395893146;LD2;0.000111167798447304
395893206;LD2;0.000274940444061833
395893212;LD2;3.7289331439934e-05
395893224;LD2;5.33007854923729e-06
395893329;LD2;0.000114847810726425
395893344;LD2;0.00083533746016037
395893374;LD2;0.000236978225249651
395893383;LD2;0.000115491217814629
395893413;LD2;2.00728915326793e-05
420170606;LD2;0.000100585848438647
420170671;LD2;0.000382987981346474
420170789;LD2;1.46613248148614e-06
420170804;LD2;6.7604876479395e-05
420170834;LD2;4.16638775650233e-05
420170843;LD2;4.24167171137072e-05
420170873;LD2;8.88752062849925e-05
420170906;LD2;7.04847756473091e-05
431707686;LD2;0.000168159010527775
431707751;LD2;0.000379905347751432
431707764;LD2;3.94741997043862e-09
431707869;LD2;3.38889351312347e-05
431707884;LD2;4.98820058081733e-05
431707914;LD2;1.95934040851297e-06
431707923;LD2;5.97304998198725e-05
431707953;LD2;4.63903052570537e-05
431707986;LD2;2.64534951280464e-05
441123828;LD2;4.56717464851003e-05
441123861;LD2;2.87967397092135e-08
441123900;LD2;0.000124892783598097
441123930;LD2;5.41640712804926e-05
441123945;LD2;1.13899412107087e-05
441124063;LD2;0.000308412580887921
441124068;LD2;3.08155013513878e-05
441124128;LD2;0.000319808342120364
450184744;LD2;1.5216248963168e-07
450184809;LD2;2.60973381303419e-05
450184822;LD2;0.000947636071360398
450184831;LD2;0.000159184654362688
450184927;LD2;2.16851113239452e-05
450184942;LD2;0.000319943011672574
450184981;LD2;9.8060751108123e-05
450185044;LD2;1.27937966671179e-05
459217692;LD2;1.94698007451985e-06
459217710;LD2;3.06718934375995e-06
459217715;LD2;9.53571432938257e-05
459217719;LD2;4.44378216970346e-07
459217815;LD2;1.23208573779669e-05
459217833;LD2;3.80536617284976e-05
459217842;LD2;7.52780676337013e-05
459217861;LD2;1.69489041488256e-05
459217869;LD2;4.21235441776887e-05
459217899;LD2;1.24293868926198e-05
459217905;LD2;7.18277199632445e-05
459217932;LD2;0.000192550538925104
461767058;LD2;0.000132778827593747
461767107;LD2;4.13881499246973e-06
461767127;LD2;8.90292862632354e-06
461767263;LD2;7.46701716282865e-06
461767328;LD2;2.0300262775956e-05
306169;LD2;4.2406889173367e-05
306229;LD2;0.000284104723815062
306235;LD2;0.00013640156441103
306247;LD2;0.000142658467144935
306352;LD2;2.13446536725985e-05
306436;LD2;2.88665485307992e-05
4765306;LD2;1.62758979255132e-06
4765339;LD2;1.88231718766883e-05
4765369;LD2;8.31517830051861e-06
4765378;LD2;1.34006728161283e-05
4765408;LD2;6.55885426875319e-06
4765423;LD2;3.60475573235441e-06
4765519;LD2;3.34809200648823e-06
4765528;LD2;1.80681875391143e-05
4765541;LD2;7.67495951106528e-06
4765546;LD2;2.75974686520165e-05
4765606;LD2;2.47779829691639e-09
5298450;LD2;9.25211692832907e-05
5298510;LD2;0.000832210562718924
5298515;LD2;0.000243644220060016
5298537;LD2;0.000539649535502609
5298633;LD2;2.62555686717523e-05
5298648;LD2;0.000141093889202418
5298678;LD2;6.20498506774793e-05
5298717;LD2;1.72416900727177e-06
5340739;LD2;3.28624964706959e-05
5340823;LD2;0.000106351984968476
5340919;LD2;5.09324789413603e-05
5340940;LD2;1.48326718173454e-05
5340946;LD2;9.79461077729694e-05
5341006;LD2;3.70302448710303e-05
6158090;LD2;2.43775982720375e-06
6158120;LD2;5.16848929800422e-05
6158174;LD2;1.4209639704547e-05
6158270;LD2;1.86670713532349e-05
6158279;LD2;2.56718152887714e-05
6158291;LD2;1.20698323010184e-05
6158297;LD2;3.83605933312822e-05
6158357;LD2;3.09945022251353e-05
6742168;LD2;5.00822858899215e-05
6742228;LD2;8.79018604745201e-06
6742246;LD2;9.36359631492702e-05
6742255;LD2;1.22561039677184e-05
6742351;LD2;4.21675643513452e-06
6742366;LD2;1.43443222782512e-05
6742396;LD2;5.25773881500135e-05
6742405;LD2;7.73558295434635e-05
6742435;LD2;1.70302590485914e-06
6742468;LD2;9.5605391359382e-07
9688157;LD2;4.79678120791021e-10
9688217;LD2;2.12432467743011e-06
9688223;LD2;1.70069916635952e-05
9688235;LD2;0.000127019196769757
9688244;LD2;8.49954052410946e-05
9688340;LD2;4.75979808528813e-05
9688394;LD2;8.75277972953663e-05
9688424;LD2;3.3096208558146e-05
9862483;LD2;0.000321834883138453
9862548;LD2;8.36975506418677e-06
9862570;LD2;5.14634453984276e-05
9862666;LD2;4.79320722984666e-05
9862681;LD2;1.12204353945609e-06
9862711;LD2;3.7150395677942e-05
9862720;LD2;4.74599892517463e-05
9862750;LD2;7.99108851851327e-06
9862783;LD2;1.45200457460459e-05
12638847;LD2;7.41767983439038e-05
12638880;LD2;5.72899468481825e-05
12638910;LD2;1.95168330976421e-05
12638919;LD2;6.47199522848074e-08
12638949;LD2;8.2144391715131e-05
12638964;LD2;2.31585700162796e-05
12639060;LD2;0.00025282020942476
12639069;LD2;6.35660033432396e-06
12639082;LD2;0.00026711817984307
12639087;LD2;1.95261693490471e-06
12639147;LD2;3.71636155199704e-05
16710935;LD2;1.10900410599052e-06
16710995;LD2;2.6914139031943e-05
16711001;LD2;3.56196474487606e-06
16711013;LD2;2.41518289926498e-05
16711022;LD2;4.3345243886569e-07
16711118;LD2;7.84197587199721e-05
16711172;LD2;1.0558660168169e-05
16711202;LD2;1.70672360152406e-05
17781182;LD2;0.000125575499180487
17781215;LD2;2.20981713027517e-05
17781245;LD2;0.000122357173049883
17781254;LD2;2.33595637034317e-07
17781284;LD2;8.23811574048216e-05
17781299;LD2;1.06931119103284e-07
17781395;LD2;3.83598491779365e-05
17781404;LD2;5.4722096400303e-06
17781417;LD2;0.000230397115943884
17781422;LD2;0.000118967726741155
17781482;LD2;0.000220272800962384
18830133;LD2;0.000164414995122862
18830166;LD2;0.000149841202150806
18830196;LD2;0.000135367292623112
18830205;LD2;5.23760104727722e-05
18830235;LD2;0.000118186292129499
18830250;LD2;2.1726506045836e-05
18830346;LD2;3.74768408644802e-07
18830355;LD2;8.0380798390574e-07
18830368;LD2;1.29257754323091e-05
18830433;LD2;5.61828651719179e-06
19296160;LD2;1.32748508001516e-05
19296193;LD2;4.99363024825456e-05
19296223;LD2;1.53150542410794e-05
19296232;LD2;1.02681283487814e-05
19296262;LD2;1.5530451223698e-05
19296277;LD2;9.9928854458063e-07
19296373;LD2;3.08586772843358e-05
19296395;LD2;5.21020581945331e-05
19296400;LD2;6.97848815672631e-05
19296460;LD2;4.17539917960445e-06
23408255;LD2;5.09759479559718e-06
23408315;LD2;1.03065584602924e-05
23408321;LD2;1.23568957246669e-05
23408333;LD2;4.21890988298221e-06
23408342;LD2;5.71909846889237e-06
23408438;LD2;1.94103583144957e-05
23408522;LD2;3.33736684533194e-06
26930960;LD2;6.45573526472236e-06
26930993;LD2;3.78793143514899e-07
26931023;LD2;5.03658378923724e-06
26931032;LD2;3.5355042359154e-05
26931062;LD2;4.76443094549252e-07
26931077;LD2;7.82336373878063e-06
26931173;LD2;2.005510443623e-05
26931182;LD2;8.99397929735807e-07
26931195;LD2;3.00303492297686e-06
26931260;LD2;1.14848671952317e-05
27068908;LD2;5.43498663839215e-05
27068968;LD2;1.93776276393146e-05
27068974;LD2;4.30893602576576e-05
27068989;LD2;1.58916017621428e-08
27068995;LD2;7.93823086032104e-06
27069091;LD2;4.67671445773748e-05
27069175;LD2;9.96139893290592e-06
29720635;LD2;1.61897554108673e-05
29720700;LD2;5.21858069279461e-05
29720713;LD2;8.81374035761005e-07
29720722;LD2;3.07149179888848e-05
29720833;LD2;3.58843457687591e-05
29720863;LD2;1.60056591785189e-06
29720872;LD2;3.76885169763501e-06
29720902;LD2;5.50424579709377e-06
29720935;LD2;8.00020735373814e-05
34632603;LD2;0.000127525104672441
34632636;LD2;7.09177754727622e-05
34632666;LD2;0.000123205082977258
34632675;LD2;0.000145560215828237
34632705;LD2;3.40933826190213e-05
34632720;LD2;1.98597892128868e-06
34632816;LD2;6.24800566917256e-05
34632825;LD2;0.00066458932658273
34632838;LD2;0.000763217253620209
34632843;LD2;3.60646595946716e-05
34632903;LD2;0.000228920085242258
37787273;LD2;1.46043294222468e-05
37787333;LD2;2.1377458003476e-05
37787338;LD2;6.77372908655028e-05
37787351;LD2;5.25679420028132e-06
37787360;LD2;2.43637354236578e-05
37787456;LD2;4.83771669477792e-06
37787471;LD2;1.15184812289304e-05
37787501;LD2;8.25228243702877e-06
37787510;LD2;2.53833229547452e-05
37787540;LD2;1.01455592310994e-05
37787573;LD2;1.23169957374186e-06
41336350;LD2;0.00011649838229353
41336377;LD2;2.02037922628943e-05
41336413;LD2;3.29784477457173e-07
41336421;LD2;0.000212547987937702
41336428;LD2;1.21895334182667e-05
41336440;LD2;0.000111771559306127
41336449;LD2;3.65806968524561e-05
41336467;LD2;3.66182480959355e-05
41336563;LD2;3.22880887806361e-05
41336567;LD2;0.000316063113586111
41336572;LD2;2.49735860044495e-05
41336584;LD2;5.57391055143081e-05
41336680;LD2;5.41330055434013e-07
42958299;LD2;6.21067231042461e-06
42958332;LD2;5.96596643164839e-05
42958362;LD2;9.13379279430468e-05
42958371;LD2;0.000156613690359835
42958401;LD2;0.000264295668466953
42958416;LD2;1.88036880154607e-06
42958512;LD2;8.4621912216127e-08
42958521;LD2;9.19943026288678e-07
42958534;LD2;8.09114006745563e-05
42958539;LD2;0.000146204026419129
42958599;LD2;7.91970603542426e-08
46566597;LD2;1.15808898999853e-05
46566657;LD2;2.54901303218541e-05
46566662;LD2;8.45181737657352e-05
46566675;LD2;3.90718106202378e-06
46566684;LD2;4.5887445259496e-06
46566780;LD2;0.000246406190360782
46566795;LD2;4.43723037316965e-05
46566825;LD2;5.08800477612714e-05
46566834;LD2;1.25665022330084e-05
46566864;LD2;4.32969942258274e-06
46566897;LD2;7.93408893630901e-05
48633735;LD2;4.92615936478034e-07
48633768;LD2;1.46666897458661e-05
48633798;LD2;1.5396124698712e-05
48633807;LD2;0.000586055667446144
48633837;LD2;0.000470202688887766
48633852;LD2;8.17021932984131e-07
48633942;LD2;1.37671837246852e-05
48633948;LD2;1.43936017719544e-05
48633957;LD2;1.0141194746527e-07
48633969;LD2;4.90333907431463e-06
48633975;LD2;4.3621339903058e-06
48634035;LD2;1.01471692641651e-05
49828495;LD2;4.36093681786123e-06
49828555;LD2;3.81397261122676e-05
49828560;LD2;4.26821711430036e-06
49828573;LD2;4.89673724668284e-05
49828582;LD2;3.72065348122025e-08
49828678;LD2;1.98606237870988e-05
49828693;LD2;1.76050995034692e-05
49828723;LD2;2.19167854084951e-05
49828732;LD2;8.27213641204073e-06
49828762;LD2;5.06426073173547e-06
49828795;LD2;2.66430648545585e-06
53381708;LD2;6.10378153690593e-05
53381741;LD2;3.23888853570204e-06
53381771;LD2;7.29625366638662e-05
53381810;LD2;3.17626830856817e-05
53381825;LD2;1.13527083672388e-05
53381921;LD2;2.29751927193946e-06
53381943;LD2;0.000109963607339039
53381948;LD2;3.74117597684275e-08
53382008;LD2;4.42036810188827e-05
57039265;LD2;1.04389551886865e-05
57039298;LD2;4.57983605353017e-05
57039328;LD2;0.000651693935313962
57039337;LD2;0.000230418603471388
57039367;LD2;5.44559097605823e-05
57039382;LD2;4.69476624859733e-06
57039472;LD2;7.37255392230164e-05
57039478;LD2;7.1780077573468e-05
57039487;LD2;1.4848126172494e-05
57039500;LD2;0.000315786732840729
57039505;LD2;0.000144484999573985
57039565;LD2;0.000370130280646207
59167579;LD2;0.000191748931269805
59167585;LD2;1.52746802437516e-06
59167597;LD2;6.5302622098886e-06
59167702;LD2;7.11493981947946e-06
59167786;LD2;8.00733625811317e-06
59441785;LD2;6.4892413023667e-06
59441818;LD2;0.000331240969870015
59441848;LD2;5.91371507781858e-06
59441857;LD2;3.64776166879397e-06
59441887;LD2;1.45042172461411e-07
59441902;LD2;4.23667655677152e-05
59441998;LD2;1.66356788481927e-06
59442020;LD2;0.000114473624927274
59442025;LD2;3.05197598127894e-05
59442085;LD2;5.23543990648145e-05
61544424;LD2;0.000389807385539079
61544428;LD2;0.000213151898262335
62341174;LD2;6.14648670787436e-05
62341207;LD2;1.72138267765477e-05
62341237;LD2;1.10034119623804e-05
62341246;LD2;3.26022296886362e-07
62341276;LD2;3.71712736637415e-05
62341291;LD2;4.72967403004811e-05
62341387;LD2;4.65196028278979e-05
62341396;LD2;6.82427933055993e-05
62341409;LD2;8.38652098598331e-05
62341414;LD2;0.000336895494916007
62341474;LD2;7.74554378298126e-05
63602487;LD2;0.000182554855929832
63602547;LD2;8.5497995591641e-05
63602553;LD2;1.80646111784091e-06
63602565;LD2;2.50293086465462e-06
63602574;LD2;6.2326147676232e-06
63602670;LD2;0.000128166308740907
63602724;LD2;2.12552064708897e-05
63602754;LD2;0.000451492538879182
65768197;LD2;2.62555199706939e-05
65768257;LD2;3.12108921505967e-06
65768262;LD2;6.52334528045924e-07
65768275;LD2;1.92160637031158e-05
65768284;LD2;0.000110332021487574
65768380;LD2;2.41977575241379e-06
65768395;LD2;3.87667909732398e-06
65768425;LD2;1.32581503397653e-07
65768433;LD2;0.000220022098605695
65768464;LD2;0.000107549915795343
65768497;LD2;5.97496733065852e-07
68357317;LD2;9.55854841041312e-06
68357321;LD2;9.85629570801732e-06
68357417;LD2;5.98807800180443e-05
68357435;LD2;8.24848399010733e-05
68357463;LD2;5.1950727450297e-06
68357507;LD2;0.00014855646175587
68357534;LD2;3.55339182840441e-06
69340259;LD2;3.01536229564137e-05
69340264;LD2;0.000128036454153826
69340277;LD2;1.9887380535503e-05
69340286;LD2;8.59815636029697e-05
69340382;LD2;1.50021266873521e-06
69340397;LD2;2.89818988915041e-06
69340427;LD2;1.29725285697363e-05
69340436;LD2;9.37774589210575e-06
69340466;LD2;0.000154525743458195
69340499;LD2;3.64075419096173e-05
70665030;LD2;8.3704374543052e-05
70665090;LD2;0.000352184432535667
70665095;LD2;0.000312128623992193
70665108;LD2;3.88181128163233e-05
70665117;LD2;1.94623563650066e-05
70665213;LD2;0.000216837956939934
70665228;LD2;1.65250054660931e-05
70665258;LD2;0.000149744388776097
70665267;LD2;0.000105815387677256
70665297;LD2;0.000171700912718552
70665330;LD2;1.23442362654456e-06
71078736;LD2;3.36233471301858e-05
71078769;LD2;4.86942084074149e-05
71078799;LD2;0.000125006443279008
71078808;LD2;5.97706582632179e-05
71078838;LD2;5.62699394181632e-07
71078853;LD2;0.000132920051783707
71078949;LD2;0.000114853268711723
71078958;LD2;5.72151780628408e-05
71078971;LD2;1.92470106439446e-05
71078976;LD2;2.05497151150323e-05
71079036;LD2;0.000273534261734372
76979106;LD2;7.54364730828002e-07
76979115;LD2;0.000143398840121143
76979128;LD2;2.51363657696522e-06
76979160;LD2;1.03548954345378e-05
76979164;LD2;0.000157012129839581
76979169;LD2;8.63508711893252e-05
76979181;LD2;6.04882745180124e-05
76979208;LD2;0.00010586525748225
76979213;LD2;4.59959246072792e-05
76979375;LD2;1.59565898016614e-05
76979406;LD2;8.33377536417352e-05
76979414;LD2;0.000455900245787261
76979424;LD2;0.00104764367679401
76979427;LD2;1.23127571516395e-05
76979434;LD2;2.60165281420153e-06
76979447;LD2;3.69211439183611e-05
76979458;LD2;0.000159059744176743
77891470;LD2;7.84162702690907e-06
77891503;LD2;1.99418577264074e-05
77891533;LD2;1.92286428623623e-05
77891542;LD2;9.757469125725e-06
77891572;LD2;0.000118276503317187
77891587;LD2;0.000327351548949301
77891692;LD2;0.000374332032036138
77891705;LD2;1.50519859872251e-06
77891710;LD2;1.61821227447392e-05
77891770;LD2;1.17130364548989e-05
78774666;LD2;3.39418221290422e-06
78774699;LD2;1.34690921597454e-06
78774729;LD2;1.98463668964174e-05
78774738;LD2;4.90088910660582e-05
78774768;LD2;0.000146144807466877
78774783;LD2;8.20488616777148e-07
78774879;LD2;7.27466522117603e-05
78774888;LD2;1.68392780401581e-05
78774901;LD2;5.33409043298845e-05
78774906;LD2;5.85014783019117e-07
78774966;LD2;1.18983470873793e-05
82577414;LD2;5.61412280785068e-06
82577447;LD2;7.98108457282029e-06
82577477;LD2;4.35964766206676e-05
82577486;LD2;0.000115250585126722
82577516;LD2;2.31663626053538e-07
82577531;LD2;5.15418739624166e-05
82577636;LD2;3.06042903534015e-05
82577649;LD2;3.39117419299239e-05
82577654;LD2;9.67203624524867e-05
82577714;LD2;3.20177745913572e-05
83684103;LD2;1.74837976799712e-05
83684163;LD2;0.000166634336129349
83684181;LD2;2.95003244995489e-06
83684286;LD2;9.00906573708797e-05
83684301;LD2;0.000255246320234638
83684331;LD2;2.82755562314563e-05
83684340;LD2;0.000190381249965961
83684370;LD2;1.89028062792428e-07
83684403;LD2;3.68892185835128e-05
83800566;LD2;0.000151643238688039
83800571;LD2;0.000156846073788268
83800593;LD2;3.47448203484534e-05
83800689;LD2;2.98386263479163e-05
83800704;LD2;4.75165554196642e-05
83800734;LD2;0.000137765212755542
83800743;LD2;4.04002081128597e-06
83800773;LD2;2.58356655558376e-06
83800806;LD2;9.75920243099064e-05
87788898;LD2;0.000184347866157209
87788961;LD2;2.73637171631787e-06
87788970;LD2;7.12973374424586e-07
87789000;LD2;8.60007971309327e-06
87789015;LD2;6.94451065621894e-05
87789111;LD2;8.19764627972623e-05
87789120;LD2;0.000345252902088549
87789133;LD2;5.41269375097433e-07
87789138;LD2;0.000121127131056154
87789198;LD2;0.000201382652730105
89016260;LD2;3.39920143419032e-06
89016320;LD2;0.000178984217954505
89016325;LD2;1.84194026639014e-05
89016338;LD2;0.000280645558556917
89016347;LD2;4.60759506633037e-05
89016443;LD2;2.69725590938955e-05
89016458;LD2;0.000461350246554685
89016488;LD2;1.91453718867253e-06
89016497;LD2;2.92754535360468e-06
89016527;LD2;6.84560504462702e-06
89016560;LD2;4.85781692179719e-07
93321782;LD2;4.73737459476542e-06
93321842;LD2;0.000606491461032118
93321847;LD2;9.1876629445915e-05
93321860;LD2;2.00742944109906e-05
93321869;LD2;0.000139740188106723
93321980;LD2;2.06565071300619e-06
93322010;LD2;1.71019281891558e-05
93322019;LD2;0.000164783756072836
93322049;LD2;0.000228198093971786
93322082;LD2;0.000300581637261726
95911723;LD2;8.04632202656273e-05
95911753;LD2;0.000284930388110055
95911762;LD2;3.38769615440317e-05
95911792;LD2;0.000349361850108016
95911807;LD2;1.54667156422126e-06
95911903;LD2;2.28482423817559e-05
95911912;LD2;0.000124432443268504
95911925;LD2;0.000259603211124328
95911930;LD2;4.18298252079625e-05
95911990;LD2;1.57452681789425e-09
96643452;LD2;7.60614849566054e-06
96643512;LD2;1.68535618755497e-06
96643518;LD2;7.34543522082752e-08
96643530;LD2;1.08488648213058e-06
96643539;LD2;3.8726613707014e-06
96643635;LD2;3.23188427776937e-05
96643719;LD2;5.39276442118789e-06
96757963;LD2;0.000229861941434211
96758032;LD2;3.53832161267631e-06
96758047;LD2;6.92812025927857e-05
96758143;LD2;2.43961345466631e-05
96758152;LD2;8.62897965945235e-08
96758164;LD2;0.000236208285267958
96758170;LD2;1.68980647892727e-05
96758230;LD2;1.08052610201297e-06
97113513;LD2;0.000300071737280146
97113573;LD2;0.000544340199242737
97113578;LD2;0.000399001583482972
97113591;LD2;3.33182778203423e-05
97113600;LD2;3.95253738439821e-06
97113696;LD2;1.04364849452739e-06
97113711;LD2;0.000108157245345207
97113741;LD2;8.02349087105309e-05
97113750;LD2;0.000425385273830741
97113780;LD2;7.16676412294294e-06
97113813;LD2;0.000139126109622582
98061610;LD2;4.45858354531997e-08
98061670;LD2;2.51464457079123e-07
98061676;LD2;2.48276687589306e-05
98061697;LD2;7.21090778435488e-05
98061793;LD2;1.09451174331429e-06
98061877;LD2;5.46184465029252e-05
103219417;LD2;2.04285722215823e-05
103219477;LD2;6.82565517560945e-05
103219482;LD2;2.70485445766388e-05
103219504;LD2;2.01238002266173e-05
103219510;LD2;0.000102239873868502
103219600;LD2;7.98645133207045e-05
103219615;LD2;6.52504344433242e-05
103219645;LD2;0.000234431296729504
103219654;LD2;7.83540794120912e-05
103219684;LD2;2.68766279936036e-05
103219717;LD2;9.37551192577664e-05
103293776;LD2;8.6992995618941e-05
103293806;LD2;0.000477357660337222
103293860;LD2;2.49152104389659e-07
103293965;LD2;0.000209475903400771
103294043;LD2;2.3540689560378e-05
109165918;LD2;0.000403520338778281
109166035;LD2;6.51921809032317e-05
109166053;LD2;3.75891266818827e-05
109166062;LD2;7.97172381527747e-05
109166081;LD2;7.46062915194269e-05
109166089;LD2;0.000241787481747456
109166125;LD2;7.16175428147894e-06
109166152;LD2;0.000261796841296899
116442473;LD2;9.4490604652911e-06
116442533;LD2;5.98160770794019e-06
116442538;LD2;7.89707412021869e-06
116442551;LD2;2.85664990235128e-07
116442560;LD2;2.09762648070549e-06
116442656;LD2;3.61291715022437e-06
116442671;LD2;1.59647696944173e-06
116442701;LD2;7.91273098907424e-07
116442710;LD2;3.37173867624224e-06
116442740;LD2;3.79571714907294e-06
116442773;LD2;1.31318486581839e-05
119498736;LD2;5.27196514893057e-05
119498769;LD2;3.16846978377599e-05
119498799;LD2;3.13725823321721e-05
119498808;LD2;3.73716920131904e-06
119498838;LD2;2.53023892601034e-05
119498853;LD2;6.0051265740513e-05
119498949;LD2;2.14324341752394e-05
119498976;LD2;9.50808413899774e-05
119499036;LD2;2.61745884179439e-05
123718816;LD2;7.84817924609763e-05
123718849;LD2;7.0978051641272e-05
123718879;LD2;1.23779293995955e-05
123718888;LD2;9.79181383350514e-05
123718918;LD2;8.42718581688543e-05
123718933;LD2;4.26177886771508e-06
123719029;LD2;3.72638095787625e-05
123719038;LD2;0.00011000538064583
123719051;LD2;2.10813814531872e-07
123719056;LD2;0.00047409425665487
123719116;LD2;0.000270952523813541
127944052;LD2;8.02521040319266e-05
127944085;LD2;8.20262439516483e-06
127944115;LD2;5.04679560834243e-05
127944124;LD2;3.55691146523999e-05
127944145;LD2;2.56110320855443e-05
127944154;LD2;0.000128870954778961
127944169;LD2;0.000431899297718643
127944265;LD2;4.90889951948197e-05
127944274;LD2;2.23066101193712e-07
127944287;LD2;1.88892253085801e-05
127944292;LD2;0.000143991350070462
127944352;LD2;3.36979495349114e-06
139167376;LD2;6.15792086735446e-05
139167436;LD2;9.41208496517373e-06
139167441;LD2;9.80360794200793e-05
139167454;LD2;9.1040674222553e-08
139167463;LD2;4.31085133835961e-05
139167559;LD2;0.000172823120016523
139167574;LD2;1.7756253785994e-05
139167604;LD2;1.93342518252423e-05
139167613;LD2;1.37035606268873e-05
139167643;LD2;9.33737709898236e-08
139167676;LD2;5.95891205062237e-05
139956267;LD2;1.19200418974712e-05
139956300;LD2;0.00011502139982834
139956330;LD2;0.000210939640369931
139956339;LD2;2.2937027857559e-07
139956369;LD2;8.75405053231273e-05
139956384;LD2;4.1862635433809e-06
139956480;LD2;7.03716888663449e-05
139956489;LD2;1.1471531486616e-05
139956502;LD2;0.000186072584474882
139956507;LD2;9.48092738083513e-05
139956567;LD2;2.76499495896781e-05
146293541;LD2;1.18200250369079e-05
146293574;LD2;1.67938005974357e-06
146293604;LD2;1.45553765617604e-06
146293613;LD2;3.09889782519001e-06
146293643;LD2;3.54893891390134e-06
146293658;LD2;4.39505516769343e-07
146293754;LD2;2.137422719731e-05
146293763;LD2;1.76166618174334e-05
146293776;LD2;4.88955879899426e-07
146293781;LD2;5.11843358639861e-05
146293841;LD2;1.08893085876534e-05
153422684;LD2;0.000535435674144727
153422697;LD2;0.000287505999972642
153422802;LD2;8.28580644147738e-08
153422817;LD2;9.24297522471911e-06
153422847;LD2;5.51414173322101e-06
153422856;LD2;4.13048981298365e-05
153422886;LD2;0.000115569082510466
153422919;LD2;0.00013485623974194
154834904;LD2;6.7097157972374e-05
154834964;LD2;7.66769937843302e-06
154834969;LD2;2.86899964609648e-06
154834982;LD2;3.75155368602878e-05
154834991;LD2;2.36476093078883e-05
154835081;LD2;1.21536850856653e-07
154835096;LD2;2.08524370873927e-05
154835126;LD2;4.79102702297094e-05
154835135;LD2;8.4659250471326e-06
154835165;LD2;4.40254282684499e-06
154835198;LD2;5.84842202488864e-06
154993562;LD2;4.32465096692983e-05
154993627;LD2;9.33551065459007e-07
154993640;LD2;0.000103702986122861
154993649;LD2;6.84822139984815e-05
154993745;LD2;0.000127337650936319
154993790;LD2;2.04376325967538e-07
154993799;LD2;0.000103010315150577
154993829;LD2;1.43760396024565e-05
154993862;LD2;0.000159021308650153
155228855;LD2;2.03860660915645e-05
155228921;LD2;1.71847733423267e-05
155228933;LD2;5.43131520440901e-06
155228942;LD2;1.12517319192206e-05
155229038;LD2;0.000932299166705825
155229092;LD2;2.5071374695133e-06
155229122;LD2;5.62126385234089e-06
155871795;LD2;2.46878497062223e-05
155871858;LD2;4.88879582246527e-05
155871867;LD2;1.85204040571981e-06
155871897;LD2;6.54581726053532e-07
155871912;LD2;1.37352981316804e-05
155872017;LD2;3.22702467064827e-06
155872030;LD2;1.48468356983837e-05
155872035;LD2;2.87763986879164e-06
171892223;LD2;1.81298897240171e-05
171892256;LD2;0.000759056289960585
171892286;LD2;0.000602504040451175
171892295;LD2;0.000134310641117313
171892325;LD2;0.000169381101962356
171892430;LD2;2.19556442897949e-05
171892436;LD2;9.4482044437183e-06
171892445;LD2;4.98065507080741e-09
171892458;LD2;0.000824403712352274
171892463;LD2;3.1608717918208e-06
171892523;LD2;0.000925822319166933
172302462;LD2;4.58140707994863e-05
172302495;LD2;6.74240997476369e-05
172302525;LD2;8.54349973506377e-05
172302534;LD2;0.000208613209025841
172302564;LD2;3.40345235923928e-06
172302579;LD2;1.16621484027622e-06
172302697;LD2;0.000382497898498305
172302702;LD2;6.36799337232613e-06
172302762;LD2;9.95454549457652e-05
172856472;LD2;7.20218334992308e-05
172856505;LD2;1.77306562820495e-05
172856535;LD2;7.66496359151526e-06
172856544;LD2;5.92119537624736e-06
172856574;LD2;8.13868759858251e-06
172856589;LD2;9.55571254973983e-06
172856685;LD2;5.47429543275288e-05
172856694;LD2;5.4825544542666e-05
172856707;LD2;2.5357903654318e-05
172856712;LD2;1.01233963228218e-07
172856772;LD2;1.1087022551944e-08
178171983;LD2;3.32041243679966e-06
178172016;LD2;2.21439783521021e-05
178172046;LD2;1.45535039199995e-06
178172055;LD2;2.72518095396113e-05
178172085;LD2;4.37491254665626e-05
178172100;LD2;7.38377903528839e-07
178172196;LD2;1.76657604940275e-06
178172205;LD2;1.80655692255959e-05
178172218;LD2;3.72411964371242e-06
178172223;LD2;2.12366278085516e-06
178172283;LD2;2.02989602255666e-05
179520453;LD2;1.90285817801899e-05
179520459;LD2;4.36396112706346e-05
179520519;LD2;7.40627335334537e-06
179520524;LD2;0.000126513096389691
179520537;LD2;3.16983948553838e-06
179520546;LD2;1.90757684187775e-05
179520642;LD2;7.87871441648669e-06
179520657;LD2;4.44927128243355e-06
179520687;LD2;1.13568464175151e-05
179520696;LD2;1.15169816315455e-06
179520726;LD2;9.41625441187013e-06
179520759;LD2;5.25527298997472e-06
182672045;LD2;0.000171693571246918
182672078;LD2;2.21682296098243e-05
182672117;LD2;1.84096968141874e-07
182672147;LD2;0.000167987937737116
182672162;LD2;5.19640659256306e-05
185250909;LD2;0.000429519341410581
185250942;LD2;8.3286274513716e-05
185250972;LD2;9.72525733042181e-05
185250981;LD2;0.000111666270388915
185251011;LD2;0.000112831508875137
185251026;LD2;0.000120772919087433
185251144;LD2;0.000396556633246997
185251209;LD2;1.34667244193628e-05
186358833;LD2;6.07091937988201e-05
186358898;LD2;0.000200433032314846
186358911;LD2;1.03265845141987e-05
186358920;LD2;7.16786514436651e-09
186358926;LD2;7.16898678887806e-05
186359016;LD2;0.000112081106723047
186359031;LD2;1.31514059320684e-05
186359061;LD2;0.000329550760812477
186359070;LD2;8.7401984376765e-05
186359100;LD2;6.23786066102687e-05
186359133;LD2;3.60035670403836e-05
190373671;LD2;9.90155148899181e-07
190373673;LD2;4.14533618778336e-06
190373731;LD2;3.72612557629828e-05
190373733;LD2;3.66846695295546e-06
190373736;LD2;1.9984909142149e-08
190373739;LD2;7.58120202486795e-08
190373749;LD2;1.02262869179792e-05
190373751;LD2;3.84647079247227e-07
190373758;LD2;2.69118598869814e-05
190373760;LD2;1.08827365987651e-07
190373854;LD2;5.5291902119328e-07
190373856;LD2;1.10418656263176e-05
190373869;LD2;2.77499574481584e-06
190373899;LD2;4.27112040140761e-07
190373908;LD2;1.56858006376651e-05
190373938;LD2;4.11913562110543e-05
190373940;LD2;1.19098682371619e-06
190373971;LD2;2.34643247460733e-05
190453516;LD2;2.38009040560077e-07
190453774;LD2;9.66304018445034e-06
190453783;LD2;9.31336866898036e-05
190453813;LD2;2.16067717712545e-05
190453846;LD2;0.000324890668165941
192591592;LD2;8.17919345540258e-06
192591652;LD2;6.60194572487652e-06
192591657;LD2;1.49685261627179e-05
192591670;LD2;2.12558430995318e-06
192591679;LD2;1.86242715684043e-06
192591775;LD2;1.04560680216143e-06
192591790;LD2;3.42665024112326e-05
192591820;LD2;0.000269494481817531
192591829;LD2;1.29534925932668e-05
192591859;LD2;4.01279085557469e-05
192591892;LD2;2.11172631208092e-05
196588402;LD2;1.5642432764749e-05
196588520;LD2;2.80997224648023e-05
196588535;LD2;3.02268765633727e-06
196588565;LD2;3.83476768631174e-05
196588574;LD2;3.74443557020694e-06
196588604;LD2;2.71803072043032e-05
196588637;LD2;5.46406905927208e-08
203103950;LD2;6.46447138676e-07
203104010;LD2;0.000634594696387848
203104016;LD2;0.000868869331692074
203104028;LD2;1.66367013871843e-08
203104037;LD2;0.000170654075193291
203104133;LD2;0.00122834062657754
203104217;LD2;0.000148508342376976
206684526;LD2;7.53481710323152e-08
206684586;LD2;6.37982922990971e-06
206684592;LD2;1.73961063310714e-06
206684604;LD2;1.67476729759034e-05
206684613;LD2;1.55208822302178e-06
206684709;LD2;8.39531250926459e-06
206684763;LD2;2.42384995920705e-07
206684793;LD2;4.73978367717994e-06
215794840;LD2;0.00100055698908016
215794870;LD2;4.96261180165826e-05
215795020;LD2;2.77980702305944e-06
215795029;LD2;9.17145087480539e-06
215795041;LD2;0.000124623424764851
215795047;LD2;3.41132667465288e-07
215795107;LD2;5.66647006564256e-05
219404804;LD2;1.95114347572114e-06
219404864;LD2;3.19936406544307e-05
219404870;LD2;2.05776572533511e-05
219404884;LD2;8.91074386749212e-05
219404987;LD2;1.23008001955511e-05
219405041;LD2;3.30523280478874e-05
219405071;LD2;1.17294568864951e-05
226370218;LD2;7.33306654595381e-05
226370283;LD2;1.05817040512921e-06
226370305;LD2;5.39006924426909e-06
226370401;LD2;3.27131578408924e-05
226370416;LD2;6.0655376494589e-06
226370446;LD2;0.000324918744364566
226370455;LD2;7.16388300321053e-05
226370485;LD2;1.6639015251184e-05
226370518;LD2;0.000225538555231672
242300224;LD2;5.92623433824133e-05
242300257;LD2;8.78389695347158e-06
242300287;LD2;0.000173313556668654
242300296;LD2;0.000138659850025888
242300341;LD2;3.76205304275494e-06
242300437;LD2;8.81178907575338e-06
242300446;LD2;9.41503913933007e-06
242300459;LD2;2.46300030740457e-06
242300464;LD2;0.000195217423013795
242300524;LD2;5.1977719706818e-05
242751667;LD2;2.99755036786504e-05
242751751;LD2;3.5313360216488e-06
242751847;LD2;5.40044431081266e-05
242751868;LD2;1.10712508523146e-05
242751874;LD2;4.34819428279908e-06
242751934;LD2;0.00014395081759032
244136171;LD2;1.05443575035494e-05
244136204;LD2;4.37714591929604e-05
244136234;LD2;1.72170939681792e-05
244136243;LD2;0.000854988175833817
244136273;LD2;0.000134825114390587
244136288;LD2;1.28804365756503e-05
244136384;LD2;0.000590162376914425
244136393;LD2;0.000660066420292924
244136406;LD2;0.000593680875220248
244136471;LD2;0.000298977285454615
254476644;LD2;0.000217158730713508
254476649;LD2;0.000631014719723045
254476866;LD2;4.03756476967473e-06
255755441;LD2;8.73350122512529e-05
255755504;LD2;0.000194325045025439
255755513;LD2;0.000127314142318602
255755543;LD2;0.000148620122266981
255755558;LD2;1.21856969309715e-05
255755663;LD2;0.00031363737983956
255755676;LD2;0.000136050122636241
255755681;LD2;0.000257415313354421
255755741;LD2;9.26831465298835e-05
268727709;LD2;2.08179663429273e-05
268727772;LD2;2.34233315787e-07
268727781;LD2;5.57973337284739e-05
268727811;LD2;6.61032419611467e-06
268727826;LD2;5.56371198859743e-07
268727922;LD2;2.34893250818366e-05
268727931;LD2;3.05750061867902e-07
268727944;LD2;5.2811231158474e-05
268727949;LD2;5.44975778819311e-05
268728009;LD2;7.21042815550993e-05
270801704;LD2;5.99882626399253e-07
270801743;LD2;0.000309406781890218
270801758;LD2;8.92959931397501e-06
270801881;LD2;0.00019332512963744
299418254;LD2;7.18194692812457e-06
299418287;LD2;1.87927180278624e-05
299418317;LD2;2.19347265364184e-06
299418326;LD2;4.41136017564101e-05
299418356;LD2;1.58211169905829e-06
299418371;LD2;3.00595786056004e-06
299418467;LD2;8.52466665810622e-06
299418476;LD2;8.76111724649437e-07
299418489;LD2;3.20196489866856e-06
299418494;LD2;2.77426280650695e-06
299418554;LD2;2.80461389252162e-05
300103119;LD2;1.30393897747891e-06
300103341;LD2;0.000688662499371881
303637793;LD2;6.67709753252974e-06
303637853;LD2;9.12775157980354e-05
303637858;LD2;8.13264477327798e-05
303637871;LD2;4.82910358772946e-07
303637880;LD2;1.90429839565419e-05
303637976;LD2;3.78943638487823e-07
303637991;LD2;4.57168723448126e-06
303638021;LD2;4.80489645676496e-06
303638030;LD2;1.01721081509149e-05
303638060;LD2;2.52184390313901e-05
303638093;LD2;3.94717961402593e-06
307910258;LD2;2.98764964440598e-07
307910273;LD2;8.79689336918677e-05
307910312;LD2;8.26027681835703e-05
307910342;LD2;2.96862599427437e-05
307910375;LD2;8.13698426218917e-05
312738024;LD2;6.87700862741064e-05
312738084;LD2;0.000260604779458595
312738089;LD2;0.000192565624821562
312738102;LD2;6.14326431378187e-05
312738207;LD2;0.000322686471119158
312738222;LD2;1.35525380311133e-05
312738239;LD2;1.1740980880751e-06
312738252;LD2;4.62676498995729e-05
312738261;LD2;6.08413440040708e-05
312738291;LD2;0.000482815449615066
312738324;LD2;9.86161708205806e-05
334613569;LD2;4.26755272294789e-06
334613629;LD2;1.86649810108102e-07
334613634;LD2;2.96537121353614e-05
334613752;LD2;1.41804961377428e-05
334613767;LD2;2.57823095134343e-05
334613797;LD2;2.5073423583548e-07
334613806;LD2;4.19187436256774e-05
334613869;LD2;7.01053141450728e-05
336940735;LD2;8.51342875216437e-07
336940768;LD2;1.74372261229352e-05
336940798;LD2;9.00107874557199e-05
336940807;LD2;0.000179921503941972
336940837;LD2;2.45442237605088e-05
336940852;LD2;4.83705649710801e-05
336940948;LD2;1.97506428148138e-05
336940957;LD2;0.000674552440238647
336940970;LD2;0.000114808605434538
336940975;LD2;6.70277831767081e-05
336941035;LD2;0.000430482211824582
340318505;LD2;2.63413922011387e-05
340318565;LD2;0.000118474738714561
340318570;LD2;2.55677537549039e-05
340318583;LD2;2.26726136202438e-05
340318592;LD2;2.68454941076021e-06
340318598;LD2;7.26885735117428e-09
340318688;LD2;6.42212736608311e-06
340318703;LD2;8.6478327270377e-05
340318733;LD2;8.98877012901635e-05
340318742;LD2;5.08148699308264e-05
340318772;LD2;4.79545537230698e-06
340318805;LD2;0.000142046948450874
343287741;LD2;1.18265793953172e-05
343287774;LD2;0.000156935328086597
343287804;LD2;3.38235569897184e-05
343287813;LD2;3.81000869785608e-05
343287843;LD2;3.16961067819534e-05
343287858;LD2;6.54081099991194e-05
343287954;LD2;3.09054291623863e-06
343287963;LD2;4.39644122604579e-06
343287976;LD2;9.13864756457575e-06
343287981;LD2;0.000220119926403279
343288041;LD2;2.96313360807848e-05
358904910;LD2;2.81171130001829e-06
358904943;LD2;6.80219128701566e-07
358904973;LD2;7.66999996749669e-05
358904982;LD2;3.06957767206688e-05
358905012;LD2;8.68455525738588e-06
358905123;LD2;8.956023954804e-06
358905132;LD2;6.54998041912175e-08
358905150;LD2;3.38882825971665e-05
358905210;LD2;6.77419328570695e-05
373472893;LD2;0.000119663960472089
373472926;LD2;3.38125368714601e-06
373472956;LD2;6.59839564304552e-07
373472965;LD2;0.000109958231085043
373472995;LD2;0.000306586083253914
373473010;LD2;1.01247933946821e-06
373473106;LD2;6.03250217140867e-05
373473115;LD2;2.44529486885124e-05
373473128;LD2;0.000608302150970947
373473133;LD2;0.000105843764214044
373473193;LD2;8.07751048624424e-05
376090506;LD2;0.000143640238517299
376090511;LD2;2.90771284512312e-06
376090524;LD2;0.000111859911211519
376090644;LD2;0.000498625498504128
376090683;LD2;1.0284787785169e-05
376090713;LD2;9.63496631473709e-05
379461938;LD2;9.10245848241396e-06
379461971;LD2;1.84383755880667e-06
379462001;LD2;0.000638768623559323
379462010;LD2;0.000106375715821167
379462040;LD2;9.47922138300812e-05
379462055;LD2;4.2157100965353e-05
379462151;LD2;5.7062055859997e-06
379462160;LD2;2.39473265922587e-06
379462173;LD2;3.4182846213995e-05
379462178;LD2;0.000263447684397814
379462238;LD2;7.6609637820446e-05
385240101;LD2;5.0154662594544e-05
385240185;LD2;0.000475052080172587
385240281;LD2;0.000115671307030707
385240302;LD2;7.38153157901257e-05
385240308;LD2;5.23930019896313e-05
385240368;LD2;1.74451758356644e-08
387559612;LD2;2.39546370755724e-11
387559645;LD2;0.000253819589686451
387559675;LD2;0.000245111503242964
387559684;LD2;0.00021267518195374
387559714;LD2;5.82050638703562e-05
387559729;LD2;9.27752732507317e-05
387559825;LD2;5.35915023079321e-05
387559847;LD2;0.000325790206365005
387559852;LD2;0.000207760498287288
387559912;LD2;0.000270295665218715
389076641;LD2;0.000104915957247741
389076693;LD2;7.19815881131244e-07
389076725;LD2;0.000143648369531437
389076821;LD2;0.000244371712973724
389076830;LD2;3.74708617357957e-08
389076842;LD2;1.34921581247112e-05
389076908;LD2;3.78289119637922e-10
390919641;LD2;4.23167536602921e-06
390919701;LD2;3.60742039209544e-05
390919706;LD2;5.33912968221144e-06
390919719;LD2;5.24580721445739e-05
390919728;LD2;0.000130526158624857
390919824;LD2;2.60140607632159e-05
390919839;LD2;0.000124292950642687
390919869;LD2;8.41646745906292e-07
390919878;LD2;6.27681299497245e-06
390919908;LD2;1.69942785507196e-05
390919941;LD2;4.00210910071288e-05
393699680;LD2;1.01349505870545e-09
393699710;LD2;1.05347164379806e-10
393699719;LD2;1.61471097942421e-05
393699749;LD2;5.41393858042659e-05
393699764;LD2;0.000215339960939945
393699860;LD2;9.16897756103962e-05
393699882;LD2;3.05855293428547e-07
393699887;LD2;1.12350984974374e-05
393699947;LD2;7.21265513301301e-05
394866577;LD2;0.00105551622524638
394866595;LD2;0.000933717391718409
394866700;LD2;2.83058009995695e-05
394866715;LD2;0.00045906729767295
394866745;LD2;0.00139601487362024
394866754;LD2;1.0309310149907e-05
394866784;LD2;1.03391999930164e-05
394866817;LD2;0.000204953830733811
395029907;LD2;2.30070046522139e-06
395029967;LD2;2.3879398867273e-05
395029994;LD2;6.92843580612998e-05
395030174;LD2;3.74398711809836e-05
407887790;LD2;2.58685854430898e-09
407887850;LD2;7.16067683793798e-08
407887856;LD2;3.14142339955211e-06
407887868;LD2;8.22053679878032e-07
407887877;LD2;1.06868145032836e-05
407887973;LD2;2.2962027993052e-07
407888027;LD2;3.96439026104228e-06
407888057;LD2;7.73091001704567e-06
408429931;LD2;1.13121229281019e-05
408429964;LD2;1.28113148072166e-05
408429994;LD2;3.92165956050124e-05
408430003;LD2;3.47619988075132e-07
408430033;LD2;7.77019878005257e-06
408430048;LD2;2.0747465938207e-05
408430144;LD2;2.71748675411616e-05
408430153;LD2;1.81006140298756e-05
408430166;LD2;2.64421499913951e-06
408430171;LD2;1.37650823191604e-07
408430231;LD2;7.25413229838708e-05
411651530;LD2;1.57947511188049e-05
411651590;LD2;7.94678829643336e-09
411651595;LD2;5.20455303281796e-05
411651608;LD2;1.58060085092887e-05
411651617;LD2;0.000105254114732327
411651713;LD2;2.91182849619526e-06
411651728;LD2;2.88491279730284e-05
411651758;LD2;1.26490969013829e-07
411651767;LD2;0.000115412471757561
411651797;LD2;2.00459310378674e-05
411651830;LD2;1.55724875915884e-05
412118044;LD2;2.92595617575732e-05
412118077;LD2;2.23577327122561e-05
412118107;LD2;3.8434930461477e-07
412118116;LD2;1.83401050238271e-05
412118146;LD2;0.000596732663740736
412118161;LD2;0.000100271460090452
412118257;LD2;4.40456428959798e-09
412118266;LD2;4.25155938029459e-06
412118279;LD2;3.23464639922553e-06
412118284;LD2;0.000171255181124564
412118344;LD2;1.38294131906785e-07
412877108;LD2;5.17839269760895e-05
412877141;LD2;9.33380345499577e-06
412877171;LD2;1.32187542699223e-05
412877180;LD2;1.73613399997152e-06
412877210;LD2;1.58064453827625e-05
412877225;LD2;1.94814330409063e-05
412877321;LD2;8.61033775255657e-07
412877330;LD2;7.73950199991653e-05
412877343;LD2;6.57120803580797e-06
412877348;LD2;0.000322953699604899
412877408;LD2;6.63128365515002e-05
413124081;LD2;2.79001528093326e-06
413124114;LD2;3.25697968797097e-07
413124144;LD2;1.49423440700335e-05
413124153;LD2;1.52386167920706e-05
413124183;LD2;1.46564991434982e-06
413124198;LD2;1.49241738318926e-07
413124204;LD2;5.52390432592422e-07
413124294;LD2;8.12997044316266e-06
413124303;LD2;5.84194986310863e-06
413124316;LD2;1.24083379712213e-07
413124321;LD2;1.42219574407316e-05
413124381;LD2;1.37915624060497e-06
414067339;LD2;6.96161615700684e-05
414067404;LD2;7.43686554180766e-06
414067417;LD2;5.17695182210536e-06
414067426;LD2;1.04767617399039e-05
414067522;LD2;1.00406618991989e-05
414067537;LD2;0.000101660244550799
414067567;LD2;6.17880458564148e-07
414067576;LD2;5.08022142679038e-05
414067606;LD2;8.82495479127436e-06
414067639;LD2;0.000187939386841167
416560983;LD2;0.000134466097461586
416561016;LD2;1.33581667310119e-06
416561046;LD2;0.000265431829430091
416561055;LD2;0.000133018218119785
416561085;LD2;0.00020724852877095
416561100;LD2;9.60378077069326e-05
416561196;LD2;8.10978973125336e-05
416561205;LD2;2.33521952281443e-05
416561218;LD2;7.29780532098206e-05
416561223;LD2;5.57520513262098e-06
417930029;LD2;1.59163877320539e-06
417930034;LD2;5.43676375521819e-06
417930047;LD2;7.3278307611301e-07
417930056;LD2;2.59958653513221e-08
417930152;LD2;1.94159320555057e-05
417930167;LD2;0.000138017937225151
417930197;LD2;8.20610266252645e-07
417930206;LD2;1.86614366508623e-05
417930236;LD2;0.000130637255692389
417930269;LD2;0.000226816171046324
418475382;LD2;2.47830431883635e-05
418475466;LD2;8.51996397309866e-06
418475562;LD2;1.95905722926354e-06
418475571;LD2;5.6058102799743e-07
418475583;LD2;9.51807250674329e-07
418475589;LD2;8.91181736352133e-06
420147272;LD2;7.40954495342874e-10
420147302;LD2;1.43705056574714e-06
420147356;LD2;6.27414388137692e-05
420147452;LD2;1.03456473703095e-07
420147461;LD2;5.5855115099164e-06
420147479;LD2;2.4717235129094e-05
420147539;LD2;2.71434858654645e-05
421062606;LD2;0.000359447901973829
421062666;LD2;0.000145747546526797
421062671;LD2;1.89646618187749e-05
421062684;LD2;2.43987105521644e-05
421062789;LD2;8.29291189299257e-06
421062834;LD2;0.000240909418929967
421062843;LD2;8.69642524917661e-05
421062873;LD2;3.8095327934107e-05
421062906;LD2;4.75502016177243e-06
431011119;LD2;2.64773979252465e-05
431011152;LD2;3.99119425516441e-05
431011182;LD2;2.3397235647737e-05
431011191;LD2;4.30875977826419e-08
431011221;LD2;6.36120571029899e-05
431011236;LD2;1.00831192112212e-05
431011332;LD2;2.34254380988722e-05
431011341;LD2;1.51926153229927e-06
431011354;LD2;0.000330979061822819
431011359;LD2;9.58068668116084e-05
431011419;LD2;5.1329240137067e-05
439477763;LD2;8.25041026173248e-05
439477796;LD2;9.53862772949655e-07
439477826;LD2;2.79739655293986e-05
439477835;LD2;2.54613701620116e-06
439477865;LD2;0.000211834760291048
439477880;LD2;2.0024069877882e-05
439477976;LD2;5.93455419814146e-06
439477985;LD2;2.94602275407145e-06
439477998;LD2;9.37631186694618e-05
439478003;LD2;3.787028681956e-05
439478063;LD2;6.38690157159375e-06
441684557;LD2;8.81707814628236e-05
441684590;LD2;2.07285425453571e-05
441684620;LD2;6.55862789968926e-05
441684629;LD2;1.76221879408592e-05
441684659;LD2;5.83447156127111e-06
441684674;LD2;5.63073674222622e-05
441684770;LD2;7.05221610695067e-07
441684779;LD2;4.47767057780328e-05
441684792;LD2;0.000137848055306417
441684797;LD2;2.91764027483075e-05
441684857;LD2;1.80683345771206e-05
442578627;LD2;2.56077423208223e-07
442578687;LD2;1.29121451318319e-06
442578692;LD2;1.02501954196647e-05
442578705;LD2;6.60333713820898e-06
442578714;LD2;1.76099073252067e-06
442578810;LD2;3.74824351127959e-07
442578825;LD2;1.2169615948608e-05
442578855;LD2;9.02268736467215e-10
442578864;LD2;2.14009644735674e-06
442578894;LD2;1.47216488988932e-05
442578927;LD2;3.14890693269265e-07
456931176;LD2;1.16414257324309e-05
456931203;LD2;3.21589531281858e-06
456931209;LD2;7.60429529925628e-05
456931239;LD2;2.86331569706917e-05
456931247;LD2;1.64647316022349e-05
456931266;LD2;8.68181457766787e-05
456931275;LD2;7.00542767624564e-05
456931293;LD2;0.000172125492132808
456931389;LD2;3.87722821999798e-05
456931393;LD2;0.000113507164041877
456931398;LD2;0.000215049687202268
456931410;LD2;0.000210596548734104
458195302;LD2;1.1542958736826e-08
458195332;LD2;2.56211504960928e-06
458195341;LD2;9.12231623583941e-05
458195371;LD2;3.86721046235234e-07
458195491;LD2;3.71898079512994e-05
458195504;LD2;9.3166381801532e-05
458195569;LD2;3.59291523355419e-06
645837;LD2;3.70577103476599e-06
645897;LD2;4.16916825373725e-05
645903;LD2;0.000125589502573934
645917;LD2;2.05864833042105e-06
645924;LD2;0.000253239056597182
646020;LD2;1.60284651449949e-05
646074;LD2;2.01801623053325e-06
646104;LD2;1.09102228502992e-05
5818541;LD2;3.70090010892209e-06
5818574;LD2;3.32681108273535e-05
5818604;LD2;4.58878305138846e-06
5818613;LD2;3.75158525458711e-07
5818658;LD2;1.1063407180011e-05
5818754;LD2;1.97006394695434e-07
5818763;LD2;1.07801586520117e-06
5818776;LD2;5.57570527601849e-07
5818781;LD2;2.68470292006638e-05
5818841;LD2;2.31320665569588e-09
13340128;LD2;0.000212324927612844
13340158;LD2;0.000130228198978463
13340167;LD2;5.2588180999357e-06
13340197;LD2;4.9155033054065e-05
13340212;LD2;9.35111945075952e-05
13340317;LD2;1.34683689737727e-05
13340330;LD2;1.96956775464634e-05
13340395;LD2;0.000124261549977079
13349184;LD2;4.56462809304282e-05
13349199;LD2;0.000285877582157411
13349229;LD2;0.000517036399703899
13349238;LD2;0.000593608573320006
13349268;LD2;0.00013116822926103
16816567;LD2;2.66000269747051e-05
16816600;LD2;3.68279970181306e-05
16816630;LD2;8.90391946620896e-06
16816639;LD2;2.01724257843425e-05
16816669;LD2;4.16130576510149e-05
16816684;LD2;0.000100913480732528
16816780;LD2;0.000281414892018144
16816789;LD2;0.000258096019728846
16816802;LD2;3.83968384286457e-05
16816807;LD2;0.000189436896432146
16816867;LD2;5.56575559680048e-05
28210126;LD2;0.000253108067369781
28210138;LD2;5.837691151789e-06
28210143;LD2;1.05010394626133e-05
28210147;LD2;5.32924467647658e-05
28210243;LD2;3.93449373217681e-05
28210261;LD2;2.30145134841987e-05
28210270;LD2;1.56326080320835e-05
28210289;LD2;4.03652856743367e-05
28210297;LD2;2.66730975823e-05
28210327;LD2;1.71704803486134e-06
28210333;LD2;9.57072064368869e-06
28210360;LD2;8.17156508848176e-05
32917893;LD2;4.31160655135028e-06
32917956;LD2;1.27568099179981e-05
32917965;LD2;8.34984860823367e-06
32917995;LD2;3.35272918568475e-08
32918010;LD2;0.000147277293622163
32918106;LD2;3.56744212560714e-05
32918115;LD2;0.000389918328908023
32918128;LD2;4.31682716281009e-05
32918133;LD2;4.27187497421913e-05
32918193;LD2;6.35640428951344e-05
41933436;LD2;6.37280359998991e-05
41933442;LD2;7.66926147977116e-05
41933559;LD2;6.75161013462823e-06
41933613;LD2;7.93761557074524e-06
41933643;LD2;1.81513664152624e-05
50110442;LD2;0.00011961964523823
50110526;LD2;0.000118966788617663
50110643;LD2;7.22927481120189e-07
59750128;LD2;1.7459990641552e-06
59750188;LD2;8.98441770744795e-05
59750206;LD2;0.000100964653465316
59750215;LD2;0.000280953046254038
59750326;LD2;4.99493811869439e-05
59750365;LD2;2.2340817642121e-06
59750428;LD2;1.52755723346311e-07
61441796;LD2;0.000155749182070421
61441868;LD2;0.000242188580756976
61441898;LD2;4.89567231215431e-05
61441913;LD2;1.40683793638671e-05
61442018;LD2;0.000171598882564648
61442031;LD2;5.49927925016388e-05
61442096;LD2;4.87362512545168e-05
73612415;LD2;8.86927306591961e-06
73612442;LD2;2.9383990948587e-05
73612448;LD2;3.5814386160942e-05
73612478;LD2;1.32934093208931e-06
73612486;LD2;4.13904203829069e-05
73612505;LD2;0.000130929392995212
73612514;LD2;1.29902775850924e-05
73612532;LD2;3.96972692998116e-05
73612649;LD2;4.45830084242348e-07
78907842;LD2;0.000140530884592305
78907902;LD2;3.03978181176251e-05
78907907;LD2;6.86782511670923e-05
78907920;LD2;1.7807000818366e-06
78907929;LD2;4.02011566837091e-05
78908025;LD2;3.47398024747947e-05
78908040;LD2;2.34164217905079e-05
78908070;LD2;6.57157228599369e-08
78908079;LD2;1.51357318418307e-05
78908109;LD2;3.10153354868891e-08
78908142;LD2;0.000129329850174363
80237634;LD2;2.01139474441132e-07
80237664;LD2;0.000937400421591636
80237670;LD2;0.000489626425539965
80237682;LD2;4.42618858930466e-05
80237687;LD2;3.43402757481388e-05
80237691;LD2;7.70299639713009e-06
80237787;LD2;4.7672351074888e-05
80237814;LD2;0.00088571414817507
80237833;LD2;0.000116101056847978
80237841;LD2;0.000727812528342028
80237871;LD2;3.20191953750832e-05
80237877;LD2;1.9953233848148e-05
80237904;LD2;4.08730556711932e-05
82493248;LD2;1.91017346560894e-07
82493278;LD2;5.23312742587204e-06
82493332;LD2;2.98868636666869e-05
82493428;LD2;0.000156909217192229
82493437;LD2;5.85201149456468e-05
82493449;LD2;1.97288077424962e-06
82493514;LD2;0.000291335480286644
94253092;LD2;2.49907210470882e-06
94253125;LD2;2.71811197660726e-05
94253155;LD2;0.000161579084855088
94253164;LD2;8.16518930096374e-05
94253194;LD2;2.98885166035878e-05
94253209;LD2;0.000139310445830529
94253305;LD2;1.23602979260647e-06
94253314;LD2;4.25425674823882e-05
94253327;LD2;2.05291199971496e-05
94253332;LD2;0.000120279901239502
94253392;LD2;6.11090334767072e-05
99042638;LD2;4.6105472123143e-05
99042681;LD2;0.000117063406781913
99042704;LD2;0.000651535565120552
99042716;LD2;6.59925456923336e-06
99042821;LD2;0.000258670844774656
99042875;LD2;0.000117111020081281
99042905;LD2;0.000834279570189433
111147007;LD2;0.000322940536505282
111147037;LD2;2.68431277173444e-05
111147046;LD2;7.84974668383947e-05
111147091;LD2;1.79010041989327e-05
111147206;LD2;1.56664506598639e-05
111147271;LD2;1.8213949786235e-05
113803309;LD2;0.000103267508104956
113803340;LD2;8.60028147621717e-05
113803342;LD2;3.02434450194895e-06
113803370;LD2;5.0068791689605e-05
113803372;LD2;1.44925997381708e-05
113803381;LD2;0.000128038631660704
113803411;LD2;1.06272607029544e-07
113803424;LD2;4.8164258433184e-08
113803426;LD2;6.95888790953742e-06
113803514;LD2;2.65533477470607e-05
113803516;LD2;0.000125403850454546
113803535;LD2;0.000398319572572384
113803538;LD2;6.65264332466844e-05
113803541;LD2;0.000306096818072338
113803543;LD2;8.74616327064617e-05
113803601;LD2;4.31949325584616e-09
113803603;LD2;8.71904617926266e-06
123424471;LD2;7.1334551890776e-05
123424531;LD2;2.32394334710204e-05
123424537;LD2;1.79609171267639e-06
123424549;LD2;6.78347662274658e-08
123424558;LD2;1.05799333470454e-05
123424654;LD2;1.17492249999302e-07
123424708;LD2;1.6434929543548e-05
123424738;LD2;0.000289993620835678
130742888;LD2;7.48882730985976e-05
130742948;LD2;0.000123763702553546
130742954;LD2;1.91069374932772e-05
130742966;LD2;5.25714323769598e-05
130742975;LD2;0.000162557195482169
130743070;LD2;2.01822907470461e-05
130743124;LD2;2.06257476578186e-06
130743154;LD2;3.42115988879159e-05
132116061;LD2;0.000146674428967657
132116094;LD2;1.1430579127985e-05
132116124;LD2;7.17467189876285e-05
132116133;LD2;3.07143729872723e-05
132116163;LD2;1.05156579895449e-06
132116178;LD2;0.000182788002211708
132116283;LD2;3.57351200106955e-06
132116296;LD2;1.58329795885181e-05
132116301;LD2;3.27222389693705e-05
132116361;LD2;5.03234387018393e-09
139055514;LD2;3.25156972343409e-05
139055751;LD2;5.72326760826713e-06
139055781;LD2;8.69649215233207e-05
140233890;LD2;0.000152529611588723
140233908;LD2;2.72005459695877e-06
140233913;LD2;5.17576652130349e-06
140233917;LD2;0.000117555364339156
140234013;LD2;6.02801449352565e-05
140234031;LD2;1.28900524817505e-07
140234040;LD2;4.92036569782614e-07
140234059;LD2;2.79867879930098e-05
140234067;LD2;5.62934917101409e-05
140234097;LD2;2.17435367803246e-05
140234103;LD2;9.61855813523533e-06
140234130;LD2;0.000166322185017744
142459277;LD2;1.78139334475325e-05
142459337;LD2;3.77532633834328e-05
142459343;LD2;6.24670849540373e-05
142459355;LD2;3.99103459206063e-06
142459514;LD2;0.000266171941013966
152953861;LD2;0.000173418968525098
152953891;LD2;1.53538214629789e-06
152953945;LD2;1.16922574763919e-05
152954041;LD2;0.000128817759513997
152954050;LD2;3.85359873917765e-05
152954068;LD2;1.4244227579941e-05
152954128;LD2;1.11694227091986e-07
156047556;LD2;2.01083710909666e-05
156047587;LD2;2.78456774963363e-08
156047589;LD2;2.15078956931332e-07
156047599;LD2;2.38346822936964e-06
156047601;LD2;1.50044507673762e-05
156047608;LD2;3.87340033599437e-05
156047610;LD2;4.4532886541298e-06
156047617;LD2;3.31207129951375e-07
156047641;LD2;1.37067337478884e-05
156047643;LD2;1.50308346705156e-05
156047941;LD2;4.59465002361841e-06
156047944;LD2;8.8328235361399e-06
156047946;LD2;2.1915153112265e-05
156047949;LD2;2.35228327622126e-05
156047951;LD2;6.52691180985e-06
156047962;LD2;3.0576632569962e-07
156047964;LD2;2.49642102480624e-06
156047968;LD2;7.04562885861735e-08
156047970;LD2;1.08234165030103e-06
156047979;LD2;6.52424572553191e-05
156047981;LD2;0.000102271896364582
156048010;LD2;4.83585683926305e-05
156048013;LD2;3.83878212045376e-05
190090263;LD2;0.00010962624192558
190090462;LD2;5.94404232403157e-06
199852911;LD2;5.71922650761011e-06
199852944;LD2;4.44880351522531e-06
199852974;LD2;5.92239272980066e-05
199852983;LD2;9.53867464695993e-05
199853013;LD2;6.07362929698417e-06
199853028;LD2;1.89785039679517e-05
199853124;LD2;7.85853035391547e-05
199853133;LD2;0.000121809501538853
199853146;LD2;1.16718457908353e-06
199853151;LD2;0.000116809295576162
199853211;LD2;7.40878687298224e-08
217165404;LD2;6.18201255895965e-05
217165434;LD2;5.57275536053681e-05
217165488;LD2;4.4361285661505e-05
217165584;LD2;5.28692864985591e-05
217165593;LD2;7.70555647916944e-06
217165605;LD2;9.41897901304899e-05
217165671;LD2;2.32963553232993e-05
240490409;LD2;4.30829370667363e-07
240490469;LD2;7.88767863513619e-05
240490474;LD2;2.97645498342141e-05
240490487;LD2;5.31877957888515e-05
240490592;LD2;2.65051689831532e-07
240490607;LD2;7.51584121169457e-05
240490637;LD2;4.93264403466751e-06
240490646;LD2;4.25223782147462e-05
240490676;LD2;0.000138636467555744
240490709;LD2;1.55651362768896e-05
323276894;LD2;8.45695258025892e-07
323276959;LD2;4.12836973025024e-06
323276972;LD2;1.34082695990341e-05
323277077;LD2;0.000216215635157517
323277092;LD2;3.95504479238042e-06
323277122;LD2;0.000283998415865253
323277131;LD2;2.43744734560183e-07
323277161;LD2;1.54527358953885e-05
323277194;LD2;3.33176204082801e-06
329056082;LD2;5.68452630158923e-05
329056113;LD2;0.000124076140176237
329056115;LD2;1.03586653116511e-06
329056143;LD2;8.81329696898666e-06
329056145;LD2;1.80792459910742e-05
329056154;LD2;8.43480926664644e-05
329056184;LD2;2.51007655559095e-06
329056197;LD2;3.95985220188861e-05
329056199;LD2;1.28200861224742e-05
329056302;LD2;5.55064516554811e-05
329056304;LD2;1.08156980497716e-05
329056314;LD2;7.0393790964982e-05
329056317;LD2;4.72299779445964e-05
329056320;LD2;2.71781857343438e-05
329056322;LD2;6.46275520744923e-06
329056380;LD2;7.33848977788838e-07
329056382;LD2;3.68220121925074e-05
342933371;LD2;2.25127406734524e-05
342933431;LD2;2.4748771625195e-07
342933436;LD2;2.84533678471537e-07
342933449;LD2;9.54318854336766e-06
342933458;LD2;2.57249295695131e-06
342933554;LD2;1.67026115527032e-07
342933569;LD2;2.99412644017953e-05
342933599;LD2;4.78100829311116e-05
342933638;LD2;1.82423362039408e-05
342933671;LD2;2.82293348135358e-06
343975971;LD2;0.000223537016006176
343976031;LD2;4.27065038388183e-06
343976036;LD2;5.25853109228044e-05
343976049;LD2;1.22621506407641e-05
343976058;LD2;2.81061605226369e-06
343976154;LD2;0.00014190532884205
343976169;LD2;1.54871124832871e-06
343976199;LD2;2.65118861016588e-06
343976208;LD2;0.000102334567363197
343976238;LD2;3.73849270273346e-05
343976271;LD2;9.09452493472894e-06
367038113;LD2;2.83651623913286e-05
367038173;LD2;1.41311725672378e-06
367038178;LD2;0.000136713248098517
367038191;LD2;0.000114384407351424
367038200;LD2;1.33878020963883e-05
367038296;LD2;7.97451085004151e-05
367038311;LD2;4.298273646328e-05
367038341;LD2;0.000219730862674946
367038350;LD2;5.39101307250813e-05
367038380;LD2;0.000313755680403447
367038413;LD2;8.04004413021498e-05
388240927;LD2;2.53850239097769e-05
388240960;LD2;8.35883039678216e-05
388240990;LD2;1.5423082772543e-09
388240999;LD2;0.000109982211980213
388241029;LD2;7.08692276549265e-05
388241044;LD2;2.75571265065158e-06
388241140;LD2;0.000557868102791517
388241162;LD2;2.08999189277568e-08
388241167;LD2;2.0200306412022e-06
388241227;LD2;9.62597134861573e-06
421868814;LD2;6.56342425919868e-08
421868845;LD2;3.61397833072674e-05
421868847;LD2;5.02893558401557e-05
421868875;LD2;5.24462441057899e-05
421868877;LD2;6.10990336692687e-05
421868886;LD2;3.64944195030097e-05
421868929;LD2;8.43893243215577e-06
421868931;LD2;1.76827820973661e-05
421869025;LD2;3.09545006693791e-06
421869027;LD2;2.96451411366217e-06
421869034;LD2;2.28949063757926e-06
421869036;LD2;4.78082594545874e-05
421869046;LD2;2.08306745363474e-05
421869049;LD2;1.09971697301925e-05
421869052;LD2;3.51947467687102e-07
421869054;LD2;1.23208764877289e-05
421869112;LD2;3.66622122229156e-06
421869114;LD2;1.23711345246649e-05
424533856;LD2;3.97118383331809e-05
424533916;LD2;4.72117913428995e-05
424533921;LD2;9.9454194544502e-05
424533934;LD2;0.000223714677763866
424533943;LD2;5.44843170256091e-05
424534039;LD2;2.84945011386956e-05
424534054;LD2;2.10728598265967e-05
424534084;LD2;6.65766042628344e-06
424534093;LD2;3.83288927044712e-05
424534123;LD2;0.000111537621761085
424534156;LD2;8.56100054635119e-05
426952214;LD2;3.61542221473922e-05
426952274;LD2;0.000438071207335182
426952280;LD2;0.000151869451164172
426952292;LD2;1.65042384339903e-05
426952412;LD2;0.000187526819244203
426952442;LD2;0.000576124626965083
426952451;LD2;0.000101672833363387
426952481;LD2;0.000472253254982579
426952514;LD2;1.42397487340593e-05
429025231;LD2;3.71943593340504e-05
429025294;LD2;2.67246776246217e-06
429025333;LD2;0.000136292201772572
429025348;LD2;5.15125087100981e-06
439970895;LD2;2.63684545621261e-05
439970928;LD2;0.000340397799874464
439970958;LD2;0.000100620435696852
439970967;LD2;5.81838281292008e-05
439970997;LD2;4.1111500068853e-08
439971012;LD2;0.000112005636844474
439971117;LD2;1.04727145359734e-05
439971130;LD2;0.000164554232510112
439971195;LD2;9.8381209259762e-07
456299674;LD2;2.01018069778705e-07
456299707;LD2;3.74415798401946e-05
456299737;LD2;4.16783775200092e-06
456299746;LD2;0.000155260207259088
456299776;LD2;2.97169322535964e-06
456299791;LD2;1.03348486317845e-05
456299896;LD2;2.2479519428873e-07
456299909;LD2;3.94651391748323e-06
456299974;LD2;1.96929520971048e-05
457637810;LD2;0.000521201190333165
457637819;LD2;0.000193769611024843
457637828;LD2;4.1822004075339e-05
457637839;LD2;1.2201778129227e-05
457637858;LD2;3.45865198538867e-05
478882565;LD2;8.09501904309384e-07
478882630;LD2;3.76395609171146e-06
478882643;LD2;7.7197292194006e-07
478882652;LD2;4.43746995283662e-06
478882745;LD2;1.26996160179932e-06
478882760;LD2;3.20702899795543e-06
478882790;LD2;9.12034836529448e-06
478882799;LD2;2.23555992359307e-06
478882829;LD2;9.76458589424394e-05
478882862;LD2;9.18172305668171e-06
483561244;LD2;3.05514343337319e-08
483561277;LD2;0.000664722805406442
483561307;LD2;2.17440648503108e-05
483561316;LD2;1.5303490603198e-05
483561346;LD2;1.87831981915168e-05
483561361;LD2;0.000192435819262572
483561466;LD2;6.39602336399751e-07
487627549;LD2;4.39376108177918e-06
487627579;LD2;1.82649523652488e-06
487627633;LD2;1.14908433495838e-10
487627738;LD2;4.14579881462419e-05
487627816;LD2;2.93782877532353e-10
487766628;LD2;2.00334556863534e-07
487766634;LD2;9.78355458063791e-06
487766664;LD2;2.47588011367519e-07
487766672;LD2;4.94081539007549e-06
487766691;LD2;8.46848892848537e-08
487766700;LD2;6.10669555527714e-06
487766708;LD2;3.1684943449177e-05
487766718;LD2;1.10334986157604e-07
487766814;LD2;2.10580505068854e-06
487766823;LD2;1.1254737714398e-06
487766835;LD2;2.1616561577917e-05
487766841;LD2;4.03938932806107e-06
491968473;LD2;2.71671985380263e-05
491968506;LD2;1.60485644479914e-05
491968536;LD2;6.69699207018995e-05
491968545;LD2;0.000130199816656326
491968575;LD2;1.76599177135609e-05
491968590;LD2;3.43441874295894e-05
491968686;LD2;0.000185954795782542
491968695;LD2;0.000105392945374065
491968708;LD2;4.63242796538622e-05
491968713;LD2;5.1974345087641e-05
491968773;LD2;4.36492860951383e-05
498849575;LD2;1.54557729593838e-05
498849605;LD2;0.000104225950952088
498849611;LD2;3.13178437582628e-05
498849623;LD2;4.61591660352042e-05
498849628;LD2;1.08561848069651e-05
498849632;LD2;8.87033936927102e-05
498849728;LD2;2.40865096584456e-05
498849746;LD2;1.02719686330939e-05
498849755;LD2;1.62776358049167e-07
498849774;LD2;9.73808835326258e-06
498849782;LD2;4.99465795945795e-06
498849812;LD2;6.66330405479444e-05
498849818;LD2;1.19016039768714e-06
498849845;LD2;2.78335909119579e-05
499287559;LD2;2.35532560452069e-07
499287592;LD2;1.08974186391269e-05
499287622;LD2;3.10376092512124e-05
499287631;LD2;1.71888896533035e-05
499287661;LD2;7.47418103417043e-08
499287676;LD2;8.25425487237232e-06
499287772;LD2;3.25382917406053e-06
499287781;LD2;7.18994627705925e-06
499287794;LD2;8.39222350315363e-06
499287799;LD2;1.90971975659355e-06
499287859;LD2;2.79058519536065e-06
510389445;LD2;3.27717916823926e-05
510389505;LD2;0.000279583117573447
510389510;LD2;8.84751455984502e-05
510389523;LD2;2.83974847057174e-05
510389628;LD2;0.000193507802257961
510389643;LD2;1.59407115857452e-06
510389673;LD2;0.00011388838815586
510389682;LD2;0.000264863176675446
510389712;LD2;0.000141387263598795
510389745;LD2;0.000225204796900639
515515012;LD2;1.07392862806275e-05
515515045;LD2;1.05683985470478e-05
515515075;LD2;1.71015886978196e-07
515515084;LD2;3.17116308022026e-05
515515114;LD2;2.42021913715268e-07
515515129;LD2;2.47981981355533e-06
515515234;LD2;3.8839261737428e-05
515515247;LD2;8.30449799571772e-05
515515252;LD2;3.85765281119036e-05
515515312;LD2;4.4879920427998e-05
1172172;LD2;1.33206482921548e-05
1172205;LD2;9.90280462493162e-08
1172235;LD2;1.37078473031658e-05
1172244;LD2;4.81394691488031e-06
1172289;LD2;6.21193252876812e-06
1172385;LD2;7.2415516398787e-06
1172394;LD2;1.20291964792073e-06
1172407;LD2;1.552620283518e-05
1172412;LD2;5.23290265296524e-06
1172472;LD2;4.2466656612553e-05
4744282;LD2;0.000179355392656164
4744348;LD2;0.000603255959362186
4744360;LD2;6.56089777916247e-05
4744369;LD2;0.000189878164471786
4744465;LD2;0.000121473832082683
4744519;LD2;1.57792276995818e-06
4744549;LD2;3.63219146126124e-07
5447856;LD2;1.16672384520136e-05
5447916;LD2;9.70432791695768e-06
5447921;LD2;8.01168968772097e-07
5447934;LD2;2.18822121962573e-05
5447943;LD2;1.85055124935273e-05
5448054;LD2;2.64618229066193e-06
5448084;LD2;0.000278206440673635
5448123;LD2;2.45551115776185e-05
5448156;LD2;0.000238419823039105
14510543;LD2;2.03491662134396e-05
14510576;LD2;0.00028532213280083
14510606;LD2;1.49568284565044e-07
14510615;LD2;4.21617098680126e-06
14510645;LD2;0.000190913354216337
14510756;LD2;0.000172282058925123
14510765;LD2;2.7960659871719e-08
14510778;LD2;0.000430389285533964
14510783;LD2;7.09807948109709e-05
14510843;LD2;2.70894065611326e-05
14634423;LD2;2.67927487074926e-05
14634483;LD2;0.000106581317606111
14634489;LD2;0.000234759759591572
14634510;LD2;2.23013369195982e-05
14634606;LD2;0.000147534733233913
20522564;LD2;1.10547057693366e-05
20522624;LD2;6.62907258224465e-05
20522642;LD2;1.10130028936319e-05
20522651;LD2;4.46746299921752e-05
20522762;LD2;0.00011817340934066
20522792;LD2;4.47161376784782e-05
20522801;LD2;1.77320796687442e-05
20522831;LD2;2.41045683228186e-05
20522864;LD2;2.47455316295037e-05
24612225;LD2;0.000118860687304176
24612258;LD2;1.95204694819789e-05
24612288;LD2;5.66112826075605e-06
24612297;LD2;4.93567012676027e-05
24612327;LD2;9.565220970286e-05
24612342;LD2;2.3979309129753e-05
24612438;LD2;7.2343346398388e-05
24612447;LD2;0.000106689576107925
24612460;LD2;0.000104233293889807
24612465;LD2;0.000309179559364994
24612525;LD2;4.87337808544225e-06
48075202;LD2;1.33124747548683e-05
48075232;LD2;3.72414349549427e-06
48075286;LD2;8.65620284253867e-05
48075376;LD2;4.73844978803029e-06
48075391;LD2;0.000299436858727315
48075403;LD2;0.000167769927721827
48075409;LD2;0.000157592791557908
48075469;LD2;3.88043244834953e-05
50617055;LD2;7.85794398859489e-09
50617115;LD2;2.9534595630705e-06
50617120;LD2;5.57654370337971e-05
50617133;LD2;2.13168223646501e-06
50617142;LD2;0.000166520991957768
50617238;LD2;2.98104402064219e-06
50617253;LD2;0.000225427446295183
50617283;LD2;6.18985364723471e-05
50617292;LD2;1.37020156539095e-07
50617322;LD2;0.000215244511405343
50617355;LD2;0.000297200609127626
64936379;LD2;0.000218446136846451
64936412;LD2;6.10665601386777e-07
64936442;LD2;0.000113948223013724
64936451;LD2;0.000103432256296427
64936481;LD2;0.000216830742869265
64936496;LD2;4.5652039777563e-06
64936586;LD2;0.00030668448500276
64936592;LD2;3.94795797717132e-06
64936601;LD2;2.70923534587245e-05
64936614;LD2;4.13403404281774e-06
64936619;LD2;1.85471132992202e-06
64936679;LD2;0.000137566790064222
70482910;LD2;1.05626804731366e-05
70482940;LD2;1.88993082951838e-07
70482949;LD2;0.000223452011530774
70482962;LD2;0.000325464351256987
70482994;LD2;0.00120156470782023
70483112;LD2;0.00111769564654626
70483134;LD2;0.000244114127307557
76697995;LD2;3.8456417009328e-05
76698028;LD2;3.23626457897386e-05
76698067;LD2;8.77087153860369e-05
76698097;LD2;9.2998060596776e-09
76698112;LD2;1.7148701663492e-06
76698208;LD2;3.32490422667147e-06
76698217;LD2;2.79082803469441e-06
76698230;LD2;2.038822199962e-06
76698235;LD2;2.97170227632013e-06
76698295;LD2;2.96528540461653e-05
90103259;LD2;4.98288922397444e-06
90103324;LD2;7.51908818669583e-05
90103337;LD2;2.21863280004201e-05
90103346;LD2;1.81725594666843e-05
90103442;LD2;6.90526058161839e-05
90103457;LD2;5.20021490868821e-07
90103487;LD2;2.81937625096027e-05
90103496;LD2;1.7672438144735e-05
90103526;LD2;5.95568382045029e-06
90103559;LD2;1.08183484105776e-09
92484924;LD2;5.2429582703452e-05
92484989;LD2;0.000270363677442142
92485002;LD2;1.6979392616911e-05
92485011;LD2;2.96472174535822e-05
92485107;LD2;2.27919159782229e-05
92485152;LD2;8.01866903107053e-06
92485161;LD2;2.58139204588756e-05
92485191;LD2;3.5514684652853e-05
92485224;LD2;1.6587999491059e-05
92904997;LD2;0.000463614562578768
92905030;LD2;0.000724455289652348
92905060;LD2;7.30455614878098e-06
92905069;LD2;0.00108159394664814
92905099;LD2;0.000105340796903848
92905114;LD2;1.22840712941219e-06
92905231;LD2;1.87794522978572e-05
92905237;LD2;5.67561626730188e-05
100893573;LD2;0.000125894483126172
100893606;LD2;1.8713435087322e-06
100893636;LD2;5.19639652652168e-10
100893645;LD2;1.52522676299837e-05
100893675;LD2;1.93047974548349e-06
100893690;LD2;3.9791828382528e-05
100893786;LD2;0.000241490538126299
100893795;LD2;8.12608203594284e-05
100893808;LD2;0.000668548024769765
100893873;LD2;6.10315686907144e-05
101444681;LD2;7.94983287168822e-06
101444741;LD2;3.25295909431659e-05
101444747;LD2;1.93333137165643e-07
101444918;LD2;0.000263741807067804
104408285;LD2;1.29541047857165e-05
104408345;LD2;0.000246891169294916
104408350;LD2;1.00040543847718e-08
104408363;LD2;2.25905006396287e-06
104408372;LD2;1.22075152414766e-05
104408468;LD2;1.60008067222424e-05
104408483;LD2;0.000248861385600466
104408513;LD2;0.00018680253612301
104408522;LD2;0.000216829253680268
104408552;LD2;5.87326089860054e-05
104408585;LD2;5.36854984132326e-05
104976365;LD2;5.91166072935385e-05
104976398;LD2;0.000207544348764471
104976428;LD2;0.000676010399073804
104976437;LD2;0.000186820340415655
104976467;LD2;0.000712586552297374
104976482;LD2;4.34621038918913e-10
104976578;LD2;2.77509152531198e-06
104976587;LD2;6.67810172750328e-07
104976600;LD2;0.000273405687823869
104976605;LD2;0.000215153142378658
104976665;LD2;7.25432641590194e-06
110391135;LD2;2.47752944752043e-07
110391222;LD2;2.8213674989384e-05
110391318;LD2;0.000350203199806445
110391333;LD2;0.000629593746710667
110391363;LD2;0.000206807023937645
110391435;LD2;0.000511558086903736
111427292;LD2;3.73346821236972e-05
111427325;LD2;0.00021332415228862
111427364;LD2;5.20901559267849e-05
111427394;LD2;0.000639352510095809
111427409;LD2;4.37777068881473e-06
111427505;LD2;3.46484355364309e-05
111427514;LD2;0.000428314804374436
111427527;LD2;7.43806619530178e-05
111427532;LD2;1.60511946806907e-05
114139960;LD2;9.58628373444452e-05
114139993;LD2;6.60803332764017e-05
114140023;LD2;4.90171781913889e-05
114140032;LD2;7.36948953573439e-05
114140062;LD2;0.000108019185465025
114140077;LD2;1.85239665128062e-05
114140173;LD2;2.82735041403983e-08
114140182;LD2;7.6476193427112e-05
114140195;LD2;9.35628339466379e-06
114140200;LD2;1.93048287171434e-06
114140260;LD2;2.97394387778687e-05
117878003;LD2;1.57418412152778e-05
117878063;LD2;5.55414603580536e-05
117878068;LD2;6.16878740728525e-07
117878186;LD2;3.73853174926482e-05
117878201;LD2;7.83664479177335e-05
117878231;LD2;1.37873138106049e-05
117878240;LD2;3.23724249665982e-05
117878270;LD2;8.62568589412975e-06
117878303;LD2;8.45769377683024e-05
128970977;LD2;5.13948145855042e-05
128971037;LD2;5.23919069742894e-05
128971042;LD2;0.000344510425409503
128971055;LD2;3.27096465293172e-05
128971064;LD2;3.93462798802308e-05
128971160;LD2;2.17565312776321e-05
128971175;LD2;0.000102874411735598
128971205;LD2;2.99641664866017e-05
128971214;LD2;7.2599621770514e-05
128971244;LD2;5.28851950512276e-05
128971277;LD2;0.000209308170030763
130705362;LD2;4.51007504101844e-05
130705427;LD2;0.00018766389995263
130705440;LD2;0.000190748666930407
130705545;LD2;2.46395392925616e-06
130705560;LD2;0.000233160156689346
130705590;LD2;0.00023635157553502
130705599;LD2;1.04631857848534e-06
130705629;LD2;1.49932673656544e-06
130705662;LD2;0.000312568576092214
137216478;LD2;1.6473229378141e-06
137216538;LD2;0.000194174797381333
137216543;LD2;6.98878605887978e-05
137216556;LD2;0.000477563567518641
137216565;LD2;5.59299999890428e-05
137216661;LD2;0.000195530557521253
137216676;LD2;0.000236181662105931
137216706;LD2;3.27635180400601e-05
137216715;LD2;3.57166867202809e-07
137216745;LD2;9.21686963050783e-06
137216778;LD2;5.80738720199492e-05
142375339;LD2;0.000959380023690269
142375399;LD2;1.03097264242362e-05
142375404;LD2;4.38111809769182e-05
142375417;LD2;0.000206490557431297
142375426;LD2;1.40316726019879e-05
142375522;LD2;0.000283954788813384
142375537;LD2;5.39318453988775e-05
142375567;LD2;0.000110583402850961
142375576;LD2;9.75178976972785e-05
142375606;LD2;0.000244434940889143
142375639;LD2;0.00114184091732942
147156813;LD2;6.30373109204321e-05
147156873;LD2;9.26741181617184e-05
147156878;LD2;0.000207878764041942
147156891;LD2;1.03141109251327e-05
147156900;LD2;8.26793975543937e-05
147156996;LD2;2.11295952879992e-06
147157011;LD2;5.65735778105066e-05
147157041;LD2;5.3248470861584e-05
147157050;LD2;8.05598643167221e-07
147157080;LD2;3.51229574067088e-06
147157113;LD2;0.000116251863779767
150227514;LD2;2.71809659975871e-06
150227519;LD2;0.000197927172895248
150227541;LD2;3.16532503329585e-06
150227637;LD2;9.23314230952465e-05
150227652;LD2;0.000100447721482911
150227682;LD2;1.36283351784713e-06
150227691;LD2;5.45127402233652e-05
150227721;LD2;4.18161081970925e-07
150227754;LD2;9.08791342382726e-05
156914771;LD2;0.000111114693108043
156914804;LD2;7.10201927447148e-05
164390337;LD2;8.84133600493904e-05
164390367;LD2;6.75870694457035e-05
164390421;LD2;0.00037201303444581
164390517;LD2;0.000455760383827464
164390526;LD2;2.48201955048457e-05
164390538;LD2;8.56589466961186e-05
164390544;LD2;0.000288589016817018
164390604;LD2;0.000518232514270332
170121594;LD2;0.000234709388635133
170121678;LD2;0.0002725275501508
170121774;LD2;2.66129005492828e-06
170121783;LD2;3.97723436099408e-06
170121795;LD2;2.30110149686711e-07
170121801;LD2;0.000308658780858215
170121861;LD2;9.5857217244151e-05
171513646;LD2;2.92205147997146e-05
171513706;LD2;1.8055550441191e-05
171513711;LD2;3.87156353527902e-05
171513724;LD2;2.91731697135121e-05
171513733;LD2;3.83150541124826e-06
171513829;LD2;0.000108217843937464
171513874;LD2;1.25641692784675e-05
171513883;LD2;3.11871425770503e-05
171513913;LD2;6.81531721630441e-05
171513946;LD2;8.16633577535636e-05
177997237;LD2;9.15392742567315e-05
177997303;LD2;6.93127315711207e-05
177997315;LD2;2.00619668836433e-05
177997324;LD2;7.72553965465919e-06
177997420;LD2;3.16053854410786e-05
177997474;LD2;3.28546460832814e-07
177997504;LD2;2.90192914722349e-06
180592370;LD2;4.84984838638785e-07
180592430;LD2;0.000301953766477154
180592435;LD2;5.9081560116224e-06
180592448;LD2;0.000166932258385546
180592457;LD2;2.1158067017112e-05
180592553;LD2;1.51434909944385e-05
180592568;LD2;3.01528624076019e-05
180592598;LD2;2.44636935097686e-06
180592607;LD2;5.14948326347611e-06
180592637;LD2;6.14956402938243e-06
180592670;LD2;9.9073906462419e-07
183368910;LD2;6.5870412950341e-05
183368970;LD2;5.65837693918769e-05
183368976;LD2;7.86681715320702e-05
183368997;LD2;5.72608938725812e-06
183369003;LD2;7.55876019673362e-05
183369147;LD2;3.95110569441468e-10
183369177;LD2;0.000240180567320165
185426227;LD2;0.000178567041101967
185426257;LD2;9.39344065922931e-05
185426287;LD2;4.53411191769888e-05
185426292;LD2;0.000204829000180677
185426305;LD2;1.96054218743445e-08
185426314;LD2;1.61668895707729e-06
185426410;LD2;1.36536205451849e-05
185426425;LD2;0.000159831791539809
185426455;LD2;9.23894662883543e-06
185426464;LD2;6.24663856793863e-05
185426494;LD2;5.89103529936679e-06
185426527;LD2;4.82038836389232e-05
190597153;LD2;0.000242355682374411
190597216;LD2;0.000175219991529528
190597225;LD2;7.78129714694233e-06
190597255;LD2;0.000212896538253674
190597270;LD2;8.27871433554539e-07
190597366;LD2;0.000422747877251127
190597375;LD2;0.000736228066091384
190597388;LD2;0.000169312458272156
190597393;LD2;0.000114420437200249
190597453;LD2;0.00105229476654081
196926454;LD2;9.32290329130307e-05
196926514;LD2;7.7490703876254e-08
196926520;LD2;2.0778664685458e-05
196926532;LD2;8.86337109478904e-06
196926541;LD2;1.1023539299221e-07
196926637;LD2;1.00459996131842e-05
196926721;LD2;2.12114471267791e-06
198760743;LD2;1.37029733386271e-06
198760803;LD2;0.000178380373220177
198760808;LD2;4.50486633173021e-08
198760821;LD2;0.000245373722858005
198760830;LD2;0.000485855406121201
198760836;LD2;6.11031880859996e-05
198760926;LD2;0.000311160736772522
198760941;LD2;0.000137608079095026
198760971;LD2;9.3244364668491e-05
198760980;LD2;8.73910232765467e-06
198761010;LD2;0.00010379534489006
198761043;LD2;0.000448003884383301
198805127;LD2;0.000234664947083613
198805160;LD2;3.50204991642022e-06
198805190;LD2;2.90907809694148e-05
198805199;LD2;0.00019340024827963
198805229;LD2;1.19364120488714e-05
198805244;LD2;2.9332016520316e-07
198805340;LD2;4.76244088447701e-05
198805349;LD2;6.30547422469189e-05
198805362;LD2;1.66259503875559e-06
198805367;LD2;2.27669201704491e-06
198805427;LD2;6.23002074819594e-07
202165216;LD2;3.07636285881517e-06
202165281;LD2;0.000110201069625834
202165294;LD2;7.35272663839547e-05
202165303;LD2;1.73179750973978e-05
202165399;LD2;2.21377534818626e-06
202165414;LD2;3.29570198183831e-05
202165444;LD2;1.26107794525819e-05
202165453;LD2;5.38379895972868e-05
202165483;LD2;2.03645866217009e-06
202165516;LD2;2.36634868908771e-05
205409074;LD2;1.21895084759412e-05
205409107;LD2;0.00024104900849472
205409146;LD2;1.21063767643239e-06
205409176;LD2;0.000508497912189365
205409191;LD2;0.000285513472975109
205409296;LD2;0.000406675456012246
206543295;LD2;3.9795902178809e-08
206543328;LD2;1.48186907711886e-06
206543358;LD2;4.28405570496527e-05
206543367;LD2;4.56949112159516e-06
206543397;LD2;1.52647543693541e-06
206543412;LD2;1.30353705524882e-05
206543508;LD2;1.72804266226544e-09
206543517;LD2;1.20231976230436e-05
206543530;LD2;1.74428678161479e-05
206543535;LD2;5.16210339003818e-05
206543595;LD2;1.23081088853486e-08
208208475;LD2;0.00042374395671183
208208562;LD2;0.000293469452200617
208208658;LD2;0.000104231931565384
208208673;LD2;0.00115446845094748
208208703;LD2;0.000129445664782787
208208712;LD2;0.000232133821046234
208208742;LD2;5.12764809484821e-05
210349117;LD2;1.53903547465916e-07
210349177;LD2;7.8610492622582e-06
210349182;LD2;1.29708503995098e-05
210349195;LD2;0.0002413863229957
210349204;LD2;1.21236942343398e-05
210349300;LD2;8.94146606695419e-05
210349315;LD2;6.143220311663e-05
210349345;LD2;2.89524937005674e-05
210349354;LD2;2.39830895730672e-05
210349384;LD2;0.000139574717551669
210349417;LD2;9.40659624680932e-05
214937585;LD2;4.00483964544049e-06
214937645;LD2;3.04223524441237e-05
214937650;LD2;3.18281735413945e-05
214937663;LD2;1.44333431523224e-05
214937672;LD2;4.52250596725645e-06
214937783;LD2;1.73159431923132e-05
214937813;LD2;3.07310434287073e-06
214937822;LD2;2.14831289953034e-05
214937852;LD2;1.36847653797767e-05
214937885;LD2;1.91732951305402e-05
215177019;LD2;0.000518015705518632
215177079;LD2;2.23791777629378e-05
215177084;LD2;3.39030723126605e-05
215177097;LD2;9.01919543438424e-06
215177106;LD2;0.000467866728536579
215177202;LD2;3.33037995736902e-06
215177217;LD2;0.000556046526594738
215177247;LD2;0.000117036036741894
215177256;LD2;1.02796646736478e-07
215177286;LD2;3.13126934063817e-06
215177319;LD2;5.24260532609873e-05
215873510;LD2;7.09979006646804e-06
215873570;LD2;0.000177057283609577
215873575;LD2;9.77436447362337e-05
215873597;LD2;0.000160257868030617
215873603;LD2;8.41471154893088e-07
215873693;LD2;6.97236512739534e-06
215873708;LD2;4.55997064301707e-05
215873738;LD2;0.000161401612991333
215873747;LD2;5.37637858329297e-06
215873777;LD2;2.67968023478693e-05
215873810;LD2;6.53138054993515e-05
215998970;LD2;0.000252987684761181
215999000;LD2;0.00065611638012544
215999054;LD2;2.6747644402619e-05
215999159;LD2;0.000625434952643164
215999171;LD2;0.000214113789884618
215999177;LD2;0.000141700313122703
219743819;LD2;6.78278931360995e-05
219743879;LD2;0.00130940188630226
219743884;LD2;0.000152934339431271
219744002;LD2;0.000306037364336713
219744017;LD2;4.13523699028593e-05
219744047;LD2;0.000764745964088473
219744056;LD2;2.90399454543197e-06
219744086;LD2;2.50899230275531e-05
219744119;LD2;8.7571242314689e-05
221139051;LD2;7.61688987901249e-06
221139084;LD2;2.18891710667902e-06
221139114;LD2;1.1920898550931e-05
221139123;LD2;2.24399264277239e-05
221139168;LD2;1.26729952693238e-05
221139264;LD2;0.000151655406850452
221139273;LD2;9.93937413689409e-07
221139286;LD2;2.22198851171199e-05
221139351;LD2;3.10754554688544e-05
222712867;LD2;1.04476247272227e-05
222712900;LD2;7.66663916031535e-06
222712930;LD2;0.000741665376865198
222712939;LD2;0.000143524543610899
222712969;LD2;0.000455137766081485
222712984;LD2;7.96264308934807e-10
222713080;LD2;1.39637937645977e-05
222713089;LD2;6.30634753733452e-06
222713102;LD2;2.34804765654709e-05
222713107;LD2;3.15092138317814e-07
222713167;LD2;0.000140631472260929
225844543;LD2;4.61708960757318e-05
225844603;LD2;1.44117296945832e-06
225844609;LD2;2.20350212876162e-05
225844621;LD2;5.5840276440911e-05
225844726;LD2;2.96463164833742e-08
225844810;LD2;8.06727409177617e-05
231466817;LD2;0.000781300582408681
231466832;LD2;2.0242465221556e-05
232353033;LD2;5.93886077349119e-05
232353093;LD2;3.7059528179392e-05
232353098;LD2;2.79109397708066e-05
232353111;LD2;0.000133368981597784
232353120;LD2;0.000434252150357776
232353216;LD2;0.000107734083234356
232353231;LD2;1.30725903447297e-06
232353261;LD2;4.54869519148847e-05
232353270;LD2;0.000102114203787793
232353300;LD2;0.000285380509939442
232353333;LD2;0.000924137357366941
234475615;LD2;0.000128944033240897
234475680;LD2;7.23557944420337e-06
234475693;LD2;4.08259278393831e-06
234475702;LD2;4.49664704990197e-05
234475798;LD2;2.26014570514146e-05
234475813;LD2;7.73371484586469e-05
234475843;LD2;0.000427267145682282
234475852;LD2;3.03538388535079e-05
234475882;LD2;2.06258662574023e-06
234475915;LD2;0.000317378704021282
234548643;LD2;7.61848533490794e-05
234548655;LD2;1.84986117954209e-05
234548664;LD2;0.000237820458076882
234548760;LD2;0.000288988534421073
234548844;LD2;3.67874254766667e-05
236295742;LD2;1.16100952393345e-05
236295802;LD2;8.07070272772982e-05
236295807;LD2;1.62910969393656e-05
236295820;LD2;2.64069062254616e-05
236295829;LD2;1.21419366993574e-07
236295925;LD2;1.39055942007645e-07
236295940;LD2;2.32083756367196e-05
236295970;LD2;5.18321577646678e-06
236295979;LD2;1.20849220893046e-06
236296009;LD2;3.29834340873289e-07
236296042;LD2;1.87749375265753e-05
240026714;LD2;5.51912188540921e-07
240026717;LD2;0.000570863203607364
240026722;LD2;6.69100556988911e-08
240026734;LD2;1.77846388131375e-06
240026742;LD2;6.31372976871169e-07
247457396;LD2;4.3963854950217e-06
247457398;LD2;4.13121260315562e-07
247457456;LD2;2.03489533912739e-06
247457458;LD2;4.11343168600534e-05
247457461;LD2;3.22384106509408e-07
247457464;LD2;0.000183966559699446
247457467;LD2;1.49442929907541e-07
247457474;LD2;3.80788670099451e-06
247457476;LD2;3.28793186751329e-05
247457483;LD2;1.62812761853677e-05
247457485;LD2;1.45162687122065e-06
247457579;LD2;1.59233463108974e-06
247457581;LD2;8.88955546255946e-05
247457594;LD2;6.09486684722905e-07
247457624;LD2;1.17388174616383e-07
247457633;LD2;1.23148550334848e-05
247457663;LD2;2.23571792710085e-06
247457665;LD2;2.01732548320412e-06
247457696;LD2;1.30337137336421e-06
249195510;LD2;1.18420592837531e-06
249195543;LD2;1.37767079436092e-05
249195573;LD2;0.000147354432853057
249195582;LD2;0.000111814855978955
249195587;LD2;0.000105577702146313
249195612;LD2;3.89981413675195e-05
249195627;LD2;8.6921114448479e-06
249195723;LD2;6.05335862492959e-05
249195732;LD2;8.69443053800245e-05
249195745;LD2;4.53196419936327e-06
249195750;LD2;0.000441359483165356
249195810;LD2;8.88446764142824e-06
249286071;LD2;1.25497677411915e-05
249286104;LD2;8.17778672804854e-06
249286134;LD2;2.23921133182273e-05
249286143;LD2;3.94629243885111e-06
249286173;LD2;1.76018493899451e-05
249286188;LD2;8.66354009880078e-06
249286278;LD2;0.000164055302473669
249286284;LD2;1.54213395677461e-06
249286293;LD2;6.68195429202066e-05
249286306;LD2;1.94819206230181e-05
249286311;LD2;2.03092126130229e-06
249286371;LD2;4.72466273900913e-06
250291277;LD2;2.63217723805532e-06
250291283;LD2;2.86752155144629e-05
250291295;LD2;1.75338662159106e-05
250291400;LD2;1.70940425605696e-06
250291454;LD2;1.86590675306173e-05
260815478;LD2;0.000383515257782296
260815538;LD2;2.17799256156195e-05
260815544;LD2;0.000113103422565145
260815556;LD2;4.16555560000775e-07
260815565;LD2;6.84769743441482e-05
260815661;LD2;0.000109143379645329
260815715;LD2;5.58596425883733e-08
260815745;LD2;1.01884078291419e-05
263737856;LD2;9.59695931073878e-05
263737889;LD2;2.28887080546536e-06
263737919;LD2;3.86639639819333e-05
263737928;LD2;1.91433113119014e-05
263737958;LD2;0.000212860237857353
263737973;LD2;1.20272892839758e-06
263738069;LD2;9.2745191225146e-05
263738091;LD2;3.23991757332138e-05
263738096;LD2;8.04170589408621e-05
263738156;LD2;4.3086689916882e-05
264017685;LD2;1.35133815756109e-05
264017687;LD2;4.42892428389122e-06
264017696;LD2;0.00149631282793709
264017726;LD2;0.000686012705693593
264017739;LD2;6.66807837768502e-05
264017741;LD2;0.000196328587946359
264017844;LD2;0.000160526622076526
264017846;LD2;0.000446360925958787
264017856;LD2;6.30251776872109e-05
264017858;LD2;0.000504067459557659
264017922;LD2;8.77768954503464e-05
264017924;LD2;8.15352876950262e-07
264189191;LD2;0.000166826201530586
264189224;LD2;5.36961758443658e-06
264189254;LD2;1.46968807752647e-05
264189263;LD2;0.0001569434891374
264189293;LD2;1.70924212622879e-06
264189308;LD2;3.86188190950297e-06
264189426;LD2;2.47213913763735e-05
264189431;LD2;0.000541887873566864
264189491;LD2;1.23364105641165e-05
266835768;LD2;0.000163916673197819
266835828;LD2;0.000200901962324674
266835834;LD2;1.50836047973804e-05
266835846;LD2;0.000165001219925907
266835951;LD2;3.59105865561009e-05
266836005;LD2;5.40916066172117e-05
266836035;LD2;1.52865653976706e-07
267246877;LD2;1.62687717748149e-05
267246937;LD2;0.000165294088901646
267246943;LD2;9.35945758189789e-05
267246964;LD2;6.52463779322095e-05
267247060;LD2;4.26244437297965e-05
267247114;LD2;0.000168630583083506
267247144;LD2;1.40277271461347e-05
269022906;LD2;4.95207061819172e-08
269022972;LD2;1.34706962891076e-05
269022984;LD2;0.000107470643638377
269023089;LD2;1.30169081379469e-05
269023143;LD2;4.16127631554008e-05
269023173;LD2;0.000154469548544077
272804573;LD2;3.17997783428328e-06
272804636;LD2;2.00302188581201e-05
272804645;LD2;2.45384453288167e-05
272804675;LD2;9.66103333586227e-05
272804690;LD2;1.75403738839085e-05
272804786;LD2;6.55028149294215e-05
272804795;LD2;5.89325744258681e-06
272804808;LD2;0.000277147030319931
274367861;LD2;8.68214343810597e-05
274367933;LD2;4.08809652230332e-05
274367963;LD2;3.35315114637464e-05
274368083;LD2;4.49647524018762e-06
274368161;LD2;1.07703604260041e-06
274749315;LD2;9.84967447331716e-07
274749375;LD2;4.99052916134265e-13
274749381;LD2;1.52565315338601e-05
274749393;LD2;3.04101923158581e-06
274749402;LD2;7.84691013364716e-07
274749498;LD2;2.78578409440487e-06
274749582;LD2;1.40564678404392e-05
276746640;LD2;2.36580818419998e-05
276746673;LD2;7.68334904961578e-06
276746703;LD2;1.18833963294483e-05
276746712;LD2;3.08830107912135e-05
276746742;LD2;2.60192136625438e-05
276746757;LD2;4.72458462595548e-06
276746847;LD2;2.42325014533228e-06
276746853;LD2;7.69576148382152e-05
276746862;LD2;3.77849173672341e-06
276746875;LD2;1.78665250979139e-05
276746880;LD2;2.31525150931469e-05
276746940;LD2;5.43589780019063e-05
277483966;LD2;2.73002482674725e-05
277484026;LD2;5.61886005874161e-07
277484031;LD2;0.000111621340383835
277484044;LD2;4.8275035308013e-05
277484053;LD2;1.23592085267322e-05
277484149;LD2;2.19231722488714e-06
277484164;LD2;2.65330398073345e-05
277484194;LD2;9.97832167638817e-05
277484203;LD2;1.52780880933058e-05
277484233;LD2;2.58287291849521e-06
277484266;LD2;9.55625636885571e-06
277787380;LD2;1.8203780199369e-05
277787440;LD2;0.000148633954462382
277787445;LD2;3.55795144088913e-05
277787467;LD2;2.1710794508769e-05
277787563;LD2;5.10683625087745e-05
277787578;LD2;6.48299463950852e-05
277787608;LD2;3.01274222608825e-05
277787617;LD2;4.21941574680041e-06
277787647;LD2;0.000502055058950154
278492976;LD2;0.000176486885017042
278492995;LD2;1.43095287374653e-05
278493130;LD2;1.19320371677372e-06
278493195;LD2;0.000106712091953608
282542827;LD2;7.61978174991158e-05
282542860;LD2;7.98206617066058e-06
282542899;LD2;3.79181528651472e-06
282542929;LD2;9.75164697812242e-05
282542944;LD2;7.98413189857419e-07
282543040;LD2;6.975173802637e-05
282543049;LD2;0.000235322793243691
282543062;LD2;6.29117496064794e-05
282543127;LD2;0.000279802436398113
283507983;LD2;7.47531987110116e-05
283508016;LD2;0.000167482341221165
283508046;LD2;0.000124623457965388
283508055;LD2;4.42089478537748e-06
283508085;LD2;0.000528834089709267
283508100;LD2;0.000225999041297703
283508196;LD2;5.47101277721748e-06
283508205;LD2;0.00053870316969041
283508218;LD2;9.47866461121907e-07
283508223;LD2;0.000172420077651725
283508283;LD2;1.02541525468326e-06
286621173;LD2;6.09258970668551e-05
286621291;LD2;7.21542397740159e-05
286621345;LD2;1.57355597586198e-06
286621375;LD2;0.000233012107095977
286621408;LD2;3.35277136028174e-06
286732715;LD2;7.21428920409134e-06
286732775;LD2;1.88850607973633e-05
286732780;LD2;3.20263462195064e-06
286732793;LD2;0.000228883952168467
286732802;LD2;8.80450852796229e-05
286732898;LD2;2.83679938605098e-06
286732913;LD2;0.000119914267343722
286732943;LD2;6.67659962489066e-06
286732952;LD2;9.02307082881485e-05
286732982;LD2;2.44960475252828e-08
286733015;LD2;1.81536194459467e-05
287435887;LD2;5.35113354736035e-06
287435947;LD2;2.17198400667611e-06
287435953;LD2;4.02781523982705e-07
287435965;LD2;3.08157829515336e-07
287435974;LD2;2.73743990539773e-05
287436070;LD2;6.1598977944924e-06
287711226;LD2;3.24543217078509e-05
287711286;LD2;4.93505282500086e-06
287711291;LD2;4.81404569495219e-05
287711304;LD2;6.36058337028331e-05
287711313;LD2;1.07393213947672e-05
287711409;LD2;0.000187964182624568
287711424;LD2;9.16970016253986e-05
287711454;LD2;2.08199493055086e-05
287711463;LD2;2.19774688967522e-05
287711493;LD2;8.88134698761897e-06
287711510;LD2;8.74344442051954e-05
287711526;LD2;0.000150311507619978
289162619;LD2;1.02636465844507e-07
289162703;LD2;1.85491197473114e-05
289162799;LD2;0.000290220238675557
289162808;LD2;1.85597272838579e-07
289162820;LD2;1.36848684688357e-05
289162826;LD2;6.21139700437142e-05
289162886;LD2;3.98584071790462e-05
291018383;LD2;3.64213842605884e-05
291018443;LD2;2.00070327636021e-07
291018461;LD2;1.05922358085991e-07
291018566;LD2;9.03757023724919e-05
291018581;LD2;2.24088944302899e-05
291018611;LD2;0.000116010869216864
291018620;LD2;4.37078188456097e-06
291018650;LD2;0.000135595010114951
291018683;LD2;3.11182624646543e-05
291222692;LD2;1.56969251081003e-05
291222752;LD2;0.000136381595432451
291222757;LD2;4.11531244773737e-05
291222770;LD2;2.05444048119592e-05
291222779;LD2;7.49881571330461e-05
291222875;LD2;5.58100089215145e-06
291222920;LD2;2.68185959580517e-06
291222929;LD2;3.19647371636428e-05
291222959;LD2;7.55410082334449e-06
291222992;LD2;0.000217051375600208
291326376;LD2;0.000258602074279521
291326436;LD2;5.45587472615806e-06
291326441;LD2;0.000182952733983054
291326454;LD2;7.09459754433178e-05
291326463;LD2;1.77969083769282e-06
291326559;LD2;1.51350166875904e-05
291326574;LD2;1.6223604943474e-05
291326604;LD2;4.33413232257188e-05
291326613;LD2;1.07191032026513e-06
291326643;LD2;1.00097686912582e-06
291326676;LD2;2.54554008004639e-05
297952615;LD2;5.25292057213707e-05
297952675;LD2;7.49425358515356e-05
297952681;LD2;4.21131297533031e-05
297952693;LD2;9.23474375758988e-07
297952702;LD2;0.000325219985970483
297952708;LD2;2.64017922851237e-06
297952798;LD2;7.6545695793718e-05
297952852;LD2;1.11745223055626e-06
297952882;LD2;0.000120142525258688
300612915;LD2;0.000141601549949604
300612948;LD2;1.56080293474905e-05
300612978;LD2;2.31423796149675e-07
300612987;LD2;2.96051307377226e-05
300613017;LD2;4.31046037403867e-05
300613032;LD2;9.20241319661821e-05
300613128;LD2;9.01438131418633e-06
300613150;LD2;6.09442661536414e-06
300613155;LD2;9.52746119356915e-06
300613215;LD2;0.000698626705729658
300976961;LD2;0.000670846334253997
300976991;LD2;9.45802823616732e-05
300977030;LD2;0.000160003487901689
300977045;LD2;0.000191475853991781
300977228;LD2;0.000495045548920281
301165267;LD2;0.00013802117726809
301165351;LD2;1.2185109016607e-05
301165474;LD2;0.000123574178136433
306477386;LD2;1.43969340650844e-05
306477446;LD2;7.61949248589671e-05
306477451;LD2;1.88688245886693e-08
306477464;LD2;1.56890351916713e-05
306477473;LD2;1.98210802383494e-05
306477569;LD2;5.10818501550035e-06
306477584;LD2;6.829731827938e-05
306477614;LD2;1.25383663002735e-06
306477623;LD2;1.07572366706103e-05
306477653;LD2;5.85277286602581e-06
306477686;LD2;4.56546670112212e-05
306484168;LD2;4.57449098835464e-05
306484201;LD2;4.17704738331923e-06
306484231;LD2;6.42519982376996e-05
306484240;LD2;3.63469889190544e-05
306484270;LD2;4.4670338338276e-06
306484285;LD2;2.93273807208517e-06
306484381;LD2;1.24569207655144e-05
306484390;LD2;8.66016846858705e-05
306484403;LD2;5.94609947272887e-06
306484408;LD2;2.69609281832859e-05
306484468;LD2;5.83311049555323e-10
306687375;LD2;5.85178997548923e-07
306687408;LD2;3.19093479245255e-05
306687438;LD2;8.41350097610063e-07
306687447;LD2;0.00025053229543847
306687477;LD2;6.25939586601615e-05
306687492;LD2;5.20020314271208e-05
306687588;LD2;2.18895632070641e-05
306687597;LD2;8.36398751196701e-05
306687610;LD2;0.000201379718363997
306687675;LD2;2.39056486842641e-05
318162969;LD2;6.53695260281473e-07
318163002;LD2;7.42299594808618e-06
318163032;LD2;0.000152771338811477
318163041;LD2;2.05008555795229e-05
318163071;LD2;9.20248729265021e-05
318163086;LD2;5.19673361456849e-05
318163182;LD2;7.86980524249484e-08
318163191;LD2;1.39974141996401e-05
318163204;LD2;3.96509742008381e-07
318163209;LD2;0.000185211666678868
318163269;LD2;8.34953585393779e-06
322380310;LD2;0.000186946027349209
322380341;LD2;7.63434824985755e-06
322380343;LD2;0.000294713766490145
322380373;LD2;3.00011427747958e-05
322380382;LD2;3.8014123480097e-06
322380412;LD2;7.79529535557629e-05
322380425;LD2;7.54495103292883e-05
322380427;LD2;0.000193349840069866
322380532;LD2;0.000137624162367583
322380545;LD2;2.52512797422008e-06
322380550;LD2;1.20267629528925e-05
322380592;LD2;0
322380608;LD2;0.000137535503272239
322380610;LD2;0.000199077576428548
322879162;LD2;7.10936983766977e-06
322879246;LD2;0.000106601077983496
322879342;LD2;2.91968001753883e-05
322879351;LD2;4.9599574037225e-06
322879363;LD2;4.88935494087855e-05
322879369;LD2;2.19422109333925e-07
322879429;LD2;7.21285381267386e-07
328781897;LD2;8.22797558276325e-08
328781924;LD2;2.52940708234034e-05
328781930;LD2;4.90207565571687e-05
328781960;LD2;1.46620013638768e-05
328781968;LD2;2.97729262326048e-05
328781987;LD2;8.0381731702025e-05
328782111;LD2;0.000306083543820056
328782132;LD2;7.00087043102864e-05
328782138;LD2;0.000368801045633767
329249005;LD2;1.79902036563906e-07
329249038;LD2;2.02913299045975e-05
329249068;LD2;3.57674592191233e-06
329249077;LD2;2.01830862772808e-05
329249107;LD2;2.45529404397663e-05
329249122;LD2;3.73878966069341e-06
329249218;LD2;2.59265888712548e-06
329249227;LD2;1.75386266108854e-05
329249245;LD2;6.06438490501429e-05
329249305;LD2;0.00010464675177165
330668723;LD2;2.84793286176541e-05
330668807;LD2;0.000121283241497485
330668903;LD2;1.2223408837544e-05
330668912;LD2;2.73763621937941e-06
330668924;LD2;5.04403131795566e-05
330668930;LD2;0.000203110873036345
330668990;LD2;3.56425344324084e-05
331182090;LD2;7.03689917785659e-06
331182093;LD2;1.51864381585682e-05
331182120;LD2;1.94158579398056e-05
331182308;LD2;8.72373808950293e-06
331182341;LD2;4.25954204513383e-05
331182365;LD2;2.66842460802025e-07
331182395;LD2;5.05200865121692e-05
331182405;LD2;5.86413646356592e-07
333623251;LD2;4.50071467680366e-09
333623311;LD2;9.21240208277914e-05
333623316;LD2;9.49048847971078e-06
333623329;LD2;0.000317069743306764
333623338;LD2;4.76202887598456e-05
333623434;LD2;4.03065795283671e-07
333623449;LD2;1.64291291082759e-07
333623479;LD2;8.90218298295873e-05
333623488;LD2;9.13867631976405e-05
333623518;LD2;9.12304848057839e-06
333623551;LD2;4.00874986761503e-05
335778758;LD2;5.40254834519787e-05
335778818;LD2;0.000286101356641304
335778986;LD2;0.000195770821902928
335778995;LD2;3.05490359599261e-07
335779058;LD2;0.000183932357471662
335914660;LD2;0.000185078374538761
335914720;LD2;0.000154456381832886
335914843;LD2;2.26556469942044e-06
335914858;LD2;0.00023009964989881
335914888;LD2;0.000367250258104833
335914927;LD2;0.000143644272586318
335914960;LD2;1.47143536167959e-05
337763761;LD2;0.000297872207052619
337763763;LD2;1.58367604276688e-06
337763821;LD2;6.07675246326535e-05
337763823;LD2;4.43475166858674e-05
337763826;LD2;7.57158174400663e-06
337763829;LD2;2.48083325838157e-05
337763839;LD2;7.5314863309019e-06
337763848;LD2;0.000808169833300613
337763850;LD2;3.12487927691242e-05
337763944;LD2;0.000396517738774099
337763946;LD2;0.000160073768901839
337763959;LD2;6.65628735633863e-05
337763989;LD2;3.7066407019228e-05
337764061;LD2;0.000215705119537947
342795045;LD2;5.53618612612365e-08
342795050;LD2;5.69697467930469e-08
342795081;LD2;3.52149838333055e-07
342795088;LD2;4.27554053371546e-08
342795091;LD2;4.21882897799007e-08
342795115;LD2;4.07931689698774e-08
342795131;LD2;5.16518109271401e-06
342795150;LD2;8.93315365538717e-08
342795156;LD2;4.48976601571949e-10
342795340;LD2;1.8195317517073e-07
342795386;LD2;0.00126706696883624
342795402;LD2;4.04668817081254e-10
342795406;LD2;1.31347302452987e-07
343019047;LD2;2.82815826457393e-05
343019131;LD2;3.66429583599672e-06
343019227;LD2;5.05397095552087e-06
343019236;LD2;3.89889488720238e-08
343019248;LD2;2.13515875400884e-05
343019254;LD2;8.6900327944016e-06
343019314;LD2;1.56255195964779e-06
345029939;LD2;1.19075067428143e-05
345029972;LD2;2.36198561616196e-05
345030002;LD2;3.62300685512562e-07
345030011;LD2;5.46377086904783e-06
345030041;LD2;1.21067502920883e-05
345030056;LD2;4.31555511224943e-06
345030152;LD2;3.64786336572156e-05
345030161;LD2;3.03592842607968e-06
345030174;LD2;6.02037728961989e-06
345030179;LD2;3.22269248867842e-06
345030239;LD2;9.68088202666769e-06
345526751;LD2;3.08203368476253e-05
345526811;LD2;0.000124457442020142
345526816;LD2;9.14765936883229e-06
345526829;LD2;1.18755051058123e-05
345526934;LD2;1.97273272743288e-06
345526949;LD2;0.000256948212839239
345526979;LD2;1.18801474079592e-05
345526988;LD2;2.07598393167271e-05
345527018;LD2;1.12991880787393e-06
345527051;LD2;8.39558088697593e-09
345589872;LD2;5.21432881540272e-05
345589932;LD2;7.08354766123231e-06
345589937;LD2;0.000110543610539311
345590055;LD2;9.60658121886273e-06
345590070;LD2;0.000476867203724164
345590100;LD2;0.000225312341082763
345590109;LD2;5.02406294681709e-05
345590139;LD2;0.000275784096507708
345590172;LD2;0.000103868337843202
353678156;LD2;4.02640505707392e-06
353678189;LD2;2.47511657337696e-06
353678219;LD2;7.94540288398147e-05
353678228;LD2;2.09406992557286e-05
353678258;LD2;1.69216192369448e-05
353678273;LD2;1.04979392750051e-06
353678369;LD2;1.6709773887975e-05
353678378;LD2;0.000113259762158007
353678391;LD2;2.92646706466435e-05
353678396;LD2;5.77108297898625e-05
353678456;LD2;0.000105919185439152
356117438;LD2;2.66203122087885e-07
356117503;LD2;2.55105140238061e-05
356117516;LD2;2.90090879380901e-05
356117525;LD2;1.15896086701283e-05
356117621;LD2;2.21058922661199e-05
356117636;LD2;5.14520232268451e-05
356117666;LD2;3.56528469109912e-05
356117675;LD2;1.14830004243125e-05
356117705;LD2;6.53334120748679e-06
356117738;LD2;0.000161062015379973
357577356;LD2;1.37638857761624e-07
357577416;LD2;7.97040128118866e-05
357577422;LD2;0.000235544912706397
357577434;LD2;1.92869856816666e-06
357577443;LD2;3.59145089916351e-05
357577539;LD2;0.000289545883161162
357577593;LD2;1.01546540705379e-07
357577623;LD2;5.459096255419e-05
358981143;LD2;2.74808282357894e-05
358981176;LD2;3.88642246619207e-05
358981206;LD2;6.15573943013079e-06
358981245;LD2;7.57876063881998e-05
358981260;LD2;9.51753921739474e-06
358981355;LD2;1.01835527122624e-06
358981364;LD2;1.18664050635995e-06
358981377;LD2;8.97651559899918e-06
358981382;LD2;4.79579565932078e-05
358981442;LD2;1.82138632112669e-07
364064195;LD2;1.73981379809546e-05
364064228;LD2;6.28461282314587e-06
364064267;LD2;4.32610651888505e-06
364064297;LD2;1.7121565804993e-05
364064312;LD2;1.49929469911487e-05
364064408;LD2;1.1575200020808e-05
364064417;LD2;6.26323877662326e-05
364064430;LD2;7.04205484095311e-05
364064435;LD2;1.56936733062738e-06
364064495;LD2;8.70509262760334e-05
364860750;LD2;2.58029192684976e-05
364860834;LD2;6.244500004655e-05
364860951;LD2;7.68347849605075e-05
364860957;LD2;2.17729689226162e-06
364861017;LD2;4.10223315376094e-06
368929837;LD2;0.000467958451344375
368929867;LD2;0.000319089021792268
368929921;LD2;4.42045422079074e-05
368930017;LD2;0.000154727326478862
368930026;LD2;0.000142238720886881
368930038;LD2;2.57316722304055e-06
368930044;LD2;3.86960637805437e-06
368930104;LD2;2.16492436848102e-06
370651212;LD2;5.66714184685262e-08
370651218;LD2;9.15533031220622e-05
370651230;LD2;3.99983316293903e-06
370651239;LD2;1.73969469100599e-06
370651335;LD2;0.000101788135904474
370651389;LD2;8.47767459690712e-06
370651419;LD2;0.000182675583557054
372042809;LD2;2.0581183409141e-05
372042842;LD2;2.98524370388633e-06
372042872;LD2;1.03051228257931e-05
372042881;LD2;0.00070523055680329
372042894;LD2;1.30241792709869e-09
372042911;LD2;0.000621769652417171
372042926;LD2;2.04424718777153e-07
372043022;LD2;7.74390563883916e-06
372043031;LD2;4.11134604086207e-05
372043044;LD2;3.26697328952023e-05
372043049;LD2;0.000886382517489403
372043109;LD2;4.07900223459167e-05
373569857;LD2;3.04286395615085e-07
373569890;LD2;7.42244685401203e-05
373569920;LD2;5.07510379377279e-05
373569929;LD2;0.000282153810767426
373569959;LD2;0.000659359408897274
373569974;LD2;2.57814179006586e-06
373570070;LD2;5.02530472811233e-05
373570079;LD2;0.000160037002788804
373570092;LD2;0.000157806453936145
373570097;LD2;0.000499419598414506
373570157;LD2;3.89142066784915e-05
377533749;LD2;1.48494031857413e-07
377533782;LD2;7.01948557910538e-07
377533812;LD2;1.01913325751444e-05
377533821;LD2;1.63145073266215e-07
377533851;LD2;2.82285330298507e-05
377533866;LD2;1.35534476530725e-05
377533962;LD2;1.05111921041973e-05
377533971;LD2;4.86343317679338e-06
377533984;LD2;0.000220576767897044
377533989;LD2;1.84474548816122e-07
377534049;LD2;8.02069195917926e-05
378244862;LD2;0.000290573850200592
378244871;LD2;0.000168078919236118
378244895;LD2;1.49079606076269e-05
378244925;LD2;2.4595269468216e-06
378244934;LD2;5.25978412951576e-05
378244964;LD2;1.04934976577384e-06
378244979;LD2;3.50182049850066e-06
378245075;LD2;7.08696334806697e-05
378245084;LD2;9.74355902260198e-05
378245097;LD2;0.000127471451102622
378245102;LD2;6.92911327528421e-05
378245162;LD2;6.31671506464412e-06
385484823;LD2;4.14787274901003e-07
385484907;LD2;4.68251892779021e-05
385759088;LD2;1.21752493091391e-08
385759148;LD2;1.53228979988713e-07
385759153;LD2;0.00012506952449412
385759166;LD2;1.31533515250489e-07
385759175;LD2;5.27813956831832e-05
385759271;LD2;5.29107789727811e-08
385759286;LD2;7.30914978067869e-05
385759316;LD2;3.40194560579538e-05
385759325;LD2;1.4287496235619e-05
385759355;LD2;2.04518501324559e-05
385759388;LD2;1.30224998966935e-05
389319936;LD2;2.45828890631264e-06
389319967;LD2;0.000153926658897513
389319969;LD2;1.53655587138675e-05
389319997;LD2;4.62218394501734e-07
389319999;LD2;1.59038021163671e-05
389320008;LD2;1.05123749894544e-05
389320038;LD2;3.88167786270277e-06
389320051;LD2;3.18558409818547e-05
389320053;LD2;1.0670068791384e-06
389320147;LD2;1.74201949933958e-05
389320149;LD2;7.98292286007491e-06
389320156;LD2;2.98416245673533e-05
389320158;LD2;2.35456192768289e-06
389320168;LD2;0.000134787942372477
389320171;LD2;4.68833979327248e-06
389320174;LD2;1.40295442790447e-05
389320176;LD2;1.1147229578138e-05
389320234;LD2;0.00011236996989976
389320236;LD2;2.18481225507166e-05
393949623;LD2;6.35858421431057e-06
393949656;LD2;2.23213362635388e-05
393949686;LD2;4.76666451136138e-08
393949695;LD2;1.02924002046955e-05
393949725;LD2;1.87175510030804e-05
393949740;LD2;7.18412150161738e-06
393949836;LD2;2.11332656408157e-06
393949845;LD2;1.9999270454093e-06
393949858;LD2;1.13623008752892e-05
393949863;LD2;5.27561518426525e-06
393949923;LD2;3.37123141927772e-06
395246973;LD2;5.83690871906317e-05
395247006;LD2;5.45966057119627e-07
395247036;LD2;3.33192601270734e-05
395247045;LD2;9.13318233587515e-05
395247075;LD2;1.78227427300453e-05
395247090;LD2;1.18289940160522e-06
395247186;LD2;0.000130859680578682
395247195;LD2;1.13785893493652e-05
395247208;LD2;2.94163377882915e-05
395247213;LD2;0.000133378890037913
395247273;LD2;2.12509130625716e-05
399344739;LD2;5.23641858152485e-07
399344744;LD2;0.000433231795308221
399344766;LD2;9.82688059367529e-07
399344862;LD2;0.000385899337151035
399344877;LD2;9.47940528095429e-06
399344907;LD2;0.00050422988471906
399344916;LD2;0.000177490113968778
399344946;LD2;5.69886142785146e-06
399344979;LD2;1.71107296576114e-05
400675622;LD2;3.03533220449396e-06
400675682;LD2;2.1277090585178e-05
400675687;LD2;1.06334268094547e-05
400675700;LD2;1.35095890111542e-05
400675709;LD2;5.27989081397227e-07
400675805;LD2;1.56431813153877e-07
400675820;LD2;1.41830030171067e-07
400675850;LD2;2.7425109062818e-05
400675859;LD2;0.00020618141061073
400675889;LD2;9.37479991467734e-06
400675922;LD2;7.04399459551295e-06
405331846;LD2;0.000138142189752961
405331879;LD2;1.93206522475934e-05
405331909;LD2;5.75941881500893e-06
405331918;LD2;0.00028353832375067
405331963;LD2;6.95493899472067e-06
405332059;LD2;1.16240378555712e-05
405332068;LD2;0.000147689676779865
405332081;LD2;5.06575247259729e-09
405332086;LD2;1.19290687982601e-07
405332146;LD2;6.9643609543467e-06
405469660;LD2;3.81842971175382e-05
405469725;LD2;3.22399199081358e-07
405469738;LD2;6.6971368141566e-06
405469747;LD2;1.20527026360066e-06
405469843;LD2;0.000110596047149266
405469858;LD2;0.000223734589851842
405469888;LD2;4.20006967966886e-05
405469897;LD2;1.47698656898147e-05
405469927;LD2;0.000140685259855426
405469960;LD2;2.65943210314402e-05
405569018;LD2;0.000110983709408273
405569048;LD2;6.64643267623734e-06
405569102;LD2;0.000112384694030758
405569198;LD2;6.03980589761921e-05
405569207;LD2;1.03241502115316e-06
405569219;LD2;0.000156865465478821
405569285;LD2;7.18851409441571e-05
406082795;LD2;1.86954913695038e-06
406082828;LD2;0.000188720849964836
406082858;LD2;7.55801318466206e-06
406082897;LD2;0.000260352926286909
406082912;LD2;0.000870699087249653
406083017;LD2;9.15316948347331e-05
406083030;LD2;3.66655557100139e-05
406083035;LD2;8.65765800152216e-05
406083095;LD2;1.05435150732746e-06
406331004;LD2;4.80235029165551e-12
406331034;LD2;3.94814844127077e-06
406331094;LD2;1.75048107314033e-06
406331100;LD2;4.43614003773109e-07
406331112;LD2;1.54484689523305e-05
406331121;LD2;1.08062486618212e-05
406331217;LD2;3.27992506141112e-06
406331301;LD2;1.22568425241541e-06
409836673;LD2;3.60373009789936e-05
409836733;LD2;0.000147962814979005
409836738;LD2;1.2010522005659e-05
409836856;LD2;0.000446045788195311
409836871;LD2;0.000858888762952745
409836901;LD2;7.6777831256662e-06
409836940;LD2;6.944759983162e-06
409836973;LD2;6.97967010913109e-07
411836775;LD2;0.000334797663371025
411836841;LD2;1.60443537028325e-07
411836853;LD2;2.43601099939069e-05
411836958;LD2;0.000126491556436982
411836973;LD2;0.000815220408107355
411837003;LD2;1.00468090231187e-05
411837012;LD2;0.000184729670758303
411837042;LD2;0.000150835634722381
411837075;LD2;0.000164493004909765
412940657;LD2;1.12278191285263e-06
412940690;LD2;1.9503664751914e-06
412940720;LD2;4.83313211685052e-06
412940729;LD2;6.94020122058626e-05
412940759;LD2;4.37255076371136e-05
412940774;LD2;1.43553980559414e-05
412940864;LD2;1.86155862083974e-05
412940870;LD2;2.5797021210466e-06
412940879;LD2;1.81903028723765e-05
412940892;LD2;3.11007422912233e-06
412940897;LD2;1.16747981352031e-05
412940957;LD2;7.4539520795234e-06
412947783;LD2;5.79980938476537e-06
412947816;LD2;1.36438360464515e-06
412947846;LD2;1.92371788770087e-05
412947855;LD2;1.32745436025105e-05
412947885;LD2;1.01293314670874e-06
412947900;LD2;4.31425829470951e-07
412947990;LD2;1.22219720124738e-05
412947996;LD2;3.90729923935674e-06
412948005;LD2;1.5529823072202e-06
412948018;LD2;0.000130527550384834
412948023;LD2;9.53648462262985e-07
412948083;LD2;3.99309540592515e-05
413525597;LD2;6.03324870619407e-06
413525656;LD2;7.84565592298964e-06
413525662;LD2;4.1047254943113e-06
413525674;LD2;4.16037978896222e-05
413525683;LD2;6.01319423762701e-06
413525779;LD2;1.32461450107817e-06
413525833;LD2;2.1483986263186e-06
413525863;LD2;7.06148390966329e-07
414144956;LD2;6.81777855100101e-05
414144987;LD2;0.000676411475859012
414144989;LD2;5.68560848013215e-06
414145017;LD2;5.84722895683557e-08
414145019;LD2;8.09145911957259e-05
414145028;LD2;3.96689351922601e-06
414145058;LD2;0.00025307949666207
414145071;LD2;0.000335377116642942
414145073;LD2;2.1803039807613e-06
414145167;LD2;1.4359641734335e-07
414145169;LD2;8.28234995151985e-05
414145176;LD2;0.000146714404711677
414145178;LD2;3.61687755085596e-06
414145188;LD2;0.000251309749049173
414145191;LD2;0.000271508436952197
414145194;LD2;0.000127134322533793
414145196;LD2;9.29023080918489e-05
414145254;LD2;4.47508528236238e-05
414145256;LD2;6.49955833814847e-06
415372663;LD2;7.06591694986893e-05
415372696;LD2;8.68798773380022e-06
415372726;LD2;2.69495768904217e-09
415372735;LD2;8.1104981331978e-05
415372765;LD2;1.45685916950413e-05
415372780;LD2;1.45303806573291e-06
415372876;LD2;5.77573284415109e-05
415372885;LD2;5.84652200560226e-05
415372898;LD2;1.85020288377761e-05
415372903;LD2;5.9517514447473e-05
415372963;LD2;4.3474472554424e-05
420106340;LD2;7.44806177405799e-05
420106373;LD2;6.48323045348309e-06
420106403;LD2;0.000115123527459555
420106412;LD2;3.47255187041103e-09
420106442;LD2;0.000158051952834458
420106553;LD2;1.21602496012205e-05
420106562;LD2;1.92186684459087e-05
420106575;LD2;0.000115486859811505
420106580;LD2;2.75612987123778e-05
420106640;LD2;6.4488709566034e-05
420798001;LD2;0.000127756329775524
420798034;LD2;4.34086510597396e-08
420798064;LD2;5.09075532516577e-05
420798073;LD2;6.2897731467727e-05
420798103;LD2;0.000144142906835808
420798301;LD2;1.52852319050201e-07
422344269;LD2;1.4070218074549e-07
422344302;LD2;2.31419614298558e-05
422344332;LD2;9.42110357701528e-06
422344341;LD2;1.59763791687211e-07
422344371;LD2;4.05782865730439e-06
422344386;LD2;1.28497504280852e-06
422344482;LD2;1.22727362093444e-05
422344491;LD2;6.7524017554821e-05
422344504;LD2;5.94824240627272e-07
422344569;LD2;1.51802407438242e-05
423621344;LD2;1.08139604250643e-05
423621377;LD2;1.54692668300544e-05
423621407;LD2;6.86123012548781e-05
423621416;LD2;0.000319266317590007
423621446;LD2;6.24755722710806e-05
423621461;LD2;1.12033213447359e-05
423621557;LD2;2.66820352850405e-07
423621566;LD2;0.000316912123399977
423621579;LD2;9.29762001489829e-08
423621584;LD2;0.000426770276074048
423621644;LD2;0.000324684663252831
426975678;LD2;0.000189657380488494
426975738;LD2;0.000186411348761949
426975743;LD2;8.95277330418399e-05
426975756;LD2;2.01560185995415e-05
426975765;LD2;0.00037001889962308
426975771;LD2;2.11840264702756e-05
426975861;LD2;3.6978671637119e-06
426975876;LD2;0.00014816038520236
426975906;LD2;0.000144810579652593
426975915;LD2;1.6022975319048e-05
426975945;LD2;1.09911878909152e-07
426975978;LD2;9.71861366318469e-05
429219486;LD2;0.000171022769675706
429219519;LD2;8.22611281705026e-09
429219549;LD2;4.76602387080254e-05
429219558;LD2;3.98452041893495e-05
429219588;LD2;7.82333749941139e-07
429219603;LD2;8.58328702482559e-05
429219708;LD2;0.000104978940697779
429219726;LD2;2.82291628860986e-06
429219786;LD2;0.0001408804346489
429635525;LD2;3.22357315786666e-06
429635588;LD2;2.27131183546931e-05
429635597;LD2;1.52038962856795e-05
429635642;LD2;1.79570765113876e-05
429635738;LD2;1.59144446723289e-05
429635760;LD2;4.21336553657202e-05
429635765;LD2;0.000218470768482961
429635825;LD2;1.95560538819292e-05
432306864;LD2;0.000392350683917456
432306897;LD2;0.000116852157071533
432306927;LD2;0.000174225319971403
432306936;LD2;0.000999692228740437
432306966;LD2;0.000948248062027286
432306981;LD2;2.92088491497515e-05
432307077;LD2;2.04167909224075e-05
432307086;LD2;0.000130558090420669
432307099;LD2;0.000216984277479009
432307104;LD2;0.000696311754153753
432307164;LD2;0.00016282648500864
435969015;LD2;3.25049924539017e-05
435969075;LD2;1.88196208111275e-05
435969093;LD2;2.78670628245044e-05
435969198;LD2;2.74349135468821e-07
435969243;LD2;0.00022414986801252
435969252;LD2;0.000157142260620546
435969282;LD2;0.000315113389687822
439961684;LD2;8.22442353091285e-05
439961714;LD2;0.000257922848577751
439961873;LD2;0.000504725199441686
439961885;LD2;0.000126999197130907
439961951;LD2;1.8840391966966e-05
443288683;LD2;3.7331182651642e-05
443288743;LD2;1.57057586775061e-05
443288748;LD2;6.42700592265343e-05
443288761;LD2;1.12225639153874e-07
443288770;LD2;4.55066440603255e-07
443288866;LD2;3.02745439149096e-05
443288881;LD2;5.67431203574677e-06
443288911;LD2;4.49349514750281e-05
443288920;LD2;7.7377663915879e-05
443288950;LD2;4.52140101023911e-05
443288983;LD2;6.70749393997802e-05
451512358;LD2;3.05717518147748e-08
451512424;LD2;5.47346634542751e-05
451512541;LD2;6.53215063159915e-06
451512595;LD2;1.08863095097727e-06
451512625;LD2;0.000145903946246723
452031963;LD2;4.47036719616595e-06
452032023;LD2;1.93826789602392e-05
452032028;LD2;1.2304444807143e-05
452032041;LD2;8.09540281264126e-06
452032146;LD2;6.7870928431359e-05
452032161;LD2;8.34305297863496e-05
452032191;LD2;2.12477955481816e-05
452032200;LD2;1.34553336926659e-06
452032230;LD2;1.24169661446177e-05
452032263;LD2;4.5338970871632e-05
455165825;LD2;2.1214645088946e-05
455165885;LD2;0.0001248515663371
455165890;LD2;0.000212041527456793
455165912;LD2;7.43038959992619e-05
455166008;LD2;4.59897792405014e-05
455166023;LD2;1.81548418992985e-05
455166053;LD2;7.61628432283275e-05
455166062;LD2;1.15286633831842e-08
455166092;LD2;0.000139351700260385
455166125;LD2;0.000145426949796119
456829408;LD2;7.75485172483951e-05
456829468;LD2;5.12506261173513e-05
456829473;LD2;0.000133133682610325
456829486;LD2;2.1392734873982e-05
456829495;LD2;0.000407776777456693
456829591;LD2;6.26357849695123e-06
456829606;LD2;3.00279497131844e-05
456829636;LD2;0.000111911717462958
456829645;LD2;2.86431032529689e-05
456829675;LD2;2.35137737198426e-06
456829708;LD2;1.22957776931328e-05
460265128;LD2;0.000115660056595667
460265134;LD2;0.000166452478272209
460265146;LD2;0.000392062716717107
460265161;LD2;5.90074815403216e-05
460265251;LD2;2.47558751695053e-05
460265305;LD2;2.12235183042146e-05
460265335;LD2;3.77363664745185e-05
460463985;LD2;0.000259308042280574
460464045;LD2;2.1566769823419e-06
460464050;LD2;0.000187377550067587
460464063;LD2;3.91197705778396e-06
460464072;LD2;2.38143827190453e-06
460464168;LD2;0.000176150720335968
460464183;LD2;0.000423553307044099
460464222;LD2;4.79146176191537e-05
460464252;LD2;2.19296613344952e-07
460464285;LD2;0.000274188194969903
8397586;LD2;0.000531822141550384
8397592;LD2;0.000298506495773428
8397604;LD2;5.12250032835935e-07
8397613;LD2;3.38682764369223e-06
8397709;LD2;5.00825027589884e-05
8397719;LD2;0.00016191682326283
8397727;LD2;0.000158143940021734
8397736;LD2;0.000178992093135421
8397755;LD2;3.20624391248578e-05
8397763;LD2;1.91532936123392e-05
8397793;LD2;3.95848874132224e-05
8397799;LD2;3.1323739977395e-05
22013702;LD2;5.46941526126808e-05
22013762;LD2;9.14097666130471e-07
22013768;LD2;2.50355874339101e-05
22013780;LD2;4.63976437472479e-05
22013795;LD2;1.40085826080509e-05
22013885;LD2;3.69521117544321e-06
22013939;LD2;4.49217989642597e-06
22013969;LD2;5.20003841196649e-05
24122703;LD2;1.4992754611261e-10
24122736;LD2;5.52114556505449e-07
24122766;LD2;6.57826239099551e-05
24122775;LD2;2.0674536154802e-05
24122805;LD2;2.57377949541225e-05
24122820;LD2;4.26886571353137e-05
24122925;LD2;0.000118899036294455
24122938;LD2;1.26299725722963e-05
24122943;LD2;0.000113361447467736
24123003;LD2;7.76534387910084e-05
24560184;LD2;2.70381622844991e-05
24560244;LD2;0.000187644101906071
24560249;LD2;0.000752286121629858
24560262;LD2;1.68799742095265e-05
24560367;LD2;0.000415700263536483
24560382;LD2;0.000706192294922906
24560412;LD2;0.000440595871929512
24560421;LD2;8.57905902366582e-05
24560451;LD2;4.10330063374065e-05
24560484;LD2;2.9611061945589e-05
24769879;LD2;0.000266935969370965
24769939;LD2;5.00621433960833e-05
24769944;LD2;0.000146580389428792
24770062;LD2;1.61875983461649e-07
24770107;LD2;0.000143638858384828
24770116;LD2;1.26642406494861e-06
24770179;LD2;1.58033325214951e-05
39176312;LD2;1.64121466866164e-07
39176345;LD2;2.77362641185719e-06
39176375;LD2;3.49461508474712e-05
39176384;LD2;0.000267323944158555
39176414;LD2;0.000146628394674227
39176429;LD2;0.000292942576397062
39176547;LD2;2.45435143968298e-05
39176552;LD2;0.000166413178892307
39176612;LD2;1.60461094745652e-05
52632692;LD2;0.000129778180468378
52632752;LD2;0.000155734590832652
52632757;LD2;0.000106780167763958
52632770;LD2;0.000342382954625628
52632875;LD2;1.83851161233985e-05
52632890;LD2;3.28528549133511e-05
52632920;LD2;0.000251318750697077
52632929;LD2;1.96217971847655e-05
52632959;LD2;2.61154873542025e-05
52632992;LD2;1.88444468952986e-05
76707491;LD2;3.08567000719701e-05
76707524;LD2;0.000538975127076856
76707554;LD2;0.000176374388497594
76707563;LD2;0.000255505780757955
76707593;LD2;2.6817357549112e-05
76707608;LD2;7.38113241422839e-06
76707713;LD2;0.000300765250948188
76707726;LD2;0.000485750878830404
76707731;LD2;0.000191241116405572
76707791;LD2;1.29244839876482e-05
79097424;LD2;9.15796816865739e-05
79097484;LD2;8.13799732895567e-05
79097489;LD2;8.99603531455004e-07
79097502;LD2;1.04688948691796e-05
79097607;LD2;4.73305979698441e-06
79097622;LD2;0.000538881761064532
79097652;LD2;0.000244485338699365
79097661;LD2;9.55720285536943e-06
79097691;LD2;1.07768336944351e-05
79097724;LD2;1.17938397522688e-06
138160865;LD2;1.46593127121013e-07
138160925;LD2;1.13987312976689e-05
138161063;LD2;1.86040360488451e-05
138161102;LD2;0.00014445465854466
148084072;LD2;2.28765712829769e-06
158276503;LD2;8.4447599355742e-07
158276533;LD2;5.98809679287881e-08
158276587;LD2;7.02999822768818e-06
158276710;LD2;5.07016197294122e-06
158276771;LD2;7.60367970964221e-06
201423244;LD2;9.77593047087144e-05
201423272;LD2;1.70798960373017e-06
201423301;LD2;2.86258197280747e-05
201423315;LD2;4.37392064804953e-05
201423424;LD2;0.000152499831841013
201423480;LD2;6.41800759518032e-06
201423489;LD2;0.00023518844590942
201423500;LD2;0.000112877184071564
201423523;LD2;0.000158113626215743
201423526;LD2;2.9157716753568e-05
201423531;LD2;1.96057266488438e-06
201997583;LD2;2.62730932318919e-05
201997616;LD2;1.03887463128883e-05
201997646;LD2;4.01616511093913e-05
201997655;LD2;0.000125909844792457
201997685;LD2;0.00013290549054935
201997700;LD2;1.28158131658545e-05
201997796;LD2;1.28870797236356e-06
201997805;LD2;4.47289866144673e-06
201997818;LD2;3.89252536233799e-05
201997823;LD2;0.000211034154151335
201997883;LD2;0.000180614405782982
208199839;LD2;0.000117894555035484
208199872;LD2;5.12303948191324e-05
208199902;LD2;1.58627022460727e-05
208199911;LD2;5.77542780961991e-05
208199941;LD2;1.7741285991891e-05
208199956;LD2;0.000134136062190639
208200061;LD2;1.53075875883625e-05
208200074;LD2;1.11835098254502e-05
208200079;LD2;1.11260603435666e-05
208200139;LD2;3.92056053026099e-05
213802470;LD2;5.16771716390578e-05
213802530;LD2;8.60231081452227e-05
213802535;LD2;2.66890550658235e-06
213802557;LD2;8.49302778800099e-06
213802653;LD2;1.30529296623844e-05
213802668;LD2;7.08624931995677e-05
213802698;LD2;4.9630511687354e-06
213802707;LD2;1.33749663224086e-05
213802737;LD2;2.48499053920454e-07
213802770;LD2;0.000487082149967899
217911561;LD2;8.6240561701942e-05
217911621;LD2;9.0569899438382e-06
217911626;LD2;0.000208400150137282
217911639;LD2;0.000194121473477565
217911744;LD2;1.0524139123198e-06
217911759;LD2;9.93712569698286e-05
217911789;LD2;5.46526108995029e-05
217911798;LD2;1.33523446848181e-05
217911828;LD2;2.97698122444845e-06
217911861;LD2;0.00015036099064749
221568230;LD2;4.38909206702029e-07
221568263;LD2;6.28379727092168e-05
221568302;LD2;0.000107731878770273
221568347;LD2;1.20929678420954e-05
221568443;LD2;0.000144699638972682
221568465;LD2;8.57262141402863e-05
221568470;LD2;7.81543294575892e-05
221568530;LD2;4.34606173767706e-05
235501083;LD2;2.95903516783516e-06
235501116;LD2;1.02842615542591e-06
235501146;LD2;3.74506086391089e-08
235501185;LD2;4.73168740517288e-07
235501200;LD2;2.01646785091288e-05
235501305;LD2;2.05781959299322e-05
235501318;LD2;0.000224301351530194
235501323;LD2;5.26004096006047e-05
235501383;LD2;3.93292020388038e-05
248571491;LD2;6.30234791725265e-05
248571497;LD2;8.02129677421506e-05
248571509;LD2;1.81940925001973e-05
248571514;LD2;1.51692874026236e-06
248571518;LD2;6.48862241026866e-05
248571614;LD2;4.44668552249962e-05
248571632;LD2;1.26297933181123e-06
248571641;LD2;2.82171509628308e-06
248571660;LD2;4.91042805057146e-05
248571668;LD2;5.11332208573594e-05
248571698;LD2;1.08274725464136e-08
248571704;LD2;3.24208760245169e-05
248571731;LD2;5.05660436435699e-05
271286515;LD2;0.000104385854660706
271286542;LD2;1.78348649685593e-07
271286548;LD2;7.15585907050644e-06
271286578;LD2;0.000223548258452847
271286586;LD2;0.000346592997447386
271286614;LD2;3.97067725144739e-06
271286632;LD2;7.74891220405888e-05
271286749;LD2;2.52750448407255e-05
275627576;LD2;7.64787380085293e-05
275627606;LD2;3.42033758330418e-05
275627660;LD2;2.19616374553626e-05
275627765;LD2;8.30091336795164e-08
275627777;LD2;1.98002964349148e-05
275627783;LD2;0.000120527207930051
275627843;LD2;4.06542214132131e-05
307776781;LD2;3.38802263751504e-05
307776814;LD2;0.000169233408220881
307776844;LD2;2.9213607113293e-07
307776853;LD2;3.13818419783505e-05
307776883;LD2;3.20884940183291e-05
307776898;LD2;2.48578933731854e-05
307776994;LD2;1.0859610254676e-06
307777016;LD2;6.5680850775122e-06
307777021;LD2;3.32603383347052e-05
307777081;LD2;6.27877547531176e-05
312355102;LD2;4.79806201150458e-07
312355135;LD2;0.000222532527155224
312355165;LD2;2.19325508474317e-06
312355174;LD2;0.000135778020815252
312355204;LD2;3.35823464635526e-05
312355219;LD2;0.000121959915650583
312355315;LD2;0.000256633294523106
312355337;LD2;0.000227022044485811
348545692;LD2;2.56791608226201e-08
348545704;LD2;8.25408233423843e-06
348545709;LD2;0.000396373976629086
348545809;LD2;0.000112610800659859
348545827;LD2;1.10258901464871e-05
348545836;LD2;6.92545058981539e-05
348545855;LD2;0.000161724513877613
348545863;LD2;3.52006463838845e-05
348545893;LD2;8.02066651289084e-06
348545899;LD2;1.82705296998883e-06
348545926;LD2;3.36684638054854e-05
349554861;LD2;9.88168237160585e-08
349554894;LD2;1.76055851998896e-05
349554924;LD2;3.27985235743065e-05
349554933;LD2;0.000610729430596657
349554963;LD2;0.000284768288540161
349554978;LD2;0.000154384007821792
349555074;LD2;5.46376759129196e-05
349555083;LD2;0.0001691838024988
349555101;LD2;6.03299227810138e-05
349555161;LD2;0.000169107650835301
356415811;LD2;3.43653898684043e-05
356415871;LD2;4.0168641710772e-07
356415898;LD2;3.1349820239888e-06
356415994;LD2;4.8922500390403e-05
356416009;LD2;3.66562117199659e-05
356416039;LD2;0.000147772366785062
356416048;LD2;6.02125556506703e-05
356416078;LD2;8.05632742066239e-05
356416111;LD2;0.00017445018699927
357507358;LD2;7.38104121195865e-05
357507421;LD2;5.29358193753939e-06
357507430;LD2;0.000244859626659938
357507460;LD2;6.49199048811838e-05
357507475;LD2;1.56306139753594e-05
357507580;LD2;7.34553174054271e-07
357507593;LD2;5.70022100958945e-05
357507598;LD2;7.38204497036267e-05
357507658;LD2;0.000283136394895099
2696326;LD2;2.84771024184336e-05
2696386;LD2;1.03259857126546e-07
2696391;LD2;2.44005238655363e-06
2696404;LD2;7.15059716592757e-05
2696413;LD2;2.16037733298683e-07
2696509;LD2;1.36870951682529e-06
2696524;LD2;0.000113519826899486
2696554;LD2;1.92563447968079e-05
2696563;LD2;9.41939346603076e-06
2696593;LD2;1.37233229404644e-06
2696626;LD2;3.50203555101437e-06
7525995;LD2;7.13784441973338e-07
7526055;LD2;1.58009910522824e-05
7526060;LD2;0.000138834981965499
7526073;LD2;1.15975502553134e-05
7526082;LD2;1.26946437971876e-05
7526178;LD2;7.21394146090928e-06
7526193;LD2;3.9272345329539e-06
7526223;LD2;1.52041359804169e-05
7526232;LD2;1.576492397447e-06
7526262;LD2;2.08527420416208e-08
7526295;LD2;1.88624688262569e-05
14037831;LD2;1.11603497032364e-07
14037836;LD2;9.27547972184089e-05
14037969;LD2;6.59924838700169e-05
14037999;LD2;5.7384732368579e-05
14038008;LD2;4.14660955192219e-05
14038038;LD2;1.20246299735904e-05
14201326;LD2;2.79726589083919e-06
14201386;LD2;4.98940054387982e-07
14201392;LD2;5.45609501767752e-06
14201404;LD2;4.40806905897999e-06
14201413;LD2;7.49182113375105e-06
14201509;LD2;2.38044141323965e-05
14201593;LD2;3.16619869847041e-06
16973742;LD2;4.51412554520844e-05
16973802;LD2;0.000178447207391893
16973807;LD2;2.69181151439921e-06
16973820;LD2;2.74421175205337e-05
16973829;LD2;0.000289426046708641
16973922;LD2;4.39245392676629e-06
16973937;LD2;7.3990386884505e-06
16973967;LD2;5.64575417109572e-05
16973976;LD2;2.16123756183341e-08
16974006;LD2;0.000282218343440099
16974039;LD2;0.000120968474716411
18469514;LD2;0.000135779559315595
18469547;LD2;1.46269976007999e-05
18469577;LD2;4.74975768604274e-05
18469586;LD2;0.000684903998949683
18469616;LD2;0.000204866031350641
18469631;LD2;6.46838421062888e-07
18469736;LD2;4.0176320486694e-07
18469749;LD2;0.000202488220906415
18469754;LD2;4.59135370290527e-07
18469814;LD2;6.11249632299495e-06
20786586;LD2;1.58159489812176e-07
20786646;LD2;1.56563174688637e-05
20786651;LD2;4.93726847040661e-05
20786673;LD2;1.12324673501224e-05
20786769;LD2;2.93580233377971e-05
20786784;LD2;5.08705276358471e-05
20786814;LD2;5.24697365101129e-06
20786823;LD2;2.02270152924692e-06
20786853;LD2;1.99163277575971e-05
20786886;LD2;2.68794880692742e-06
30679864;LD2;0.000188190557335259
30679924;LD2;6.3269082749722e-07
30679929;LD2;1.47794878184867e-06
30679942;LD2;1.0956161058246e-07
30679951;LD2;8.88057084880457e-05
30680047;LD2;0.000145646391265021
30680051;LD2;2.69876940641714e-06
30680062;LD2;0.000272367097820649
30680092;LD2;1.36082170542233e-06
30680101;LD2;8.81607531121375e-05
30680131;LD2;1.22057972755568e-05
30680164;LD2;7.91286418563053e-06
31900543;LD2;2.64874139274354e-05
31900666;LD2;1.33358524842791e-05
31900726;LD2;3.39043857476462e-05
34716780;LD2;0.000141156520462036
34716864;LD2;2.50579589822945e-07
34716960;LD2;0.000128293296357494
34716969;LD2;2.15466321764131e-05
34716981;LD2;0.000166777272554125
34716987;LD2;2.27842887885739e-05
34717047;LD2;7.98970944258406e-06
35547102;LD2;0.000151097703818946
35547135;LD2;1.06722683400684e-06
35547165;LD2;0.000338836249993087
35547174;LD2;0.000373853050793813
35547204;LD2;9.72630607386145e-05
35547219;LD2;1.05970852191454e-06
35547315;LD2;0.00014292933367005
35547324;LD2;0.00017595567876458
35547337;LD2;3.03538974833274e-05
35547342;LD2;0.000776974369497507
35547402;LD2;0.000260197633381747
35884198;LD2;1.40708294071087e-05
35884231;LD2;0.000101039541063221
35884261;LD2;1.85281114958594e-05
35884270;LD2;8.01952058770049e-05
35884300;LD2;0.000183237824663274
35884315;LD2;8.78824895422275e-05
35884411;LD2;0.000157310909007427
35884420;LD2;0.000341649288194337
35884433;LD2;1.0479273344308e-05
35884438;LD2;0.000459562997510852
35884498;LD2;0.000195287647075181
39753471;LD2;4.3009215103914e-05
39753498;LD2;3.94257360716609e-06
39753534;LD2;0.000267835546738929
39753542;LD2;0.000102699639343111
39753561;LD2;3.15610774215411e-05
39753570;LD2;7.06583456458418e-05
39753588;LD2;9.23957635099114e-07
39753684;LD2;6.92608965445801e-05
39753688;LD2;0.000179811681918645
39753693;LD2;4.32875371120266e-07
40275496;LD2;0.000115195875970857
40275526;LD2;4.78559702414198e-05
40275676;LD2;1.96774508171579e-05
40275685;LD2;2.51000014518969e-05
40275697;LD2;2.85937359086571e-05
40275703;LD2;0.000353241342430114
40275763;LD2;0.000195700459274558
40378195;LD2;1.28305887094844e-06
40378255;LD2;0.000492039409248876
40378260;LD2;4.39543258236481e-06
40378273;LD2;6.3792492970103e-05
40378282;LD2;4.00204337351552e-06
40378378;LD2;8.93775568606242e-05
40378462;LD2;0.000360588494063022
42240131;LD2;5.06348813611434e-05
42240164;LD2;4.63168336459979e-05
42240194;LD2;9.52893109781094e-05
42240203;LD2;3.70058928168851e-05
42240233;LD2;1.90364589013989e-06
42240248;LD2;1.82032604739358e-05
42240344;LD2;8.87474238805037e-06
42240353;LD2;4.10704142626215e-05
42240366;LD2;5.32282147194576e-05
42240371;LD2;7.99183239357144e-06
42240431;LD2;0.000231807969545987
43416943;LD2;0.000127581706023187
43416970;LD2;3.47099935844279e-10
43417027;LD2;1.41254876337752e-05
43417132;LD2;3.26464294749987e-05
43417144;LD2;1.70538326442055e-05
43417210;LD2;8.1293909443746e-05
46083631;LD2;2.33800012495098e-05
46083691;LD2;0.000185637010968841
46083696;LD2;7.38173076139703e-06
46083718;LD2;1.71291056042153e-06
46083814;LD2;1.06257425285699e-05
46083859;LD2;1.08822983684537e-05
46083868;LD2;7.79312019222003e-07
46083898;LD2;6.73959527790416e-05
46083931;LD2;7.71837941447971e-06
47243332;LD2;2.76885685753715e-05
47243362;LD2;1.98058173989417e-06
47243416;LD2;5.36052419811963e-06
47243512;LD2;1.49987435596345e-05
47243521;LD2;4.78162771695842e-07
47243533;LD2;4.38266546272446e-05
47243539;LD2;8.85323163164417e-08
47243599;LD2;7.15411800397536e-07
48630874;LD2;0.000214200212998377
48630880;LD2;0.000270485957144128
48630892;LD2;8.24080399439328e-05
48631051;LD2;6.68540668832932e-06
48631081;LD2;1.52911891811576e-07
51082801;LD2;0.000287029051070177
51082831;LD2;5.02301305688798e-07
51082885;LD2;5.71377327673796e-07
51082981;LD2;2.14446384046498e-05
51082990;LD2;2.66633515966856e-05
51083002;LD2;1.00627314112252e-06
51083008;LD2;0.000331697201293318
51083068;LD2;2.25368727133392e-05
51926004;LD2;2.01749742493478e-05
51926064;LD2;0.0002057729889704
51926070;LD2;1.31357861451143e-05
51926082;LD2;3.74767749905058e-06
51926091;LD2;5.26522359060488e-05
51926187;LD2;1.57440128873833e-05
51926241;LD2;2.80664481233466e-05
51926271;LD2;4.08405041890667e-05
52048600;LD2;4.77591317640665e-05
52048639;LD2;1.98052616553464e-05
52048672;LD2;1.79436122890669e-05
52950241;LD2;2.85566899151634e-05
52950274;LD2;5.73775770820188e-05
52950304;LD2;1.0106773387446e-06
52950313;LD2;1.38739969943414e-05
52950343;LD2;5.16269416288158e-05
52950358;LD2;3.48973117115252e-06
52950448;LD2;1.6493772859014e-06
52950454;LD2;1.16263470089151e-05
52950463;LD2;5.17046270243753e-05
52950476;LD2;3.00450526008448e-07
52950541;LD2;2.11829552884134e-05
53372818;LD2;7.30970105170493e-05
53372851;LD2;3.03376970880101e-05
53372881;LD2;0.000338185022117006
53372890;LD2;0.000532304353888291
53372920;LD2;6.80601097561864e-05
53373031;LD2;5.94276697399217e-05
53373040;LD2;2.05141875801934e-05
53373053;LD2;0.000720029197066304
53373058;LD2;0.000343776625104411
56922895;LD2;6.28104271089303e-06
56922955;LD2;4.9065131697055e-07
56922960;LD2;7.22300399995778e-07
56922973;LD2;4.04612967434732e-05
56922982;LD2;1.21144454783357e-05
56923078;LD2;1.25369850959884e-05
56923093;LD2;1.67247567398125e-05
56923123;LD2;4.77385115904262e-06
56923132;LD2;0.000185633446301484
56923162;LD2;3.83302491400729e-05
56923195;LD2;3.69737456699669e-06
57679564;LD2;0.00030432142392957
57679594;LD2;0.000277846788448138
57679633;LD2;6.01861059545675e-06
57679666;LD2;5.58239655118602e-07
58121300;LD2;5.62870520207082e-05
58121360;LD2;9.83457970318513e-06
58121365;LD2;3.53000455612968e-05
58121378;LD2;2.10575389821653e-05
58121483;LD2;4.22017029788429e-05
58121498;LD2;2.4344335804239e-05
58121528;LD2;1.72185959481454e-05
58121537;LD2;2.34324305903438e-05
58121600;LD2;2.88563088949359e-06
63636132;LD2;5.64462789897069e-06
63636162;LD2;1.16898916128198e-05
63636216;LD2;3.48498508723361e-06
63636312;LD2;1.02456228825964e-05
63636321;LD2;3.49434422470443e-06
63636333;LD2;6.57709173567328e-05
63636339;LD2;8.48275478417706e-05
63636399;LD2;1.17205563009498e-05
63841355;LD2;4.0841676081435e-05
63841415;LD2;0.000106436543186684
63841421;LD2;0.000113527928835439
63841442;LD2;9.36175018760069e-05
63841538;LD2;5.95563515611361e-06
63841610;LD2;2.37874422760203e-09
63841622;LD2;6.45914088778279e-05
63885495;LD2;0.000160434458527549
63885528;LD2;1.73334039779954e-06
63885558;LD2;0.00047751376103339
63885567;LD2;9.10094295157038e-05
63885597;LD2;0.000260067836962504
63885612;LD2;6.39249819327149e-07
63885708;LD2;6.0520258705241e-06
63885717;LD2;3.61360807994005e-05
63885730;LD2;5.3510811641117e-06
63885795;LD2;8.99226284781908e-05
65267371;LD2;3.18847092699915e-05
65267404;LD2;1.04943207060154e-05
65267434;LD2;8.52797234997144e-05
65267443;LD2;0.00014249371199364
65267473;LD2;6.98443346516279e-05
65267488;LD2;3.13966721604627e-05
65267584;LD2;0.000282786332651519
65267593;LD2;2.94445009315849e-05
65267606;LD2;0.000381079597583714
65267611;LD2;0.00014896467739212
65267671;LD2;0.000105425181335356
74668785;LD2;1.43153405251871e-05
74668845;LD2;4.83815090998071e-06
74668850;LD2;0.000176957321843511
74668863;LD2;1.16692405059072e-05
74668872;LD2;1.96903482016519e-05
74668968;LD2;1.72491777375424e-05
74668983;LD2;1.93507917612951e-06
74669013;LD2;2.87811707592059e-05
74669022;LD2;0.000124609914748759
74669052;LD2;3.47751344030589e-07
74669085;LD2;2.26253226370492e-06
74750275;LD2;2.1145394648326e-05
74750296;LD2;5.86484753594954e-05
74750308;LD2;1.15271006954117e-05
74750314;LD2;7.54883405708477e-05
74750322;LD2;1.31886295995425e-05
74750325;LD2;5.01331015164381e-05
74750343;LD2;8.31113257273619e-07
74750366;LD2;4.66275324862342e-05
74750371;LD2;1.84305902663745e-07
74750382;LD2;2.17451670991759e-06
74750388;LD2;5.14792086302696e-06
74750461;LD2;1.27110107774882e-05
74750475;LD2;8.99198270713992e-06
74750482;LD2;2.63601771236885e-05
74750505;LD2;9.98372967426435e-05
74750511;LD2;6.13581379985279e-05
74750530;LD2;2.75248654034799e-06
74750572;LD2;9.43944501310892e-05
75392829;LD2;1.55602262976547e-06
75392894;LD2;5.0825550055016e-06
75392907;LD2;5.98357326105329e-05
75392916;LD2;2.70859448624634e-06
75393012;LD2;1.84673730067851e-08
75393027;LD2;1.52586726727948e-05
75393057;LD2;5.04327133617824e-06
75393066;LD2;1.0879299203569e-05
75393096;LD2;2.32695456379262e-05
75393129;LD2;1.12327383271647e-05
77037456;LD2;0.000992972836528796
77037486;LD2;2.26129949688528e-05
77037495;LD2;0.000285354230035185
77037525;LD2;4.88797398420675e-05
77037540;LD2;0.000350541718831721
77037658;LD2;0.000705983486750608
77037723;LD2;1.62500058078424e-05
78281355;LD2;5.54790218964458e-05
78281388;LD2;1.46132087651669e-09
78281418;LD2;5.94877825386584e-05
78281427;LD2;4.35465317415398e-06
78281457;LD2;0.000119074794439511
78281472;LD2;7.92644891711915e-09
78281568;LD2;4.47282792650729e-05
78281577;LD2;5.26846978278517e-05
78281590;LD2;4.53664691128585e-05
78281595;LD2;9.86331656910491e-07
78281655;LD2;5.7814517942134e-06
79948910;LD2;0.000620709364246243
79948943;LD2;4.29679235142424e-05
79948973;LD2;7.16411957039482e-06
79948982;LD2;6.93067486883795e-05
79949012;LD2;0.000113465069312826
79949027;LD2;1.10631940265701e-06
79949123;LD2;9.26977705872356e-07
79949132;LD2;4.30320962974977e-05
79949145;LD2;0.00010146357187126
79949150;LD2;0.000269024923224857
79949210;LD2;0.000109565332462713
83366492;LD2;4.61212156746185e-06
83366552;LD2;1.29339226206789e-05
83366558;LD2;7.42231003523626e-06
83366570;LD2;8.50276190118584e-05
83366579;LD2;2.50423262593887e-05
83366675;LD2;3.91736034398646e-05
83366759;LD2;1.92074158305398e-10
84236255;LD2;3.26164629544963e-05
84236315;LD2;3.70372232347831e-06
84236320;LD2;0.000313005735396886
84236333;LD2;1.47605879135057e-05
84236342;LD2;1.21238837330155e-05
84236438;LD2;5.57350572023206e-05
84236453;LD2;2.20512317231621e-06
84236483;LD2;3.6067085986329e-05
84236492;LD2;2.12407117237364e-05
84236522;LD2;5.86182754564595e-07
84236555;LD2;6.45340550577395e-06
85137373;LD2;1.21752197584431e-06
85137406;LD2;0.000129661439505147
85137436;LD2;4.35670635286073e-06
85137445;LD2;6.53120838116041e-06
85137475;LD2;1.50932427779338e-06
85137490;LD2;5.08569272021197e-05
85137586;LD2;0.000202883099494817
85137595;LD2;7.68552218355286e-05
85137608;LD2;1.98360915967017e-06
85137613;LD2;3.24320447150154e-07
85137673;LD2;8.54518127670115e-06
85148787;LD2;0.00124403631442078
85148820;LD2;6.31024829087587e-05
85148850;LD2;2.55909577821523e-08
85148859;LD2;0.000910610143255038
85148889;LD2;0.000103272114753301
85148904;LD2;6.01689795206717e-05
85149000;LD2;0.000117592875915109
85149009;LD2;1.20125550359387e-05
85149022;LD2;0.000184857633581196
85149027;LD2;0.0001912510898101
85149087;LD2;1.40555511187926e-05
85331084;LD2;0.000253373754083191
85331168;LD2;7.50098598789153e-05
85331285;LD2;9.3791721941197e-05
85331291;LD2;0.000139968836574771
85331351;LD2;3.92959524228577e-05
87514082;LD2;0.000181928561797159
87514115;LD2;8.7821254572566e-06
87514145;LD2;8.15074591320427e-06
87514154;LD2;8.83688596710596e-05
87514184;LD2;2.16214563524717e-05
87514199;LD2;2.56365413626536e-05
87514295;LD2;4.89024733695746e-05
87514304;LD2;5.24970339916493e-06
87514317;LD2;7.22012660363643e-06
87514322;LD2;3.73120193053541e-05
87761306;LD2;1.0366427533528e-05
87761366;LD2;0.000217447155025625
87761371;LD2;0.000128305311751801
87761384;LD2;3.36398729730646e-05
87761393;LD2;0.000110033057949325
87761489;LD2;1.14644466392006e-05
87761504;LD2;9.01189094946342e-05
87761534;LD2;3.71086785391259e-05
87761543;LD2;1.57643355053132e-06
87761573;LD2;2.60407743370103e-06
87761606;LD2;2.28944826303278e-06
91634913;LD2;9.2729266305399e-06
91634973;LD2;2.34224451142368e-05
91634978;LD2;0.000304544659632264
91634991;LD2;0.000183680379676304
91635000;LD2;0.000110475186823079
91635096;LD2;0.000114741448464715
91635111;LD2;0.000198274527276088
91635141;LD2;2.6302179268563e-05
91635150;LD2;2.31705844224322e-05
91635180;LD2;8.98677686114087e-05
91635213;LD2;3.94194894605883e-05
91730925;LD2;0.000507243199417696
91730958;LD2;2.44367985210594e-06
91730988;LD2;1.99012760935781e-08
91730997;LD2;3.8740757325644e-05
91731027;LD2;1.96871348558156e-06
91731042;LD2;0.000380724770567494
91731138;LD2;6.61752522301923e-05
91731147;LD2;0.000309908866913696
91731160;LD2;3.58005313051245e-05
91731165;LD2;8.42904471618216e-05
91731225;LD2;9.94540835157906e-05
104568637;LD2;1.08326634465046e-05
104568670;LD2;3.87275672682305e-06
104568700;LD2;3.87347057539829e-07
104568709;LD2;4.22859454502493e-05
104568739;LD2;8.94202280342193e-06
104568754;LD2;9.17018320141311e-06
104568850;LD2;4.41721102180919e-06
104568859;LD2;2.83435335625646e-08
104568872;LD2;0.000103610548523823
104568877;LD2;6.05543488767428e-06
104568937;LD2;1.63076126322703e-05
105399222;LD2;3.05247656628931e-05
105399285;LD2;3.36922091280598e-06
105399294;LD2;2.93064837258515e-08
105399324;LD2;0.000151825402981581
105399435;LD2;1.04128731509624e-06
105399522;LD2;5.72123188186651e-05
106684202;LD2;4.54357750588973e-06
106684267;LD2;1.5056058538548e-05
106684289;LD2;1.34889915437414e-06
106684385;LD2;8.89302147355232e-06
106684400;LD2;1.61033096318951e-05
106684430;LD2;9.62911824567699e-05
106684439;LD2;2.62833194158216e-05
106836147;LD2;5.23720201142815e-05
106836149;LD2;3.11277004024229e-05
106836207;LD2;1.15763316773597e-05
106836209;LD2;1.16759873420964e-05
106836212;LD2;4.36279025099106e-05
106836215;LD2;2.20980223419935e-05
106836225;LD2;1.89265541146493e-05
106836227;LD2;2.79107362723527e-08
106836234;LD2;2.47105674280409e-09
106836236;LD2;1.93188629576604e-05
106836330;LD2;4.20818192051399e-06
106836332;LD2;3.11746813095895e-08
106836345;LD2;3.3949381433321e-05
106836375;LD2;0.000105551002683718
106836384;LD2;9.62085353121552e-07
106836414;LD2;7.09114531434518e-06
106836416;LD2;0.00012434873359017
106836447;LD2;2.99737128420693e-07
107703954;LD2;0.000165866017690355
107704019;LD2;6.97530768411055e-05
107704032;LD2;0.000389738662074836
107704137;LD2;3.75738330212555e-05
107704152;LD2;1.29529475589193e-05
107704182;LD2;1.02158261216225e-06
107704191;LD2;0.000235366197766324
107704221;LD2;3.84234879422561e-06
107704254;LD2;8.24349251957901e-06
108041718;LD2;0.000227647911986224
108041778;LD2;0.000326220917546373
108041783;LD2;0.000344134621870259
108041901;LD2;9.33242622430494e-06
108041916;LD2;5.91244879178001e-06
108041946;LD2;1.54416404626302e-05
108041955;LD2;1.18497675499568e-05
108041985;LD2;5.23688132239529e-07
108042018;LD2;4.93395270901011e-07
113939959;LD2;8.31119646167168e-06
113939986;LD2;9.80631403582596e-06
113939992;LD2;1.62843131999664e-05
113940022;LD2;0.000502937808036037
113940031;LD2;7.33033408248613e-05
113940061;LD2;2.24064431382443e-05
113940076;LD2;0.000286879244222522
113940259;LD2;1.34732257171692e-05
115244764;LD2;4.02444730848929e-06
115244824;LD2;0.000116860603523552
115244829;LD2;0.000276868987227425
115244842;LD2;2.81918261412549e-05
115244947;LD2;0.000364260784926769
115244962;LD2;3.36240827412702e-05
115244992;LD2;1.76281662894562e-06
115245001;LD2;0.000112008274117834
115245031;LD2;0.000159154175158519
116117166;LD2;0.000112150107657578
116117232;LD2;0.000421899450843406
116117349;LD2;4.1883317300242e-05
116117403;LD2;0.000175278910208789
116117433;LD2;0.000114551334387063
116117466;LD2;0.000268296689871308
120587183;LD2;1.01148420091705e-06
120587243;LD2;0.000130503366074534
120587248;LD2;0.00117036501122215
120587261;LD2;0.000251829424397833
120587270;LD2;9.25820606724278e-05
120587366;LD2;0.000226843673499338
120587381;LD2;0.000617294672604983
120587411;LD2;3.05471796288883e-05
120587420;LD2;7.53914910980368e-05
120587450;LD2;7.61574581843702e-05
120587483;LD2;0.000484740598070478
132482154;LD2;5.21457702881884e-07
132482214;LD2;7.21481830956677e-07
132482219;LD2;3.15965747162136e-05
132482337;LD2;3.62972966616289e-07
132482352;LD2;0.000183590810857732
132482382;LD2;0.000116200247318516
132482391;LD2;4.11209145111849e-06
132482454;LD2;0.000219046409032576
132750804;LD2;6.65028146204438e-06
132750831;LD2;2.87386725768971e-06
132750867;LD2;0.000248908779220421
132750875;LD2;5.14532833262782e-07
132750894;LD2;0.000242516790520973
132750903;LD2;1.79482520551618e-05
132751017;LD2;4.51515088987354e-05
132751021;LD2;0.000202247134877137
132751026;LD2;0.000100930520415796
132751038;LD2;5.46294101657283e-06
134738663;LD2;0.000159698797781066
134738723;LD2;6.56262734772632e-06
134738729;LD2;0.000138105058574901
134738741;LD2;4.19474919381358e-05
134738846;LD2;9.31782868520138e-06
134738900;LD2;3.47544020654921e-06
134738930;LD2;2.87785057960761e-05
134977829;LD2;3.19736407523773e-06
134977859;LD2;9.35602159399669e-05
134977880;LD2;1.44253389864609e-05
134977913;LD2;6.45809552371197e-07
134978009;LD2;3.80233919746557e-05
134978018;LD2;5.74682411148534e-06
134978030;LD2;3.20280585586934e-09
134978036;LD2;4.97647520159979e-05
134978096;LD2;9.31107924809284e-06
135288841;LD2;7.42355660945407e-07
135288847;LD2;3.84299357663926e-06
135288871;LD2;1.20205111303006e-06
135288874;LD2;3.93704641005472e-06
135288883;LD2;1.83940970468636e-07
135289055;LD2;3.52232012983096e-06
145277142;LD2;1.23715089388701e-05
145277175;LD2;5.63531153703689e-05
145277205;LD2;0.000161274060570563
145277214;LD2;3.30585610060459e-05
145277244;LD2;0.000246205970765453
145277259;LD2;2.23105394604001e-06
145277346;LD2;0.000344162642949089
145277352;LD2;1.39820068967995e-05
145277361;LD2;4.43403355100011e-06
145277374;LD2;0.000115684531458159
145277379;LD2;9.58000822289262e-05
145277409;LD2;1.54970457487374e-06
145277439;LD2;5.78299573416099e-05
145360281;LD2;6.67242154221271e-05
145360344;LD2;3.64399336246618e-06
145360353;LD2;0.000203038378360196
145360383;LD2;7.18812614577638e-05
145360398;LD2;3.17821840425485e-08
145360494;LD2;1.41982955158553e-05
145360503;LD2;6.30714562635688e-05
145360516;LD2;1.48687457058183e-05
145360521;LD2;1.92857318012238e-05
145360581;LD2;0.000224669976894798
147268824;LD2;1.55431151961516e-06
147268887;LD2;2.84444305050492e-07
147268896;LD2;0.000136596638161828
147268926;LD2;0.000235871904369877
147268941;LD2;5.18471277910859e-06
147269059;LD2;1.21243820969149e-05
147269124;LD2;5.22881275412923e-05
153996167;LD2;2.34624442587885e-05
153996232;LD2;1.14363386398906e-07
153996245;LD2;0.00054591793821143
153996254;LD2;4.76599155739636e-05
153996350;LD2;2.18956841099913e-06
153996365;LD2;0.000170246277732977
153996404;LD2;1.05206142332078e-06
153996434;LD2;0.000118830815627673
153996467;LD2;4.19514554038583e-05
154605190;LD2;0.000216102070833529
154605295;LD2;2.32214367138733e-05
154605310;LD2;0.000225506676722137
154605340;LD2;3.28916093043788e-05
154605349;LD2;0.000151674402313099
154605379;LD2;2.1584115648544e-05
154605412;LD2;3.05200865258238e-06
159344389;LD2;5.39759680640433e-05
159344449;LD2;7.54391375277281e-05
159344454;LD2;1.0534780089462e-05
159344476;LD2;2.23351859855909e-05
159344572;LD2;1.42825260000299e-05
159344587;LD2;0.000203057388998297
159344617;LD2;0.000131037393827184
159344626;LD2;3.92509453061415e-06
159344656;LD2;7.99448229088878e-05
159344689;LD2;0.000143879120030268
167428728;LD2;8.59278729404516e-05
167428758;LD2;7.62802209774633e-06
167428812;LD2;1.60386493864275e-08
167428917;LD2;2.52924698316537e-05
167428929;LD2;2.7541501258815e-05
167428935;LD2;0.000188870974722399
167428995;LD2;1.66368678773432e-06
168263290;LD2;0.000144296563961099
168263350;LD2;3.51810330109527e-05
168263356;LD2;0.000140030534040881
168263473;LD2;3.00922893455153e-05
168263527;LD2;4.85247356225587e-05
168263557;LD2;0.000267228185030111
169904129;LD2;2.44151113503166e-05
169904189;LD2;6.63047753990773e-06
169904195;LD2;4.85774114038993e-05
169904207;LD2;5.29038130341843e-06
169904216;LD2;1.08692944260306e-06
169904222;LD2;3.26071346109294e-06
169904312;LD2;1.69079231594594e-05
169904396;LD2;7.02988035412721e-05
172292830;LD2;1.92298711514043e-05
172292863;LD2;1.88457203044324e-05
172292893;LD2;0.000583472570174599
172292902;LD2;1.22572116019801e-05
172292947;LD2;9.31272626981532e-06
172293052;LD2;3.88217850292138e-05
172293065;LD2;0.000275494126167559
172293070;LD2;0.000386615588310106
172293130;LD2;0.000308859541933646
174438067;LD2;6.81930552287084e-06
174438097;LD2;3.30813505603194e-07
174438106;LD2;2.9772650317092e-05
174438136;LD2;3.88190210134113e-05
174438151;LD2;3.66659816329607e-09
174438256;LD2;0.000157327181429738
174438269;LD2;7.63818740672455e-06
174438334;LD2;0.000107332071122984
179122327;LD2;2.28330200023727e-05
179122387;LD2;9.56490509624542e-05
179122393;LD2;4.19636602534242e-06
179122405;LD2;5.58809490099028e-06
179122414;LD2;3.19457388505566e-05
179122510;LD2;3.62556802372993e-05
179122564;LD2;5.32022202137957e-07
186273963;LD2;0.000292774403535592
186273996;LD2;1.38902866511313e-05
186274026;LD2;0.000488377095146093
186274035;LD2;3.26303283336894e-06
186274065;LD2;0.000453660858995785
186274080;LD2;4.08510410180842e-05
186274176;LD2;5.19232351044507e-05
186274185;LD2;5.51298597342288e-05
186274198;LD2;3.08463287437784e-05
186274203;LD2;7.59793302735064e-05
186274263;LD2;0.000176379395476682
186866104;LD2;6.04640810939906e-06
186866137;LD2;0.000171977860110949
186866167;LD2;0.000196223182822781
186866176;LD2;0.000277858632488432
186866206;LD2;6.16961924824071e-05
186866221;LD2;1.5069068262104e-06
186866317;LD2;5.03988746225444e-05
186866326;LD2;3.93804004397098e-05
186866339;LD2;5.8388622738516e-06
186866344;LD2;0.000130474739409718
186866404;LD2;9.27863404311053e-05
187151409;LD2;0.000117724807505399
187151514;LD2;0.000554742849077325
187151526;LD2;7.54636014362907e-06
187151532;LD2;1.43232115212663e-05
187151592;LD2;0.000254741725099854
196147594;LD2;1.7375916078784e-05
196147654;LD2;4.10765338260495e-05
196147659;LD2;1.64695381539453e-05
196147672;LD2;1.22867578200524e-06
196147681;LD2;4.88325719821395e-06
196147777;LD2;4.72280859800398e-06
196147792;LD2;1.88289692177547e-05
196147822;LD2;4.29997829344918e-06
196147831;LD2;5.28645797828086e-10
196147861;LD2;8.81536424435376e-06
196147894;LD2;2.13742863952345e-08
230580365;LD2;1.44837035133951e-05
230580398;LD2;2.91787319177742e-05
230580428;LD2;2.05711261339038e-07
230580437;LD2;8.01209494406911e-06
230580467;LD2;9.15946875287171e-07
230580482;LD2;9.18806397187453e-05
230580578;LD2;5.05929364025355e-05
230580587;LD2;1.08826422442831e-05
230580600;LD2;1.33278681584905e-05
230580605;LD2;3.83458981952162e-05
230580665;LD2;8.09175692793099e-05
230580696;LD2;9.17420160251079e-05
233078672;LD2;1.44444233619272e-05
233078735;LD2;3.7042815071258e-06
233078744;LD2;0.000210867022078174
233078774;LD2;9.30577503378874e-05
233078789;LD2;2.87913223362477e-05
233078894;LD2;1.96906701452272e-05
233078907;LD2;0.000296945277455523
233078912;LD2;1.65380780405194e-06
233078972;LD2;8.9170609400991e-06
241484676;LD2;0.000161255229762367
241484736;LD2;1.26005778667958e-05
241484741;LD2;8.58981713301531e-05
241484754;LD2;0.000114471066856695
241484763;LD2;9.25426046674281e-05
241484859;LD2;4.51195284819182e-05
241484874;LD2;0.000462281148069543
241484904;LD2;8.51351097732289e-05
241484913;LD2;5.13861331041872e-05
241484943;LD2;2.01861997792449e-05
241484976;LD2;7.44389663126932e-05
242245558;LD2;1.43378217109076e-07
242245623;LD2;1.1672443893482e-06
242245636;LD2;5.09068704712764e-05
242245645;LD2;0.000157623523890486
242245756;LD2;1.33238525603401e-05
242245786;LD2;0.000263618642191924
242245795;LD2;5.18796852628272e-05
242245825;LD2;2.37630760951396e-05
242245858;LD2;0.000105042810863992
247985213;LD2;0.000172411885091939
247985246;LD2;0.000159378026935391
247985276;LD2;0.000508286115138852
247985285;LD2;4.0349484952266e-05
247985315;LD2;0.000259583340970978
247985330;LD2;8.99008557872252e-09
247985426;LD2;0.000320480130963333
247985435;LD2;6.60370316431554e-05
247985447;LD2;3.29090102382676e-05
247985453;LD2;0.000199059213359608
247985513;LD2;1.07535785674496e-05
261438959;LD2;0.000271654898983624
261439022;LD2;3.65738449480423e-05
261439031;LD2;0.000159091080314676
261439061;LD2;0.000828027303847091
261439076;LD2;0.000472967768109678
261439172;LD2;1.09059287478438e-05
261439181;LD2;0.00136498431618164
261439194;LD2;8.95354696236831e-05
261439259;LD2;1.61140855066648e-05
277142402;LD2;0.000370439839326879
277142435;LD2;0.000233317066848074
277142465;LD2;6.24077827155008e-05
277142474;LD2;8.87796657602634e-05
277142504;LD2;3.54859128284648e-05
277142519;LD2;1.16405624567055e-05
277142615;LD2;7.63928561767788e-05
277142624;LD2;1.76703418412809e-05
277142637;LD2;5.76724722227725e-05
277142642;LD2;0.000168330370816286
277142702;LD2;0.000154658311334408
302181007;LD2;5.26175214850615e-07
302181040;LD2;5.56221435769907e-06
302181070;LD2;5.92776778143952e-06
302181079;LD2;0.000141873257450896
302181109;LD2;2.11044536394389e-05
302181220;LD2;3.47608633690996e-05
302181229;LD2;0.000142612561318249
302181242;LD2;5.08670141359327e-06
302181307;LD2;4.38511469315507e-06
304858505;LD2;3.99007948429105e-05
304858589;LD2;4.41289719638406e-05
304858685;LD2;0.000115712547101824
304858694;LD2;1.62695578325612e-05
304858706;LD2;6.63749395891463e-05
304858712;LD2;0.000214152566114369
304858771;LD2;0.000102611792991654
311628700;LD2;1.16590777130408e-05
311628765;LD2;0.000472060187472865
311628778;LD2;1.75861051048588e-05
311628787;LD2;7.8640763911726e-06
311628883;LD2;0.000868914993968122
311628898;LD2;1.26643116977257e-05
311628928;LD2;6.99437840763937e-05
311628937;LD2;1.61710516159367e-05
311628967;LD2;0.000191216152420819
317450985;LD2;0.000405239252695126
317451018;LD2;0.000107122749238869
317451048;LD2;4.39533589827527e-05
317451057;LD2;4.29653969481423e-06
317451087;LD2;0.000198306056600791
317451102;LD2;6.57539671370459e-05
317451198;LD2;1.32230823889794e-05
317451207;LD2;1.8883626125399e-05
317451220;LD2;8.89733124936598e-05
317451225;LD2;3.67934132211597e-05
317451235;LD2;1.00299517597136e-07
317451284;LD2;7.99671372141732e-06
326821304;LD2;0.000229756826006397
326821337;LD2;2.00079709138096e-05
326821367;LD2;4.0185923002247e-07
326821376;LD2;0.000125053278673604
326821406;LD2;5.20672422722538e-05
326821421;LD2;7.02717620397952e-05
326821539;LD2;1.85244164600344e-05
326821544;LD2;8.63137227465624e-07
326821604;LD2;0.000121976725202914
326968257;LD2;3.43403581419665e-05
326968290;LD2;9.31127871256406e-08
326968320;LD2;1.61177297952922e-05
326968329;LD2;0.000192133699521283
326968359;LD2;3.15997873997449e-05
326968374;LD2;3.06057358722584e-05
326968470;LD2;2.88448008108064e-06
326968479;LD2;3.6532379025593e-05
326968492;LD2;4.30892493143835e-08
326968497;LD2;6.31934778278637e-05
326968557;LD2;0.000143605390970921
329375211;LD2;1.03402500856038e-06
329375271;LD2;3.6673951639072e-06
329375276;LD2;1.47073872156232e-05
329375289;LD2;2.81699145618792e-05
329375298;LD2;2.09384790704262e-05
329375394;LD2;0.000209838521383873
329375439;LD2;0.00025547073007937
329375448;LD2;4.97311990287936e-05
329375478;LD2;1.03525118466746e-05
329375511;LD2;0.000314309553781565
333006313;LD2;3.86991422877359e-07
333006373;LD2;1.64199986333562e-05
333006378;LD2;3.8725452851273e-07
333006391;LD2;5.03906309847784e-05
333006400;LD2;3.82444981179267e-07
333006496;LD2;5.27372307603367e-06
333006511;LD2;2.36462478618327e-05
333006541;LD2;2.01338867324309e-05
333006550;LD2;1.44768406107621e-06
333006580;LD2;4.14100358903396e-05
333006613;LD2;1.64076037667496e-05
348721434;LD2;6.59311590141951e-05
348721499;LD2;1.16325814117043e-07
348721512;LD2;1.10130385861129e-05
348721521;LD2;1.63068058744216e-05
348721617;LD2;4.3040371699324e-06
348721632;LD2;0.000158071628475483
348721662;LD2;1.35089995223669e-06
348721671;LD2;5.92795294710938e-06
348721701;LD2;4.62647868684828e-06
348721734;LD2;1.69767583498844e-05
358441308;LD2;4.92322925384494e-06
358441373;LD2;1.87237117205885e-06
358441386;LD2;0.000147346782991019
358441491;LD2;6.22942525840636e-06
358441506;LD2;9.20582309223721e-06
358441536;LD2;7.33335342630426e-05
358441545;LD2;4.51679035198588e-05
358441575;LD2;9.50409144946018e-05
358441608;LD2;3.19334442792105e-05
359563160;LD2;7.52960715979807e-05
359563220;LD2;1.60733795622009e-06
359563225;LD2;7.19380128725877e-05
359563238;LD2;8.26794029609369e-05
359563247;LD2;5.25033231921297e-05
359563343;LD2;0.000156777036203972
359563358;LD2;4.1704722433054e-05
359563388;LD2;5.42083022732181e-06
359563397;LD2;0.000650084581117869
359563427;LD2;1.30720551782988e-07
359563460;LD2;1.27157351443141e-05
362972243;LD2;6.10952821059859e-05
362972276;LD2;2.34267724830039e-09
362972306;LD2;0.000133389840226052
362972315;LD2;0.000479700181930147
362972345;LD2;0.000151390674697712
362972360;LD2;1.15890886025806e-06
362972450;LD2;3.18447082392972e-05
362972459;LD2;7.78396646143538e-07
362972472;LD2;0.000293617083683946
362972477;LD2;1.43140752861391e-05
362972537;LD2;9.22603376749099e-05
374862659;LD2;8.76414650711943e-06
374862719;LD2;0.000364384341922688
374862724;LD2;2.13809197741827e-05
374862857;LD2;0.000376786035297912
374862887;LD2;0.000130892812128453
374862896;LD2;0.000175694150194594
374862926;LD2;2.65134468533261e-05
374862959;LD2;0.0008357051004249
377636871;LD2;1.5077817178665e-08
377636931;LD2;2.99287977230474e-05
377636936;LD2;6.77829212070208e-06
377636949;LD2;1.58976525481184e-05
377636958;LD2;7.80039123424281e-09
377637069;LD2;1.58932719075019e-05
377637099;LD2;1.45358275197955e-07
377637108;LD2;1.98507696292619e-09
377637138;LD2;2.25989432620927e-06
377637171;LD2;0.00044569125623598
379554743;LD2;6.34448645990838e-05
379554773;LD2;2.47468480726761e-06
379554827;LD2;7.68577747874427e-06
379554932;LD2;0.000109048274839534
379554944;LD2;0.000270349490418681
379555010;LD2;1.15893891498578e-05
380313227;LD2;3.75097763080848e-06
380313287;LD2;7.35144129866128e-06
380313292;LD2;2.06127174843274e-05
380313305;LD2;6.80050603302568e-05
380313314;LD2;5.78441307342014e-05
380313425;LD2;5.69422841265873e-05
380313455;LD2;1.48502881157628e-05
380313464;LD2;0.000113900271965524
380313494;LD2;1.41227864139271e-06
380313527;LD2;2.60393500675874e-06
383628079;LD2;4.12134998397793e-05
383628112;LD2;7.08555643158643e-06
383628142;LD2;6.05565117412374e-05
383628151;LD2;0.000246636863070806
383628181;LD2;0.000547552303607017
383628196;LD2;4.69436871434097e-09
383628292;LD2;0.000655608576109921
383628301;LD2;4.13179190302171e-05
383628314;LD2;1.55876763615458e-05
383628319;LD2;0.000591672432745598
383628379;LD2;0.00141361997210909
385747782;LD2;4.68688846208579e-06
385747842;LD2;1.06348849038863e-06
385747847;LD2;0.000519038643756642
385747869;LD2;1.80980065006466e-06
385747965;LD2;0.000441339721467377
385747980;LD2;3.56622116950027e-05
385748010;LD2;1.87271106191465e-05
385748019;LD2;3.57281116524477e-06
385748049;LD2;0.000104700304316497
385748082;LD2;1.23095808632092e-05
392572112;LD2;8.66806257905744e-07
392572142;LD2;2.04042004811288e-07
392572195;LD2;0.000213728803275528
392572312;LD2;5.12405809610739e-05
392572318;LD2;1.79659396482255e-05
392572378;LD2;1.28161521380543e-06
393134850;LD2;6.95593221053551e-06
393134910;LD2;5.39193578827763e-05
393134915;LD2;0.000214329884387579
393134928;LD2;0.000206696284758187
393134937;LD2;8.51379561989511e-06
393135033;LD2;2.15631070343103e-05
393135048;LD2;3.7484522628305e-05
393135078;LD2;0.000103250767882505
393135087;LD2;1.1488231032233e-05
393135117;LD2;1.33605478950247e-05
393135150;LD2;0.000130992987837478
394230574;LD2;1.80371522178786e-08
394230607;LD2;4.62946061230911e-06
394230637;LD2;2.65924521460584e-07
394230646;LD2;2.60275366643741e-07
394230676;LD2;1.02355390118952e-05
394230691;LD2;4.95233038608884e-06
394230694;LD2;7.60140757500549e-06
394230787;LD2;2.09710545131816e-05
394230796;LD2;3.33153021325253e-06
394230809;LD2;1.35905105007377e-05
394230814;LD2;2.08368028278553e-06
394230874;LD2;1.28835989001227e-07
397057778;LD2;6.78159619917607e-05
397057838;LD2;1.5814361897502e-06
397057843;LD2;1.96867243362176e-05
397057856;LD2;4.49910904985006e-06
397057865;LD2;5.9550778640574e-05
397057961;LD2;1.33041682364781e-06
397057976;LD2;2.35621632895948e-05
397058015;LD2;1.52229645042558e-05
397058045;LD2;1.51755416383422e-08
397058078;LD2;9.10895363707267e-07
399934100;LD2;1.5278881951063e-05
399934133;LD2;2.88426941357645e-06
399934163;LD2;4.4064042956632e-05
399934172;LD2;2.01486370391604e-07
399934202;LD2;2.26777276415655e-08
399934217;LD2;7.93582473969158e-08
399934313;LD2;3.36777636352457e-05
399934322;LD2;1.26414426146622e-08
399934335;LD2;2.34373929569387e-05
399934340;LD2;4.8303135856243e-06
399934400;LD2;9.01324282175971e-06
400066006;LD2;6.61031116888268e-05
400066066;LD2;8.83341347034835e-05
400066071;LD2;3.14135022473682e-06
400066084;LD2;3.16591286024843e-05
400066093;LD2;4.44018911557453e-05
400066189;LD2;8.01704651324123e-06
400066204;LD2;1.23936404543726e-05
400066234;LD2;6.72934590174405e-06
400066243;LD2;2.20097820137376e-05
400066273;LD2;5.69808648950132e-05
400066306;LD2;4.30443021783263e-05
400336868;LD2;6.13668440427353e-05
400336901;LD2;0.000367270720890516
400336931;LD2;9.08153720310072e-05
400336940;LD2;4.13056914126179e-05
400336970;LD2;8.1460552283998e-05
400336985;LD2;0.000240523376136571
400337090;LD2;0.000278575340039187
400337103;LD2;0.000522666539094514
400337108;LD2;0.00014093407997772
400337168;LD2;3.03145706682113e-05
401771523;LD2;0.000123985677491725
401771556;LD2;3.93295289089223e-06
401771586;LD2;1.33250477962054e-05
401771595;LD2;8.91286382458493e-05
401771625;LD2;8.6236055274633e-05
401771640;LD2;3.36437833681509e-05
401771736;LD2;1.03701386446744e-05
401771745;LD2;5.00727178859508e-05
401771758;LD2;0.000156198222129091
401771763;LD2;6.14309622284338e-06
401771823;LD2;1.33657235281678e-05
408460555;LD2;4.76705398455981e-05
408460615;LD2;2.43529684013452e-05
408460621;LD2;2.83423967791752e-05
408460633;LD2;7.53327736786063e-07
408460642;LD2;1.35943190791098e-06
408460738;LD2;8.87957069966909e-07
408460822;LD2;2.54953318312584e-05
408657753;LD2;7.21439077529029e-05
408657786;LD2;8.14048444790008e-05
408657816;LD2;0.00034362833402862
408657825;LD2;0.000477392444822707
408657855;LD2;4.90270443659794e-05
408657870;LD2;7.55476718666627e-07
408657966;LD2;0.000379283646100624
408657975;LD2;0.000596311554439553
408657993;LD2;5.5321583954965e-05
408658053;LD2;0.000154626461675587
409588969;LD2;8.20206108412094e-06
409589000;LD2;1.22257876629482e-06
409589002;LD2;1.55896936590851e-06
409589032;LD2;1.53040307695429e-05
409589041;LD2;1.39528569637021e-07
409589071;LD2;4.04628563839838e-06
409589084;LD2;3.92335007000615e-05
409589086;LD2;1.25006629635681e-06
409589180;LD2;3.9672915689332e-05
409589182;LD2;5.77858956794382e-05
409589189;LD2;3.47823150669687e-05
409589191;LD2;4.54056125937328e-06
409589201;LD2;4.44855638047569e-05
409589204;LD2;3.94276239262186e-05
409589207;LD2;2.74773057107425e-07
409589209;LD2;4.03795909716584e-07
409589267;LD2;3.83785907283579e-06
409589269;LD2;6.35901341159745e-05
410220053;LD2;4.93409497623017e-06
410220086;LD2;0.000174112773701484
410220116;LD2;1.00559713140217e-08
410220125;LD2;6.15995365425581e-05
410220155;LD2;5.58102574564614e-05
410220170;LD2;1.35234338364341e-06
410220353;LD2;6.85658361535288e-05
417386963;LD2;8.8590017115332e-06
417386996;LD2;9.62342806150308e-06
417387026;LD2;4.72245822897347e-05
417387035;LD2;6.68181917361384e-05
417387065;LD2;2.58796277662491e-05
417387080;LD2;3.36374261315038e-07
417387176;LD2;8.92021307717645e-06
417387185;LD2;0.000136178015228495
417387198;LD2;2.89392143893125e-05
417387203;LD2;0.000925218575161814
417387263;LD2;1.15757278985871e-06
419297715;LD2;0.000677879028426409
419297721;LD2;0.000365514086414641
419297733;LD2;5.47865707345503e-10
419297742;LD2;1.1907407505091e-05
419297838;LD2;1.27595842991113e-06
419297922;LD2;1.1545394070888e-05
423426153;LD2;4.44786802643572e-05
423426213;LD2;2.21723153981931e-09
423426218;LD2;5.77435049111368e-08
423426231;LD2;8.88489533946716e-06
423426240;LD2;3.88700969615174e-06
423426336;LD2;8.14551956670794e-08
423426351;LD2;4.8971560663235e-07
423426381;LD2;2.90304514745168e-06
423426390;LD2;5.98524574217502e-07
423426420;LD2;3.39191864668174e-07
423426453;LD2;1.59109868885201e-05
426552155;LD2;4.65774314132933e-05
426552173;LD2;2.14365578790399e-05
426552278;LD2;1.32931216253607e-05
426552293;LD2;4.24752874718572e-05
426552323;LD2;5.38472849108037e-05
426552332;LD2;9.54024825493277e-05
426552362;LD2;9.45848388221849e-05
426552395;LD2;7.40946131375161e-06
429664016;LD2;0.000209116127402315
429664047;LD2;8.62029608352282e-06
429664049;LD2;7.67834706542652e-05
429664088;LD2;0.000141395160143408
429664118;LD2;2.63937189146443e-05
429664131;LD2;5.12512094721094e-06
429664227;LD2;1.08751067317454e-05
429664236;LD2;9.71614039762829e-07
429664248;LD2;2.48868428226335e-06
429664314;LD2;4.10347290493974e-05
435152699;LD2;3.35818899578324e-06
435152732;LD2;5.89127472315759e-05
435152762;LD2;9.4376482783762e-08
435152771;LD2;2.12830501202597e-05
435152801;LD2;8.70574524424486e-06
435152816;LD2;7.20588090969146e-06
435152912;LD2;6.62363829344687e-06
435152921;LD2;2.96174614689114e-06
435152934;LD2;3.21716622839936e-06
435152939;LD2;6.15186449738497e-05
435152999;LD2;2.30895412705914e-05
436503627;LD2;9.6307478772988e-05
436503657;LD2;0.000163643176275864
436503711;LD2;2.51123600176284e-05
436503807;LD2;2.09138405260142e-05
436503816;LD2;2.05696819391053e-08
436503828;LD2;0.000175599353015376
436503834;LD2;1.8439851040717e-06
436503894;LD2;3.57601339514566e-05
440232402;LD2;2.70244796884171e-07
440232435;LD2;0.000272769866899438
440232474;LD2;0.000153180890894653
440232504;LD2;0.000540039808935417
440232519;LD2;5.36232268322703e-07
440232609;LD2;6.70451697741294e-06
440232615;LD2;1.44874964099626e-06
440232624;LD2;0.00019132067586163
440232637;LD2;2.58754427411736e-05
440232642;LD2;0.000180340425167225
440232702;LD2;1.98831580600751e-05
440657566;LD2;3.73257101525613e-06
440657599;LD2;2.68849467302459e-08
440657629;LD2;8.01682797250227e-06
440657638;LD2;6.58221295432174e-06
440657668;LD2;4.52248711473145e-05
440657683;LD2;3.58947003130196e-05
440657779;LD2;1.47481763279611e-05
440657788;LD2;3.70399815793029e-06
440657801;LD2;1.32413679007103e-05
440657806;LD2;2.19037010214519e-05
440657866;LD2;6.78786914171581e-06
453379235;LD2;9.17623201929419e-05
453379295;LD2;1.01133019254007e-06
453379301;LD2;9.84158514464584e-05
453379313;LD2;0.000205465240707393
453379418;LD2;4.22527968351546e-06
453863689;LD2;0.000297128847808208
453863749;LD2;4.82763214696821e-07
453863754;LD2;0.000315871958921667
453863767;LD2;1.43368608703972e-07
453863776;LD2;6.64165637121831e-06
453863872;LD2;6.04222449557347e-06
453863887;LD2;0.000631125600160046
453863917;LD2;9.04546457377623e-06
453863926;LD2;1.22629918074341e-05
453863956;LD2;4.04442931114329e-06
453863989;LD2;2.19172898066939e-06
461294448;LD2;1.28023828644335e-05
461294508;LD2;0.000165652860510671
461294513;LD2;9.01310793261173e-05
461294526;LD2;0.000545715645237858
461294535;LD2;2.64391599018303e-05
461294631;LD2;1.57096973498611e-05
461294646;LD2;0.000159106342489754
461294676;LD2;0.000305666243651019
461294685;LD2;1.65330217300045e-05
461294715;LD2;0.000285642513279034
461294748;LD2;8.71914967366265e-05
464045574;LD2;1.81758677375648e-05
464045607;LD2;5.25833547689558e-05
464045637;LD2;4.64172637941839e-05
464045646;LD2;0.000562813736500239
464045676;LD2;7.903458463701e-05
464045691;LD2;1.58016512751279e-05
464045787;LD2;2.90865545999052e-05
464045796;LD2;6.27895930297648e-05
464045809;LD2;0.000155970107667433
464045814;LD2;0.000265240487018984
464045874;LD2;0.000295527820705091
464508568;LD2;5.69582922395971e-06
464508628;LD2;4.88812384701633e-05
464508633;LD2;0.000245408963963466
464508646;LD2;7.6099555956607e-06
464508655;LD2;5.51725678236216e-05
464508751;LD2;4.97890369722813e-05
464508766;LD2;0.000532571933801767
464508796;LD2;0.000219570125277929
464508805;LD2;4.48103599200804e-05
464508835;LD2;3.20070637390512e-06
464508868;LD2;9.67244340437495e-06
468600729;LD2;1.0195248265403e-06
468600762;LD2;1.9426883371176e-05
468600801;LD2;0.000528800813915678
468600831;LD2;0.000161911982136808
468600846;LD2;3.76138410921518e-05
468600951;LD2;4.41563998038845e-07
468600964;LD2;0.00087132106677262
468601029;LD2;6.96005714166305e-05
470145264;LD2;0.000256588010649124
470145297;LD2;4.30331736411209e-07
470145327;LD2;0.000375510865315779
470145336;LD2;0.000131990836634543
470145366;LD2;0.000360419805871985
470145381;LD2;0.000134601540547134
470145486;LD2;3.09165211108048e-06
470145499;LD2;0.000819285886276757
470145504;LD2;5.18955221031726e-06
470145564;LD2;1.25822902846481e-05
481185305;LD2;2.33082299978876e-05
481185365;LD2;1.83779388792557e-05
481185370;LD2;5.437346865385e-05
481185392;LD2;5.17773372921087e-06
481185488;LD2;1.74394189565028e-05
481185503;LD2;7.05939825294147e-06
481185533;LD2;1.30153847200117e-05
481185542;LD2;5.65155383201976e-05
481185572;LD2;0.000244437845072244
481185605;LD2;6.01542051458567e-07
481226969;LD2;0.000134651091105638
481227002;LD2;2.39376872486866e-05
481227032;LD2;6.17247888698474e-05
481227041;LD2;9.84311183454627e-05
481227071;LD2;0.000365831281970972
481227086;LD2;1.73295065007064e-05
481227182;LD2;0.000109289804033646
481227191;LD2;2.71133544407723e-05
481227204;LD2;9.00629661506268e-07
481227209;LD2;7.66496974958574e-07
481227269;LD2;4.96334487540573e-05
481977257;LD2;2.93227363790223e-07
481977322;LD2;6.17486497965247e-09
481977335;LD2;5.18929616128766e-06
481977344;LD2;0.000112702359007901
481977440;LD2;4.97685947287838e-07
481977455;LD2;3.33302215104465e-06
481977485;LD2;7.94151526755532e-05
481977494;LD2;4.78654034820813e-06
481977524;LD2;3.73508221358352e-07
481977557;LD2;1.06219437180401e-05
483359500;LD2;0.00102810703591141
483359565;LD2;0.000268729894510349
483359683;LD2;2.68142767833079e-05
483359698;LD2;0.000109744719593241
483359728;LD2;0.000260527175795348
483359737;LD2;5.25331157344987e-06
483359767;LD2;0.0004945372049573
483359800;LD2;5.95835051113923e-05
492302488;LD2;2.34942800096728e-05
492302521;LD2;2.63092078531529e-05
492302551;LD2;1.39730416486426e-05
492302560;LD2;0.000303510469532462
492302590;LD2;1.36811405183992e-05
492302605;LD2;0.00010472748397965
492302723;LD2;0.000369698070902758
492302788;LD2;3.52624151721974e-05
494734035;LD2;0.000125830017299169
494734065;LD2;1.50755616036621e-05
494734119;LD2;0.000204331435018629
494734214;LD2;8.9122905124203e-05
494734223;LD2;0.000349357139756911
494734235;LD2;0.000472903790518205
494734241;LD2;0.000495838937623394
494734301;LD2;9.80953940075307e-05
494938576;LD2;2.80614292170405e-09
494938609;LD2;4.69434465670216e-05
494938639;LD2;8.48166882441368e-05
494938648;LD2;4.46692053266856e-08
494938678;LD2;0.000220171743787185
494938693;LD2;1.81181435373448e-09
494938698;LD2;5.68931806188791e-06
494938789;LD2;4.49656483700379e-06
494938798;LD2;1.88775187412626e-05
494938811;LD2;3.8455760512099e-05
494938816;LD2;1.48976740870281e-06
494938876;LD2;1.27560295526707e-06
494938889;LD2;0
496871574;LD2;3.22217372954332e-05
496871634;LD2;0.00045072050526472
496871640;LD2;1.71468689186769e-06
496871652;LD2;0.000159518773032164
496871661;LD2;3.68397038835238e-05
496871667;LD2;1.53160448987388e-05
496871757;LD2;3.43681484021297e-05
496871772;LD2;9.84856076824321e-05
496871802;LD2;3.51568374392094e-07
496871811;LD2;0.000270911573594408
496871841;LD2;9.86377683177788e-07
496871874;LD2;4.521613945729e-07
499378767;LD2;0.000101793177160792
499378800;LD2;5.02087711652933e-05
499378830;LD2;4.94887698405559e-05
499378839;LD2;0.000104601742494677
499378869;LD2;2.02830192970643e-06
499378884;LD2;1.23567837235971e-05
499378980;LD2;3.98303229809071e-05
499379002;LD2;7.79824143025979e-06
499379067;LD2;0.000286709502831272
502532174;LD2;7.05195510634448e-07
502532234;LD2;2.19230943065785e-05
502532239;LD2;2.09162746841227e-05
502532252;LD2;1.29685303950891e-06
502532261;LD2;1.14265729685365e-05
502532357;LD2;6.55257518869261e-07
502532372;LD2;1.34526758444951e-06
502532402;LD2;1.52275698887479e-06
502532411;LD2;5.39937017386875e-06
502532441;LD2;3.50657497935479e-05
502532474;LD2;1.99402809489086e-06
506921594;LD2;0.000305588407905648
506921624;LD2;1.51744894211945e-08
506921696;LD2;0.000179090498091922
507346305;LD2;0.000133606224853191
507346338;LD2;1.5135459597527e-07
507346368;LD2;0.000205150500628528
507346377;LD2;0.000256633289184554
507346407;LD2;0.000107077897690267
507346422;LD2;3.40579458624609e-07
507346540;LD2;9.67942379019477e-05
507346545;LD2;4.51240394898902e-06
508538731;LD2;8.91255810762446e-05
508538764;LD2;3.34831226525395e-06
508538794;LD2;2.4958448784212e-05
508538803;LD2;3.29596043991063e-05
508538833;LD2;7.19039796773713e-05
508538848;LD2;5.65319749083046e-06
508538944;LD2;3.7218748187308e-06
508538953;LD2;1.92575926047553e-05
508538966;LD2;2.16954316291145e-07
508538971;LD2;1.94750849430747e-06
508539031;LD2;1.81470970716011e-07
509647141;LD2;9.97224561780918e-06
509647172;LD2;6.94672966395093e-06
509647174;LD2;1.04655771697089e-07
509647204;LD2;1.77288055494878e-05
509647213;LD2;5.17028846385108e-05
509647243;LD2;0.000117828841955825
509647256;LD2;7.80847371448783e-06
509647258;LD2;1.4490212425029e-07
509647352;LD2;2.98174328471322e-05
509647354;LD2;8.36065062455753e-08
509647361;LD2;3.29103065919623e-05
509647363;LD2;4.96294327189877e-07
509647373;LD2;2.7139410563562e-05
509647376;LD2;2.65343894964269e-05
509647379;LD2;2.76638795139958e-05
509647381;LD2;1.16745007557225e-05
509647439;LD2;9.33823713820377e-05
509647441;LD2;1.05777312307001e-05
511500342;LD2;1.24010660014974e-05
511500372;LD2;1.71496384641003e-07
511500426;LD2;1.41720561818325e-05
511500522;LD2;6.13658330405612e-07
511500531;LD2;5.80878995141951e-07
511500543;LD2;1.23837555689728e-05
511500549;LD2;4.16415533630831e-06
511500609;LD2;5.93029694188312e-06
511911165;LD2;4.98702133061957e-06
511911249;LD2;3.06273952308608e-05
511911345;LD2;2.39390216151634e-06
511911354;LD2;4.23839348560041e-06
511911366;LD2;5.981849247013e-05
511911372;LD2;0.000314941055691264
511911432;LD2;5.51881823441188e-05
515395226;LD2;2.39532902185305e-08
515395289;LD2;5.7106977826719e-05
515395298;LD2;1.54997038307529e-05
515395328;LD2;3.96689228182645e-07
515395343;LD2;3.20722429387151e-05
515395439;LD2;9.58797259304995e-06
515395448;LD2;1.10298589339782e-05
515395526;LD2;5.08817463183776e-05
525285939;LD2;3.955943684662e-06
525285969;LD2;3.66733253103716e-06
525286023;LD2;0.000258989561053683
525286119;LD2;2.10025044602871e-06
525286128;LD2;0.000213452229438238
525286140;LD2;1.0680459441556e-05
525286146;LD2;4.96644602148101e-05
525286206;LD2;0.000367787249486282
526833293;LD2;8.44495487909062e-05
526833326;LD2;8.12126014354336e-05
526833356;LD2;8.76277154614391e-05
526833365;LD2;8.18132974186986e-05
526833395;LD2;0.000111597644126838
526833500;LD2;1.17034238789701e-05
526833506;LD2;0.000347523294782186
526833515;LD2;2.18110986559574e-05
526833528;LD2;0.000117424391851623
526833533;LD2;0.000262605295977344
526833593;LD2;0.000326086258407241
526923800;LD2;3.31748445497778e-07
526923860;LD2;0.000163751147021688
526923865;LD2;5.11176979167771e-05
526923878;LD2;0.000161019987004682
526923887;LD2;9.84447658003848e-05
526923983;LD2;0.00017599210125073
526923998;LD2;6.48697514272243e-06
526924028;LD2;5.7317005065061e-07
526924037;LD2;5.31792437316553e-05
526924067;LD2;2.74987437309931e-05
526924100;LD2;2.53292767649101e-06
531604235;LD2;1.53496652074657e-05
531604262;LD2;2.08028452482271e-05
531604298;LD2;2.493575374552e-05
531604306;LD2;2.99198253500903e-06
531604325;LD2;1.52154963637723e-05
531604334;LD2;7.72543775327826e-05
531604352;LD2;4.23692715994614e-05
531604448;LD2;4.41492235747312e-06
531604452;LD2;2.2793313924442e-05
531604457;LD2;4.96018814234902e-06
531604469;LD2;5.85018729016661e-08
531604475;LD2;2.31205076590168e-05
532846551;LD2;1.08951215993068e-05
532846584;LD2;1.62340560508918e-06
532846614;LD2;1.82445478832859e-06
532846623;LD2;5.99464638890006e-06
532846653;LD2;1.65715434755359e-05
532846668;LD2;3.49700877534547e-05
532846764;LD2;2.35716865400522e-05
532846773;LD2;3.09910736163982e-05
532846786;LD2;0.000103840342117226
532846791;LD2;5.96000519331325e-05
532846851;LD2;0.000169646307966391
535291571;LD2;5.27445535671829e-05
535291604;LD2;3.61001380277311e-06
535291634;LD2;2.81030180805923e-05
535291643;LD2;6.71734422062635e-05
535291673;LD2;0.000233592660632694
535291688;LD2;1.62502392622578e-08
535291784;LD2;0.000214080944613508
535291793;LD2;7.3702336052699e-07
535291806;LD2;0.000358452384773549
535291811;LD2;6.35457620071377e-07
535291871;LD2;0.000184889184969983
536089376;LD2;0.000208337126829894
536089406;LD2;2.75824664597734e-05
536089445;LD2;5.58435574706337e-06
536089460;LD2;5.2989470222005e-06
536089565;LD2;1.38868231719502e-07
536089577;LD2;9.33570962860624e-05
536089583;LD2;2.78607565093052e-05
536089643;LD2;3.14460431620875e-08
536289367;LD2;5.22021818471773e-05
536289373;LD2;0.000301924629819718
536289394;LD2;8.60012398507484e-05
536289490;LD2;1.1217701694439e-05
536289508;LD2;0.00046642159528113
536289517;LD2;4.71952666639673e-05
536289536;LD2;0.000889874060503102
536289544;LD2;0.000147423116424989
536289574;LD2;0.000456032543281864
536289580;LD2;0.000171295106834958
536289607;LD2;0.00104320413715767
539364956;LD2;2.09912851190711e-05
539365016;LD2;5.04993047106323e-07
539365021;LD2;8.25989698269655e-06
539365034;LD2;5.92958955694106e-06
539365043;LD2;7.40247374681547e-05
539365139;LD2;2.01409938284137e-05
539365154;LD2;1.28558629153281e-06
539365184;LD2;2.5824378854715e-05
539365193;LD2;7.71480564025403e-06
539365223;LD2;2.43677279158453e-06
539365256;LD2;2.70153216178962e-05
540445999;LD2;9.29631500921226e-05
540446032;LD2;6.03838118590734e-06
540446062;LD2;1.77557965716213e-06
540446071;LD2;2.58616995191784e-06
540446101;LD2;6.88209157860173e-06
540446116;LD2;3.78795880636224e-05
540446212;LD2;9.96268189944081e-06
540446221;LD2;5.62319041977327e-05
540446234;LD2;4.68644704431225e-05
540446239;LD2;1.75157563639744e-06
540446299;LD2;1.01158357840241e-06
541855526;LD2;7.24763068395184e-05
541855531;LD2;0.000197764839065549
541855544;LD2;7.70821836984857e-07
541855553;LD2;5.37043926695267e-05
541855559;LD2;3.50193968347359e-05
541855649;LD2;1.46691874834095e-05
541855664;LD2;1.75018082766768e-07
541855694;LD2;0.0001452340876557
541855703;LD2;1.92924722268828e-05
541855733;LD2;2.81354049165417e-06
541855766;LD2;5.06854469008617e-05
545261496;LD2;0.00030062907356363
545261508;LD2;0.000439788068396576
545261517;LD2;3.97254993820069e-06
545261631;LD2;0.000416240496579677
545261640;LD2;3.08573995194184e-06
545261659;LD2;0.000476538623191221
545261667;LD2;2.68412979502033e-05
545261697;LD2;6.51585362721632e-05
545261703;LD2;1.0671881764132e-05
545261730;LD2;9.7837146407797e-06
545312852;LD2;7.61298858521072e-06
545312882;LD2;4.3267780654302e-06
545312936;LD2;5.79455013108461e-05
545313032;LD2;4.97055266598164e-06
545313041;LD2;6.59930484283697e-06
545313053;LD2;1.96457750578271e-08
545313059;LD2;4.68422570362793e-06
545313119;LD2;4.78135783805072e-06
547926564;LD2;0.000624928590403223
547926566;LD2;4.40342714284992e-05
547926624;LD2;0.000134832645542516
547926626;LD2;0.000711788565833083
547926629;LD2;0.000754894050406815
547926632;LD2;0.000180708269551072
547926651;LD2;5.11490246815384e-07
547926653;LD2;2.14603598719255e-05
547926657;LD2;0.000841108874399975
547926659;LD2;7.44159139268487e-06
547926747;LD2;0.000629915230068748
547926762;LD2;0.000456158198569198
547926792;LD2;0.000383049995010512
547926801;LD2;4.98492582699281e-05
547926831;LD2;1.13865088395242e-05
547926833;LD2;4.84666817963463e-05
547926864;LD2;0.0010839509884716
548144971;LD2;1.45025526344846e-05
548145004;LD2;9.41128169857949e-06
548145034;LD2;5.85830465017036e-06
548145043;LD2;3.92455707552503e-06
548145073;LD2;1.47743750623748e-05
548145088;LD2;2.06740495433123e-05
548145184;LD2;1.87024292104052e-05
548145193;LD2;3.80435417384772e-05
548145206;LD2;1.0079511752221e-05
548145211;LD2;4.44702374733065e-06
548145271;LD2;2.27295158397796e-05
558903875;LD2;1.41476405478916e-05
558903908;LD2;2.74579761685416e-06
558903938;LD2;4.87053985585144e-05
558903947;LD2;2.01630669110741e-05
558903977;LD2;1.65745117397228e-05
558903992;LD2;2.91352245981631e-06
558904088;LD2;1.8322716865357e-06
558904097;LD2;2.04011468609788e-05
558904110;LD2;6.28301081263868e-06
558904115;LD2;5.06716479867121e-05
558904175;LD2;4.28367655629151e-05
561871347;LD2;8.58941536754855e-06
561871407;LD2;3.36943401342765e-05
561871412;LD2;0.000279549561872418
561871425;LD2;4.99504740398809e-05
561871530;LD2;8.05524016721511e-07
561871545;LD2;1.69857445992674e-05
561871575;LD2;0.00010875261740329
561871584;LD2;6.16592427197614e-07
561871614;LD2;3.20978446757878e-05
561871647;LD2;4.30019130347829e-07
564275103;LD2;8.15003749094444e-08
564275109;LD2;3.85704602813892e-05
564275121;LD2;8.6507889545824e-06
564275130;LD2;2.18051932985496e-05
564275226;LD2;6.098314171233e-05
564275310;LD2;5.94215497939004e-06
564791071;LD2;8.30152098018898e-05
564791104;LD2;5.2665091539911e-05
564791134;LD2;4.69517927567173e-05
564791143;LD2;8.39763041168524e-05
564791188;LD2;2.88564095822351e-07
564791278;LD2;0.00014326537090867
564791284;LD2;9.57314362582106e-08
564791293;LD2;0.000121565307699068
564791306;LD2;3.05004104699684e-07
564791311;LD2;2.64665614109416e-06
564791371;LD2;4.0533552460703e-06
565514649;LD2;3.34115920199794e-05
565514682;LD2;3.65159183436677e-05
565514712;LD2;4.06423573102936e-05
565514721;LD2;2.17466879347497e-06
565514751;LD2;1.87903087959137e-05
565514766;LD2;1.5717733852393e-05
565514871;LD2;1.37101792582632e-05
565514884;LD2;2.06921001159422e-06
565514949;LD2;3.87773525974211e-06
573947785;LD2;9.77854995558734e-05
573947818;LD2;2.90487833362805e-05
573947848;LD2;0.000558565633051217
573947857;LD2;0.000643575761789564
573947887;LD2;0.000543204455797461
573947998;LD2;3.36193273533791e-05
573948007;LD2;1.5882422217465e-06
582999253;LD2;6.79387583460419e-09
582999284;LD2;5.93857256886057e-06
582999286;LD2;2.26401717291125e-05
582999316;LD2;0.000118227937788294
582999325;LD2;5.29200634803979e-06
582999355;LD2;5.98854623310598e-06
582999368;LD2;1.96580985212193e-05
582999370;LD2;3.18082786039977e-05
582999461;LD2;4.53640871630137e-06
582999464;LD2;3.50489921443664e-05
582999466;LD2;1.87259576999707e-05
582999473;LD2;9.78682830742578e-06
582999475;LD2;9.05437255542565e-05
582999485;LD2;1.52439691166754e-05
582999488;LD2;3.09003127311092e-07
582999491;LD2;8.13932418300314e-05
582999493;LD2;0.000119761492533857
582999551;LD2;1.62855368411993e-05
582999553;LD2;2.78534279571914e-05
583996508;LD2;0.000186368038330447
583996541;LD2;6.6405678520149e-07
583996571;LD2;1.439483258063e-05
583996580;LD2;8.34172754283036e-05
583996610;LD2;0.000186853824940784
583996625;LD2;3.44074510292548e-05
583996721;LD2;0.000188835796370888
583996730;LD2;0.00017923843493845
583996743;LD2;5.74503189673353e-06
583996748;LD2;4.40927868933963e-06
583996808;LD2;5.25698469371768e-05
8525538;LD2;0.000232456006698704
8525562;LD2;3.90347964296205e-05
8525583;LD2;1.44253693905055e-05
8525831;LD2;0.000125024644805838
8525861;LD2;2.11907675668452e-05
8525865;LD2;3.29316407695765e-05
8525876;LD2;2.42769159182466e-05
8525911;LD2;9.71198557559613e-07
10947305;LD2;0.000105715247342422
10947365;LD2;0.000107105648990508
10947370;LD2;1.55443806750685e-05
10947392;LD2;2.25836111159474e-05
10947533;LD2;1.80485314181422e-07
10947542;LD2;2.603975542639e-06
10947605;LD2;0.00012050106960927
29906905;LD2;5.07534767276518e-06
29906968;LD2;1.19577676625413e-05
29906977;LD2;0.000122445467721891
29907007;LD2;0.000181736606120625
29907022;LD2;1.24156611413312e-05
29907127;LD2;0.00011303684470204
29907140;LD2;4.05595328095411e-06
29907205;LD2;1.6837328096405e-05
36423414;LD2;0.000420208757677026
36423480;LD2;3.02787176744564e-07
36423597;LD2;0.000290622313204492
36423642;LD2;3.48216066206988e-07
36423651;LD2;9.81475123614727e-05
36423681;LD2;4.86922044698722e-06
53791043;LD2;1.21147317523431e-07
53791103;LD2;0.000286173498127149
53791108;LD2;0.000309339285733251
53791121;LD2;5.30714699362053e-05
53791226;LD2;1.70695207527957e-06
53791280;LD2;1.83127978124313e-06
53791310;LD2;7.76592375467401e-06
53791343;LD2;1.81460370597439e-06
59898541;LD2;2.3082183814942e-05
59898574;LD2;1.20111694365866e-05
59898604;LD2;2.85733728373575e-06
59898613;LD2;5.15419115248001e-05
59898643;LD2;3.78932903997493e-08
59898658;LD2;3.12767956387044e-06
59898754;LD2;5.19561292636408e-05
59898763;LD2;1.6378868167776e-05
59898776;LD2;0.000202769918433715
59898781;LD2;1.09095894893002e-05
59898841;LD2;7.59408455726757e-05
67421268;LD2;4.94528879959373e-07
67421331;LD2;7.38196699775349e-05
67421370;LD2;0.000105371148597774
67421385;LD2;1.63060215458377e-06
67421481;LD2;1.79929272988897e-05
67421490;LD2;2.21785570588732e-05
67421503;LD2;0.000327457431294617
67421508;LD2;7.36606363346523e-05
67421568;LD2;0.00058640251015336
71668586;LD2;0.000699660715399212
71668619;LD2;0.000463368136919143
71668649;LD2;9.8413583467038e-05
71668658;LD2;0.000294471161377175
71668688;LD2;4.70320422547321e-06
71668703;LD2;4.68654186428067e-05
71668799;LD2;0.000177221464246038
71668808;LD2;9.58825151742061e-05
71668821;LD2;0.000292616622744968
71668826;LD2;0.000211557574163785
71668886;LD2;0.000164735927946969
71748915;LD2;0.000340853064740464
71748948;LD2;3.26361069029766e-05
71748978;LD2;2.32918006124734e-05
71748987;LD2;1.23887959144892e-06
71749017;LD2;0.000468391357858347
71749032;LD2;9.16726949709448e-05
71749140;LD2;3.44671960161697e-05
71749153;LD2;0.000119036183970979
71749158;LD2;0.000407191890596294
82314749;LD2;0.000137819354048399
82314782;LD2;4.77739449077905e-06
82314812;LD2;8.86700371627093e-06
82314821;LD2;0.000152320570370085
82314851;LD2;6.34954406795897e-05
82314866;LD2;8.97518863572925e-06
82314971;LD2;1.27879896498547e-05
82314984;LD2;1.03238584329884e-05
82315049;LD2;7.5126360944072e-07
102149561;LD2;5.43896563067955e-05
102149626;LD2;0.00050017989439648
102149648;LD2;5.88682945712872e-05
102149744;LD2;1.30055545027593e-05
102149759;LD2;3.8797660844931e-05
102149789;LD2;0.000534888845362136
102149798;LD2;2.16288300075471e-05
102149828;LD2;7.70292236342538e-06
102149861;LD2;0.000212993755307922
108206345;LD2;8.11915515468899e-05
108206405;LD2;8.47167060977954e-05
108206410;LD2;0.000399137502042944
108206423;LD2;6.37336865112819e-06
108206432;LD2;9.64440542068041e-06
108206528;LD2;1.55861560949857e-05
108206543;LD2;1.07274537818685e-05
108206573;LD2;1.25888603322063e-05
108206582;LD2;1.13784358378958e-06
108206612;LD2;0.000397775204497293
110691006;LD2;0.00024935303408099
110691036;LD2;0.00029060508426941
110691090;LD2;2.93057854027736e-05
110691195;LD2;0.000429081471735575
110691207;LD2;0.000161099691219629
110691213;LD2;5.29192701901227e-05
110691273;LD2;1.25246531450044e-05
126757361;LD2;0.000218134194737557
126757421;LD2;2.6175211582768e-05
126757426;LD2;3.80246891234003e-05
126757544;LD2;0.000145476103610834
126757559;LD2;7.84958708733711e-05
126757589;LD2;6.99809330941105e-05
126757598;LD2;4.0926664998182e-06
126757628;LD2;0.00013310676949912
126757661;LD2;0.000149196164270837
144320127;LD2;1.53993419684324e-05
144320250;LD2;4.20767198694036e-05
144320304;LD2;1.2771715403832e-07
161456066;LD2;2.58969832351035e-05
161456078;LD2;1.37639141335746e-05
161456083;LD2;7.48135087951135e-08
161456087;LD2;1.82440122767445e-05
161456183;LD2;0.000109537049773386
161456201;LD2;0.000198995727398602
161456210;LD2;0.000156179854523812
161456229;LD2;1.20427342126722e-06
161456237;LD2;2.95123419289452e-06
161456267;LD2;0.000168115192614284
161456273;LD2;3.87217631545106e-06
161456300;LD2;7.00504370897348e-05
225059109;LD2;1.95941654829825e-05
225059142;LD2;0.000184046003813536
225059172;LD2;1.36953040988932e-05
225059181;LD2;8.00140198395804e-06
225059211;LD2;1.75366126118058e-06
225059226;LD2;0.00012943128233197
225059321;LD2;0.000104847865767272
225059330;LD2;0.000191052931394624
225059343;LD2;0.000537870294108552
225059348;LD2;8.40759956144211e-05
225059408;LD2;0.000139896317114592
295043953;LD2;7.35568651377159e-05
295044013;LD2;0.000679503158403606
295044018;LD2;4.12015499611089e-05
295044031;LD2;2.19249267384416e-07
295044136;LD2;1.44522216692019e-05
295044151;LD2;7.33846911199854e-06
295044181;LD2;4.41380062452911e-07
295044190;LD2;2.24481316390386e-06
295044220;LD2;9.00553336925092e-06
295044253;LD2;0.000154954390645722
314693332;LD2;0.00129181581035657
314693362;LD2;0.000279642634758274
314693401;LD2;0.000706420016591413
314693416;LD2;0.000132423971056061
314693521;LD2;9.40560721522103e-05
314693533;LD2;0.000112927071960304
385491369;LD2;0.00030373768605968
385491429;LD2;4.98422461623156e-05
385491435;LD2;0.000581782245263424
385491447;LD2;1.81708070654288e-05
385491456;LD2;6.53376484321243e-06
385491552;LD2;3.24966253375112e-05
385491606;LD2;0.000121510358198817
385491636;LD2;5.31245906533439e-05
396969946;LD2;2.74431858872485e-05
396969979;LD2;1.71799837887159e-06
396970009;LD2;0.000125319200551905
396970018;LD2;0.00020612022139971
396970048;LD2;9.43033297159934e-07
396970063;LD2;8.69827155202919e-06
396970159;LD2;5.88308908991054e-05
396970168;LD2;1.92306373836482e-05
396970181;LD2;0.000134086107964264
396970186;LD2;2.35816687523387e-05
396970246;LD2;6.23917983591876e-07
398255618;LD2;4.51299917903062e-07
398255678;LD2;3.17525069301746e-05
398255801;LD2;5.50668000709011e-06
398255816;LD2;3.69762991543178e-06
398255846;LD2;2.97175907679872e-05
398255855;LD2;6.28851748562825e-05
398255885;LD2;8.3135132588193e-06
398255918;LD2;6.97447860134404e-05
399195804;LD2;9.08019980308328e-05
399195837;LD2;3.06286342814483e-05
399195867;LD2;3.03995124337705e-05
399195876;LD2;3.79861785249294e-05
399195906;LD2;4.97492073616883e-06
399196017;LD2;3.19749411232006e-05
399196026;LD2;8.98043410339294e-06
399196039;LD2;3.29868679650144e-06
399196044;LD2;2.13863053656956e-06
399196104;LD2;4.03869707221543e-05
399838826;LD2;4.73126490069199e-05
399838859;LD2;3.21790685511359e-05
399838889;LD2;5.73079713546321e-06
399838898;LD2;9.31174197589288e-08
399838928;LD2;6.31797739434892e-07
399839039;LD2;9.70195524502422e-06
399839048;LD2;1.66490333310115e-05
399839061;LD2;4.16861159291683e-05
399839066;LD2;8.69088423216115e-05
412990389;LD2;0.000595600376579245
412990449;LD2;0.000199671709363455
412990454;LD2;0.000498452482552029
412990467;LD2;0.000636202211894509
412990476;LD2;6.05093430195799e-05
412990572;LD2;6.24020323306281e-05
412990587;LD2;0.000262654100673675
412990617;LD2;0.000160206198826569
412990626;LD2;1.77167476506346e-10
412990656;LD2;0.00022685899313038
412990689;LD2;1.48017608795608e-05
421100118;LD2;4.91440850180016e-05
421100183;LD2;5.86000413811914e-07
421100318;LD2;2.55686141544295e-05
425191845;LD2;1.0506429548999e-05
425191857;LD2;2.54467034748224e-06
425191862;LD2;1.30355974260056e-05
425191866;LD2;3.88403481279647e-06
425191960;LD2;3.31470956226933e-05
425191978;LD2;0.000153231795240652
425191987;LD2;4.55580302029385e-06
425192006;LD2;1.31386205902136e-06
425192014;LD2;0.000243384604288545
425192044;LD2;0.000346781506569508
425192050;LD2;0.000393322698700605
425192077;LD2;7.17813564041587e-06
425712015;LD2;0.000247701494759806
425712075;LD2;4.14141462994572e-06
430615199;LD2;4.24863414030774e-05
430615260;LD2;2.5957252265158e-12
430615262;LD2;9.96397726183658e-05
430615271;LD2;5.54987813892952e-05
430615301;LD2;5.02394386042757e-06
430615314;LD2;1.34330840640584e-05
430615316;LD2;7.09877003380607e-07
430615412;LD2;0.000311514824623151
430615421;LD2;1.49504051537442e-05
430615431;LD2;0.000137209347240383
430615434;LD2;0.000426129714111137
430615437;LD2;4.60809860895718e-05
430615439;LD2;8.33410059752148e-05
430615497;LD2;6.67592346661005e-07
430615499;LD2;0.000147939632492128
431545071;LD2;1.77511928675182e-05
431545125;LD2;1.7104258035479e-06
431545230;LD2;2.22740640783647e-06
431545242;LD2;4.00203873697456e-06
431545248;LD2;1.1806255731178e-05
431545308;LD2;9.91077723999855e-05
440925368;LD2;0.000302392330101288
440925380;LD2;2.12282759827208e-05
440925389;LD2;2.50007792375506e-08
440925485;LD2;0.000111947983666823
440925495;LD2;3.48627389719494e-05
440925503;LD2;5.04479968627513e-10
440925539;LD2;0.000220043129176621
440925569;LD2;0.00101862750984747
466431082;LD2;3.8788710030319e-05
466431088;LD2;0.000136508740884717
466431105;LD2;1.540100845553e-05
466431109;LD2;3.86919403451403e-07
466431205;LD2;3.18583979384819e-05
466431223;LD2;2.68464196669497e-05
466431232;LD2;0.000246236329932494
466431251;LD2;5.29217040074555e-06
466431259;LD2;5.45431781585947e-06
466431289;LD2;8.82160619341039e-06
466431295;LD2;8.17567046540051e-05
466431322;LD2;2.74740403109759e-05
475738991;LD2;0.000299663910171294
475739051;LD2;9.79687074783671e-05
475739056;LD2;0.000446864531714585
475739069;LD2;0.000488612503110505
475739174;LD2;0.000103964315762562
475739189;LD2;0.000148849619574679
475739219;LD2;0.000233762040052332
475739228;LD2;0.000471848505189147
475739258;LD2;3.24172814991532e-05
491806533;LD2;4.63610932793876e-07
491806566;LD2;8.65653058998211e-05
491806596;LD2;1.90409607399565e-05
491806605;LD2;0.000105763077692574
491806635;LD2;0.000213376108983887
491806650;LD2;0.000198076801321743
491806740;LD2;0.00024378141248361
491806749;LD2;0.000300371346770119
491806762;LD2;4.28329246574524e-05
491806767;LD2;0.000132397583540025
491806827;LD2;5.86166402417303e-05
492316627;LD2;2.15156145181063e-05
492316660;LD2;0.000236624162015776
492316690;LD2;0.000600678388451821
492316699;LD2;2.57933790554515e-05
492316729;LD2;3.06520855145025e-06
492316849;LD2;2.91137408299032e-05
492316861;LD2;5.52877368892777e-06
492316927;LD2;5.74086623523653e-05
498941252;LD2;6.39477752320039e-06
498941285;LD2;1.29294791217193e-05
498941315;LD2;1.37058700077557e-05
498941354;LD2;9.19047383496314e-07
498941465;LD2;4.93764712475833e-05
498941487;LD2;9.35231379241153e-06
498941552;LD2;3.30033646919491e-05
510729807;LD2;0.000210321288541301
510729867;LD2;2.76146523399865e-05
510729872;LD2;9.57697827911588e-07
510729885;LD2;7.08981008729952e-05
510729894;LD2;2.10844666377588e-05
510729990;LD2;3.90602906682226e-06
510730005;LD2;7.5813311365221e-05
510730035;LD2;0.000131355297686604
510730044;LD2;7.66544124873309e-06
510730074;LD2;2.41776019624123e-05
510730107;LD2;1.73844023565002e-05
513270290;LD2;4.17327847190145e-05
513270353;LD2;3.77681645190106e-06
513270362;LD2;0.000150923161081582
513270392;LD2;5.90621657286945e-06
513270407;LD2;9.27801212425077e-07
513270512;LD2;2.19865901939972e-05
513270525;LD2;1.29937406198947e-05
513270530;LD2;2.57486301475736e-05
513270590;LD2;5.7861386099039e-05
526525219;LD2;1.86207992067815e-06
526525285;LD2;1.23707808602503e-07
526525402;LD2;2.89364125122211e-05
526525456;LD2;0.000178802368719662
526525486;LD2;4.10756328475194e-05
