CpG;LD;Loading
17489399;LD1;1.71462246690947e-05
17489405;LD1;7.28777182278155e-05
17489504;LD1;2.83781596680901e-05
17489557;LD1;2.23496086456828e-06
17489576;LD1;5.39446154035049e-05
17489626;LD1;0.00153544359425138
17489649;LD1;9.179269195768e-06
17489667;LD1;1.00304356645837e-05
21832620;LD1;3.77771127490051e-05
21832638;LD1;2.29843633177739e-05
21832663;LD1;3.44896520222119e-05
21832671;LD1;2.09926782238701e-08
21832695;LD1;1.31651629184956e-08
21832709;LD1;3.31125907044359e-07
21832718;LD1;1.89635721014294e-06
21832771;LD1;1.37220388544154e-06
21832799;LD1;0.000630178959912307
21832839;LD1;2.050107710842e-05
21832859;LD1;1.72770437616418e-05
24767055;LD1;3.18918078366978e-05
24767126;LD1;4.20836859571731e-06
24767152;LD1;7.78768240137269e-07
24767190;LD1;2.22838623186332e-06
24767216;LD1;1.25657041261207e-06
24767230;LD1;2.25209552220514e-05
24767232;LD1;5.96073805554498e-05
24767241;LD1;7.4378331718875e-07
24767243;LD1;1.12099163082662e-05
24767262;LD1;5.08718640361026e-07
27184919;LD1;2.41489298248347e-06
28245052;LD1;1.57803155948034e-07
28245104;LD1;2.92060834396536e-06
28245110;LD1;5.97419230595586e-06
28245124;LD1;1.3817639444492e-06
28245128;LD1;6.83797401766391e-08
28245169;LD1;5.99865345628383e-07
28245181;LD1;8.3273758650803e-06
30494734;LD1;5.46476526855535e-05
30494777;LD1;5.96972560530635e-06
30494784;LD1;6.27171651780854e-06
30494849;LD1;3.20716660613198e-06
30494870;LD1;0.00023475024905159
30494920;LD1;1.33755623485569e-05
41958629;LD1;2.56577689045105e-05
41958638;LD1;1.36061120989371e-05
41958651;LD1;0.000149384611464803
41958690;LD1;1.25231261394138e-05
41958698;LD1;4.34441599904139e-07
41958711;LD1;7.8152549600704e-05
41958719;LD1;5.17815832788211e-05
41958729;LD1;1.41029913468616e-05
56903973;LD1;7.97462117936777e-07
56904025;LD1;1.57574945184973e-05
56904031;LD1;0.000435575377032267
56904070;LD1;0.000455144932889878
56904088;LD1;8.13719176438429e-05
56904124;LD1;2.77052246181362e-05
56904214;LD1;1.61977286250224e-05
57212353;LD1;4.11759110879947e-06
57212363;LD1;7.04394075612317e-08
57212373;LD1;4.43196453590749e-07
57212413;LD1;2.72524294449919e-06
57212441;LD1;5.77327243866997e-06
57212488;LD1;4.345901473426e-06
57212494;LD1;3.79912708188669e-06
57212503;LD1;8.09284886950815e-07
57212545;LD1;1.07074949575052e-11
57212549;LD1;1.00210882143309e-05
57212574;LD1;0.00100463999568888
57212592;LD1;8.99668668285216e-06
57476013;LD1;9.62114070345659e-06
57476020;LD1;1.19353243288957e-06
57476056;LD1;2.42074348493299e-06
57476066;LD1;3.29490476426028e-05
57476070;LD1;1.60524659193052e-05
57476101;LD1;3.47683203344211e-05
57476113;LD1;9.08928860879618e-06
57476159;LD1;6.392900475438e-07
57476169;LD1;3.00106782073764e-05
57476173;LD1;1.37819369967621e-05
57476204;LD1;2.81344602559358e-05
57476216;LD1;1.65349714762992e-06
57476275;LD1;2.39828406541879e-05
57520959;LD1;1.22575857348897e-06
57521056;LD1;2.00564079297275e-05
57521115;LD1;1.82573744262741e-05
57521142;LD1;1.00918169727821e-05
57521161;LD1;7.57479260415032e-06
58150174;LD1;7.56494419808443e-06
58150195;LD1;1.22755405106638e-05
58150205;LD1;0.000248645376301929
58150226;LD1;4.86780803362732e-06
58150229;LD1;0.000590667274673416
58150303;LD1;4.97471529393337e-06
58150306;LD1;0.000592969643866072
58150366;LD1;0.000192744275228537
58150397;LD1;0.000100390770523405
58323768;LD1;1.778281220418e-06
58323882;LD1;4.28502345462778e-06
59056698;LD1;0.000308979337116451
59056705;LD1;0.000452713863995784
59056719;LD1;0.000116735694658304
59056743;LD1;4.80967685439106e-05
59056755;LD1;0.00081931938823887
59056787;LD1;0.0011891098542411
59056897;LD1;0.000174486991783679
59092139;LD1;4.19235250450124e-05
59463533;LD1;1.85790057185107e-06
59463577;LD1;3.85867395677531e-06
59463611;LD1;7.83078905881364e-07
59463647;LD1;1.21024032926024e-05
59463651;LD1;7.99820787041991e-06
59677252;LD1;2.81906990827017e-06
59677294;LD1;6.08873558167962e-06
59702572;LD1;3.64160024457428e-05
59702619;LD1;8.92947977378955e-06
59942551;LD1;4.60630468202474e-05
59942576;LD1;0.000162469593918812
59942600;LD1;7.81568623856073e-06
59942649;LD1;1.03447518517685e-05
59942703;LD1;9.52589832307594e-06
59942715;LD1;0.00213570795825031
59942728;LD1;0.00316704188405043
59942801;LD1;5.73598631914796e-05
60159726;LD1;1.01202154972053e-06
60159852;LD1;2.80471427829704e-07
60995172;LD1;4.6127156512897e-05
60995212;LD1;4.75765598756654e-06
60995234;LD1;2.37762501085802e-05
60995236;LD1;3.34370599381055e-06
60995377;LD1;8.47041805811443e-08
60995404;LD1;4.67150044533322e-06
61023752;LD1;5.40396843102243e-07
61266104;LD1;3.29558690916742e-06
61266167;LD1;2.87413728011481e-06
61266181;LD1;1.32571947441267e-05
61266192;LD1;2.29673976517049e-05
61266194;LD1;3.41547277623754e-06
61266213;LD1;1.35355314979586e-06
61345522;LD1;1.08353347788577e-08
61345535;LD1;2.64745141619624e-05
61345558;LD1;8.00416346863591e-06
61345585;LD1;2.81825201074948e-05
61345611;LD1;7.70535048206338e-08
61345753;LD1;1.81845467893208e-08
61395081;LD1;2.55009343093445e-05
61395101;LD1;4.79273618318845e-07
61395122;LD1;3.15067452022102e-06
61395126;LD1;2.40694628271508e-06
61395130;LD1;8.36026584130957e-06
61395134;LD1;6.0262273045467e-06
61421489;LD1;3.67254316312043e-05
61421508;LD1;5.62752207634741e-08
61421510;LD1;6.18760363114089e-07
61421519;LD1;2.14363127853099e-07
61421521;LD1;2.22015410370183e-07
61421535;LD1;5.01413473285913e-06
61421561;LD1;2.31899150179456e-05
61421582;LD1;1.06340711273222e-07
61421596;LD1;3.46245844403044e-06
61421622;LD1;2.96133341784799e-05
61421693;LD1;3.46383073002636e-05
61421712;LD1;1.11684728836116e-05
61646083;LD1;0.000817487242460063
61646146;LD1;0.000842025196224082
61646170;LD1;6.63751088442188e-05
61646191;LD1;3.18317264176425e-05
61691107;LD1;1.38947217705914e-05
62426880;LD1;5.03571052811319e-05
62426948;LD1;1.19973797327075e-06
62427012;LD1;0.000311518845086862
62427030;LD1;2.00633446108534e-07
62427110;LD1;1.65713867946734e-07
62427122;LD1;0.00014984979872404
63148419;LD1;7.70806730577313e-06
63148480;LD1;2.29407663126883e-05
63148496;LD1;0.000166149146768333
64856959;LD1;1.69930501545921e-05
65005157;LD1;1.8729866184663e-06
65005260;LD1;6.21148670379241e-06
65005369;LD1;2.86667829520785e-07
65160271;LD1;7.53261533605271e-05
66142276;LD1;2.47755793209296e-08
66142288;LD1;7.12809374696369e-06
66142296;LD1;5.12491389783074e-06
66142300;LD1;2.87391508370372e-06
66142352;LD1;5.0590651305393e-05
66142390;LD1;5.63724943760016e-07
66872895;LD1;1.46011145806697e-05
66961205;LD1;2.37339247822224e-07
66961291;LD1;4.83523633724926e-05
66961452;LD1;8.36932614272335e-07
67148430;LD1;7.68252193412394e-06
67148454;LD1;3.34303436062577e-05
67148482;LD1;1.07546890657904e-07
67148661;LD1;0.000112280740884415
67148678;LD1;8.82204922427924e-06
67357590;LD1;0.000500199354006536
67357591;LD1;3.62344806605917e-05
67357610;LD1;2.35288115734546e-08
67357611;LD1;3.67831351278704e-07
67357615;LD1;6.68133416365694e-06
67357620;LD1;0.000110563141083741
67357621;LD1;5.56614795356927e-05
67357667;LD1;2.40006429625331e-05
67357695;LD1;6.6772341748614e-06
67357696;LD1;2.56230763776592e-06
67357705;LD1;0.000166226212143639
67434690;LD1;3.68435443857147e-08
67573579;LD1;6.32778389518329e-06
67573607;LD1;2.69816914975538e-06
67573722;LD1;2.00585041969467e-05
67727782;LD1;1.42094625050503e-06
67727800;LD1;4.34798962148071e-06
67727833;LD1;7.66854004624046e-05
67727879;LD1;0.00256630915029957
67727999;LD1;0.0131637462795255
67728011;LD1;0.0002499499136854
67913069;LD1;3.08262395600879e-06
67913098;LD1;7.12370778721214e-05
67913104;LD1;4.38085713061462e-07
67913248;LD1;0.000152750547358689
68171856;LD1;0.000141527763345646
68171876;LD1;3.32720241252182e-06
68171943;LD1;4.72011352155074e-06
68171990;LD1;6.93634539811817e-06
68171995;LD1;4.05838873812673e-07
68172001;LD1;1.13826557088939e-05
68172017;LD1;0.000306268482727822
68172052;LD1;1.34137019667897e-05
68172095;LD1;0.000183053166048727
68724943;LD1;4.69822733683809e-05
68724987;LD1;2.24794554481879e-05
68725052;LD1;2.3122441004934e-05
68725076;LD1;3.60150141515526e-05
68725106;LD1;8.49948249079052e-05
69076206;LD1;3.20200646064874e-09
69076246;LD1;6.05154629635228e-07
69076268;LD1;6.9350696146456e-09
69076270;LD1;1.31407967042905e-08
69076413;LD1;2.06984197381938e-05
69076437;LD1;8.78712867700613e-08
69914933;LD1;2.39484194326124e-05
69914957;LD1;2.19440209879722e-07
69914985;LD1;3.66854706688819e-06
69915164;LD1;5.71362010209541e-05
69915181;LD1;1.28153083236034e-06
70616734;LD1;7.8208190187227e-08
70674025;LD1;3.41087621208829e-05
70914200;LD1;2.86092786124115e-05
70914222;LD1;1.18364957975203e-05
70914262;LD1;9.94099260001298e-05
70914286;LD1;1.81546052587603e-09
70914367;LD1;0.00256119430424058
71085359;LD1;5.34327907409137e-07
71085530;LD1;2.05230451408614e-05
71085532;LD1;2.48143246913506e-06
71085541;LD1;1.54155130378438e-06
71085543;LD1;4.18301464046014e-06
71085562;LD1;8.77535098915372e-07
71107439;LD1;6.16726857231261e-06
71107448;LD1;3.19371160049542e-05
71107458;LD1;0.000168063739848005
71107519;LD1;0.000127701968948497
71107622;LD1;3.70773420693797e-05
71268762;LD1;0.000266883442097315
71268765;LD1;2.85090386436847e-07
71268789;LD1;0.00194229576334751
71268881;LD1;8.49637803617226e-06
71268935;LD1;0.00049940619742858
71268957;LD1;0.000413706311146605
71268975;LD1;0.000120784537162591
71268989;LD1;4.71755440913699e-06
71268997;LD1;6.83453295566327e-07
71287253;LD1;3.93327544692053e-07
71287256;LD1;7.59972075350824e-05
71287260;LD1;1.03563506126926e-06
71287269;LD1;1.19156809796325e-05
71287274;LD1;5.7120416624972e-07
71287313;LD1;8.20127867210418e-07
71287326;LD1;2.84269322710434e-07
71287457;LD1;1.26105333754696e-06
71287461;LD1;1.87391036207843e-06
71287478;LD1;1.41209171236729e-06
71827902;LD1;9.35017394747374e-08
71827912;LD1;0.00712208043346498
71827917;LD1;3.41196873080187e-06
71827930;LD1;3.44252427014183e-06
71827954;LD1;8.34885664793504e-05
71827999;LD1;6.03954042860779e-06
71828125;LD1;3.65135580723911e-06
71886675;LD1;0.00101687329707377
71886729;LD1;2.91802224778359e-05
71886870;LD1;1.22176240530085e-06
72065732;LD1;3.26872305375414e-07
72065741;LD1;4.16260161692235e-08
72065756;LD1;7.23920029584668e-06
72065771;LD1;8.91309140172321e-06
72065843;LD1;5.22464786039728e-06
72065906;LD1;0.000789862924592444
72065964;LD1;1.59615379950729e-05
72097274;LD1;1.03040320694755e-06
72097301;LD1;0.000279214076809708
72097334;LD1;7.52456814385444e-05
72097349;LD1;0.000470484279854601
72097370;LD1;2.39959835775388e-05
72097401;LD1;2.69901342630513e-05
72097435;LD1;5.60227216407825e-05
72097452;LD1;8.30746257084184e-06
72097473;LD1;1.06118279069997e-05
72097512;LD1;4.21661658319653e-06
72107107;LD1;2.23282170915428e-05
72422183;LD1;8.9489908960104e-07
72422245;LD1;1.06376250601893e-06
72422331;LD1;3.66311705100785e-05
72483409;LD1;7.7850696448594e-07
72483524;LD1;6.399325689817e-06
72483532;LD1;2.59117817181943e-05
72539738;LD1;4.13956225981542e-07
72539792;LD1;2.72050671755319e-05
72539935;LD1;2.67317344231328e-06
72741131;LD1;1.46535382182005e-06
72741225;LD1;1.08739257706802e-05
72741342;LD1;8.52945546527701e-06
72741350;LD1;1.76866677868087e-05
72760422;LD1;0.000523089577355124
72760476;LD1;0.000129320547707325
72760497;LD1;0.000209585507806674
72760514;LD1;0.00066024080630307
72760581;LD1;4.07062728850782e-06
72760638;LD1;2.23014011423299e-05
72760642;LD1;7.23824123564671e-07
72760677;LD1;0.000432021679120551
72863294;LD1;5.14511312064472e-07
72863321;LD1;1.88457549053522e-07
72863351;LD1;1.66803302198663e-05
72863362;LD1;1.56102468482854e-09
72863434;LD1;5.08443362936834e-05
72863436;LD1;2.37085149630199e-07
72863502;LD1;4.64410514966499e-05
72863504;LD1;2.26989378821372e-05
73323916;LD1;0.000281682711083098
73323964;LD1;6.49250666161117e-07
73323968;LD1;0.00165641730072004
73323985;LD1;5.05956328808489e-06
73323993;LD1;1.78206949473472e-05
73324035;LD1;3.17676002560851e-05
73324087;LD1;7.71606854485439e-06
73324117;LD1;5.0177901238106e-06
73324146;LD1;3.01701313336049e-06
73390982;LD1;4.01600101861228e-06
73490530;LD1;7.11856975867544e-06
73490598;LD1;5.12227127761157e-06
73490639;LD1;8.80539930805414e-05
73490650;LD1;7.74294156365862e-06
73490659;LD1;1.54234379438634e-09
73490701;LD1;1.62857881980965e-05
73490705;LD1;1.37360447389677e-07
73490730;LD1;4.83400144961913e-06
73490748;LD1;9.23975442722924e-07
73506418;LD1;5.95917472994588e-07
73506473;LD1;5.97662973250658e-05
73506515;LD1;0.00123358230628405
73928303;LD1;1.30753353743473e-06
73955535;LD1;1.6071181390331e-05
73955587;LD1;7.74592299428689e-05
73955632;LD1;1.62639494155423e-06
73955650;LD1;3.70663163679211e-05
73955705;LD1;4.38457122139887e-06
73955758;LD1;1.23254052301838e-05
74165045;LD1;1.67522299463679e-06
74165116;LD1;6.29620297580544e-07
74165167;LD1;6.03309604081339e-06
74165208;LD1;0.000128725558800372
74165252;LD1;5.02434115738436e-06
74165285;LD1;1.92180332939458e-05
74968964;LD1;4.2285226571166e-06
74968972;LD1;1.74118009083526e-06
74969082;LD1;1.78176048047904e-06
74969119;LD1;4.76757834811354e-06
75148018;LD1;2.74582495427194e-06
75148160;LD1;1.35534819727361e-05
75148187;LD1;4.18348290754177e-05
75440258;LD1;2.39233298014336e-07
75440350;LD1;0.000130418083236254
75440385;LD1;9.93207239853405e-07
75440399;LD1;1.64351771192502e-05
75440423;LD1;1.72872095707174e-05
75510388;LD1;0.000921989005050524
75510396;LD1;0.00310586235471191
75510408;LD1;2.74266840456776e-05
75510413;LD1;0.0001381978421938
75510426;LD1;0.000756455638033787
75510473;LD1;4.43149375971884e-06
75510490;LD1;3.65828893952187e-05
75510535;LD1;0.000978447798385354
75510553;LD1;0.00120799096769083
75510571;LD1;9.27128887226915e-08
75510581;LD1;5.16068814112517e-06
76046120;LD1;1.31832896051885e-06
76046129;LD1;6.19771394065255e-09
76046157;LD1;8.2481392476209e-06
76046171;LD1;3.11547995107235e-06
76046206;LD1;9.82445592848978e-06
76046232;LD1;3.11429755303039e-07
76046257;LD1;2.41780526295787e-05
76046304;LD1;1.41319476139795e-07
76046330;LD1;3.44364326721365e-05
76046339;LD1;7.63403294732196e-06
76046350;LD1;7.52194631813033e-06
76046369;LD1;5.03873233132729e-07
76531386;LD1;4.1304632817178e-07
76531441;LD1;7.28225878112767e-05
76531452;LD1;2.56486771063711e-06
76531454;LD1;2.10550680351104e-05
76531517;LD1;3.43438076301153e-05
76531535;LD1;8.25773125780463e-05
76531592;LD1;5.06188595544509e-06
76531594;LD1;4.77171073002581e-08
76739691;LD1;1.45260520776296e-05
76739721;LD1;0.000222603905867225
76739727;LD1;1.10574327571432e-05
76739745;LD1;1.44259997437906e-05
76739790;LD1;2.12239635302736e-05
76739820;LD1;8.87575702002919e-10
76739827;LD1;1.41527736075667e-05
76739832;LD1;1.39003320488241e-05
77005226;LD1;0.000370390511834127
77243486;LD1;1.85786081045111e-05
77243553;LD1;1.62556202658266e-07
77243573;LD1;9.63190898499634e-06
77243581;LD1;9.69092850591771e-07
77243714;LD1;0.000123982419543643
77379015;LD1;7.71324883739515e-07
77379073;LD1;1.64083730348145e-05
77379085;LD1;4.29286929840573e-07
77379090;LD1;1.87064831248913e-08
77379170;LD1;9.80394757867642e-06
77379220;LD1;1.38454180448235e-06
77379232;LD1;2.32479336957806e-05
77688330;LD1;0.000150193348219373
77787801;LD1;3.6183063409732e-05
77787822;LD1;3.12125640194796e-06
77787831;LD1;6.32711512610008e-06
77787833;LD1;1.46276806700946e-05
77787892;LD1;1.60535963072796e-05
77788003;LD1;2.07917781392759e-05
77793487;LD1;1.15075292109814e-05
77793520;LD1;0.000252278866896496
77793543;LD1;4.621555636093e-05
77793572;LD1;5.03724922210883e-06
77793633;LD1;6.40174420013378e-06
77793678;LD1;7.96131202170617e-05
77793715;LD1;3.12453159357945e-06
77793720;LD1;1.15274219247714e-06
78263964;LD1;7.30345361409716e-06
78264028;LD1;7.98274660088201e-05
78264093;LD1;0.00889640281475587
78264176;LD1;5.93468273695545e-07
78264188;LD1;0.000197336355654427
78661022;LD1;7.26586330455744e-05
78661054;LD1;0.000415448405912397
78661067;LD1;1.16838161643052e-07
78661137;LD1;6.45434287444383e-08
78661203;LD1;0.000321193808636553
78661205;LD1;3.85125203028506e-06
78705541;LD1;1.52883322555406e-05
79394597;LD1;0.000104714679916894
79394627;LD1;2.8814514316659e-07
79394705;LD1;2.6437773972068e-06
79394725;LD1;1.01612046639605e-05
79873001;LD1;0.00341448863906658
79873055;LD1;0.000291877720503397
79873057;LD1;2.88646252543173e-05
79873109;LD1;1.0334175396286e-05
79873198;LD1;8.10503744647305e-05
79873214;LD1;1.79993417905425e-05
79873222;LD1;0.000250395115049885
80214163;LD1;2.82978054688919e-06
80724570;LD1;3.48940182179661e-05
80724613;LD1;3.40504891129237e-06
80724617;LD1;0.000169496050054474
80724621;LD1;8.0346083790536e-05
80724659;LD1;7.32826025020749e-07
80724668;LD1;1.41484966086185e-05
80724713;LD1;0.000512616600658
80724784;LD1;1.13030953041006e-05
80724804;LD1;9.80572830676944e-08
80814884;LD1;4.47529702893039e-07
80814894;LD1;3.93468984122764e-06
80814906;LD1;0.000160829666306187
80814912;LD1;8.06383269187322e-05
80814936;LD1;6.55199574973223e-06
80814981;LD1;0.000330956906872529
80814999;LD1;0.00104883696516155
80815042;LD1;0.000320798765112058
80815060;LD1;0.00108286506348906
80815066;LD1;3.51774460567248e-06
80815071;LD1;2.24845797207964e-05
80815085;LD1;6.54951801769987e-06
80815094;LD1;1.23247124371784e-07
80815127;LD1;4.46012332085593e-05
80848620;LD1;1.77123227264294e-06
80848661;LD1;0.000590695691423407
80848676;LD1;7.35006054244537e-06
80848680;LD1;4.47932987410159e-05
80848701;LD1;1.89937949944963e-07
80848705;LD1;4.8669872942488e-06
80848782;LD1;7.06565309686254e-06
80848795;LD1;4.71323651822029e-05
80848813;LD1;5.05643699895579e-06
80848826;LD1;0.000102635216642429
80848834;LD1;1.9918012497123e-05
80848839;LD1;3.22176153698988e-06
80848863;LD1;3.51646133860003e-06
81360916;LD1;4.20413326977271e-07
81360931;LD1;2.93226142287913e-05
81360959;LD1;0.000459333287726178
81361064;LD1;3.06224687012594e-08
81361084;LD1;1.3692228026249e-05
81361093;LD1;0.00294522862406306
81361109;LD1;6.36951763275438e-07
81361118;LD1;8.55250256131621e-07
81734851;LD1;0.000102222236588796
81734868;LD1;8.81030752037925e-05
81734872;LD1;7.44991674454517e-05
81735016;LD1;7.24691405726097e-07
81735055;LD1;2.01075368512269e-06
81735060;LD1;7.42064164879547e-07
81735069;LD1;3.62410757007161e-07
82661283;LD1;3.11708164998284e-06
82677138;LD1;1.51247090597842e-09
82677251;LD1;6.974180838748e-06
82677343;LD1;0.000102526327769273
82989188;LD1;8.23472886411471e-06
82989213;LD1;3.3421896464824e-06
82989217;LD1;6.50557162383811e-06
82989245;LD1;3.17109368039751e-05
82989406;LD1;1.32330094649361e-05
83288689;LD1;6.07178100074216e-06
83288700;LD1;1.31587728843758e-13
83288712;LD1;5.10486973782285e-07
83593487;LD1;1.69862458321159e-05
83593534;LD1;3.88624621072275e-06
83593654;LD1;1.40503013231496e-07
83593660;LD1;0.000378265717652334
83593693;LD1;4.41172757437337e-06
83593699;LD1;6.11941267806056e-07
83593743;LD1;5.14411715466992e-07
83608184;LD1;2.95912157673029e-06
83608193;LD1;4.50158113218506e-05
83608222;LD1;4.54398510293322e-06
83608268;LD1;1.09707367288544e-06
83608278;LD1;2.66094530981082e-05
83608383;LD1;2.62921143573133e-05
84062014;LD1;3.44879813644241e-05
84062034;LD1;3.51491222780765e-06
84062065;LD1;3.06051531796613e-05
84062072;LD1;0.000313798756887249
84062077;LD1;5.33541019827703e-07
84062119;LD1;0.000352061544259358
84062149;LD1;7.63598005620386e-05
84062151;LD1;5.08155272384783e-05
84062170;LD1;2.4265953452969e-05
84062220;LD1;4.39313017158326e-06
84062232;LD1;3.90530307350073e-07
84062241;LD1;0.00128017664403533
84062267;LD1;5.41502077922425e-08
84875209;LD1;0.00273069229564327
84875234;LD1;5.70246536828444e-05
84875264;LD1;0.000989345242395367
84875275;LD1;1.76926252186537e-05
84875324;LD1;2.71008266783975e-07
84875358;LD1;0.00011486163607099
85286074;LD1;0.000121678895705425
85286085;LD1;6.08441563494921e-05
85286178;LD1;9.05799420342985e-05
85286224;LD1;0.000488615018942815
85286288;LD1;1.87098863257824e-06
86379383;LD1;1.92689292050058e-06
86387527;LD1;0.000346697529380264
86387545;LD1;1.41304924626633e-06
86387570;LD1;2.69011722221761e-06
86387574;LD1;4.84842078887992e-06
86387578;LD1;4.0168547444897e-05
86387602;LD1;2.66115752085216e-07
86387616;LD1;3.31897895663212e-06
86387625;LD1;0.000180657837851891
86387631;LD1;0.000127723430591248
86387675;LD1;3.55334913265032e-08
86387703;LD1;1.56242835990038e-07
86387743;LD1;2.56421287915422e-06
86387753;LD1;6.59278625825095e-06
86387763;LD1;7.4867009326403e-06
86501356;LD1;2.87915904203765e-06
86796740;LD1;7.67231462459449e-10
86796752;LD1;0.000146351513453709
86796762;LD1;9.39381071861764e-08
86796764;LD1;1.85032624944411e-05
86796927;LD1;8.09134450758568e-05
86817157;LD1;2.95946462044726e-06
86817178;LD1;1.55350968711428e-05
86817186;LD1;7.77191833642776e-06
86817190;LD1;1.75252957648085e-05
86817212;LD1;4.9584734003915e-05
86817273;LD1;6.63984131927415e-06
86817287;LD1;0.000589976503666218
86817291;LD1;7.73713047070065e-06
86817304;LD1;2.22987257933684e-05
86817312;LD1;0.000978104314229826
86817341;LD1;8.11810832064017e-08
87109983;LD1;5.6839345133918e-07
87110124;LD1;1.04997693224591e-05
87110129;LD1;1.67882209012672e-05
87314505;LD1;1.91455944960175e-06
87314523;LD1;2.27534013940405e-06
87314546;LD1;5.38739486740259e-05
87314580;LD1;5.08211380599052e-06
87314596;LD1;5.66191519983395e-06
87314664;LD1;0.00169123525670266
87314703;LD1;6.57798842740811e-05
87495882;LD1;2.99882903125838e-06
87495898;LD1;6.8008175173552e-05
87863189;LD1;4.63429091411055e-06
87863198;LD1;3.78612371276524e-06
87863263;LD1;1.10481179774829e-05
87863311;LD1;1.31678734288969e-05
87863325;LD1;1.51445428347887e-05
87863330;LD1;5.55219789330451e-07
87863380;LD1;1.00623828754053e-06
87863403;LD1;6.84700222905205e-05
88073093;LD1;5.49916516621022e-07
88515416;LD1;1.59674421371647e-06
88515425;LD1;6.99111683574439e-08
88515440;LD1;1.05186276902021e-05
88515527;LD1;1.72833497543344e-07
88515584;LD1;1.18970287750289e-05
88515586;LD1;3.07392260809458e-05
88515648;LD1;3.14505748914435e-06
88882718;LD1;5.71959043787186e-06
88882736;LD1;8.42696050131628e-06
88882781;LD1;2.97778835624104e-06
88882811;LD1;1.74904266759355e-07
88882833;LD1;4.29108817709233e-06
89244984;LD1;2.99789634451885e-07
90250306;LD1;9.86316475487161e-06
90250327;LD1;0.00022971611851826
90250336;LD1;3.17738278383782e-06
90250338;LD1;3.27688068490333e-05
90250352;LD1;1.03414513311013e-05
90250398;LD1;6.28783011584412e-06
90250412;LD1;1.20673651046757e-05
90250509;LD1;1.24519953390865e-06
90407625;LD1;7.34314953661873e-05
91141990;LD1;7.44998234075012e-05
91142052;LD1;2.05433322847131e-06
91142082;LD1;0.00325172906568731
91299421;LD1;0.000137394662335696
91299484;LD1;7.14800297108507e-05
91299569;LD1;6.80249671851913e-08
91299593;LD1;6.78915033640046e-06
91338582;LD1;0.000208319892575344
91338620;LD1;4.59080251756273e-05
91338630;LD1;0.000464631266972232
91338655;LD1;1.00072236112033e-06
91338708;LD1;4.51717319832966e-07
91338711;LD1;2.77965661874934e-06
91338799;LD1;0.00043004552837822
91338809;LD1;0.0010147812151435
91841092;LD1;5.20718634440413e-06
91841142;LD1;7.88156581533622e-11
93034714;LD1;3.65363291568027e-06
93034760;LD1;0.00028088113455444
93290769;LD1;8.57119168601245e-06
93744241;LD1;0.00172213503537804
93744300;LD1;8.86398974086613e-06
93744441;LD1;0.00331086457451997
94066999;LD1;2.28835228115598e-05
94067035;LD1;1.38879972491452e-05
94067067;LD1;0.000163688800964045
94067150;LD1;1.18278048449531e-05
94067182;LD1;8.59019927945077e-05
94067230;LD1;3.67412065846005e-08
94195220;LD1;1.29199342865943e-06
94195236;LD1;1.36085569991196e-05
94195376;LD1;0.000587259094677377
94195397;LD1;1.9379043000237e-05
94195417;LD1;4.7979548248237e-06
94195436;LD1;3.19315198930921e-05
94393737;LD1;3.93533600410152e-05
94393803;LD1;2.34685167136055e-08
94393805;LD1;8.4766486025154e-06
94393876;LD1;2.70609895046577e-05
94393885;LD1;1.62525097319677e-06
94393965;LD1;3.05375601011417e-05
94543806;LD1;6.40499043033406e-06
94543878;LD1;1.68202733305489e-06
94751320;LD1;7.65525603633563e-05
94751340;LD1;0.000146218944157722
94751407;LD1;8.5981448090665e-06
94751446;LD1;2.33800254807774e-07
94751451;LD1;0.00299079349109445
94751456;LD1;1.67717573154588e-05
94751478;LD1;5.75143758140789e-07
94751513;LD1;3.04396848177281e-05
94751556;LD1;0.00139953742972824
94838921;LD1;3.19460360082317e-07
94838961;LD1;7.80580030833152e-06
94839154;LD1;3.67179274875354e-05
94839174;LD1;4.94794051538428e-06
95105903;LD1;0.0034052725889581
95106019;LD1;9.8624015107365e-05
95106030;LD1;9.5885505470984e-05
95635256;LD1;0.000459889414048965
95635315;LD1;0.000624332499444942
95635369;LD1;6.18871582046182e-06
96736611;LD1;1.20875260427143e-05
96797110;LD1;1.03045501595531e-05
96797117;LD1;1.63789660572826e-05
96797140;LD1;1.19860954853057e-07
96797142;LD1;0.00011905937230011
96797202;LD1;7.41905638308168e-05
96974727;LD1;2.48300515695093e-07
96974767;LD1;7.05731481364536e-07
96974776;LD1;4.62171839519122e-06
96974887;LD1;1.80867377320836e-06
96974947;LD1;2.26084279967496e-06
96992757;LD1;3.34831669242184e-05
96992768;LD1;6.14935586033248e-06
96992816;LD1;1.22599189845337e-05
96992850;LD1;2.84539578963498e-07
96992882;LD1;1.19722279086359e-05
96992930;LD1;4.75849100221428e-05
96992943;LD1;5.53506280260139e-07
97126549;LD1;1.92801232001528e-06
97126575;LD1;2.95456280108983e-07
97126596;LD1;2.2760867003598e-07
97126646;LD1;1.51022413289259e-05
97126665;LD1;0.000392207376397136
97126727;LD1;3.58816769724754e-05
97126732;LD1;1.71868232801626e-05
97126739;LD1;0.000199996751988004
97126744;LD1;2.94111427489619e-05
98308064;LD1;2.04265836008409e-05
98308083;LD1;6.6716930654488e-05
98308117;LD1;8.05721929588477e-06
98308146;LD1;9.91520216205368e-06
98585274;LD1;1.33695745765096e-05
98585284;LD1;1.41147073930276e-05
98585302;LD1;7.08822809817096e-06
98585371;LD1;0.000105379770191333
98585515;LD1;2.41338251478348e-05
99001917;LD1;2.5599253423021e-05
99002014;LD1;1.13813171409317e-05
99002073;LD1;1.23662964378753e-05
99002087;LD1;4.16199255547529e-08
99002089;LD1;2.18250070613206e-06
99002098;LD1;4.46694056072804e-06
99002100;LD1;0.000603775841460992
99002119;LD1;2.55679688363352e-07
99002144;LD1;1.1604676192261e-05
99225776;LD1;0.00061007637175662
99225842;LD1;0.000376866100527941
99404635;LD1;0.00313316050050341
99404680;LD1;3.4904572352171e-05
99404727;LD1;4.13707984256916e-06
99404747;LD1;1.58031707081651e-06
99404757;LD1;3.06765943285759e-05
99404769;LD1;1.43365278144373e-05
99404788;LD1;5.41709392493055e-07
99404865;LD1;7.7072756517198e-06
99639413;LD1;1.47478343590637e-06
101314341;LD1;4.75916547747933e-05
102157151;LD1;4.55781421660975e-06
102157166;LD1;0.000402811498892284
102157314;LD1;0.000380563087353574
102592081;LD1;0.000380247923348275
102592100;LD1;5.85642534347413e-06
102592102;LD1;1.60297426601956e-06
102592111;LD1;0.000166388608835995
102592113;LD1;0.000549519159977361
102592127;LD1;6.67179475230636e-06
102592154;LD1;2.65909873173829e-06
102592177;LD1;0.000606863510207445
102592191;LD1;6.88046513208921e-06
102592218;LD1;3.09441841504336e-06
102592256;LD1;2.90754526418601e-05
102592288;LD1;3.27103849965422e-05
103632732;LD1;8.83858315950308e-05
103632750;LD1;8.99902970683754e-07
103632775;LD1;1.02577499722307e-06
103632779;LD1;1.5251056546483e-07
103632783;LD1;5.69324989684983e-06
103632821;LD1;0.000167362214835142
103632830;LD1;3.11961471329144e-06
103632883;LD1;4.68151753800126e-06
103632911;LD1;2.6149249984277e-05
103632951;LD1;2.48708078769441e-05
103632961;LD1;2.5732722056695e-05
103632971;LD1;3.57275391512142e-07
104879860;LD1;9.75593707781396e-07
104879957;LD1;7.60760851146744e-07
104880018;LD1;9.90354952175665e-07
104880032;LD1;3.00133806050169e-07
104880034;LD1;5.83252871391802e-06
104880043;LD1;2.14319019000236e-07
104880045;LD1;1.90332124643815e-07
104880064;LD1;1.62958541611361e-07
107158432;LD1;3.57287408092816e-06
107158451;LD1;1.26345100667388e-06
107158453;LD1;1.53048522347639e-05
107158462;LD1;5.82773719869127e-07
107158464;LD1;9.66073357189719e-06
107158478;LD1;5.69096350379794e-07
107158505;LD1;5.0669438495737e-05
107158525;LD1;8.70390004838248e-06
107158539;LD1;7.22830412553222e-07
107158566;LD1;4.80057450664383e-05
107158636;LD1;2.56925012796989e-05
107767971;LD1;9.26485136452015e-05
107767984;LD1;1.3455390438681e-05
107768037;LD1;6.94027038638551e-06
108006221;LD1;8.66603674344089e-08
108006229;LD1;1.93402196752478e-06
108006243;LD1;3.68529255182747e-05
108006283;LD1;2.15571487223327e-06
108006337;LD1;1.36336010103902e-06
108006429;LD1;8.2603446822619e-05
108006453;LD1;2.0923367064192e-05
108006456;LD1;9.1722466842181e-05
109717705;LD1;1.25374307021462e-05
109991581;LD1;2.61533845646695e-06
109991616;LD1;4.22044875990514e-08
109991654;LD1;0.000347889219462885
113651347;LD1;6.75414301006007e-07
113651413;LD1;1.32510961253937e-05
113651468;LD1;4.51791923103106e-05
113651489;LD1;7.64398112450125e-06
113651502;LD1;8.81361967723703e-07
114799472;LD1;1.45298226345998e-05
114799509;LD1;1.49692411019953e-05
114799566;LD1;5.55324884746298e-07
114799621;LD1;5.79656194729474e-08
114799651;LD1;0.00211172466230774
114799666;LD1;1.17868531581163e-05
114799673;LD1;0.000446689169300561
114799684;LD1;0.000679301987179288
114799692;LD1;9.77157948849728e-06
115347040;LD1;1.46083836654994e-06
115347051;LD1;0.000377776803272158
115347067;LD1;1.10980252882378e-05
115347093;LD1;4.40067081616546e-05
115428324;LD1;6.09639360215759e-05
115428337;LD1;0.000210177475246953
115428348;LD1;7.09226417331245e-06
115428528;LD1;7.4386281793424e-05
115428535;LD1;1.12094272180164e-05
115428548;LD1;3.82560330903863e-06
115428572;LD1;2.90003134716597e-06
115693284;LD1;4.03814929598148e-07
115693357;LD1;4.24695730362146e-05
115693400;LD1;9.25705494559061e-07
115693408;LD1;1.73932890235735e-06
115693428;LD1;1.36500204960467e-06
116132894;LD1;1.37451594127028e-05
116132965;LD1;9.78850622779703e-06
116132969;LD1;3.78046106669027e-06
116132988;LD1;0.00064206756831003
116133059;LD1;1.59444380397951e-05
117528174;LD1;4.07198589343576e-05
117528184;LD1;9.79281851824012e-06
117528194;LD1;1.38588881726843e-06
117528262;LD1;4.72868858738138e-05
117528306;LD1;3.81782357366811e-06
117528312;LD1;6.98952328462224e-05
117528321;LD1;3.82475285881146e-05
117528359;LD1;1.5318352333304e-06
117528392;LD1;2.66455142006162e-08
117528410;LD1;1.49518421098414e-05
120366716;LD1;5.94121536773899e-05
120544923;LD1;8.25034491026075e-07
120545036;LD1;1.00821202733155e-05
120614562;LD1;4.79128473431947e-06
120614591;LD1;2.86615638312782e-06
120614637;LD1;0.000703581047056758
120614647;LD1;0.00014090494208697
120614703;LD1;8.57984392661053e-06
120614730;LD1;2.29680792035676e-07
120614744;LD1;0.000178699668787966
120614746;LD1;1.61526662660965e-05
120614776;LD1;7.03898120194622e-07
120614778;LD1;0.000572877667511982
121139800;LD1;5.73813631083921e-05
121139806;LD1;4.31012840638005e-05
121139861;LD1;1.78978344520646e-06
121139929;LD1;0.000267278613713209
121139935;LD1;0.000186589734087487
121139939;LD1;5.08180400047944e-06
121139961;LD1;3.6614691031996e-05
121139995;LD1;0.000708557481057497
121140010;LD1;2.75734651553391e-07
121140020;LD1;1.38135263892163e-06
121140047;LD1;2.43732874415215e-05
121195336;LD1;2.52378519590446e-05
121927565;LD1;2.53951929263046e-05
121927584;LD1;3.70111045618845e-08
121927586;LD1;5.57380657076975e-06
121927649;LD1;7.73346050299946e-07
121927760;LD1;1.15304508779065e-05
121983296;LD1;2.73946372378077e-06
121983488;LD1;4.19937267399911e-05
124082824;LD1;1.56823262085731e-05
126381326;LD1;1.14987924548629e-06
126381328;LD1;1.14997391200131e-05
126381380;LD1;5.49776832822819e-07
126381469;LD1;1.75419183853752e-05
126381493;LD1;3.86345826287945e-09
126752816;LD1;3.20122642126222e-05
126752873;LD1;6.80475452362541e-07
126752900;LD1;1.57635815960884e-05
126752911;LD1;5.33493702996777e-07
126752914;LD1;4.17358425950194e-06
126752919;LD1;1.17345352734902e-06
126752926;LD1;1.40057707983705e-06
126752964;LD1;7.59867650924399e-09
126752981;LD1;3.65769740128666e-05
126753012;LD1;9.99360289992043e-05
126753020;LD1;6.2800083326322e-06
126753048;LD1;1.44779949915473e-06
126987831;LD1;7.71387154152111e-05
126987846;LD1;3.3367560943888e-08
126987864;LD1;9.81867739540317e-05
126987891;LD1;0.00010069498574385
126987900;LD1;6.58181773304849e-08
126987936;LD1;8.83310250586834e-06
126987957;LD1;1.63994684202839e-06
126987964;LD1;6.11072979661381e-05
126987996;LD1;2.08081900939014e-06
128427329;LD1;0.000217641200441131
128427390;LD1;0.00014064295604103
128427431;LD1;7.06238523651821e-05
128427433;LD1;1.4763063530306e-07
128427442;LD1;0.000252767174617818
128427463;LD1;3.00864134986881e-07
129364298;LD1;0.000120508257487038
129364457;LD1;1.00677282653775e-06
131068402;LD1;5.67720038543315e-08
131068434;LD1;6.10320733138968e-05
131068456;LD1;1.5502172896686e-05
131068458;LD1;6.91789126102889e-05
131068625;LD1;7.73293480661647e-06
131068653;LD1;8.85155761505209e-05
131775062;LD1;4.8939738856826e-05
131775170;LD1;0.000204170247014114
133351607;LD1;1.60929133992031e-05
133351614;LD1;1.25619506618033e-07
133351671;LD1;7.93644440337939e-05
133351673;LD1;8.69834912608581e-06
133351702;LD1;7.77480669227888e-06
133351731;LD1;2.19495720936496e-05
133351761;LD1;3.57794958729864e-09
133351777;LD1;1.66287146546566e-07
133351780;LD1;4.80775917958377e-08
133351800;LD1;3.55787343490613e-07
133351806;LD1;7.68410882430866e-05
133712921;LD1;0.000570152895761732
133712989;LD1;6.95670816986307e-05
133713001;LD1;2.78578258217584e-05
133713050;LD1;2.62677174435463e-05
133713065;LD1;3.01663386197245e-07
135115117;LD1;5.03586298920708e-06
135115127;LD1;6.21268720094866e-07
135115165;LD1;1.99663237720649e-06
135115219;LD1;1.00304097647722e-05
135297076;LD1;6.83729829897627e-07
135297081;LD1;0.00105975664062559
135494997;LD1;9.38554448076007e-05
135495064;LD1;1.30116825838845e-05
135495125;LD1;1.60031983620465e-05
135495222;LD1;1.33366779612223e-05
139883952;LD1;5.24366046280317e-06
139883977;LD1;1.73035671998652e-07
139884030;LD1;1.36842755976501e-05
139884036;LD1;2.3717678531753e-07
139884125;LD1;2.21444798112732e-06
139884156;LD1;6.40338295697257e-06
139884201;LD1;1.01653432698043e-07
139884203;LD1;2.66060822740557e-07
141086829;LD1;7.13987057636091e-07
141086978;LD1;2.5992678708763e-06
141988158;LD1;3.03263279844563e-05
141988184;LD1;2.26368294340381e-05
141988187;LD1;4.10128897352587e-05
141988193;LD1;2.55232134964489e-06
141988255;LD1;2.401421052391e-06
141988334;LD1;1.14879837689954e-05
141988346;LD1;4.41096366240579e-05
141988384;LD1;0.000188014792943773
141988404;LD1;0.000550862741097878
141990602;LD1;8.75681776650714e-05
141990608;LD1;1.14714359549059e-05
141990626;LD1;2.92044477294762e-06
141990635;LD1;4.70020839523728e-07
141990694;LD1;1.04356509841972e-09
141990703;LD1;2.50783225580496e-05
141990714;LD1;4.02164536374796e-05
141990766;LD1;1.00813482678283e-05
141990815;LD1;2.27473605551016e-06
142466330;LD1;6.17975962980758e-06
142466339;LD1;7.51056556711208e-08
142466354;LD1;1.35836098932963e-05
142466381;LD1;3.56593719521161e-07
142466388;LD1;0.000241452459914967
142466395;LD1;3.23164973605816e-05
142466423;LD1;0.000129186248843407
142466439;LD1;4.85501507258472e-09
142466465;LD1;6.07312661941918e-06
142466472;LD1;5.24350174883986e-08
142466478;LD1;6.45027680151203e-06
142466485;LD1;2.51070753294984e-05
142466488;LD1;6.19774260540174e-05
142466504;LD1;3.21863663727437e-05
142466511;LD1;4.67157220010646e-07
142466513;LD1;9.14503861658865e-06
142466547;LD1;0.000205532242631372
142466563;LD1;6.26082690984297e-05
142466573;LD1;2.38695087350078e-05
145311592;LD1;1.30795820069205e-07
145311668;LD1;5.71072155547288e-06
145311697;LD1;9.99512613062789e-07
146082623;LD1;0.000130900011545309
146082655;LD1;1.7779438050667e-06
146082673;LD1;5.3753685238037e-06
146082736;LD1;2.24478185003045e-05
146082738;LD1;1.52253205694532e-05
146082804;LD1;0.000127120624723533
146082806;LD1;9.26507923710736e-06
147397157;LD1;0.00088517603371194
147397198;LD1;0.000239750754476497
147397215;LD1;3.98245656278097e-06
147397220;LD1;1.71676215764658e-06
147397229;LD1;6.20813613015809e-05
147397290;LD1;1.32770812882384e-06
147397316;LD1;0.000193354891714672
147397320;LD1;0.000248617483571115
147397341;LD1;0.000192518568268758
147397345;LD1;3.27783255365138e-06
147397393;LD1;0.00177716225304568
147397401;LD1;1.4222430291215e-06
148984941;LD1;2.63957050939281e-07
149423562;LD1;9.07235748368792e-06
149423575;LD1;5.05916624912222e-07
149423764;LD1;5.14832183371571e-07
149423787;LD1;0.000140109951220506
149423812;LD1;9.72650464928092e-05
150370662;LD1;1.23868385673906e-05
150370674;LD1;9.43233812112731e-06
150370825;LD1;6.03924264238005e-07
150370864;LD1;3.3741811267206e-06
150370903;LD1;1.73505214326821e-08
150370917;LD1;1.68365911263501e-07
150512375;LD1;2.44542432444578e-06
150512405;LD1;3.84345874413001e-06
150512414;LD1;1.10781483034912e-05
150512434;LD1;8.47577369201916e-06
150512466;LD1;3.89650752681484e-05
150512512;LD1;1.81073363586447e-07
150512538;LD1;1.11686099160418e-05
150512573;LD1;5.2215097673496e-09
150512587;LD1;3.09080324309209e-05
150512608;LD1;6.74368789367103e-08
150512611;LD1;6.75992595684718e-07
150512624;LD1;1.11168638710475e-05
151908099;LD1;8.1472564885949e-07
151908108;LD1;5.75966871353465e-06
151908160;LD1;2.73264221822734e-06
151908169;LD1;5.79013875847107e-06
151908192;LD1;1.34775100358905e-05
151908266;LD1;5.0354588192293e-05
152205995;LD1;0.000388105279004301
152206004;LD1;1.14589424905124e-05
152206084;LD1;1.32431028631154e-05
152206091;LD1;1.61605578557144e-05
157334714;LD1;7.51510210060751e-06
157334750;LD1;6.71987439461696e-08
157334864;LD1;0.000179181968720851
157334891;LD1;2.20407873242947e-05
157334934;LD1;0.000205504123662471
157334969;LD1;2.84791181765317e-05
158456272;LD1;0.000124619471177329
158456280;LD1;0.00223990831485903
158456430;LD1;0.000194574927445954
158456433;LD1;5.71094731573943e-05
159528944;LD1;7.19182301822191e-05
159528951;LD1;7.97570790596715e-06
159529022;LD1;4.91069895848861e-07
159529041;LD1;6.43759471703527e-09
159529081;LD1;4.03030462674043e-08
159529118;LD1;1.07095411678025e-06
159529141;LD1;3.13397600249898e-06
159529186;LD1;4.63354914493449e-05
160200468;LD1;5.65467944394373e-07
160635180;LD1;0.000846351035006008
160635244;LD1;3.2293989523495e-05
160635302;LD1;1.66884205314416e-05
160635313;LD1;0.000600603312897622
160635319;LD1;1.60564197700498e-05
160635388;LD1;1.01325570619643e-05
160848501;LD1;9.9277831820077e-06
167835881;LD1;6.02355355771539e-07
167835900;LD1;0.000142908990121795
167835902;LD1;6.44265013926992e-06
167835911;LD1;0.000424468538552061
167835927;LD1;0.000189386318998142
167835954;LD1;0.000209432641779175
167835991;LD1;0.000117308322230502
167836018;LD1;0.000212974942037645
167836088;LD1;3.1542025816575e-06
172193735;LD1;2.99609200233629e-07
172193765;LD1;1.85125707985041e-07
172193776;LD1;3.5631423253792e-06
172193826;LD1;4.00083036113321e-05
190088563;LD1;7.56604645741974e-05
190088566;LD1;1.04529577337713e-05
190088570;LD1;4.71002310966917e-06
190088571;LD1;0.000246307378520636
190088589;LD1;9.02781199482531e-05
190088590;LD1;1.73009924651567e-05
190088607;LD1;2.94593455605976e-05
190088635;LD1;3.03961430026572e-05
190088715;LD1;2.20475921020247e-06
190094904;LD1;0.00128256989469091
190136401;LD1;9.88919045924962e-05
190136464;LD1;1.03883014011023e-05
190136472;LD1;4.07438056821725e-07
190136537;LD1;8.71850443459596e-05
190147535;LD1;4.21594458655376e-06
190147549;LD1;2.84461431678596e-07
190155949;LD1;0.000164059429126318
190156063;LD1;0.000400200388780373
190156106;LD1;5.48208553260683e-05
190156118;LD1;3.21277005997823e-06
190156148;LD1;0.00106929387467775
190156159;LD1;0.00106220041437892
190156188;LD1;1.03759693604741e-05
190156205;LD1;0.000151858127708261
190208545;LD1;4.01151228585141e-07
190208684;LD1;4.23244743294197e-05
190386775;LD1;6.35910681755048e-05
190386800;LD1;1.0101682357761e-06
190386802;LD1;0.000203716309905824
190386821;LD1;1.96396747398954e-06
190490060;LD1;0.000142998239879598
190530709;LD1;1.38636263232088e-06
190551461;LD1;0.00249473592709931
190551473;LD1;0.00165196969599413
190551479;LD1;0.00264186011923199
190551494;LD1;0.00044744748884312
190551525;LD1;0.000164232593772155
190551534;LD1;6.75143958800525e-05
190551547;LD1;0.000296709076150024
190551568;LD1;1.9029015560608e-07
190551581;LD1;9.19609413914e-05
190551587;LD1;0.000193801839995267
190551626;LD1;0.000951474788378
190551670;LD1;0.00376263911921015
190551680;LD1;0.00827831025199498
190620259;LD1;0.000140048392199288
190620291;LD1;8.93333642076055e-07
190620313;LD1;6.6307379112651e-05
190620315;LD1;8.89923903102756e-07
190620392;LD1;0.000569245469063374
190620444;LD1;5.37792488178738e-08
190620458;LD1;2.20303161108722e-05
190620482;LD1;0.000167079885475272
190704598;LD1;2.74957216636398e-05
190704662;LD1;9.43263350445095e-06
190704671;LD1;5.90011004400957e-06
190704725;LD1;8.41556710559026e-06
190704734;LD1;5.79499282384458e-06
190780477;LD1;5.05216207237054e-05
190780543;LD1;6.20088336336725e-05
190780619;LD1;1.15297503262659e-05
190780628;LD1;1.09255661371892e-05
190780660;LD1;5.92276546351091e-06
190780687;LD1;3.79459965744171e-06
191164359;LD1;4.00311357351538e-06
191204799;LD1;3.36395388877273e-05
191204835;LD1;9.72016668727443e-07
191204854;LD1;2.15892125907664e-05
191253095;LD1;6.03998715007204e-06
191253109;LD1;4.62968752536132e-09
191253122;LD1;3.84120633200573e-06
191313132;LD1;0.00019003858057089
191313184;LD1;0.000186140790714158
191313213;LD1;8.29256541219479e-05
191313215;LD1;7.58968848944592e-05
191313226;LD1;0.00168836249824243
191425371;LD1;5.73443249072663e-06
191425441;LD1;2.03566992677462e-06
191425505;LD1;0.000306682925490629
191425507;LD1;1.03439062836209e-07
191425526;LD1;5.05305840840342e-06
191425588;LD1;1.94977783161952e-05
191428403;LD1;1.31485761014388e-06
191428425;LD1;1.54056406281022e-06
191428427;LD1;4.31179819782079e-08
191428523;LD1;0.000690682409055263
191428594;LD1;1.791407989439e-05
191428597;LD1;4.60679052509242e-08
191434347;LD1;1.05997424638288e-06
191434355;LD1;2.1819332731172e-05
191434387;LD1;1.45397681604957e-05
191434409;LD1;1.33996191285204e-05
191434411;LD1;2.40807948011243e-05
191434539;LD1;1.43520094482771e-05
191434554;LD1;2.4402967927074e-08
191434578;LD1;1.114526183658e-06
191467272;LD1;4.17855868750986e-06
191467289;LD1;2.5232627628876e-05
191467295;LD1;8.73384726701639e-07
191467329;LD1;0.000700800750108515
191467350;LD1;3.57852196682745e-08
191467393;LD1;2.12210196519307e-06
191467415;LD1;4.53723542801715e-06
191467433;LD1;7.20275169112798e-06
191467454;LD1;3.53024840681002e-06
191500740;LD1;7.07124078175238e-06
191500742;LD1;2.09350220390265e-05
191500808;LD1;9.29301942064522e-08
191500833;LD1;1.13904184907281e-05
191500884;LD1;7.54378639849283e-06
191500895;LD1;2.19580340326831e-05
191572807;LD1;6.08415156785925e-05
191572817;LD1;1.50113431834775e-05
191572946;LD1;1.80006344388018e-07
191572984;LD1;6.75649610954327e-06
191573017;LD1;1.83211631285259e-05
191573035;LD1;0.000193894558494361
191578254;LD1;1.46437319499888e-05
191578440;LD1;8.47135865733572e-05
191587793;LD1;1.75392893418532e-05
191587798;LD1;0.000343927513271502
191587951;LD1;0.000295979969493883
191587977;LD1;1.21685141838234e-06
191620969;LD1;9.92834178909363e-07
191620991;LD1;9.18336962783899e-05
191621004;LD1;2.34396693576758e-06
191621020;LD1;1.81449232788267e-06
191621026;LD1;2.21391061056108e-07
191621039;LD1;1.96433118793632e-06
191621077;LD1;1.50712278862127e-06
191621147;LD1;6.29182768814632e-06
191652281;LD1;2.04059281222535e-05
191652367;LD1;0.000301667616143024
191652424;LD1;0.000252870086977024
191652466;LD1;0.00109722927667102
191737814;LD1;2.05078899444751e-05
191811882;LD1;5.90369073472464e-06
191811891;LD1;9.26201893626452e-08
191811923;LD1;5.62944808797843e-07
191811944;LD1;4.86495327273883e-05
191811945;LD1;1.38829939099139e-08
191812090;LD1;2.07156904708847e-06
191812117;LD1;7.94647797603656e-05
191812141;LD1;0.000569507877866369
191837452;LD1;1.00522773269883e-06
191837462;LD1;2.27324712924904e-06
191837472;LD1;9.87500524551852e-07
191837587;LD1;7.84517649504427e-08
191837593;LD1;9.30765959288324e-05
191837602;LD1;1.99273319317019e-05
191837640;LD1;0.000629901241104716
191837644;LD1;2.2889472451174e-06
191837673;LD1;9.74432139748469e-05
191838285;LD1;1.84906216389832e-06
191838353;LD1;2.46633530433091e-06
191838436;LD1;0.000201556670006353
191838438;LD1;0.0144503277971462
191838468;LD1;3.85989335987153e-07
191838516;LD1;0.000164364808778513
191856513;LD1;4.86354890248492e-08
191856553;LD1;3.59554412672776e-06
191856555;LD1;1.2719711555581e-06
191856607;LD1;3.42185229380501e-06
191856698;LD1;3.13176373274332e-06
191856722;LD1;1.47518238899387e-08
191856725;LD1;1.08521766535958e-06
191856752;LD1;6.34123929204397e-05
191862763;LD1;0.000870298305537543
191862805;LD1;0.00101280225797944
191862897;LD1;0.00019954322156002
191862932;LD1;8.34775420387461e-06
191862938;LD1;2.69530451823148e-05
191863008;LD1;8.24817998525067e-07
192014369;LD1;2.32931256550308e-08
192014420;LD1;5.50423409106094e-06
192014486;LD1;1.42749528479281e-05
192103275;LD1;0.00133993108766441
192103304;LD1;5.02989263176818e-06
192103422;LD1;5.40063253619592e-05
192103439;LD1;6.58465991593147e-06
192118691;LD1;7.07234451860293e-06
192118697;LD1;7.39592105613756e-05
192118709;LD1;7.45942821945234e-05
192118712;LD1;2.32785096580035e-05
192118718;LD1;2.81499756596337e-05
192118748;LD1;4.35367343277228e-07
192118758;LD1;6.89219019050025e-07
192118779;LD1;0.000181455857868483
192118788;LD1;8.29694959316433e-06
192118802;LD1;0.000152274567261001
192118859;LD1;1.93415899280461e-07
192118908;LD1;2.98054063629366e-06
192118912;LD1;5.38084606543351e-06
192118923;LD1;1.2352467249309e-05
192143179;LD1;2.16646758945501e-06
192143187;LD1;1.76897221379871e-07
192143241;LD1;9.28250673992326e-05
192143386;LD1;1.18928302719502e-06
192184804;LD1;9.9146534930921e-09
192184822;LD1;0.000862213126432385
192184911;LD1;0.000410199109330924
192184950;LD1;3.73764279184437e-06
192184954;LD1;8.4362273578847e-06
192184998;LD1;9.14189473707961e-08
192185012;LD1;0.00115059016096808
192185020;LD1;7.56981717653695e-05
192185028;LD1;8.46753400037743e-06
192185038;LD1;6.37726456665778e-05
192257454;LD1;4.3494953154715e-07
192257473;LD1;9.84198399496642e-08
192257475;LD1;5.829913008668e-09
192257484;LD1;1.28245862789665e-05
192257486;LD1;8.84484123460041e-06
192257500;LD1;5.37254295651461e-06
192257549;LD1;7.6292809250973e-06
192257563;LD1;4.99636662862046e-06
192257660;LD1;4.57611601092546e-06
192293919;LD1;0.000391573162819741
192293942;LD1;0.000182222678146042
192293951;LD1;2.40183052495626e-05
192294034;LD1;1.50628467393817e-05
192294036;LD1;3.01932349678519e-06
192368737;LD1;2.02801178109686e-06
192368742;LD1;6.57741411980491e-05
192368803;LD1;3.0565454437063e-06
192368822;LD1;5.61845087365738e-05
192368884;LD1;5.18290341250245e-06
192619740;LD1;8.14980291336936e-10
192619801;LD1;0.000398494582503883
192619821;LD1;7.50758042633987e-08
192619853;LD1;2.7505607208235e-05
192619860;LD1;4.17424003572617e-06
192619875;LD1;2.144917073636e-05
192619882;LD1;0.000166494977695589
192619938;LD1;0.00673213179690007
192619971;LD1;1.12289340204327e-05
192662712;LD1;8.19563395789499e-06
192662730;LD1;2.79520236409095e-06
192662755;LD1;1.37365896384436e-05
192662759;LD1;1.36250324130897e-06
192662763;LD1;8.2759927184162e-06
192662801;LD1;8.55628772713784e-07
192662810;LD1;2.81850738446044e-08
192662816;LD1;1.74913097193163e-05
192662890;LD1;0.000106957018722155
192667069;LD1;8.56038411201756e-06
192667220;LD1;1.29519006722186e-06
192667252;LD1;7.63264190331952e-05
192667300;LD1;0.000353399020404654
192742457;LD1;7.78510134768269e-07
192742459;LD1;7.20940799053787e-08
192742463;LD1;7.65201115432477e-07
192742511;LD1;5.81703151760311e-06
192742555;LD1;6.76033494755021e-07
192742602;LD1;0.000144578552911932
192742626;LD1;1.26818027547595e-05
192742629;LD1;3.19062699267516e-05
192914303;LD1;2.17501184061388e-05
192914351;LD1;6.23986995273873e-08
192914374;LD1;0.00121301385913258
192914468;LD1;5.75014579359127e-05
192914536;LD1;3.84341700054135e-07
193023892;LD1;0.000377729823021095
193047037;LD1;1.64147311733287e-05
193047047;LD1;4.77914974032562e-06
193047057;LD1;7.00372592831497e-08
193047096;LD1;5.19138106805941e-06
193047124;LD1;0.000719841976210427
193047166;LD1;3.80247425372855e-05
193047171;LD1;2.23737437452681e-07
193047186;LD1;9.72439742327472e-07
193047200;LD1;1.78821641719755e-05
193047228;LD1;4.62761937666451e-05
193047257;LD1;7.06012536374118e-06
193047275;LD1;8.19881073176006e-06
193105775;LD1;0.00132417014425847
193364732;LD1;7.20993858482317e-05
193364736;LD1;0.00332254653417175
193364758;LD1;1.53547839654509e-05
193364767;LD1;2.48034135066231e-09
193364779;LD1;1.90080382675647e-06
193364829;LD1;0.000663663714659115
193364848;LD1;6.50255060130017e-05
193364914;LD1;8.144100384448e-07
193364921;LD1;1.44069356321953e-05
193364984;LD1;3.82347749339891e-07
193696038;LD1;0.000437012872345381
193696048;LD1;0.000174384925628819
193696053;LD1;2.0558089501722e-05
193696059;LD1;0.000652060073536552
193696080;LD1;0.000498951102780992
193696083;LD1;7.30000079673364e-06
193696090;LD1;0.000282231732580538
193696092;LD1;0.000163858218253667
193696099;LD1;0.000261706275021638
193696230;LD1;0.000785572583190576
193696248;LD1;0.000376784026224321
193696254;LD1;0.000141574487335039
193696273;LD1;0.0026117878914169
193709368;LD1;2.60884717197286e-07
193709386;LD1;5.2836629230019e-06
193709411;LD1;3.62559539028601e-06
193709415;LD1;6.74619584834193e-07
193709466;LD1;2.98851513772949e-06
193709472;LD1;2.19826201264787e-07
193709516;LD1;8.68657548753748e-08
193709546;LD1;4.91004269893934e-05
193709586;LD1;3.03720380463511e-06
193709596;LD1;5.49086053994575e-06
193709606;LD1;0.00130063346376207
193745814;LD1;3.74340875992001e-05
193745826;LD1;1.89307528886289e-06
193745859;LD1;0.000895098302476857
193745901;LD1;0.000221504201359949
193745906;LD1;9.60478777097496e-05
193745959;LD1;0.00083338642366054
193746001;LD1;0.000251551778622635
193746006;LD1;9.48126904918891e-05
193776629;LD1;8.14116645589018e-06
193776675;LD1;5.37594604848453e-07
193776690;LD1;9.28752728929981e-07
193776704;LD1;3.86695747155235e-07
193776728;LD1;1.78953935062993e-06
193776761;LD1;2.55999150822688e-06
193807033;LD1;4.5291445647942e-05
193807067;LD1;8.0424415802056e-05
193807076;LD1;8.44252074180747e-05
193807097;LD1;7.99840786745395e-07
193807142;LD1;8.82389323547099e-05
193807158;LD1;9.77988229557309e-06
193807169;LD1;4.65346642894548e-05
193807190;LD1;7.59501725496246e-06
193807208;LD1;8.73701052537172e-05
193807212;LD1;4.20672104037535e-07
193807236;LD1;5.05192421119518e-06
193807239;LD1;6.00994131050645e-05
193807241;LD1;8.67580807983697e-06
193827952;LD1;1.16210602660864e-06
193827974;LD1;5.08196610189337e-06
193827981;LD1;3.52455643227747e-06
193828027;LD1;4.31662956955933e-06
193828033;LD1;2.06419173656041e-06
193828037;LD1;7.18220983039415e-07
193828086;LD1;6.21208840689674e-07
193828108;LD1;6.1634430066158e-06
193828115;LD1;2.74336494106497e-06
193828161;LD1;6.50377490166882e-06
193828167;LD1;1.49542798597431e-06
193828171;LD1;6.6770164712764e-07
193853794;LD1;0.000346660519112395
193853837;LD1;0.000224567051985576
193853840;LD1;5.06601269556479e-06
193853858;LD1;1.83641598534041e-05
193853881;LD1;0.00151017852797109
193853924;LD1;1.75024333815708e-06
193854013;LD1;1.91684879940961e-07
193854031;LD1;9.12441218828516e-07
193878946;LD1;0.000151865651561079
193879055;LD1;5.7429234258681e-07
193948992;LD1;8.50489481355439e-05
193949003;LD1;3.79131237316399e-07
193949019;LD1;9.71680458695773e-06
193949039;LD1;9.28939754881354e-06
193949067;LD1;3.14973664712109e-06
193949087;LD1;8.29927878699039e-09
193949093;LD1;2.703159898108e-08
193949146;LD1;2.31082725959585e-07
193949210;LD1;5.26879784720329e-05
193949242;LD1;1.34807243700308e-05
193962921;LD1;0.00015287987157381
193962923;LD1;6.27985237730868e-07
193962975;LD1;5.38981221124273e-05
193963066;LD1;7.32446905612058e-05
193963090;LD1;2.87402082979663e-05
193999037;LD1;0.000703557032073361
193999057;LD1;3.38417434972037e-09
193999186;LD1;1.02742461417743e-06
193999224;LD1;0.000241637949532497
193999228;LD1;1.95187425774114e-06
193999232;LD1;8.13013053484802e-08
193999257;LD1;3.43814515236884e-06
193999275;LD1;0.00148805915802553
194017572;LD1;0.000430081512787253
194017581;LD1;1.93809272343967e-08
194017629;LD1;2.09938531722536e-05
194017676;LD1;0.000106417146887642
194017742;LD1;0.00161502499895216
194017765;LD1;6.14788933887467e-07
194017775;LD1;4.58384634355229e-07
194041741;LD1;1.80245491247164e-05
194041761;LD1;1.98286878978945e-08
194041829;LD1;7.42870036346918e-05
194041890;LD1;8.72008146941901e-08
194041936;LD1;5.40604276582972e-08
194041961;LD1;0.00145343459297652
194041979;LD1;0.000271975339115134
194241427;LD1;3.53802347021131e-06
194241449;LD1;1.05696077599389e-07
194241451;LD1;7.50498722735421e-05
194241594;LD1;4.36691852571058e-05
194241609;LD1;6.18346443552805e-05
194241618;LD1;4.23423245407854e-08
194241646;LD1;5.31683243977851e-06
194293112;LD1;6.46295737636868e-05
194293166;LD1;1.77576520095307e-07
194293315;LD1;5.11765162314003e-05
194364909;LD1;0.00457813881213887
194364929;LD1;1.46142570522312e-05
194364939;LD1;1.497475936899e-05
194364957;LD1;3.09698441731849e-05
194364975;LD1;0.00040582299860634
194365013;LD1;8.14290235324222e-06
194365024;LD1;5.96424159191673e-05
194365101;LD1;4.01631411476938e-06
194365106;LD1;4.87589398443116e-05
194365126;LD1;0.000581062787826607
194391825;LD1;1.92319757750019e-06
194391893;LD1;2.4949256418937e-06
194391934;LD1;1.20715713022265e-06
194391939;LD1;5.64940934564818e-06
194391954;LD1;1.73587278267663e-06
194391968;LD1;5.33754960134279e-07
194391992;LD1;3.50999748327572e-08
194392000;LD1;1.74670668927701e-06
194392025;LD1;3.20909192029979e-05
194392043;LD1;4.36228998879976e-05
194416555;LD1;0.000448960111895962
194416565;LD1;0.000189828214575302
194416583;LD1;8.46194554697928e-07
194416607;LD1;0.000113436527747136
194416619;LD1;3.31336069356319e-05
194416670;LD1;0.000690322357899174
194416782;LD1;9.6462110784842e-08
194471234;LD1;3.67133092535281e-05
194475886;LD1;3.076182787316e-06
194475905;LD1;1.4078978150143e-06
194475907;LD1;6.06692887373468e-06
194475916;LD1;2.05301440868862e-05
194475918;LD1;9.05188495440365e-09
194475932;LD1;4.22391828339028e-07
194475981;LD1;1.7982376558452e-07
194475995;LD1;2.2994437733142e-07
194476092;LD1;5.19029189137314e-06
194515298;LD1;2.69513713159222e-05
194515385;LD1;1.99645199184602e-05
194515402;LD1;2.95577129986021e-05
194515429;LD1;2.10740405241371e-06
194515470;LD1;1.69838865295677e-05
194515501;LD1;1.93821928889092e-05
194515510;LD1;0.000103050851290895
194515519;LD1;0.00223849426135932
194515534;LD1;1.13838292632389e-05
194515543;LD1;0.00155486161557191
194564287;LD1;6.80126720275421e-06
194588179;LD1;6.31575757645703e-07
194588187;LD1;2.33406487451214e-07
194588192;LD1;7.82176167198753e-06
194588199;LD1;2.14603574758607e-05
194588289;LD1;6.25543025564724e-06
194588301;LD1;6.78283374343809e-05
194588388;LD1;1.00978448081358e-05
194588392;LD1;1.06237398859147e-05
194588405;LD1;7.63878964987861e-06
194588412;LD1;4.10173702503197e-06
194588430;LD1;5.43913828162885e-11
194620859;LD1;8.10132458870173e-08
194620878;LD1;2.35877199825587e-05
194620941;LD1;1.68022852132313e-06
194621029;LD1;6.63952555318015e-06
194621085;LD1;1.54997118088594e-06
194651012;LD1;0.000817123716773259
194651033;LD1;0.0033970866178861
194651066;LD1;9.20694722771677e-05
194651109;LD1;1.69608678205225e-05
194651118;LD1;8.37345823788748e-05
194651128;LD1;2.0089172453049e-05
194651172;LD1;1.70391493153234e-05
194651181;LD1;8.65627210670452e-05
194651191;LD1;2.24847272940253e-05
194651216;LD1;7.1740714692383e-05
194651230;LD1;1.6796233216143e-06
194651239;LD1;0.00203702471324058
194651245;LD1;6.89974806911801e-06
194825450;LD1;3.33852147952993e-05
194825456;LD1;4.64278880885035e-06
194825460;LD1;1.31122641585025e-05
194825584;LD1;2.8274217178146e-05
194825590;LD1;2.38348450248364e-06
194825594;LD1;1.62225314558306e-05
194842239;LD1;0.00447453102936832
194842260;LD1;0.00289215557005537
194842287;LD1;2.92159690756107e-06
194842319;LD1;0.000242604712432181
194842328;LD1;0.000305630028085408
194842337;LD1;5.3435200216209e-08
194842404;LD1;1.04748063820279e-05
194842470;LD1;2.75619670362111e-06
194842472;LD1;1.79941894221744e-06
194894366;LD1;2.74549928917089e-05
194894379;LD1;0.000172563662270626
194894388;LD1;1.66453740596638e-05
194894407;LD1;4.20146797097688e-06
194894412;LD1;2.85501326187219e-06
194894439;LD1;0.000421199633481393
194926006;LD1;0.00962705251703478
194926018;LD1;0.000361136476120689
194926023;LD1;3.77816768455512e-05
194926027;LD1;0.000149993464351407
194926031;LD1;5.44505514368184e-07
194926096;LD1;0.000153328965011797
194926107;LD1;0.000154019075421734
194926117;LD1;0.000118380796995732
194926126;LD1;0.000243890366160916
194926192;LD1;0.000226245662338203
194927661;LD1;6.52685578321551e-07
194927716;LD1;2.25715952064958e-05
194927727;LD1;1.42561637371155e-05
194927729;LD1;8.45876476997908e-06
194927794;LD1;1.22479410708588e-05
194927812;LD1;2.30443849857827e-07
194927844;LD1;1.62509156672234e-06
194927892;LD1;3.33209622383729e-07
194931453;LD1;2.65611442580997e-05
194931463;LD1;3.40433882063485e-06
194931473;LD1;7.38221203331516e-08
194931541;LD1;5.52029061824632e-05
194931582;LD1;3.44117874661487e-07
194931587;LD1;6.21614681587238e-06
194931602;LD1;6.92543499657747e-06
194931644;LD1;1.89704761518254e-08
194931648;LD1;7.41678181661699e-06
194931673;LD1;3.55132056954841e-05
194931691;LD1;8.63859983894435e-06
194934173;LD1;2.25211281325571e-05
194934220;LD1;1.7098469895068e-07
194934234;LD1;8.77471870271559e-06
194934245;LD1;3.38089366593215e-06
194934309;LD1;2.68179700323833e-06
194934402;LD1;6.51715050612784e-05
194934414;LD1;2.13525263775324e-06
194934424;LD1;9.43299399483365e-06
195048512;LD1;0.00121559171355862
195048520;LD1;3.89144541466296e-06
195048563;LD1;7.62836137378962e-06
195048589;LD1;5.79508492274435e-06
195048630;LD1;2.90454453902996e-05
195048667;LD1;3.29283226822999e-06
195062568;LD1;4.657382832411e-05
195062591;LD1;0.00106820746873845
195062619;LD1;0.000247432628577292
195062641;LD1;3.74759915277719e-05
195062660;LD1;0.00162738807181621
195062753;LD1;0.000341465051385089
195062781;LD1;0.00121841505102146
195062807;LD1;1.41202752416664e-06
195114726;LD1;1.72467289368769e-06
195128413;LD1;0.000207439074771938
195128473;LD1;5.8255889693333e-06
195128480;LD1;1.56457908951311e-05
195128561;LD1;3.70328097156108e-05
195128580;LD1;1.46473493174996e-05
195129197;LD1;3.69752491321594e-05
195129285;LD1;5.11136122020516e-06
195129326;LD1;6.40393215231887e-07
195129384;LD1;9.94012589649234e-06
195129388;LD1;2.77318798495755e-05
195129411;LD1;2.99386026251777e-05
195129417;LD1;1.32539613142942e-05
195134092;LD1;0.000394625384448196
195134119;LD1;0.000134838610668793
195134124;LD1;0.000290167888672128
195134152;LD1;0.000219846821615722
195134165;LD1;5.4560261613988e-07
195183910;LD1;4.86234072239039e-06
195183926;LD1;1.58558152573628e-05
195184009;LD1;7.97998452650475e-06
195184050;LD1;3.9388546846701e-05
195184102;LD1;3.79437850550495e-06
195199680;LD1;0.000200823482566356
195199700;LD1;1.760459432298e-06
195199715;LD1;1.01379701429943e-05
195199743;LD1;0.000249009653684075
195199850;LD1;1.59647506871455e-05
195199870;LD1;1.01637560084679e-06
195199879;LD1;1.30085070552751e-05
195199904;LD1;2.59700381558068e-07
195205087;LD1;7.95173161841362e-07
195205108;LD1;1.58202890749646e-06
195205135;LD1;4.45827832029132e-07
195205167;LD1;4.25139089453281e-06
195205176;LD1;0.000113297249985558
195205185;LD1;6.30505167815465e-08
195205250;LD1;0.000514827051099474
195205252;LD1;8.54715005057002e-06
195205263;LD1;9.98166245890457e-08
195205318;LD1;6.88287408684086e-06
195205320;LD1;1.3602045261729e-06
195331305;LD1;6.75668288838738e-09
195331358;LD1;1.78123890862377e-06
195331436;LD1;7.24621262115541e-07
195331517;LD1;2.23112553619828e-05
195417714;LD1;4.83849797453894e-05
195417733;LD1;3.19949442413682e-06
195536679;LD1;5.64233684661678e-06
195536703;LD1;3.26661057747154e-05
195536748;LD1;4.01410252195124e-05
195536766;LD1;5.34248020518651e-07
195536825;LD1;0.000342858311137406
195536878;LD1;1.14112336788503e-06
195585624;LD1;5.03546621253626e-06
195585677;LD1;0.000132447176418229
195585828;LD1;5.51624821937253e-05
195585845;LD1;4.64895007513572e-06
195600020;LD1;5.21261684398062e-06
195600049;LD1;4.38703223990414e-05
195600136;LD1;8.48509725282064e-06
195600199;LD1;9.75283037996734e-06
195600253;LD1;0.000695255188231574
195613367;LD1;4.11147369757611e-07
195613551;LD1;1.21802390470693e-06
195613572;LD1;7.65975383773098e-07
195629942;LD1;4.79704461618423e-09
195629984;LD1;0.000310305933737334
195630004;LD1;1.43213615477724e-05
195630019;LD1;5.60061168680057e-06
195630047;LD1;0.000147358673006403
195630154;LD1;4.75524952907961e-06
195630183;LD1;1.06264898578423e-05
195630208;LD1;9.13044776791772e-06
195825011;LD1;0.00028691524855746
195825033;LD1;6.57556601526194e-06
195825178;LD1;7.59816588153543e-06
195825202;LD1;8.25445397791467e-06
195832465;LD1;2.60140905816407e-05
195832515;LD1;5.93494486615742e-07
195848095;LD1;1.18686753619056e-05
195848166;LD1;0.000753917685549462
195848175;LD1;8.42409523118574e-06
195848260;LD1;5.95741040664789e-06
195848326;LD1;5.08292276466538e-08
195863342;LD1;0.000194041858553673
195863369;LD1;0.000100237260679703
195863472;LD1;1.06152843691855e-05
195863475;LD1;1.81033752644686e-05
195863521;LD1;0.000147310768839994
195863527;LD1;8.31768336862778e-06
195863563;LD1;3.89307991290813e-07
195888373;LD1;2.41239846894565e-06
195888416;LD1;9.19040389622781e-06
195888444;LD1;2.54034289072113e-08
195888481;LD1;5.98654685471835e-06
195888539;LD1;4.8569559019796e-05
195888560;LD1;1.65573420617054e-05
195993948;LD1;4.99862448384453e-06
196036913;LD1;4.68400959079089e-05
196036926;LD1;0.0046818014903903
196036941;LD1;0.00028727269115257
196036946;LD1;0.00356402849494422
196036962;LD1;2.53481055930124e-07
196036967;LD1;5.08051122849564e-05
196036988;LD1;4.39568218787134e-05
196037009;LD1;0.00167599213330754
196037049;LD1;0.000237582821071853
196037067;LD1;9.63325794655063e-10
196048827;LD1;2.27491483581003e-05
196048837;LD1;1.65079794609829e-05
196048855;LD1;1.82861417924297e-07
196048879;LD1;3.23663345907182e-05
196048924;LD1;1.69199351727546e-05
196048942;LD1;4.68575905769061e-06
196048988;LD1;1.18714143893481e-05
196049006;LD1;4.23840876768423e-06
196049017;LD1;2.41911512310135e-05
196049031;LD1;6.97882515473296e-08
196049078;LD1;0.000267126249528475
196177514;LD1;3.0405786938376e-05
196177566;LD1;7.87233992756298e-06
196177628;LD1;0.000120367173346298
196177650;LD1;7.98584380225423e-06
196177683;LD1;3.40570615759903e-07
196177707;LD1;2.00930821682471e-05
196177719;LD1;0.00238523667029268
196241138;LD1;0.000589031517862138
196241186;LD1;0.000103650452628048
196241190;LD1;2.2577412276035e-07
196241207;LD1;2.63878955109347e-06
196241211;LD1;4.09088732020447e-06
196241219;LD1;3.49901683682156e-07
196241241;LD1;1.18824108110348e-05
196241261;LD1;7.4045196071363e-08
196241291;LD1;7.99707622898047e-06
196241304;LD1;0.000500541429082112
196241318;LD1;1.25918465005627e-09
196241322;LD1;0.000305664842754068
196241327;LD1;7.77451185744588e-05
196241335;LD1;5.28231783492677e-06
196241343;LD1;1.52714420409429e-05
196241360;LD1;0.000112683335429489
196241363;LD1;8.24148194125849e-05
196241372;LD1;5.34001692743518e-05
196341819;LD1;1.78403630161999e-05
196341829;LD1;0.000121479419888494
196424733;LD1;1.0108610587781e-05
196424743;LD1;6.26730411281664e-05
196424753;LD1;1.46497698099659e-07
196424793;LD1;1.51251157286443e-06
196424867;LD1;2.72120701638605e-06
196424873;LD1;1.80482019034543e-08
196424882;LD1;1.81524621852712e-07
196424920;LD1;2.27690027650137e-07
196424924;LD1;2.93068252244967e-07
196424928;LD1;8.6478480285653e-07
196424953;LD1;4.34601476815391e-06
196424971;LD1;3.05677995625736e-05
196495227;LD1;1.29556744377922e-06
196495308;LD1;0.000134786522886515
196495352;LD1;1.8069402333853e-05
196573016;LD1;0.000139729882243704
196573066;LD1;4.51567568752293e-05
196573108;LD1;0.000305871734429086
196573148;LD1;1.05984981183122e-05
196573175;LD1;0.000115952567887584
196573226;LD1;1.40071709097765e-05
196605080;LD1;6.71704962359602e-07
196605098;LD1;6.09442882706679e-06
196605123;LD1;1.36843465800304e-06
196605127;LD1;9.84401918657813e-07
196605131;LD1;2.24836279259364e-06
196605169;LD1;2.08868030461559e-05
196605178;LD1;3.07798134453207e-06
196605230;LD1;1.12837521291989e-06
196605258;LD1;7.35371557107849e-09
196605298;LD1;2.36847101415473e-05
196605308;LD1;2.10873538090209e-07
196605318;LD1;7.07540157365802e-06
196635000;LD1;1.50539062380604e-05
196635018;LD1;6.06315947474143e-07
196635043;LD1;1.34294957397098e-06
196635047;LD1;1.38248440285773e-06
196635051;LD1;2.4069804857204e-05
196635089;LD1;3.84039702455522e-06
196635098;LD1;2.50238435819527e-07
196635150;LD1;3.72196418945079e-06
196635178;LD1;1.00887919419926e-05
196635218;LD1;1.95925575234608e-06
196635228;LD1;5.74507601866004e-06
196635238;LD1;2.85340202088593e-06
196643693;LD1;1.04530242248287e-06
196643703;LD1;9.12516624310954e-06
196643713;LD1;6.5758985621766e-07
196643753;LD1;4.73791455229524e-06
196643781;LD1;3.42302982226123e-06
196643827;LD1;5.66117070648842e-08
196643842;LD1;1.79266548272627e-06
196643856;LD1;6.090630790257e-07
196643884;LD1;5.96228306945981e-06
196643888;LD1;3.81727731052516e-06
196643913;LD1;5.23470578618548e-08
196678519;LD1;5.2836108354311e-07
196678529;LD1;4.33759949976147e-06
196678649;LD1;0.000615671291534752
196678696;LD1;9.71148004204893e-06
196678700;LD1;2.58193579675803e-05
196678704;LD1;2.15395786748246e-06
196678729;LD1;0.000267690632866362
196678747;LD1;1.62044284509487e-06
196682971;LD1;4.53747210203176e-05
196683061;LD1;6.2127021158718e-05
196683094;LD1;7.13430363732249e-05
196683120;LD1;4.6662061374199e-06
196739981;LD1;6.54217771212753e-06
196739991;LD1;2.30516552947708e-07
196740001;LD1;4.6141686898851e-06
196740144;LD1;1.88029782441605e-05
196740172;LD1;1.00146364106616e-08
196740176;LD1;7.65179476126589e-06
196844419;LD1;2.67943160963376e-06
196844486;LD1;3.2105100867049e-06
196844644;LD1;1.78649845845648e-06
196885594;LD1;2.71467571453e-07
196885618;LD1;2.46696750047129e-06
196885634;LD1;3.34328676335254e-05
196885671;LD1;1.01957153016008e-06
196885692;LD1;0.000191482415882223
196885698;LD1;2.60935432619718e-06
196885743;LD1;2.66451359940817e-07
196985630;LD1;8.49772122496874e-05
196985649;LD1;5.43548057502691e-07
196985651;LD1;1.97974943935852e-06
196985676;LD1;0.000171664304344686
196985703;LD1;3.65022645303306e-06
196985738;LD1;1.22586958733547e-05
196985814;LD1;7.16199683510367e-06
196985843;LD1;5.82627786032997e-08
197053043;LD1;3.64338277584695e-06
197053103;LD1;0.000429230586071287
197053120;LD1;0.000124132007686823
197053150;LD1;4.273258736705e-05
197053168;LD1;0.00128062138505072
197053222;LD1;8.32727786232412e-06
197053246;LD1;3.01726732991999e-06
197053255;LD1;2.11684606191648e-05
197053267;LD1;0.000510793242430876
197053305;LD1;3.39317293622433e-06
197078999;LD1;4.92353244905968e-07
197079062;LD1;1.0035672235425e-06
197079076;LD1;3.21297959369292e-06
197079087;LD1;4.56413899496934e-06
197079108;LD1;5.70496873012238e-06
197205121;LD1;1.34316286674571e-07
197205189;LD1;1.85670663124575e-05
197205254;LD1;1.80451391969076e-05
197205263;LD1;0.000565109577432218
197205272;LD1;1.68361454587322e-05
197205304;LD1;1.98213260882802e-05
197205331;LD1;3.60686267162955e-06
197205352;LD1;0.00258370182052245
197264943;LD1;2.57273562685618e-08
197264983;LD1;3.69755336850201e-09
197265005;LD1;2.09973351816434e-06
197265007;LD1;2.81404082927707e-07
197265150;LD1;3.25987614330906e-05
197265174;LD1;4.12155103680745e-09
197265202;LD1;7.09055372337165e-06
197285519;LD1;1.06994894985018e-05
197301665;LD1;6.09853726958792e-05
197301685;LD1;3.69646339289536e-05
197301725;LD1;8.74543084816447e-05
197301752;LD1;1.87580654533246e-05
197301793;LD1;1.09812368894938e-05
197301798;LD1;5.74561832514026e-08
197301803;LD1;2.48167094715203e-05
197301825;LD1;5.32253785288368e-07
197301860;LD1;8.29754243681685e-05
197301903;LD1;0.000128056582918354
197371840;LD1;5.43195764061478e-06
197371863;LD1;0.000818953324458078
197371875;LD1;4.03194167148876e-07
197371937;LD1;1.04339162116327e-07
197371956;LD1;6.89790191290739e-06
197371958;LD1;2.0511206543996e-05
197372022;LD1;0.000636142989544095
197372072;LD1;4.49093135160829e-06
197372092;LD1;5.34644708418287e-05
197472486;LD1;0.000233678203362043
197472534;LD1;5.48532276762479e-05
197472555;LD1;0.000227516956460756
197472563;LD1;1.7020888259044e-06
197472624;LD1;0.00024166524417674
197472639;LD1;4.21339517389343e-06
197472652;LD1;8.65324107331068e-05
197472661;LD1;2.68270545698351e-07
197472670;LD1;1.33099454855184e-06
197472683;LD1;9.41252426361709e-06
197472696;LD1;3.81826322089368e-07
197528950;LD1;3.15125946858945e-05
197638943;LD1;7.93180314923552e-09
197638983;LD1;1.85096266063163e-07
197639005;LD1;1.65491109456164e-06
197639150;LD1;1.16031180866393e-06
197639174;LD1;1.91570887435428e-06
197650922;LD1;0.00304063085451094
197650929;LD1;6.94491160258699e-06
197650997;LD1;0.00369637245486204
197651067;LD1;0.0020898453662018
197651080;LD1;3.31701754673282e-06
197651137;LD1;1.35840164476007e-06
197651139;LD1;0.00277482734024941
197658263;LD1;1.06817338614459e-06
197658295;LD1;1.22566196822663e-06
197658317;LD1;4.71621173661021e-08
197658462;LD1;2.84876375718654e-05
197658486;LD1;6.32975464648439e-07
197706129;LD1;6.44715058353883e-05
197706139;LD1;1.15992722263429e-06
197706149;LD1;2.75598239196666e-06
197706189;LD1;1.4701661477479e-08
197706217;LD1;1.51295598937766e-05
197706258;LD1;2.23862965875501e-05
197706263;LD1;2.63078177398253e-07
197706269;LD1;3.52480981193796e-06
197706278;LD1;4.70187501468947e-06
197706292;LD1;1.18077706279712e-06
197706316;LD1;1.91147920150479e-05
197706320;LD1;4.96356576364429e-08
197706324;LD1;7.36595462552634e-08
197706349;LD1;3.84472296377142e-06
197706367;LD1;1.77181840641907e-05
197774120;LD1;1.15486911774187e-06
197774170;LD1;1.35022554386814e-07
197774173;LD1;2.62428266074505e-06
197774317;LD1;2.31744041467623e-05
197774353;LD1;8.36648494654527e-05
197779841;LD1;3.89935540907122e-08
197779861;LD1;3.41951367403216e-06
197779901;LD1;3.03854807657513e-06
197779929;LD1;2.62410813954426e-06
197779975;LD1;5.13745948777666e-05
197780004;LD1;3.75919576086759e-05
197780028;LD1;5.58963954680302e-05
197780032;LD1;5.34526442587381e-06
197780036;LD1;9.37786834766086e-06
197780061;LD1;1.57061110615384e-05
197780079;LD1;2.60238663459033e-06
197806556;LD1;0.000357244362945517
197806563;LD1;0.000113229262589261
197806729;LD1;1.27151462511859e-05
197806736;LD1;1.9596849184625e-05
197806740;LD1;6.38189893757324e-06
197821505;LD1;2.0960231222447e-07
197821592;LD1;5.85784387193211e-06
197821600;LD1;1.42850261567869e-05
197821689;LD1;8.00922772678039e-05
197882663;LD1;4.16083169636412e-05
197882695;LD1;9.36605468387936e-06
197882717;LD1;7.39425282041392e-06
197882719;LD1;1.13734939357344e-05
197882847;LD1;3.34858994765449e-05
197882877;LD1;1.15524460492567e-06
197882886;LD1;7.11122133821985e-09
197886757;LD1;0.00249843833229757
197886825;LD1;6.22384434388686e-06
197886886;LD1;1.93018487387149e-05
197886924;LD1;8.40726517056784e-06
197886928;LD1;3.16426050264419e-06
197886932;LD1;4.55477565173938e-05
197886957;LD1;2.09287649228726e-05
197886975;LD1;5.69437470874102e-05
198041560;LD1;6.17986635585691e-06
198041617;LD1;7.96211030874109e-06
198041719;LD1;7.33101635538401e-06
198041737;LD1;2.92331325284979e-06
198079096;LD1;2.51326558411256e-05
198079097;LD1;1.76187576886057e-05
198079168;LD1;1.48696856473752e-05
198079212;LD1;1.3761881151121e-05
198079258;LD1;2.72962390080962e-10
198114170;LD1;0.000103741973545726
198114174;LD1;5.49961362128295e-08
198114217;LD1;3.63967553819686e-07
198114236;LD1;6.27249775466473e-06
198114280;LD1;7.1591886915337e-07
198114299;LD1;1.52350489923096e-06
198114317;LD1;1.02104559689732e-06
198114324;LD1;7.10822023349803e-06
198114344;LD1;9.85070706469908e-06
198114347;LD1;0.000993212581122538
198114353;LD1;1.88128719219749e-05
198122860;LD1;3.23595843178238e-06
198122962;LD1;2.0283635336534e-06
198122981;LD1;4.25628153709243e-07
198123011;LD1;5.28723013229675e-07
198123085;LD1;2.50341802366935e-06
198351310;LD1;3.29187061175897e-06
198351318;LD1;9.83144445980199e-05
198351366;LD1;2.20303656390732e-05
198351370;LD1;5.75707557252039e-07
198351387;LD1;3.7883617921647e-09
198351391;LD1;2.30491667256137e-05
198351395;LD1;1.61974393420738e-05
198351421;LD1;0.000213869678426807
198351471;LD1;8.83932223441628e-06
198351484;LD1;3.10376728594691e-05
198351498;LD1;0.00130225093423963
198351502;LD1;1.93286076516069e-07
198351515;LD1;1.48858741806231e-06
198351523;LD1;7.19300933644806e-07
198488951;LD1;4.12018771926456e-08
198489007;LD1;1.09462176826768e-08
198489059;LD1;1.66971272956118e-06
198489081;LD1;1.08126897711252e-05
198489150;LD1;3.43176960110941e-06
198489174;LD1;9.68444350490666e-09
198489177;LD1;3.20789416546581e-06
198674459;LD1;8.80470782768074e-06
198674477;LD1;1.79606011567317e-07
198674491;LD1;7.18877444250369e-06
198674615;LD1;3.57652346742862e-06
198674677;LD1;4.32948287778719e-05
198789400;LD1;1.3926913971137e-06
198829775;LD1;0.000113331372776664
198829832;LD1;0.000201387599958198
198829845;LD1;6.27559039485798e-05
198829919;LD1;4.47933441955565e-08
198829928;LD1;1.69771099325934e-05
198829960;LD1;9.92212866984529e-07
198832510;LD1;5.83890026213063e-05
198832701;LD1;2.55149261577428e-05
198847512;LD1;8.92109942175765e-05
198847580;LD1;8.94445337417365e-05
198847688;LD1;6.79726574101874e-06
198847695;LD1;4.58884394177992e-05
198889107;LD1;7.54259292646638e-06
198889139;LD1;3.49888301390068e-06
198889152;LD1;7.83440022405268e-06
198889173;LD1;3.82928854386259e-05
198889224;LD1;3.1731348293305e-08
198889235;LD1;2.42327460257818e-06
198889290;LD1;0.00106824374070951
198889292;LD1;1.29128655043388e-05
198904353;LD1;0.000439657861981712
198904434;LD1;6.27351571351249e-06
198904513;LD1;2.60577292560633e-08
198904534;LD1;5.36270149667099e-05
198936377;LD1;0.000849604701379913
198936405;LD1;3.4156976886371e-07
198936414;LD1;2.51846272009548e-07
198936429;LD1;1.37626624945399e-06
198936444;LD1;1.63795162958502e-05
198936572;LD1;4.240822802018e-05
198936574;LD1;4.08949369408851e-07
198936596;LD1;5.59912376358778e-07
198936628;LD1;2.10115969871394e-06
198963039;LD1;1.57148561830156e-06
198963047;LD1;3.23179706758722e-06
198963079;LD1;5.0963293306477e-07
198963101;LD1;9.31581240578743e-06
198963103;LD1;1.50024504048645e-05
198963231;LD1;2.87627295271344e-05
198963246;LD1;2.25241600227893e-06
198963261;LD1;5.33847440658958e-07
198963270;LD1;3.35647261458039e-06
198968615;LD1;2.06613012930706e-08
198978570;LD1;9.58821771172525e-06
198978606;LD1;4.36094566050375e-05
198978610;LD1;0.000340295824868245
198978624;LD1;1.24577413413551e-06
199033222;LD1;8.94119086466391e-05
199033255;LD1;7.37524694513611e-07
199033264;LD1;2.85277755665355e-08
199033278;LD1;3.76688103889957e-07
199033283;LD1;9.29955035322409e-06
199033289;LD1;4.03378956360205e-06
199033307;LD1;7.41155491790783e-08
199033347;LD1;9.42317963245241e-06
199033353;LD1;3.56977886524882e-06
199033371;LD1;3.7605281480674e-08
199033416;LD1;1.8946386431747e-05
199033440;LD1;3.03158928724647e-09
199033453;LD1;5.4817195031725e-07
199033458;LD1;6.77705558036433e-05
199059878;LD1;2.68627759621533e-07
199059934;LD1;2.20789091065498e-05
199059945;LD1;5.08341310393127e-06
199059963;LD1;0.00113880493221502
199060009;LD1;2.29058421689313e-06
199060027;LD1;0.0011249748821855
199060072;LD1;7.97136561525681e-06
199060096;LD1;1.21884115179409e-05
199060109;LD1;8.46995088916424e-07
199060114;LD1;2.82720491096646e-05
199060124;LD1;2.3148558025267e-06
199098495;LD1;1.14932831174806e-05
199098510;LD1;2.03789427136626e-07
199098517;LD1;1.60607986869055e-05
199098547;LD1;0.000238483438544706
199098592;LD1;1.02484915163181e-05
199098610;LD1;9.45643919411825e-06
199115899;LD1;1.41233212802417e-06
199115916;LD1;7.64459105052901e-06
199116010;LD1;0.0028440356968041
199116065;LD1;0.000145644034830042
199174681;LD1;3.34195113434285e-05
199174835;LD1;8.92278671879744e-08
199230959;LD1;2.64990977697317e-08
199230999;LD1;6.49066204858181e-07
199231023;LD1;9.16173542945492e-07
199231166;LD1;1.60844316691351e-05
199231190;LD1;1.40187879712622e-06
199231218;LD1;9.74266698855861e-06
199286480;LD1;3.1493663724016e-05
199286482;LD1;8.03723185920283e-05
199286501;LD1;2.75577976139865e-05
199286503;LD1;1.58583016754316e-06
199286514;LD1;2.67122522590193e-06
199286528;LD1;6.72022687301084e-06
199286555;LD1;0.000156699975262132
199286577;LD1;1.5986597576023e-06
199286591;LD1;4.37567091505051e-06
199286618;LD1;0.000149603356288712
199286688;LD1;1.63567990223728e-07
199319380;LD1;1.58102327557921e-06
199319508;LD1;6.84916946525912e-06
199319526;LD1;1.14658900224567e-06
199319573;LD1;2.41227007393909e-05
199319621;LD1;2.08451451980664e-05
199494851;LD1;1.71569490705264e-08
199494883;LD1;1.08045177674343e-07
199494901;LD1;0.000793511702201931
199494966;LD1;0.00138123257192986
199494968;LD1;6.72639722595433e-06
199494979;LD1;1.46760144300295e-05
199495034;LD1;1.27668007335498e-05
199560389;LD1;2.37645183775968e-05
199560528;LD1;2.59041449975701e-07
199567029;LD1;0.000248471652286252
199567130;LD1;0.00062300772691223
199567135;LD1;0.000522753765529574
199631897;LD1;7.6273216140499e-06
199631901;LD1;2.75088508285558e-05
199631952;LD1;1.43481224801744e-05
199631982;LD1;6.6628394980324e-07
199632129;LD1;5.34359225078467e-08
199671092;LD1;2.75173559599056e-05
199671094;LD1;5.16824843715328e-05
199671113;LD1;5.24625922381153e-05
199671115;LD1;3.16380425307462e-07
199671124;LD1;6.57702245632347e-07
199671126;LD1;0.000941083614855511
199671140;LD1;1.95882855064291e-05
199671189;LD1;0.00123054039962522
199671203;LD1;1.50964534582385e-05
199671268;LD1;1.92942967650671e-05
199671300;LD1;2.82654401939703e-05
199733383;LD1;0.0310178891962468
199837327;LD1;4.19045997813624e-07
199837384;LD1;4.28968709902538e-06
199837395;LD1;5.99481595596229e-06
199837401;LD1;1.71228469035363e-06
199837470;LD1;1.12644457560016e-06
199837495;LD1;3.66502033773445e-06
199849216;LD1;1.91333588025242e-06
199849223;LD1;0.000190840238105171
199849376;LD1;6.10707347893724e-06
199849400;LD1;0.000308604579997288
199849422;LD1;1.05955452770203e-07
199849430;LD1;9.88654762687343e-06
200021013;LD1;3.96618437875169e-06
200109251;LD1;2.97256673045888e-06
200109261;LD1;5.542275983335e-06
200109303;LD1;3.0601212774138e-05
200109348;LD1;8.45174999532958e-07
200109366;LD1;4.66326317359162e-07
200109425;LD1;1.38345664237063e-05
200109478;LD1;6.91266349603303e-08
200110895;LD1;3.88074742835063e-06
200110934;LD1;7.61998180171802e-08
200111061;LD1;7.38918405719356e-07
200111090;LD1;0.00151369455804226
200131291;LD1;3.90204199318858e-07
200131323;LD1;1.31869600380533e-06
200131475;LD1;2.4879015433229e-06
200131490;LD1;2.15604782233216e-05
200131514;LD1;7.07098306609298e-07
200145717;LD1;6.86673367649128e-07
200145772;LD1;3.39495905121329e-06
200145783;LD1;3.89644904223653e-05
200145785;LD1;0.000316683916948775
200145850;LD1;0.000109750394870315
200145859;LD1;0.000322345950577165
200145868;LD1;7.86694661588755e-05
200145900;LD1;1.43323173244962e-05
200145948;LD1;1.60713926433628e-06
200371485;LD1;0.000623347532604293
200371660;LD1;6.09559698456772e-05
200371702;LD1;0.000111931398634864
200371712;LD1;1.55429775743916e-05
200556985;LD1;2.78310093445426e-08
200557025;LD1;1.83911657281302e-06
200557027;LD1;1.09185342694995e-06
200557031;LD1;1.77348142043062e-06
200557170;LD1;9.32630438350192e-06
200562157;LD1;2.68003862719618e-05
200562210;LD1;1.33773351060537e-05
200562274;LD1;2.30508953813885e-06
200562282;LD1;3.50478444609302e-05
200562302;LD1;8.48786341120064e-06
200598606;LD1;0.00667716264190966
200598631;LD1;0.00097520980048408
200598814;LD1;4.84240065645592e-08
200598816;LD1;5.66788310057997e-05
200598823;LD1;0.00712883443175309
200635318;LD1;8.81444399034228e-05
200635518;LD1;4.85558434957417e-06
200675095;LD1;3.28753194216287e-06
200675104;LD1;0.000146351343911513
200675113;LD1;1.61527369246302e-05
200675147;LD1;5.4270244323733e-08
200675180;LD1;4.48083551926895e-07
200686850;LD1;0.00020322424098686
200686870;LD1;1.91982154527018e-06
200727724;LD1;1.80067319586353e-05
200980187;LD1;1.70551201800891e-06
200980251;LD1;8.13297494013998e-06
200980329;LD1;0.00476569881893306
200980358;LD1;0.000128481175368522
200980401;LD1;2.70166235280561e-06
200980453;LD1;5.12429516502243e-07
201002764;LD1;5.42796239465284e-06
201002770;LD1;7.50099900770183e-05
201002827;LD1;1.39064887835262e-06
201002850;LD1;2.45841110069558e-05
201002856;LD1;7.15946834666901e-07
201002860;LD1;7.59931195951842e-06
201002878;LD1;1.83265610880943e-05
201002900;LD1;0.000128042127621846
201002925;LD1;1.81364031984723e-05
201002954;LD1;3.37951825121687e-06
201002962;LD1;1.54579832763802e-06
201002985;LD1;3.32203458965537e-07
201002988;LD1;2.9027274925259e-05
201003007;LD1;8.61654060209346e-06
201054318;LD1;1.78938708508448e-05
201071105;LD1;1.58255964330741e-06
201102066;LD1;2.90347529057728e-06
201102079;LD1;0.000205876263785281
201102098;LD1;5.68898288948632e-06
201102125;LD1;5.69073976350657e-05
201102251;LD1;2.00325784852218e-07
201154015;LD1;2.24065414916e-06
201154113;LD1;6.96455640364948e-06
201154176;LD1;3.12936382027275e-06
201154221;LD1;4.4759534662575e-06
201154223;LD1;9.58312782766603e-05
201232883;LD1;3.09592495551949e-06
201232893;LD1;6.096922249684e-05
201232935;LD1;1.52290826511638e-05
201232980;LD1;9.49342379856216e-10
201232998;LD1;1.95727227180058e-06
201233057;LD1;7.96677756171375e-06
201233110;LD1;1.2201148643264e-06
201324818;LD1;0.00011829717302178
201324856;LD1;0.000375262289648632
201324868;LD1;9.94269310415723e-05
201324877;LD1;1.33988200057735e-05
201324901;LD1;8.38604566226366e-05
201325003;LD1;4.54774189149549e-06
201325020;LD1;0.0008167306389864
201325080;LD1;2.1084472124567e-05
201351788;LD1;0.00143060050250344
201351797;LD1;1.11862838975946e-05
201351884;LD1;8.54779292748046e-06
201351892;LD1;1.54670690949711e-06
201351991;LD1;3.93913462099977e-06
201381329;LD1;0.00049738674248559
201461947;LD1;9.39573204039025e-05
201461959;LD1;0.00594913254382242
201461969;LD1;1.64369430943722e-05
201461971;LD1;3.20341491712358e-05
201462138;LD1;2.94307917282812e-07
201462166;LD1;1.87829602984282e-06
201569046;LD1;4.34917471201687e-06
201643333;LD1;1.60403497892533e-05
201643353;LD1;0.000114414007091439
201643421;LD1;7.90818588868894e-05
201643462;LD1;3.50582628696843e-06
201643467;LD1;2.56968903586481e-07
201643482;LD1;0.000951209823147956
201643496;LD1;6.92789655994138e-06
201643520;LD1;4.70305862558671e-05
201643524;LD1;7.02458671032431e-07
201643528;LD1;3.80778196501617e-08
201643553;LD1;1.56494534514425e-05
201643571;LD1;6.32985917670127e-05
201682085;LD1;1.23969024011787e-05
201696656;LD1;1.01069629367614e-05
201696657;LD1;0.000144250405321444
201696680;LD1;0.000340074753747199
201696681;LD1;0.000605319265711524
201696723;LD1;0.000546621160592494
201696743;LD1;0.000718166955770236
201696744;LD1;6.45986459764256e-07
201696869;LD1;1.9607355800967e-05
201696870;LD1;5.14221676160755e-06
201696886;LD1;1.1691784588872e-05
201696887;LD1;1.54355700829053e-08
201715969;LD1;4.03119139097397e-08
201716006;LD1;7.68815047721012e-06
201716061;LD1;9.21216507277264e-06
201716144;LD1;9.60819338234295e-08
201716197;LD1;0.000236203107492942
201794850;LD1;2.61881145739605e-06
201794863;LD1;6.04716418822408e-06
201794887;LD1;7.1645422342078e-05
201794903;LD1;2.23351715891939e-06
201794908;LD1;0.000637439392272282
201795012;LD1;0.000333876128745182
201832235;LD1;6.30623445497945e-06
201832316;LD1;5.43793040730582e-05
201832325;LD1;3.585739270732e-06
201835396;LD1;4.35666125943898e-06
201835398;LD1;5.23398174195026e-05
201835417;LD1;5.35965648843385e-08
201835430;LD1;1.75894175105458e-06
201835444;LD1;2.46238955912533e-05
201835493;LD1;2.90677547271703e-06
201835507;LD1;2.78631945508047e-05
201835549;LD1;2.19859519077047e-05
201835604;LD1;3.1347146708115e-06
201885967;LD1;2.72571809091668e-05
201886064;LD1;9.64377287352309e-07
201886127;LD1;7.21225612058272e-07
201886152;LD1;9.5954093503835e-06
201886154;LD1;7.02763617926206e-06
201886173;LD1;2.44975681801413e-06
202039356;LD1;3.05483283654499e-05
202039365;LD1;1.83054432238141e-05
202039378;LD1;5.67860482245443e-06
202039407;LD1;7.70796362610998e-05
202039420;LD1;9.78157668188314e-06
202039422;LD1;0.00012053979764013
202039492;LD1;0.00042832281866983
202039534;LD1;6.99939442995062e-05
202039582;LD1;0.000454574374144217
202039605;LD1;9.45084536173919e-06
202078257;LD1;7.06975654772183e-06
202078317;LD1;0.000216720796978139
202078356;LD1;3.84568689871957e-05
202078378;LD1;2.59987868675907e-06
202078404;LD1;1.55168508751919e-05
202078421;LD1;2.26369809502367e-06
202078426;LD1;4.07818171985208e-06
202078476;LD1;2.45789377008181e-05
202078482;LD1;1.52710257163083e-05
202078499;LD1;4.02823200294875e-05
202078505;LD1;0.000226114446235055
202078517;LD1;3.24034625766932e-05
202118827;LD1;1.69207248738939e-08
202118846;LD1;6.41992126475033e-06
202118862;LD1;5.19456258749661e-06
202118867;LD1;0.000202257831113165
202118893;LD1;1.85899328547882e-05
202118898;LD1;1.8860275572119e-05
202118916;LD1;0.000395081797345987
202118927;LD1;3.92475761381784e-09
202118934;LD1;3.56793922545741e-07
202118995;LD1;0.00272881403762378
202119000;LD1;2.30544961569802e-06
202173254;LD1;8.20979570904006e-05
202173296;LD1;4.07821424872529e-06
202173317;LD1;8.60959527151832e-05
202173359;LD1;4.36156708052992e-06
202173373;LD1;1.28867211515045e-07
202173386;LD1;0.00014113598906386
202173405;LD1;6.63251514229013e-05
202173407;LD1;7.19692181151741e-06
202218346;LD1;9.24933471278867e-05
202218400;LD1;1.30103278721715e-05
202218476;LD1;0.00330258033982983
202218522;LD1;7.47766841395719e-05
202218529;LD1;0.000392176883446877
202218536;LD1;4.16413451268145e-05
202304845;LD1;2.5205527204275e-06
202304863;LD1;2.08761757765415e-05
202304887;LD1;3.78513332788599e-05
202304950;LD1;0.000154436623165966
202305014;LD1;0.00015231129283143
202305025;LD1;0.000141469440091421
202305039;LD1;2.648526987444e-06
202305081;LD1;1.60867833429922e-05
202398671;LD1;1.62604694595614e-05
202398684;LD1;6.03327607381335e-07
202398687;LD1;1.28282614897257e-06
202398693;LD1;2.37244643978222e-08
202398711;LD1;2.53697458207365e-05
202398715;LD1;3.77914015871779e-06
202398731;LD1;9.17060387860176e-07
202398757;LD1;5.30588131538105e-06
202398763;LD1;5.31179196928362e-06
202398767;LD1;5.36776556956083e-05
202398771;LD1;2.11908592162682e-06
202398783;LD1;8.22505368375687e-05
202398792;LD1;0.000213928096533222
202398812;LD1;4.35088746195323e-05
202398818;LD1;2.35115853390901e-07
202398824;LD1;3.21975177387455e-06
202398833;LD1;2.68339612892973e-06
202398859;LD1;2.89075947443054e-06
202398865;LD1;5.200030910389e-05
202398894;LD1;2.60299586422109e-08
202398914;LD1;4.05701245907996e-08
202398920;LD1;1.33478021959246e-06
202422621;LD1;3.34342673034019e-08
202422629;LD1;4.26508110638429e-06
202422647;LD1;2.00632476160481e-07
202422692;LD1;0.0011879413095794
202422749;LD1;4.77101012611024e-07
202422806;LD1;3.57866436257064e-05
202422843;LD1;7.3968049056474e-06
202462604;LD1;0.000202154143902312
202462614;LD1;0.000652437285393929
202462798;LD1;0.00089582118503393
202489847;LD1;5.51636140343604e-08
202489913;LD1;2.56324319060921e-05
202489964;LD1;0.00034792343481747
202489975;LD1;2.95771759902055e-06
202490001;LD1;1.2230955157557e-05
202490030;LD1;3.20081845289655e-06
202494418;LD1;8.86762003168423e-07
202494488;LD1;1.5985887505461e-05
202494503;LD1;0.000239146710216046
202494608;LD1;4.15909902556238e-05
202519183;LD1;2.41728639238715e-05
202519193;LD1;0.00659509714247633
202519361;LD1;2.14593303392113e-05
202519363;LD1;0.000135852218085732
202519400;LD1;0.000189449953324066
202519423;LD1;0.0115207724223962
202533043;LD1;2.28934370837361e-05
202533101;LD1;1.02832013157275e-05
202533177;LD1;2.40069296964943e-05
202533179;LD1;1.06521615410247e-07
202533198;LD1;7.10799752600945e-06
202552395;LD1;2.08835415694368e-06
202552417;LD1;1.3402071874143e-08
202552419;LD1;4.49397998344263e-07
202552562;LD1;1.19544835732099e-06
202552586;LD1;1.3049088829682e-07
202619831;LD1;1.27303799832257e-05
202766391;LD1;1.79450118981506e-07
202878643;LD1;0.000308945272028782
202878656;LD1;7.73263066978865e-05
202878696;LD1;3.73383545301571e-05
202878725;LD1;1.12440034992079e-05
202895085;LD1;2.14030145600996e-05
202895093;LD1;7.4263695989817e-05
202895111;LD1;2.67048395283788e-07
202895156;LD1;0.00163926464028179
202895213;LD1;3.22951643979812e-07
202895270;LD1;3.08740203883808e-05
202895307;LD1;1.35721387284082e-07
202912768;LD1;8.52226396169703e-06
202912841;LD1;1.08012787503627e-06
202912889;LD1;4.30333950782579e-08
202912902;LD1;0.000590802875613755
202912911;LD1;2.94721157783988e-06
202912936;LD1;0.000127982043602585
202912950;LD1;3.50946767878837e-07
202913010;LD1;3.47394298211575e-05
203077046;LD1;1.22913527493507e-07
203077056;LD1;1.40548716151641e-05
203077066;LD1;2.13047229937179e-05
203077106;LD1;8.2187741720051e-07
203077134;LD1;1.72350201763716e-05
203077175;LD1;8.19994592332172e-06
203077180;LD1;4.32029753283471e-07
203077195;LD1;1.21489997141865e-07
203077209;LD1;3.46120530762087e-06
203077233;LD1;9.99185501123094e-07
203077237;LD1;7.09657435701429e-08
203077241;LD1;1.22162406625712e-06
203077266;LD1;4.54787157007671e-05
203077280;LD1;1.39131184179142e-05
203077284;LD1;2.94575937393648e-09
203142313;LD1;2.19854131515105e-06
203188063;LD1;5.92279441420715e-06
203188104;LD1;0.000187595306259256
203188138;LD1;1.49719927971573e-09
203188189;LD1;4.08604370781221e-07
203188200;LD1;1.02944936488707e-05
203188255;LD1;2.02903059920392e-06
203218382;LD1;5.08210057774266e-06
203218426;LD1;1.70561831377482e-05
203254722;LD1;9.34269359035643e-05
203254724;LD1;4.12154266622459e-05
203254853;LD1;0.000212720367540253
203254867;LD1;6.13923926649823e-06
203254894;LD1;0.000652731486192257
203301165;LD1;1.00904599420535e-05
203301219;LD1;1.68443924822126e-05
203301262;LD1;5.06361623643143e-06
203301271;LD1;0.000113392539474453
203301281;LD1;5.05286750380437e-05
203301325;LD1;4.92915197377122e-06
203301334;LD1;0.000135050746725676
203301344;LD1;5.6976653756071e-05
203301369;LD1;8.91267755396075e-05
203301389;LD1;1.60042278209161e-06
203301398;LD1;1.80533472603845e-05
203395587;LD1;3.5277343662858e-05
203395612;LD1;7.47848557158858e-06
203395722;LD1;5.77142203817288e-06
203395738;LD1;4.64331450457775e-05
203476086;LD1;3.00853707558669e-06
203476146;LD1;0.00352456922525746
203476229;LD1;0.00387213326583796
203480188;LD1;1.0158925204367e-06
203480210;LD1;3.57566513181088e-07
203480212;LD1;3.98250413932603e-07
203480355;LD1;3.14075565084782e-06
203480379;LD1;3.5768104608654e-08
203482589;LD1;4.13325328015765e-07
203482639;LD1;4.43855620688243e-07
203482663;LD1;0.000717021595940212
203482705;LD1;5.52580127834069e-05
203482726;LD1;0.000862458996312583
203482768;LD1;5.88306611253541e-05
203667559;LD1;0.000246037829557726
203667569;LD1;2.40055639196728e-06
203667708;LD1;1.7903710545408e-05
203667750;LD1;2.28991664787378e-06
203667754;LD1;6.91117321344142e-06
203667779;LD1;1.65264073841128e-06
203667797;LD1;1.98714402978783e-05
203724950;LD1;0.000350465781583378
203725004;LD1;7.83761149184283e-05
203725047;LD1;9.39913620062917e-05
203725094;LD1;1.5787507938326e-05
203725097;LD1;1.42375730900087e-05
203725116;LD1;6.88040802869105e-07
203725189;LD1;4.71690520241117e-06
203745089;LD1;2.42550794377832e-07
203745099;LD1;4.83532654525482e-06
203745167;LD1;3.93699286373143e-05
203745228;LD1;1.90484079371156e-12
203745299;LD1;8.95771288102744e-06
203745317;LD1;0.000185719797788926
203768210;LD1;4.9419145254986e-08
203768228;LD1;6.12409114765059e-06
203768257;LD1;6.20742712767621e-08
203768261;LD1;2.3672094266578e-05
203768308;LD1;1.23982310621847e-05
203768314;LD1;2.71806144014531e-08
203768388;LD1;7.39033034035204e-08
203768438;LD1;1.45683623730495e-05
203768448;LD1;0.00014765792225261
203819904;LD1;1.88838610207481e-05
203819985;LD1;0.00479088757135831
203819993;LD1;0.000162575617362761
203820073;LD1;1.79062459772348e-05
203823148;LD1;2.51014767330402e-05
203823154;LD1;1.70062991790238e-06
203823185;LD1;5.7114217253492e-05
203823194;LD1;0.000172821405462147
203823234;LD1;7.89316862436134e-05
203823237;LD1;5.97311384779815e-06
203823240;LD1;1.35761435878479e-05
203823378;LD1;7.23408357605979e-05
204023351;LD1;4.29376951124421e-09
204023406;LD1;3.1396334614823e-07
204023419;LD1;0.00262802303350712
204023559;LD1;1.31673670527867e-05
204023561;LD1;1.63468940078542e-06
204086721;LD1;5.98648489134399e-05
204086731;LD1;1.4807005389622e-06
204086771;LD1;3.47868204807431e-06
204086799;LD1;2.63151914396838e-06
204086840;LD1;1.21019424977577e-07
204086845;LD1;1.90573354983223e-06
204086860;LD1;1.9652430637085e-05
204086874;LD1;6.22913905551983e-06
204086898;LD1;3.41474745403428e-06
204086902;LD1;1.79345283436667e-06
204086906;LD1;6.5712082250825e-06
204086931;LD1;6.58339459309082e-06
204086945;LD1;2.33237652598348e-06
204086949;LD1;4.86277701089974e-06
204128894;LD1;0.000138979651959752
204128987;LD1;8.82573869385893e-06
204129038;LD1;4.39350411598852e-06
204129049;LD1;1.72729046290316e-05
204129104;LD1;2.25403184036663e-05
204288619;LD1;5.63705272411957e-05
204298713;LD1;9.41277303818159e-07
204298728;LD1;2.38226441552426e-06
204298763;LD1;0.000397175256777438
204298808;LD1;0.000231189092876125
204425081;LD1;5.69374276808374e-06
204425161;LD1;5.29495168135202e-06
204425195;LD1;5.33708173415642e-06
204425244;LD1;8.39990903296986e-05
204425246;LD1;2.7402516432168e-06
204435543;LD1;7.58414579168221e-05
204441696;LD1;0.000657234793774976
204441862;LD1;3.43202472113675e-05
204441864;LD1;2.56642898218516e-05
204441884;LD1;0.000659494143392011
204454758;LD1;0.000385177142725239
204454773;LD1;1.00297522301325e-05
204454811;LD1;0.000865989701560049
204561348;LD1;0.00178708757402847
204561398;LD1;0.000237966827281266
204561458;LD1;4.46646943251071e-05
204627834;LD1;4.08117251601129e-05
204627952;LD1;4.14973422042577e-05
204627959;LD1;6.94079780894455e-06
204627966;LD1;2.92206090884786e-05
204634309;LD1;2.40468898934458e-05
204634330;LD1;0.000361564215242918
204777048;LD1;2.38698379522748e-05
204777144;LD1;8.96699003994819e-05
204777158;LD1;1.28229629970791e-06
204777217;LD1;2.92669157515688e-06
204777247;LD1;1.83206478921875e-05
204777284;LD1;0.00174834166767155
204782805;LD1;0.000329199788500123
204782942;LD1;9.86388922892222e-05
204822206;LD1;1.41555804882446e-05
204822335;LD1;8.19688156004872e-06
204822398;LD1;2.35968090469993e-06
204951405;LD1;0.000647752264888805
204951419;LD1;1.58911209845049e-05
204951437;LD1;1.94696724213071e-05
204951459;LD1;5.0419470577211e-06
204951461;LD1;0.000129014659997641
204951513;LD1;1.27987042448285e-07
204951628;LD1;8.49893098790159e-05
204958222;LD1;5.5273692965399e-06
204958249;LD1;3.49015443307814e-05
204958281;LD1;1.44025103102178e-06
204958290;LD1;0.000435679951641023
204958299;LD1;1.87162466099684e-05
204958364;LD1;2.23628866948712e-05
204958366;LD1;1.29494505119426e-05
204958377;LD1;7.18032608393292e-07
204958432;LD1;9.9366351507398e-07
204984575;LD1;9.09974521330974e-06
204984598;LD1;0.000609556912172552
204984638;LD1;1.85930181423298e-05
204984669;LD1;0.000467806065308424
204984685;LD1;3.16642975202783e-06
204984721;LD1;3.0746973007764e-05
204984736;LD1;1.13940126686499e-06
204984759;LD1;3.85433038442732e-06
204984837;LD1;5.3924147174078e-06
204996817;LD1;7.80094612842048e-08
204996826;LD1;1.87600783217453e-06
204996848;LD1;2.68777743886404e-07
204996855;LD1;2.43908689578749e-07
204996901;LD1;2.11801822557423e-09
204996911;LD1;6.08822243822637e-08
204996951;LD1;6.45832171516877e-08
204996960;LD1;1.77180525238448e-06
204996982;LD1;4.46882653600985e-07
204996989;LD1;2.87871475830329e-07
204997035;LD1;6.81816998552308e-09
204997041;LD1;1.11600385745211e-06
204997045;LD1;4.98417565840945e-08
205000926;LD1;3.84237592912539e-06
205000985;LD1;0.00011088326056721
205000994;LD1;3.88213997513604e-05
205001003;LD1;3.32543744809182e-06
205001070;LD1;1.91578225362672e-06
205001081;LD1;7.35447460189509e-10
205001136;LD1;1.26585782529624e-06
205006205;LD1;1.4449847700995e-05
205051253;LD1;0.000994374110094954
205051256;LD1;9.90141283769351e-05
205051331;LD1;2.79566379802646e-06
205051375;LD1;7.91750449588135e-05
205128745;LD1;6.16554536626348e-08
205128784;LD1;1.02954930537057e-05
205128836;LD1;1.28705201133863e-08
205128880;LD1;3.18762037750154e-05
205128886;LD1;3.57716481743908e-05
205128890;LD1;2.90466577027754e-06
205128912;LD1;5.05849965831592e-06
205128947;LD1;7.52431589878022e-06
205128961;LD1;1.36781149975923e-07
205128982;LD1;1.35861032660203e-06
205128989;LD1;3.53354014495643e-06
205128998;LD1;7.63099179053337e-06
205188857;LD1;2.77022165156802e-05
205188905;LD1;0.00013387754588783
205189033;LD1;0.000120828893070886
205189088;LD1;2.02198401794998e-06
205207614;LD1;0.000120335349200135
205207638;LD1;0.000839331622871217
205207659;LD1;0.000890018974431187
205207705;LD1;1.83699686257133e-07
205207720;LD1;0.000479261935007329
205207777;LD1;7.0789483446896e-05
205207796;LD1;1.2457108425698e-06
205207824;LD1;0.0024590199343821
205207838;LD1;0.00371317543249712
205207881;LD1;4.89907755750711e-05
205348124;LD1;2.08167631491605e-05
205453023;LD1;1.29285021003238e-05
205453040;LD1;1.83561325377669e-05
205453101;LD1;2.13702060234123e-10
205453120;LD1;8.87637792601169e-06
205453182;LD1;7.79036598487306e-05
205453217;LD1;1.16635522723587e-07
205584072;LD1;0.00151772058562
205584207;LD1;9.18700439781065e-06
205584247;LD1;3.53021932109657e-06
205584252;LD1;0.000138969151515832
205584273;LD1;0.000492423853059008
205584285;LD1;0.000167851544968288
205584295;LD1;7.94095788878196e-05
205584307;LD1;0.0031839563740075
205584313;LD1;0.000614265741444365
205584319;LD1;1.51556767335904e-05
205647181;LD1;5.50775080952148e-06
205647214;LD1;0.000158029488224097
205647235;LD1;0.00300639374070952
205647253;LD1;4.66974610945534e-05
205647266;LD1;0.000178681003971207
205647272;LD1;1.15559357431438e-05
205647281;LD1;0.00292500479714277
205647316;LD1;4.47372002765062e-05
205647338;LD1;3.98216594648176e-05
205647346;LD1;7.22672290520534e-06
205647350;LD1;3.60317243730326e-05
205647367;LD1;0.000241396827495706
205647371;LD1;0.00071865407071706
205689903;LD1;5.54783409063143e-07
205690021;LD1;9.286055328077e-07
205690029;LD1;0.00040950215301439
205690049;LD1;8.7782700172231e-05
205690092;LD1;0.00123737998294318
205731495;LD1;1.5711521128039e-05
205731505;LD1;3.58078540317575e-06
205731515;LD1;4.06797576651076e-06
205731624;LD1;1.41973718634718e-06
205731629;LD1;1.33220773125148e-08
205731635;LD1;2.90914296618903e-06
205731644;LD1;3.85204781815904e-06
205731658;LD1;3.56897758506722e-08
205731686;LD1;1.71928976927842e-07
205731690;LD1;4.07500251508476e-07
205731715;LD1;1.82431106243292e-06
205731733;LD1;1.11617263070702e-05
205736934;LD1;2.91084574224767e-06
205736981;LD1;1.11297706331417e-07
205737031;LD1;1.77065452746956e-07
205737050;LD1;4.32013200486825e-06
205737111;LD1;5.90471928090041e-06
205737128;LD1;7.25464646715008e-06
205753808;LD1;4.49367023771086e-07
205753972;LD1;3.96474444550442e-05
205753988;LD1;0.000303307792885437
205754015;LD1;6.5856135046705e-07
205754059;LD1;1.16277334582891e-05
205757333;LD1;1.1993964156857e-05
205757373;LD1;2.58134916990003e-05
205757385;LD1;0.00059483357248257
205757397;LD1;5.30414006263797e-05
205757540;LD1;4.17125781836148e-05
205757547;LD1;0.00014194869197344
205757564;LD1;6.24673136550295e-06
205757567;LD1;0.000139156466972764
205844919;LD1;4.75352672937233e-05
205844932;LD1;2.05032743442966e-07
205844956;LD1;4.6034473124564e-05
205844970;LD1;9.73840977857679e-07
205845003;LD1;7.29088700131878e-07
205845547;LD1;2.56312634027129e-10
205845573;LD1;8.41946079082279e-10
205845602;LD1;1.05860450650203e-06
205845639;LD1;4.16725711979833e-06
205845693;LD1;2.68289816564811e-06
205894425;LD1;0.00010626483953162
205894446;LD1;4.80643797471771e-05
205894473;LD1;5.77352017524013e-08
205894497;LD1;0.000208384162929692
205894505;LD1;1.113648196195e-06
205894523;LD1;2.5453611443434e-06
205894590;LD1;5.2910740229373e-06
205894656;LD1;3.03030783109098e-07
205965181;LD1;0.00175065259856365
205965226;LD1;0.000351211178606899
205965307;LD1;3.16751205146823e-06
205965312;LD1;4.46634301351013e-05
205967641;LD1;4.95766568419428e-05
205967704;LD1;8.15298662655699e-05
205967833;LD1;1.18311025009469e-05
206172398;LD1;6.56502982366129e-12
206172415;LD1;9.0642332506246e-08
206172418;LD1;7.03745069105177e-05
206172421;LD1;1.85144438818225e-05
206172457;LD1;7.31625592762096e-06
206172556;LD1;4.29375418636031e-05
206172653;LD1;0.00341174014169671
206239913;LD1;8.39252301303481e-06
206239945;LD1;0.000184160665767067
206239963;LD1;7.11300054042002e-07
206240030;LD1;2.81934629059612e-06
206240096;LD1;7.42252740062074e-06
206313305;LD1;4.19930870120767e-06
206313326;LD1;0.000281778251005801
206313353;LD1;0.00024117599560126
206313385;LD1;1.04822228944547e-05
206313398;LD1;0.000758268528552971
206313403;LD1;7.68051377503446e-05
206313470;LD1;0.000509617696413463
206313481;LD1;5.39209606015235e-06
206313536;LD1;2.67005785452527e-06
206442694;LD1;1.29854640384257e-07
206442723;LD1;1.47130334845105e-06
206443611;LD1;1.18412770045982e-06
206443651;LD1;2.76975879999202e-06
206443653;LD1;2.73867451352204e-06
206443657;LD1;2.28190115749698e-06
206443796;LD1;1.08471706241512e-05
206443820;LD1;3.52670942499746e-07
206604343;LD1;2.5141115952906e-05
206604353;LD1;0.000102624401840562
206604363;LD1;6.98784435238957e-07
206604431;LD1;2.93847388198997e-05
206604483;LD1;1.51701823453499e-06
206604534;LD1;1.72247650961214e-05
206604538;LD1;1.33156206785169e-09
206604563;LD1;7.91900006844195e-06
206608755;LD1;5.94319473073257e-07
206612602;LD1;4.09733000373315e-05
206612610;LD1;1.5702267684528e-09
206612653;LD1;0.000126099919248844
206612679;LD1;6.85081077867979e-06
206612720;LD1;3.08192103819209e-05
206632372;LD1;0.0055676912122249
206632383;LD1;2.1087827169161e-05
206632417;LD1;0.000265312636273945
206632493;LD1;4.66070721513066e-05
206632501;LD1;4.01869178002546e-05
206632514;LD1;0.000179949303668764
206632570;LD1;3.79516721166119e-05
206641058;LD1;0.00163223674108143
206641273;LD1;8.89734697141944e-06
206641278;LD1;1.50014528494879e-05
206681047;LD1;4.12352178667357e-08
206681057;LD1;6.30925377661515e-06
206681067;LD1;4.08482012210041e-07
206681107;LD1;1.94894911641318e-06
206681135;LD1;1.61153652933269e-05
206681176;LD1;1.89634062400375e-05
206681181;LD1;1.4993108781395e-07
206681187;LD1;5.15502955273026e-06
206681210;LD1;8.95270630582714e-08
206681234;LD1;2.19077835488593e-05
206681238;LD1;5.33859556870322e-06
206681267;LD1;4.58222367725015e-06
206681285;LD1;1.71406871045532e-05
206733092;LD1;0.000157856862951866
206733116;LD1;2.59785020179909e-06
206733165;LD1;0.000486512901327442
206733196;LD1;1.03666583593215e-05
206733219;LD1;0.00221895712679505
206733241;LD1;0.00425736717507278
206900833;LD1;7.16660584766381e-08
206900904;LD1;0.000150406572853369
206900930;LD1;4.45946414687085e-06
206900967;LD1;0.000137876519279012
206900993;LD1;2.72104920437163e-06
206901007;LD1;1.82653763068062e-06
206901020;LD1;4.38880883634133e-06
206901039;LD1;6.36838900750421e-05
206968832;LD1;0.000238525330610488
206968880;LD1;1.30214214294029e-06
206968968;LD1;4.0792754063507e-07
206969023;LD1;8.51735867051506e-05
206969060;LD1;4.11744255972427e-07
207002030;LD1;1.2168413045746e-06
207002057;LD1;1.41957764549551e-06
207002089;LD1;0.000330364893749791
207002098;LD1;0.000179646923088086
207002123;LD1;2.09936414846761e-06
207002174;LD1;3.69280247167279e-11
207002240;LD1;1.81549582003239e-05
207116269;LD1;0.000182754194903046
207116475;LD1;2.6775296297409e-07
207150525;LD1;3.28357042913117e-07
207209554;LD1;0.026923600696148
207209597;LD1;1.72429221954136e-06
207209632;LD1;6.22334547873541e-07
207209648;LD1;7.15850527487627e-06
207209654;LD1;2.11305232222171e-05
207209705;LD1;8.74794261293665e-05
207209772;LD1;1.99959659634664e-07
207209792;LD1;0.000254565845147543
207339285;LD1;2.3461974897515e-05
207339347;LD1;1.02261893329969e-05
207339492;LD1;2.0002767990942e-05
207339516;LD1;4.4444369509643e-06
207400776;LD1;1.13255396653603e-05
207400779;LD1;1.10496485238628e-07
207400803;LD1;4.0161079469397e-08
207400894;LD1;7.84303341920964e-05
207400948;LD1;7.15919606487499e-05
207400970;LD1;2.56392204216595e-05
207401002;LD1;2.32697463176292e-06
207427154;LD1;0.000684934920072754
207427172;LD1;3.29061790532718e-05
207427197;LD1;5.61827013935508e-06
207427201;LD1;3.43242390239534e-05
207427205;LD1;4.89518643178061e-06
207427252;LD1;9.14118349854217e-06
207427258;LD1;4.9732591032817e-06
207427304;LD1;1.72705765685797e-07
207427332;LD1;9.67637902437379e-06
207427382;LD1;1.47761568055759e-06
207427392;LD1;0.000206044465634072
207442113;LD1;1.35261943674995e-06
207442163;LD1;3.18388604680754e-05
207442191;LD1;7.27831054473938e-05
207442252;LD1;1.66254215384667e-05
207442290;LD1;6.48346006130165e-07
207442323;LD1;9.48144270806697e-07
207442341;LD1;2.82959885902994e-05
207497624;LD1;6.60164574994682e-06
207497643;LD1;6.56769135717751e-10
207497654;LD1;0.000222084912183456
207497656;LD1;3.56493579036327e-06
207497670;LD1;2.93590337051939e-06
207497696;LD1;1.25755793864e-06
207497719;LD1;1.8936120980616e-06
207497733;LD1;4.73480194404694e-06
207497759;LD1;2.89496163011877e-06
207497830;LD1;4.25012199051112e-06
207566712;LD1;2.29107153779217e-05
207566719;LD1;0.000125011378212716
207566731;LD1;1.876695401514e-06
207566733;LD1;6.79539907115242e-07
207566744;LD1;1.01693260726941e-06
207566758;LD1;2.5310694313121e-07
207566785;LD1;1.63611412992457e-05
207566807;LD1;7.40602771502707e-07
207566821;LD1;1.29465502889299e-09
207566848;LD1;1.6545201832111e-05
207566918;LD1;2.86882398768675e-07
207587623;LD1;1.94355942091398e-05
207587643;LD1;8.77851544840611e-07
207587711;LD1;2.1508501570479e-05
207587772;LD1;4.01866728864746e-08
207587810;LD1;7.87184303834001e-05
207587814;LD1;4.28417967604699e-05
207587818;LD1;1.36277835931521e-05
207587843;LD1;3.64058514872179e-05
207587861;LD1;3.95458257443896e-06
207643657;LD1;3.09356496291367e-07
207643678;LD1;0.000147040133971336
207643746;LD1;0.00571597720061894
207643755;LD1;1.20273429968438e-05
207643822;LD1;6.06188139952515e-05
207643831;LD1;0.0174731160034072
207643888;LD1;1.91972012628861e-05
207643890;LD1;1.21782810217365e-07
207669487;LD1;5.79137133478573e-06
207669510;LD1;9.39771434115066e-05
207669523;LD1;1.53375820488062e-08
207669581;LD1;3.37718851419316e-08
207669597;LD1;1.74327924003281e-06
207669648;LD1;1.16116982199642e-05
207669652;LD1;0.000146652812445382
207669661;LD1;3.28478328338808e-06
207669668;LD1;3.93122491139083e-05
207669742;LD1;1.71930788891465e-05
207669749;LD1;8.31076662516016e-07
207859885;LD1;0.000276644237779054
207859908;LD1;0.000132340168097968
207860058;LD1;0.00608612265935781
207860075;LD1;0.0056418214606643
207860099;LD1;0.000590064966499251
207860102;LD1;0.000182064242810577
207860109;LD1;0.000489702594968297
207860115;LD1;7.33385423300501e-05
207868882;LD1;0.00130229837892326
207868960;LD1;8.65636997116976e-05
207868976;LD1;4.72330280070543e-09
207868987;LD1;2.4855592978629e-07
207869033;LD1;0.0039180059546819
207869060;LD1;0.00103110734283363
207869100;LD1;2.61234316084974e-06
207869120;LD1;4.61901281266416e-06
207896947;LD1;4.40807523783696e-05
207896949;LD1;2.61400897852592e-05
207897001;LD1;1.55160818130911e-05
207897092;LD1;2.74009908029572e-06
207897116;LD1;7.64260563046689e-06
207897119;LD1;1.82145941488002e-05
208091656;LD1;0.000443702294696993
208091659;LD1;3.88095552995962e-06
208091680;LD1;3.58576284484748e-05
208091683;LD1;2.86505771772603e-06
208091730;LD1;4.23828022334346e-05
208091769;LD1;3.72840687400778e-05
208091826;LD1;0.000453059012666921
208091828;LD1;0.00034312293832503
208091850;LD1;2.78981862549491e-05
208091882;LD1;6.37179075092687e-05
208091890;LD1;9.36472880220945e-08
208146311;LD1;3.19697621875447e-05
208146321;LD1;1.66393049727093e-05
208146399;LD1;8.41631438667772e-06
208146440;LD1;8.30966150577204e-08
208146460;LD1;2.6834792323117e-05
208146502;LD1;3.26867962140225e-09
208146506;LD1;2.40372436128895e-06
208146531;LD1;3.43911776729722e-05
208166454;LD1;5.23650209813911e-05
208166478;LD1;1.36804267163276e-05
208166489;LD1;0.000153580235048742
208166501;LD1;1.68995854668804e-05
208166569;LD1;3.05760050662993e-06
208166635;LD1;5.55411525956425e-07
208166641;LD1;5.53928245403918e-05
208177623;LD1;0.000153464063667845
208309240;LD1;0.000583185712702231
208309301;LD1;9.65305531556364e-05
208309336;LD1;4.98948967390354e-06
208309348;LD1;0.000208643531597616
208312528;LD1;0.000770833732662188
208312534;LD1;7.29489902928371e-05
208312564;LD1;0.000583808582188402
208312582;LD1;1.25584349740971e-05
208312594;LD1;9.82249557834738e-06
208312601;LD1;2.21023625310714e-06
208312608;LD1;4.78277385638887e-06
208312645;LD1;1.24035440265155e-05
208312657;LD1;9.33701740761027e-06
208312664;LD1;2.83430914204473e-06
208312671;LD1;4.37724044968756e-06
208312687;LD1;8.13793818018436e-06
208312707;LD1;0.000126912178603311
208396930;LD1;1.11223979678245e-06
208397048;LD1;6.93634875963281e-06
208448247;LD1;4.16474140002471e-07
208448313;LD1;1.68739618121408e-08
208448315;LD1;1.17288545867385e-05
208448346;LD1;0.000430160018393159
208448380;LD1;2.47838508817107e-05
208448398;LD1;8.92196967929464e-06
208448430;LD1;1.15569841024934e-06
208471078;LD1;1.63294807185803e-05
208471104;LD1;6.40518221879585e-06
208471225;LD1;1.36193271743067e-05
208471239;LD1;2.63479016691466e-06
208471244;LD1;4.86563664085532e-07
208471294;LD1;7.60356596115186e-06
208471300;LD1;6.85178834088071e-08
208471317;LD1;9.13469938132799e-06
208471335;LD1;1.50550004043688e-06
208583095;LD1;4.22979452793481e-06
208592674;LD1;0.00762448420769544
208592690;LD1;0.000140990745521761
208592717;LD1;3.0820422819439e-06
208592752;LD1;0.00045181525349303
208592768;LD1;3.16886374217366e-06
208592774;LD1;5.05464909138995e-05
208592779;LD1;2.69361644336008e-06
208592825;LD1;0.00133516094322934
208592852;LD1;1.06359115520417e-05
208592892;LD1;1.8732382443312e-06
208592902;LD1;9.8776509713474e-06
208592912;LD1;2.58721398786594e-06
208596741;LD1;1.11655247372441e-07
208596749;LD1;0.000201245751422149
208596781;LD1;1.09446532280155e-07
208596803;LD1;1.42382349382307e-06
208596805;LD1;4.31334719299204e-06
208596948;LD1;0.00102370644628708
208596972;LD1;3.77642679713309e-06
208610548;LD1;1.41548539692812e-05
208610572;LD1;6.72526402132177e-07
208637944;LD1;3.66477579874146e-05
208670039;LD1;1.02310051162417e-05
208683793;LD1;6.28142314995785e-06
208683796;LD1;6.78154697032186e-06
208683869;LD1;9.97651770152553e-07
208683937;LD1;0.000115281510098831
208683948;LD1;7.54322028817831e-07
208684016;LD1;1.72966961896067e-06
208684025;LD1;1.77961706441277e-05
208684042;LD1;1.33748165125265e-05
208714702;LD1;4.06889427726238e-06
208714708;LD1;1.0314161652351e-05
208735245;LD1;2.64354489372345e-06
208735259;LD1;1.1170614914622e-05
208735387;LD1;1.368881152219e-06
208817335;LD1;1.98661878509396e-06
208817355;LD1;1.24333788782791e-05
208817423;LD1;2.02533668966816e-05
208817484;LD1;4.68479004922567e-09
208817498;LD1;5.2169587910516e-05
208817522;LD1;8.97300955276855e-05
208817526;LD1;9.81120225603874e-07
208817530;LD1;2.49345300897624e-05
208817555;LD1;9.00752207476465e-05
208817573;LD1;2.06875442653276e-05
208880711;LD1;3.57417402049262e-05
208880721;LD1;8.90620141072821e-05
208880731;LD1;3.82433386593906e-06
208880799;LD1;5.84894163569925e-05
208880846;LD1;0.000130949156045777
208880860;LD1;3.63716076909331e-05
208880898;LD1;0.000202829611237413
208880906;LD1;5.55754016875755e-06
208880931;LD1;9.56502304612785e-05
208880949;LD1;1.72313736784937e-05
208884828;LD1;6.4144618580834e-05
208884867;LD1;1.2145406555129e-06
208919305;LD1;3.90027334121774e-06
208923839;LD1;6.14819735216734e-06
208923909;LD1;4.91951724749747e-05
208928536;LD1;1.45266879635723e-06
208985455;LD1;9.72451059257597e-07
208985528;LD1;9.75517268322924e-05
208985573;LD1;1.92170326745833e-07
208985581;LD1;1.21014663236226e-05
208989511;LD1;8.7957274015396e-05
208989521;LD1;5.82836192061507e-05
208989571;LD1;1.05109091126958e-05
208989599;LD1;1.63172350198084e-05
208989651;LD1;3.65223467602264e-06
208989660;LD1;1.98287787051332e-06
208989702;LD1;2.09912033514716e-06
208989706;LD1;9.61499389728533e-06
208989731;LD1;2.3195819222585e-06
208989749;LD1;6.01441320599147e-05
208996852;LD1;1.78975272472986e-05
208996855;LD1;2.09679526383204e-05
208996869;LD1;6.34833535198387e-06
208996873;LD1;0.000326273515650883
208996939;LD1;4.86660214072942e-07
208996969;LD1;2.43864154893923e-07
208997013;LD1;4.15293179218092e-10
208997022;LD1;0.000137288387589055
208997037;LD1;2.55907887368777e-05
208997040;LD1;0.000112966633757935
208997066;LD1;6.11507892547702e-05
208997106;LD1;0.0125706490121116
209061272;LD1;1.88019329645051e-06
209167422;LD1;6.87117023266021e-07
209167424;LD1;8.54664832108235e-05
209167494;LD1;2.70925287524117e-08
209167566;LD1;7.33553228048891e-07
209167577;LD1;3.1616173317685e-06
209167632;LD1;0.00370878747838862
209171640;LD1;1.95295972226767e-06
209171718;LD1;1.28821898751299e-05
209193816;LD1;0.000474138811495998
209193861;LD1;9.73341353920907e-05
209193863;LD1;4.41138598777018e-07
209193879;LD1;0.00888164125394597
209193949;LD1;1.66194904664652e-05
209193953;LD1;0.000259780959352036
209193980;LD1;0.000926232310519534
209194003;LD1;0.000249791128494699
209194025;LD1;5.34037435240291e-07
209194033;LD1;0.00132822187659682
209279746;LD1;1.40246204374087e-06
209279764;LD1;2.11562755137997e-06
209279789;LD1;5.83064349945397e-06
209279793;LD1;1.32647524329818e-05
209279797;LD1;2.97330393042186e-07
209279835;LD1;2.3914243103433e-06
209279844;LD1;2.18262906036507e-06
209279850;LD1;3.09587936323266e-07
209279896;LD1;3.04440347170958e-06
209279924;LD1;6.22433983034066e-07
209279964;LD1;1.15086091853738e-05
209279974;LD1;3.72912125378036e-05
209299866;LD1;2.78988463454584e-05
209415189;LD1;3.59979314907844e-05
209415199;LD1;2.47601614591955e-08
209415286;LD1;0.000148068413313126
209422827;LD1;4.69201240714857e-06
209422867;LD1;4.37580699837831e-06
209422869;LD1;1.24393765882596e-07
209423012;LD1;3.26985918580222e-05
209437840;LD1;3.67765675158931e-05
209437843;LD1;0.000146101013743954
209437895;LD1;0.000268305082139068
209437905;LD1;1.80341379688336e-06
209437917;LD1;5.85656380852516e-08
209437924;LD1;6.86604563229064e-07
209438013;LD1;1.38830741304554e-06
209441865;LD1;3.09424850383107e-05
209441879;LD1;0.000354328077371997
209545784;LD1;8.37881239210717e-06
209545803;LD1;1.15187492676824e-06
209545805;LD1;2.05037838465965e-08
209545814;LD1;1.10441448320173e-05
209545816;LD1;3.4179428024549e-06
209545830;LD1;3.52074895170266e-06
209545856;LD1;7.11564726732183e-06
209545879;LD1;4.19038114999127e-06
209545893;LD1;4.79072076201154e-06
209545919;LD1;1.18815267798769e-05
209545990;LD1;6.67849203479915e-08
209590314;LD1;0.000536940158148082
209655357;LD1;3.59828450493902e-05
209655469;LD1;0.00142993229877024
209655557;LD1;0.00247254273599043
209655570;LD1;0.00258705858401613
209724787;LD1;6.71775196286856e-06
209724962;LD1;1.308889584629e-05
209726112;LD1;3.48956309444272e-10
209726203;LD1;1.44080440436926e-05
209726254;LD1;5.22476637078466e-06
209726320;LD1;5.38523491189465e-06
209732937;LD1;8.67571832790329e-06
209732969;LD1;4.11487287855309e-05
209732978;LD1;0.000560010131262081
209732987;LD1;1.62130095238544e-05
209733021;LD1;0.00290719090436049
209733052;LD1;0.000692576897191608
209733054;LD1;1.96293603772415e-06
209733065;LD1;0.000714997092683875
209733120;LD1;0.00656124701798566
209733122;LD1;7.71898468189445e-06
209795173;LD1;2.40621430673429e-05
209795183;LD1;0.000404805580553198
209795188;LD1;1.5110849348303e-06
209795201;LD1;0.000398278680780208
209795400;LD1;1.13955882413202e-05
209795417;LD1;2.43406773201937e-05
209834625;LD1;7.91070943557256e-05
209834635;LD1;1.70562787657567e-05
209834675;LD1;1.6833068950049e-05
209834703;LD1;7.32073747624328e-05
209834744;LD1;7.06088350259562e-07
209834764;LD1;2.77212075201951e-06
209834806;LD1;4.72459409973252e-07
209834810;LD1;1.41459763336794e-05
209834835;LD1;6.43510248431954e-07
209839682;LD1;1.12935533776436e-10
209851217;LD1;4.31513541469448e-05
209851278;LD1;0.000666101600859143
209851292;LD1;6.66608873049796e-06
209851315;LD1;6.26116940865213e-05
209851346;LD1;0.000677991748470292
209851360;LD1;7.94021148693633e-06
209851383;LD1;6.84929278830431e-05
209851454;LD1;7.42737858906554e-05
209851461;LD1;0.000284405568218438
209991831;LD1;6.67328715341583e-05
209991860;LD1;2.30813617211577e-06
209991925;LD1;1.22930460055074e-05
209992000;LD1;3.83903349636988e-06
209992050;LD1;0.000192703114598471
210038346;LD1;1.9289344165712e-07
210038394;LD1;4.02387681464462e-06
210038417;LD1;0.000746499820233704
210038426;LD1;4.15161416951485e-05
210038435;LD1;0.00208249051892768
210038444;LD1;3.09274431540595e-06
210038509;LD1;0.000161184023317516
210038511;LD1;7.24769224553688e-05
210038577;LD1;6.35251210639795e-06
210070197;LD1;0.000314706262464927
210070243;LD1;2.25686497267192e-05
210070354;LD1;2.30642569337885e-05
210070383;LD1;8.58005774335636e-06
210168437;LD1;4.87538454884512e-05
210168455;LD1;1.41012145487289e-06
210168477;LD1;7.74365004500394e-06
210168525;LD1;0.000830373846734064
210168536;LD1;8.44012467371571e-06
210168598;LD1;2.18401492873624e-05
210168616;LD1;7.20076801438523e-05
210221123;LD1;3.2606226219266e-05
210221201;LD1;4.06069863603385e-07
210221239;LD1;1.00149504241236e-06
210221256;LD1;7.15582154425429e-08
210221263;LD1;0.000538506876626307
210221285;LD1;5.92272731277806e-06
210221290;LD1;4.58027905161986e-05
210221341;LD1;7.35979574171384e-05
210221365;LD1;1.32729075241883e-06
210221371;LD1;1.03818839502204e-05
210258936;LD1;5.27588722697778e-06
210258946;LD1;5.64322303974445e-07
210258956;LD1;4.43644800848036e-06
210259024;LD1;5.40855181066522e-05
210259076;LD1;3.35176458784759e-05
210259085;LD1;9.95203682748871e-06
210259127;LD1;4.61049194653941e-08
210259131;LD1;9.90558046066991e-07
210259156;LD1;2.06425286231104e-06
210259174;LD1;4.11913525592413e-07
210262843;LD1;1.32239243193201e-05
210262851;LD1;1.45131744534462e-07
210262896;LD1;1.44591286472811e-06
210262969;LD1;2.02017272441469e-07
210331014;LD1;5.15662777627915e-05
210331054;LD1;9.26274889582614e-09
210331084;LD1;9.08974317433879e-07
210331150;LD1;2.9531712622717e-07
210331169;LD1;1.77792438162214e-06
210331219;LD1;9.44960876675649e-07
210331231;LD1;2.44381423660899e-05
210331266;LD1;3.78149751202534e-05
210488236;LD1;4.23206796514831e-08
210488246;LD1;4.57459003494077e-05
210488256;LD1;3.98278544004952e-05
210488324;LD1;0.000141598559055536
210488373;LD1;8.012525569871e-05
210488393;LD1;1.61887384126093e-05
210488407;LD1;1.80113798955306e-05
210488431;LD1;1.13828729622531e-07
210488464;LD1;2.02092615743342e-07
210488482;LD1;1.28012725455996e-06
210499667;LD1;1.03661806588618e-06
210499684;LD1;5.29248978427181e-06
210499810;LD1;7.65267051345232e-05
210566604;LD1;2.78485238335071e-05
210566611;LD1;2.93561228926492e-05
210566679;LD1;9.00591866029996e-06
210566715;LD1;1.15623944103597e-05
210640032;LD1;6.37654522806051e-06
210640072;LD1;1.29597755178246e-06
210640100;LD1;1.37291102805427e-05
210640203;LD1;3.75894084136431e-06
210640207;LD1;4.1011311077398e-05
210640232;LD1;1.72545283729385e-05
210640250;LD1;0.000144031068543851
210679488;LD1;0.000226907876828627
210679551;LD1;3.43691190983848e-06
210679559;LD1;5.2238708983859e-06
210710739;LD1;0.000121850089149062
210710759;LD1;1.16134134269144e-05
210710763;LD1;6.5301919431533e-07
210710769;LD1;0.000593838633204641
210710815;LD1;3.09676735992133e-06
210710822;LD1;1.37386931340265e-05
210710844;LD1;3.72879316323422e-05
210710873;LD1;4.83821627327138e-05
210710893;LD1;1.5309667571258e-06
210710897;LD1;1.93852535810273e-05
210710903;LD1;0.00039326024268816
210710949;LD1;5.6529639493458e-06
210710956;LD1;9.60327159984402e-06
210710978;LD1;7.20952654451497e-07
210710987;LD1;5.12010054663357e-06
210863069;LD1;5.89249893290116e-07
210863086;LD1;1.15457246350996e-08
210863091;LD1;4.02203863396711e-07
210863157;LD1;0.00233835339496185
210863181;LD1;0.000283874344652034
210863240;LD1;9.8627371315997e-05
210863253;LD1;5.45231455733457e-05
210863257;LD1;6.52271775569036e-06
210931353;LD1;6.4641251399118e-06
210981642;LD1;0.000142726278979908
211126068;LD1;4.43827642621271e-06
211126092;LD1;0.000100095834116179
211126101;LD1;0.000152128192967412
211126148;LD1;0.00059145893201736
211126192;LD1;2.17945058084267e-06
211126301;LD1;5.14418105544967e-06
211230714;LD1;0.000144750745974695
211230769;LD1;0.000112986143701989
211241542;LD1;1.45175098759987e-06
211241583;LD1;2.21822807497438e-05
211318465;LD1;0.000141824413545021
211318538;LD1;3.01732923785659e-05
211318559;LD1;0.000124521940196059
211318576;LD1;0.000119637895360095
211318579;LD1;9.37139095654377e-05
211318607;LD1;0.000761512760171208
211367540;LD1;8.49029425962784e-06
211410855;LD1;0.000634707940623006
211410876;LD1;1.75119257466232e-06
211410942;LD1;8.59478864976934e-05
211410944;LD1;1.68258450757399e-05
211411018;LD1;1.67166582672255e-06
211411027;LD1;4.70076239641666e-09
211411084;LD1;0.00209924449226712
211411086;LD1;0.00123348123252301
211417245;LD1;5.62719425094232e-06
211417256;LD1;7.48862582453499e-06
211417265;LD1;6.14647867379354e-07
211417303;LD1;2.39303085135969e-06
211417336;LD1;9.19652409242638e-07
211597722;LD1;3.69414566915794e-05
211597732;LD1;6.65414164824091e-07
211597750;LD1;1.52595161828849e-07
211597819;LD1;1.64628595534983e-05
211597837;LD1;1.88136112475386e-06
211597883;LD1;1.48160207451535e-05
211597901;LD1;5.2079172345789e-06
211597912;LD1;2.37737231986839e-06
211597926;LD1;5.07968420874507e-06
211597968;LD1;0.000226079554557646
211702863;LD1;2.38746227415909e-05
211768851;LD1;6.01998402057783e-06
211768859;LD1;8.11366863546317e-05
211768918;LD1;6.69840091493051e-07
211768953;LD1;0.000262376279172191
211768987;LD1;2.9052409918196e-05
211769004;LD1;5.03856189150442e-05
211769008;LD1;3.73613928111447e-07
211769056;LD1;2.92137216214385e-05
211801483;LD1;6.87860877815927e-05
211801485;LD1;9.81399195678859e-05
211801504;LD1;9.34911870817665e-05
211801506;LD1;0.000196531252693819
211801517;LD1;2.47549977070082e-06
211801558;LD1;4.81662231245413e-06
211926038;LD1;1.28679730453052e-06
211926109;LD1;4.40578070634254e-05
211926135;LD1;4.59890726513879e-06
211926198;LD1;5.80539897038705e-06
211926212;LD1;1.05826427086031e-06
211926225;LD1;6.11275911357488e-06
211926244;LD1;0.000125781668929309
211932141;LD1;6.35841152499585e-06
212010338;LD1;2.44132059772483e-05
212010354;LD1;8.01682221958626e-06
212010382;LD1;9.92587345772529e-07
212010421;LD1;2.23018889335467e-05
212010427;LD1;1.52458128980402e-07
212010511;LD1;2.4214278144353e-05
212010551;LD1;6.46260197522565e-07
212010598;LD1;1.04622627814994e-08
212082995;LD1;8.41086175748827e-06
212082997;LD1;0.00125035196628437
212083022;LD1;5.86161775504357e-06
212083054;LD1;3.40257207483795e-05
212083072;LD1;0.000974890160985112
212083150;LD1;1.3682568972722e-05
212083207;LD1;0.000123465864908999
212141447;LD1;7.77065874875786e-05
212141450;LD1;1.58731418371454e-05
212141470;LD1;4.4205750220513e-05
212141498;LD1;1.54823508648746e-06
212141519;LD1;7.08265984920157e-06
212141584;LD1;8.0224314338826e-05
212141586;LD1;1.76900589329281e-07
212141605;LD1;0.000892495830288697
212141702;LD1;4.01102015786729e-07
212201695;LD1;1.2134260357114e-05
212201706;LD1;7.63952980678732e-08
212201712;LD1;2.95354030956826e-07
212201781;LD1;1.3768228053583e-06
212201806;LD1;1.40659025643891e-06
212266338;LD1;0.000446368456322971
212266360;LD1;1.20405855968903e-05
212266529;LD1;8.31883837944783e-07
212281542;LD1;1.52861615587555e-06
212281552;LD1;0.000210779719985283
212281620;LD1;1.10704810619996e-06
212281681;LD1;3.74234488006889e-05
212281695;LD1;2.05054364816034e-06
212281719;LD1;0.00333917379262266
212281723;LD1;1.65412481387561e-05
212281727;LD1;3.82830335306507e-06
212281752;LD1;1.78303250840143e-05
212281770;LD1;2.65450107698655e-05
212323981;LD1;9.3477250373232e-07
212323998;LD1;0.000124797402093079
212324002;LD1;6.37085074383953e-07
212324029;LD1;0.000406791917131141
212324136;LD1;3.99199615719903e-06
212324149;LD1;7.6147648037335e-07
212324168;LD1;1.91740256585615e-08
212324188;LD1;5.02747995764018e-05
212324193;LD1;2.32494853858928e-06
212324209;LD1;1.95001758283067e-06
212373926;LD1;3.67085925964717e-05
212533404;LD1;0.000148159852786108
212533414;LD1;3.50626069837658e-06
212533424;LD1;3.74656410509648e-06
212533492;LD1;2.3501759492537e-05
212533553;LD1;5.48795262070183e-06
212533567;LD1;0.000163200624094761
212533591;LD1;6.201939229588e-05
212533595;LD1;2.61284867469969e-06
212533599;LD1;7.86328233443382e-07
212533624;LD1;4.24090086763896e-06
212599161;LD1;2.68544874631069e-05
212672684;LD1;6.72778318985454e-06
212672720;LD1;2.61954961182156e-07
212672752;LD1;2.02535648482881e-06
212672915;LD1;1.10450275036446e-05
212731720;LD1;2.21883953311996e-06
212731793;LD1;0.000296736738949743
212731826;LD1;3.04939510724995e-05
212731832;LD1;8.22378088113543e-06
212731850;LD1;0.00013206686789815
212731895;LD1;4.71546300542095e-06
212731925;LD1;4.40560605713161e-05
212731947;LD1;8.69299037527564e-06
212991179;LD1;1.4631307707742e-05
212991257;LD1;1.19716909501314e-07
212991260;LD1;0.00026565975728704
212991280;LD1;1.36367779629482e-06
212991363;LD1;2.57560435643233e-07
212991381;LD1;1.99724093729768e-05
212991393;LD1;3.08622156284589e-08
212991438;LD1;0.000221097169978825
213026554;LD1;9.87656938052158e-07
213102704;LD1;5.07365102660812e-05
213102714;LD1;1.54913477629231e-05
213102724;LD1;1.4561529818641e-05
213102764;LD1;2.36521080204196e-05
213102792;LD1;3.08051307641859e-05
213102833;LD1;6.01791385754101e-06
213102853;LD1;1.886813664001e-05
213102891;LD1;1.82271404042125e-07
213102895;LD1;8.05477578865411e-06
213102899;LD1;2.54564644865315e-06
213102924;LD1;1.4288458666001e-08
213102938;LD1;3.81552981317628e-05
213102942;LD1;4.54611115492524e-06
213108505;LD1;0.000413140428233801
213225918;LD1;1.11119764523403e-05
213225926;LD1;7.97939660537664e-05
213225940;LD1;5.41717286662131e-05
213225980;LD1;7.42424093403358e-06
213225982;LD1;1.04140581259759e-07
213225986;LD1;2.0975138599668e-05
213226125;LD1;0.000528908909273783
213226152;LD1;0.000275490473449105
213242231;LD1;0.000251833702161709
213242291;LD1;0.000411120721830084
213242323;LD1;0.000106321821186725
213242325;LD1;5.17979197642602e-05
213242367;LD1;0.00130125983253068
213242391;LD1;3.06052449588213e-05
213242408;LD1;0.000404846717575313
213242428;LD1;4.47446182325787e-07
213242445;LD1;8.31129235390789e-08
213327102;LD1;6.55407121300809e-06
213327112;LD1;0.000105109352872721
213327117;LD1;6.33980902537255e-07
213327130;LD1;6.76863954127091e-06
213327154;LD1;2.89791272277339e-08
213327160;LD1;0.000172060886692555
213327199;LD1;0.000113247323710246
213327217;LD1;4.90834354553141e-05
213327263;LD1;0.000108492142317869
213327281;LD1;5.46147152696651e-05
213327287;LD1;1.62253822434488e-06
213327306;LD1;2.03158827511914e-05
213327315;LD1;0.000495696181146982
213327348;LD1;8.2079426195932e-05
213338281;LD1;1.33827765566952e-06
213338287;LD1;0.000121351838505605
213338290;LD1;1.20649734999159e-06
213338310;LD1;0.000439020200642916
213338345;LD1;0.000190975490708206
213338354;LD1;5.53863592204122e-05
213338408;LD1;0.000191914588536832
213338417;LD1;5.52606294145739e-05
213338493;LD1;4.47801562186489e-05
213338514;LD1;7.83872883372341e-07
213357578;LD1;0.000300458536490614
213357588;LD1;3.95451179023991e-06
213357628;LD1;0.000104769679319754
213357656;LD1;0.00010443934558335
213357702;LD1;4.70811117960068e-06
213357717;LD1;2.1991695052843e-05
213357755;LD1;0.000915504342490161
213357759;LD1;0.000571364242813884
213357763;LD1;4.31084231837504e-06
213357788;LD1;8.78811514023175e-07
213357806;LD1;1.66242031080587e-05
213466182;LD1;2.39400038577046e-06
213487904;LD1;0.00294033630297226
213487907;LD1;0.00155767434302188
213487912;LD1;0.00252164309678464
213488069;LD1;0.000121350525557678
213488075;LD1;0.000148826867738054
213488084;LD1;0.000300492173615829
213488091;LD1;0.000156996598904369
213488099;LD1;0.000322704835369201
213526222;LD1;4.87334924625292e-06
213526224;LD1;2.85633822105852e-05
213526292;LD1;4.81919397450329e-05
213526362;LD1;4.86384192133284e-07
213526375;LD1;1.39082889967176e-06
213526377;LD1;0.00071196535466853
213526432;LD1;1.71679802989565e-06
213590999;LD1;2.51575689622989e-08
213591000;LD1;1.95511513936354e-06
213591114;LD1;6.72648778376678e-07
213642978;LD1;9.07631854056793e-07
213642980;LD1;4.85402206589524e-06
213643045;LD1;5.84352561867665e-06
213643063;LD1;2.06684812120517e-05
213643095;LD1;3.12315104648176e-06
213643143;LD1;2.29111375491871e-06
213732417;LD1;0.00377878711071665
213732432;LD1;0.00601604487664173
213732438;LD1;6.88728635751959e-06
213732446;LD1;0.000487615935778549
213732463;LD1;4.02411007218149e-09
213732484;LD1;0.00400262747723541
213732545;LD1;0.000332865517735195
213732573;LD1;1.5909452594413e-05
213732613;LD1;2.71295225917547e-05
213785933;LD1;0.00282923832205802
213845272;LD1;2.24253919254493e-06
213845277;LD1;1.46088026110685e-06
213845290;LD1;3.26454074610571e-06
213845314;LD1;7.48604763235391e-06
213845349;LD1;0.000155951225829223
213845359;LD1;1.6271252418715e-05
213845377;LD1;4.97389148343986e-06
213845413;LD1;0.00015237156084651
213845423;LD1;1.60156760945793e-05
213845441;LD1;5.4297776568286e-06
213845447;LD1;2.7891882821425e-07
213845452;LD1;1.4376769903973e-05
213845466;LD1;3.76798302436697e-07
213845508;LD1;1.41885588329893e-06
213882355;LD1;3.85186995948932e-05
213882363;LD1;1.30695318009393e-07
213882408;LD1;5.33035665688706e-06
214001536;LD1;0.00206718289693136
214001585;LD1;5.52058653153383e-05
214035217;LD1;0.00128545283944469
214035274;LD1;8.90676154177589e-06
214035349;LD1;0.000171480735311157
214035356;LD1;1.28250423308455e-07
214035361;LD1;7.77236202364239e-05
214035412;LD1;3.65146956057076e-06
214035452;LD1;1.25266858437048e-05
214035480;LD1;2.7983693500408e-05
214035526;LD1;1.00960989117359e-05
214035541;LD1;3.40255458475419e-06
214035579;LD1;4.69881367523386e-05
214035583;LD1;2.63929246459813e-05
214035587;LD1;7.2392480600881e-07
214035612;LD1;1.21241297986965e-05
214035630;LD1;5.21557839257525e-05
214368077;LD1;3.70071091888991e-06
214368102;LD1;6.3512943738932e-06
214368148;LD1;5.44389702514447e-05
214368157;LD1;1.0707777618164e-05
214368163;LD1;1.91861335158852e-07
214368209;LD1;4.50971748554121e-05
214368237;LD1;7.54065406933778e-08
214368277;LD1;2.15739178915678e-05
214368287;LD1;6.21255406747338e-06
214368297;LD1;1.85278133955244e-06
214384695;LD1;6.69931688571193e-06
214384815;LD1;0.000161010952241655
214403556;LD1;2.06510910518772e-05
214421632;LD1;9.97058110958059e-06
214421642;LD1;7.7979972657734e-05
214421652;LD1;3.6192794733967e-06
214421692;LD1;3.36952345802232e-06
214421720;LD1;3.72883336839278e-05
214421761;LD1;1.52188699579115e-06
214421766;LD1;1.49426621819445e-05
214421781;LD1;0.000162446821019239
214421795;LD1;2.05624798121837e-05
214421819;LD1;7.79688638611651e-07
214421827;LD1;4.04300009943279e-07
214421852;LD1;1.43756971618428e-05
214421866;LD1;5.37975633540422e-07
214421870;LD1;1.77451491071092e-06
214430878;LD1;6.01831480632523e-06
214430940;LD1;4.14957200099991e-05
214430946;LD1;2.19491349973126e-05
214431065;LD1;0.00039038405149265
214431070;LD1;4.44179643860177e-05
214431085;LD1;0.00188174793073326
214431109;LD1;8.48261951805163e-06
214473312;LD1;4.79643345464113e-06
214473332;LD1;0.000312565574765399
214473372;LD1;1.74715401289507e-06
214473399;LD1;0.00025683986059044
214473440;LD1;9.96507548213654e-06
214473445;LD1;5.41367711821459e-05
214473472;LD1;2.45174778635059e-07
214473507;LD1;2.30019055386208e-06
214473534;LD1;0.0074305245694015
214473544;LD1;4.44925815667185e-05
214473550;LD1;0.000649188906804251
214708591;LD1;0.000135606343867507
214708669;LD1;3.39555827488372e-05
214708770;LD1;1.44130781148819e-06
214708801;LD1;6.40478872170462e-06
214708816;LD1;9.90720638089023e-06
214708818;LD1;1.07766766372655e-05
214746455;LD1;5.147451264538e-05
214746581;LD1;5.17091840801664e-05
214746605;LD1;2.497434137634e-10
214876690;LD1;4.74174537480738e-05
214876700;LD1;3.80816552627501e-06
214876705;LD1;2.06022120907352e-06
214876718;LD1;1.55846738388897e-07
214876742;LD1;7.47364940504045e-05
214876823;LD1;3.80227775500693e-06
214876828;LD1;1.99827488737325e-06
214876865;LD1;6.19898883583497e-05
214876939;LD1;2.45082138064735e-05
215001840;LD1;0.00066258370563001
215001845;LD1;1.08400046345011e-05
215001866;LD1;2.16788434421536e-05
215001875;LD1;3.40285193347297e-07
215001877;LD1;0.000316822587121406
215001891;LD1;1.07520492828165e-06
215001918;LD1;1.05613143990321e-05
215001940;LD1;0.000351840162774596
215001954;LD1;9.79170289963578e-07
215001981;LD1;7.77003029090105e-06
215002047;LD1;0.000454136388312898
215002051;LD1;1.02218098660598e-06
215108708;LD1;3.69915155047122e-06
215108728;LD1;3.75966904339496e-07
215108796;LD1;4.89979804281462e-06
215108842;LD1;1.71852270237201e-05
215108857;LD1;1.31439752826524e-06
215108871;LD1;1.20484176266461e-05
215108895;LD1;4.77502457167253e-06
215108899;LD1;1.16213700735666e-05
215108903;LD1;6.84666868106221e-05
215108928;LD1;3.42105733006718e-05
215108946;LD1;1.61435160031503e-07
215165862;LD1;9.74209647142873e-06
215165881;LD1;0.000261696824972426
215165883;LD1;1.58938673503875e-05
215165894;LD1;2.62871867170869e-07
215165908;LD1;5.41245910084341e-08
215165956;LD1;9.66990776601807e-07
215165970;LD1;7.96242919046218e-08
215166067;LD1;3.51786643491571e-06
215206349;LD1;6.32616221147434e-06
215206381;LD1;7.08582782027038e-07
215206438;LD1;0.000142692033922474
215206447;LD1;1.03126814672134e-06
215206521;LD1;4.54368333280267e-07
215206523;LD1;1.61405393864673e-07
215219996;LD1;0.000120873755897468
215226229;LD1;0.00274279576239488
215226231;LD1;0.000417382518115071
215226260;LD1;0.00114894481335727
215226534;LD1;2.60326726072656e-06
215226566;LD1;3.25891041747029e-07
215226584;LD1;0.000328648922983216
215226649;LD1;4.37826666558837e-05
215226651;LD1;2.52954877606537e-06
215226662;LD1;4.19545819255174e-07
215226717;LD1;6.05761028791453e-09
215332870;LD1;6.34239003930671e-06
215332875;LD1;0.000501627622568105
215332932;LD1;0.00280673369562192
215332994;LD1;1.43874525859864e-06
215332998;LD1;0.00161642692286803
215333025;LD1;0.000119539384737467
215333081;LD1;5.30097610242284e-05
215377183;LD1;4.03535434008204e-06
215377226;LD1;6.76811739789775e-08
215377230;LD1;6.93950707008526e-07
215377234;LD1;7.35015596090687e-07
215377401;LD1;0.000116417854888228
215377411;LD1;2.8818296398861e-05
215377421;LD1;5.51991289014656e-06
215587436;LD1;1.06326792652069e-05
215587462;LD1;1.08333655118222e-05
215587507;LD1;1.76528058130295e-06
215587564;LD1;4.48985423462594e-05
215587621;LD1;1.17824375970166e-05
215612178;LD1;4.8865849201876e-05
215612188;LD1;1.68486556895822e-05
215612193;LD1;8.19749691376126e-07
215612206;LD1;7.89951185507842e-06
215612230;LD1;4.69468015103875e-05
215612240;LD1;3.37569122583409e-06
215612275;LD1;1.36917843374343e-05
215670168;LD1;9.6561440742449e-08
215670174;LD1;0.00516023624176166
215670248;LD1;1.30288717630696e-08
215670269;LD1;0.0027623144000876
215670272;LD1;2.44005571344938e-05
215670314;LD1;2.70230802181709e-10
215670341;LD1;4.19677163050207e-06
215727032;LD1;0.00011889666790496
215727060;LD1;3.21020376042121e-06
215727108;LD1;7.65072202844589e-07
215727152;LD1;2.02858243761906e-05
215733242;LD1;0.000346384268045383
215733420;LD1;1.81633083368952e-06
215733448;LD1;5.20317977052091e-05
215735165;LD1;8.33170224951704e-05
215735169;LD1;3.73918015975565e-07
215735221;LD1;0.000346556645713065
215735231;LD1;1.15094765996358e-05
215735284;LD1;0.000361839988729434
215735294;LD1;1.04223645071469e-05
215735319;LD1;2.41535415785275e-05
215735348;LD1;2.983906005072e-05
215824728;LD1;2.78061693319791e-06
215824791;LD1;1.31138218644765e-05
215824802;LD1;7.54863355501095e-07
215914384;LD1;5.49715610646267e-06
215914408;LD1;2.96939391679822e-08
215914479;LD1;5.60628432164821e-06
215914574;LD1;0.00606341835932911
215914597;LD1;3.10145865083534e-06
215932695;LD1;3.19348589187587e-07
215932703;LD1;1.24360577991037e-07
216026733;LD1;9.58650889813491e-06
216026924;LD1;9.36337115495748e-05
216192644;LD1;6.64459593265786e-06
216192846;LD1;3.59831703271452e-05
216192880;LD1;0.00338726290166688
216192882;LD1;0.000103042917901353
216200234;LD1;0.000620118502990719
216200240;LD1;5.50651704235684e-06
216200252;LD1;1.5707051956076e-05
216200255;LD1;0.000222110022578471
216200261;LD1;0.00114719838396582
216200291;LD1;6.7669866280975e-05
216200322;LD1;8.08683244637598e-07
216200331;LD1;0.000519813808172298
216200345;LD1;4.67775207527781e-06
216200387;LD1;4.65782942758631e-05
216200409;LD1;3.74195677332495e-06
216200448;LD1;3.39047419276132e-07
216200451;LD1;6.51183857051758e-06
216200466;LD1;4.52146850070391e-05
216222572;LD1;2.55479114142379e-06
216222625;LD1;9.17669091293467e-05
216222678;LD1;2.51537683467693e-07
216222702;LD1;7.62655747379369e-06
216222747;LD1;9.02224018577782e-05
216222771;LD1;1.08288979033087e-05
216263364;LD1;3.81314683357892e-05
216263481;LD1;0.000958662895710767
216278613;LD1;3.12953753269957e-06
216278634;LD1;0.000560105924568516
216278643;LD1;0.000436847172598259
216278659;LD1;8.7121522489005e-08
216278686;LD1;1.07061684883263e-05
216278722;LD1;2.35262717907625e-07
216278749;LD1;1.02232855163832e-05
216278787;LD1;2.12814314616082e-05
216313122;LD1;9.00732910878195e-07
216313132;LD1;4.14926655971893e-05
216313174;LD1;8.8048920137534e-05
216313219;LD1;9.33252217279991e-06
216313237;LD1;3.32058488494511e-07
216313349;LD1;7.68669074200089e-06
216372716;LD1;7.38621247194349e-08
216372752;LD1;7.02574907286938e-06
216372781;LD1;4.38563393768459e-05
216372827;LD1;1.97472319912437e-05
216372885;LD1;4.32269146883726e-05
216380311;LD1;3.43999098446463e-05
216380340;LD1;0.000447294042834497
216380386;LD1;0.000146853697108417
216380392;LD1;8.78305247708718e-05
216380524;LD1;0.000151473979764133
216448035;LD1;6.91068320049255e-05
216448064;LD1;4.11804540130844e-05
216448070;LD1;7.12849325098131e-06
216448151;LD1;0.000163352800595019
216448217;LD1;1.91725970112387e-07
216475252;LD1;4.14007113607023e-05
216475320;LD1;1.92382764232426e-05
216475369;LD1;0.00162619366062894
216475403;LD1;2.31862692506328e-06
216475435;LD1;1.33256830894065e-05
216475483;LD1;2.99434131878284e-06
216478460;LD1;0.00305532011401591
216511684;LD1;7.04684091125892e-07
216511733;LD1;1.37107072720249e-05
216511937;LD1;0.000132251380390459
216709717;LD1;4.66574085047155e-05
216709720;LD1;7.29984976723814e-06
216709728;LD1;1.60635704044133e-06
216709830;LD1;1.98307844772118e-05
216709887;LD1;1.93507405439956e-05
216709911;LD1;1.03239316519164e-05
216709951;LD1;2.29742877894667e-08
216726584;LD1;1.00537323406463e-05
216726652;LD1;8.72560513304061e-06
216726693;LD1;4.37784402105588e-06
216726713;LD1;2.30791007593398e-05
216726755;LD1;7.9966307559108e-06
216726759;LD1;2.51608190272653e-06
216726784;LD1;3.08161282313275e-07
216726798;LD1;0.00020108866014898
216734457;LD1;0.000554401060729411
216734511;LD1;2.65453879266553e-05
216734513;LD1;1.80378340348702e-07
216734565;LD1;0.000864015837600763
216734683;LD1;1.31166110128949e-07
216748054;LD1;0.000267259018634009
216748125;LD1;8.85490261712179e-05
216748144;LD1;1.50146579584221e-05
216748193;LD1;8.88472006973169e-05
216748212;LD1;1.57666703457148e-05
216748291;LD1;8.01982060366489e-05
216767916;LD1;9.09588108209363e-06
216767942;LD1;2.59874796427474e-05
216768044;LD1;9.16709293601242e-06
216768101;LD1;3.83820337618781e-05
216770254;LD1;3.33644199896854e-06
216940369;LD1;1.77042049119731e-05
216940529;LD1;9.79738928817755e-06
216960806;LD1;2.16433526080083e-07
216960847;LD1;0.0184966980162281
216960856;LD1;0.000215341430822462
216960890;LD1;0.0195696123671362
216960921;LD1;0.000414740359589977
216960923;LD1;9.12909017975959e-07
216960934;LD1;1.13731406423653e-05
216960989;LD1;7.41662979298434e-06
216960991;LD1;3.26717520573158e-05
217072589;LD1;1.56449662995434e-06
217072605;LD1;2.12380280884966e-05
217072658;LD1;2.11426066524805e-06
217072688;LD1;5.67643063472616e-06
217072781;LD1;0.000897576449707146
217113639;LD1;4.7029888941019e-10
217113733;LD1;2.64910158849518e-08
217113835;LD1;2.20302676452351e-08
217113861;LD1;3.87979388103379e-06
217136798;LD1;0.00028423711509081
217136825;LD1;1.3888829171425e-05
217136841;LD1;3.98460288590584e-05
217182708;LD1;1.93209269357102e-06
217182718;LD1;4.00185889612382e-06
217182768;LD1;1.3233280929168e-05
217182842;LD1;3.1156338440357e-06
217182857;LD1;3.89305321122294e-07
217182871;LD1;5.79961623946892e-06
217182895;LD1;0.000144861041283712
217182899;LD1;4.6931068168368e-06
217182903;LD1;5.97403282068075e-06
217182928;LD1;6.77298064748705e-06
217182946;LD1;0.000194022264457337
217360602;LD1;0.000437833180513617
217360616;LD1;2.55224464359273e-05
217360656;LD1;5.95868575486851e-07
217360658;LD1;4.94888915220433e-05
217360801;LD1;4.30904961153118e-08
217360825;LD1;7.59960419637749e-06
217372571;LD1;1.44631396974763e-06
217372673;LD1;9.9876246989654e-09
217372678;LD1;1.23961154796797e-05
217372744;LD1;2.57047946452642e-05
217372753;LD1;0.000989052108673612
217372765;LD1;0.000103044087886486
217372805;LD1;0.000503528130827398
217435674;LD1;2.3232549699458e-05
217435728;LD1;7.82151104103241e-07
217435730;LD1;9.8731722199338e-08
217435734;LD1;2.29633555732396e-05
217435782;LD1;5.43784736215301e-05
217435826;LD1;1.77960978320924e-05
217435873;LD1;5.18514719049185e-06
217435897;LD1;1.16334905688254e-06
217435900;LD1;1.09417912924959e-05
217495240;LD1;4.71149502958545e-08
217495250;LD1;2.92299906478942e-05
217495260;LD1;1.36324297316336e-05
217495374;LD1;5.13953249763412e-06
217495389;LD1;4.06069520394961e-06
217495403;LD1;2.83651218347465e-05
217495427;LD1;7.37175775812168e-08
217495431;LD1;3.17186595604906e-05
217495435;LD1;3.60747048313652e-06
217495460;LD1;1.65347794132068e-05
217495478;LD1;8.31202089527891e-05
217511830;LD1;8.66832823125655e-06
217511838;LD1;4.47854700776582e-05
217511892;LD1;2.35424809441629e-05
217512023;LD1;7.70221511493748e-06
217512037;LD1;7.5381775721503e-05
217533374;LD1;0.000544386640409058
217533382;LD1;0.000155215467800101
217533540;LD1;0.00661394823230666
217533561;LD1;1.64020812614187e-05
217533568;LD1;0.00399179964285577
217670683;LD1;0.00324772369069278
217670691;LD1;3.38246537138585e-05
217670709;LD1;2.68231177916106e-05
217670734;LD1;6.66336869676683e-06
217670738;LD1;3.54523751966472e-05
217670789;LD1;1.70055171165564e-05
217670795;LD1;0.000240290207341137
217670841;LD1;1.05096337107729e-05
217670909;LD1;1.1044870551887e-05
217670919;LD1;1.42320443162748e-05
217670929;LD1;0.000153538791853886
217751185;LD1;5.9254934358839e-06
217751203;LD1;2.40821186517701e-05
217751220;LD1;6.81681427107567e-06
217751226;LD1;0.000293089023362232
217751276;LD1;1.36932845960701e-05
217751281;LD1;9.07109362780619e-05
217751295;LD1;9.14607840783969e-08
217751304;LD1;1.76028763569853e-05
217751324;LD1;8.14252571543979e-06
217751346;LD1;2.70225048501242e-06
217751364;LD1;1.78265170781982e-06
217751371;LD1;6.71866414136448e-07
217751445;LD1;5.9273951398512e-06
217831423;LD1;9.83428402667522e-10
217831528;LD1;3.56058524016878e-06
217831564;LD1;9.23945078014448e-06
218332448;LD1;1.52953666162256e-05
218332477;LD1;6.03160010281675e-05
218332498;LD1;7.09541707389918e-06
218332501;LD1;0.000139102788761456
218332522;LD1;1.02357287131971e-05
218332564;LD1;6.13996802449555e-06
218332585;LD1;9.27283412521873e-06
218332627;LD1;8.11949120289161e-06
218332645;LD1;0.000502980926871597
218332664;LD1;6.82599809337675e-05
218332681;LD1;0.00011218322261252
218357746;LD1;3.97009633605655e-05
218357752;LD1;3.18913100266176e-06
218357779;LD1;0.000823584415988119
218357807;LD1;0.00054629525707249
218357822;LD1;0.00035812924274025
218357882;LD1;0.000294918977769419
218357891;LD1;0.00086379572836897
218357902;LD1;0.000535193465287189
218357913;LD1;0.00113429693281008
218357918;LD1;0.002290917671716
218357930;LD1;0.000405746421622487
218357936;LD1;0.000614028517289003
218408344;LD1;4.99231627208311e-06
218408373;LD1;7.63839698499461e-07
218408379;LD1;2.27905579661707e-06
218408497;LD1;5.40121167554249e-07
218408526;LD1;2.2213517789523e-05
218408576;LD1;0.0001964032899142
218468177;LD1;0.00529103267325109
218468205;LD1;3.17158349183666e-08
218468229;LD1;0.00242142959716993
218521791;LD1;0.00187951146631541
218521805;LD1;8.00461755857376e-05
218521868;LD1;1.33856317864215e-05
218521876;LD1;2.47930136141613e-05
218521941;LD1;0.00172685789918157
218521994;LD1;1.78013791883719e-06
218522011;LD1;2.2437406227519e-05
218536773;LD1;0.000105775786133264
218536918;LD1;7.08765236397797e-05
218582435;LD1;9.19837862013565e-05
218582573;LD1;0.000123356612084348
218582642;LD1;2.26007480785468e-05
218582667;LD1;0.000117619466295743
218585575;LD1;0.000328300840813249
218585617;LD1;0.000136841275593058
218585651;LD1;0.000756817992592391
218585654;LD1;1.00961092643661e-05
218612562;LD1;1.90791168055849e-05
218740201;LD1;1.63051365913693e-06
218740256;LD1;9.02091314291521e-05
218740269;LD1;0.000271134268736266
218740352;LD1;4.8825118130936e-05
218740384;LD1;5.56358191414808e-06
218740432;LD1;2.14625282316665e-05
218745897;LD1;1.94626154767852e-05
218745907;LD1;8.7080496040262e-05
218745917;LD1;1.65464400791261e-07
218745984;LD1;6.1217212238003e-06
218746025;LD1;2.11375847470496e-06
218746030;LD1;0.000687702513271425
218746035;LD1;1.0070362521255e-05
218746039;LD1;6.77006478461958e-06
218746057;LD1;4.2611246735912e-06
218746092;LD1;1.13781081000301e-07
218746131;LD1;0.00219915293920368
218746135;LD1;2.92483931647543e-05
218982578;LD1;0.00224898204307774
218982588;LD1;8.16493429489645e-06
218982647;LD1;2.15399831805616e-06
218982685;LD1;0.000547936474174254
218982710;LD1;9.21172576030223e-06
218982724;LD1;4.33505986238857e-05
218982740;LD1;0.000531601865540926
218982750;LD1;8.52795554708528e-05
219164311;LD1;4.76531254688011e-06
219164329;LD1;2.07709370500196e-05
219164351;LD1;6.0541819193226e-06
219164380;LD1;8.28402431289645e-07
219164394;LD1;7.25444891165711e-06
219164399;LD1;4.59381439633719e-05
219164455;LD1;1.45398231533243e-06
219164472;LD1;2.64614982527182e-05
219164490;LD1;8.27882549976873e-06
219177941;LD1;6.40712555937569e-06
219178059;LD1;5.36927694781465e-07
219254256;LD1;1.99127331865587e-05
219254264;LD1;7.00710204350974e-07
219254366;LD1;5.11247390832716e-06
219254405;LD1;3.23498643919864e-06
219254421;LD1;1.20017965757686e-07
219254465;LD1;2.33389945118657e-05
219254469;LD1;7.27623251055554e-06
219254482;LD1;2.29343794768782e-06
219254504;LD1;1.82184832251637e-05
219296146;LD1;6.23880760212581e-06
219296236;LD1;1.39800279699419e-05
219296243;LD1;1.18346357688721e-05
219296252;LD1;2.16945369007196e-05
219296262;LD1;6.47256358103756e-07
219296298;LD1;1.33536249244615e-05
219296305;LD1;1.09605074971118e-05
219296314;LD1;2.46355620885249e-05
219296324;LD1;5.47652998242054e-07
219296342;LD1;3.48437475703962e-07
219296378;LD1;3.30191535866713e-07
219366608;LD1;4.99717213806109e-05
219366662;LD1;3.47983434345568e-06
219366664;LD1;0.000313971802496582
219366792;LD1;1.23345108520646e-05
219388092;LD1;7.83291585871703e-05
219388128;LD1;2.00663247718019e-06
219388182;LD1;8.86411435027661e-07
219388196;LD1;1.60889458920856e-05
219388253;LD1;2.2207855363105e-05
219388304;LD1;9.9790747905899e-08
219390559;LD1;5.42676305517995e-05
219390765;LD1;1.45963814427377e-06
219692603;LD1;0.000633408205758779
219692647;LD1;0.00620184827861576
219692658;LD1;0.00604081653935736
219692675;LD1;0.00369147669914852
219695359;LD1;8.41933776581647e-07
219707546;LD1;1.55256767487673e-06
219707558;LD1;7.12330433636196e-07
219707641;LD1;1.60650374970559e-06
219765490;LD1;0.00194308389081523
219803779;LD1;0.00513987580011157
219803794;LD1;0.000952436359728398
219803799;LD1;0.00225619065310637
219803847;LD1;7.20386278821426e-05
219803864;LD1;0.000102774757733315
219803868;LD1;4.68909757244182e-05
219803888;LD1;0.00112361995762186
219803899;LD1;0.000176856995897121
219803911;LD1;6.4426539057508e-05
219803922;LD1;0.000986529901094809
219803964;LD1;0.000388758583684094
219827904;LD1;9.62009542634016e-07
219827919;LD1;4.87434733455232e-06
219827922;LD1;4.8512688577339e-06
219827925;LD1;3.12574316819464e-05
219827961;LD1;3.40649995641512e-05
219827971;LD1;8.57214309833504e-05
219827992;LD1;1.01039856462899e-05
219828079;LD1;2.08079959319352e-05
219828121;LD1;1.96271359797676e-05
219828125;LD1;2.80470493197781e-06
219828136;LD1;3.68331725880301e-05
219828162;LD1;0.0001779659133661
219851905;LD1;1.96545049214959e-06
219851977;LD1;3.48509264775035e-05
219852021;LD1;5.61246973795632e-05
219904652;LD1;2.00126261628446e-06
219904697;LD1;4.52494235194628e-07
219904754;LD1;2.06921774213494e-05
219904811;LD1;3.40651150182486e-07
219904830;LD1;4.15475656803217e-07
219904848;LD1;5.92415915100115e-07
219929932;LD1;3.50699465095703e-06
219930002;LD1;0.000231179644406423
219930005;LD1;0.000148937908517275
219930048;LD1;0.000224395594989995
219930051;LD1;0.000115648950786859
219930089;LD1;3.5657329300244e-06
219930096;LD1;5.15884172659151e-05
219930126;LD1;0.00105166576446433
219930137;LD1;0.000913244711720323
219930158;LD1;0.000726592189555668
219941080;LD1;7.57798382807395e-06
219941082;LD1;3.63627100969017e-08
219941148;LD1;7.8129275244339e-07
219941150;LD1;2.42236747989233e-08
219941233;LD1;1.30850401243888e-09
219941265;LD1;9.44102431894024e-07
219941292;LD1;5.57123124617306e-06
219941313;LD1;2.30942459672065e-08
219981061;LD1;1.22944121217274e-05
219981079;LD1;2.49714112359305e-05
219981104;LD1;7.50841189283362e-05
219981108;LD1;6.11676396053882e-06
219981112;LD1;0.000178146581762559
219981150;LD1;1.33007500321602e-06
219981211;LD1;1.21162574907133e-07
219981239;LD1;0.00123915485799
219981279;LD1;3.81707130996975e-05
219981289;LD1;1.61575432659508e-05
219981299;LD1;0.000294553466334345
220046379;LD1;0.00134954895030993
220046398;LD1;8.42942435249573e-05
220046610;LD1;0.000123951640883319
220046615;LD1;5.82388087243444e-08
220046628;LD1;1.29824271001961e-05
220046652;LD1;1.69016704259572e-05
220046658;LD1;8.91734622962268e-05
220046697;LD1;0.000303131939123491
220046844;LD1;6.94594372316423e-08
220047895;LD1;0.00317721426891656
220287372;LD1;7.67811597478537e-06
220287417;LD1;4.47106250847955e-09
220287435;LD1;0.00519835197465199
220484792;LD1;5.13315683769934e-05
220484812;LD1;4.12560660569395e-06
220484862;LD1;0.000485996499275008
220484926;LD1;7.31648032461948e-05
220484928;LD1;1.78325120293059e-06
220484947;LD1;5.77055591817083e-07
220484997;LD1;1.79097996909143e-06
220485009;LD1;0.000113346259430456
220485044;LD1;8.15000485093909e-07
220767400;LD1;1.57554761423865e-05
220767440;LD1;9.44019462680872e-06
220767462;LD1;7.05866138706044e-09
220767464;LD1;9.53960955750594e-06
220811197;LD1;0.000191059567016873
220811238;LD1;4.18942126892612e-05
220811259;LD1;6.73650207206929e-06
220811279;LD1;3.20210427006119e-08
220811324;LD1;1.90807619450179e-06
220811354;LD1;0.000910671950413589
220811408;LD1;1.00454733542164e-06
220811451;LD1;2.44255989072451e-05
220911309;LD1;2.51138013795696e-05
220911403;LD1;2.6051109123892e-06
220911460;LD1;7.9868177062516e-08
220911505;LD1;2.24384389765966e-07
220911523;LD1;5.02065974364422e-06
220911531;LD1;3.62696235553423e-06
220949658;LD1;2.84365015927718e-06
220949713;LD1;0.000283730283460247
220949724;LD1;2.901616522169e-06
220949775;LD1;0.000188017411759079
220949850;LD1;0.000394235447192925
220949868;LD1;0.00119507597825758
220949889;LD1;0.00149206955996734
221058742;LD1;1.97566084577123e-08
221058827;LD1;1.96710787136865e-06
221058847;LD1;0.000282868279588436
221058856;LD1;2.51819419563481e-06
221058879;LD1;5.08909028296138e-07
221058958;LD1;9.27400743706035e-06
221102811;LD1;0.000224331521444354
221102882;LD1;0.000118522101604846
221102940;LD1;0.000160041233547354
221102960;LD1;0.000667359902854602
221103007;LD1;0.000888933702617319
221181113;LD1;0.00072461725476732
221181309;LD1;6.8579106049611e-05
221203960;LD1;1.9166047395797e-07
221203970;LD1;4.96331446646729e-05
221204012;LD1;6.29547863582197e-07
221204075;LD1;1.82820742454638e-05
221204187;LD1;1.79371404090587e-07
221297805;LD1;8.0495213811679e-06
221297817;LD1;6.65983583512873e-05
221297880;LD1;0.00060956242028492
221297890;LD1;1.27770490862726e-05
221297910;LD1;5.78581267785197e-06
221297993;LD1;2.99595867709002e-05
221298007;LD1;6.17009803653438e-05
221333425;LD1;0.00169546391698453
221333460;LD1;4.31131142886747e-05
221333476;LD1;3.63836293593025e-06
221333536;LD1;5.02129244296552e-05
221333564;LD1;0.000470619250348376
221333609;LD1;6.71404045300562e-05
221333679;LD1;0.000213033000732925
221363626;LD1;8.70611790261633e-05
221363646;LD1;2.25064493142821e-05
221363714;LD1;1.41973378072695e-07
221363755;LD1;4.7237672205557e-06
221363760;LD1;7.41343125720738e-07
221363775;LD1;3.33813220900767e-06
221363789;LD1;2.80888673147148e-06
221363817;LD1;3.95894579243817e-05
221363821;LD1;8.13093031641658e-07
221363846;LD1;5.81303796819355e-05
221374538;LD1;8.62839139942629e-07
221374561;LD1;2.94211343824727e-05
221374585;LD1;2.4809518038667e-05
221374634;LD1;5.6544647555545e-08
221374647;LD1;2.46521879642789e-05
221374745;LD1;1.30172672933523e-06
221419658;LD1;5.4150940541478e-06
221419718;LD1;5.60027810864049e-07
221419746;LD1;1.46570580050753e-05
221419787;LD1;1.25485386191795e-06
221419792;LD1;7.65193050866805e-07
221419798;LD1;1.82049771255015e-06
221419807;LD1;9.59506240014786e-07
221419845;LD1;0.00037511616984221
221419849;LD1;5.12392746523451e-05
221419853;LD1;2.88773916076697e-07
221419878;LD1;6.48924780214735e-06
221419896;LD1;1.50079086410435e-05
221498588;LD1;1.40524330431046e-05
221498638;LD1;6.64192368689465e-06
221498705;LD1;3.99278061572662e-08
221498716;LD1;1.52811614721887e-07
221498771;LD1;5.33962667266087e-06
221503725;LD1;1.68423256035454e-05
221503762;LD1;1.1138823006155e-06
221503819;LD1;8.45726506948226e-08
221503876;LD1;0.000327923663080227
221503921;LD1;1.19865746127799e-05
221503928;LD1;2.32255839295442e-07
221503939;LD1;5.14269776155786e-07
221503958;LD1;8.11191682844693e-06
221615325;LD1;3.93216850366421e-05
221615333;LD1;3.02252111504048e-09
221615378;LD1;1.63053603151688e-08
221635089;LD1;5.89707686409671e-06
221635121;LD1;5.13833012801461e-06
221635143;LD1;2.82008694586874e-05
221635145;LD1;2.81076494877436e-06
221635273;LD1;2.46384024184967e-05
221635288;LD1;1.90476895235915e-06
221635303;LD1;2.97320323018462e-07
221635312;LD1;5.52533537062338e-06
221835002;LD1;2.06553130606569e-06
221835037;LD1;2.70720677234063e-05
221835099;LD1;9.76062365574394e-08
221835120;LD1;1.62250028752148e-05
221835184;LD1;1.89015030560477e-07
221835254;LD1;1.53473833548071e-05
221959529;LD1;3.55535910969985e-05
221959539;LD1;7.2407462292085e-05
221959554;LD1;0.000125785800042875
221967735;LD1;3.07348598550527e-05
221967823;LD1;9.06242588984248e-05
221967888;LD1;0.000200112020254179
221967926;LD1;4.67826671724105e-07
221967977;LD1;3.34989038720325e-07
221973755;LD1;2.74405124524581e-06
221973818;LD1;1.4448228828247e-06
221973895;LD1;0.000721479214141927
221973948;LD1;2.77873363053845e-06
221988990;LD1;6.68937479523159e-07
221988999;LD1;2.36759649702918e-06
221989090;LD1;1.27055305881474e-06
221989098;LD1;4.96490873648856e-07
221993592;LD1;6.23057261064459e-05
221993594;LD1;3.63934436510691e-05
221993615;LD1;4.76469423712072e-05
221993646;LD1;1.80677140938435e-08
221993669;LD1;0.000135122156568319
221993673;LD1;4.60007029655612e-05
221993678;LD1;3.80938314490086e-05
221993742;LD1;0.000140401986146991
221993752;LD1;4.33062145135759e-05
221993790;LD1;0.000102050236359303
221993805;LD1;1.75693944012112e-05
221993811;LD1;1.34764475845229e-05
221993822;LD1;5.13242693551488e-05
222030887;LD1;1.4711626090052e-05
222030904;LD1;9.24804322565617e-06
222030924;LD1;0.000104714934687865
222030941;LD1;2.83032766868621e-05
222031007;LD1;0.000663565057396067
222031009;LD1;0.000637200413833926
222031041;LD1;1.36306731491915e-05
222031101;LD1;0.000203995396848064
222116255;LD1;1.11387882381318e-05
222116260;LD1;4.88611352095191e-05
222116285;LD1;0.00101054101200401
222116297;LD1;0.000979633914949329
222140484;LD1;0.000265658254946317
222140530;LD1;0.000612668888044252
222140551;LD1;0.000371837774139465
222140649;LD1;0.000139812407465179
222140651;LD1;0.00281929098071342
222140665;LD1;0.00011768964511711
222140675;LD1;2.18146693073695e-05
222140692;LD1;1.03695522284256e-05
222140716;LD1;0.000610845711450164
222147556;LD1;0.000551725085949529
222147610;LD1;7.53053230375146e-06
222147708;LD1;1.5957817435953e-07
222147747;LD1;3.47101087732114e-08
222147756;LD1;3.23884939318109e-06
222170112;LD1;9.25596876922172e-07
222170121;LD1;4.79390272209587e-05
222170270;LD1;0.0022826771161998
222170293;LD1;0.00316386218219543
222212061;LD1;3.05443408214785e-05
222216064;LD1;0.000742142073980235
222216166;LD1;8.78304215916833e-08
222320546;LD1;0.000186762245339219
222320547;LD1;4.80051217858391e-05
222320582;LD1;1.40205880546649e-05
222320583;LD1;8.98318071291269e-06
222320586;LD1;7.3586364228963e-09
222320600;LD1;5.59050269932535e-05
222320601;LD1;0.000144233995733319
222320664;LD1;1.94353792062204e-05
222320665;LD1;0.000130363240316014
222320727;LD1;4.26451986252755e-05
222320728;LD1;1.4543161602148e-07
222320751;LD1;0.000460557583824131
222320752;LD1;2.08594526057158e-06
222320781;LD1;8.01217512748832e-06
222355747;LD1;3.75589455136498e-06
222355852;LD1;9.53268087971334e-06
222365430;LD1;6.49183575406796e-06
222365506;LD1;4.4076169626258e-05
222365644;LD1;2.11324027341184e-05
222432603;LD1;2.96415086605985e-05
222432624;LD1;2.07885245434807e-06
222432627;LD1;0.000891547944915009
222432690;LD1;1.93068698071824e-08
222432771;LD1;4.23856050127881e-05
222432775;LD1;5.95493073421035e-06
222432811;LD1;4.25415445534742e-05
222441298;LD1;1.27427157705277e-05
222441315;LD1;0.000100710307862114
222441355;LD1;1.97048049331574e-05
222441376;LD1;7.2054977270879e-06
222441423;LD1;9.16352958468166e-07
222441449;LD1;0.000387489839497019
222441463;LD1;4.47845102448004e-09
222441484;LD1;1.62980377764434e-06
222449010;LD1;0.00225343491423403
222454216;LD1;6.31790894449848e-07
222454236;LD1;1.24390498987841e-05
222454240;LD1;4.0979237750508e-05
222454246;LD1;0.000196478908866774
222454292;LD1;3.82561821879793e-06
222454321;LD1;8.45582786609295e-06
222454330;LD1;1.39876323472083e-05
17489399;LD2;4.29547269825158e-05
17489405;LD2;2.49130836321458e-05
17489504;LD2;2.82603432953851e-05
17489557;LD2;9.91689632921192e-07
17489576;LD2;1.5944144145428e-06
17489626;LD2;0.00146740984621702
17489649;LD2;2.99009461059819e-06
17489667;LD2;6.99088911970567e-06
21832620;LD2;4.3644350539448e-06
21832638;LD2;2.28988983452525e-05
21832663;LD2;3.39069211194769e-05
21832671;LD2;4.01090801163335e-06
21832695;LD2;9.72037315939916e-09
21832709;LD2;0.000245036849072148
21832718;LD2;2.81503578263844e-05
21832771;LD2;5.51861445690863e-05
21832799;LD2;6.11980979926243e-07
21832839;LD2;4.46512921648645e-05
21832859;LD2;2.21222321316928e-05
24767055;LD2;2.62784914276306e-05
24767126;LD2;0.00046483316131869
24767152;LD2;6.42094250240507e-06
24767190;LD2;0.00078740677726
24767216;LD2;6.61299681922391e-06
24767230;LD2;3.89279427813417e-06
24767232;LD2;5.53315033491585e-05
24767241;LD2;8.20568279950459e-06
24767243;LD2;4.02053074938825e-05
24767262;LD2;1.87722360591274e-06
27184919;LD2;9.6549787980648e-09
28245052;LD2;2.39012294394141e-07
28245104;LD2;1.56742444184428e-07
28245110;LD2;0.000159257167041309
28245124;LD2;3.77466571147004e-07
28245128;LD2;9.1976663525722e-07
28245169;LD2;0.000112434905862539
28245181;LD2;4.00262770509071e-06
30494734;LD2;8.70598604589691e-07
30494777;LD2;8.38291730519656e-06
30494784;LD2;5.86384478823324e-06
30494849;LD2;1.86751011551289e-05
30494870;LD2;9.41579261145045e-06
30494920;LD2;5.04293799042148e-06
41958629;LD2;5.45002897454864e-05
41958638;LD2;1.41048345563651e-06
41958651;LD2;7.80968204918672e-05
41958690;LD2;1.45133145012545e-08
41958698;LD2;5.75548805435804e-06
41958711;LD2;4.56233313609646e-05
41958719;LD2;5.62134963555564e-05
41958729;LD2;4.04716954775819e-06
56903973;LD2;1.9046289166223e-05
56904025;LD2;0.000500546125491389
56904031;LD2;1.01635545610199e-05
56904070;LD2;0.000123168248181989
56904088;LD2;0.000434278949297513
56904124;LD2;0.00340077425163041
56904214;LD2;1.10092489157571e-05
57212353;LD2;7.90395934804352e-06
57212363;LD2;7.62163835526851e-05
57212373;LD2;2.44728140749343e-06
57212413;LD2;2.9770232099136e-07
57212441;LD2;6.85087896040716e-06
57212488;LD2;5.25716640885938e-06
57212494;LD2;2.47772755366024e-06
57212503;LD2;2.45799333738694e-07
57212545;LD2;9.51888461114518e-06
57212549;LD2;1.15854467063472e-06
57212574;LD2;0.000171921165413988
57212592;LD2;2.87947339557663e-05
57476013;LD2;3.94973640450213e-06
57476020;LD2;3.02680350633029e-07
57476056;LD2;3.71574319830955e-05
57476066;LD2;1.279844161036e-05
57476070;LD2;1.51219798921569e-05
57476101;LD2;5.19701855963234e-06
57476113;LD2;2.24441549181967e-08
57476159;LD2;3.82335213244433e-05
57476169;LD2;1.65034946017071e-05
57476173;LD2;1.97826150695364e-05
57476204;LD2;7.97641548890051e-06
57476216;LD2;1.57003880511594e-07
57476275;LD2;5.07249745219185e-05
57520959;LD2;1.89911866615879e-07
57521056;LD2;1.21176059918565e-06
57521115;LD2;5.44774600476418e-07
57521142;LD2;2.97467929959656e-06
57521161;LD2;7.32601252585765e-06
58150174;LD2;4.15734617610192e-06
58150195;LD2;9.68383999457494e-05
58150205;LD2;0.000200456113797851
58150226;LD2;5.99297715391789e-05
58150229;LD2;4.25723899188058e-06
58150303;LD2;6.10901859249543e-05
58150306;LD2;4.95167261470733e-06
58150366;LD2;2.33650186772113e-05
58150397;LD2;6.91029397429255e-05
58323768;LD2;5.06062167750816e-06
58323882;LD2;4.33073652339359e-06
59056698;LD2;0.000134235134805771
59056705;LD2;2.72835716798678e-06
59056719;LD2;0.000938715382462379
59056743;LD2;0.00635193839022428
59056755;LD2;0.00402843529237195
59056787;LD2;0.00480989048514828
59056897;LD2;0.000189682456175376
59092139;LD2;1.94392419046323e-05
59463533;LD2;3.19037008665716e-06
59463577;LD2;1.02052611164411e-05
59463611;LD2;9.7111152421587e-06
59463647;LD2;4.62879862870836e-06
59463651;LD2;4.80658166736665e-05
59677252;LD2;5.15855612264743e-06
59677294;LD2;5.96525487669815e-05
59702572;LD2;7.02494292029245e-05
59702619;LD2;1.36669992803361e-05
59942551;LD2;4.30868548484334e-06
59942576;LD2;2.04173372578677e-05
59942600;LD2;3.95082071424348e-05
59942649;LD2;1.32907856457584e-06
59942703;LD2;7.83398419553646e-05
59942715;LD2;2.81053474510012e-06
59942728;LD2;5.5704481907516e-05
59942801;LD2;6.21771611087627e-06
60159726;LD2;2.00196257702894e-06
60159852;LD2;1.90517488861309e-07
60995172;LD2;4.57881530573947e-05
60995212;LD2;7.16105195943531e-06
60995234;LD2;7.62514848183716e-06
60995236;LD2;9.92991790452321e-06
60995377;LD2;4.44211667926337e-05
60995404;LD2;1.74030364637351e-05
61023752;LD2;1.12736552683459e-05
61266104;LD2;1.03270760985503e-05
61266167;LD2;2.90401626418566e-05
61266181;LD2;7.3642897993115e-05
61266192;LD2;3.76143471073419e-08
61266194;LD2;4.34269680064044e-06
61266213;LD2;9.77035318754603e-06
61345522;LD2;4.94066569679253e-06
61345535;LD2;1.15474654933855e-06
61345558;LD2;5.85348082218738e-05
61345585;LD2;1.44075389912625e-07
61345611;LD2;5.40826392425412e-06
61345753;LD2;1.89745651036466e-08
61395081;LD2;4.80968661565199e-05
61395101;LD2;2.42720761921138e-05
61395122;LD2;1.40115094008791e-05
61395126;LD2;3.53800759143309e-06
61395130;LD2;4.07544715392207e-08
61395134;LD2;4.84598681902206e-07
61421489;LD2;5.94901046424991e-05
61421508;LD2;8.20456720349814e-07
61421510;LD2;2.71873228186514e-08
61421519;LD2;0.00024184219274648
61421521;LD2;2.19437695256764e-05
61421535;LD2;5.16152937653023e-06
61421561;LD2;0.000132334708345334
61421582;LD2;2.37261041958144e-05
61421596;LD2;5.18329284413322e-06
61421622;LD2;0.000156495437748683
61421693;LD2;9.23173677385775e-06
61421712;LD2;8.29176234345897e-06
61646083;LD2;0.00024150743976506
61646146;LD2;0.000247694967912771
61646170;LD2;2.19098021506585e-07
61646191;LD2;0.00126391747016746
61691107;LD2;5.48634754020938e-09
62426880;LD2;3.15546945986848e-05
62426948;LD2;8.67845797880452e-05
62427012;LD2;0.000183357543556381
62427030;LD2;2.0209630987185e-05
62427110;LD2;3.71915423118984e-06
62427122;LD2;5.32257624828676e-06
63148419;LD2;1.14707255016997e-05
63148480;LD2;1.20146941452501e-05
63148496;LD2;6.25529728736167e-06
64856959;LD2;0.00022027288990167
65005157;LD2;5.20091303624878e-07
65005260;LD2;2.08751150826792e-05
65005369;LD2;2.16736554753207e-05
65160271;LD2;0.000788138828192776
66142276;LD2;3.04215979975858e-06
66142288;LD2;2.89320786976143e-06
66142296;LD2;1.29817599687225e-05
66142300;LD2;2.10645974612702e-05
66142352;LD2;4.02785990401842e-06
66142390;LD2;3.10847864940124e-10
66872895;LD2;1.99970614931033e-06
66961205;LD2;6.46015844075612e-06
66961291;LD2;4.67913340358323e-06
66961452;LD2;9.41959180578038e-05
67148430;LD2;8.31775346271534e-06
67148454;LD2;4.15484408987036e-07
67148482;LD2;6.17559276795791e-07
67148661;LD2;0.000210945201968489
67148678;LD2;1.5559502837313e-06
67357590;LD2;0.000438942872256444
67357591;LD2;7.793505737781e-06
67357610;LD2;3.44380349463727e-08
67357611;LD2;2.00514216773073e-05
67357615;LD2;1.27551632119477e-06
67357620;LD2;0.00037663702347134
67357621;LD2;1.23610103057397e-05
67357667;LD2;7.80967971519162e-05
67357695;LD2;5.37951355547313e-06
67357696;LD2;0.00051065826608163
67357705;LD2;4.68462216716266e-07
67434690;LD2;0.000128022214782024
67573579;LD2;2.36655092334013e-08
67573607;LD2;0.000152569525908692
67573722;LD2;4.68278307806615e-05
67727782;LD2;0.000129917154761972
67727800;LD2;0.000387637519179721
67727833;LD2;4.3287283853935e-05
67727879;LD2;0.0013917832159052
67727999;LD2;0.000168362605271993
67728011;LD2;1.5593753127496e-05
67913069;LD2;6.69574480024031e-05
67913098;LD2;6.67638424150312e-05
67913104;LD2;6.08443259219241e-06
67913248;LD2;1.25555914376846e-05
68171856;LD2;8.09887812859769e-05
68171876;LD2;2.86805709270617e-06
68171943;LD2;6.42847288552995e-05
68171990;LD2;2.03968748212124e-06
68171995;LD2;2.93716025770083e-06
68172001;LD2;6.04612204141144e-08
68172017;LD2;0.00143043951408554
68172052;LD2;4.5339069046801e-05
68172095;LD2;0.000430117231296656
68724943;LD2;0.000896163437099122
68724987;LD2;2.7628424726329e-06
68725052;LD2;2.91711347632735e-06
68725076;LD2;2.49884173234591e-05
68725106;LD2;0.000288397392060983
69076206;LD2;3.33982112468981e-06
69076246;LD2;1.73598273229473e-06
69076268;LD2;5.55028158836033e-07
69076270;LD2;4.91800264272926e-07
69076413;LD2;4.62417831443479e-05
69076437;LD2;3.95088457842208e-06
69914933;LD2;5.82633494582112e-05
69914957;LD2;0.000104212751875321
69914985;LD2;9.2057219147388e-06
69915164;LD2;0.000109832297997779
69915181;LD2;2.46063072321687e-08
70616734;LD2;1.3078872840624e-06
70674025;LD2;7.53003001395416e-06
70914200;LD2;1.78596421901843e-06
70914222;LD2;2.27721329455598e-05
70914262;LD2;3.55938941585938e-05
70914286;LD2;2.16589654958053e-06
70914367;LD2;0.00224300584792056
71085359;LD2;1.38103963857587e-07
71085530;LD2;6.24053565613589e-06
71085532;LD2;1.42467459187297e-06
71085541;LD2;4.8833249663728e-09
71085543;LD2;2.22200129851124e-06
71085562;LD2;8.8625172650069e-07
71107439;LD2;3.53692113271381e-07
71107448;LD2;0.00104817620958769
71107458;LD2;2.92816663549335e-05
71107519;LD2;1.23584868953712e-05
71107622;LD2;1.10632832130243e-05
71268762;LD2;8.90102957549483e-06
71268765;LD2;2.75971064672481e-10
71268789;LD2;2.88920096160152e-07
71268881;LD2;3.56804792874284e-07
71268935;LD2;0.000246822338660419
71268957;LD2;6.0952626952715e-06
71268975;LD2;3.84702168379257e-05
71268989;LD2;3.72914140246895e-06
71268997;LD2;2.87176607973474e-06
71287253;LD2;2.22663636769497e-06
71287256;LD2;0.000375874126965115
71287260;LD2;1.29278076148045e-05
71287269;LD2;8.5142108176638e-07
71287274;LD2;3.04662065618421e-05
71287313;LD2;1.97927859875995e-06
71287326;LD2;1.1547098331155e-07
71287457;LD2;7.64672729617007e-05
71287461;LD2;9.39667742577135e-06
71287478;LD2;7.45887779105352e-05
71827902;LD2;1.20556544765141e-07
71827912;LD2;0.000560920591783815
71827917;LD2;1.11225697453905e-06
71827930;LD2;1.23311998956927e-05
71827954;LD2;0.000431355627123862
71827999;LD2;1.25899956281179e-05
71828125;LD2;8.05519885964664e-07
71886675;LD2;0.000176376509277292
71886729;LD2;9.86052527191894e-06
71886870;LD2;0.000160545030627191
72065732;LD2;6.97440042539832e-06
72065741;LD2;5.0035750619162e-06
72065756;LD2;4.46638548141876e-05
72065771;LD2;4.71358976000693e-05
72065843;LD2;3.95344488554323e-08
72065906;LD2;0.00142130965830644
72065964;LD2;3.23344741043146e-08
72097274;LD2;8.83905996978991e-05
72097301;LD2;1.16721726833822e-06
72097334;LD2;2.01445124515097e-05
72097349;LD2;4.80747298710283e-06
72097370;LD2;1.97726358850948e-06
72097401;LD2;2.35988543013896e-06
72097435;LD2;1.01222439346601e-05
72097452;LD2;5.13501203886949e-06
72097473;LD2;9.50503900603774e-06
72097512;LD2;2.78818459889082e-06
72107107;LD2;1.97873248666368e-05
72422183;LD2;4.95262901060812e-06
72422245;LD2;7.39231697715118e-06
72422331;LD2;1.89464732581453e-05
72483409;LD2;5.38072507212608e-07
72483524;LD2;0.00013832396990933
72483532;LD2;2.5798839675264e-05
72539738;LD2;1.27909834783201e-06
72539792;LD2;7.58195198402428e-05
72539935;LD2;1.30476521254175e-06
72741131;LD2;1.60534246944658e-05
72741225;LD2;4.42471830993847e-05
72741342;LD2;7.54103003475862e-07
72741350;LD2;1.11302834968946e-05
72760422;LD2;4.13751532108561e-05
72760476;LD2;1.77134842486931e-05
72760497;LD2;0.000760831430429197
72760514;LD2;0.000157003977175469
72760581;LD2;0.000130114298243039
72760638;LD2;0.00294899407279367
72760642;LD2;5.5616865360759e-06
72760677;LD2;0.000266706598358645
72863294;LD2;7.94634565323714e-06
72863321;LD2;1.00395763771463e-06
72863351;LD2;2.22719385568041e-06
72863362;LD2;2.44094690026608e-06
72863434;LD2;5.01901413265943e-06
72863436;LD2;1.44418351945859e-06
72863502;LD2;0.000101621385044591
72863504;LD2;7.83098563268658e-07
73323916;LD2;0.00128110473440217
73323964;LD2;0.000919948527517643
73323968;LD2;0.000929945064075939
73323985;LD2;8.15379938117339e-06
73323993;LD2;6.36465453661459e-06
73324035;LD2;0.000446343070664307
73324087;LD2;3.6970901589412e-06
73324117;LD2;1.7244139223938e-05
73324146;LD2;6.72040672871165e-07
73390982;LD2;3.62338054767485e-06
73490530;LD2;2.55588011286881e-05
73490598;LD2;6.84026382673305e-06
73490639;LD2;6.09387266980824e-06
73490650;LD2;5.11460546674231e-06
73490659;LD2;8.95540592496148e-06
73490701;LD2;1.88460417977242e-05
73490705;LD2;9.94647993731403e-09
73490730;LD2;4.19248331648841e-07
73490748;LD2;7.43166334612563e-05
73506418;LD2;3.96938178192212e-05
73506473;LD2;7.08233052900855e-05
73506515;LD2;0.000932738374488263
73928303;LD2;1.07244936351295e-05
73955535;LD2;1.1281907794367e-08
73955587;LD2;0.000626260630485986
73955632;LD2;2.65957557061311e-05
73955650;LD2;9.2146695644941e-07
73955705;LD2;1.28777801273992e-05
73955758;LD2;1.32699435723844e-05
74165045;LD2;0.000719526446899329
74165116;LD2;9.7114254090777e-06
74165167;LD2;1.03993991253784e-05
74165208;LD2;0.000175795885176879
74165252;LD2;2.13862225435968e-06
74165285;LD2;3.25082375006641e-07
74968964;LD2;1.20214995069038e-05
74968972;LD2;4.43084677140699e-08
74969082;LD2;3.40319668550535e-06
74969119;LD2;2.8143510874898e-08
75148018;LD2;1.95289379194145e-09
75148160;LD2;3.57913533377753e-05
75148187;LD2;9.94128193303098e-05
75440258;LD2;2.18151314149501e-07
75440350;LD2;5.32899741378369e-06
75440385;LD2;4.01772649579098e-07
75440399;LD2;2.41966975786258e-07
75440423;LD2;1.91123750445114e-05
75510388;LD2;2.53730294259635e-06
75510396;LD2;0.000423572781506652
75510408;LD2;5.22249163939347e-05
75510413;LD2;8.18765867653107e-06
75510426;LD2;0.00531780723089045
75510473;LD2;0.000468475938479202
75510490;LD2;0.000788040529385732
75510535;LD2;0.00138346871170101
75510553;LD2;0.000296425992863093
75510571;LD2;9.17765384746099e-07
75510581;LD2;0.00028923143343583
76046120;LD2;2.14025824685622e-06
76046129;LD2;2.94514448041765e-08
76046157;LD2;8.45929658378026e-07
76046171;LD2;6.17675728027035e-05
76046206;LD2;1.0800152339784e-05
76046232;LD2;3.2014939615416e-07
76046257;LD2;3.57104293545122e-05
76046304;LD2;7.79827117883783e-06
76046330;LD2;0.00120272298446736
76046339;LD2;7.23270830652684e-05
76046350;LD2;5.64524585555154e-05
76046369;LD2;8.07540685060033e-07
76531386;LD2;2.65173374269908e-08
76531441;LD2;1.90520624585253e-06
76531452;LD2;5.60215948306352e-06
76531454;LD2;2.91200739241737e-07
76531517;LD2;6.08699919087217e-05
76531535;LD2;2.3266834604828e-05
76531592;LD2;5.27358945177327e-07
76531594;LD2;1.02638961417658e-06
76739691;LD2;5.80463162825767e-07
76739721;LD2;0.000419902068676031
76739727;LD2;5.21528047731104e-06
76739745;LD2;2.27698013975166e-05
76739790;LD2;4.52028965473375e-08
76739820;LD2;0.000200517557094589
76739827;LD2;8.4546853503512e-06
76739832;LD2;2.01271501801535e-05
77005226;LD2;4.17784792047698e-06
77243486;LD2;2.98554047576531e-06
77243553;LD2;1.06557798207334e-05
77243573;LD2;0.000240351021127992
77243581;LD2;3.68781307884853e-05
77243714;LD2;0.000239352144164075
77379015;LD2;2.58481611164991e-05
77379073;LD2;2.04397759167263e-06
77379085;LD2;1.11955427031821e-07
77379090;LD2;9.05979911861422e-07
77379170;LD2;8.64830404572397e-07
77379220;LD2;4.49731372310611e-07
77379232;LD2;3.90363510048955e-07
77688330;LD2;2.92375135081548e-05
77787801;LD2;2.11111980505181e-05
77787822;LD2;1.20893698753817e-10
77787831;LD2;0.000238459004041547
77787833;LD2;0.000320847974847282
77787892;LD2;0.000322985756578679
77788003;LD2;9.44381305591885e-06
77793487;LD2;1.31021717474841e-05
77793520;LD2;0.000514170068885867
77793543;LD2;1.62594762586724e-07
77793572;LD2;0.00133155505666527
77793633;LD2;0.0013583296966306
77793678;LD2;1.5346867377048e-06
77793715;LD2;2.10142645301989e-06
77793720;LD2;0.000106528787549658
78263964;LD2;4.03909374868725e-06
78264028;LD2;5.27825483849531e-06
78264093;LD2;0.000171603600976429
78264176;LD2;4.20665822144393e-06
78264188;LD2;7.56048126095326e-05
78661022;LD2;1.84806454567998e-05
78661054;LD2;0.000231116652224913
78661067;LD2;8.04078513194078e-07
78661137;LD2;4.12993459616226e-08
78661203;LD2;0.000502389014851723
78661205;LD2;1.55657267236302e-07
78705541;LD2;0.00058417317163892
79394597;LD2;9.67032153466806e-05
79394627;LD2;6.51073866190431e-07
79394705;LD2;1.34449951759702e-08
79394725;LD2;1.32376532610841e-06
79873001;LD2;0.000594272986737757
79873055;LD2;0.00044743033139871
79873057;LD2;5.45862438691913e-05
79873109;LD2;5.78184350985843e-06
79873198;LD2;5.68566931443922e-06
79873214;LD2;3.72004264146575e-05
79873222;LD2;0.000569484996777875
80214163;LD2;4.31086498199654e-06
80724570;LD2;5.285016994263e-05
80724613;LD2;3.99636218649619e-06
80724617;LD2;2.10855288570562e-05
80724621;LD2;9.66597470300735e-05
80724659;LD2;1.17608246171344e-07
80724668;LD2;7.41261104064615e-05
80724713;LD2;0.000402457781183825
80724784;LD2;2.0132208459265e-05
80724804;LD2;6.80761310608255e-05
80814884;LD2;9.07588332882528e-06
80814894;LD2;4.97148897620782e-06
80814906;LD2;5.48301616494471e-07
80814912;LD2;3.07072924407017e-06
80814936;LD2;8.31838515144261e-05
80814981;LD2;2.4009232120844e-07
80814999;LD2;0.000500995202584104
80815042;LD2;5.83667625194891e-07
80815060;LD2;0.000495892205936858
80815066;LD2;4.07122304194242e-05
80815071;LD2;0.00054587764319318
80815085;LD2;1.344915833553e-07
80815094;LD2;6.65716197414107e-09
80815127;LD2;2.8454198324468e-06
80848620;LD2;1.90597821192282e-06
80848661;LD2;2.82905769709591e-07
80848676;LD2;1.90059623895883e-05
80848680;LD2;0.000412379547339973
80848701;LD2;1.43607954377915e-05
80848705;LD2;2.42754903039788e-06
80848782;LD2;1.2324680014995e-08
80848795;LD2;2.2329441638018e-05
80848813;LD2;1.42286300080533e-05
80848826;LD2;7.67735658589109e-08
80848834;LD2;1.76399933627285e-05
80848839;LD2;2.81580971869508e-07
80848863;LD2;7.18790154569704e-05
81360916;LD2;1.79047195594891e-05
81360931;LD2;9.74837032239999e-08
81360959;LD2;0.000983602853629545
81361064;LD2;2.49802876802591e-08
81361084;LD2;1.91107861220153e-05
81361093;LD2;0.000184491297063321
81361109;LD2;4.68011172142377e-06
81361118;LD2;1.59383527897919e-06
81734851;LD2;1.59048331051504e-05
81734868;LD2;2.23388832049769e-05
81734872;LD2;3.40806982326517e-06
81735016;LD2;2.48865548012738e-05
81735055;LD2;9.21369691148827e-07
81735060;LD2;4.89859919241681e-05
81735069;LD2;1.62206043556373e-05
82661283;LD2;1.05313069741151e-06
82677138;LD2;0.00382541066954207
82677251;LD2;8.18596955286226e-05
82677343;LD2;4.7692128553732e-05
82989188;LD2;2.88808935222187e-05
82989213;LD2;1.97582296293811e-06
82989217;LD2;4.85578626123046e-07
82989245;LD2;2.50489121853147e-05
82989406;LD2;0.000491200725737649
83288689;LD2;1.22981144541194e-05
83288700;LD2;4.33137675042576e-06
83288712;LD2;6.91196906496871e-06
83593487;LD2;2.42929878871773e-05
83593534;LD2;3.49318884077941e-08
83593654;LD2;2.81574242692272e-07
83593660;LD2;0.000429372363886631
83593693;LD2;7.02758301891526e-07
83593699;LD2;1.55766318426969e-06
83593743;LD2;2.48439955761657e-07
83608184;LD2;1.05882642816934e-05
83608193;LD2;5.02924190386875e-07
83608222;LD2;2.56403338528649e-06
83608268;LD2;2.4221578743368e-05
83608278;LD2;1.83188709291397e-05
83608383;LD2;4.88066103962224e-05
84062014;LD2;0.00141820707442243
84062034;LD2;3.87405505567172e-05
84062065;LD2;0.00245020367874303
84062072;LD2;0.001716031555428
84062077;LD2;4.68844790098359e-05
84062119;LD2;9.75248688548061e-06
84062149;LD2;2.92226910489049e-06
84062151;LD2;4.08032503197491e-05
84062170;LD2;0.000608918905019137
84062220;LD2;5.5298639171343e-07
84062232;LD2;1.33453433282348e-05
84062241;LD2;0.000450321480710557
84062267;LD2;1.73812778149131e-08
84875209;LD2;4.93100801842192e-05
84875234;LD2;3.74923337656902e-05
84875264;LD2;0.000454230976796715
84875275;LD2;6.41983139782861e-08
84875324;LD2;1.28901773454134e-07
84875358;LD2;0.000338662546470091
85286074;LD2;3.26677923554763e-06
85286085;LD2;2.06197519238108e-05
85286178;LD2;5.9775339502644e-05
85286224;LD2;1.38839038141234e-05
85286288;LD2;1.34087093492965e-05
86379383;LD2;2.99607369216527e-05
86387527;LD2;0.000129945285367035
86387545;LD2;2.8151840663389e-06
86387570;LD2;1.40378843287258e-06
86387574;LD2;3.23728688838515e-05
86387578;LD2;0.00010702195205133
86387602;LD2;8.41212697500714e-06
86387616;LD2;1.66677237134344e-09
86387625;LD2;2.21726756563345e-05
86387631;LD2;3.28792342611621e-05
86387675;LD2;2.17197584264988e-06
86387703;LD2;1.4092700919295e-05
86387743;LD2;1.51578524320725e-06
86387753;LD2;8.47552409108788e-06
86387763;LD2;2.51089696674185e-06
86501356;LD2;3.90619680126858e-06
86796740;LD2;1.21634719637681e-08
86796752;LD2;0.000971593619915774
86796762;LD2;2.92070267177439e-05
86796764;LD2;3.2349053264706e-06
86796927;LD2;0.000137938268470086
86817157;LD2;1.63594510052167e-05
86817178;LD2;1.48840014236553e-09
86817186;LD2;3.26554736793957e-07
86817190;LD2;9.2558682897725e-05
86817212;LD2;1.53384757411202e-05
86817273;LD2;0.000176174988943997
86817287;LD2;0.00165860435054872
86817291;LD2;5.68905099920535e-05
86817304;LD2;1.41996437886866e-05
86817312;LD2;0.0016466370402575
86817341;LD2;3.23654110826923e-08
87109983;LD2;4.06175947111657e-07
87110124;LD2;0.000111569657900218
87110129;LD2;1.89177774180161e-05
87314505;LD2;0.000457233734273798
87314523;LD2;5.71075441187075e-05
87314546;LD2;5.2526901412029e-05
87314580;LD2;4.75904556662682e-06
87314596;LD2;6.96837643856756e-05
87314664;LD2;3.64558212032221e-05
87314703;LD2;1.04489535544101e-05
87495882;LD2;4.96085121846017e-06
87495898;LD2;0.000103523090639099
87863189;LD2;5.49129748672084e-06
87863198;LD2;1.08439599794744e-05
87863263;LD2;2.97093069510298e-06
87863311;LD2;9.97401990051908e-06
87863325;LD2;0.000270347232188498
87863330;LD2;2.61917439530481e-06
87863380;LD2;3.66017701178303e-07
87863403;LD2;0.000180336422183523
88073093;LD2;7.70671261736762e-07
88515416;LD2;2.15290172170013e-05
88515425;LD2;7.56056063597115e-07
88515440;LD2;3.62895258864279e-05
88515527;LD2;7.48949563236897e-06
88515584;LD2;1.24759472296396e-05
88515586;LD2;1.54004674741125e-06
88515648;LD2;4.34386589964462e-06
88882718;LD2;6.61482007921956e-06
88882736;LD2;5.81603311305943e-05
88882781;LD2;3.30987486791236e-06
88882811;LD2;2.18941327684953e-06
88882833;LD2;1.51843707997298e-06
89244984;LD2;3.2924639523174e-07
90250306;LD2;3.65523830857785e-07
90250327;LD2;0.000512468520285578
90250336;LD2;0.000135305523287149
90250338;LD2;0.000161962766952136
90250352;LD2;3.32733684755209e-08
90250398;LD2;0.000125481677583863
90250412;LD2;7.06208768143498e-09
90250509;LD2;1.55890110735681e-05
90407625;LD2;5.18597037781068e-06
91141990;LD2;1.26763983418667e-05
91142052;LD2;4.20723155672292e-06
91142082;LD2;0.000402863241404837
91299421;LD2;2.78261679854934e-05
91299484;LD2;2.23699012500939e-05
91299569;LD2;6.82239921258476e-06
91299593;LD2;1.1870504088402e-05
91338582;LD2;0.000161470984334136
91338620;LD2;5.67942355613643e-06
91338630;LD2;0.00042260629512334
91338655;LD2;0.000161731327641245
91338708;LD2;3.78355115964376e-06
91338711;LD2;4.04211949936109e-08
91338799;LD2;0.000655354564325297
91338809;LD2;0.000937731166804312
91841092;LD2;0.000245807858259703
91841142;LD2;8.91977569142813e-08
93034714;LD2;2.37911516941237e-05
93034760;LD2;0.000325958520230414
93290769;LD2;2.18927081560839e-05
93744241;LD2;0.00144058025881232
93744300;LD2;2.18329784634687e-07
93744441;LD2;0.000147210051478588
94066999;LD2;6.68378463709248e-06
94067035;LD2;6.62886950728622e-06
94067067;LD2;0.000521343995834043
94067150;LD2;3.17575703488595e-06
94067182;LD2;1.52740182614663e-05
94067230;LD2;1.54198705025957e-07
94195220;LD2;1.35469698767184e-06
94195236;LD2;1.72770820646135e-05
94195376;LD2;2.11659599173547e-07
94195397;LD2;0.00014971319648392
94195417;LD2;0.000108238468251725
94195436;LD2;3.86055584242085e-07
94393737;LD2;4.992544294306e-06
94393803;LD2;2.09635244837981e-05
94393805;LD2;1.44183519514495e-05
94393876;LD2;3.2412734861375e-07
94393885;LD2;2.33734340987215e-08
94393965;LD2;5.0664482822981e-05
94543806;LD2;3.23031899008968e-06
94543878;LD2;2.95144813770473e-06
94751320;LD2;1.03743804152296e-05
94751340;LD2;7.45793413524086e-05
94751407;LD2;1.06085718395162e-07
94751446;LD2;1.49943438464343e-06
94751451;LD2;0.000387712196909005
94751456;LD2;4.21478234533639e-06
94751478;LD2;7.76410955655595e-08
94751513;LD2;2.00388816854079e-05
94751556;LD2;0.00227852579653556
94838921;LD2;0.000370215044226197
94838961;LD2;2.65675775811866e-05
94839154;LD2;3.36513306015333e-06
94839174;LD2;0.000108763507055074
95105903;LD2;0.00131152618888689
95106019;LD2;6.91545791007827e-06
95106030;LD2;0.00030960378297372
95635256;LD2;0.00122309485765116
95635315;LD2;0.000439233022964081
95635369;LD2;1.01340854113415e-08
96736611;LD2;2.71018932634335e-07
96797110;LD2;2.59808330815085e-05
96797117;LD2;1.89169618387865e-05
96797140;LD2;6.81999965959664e-06
96797142;LD2;1.66964435835689e-05
96797202;LD2;9.19416137768078e-06
96974727;LD2;1.64040570168262e-06
96974767;LD2;5.31171800757711e-07
96974776;LD2;9.62506158700669e-06
96974887;LD2;1.918750588404e-07
96974947;LD2;2.16394685906292e-05
96992757;LD2;1.02817883362638e-05
96992768;LD2;3.26196780214991e-05
96992816;LD2;2.41277476905095e-06
96992850;LD2;2.26577138822948e-08
96992882;LD2;1.01259405393982e-07
96992930;LD2;4.08365163552462e-06
96992943;LD2;6.32111299328327e-05
97126549;LD2;2.291515130653e-05
97126575;LD2;2.78140760140083e-06
97126596;LD2;0.000360740590185155
97126646;LD2;3.32364654580977e-05
97126665;LD2;8.36570155301999e-05
97126727;LD2;1.83234883896607e-05
97126732;LD2;1.11427548860744e-05
97126739;LD2;0.00175905404647775
97126744;LD2;7.3784523943726e-05
98308064;LD2;5.05919853177825e-05
98308083;LD2;3.93540528087206e-05
98308117;LD2;5.09448404303742e-06
98308146;LD2;3.16685523165373e-06
98585274;LD2;2.60009538815791e-05
98585284;LD2;2.54383371595977e-06
98585302;LD2;2.99680900676026e-06
98585371;LD2;0.000907848640918201
98585515;LD2;7.50258750699542e-05
99001917;LD2;4.38626557354092e-05
99002014;LD2;6.48089810993417e-06
99002073;LD2;6.5299364442421e-06
99002087;LD2;6.56077647383311e-06
99002089;LD2;3.87052363276766e-05
99002098;LD2;1.34769364279594e-05
99002100;LD2;0.000965326682241724
99002119;LD2;5.24582135896711e-06
99002144;LD2;8.0721620131564e-06
99225776;LD2;0.000843285561846181
99225842;LD2;0.000349793494202696
99404635;LD2;0.000395080164090554
99404680;LD2;5.11984479054116e-05
99404727;LD2;8.74481056832578e-07
99404747;LD2;7.59737174357528e-07
99404757;LD2;7.32312393433241e-07
99404769;LD2;3.42958687039919e-05
99404788;LD2;2.30051186918231e-07
99404865;LD2;5.90970936765343e-06
99639413;LD2;2.56831842809303e-06
101314341;LD2;0.000144218851710705
102157151;LD2;2.11217873407022e-05
102157166;LD2;7.6527255719278e-05
102157314;LD2;5.12062707557698e-05
102592081;LD2;1.01636628544341e-05
102592100;LD2;3.63951023546798e-06
102592102;LD2;4.0977739938702e-05
102592111;LD2;1.08751698761898e-05
102592113;LD2;3.84005348902831e-08
102592127;LD2;0.000114842877516877
102592154;LD2;1.39036747917739e-05
102592177;LD2;1.93931209138076e-07
102592191;LD2;0.000114597887633728
102592218;LD2;1.57641814587208e-05
102592256;LD2;0.00021830592948726
102592288;LD2;2.71503681953146e-05
103632732;LD2;5.06327922016198e-07
103632750;LD2;2.76318714686251e-06
103632775;LD2;9.02086343026946e-08
103632779;LD2;3.257722723123e-05
103632783;LD2;1.98177563026532e-05
103632821;LD2;9.52080509479598e-05
103632830;LD2;0.00032707335931352
103632883;LD2;1.04794690817415e-05
103632911;LD2;2.41646621929836e-05
103632951;LD2;2.653188061231e-05
103632961;LD2;7.33714189929486e-05
103632971;LD2;3.71240735696484e-07
104879860;LD2;6.1092424138573e-08
104879957;LD2;2.00654307348573e-06
104880018;LD2;1.60818582831731e-06
104880032;LD2;2.12563287546963e-07
104880034;LD2;1.60599953201849e-06
104880043;LD2;3.87212122464512e-07
104880045;LD2;3.57292414927936e-06
104880064;LD2;2.28484654901994e-06
107158432;LD2;1.70268383106462e-05
107158451;LD2;2.9139290849147e-05
107158453;LD2;4.6283430407575e-05
107158462;LD2;0.000172024534257436
107158464;LD2;1.96702476366935e-06
107158478;LD2;6.67308592481773e-07
107158505;LD2;0.00106901473690514
107158525;LD2;9.39418663562191e-07
107158539;LD2;5.68251811014658e-07
107158566;LD2;0.0011714271824755
107158636;LD2;3.87606200316693e-06
107767971;LD2;3.41306059613848e-05
107767984;LD2;0.000216457750455719
107768037;LD2;0.00117595917018186
108006221;LD2;3.68792809837237e-06
108006229;LD2;7.5038163388164e-08
108006243;LD2;0.000188248202537764
108006283;LD2;3.4004448604807e-08
108006337;LD2;7.71421854500501e-05
108006429;LD2;1.5636449497246e-05
108006453;LD2;3.05909348472538e-06
108006456;LD2;0.000172512797616665
109717705;LD2;5.73917178843328e-08
109991581;LD2;5.20272695450637e-06
109991616;LD2;5.55868920830122e-07
109991654;LD2;0.00025027849430335
113651347;LD2;2.77855994284639e-06
113651413;LD2;4.29116713349587e-06
113651468;LD2;0.00023161125182654
113651489;LD2;6.00150609724266e-06
113651502;LD2;5.35158224560784e-05
114799472;LD2;2.8501197448112e-06
114799509;LD2;4.4161248745398e-05
114799566;LD2;1.6199478751233e-07
114799621;LD2;4.73544735462699e-07
114799651;LD2;0.000166813323335521
114799666;LD2;3.49323023239863e-05
114799673;LD2;0.000143164666387181
114799684;LD2;4.74730241579043e-05
114799692;LD2;1.47655637448481e-06
115347040;LD2;0.000145735436802817
115347051;LD2;3.54208404182535e-05
115347067;LD2;8.28715812261282e-07
115347093;LD2;1.11907258311253e-05
115428324;LD2;7.45994855143378e-06
115428337;LD2;0.000102906106084825
115428348;LD2;1.08559974642439e-06
115428528;LD2;0.00122077808288431
115428535;LD2;1.39957585062275e-06
115428548;LD2;5.21704137707818e-09
115428572;LD2;1.46687739862488e-05
115693284;LD2;5.65304025731233e-06
115693357;LD2;2.67825703181234e-05
115693400;LD2;3.42438766138437e-05
115693408;LD2;0.000231595949143675
115693428;LD2;2.18502128626857e-05
116132894;LD2;2.4046817921771e-07
116132965;LD2;1.62885497585028e-05
116132969;LD2;3.85833707034231e-05
116132988;LD2;0.000467223181715269
116133059;LD2;3.08697672996348e-06
117528174;LD2;0.000131105060258049
117528184;LD2;3.92899335424606e-06
117528194;LD2;4.78976680379679e-07
117528262;LD2;7.79632900461891e-05
117528306;LD2;1.04739366963396e-05
117528312;LD2;2.90036202342143e-05
117528321;LD2;1.06804808138392e-06
117528359;LD2;1.20683186911999e-05
117528392;LD2;1.1192205720083e-05
117528410;LD2;9.5728305921629e-05
120366716;LD2;7.80561569179232e-06
120544923;LD2;3.1893721205445e-05
120545036;LD2;0.000691646330037893
120614562;LD2;1.16051523362133e-06
120614591;LD2;7.67979969649285e-08
120614637;LD2;9.15113868947284e-06
120614647;LD2;8.54718546088733e-07
120614703;LD2;8.54611654343672e-06
120614730;LD2;2.09906649414576e-06
120614744;LD2;0.000706462535377489
120614746;LD2;0.000482392380711297
120614776;LD2;3.85966426088664e-05
120614778;LD2;3.61280932113233e-07
121139800;LD2;1.8927896439594e-05
121139806;LD2;1.98067172272746e-05
121139861;LD2;3.26277007076114e-06
121139929;LD2;7.20782529176943e-05
121139935;LD2;0.000618631380543744
121139939;LD2;1.20703476758994e-05
121139961;LD2;0.000193941275300967
121139995;LD2;0.000738376807060523
121140010;LD2;5.01147929843479e-06
121140020;LD2;1.01758635280362e-05
121140047;LD2;0.000474555488362595
121195336;LD2;6.70087318467372e-05
121927565;LD2;0.00141648830107448
121927584;LD2;1.51559552062284e-05
121927586;LD2;9.40413879199383e-08
121927649;LD2;2.22923040769464e-06
121927760;LD2;1.3284178393922e-06
121983296;LD2;5.45071566551849e-06
121983488;LD2;1.09738989948356e-06
124082824;LD2;1.92970150579617e-05
126381326;LD2;3.40391859883715e-05
126381328;LD2;2.00298567948401e-06
126381380;LD2;7.20604217053023e-07
126381469;LD2;6.06389265415461e-07
126381493;LD2;1.36906021976856e-05
126752816;LD2;1.43537148383251e-05
126752873;LD2;1.57333429993142e-05
126752900;LD2;8.79494372453492e-07
126752911;LD2;1.24222274518704e-06
126752914;LD2;8.22675960786306e-06
126752919;LD2;5.64594848794698e-06
126752926;LD2;1.59971740951612e-06
126752964;LD2;7.38028245420656e-07
126752981;LD2;0.00052734443013341
126753012;LD2;5.75978429095413e-07
126753020;LD2;4.6030898307916e-05
126753048;LD2;7.15888995493017e-07
126987831;LD2;6.40748497239119e-09
126987846;LD2;3.9771485075277e-08
126987864;LD2;3.32906773583009e-05
126987891;LD2;8.11994894825592e-05
126987900;LD2;1.86314108938652e-08
126987936;LD2;2.64178953098559e-06
126987957;LD2;2.94767461224801e-05
126987964;LD2;6.10535086190104e-05
126987996;LD2;3.06520424122703e-06
128427329;LD2;7.06771430708216e-05
128427390;LD2;0.000104728118482628
128427431;LD2;4.42464356458535e-06
128427433;LD2;7.67927337292006e-06
128427442;LD2;0.000112412550682215
128427463;LD2;1.55904700247983e-06
129364298;LD2;5.82697317523359e-05
129364457;LD2;5.83106837223739e-06
131068402;LD2;2.97173289424329e-06
131068434;LD2;2.49632378653589e-05
131068456;LD2;3.29268152769445e-05
131068458;LD2;8.86370799554378e-05
131068625;LD2;1.00436068132413e-05
131068653;LD2;1.8472573755934e-05
131775062;LD2;3.98402798725133e-06
131775170;LD2;0.000993661789775485
133351607;LD2;4.67447973891565e-05
133351614;LD2;6.15410048637154e-05
133351671;LD2;1.22762825977578e-07
133351673;LD2;1.88652257085356e-06
133351702;LD2;6.66978415792494e-07
133351731;LD2;0.000484083853210438
133351761;LD2;1.35460587822261e-05
133351777;LD2;1.08804769104736e-05
133351780;LD2;0.00140487258211311
133351800;LD2;7.36875744165075e-07
133351806;LD2;9.09245871206158e-06
133712921;LD2;0.00044787319196102
133712989;LD2;2.42012170167414e-06
133713001;LD2;0.000550387169425035
133713050;LD2;6.17493921072865e-08
133713065;LD2;1.79652703260599e-05
135115117;LD2;4.08995709244133e-06
135115127;LD2;1.73716229616286e-08
135115165;LD2;2.65060859362364e-05
135115219;LD2;5.8042433990146e-06
135297076;LD2;1.29905058875378e-07
135297081;LD2;1.29855708434817e-05
135494997;LD2;0.000143462842560211
135495064;LD2;3.79591677997179e-05
135495125;LD2;3.90623154404766e-05
135495222;LD2;1.47222466822702e-07
139883952;LD2;1.42818197276048e-05
139883977;LD2;1.8059317857152e-06
139884030;LD2;1.67956307553662e-05
139884036;LD2;1.72990634777032e-06
139884125;LD2;9.25895865089849e-06
139884156;LD2;1.87963758862426e-07
139884201;LD2;1.62176243898505e-05
139884203;LD2;6.48896697626584e-06
141086829;LD2;3.92134567243138e-05
141086978;LD2;1.11241679476631e-09
141988158;LD2;4.10601569977924e-05
141988184;LD2;1.73583976058308e-06
141988187;LD2;4.12263460989871e-07
141988193;LD2;3.20415295299837e-07
141988255;LD2;4.96707715069808e-05
141988334;LD2;0.000140644300584421
141988346;LD2;3.16631554747056e-05
141988384;LD2;2.06358402115489e-05
141988404;LD2;2.15517739248912e-05
141990602;LD2;0.000139191396829028
141990608;LD2;1.38025019291965e-06
141990626;LD2;5.56861168860403e-07
141990635;LD2;1.10860622318796e-06
141990694;LD2;4.65605844830213e-07
141990703;LD2;3.92051315196261e-07
141990714;LD2;2.7239478668466e-07
141990766;LD2;8.15639306999366e-06
141990815;LD2;5.39252823664775e-06
142466330;LD2;8.01174584931879e-05
142466339;LD2;2.91945416238689e-06
142466354;LD2;1.48545050508904e-06
142466381;LD2;1.50700211235301e-05
142466388;LD2;4.40397077924611e-06
142466395;LD2;1.7037614394716e-08
142466423;LD2;0.000130274792444714
142466439;LD2;0.000220570618508067
142466465;LD2;7.00799122270212e-06
142466472;LD2;2.63851860451747e-07
142466478;LD2;1.71791446390238e-07
142466485;LD2;4.35290455327066e-10
142466488;LD2;0.000676050528550793
142466504;LD2;6.72141877289501e-05
142466511;LD2;8.94164146738462e-06
142466513;LD2;2.76170878160942e-06
142466547;LD2;0.000481966576528009
142466563;LD2;4.28223676409606e-07
142466573;LD2;3.35416316153314e-06
145311592;LD2;1.46571378988664e-06
145311668;LD2;5.9241626096124e-05
145311697;LD2;7.42762382484405e-05
146082623;LD2;5.82722110962821e-07
146082655;LD2;3.87712677387305e-06
146082673;LD2;4.42759482296765e-05
146082736;LD2;9.72145560016337e-07
146082738;LD2;3.61576366557143e-05
146082804;LD2;2.07901067607661e-06
146082806;LD2;8.71141736061008e-05
147397157;LD2;4.0690175241272e-05
147397198;LD2;0.000299340244152899
147397215;LD2;1.24960027286207e-06
147397220;LD2;1.10682641223138e-06
147397229;LD2;7.4402893632833e-06
147397290;LD2;1.59761597001298e-05
147397316;LD2;6.01719227688832e-05
147397320;LD2;0.000300566142480046
147397341;LD2;0.00037621611775916
147397345;LD2;9.82669324446746e-07
147397393;LD2;0.000166751667341552
147397401;LD2;1.45908853710536e-05
148984941;LD2;8.17186775238363e-06
149423562;LD2;2.84030934685523e-08
149423575;LD2;2.81220829886269e-06
149423764;LD2;4.04984241742231e-06
149423787;LD2;5.9988595999111e-05
149423812;LD2;2.7175828386798e-06
150370662;LD2;3.60270397010083e-06
150370674;LD2;8.67711188265669e-06
150370825;LD2;9.64685607052032e-05
150370864;LD2;1.47437007131881e-05
150370903;LD2;9.06805069799811e-07
150370917;LD2;5.67323995974706e-06
150512375;LD2;8.7694904154893e-06
150512405;LD2;8.68439670144684e-05
150512414;LD2;2.5282738099458e-05
150512434;LD2;3.29202001032186e-07
150512466;LD2;2.31697241315231e-05
150512512;LD2;2.34074161567822e-07
150512538;LD2;2.62238331094331e-08
150512573;LD2;2.03399512808343e-07
150512587;LD2;9.01190444152214e-05
150512608;LD2;7.62887955374479e-07
150512611;LD2;4.97199706108597e-09
150512624;LD2;2.59826417547465e-06
151908099;LD2;1.09655858467977e-05
151908108;LD2;2.19218652101949e-05
151908160;LD2;1.47589297561051e-05
151908169;LD2;2.16513434734566e-05
151908192;LD2;7.17677667760123e-07
151908266;LD2;1.1210861139496e-06
152205995;LD2;0.000249873005278787
152206004;LD2;1.03056602073655e-07
152206084;LD2;2.5607755563498e-05
152206091;LD2;6.76100169416552e-06
157334714;LD2;1.33636954124318e-05
157334750;LD2;9.28600710057612e-06
157334864;LD2;4.58895738517018e-05
157334891;LD2;1.94427695048485e-05
157334934;LD2;9.41095286287483e-05
157334969;LD2;7.88682560285883e-05
158456272;LD2;2.07138858296202e-05
158456280;LD2;0.000477719829924679
158456430;LD2;7.95888106951496e-05
158456433;LD2;2.47632078810736e-05
159528944;LD2;4.88420756318422e-05
159528951;LD2;8.3921542901738e-07
159529022;LD2;2.24196041647779e-08
159529041;LD2;2.88793063822253e-06
159529081;LD2;2.51371263527135e-06
159529118;LD2;2.87092915842849e-05
159529141;LD2;1.87143600293575e-06
159529186;LD2;4.33049435774709e-05
160200468;LD2;3.75259877352875e-07
160635180;LD2;6.01732801399656e-05
160635244;LD2;2.13737749545356e-08
160635302;LD2;6.0966616122806e-08
160635313;LD2;0.000193801106410484
160635319;LD2;2.62318712028705e-05
160635388;LD2;2.89436022984592e-07
160848501;LD2;2.44306011753838e-06
167835881;LD2;3.23662231340578e-06
167835900;LD2;5.30467426689191e-05
167835902;LD2;3.85208313199442e-05
167835911;LD2;9.50804343088778e-05
167835927;LD2;2.48266258071782e-06
167835954;LD2;8.14498416115751e-06
167835991;LD2;1.14055545013683e-07
167836018;LD2;5.1096538179332e-06
167836088;LD2;5.58069621680259e-06
172193735;LD2;2.65911499575804e-06
172193765;LD2;6.78742030285403e-06
172193776;LD2;7.2392261384796e-06
172193826;LD2;0.000136318357268923
190088563;LD2;5.32573143012664e-05
190088566;LD2;3.60074456796062e-07
190088570;LD2;1.66944792046353e-05
190088571;LD2;4.17630277713091e-05
190088589;LD2;1.30845229677086e-05
190088590;LD2;2.19636724377951e-05
190088607;LD2;0.000314258379782569
190088635;LD2;0.000307991187891079
190088715;LD2;1.04238445582215e-05
190094904;LD2;3.34038652841004e-07
190136401;LD2;2.85673766446268e-07
190136464;LD2;7.86237788950781e-05
190136472;LD2;9.60010571664375e-06
190136537;LD2;3.27249718711356e-06
190147535;LD2;3.30376447281381e-05
190147549;LD2;3.29281406672819e-06
190155949;LD2;0.0023579064844866
190156063;LD2;0.00169515262142444
190156106;LD2;0.000257005518483612
190156118;LD2;0.000176191421464231
190156148;LD2;0.000104146692025151
190156159;LD2;0.000156215601247929
190156188;LD2;2.34685091824323e-05
190156205;LD2;7.57930549752624e-06
190208545;LD2;4.02567172885177e-07
190208684;LD2;3.63891917625478e-06
190386775;LD2;0.000408603321147245
190386800;LD2;6.40789138770164e-07
190386802;LD2;0.000118958338651408
190386821;LD2;1.09280891487945e-07
190490060;LD2;6.38204897762622e-05
190530709;LD2;1.53351725787429e-05
190551461;LD2;0.0005636411076052
190551473;LD2;2.97105553886861e-07
190551479;LD2;0.000593073858880793
190551494;LD2;0.00023686081203732
190551525;LD2;0.000314115170225076
190551534;LD2;0.000666252125757467
190551547;LD2;0.000709505114841002
190551568;LD2;0.000414109333759731
190551581;LD2;6.87716987858551e-05
190551587;LD2;7.55428307430546e-05
190551626;LD2;0.000580857271851457
190551670;LD2;4.69754310155692e-05
190551680;LD2;2.34542907794902e-05
190620259;LD2;0.000221949419243369
190620291;LD2;4.47115572820362e-07
190620313;LD2;0.000105777300665578
190620315;LD2;2.46112769639188e-06
190620392;LD2;0.000431975479328373
190620444;LD2;1.04580131901173e-06
190620458;LD2;3.87816546804131e-05
190620482;LD2;4.71900480559533e-05
190704598;LD2;3.80251795578015e-05
190704662;LD2;1.12634330931263e-08
190704671;LD2;1.41391450392838e-06
190704725;LD2;1.32949981314116e-08
190704734;LD2;1.50056986353807e-06
190780477;LD2;8.93070524760226e-05
190780543;LD2;4.23572662272919e-06
190780619;LD2;3.19517939311043e-06
190780628;LD2;0.00015933533387505
190780660;LD2;9.41101679531851e-06
190780687;LD2;3.15398556882064e-05
191164359;LD2;0.000153570369027679
191204799;LD2;2.51672020488538e-05
191204835;LD2;2.15808227277265e-06
191204854;LD2;7.91415407005329e-07
191253095;LD2;5.44913355179962e-06
191253109;LD2;5.56040417224907e-06
191253122;LD2;1.3426172560761e-05
191313132;LD2;0.00565672040130045
191313184;LD2;0.00524056918558809
191313213;LD2;0.000100417335199365
191313215;LD2;0.000102842264235717
191313226;LD2;0.00392445808454386
191425371;LD2;5.99573075642962e-06
191425441;LD2;6.26794198989324e-05
191425505;LD2;6.7850357646551e-07
191425507;LD2;1.10976632153145e-07
191425526;LD2;7.81078048672501e-07
191425588;LD2;1.32785625337798e-05
191428403;LD2;5.9206151285777e-07
191428425;LD2;0.000109337949478358
191428427;LD2;1.57698904023504e-06
191428523;LD2;0.000752237308689382
191428594;LD2;1.11281404936053e-05
191428597;LD2;7.07207850163906e-06
191434347;LD2;3.71373775010328e-08
191434355;LD2;4.56714000204174e-07
191434387;LD2;1.00777321758847e-06
191434409;LD2;2.87288196215397e-06
191434411;LD2;2.68589583786988e-07
191434539;LD2;6.14963863833879e-05
191434554;LD2;0.00013142367392778
191434578;LD2;2.31895405704794e-05
191467272;LD2;3.78872743606177e-05
191467289;LD2;4.08549020132254e-05
191467295;LD2;2.80088248273038e-05
191467329;LD2;1.67462322927074e-06
191467350;LD2;5.97326120412737e-06
191467393;LD2;3.09497636317562e-05
191467415;LD2;5.87894149900422e-06
191467433;LD2;8.87297161418598e-08
191467454;LD2;7.18639686108027e-05
191500740;LD2;0.0001090874048914
191500742;LD2;0.000374745286851323
191500808;LD2;2.63100716490603e-06
191500833;LD2;2.50403901330019e-08
191500884;LD2;1.16166660309944e-07
191500895;LD2;3.558046020978e-06
191572807;LD2;1.40170830575505e-06
191572817;LD2;3.76081934570659e-06
191572946;LD2;3.63113416366609e-06
191572984;LD2;1.53278151285812e-05
191573017;LD2;4.63437585627638e-06
191573035;LD2;3.59828723285673e-05
191578254;LD2;9.92884548868912e-06
191578440;LD2;2.37606172021041e-05
191587793;LD2;5.60394453399072e-06
191587798;LD2;0.000597912738585266
191587951;LD2;0.000720493341788307
191587977;LD2;3.14067952024982e-06
191620969;LD2;3.84655091205965e-06
191620991;LD2;5.97796735259882e-05
191621004;LD2;1.92598260367319e-05
191621020;LD2;3.48044227287554e-06
191621026;LD2;6.01997749122511e-07
191621039;LD2;2.38595751445711e-06
191621077;LD2;1.57278728076458e-06
191621147;LD2;8.53606036815804e-05
191652281;LD2;8.78396981683499e-06
191652367;LD2;9.97414428828613e-05
191652424;LD2;0.00155447426768219
191652466;LD2;0.0018652449638036
191737814;LD2;0.000351249216006238
191811882;LD2;1.04567191634917e-06
191811891;LD2;0.000112742278635577
191811923;LD2;1.06778440852931e-06
191811944;LD2;2.97738594184619e-05
191811945;LD2;1.80139792559533e-05
191812090;LD2;8.08918829724645e-07
191812117;LD2;0.000701947888410515
191812141;LD2;6.8201907029505e-07
191837452;LD2;3.91849487708897e-06
191837462;LD2;1.43410767723171e-07
191837472;LD2;9.66059778637565e-07
191837587;LD2;4.67745495902723e-06
191837593;LD2;2.19925136237907e-05
191837602;LD2;5.12989232031031e-05
191837640;LD2;0.000543512131005451
191837644;LD2;1.19319651392097e-05
191837673;LD2;7.31432800590148e-05
191838285;LD2;7.20766830857083e-06
191838353;LD2;1.17498274838734e-07
191838436;LD2;0.000161366054854421
191838438;LD2;0.000378329208280336
191838468;LD2;1.06038177319684e-06
191838516;LD2;6.83141365162063e-05
191856513;LD2;2.07620957375552e-06
191856553;LD2;3.71559407940563e-06
191856555;LD2;1.89536623909162e-06
191856607;LD2;5.86196736822262e-07
191856698;LD2;3.35157271022323e-05
191856722;LD2;1.55500961545866e-05
191856725;LD2;8.4422734223703e-06
191856752;LD2;0.000700474028289728
191862763;LD2;0.000562782217605045
191862805;LD2;0.00055230790486276
191862897;LD2;0.00227300564507934
191862932;LD2;4.52675674565239e-06
191862938;LD2;7.85978828610194e-05
191863008;LD2;1.51882706570872e-05
192014369;LD2;2.60775750260579e-06
192014420;LD2;4.73211760091472e-08
192014486;LD2;1.48970502167448e-06
192103275;LD2;6.70995582596601e-05
192103304;LD2;3.93784524105352e-07
192103422;LD2;6.2290894246297e-06
192103439;LD2;7.40276550893108e-07
192118691;LD2;7.70274528658259e-07
192118697;LD2;9.21259954379427e-05
192118709;LD2;8.206743023982e-05
192118712;LD2;6.40656561143575e-06
192118718;LD2;0.00174243467823594
192118748;LD2;1.23470552823615e-06
192118758;LD2;1.68693275942194e-05
192118779;LD2;0.00107435995574267
192118788;LD2;0.000442161534880853
192118802;LD2;0.000302432031486588
192118859;LD2;1.28400573331363e-05
192118908;LD2;2.916897944131e-08
192118912;LD2;8.35383274217593e-07
192118923;LD2;2.69226085522066e-05
192143179;LD2;7.17721885098021e-06
192143187;LD2;1.53510649843018e-05
192143241;LD2;1.5857747344099e-05
192143386;LD2;1.22672973053066e-06
192184804;LD2;4.1826252368646e-05
192184822;LD2;0.00335950021049818
192184911;LD2;0.000598495355161155
192184950;LD2;3.12396078144261e-05
192184954;LD2;0.000127111233715658
192184998;LD2;1.36622546236495e-06
192185012;LD2;0.000345031617872484
192185020;LD2;0.00401470380463087
192185028;LD2;3.50014364813145e-06
192185038;LD2;4.28340983140303e-05
192257454;LD2;1.12267855041801e-05
192257473;LD2;2.68498910106613e-06
192257475;LD2;1.7135460266586e-06
192257484;LD2;3.47593436920362e-06
192257486;LD2;3.865808146915e-05
192257500;LD2;8.32867140566945e-06
192257549;LD2;3.92835130220871e-05
192257563;LD2;9.24492159001957e-06
192257660;LD2;1.47562170268571e-07
192293919;LD2;6.4318275313437e-05
192293942;LD2;2.73242676516846e-06
192293951;LD2;5.75179956242128e-05
192294034;LD2;5.70357619823512e-06
192294036;LD2;1.40040956262697e-06
192368737;LD2;0.000104263909120674
192368742;LD2;2.23116877261305e-07
192368803;LD2;1.04073601914718e-06
192368822;LD2;6.68196894384379e-08
192368884;LD2;3.14904699029309e-05
192619740;LD2;1.26570914412859e-06
192619801;LD2;1.13862930261895e-07
192619821;LD2;2.72252722295447e-07
192619853;LD2;0.000885167992862738
192619860;LD2;3.94107148336684e-05
192619875;LD2;0.00160003114959029
192619882;LD2;0.000197188117818511
192619938;LD2;0.00574671127677391
192619971;LD2;1.70322958850947e-05
192662712;LD2;6.65956107716947e-05
192662730;LD2;9.6756203946916e-06
192662755;LD2;3.89063493158293e-06
192662759;LD2;4.09013904153911e-07
192662763;LD2;0.00010043578568389
192662801;LD2;1.32826649519358e-05
192662810;LD2;1.44489701410246e-05
192662816;LD2;1.39465222585264e-06
192662890;LD2;2.14380435060982e-06
192667069;LD2;2.54660443878209e-05
192667220;LD2;3.05783338992012e-06
192667252;LD2;2.24618677354502e-05
192667300;LD2;0.000139809798416292
192742457;LD2;4.67602081312918e-06
192742459;LD2;4.71995222074019e-05
192742463;LD2;9.67761201200076e-06
192742511;LD2;1.09835771178454e-05
192742555;LD2;1.07512614775788e-05
192742602;LD2;0.000847267221728093
192742626;LD2;2.80783664869199e-06
192742629;LD2;1.95210655778414e-05
192914303;LD2;4.69770757888513e-06
192914351;LD2;8.37927355977066e-08
192914374;LD2;7.19072277359467e-07
192914468;LD2;7.06958938537311e-06
192914536;LD2;1.32136255853246e-07
193023892;LD2;0.00120269006088452
193047037;LD2;0.000664804035540137
193047047;LD2;0.000230928496212269
193047057;LD2;0.000198635929356252
193047096;LD2;4.65353743435658e-07
193047124;LD2;8.54039915067477e-07
193047166;LD2;4.19719368697535e-05
193047171;LD2;0.00125529404274203
193047186;LD2;0.00111065200794727
193047200;LD2;6.80186539755749e-07
193047228;LD2;2.86441782481134e-05
193047257;LD2;2.93172516975963e-05
193047275;LD2;0.000151606341808517
193105775;LD2;0.000933255255005333
193364732;LD2;1.34630079583256e-05
193364736;LD2;0.00493081139932939
193364758;LD2;3.48233837739127e-06
193364767;LD2;9.71142122076669e-06
193364779;LD2;3.49692730825574e-07
193364829;LD2;0.000350691724856547
193364848;LD2;9.44840419890296e-05
193364914;LD2;1.09912226183226e-09
193364921;LD2;9.15468549734958e-07
193364984;LD2;2.62951465073356e-05
193696038;LD2;5.82900221695957e-05
193696048;LD2;0.000111814202587697
193696053;LD2;2.90929034628865e-07
193696059;LD2;3.69569791931992e-07
193696080;LD2;8.1645581669739e-07
193696083;LD2;0.000298660514931263
193696090;LD2;3.06084442908e-05
193696092;LD2;0.000335885622981845
193696099;LD2;0.000115806127338585
193696230;LD2;4.15271379982219e-09
193696248;LD2;3.53191059450894e-05
193696254;LD2;3.31810770092911e-05
193696273;LD2;0.000951436456058935
193709368;LD2;3.48364124142893e-06
193709386;LD2;6.28112529930591e-07
193709411;LD2;3.69952543381128e-06
193709415;LD2;1.59732146733267e-08
193709466;LD2;1.31871861553015e-05
193709472;LD2;9.89163739194027e-06
193709516;LD2;3.97351636182237e-06
193709546;LD2;5.58874091272312e-05
193709586;LD2;5.77478724836876e-05
193709596;LD2;2.10091864685467e-05
193709606;LD2;6.59130923604705e-05
193745814;LD2;0.000330254181086438
193745826;LD2;2.61085531155624e-06
193745859;LD2;0.00179759515014988
193745901;LD2;0.000592242383481931
193745906;LD2;2.3584325488995e-06
193745959;LD2;0.00167604906428283
193746001;LD2;0.000587366285673528
193746006;LD2;2.01044853151514e-06
193776629;LD2;0.000165832821679625
193776675;LD2;6.43941686093997e-07
193776690;LD2;1.06168445613862e-06
193776704;LD2;3.67631296208694e-07
193776728;LD2;1.22801393568254e-05
193776761;LD2;9.81729087682413e-07
193807033;LD2;2.3974752923814e-05
193807067;LD2;1.95205624747568e-05
193807076;LD2;1.66006805174419e-05
193807097;LD2;1.55095021690851e-05
193807142;LD2;0.000497604366244069
193807158;LD2;1.55980630204194e-05
193807169;LD2;0.000214474036824689
193807190;LD2;0.00105125255157341
193807208;LD2;0.000147483757746701
193807212;LD2;0.000127652178906921
193807236;LD2;0.000410034882255018
193807239;LD2;0.000149760638167993
193807241;LD2;1.97728101226258e-05
193827952;LD2;1.11699995572404e-05
193827974;LD2;0.00490783307051197
193827981;LD2;3.78772527129573e-07
193828027;LD2;3.84002943289728e-06
193828033;LD2;5.35096912697923e-07
193828037;LD2;6.99416335235875e-06
193828086;LD2;1.74290863817303e-05
193828108;LD2;0.00497037584108226
193828115;LD2;2.25213398638273e-07
193828161;LD2;4.8061334097592e-06
193828167;LD2;5.8227090020299e-07
193828171;LD2;6.98588948787039e-06
193853794;LD2;0.00110424470782072
193853837;LD2;0.000998159933887849
193853840;LD2;1.91128601855098e-05
193853858;LD2;0.000287096714335639
193853881;LD2;7.67437403682844e-05
193853924;LD2;0.000620343399063279
193854013;LD2;1.84334183871113e-05
193854031;LD2;2.23031495593419e-06
193878946;LD2;6.35292286985053e-07
193879055;LD2;6.74782512384912e-07
193948992;LD2;8.43488425495478e-07
193949003;LD2;2.36566632530848e-06
193949019;LD2;2.77789780257811e-05
193949039;LD2;3.51797926767253e-06
193949067;LD2;1.49764175225605e-07
193949087;LD2;1.84508984042664e-05
193949093;LD2;3.39808806575851e-07
193949146;LD2;3.76825061171753e-06
193949210;LD2;1.18037501986024e-05
193949242;LD2;0.000630363378207588
193962921;LD2;7.59247114489911e-05
193962923;LD2;5.44023675349152e-06
193962975;LD2;1.71400008232218e-06
193963066;LD2;1.81151002336135e-05
193963090;LD2;2.52440501155986e-06
193999037;LD2;3.27391036554006e-05
193999057;LD2;1.59617891880221e-05
193999186;LD2;3.95528192073331e-05
193999224;LD2;0.00027406547034705
193999228;LD2;1.68316135814335e-08
193999232;LD2;3.26117358856243e-07
193999257;LD2;2.75542687665579e-07
193999275;LD2;9.26223498394622e-05
194017572;LD2;9.45691691063617e-06
194017581;LD2;1.42936140765514e-06
194017629;LD2;6.56069393624693e-05
194017676;LD2;0.000439484090482078
194017742;LD2;0.00109637263356223
194017765;LD2;2.21582052510457e-05
194017775;LD2;1.20423441572227e-06
194041741;LD2;3.36080223636452e-06
194041761;LD2;8.84118551024452e-09
194041829;LD2;5.32647268995303e-05
194041890;LD2;1.01308630732283e-06
194041936;LD2;3.51110349822742e-06
194041961;LD2;0.000374106196450939
194041979;LD2;1.57024845674888e-05
194241427;LD2;1.71341919990134e-09
194241449;LD2;3.80563319689157e-07
194241451;LD2;6.38312941414674e-05
194241594;LD2;3.95385962592699e-06
194241609;LD2;4.77775690716729e-05
194241618;LD2;5.77459366683476e-06
194241646;LD2;5.50924213644653e-07
194293112;LD2;4.86656311284887e-05
194293166;LD2;5.78218318253291e-05
194293315;LD2;3.32872969837348e-05
194364909;LD2;0.00127422276361554
194364929;LD2;0.000685460462554127
194364939;LD2;0.000218970772449252
194364957;LD2;0.00289278699957605
194364975;LD2;0.00164039849492288
194365013;LD2;0.000603147949511136
194365024;LD2;0.00128905311303368
194365101;LD2;0.000691761360622487
194365106;LD2;0.00031576727230255
194365126;LD2;5.56908730444247e-06
194391825;LD2;1.07264396340479e-05
194391893;LD2;4.78020747988753e-05
194391934;LD2;5.42784000145375e-07
194391939;LD2;4.41880977800443e-07
194391954;LD2;1.41600764096344e-06
194391968;LD2;2.6381203973826e-06
194391992;LD2;1.85285798187578e-06
194392000;LD2;1.74360186483236e-05
194392025;LD2;5.02902242939554e-06
194392043;LD2;1.28811536538226e-05
194416555;LD2;0.00249385597069259
194416565;LD2;6.46617939915421e-09
194416583;LD2;3.04300195481509e-07
194416607;LD2;6.63981894815868e-06
194416619;LD2;5.16288140755554e-06
194416670;LD2;0.00195850045501831
194416782;LD2;7.59948950567217e-07
194471234;LD2;2.47756889271175e-05
194475886;LD2;9.64812110053441e-06
194475905;LD2;3.22002581813398e-06
194475907;LD2;2.44077036254325e-05
194475916;LD2;2.75781764336423e-06
194475918;LD2;3.23026269630833e-06
194475932;LD2;8.05613415474979e-06
194475981;LD2;8.24603613177661e-07
194475995;LD2;9.03215592287692e-06
194476092;LD2;2.03619213472284e-05
194515298;LD2;2.97719521378333e-06
194515385;LD2;5.75502288912406e-06
194515402;LD2;6.39294422163426e-10
194515429;LD2;0.000225641006015926
194515470;LD2;1.6874771226318e-05
194515501;LD2;0.000130569611435077
194515510;LD2;7.85455141101681e-06
194515519;LD2;6.85696415898608e-05
194515534;LD2;2.13415647860816e-05
194515543;LD2;0.000238713029724684
194564287;LD2;8.42907651330383e-06
194588179;LD2;1.36416945090177e-06
194588187;LD2;0.000165870077564146
194588192;LD2;4.41748799856894e-07
194588199;LD2;0.00024590173006628
194588289;LD2;9.3412904586349e-06
194588301;LD2;0.000127344451084159
194588388;LD2;0.000190322018711823
194588392;LD2;3.54381234927537e-05
194588405;LD2;0.000110262019510747
194588412;LD2;3.29012734654266e-06
194588430;LD2;1.69771715047689e-05
194620859;LD2;9.42121878556499e-07
194620878;LD2;1.41469007063806e-05
194620941;LD2;2.71423173450192e-07
194621029;LD2;1.37197722698731e-06
194621085;LD2;1.74428283560832e-05
194651012;LD2;0.000753798640058391
194651033;LD2;0.000925625404835804
194651066;LD2;0.000141499065711147
194651109;LD2;0.000125819693003493
194651118;LD2;3.97877857530115e-05
194651128;LD2;8.09317690399911e-05
194651172;LD2;0.000131323065273872
194651181;LD2;4.12776998778293e-05
194651191;LD2;9.13388851218047e-05
194651216;LD2;1.55828532531693e-05
194651230;LD2;5.26754725340877e-06
194651239;LD2;0.000367409851637083
194651245;LD2;0.000110266754547616
194825450;LD2;4.78255308567265e-06
194825456;LD2;1.99099868337977e-05
194825460;LD2;1.1391417796375e-06
194825584;LD2;4.26028314720858e-06
194825590;LD2;3.20204665863332e-05
194825594;LD2;2.03397247636429e-06
194842239;LD2;0.00160106406750356
194842260;LD2;0.00022068568291971
194842287;LD2;2.8873086046071e-06
194842319;LD2;4.74916952030862e-05
194842328;LD2;9.23841166421815e-06
194842337;LD2;2.95420913756505e-08
194842404;LD2;3.25338589634122e-06
194842470;LD2;2.32897748224638e-05
194842472;LD2;1.27240918947518e-06
194894366;LD2;0.000137312790609955
194894379;LD2;0.000101863821716717
194894388;LD2;9.54427825799355e-05
194894407;LD2;0.000155258362236461
194894412;LD2;0.000257210975145752
194894439;LD2;0.00134079682945962
194926006;LD2;0.000480294932651962
194926018;LD2;0.00162516743477093
194926023;LD2;0.000282219062053111
194926027;LD2;0.000225854158788942
194926031;LD2;3.60695536310593e-05
194926096;LD2;0.000169672166437968
194926107;LD2;7.3461090076575e-05
194926117;LD2;0.000268405100969292
194926126;LD2;0.000116653034971842
194926192;LD2;0.000230147071009178
194927661;LD2;3.84560088623083e-06
194927716;LD2;2.84063850934758e-07
194927727;LD2;6.74299187994666e-07
194927729;LD2;1.37101286887056e-05
194927794;LD2;1.48053310352945e-05
194927812;LD2;2.91740741301753e-06
194927844;LD2;7.05795127869813e-06
194927892;LD2;2.36695761739306e-06
194931453;LD2;7.76929254904104e-05
194931463;LD2;1.04072797721734e-07
194931473;LD2;1.68186858518156e-05
194931541;LD2;2.7348375837917e-05
194931582;LD2;2.90096124772474e-05
194931587;LD2;1.77244576326144e-07
194931602;LD2;8.66351747672745e-06
194931644;LD2;6.77702259821079e-07
194931648;LD2;1.4903706325725e-07
194931673;LD2;6.86981772094769e-05
194931691;LD2;4.51199420478879e-06
194934173;LD2;2.60230538735749e-05
194934220;LD2;8.23029606794636e-05
194934234;LD2;9.5652691002981e-06
194934245;LD2;5.51113409700908e-05
194934309;LD2;5.88711516034883e-05
194934402;LD2;7.75941351942392e-05
194934414;LD2;1.25493301507268e-05
194934424;LD2;7.03362307490546e-06
195048512;LD2;0.000716308698792349
195048520;LD2;2.23508833467876e-07
195048563;LD2;8.5615983517902e-07
195048589;LD2;8.92769729128991e-06
195048630;LD2;0.000110587330645276
195048667;LD2;1.21877502406944e-05
195062568;LD2;7.37443389043863e-06
195062591;LD2;0.00353585898022355
195062619;LD2;0.00325542791539704
195062641;LD2;7.38494100947531e-06
195062660;LD2;0.00212025035185235
195062753;LD2;3.36956129115362e-05
195062781;LD2;0.000251090107222204
195062807;LD2;4.46278041411995e-08
195114726;LD2;3.51918371895379e-05
195128413;LD2;0.000372185504030893
195128473;LD2;1.44184616984441e-05
195128480;LD2;2.62159455655158e-05
195128561;LD2;5.68837913583371e-06
195128580;LD2;3.25199567570657e-08
195129197;LD2;1.93770741160937e-05
195129285;LD2;3.4767106789406e-06
195129326;LD2;2.31118330536142e-09
195129384;LD2;9.15305376243768e-06
195129388;LD2;0.00144152848769231
195129411;LD2;0.000202431247583722
195129417;LD2;6.62965607973968e-06
195134092;LD2;0.00953620957209865
195134119;LD2;0.000511545884793997
195134124;LD2;2.24215371083591e-05
195134152;LD2;6.17697420186201e-05
195134165;LD2;2.82561367580054e-05
195183910;LD2;1.40899478091642e-06
195183926;LD2;1.38405265969333e-05
195184009;LD2;2.12442045687476e-06
195184050;LD2;7.75411435655468e-06
195184102;LD2;2.29944452025947e-07
195199680;LD2;0.000685283448169131
195199700;LD2;1.5685028671757e-05
195199715;LD2;1.08447946039712e-06
195199743;LD2;0.0032624981377322
195199850;LD2;3.30657011759922e-05
195199870;LD2;3.59317376070833e-06
195199879;LD2;1.01401099712749e-06
195199904;LD2;8.62896057565649e-07
195205087;LD2;3.20762246305378e-05
195205108;LD2;1.55627479038549e-06
195205135;LD2;1.87587183171345e-07
195205167;LD2;1.77251318672582e-07
195205176;LD2;0.00140124654622723
195205185;LD2;0.000112787401281648
195205250;LD2;0.000129823316564987
195205252;LD2;2.91442055617132e-09
195205263;LD2;3.9185652642125e-07
195205318;LD2;3.93792775709702e-07
195205320;LD2;1.5311693665308e-06
195331305;LD2;8.82092854391698e-09
195331358;LD2;2.35317671607929e-10
195331436;LD2;7.85180642154471e-05
195331517;LD2;7.48412920155848e-07
195417714;LD2;2.93973653234867e-05
195417733;LD2;3.50475863369603e-06
195536679;LD2;2.00057960568827e-05
195536703;LD2;0.000160079631353067
195536748;LD2;3.27678507925343e-06
195536766;LD2;9.45535188836861e-06
195536825;LD2;0.000341650201448999
195536878;LD2;3.40891284321026e-06
195585624;LD2;8.65090988352284e-06
195585677;LD2;1.81513223956072e-05
195585828;LD2;2.27561713121127e-08
195585845;LD2;8.74694956162851e-06
195600020;LD2;9.13062601330409e-07
195600049;LD2;0.000133236521887207
195600136;LD2;3.20634600505003e-07
195600199;LD2;3.61884751186245e-07
195600253;LD2;0.000479356899439255
195613367;LD2;3.56776569622859e-05
195613551;LD2;4.12608266427756e-06
195613572;LD2;8.35369796639085e-05
195629942;LD2;8.41464932144598e-06
195629984;LD2;0.000163445342790276
195630004;LD2;4.07639120186239e-06
195630019;LD2;2.90341052805868e-05
195630047;LD2;2.49532408602403e-05
195630154;LD2;5.93622056459805e-08
195630183;LD2;1.31962919311467e-05
195630208;LD2;8.32325425736883e-07
195825011;LD2;3.2459177093709e-06
195825033;LD2;2.64401297844989e-05
195825178;LD2;0.000107705902760239
195825202;LD2;8.76265032309018e-06
195832465;LD2;0.000119686057126356
195832515;LD2;9.17738360941596e-06
195848095;LD2;2.45873441192473e-05
195848166;LD2;0.000322509839284513
195848175;LD2;9.62476831529215e-05
195848260;LD2;1.19270003961603e-05
195848326;LD2;3.4915723301458e-05
195863342;LD2;6.67760635402598e-06
195863369;LD2;4.7699870417204e-06
195863472;LD2;0.000209878837017385
195863475;LD2;9.00374550932113e-06
195863521;LD2;5.56906290992902e-05
195863527;LD2;1.145202659025e-06
195863563;LD2;6.99953670919355e-07
195888373;LD2;6.28273893854584e-05
195888416;LD2;0.000198844300276815
195888444;LD2;3.34469451207142e-06
195888481;LD2;0.000394452958586739
195888539;LD2;0.000254992658695949
195888560;LD2;4.557716970975e-07
195993948;LD2;5.67079707404492e-07
196036913;LD2;0.00159812171810534
196036926;LD2;0.00109004534474878
196036941;LD2;0.000587895017051349
196036946;LD2;1.10099533621918e-05
196036962;LD2;6.78297950988508e-06
196036967;LD2;2.50095181657648e-06
196036988;LD2;0.000655351107506801
196037009;LD2;0.00011371695294167
196037049;LD2;1.61154956907828e-05
196037067;LD2;2.11403474866081e-06
196048827;LD2;1.48539125901562e-05
196048837;LD2;3.39838702035709e-05
196048855;LD2;5.22790210586136e-06
196048879;LD2;1.39216863570288e-05
196048924;LD2;5.58299377528736e-05
196048942;LD2;6.51714821073558e-05
196048988;LD2;7.23385293590451e-05
196049006;LD2;6.52558476885629e-05
196049017;LD2;0.000396134534475833
196049031;LD2;1.16960642245104e-05
196049078;LD2;6.79148476590223e-06
196177514;LD2;0.000455143765186063
196177566;LD2;4.71700968482454e-08
196177628;LD2;0.000245257372915451
196177650;LD2;9.87999268910786e-09
196177683;LD2;1.69759175694948e-05
196177707;LD2;0.000497784508648521
196177719;LD2;0.000153737961854824
196241138;LD2;0.000105640468558709
196241186;LD2;5.82912945712878e-06
196241190;LD2;8.49736294398094e-06
196241207;LD2;2.85161099679073e-05
196241211;LD2;1.7957575838933e-06
196241219;LD2;3.06637967944244e-06
196241241;LD2;7.62894193828965e-05
196241261;LD2;4.70720420114242e-06
196241291;LD2;6.36571113194489e-06
196241304;LD2;0.000169323988199493
196241318;LD2;1.5017651698642e-07
196241322;LD2;0.000102568426527877
196241327;LD2;0.000125663899493296
196241335;LD2;1.54449912146793e-08
196241343;LD2;1.16896977848838e-05
196241360;LD2;5.51035787415616e-06
196241363;LD2;0.000123423460517013
196241372;LD2;1.0113157500147e-08
196341819;LD2;3.10132846335223e-06
196341829;LD2;1.54997455127314e-05
196424733;LD2;1.82970477485776e-05
196424743;LD2;1.66428716963031e-06
196424753;LD2;9.76819102829389e-07
196424793;LD2;1.24904216607062e-05
196424867;LD2;2.32871258516461e-07
196424873;LD2;0.000815778012663995
196424882;LD2;3.00514350899429e-06
196424920;LD2;0.000696186909765549
196424924;LD2;7.2826188452633e-07
196424928;LD2;7.59369095203452e-07
196424953;LD2;6.3720103228865e-05
196424971;LD2;2.16182717692168e-06
196495227;LD2;1.44809145548203e-05
196495308;LD2;0.000218549936083789
196495352;LD2;8.75296684820191e-05
196573016;LD2;1.37296459875672e-06
196573066;LD2;9.81504954597925e-06
196573108;LD2;0.00019715599376405
196573148;LD2;1.48034754671377e-05
196573175;LD2;7.26440559615962e-06
196573226;LD2;6.36529781683193e-07
196605080;LD2;7.28669796787416e-07
196605098;LD2;6.64873707396995e-06
196605123;LD2;5.21541153508959e-07
196605127;LD2;7.54492242738735e-07
196605131;LD2;1.30262035138787e-05
196605169;LD2;1.57104925568576e-06
196605178;LD2;0.000367003361783797
196605230;LD2;5.83607001474928e-09
196605258;LD2;7.44820190511374e-07
196605298;LD2;3.92608816707308e-05
196605308;LD2;7.68082619158381e-06
196605318;LD2;6.78412606728535e-07
196635000;LD2;2.275863844513e-06
196635018;LD2;4.74274023392356e-07
196635043;LD2;1.84355621842332e-06
196635047;LD2;9.00258033450523e-06
196635051;LD2;2.66136710223476e-05
196635089;LD2;0.000436215239111453
196635098;LD2;3.77528134394021e-06
196635150;LD2;4.2106865797312e-06
196635178;LD2;0.000122343349958274
196635218;LD2;5.57641465768529e-06
196635228;LD2;0.000104523373977195
196635238;LD2;7.20868720039266e-05
196643693;LD2;5.4150371607733e-05
196643703;LD2;9.97314347292698e-07
196643713;LD2;1.8727860652403e-06
196643753;LD2;1.45875623620981e-07
196643781;LD2;1.42849506390926e-06
196643827;LD2;4.55693165621413e-07
196643842;LD2;5.14225195023611e-06
196643856;LD2;1.01913967529549e-07
196643884;LD2;2.30217949647873e-05
196643888;LD2;5.62683374129649e-06
196643913;LD2;2.13929932966251e-05
196678519;LD2;1.40943823907442e-07
196678529;LD2;9.71943118961441e-07
196678649;LD2;1.79951295169452e-06
196678696;LD2;0.000192525724137995
196678700;LD2;6.59741048854288e-06
196678704;LD2;7.24338258961246e-06
196678729;LD2;2.27129108802199e-05
196678747;LD2;2.78248413701253e-06
196682971;LD2;7.54388314810703e-06
196683061;LD2;3.65049912170636e-05
196683094;LD2;0.000438761712692678
196683120;LD2;1.1897439854068e-05
196739981;LD2;5.11338433221646e-06
196739991;LD2;3.04660830328048e-07
196740001;LD2;1.21975371228662e-06
196740144;LD2;3.66959398111037e-06
196740172;LD2;9.95898116917894e-07
196740176;LD2;1.34516659293197e-06
196844419;LD2;4.7468375879961e-05
196844486;LD2;1.10820571826964e-05
196844644;LD2;1.47884048460504e-06
196885594;LD2;2.94548752111068e-05
196885618;LD2;2.29115817409248e-06
196885634;LD2;3.83895991947544e-05
196885671;LD2;1.47461893310057e-05
196885692;LD2;1.33020817007295e-05
196885698;LD2;0.000201602859566972
196885743;LD2;4.34234689366094e-07
196985630;LD2;0.000321169724499276
196985649;LD2;3.07693382545043e-08
196985651;LD2;3.6777069679791e-06
196985676;LD2;0.00036563867365261
196985703;LD2;1.2178753812111e-05
196985738;LD2;1.27156491191014e-06
196985814;LD2;3.1717352582124e-05
196985843;LD2;6.22107471429454e-06
197053043;LD2;2.57231913724456e-05
197053103;LD2;2.49870235645938e-06
197053120;LD2;3.58428602393322e-05
197053150;LD2;4.65103705800077e-05
197053168;LD2;0.000319489231075393
197053222;LD2;0.00027700476093523
197053246;LD2;0.000361120021973903
197053255;LD2;5.60243999029023e-05
197053267;LD2;0.000101370237428939
197053305;LD2;0.00953249763986126
197078999;LD2;8.12253236305051e-07
197079062;LD2;2.95014708013914e-07
197079076;LD2;2.67587123372183e-06
197079087;LD2;1.42037155975696e-05
197079108;LD2;1.24538212197335e-06
197205121;LD2;5.29865433729707e-05
197205189;LD2;2.85232518642497e-08
197205254;LD2;4.16590913210162e-06
197205263;LD2;3.23570548639458e-06
197205272;LD2;0.000846721336313058
197205304;LD2;4.67351824745249e-07
197205331;LD2;6.39459705336883e-05
197205352;LD2;0.0025031219212265
197264943;LD2;4.04775779839889e-07
197264983;LD2;9.85985643592238e-06
197265005;LD2;1.57168696858229e-05
197265007;LD2;1.54463509274202e-05
197265150;LD2;2.2411380461966e-05
197265174;LD2;2.31543537164798e-05
197265202;LD2;3.53059392364872e-06
197285519;LD2;5.230193530894e-06
197301665;LD2;0.000124946783157548
197301685;LD2;6.42699736965463e-06
197301725;LD2;1.53765342894022e-10
197301752;LD2;6.32113852258967e-08
197301793;LD2;8.3169996315051e-06
197301798;LD2;8.03613549923962e-06
197301803;LD2;8.61925675778589e-07
197301825;LD2;1.10568536796105e-07
197301860;LD2;1.75193352785174e-05
197301903;LD2;0.00019562288442635
197371840;LD2;7.20660925715878e-06
197371863;LD2;0.00191552172515859
197371875;LD2;8.26655385736978e-09
197371937;LD2;2.74731573969326e-07
197371956;LD2;1.53609341881319e-06
197371958;LD2;0.000980187097591091
197372022;LD2;7.4769564638901e-05
197372072;LD2;1.87372904820314e-06
197372092;LD2;6.02835852381033e-06
197472486;LD2;0.000209358157925022
197472534;LD2;0.000581321569765586
197472555;LD2;0.000787269192053558
197472563;LD2;9.44389515759664e-06
197472624;LD2;0.000223646672742712
197472639;LD2;3.55984009524448e-06
197472652;LD2;7.6351532583123e-05
197472661;LD2;0.00012135927211134
197472670;LD2;6.1087380891753e-06
197472683;LD2;2.72061231367745e-06
197472696;LD2;8.05574545518525e-07
197528950;LD2;2.954798250176e-09
197638943;LD2;1.0844169929047e-06
197638983;LD2;1.29729782956507e-05
197639005;LD2;1.72521780091356e-05
197639150;LD2;2.09341226355771e-05
197639174;LD2;1.03117040780754e-08
197650922;LD2;5.24980453690928e-06
197650929;LD2;1.85083895774192e-06
197650997;LD2;1.52771122080132e-05
197651067;LD2;4.2520906735119e-05
197651080;LD2;7.33773708925796e-06
197651137;LD2;1.16945115181084e-05
197651139;LD2;1.26152393909118e-05
197658263;LD2;2.09034375014139e-07
197658295;LD2;1.58049790896736e-06
197658317;LD2;4.54230786952361e-05
197658462;LD2;6.13215650912706e-05
197658486;LD2;5.61294859346286e-07
197706129;LD2;8.66689210096491e-05
197706139;LD2;2.07755446082353e-06
197706149;LD2;4.8131895970408e-07
197706189;LD2;2.12757050227315e-07
197706217;LD2;0.000234722115661492
197706258;LD2;0.000433266654289386
197706263;LD2;6.7265972907212e-06
197706269;LD2;1.31659892757641e-05
197706278;LD2;0.000202704731559779
197706292;LD2;8.41385093465686e-07
197706316;LD2;0.000103873353265291
197706320;LD2;4.38346685564547e-07
197706324;LD2;8.59451456914076e-06
197706349;LD2;5.77670820012161e-06
197706367;LD2;0.000275914859459481
197774120;LD2;1.41275335901127e-06
197774170;LD2;5.10925225156948e-05
197774173;LD2;8.24236181848406e-08
197774317;LD2;2.10685209700137e-05
197774353;LD2;0.000163305974640518
197779841;LD2;0.00010124476514199
197779861;LD2;3.39700843561311e-06
197779901;LD2;2.12561840217138e-06
197779929;LD2;6.83570949449649e-05
197779975;LD2;0.00019845435196985
197780004;LD2;8.26693698057382e-07
197780028;LD2;0.000138391201940002
197780032;LD2;8.98114495006613e-06
197780036;LD2;1.23928864581182e-08
197780061;LD2;1.71845307378674e-05
197780079;LD2;4.90857930233764e-05
197806556;LD2;3.2562936982229e-05
197806563;LD2;1.49399479781495e-05
197806729;LD2;5.4143409812873e-05
197806736;LD2;3.97612265314173e-06
197806740;LD2;3.60923076986235e-05
197821505;LD2;4.14062768879754e-06
197821592;LD2;2.74789980080264e-05
197821600;LD2;5.51682563706199e-05
197821689;LD2;6.54655871487578e-06
197882663;LD2;2.2428037633373e-05
197882695;LD2;4.89715514891018e-09
197882717;LD2;1.6399212280572e-05
197882719;LD2;1.63273691570639e-05
197882847;LD2;7.47769514345641e-06
197882877;LD2;1.17746102015445e-05
197882886;LD2;1.12918739380082e-05
197886757;LD2;0.000766306997322279
197886825;LD2;5.74270507454596e-05
197886886;LD2;7.54706231179394e-07
197886924;LD2;9.65415409169421e-05
197886928;LD2;2.83191005982264e-05
197886932;LD2;5.08374286554253e-07
197886957;LD2;1.07171160197293e-08
197886975;LD2;0.000282670123689632
198041560;LD2;2.89968559587601e-05
198041617;LD2;8.4338310851352e-07
198041719;LD2;3.00932204585591e-06
198041737;LD2;2.32636159612426e-05
198079096;LD2;0.00019296563503369
198079097;LD2;4.92388346556877e-06
198079168;LD2;1.07850752946296e-06
198079212;LD2;1.21962450568534e-05
198079258;LD2;6.82120553042823e-08
198114170;LD2;0.000101747948174462
198114174;LD2;7.99688932913504e-05
198114217;LD2;0.000153880623241904
198114236;LD2;6.58993742570503e-05
198114280;LD2;0.000156881644259378
198114299;LD2;6.55887835695612e-05
198114317;LD2;1.29956073855312e-07
198114324;LD2;0.00038638025637652
198114344;LD2;1.70366574978301e-05
198114347;LD2;0.00226217528136409
198114353;LD2;3.97163545108426e-05
198122860;LD2;6.26124361379e-06
198122962;LD2;8.51563594496821e-05
198122981;LD2;8.84612417091543e-06
198123011;LD2;0.00012386662831264
198123085;LD2;9.74318887583391e-07
198351310;LD2;0.000141613047099428
198351318;LD2;0.000481114663112397
198351366;LD2;9.61958087120259e-05
198351370;LD2;7.4882240836195e-09
198351387;LD2;9.96746256266026e-06
198351391;LD2;1.09623026168516e-05
198351395;LD2;2.27343557830709e-06
198351421;LD2;1.39690471652122e-05
198351471;LD2;4.8820069273078e-06
198351484;LD2;1.93775931326318e-06
198351498;LD2;0.000480517832413747
198351502;LD2;1.90445658498733e-06
198351515;LD2;1.17885807228357e-07
198351523;LD2;5.91541589292921e-05
198488951;LD2;4.00946353540218e-06
198489007;LD2;0.000206452831290642
198489059;LD2;2.21550895007314e-06
198489081;LD2;3.25399726062135e-05
198489150;LD2;2.69744680722715e-07
198489174;LD2;1.08560292324353e-05
198489177;LD2;4.33352620748546e-05
198674459;LD2;3.83679572333616e-06
198674477;LD2;6.14812446633219e-10
198674491;LD2;1.09159490987845e-07
198674615;LD2;1.49107819146945e-08
198674677;LD2;0.000107188913093444
198789400;LD2;1.39175761738642e-06
198829775;LD2;7.41185734483545e-05
198829832;LD2;2.6313871333821e-05
198829845;LD2;7.96320641028586e-06
198829919;LD2;7.51363035815399e-06
198829928;LD2;2.34703771881264e-06
198829960;LD2;1.13702180417608e-06
198832510;LD2;3.02139523185481e-06
198832701;LD2;5.77898336813217e-06
198847512;LD2;0.00052736429422691
198847580;LD2;0.000526979937013635
198847688;LD2;6.90304675988976e-05
198847695;LD2;0.00083263748933949
198889107;LD2;4.49938720025848e-05
198889139;LD2;2.49356972268399e-05
198889152;LD2;5.89572092122332e-07
198889173;LD2;0.000407504215752392
198889224;LD2;6.97172532778089e-07
198889235;LD2;2.61909126517521e-06
198889290;LD2;0.000346498300502236
198889292;LD2;2.91567288535318e-06
198904353;LD2;0.00287434731539664
198904434;LD2;2.36156460472394e-06
198904513;LD2;4.20196971525839e-05
198904534;LD2;0.000504510030627648
198936377;LD2;0.000203294705235445
198936405;LD2;9.59383664698811e-07
198936414;LD2;1.06584367521035e-06
198936429;LD2;2.26454040913968e-05
198936444;LD2;6.73246913013652e-05
198936572;LD2;0.000345461719762017
198936574;LD2;1.40218130931261e-06
198936596;LD2;0.000141249006495854
198936628;LD2;7.4561507742937e-06
198963039;LD2;3.74445734513231e-06
198963047;LD2;3.47376423481083e-06
198963079;LD2;2.0626461357281e-06
198963101;LD2;2.17993032121283e-05
198963103;LD2;3.38862944954689e-08
198963231;LD2;1.46630732759115e-05
198963246;LD2;8.37660279982753e-05
198963261;LD2;1.95174996133552e-06
198963270;LD2;4.22438687116243e-06
198968615;LD2;1.52128953318359e-06
198978570;LD2;8.15497274398255e-08
198978606;LD2;0.000145056424481253
198978610;LD2;7.3280967674651e-05
198978624;LD2;1.97792294504682e-06
199033222;LD2;2.27993967628105e-05
199033255;LD2;9.96400104807512e-05
199033264;LD2;1.10558640104969e-05
199033278;LD2;5.76375794970278e-05
199033283;LD2;2.94820475494538e-05
199033289;LD2;9.42662432531716e-07
199033307;LD2;0.000105608355844699
199033347;LD2;3.38616067518054e-05
199033353;LD2;5.80709223576347e-07
199033371;LD2;9.98046610758587e-05
199033416;LD2;1.18802209558659e-06
199033440;LD2;7.88220015351914e-05
199033453;LD2;2.5245339736357e-06
199033458;LD2;4.64169756670701e-05
199059878;LD2;0.000143007096935323
199059934;LD2;3.5915544166816e-06
199059945;LD2;0.000184620801881778
199059963;LD2;4.69038557387492e-05
199060009;LD2;0.000207599467677157
199060027;LD2;6.43663701549948e-05
199060072;LD2;4.8302752572054e-05
199060096;LD2;8.65257102496655e-07
199060109;LD2;7.43443426882475e-05
199060114;LD2;1.04967147906676e-05
199060124;LD2;1.47698391125699e-05
199098495;LD2;9.08722957426136e-06
199098510;LD2;0.000107028173420296
199098517;LD2;7.53063542758919e-07
199098547;LD2;3.61775264900065e-05
199098592;LD2;1.26209679770031e-05
199098610;LD2;5.41595060033775e-07
199115899;LD2;2.47664705819482e-06
199115916;LD2;3.74822106122623e-06
199116010;LD2;3.73741385903092e-06
199116065;LD2;0.00032244831384141
199174681;LD2;3.48673752207259e-08
199174835;LD2;0.0045562413618146
199230959;LD2;5.16831156068132e-06
199230999;LD2;7.26863392491615e-06
199231023;LD2;2.94638378114869e-07
199231166;LD2;7.52945198731322e-07
199231190;LD2;7.1747990178551e-06
199231218;LD2;7.30659347938564e-07
199286480;LD2;4.92129151544626e-07
199286482;LD2;3.8267035490027e-05
199286501;LD2;6.66042247342736e-05
199286503;LD2;1.62903435720079e-05
199286514;LD2;8.83386873682169e-06
199286528;LD2;2.97736311790969e-07
199286555;LD2;3.45649386378643e-10
199286577;LD2;2.39176537976015e-05
199286591;LD2;8.96616407901679e-07
199286618;LD2;8.17756316081232e-09
199286688;LD2;4.65003260726984e-05
199319380;LD2;8.73322259534234e-08
199319508;LD2;2.38980106247851e-06
199319526;LD2;2.4274490449059e-06
199319573;LD2;0.000272716111170698
199319621;LD2;0.00023953560126515
199494851;LD2;3.58182770225612e-06
199494883;LD2;1.84981337753477e-05
199494901;LD2;0.00385625035490732
199494966;LD2;1.28215038137332e-05
199494968;LD2;2.02376400047861e-08
199494979;LD2;1.5417150240384e-05
199495034;LD2;2.34355179537236e-06
199560389;LD2;6.81994719218491e-05
199560528;LD2;2.20213182640424e-05
199567029;LD2;6.00559602809349e-05
199567130;LD2;5.82042176826594e-05
199567135;LD2;0.000464685588193552
199631897;LD2;1.31133443486922e-05
199631901;LD2;4.64977341190524e-05
199631952;LD2;3.31716347077213e-05
199631982;LD2;9.93900232218522e-06
199632129;LD2;3.37610249603388e-07
199671092;LD2;1.92507241244585e-06
199671094;LD2;1.95478524895772e-05
199671113;LD2;1.50801166781299e-05
199671115;LD2;1.99485754790031e-06
199671124;LD2;1.9472864812027e-08
199671126;LD2;1.44484210108428e-09
199671140;LD2;2.29547739314669e-05
199671189;LD2;5.31544446996107e-09
199671203;LD2;2.79926316828049e-05
199671268;LD2;1.09604192302816e-05
199671300;LD2;5.20883566335142e-07
199733383;LD2;0.000749974338465654
199837327;LD2;4.22553351164366e-07
199837384;LD2;6.73255614196369e-07
199837395;LD2;8.24702213586874e-05
199837401;LD2;5.64388825147826e-07
199837470;LD2;3.70822908295579e-07
199837495;LD2;2.27909061004527e-05
199849216;LD2;2.63913286312502e-07
199849223;LD2;0.000751808810131983
199849376;LD2;1.21569722424142e-06
199849400;LD2;0.000115117973431774
199849422;LD2;1.84962607442525e-05
199849430;LD2;9.33471008222685e-06
200021013;LD2;1.2287270687646e-06
200109251;LD2;1.84283427448065e-05
200109261;LD2;7.0938771428824e-06
200109303;LD2;1.10464442281863e-10
200109348;LD2;5.99587713736518e-06
200109366;LD2;1.6771109835981e-05
200109425;LD2;9.48228614409088e-05
200109478;LD2;2.65320966510105e-06
200110895;LD2;7.66278401843474e-05
200110934;LD2;5.56306765464135e-06
200111061;LD2;1.44318154118607e-06
200111090;LD2;0.00421307877193167
200131291;LD2;1.13438240921943e-06
200131323;LD2;8.29059050004329e-07
200131475;LD2;9.70424993688966e-08
200131490;LD2;8.73223995011688e-05
200131514;LD2;5.33851556021814e-09
200145717;LD2;0.000105024969589715
200145772;LD2;1.43878624757102e-07
200145783;LD2;3.73784776804195e-06
200145785;LD2;2.83613131410591e-06
200145850;LD2;6.85899008185459e-06
200145859;LD2;0.000236322446172627
200145868;LD2;2.17588798312977e-06
200145900;LD2;1.35245754775656e-06
200145948;LD2;2.00936466405401e-06
200371485;LD2;0.000184644107898106
200371660;LD2;9.4238491619697e-05
200371702;LD2;0.000329472804533508
200371712;LD2;0.000128570102528506
200556985;LD2;7.51205450788348e-09
200557025;LD2;3.73322310976871e-08
200557027;LD2;1.21647948530989e-07
200557031;LD2;2.70956847318093e-06
200557170;LD2;0.000175640687140014
200562157;LD2;9.86008342940141e-05
200562210;LD2;7.88875380046943e-05
200562274;LD2;8.26944042078124e-06
200562282;LD2;2.1881486926405e-05
200562302;LD2;8.53673525367937e-06
200598606;LD2;3.9224194208345e-06
200598631;LD2;6.14015317229742e-05
200598814;LD2;5.72584254248078e-05
200598816;LD2;2.88004511869399e-06
200598823;LD2;2.41847590878978e-06
200635318;LD2;4.43446874373111e-05
200635518;LD2;5.49144105827598e-05
200675095;LD2;2.21048501334805e-05
200675104;LD2;1.44294158976251e-06
200675113;LD2;1.14384748754886e-06
200675147;LD2;4.87791679399523e-05
200675180;LD2;2.53414047903627e-07
200686850;LD2;1.63014280956453e-06
200686870;LD2;3.12456884401137e-07
200727724;LD2;3.67646964277079e-06
200980187;LD2;4.03978880986316e-06
200980251;LD2;1.23225673185754e-05
200980329;LD2;0.00154507816559375
200980358;LD2;1.74617379390898e-05
200980401;LD2;2.25446538319065e-06
200980453;LD2;5.64989628567994e-06
201002764;LD2;6.81896299219078e-06
201002770;LD2;5.19753433824916e-06
201002827;LD2;4.83767114251068e-06
201002850;LD2;0.000206167493101144
201002856;LD2;4.7982441470435e-06
201002860;LD2;2.34552124416793e-06
201002878;LD2;4.42958622881148e-06
201002900;LD2;6.20358332009123e-06
201002925;LD2;3.97169805682612e-06
201002954;LD2;4.005816609777e-08
201002962;LD2;1.34931055938662e-06
201002985;LD2;9.00838675602538e-07
201002988;LD2;0.000347928513880127
201003007;LD2;1.02453931952659e-06
201054318;LD2;0.000192303921930771
201071105;LD2;6.52587462407994e-06
201102066;LD2;1.63179843156779e-06
201102079;LD2;1.40028096204363e-05
201102098;LD2;3.44053689650575e-06
201102125;LD2;2.34329195696501e-06
201102251;LD2;3.03465025493865e-06
201154015;LD2;5.40990350891252e-06
201154113;LD2;0.000498474855473772
201154176;LD2;0.00027660412927244
201154221;LD2;7.52700337430619e-06
201154223;LD2;1.74809662623617e-07
201232883;LD2;7.96916777051884e-06
201232893;LD2;1.75812899808658e-06
201232935;LD2;8.61219902909811e-07
201232980;LD2;4.44718846949236e-06
201232998;LD2;4.38859672987123e-05
201233057;LD2;0.000169563437167948
201233110;LD2;1.44529469184435e-06
201324818;LD2;0.013188993899519
201324856;LD2;0.000159758796098928
201324868;LD2;1.84186262135409e-05
201324877;LD2;0.00020140732451897
201324901;LD2;0.000154331051453547
201325003;LD2;1.71008942650928e-06
201325020;LD2;0.0005648678215489
201325080;LD2;0.000127754339868734
201351788;LD2;5.28066885084862e-05
201351797;LD2;3.32317128400201e-06
201351884;LD2;4.72336509396107e-08
201351892;LD2;1.30070084639204e-06
201351991;LD2;5.75867390195709e-06
201381329;LD2;0.000626753249965493
201461947;LD2;3.09886877583038e-05
201461959;LD2;0.000575160326808142
201461969;LD2;4.19243561061564e-07
201461971;LD2;1.42809466335636e-05
201462138;LD2;1.12949816784529e-05
201462166;LD2;1.27122852439075e-05
201569046;LD2;1.64799664266002e-06
201643333;LD2;0.000386755530856468
201643353;LD2;4.68950085603907e-05
201643421;LD2;0.000163219421806699
201643462;LD2;3.89983792338155e-06
201643467;LD2;3.13740950801731e-06
201643482;LD2;0.00177593899582275
201643496;LD2;1.55260624403427e-05
201643520;LD2;0.000201025925255773
201643524;LD2;1.14220517305328e-05
201643528;LD2;2.43121593879412e-05
201643553;LD2;1.70465069012628e-05
201643571;LD2;0.000247713339174293
201682085;LD2;9.43289654044897e-05
201696656;LD2;7.89177885770629e-06
201696657;LD2;0.000717798443105197
201696680;LD2;2.2220803059343e-06
201696681;LD2;0.000114947368259033
201696723;LD2;1.66917704279748e-06
201696743;LD2;0.000147434607059922
201696744;LD2;7.67944867966909e-07
201696869;LD2;9.41672547817335e-06
201696870;LD2;1.72552195781499e-06
201696886;LD2;9.42332675952268e-05
201696887;LD2;2.69271519082303e-05
201715969;LD2;1.11492250413064e-06
201716006;LD2;6.98350541032442e-07
201716061;LD2;1.79847116409566e-05
201716144;LD2;8.17662403898531e-07
201716197;LD2;1.26061463706939e-06
201794850;LD2;5.88030971691247e-06
201794863;LD2;1.59666188452999e-07
201794887;LD2;4.37157801470068e-07
201794903;LD2;4.95827674429974e-06
201794908;LD2;0.000389890112841592
201795012;LD2;5.15744369273635e-05
201832235;LD2;6.5805496545298e-05
201832316;LD2;9.04869629525753e-05
201832325;LD2;1.23066400725614e-06
201835396;LD2;2.16828818392179e-05
201835398;LD2;0.000658061086472115
201835417;LD2;1.59218523377764e-07
201835430;LD2;1.32394642864146e-06
201835444;LD2;4.47376417861734e-05
201835493;LD2;1.47724051016257e-06
201835507;LD2;3.59566944738435e-05
201835549;LD2;0.00137243107799002
201835604;LD2;7.12465215968765e-06
201885967;LD2;1.15775934638598e-06
201886064;LD2;1.67287041844768e-07
201886127;LD2;2.07779080410308e-07
201886152;LD2;9.31954235838068e-06
201886154;LD2;2.95602748325767e-06
201886173;LD2;1.13416932457516e-05
202039356;LD2;0.000197279517060347
202039365;LD2;0.000599641250502462
202039378;LD2;0.000263778825232355
202039407;LD2;8.27883245673212e-05
202039420;LD2;4.96486987271303e-05
202039422;LD2;0.000172235036632025
202039492;LD2;0.000204947855090931
202039534;LD2;4.2182082583954e-06
202039582;LD2;6.44883066591918e-05
202039605;LD2;7.11081201778136e-07
202078257;LD2;1.78053251508967e-05
202078317;LD2;0.000429239405616772
202078356;LD2;9.61479950220608e-09
202078378;LD2;3.81709399438111e-06
202078404;LD2;2.72189846154125e-05
202078421;LD2;8.747542144171e-06
202078426;LD2;7.52352169145533e-06
202078476;LD2;0.000280468021923663
202078482;LD2;1.20097740100469e-06
202078499;LD2;8.76425298859812e-07
202078505;LD2;0.00050294845779106
202078517;LD2;0.000438228911636994
202118827;LD2;2.02808448989621e-05
202118846;LD2;1.73379444715198e-05
202118862;LD2;5.48858549223413e-06
202118867;LD2;8.32699027628624e-05
202118893;LD2;1.19282053136256e-06
202118898;LD2;4.8308118325557e-05
202118916;LD2;0.00170000196001131
202118927;LD2;5.7518312487237e-07
202118934;LD2;2.21127065204715e-05
202118995;LD2;0.00317360334588305
202119000;LD2;1.01244547295756e-05
202173254;LD2;4.6031473276566e-06
202173296;LD2;8.25015776778045e-05
202173317;LD2;5.12504325708626e-06
202173359;LD2;8.22666395928895e-05
202173373;LD2;0.000220166693266676
202173386;LD2;4.96630494224155e-06
202173405;LD2;0.000189466677814523
202173407;LD2;6.27033526095394e-07
202218346;LD2;6.0421960606177e-07
202218400;LD2;5.09548692414834e-05
202218476;LD2;0.00374404998122059
202218522;LD2;0.000263823838382874
202218529;LD2;7.85451341822681e-05
202218536;LD2;8.07788735610592e-06
202304845;LD2;9.9060804560481e-07
202304863;LD2;6.71329661109589e-06
202304887;LD2;2.52045284170366e-05
202304950;LD2;0.00020606140668713
202305014;LD2;0.000203836503283582
202305025;LD2;0.00046270526289274
202305039;LD2;2.33911728351749e-06
202305081;LD2;3.88632798035211e-07
202398671;LD2;3.99534792418051e-05
202398684;LD2;2.97084472614554e-06
202398687;LD2;3.15754629368813e-08
202398693;LD2;1.15431130824731e-06
202398711;LD2;9.12452342671587e-06
202398715;LD2;5.23212964314701e-06
202398731;LD2;3.22463838684932e-06
202398757;LD2;3.49606041235058e-06
202398763;LD2;1.06919010647381e-05
202398767;LD2;0.000198457974466093
202398771;LD2;3.69862762982319e-07
202398783;LD2;1.08239456090212e-05
202398792;LD2;0.000182009119212428
202398812;LD2;9.41815252933969e-05
202398818;LD2;2.04723454983835e-05
202398824;LD2;2.46703565091354e-06
202398833;LD2;4.23694407593764e-06
202398859;LD2;1.6950521924759e-06
202398865;LD2;1.13375917240642e-06
202398894;LD2;1.85368165997745e-07
202398914;LD2;1.30995807250471e-06
202398920;LD2;6.63393478368777e-06
202422621;LD2;2.64018561101739e-05
202422629;LD2;5.48804730704214e-05
202422647;LD2;1.25892276389654e-09
202422692;LD2;5.09007927910586e-06
202422749;LD2;1.40405050904344e-05
202422806;LD2;0.000220642771969496
202422843;LD2;9.53677778457385e-06
202462604;LD2;3.61640877839352e-05
202462614;LD2;9.73304510898216e-05
202462798;LD2;6.36794205320969e-07
202489847;LD2;4.99472335714878e-06
202489913;LD2;1.31307410379582e-05
202489964;LD2;5.39355727530355e-06
202489975;LD2;5.57599599089735e-07
202490001;LD2;0.00436737252963501
202490030;LD2;1.37552525959341e-05
202494418;LD2;2.65747737160185e-05
202494488;LD2;2.45916098378692e-07
202494503;LD2;6.82471730798045e-05
202494608;LD2;2.34311828373973e-05
202519183;LD2;4.2254607525129e-05
202519193;LD2;0.00134469832946771
202519361;LD2;0.000949512717638686
202519363;LD2;2.14631376976587e-05
202519400;LD2;2.54319730572623e-05
202519423;LD2;2.11372644926101e-05
202533043;LD2;4.15643226373918e-05
202533101;LD2;5.35383713529781e-07
202533177;LD2;6.24088593700341e-07
202533179;LD2;5.03738208737151e-06
202533198;LD2;1.31272486562378e-05
202552395;LD2;0.000291295574968227
202552417;LD2;2.02121897107931e-06
202552419;LD2;5.49858454662657e-06
202552562;LD2;1.90092975126799e-05
202552586;LD2;1.82474259250936e-07
202619831;LD2;0.000361705355252566
202766391;LD2;6.26600588799637e-06
202878643;LD2;2.07741980609532e-05
202878656;LD2;2.66027590624789e-05
202878696;LD2;7.41858523193871e-05
202878725;LD2;1.84106603566306e-05
202895085;LD2;3.51465074912068e-09
202895093;LD2;1.14701598113258e-05
202895111;LD2;1.25096117772749e-05
202895156;LD2;8.02668683027903e-05
202895213;LD2;5.29128929879626e-08
202895270;LD2;1.82924785234046e-05
202895307;LD2;8.34396958801429e-06
202912768;LD2;2.09009698700563e-06
202912841;LD2;6.78681703532137e-06
202912889;LD2;1.45619770821165e-06
202912902;LD2;3.19127929157278e-05
202912911;LD2;6.79786102931899e-06
202912936;LD2;2.49341373895642e-05
202912950;LD2;4.58742523489704e-06
202913010;LD2;2.79249173340727e-07
203077046;LD2;7.56207420128725e-05
203077056;LD2;4.49978691279868e-06
203077066;LD2;2.67850160973077e-05
203077106;LD2;2.46582448997884e-07
203077134;LD2;4.15143335992471e-08
203077175;LD2;2.55093949113486e-06
203077180;LD2;4.76632719681039e-06
203077195;LD2;0.00011409235161101
203077209;LD2;6.77035467943934e-08
203077233;LD2;2.32015052497546e-05
203077237;LD2;5.92051709963049e-07
203077241;LD2;5.30454156871321e-07
203077266;LD2;3.23583870646841e-05
203077280;LD2;7.70447880347645e-05
203077284;LD2;7.38891018968344e-06
203142313;LD2;9.07578093474647e-06
203188063;LD2;4.78254079339252e-07
203188104;LD2;5.80674874441805e-06
203188138;LD2;2.06976497134509e-06
203188189;LD2;6.09534128882711e-06
203188200;LD2;1.73319697216156e-05
203188255;LD2;2.09510734780234e-05
203218382;LD2;7.49744571241365e-06
203218426;LD2;4.49658997955057e-05
203254722;LD2;2.76432570574331e-05
203254724;LD2;9.95615086958598e-05
203254853;LD2;7.51840902027533e-05
203254867;LD2;4.95613106645053e-05
203254894;LD2;0.000215960648394396
203301165;LD2;5.19721925393825e-05
203301219;LD2;1.52861376636189e-07
203301262;LD2;2.60265040084285e-05
203301271;LD2;2.25508725049113e-05
203301281;LD2;0.000152369788185192
203301325;LD2;2.83432135699223e-05
203301334;LD2;2.52845440825383e-05
203301344;LD2;0.00014476925634887
203301369;LD2;0.000124685836452676
203301389;LD2;2.64018851937803e-06
203301398;LD2;6.23645268696244e-06
203395587;LD2;3.52223049207243e-07
203395612;LD2;4.46709259511097e-06
203395722;LD2;3.46715013207884e-07
203395738;LD2;2.77104522327654e-05
203476086;LD2;0.00165355865312384
203476146;LD2;0.00321249921407723
203476229;LD2;0.0159739594311591
203480188;LD2;5.53800498951536e-06
203480210;LD2;2.79172060287047e-06
203480212;LD2;2.03028855597321e-07
203480355;LD2;1.87823083749421e-08
203480379;LD2;7.26792408101102e-07
203482589;LD2;9.22718256757611e-09
203482639;LD2;6.06670218551827e-06
203482663;LD2;0.000119576757094626
203482705;LD2;0.000185119322865949
203482726;LD2;0.000264027397561467
203482768;LD2;0.00018409089738642
203667559;LD2;4.40518546440214e-05
203667569;LD2;2.12393784364994e-06
203667708;LD2;1.0116806115996e-06
203667750;LD2;6.27888455824395e-09
203667754;LD2;0.000386867231517819
203667779;LD2;5.54366209764593e-06
203667797;LD2;0.00013684643291454
203724950;LD2;0.00100219531140914
203725004;LD2;7.97802233005495e-05
203725047;LD2;1.33659802719439e-05
203725094;LD2;2.95691543356369e-05
203725097;LD2;2.39443480659256e-06
203725116;LD2;1.55207246893487e-06
203725189;LD2;2.10050793049557e-05
203745089;LD2;2.20318591923305e-08
203745099;LD2;8.4103817327421e-07
203745167;LD2;1.64900470339425e-05
203745228;LD2;1.94039977968996e-06
203745299;LD2;4.73354406914949e-06
203745317;LD2;4.66493248094265e-05
203768210;LD2;1.08121348957191e-06
203768228;LD2;2.60509240641193e-06
203768257;LD2;1.38073263940839e-06
203768261;LD2;5.84506574926963e-06
203768308;LD2;1.81802505456951e-05
203768314;LD2;2.18082495006425e-07
203768388;LD2;2.40117578510362e-06
203768438;LD2;3.32516231603609e-06
203768448;LD2;0.000142547186991191
203819904;LD2;1.10601584918955e-05
203819985;LD2;0.00434876798936508
203819993;LD2;7.96017477974418e-06
203820073;LD2;2.50572809734748e-05
203823148;LD2;4.17145461511767e-05
203823154;LD2;9.91198374230751e-07
203823185;LD2;4.74330410522365e-05
203823194;LD2;3.88692664961925e-06
203823234;LD2;8.09149551255881e-05
203823237;LD2;3.21652423923542e-05
203823240;LD2;4.05362390910552e-07
203823378;LD2;0.000764083568146842
204023351;LD2;4.18121555008722e-07
204023406;LD2;1.42341383478992e-06
204023419;LD2;0.00025361372289402
204023559;LD2;1.76690195300087e-05
204023561;LD2;0.00017004756881674
204086721;LD2;1.33772829625851e-05
204086731;LD2;8.17605246530155e-08
204086771;LD2;4.33165968604776e-07
204086799;LD2;7.22069558480838e-05
204086840;LD2;1.26698060969284e-05
204086845;LD2;4.1786241377302e-07
204086860;LD2;2.79970466835574e-05
204086874;LD2;3.83661093860259e-07
204086898;LD2;6.66269077339237e-07
204086902;LD2;1.98231406102698e-06
204086906;LD2;7.26673515842504e-06
204086931;LD2;6.17421666716302e-05
204086945;LD2;1.04464248760515e-05
204086949;LD2;4.14019804138574e-06
204128894;LD2;1.61779488859337e-05
204128987;LD2;2.7345623004823e-07
204129038;LD2;7.17221127614111e-05
204129049;LD2;9.58807860137543e-06
204129104;LD2;2.82768439070838e-06
204288619;LD2;0.00778295847768831
204298713;LD2;0.000208138486705236
204298728;LD2;0.000696680428053495
204298763;LD2;5.12184588645444e-06
204298808;LD2;1.70016102299005e-05
204425081;LD2;1.63654331845225e-06
204425161;LD2;1.10201700235028e-06
204425195;LD2;2.66132283724639e-06
204425244;LD2;0.000224237781475456
204425246;LD2;1.13063718026756e-06
204435543;LD2;9.74733576690643e-06
204441696;LD2;0.000117627989245514
204441862;LD2;9.11524480708769e-06
204441864;LD2;3.59329212579258e-06
204441884;LD2;6.18740026956695e-06
204454758;LD2;0.000423234439552326
204454773;LD2;2.20079627682303e-09
204454811;LD2;5.97253239606312e-05
204561348;LD2;0.000129565963417836
204561398;LD2;0.000111420901242517
204561458;LD2;2.77955151249502e-05
204627834;LD2;2.72802478908733e-05
204627952;LD2;2.19091861576333e-05
204627959;LD2;0.000153218802797381
204627966;LD2;1.68584933709223e-05
204634309;LD2;3.30349880411543e-07
204634330;LD2;1.53228835519317e-06
204777048;LD2;6.17692166049663e-08
204777144;LD2;6.81921427283492e-05
204777158;LD2;4.30397402207101e-06
204777217;LD2;4.73156313094089e-05
204777247;LD2;0.000297900395576249
204777284;LD2;0.00580982326958272
204782805;LD2;9.13842636867907e-05
204782942;LD2;1.79386752219229e-05
204822206;LD2;5.53539561363991e-05
204822335;LD2;4.10521282869567e-05
204822398;LD2;8.29847806524542e-07
204951405;LD2;8.96970580203407e-07
204951419;LD2;6.22791355169423e-05
204951437;LD2;5.6323773646537e-05
204951459;LD2;4.27111151794932e-05
204951461;LD2;2.80007719441727e-05
204951513;LD2;0.000291299194765999
204951628;LD2;2.40471293698724e-05
204958222;LD2;0.000126736134634335
204958249;LD2;1.54124924359522e-05
204958281;LD2;4.39567366317695e-06
204958290;LD2;5.8884699092382e-05
204958299;LD2;8.23544558192337e-07
204958364;LD2;3.56125911452992e-08
204958366;LD2;5.63424250949866e-06
204958377;LD2;8.05978820450332e-08
204958432;LD2;4.53680026011432e-07
204984575;LD2;2.23690345151163e-06
204984598;LD2;0.000989464698472907
204984638;LD2;0.000183886145343751
204984669;LD2;4.55238604369324e-05
204984685;LD2;3.98585492415598e-05
204984721;LD2;2.31275037603977e-05
204984736;LD2;5.94248369556462e-07
204984759;LD2;2.86827584802029e-09
204984837;LD2;0.000341232131438534
204996817;LD2;6.59695720525422e-07
204996826;LD2;1.97999468717434e-06
204996848;LD2;0.00456790119133526
204996855;LD2;3.74494057105473e-06
204996901;LD2;2.33524521483502e-05
204996911;LD2;4.90913805646348e-07
204996951;LD2;7.97885676298481e-07
204996960;LD2;1.15501956488943e-07
204996982;LD2;0.0046196718538658
204996989;LD2;7.9625919856403e-06
204997035;LD2;2.82146862807339e-05
204997041;LD2;1.43685517015254e-06
204997045;LD2;8.13006962421197e-07
205000926;LD2;0.000129988511875548
205000985;LD2;1.79760346649882e-05
205000994;LD2;5.46042480460189e-05
205001003;LD2;6.17856399962521e-06
205001070;LD2;2.2492720030988e-06
205001081;LD2;6.30716279928536e-07
205001136;LD2;7.22734259301783e-07
205006205;LD2;1.01574529304272e-06
205051253;LD2;0.000292233552312058
205051256;LD2;0.000184838147143922
205051331;LD2;2.99991160046658e-05
205051375;LD2;1.70746013313669e-05
205128745;LD2;2.99330381643675e-07
205128784;LD2;2.72565902576419e-05
205128836;LD2;4.64514657822225e-05
205128880;LD2;0.000124657284778459
205128886;LD2;2.92392166847251e-06
205128890;LD2;4.38012793574941e-08
205128912;LD2;4.29480098864363e-06
205128947;LD2;5.28611202003426e-05
205128961;LD2;1.80054669424269e-06
205128982;LD2;2.48437586477862e-05
205128989;LD2;1.59763518806687e-05
205128998;LD2;1.43446943618886e-06
205188857;LD2;2.18224415192107e-05
205188905;LD2;0.000132672469451596
205189033;LD2;2.31161286474076e-05
205189088;LD2;1.85986389369811e-05
205207614;LD2;0.00108387478357018
205207638;LD2;0.00157460077399382
205207659;LD2;0.00737364712089301
205207705;LD2;0.0064267011557192
205207720;LD2;0.00244844752704727
205207777;LD2;0.000833030438144167
205207796;LD2;1.55310429203575e-06
205207824;LD2;0.000392703529215534
205207838;LD2;0.000143326126530518
205207881;LD2;0.00070881423294752
205348124;LD2;2.37549377596975e-05
205453023;LD2;0.00290834496398857
205453040;LD2;6.53374153943709e-05
205453101;LD2;4.88393353575477e-06
205453120;LD2;2.26628241358102e-06
205453182;LD2;0.00254976665062205
205453217;LD2;1.32594360129868e-06
205584072;LD2;0.00380074087640297
205584207;LD2;0.00828938213746456
205584247;LD2;0.002542888479806
205584252;LD2;0.00336662350654275
205584273;LD2;0.00287633740978288
205584285;LD2;0.00249516988959688
205584295;LD2;0.00575486885680306
205584307;LD2;0.00312936229514422
205584313;LD2;0.00637769154326835
205584319;LD2;0.00107171638380976
205647181;LD2;1.76784296578388e-06
205647214;LD2;7.69394170704288e-06
205647235;LD2;0.000238033615024764
205647253;LD2;0.000238105363744263
205647266;LD2;1.62352530799502e-05
205647272;LD2;1.33626551454677e-07
205647281;LD2;0.000133522363151123
205647316;LD2;0.000118394543008944
205647338;LD2;0.000181955504800155
205647346;LD2;8.20360159729133e-07
205647350;LD2;0.000667356157361657
205647367;LD2;3.71788175679515e-06
205647371;LD2;2.00454331720569e-06
205689903;LD2;7.05685568378444e-06
205690021;LD2;1.49624694782102e-07
205690029;LD2;2.56065631628941e-06
205690049;LD2;4.23961464606009e-07
205690092;LD2;2.82315004895859e-07
205731495;LD2;6.42028604262945e-05
205731505;LD2;1.37436468342402e-06
205731515;LD2;7.55459596102909e-07
205731624;LD2;2.33675661383198e-06
205731629;LD2;7.23251136318052e-07
205731635;LD2;2.94830472612373e-06
205731644;LD2;6.55889190685211e-06
205731658;LD2;3.60139340205166e-06
205731686;LD2;1.55946622983136e-06
205731690;LD2;1.39683810615494e-05
205731715;LD2;6.87216317807545e-06
205731733;LD2;4.57415426599339e-08
205736934;LD2;0.00138607511805775
205736981;LD2;5.02096756401654e-07
205737031;LD2;1.34007888602341e-06
205737050;LD2;0.000255049525580102
205737111;LD2;0.000235107321397791
205737128;LD2;2.29813460700506e-05
205753808;LD2;2.01920238727627e-06
205753972;LD2;0.000163394058492063
205753988;LD2;1.83973288232371e-05
205754015;LD2;5.81308666583926e-07
205754059;LD2;2.41450559710068e-05
205757333;LD2;2.66511281979455e-05
205757373;LD2;4.36134411795708e-05
205757385;LD2;2.40659067229307e-05
205757397;LD2;0.000476769092420962
205757540;LD2;2.95076106762299e-05
205757547;LD2;6.23228925621558e-06
205757564;LD2;7.88960402735391e-06
205757567;LD2;3.45887323230477e-06
205844919;LD2;1.589291863782e-05
205844932;LD2;0.000128937253461482
205844956;LD2;1.71496527789776e-06
205844970;LD2;8.74051973482925e-06
205845003;LD2;1.83537611286383e-05
205845547;LD2;3.67243725145044e-08
205845573;LD2;9.89974403657502e-06
205845602;LD2;1.434432221161e-09
205845639;LD2;6.07640296095681e-06
205845693;LD2;5.2953195607073e-06
205894425;LD2;0.000181599491413048
205894446;LD2;0.000131030964327805
205894473;LD2;9.6274480048684e-07
205894497;LD2;2.45972208379302e-05
205894505;LD2;1.58061614930352e-05
205894523;LD2;1.33917380638105e-05
205894590;LD2;1.71759228954399e-06
205894656;LD2;1.2098699378456e-05
205965181;LD2;0.000276481623892453
205965226;LD2;0.000309267941949837
205965307;LD2;0.00040973541445447
205965312;LD2;4.34957106186179e-05
205967641;LD2;0.000110083154795645
205967704;LD2;8.71896087752051e-05
205967833;LD2;2.32124688199959e-05
206172398;LD2;1.38494263766817e-06
206172415;LD2;6.31369559278322e-06
206172418;LD2;4.29683512783968e-05
206172421;LD2;8.50012668605959e-06
206172457;LD2;3.53477016904869e-06
206172556;LD2;6.06909581997376e-05
206172653;LD2;2.97803870055741e-05
206239913;LD2;7.30013046992381e-07
206239945;LD2;0.000462041462680184
206239963;LD2;5.61669995293182e-06
206240030;LD2;4.8054111883714e-06
206240096;LD2;6.46774162093814e-07
206313305;LD2;3.04690935577128e-05
206313326;LD2;0.000448228767274519
206313353;LD2;1.42040810085958e-06
206313385;LD2;2.58781916875685e-06
206313398;LD2;0.000135055890005293
206313403;LD2;2.98795968549135e-07
206313470;LD2;0.000232914230218774
206313481;LD2;5.38240344714552e-07
206313536;LD2;1.87960892475587e-05
206442694;LD2;2.51314820884294e-05
206442723;LD2;1.90586211974876e-05
206443611;LD2;6.7169953148402e-05
206443651;LD2;3.65033967795226e-06
206443653;LD2;2.61958004325421e-08
206443657;LD2;3.10691338053087e-06
206443796;LD2;8.82072340078021e-05
206443820;LD2;9.58352453609962e-07
206604343;LD2;9.8836455329718e-05
206604353;LD2;9.36408769476526e-08
206604363;LD2;5.3632560430914e-06
206604431;LD2;1.39423549255823e-05
206604483;LD2;3.72859637638521e-07
206604534;LD2;0.000276588158304513
206604538;LD2;8.22006913444293e-07
206604563;LD2;0.000215320318068277
206608755;LD2;1.96465532090999e-06
206612602;LD2;1.07636075034443e-09
206612610;LD2;0.000539207029562817
206612653;LD2;9.81521556329832e-06
206612679;LD2;2.01375683212879e-06
206612720;LD2;1.03309146059002e-05
206632372;LD2;0.00320195452510725
206632383;LD2;0.000576891025665673
206632417;LD2;0.000314330135113032
206632493;LD2;0.000509065184492585
206632501;LD2;3.47949990309213e-05
206632514;LD2;0.000249229205345585
206632570;LD2;0.000400943817958056
206641058;LD2;8.12933424301208e-05
206641273;LD2;9.98017362652111e-06
206641278;LD2;6.02959599633524e-05
206681047;LD2;0.000287541090643071
206681057;LD2;0.000226604190973983
206681067;LD2;3.92719228407193e-06
206681107;LD2;5.22404629624174e-06
206681135;LD2;7.77509084081607e-06
206681176;LD2;2.29505569173269e-05
206681181;LD2;1.97177536192668e-07
206681187;LD2;1.81553903113315e-07
206681210;LD2;2.29115191435267e-06
206681234;LD2;2.92177240763477e-05
206681238;LD2;1.46652482825753e-08
206681267;LD2;1.20251256887577e-05
206681285;LD2;6.75173806199027e-05
206733092;LD2;5.58461391862434e-05
206733116;LD2;0.00171139062486043
206733165;LD2;2.4882278348638e-06
206733196;LD2;7.49171697602849e-07
206733219;LD2;0.000919068676194616
206733241;LD2;0.000976253488253632
206900833;LD2;6.09986724500611e-06
206900904;LD2;0.000111555200181537
206900930;LD2;5.05634814592722e-07
206900967;LD2;0.000102145926234499
206900993;LD2;2.44720921999889e-06
206901007;LD2;2.83413471410572e-07
206901020;LD2;2.92619141248175e-06
206901039;LD2;5.31554434825525e-06
206968832;LD2;1.6849459748686e-05
206968880;LD2;9.5554528264474e-06
206968968;LD2;3.87367905530408e-06
206969023;LD2;8.18664855679832e-05
206969060;LD2;9.25085972442657e-05
207002030;LD2;4.45345742477869e-06
207002057;LD2;6.84633645206475e-07
207002089;LD2;0.000226115673711618
207002098;LD2;0.0014032719603644
207002123;LD2;4.63981196268199e-06
207002174;LD2;2.02406935609249e-06
207002240;LD2;1.94396188974866e-06
207116269;LD2;7.46236605337853e-06
207116475;LD2;1.21777174490264e-06
207150525;LD2;8.70335105263879e-06
207209554;LD2;0.00105343661349408
207209597;LD2;2.86163389383039e-08
207209632;LD2;5.85475967143804e-05
207209648;LD2;2.54157865292831e-06
207209654;LD2;7.63917142517822e-07
207209705;LD2;0.000224195716954601
207209772;LD2;8.8810484251976e-07
207209792;LD2;0.000112708987213822
207339285;LD2;4.40815703515175e-06
207339347;LD2;0.000405937067856623
207339492;LD2;6.66717049745326e-07
207339516;LD2;3.89749113752748e-07
207400776;LD2;3.92014196422974e-06
207400779;LD2;7.20146821646901e-06
207400803;LD2;7.67468320919348e-06
207400894;LD2;7.23651032656852e-06
207400948;LD2;1.61628896379372e-06
207400970;LD2;2.17114077608187e-06
207401002;LD2;4.95709510370415e-06
207427154;LD2;2.02725725346073e-05
207427172;LD2;4.91315579329291e-06
207427197;LD2;6.9349908155976e-06
207427201;LD2;2.51544300682539e-05
207427205;LD2;5.04876619173572e-05
207427252;LD2;4.42481938994525e-06
207427258;LD2;9.39086994315566e-06
207427304;LD2;2.90719267024777e-06
207427332;LD2;3.30410383083798e-06
207427382;LD2;5.33026175315898e-05
207427392;LD2;1.35581276539571e-05
207442113;LD2;0.000117249282743889
207442163;LD2;1.44292768799838e-06
207442191;LD2;0.00106868263001452
207442252;LD2;4.8014697539854e-05
207442290;LD2;4.52742691384271e-06
207442323;LD2;1.46222655948801e-07
207442341;LD2;5.53391418174552e-05
207497624;LD2;3.13228284194006e-06
207497643;LD2;6.80488451030881e-07
207497654;LD2;0.000341283427688079
207497656;LD2;1.7757459942307e-05
207497670;LD2;3.12996474845342e-07
207497696;LD2;0.000500512766507446
207497719;LD2;2.08176600583571e-05
207497733;LD2;2.02700117182955e-07
207497759;LD2;0.000408566895687883
207497830;LD2;8.5958149941547e-06
207566712;LD2;6.57098404083725e-07
207566719;LD2;0.000194350321349274
207566731;LD2;6.19491555003641e-07
207566733;LD2;1.13970232740296e-06
207566744;LD2;4.97005915056857e-05
207566758;LD2;2.08830551854132e-06
207566785;LD2;0.000300366514943713
207566807;LD2;5.11504337919886e-05
207566821;LD2;2.11009096235848e-06
207566848;LD2;0.00025932660454443
207566918;LD2;3.91420217514179e-05
207587623;LD2;2.13722702071383e-05
207587643;LD2;1.36803839134465e-06
207587711;LD2;6.01943018369884e-05
207587772;LD2;1.73194271218397e-07
207587810;LD2;1.06067957887298e-05
207587814;LD2;3.31052768918183e-05
207587818;LD2;4.45587346830113e-06
207587843;LD2;4.62179938893296e-05
207587861;LD2;0.000227215802473998
207643657;LD2;7.53841848542201e-06
207643678;LD2;0.000232106453639624
207643746;LD2;0.000166120304387281
207643755;LD2;1.65972554657703e-05
207643822;LD2;4.72006513819884e-05
207643831;LD2;0.000204284022438784
207643888;LD2;0.000160565793815632
207643890;LD2;3.60937769202422e-05
207669487;LD2;7.67791404329739e-07
207669510;LD2;2.10163081026733e-05
207669523;LD2;2.77013543496518e-05
207669581;LD2;5.49114515772057e-06
207669597;LD2;5.16791327357869e-05
207669648;LD2;1.78762590362014e-05
207669652;LD2;3.72588283898508e-05
207669661;LD2;6.67820584145777e-06
207669668;LD2;1.88553223310893e-05
207669742;LD2;3.99539427207412e-05
207669749;LD2;7.07018162088016e-05
207859885;LD2;0.000451412252036069
207859908;LD2;0.00118257879742397
207860058;LD2;0.00423050826815821
207860075;LD2;0.0113987725834061
207860099;LD2;0.00118699118723372
207860102;LD2;0.00068434880693956
207860109;LD2;0.00384415217328556
207860115;LD2;0.000955147254191279
207868882;LD2;2.53839328728904e-05
207868960;LD2;0.000134785096589353
207868976;LD2;3.46243269859842e-05
207868987;LD2;5.59313115432899e-06
207869033;LD2;0.000206634514464523
207869060;LD2;8.51821469696821e-06
207869100;LD2;0.00132553418773173
207869120;LD2;5.34497088924631e-07
207896947;LD2;2.84534483891912e-07
207896949;LD2;5.43983353360207e-06
207897001;LD2;8.39478646821237e-08
207897092;LD2;4.16889435898787e-05
207897116;LD2;1.68402290748444e-08
207897119;LD2;2.50155010162561e-06
208091656;LD2;9.48070609008256e-05
208091659;LD2;4.26457131023432e-06
208091680;LD2;0.00276374980022561
208091683;LD2;7.69977226939991e-07
208091730;LD2;3.04913861985782e-05
208091769;LD2;0.000257486722532638
208091826;LD2;3.53881055436308e-05
208091828;LD2;1.18410257619258e-06
208091850;LD2;5.19900393724849e-06
208091882;LD2;0.000343717873768149
208091890;LD2;9.043140291932e-06
208146311;LD2;2.48852444254897e-06
208146321;LD2;2.08829376745444e-05
208146399;LD2;7.00520937557793e-05
208146440;LD2;1.87863198712106e-08
208146460;LD2;1.00836652372489e-07
208146502;LD2;5.40261930940951e-06
208146506;LD2;3.11026310428703e-05
208146531;LD2;7.60982800484674e-09
208166454;LD2;0.00302882368868735
208166478;LD2;6.33540643065028e-06
208166489;LD2;0.000411910711074132
208166501;LD2;0.00226742483686476
208166569;LD2;2.37637145807734e-07
208166635;LD2;4.23483959726367e-06
208166641;LD2;6.24785574236015e-05
208177623;LD2;4.63256890934389e-05
208309240;LD2;0.000288236870558079
208309301;LD2;3.68234670921829e-05
208309336;LD2;0.000116821019911147
208309348;LD2;0.000335542606829971
208312528;LD2;0.000128510320073077
208312534;LD2;0.000534062012362841
208312564;LD2;0.000324937870526405
208312582;LD2;7.89562160479164e-07
208312594;LD2;9.26351658141037e-07
208312601;LD2;3.62149323653566e-07
208312608;LD2;4.49656585051715e-05
208312645;LD2;7.02093371998186e-07
208312657;LD2;1.41988253082788e-06
208312664;LD2;4.39499637609149e-07
208312671;LD2;4.20568150353254e-05
208312687;LD2;5.79037452143697e-06
208312707;LD2;1.801520375358e-05
208396930;LD2;4.14663315417617e-05
208397048;LD2;3.89667264057324e-06
208448247;LD2;1.41191642996042e-06
208448313;LD2;1.65212201995857e-05
208448315;LD2;0.000965805589601672
208448346;LD2;0.0004580563928517
208448380;LD2;0.000114695417942752
208448398;LD2;3.85568867843757e-06
208448430;LD2;6.70548668913951e-06
208471078;LD2;0.000175338449690794
208471104;LD2;2.93638983692731e-07
208471225;LD2;0.000217926908232181
208471239;LD2;1.32369282655132e-06
208471244;LD2;9.92112954887837e-08
208471294;LD2;0.000233445773379218
208471300;LD2;2.83206336864447e-05
208471317;LD2;1.55587761745958e-05
208471335;LD2;8.94934612329155e-06
208583095;LD2;1.002295611566e-07
208592674;LD2;0.00195549831728754
208592690;LD2;1.93947993883222e-08
208592717;LD2;4.31260689290368e-07
208592752;LD2;6.51347312453382e-05
208592768;LD2;1.6490088741818e-06
208592774;LD2;7.70839988166167e-06
208592779;LD2;2.93557215810159e-06
208592825;LD2;5.96122567519978e-05
208592852;LD2;8.16870765879394e-07
208592892;LD2;6.42714872358952e-06
208592902;LD2;8.42437824807904e-08
208592912;LD2;2.94894934131669e-06
208596741;LD2;2.7589464623699e-10
208596749;LD2;5.97411118368753e-07
208596781;LD2;1.03439053032938e-05
208596803;LD2;8.78341670109672e-06
208596805;LD2;3.33440348836834e-07
208596948;LD2;8.54715561435451e-06
208596972;LD2;2.83574413185712e-06
208610548;LD2;8.54431176193389e-06
208610572;LD2;1.41189672952679e-07
208637944;LD2;2.23255628847919e-05
208670039;LD2;9.5256380118311e-05
208683793;LD2;1.9701858130803e-05
208683796;LD2;9.57733183336992e-07
208683869;LD2;1.71524979378994e-06
208683937;LD2;0.000310134097215399
208683948;LD2;4.97299339484791e-06
208684016;LD2;1.04450305609333e-06
208684025;LD2;0.0011604306858455
208684042;LD2;1.61517158958609e-06
208714702;LD2;9.40719357186531e-06
208714708;LD2;2.87346362139078e-05
208735245;LD2;1.21650707177584e-05
208735259;LD2;6.10755464203615e-05
208735387;LD2;6.47763311888896e-06
208817335;LD2;9.95833554727928e-06
208817355;LD2;6.35952746004589e-06
208817423;LD2;7.40702543729805e-05
208817484;LD2;3.28971715300293e-06
208817498;LD2;0.000191201092141549
208817522;LD2;2.71262276008534e-05
208817526;LD2;2.42522071751407e-06
208817530;LD2;4.45116831818038e-06
208817555;LD2;3.19929384774732e-05
208817573;LD2;2.13222768909814e-05
208880711;LD2;2.34977411770408e-05
208880721;LD2;1.05623382251965e-05
208880731;LD2;5.29247966074271e-08
208880799;LD2;2.93261132856152e-05
208880846;LD2;0.00057964544982827
208880860;LD2;1.80980552804758e-05
208880898;LD2;0.00341558474365776
208880906;LD2;4.91004030633911e-06
208880931;LD2;6.93148364036529e-05
208880949;LD2;0.000410626449100071
208884828;LD2;1.45719786599735e-06
208884867;LD2;4.95043194746299e-05
208919305;LD2;3.3293269960803e-06
208923839;LD2;3.54956927334532e-05
208923909;LD2;6.87632637678633e-07
208928536;LD2;1.1180971101525e-05
208985455;LD2;8.18947409704506e-07
208985528;LD2;3.31021097747126e-05
208985573;LD2;5.34003992420617e-05
208985581;LD2;1.19227806289695e-07
208989511;LD2;1.2322950268321e-05
208989521;LD2;3.64099557634459e-06
208989571;LD2;5.8562219885093e-06
208989599;LD2;6.76836913284114e-05
208989651;LD2;5.46077021512078e-07
208989660;LD2;6.330987002189e-06
208989702;LD2;4.37087201930099e-06
208989706;LD2;8.68523278661786e-06
208989731;LD2;9.3197509174903e-05
208989749;LD2;6.38056140818459e-05
208996852;LD2;7.35504497392011e-07
208996855;LD2;1.87422529771809e-05
208996869;LD2;7.72233493098818e-05
208996873;LD2;2.838052210675e-05
208996939;LD2;0.00030670302185783
208996969;LD2;2.06040775605587e-05
208997013;LD2;6.85986801672099e-06
208997022;LD2;0.000400491231090178
208997037;LD2;6.4788718653291e-05
208997040;LD2;0.00349411847168498
208997066;LD2;4.82256400978247e-05
208997106;LD2;1.39441778986905e-05
209061272;LD2;2.80545350843561e-06
209167422;LD2;1.87931121626589e-05
209167424;LD2;8.49084590329749e-06
209167494;LD2;2.65446753476728e-05
209167566;LD2;1.70921795796491e-06
209167577;LD2;2.39695632662796e-09
209167632;LD2;0.000265605574602587
209171640;LD2;4.0246438598085e-06
209171718;LD2;6.38668890641345e-07
209193816;LD2;0.00217611316057824
209193861;LD2;7.72204208447416e-07
209193863;LD2;1.21873936453198e-05
209193879;LD2;0.000668123347582543
209193949;LD2;3.74774299481794e-06
209193953;LD2;3.6686785927425e-08
209193980;LD2;0.000586848445547345
209194003;LD2;5.34765799971479e-05
209194025;LD2;1.17806316004668e-05
209194033;LD2;0.000639260223781457
209279746;LD2;1.00842552044178e-05
209279764;LD2;2.74549320417447e-06
209279789;LD2;6.29176677157237e-05
209279793;LD2;2.38626418766028e-05
209279797;LD2;1.67833119334864e-05
209279835;LD2;1.10490903327466e-06
209279844;LD2;1.72856738222187e-05
209279850;LD2;1.76712746867659e-05
209279896;LD2;3.5550548034949e-06
209279924;LD2;7.59617014074405e-06
209279964;LD2;3.23314795505125e-05
209279974;LD2;2.85713217751012e-05
209299866;LD2;9.14308093200887e-05
209415189;LD2;3.89586370582072e-06
209415199;LD2;1.94971897761024e-06
209415286;LD2;9.35284741800889e-06
209422827;LD2;6.4074622022619e-07
209422867;LD2;2.32089223752249e-07
209422869;LD2;1.08388772245017e-05
209423012;LD2;9.63996609184366e-05
209437840;LD2;0.000113931204162766
209437843;LD2;0.00053366860487402
209437895;LD2;4.90038051625005e-06
209437905;LD2;1.6770709198228e-06
209437917;LD2;0.00111091126554981
209437924;LD2;6.20358407049159e-05
209438013;LD2;1.62694395694432e-06
209441865;LD2;6.03781789550928e-06
209441879;LD2;4.80334932182796e-06
209545784;LD2;2.33956242243568e-05
209545803;LD2;7.14919132425094e-10
209545805;LD2;8.73554153957839e-09
209545814;LD2;7.71925302456127e-07
209545816;LD2;1.19386174161146e-05
209545830;LD2;3.89305102492258e-06
209545856;LD2;3.46266556615466e-05
209545879;LD2;1.19197873816824e-05
209545893;LD2;2.72396664606883e-06
209545919;LD2;5.10394099004661e-05
209545990;LD2;6.07002788967376e-06
209590314;LD2;7.79832491811182e-07
209655357;LD2;0.002221748677764
209655469;LD2;0.000717057870176594
209655557;LD2;0.00652849757661093
209655570;LD2;0.00435275368187248
209724787;LD2;4.10621901368528e-05
209724962;LD2;2.74295294596307e-06
209726112;LD2;6.46080086945184e-05
209726203;LD2;5.74853998695197e-05
209726254;LD2;3.12119258466739e-07
209726320;LD2;3.66046669356486e-08
209732937;LD2;8.42850577727151e-06
209732969;LD2;6.64977903969732e-06
209732978;LD2;8.06996368471185e-06
209732987;LD2;0.000143457790864837
209733021;LD2;5.28958989889516e-08
209733052;LD2;1.74591650101815e-05
209733054;LD2;1.41395828107524e-06
209733065;LD2;3.33906994391749e-05
209733120;LD2;5.92446009823689e-05
209733122;LD2;2.1110395796587e-05
209795173;LD2;1.94783850868055e-05
209795183;LD2;0.000493420244809325
209795188;LD2;3.97909162946769e-07
209795201;LD2;3.60092370191678e-05
209795400;LD2;3.82791386087798e-05
209795417;LD2;0.00182182805816099
209834625;LD2;7.67076993057568e-05
209834635;LD2;4.61100008519265e-05
209834675;LD2;3.29160055130838e-07
209834703;LD2;0.0016477178436574
209834744;LD2;2.87594200335576e-07
209834764;LD2;1.1613280062918e-05
209834806;LD2;1.69562269485599e-06
209834810;LD2;4.85692027753734e-07
209834835;LD2;2.34751094881002e-06
209839682;LD2;3.28695921690313e-06
209851217;LD2;1.04953973793841e-05
209851278;LD2;0.000401684619312798
209851292;LD2;2.09388677657559e-06
209851315;LD2;5.718854863148e-05
209851346;LD2;0.00039993053411037
209851360;LD2;2.32339537232239e-06
209851383;LD2;6.46808022195502e-05
209851454;LD2;7.89892430452457e-06
209851461;LD2;9.33278206864075e-06
209991831;LD2;2.88978104366657e-07
209991860;LD2;2.67536102318315e-06
209991925;LD2;4.06873603181802e-05
209992000;LD2;9.62699299231741e-07
209992050;LD2;1.94942856468374e-08
210038346;LD2;1.55498448247616e-05
210038394;LD2;4.82305753264114e-06
210038417;LD2;3.17908078051992e-07
210038426;LD2;7.68606274502148e-10
210038435;LD2;0.000393283354800256
210038444;LD2;5.66117803090304e-06
210038509;LD2;6.22942467249329e-06
210038511;LD2;7.35461476306635e-05
210038577;LD2;6.93575796864197e-07
210070197;LD2;0.00018567031177579
210070243;LD2;7.85611319562938e-08
210070354;LD2;0.000119739693446196
210070383;LD2;0.000366464654708984
210168437;LD2;2.89162941372072e-05
210168455;LD2;0.000204918933308341
210168477;LD2;0.000103987272569476
210168525;LD2;0.00202625377264798
210168536;LD2;2.37231632945799e-05
210168598;LD2;3.31097933191638e-05
210168616;LD2;1.19778383299383e-05
210221123;LD2;1.90707232583066e-06
210221201;LD2;9.58971039917686e-07
210221239;LD2;1.49506464277043e-05
210221256;LD2;1.21294751905421e-08
210221263;LD2;0.000400790623549325
210221285;LD2;6.04704076340398e-05
210221290;LD2;9.99970239656135e-07
210221341;LD2;0.000286817395182399
210221365;LD2;9.96168445794095e-06
210221371;LD2;6.42704590655379e-05
210258936;LD2;8.91294480012286e-05
210258946;LD2;3.88684239241437e-07
210258956;LD2;5.09238876788824e-08
210259024;LD2;7.15047015110865e-06
210259076;LD2;4.37833995054531e-08
210259085;LD2;6.55805822884881e-07
210259127;LD2;2.46531379975155e-06
210259131;LD2;1.51262236112313e-06
210259156;LD2;2.28801928718709e-06
210259174;LD2;0.00013207710530833
210262843;LD2;2.67365429794443e-07
210262851;LD2;6.73058367494234e-06
210262896;LD2;1.86753890565257e-06
210262969;LD2;3.1993611424552e-06
210331014;LD2;5.76429913992898e-05
210331054;LD2;8.86692443947871e-06
210331084;LD2;2.69747980649838e-05
210331150;LD2;5.45620871792251e-06
210331169;LD2;1.96208084216724e-06
210331219;LD2;1.68603354110282e-06
210331231;LD2;2.95177840452012e-05
210331266;LD2;5.93737911862725e-06
210488236;LD2;3.37626146031933e-05
210488246;LD2;0.000266821277580234
210488256;LD2;1.15995458583503e-08
210488324;LD2;0.000552860189784103
210488373;LD2;5.50573077196652e-06
210488393;LD2;1.12320635391443e-05
210488407;LD2;6.14403194106642e-07
210488431;LD2;4.25641696873723e-06
210488464;LD2;3.19433450386708e-06
210488482;LD2;8.37918197227303e-08
210499667;LD2;4.3249999354593e-06
210499684;LD2;1.26782843875572e-05
210499810;LD2;6.98818923285307e-05
210566604;LD2;7.1720404078536e-06
210566611;LD2;3.49690100623637e-06
210566679;LD2;2.85981874410145e-05
210566715;LD2;2.77177005223171e-05
210640032;LD2;3.48593059939646e-05
210640072;LD2;5.37311737178345e-06
210640100;LD2;8.9919516685005e-07
210640203;LD2;1.73387744389581e-08
210640207;LD2;2.3304532257809e-06
210640232;LD2;0.000114167215063655
210640250;LD2;6.02530117753039e-05
210679488;LD2;0.000379463035802795
210679551;LD2;8.18897317946824e-08
210679559;LD2;1.19646222015441e-05
210710739;LD2;4.07826864383539e-06
210710759;LD2;5.49142852316203e-06
210710763;LD2;1.31795997289924e-07
210710769;LD2;5.93485362671643e-06
210710815;LD2;3.33259962105764e-05
210710822;LD2;4.92118890379611e-05
210710844;LD2;4.90783560094122e-09
210710873;LD2;6.82909376490516e-05
210710893;LD2;3.13618353217672e-06
210710897;LD2;3.71381232833298e-05
210710903;LD2;8.52269293410194e-05
210710949;LD2;0.000144496116809137
210710956;LD2;7.98736916167181e-05
210710978;LD2;1.83902997185299e-05
210710987;LD2;0.000179095824431345
210863069;LD2;4.96049759461367e-05
210863086;LD2;1.29603051734501e-05
210863091;LD2;1.52618334490893e-05
210863157;LD2;0.00221417484688249
210863181;LD2;0.000304227947988163
210863240;LD2;0.00013226993136207
210863253;LD2;0.000119688906135528
210863257;LD2;0.000103980982152706
210931353;LD2;0.00014437736501623
210981642;LD2;3.09445339335679e-06
211126068;LD2;2.0103487005039e-06
211126092;LD2;0.000204617267630526
211126101;LD2;3.05015481254395e-05
211126148;LD2;9.97261992050291e-05
211126192;LD2;8.63705351526345e-07
211126301;LD2;7.73671400552172e-06
211230714;LD2;7.28062187809618e-06
211230769;LD2;2.63420095777349e-05
211241542;LD2;1.05056039547469e-08
211241583;LD2;4.88134481119316e-06
211318465;LD2;0.00462093134667865
211318538;LD2;0.00384158359766689
211318559;LD2;0.00367927184317091
211318576;LD2;0.00405387565517271
211318579;LD2;0.00374969422859294
211318607;LD2;0.00419670855790236
211367540;LD2;4.19833696876796e-06
211410855;LD2;1.77082080082681e-06
211410876;LD2;3.2790495281607e-05
211410942;LD2;6.75369229214429e-06
211410944;LD2;8.89957546073573e-05
211411018;LD2;8.40370398946591e-05
211411027;LD2;0.000104343928340055
211411084;LD2;0.00042240226404293
211411086;LD2;0.00106111971443456
211417245;LD2;5.56867838555972e-06
211417256;LD2;1.30053507281852e-06
211417265;LD2;5.07347973880174e-07
211417303;LD2;3.85011072129477e-07
211417336;LD2;5.91638407725249e-06
211597722;LD2;4.30585776263359e-06
211597732;LD2;4.58790516650672e-06
211597750;LD2;1.01094985748449e-05
211597819;LD2;4.88570954681742e-05
211597837;LD2;2.4006122572417e-05
211597883;LD2;4.89938174972257e-05
211597901;LD2;2.99556449491729e-05
211597912;LD2;0.000115167214245005
211597926;LD2;2.30676467522789e-05
211597968;LD2;9.69482911029079e-05
211702863;LD2;1.873155445368e-06
211768851;LD2;0.000531252590715702
211768859;LD2;0.000560004722282349
211768918;LD2;8.59015380828099e-07
211768953;LD2;0.000199804980064831
211768987;LD2;1.01440213133172e-06
211769004;LD2;0.00082508218213995
211769008;LD2;4.45902772494556e-05
211769056;LD2;0.000663983985232652
211801483;LD2;2.00504417389395e-05
211801485;LD2;0.00053304592401714
211801504;LD2;0.000116746721138025
211801506;LD2;0.000157315159838534
211801517;LD2;9.0888286625395e-06
211801558;LD2;2.75154289974577e-06
211926038;LD2;5.45402514856184e-06
211926109;LD2;0.000238427939336243
211926135;LD2;6.71062708121959e-07
211926198;LD2;9.99191906898136e-07
211926212;LD2;6.04296269534318e-07
211926225;LD2;3.9117854068516e-07
211926244;LD2;7.01889723848865e-06
211932141;LD2;4.36465276549353e-06
212010338;LD2;6.94133268179265e-09
212010354;LD2;0.000439212717430833
212010382;LD2;3.97247450670855e-07
212010421;LD2;8.81013110198533e-06
212010427;LD2;6.02385402705277e-05
212010511;LD2;7.95131515000731e-07
212010551;LD2;1.50231815564837e-05
212010598;LD2;5.40776134753667e-07
212082995;LD2;0.000301508410252003
212082997;LD2;0.00242082378508704
212083022;LD2;5.58349535366829e-06
212083054;LD2;4.90666412795579e-05
212083072;LD2;3.26103602386989e-05
212083150;LD2;5.44642455924667e-05
212083207;LD2;0.000629526607574936
212141447;LD2;2.36728290591339e-06
212141450;LD2;6.19589740065888e-05
212141470;LD2;4.38267506713507e-06
212141498;LD2;5.35729951654356e-05
212141519;LD2;1.89016705874383e-06
212141584;LD2;0.000175101729341026
212141586;LD2;8.00016657978757e-07
212141605;LD2;4.92887191459136e-05
212141702;LD2;2.38852302317202e-05
212201695;LD2;1.4095608487196e-07
212201706;LD2;2.87944510480633e-06
212201712;LD2;4.39386636132968e-06
212201781;LD2;3.35121929210701e-06
212201806;LD2;5.98878539605235e-06
212266338;LD2;0.00018570511565171
212266360;LD2;1.1945480800758e-05
212266529;LD2;1.40614637149177e-06
212281542;LD2;2.85953317191726e-06
212281552;LD2;7.60941707336375e-05
212281620;LD2;6.73256293000114e-06
212281681;LD2;2.01363795269445e-06
212281695;LD2;2.40928748941245e-06
212281719;LD2;1.85734304222098e-05
212281723;LD2;3.45015161213733e-05
212281727;LD2;9.06654113986912e-07
212281752;LD2;8.20651543681518e-07
212281770;LD2;3.32351442499727e-05
212323981;LD2;9.4596046887664e-05
212323998;LD2;0.000272615774571569
212324002;LD2;2.17706559388154e-06
212324029;LD2;0.000353987769777061
212324136;LD2;1.18642945956269e-06
212324149;LD2;4.03798008929746e-05
212324168;LD2;2.44786768604226e-05
212324188;LD2;0.00010702764924916
212324193;LD2;9.69466496794108e-06
212324209;LD2;1.96068591350036e-06
212373926;LD2;3.46468464071636e-05
212533404;LD2;3.11295686010969e-05
212533414;LD2;1.30597884162815e-05
212533424;LD2;1.49297713307032e-06
212533492;LD2;1.25756189456985e-06
212533553;LD2;1.56327106023132e-06
212533567;LD2;6.00285036278343e-05
212533591;LD2;3.71406293693658e-05
212533595;LD2;1.7670349661998e-05
212533599;LD2;1.52532822321277e-06
212533624;LD2;2.13451701292776e-06
212599161;LD2;1.2550493549513e-05
212672684;LD2;3.33123788134446e-07
212672720;LD2;4.85067805702851e-06
212672752;LD2;2.4256869748786e-06
212672915;LD2;1.70276284331349e-05
212731720;LD2;8.01238062728479e-07
212731793;LD2;0.000187516091108441
212731826;LD2;2.81664687042664e-05
212731832;LD2;1.95824162586491e-06
212731850;LD2;2.70649558395683e-05
212731895;LD2;6.66184019129918e-05
212731925;LD2;5.16621534165667e-05
212731947;LD2;1.12868763831109e-06
212991179;LD2;0.000118458168229616
212991257;LD2;1.63593832279025e-09
212991260;LD2;5.13032244298987e-06
212991280;LD2;1.81168895123138e-06
212991363;LD2;7.25714070376126e-06
212991381;LD2;3.09172601935803e-06
212991393;LD2;8.80629770898976e-06
212991438;LD2;2.90174482196615e-05
213026554;LD2;0.000115086915912314
213102704;LD2;4.25264614772553e-05
213102714;LD2;8.18146983145192e-07
213102724;LD2;2.7435144245455e-08
213102764;LD2;9.26896177247389e-09
213102792;LD2;0.000110048889674962
213102833;LD2;9.23084626209058e-07
213102853;LD2;1.52280622441254e-06
213102891;LD2;9.09833007324205e-05
213102895;LD2;4.24562863171377e-09
213102899;LD2;6.46668285567014e-06
213102924;LD2;1.00134902067908e-05
213102938;LD2;4.88291955611977e-05
213102942;LD2;0.000104290314919191
213108505;LD2;0.00485487735372414
213225918;LD2;0.000103665310047261
213225926;LD2;2.06072931257612e-05
213225940;LD2;1.32609852847753e-05
213225980;LD2;1.52433716722795e-05
213225982;LD2;0.000113740906868092
213225986;LD2;3.80309059493452e-05
213226125;LD2;8.26875931106048e-07
213226152;LD2;1.00416948446577e-06
213242231;LD2;0.00153191406799323
213242291;LD2;0.000569680061261449
213242323;LD2;0.000755181808897088
213242325;LD2;0.00140140303021901
213242367;LD2;0.000135594954503863
213242391;LD2;0.00299890301302421
213242408;LD2;0.00064460606581026
213242428;LD2;2.64361697331895e-06
213242445;LD2;8.03081869998414e-06
213327102;LD2;5.63897632840202e-07
213327112;LD2;0.000324933613733177
213327117;LD2;3.26194067688894e-06
213327130;LD2;1.62199692303769e-05
213327154;LD2;0.000969488053229782
213327160;LD2;3.43053559088967e-06
213327199;LD2;8.15173824550097e-05
213327217;LD2;0.00024672795456479
213327263;LD2;7.76479664928139e-05
213327281;LD2;0.000251597766214258
213327287;LD2;0.000130099476701156
213327306;LD2;4.5270171440855e-05
213327315;LD2;0.000175402655792002
213327348;LD2;5.81838708765407e-05
213338281;LD2;1.11206779627794e-05
213338287;LD2;3.0179543002678e-05
213338290;LD2;1.88884174369857e-07
213338310;LD2;0.00107820434907682
213338345;LD2;6.02717631710183e-06
213338354;LD2;5.43199272192023e-06
213338408;LD2;5.44925964617792e-06
213338417;LD2;4.5404044089241e-06
213338493;LD2;7.10907408052418e-07
213338514;LD2;5.5715299869728e-07
213357578;LD2;6.42442483242059e-05
213357588;LD2;1.97681551978887e-06
213357628;LD2;2.77671179591545e-05
213357656;LD2;0.00142909567446518
213357702;LD2;3.5044031003784e-05
213357717;LD2;0.000180055466405641
213357755;LD2;0.000249238032437267
213357759;LD2;5.80930675469536e-07
213357763;LD2;7.47264085767354e-05
213357788;LD2;1.8849353143423e-05
213357806;LD2;9.2853550215138e-05
213466182;LD2;2.1966390895921e-06
213487904;LD2;0.00021371714461506
213487907;LD2;0.000314716875223407
213487912;LD2;0.00109710870852013
213488069;LD2;0.000590240532480536
213488075;LD2;1.12403794511047e-05
213488084;LD2;0.00464275617371256
213488091;LD2;0.000514797228942133
213488099;LD2;5.8065173995607e-05
213526222;LD2;2.27796494141559e-06
213526224;LD2;0.000102227164169551
213526292;LD2;8.2872113316335e-05
213526362;LD2;0.000349280875204769
213526375;LD2;2.63183494567295e-05
213526377;LD2;0.000135875073173645
213526432;LD2;0.000301099543121059
213590999;LD2;1.03910867674268e-05
213591000;LD2;1.61905962268909e-06
213591114;LD2;7.9589801516086e-05
213642978;LD2;9.99170397439059e-06
213642980;LD2;1.80829685066144e-05
213643045;LD2;7.61913906940513e-06
213643063;LD2;1.49731779729786e-06
213643095;LD2;8.90084103288262e-07
213643143;LD2;3.50727365195967e-07
213732417;LD2;0.000504144487307039
213732432;LD2;0.000102197024678312
213732438;LD2;6.14114665676403e-05
213732446;LD2;0.000137573306121653
213732463;LD2;1.50390223924512e-06
213732484;LD2;0.000869085075871479
213732545;LD2;0.000159304888774346
213732573;LD2;1.26870539857034e-06
213732613;LD2;4.73388698674605e-05
213785933;LD2;1.02736219246215e-05
213845272;LD2;1.92953228564949e-06
213845277;LD2;2.84524615571507e-07
213845290;LD2;6.01987463218365e-06
213845314;LD2;0.000302881728960131
213845349;LD2;0.00090453112854968
213845359;LD2;2.6765458930242e-06
213845377;LD2;4.41207641538486e-05
213845413;LD2;0.00089906107009637
213845423;LD2;1.99283106138168e-06
213845441;LD2;4.0422001745994e-05
213845447;LD2;2.29130154374596e-05
213845452;LD2;9.92259662288585e-05
213845466;LD2;6.18182173881084e-07
213845508;LD2;4.00077206027799e-05
213882355;LD2;2.95176014074978e-08
213882363;LD2;6.09844997718875e-06
213882408;LD2;7.97512169242306e-06
214001536;LD2;0.00106660474523932
214001585;LD2;1.04398428418074e-05
214035217;LD2;0.000550064200672923
214035274;LD2;1.5425608946901e-07
214035349;LD2;0.000727630271766879
214035356;LD2;0.00165613772510243
214035361;LD2;0.00193617876060578
214035412;LD2;2.03837227644803e-06
214035452;LD2;1.67518040432643e-05
214035480;LD2;2.07766591641138e-06
214035526;LD2;3.97907256363003e-06
214035541;LD2;1.39254604206599e-06
214035579;LD2;0.000144825665493378
214035583;LD2;5.1532149678099e-05
214035587;LD2;1.09325019934188e-05
214035612;LD2;1.63461362441805e-05
214035630;LD2;0.000621730680200812
214368077;LD2;3.71610306256445e-05
214368102;LD2;9.3636751003497e-05
214368148;LD2;9.68797454948714e-06
214368157;LD2;6.2524779888625e-06
214368163;LD2;7.80317559694539e-07
214368209;LD2;6.53244622395596e-05
214368237;LD2;0.000108318238064762
214368277;LD2;2.26987753510689e-05
214368287;LD2;4.69444837407594e-07
214368297;LD2;1.4553332111039e-05
214384695;LD2;2.68240451241982e-06
214384815;LD2;6.07669141954709e-05
214403556;LD2;4.15309130128477e-06
214421632;LD2;8.22476062305822e-05
214421642;LD2;2.81471448822606e-05
214421652;LD2;1.79750936594818e-06
214421692;LD2;4.81940880449206e-08
214421720;LD2;1.37223991053218e-06
214421761;LD2;1.19891004544921e-06
214421766;LD2;7.97450487395704e-06
214421781;LD2;6.58764525338321e-05
214421795;LD2;6.19225132601973e-06
214421819;LD2;2.11354659249511e-05
214421827;LD2;4.51342518931183e-07
214421852;LD2;3.51253293507856e-05
214421866;LD2;2.20214905613779e-06
214421870;LD2;5.45366380761154e-05
214430878;LD2;1.54680406135165e-07
214430940;LD2;5.98312211473101e-05
214430946;LD2;2.61384605727576e-06
214431065;LD2;0.00133906928512486
214431070;LD2;2.0765074392707e-05
214431085;LD2;0.000695211918553892
214431109;LD2;6.16194519469555e-07
214473312;LD2;3.15315496081052e-05
214473332;LD2;8.39520593497134e-05
214473372;LD2;9.41050802984822e-06
214473399;LD2;3.63597154077778e-05
214473440;LD2;1.42567609348954e-06
214473445;LD2;7.66150695996573e-05
214473472;LD2;1.32500382799412e-05
214473507;LD2;8.86782218244889e-06
214473534;LD2;0.0011902949226567
214473544;LD2;1.27589592549877e-08
214473550;LD2;0.000187837124574248
214708591;LD2;0.000580694002376275
214708669;LD2;2.70098029047782e-05
214708770;LD2;1.2428268792926e-06
214708801;LD2;0.000211379972032031
214708816;LD2;4.41786279142875e-05
214708818;LD2;2.48537414879722e-05
214746455;LD2;4.31306114889102e-05
214746581;LD2;0.000123125156308623
214746605;LD2;8.15579192639457e-06
214876690;LD2;5.15355124792535e-07
214876700;LD2;8.32635214831182e-06
214876705;LD2;3.48241848917572e-05
214876718;LD2;1.47223436089889e-07
214876742;LD2;2.05443859249268e-05
214876823;LD2;8.31661776207746e-06
214876828;LD2;3.95617280166242e-05
214876865;LD2;7.13145932152798e-06
214876939;LD2;0.000200789600707926
215001840;LD2;0.00426963540693091
215001845;LD2;0.000134575517785802
215001866;LD2;3.01899470462405e-06
215001875;LD2;1.00169427961295e-06
215001877;LD2;0.000375407535196578
215001891;LD2;2.79878165735221e-05
215001918;LD2;1.08173841427261e-05
215001940;LD2;0.000231464090561752
215001954;LD2;3.09420652065631e-05
215001981;LD2;4.9479458685607e-05
215002047;LD2;0.000318908377225643
215002051;LD2;4.47226839125265e-05
215108708;LD2;1.22098538320477e-08
215108728;LD2;3.03985441603453e-05
215108796;LD2;7.94550072726158e-06
215108842;LD2;1.23821967751228e-06
215108857;LD2;6.42428363550269e-07
215108871;LD2;0.000242041236892252
215108895;LD2;2.18402968830137e-05
215108899;LD2;5.30047594440921e-06
215108903;LD2;3.64073470596056e-05
215108928;LD2;9.94577578142244e-05
215108946;LD2;3.57396070368016e-05
215165862;LD2;8.58837230148872e-05
215165881;LD2;1.98464149041492e-07
215165883;LD2;7.51862666122035e-06
215165894;LD2;1.07384625337338e-05
215165908;LD2;9.39080438224999e-08
215165956;LD2;1.39266420966201e-05
215165970;LD2;6.65877984239345e-06
215166067;LD2;1.50151590837138e-07
215206349;LD2;9.05488369145636e-06
215206381;LD2;4.53682762297821e-05
215206438;LD2;3.14891362425526e-05
215206447;LD2;2.90884575348735e-07
215206521;LD2;5.84145432059202e-07
215206523;LD2;3.19678923970038e-05
215219996;LD2;0.000144510232045772
215226229;LD2;0.000181089288555405
215226231;LD2;7.09100600204506e-05
215226260;LD2;4.77942114985456e-05
215226534;LD2;7.36223135125773e-07
215226566;LD2;1.48370365640586e-06
215226584;LD2;0.000155634450981233
215226649;LD2;0.000108335366706771
215226651;LD2;6.55817332734094e-06
215226662;LD2;1.38142602806784e-06
215226717;LD2;6.16251442855127e-07
215332870;LD2;2.17913438851908e-05
215332875;LD2;0.0113247578594798
215332932;LD2;8.10672083528366e-07
215332994;LD2;4.62211377895033e-06
215332998;LD2;0.0077920298381256
215333025;LD2;0.000421461259785145
215333081;LD2;0.000142109773395652
215377183;LD2;5.11797505476455e-05
215377226;LD2;8.39605036086758e-07
215377230;LD2;1.76349181753573e-06
215377234;LD2;1.33915539869205e-05
215377401;LD2;9.54477077063271e-05
215377411;LD2;1.77603254592974e-05
215377421;LD2;9.18252427425787e-06
215587436;LD2;7.26848571077108e-08
215587462;LD2;7.86562409158907e-07
215587507;LD2;1.57246563645593e-06
215587564;LD2;1.51242003025461e-05
215587621;LD2;3.23675102998627e-06
215612178;LD2;2.18739540329115e-07
215612188;LD2;2.80577126036647e-06
215612193;LD2;7.15227937481942e-06
215612206;LD2;1.69512153590649e-06
215612230;LD2;0.000807350441583051
215612240;LD2;9.13295633886956e-06
215612275;LD2;0.00017055661405185
215670168;LD2;2.04778631901448e-05
215670174;LD2;0.00233100118837576
215670248;LD2;7.3909416292808e-07
215670269;LD2;8.51287476402105e-05
215670272;LD2;5.56854189336581e-05
215670314;LD2;6.68388268542002e-06
215670341;LD2;3.54977720303407e-06
215727032;LD2;0.0002116234483451
215727060;LD2;2.2602276572568e-06
215727108;LD2;2.39688857992511e-06
215727152;LD2;1.0238491356234e-06
215733242;LD2;5.39143228062242e-05
215733420;LD2;4.68396139075528e-06
215733448;LD2;5.85865910149654e-06
215735165;LD2;0.000127284232098343
215735169;LD2;0.00027805028944256
215735221;LD2;1.79196000162743e-06
215735231;LD2;1.91042397945131e-05
215735284;LD2;3.4786104857594e-06
215735294;LD2;1.70862295170072e-05
215735319;LD2;5.02884539099248e-05
215735348;LD2;4.53933899933658e-05
215824728;LD2;1.36824436881773e-05
215824791;LD2;6.00650498036866e-07
215824802;LD2;1.73229555106902e-05
215914384;LD2;2.13656726428163e-05
215914408;LD2;2.03262154598357e-06
215914479;LD2;4.29528791927427e-06
215914574;LD2;0.000455783915286327
215914597;LD2;3.65705926155559e-07
215932695;LD2;0.000283350808818458
215932703;LD2;2.81125249351103e-05
216026733;LD2;2.66825603155942e-05
216026924;LD2;6.48197522612827e-05
216192644;LD2;1.78628788871553e-06
216192846;LD2;2.02055580447309e-06
216192880;LD2;0.00256684499713705
216192882;LD2;1.04301677716299e-06
216200234;LD2;2.28788430371823e-05
216200240;LD2;2.96134207789412e-05
216200252;LD2;1.57405715307101e-06
216200255;LD2;1.97236827855536e-05
216200261;LD2;9.84636428768091e-06
216200291;LD2;1.07208588140319e-05
216200322;LD2;2.57285742209524e-05
216200331;LD2;7.16818192976249e-05
216200345;LD2;1.11618730116798e-05
216200387;LD2;0.000606195418462542
216200409;LD2;9.22132469222022e-06
216200448;LD2;3.03838015188447e-07
216200451;LD2;3.05637697725982e-06
216200466;LD2;0.000350186345072577
216222572;LD2;9.23890588936504e-06
216222625;LD2;1.25893180976329e-07
216222678;LD2;8.43898265516882e-07
216222702;LD2;0.000105822480619378
216222747;LD2;0.000341335688004865
216222771;LD2;6.32505744499716e-07
216263364;LD2;1.96837364822504e-06
216263481;LD2;0.000196992707662424
216278613;LD2;0.000145256218638196
216278634;LD2;0.000776721765541766
216278643;LD2;7.28141826428113e-05
216278659;LD2;2.60033368888914e-06
216278686;LD2;3.03897118193797e-05
216278722;LD2;2.44577881669098e-06
216278749;LD2;2.89810219534872e-05
216278787;LD2;0.00161579210625339
216313122;LD2;1.4564150395973e-05
216313132;LD2;8.73495026840809e-07
216313174;LD2;7.68225278951528e-05
216313219;LD2;0.000132898352916045
216313237;LD2;3.02350801358857e-06
216313349;LD2;1.15634126443645e-05
216372716;LD2;3.00112501884873e-06
216372752;LD2;1.72198808907128e-06
216372781;LD2;6.32141954868627e-05
216372827;LD2;0.000120329367049008
216372885;LD2;6.22362733271732e-05
216380311;LD2;9.34316466565058e-06
216380340;LD2;1.54872194378546e-05
216380386;LD2;8.78394165331167e-05
216380392;LD2;5.00075977087241e-05
216380524;LD2;0.000232244432677902
216448035;LD2;0.000107746378742
216448064;LD2;0.000137267749222435
216448070;LD2;2.13107600050654e-06
216448151;LD2;8.43006613557391e-05
216448217;LD2;6.50481078830333e-06
216475252;LD2;6.28978034895352e-05
216475320;LD2;1.30096956131133e-06
216475369;LD2;2.06854523475973e-06
216475403;LD2;3.23218214696969e-06
216475435;LD2;2.35468823487367e-05
216475483;LD2;4.21957746378445e-05
216478460;LD2;0.0154228284844859
216511684;LD2;4.49796912889095e-05
216511733;LD2;7.0761240047547e-06
216511937;LD2;0.00178893422381252
216709717;LD2;9.14935919703054e-05
216709720;LD2;2.53860767365828e-05
216709728;LD2;0.00325656917162073
216709830;LD2;7.46907409725302e-05
216709887;LD2;0.000153435494410191
216709911;LD2;0.000190534485961923
216709951;LD2;6.87925534286442e-08
216726584;LD2;6.65967277086517e-08
216726652;LD2;6.43246314745356e-05
216726693;LD2;2.21417955211278e-06
216726713;LD2;3.05987064538346e-05
216726755;LD2;9.76406783061485e-06
216726759;LD2;2.64425310931947e-05
216726784;LD2;6.45716152444809e-05
216726798;LD2;1.71048445944396e-05
216734457;LD2;0.000449047350650503
216734511;LD2;4.39237354825867e-06
216734513;LD2;2.46306835923165e-06
216734565;LD2;0.000934406017323039
216734683;LD2;4.22939772682042e-06
216748054;LD2;6.03501197212865e-05
216748125;LD2;4.92511937151929e-06
216748144;LD2;1.02776088602576e-05
216748193;LD2;4.70515985666502e-06
216748212;LD2;1.46915657357385e-05
216748291;LD2;2.93707678704006e-05
216767916;LD2;0.000568731053527927
216767942;LD2;2.50281032563537e-06
216768044;LD2;2.80031574793374e-05
216768101;LD2;0.000177592503437154
216770254;LD2;1.8353750714398e-08
216940369;LD2;2.59973071744366e-05
216940529;LD2;0.000325101598479851
216960806;LD2;2.8669285820948e-10
216960847;LD2;0.000944721531731222
216960856;LD2;0.000104695011558427
216960890;LD2;0.00213033244527496
216960921;LD2;0.0017979724265228
216960923;LD2;1.19095284381808e-06
216960934;LD2;4.55753861693481e-07
216960989;LD2;6.74740064729516e-05
216960991;LD2;6.39539285298081e-05
217072589;LD2;1.72584724474233e-06
217072605;LD2;3.77505109230206e-06
217072658;LD2;5.43792498239455e-10
217072688;LD2;1.28676982037097e-08
217072781;LD2;0.000818013674807403
217113639;LD2;2.39071642609617e-06
217113733;LD2;1.02399943782884e-05
217113835;LD2;8.14007879481634e-06
217113861;LD2;8.37820517906476e-07
217136798;LD2;0.000408961995656677
217136825;LD2;3.84369351317202e-09
217136841;LD2;0.000106604046723355
217182708;LD2;1.73329041896169e-06
217182718;LD2;1.19607663947637e-05
217182768;LD2;2.67615664409789e-07
217182842;LD2;4.77803986571788e-06
217182857;LD2;3.7671190977582e-07
217182871;LD2;5.8173665388617e-06
217182895;LD2;7.56156977992163e-05
217182899;LD2;3.4789272993882e-06
217182903;LD2;1.0927232281327e-05
217182928;LD2;6.05340400734522e-06
217182946;LD2;6.5268389687955e-06
217360602;LD2;0.00166297436852236
217360616;LD2;0.000414576661859216
217360656;LD2;5.54917533288383e-06
217360658;LD2;1.04202713405848e-05
217360801;LD2;7.24763178620083e-07
217360825;LD2;1.78742223742007e-05
217372571;LD2;3.51841270975235e-08
217372673;LD2;1.03908492416098e-06
217372678;LD2;1.57508617974902e-07
217372744;LD2;3.37393649529885e-06
217372753;LD2;0.00187459984866168
217372765;LD2;2.2167414493132e-07
217372805;LD2;0.00102550154708474
217435674;LD2;2.79691499534247e-05
217435728;LD2;4.66092110431287e-06
217435730;LD2;2.22958701157484e-06
217435734;LD2;1.8098179187552e-05
217435782;LD2;8.59993600793317e-06
217435826;LD2;4.8470407853982e-06
217435873;LD2;1.0735301072766e-05
217435897;LD2;9.53062337916248e-06
217435900;LD2;8.97323329235406e-06
217495240;LD2;3.20775864040896e-06
217495250;LD2;7.06717905440208e-06
217495260;LD2;5.47511862338512e-06
217495374;LD2;2.94788023484247e-06
217495389;LD2;4.47538210334156e-05
217495403;LD2;8.89184181222172e-07
217495427;LD2;2.91538848118414e-05
217495431;LD2;0.000123125524184371
217495435;LD2;1.05657907697635e-05
217495460;LD2;1.20974845425296e-05
217495478;LD2;0.000470185683739503
217511830;LD2;1.30467330814932e-05
217511838;LD2;0.00065829341385188
217511892;LD2;4.53001252559651e-07
217512023;LD2;4.96330549274435e-07
217512037;LD2;0.000167973849477925
217533374;LD2;0.000892008474100149
217533382;LD2;0.000498411144237875
217533540;LD2;0.000924180485901485
217533561;LD2;1.68919610508628e-07
217533568;LD2;0.000233787295798007
217670683;LD2;0.000823523535265475
217670691;LD2;5.50297014436623e-07
217670709;LD2;0.000110678504327488
217670734;LD2;2.94299112767109e-06
217670738;LD2;0.000145185426717485
217670789;LD2;1.69888012556084e-08
217670795;LD2;2.73534446182425e-05
217670841;LD2;2.65951177020984e-07
217670909;LD2;1.74372333245327e-06
217670919;LD2;0.000190219271380794
217670929;LD2;6.73240891906937e-05
217751185;LD2;7.37074294070535e-07
217751203;LD2;2.4182586202173e-05
217751220;LD2;8.446840725146e-07
217751226;LD2;1.63249644750113e-05
217751276;LD2;1.56547141087497e-07
217751281;LD2;2.45596466466193e-05
217751295;LD2;1.68634172444739e-08
217751304;LD2;1.49151921891816e-05
217751324;LD2;3.65833086776283e-07
217751346;LD2;4.88202506542356e-07
217751364;LD2;1.59117963931451e-05
217751371;LD2;2.9738387442767e-05
217751445;LD2;8.61689399280568e-06
217831423;LD2;7.69571471679429e-06
217831528;LD2;3.4948683723675e-06
217831564;LD2;1.57499563528364e-07
218332448;LD2;3.93306963930673e-07
218332477;LD2;3.06807574011961e-05
218332498;LD2;0.000126363833922032
218332501;LD2;0.000139159036169236
218332522;LD2;0.000180777433697362
218332564;LD2;7.70725010971626e-06
218332585;LD2;0.000183072945759166
218332627;LD2;1.01377811824418e-05
218332645;LD2;1.10589953430077e-05
218332664;LD2;3.11789864704835e-07
218332681;LD2;6.89125128146441e-07
218357746;LD2;0.00272831941733668
218357752;LD2;0.00082849000239022
218357779;LD2;0.00309250999687148
218357807;LD2;0.0031571815645056
218357822;LD2;0.00622226977153372
218357882;LD2;0.000228954507075744
218357891;LD2;0.00278370368218175
218357902;LD2;5.17551473322498e-05
218357913;LD2;0.0041625179478069
218357918;LD2;0.0081109497967012
218357930;LD2;0.00308687389646137
218357936;LD2;0.00162232721655778
218408344;LD2;0.000106020164422144
218408373;LD2;3.53229153966081e-06
218408379;LD2;6.13001914028451e-07
218408497;LD2;5.5843772538022e-05
218408526;LD2;2.73810036473669e-05
218408576;LD2;0.000199320662001547
218468177;LD2;0.00050562662367144
218468205;LD2;1.40888880905259e-07
218468229;LD2;0.000408284371289465
218521791;LD2;0.00134320437851158
218521805;LD2;2.35309373370057e-05
218521868;LD2;1.81861657434091e-05
218521876;LD2;8.68542236829107e-06
218521941;LD2;0.000816970228550034
218521994;LD2;1.16033049672607e-06
218522011;LD2;3.63832115942702e-07
218536773;LD2;2.50300217374292e-05
218536918;LD2;2.69327461624482e-07
218582435;LD2;1.94551284833737e-05
218582573;LD2;2.92456842071671e-07
218582642;LD2;1.49661028562522e-05
218582667;LD2;0.000205065823575485
218585575;LD2;7.82946905354849e-05
218585617;LD2;4.91590003724883e-06
218585651;LD2;0.000390706199780043
218585654;LD2;1.05994245306195e-08
218612562;LD2;3.1555820743123e-06
218740201;LD2;0.000133688179286198
218740256;LD2;0.000115754529520729
218740269;LD2;1.96460569443312e-07
218740352;LD2;8.77309075757094e-05
218740384;LD2;3.39785742214427e-05
218740432;LD2;5.3117469388228e-06
218745897;LD2;2.30050774100434e-05
218745907;LD2;3.24398580873841e-05
218745917;LD2;6.55864767695289e-07
218745984;LD2;4.71097090077559e-06
218746025;LD2;3.99635751102336e-05
218746030;LD2;4.06973457362065e-07
218746035;LD2;1.86318550827928e-10
218746039;LD2;3.64555109595649e-06
218746057;LD2;7.51323140972754e-07
218746092;LD2;1.44309061730851e-08
218746131;LD2;0.00208322305876823
218746135;LD2;5.4031401632133e-05
218982578;LD2;0.00122769659065379
218982588;LD2;4.83152801579715e-05
218982647;LD2;2.12029084549587e-05
218982685;LD2;1.87824650715438e-08
218982710;LD2;1.31888673923211e-05
218982724;LD2;8.74592458208582e-05
218982740;LD2;2.22028068882376e-05
218982750;LD2;1.36305470097869e-05
219164311;LD2;2.04594060807925e-06
219164329;LD2;3.72882476265248e-05
219164351;LD2;6.07100340592934e-07
219164380;LD2;1.01773465675441e-06
219164394;LD2;1.80403414816932e-05
219164399;LD2;4.69961302257771e-09
219164455;LD2;0.000132314833533557
219164472;LD2;1.14125586222494e-06
219164490;LD2;2.57009909596869e-06
219177941;LD2;1.20053500699202e-07
219178059;LD2;9.54952051966375e-06
219254256;LD2;2.01256099037677e-06
219254264;LD2;7.44052523418565e-07
219254366;LD2;1.85691182781909e-05
219254405;LD2;2.59053678263575e-06
219254421;LD2;2.96749916022867e-06
219254465;LD2;0.000154834026188145
219254469;LD2;1.09942010613664e-11
219254482;LD2;1.02501267283894e-05
219254504;LD2;2.06248352610895e-05
219296146;LD2;2.87595539364169e-07
219296236;LD2;5.20377248458015e-06
219296243;LD2;1.30044836149904e-05
219296252;LD2;1.74820738375633e-06
219296262;LD2;1.45063438458446e-05
219296298;LD2;4.99605560242186e-06
219296305;LD2;1.43821278554281e-05
219296314;LD2;1.5745944391206e-06
219296324;LD2;1.52981827071383e-05
219296342;LD2;3.67098063555079e-05
219296378;LD2;9.03546244532741e-05
219366608;LD2;1.62988782809128e-05
219366662;LD2;2.56886714920379e-06
219366664;LD2;5.73821829896963e-07
219366792;LD2;2.13367711260835e-05
219388092;LD2;8.84521270570755e-05
219388128;LD2;2.95451420932567e-05
219388182;LD2;6.2335618667816e-09
219388196;LD2;3.68896441325917e-06
219388253;LD2;0.000146104416717799
219388304;LD2;7.33696423876625e-07
219390559;LD2;5.74604193864605e-05
219390765;LD2;6.2858864509794e-05
219692603;LD2;0.0019386470450458
219692647;LD2;0.0010275780223261
219692658;LD2;0.00615391582065962
219692675;LD2;0.00341696993152529
219695359;LD2;5.49994301234395e-06
219707546;LD2;2.6270790405997e-05
219707558;LD2;8.86610071406002e-06
219707641;LD2;2.5861008389246e-05
219765490;LD2;0.00253684222337086
219803779;LD2;1.62693677751499e-05
219803794;LD2;0.000285189069813841
219803799;LD2;5.34512060048058e-05
219803847;LD2;2.28653516186831e-05
219803864;LD2;2.1795743302692e-05
219803868;LD2;2.25258395435062e-05
219803888;LD2;0.000145950373899835
219803899;LD2;0.000109425708283695
219803911;LD2;4.88183428137789e-05
219803922;LD2;9.14273963630912e-05
219803964;LD2;2.54905442893482e-05
219827904;LD2;4.14442394283661e-06
219827919;LD2;0.00056877723027317
219827922;LD2;6.57299686867467e-08
219827925;LD2;6.06518862302901e-06
219827961;LD2;1.06958657654527e-06
219827971;LD2;1.55159472937075e-07
219827992;LD2;2.17114274352197e-06
219828079;LD2;5.24369750469275e-06
219828121;LD2;7.59916072986317e-07
219828125;LD2;3.34128000819898e-06
219828136;LD2;4.17264468324158e-06
219828162;LD2;0.000935576298726984
219851905;LD2;8.55317725387396e-06
219851977;LD2;3.44900029751582e-05
219852021;LD2;0.000779010676939364
219904652;LD2;7.42159786401075e-07
219904697;LD2;0.000116726146096631
219904754;LD2;2.82478296429122e-06
219904811;LD2;1.63211902591502e-06
219904830;LD2;5.71891246903038e-05
219904848;LD2;3.86611532576772e-08
219929932;LD2;0.00691971886080399
219930002;LD2;0.00631541236356855
219930005;LD2;0.0082219938497103
219930048;LD2;0.00636367274955375
219930051;LD2;0.00828797318484701
219930089;LD2;0.00547667178712775
219930096;LD2;0.00706733447732048
219930126;LD2;0.00615233718614454
219930137;LD2;0.00370604306597671
219930158;LD2;0.0026461984332276
219941080;LD2;0.00023776182894431
219941082;LD2;1.62046267144313e-06
219941148;LD2;1.0137724505614e-06
219941150;LD2;1.60928591863466e-05
219941233;LD2;1.56749819652086e-05
219941265;LD2;3.41803944198104e-06
219941292;LD2;0.000115200780109528
219941313;LD2;2.0350804390742e-06
219981061;LD2;1.6267285654113e-05
219981079;LD2;1.3144827693019e-05
219981104;LD2;6.11371434409352e-06
219981108;LD2;1.64828249504203e-05
219981112;LD2;0.000495772532528541
219981150;LD2;1.78474071353479e-05
219981211;LD2;1.98351758485666e-05
219981239;LD2;0.000521513292167838
219981279;LD2;8.98847276235653e-05
219981289;LD2;2.15795700735532e-05
219981299;LD2;2.21288538805194e-08
220046379;LD2;0.000658188035251545
220046398;LD2;1.93013249873678e-05
220046610;LD2;0.00030356354667361
220046615;LD2;8.59587670276707e-07
220046628;LD2;7.84196636140994e-06
220046652;LD2;0.000187397066935815
220046658;LD2;0.000256778149667695
220046697;LD2;7.81755466595522e-07
220046844;LD2;3.81794806813566e-05
220047895;LD2;9.02248300172642e-07
220287372;LD2;0.000118134246807996
220287417;LD2;3.59980827607077e-05
220287435;LD2;1.6983599487364e-05
220484792;LD2;0.000266887459340847
220484812;LD2;3.57827315110555e-06
220484862;LD2;3.61049357848937e-05
220484926;LD2;0.000143380997437199
220484928;LD2;2.62884862610918e-06
220484947;LD2;4.92131458921504e-07
220484997;LD2;7.58713500808656e-07
220485009;LD2;1.19708123440077e-06
220485044;LD2;2.43125031242482e-06
220767400;LD2;2.77338356582509e-07
220767440;LD2;1.12319013837144e-06
220767462;LD2;4.62572053138171e-05
220767464;LD2;0.000907948211975829
220811197;LD2;3.80671376452653e-06
220811238;LD2;0.000642478921977967
220811259;LD2;6.13298035356008e-05
220811279;LD2;1.59262001770148e-06
220811324;LD2;7.06868197675303e-06
220811354;LD2;0.00593234171667858
220811408;LD2;8.49261426619302e-06
220811451;LD2;1.20033695991257e-05
220911309;LD2;3.21688477750955e-06
220911403;LD2;0.000108828979687609
220911460;LD2;1.96301792345391e-06
220911505;LD2;3.53915875089139e-06
220911523;LD2;1.27312052219461e-05
220911531;LD2;2.56784987690576e-06
220949658;LD2;3.00432450909856e-06
220949713;LD2;0.0001102008984848
220949724;LD2;9.33768567208941e-06
220949775;LD2;0.000237046727188705
220949850;LD2;2.12097957667896e-05
220949868;LD2;3.55273542689442e-06
220949889;LD2;0.000913721904868974
221058742;LD2;4.91653674469981e-08
221058827;LD2;1.60455922773953e-06
221058847;LD2;5.4409024143889e-06
221058856;LD2;3.17177570102349e-05
221058879;LD2;2.71318838660423e-07
221058958;LD2;1.41025847825507e-05
221102811;LD2;0.00223209304281885
221102882;LD2;3.16114905005003e-05
221102940;LD2;0.00017372129379501
221102960;LD2;6.37633145512936e-05
221103007;LD2;0.000122495271894922
221181113;LD2;0.00246055577671532
221181309;LD2;0.00183697186288458
221203960;LD2;3.53271581914061e-05
221203970;LD2;2.26120753848152e-07
221204012;LD2;3.30978176974223e-05
221204075;LD2;1.75263880569444e-05
221204187;LD2;1.97765219483379e-06
221297805;LD2;2.81009417789466e-06
221297817;LD2;2.88412578360599e-06
221297880;LD2;0.000326751383862718
221297890;LD2;2.45713550262163e-05
221297910;LD2;5.31671109133727e-05
221297993;LD2;2.69306218538142e-05
221298007;LD2;4.13613903673616e-06
221333425;LD2;0.00017365798135292
221333460;LD2;2.34439047136138e-05
221333476;LD2;1.97234314814119e-06
221333536;LD2;5.38457686269723e-08
221333564;LD2;0.00013709624909755
221333609;LD2;4.60528804483638e-06
221333679;LD2;0.000987162600592701
221363626;LD2;4.30190134512668e-05
221363646;LD2;1.01099424849453e-07
221363714;LD2;3.28382782402304e-05
221363755;LD2;1.46914535900811e-06
221363760;LD2;1.21877002108683e-06
221363775;LD2;2.43352354006862e-08
221363789;LD2;1.39495077153762e-06
221363817;LD2;2.14671723469614e-05
221363821;LD2;4.11609555389234e-06
221363846;LD2;6.06833878866104e-05
221374538;LD2;3.64343631931708e-06
221374561;LD2;3.95833677681526e-06
221374585;LD2;1.28882494841302e-06
221374634;LD2;8.16554550745318e-07
221374647;LD2;7.29327316669948e-07
221374745;LD2;2.53641483971244e-06
221419658;LD2;0.000163176941870481
221419718;LD2;2.19842811415528e-05
221419746;LD2;6.37339768144947e-05
221419787;LD2;3.57820926867086e-06
221419792;LD2;1.69638112154903e-05
221419798;LD2;1.53733797021002e-06
221419807;LD2;1.37892122569789e-05
221419845;LD2;6.49233757450547e-06
221419849;LD2;2.47822048171227e-05
221419853;LD2;2.91367855125966e-06
221419878;LD2;6.63434982154762e-05
221419896;LD2;3.08598456657009e-06
221498588;LD2;7.76175663772417e-08
221498638;LD2;2.4012355661133e-06
221498705;LD2;5.21845697147122e-05
221498716;LD2;1.63210171613489e-07
221498771;LD2;2.86201307238715e-05
221503725;LD2;1.19933582128551e-05
221503762;LD2;4.70853657257926e-05
221503819;LD2;3.26235298374434e-07
221503876;LD2;0.00011053811169995
221503921;LD2;1.10200437587393e-06
221503928;LD2;6.65173493252575e-06
221503939;LD2;1.12733695893301e-09
221503958;LD2;0.000210208222743203
221615325;LD2;2.35903762471161e-06
221615333;LD2;2.14348998017172e-06
221615378;LD2;6.19239976043201e-07
221635089;LD2;1.62253664788106e-06
221635121;LD2;4.21335178358719e-06
221635143;LD2;1.48360337188316e-05
221635145;LD2;1.36193768161173e-06
221635273;LD2;5.05557418036044e-06
221635288;LD2;4.53064692464372e-06
221635303;LD2;9.28605245344538e-06
221635312;LD2;1.01213241430461e-05
221835002;LD2;6.77685962597615e-06
221835037;LD2;0.000110149138914133
221835099;LD2;3.69533020631886e-05
221835120;LD2;1.82049964477067e-05
221835184;LD2;3.6720584730902e-06
221835254;LD2;6.59340561483869e-07
221959529;LD2;0.000922535833582561
221959539;LD2;0.000632379749426197
221959554;LD2;0.000418227281653838
221967735;LD2;4.2638256035001e-05
221967823;LD2;7.87693543176006e-05
221967888;LD2;2.16470177489859e-05
221967926;LD2;1.9050421978358e-05
221967977;LD2;1.00038533297654e-05
221973755;LD2;4.35844043993932e-07
221973818;LD2;8.9379797295823e-10
221973895;LD2;0.000642808289713853
221973948;LD2;3.0549988004871e-06
221988990;LD2;7.40492909349053e-08
221988999;LD2;2.80279671043151e-06
221989090;LD2;2.0186997138189e-05
221989098;LD2;7.50466878927931e-06
221993592;LD2;5.96478382998944e-05
221993594;LD2;0.000191565238254471
221993615;LD2;0.000125789065303076
221993646;LD2;9.47315624765683e-05
221993669;LD2;6.66357477411263e-05
221993673;LD2;3.79698881863672e-06
221993678;LD2;0.000254794304185359
221993742;LD2;1.69813733338268e-05
221993752;LD2;3.11315838802177e-05
221993790;LD2;0.000231967634629424
221993805;LD2;1.48427009880484e-06
221993811;LD2;5.1211842230559e-06
221993822;LD2;2.86352193777926e-05
222030887;LD2;5.78489634820617e-05
222030904;LD2;1.88985309213387e-06
222030924;LD2;0.000191210705351262
222030941;LD2;0.00132677278395485
222031007;LD2;0.00059990399373589
222031009;LD2;0.000126066997949631
222031041;LD2;9.71266519900815e-05
222031101;LD2;0.000464543615926374
222116255;LD2;4.38985164623503e-05
222116260;LD2;3.70396724520696e-05
222116285;LD2;3.86862259287212e-05
222116297;LD2;0.0021042678566579
222140484;LD2;5.88366302370744e-06
222140530;LD2;0.00011522100534751
222140551;LD2;7.12158212513785e-06
222140649;LD2;6.59442361213187e-05
222140651;LD2;9.65428710210488e-05
222140665;LD2;0.000284604970128435
222140675;LD2;0.000123474595989263
222140692;LD2;2.36795574343597e-10
222140716;LD2;8.6852193059433e-05
222147556;LD2;0.000881686379622328
222147610;LD2;5.05136619205936e-06
222147708;LD2;4.51294235055902e-09
222147747;LD2;1.97591426963674e-11
222147756;LD2;1.29508225716834e-05
222170112;LD2;0.000407541551777654
222170121;LD2;1.26974256913134e-05
222170270;LD2;0.000593956832668167
222170293;LD2;0.000289787593403475
222212061;LD2;0.000137459033162681
222216064;LD2;0.000159743224392652
222216166;LD2;6.03291969059864e-06
222320546;LD2;0.000107213517871717
222320547;LD2;5.53241164634202e-05
222320582;LD2;1.36259045542035e-05
222320583;LD2;2.07753452467064e-05
222320586;LD2;3.99447818136774e-06
222320600;LD2;3.37530645845155e-06
222320601;LD2;5.94356108715969e-06
222320664;LD2;2.0662065990951e-07
222320665;LD2;6.04372543065386e-06
222320727;LD2;4.20460853347133e-05
222320728;LD2;9.57322903560335e-06
222320751;LD2;5.73209251003022e-06
222320752;LD2;1.79401065314635e-07
222320781;LD2;1.06988036359937e-05
222355747;LD2;3.53847655078568e-07
222355852;LD2;8.00400728463617e-07
222365430;LD2;1.97719328463359e-06
222365506;LD2;7.27831811157376e-06
222365644;LD2;1.71675020353248e-06
222432603;LD2;1.41088728095503e-05
222432624;LD2;4.07487917988502e-07
222432627;LD2;5.92672825077776e-06
222432690;LD2;9.49899735628445e-07
222432771;LD2;0.000423114639392561
222432775;LD2;3.76370807817154e-05
222432811;LD2;1.66811187356334e-05
222441298;LD2;1.93561105638638e-05
222441315;LD2;0.00015695220316829
222441355;LD2;0.000595624421428209
222441376;LD2;4.88439680895326e-05
222441423;LD2;4.36611805995192e-07
222441449;LD2;0.000519934708366935
222441463;LD2;3.1015560245154e-06
222441484;LD2;3.4162042019928e-06
222449010;LD2;0.000388995338364926
222454216;LD2;4.68822185230881e-05
222454236;LD2;3.46221591929569e-07
222454240;LD2;7.17861557921396e-06
222454246;LD2;3.48116006948045e-05
222454292;LD2;0.000107671172496408
222454321;LD2;1.54204477741274e-08
222454330;LD2;0.00034497530633268
